Timestamp,Symbol,Open,High,Low,Close,Volume
2026-01-06 09:30:00-05:00,TQQQ,53.91999816894531,54.130001068115234,53.900001525878906,54.130001068115234,2220389
2026-01-06 09:31:00-05:00,TQQQ,54.130001068115234,54.130001068115234,53.959999084472656,54.099998474121094,425878
2026-01-06 09:32:00-05:00,TQQQ,54.099998474121094,54.150001525878906,54.0,54.05229949951172,246112
2026-01-06 09:33:00-05:00,TQQQ,54.060001373291016,54.09000015258789,53.98059844970703,54.08000183105469,202082
2026-01-06 09:34:00-05:00,TQQQ,54.08000183105469,54.13999938964844,53.97249984741211,53.9900016784668,157125
2026-01-06 09:35:00-05:00,TQQQ,53.9900016784668,54.04999923706055,53.849998474121094,54.0099983215332,456067
2026-01-06 09:36:00-05:00,TQQQ,54.0099983215332,54.15999984741211,53.9900016784668,54.0525016784668,218326
2026-01-06 09:37:00-05:00,TQQQ,54.06999969482422,54.119998931884766,53.970001220703125,54.005001068115234,184569
2026-01-06 09:38:00-05:00,TQQQ,54.02000045776367,54.03900146484375,53.86000061035156,53.904998779296875,186836
2026-01-06 09:39:00-05:00,TQQQ,53.89400100708008,53.96900177001953,53.869998931884766,53.93000030517578,165829
2026-01-06 09:40:00-05:00,TQQQ,53.93439865112305,54.019901275634766,53.79999923706055,53.84870147705078,244446
2026-01-06 09:41:00-05:00,TQQQ,53.84000015258789,53.84000015258789,53.75,53.790000915527344,128212
2026-01-06 09:46:00-05:00,TQQQ,54.27840042114258,54.30500030517578,54.224998474121094,54.27050018310547,1757064
2026-01-06 09:47:00-05:00,TQQQ,54.279998779296875,54.41999816894531,54.27000045776367,54.37009811401367,344347
2026-01-06 09:48:00-05:00,TQQQ,54.380001068115234,54.38819885253906,54.33869934082031,54.349998474121094,85795
2026-01-06 09:50:00-05:00,TQQQ,54.46049880981445,54.5,54.40439987182617,54.4900016784668,1023918
2026-01-06 09:51:00-05:00,TQQQ,54.489898681640625,54.61000061035156,54.474998474121094,54.53129959106445,367114
2026-01-06 09:52:00-05:00,TQQQ,54.540000915527344,54.54999923706055,54.38999938964844,54.489898681640625,514022
2026-01-06 09:53:00-05:00,TQQQ,54.494998931884766,54.540000915527344,54.46030044555664,54.512001037597656,157798
2026-01-06 09:54:00-05:00,TQQQ,54.51499938964844,54.55400085449219,54.477901458740234,54.5099983215332,194709
2026-01-06 09:55:00-05:00,TQQQ,54.5099983215332,54.549198150634766,54.46200180053711,54.540000915527344,268826
2026-01-06 09:56:00-05:00,TQQQ,54.54990005493164,54.63999938964844,54.5,54.6343994140625,231657
2026-01-06 09:57:00-05:00,TQQQ,54.630001068115234,54.68000030517578,54.59000015258789,54.67499923706055,210236
2026-01-06 09:58:00-05:00,TQQQ,54.67499923706055,54.689998626708984,54.619998931884766,54.65919876098633,187892
2026-01-06 09:59:00-05:00,TQQQ,54.65950012207031,54.66999816894531,54.582698822021484,54.63019943237305,205712
2026-01-06 10:00:00-05:00,TQQQ,54.63999938964844,54.720001220703125,54.6150016784668,54.689998626708984,310993
2026-01-06 10:01:00-05:00,TQQQ,54.69960021972656,54.75809860229492,54.64500045776367,54.660099029541016,399420
2026-01-06 10:02:00-05:00,TQQQ,54.66559982299805,54.704498291015625,54.619998931884766,54.640098571777344,164085
2026-01-06 10:03:00-05:00,TQQQ,54.641998291015625,54.68000030517578,54.6349983215332,54.650001525878906,198527
2026-01-06 10:04:00-05:00,TQQQ,54.64500045776367,54.65999984741211,54.54999923706055,54.60810089111328,216257
2026-01-06 10:05:00-05:00,TQQQ,54.61000061035156,54.689998626708984,54.599998474121094,54.6599006652832,128390
2026-01-06 10:06:00-05:00,TQQQ,54.654998779296875,54.70500183105469,54.63999938964844,54.67150115966797,125981
2026-01-06 10:07:00-05:00,TQQQ,54.68000030517578,54.720001220703125,54.68000030517578,54.70000076293945,143865
2026-01-06 10:08:00-05:00,TQQQ,54.70000076293945,54.71979904174805,54.540000915527344,54.55500030517578,185244
2026-01-06 10:09:00-05:00,TQQQ,54.55009841918945,54.61029815673828,54.52000045776367,54.540000915527344,159334
2026-01-06 10:10:00-05:00,TQQQ,54.540000915527344,54.58000183105469,54.51179885864258,54.55400085449219,93597
2026-01-06 10:11:00-05:00,TQQQ,54.555999755859375,54.555999755859375,54.470001220703125,54.51499938964844,182223
2026-01-06 10:12:00-05:00,TQQQ,54.500099182128906,54.58000183105469,54.500099182128906,54.552101135253906,53988
2026-01-06 10:13:00-05:00,TQQQ,54.560001373291016,54.66999816894531,54.540000915527344,54.654998779296875,221297
2026-01-06 10:14:00-05:00,TQQQ,54.6599006652832,54.68000030517578,54.619998931884766,54.654998779296875,163861
2026-01-06 10:15:00-05:00,TQQQ,54.6349983215332,54.650001525878906,54.59000015258789,54.619998931884766,92171
2026-01-06 10:16:00-05:00,TQQQ,54.61199951171875,54.70000076293945,54.59000015258789,54.68709945678711,106084
2026-01-06 10:17:00-05:00,TQQQ,54.689998626708984,54.720001220703125,54.66999816894531,54.68899917602539,119389
2026-01-06 10:18:00-05:00,TQQQ,54.68000030517578,54.689998626708984,54.63999938964844,54.650001525878906,56648
2026-01-06 10:19:00-05:00,TQQQ,54.63999938964844,54.64870071411133,54.56050109863281,54.64870071411133,117169
2026-01-06 10:20:00-05:00,TQQQ,54.63999938964844,54.66999816894531,54.59000015258789,54.59989929199219,110628
2026-01-06 10:21:00-05:00,TQQQ,54.59040069580078,54.599998474121094,54.5099983215332,54.599998474121094,163733
2026-01-06 10:22:00-05:00,TQQQ,54.599998474121094,54.65999984741211,54.59000015258789,54.61000061035156,116461
2026-01-06 10:23:00-05:00,TQQQ,54.61000061035156,54.70000076293945,54.61000061035156,54.689998626708984,125307
2026-01-06 10:24:00-05:00,TQQQ,54.70000076293945,54.720001220703125,54.670101165771484,54.6973991394043,314468
2026-01-06 10:25:00-05:00,TQQQ,54.70000076293945,54.7599983215332,54.70000076293945,54.759700775146484,177528
2026-01-06 10:26:00-05:00,TQQQ,54.755001068115234,54.790000915527344,54.75,54.76499938964844,140292
2026-01-06 10:27:00-05:00,TQQQ,54.7599983215332,54.77000045776367,54.709999084472656,54.73759841918945,149345
2026-01-06 10:28:00-05:00,TQQQ,54.7400016784668,54.7599983215332,54.690799713134766,54.70000076293945,102319
2026-01-06 10:29:00-05:00,TQQQ,54.70500183105469,54.7598991394043,54.67499923706055,54.7598991394043,127117
2026-01-06 10:30:00-05:00,TQQQ,54.7400016784668,54.7400016784668,54.69929885864258,54.714599609375,133410
2026-01-06 10:31:00-05:00,TQQQ,54.710899353027344,54.758399963378906,54.63999938964844,54.65399932861328,125048
2026-01-06 10:32:00-05:00,TQQQ,54.65010070800781,54.685001373291016,54.625,54.66849899291992,88586
2026-01-06 10:33:00-05:00,TQQQ,54.68000030517578,54.68000030517578,54.6349983215332,54.66809844970703,110780
2026-01-06 10:34:00-05:00,TQQQ,54.65999984741211,54.666500091552734,54.61000061035156,54.630001068115234,69052
2026-01-06 10:35:00-05:00,TQQQ,54.640098571777344,54.68000030517578,54.61090087890625,54.628501892089844,124450
2026-01-06 10:36:00-05:00,TQQQ,54.63029861450195,54.63880157470703,54.529998779296875,54.552398681640625,106199
2026-01-06 10:37:00-05:00,TQQQ,54.55870056152344,54.62990188598633,54.5,54.59189987182617,157991
2026-01-06 10:38:00-05:00,TQQQ,54.60340118408203,54.68000030517578,54.599998474121094,54.64500045776367,87199
2026-01-06 10:39:00-05:00,TQQQ,54.64039993286133,54.65599822998047,54.62990188598633,54.64979934692383,15848
2026-01-06 10:41:00-05:00,TQQQ,54.52000045776367,54.5281982421875,54.494998931884766,54.52000045776367,568771
2026-01-06 10:42:00-05:00,TQQQ,54.525001525878906,54.579898834228516,54.52009963989258,54.579898834228516,50880
2026-01-06 10:43:00-05:00,TQQQ,54.54010009765625,54.560001373291016,54.529998779296875,54.53499984741211,182872
2026-01-06 10:44:00-05:00,TQQQ,54.529998779296875,54.529998779296875,54.505001068115234,54.5099983215332,19874
2026-01-06 10:45:00-05:00,TQQQ,54.41130065917969,54.43000030517578,54.38999938964844,54.41600036621094,373372
2026-01-06 10:46:00-05:00,TQQQ,54.40999984741211,54.415000915527344,54.38999938964844,54.400001525878906,20990
2026-01-06 10:47:00-05:00,TQQQ,54.40999984741211,54.44990158081055,54.40999984741211,54.439998626708984,358880
2026-01-06 10:48:00-05:00,TQQQ,54.43560028076172,54.459999084472656,54.43130111694336,54.45000076293945,19290
2026-01-06 10:49:00-05:00,TQQQ,54.49800109863281,54.499900817871094,54.47990036010742,54.47999954223633,178134
2026-01-06 10:50:00-05:00,TQQQ,54.47999954223633,54.525001525878906,54.47999954223633,54.51839828491211,22954
2026-01-06 10:51:00-05:00,TQQQ,54.494998931884766,54.494998931884766,54.470001220703125,54.47999954223633,199957
2026-01-06 10:52:00-05:00,TQQQ,54.472999572753906,54.474998474121094,54.43000030517578,54.439998626708984,14892
2026-01-06 10:53:00-05:00,TQQQ,54.314998626708984,54.33000183105469,54.279998779296875,54.28499984741211,372251
2026-01-06 10:54:00-05:00,TQQQ,54.279998779296875,54.279998779296875,54.26020050048828,54.267398834228516,24340
2026-01-06 10:55:00-05:00,TQQQ,54.23500061035156,54.25,54.16999816894531,54.185001373291016,387460
2026-01-06 10:56:00-05:00,TQQQ,54.189998626708984,54.2599983215332,54.150001525878906,54.25,250918
2026-01-06 10:57:00-05:00,TQQQ,54.239898681640625,54.25,54.230098724365234,54.25,22267
2026-01-06 10:59:00-05:00,TQQQ,54.262699127197266,54.26850128173828,54.2400016784668,54.2400016784668,320500
2026-01-06 11:00:00-05:00,TQQQ,54.22999954223633,54.22999954223633,54.16400146484375,54.165000915527344,49773
2026-01-06 11:01:00-05:00,TQQQ,54.150001525878906,54.16999816894531,54.13999938964844,54.159000396728516,213032
2026-01-06 11:02:00-05:00,TQQQ,54.16320037841797,54.185001373291016,54.15999984741211,54.15999984741211,21136
2026-01-06 11:03:00-05:00,TQQQ,54.154998779296875,54.1598014831543,54.11000061035156,54.12070083618164,405197
2026-01-06 11:04:00-05:00,TQQQ,54.119998931884766,54.119998931884766,54.099998474121094,54.099998474121094,67312
2026-01-06 11:05:00-05:00,TQQQ,54.0900993347168,54.115501403808594,54.08000183105469,54.09000015258789,324215
2026-01-06 11:06:00-05:00,TQQQ,54.095001220703125,54.1599006652832,54.08000183105469,54.1599006652832,32693
2026-01-06 11:07:00-05:00,TQQQ,53.959999084472656,54.0099983215332,53.959999084472656,53.9900016784668,592755
2026-01-06 11:08:00-05:00,TQQQ,53.998199462890625,54.005001068115234,53.98500061035156,53.999900817871094,31847
2026-01-06 11:09:00-05:00,TQQQ,54.11130142211914,54.15999984741211,54.11000061035156,54.154998779296875,441009
2026-01-06 11:10:00-05:00,TQQQ,54.15999984741211,54.178001403808594,54.155601501464844,54.165000915527344,91765
2026-01-06 11:11:00-05:00,TQQQ,54.15999984741211,54.17940139770508,54.14500045776367,54.1599006652832,543267
2026-01-06 11:12:00-05:00,TQQQ,54.154998779296875,54.18000030517578,54.150001525878906,54.176998138427734,16880
2026-01-06 11:13:00-05:00,TQQQ,54.16999816894531,54.16999816894531,54.13999938964844,54.15010070800781,246107
2026-01-06 11:14:00-05:00,TQQQ,54.13999938964844,54.14500045776367,54.130001068115234,54.14459991455078,8791
2026-01-06 11:15:00-05:00,TQQQ,54.165000915527344,54.189998626708984,54.165000915527344,54.17499923706055,216621
2026-01-06 11:16:00-05:00,TQQQ,54.16999816894531,54.17580032348633,54.15999984741211,54.16999816894531,21983
2026-01-06 11:17:00-05:00,TQQQ,54.10070037841797,54.12699890136719,54.099998474121094,54.125,244542
2026-01-06 11:18:00-05:00,TQQQ,54.125,54.130001068115234,54.119998931884766,54.125,49316
2026-01-06 11:21:00-05:00,TQQQ,54.17660140991211,54.220001220703125,54.17499923706055,54.220001220703125,387414
2026-01-06 11:22:00-05:00,TQQQ,54.21500015258789,54.21870040893555,54.2046012878418,54.215999603271484,3749
2026-01-06 11:23:00-05:00,TQQQ,54.27000045776367,54.310001373291016,54.26499938964844,54.29560089111328,295208
2026-01-06 11:24:00-05:00,TQQQ,54.29840087890625,54.36000061035156,54.29840087890625,54.35929870605469,44559
2026-01-06 11:25:00-05:00,TQQQ,54.180999755859375,54.21799850463867,54.180999755859375,54.18330001831055,215701
2026-01-06 11:26:00-05:00,TQQQ,54.18119812011719,54.20000076293945,54.18000030517578,54.20000076293945,12725
2026-01-06 11:29:00-05:00,TQQQ,54.16999816894531,54.20000076293945,54.167301177978516,54.18000030517578,368266
2026-01-06 11:30:00-05:00,TQQQ,54.17250061035156,54.18000030517578,54.150001525878906,54.18000030517578,13695
2026-01-06 11:31:00-05:00,TQQQ,54.25,54.267398834228516,54.22999954223633,54.24919891357422,266044
2026-01-06 11:32:00-05:00,TQQQ,54.244998931884766,54.26599884033203,54.244998931884766,54.25,46517
2026-01-06 11:33:00-05:00,TQQQ,54.27000045776367,54.279998779296875,54.255001068115234,54.26919937133789,187885
2026-01-06 11:34:00-05:00,TQQQ,54.26029968261719,54.26449966430664,54.25,54.2599983215332,10936
2026-01-06 11:35:00-05:00,TQQQ,54.26459884643555,54.26900100708008,54.2400016784668,54.26210021972656,192202
2026-01-06 11:36:00-05:00,TQQQ,54.263999938964844,54.26499938964844,54.25,54.25270080566406,10493
2026-01-06 11:37:00-05:00,TQQQ,54.150001525878906,54.20000076293945,54.150001525878906,54.190101623535156,190687
2026-01-06 11:38:00-05:00,TQQQ,54.20000076293945,54.23500061035156,54.18000030517578,54.21989822387695,92353
2026-01-06 11:39:00-05:00,TQQQ,54.220001220703125,54.29560089111328,54.220001220703125,54.28030014038086,96079
2026-01-06 11:40:00-05:00,TQQQ,54.2843017578125,54.290000915527344,54.279998779296875,54.279998779296875,3599
2026-01-06 11:50:00-05:00,TQQQ,54.279998779296875,54.290000915527344,54.27090072631836,54.28499984741211,1072536
2026-01-06 11:51:00-05:00,TQQQ,54.28369903564453,54.29999923706055,54.25,54.28990173339844,114809
2026-01-06 11:52:00-05:00,TQQQ,54.27989959716797,54.290000915527344,54.27330017089844,54.28499984741211,11328
2026-01-06 11:54:00-05:00,TQQQ,54.305599212646484,54.305599212646484,54.255001068115234,54.25899887084961,332723
2026-01-06 11:55:00-05:00,TQQQ,54.25,54.25,54.189998626708984,54.20000076293945,44105
2026-01-06 11:56:00-05:00,TQQQ,54.148101806640625,54.15999984741211,54.137298583984375,54.15169906616211,162747
2026-01-06 11:57:00-05:00,TQQQ,54.15829849243164,54.22999954223633,54.14459991455078,54.20989990234375,89427
2026-01-06 11:58:00-05:00,TQQQ,54.209999084472656,54.2156982421875,54.204498291015625,54.204498291015625,3028
2026-01-06 12:00:00-05:00,TQQQ,54.2239990234375,54.2239990234375,54.20000076293945,54.220001220703125,274812
2026-01-06 12:01:00-05:00,TQQQ,54.21649932861328,54.22999954223633,54.21070098876953,54.22600173950195,11136
2026-01-06 12:02:00-05:00,TQQQ,54.18000030517578,54.18000030517578,54.150001525878906,54.168701171875,131918
2026-01-06 12:03:00-05:00,TQQQ,54.16999816894531,54.209999084472656,54.169898986816406,54.185001373291016,56373
2026-01-06 12:04:00-05:00,TQQQ,54.17499923706055,54.236698150634766,54.169898986816406,54.227298736572266,15134411
2026-01-06 12:05:00-05:00,TQQQ,54.224998474121094,54.299198150634766,54.21500015258789,54.299198150634766,0
2026-01-06 12:06:00-05:00,TQQQ,54.29949951171875,54.38999938964844,54.290000915527344,54.35499954223633,147266
2026-01-06 12:07:00-05:00,TQQQ,54.369300842285156,54.38999938964844,54.36000061035156,54.380001068115234,64941
2026-01-06 12:09:00-05:00,TQQQ,54.36000061035156,54.369998931884766,54.35449981689453,54.36989974975586,209457
2026-01-06 12:10:00-05:00,TQQQ,54.378299713134766,54.378299713134766,54.349998474121094,54.349998474121094,10190
2026-01-06 12:11:00-05:00,TQQQ,54.36199951171875,54.377899169921875,54.36000061035156,54.369998931884766,100378
2026-01-06 12:12:00-05:00,TQQQ,54.36029815673828,54.40999984741211,54.36029815673828,54.4093017578125,169366
2026-01-06 12:13:00-05:00,TQQQ,54.405601501464844,54.41999816894531,54.400299072265625,54.410099029541016,7473
2026-01-06 12:17:00-05:00,TQQQ,54.415000915527344,54.41999816894531,54.39950180053711,54.39950180053711,264067
2026-01-06 12:18:00-05:00,TQQQ,54.400001525878906,54.41299819946289,54.38999938964844,54.38999938964844,40364
2026-01-06 12:19:00-05:00,TQQQ,54.38999938964844,54.397300720214844,54.38010025024414,54.38010025024414,18185
2026-01-06 12:21:00-05:00,TQQQ,54.48460006713867,54.5,54.470001220703125,54.48860168457031,242174
2026-01-06 12:22:00-05:00,TQQQ,54.48870086669922,54.517398834228516,54.480098724365234,54.517398834228516,48308
2026-01-06 12:23:00-05:00,TQQQ,54.52989959716797,54.54990005493164,54.52000045776367,54.540000915527344,138434
2026-01-06 12:24:00-05:00,TQQQ,54.54999923706055,54.58000183105469,54.525001525878906,54.525001525878906,141564
2026-01-06 12:25:00-05:00,TQQQ,54.52909851074219,54.53499984741211,54.52000045776367,54.525001525878906,89614
2026-01-06 12:27:00-05:00,TQQQ,54.558799743652344,54.56999969482422,54.55189895629883,54.561798095703125,155099
2026-01-06 12:28:00-05:00,TQQQ,54.56999969482422,54.579898834228516,54.54140090942383,54.54140090942383,55856
2026-01-06 12:29:00-05:00,TQQQ,54.540000915527344,54.551998138427734,54.5099983215332,54.52040100097656,97937
2026-01-06 12:30:00-05:00,TQQQ,54.529998779296875,54.56999969482422,54.52859878540039,54.56999969482422,58014
2026-01-06 12:31:00-05:00,TQQQ,54.56990051269531,54.61000061035156,54.55009841918945,54.584999084472656,109855
2026-01-06 12:32:00-05:00,TQQQ,54.589900970458984,54.60070037841797,54.584999084472656,54.60070037841797,6238
2026-01-06 12:34:00-05:00,TQQQ,54.67890167236328,54.68560028076172,54.66999816894531,54.68560028076172,321921
2026-01-06 12:35:00-05:00,TQQQ,54.68000030517578,54.70500183105469,54.665000915527344,54.68339920043945,97897
2026-01-06 12:36:00-05:00,TQQQ,54.685001373291016,54.70000076293945,54.685001373291016,54.690101623535156,35797
2026-01-06 12:38:00-05:00,TQQQ,54.810001373291016,54.81999969482422,54.79999923706055,54.814998626708984,307828
2026-01-06 12:39:00-05:00,TQQQ,54.81999969482422,54.839298248291016,54.75,54.75669860839844,131916
2026-01-06 12:40:00-05:00,TQQQ,54.7599983215332,54.77009963989258,54.75,54.755001068115234,25545
2026-01-06 12:42:00-05:00,TQQQ,54.73500061035156,54.7400016784668,54.72999954223633,54.7400016784668,257952
2026-01-06 12:43:00-05:00,TQQQ,54.731300354003906,54.75,54.68000030517578,54.70500183105469,116195
2026-01-06 12:44:00-05:00,TQQQ,54.69499969482422,54.701499938964844,54.69219970703125,54.700801849365234,2430
2026-01-06 12:46:00-05:00,TQQQ,54.7400016784668,54.7400016784668,54.720001220703125,54.734500885009766,231619
2026-01-06 12:47:00-05:00,TQQQ,54.7400016784668,54.7400016784668,54.689998626708984,54.69179916381836,65728
2026-01-06 12:48:00-05:00,TQQQ,54.69499969482422,54.69499969482422,54.68000030517578,54.689998626708984,14837
2026-01-06 12:50:00-05:00,TQQQ,54.6349983215332,54.650001525878906,54.630001068115234,54.650001525878906,201300
2026-01-06 12:51:00-05:00,TQQQ,54.64500045776367,54.65999984741211,54.62070083618164,54.62070083618164,50342
2026-01-06 12:52:00-05:00,TQQQ,54.6349983215332,54.68989944458008,54.630001068115234,54.67499923706055,53544
2026-01-06 12:53:00-05:00,TQQQ,54.67259979248047,54.689998626708984,54.67259979248047,54.68870162963867,3326
2026-01-06 12:55:00-05:00,TQQQ,54.66999816894531,54.68619918823242,54.66999816894531,54.67399978637695,117775
2026-01-06 12:56:00-05:00,TQQQ,54.67499923706055,54.68000030517578,54.67499923706055,54.68000030517578,5912
2026-01-06 12:59:00-05:00,TQQQ,54.68000030517578,54.68560028076172,54.670101165771484,54.67499923706055,185258
2026-01-06 13:00:00-05:00,TQQQ,54.68000030517578,54.68000030517578,54.663299560546875,54.663299560546875,5379
2026-01-06 13:01:00-05:00,TQQQ,54.69499969482422,54.70000076293945,54.66999816894531,54.67499923706055,17026067
2026-01-06 13:02:00-05:00,TQQQ,54.67499923706055,54.68000030517578,54.650001525878906,54.660099029541016,0
2026-01-06 13:03:00-05:00,TQQQ,54.670101165771484,54.679901123046875,54.670101165771484,54.679901123046875,17062254
2026-01-06 13:05:00-05:00,TQQQ,54.6150016784668,54.619998931884766,54.61000061035156,54.61000061035156,0
2026-01-06 13:06:00-05:00,TQQQ,54.599998474121094,54.630001068115234,54.599998474121094,54.60499954223633,117127
2026-01-06 13:07:00-05:00,TQQQ,54.60499954223633,54.61000061035156,54.599998474121094,54.60499954223633,7495
2026-01-06 13:09:00-05:00,TQQQ,54.65999984741211,54.65999984741211,54.640098571777344,54.645198822021484,95383
2026-01-06 13:10:00-05:00,TQQQ,54.650001525878906,54.65999984741211,54.650001525878906,54.65599822998047,6166
2026-01-06 13:13:00-05:00,TQQQ,54.68000030517578,54.68000030517578,54.66999816894531,54.67499923706055,114410
2026-01-06 13:14:00-05:00,TQQQ,54.68000030517578,54.70000076293945,54.67499923706055,54.69990158081055,52521
2026-01-06 13:15:00-05:00,TQQQ,54.70000076293945,54.709999084472656,54.69499969482422,54.70750045776367,32395
2026-01-06 13:17:00-05:00,TQQQ,54.77000045776367,54.77980041503906,54.75,54.77980041503906,229698
2026-01-06 13:18:00-05:00,TQQQ,54.77989959716797,54.79999923706055,54.77000045776367,54.790000915527344,109816
2026-01-06 13:19:00-05:00,TQQQ,54.79100036621094,54.79800033569336,54.79100036621094,54.79499816894531,2051
2026-01-06 13:21:00-05:00,TQQQ,54.762699127197266,54.77000045776367,54.7599983215332,54.76499938964844,152900
2026-01-06 13:22:00-05:00,TQQQ,54.76499938964844,54.779998779296875,54.76449966430664,54.77000045776367,31081
2026-01-06 13:25:00-05:00,TQQQ,54.75,54.75,54.72629928588867,54.72629928588867,102442
2026-01-06 13:26:00-05:00,TQQQ,54.72990036010742,54.73540115356445,54.70000076293945,54.709999084472656,55162
2026-01-06 13:27:00-05:00,TQQQ,54.709999084472656,54.709999084472656,54.670101165771484,54.67070007324219,47831
2026-01-06 13:28:00-05:00,TQQQ,54.66999816894531,54.67839813232422,54.66120147705078,54.67839813232422,7457
2026-01-06 13:30:00-05:00,TQQQ,54.70000076293945,54.70000076293945,54.68000030517578,54.68349838256836,161828
2026-01-06 13:31:00-05:00,TQQQ,54.685001373291016,54.685001373291016,54.685001373291016,54.685001373291016,307
2026-01-06 13:32:00-05:00,TQQQ,54.68320083618164,54.72930145263672,54.68320083618164,54.727699279785156,54685
2026-01-06 13:33:00-05:00,TQQQ,54.72999954223633,54.72999954223633,54.720001220703125,54.724998474121094,8171
2026-01-06 13:42:00-05:00,TQQQ,54.73500061035156,54.744998931884766,54.72999954223633,54.7400016784668,376103
2026-01-06 13:43:00-05:00,TQQQ,54.73500061035156,54.79999923706055,54.73500061035156,54.79990005493164,100135
2026-01-06 13:44:00-05:00,TQQQ,54.79999923706055,54.81999969482422,54.79999923706055,54.81159973144531,40321
2026-01-06 13:46:00-05:00,TQQQ,54.89780044555664,54.90999984741211,54.89500045776367,54.904998779296875,296627
2026-01-06 13:47:00-05:00,TQQQ,54.900001525878906,54.904998779296875,54.89500045776367,54.900699615478516,5051
2026-01-06 13:48:00-05:00,TQQQ,54.92499923706055,54.939998626708984,54.92129898071289,54.93000030517578,174160
2026-01-06 13:49:00-05:00,TQQQ,54.930301666259766,54.959999084472656,54.93000030517578,54.935001373291016,51581
2026-01-06 13:50:00-05:00,TQQQ,54.935001373291016,54.939998626708984,54.900001525878906,54.91999816894531,68764
2026-01-06 13:51:00-05:00,TQQQ,54.92499923706055,54.94499969482422,54.91999816894531,54.93000030517578,42023
2026-01-06 13:52:00-05:00,TQQQ,54.932098388671875,54.939998626708984,54.90999984741211,54.91600036621094,14568
2026-01-06 13:53:00-05:00,TQQQ,54.91999816894531,54.92539978027344,54.91999816894531,54.91999816894531,5058
2026-01-06 13:55:00-05:00,TQQQ,54.904998779296875,54.90999984741211,54.89500045776367,54.900001525878906,174841
2026-01-06 13:56:00-05:00,TQQQ,54.90330123901367,54.92499923706055,54.88999938964844,54.890098571777344,39119
2026-01-06 13:57:00-05:00,TQQQ,54.89619827270508,54.900001525878906,54.89500045776367,54.900001525878906,7388
2026-01-06 13:59:00-05:00,TQQQ,54.94929885864258,54.95500183105469,54.939998626708984,54.95500183105469,119331
2026-01-06 14:00:00-05:00,TQQQ,54.95500183105469,54.9900016784668,54.939998626708984,54.96879959106445,152046
2026-01-06 14:01:00-05:00,TQQQ,54.96989822387695,54.970001220703125,54.96139907836914,54.967498779296875,13869
2026-01-06 14:03:00-05:00,TQQQ,54.90999984741211,54.91999816894531,54.900001525878906,54.91999816894531,152357
2026-01-06 14:04:00-05:00,TQQQ,54.915000915527344,54.93000030517578,54.90999984741211,54.91999816894531,44035
2026-01-06 14:05:00-05:00,TQQQ,54.91999816894531,54.939998626708984,54.91999816894531,54.939998626708984,2039
2026-01-06 14:07:00-05:00,TQQQ,54.92399978637695,54.935001373291016,54.91999816894531,54.93119812011719,143289
2026-01-06 14:08:00-05:00,TQQQ,54.93000030517578,54.93000030517578,54.8911018371582,54.900001525878906,40632
2026-01-06 14:09:00-05:00,TQQQ,54.907798767089844,54.907798767089844,54.90010070800781,54.904998779296875,1389
2026-01-06 14:11:00-05:00,TQQQ,54.904998779296875,54.91999816894531,54.890098571777344,54.90999984741211,128603
2026-01-06 14:12:00-05:00,TQQQ,54.90999984741211,54.939998626708984,54.90999984741211,54.939998626708984,27599
2026-01-06 14:13:00-05:00,TQQQ,54.94990158081055,54.95500183105469,54.94990158081055,54.95000076293945,12987
2026-01-06 14:15:00-05:00,TQQQ,54.95500183105469,54.959999084472656,54.94929885864258,54.95069885253906,108242
2026-01-06 14:16:00-05:00,TQQQ,54.95000076293945,54.970001220703125,54.94499969482422,54.970001220703125,32863
2026-01-06 14:17:00-05:00,TQQQ,54.96369934082031,54.96369934082031,54.95000076293945,54.95000076293945,2144
2026-01-06 14:19:00-05:00,TQQQ,54.95500183105469,54.97990036010742,54.95500183105469,54.974998474121094,46412
2026-01-06 14:20:00-05:00,TQQQ,54.97919845581055,54.97999954223633,54.962799072265625,54.970001220703125,22729
2026-01-06 14:21:00-05:00,TQQQ,54.97990036010742,54.97999954223633,54.9724006652832,54.9724006652832,1055
2026-01-06 14:23:00-05:00,TQQQ,54.987300872802734,55.0,54.97999954223633,54.999900817871094,378252
2026-01-06 14:24:00-05:00,TQQQ,54.9900016784668,55.0,54.970001220703125,54.99300003051758,46307
2026-01-06 14:25:00-05:00,TQQQ,54.994998931884766,54.999900817871094,54.970001220703125,54.97119903564453,19285
2026-01-06 14:26:00-05:00,TQQQ,54.97999954223633,54.98979949951172,54.97999954223633,54.98979949951172,62194
2026-01-06 14:27:00-05:00,TQQQ,54.9900016784668,54.9900016784668,54.96500015258789,54.989898681640625,69268
2026-01-06 14:28:00-05:00,TQQQ,54.98400115966797,54.9900016784668,54.970001220703125,54.98500061035156,32689
2026-01-06 14:29:00-05:00,TQQQ,54.98500061035156,54.98500061035156,54.98440170288086,54.98500061035156,2856
2026-01-06 14:31:00-05:00,TQQQ,55.00740051269531,55.00740051269531,54.990299224853516,54.99420166015625,116529
2026-01-06 14:32:00-05:00,TQQQ,54.994998931884766,55.029998779296875,54.9900016784668,55.025001525878906,37096
2026-01-06 14:33:00-05:00,TQQQ,55.029998779296875,55.029998779296875,55.016700744628906,55.025001525878906,14415
2026-01-06 14:35:00-05:00,TQQQ,55.029998779296875,55.029998779296875,55.010101318359375,55.02000045776367,158123
2026-01-06 14:36:00-05:00,TQQQ,55.02170181274414,55.029998779296875,55.0,55.013999938964844,69513
2026-01-06 14:37:00-05:00,TQQQ,55.0099983215332,55.01559829711914,55.0099983215332,55.01559829711914,1646
2026-01-06 14:39:00-05:00,TQQQ,55.0,55.008399963378906,54.9901008605957,54.994998931884766,70026
2026-01-06 14:40:00-05:00,TQQQ,54.996700286865234,55.029998779296875,54.9900016784668,55.02399826049805,60252
2026-01-06 14:41:00-05:00,TQQQ,55.02000045776367,55.02000045776367,55.015499114990234,55.0192985534668,3572
2026-01-06 14:43:00-05:00,TQQQ,55.040199279785156,55.060001373291016,55.04010009765625,55.04999923706055,129542
2026-01-06 14:44:00-05:00,TQQQ,55.04499816894531,55.04499816894531,55.02000045776367,55.02259826660156,24141
2026-01-06 14:45:00-05:00,TQQQ,55.025001525878906,55.029998779296875,55.02000045776367,55.029998779296875,8550
2026-01-06 14:47:00-05:00,TQQQ,55.025001525878906,55.03379821777344,55.02000045776367,55.03379821777344,39480
2026-01-06 14:48:00-05:00,TQQQ,55.03990173339844,55.03990173339844,55.01499938964844,55.01499938964844,11410
2026-01-06 14:49:00-05:00,TQQQ,55.02000045776367,55.02000045776367,55.01499938964844,55.018001556396484,987
2026-01-06 14:51:00-05:00,TQQQ,55.01499938964844,55.02000045776367,55.0099983215332,55.01499938964844,53414
2026-01-06 14:52:00-05:00,TQQQ,55.0099983215332,55.029998779296875,55.0099983215332,55.02000045776367,38767
2026-01-06 14:53:00-05:00,TQQQ,55.02000045776367,55.02000045776367,55.02000045776367,55.02000045776367,895
2026-01-06 14:55:00-05:00,TQQQ,55.0,55.0,54.970001220703125,54.974998474121094,107164
2026-01-06 14:56:00-05:00,TQQQ,54.97010040283203,54.986000061035156,54.959999084472656,54.98500061035156,40438
2026-01-06 14:57:00-05:00,TQQQ,54.98310089111328,54.989898681640625,54.97990036010742,54.97990036010742,5096
2026-01-06 14:59:00-05:00,TQQQ,54.97010040283203,54.976200103759766,54.959999084472656,54.974998474121094,76192
2026-01-06 15:00:00-05:00,TQQQ,54.97999954223633,55.0099983215332,54.95000076293945,55.009300231933594,54747
2026-01-06 15:01:00-05:00,TQQQ,55.0099983215332,55.0166015625,55.0098991394043,55.01499938964844,3825
2026-01-06 15:03:00-05:00,TQQQ,55.01129913330078,55.01969909667969,54.994598388671875,54.994598388671875,67126
2026-01-06 15:04:00-05:00,TQQQ,54.9900016784668,54.99700164794922,54.970001220703125,54.97999954223633,91475
2026-01-06 15:05:00-05:00,TQQQ,54.97999954223633,54.98500061035156,54.97999954223633,54.98500061035156,5108
2026-01-06 15:07:00-05:00,TQQQ,54.94499969482422,54.95000076293945,54.939998626708984,54.95000076293945,144617
2026-01-06 15:08:00-05:00,TQQQ,54.95500183105469,54.970001220703125,54.94499969482422,54.970001220703125,18412
2026-01-06 15:09:00-05:00,TQQQ,54.96500015258789,54.96760177612305,54.96500015258789,54.96500015258789,847
2026-01-06 15:11:00-05:00,TQQQ,54.993499755859375,55.005001068115234,54.9900016784668,55.0,191843
2026-01-06 15:12:00-05:00,TQQQ,55.005001068115234,55.00600051879883,54.9900016784668,55.0,64924
2026-01-06 15:13:00-05:00,TQQQ,55.00400161743164,55.0098991394043,55.0,55.00019836425781,1737
2026-01-06 15:15:00-05:00,TQQQ,55.0099983215332,55.02000045776367,55.0099983215332,55.01499938964844,96842
2026-01-06 15:16:00-05:00,TQQQ,55.02000045776367,55.06999969482422,55.010101318359375,55.02320098876953,150618
2026-01-06 15:17:00-05:00,TQQQ,55.02000045776367,55.040000915527344,55.0099983215332,55.025001525878906,20697276
2026-01-06 15:18:00-05:00,TQQQ,55.029998779296875,55.029998779296875,55.02000045776367,55.02000045776367,0
2026-01-06 15:20:00-05:00,TQQQ,55.029998779296875,55.03010177612305,55.02000045776367,55.02000045776367,132272
2026-01-06 15:21:00-05:00,TQQQ,55.025001525878906,55.029998779296875,55.0099983215332,55.029998779296875,11687
2026-01-06 15:22:00-05:00,TQQQ,55.025001525878906,55.025001525878906,55.0,55.005001068115234,76844
2026-01-06 15:23:00-05:00,TQQQ,55.00899887084961,55.0099983215332,54.994998931884766,55.00389862060547,69517
2026-01-06 15:26:00-05:00,TQQQ,55.025001525878906,55.0265007019043,55.0099983215332,55.0099983215332,147023
2026-01-06 15:27:00-05:00,TQQQ,55.011600494384766,55.016300201416016,55.0,55.01499938964844,14531
2026-01-06 15:28:00-05:00,TQQQ,55.01499938964844,55.02000045776367,55.0099983215332,55.01499938964844,67645
2026-01-06 15:29:00-05:00,TQQQ,55.010101318359375,55.025001525878906,54.9900016784668,54.996700286865234,41698
2026-01-06 15:30:00-05:00,TQQQ,54.9900016784668,55.02000045776367,54.970001220703125,55.003299713134766,85250
2026-01-06 15:31:00-05:00,TQQQ,55.0099983215332,55.01570129394531,54.99980163574219,55.00979995727539,41596
2026-01-06 15:32:00-05:00,TQQQ,55.0,55.01499938964844,55.0,55.005001068115234,4571
2026-01-06 15:34:00-05:00,TQQQ,55.01499938964844,55.02000045776367,55.0099983215332,55.012001037597656,206191
2026-01-06 15:35:00-05:00,TQQQ,55.01499938964844,55.029998779296875,55.0,55.025001525878906,93931
2026-01-06 15:36:00-05:00,TQQQ,55.029998779296875,55.038299560546875,55.025001525878906,55.038299560546875,2696
2026-01-06 15:40:00-05:00,TQQQ,55.11000061035156,55.11000061035156,55.08000183105469,55.082698822021484,373740
2026-01-06 15:41:00-05:00,TQQQ,55.084999084472656,55.11000061035156,55.084999084472656,55.10879898071289,16003
2026-01-06 15:42:00-05:00,TQQQ,55.139400482177734,55.139400482177734,55.119998931884766,55.125,91451
2026-01-06 15:43:00-05:00,TQQQ,55.12969970703125,55.12969970703125,55.09550094604492,55.11309814453125,31974
2026-01-06 15:44:00-05:00,TQQQ,55.1150016784668,55.119998931884766,55.11009979248047,55.1150016784668,11538
2026-01-06 15:46:00-05:00,TQQQ,55.10499954223633,55.109798431396484,55.099998474121094,55.10499954223633,224931
2026-01-06 15:47:00-05:00,TQQQ,55.10499954223633,55.1349983215332,55.10150146484375,55.1349983215332,74319
2026-01-06 15:48:00-05:00,TQQQ,55.13990020751953,55.13990020751953,55.125,55.130001068115234,11858
2026-01-06 15:50:00-05:00,TQQQ,55.099998474121094,55.109100341796875,55.08290100097656,55.08290100097656,330194
2026-01-06 15:51:00-05:00,TQQQ,55.08169937133789,55.099998474121094,55.064998626708984,55.097999572753906,122878
2026-01-06 15:52:00-05:00,TQQQ,55.099998474121094,55.099998474121094,55.09000015258789,55.0900993347168,14532
2026-01-06 15:54:00-05:00,TQQQ,55.084999084472656,55.13999938964844,55.083099365234375,55.11000061035156,414896
2026-01-06 15:55:00-05:00,TQQQ,55.119998931884766,55.150001525878906,55.09000015258789,55.10499954223633,318723
2026-01-06 15:56:00-05:00,TQQQ,55.10499954223633,55.11000061035156,55.099998474121094,55.10499954223633,24741
2026-01-07 09:30:00-05:00,TQQQ,54.89699935913086,55.0099983215332,54.79999923706055,54.80500030517578,2066909
2026-01-07 09:31:00-05:00,TQQQ,54.810001373291016,54.8849983215332,54.77090072631836,54.81999969482422,162232
2026-01-07 09:32:00-05:00,TQQQ,54.81999969482422,54.93000030517578,54.810001373291016,54.91999816894531,215350
2026-01-07 09:33:00-05:00,TQQQ,54.92499923706055,55.060001373291016,54.92499923706055,54.95500183105469,411138
2026-01-07 09:34:00-05:00,TQQQ,54.95000076293945,55.099998474121094,54.95000076293945,55.099998474121094,312078
2026-01-07 09:35:00-05:00,TQQQ,55.095001220703125,55.15999984741211,55.08000183105469,55.1150016784668,469937
2026-01-07 09:36:00-05:00,TQQQ,55.119300842285156,55.15999984741211,54.935001373291016,55.009700775146484,464796
2026-01-07 09:37:00-05:00,TQQQ,55.0099983215332,55.04999923706055,54.96110153198242,54.9901008605957,233566
2026-01-07 09:38:00-05:00,TQQQ,54.994998931884766,55.119998931884766,54.97999954223633,55.084999084472656,248341
2026-01-07 09:39:00-05:00,TQQQ,55.08000183105469,55.18000030517578,55.06010055541992,55.17559814453125,307330
2026-01-07 09:40:00-05:00,TQQQ,55.17499923706055,55.189998626708984,55.09000015258789,55.130001068115234,251221
2026-01-07 09:41:00-05:00,TQQQ,55.12179946899414,55.36000061035156,55.119998931884766,55.345001220703125,554163
2026-01-07 09:42:00-05:00,TQQQ,55.340599060058594,55.345001220703125,55.21009826660156,55.23789978027344,230870
2026-01-07 09:43:00-05:00,TQQQ,55.22999954223633,55.320098876953125,55.192298889160156,55.21500015258789,256450
2026-01-07 09:44:00-05:00,TQQQ,55.209999084472656,55.310001373291016,55.209999084472656,55.29999923706055,159192
2026-01-07 09:45:00-05:00,TQQQ,55.29999923706055,55.314998626708984,55.209999084472656,55.23680114746094,214493
2026-01-07 09:46:00-05:00,TQQQ,55.2400016784668,55.38999938964844,55.22999954223633,55.38999938964844,286152
2026-01-07 09:47:00-05:00,TQQQ,55.38999938964844,55.400001525878906,55.34000015258789,55.349998474121094,240880
2026-01-07 09:48:00-05:00,TQQQ,55.349998474121094,55.407501220703125,55.290000915527344,55.395301818847656,198386
2026-01-07 09:49:00-05:00,TQQQ,55.40660095214844,55.40999984741211,55.279998779296875,55.310001373291016,173137
2026-01-07 09:50:00-05:00,TQQQ,55.314998626708984,55.379398345947266,55.279998779296875,55.29999923706055,216518
2026-01-07 09:51:00-05:00,TQQQ,55.312198638916016,55.314998626708984,55.24209976196289,55.255001068115234,156329
2026-01-07 09:52:00-05:00,TQQQ,55.25,55.349998474121094,55.22999954223633,55.330101013183594,190234
2026-01-07 09:53:00-05:00,TQQQ,55.33000183105469,55.40999984741211,55.310001373291016,55.390098571777344,164813
2026-01-07 09:54:00-05:00,TQQQ,55.39500045776367,55.400001525878906,55.27949905395508,55.279998779296875,143122
2026-01-07 09:55:00-05:00,TQQQ,55.290000915527344,55.40999984741211,55.279998779296875,55.40190124511719,182228
2026-01-07 09:56:00-05:00,TQQQ,55.4099006652832,55.45000076293945,55.36249923706055,55.39820098876953,229806
2026-01-07 09:57:00-05:00,TQQQ,55.39500045776367,55.400001525878906,55.290000915527344,55.32809829711914,122434
2026-01-07 09:58:00-05:00,TQQQ,55.32500076293945,55.380001068115234,55.29999923706055,55.305999755859375,109455
2026-01-07 09:59:00-05:00,TQQQ,55.314998626708984,55.349998474121094,55.279998779296875,55.29990005493164,120348
2026-01-07 10:00:00-05:00,TQQQ,55.29999923706055,55.34000015258789,55.10049819946289,55.13999938964844,443964
2026-01-07 10:01:00-05:00,TQQQ,55.13999938964844,55.189998626708984,55.029998779296875,55.03499984741211,260563
2026-01-07 10:02:00-05:00,TQQQ,55.0359992980957,55.13570022583008,55.029998779296875,55.13010025024414,247111
2026-01-07 10:03:00-05:00,TQQQ,55.125,55.130001068115234,55.04999923706055,55.119998931884766,203841
2026-01-07 10:04:00-05:00,TQQQ,55.130001068115234,55.23970031738281,55.06999969482422,55.21500015258789,189773
2026-01-07 10:05:00-05:00,TQQQ,55.220001220703125,55.25809860229492,55.15999984741211,55.22999954223633,156119
2026-01-07 10:06:00-05:00,TQQQ,55.2400016784668,55.36880111694336,55.223201751708984,55.35940170288086,214185
2026-01-07 10:07:00-05:00,TQQQ,55.36000061035156,55.36830139160156,55.29999923706055,55.32160186767578,225722
2026-01-07 10:08:00-05:00,TQQQ,55.33000183105469,55.341800689697266,55.2599983215332,55.27009963989258,103694
2026-01-07 10:09:00-05:00,TQQQ,55.285400390625,55.33000183105469,55.275001525878906,55.317501068115234,94028
2026-01-07 10:10:00-05:00,TQQQ,55.310001373291016,55.369998931884766,55.285400390625,55.35070037841797,193280
2026-01-07 10:11:00-05:00,TQQQ,55.349998474121094,55.359901428222656,55.29999923706055,55.34000015258789,112051
2026-01-07 10:12:00-05:00,TQQQ,55.349998474121094,55.38999938964844,55.31209945678711,55.3849983215332,111849
2026-01-07 10:13:00-05:00,TQQQ,55.3849983215332,55.38999938964844,55.29240036010742,55.29999923706055,100066
2026-01-07 10:14:00-05:00,TQQQ,55.307498931884766,55.34700012207031,55.279998779296875,55.32899856567383,129333
2026-01-07 10:15:00-05:00,TQQQ,55.31999969482422,55.328800201416016,55.17499923706055,55.18000030517578,207311
2026-01-07 10:16:00-05:00,TQQQ,55.18000030517578,55.22999954223633,55.15999984741211,55.21009826660156,96613
2026-01-07 10:17:00-05:00,TQQQ,55.209999084472656,55.209999084472656,55.09000015258789,55.095001220703125,216474
2026-01-07 10:18:00-05:00,TQQQ,55.099998474121094,55.20000076293945,55.09000015258789,55.17959976196289,120750
2026-01-07 10:19:00-05:00,TQQQ,55.175498962402344,55.22990036010742,55.16400146484375,55.189998626708984,102495
2026-01-07 10:20:00-05:00,TQQQ,55.18000030517578,55.209999084472656,55.12110137939453,55.19990158081055,108709
2026-01-07 10:21:00-05:00,TQQQ,55.20000076293945,55.29010009765625,55.189998626708984,55.28499984741211,124073
2026-01-07 10:22:00-05:00,TQQQ,55.28499984741211,55.309600830078125,55.22010040283203,55.2598991394043,105855
2026-01-07 10:23:00-05:00,TQQQ,55.2598991394043,55.28889846801758,55.22999954223633,55.2599983215332,65906
2026-01-07 10:24:00-05:00,TQQQ,55.26499938964844,55.33000183105469,55.22999954223633,55.309898376464844,69649
2026-01-07 10:25:00-05:00,TQQQ,55.33000183105469,55.349998474121094,55.240299224853516,55.244998931884766,62376
2026-01-07 10:26:00-05:00,TQQQ,55.2400016784668,55.255001068115234,55.189998626708984,55.2400016784668,61495
2026-01-07 10:27:00-05:00,TQQQ,55.25,55.31919860839844,55.24440002441406,55.303199768066406,67345
2026-01-07 10:28:00-05:00,TQQQ,55.309898376464844,55.41999816894531,55.30160140991211,55.407501220703125,142718
2026-01-07 10:29:00-05:00,TQQQ,55.40119934082031,55.42499923706055,55.36000061035156,55.369998931884766,115219
2026-01-07 10:30:00-05:00,TQQQ,55.369998931884766,55.400001525878906,55.345001220703125,55.35499954223633,88614
2026-01-07 10:31:00-05:00,TQQQ,55.36989974975586,55.380001068115234,55.310001373291016,55.3390998840332,91427
2026-01-07 10:32:00-05:00,TQQQ,55.33879852294922,55.47999954223633,55.33879852294922,55.470001220703125,147265
2026-01-07 10:33:00-05:00,TQQQ,55.474998474121094,55.5,55.44499969482422,55.47880172729492,273342
2026-01-07 10:34:00-05:00,TQQQ,55.474998474121094,55.4900016784668,55.439998626708984,55.470001220703125,181430
2026-01-07 10:35:00-05:00,TQQQ,55.474998474121094,55.56999969482422,55.470001220703125,55.56999969482422,319854
2026-01-07 10:36:00-05:00,TQQQ,55.56999969482422,55.59000015258789,55.529998779296875,55.54600143432617,174040
2026-01-07 10:37:00-05:00,TQQQ,55.54010009765625,55.560001373291016,55.510101318359375,55.540000915527344,141583
2026-01-07 10:38:00-05:00,TQQQ,55.559200286865234,55.560001373291016,55.150001525878906,55.150001525878906,458622
2026-01-07 10:39:00-05:00,TQQQ,55.150001525878906,55.290000915527344,55.02000045776367,55.275001525878906,512609
2026-01-07 10:40:00-05:00,TQQQ,55.289398193359375,55.41999816894531,55.279998779296875,55.40010070800781,236270
2026-01-07 10:41:00-05:00,TQQQ,55.39500045776367,55.42499923706055,55.310001373291016,55.31999969482422,111266
2026-01-07 10:42:00-05:00,TQQQ,55.31990051269531,55.3473014831543,55.25,55.290000915527344,102327
2026-01-07 10:43:00-05:00,TQQQ,55.29999923706055,55.32500076293945,55.20000076293945,55.21500015258789,90464
2026-01-07 10:44:00-05:00,TQQQ,55.209999084472656,55.32500076293945,55.185001373291016,55.29990005493164,106087
2026-01-07 10:45:00-05:00,TQQQ,55.290000915527344,55.40999984741211,55.279998779296875,55.40999984741211,153623
2026-01-07 10:46:00-05:00,TQQQ,55.43000030517578,55.44499969482422,55.400001525878906,55.43000030517578,88714
2026-01-07 10:47:00-05:00,TQQQ,55.42539978027344,55.505001068115234,55.41999816894531,55.49679946899414,115089
2026-01-07 10:48:00-05:00,TQQQ,55.4900016784668,55.560001373291016,55.4900016784668,55.54990005493164,120634
2026-01-07 10:49:00-05:00,TQQQ,55.540000915527344,55.619998931884766,55.540000915527344,55.56010055541992,154598
2026-01-07 10:50:00-05:00,TQQQ,55.56999969482422,55.599998474121094,55.540000915527344,55.57500076293945,62140
2026-01-07 10:51:00-05:00,TQQQ,55.59000015258789,55.63999938964844,55.58000183105469,55.599998474121094,78561
2026-01-07 10:52:00-05:00,TQQQ,55.610198974609375,55.630001068115234,55.59000015258789,55.625,96286
2026-01-07 10:53:00-05:00,TQQQ,55.619998931884766,55.650001525878906,55.599998474121094,55.638099670410156,65411
2026-01-07 10:54:00-05:00,TQQQ,55.63999938964844,55.649898529052734,55.59450149536133,55.6156005859375,63354
2026-01-07 10:55:00-05:00,TQQQ,55.60499954223633,55.6150016784668,55.560001373291016,55.6150016784668,131146
2026-01-07 10:56:00-05:00,TQQQ,55.61009979248047,55.619998931884766,55.57419967651367,55.599998474121094,52953
2026-01-07 10:57:00-05:00,TQQQ,55.61000061035156,55.619998931884766,55.59000015258789,55.60499954223633,49412
2026-01-07 10:58:00-05:00,TQQQ,55.60210037231445,55.630001068115234,55.599998474121094,55.625,56918
2026-01-07 10:59:00-05:00,TQQQ,55.630001068115234,55.63999938964844,55.591800689697266,55.615501403808594,53739
2026-01-07 11:00:00-05:00,TQQQ,55.619998931884766,55.720001220703125,55.60459899902344,55.69499969482422,191200
2026-01-07 11:01:00-05:00,TQQQ,55.698699951171875,55.70539855957031,55.68000030517578,55.689998626708984,96068
2026-01-07 11:02:00-05:00,TQQQ,55.69499969482422,55.71820068359375,55.68000030517578,55.70500183105469,11739692
2026-01-07 11:03:00-05:00,TQQQ,55.709999084472656,55.7494010925293,55.70000076293945,55.724998474121094,0
2026-01-07 11:04:00-05:00,TQQQ,55.724998474121094,55.72999954223633,55.70000076293945,55.720001220703125,69779
2026-01-07 11:05:00-05:00,TQQQ,55.71220016479492,55.73749923706055,55.68000030517578,55.70759963989258,101492
2026-01-07 11:06:00-05:00,TQQQ,55.70819854736328,55.720001220703125,55.689998626708984,55.709999084472656,87161
2026-01-07 11:07:00-05:00,TQQQ,55.70500183105469,55.71900177001953,55.68009948730469,55.689998626708984,75097
2026-01-07 11:08:00-05:00,TQQQ,55.685001373291016,55.709999084472656,55.685001373291016,55.68989944458008,35196
2026-01-07 11:09:00-05:00,TQQQ,55.68939971923828,55.72990036010742,55.68159866333008,55.70500183105469,12019248
2026-01-07 11:10:00-05:00,TQQQ,55.70320129394531,55.715999603271484,55.66999816894531,55.685001373291016,0
2026-01-07 11:11:00-05:00,TQQQ,55.685001373291016,55.709999084472656,55.66400146484375,55.69150161743164,62278
2026-01-07 11:12:00-05:00,TQQQ,55.701900482177734,55.7400016784668,55.701900482177734,55.7400016784668,63337
2026-01-07 11:13:00-05:00,TQQQ,55.7400016784668,55.7599983215332,55.720001220703125,55.7223014831543,105912
2026-01-07 11:14:00-05:00,TQQQ,55.722198486328125,55.7400016784668,55.709999084472656,55.72999954223633,55624
2026-01-07 11:15:00-05:00,TQQQ,55.72999954223633,55.7599983215332,55.720001220703125,55.755001068115234,28429
2026-01-07 11:16:00-05:00,TQQQ,55.755001068115234,55.7599983215332,55.70000076293945,55.70000076293945,65628
2026-01-07 11:17:00-05:00,TQQQ,55.700401306152344,55.7318000793457,55.70000076293945,55.724998474121094,40439
2026-01-07 11:18:00-05:00,TQQQ,55.720001220703125,55.720001220703125,55.68000030517578,55.709999084472656,36738
2026-01-07 11:19:00-05:00,TQQQ,55.70000076293945,55.720001220703125,55.68009948730469,55.720001220703125,48472
2026-01-07 11:20:00-05:00,TQQQ,55.70069885253906,55.709999084472656,55.619998931884766,55.645599365234375,80297
2026-01-07 11:21:00-05:00,TQQQ,55.64139938354492,55.67499923706055,55.63999938964844,55.64250183105469,58276
2026-01-07 11:22:00-05:00,TQQQ,55.640098571777344,55.65999984741211,55.630001068115234,55.630001068115234,62886
2026-01-07 11:23:00-05:00,TQQQ,55.6150016784668,55.625999450683594,55.59000015258789,55.599998474121094,84573
2026-01-07 11:24:00-05:00,TQQQ,55.599998474121094,55.61989974975586,55.56999969482422,55.59870147705078,54664
2026-01-07 11:25:00-05:00,TQQQ,55.599998474121094,55.60499954223633,55.5,55.519100189208984,113768
2026-01-07 11:26:00-05:00,TQQQ,55.51499938964844,55.560001373291016,55.5,55.529998779296875,58804
2026-01-07 11:27:00-05:00,TQQQ,55.537498474121094,55.54349899291992,55.52000045776367,55.53139877319336,24526
2026-01-07 11:28:00-05:00,TQQQ,55.53499984741211,55.53499984741211,55.459999084472656,55.46009826660156,97513
2026-01-07 11:29:00-05:00,TQQQ,55.45000076293945,55.55009841918945,55.45000076293945,55.55009841918945,52616
2026-01-07 11:30:00-05:00,TQQQ,55.54999923706055,55.59000015258789,55.52000045776367,55.53559875488281,74642
2026-01-07 11:31:00-05:00,TQQQ,55.540000915527344,55.60499954223633,55.53499984741211,55.59000015258789,69240
2026-01-07 11:32:00-05:00,TQQQ,55.589900970458984,55.630001068115234,55.589900970458984,55.61000061035156,113968
2026-01-07 11:33:00-05:00,TQQQ,55.61000061035156,55.63999938964844,55.584999084472656,55.63999938964844,86984
2026-01-07 11:34:00-05:00,TQQQ,55.647300720214844,55.647300720214844,55.58250045776367,55.595001220703125,50054
2026-01-07 11:35:00-05:00,TQQQ,55.599998474121094,55.64720153808594,55.599998474121094,55.619998931884766,59131
2026-01-07 11:36:00-05:00,TQQQ,55.63370132446289,55.63999938964844,55.580101013183594,55.595001220703125,50702
2026-01-07 11:37:00-05:00,TQQQ,55.597801208496094,55.61750030517578,55.58100128173828,55.600101470947266,56844
2026-01-07 11:38:00-05:00,TQQQ,55.599998474121094,55.6088981628418,55.56060028076172,55.584999084472656,43515
2026-01-07 11:39:00-05:00,TQQQ,55.59000015258789,55.630001068115234,55.58100128173828,55.62070083618164,31608
2026-01-07 11:40:00-05:00,TQQQ,55.625,55.689998626708984,55.61989974975586,55.68870162963867,96430
2026-01-07 11:41:00-05:00,TQQQ,55.6885986328125,55.706600189208984,55.66999816894531,55.69499969482422,86683
2026-01-07 11:42:00-05:00,TQQQ,55.69499969482422,55.73500061035156,55.689998626708984,55.73500061035156,89308
2026-01-07 11:43:00-05:00,TQQQ,55.72999954223633,55.8484992980957,55.724998474121094,55.834999084472656,200222
2026-01-07 11:44:00-05:00,TQQQ,55.84000015258789,55.86000061035156,55.81999969482422,55.845001220703125,75562
2026-01-07 11:45:00-05:00,TQQQ,55.849998474121094,55.92499923706055,55.83000183105469,55.924598693847656,214679
2026-01-07 11:46:00-05:00,TQQQ,55.92689895629883,55.97999954223633,55.91999816894531,55.95989990234375,144010
2026-01-07 11:47:00-05:00,TQQQ,55.95240020751953,55.970001220703125,55.93000030517578,55.960899353027344,105822
2026-01-07 11:48:00-05:00,TQQQ,55.961299896240234,55.970001220703125,55.93000030517578,55.941001892089844,120044
2026-01-07 11:49:00-05:00,TQQQ,55.94499969482422,55.95000076293945,55.88999938964844,55.90010070800781,90241
2026-01-07 11:50:00-05:00,TQQQ,55.90140151977539,55.929901123046875,55.87269973754883,55.910099029541016,86139
2026-01-07 11:51:00-05:00,TQQQ,55.915000915527344,55.92729949951172,55.87160110473633,55.92729949951172,81144
2026-01-07 11:52:00-05:00,TQQQ,55.93000030517578,55.939998626708984,55.912498474121094,55.92499923706055,62713
2026-01-07 11:53:00-05:00,TQQQ,55.92499923706055,55.93000030517578,55.900001525878906,55.904998779296875,53286
2026-01-07 11:54:00-05:00,TQQQ,55.90909957885742,55.92499923706055,55.900001525878906,55.92499923706055,97484
2026-01-07 11:55:00-05:00,TQQQ,55.92430114746094,55.97999954223633,55.92430114746094,55.95500183105469,89995
2026-01-07 11:56:00-05:00,TQQQ,55.95000076293945,56.0,55.95000076293945,56.0,92882
2026-01-07 11:57:00-05:00,TQQQ,55.994998931884766,56.029998779296875,55.9901008605957,56.025001525878906,230310
2026-01-07 11:58:00-05:00,TQQQ,56.024600982666016,56.029998779296875,56.0,56.01499938964844,97172
2026-01-07 11:59:00-05:00,TQQQ,56.0099983215332,56.02560043334961,55.9900016784668,56.02000045776367,68356
2026-01-07 12:00:00-05:00,TQQQ,56.025001525878906,56.04999923706055,56.005001068115234,56.04010009765625,178345
2026-01-07 12:01:00-05:00,TQQQ,56.040000915527344,56.040000915527344,56.0,56.02000045776367,82803
2026-01-07 12:02:00-05:00,TQQQ,56.025001525878906,56.040000915527344,56.0099983215332,56.01839828491211,43067
2026-01-07 12:03:00-05:00,TQQQ,56.0,56.029998779296875,55.98080062866211,56.029998779296875,278711
2026-01-07 12:04:00-05:00,TQQQ,56.032100677490234,56.04999923706055,56.029998779296875,56.03860092163086,218659
2026-01-07 12:05:00-05:00,TQQQ,56.03499984741211,56.08000183105469,56.029998779296875,56.07160186767578,72375
2026-01-07 12:06:00-05:00,TQQQ,56.079898834228516,56.11000061035156,56.07500076293945,56.10850143432617,170671
2026-01-07 12:07:00-05:00,TQQQ,56.099998474121094,56.13999938964844,56.09000015258789,56.12379837036133,95826
2026-01-07 12:08:00-05:00,TQQQ,56.12590026855469,56.1349983215332,56.11130142211914,56.130001068115234,79544
2026-01-07 12:09:00-05:00,TQQQ,56.1349983215332,56.13970184326172,56.09000015258789,56.109798431396484,115113
2026-01-07 12:10:00-05:00,TQQQ,56.10499954223633,56.119998931884766,56.084999084472656,56.10350036621094,109832
2026-01-07 12:11:00-05:00,TQQQ,56.100101470947266,56.10499954223633,56.06999969482422,56.07929992675781,76268
2026-01-07 12:12:00-05:00,TQQQ,56.08000183105469,56.09000015258789,56.04999923706055,56.064998626708984,15082593
2026-01-07 12:13:00-05:00,TQQQ,56.064998626708984,56.067100524902344,56.029998779296875,56.04520034790039,0
2026-01-07 12:14:00-05:00,TQQQ,56.03499984741211,56.060001373291016,56.02989959716797,56.060001373291016,36550
2026-01-07 12:15:00-05:00,TQQQ,56.05120086669922,56.060001373291016,56.02009963989258,56.040199279785156,55533
2026-01-07 12:16:00-05:00,TQQQ,56.04199981689453,56.05849838256836,56.031898498535156,56.05670166015625,46600
2026-01-07 12:17:00-05:00,TQQQ,56.055999755859375,56.088199615478516,56.04999923706055,56.06999969482422,26963
2026-01-07 12:18:00-05:00,TQQQ,56.06999969482422,56.08000183105469,56.029998779296875,56.06999969482422,57329
2026-01-07 12:19:00-05:00,TQQQ,56.06890106201172,56.099998474121094,56.060298919677734,56.094600677490234,31515
2026-01-07 12:20:00-05:00,TQQQ,56.09560012817383,56.11000061035156,56.08000183105469,56.0900993347168,54610
2026-01-07 12:21:00-05:00,TQQQ,56.0900993347168,56.11000061035156,56.0900993347168,56.10139846801758,40185
2026-01-07 12:22:00-05:00,TQQQ,56.104400634765625,56.118499755859375,56.09989929199219,56.118499755859375,26661
2026-01-07 12:23:00-05:00,TQQQ,56.11989974975586,56.150001525878906,56.099998474121094,56.13999938964844,57647
2026-01-07 12:24:00-05:00,TQQQ,56.13999938964844,56.13999938964844,56.119998931884766,56.125,45234
2026-01-07 12:25:00-05:00,TQQQ,56.12080001831055,56.130001068115234,56.09000015258789,56.094200134277344,42765
2026-01-07 12:26:00-05:00,TQQQ,56.09659957885742,56.130001068115234,56.095001220703125,56.1150016784668,52038
2026-01-07 12:27:00-05:00,TQQQ,56.11009979248047,56.119998931884766,56.070098876953125,56.07419967651367,50614
2026-01-07 12:28:00-05:00,TQQQ,56.07870101928711,56.150001525878906,56.072601318359375,56.140098571777344,115460
2026-01-07 12:29:00-05:00,TQQQ,56.140098571777344,56.150001525878906,56.11000061035156,56.11899948120117,47586
2026-01-07 12:30:00-05:00,TQQQ,56.1150016784668,56.119998931884766,56.09000015258789,56.10499954223633,67333
2026-01-07 12:31:00-05:00,TQQQ,56.10499954223633,56.119998931884766,56.099998474121094,56.115699768066406,81142
2026-01-07 12:32:00-05:00,TQQQ,56.1150016784668,56.1150016784668,56.060001373291016,56.07460021972656,84350
2026-01-07 12:33:00-05:00,TQQQ,56.06999969482422,56.11000061035156,56.06999969482422,56.099998474121094,55701
2026-01-07 12:34:00-05:00,TQQQ,56.114498138427734,56.11709976196289,56.09000015258789,56.09000015258789,46389
2026-01-07 12:35:00-05:00,TQQQ,56.095001220703125,56.10499954223633,56.060001373291016,56.07339859008789,105727
2026-01-07 12:36:00-05:00,TQQQ,56.07600021362305,56.095001220703125,56.070098876953125,56.0724983215332,36041
2026-01-07 12:37:00-05:00,TQQQ,56.07500076293945,56.084999084472656,56.060001373291016,56.06999969482422,28858
2026-01-07 12:38:00-05:00,TQQQ,56.08000183105469,56.099998474121094,56.060001373291016,56.09550094604492,24683
2026-01-07 12:39:00-05:00,TQQQ,56.09400177001953,56.109901428222656,56.09000015258789,56.099998474121094,55246
2026-01-07 12:40:00-05:00,TQQQ,56.100399017333984,56.10329818725586,56.08000183105469,56.099998474121094,28582
2026-01-07 12:41:00-05:00,TQQQ,56.091400146484375,56.11650085449219,56.091400146484375,56.11650085449219,24408
2026-01-07 12:42:00-05:00,TQQQ,56.11240005493164,56.11989974975586,56.09400177001953,56.100101470947266,19671
2026-01-07 12:43:00-05:00,TQQQ,56.11000061035156,56.16999816894531,56.11000061035156,56.168399810791016,89184
2026-01-07 12:44:00-05:00,TQQQ,56.16999816894531,56.189998626708984,56.164398193359375,56.17499923706055,72827
2026-01-07 12:45:00-05:00,TQQQ,56.179901123046875,56.189998626708984,56.150001525878906,56.159400939941406,101137
2026-01-07 12:46:00-05:00,TQQQ,56.15409851074219,56.15409851074219,56.12459945678711,56.1349983215332,56573
2026-01-07 12:47:00-05:00,TQQQ,56.131500244140625,56.13999938964844,56.119998931884766,56.13159942626953,26421
2026-01-07 12:48:00-05:00,TQQQ,56.125,56.135501861572266,56.099998474121094,56.099998474121094,27852
2026-01-07 12:49:00-05:00,TQQQ,56.095001220703125,56.119998931884766,56.09000015258789,56.11000061035156,36001
2026-01-07 12:50:00-05:00,TQQQ,56.10499954223633,56.11000061035156,56.040000915527344,56.064998626708984,108675
2026-01-07 12:51:00-05:00,TQQQ,56.06169891357422,56.06869888305664,56.0099983215332,56.02000045776367,76505
2026-01-07 12:52:00-05:00,TQQQ,56.02000045776367,56.040000915527344,55.970001220703125,56.03499984741211,150923
2026-01-07 12:53:00-05:00,TQQQ,56.03499984741211,56.040000915527344,56.00149917602539,56.03860092163086,67674
2026-01-07 12:54:00-05:00,TQQQ,56.040000915527344,56.04010009765625,56.005001068115234,56.02259826660156,37857
2026-01-07 12:55:00-05:00,TQQQ,56.02899932861328,56.03990173339844,56.00809860229492,56.025001525878906,46578
2026-01-07 12:56:00-05:00,TQQQ,56.03499984741211,56.09000015258789,56.0,56.005001068115234,78131
2026-01-07 12:57:00-05:00,TQQQ,56.0,56.029998779296875,56.0,56.0098991394043,57149
2026-01-07 12:58:00-05:00,TQQQ,56.005001068115234,56.0181999206543,55.97999954223633,56.005001068115234,34074
2026-01-07 12:59:00-05:00,TQQQ,56.0099983215332,56.04999923706055,56.000999450683594,56.040000915527344,48277
2026-01-07 13:00:00-05:00,TQQQ,56.025001525878906,56.040000915527344,55.97999954223633,55.981201171875,75455
2026-01-07 13:01:00-05:00,TQQQ,55.97999954223633,56.02000045776367,55.974998474121094,56.02000045776367,22171
2026-01-07 13:02:00-05:00,TQQQ,56.025001525878906,56.027400970458984,55.99340057373047,56.001399993896484,25407
2026-01-07 13:03:00-05:00,TQQQ,56.00400161743164,56.0099983215332,55.970001220703125,55.970001220703125,30009
2026-01-07 13:04:00-05:00,TQQQ,55.9822998046875,56.000099182128906,55.952701568603516,55.970001220703125,52332
2026-01-07 13:05:00-05:00,TQQQ,55.97629928588867,55.97999954223633,55.95000076293945,55.96799850463867,167139
2026-01-07 13:06:00-05:00,TQQQ,55.96500015258789,56.0,55.95500183105469,55.9900016784668,368125
2026-01-07 13:07:00-05:00,TQQQ,55.98500061035156,55.9900016784668,55.95000076293945,55.986900329589844,44590
2026-01-07 13:08:00-05:00,TQQQ,55.97990036010742,55.989898681640625,55.974998474121094,55.97999954223633,21921
2026-01-07 13:09:00-05:00,TQQQ,55.98139953613281,56.0099983215332,55.974998474121094,55.974998474121094,26743
2026-01-07 13:10:00-05:00,TQQQ,55.959999084472656,55.959999084472656,55.92150115966797,55.95180130004883,66304
2026-01-07 13:11:00-05:00,TQQQ,55.95500183105469,55.95989990234375,55.900001525878906,55.90190124511719,43235
2026-01-07 13:12:00-05:00,TQQQ,55.9099006652832,55.95000076293945,55.900001525878906,55.937801361083984,24151
2026-01-07 13:13:00-05:00,TQQQ,55.93000030517578,55.970001220703125,55.92499923706055,55.96200180053711,37929
2026-01-07 13:14:00-05:00,TQQQ,55.96500015258789,55.97999954223633,55.959999084472656,55.974998474121094,94202
2026-01-07 13:15:00-05:00,TQQQ,55.97650146484375,55.97650146484375,55.84000015258789,55.880001068115234,89327
2026-01-07 13:16:00-05:00,TQQQ,55.888099670410156,55.91999816894531,55.87580108642578,55.895599365234375,55483
2026-01-07 13:17:00-05:00,TQQQ,55.891998291015625,55.91999816894531,55.8650016784668,55.90999984741211,43680
2026-01-07 13:18:00-05:00,TQQQ,55.904998779296875,55.904998779296875,55.875,55.881900787353516,18850
2026-01-07 13:19:00-05:00,TQQQ,55.88460159301758,55.8849983215332,55.83000183105469,55.8849983215332,67298
2026-01-07 13:20:00-05:00,TQQQ,55.875,55.880001068115234,55.849998474121094,55.849998474121094,18257
2026-01-07 13:21:00-05:00,TQQQ,55.85499954223633,55.87910079956055,55.84130096435547,55.845001220703125,20764
2026-01-07 13:22:00-05:00,TQQQ,55.849998474121094,55.86149978637695,55.820098876953125,55.83000183105469,44084
2026-01-07 13:23:00-05:00,TQQQ,55.834999084472656,55.86989974975586,55.79999923706055,55.85850143432617,65796
2026-01-07 13:24:00-05:00,TQQQ,55.849998474121094,55.87990188598633,55.83380126953125,55.83380126953125,37422
2026-01-07 13:25:00-05:00,TQQQ,55.83000183105469,55.83000183105469,55.782100677490234,55.790000915527344,65878
2026-01-07 13:26:00-05:00,TQQQ,55.7859992980957,55.83000183105469,55.7859992980957,55.81209945678711,30722
2026-01-07 13:27:00-05:00,TQQQ,55.810001373291016,55.869998931884766,55.8025016784668,55.834999084472656,40172
2026-01-07 13:28:00-05:00,TQQQ,55.83000183105469,55.83000183105469,55.779998779296875,55.79499816894531,90114
2026-01-07 13:29:00-05:00,TQQQ,55.79499816894531,55.809898376464844,55.75,55.779998779296875,56394
2026-01-07 13:30:00-05:00,TQQQ,55.779998779296875,55.869998931884766,55.779998779296875,55.859901428222656,88016
2026-01-07 13:31:00-05:00,TQQQ,55.859100341796875,55.88999938964844,55.77000045776367,55.78990173339844,149143
2026-01-07 13:32:00-05:00,TQQQ,55.78150177001953,55.81999969482422,55.78150177001953,55.79999923706055,39198
2026-01-07 13:33:00-05:00,TQQQ,55.79999923706055,55.880001068115234,55.79499816894531,55.875,45696
2026-01-07 13:34:00-05:00,TQQQ,55.87900161743164,55.91999816894531,55.875,55.919898986816406,102090
2026-01-07 13:35:00-05:00,TQQQ,55.915000915527344,55.91999816894531,55.880001068115234,55.89229965209961,98823
2026-01-07 13:36:00-05:00,TQQQ,55.900001525878906,55.900001525878906,55.849998474121094,55.8650016784668,55406
2026-01-07 13:37:00-05:00,TQQQ,55.86320114135742,55.93000030517578,55.86009979248047,55.9109992980957,69543
2026-01-07 13:38:00-05:00,TQQQ,55.91230010986328,55.928199768066406,55.900001525878906,55.90999984741211,17660378
2026-01-07 13:39:00-05:00,TQQQ,55.91019821166992,55.93000030517578,55.900001525878906,55.92449951171875,0
2026-01-07 13:40:00-05:00,TQQQ,55.939998626708984,55.97999954223633,55.939998626708984,55.97999954223633,80889
2026-01-07 13:41:00-05:00,TQQQ,55.9734992980957,56.005001068115234,55.970001220703125,56.005001068115234,55206
2026-01-07 13:42:00-05:00,TQQQ,56.0099983215332,56.029998779296875,56.0,56.02000045776367,111362
2026-01-07 13:43:00-05:00,TQQQ,56.027801513671875,56.03860092163086,55.980098724365234,56.024600982666016,74626
2026-01-07 13:44:00-05:00,TQQQ,56.029998779296875,56.04999923706055,56.02000045776367,56.022499084472656,71157
2026-01-07 13:45:00-05:00,TQQQ,56.025001525878906,56.029998779296875,55.970001220703125,55.99190139770508,85399
2026-01-07 13:46:00-05:00,TQQQ,55.991600036621094,56.02000045776367,55.991600036621094,56.005001068115234,37136
2026-01-07 13:47:00-05:00,TQQQ,56.0099983215332,56.04999923706055,56.00270080566406,56.04130172729492,54173
2026-01-07 13:48:00-05:00,TQQQ,56.048500061035156,56.04999923706055,56.02000045776367,56.03020095825195,39491
2026-01-07 13:49:00-05:00,TQQQ,56.03499984741211,56.05849838256836,56.029998779296875,56.05070114135742,56670
2026-01-07 13:50:00-05:00,TQQQ,56.05009841918945,56.08000183105469,56.04999923706055,56.05540084838867,61992
2026-01-07 13:51:00-05:00,TQQQ,56.05500030517578,56.06999969482422,56.05009841918945,56.068199157714844,23593
2026-01-07 13:52:00-05:00,TQQQ,56.06809997558594,56.084999084472656,56.05860137939453,56.070098876953125,39530
2026-01-07 13:53:00-05:00,TQQQ,56.060001373291016,56.07600021362305,56.05009841918945,56.05970001220703,34164
2026-01-07 13:54:00-05:00,TQQQ,56.05970001220703,56.06999969482422,56.029998779296875,56.045501708984375,46443
2026-01-07 13:55:00-05:00,TQQQ,56.040000915527344,56.060001373291016,55.959999084472656,55.96030044555664,113897
2026-01-07 13:56:00-05:00,TQQQ,55.96099853515625,55.96120071411133,55.904998779296875,55.91999816894531,102345
2026-01-07 13:57:00-05:00,TQQQ,55.919898986816406,55.95000076293945,55.90999984741211,55.92499923706055,55786
2026-01-07 13:58:00-05:00,TQQQ,55.92499923706055,55.95000076293945,55.90999984741211,55.931400299072266,27992
2026-01-07 13:59:00-05:00,TQQQ,55.939998626708984,55.959999084472656,55.93000030517578,55.93230056762695,50028
2026-01-07 14:00:00-05:00,TQQQ,55.939998626708984,55.939998626708984,55.90999984741211,55.93000030517578,30103
2026-01-07 14:01:00-05:00,TQQQ,55.91999816894531,55.920101165771484,55.880001068115234,55.88999938964844,62283
2026-01-07 14:02:00-05:00,TQQQ,55.89500045776367,55.93000030517578,55.86000061035156,55.92399978637695,48900
2026-01-07 14:03:00-05:00,TQQQ,55.92539978027344,55.92539978027344,55.880001068115234,55.889801025390625,20949
2026-01-07 14:04:00-05:00,TQQQ,55.88999938964844,55.93000030517578,55.88990020751953,55.93000030517578,25051
2026-01-07 14:05:00-05:00,TQQQ,55.92559814453125,55.928001403808594,55.849998474121094,55.85559844970703,38526
2026-01-07 14:06:00-05:00,TQQQ,55.86000061035156,55.880001068115234,55.849998474121094,55.880001068115234,64633
2026-01-07 14:07:00-05:00,TQQQ,55.887699127197266,55.88999938964844,55.849998474121094,55.86000061035156,21116
2026-01-07 14:08:00-05:00,TQQQ,55.86000061035156,55.88999938964844,55.84000015258789,55.86000061035156,31403
2026-01-07 14:09:00-05:00,TQQQ,55.84000015258789,55.85499954223633,55.77000045776367,55.79999923706055,57391
2026-01-07 14:10:00-05:00,TQQQ,55.80009841918945,55.810001373291016,55.65999984741211,55.68000030517578,155255
2026-01-07 14:11:00-05:00,TQQQ,55.685001373291016,55.7599983215332,55.66999816894531,55.72999954223633,120376
2026-01-07 14:12:00-05:00,TQQQ,55.720001220703125,55.7400016784668,55.6702995300293,55.67499923706055,62429
2026-01-07 14:13:00-05:00,TQQQ,55.68199920654297,55.68790054321289,55.5900993347168,55.662601470947266,131964
2026-01-07 14:14:00-05:00,TQQQ,55.66999816894531,55.715599060058594,55.66999816894531,55.70000076293945,58093
2026-01-07 14:15:00-05:00,TQQQ,55.70500183105469,55.720001220703125,55.61000061035156,55.625999450683594,72926
2026-01-07 14:16:00-05:00,TQQQ,55.619998931884766,55.6599006652832,55.529998779296875,55.56560134887695,192929
2026-01-07 14:17:00-05:00,TQQQ,55.56999969482422,55.630001068115234,55.54499816894531,55.599998474121094,64491
2026-01-07 14:18:00-05:00,TQQQ,55.60499954223633,55.650001525878906,55.599998474121094,55.63010025024414,51416
2026-01-07 14:19:00-05:00,TQQQ,55.62990188598633,55.68880081176758,55.619998931884766,55.685001373291016,67069
2026-01-07 14:20:00-05:00,TQQQ,55.678001403808594,55.689998626708984,55.62009811401367,55.630001068115234,205919
2026-01-07 14:21:00-05:00,TQQQ,55.619998931884766,55.63999938964844,55.599998474121094,55.6172981262207,36162
2026-01-07 14:22:00-05:00,TQQQ,55.61090087890625,55.625,55.58000183105469,55.595001220703125,25973
2026-01-07 14:23:00-05:00,TQQQ,55.599998474121094,55.65999984741211,55.59000015258789,55.61000061035156,74696
2026-01-07 14:24:00-05:00,TQQQ,55.61000061035156,55.619998931884766,55.58000183105469,55.59560012817383,45792
2026-01-07 14:25:00-05:00,TQQQ,55.599998474121094,55.61000061035156,55.54999923706055,55.55189895629883,21566
2026-01-07 14:26:00-05:00,TQQQ,55.54999923706055,55.564998626708984,55.540000915527344,55.55759811401367,42330
2026-01-07 14:27:00-05:00,TQQQ,55.55849838256836,55.560001373291016,55.540000915527344,55.54750061035156,20238
2026-01-07 14:28:00-05:00,TQQQ,55.559898376464844,55.560001373291016,55.540000915527344,55.54999923706055,19777
2026-01-07 14:29:00-05:00,TQQQ,55.560001373291016,55.599998474121094,55.55009841918945,55.58000183105469,58426
2026-01-07 14:30:00-05:00,TQQQ,55.59000015258789,55.599998474121094,55.540000915527344,55.592498779296875,190775
2026-01-07 14:31:00-05:00,TQQQ,55.597999572753906,55.650001525878906,55.59000015258789,55.640098571777344,104552
2026-01-07 14:32:00-05:00,TQQQ,55.650001525878906,55.68000030517578,55.64500045776367,55.6713981628418,130220
2026-01-07 14:33:00-05:00,TQQQ,55.685001373291016,55.69929885864258,55.65999984741211,55.689998626708984,19374096
2026-01-07 14:34:00-05:00,TQQQ,55.688899993896484,55.689998626708984,55.66999816894531,55.67499923706055,0
2026-01-07 14:35:00-05:00,TQQQ,55.678001403808594,55.70009994506836,55.63999938964844,55.65999984741211,68441
2026-01-07 14:36:00-05:00,TQQQ,55.65999984741211,55.689998626708984,55.630001068115234,55.686500549316406,64357
2026-01-07 14:37:00-05:00,TQQQ,55.685001373291016,55.689998626708984,55.66999816894531,55.67900085449219,21547
2026-01-07 14:38:00-05:00,TQQQ,55.685001373291016,55.689998626708984,55.67210006713867,55.68000030517578,17088
2026-01-07 14:39:00-05:00,TQQQ,55.66999816894531,55.724998474121094,55.66999816894531,55.70009994506836,64719
2026-01-07 14:40:00-05:00,TQQQ,55.69649887084961,55.70000076293945,55.631099700927734,55.64500045776367,19489572
2026-01-07 14:41:00-05:00,TQQQ,55.644500732421875,55.6599006652832,55.619998931884766,55.625,0
2026-01-07 14:42:00-05:00,TQQQ,55.619998931884766,55.68000030517578,55.619998931884766,55.67499923706055,61478
2026-01-07 14:43:00-05:00,TQQQ,55.66999816894531,55.70000076293945,55.66999816894531,55.68600082397461,45962
2026-01-07 14:44:00-05:00,TQQQ,55.68579864501953,55.689998626708984,55.67499923706055,55.68000030517578,23007
2026-01-07 14:45:00-05:00,TQQQ,55.685001373291016,55.685001373291016,55.640098571777344,55.65650177001953,29270
2026-01-07 14:46:00-05:00,TQQQ,55.665000915527344,55.67499923706055,55.63999938964844,55.654998779296875,39125
2026-01-07 14:47:00-05:00,TQQQ,55.65999984741211,55.66999816894531,55.650001525878906,55.650901794433594,47973
2026-01-07 14:48:00-05:00,TQQQ,55.65079879760742,55.689998626708984,55.65079879760742,55.68619918823242,20959
2026-01-07 14:49:00-05:00,TQQQ,55.68000030517578,55.70000076293945,55.67499923706055,55.67720031738281,52553
2026-01-07 14:50:00-05:00,TQQQ,55.67499923706055,55.689998626708984,55.630001068115234,55.649898529052734,54772
2026-01-07 14:51:00-05:00,TQQQ,55.6349983215332,55.65999984741211,55.6349983215332,55.654998779296875,83012
2026-01-07 14:52:00-05:00,TQQQ,55.66460037231445,55.689998626708984,55.66460037231445,55.67499923706055,14519
2026-01-07 14:53:00-05:00,TQQQ,55.670101165771484,55.689998626708984,55.665000915527344,55.67499923706055,15954
2026-01-07 14:54:00-05:00,TQQQ,55.68000030517578,55.69990158081055,55.66999816894531,55.69269943237305,12893
2026-01-07 14:55:00-05:00,TQQQ,55.689998626708984,55.70000076293945,55.66120147705078,55.68000030517578,33974
2026-01-07 14:56:00-05:00,TQQQ,55.68000030517578,55.68000030517578,55.650001525878906,55.650001525878906,24187
2026-01-07 14:57:00-05:00,TQQQ,55.65999984741211,55.674400329589844,55.640098571777344,55.654998779296875,31913
2026-01-07 14:58:00-05:00,TQQQ,55.654998779296875,55.65999984741211,55.63999938964844,55.63999938964844,15912
2026-01-07 14:59:00-05:00,TQQQ,55.630001068115234,55.63740158081055,55.591400146484375,55.60070037841797,67948
2026-01-07 15:00:00-05:00,TQQQ,55.619998931884766,55.630001068115234,55.58000183105469,55.599998474121094,54450
2026-01-07 15:01:00-05:00,TQQQ,55.60599899291992,55.63999938964844,55.60599899291992,55.625,21765
2026-01-07 15:02:00-05:00,TQQQ,55.630001068115234,55.649200439453125,55.61009979248047,55.61009979248047,24435
2026-01-07 15:03:00-05:00,TQQQ,55.60499954223633,55.614601135253906,55.58000183105469,55.59349822998047,42121
2026-01-07 15:04:00-05:00,TQQQ,55.599998474121094,55.63999938964844,55.591800689697266,55.63999938964844,17121
2026-01-07 15:05:00-05:00,TQQQ,55.63199996948242,55.654998779296875,55.61090087890625,55.6349983215332,65468
2026-01-07 15:06:00-05:00,TQQQ,55.630001068115234,55.66999816894531,55.625,55.66999816894531,29228
2026-01-07 15:07:00-05:00,TQQQ,55.66999816894531,55.66999816894531,55.631500244140625,55.63999938964844,37380
2026-01-07 15:08:00-05:00,TQQQ,55.63999938964844,55.650001525878906,55.592498779296875,55.62910079956055,46720
2026-01-07 15:09:00-05:00,TQQQ,55.619998931884766,55.619998931884766,55.580101013183594,55.59980010986328,42226
2026-01-07 15:10:00-05:00,TQQQ,55.599998474121094,55.609798431396484,55.564998626708984,55.57500076293945,34076
2026-01-07 15:11:00-05:00,TQQQ,55.5619010925293,55.59989929199219,55.560001373291016,55.584999084472656,22112
2026-01-07 15:12:00-05:00,TQQQ,55.588199615478516,55.59130096435547,55.529998779296875,55.54399871826172,38853
2026-01-07 15:13:00-05:00,TQQQ,55.525001525878906,55.5281982421875,55.404998779296875,55.42499923706055,247766
2026-01-07 15:14:00-05:00,TQQQ,55.42499923706055,55.43000030517578,55.352901458740234,55.39030075073242,171084
2026-01-07 15:15:00-05:00,TQQQ,55.38999938964844,55.41559982299805,55.31999969482422,55.40810012817383,145910
2026-01-07 15:16:00-05:00,TQQQ,55.404998779296875,55.459999084472656,55.38999938964844,55.408599853515625,105370
2026-01-07 15:17:00-05:00,TQQQ,55.40999984741211,55.439998626708984,55.369998931884766,55.419898986816406,62905
2026-01-07 15:18:00-05:00,TQQQ,55.410099029541016,55.4900016784668,55.400001525878906,55.48500061035156,69939
2026-01-07 15:19:00-05:00,TQQQ,55.48500061035156,55.5098991394043,55.459999084472656,55.495399475097656,111203
2026-01-07 15:20:00-05:00,TQQQ,55.494998931884766,55.505001068115234,55.410099029541016,55.43989944458008,96520
2026-01-07 15:21:00-05:00,TQQQ,55.4375,55.474998474121094,55.41999816894531,55.43450164794922,51047
2026-01-07 15:22:00-05:00,TQQQ,55.44499969482422,55.459999084472656,55.400001525878906,55.4099006652832,41224
2026-01-07 15:23:00-05:00,TQQQ,55.404998779296875,55.40999984741211,55.3650016784668,55.389801025390625,51786
2026-01-07 15:24:00-05:00,TQQQ,55.3734016418457,55.40879821777344,55.36000061035156,55.36069869995117,35195
2026-01-07 15:25:00-05:00,TQQQ,55.3650016784668,55.400001525878906,55.34000015258789,55.349998474121094,88855
2026-01-07 15:26:00-05:00,TQQQ,55.349998474121094,55.36000061035156,55.310001373291016,55.35499954223633,89236
2026-01-07 15:27:00-05:00,TQQQ,55.35499954223633,55.369998931884766,55.29499816894531,55.310001373291016,75748
2026-01-07 15:28:00-05:00,TQQQ,55.290000915527344,55.31919860839844,55.290000915527344,55.29499816894531,77526
2026-01-07 15:29:00-05:00,TQQQ,55.290000915527344,55.349998474121094,55.290000915527344,55.34000015258789,53502
2026-01-07 15:30:00-05:00,TQQQ,55.328399658203125,55.341800689697266,55.27000045776367,55.27980041503906,92319
2026-01-07 15:31:00-05:00,TQQQ,55.275001525878906,55.290000915527344,55.220001220703125,55.220001220703125,137916
2026-01-07 15:32:00-05:00,TQQQ,55.21500015258789,55.27989959716797,55.209999084472656,55.26139831542969,86990
2026-01-07 15:33:00-05:00,TQQQ,55.26499938964844,55.310001373291016,55.26499938964844,55.290000915527344,111214
2026-01-07 15:34:00-05:00,TQQQ,55.29090118408203,55.29499816894531,55.194000244140625,55.20000076293945,119764
2026-01-07 15:35:00-05:00,TQQQ,55.19599914550781,55.19599914550781,55.130001068115234,55.150001525878906,232225
2026-01-07 15:36:00-05:00,TQQQ,55.14139938354492,55.189998626708984,55.11000061035156,55.14500045776367,135538
2026-01-07 15:37:00-05:00,TQQQ,55.14500045776367,55.1599006652832,55.08000183105469,55.08000183105469,99222
2026-01-07 15:38:00-05:00,TQQQ,55.07500076293945,55.1150016784668,55.060001373291016,55.095001220703125,167808
2026-01-07 15:39:00-05:00,TQQQ,55.084999084472656,55.130001068115234,55.08000183105469,55.091400146484375,127275
2026-01-07 15:40:00-05:00,TQQQ,55.095001220703125,55.19850158691406,55.04999923706055,55.154998779296875,199612
2026-01-07 15:41:00-05:00,TQQQ,55.154998779296875,55.159400939941406,55.111000061035156,55.130001068115234,82196
2026-01-07 15:42:00-05:00,TQQQ,55.13999938964844,55.189998626708984,55.130001068115234,55.187801361083984,85539
2026-01-07 15:43:00-05:00,TQQQ,55.188899993896484,55.220001220703125,55.164398193359375,55.17129898071289,139807
2026-01-07 15:44:00-05:00,TQQQ,55.18000030517578,55.188499450683594,55.165000915527344,55.16999816894531,54622
2026-01-07 15:45:00-05:00,TQQQ,55.16999816894531,55.189998626708984,55.130001068115234,55.13999938964844,65732
2026-01-07 15:46:00-05:00,TQQQ,55.147701263427734,55.20000076293945,55.13029861450195,55.198001861572266,47754
2026-01-07 15:47:00-05:00,TQQQ,55.20880126953125,55.220001220703125,55.17169952392578,55.205501556396484,111587
2026-01-07 15:48:00-05:00,TQQQ,55.20000076293945,55.209999084472656,55.15999984741211,55.17499923706055,69855
2026-01-07 15:49:00-05:00,TQQQ,55.18009948730469,55.18989944458008,55.150001525878906,55.17499923706055,62851
2026-01-07 15:50:00-05:00,TQQQ,55.189998626708984,55.25,55.189998626708984,55.234500885009766,207955
2026-01-07 15:51:00-05:00,TQQQ,55.22159957885742,55.2400016784668,55.17190170288086,55.18230056762695,140596
2026-01-07 15:52:00-05:00,TQQQ,55.18000030517578,55.25,55.170101165771484,55.22999954223633,175094
2026-01-07 15:53:00-05:00,TQQQ,55.231201171875,55.237998962402344,55.20000076293945,55.21500015258789,111999
2026-01-07 15:54:00-05:00,TQQQ,55.21500015258789,55.2400016784668,55.18000030517578,55.209999084472656,169080
2026-01-07 15:55:00-05:00,TQQQ,55.209999084472656,55.209999084472656,55.095001220703125,55.11000061035156,214146
2026-01-07 15:56:00-05:00,TQQQ,55.11000061035156,55.119998931884766,55.06999969482422,55.1150016784668,154618
2026-01-07 15:57:00-05:00,TQQQ,55.12519836425781,55.14939880371094,55.09000015258789,55.125,22903913
2026-01-07 15:58:00-05:00,TQQQ,55.125,55.13999938964844,55.095001220703125,55.1150016784668,0
2026-01-07 15:59:00-05:00,TQQQ,55.119998931884766,55.220001220703125,55.11989974975586,55.15999984741211,535473
2026-01-08 09:30:00-05:00,TQQQ,54.75,54.755001068115234,54.625,54.70000076293945,2177744
2026-01-08 09:31:00-05:00,TQQQ,54.60100173950195,54.70000076293945,54.54999923706055,54.58000183105469,318715
2026-01-08 09:32:00-05:00,TQQQ,54.56999969482422,54.72999954223633,54.52000045776367,54.6150016784668,382530
2026-01-08 09:33:00-05:00,TQQQ,54.619998931884766,54.70000076293945,54.459999084472656,54.54679870605469,411241
2026-01-08 09:34:00-05:00,TQQQ,54.529998779296875,54.560001373291016,54.279998779296875,54.375,469866
2026-01-08 09:35:00-05:00,TQQQ,54.36000061035156,54.470001220703125,54.33000183105469,54.380001068115234,388025
2026-01-08 09:36:00-05:00,TQQQ,54.380001068115234,54.45000076293945,54.314998626708984,54.349700927734375,472155
2026-01-08 09:37:00-05:00,TQQQ,54.36000061035156,54.5099983215332,54.349998474121094,54.40999984741211,434881
2026-01-08 09:38:00-05:00,TQQQ,54.404998779296875,54.40999984741211,54.18000030517578,54.244998931884766,464324
2026-01-08 09:39:00-05:00,TQQQ,54.25,54.36989974975586,54.18000030517578,54.189998626708984,263212
2026-01-08 09:40:00-05:00,TQQQ,54.189998626708984,54.284000396728516,54.11000061035156,54.279998779296875,509226
2026-01-08 09:41:00-05:00,TQQQ,54.2599983215332,54.3297004699707,54.15999984741211,54.1879997253418,334119
2026-01-08 09:42:00-05:00,TQQQ,54.18000030517578,54.220001220703125,53.86000061035156,53.93009948730469,827986
2026-01-08 09:43:00-05:00,TQQQ,53.93009948730469,53.970001220703125,53.83000183105469,53.84709930419922,411017
2026-01-08 09:44:00-05:00,TQQQ,53.84000015258789,53.87990188598633,53.775001525878906,53.81999969482422,321454
2026-01-08 09:45:00-05:00,TQQQ,53.810001373291016,53.81999969482422,53.65999984741211,53.79970169067383,637127
2026-01-08 09:46:00-05:00,TQQQ,53.79600143432617,54.029998779296875,53.75,54.029701232910156,441662
2026-01-08 09:47:00-05:00,TQQQ,54.02989959716797,54.16999816894531,54.025001525878906,54.150001525878906,390009
2026-01-08 09:48:00-05:00,TQQQ,54.150001525878906,54.16999816894531,53.959999084472656,54.025001525878906,338746
2026-01-08 09:49:00-05:00,TQQQ,54.02000045776367,54.109901428222656,53.9900016784668,54.005001068115234,285148
2026-01-08 09:50:00-05:00,TQQQ,54.0,54.0,53.85210037231445,53.91999816894531,472891
2026-01-08 09:51:00-05:00,TQQQ,53.915000915527344,53.95500183105469,53.810001373291016,53.909698486328125,511529
2026-01-08 09:52:00-05:00,TQQQ,53.900001525878906,54.11000061035156,53.869998931884766,54.06999969482422,503980
2026-01-08 09:53:00-05:00,TQQQ,54.07500076293945,54.09989929199219,53.93000030517578,53.9900016784668,290225
2026-01-08 09:54:00-05:00,TQQQ,54.0,54.13909912109375,53.97999954223633,54.01499938964844,494789
2026-01-08 09:55:00-05:00,TQQQ,54.01499938964844,54.05500030517578,53.930198669433594,53.95500183105469,273225
2026-01-08 09:56:00-05:00,TQQQ,53.970001220703125,53.974998474121094,53.849998474121094,53.85499954223633,264549
2026-01-08 09:57:00-05:00,TQQQ,53.849998474121094,53.880001068115234,53.720401763916016,53.87910079956055,481155
2026-01-08 09:58:00-05:00,TQQQ,53.869998931884766,53.91999816894531,53.810001373291016,53.84809875488281,315634
2026-01-08 09:59:00-05:00,TQQQ,53.8494987487793,53.86479949951172,53.70000076293945,53.720001220703125,267257
2026-01-08 10:00:00-05:00,TQQQ,53.70000076293945,53.7400016784668,53.59000015258789,53.625999450683594,830837
2026-01-08 10:01:00-05:00,TQQQ,53.630001068115234,53.65999984741211,53.529998779296875,53.604000091552734,733293
2026-01-08 10:02:00-05:00,TQQQ,53.599998474121094,53.654998779296875,53.5,53.5890007019043,333161
2026-01-08 10:03:00-05:00,TQQQ,53.58000183105469,53.63999938964844,53.494998931884766,53.61000061035156,268911
2026-01-08 10:04:00-05:00,TQQQ,53.60499954223633,53.7760009765625,53.54999923706055,53.754600524902344,242935
2026-01-08 10:05:00-05:00,TQQQ,53.73649978637695,53.98500061035156,53.70000076293945,53.929901123046875,574067
2026-01-08 10:06:00-05:00,TQQQ,53.93000030517578,54.00899887084961,53.84000015258789,53.89500045776367,302256
2026-01-08 10:07:00-05:00,TQQQ,53.875999450683594,54.040000915527344,53.87099838256836,54.01499938964844,383244
2026-01-08 10:08:00-05:00,TQQQ,54.025001525878906,54.18989944458008,54.0,54.14500045776367,383660
2026-01-08 10:09:00-05:00,TQQQ,54.150001525878906,54.20000076293945,54.08000183105469,54.18989944458008,311556
2026-01-08 10:10:00-05:00,TQQQ,54.18989944458008,54.189998626708984,54.114498138427734,54.15999984741211,250435
2026-01-08 10:11:00-05:00,TQQQ,54.15999984741211,54.15999984741211,54.02000045776367,54.0713996887207,401754
2026-01-08 10:12:00-05:00,TQQQ,54.07160186767578,54.209999084472656,54.06460189819336,54.186798095703125,316373
2026-01-08 10:13:00-05:00,TQQQ,54.189998626708984,54.20500183105469,54.119998931884766,54.130001068115234,217249
2026-01-08 10:14:00-05:00,TQQQ,54.1349983215332,54.20000076293945,54.11000061035156,54.185001373291016,195304
2026-01-08 10:15:00-05:00,TQQQ,54.189998626708984,54.19499969482422,54.119998931884766,54.19499969482422,118327
2026-01-08 10:16:00-05:00,TQQQ,54.189998626708984,54.279998779296875,54.18000030517578,54.244998931884766,240593
2026-01-08 10:17:00-05:00,TQQQ,54.24440002441406,54.25680160522461,54.119998931884766,54.154998779296875,136037
2026-01-08 10:18:00-05:00,TQQQ,54.16999816894531,54.310001373291016,54.16239929199219,54.29999923706055,175371
2026-01-08 10:19:00-05:00,TQQQ,54.29499816894531,54.31999969482422,54.224998474121094,54.224998474121094,206017
2026-01-08 10:20:00-05:00,TQQQ,54.2400016784668,54.26559829711914,54.20000076293945,54.21989822387695,140921
2026-01-08 10:21:00-05:00,TQQQ,54.220001220703125,54.29050064086914,54.20000076293945,54.20500183105469,168102
2026-01-08 10:22:00-05:00,TQQQ,54.20009994506836,54.2599983215332,54.150001525878906,54.16999816894531,242395
2026-01-08 10:23:00-05:00,TQQQ,54.17499923706055,54.25,54.17499923706055,54.22999954223633,112540
2026-01-08 10:24:00-05:00,TQQQ,54.22999954223633,54.349998474121094,54.21260070800781,54.275001525878906,180158
2026-01-08 10:25:00-05:00,TQQQ,54.275001525878906,54.33000183105469,54.26499938964844,54.27000045776367,160305
2026-01-08 10:26:00-05:00,TQQQ,54.27000045776367,54.290000915527344,54.21989822387695,54.27000045776367,152793
2026-01-08 10:27:00-05:00,TQQQ,54.275001525878906,54.295501708984375,54.20000076293945,54.244998931884766,155923
2026-01-08 10:28:00-05:00,TQQQ,54.2400016784668,54.40079879760742,54.22999954223633,54.3494987487793,315129
2026-01-08 10:29:00-05:00,TQQQ,54.345001220703125,54.345001220703125,54.275001525878906,54.30500030517578,119239
2026-01-08 10:30:00-05:00,TQQQ,54.310001373291016,54.310001373291016,54.18600082397461,54.25,196512
2026-01-08 10:31:00-05:00,TQQQ,54.23500061035156,54.31999969482422,54.209999084472656,54.301300048828125,106014
2026-01-08 10:32:00-05:00,TQQQ,54.290000915527344,54.35820007324219,54.26100158691406,54.290000915527344,140720
2026-01-08 10:33:00-05:00,TQQQ,54.28499984741211,54.28499984741211,54.150001525878906,54.19499969482422,121046
2026-01-08 10:34:00-05:00,TQQQ,54.20000076293945,54.20000076293945,54.099998474121094,54.11000061035156,210145
2026-01-08 10:35:00-05:00,TQQQ,54.11000061035156,54.1255989074707,54.040000915527344,54.040000915527344,177957
2026-01-08 10:36:00-05:00,TQQQ,54.04499816894531,54.04499816894531,53.88999938964844,53.90999984741211,352500
2026-01-08 10:37:00-05:00,TQQQ,53.90999984741211,53.91999816894531,53.845001220703125,53.880001068115234,216880
2026-01-08 10:38:00-05:00,TQQQ,53.875,53.959999084472656,53.849998474121094,53.90999984741211,239574
2026-01-08 10:39:00-05:00,TQQQ,53.917999267578125,54.119998931884766,53.904998779296875,54.08000183105469,280067
2026-01-08 10:40:00-05:00,TQQQ,54.08000183105469,54.150001525878906,54.02000045776367,54.13999938964844,167011
2026-01-08 10:41:00-05:00,TQQQ,54.150001525878906,54.275001525878906,54.13999938964844,54.269500732421875,279911
2026-01-08 10:42:00-05:00,TQQQ,54.27000045776367,54.309200286865234,54.119998931884766,54.209999084472656,145780
2026-01-08 10:43:00-05:00,TQQQ,54.209999084472656,54.290000915527344,54.18009948730469,54.26499938964844,69355
2026-01-08 10:44:00-05:00,TQQQ,54.268699645996094,54.281898498535156,54.20000076293945,54.21500015258789,107193
2026-01-08 10:45:00-05:00,TQQQ,54.220001220703125,54.27000045776367,54.18000030517578,54.20000076293945,90885
2026-01-08 10:46:00-05:00,TQQQ,54.19499969482422,54.209999084472656,54.09000015258789,54.125,11681835
2026-01-08 10:47:00-05:00,TQQQ,54.1150016784668,54.14759826660156,54.0099983215332,54.025001525878906,0
2026-01-08 10:48:00-05:00,TQQQ,54.025001525878906,54.06990051269531,53.9900016784668,54.04999923706055,115560
2026-01-08 10:49:00-05:00,TQQQ,54.041099548339844,54.08000183105469,53.9900016784668,54.029998779296875,138735
2026-01-08 10:50:00-05:00,TQQQ,54.03499984741211,54.064998626708984,53.98500061035156,54.040000915527344,56463
2026-01-08 10:51:00-05:00,TQQQ,54.04499816894531,54.057498931884766,53.90999984741211,53.959999084472656,147168
2026-01-08 10:52:00-05:00,TQQQ,53.95500183105469,53.970001220703125,53.90999984741211,53.94499969482422,62032
2026-01-08 10:53:00-05:00,TQQQ,53.94820022583008,53.94820022583008,53.85499954223633,53.8849983215332,150843
2026-01-08 10:54:00-05:00,TQQQ,53.88130187988281,53.904998779296875,53.77000045776367,53.790000915527344,253049
2026-01-08 10:55:00-05:00,TQQQ,53.790000915527344,53.875,53.779998779296875,53.849998474121094,231020
2026-01-08 10:56:00-05:00,TQQQ,53.849998474121094,53.849998474121094,53.75,53.82600021362305,219111
2026-01-08 10:57:00-05:00,TQQQ,53.82400131225586,53.939998626708984,53.80459976196289,53.91999816894531,171087
2026-01-08 10:58:00-05:00,TQQQ,53.9193000793457,54.18000030517578,53.9193000793457,54.1599006652832,216140
2026-01-08 10:59:00-05:00,TQQQ,54.154998779296875,54.220001220703125,54.154998779296875,54.21989822387695,209352
2026-01-08 11:00:00-05:00,TQQQ,54.224998474121094,54.22600173950195,54.119998931884766,54.18000030517578,191601
2026-01-08 11:01:00-05:00,TQQQ,54.18000030517578,54.19499969482422,54.08000183105469,54.16999816894531,125082
2026-01-08 11:02:00-05:00,TQQQ,54.154998779296875,54.18000030517578,54.119998931884766,54.119998931884766,95919
2026-01-08 11:03:00-05:00,TQQQ,54.12009811401367,54.150001525878906,54.095001220703125,54.13570022583008,82196
2026-01-08 11:04:00-05:00,TQQQ,54.13999938964844,54.185001373291016,54.119998931884766,54.16559982299805,67830
2026-01-08 11:05:00-05:00,TQQQ,54.15999984741211,54.16999816894531,54.02000045776367,54.04970169067383,128947
2026-01-08 11:06:00-05:00,TQQQ,54.060001373291016,54.16999816894531,54.04499816894531,54.100101470947266,49183
2026-01-08 11:07:00-05:00,TQQQ,54.099998474121094,54.126399993896484,54.0099983215332,54.013999938964844,75982
2026-01-08 11:08:00-05:00,TQQQ,54.01499938964844,54.019500732421875,53.9119987487793,53.915000915527344,165839
2026-01-08 11:09:00-05:00,TQQQ,53.90999984741211,53.95000076293945,53.9026985168457,53.95000076293945,75014
2026-01-08 11:10:00-05:00,TQQQ,53.964500427246094,53.970001220703125,53.850101470947266,53.919898986816406,133671
2026-01-08 11:11:00-05:00,TQQQ,53.90999984741211,54.0099983215332,53.89500045776367,54.0,209257
2026-01-08 11:12:00-05:00,TQQQ,53.994998931884766,54.08430099487305,53.9900016784668,54.08430099487305,230477
2026-01-08 11:13:00-05:00,TQQQ,54.08000183105469,54.089900970458984,53.88119888305664,53.935001373291016,115959
2026-01-08 11:14:00-05:00,TQQQ,53.935001373291016,53.95819854736328,53.90060043334961,53.904998779296875,44257
2026-01-08 11:15:00-05:00,TQQQ,53.904998779296875,53.939998626708984,53.85499954223633,53.86989974975586,256741
2026-01-08 11:16:00-05:00,TQQQ,53.869998931884766,53.869998931884766,53.77000045776367,53.84000015258789,297585
2026-01-08 11:17:00-05:00,TQQQ,53.83250045776367,53.93939971923828,53.82600021362305,53.90999984741211,149425
2026-01-08 11:18:00-05:00,TQQQ,53.904998779296875,53.9900016784668,53.869998931884766,53.92499923706055,269279
2026-01-08 11:19:00-05:00,TQQQ,53.93000030517578,53.959999084472656,53.86399841308594,53.95560073852539,158559
2026-01-08 11:20:00-05:00,TQQQ,53.95500183105469,54.060001373291016,53.95500183105469,54.05099868774414,146946
2026-01-08 11:21:00-05:00,TQQQ,54.05500030517578,54.119998931884766,54.04999923706055,54.09280014038086,151762
2026-01-08 11:22:00-05:00,TQQQ,54.09000015258789,54.09000015258789,54.02000045776367,54.03010177612305,145496
2026-01-08 11:23:00-05:00,TQQQ,54.029998779296875,54.0900993347168,53.959999084472656,53.98500061035156,88924
2026-01-08 11:24:00-05:00,TQQQ,53.97999954223633,53.97999954223633,53.88999938964844,53.91999816894531,82178
2026-01-08 11:25:00-05:00,TQQQ,53.91999816894531,53.935001373291016,53.820098876953125,53.91999816894531,127969
2026-01-08 11:26:00-05:00,TQQQ,53.924400329589844,54.01499938964844,53.90999984741211,53.96989822387695,183534
2026-01-08 11:27:00-05:00,TQQQ,53.95000076293945,53.95000076293945,53.86000061035156,53.86000061035156,109572
2026-01-08 11:28:00-05:00,TQQQ,53.86629867553711,53.898399353027344,53.8297004699707,53.8849983215332,150563
2026-01-08 11:29:00-05:00,TQQQ,53.880001068115234,53.88999938964844,53.83000183105469,53.83060073852539,66486
2026-01-08 11:30:00-05:00,TQQQ,53.81999969482422,53.8650016784668,53.744998931884766,53.86000061035156,305315
2026-01-08 11:31:00-05:00,TQQQ,53.85499954223633,53.88999938964844,53.790000915527344,53.869998931884766,73379
2026-01-08 11:32:00-05:00,TQQQ,53.86800003051758,53.90999984741211,53.810001373291016,53.8484001159668,184528
2026-01-08 11:33:00-05:00,TQQQ,53.849998474121094,53.875,53.83000183105469,53.849998474121094,75094
2026-01-08 11:34:00-05:00,TQQQ,53.849998474121094,53.869998931884766,53.7599983215332,53.781898498535156,204313
2026-01-08 11:35:00-05:00,TQQQ,53.78499984741211,53.79999923706055,53.650001525878906,53.6885986328125,347128
2026-01-08 11:36:00-05:00,TQQQ,53.68539810180664,53.70500183105469,53.58000183105469,53.60499954223633,247905
2026-01-08 11:37:00-05:00,TQQQ,53.6349983215332,53.689998626708984,53.61000061035156,53.67499923706055,72085
2026-01-08 11:38:00-05:00,TQQQ,53.66999816894531,53.81999969482422,53.65010070800781,53.81999969482422,261805
2026-01-08 11:39:00-05:00,TQQQ,53.83000183105469,53.900001525878906,53.810001373291016,53.81800079345703,247654
2026-01-08 11:40:00-05:00,TQQQ,53.83599853515625,53.900001525878906,53.81010055541992,53.880001068115234,90427
2026-01-08 11:41:00-05:00,TQQQ,53.87900161743164,53.947898864746094,53.86000061035156,53.917999267578125,214901
2026-01-08 11:42:00-05:00,TQQQ,53.90999984741211,53.990699768066406,53.88999938964844,53.97999954223633,148979
2026-01-08 11:43:00-05:00,TQQQ,53.98440170288086,54.0099983215332,53.94340133666992,53.974998474121094,191555
2026-01-08 11:44:00-05:00,TQQQ,53.981998443603516,54.00870132446289,53.959999084472656,53.98500061035156,57709
2026-01-08 11:45:00-05:00,TQQQ,53.9900016784668,54.09000015258789,53.98500061035156,54.089698791503906,206900
2026-01-08 11:46:00-05:00,TQQQ,54.087501525878906,54.18000030517578,54.08000183105469,54.099998474121094,323744
2026-01-08 11:47:00-05:00,TQQQ,54.099998474121094,54.13460159301758,54.060001373291016,54.119998931884766,118871
2026-01-08 11:48:00-05:00,TQQQ,54.11669921875,54.16999816894531,54.095001220703125,54.15999984741211,151203
2026-01-08 11:49:00-05:00,TQQQ,54.167999267578125,54.16999816894531,54.060001373291016,54.106998443603516,148087
2026-01-08 11:50:00-05:00,TQQQ,54.10499954223633,54.12860107421875,54.07500076293945,54.07500076293945,93381
2026-01-08 11:51:00-05:00,TQQQ,54.06999969482422,54.06999969482422,54.0099983215332,54.02000045776367,113637
2026-01-08 11:52:00-05:00,TQQQ,54.0099983215332,54.0099983215332,53.900001525878906,53.909698486328125,223688
2026-01-08 11:53:00-05:00,TQQQ,53.915000915527344,53.95000076293945,53.88999938964844,53.915000915527344,162440
2026-01-08 11:54:00-05:00,TQQQ,53.88999938964844,53.970001220703125,53.88180160522461,53.94929885864258,119758
2026-01-08 11:55:00-05:00,TQQQ,53.95000076293945,54.0099983215332,53.90999984741211,54.0099983215332,173404
2026-01-08 11:56:00-05:00,TQQQ,54.005001068115234,54.04069900512695,53.97999954223633,54.025001525878906,122313
2026-01-08 11:57:00-05:00,TQQQ,54.029998779296875,54.04999923706055,54.0099983215332,54.04499816894531,14709283
2026-01-08 11:58:00-05:00,TQQQ,54.04169845581055,54.08980178833008,54.029998779296875,54.079898834228516,0
2026-01-08 11:59:00-05:00,TQQQ,54.07500076293945,54.14500045776367,54.071998596191406,54.125,66191
2026-01-08 12:00:00-05:00,TQQQ,54.125,54.150001525878906,54.060001373291016,54.060001373291016,151243
2026-01-08 12:01:00-05:00,TQQQ,54.064998626708984,54.06560134887695,54.01499938964844,54.03990173339844,118013
2026-01-08 12:02:00-05:00,TQQQ,54.040000915527344,54.079898834228516,53.97999954223633,53.98080062866211,94511
2026-01-08 12:03:00-05:00,TQQQ,53.9900016784668,54.0099983215332,53.959999084472656,53.98249816894531,110614
2026-01-08 12:04:00-05:00,TQQQ,53.974998474121094,54.0,53.95009994506836,53.99599838256836,190290
2026-01-08 12:05:00-05:00,TQQQ,53.997398376464844,53.997398376464844,53.939998626708984,53.959999084472656,103892
2026-01-08 12:06:00-05:00,TQQQ,53.95500183105469,53.974998474121094,53.915000915527344,53.942298889160156,47295
2026-01-08 12:07:00-05:00,TQQQ,53.939998626708984,53.97999954223633,53.93009948730469,53.95600128173828,56924
2026-01-08 12:08:00-05:00,TQQQ,53.959999084472656,54.029998779296875,53.95500183105469,53.98500061035156,63515
2026-01-08 12:09:00-05:00,TQQQ,53.9900016784668,54.0,53.939998626708984,53.970001220703125,101803
2026-01-08 12:10:00-05:00,TQQQ,53.959999084472656,53.959999084472656,53.92499923706055,53.939998626708984,57476
2026-01-08 12:11:00-05:00,TQQQ,53.93000030517578,53.970001220703125,53.92060089111328,53.959999084472656,82903
2026-01-08 12:12:00-05:00,TQQQ,53.96989822387695,53.98460006713867,53.900001525878906,53.910099029541016,78177
2026-01-08 12:13:00-05:00,TQQQ,53.911399841308594,53.968299865722656,53.900699615478516,53.96500015258789,25686
2026-01-08 12:14:00-05:00,TQQQ,53.96500015258789,54.02000045776367,53.96009826660156,54.000701904296875,48019
2026-01-08 12:15:00-05:00,TQQQ,54.007598876953125,54.019901275634766,53.95000076293945,54.0,148919
2026-01-08 12:16:00-05:00,TQQQ,54.0,54.08000183105469,53.9900016784668,54.05500030517578,85326
2026-01-08 12:17:00-05:00,TQQQ,54.04999923706055,54.067501068115234,54.02000045776367,54.040000915527344,92290
2026-01-08 12:18:00-05:00,TQQQ,54.04499816894531,54.08000183105469,54.029998779296875,54.07500076293945,80768
2026-01-08 12:19:00-05:00,TQQQ,54.079498291015625,54.14830017089844,54.0629997253418,54.13520050048828,74747
2026-01-08 12:20:00-05:00,TQQQ,54.150001525878906,54.16999816894531,54.099998474121094,54.150001525878906,129810
2026-01-08 12:21:00-05:00,TQQQ,54.152400970458984,54.178001403808594,54.14099884033203,54.162601470947266,64449
2026-01-08 12:22:00-05:00,TQQQ,54.16999816894531,54.18000030517578,54.0620002746582,54.08000183105469,67816
2026-01-08 12:23:00-05:00,TQQQ,54.080101013183594,54.09000015258789,54.040000915527344,54.04600143432617,47916
2026-01-08 12:24:00-05:00,TQQQ,54.04999923706055,54.08720016479492,54.029998779296875,54.03049850463867,38026
2026-01-08 12:25:00-05:00,TQQQ,54.019100189208984,54.019100189208984,53.959999084472656,53.96500015258789,56771
2026-01-08 12:26:00-05:00,TQQQ,53.95500183105469,53.958099365234375,53.869998931884766,53.869998931884766,96076
2026-01-08 12:27:00-05:00,TQQQ,53.875,53.959999084472656,53.84080123901367,53.95000076293945,102041
2026-01-08 12:28:00-05:00,TQQQ,53.950401306152344,53.970001220703125,53.904998779296875,53.95000076293945,178284
2026-01-08 12:29:00-05:00,TQQQ,53.95000076293945,53.95000076293945,53.900001525878906,53.9099006652832,67834
2026-01-08 12:30:00-05:00,TQQQ,53.90999984741211,54.01499938964844,53.900001525878906,53.939998626708984,149399
2026-01-08 12:31:00-05:00,TQQQ,53.94499969482422,54.040000915527344,53.93000030517578,54.0,84917
2026-01-08 12:32:00-05:00,TQQQ,54.01499938964844,54.099998474121094,54.012699127197266,54.099998474121094,93499
2026-01-08 12:33:00-05:00,TQQQ,54.11000061035156,54.11000061035156,54.06999969482422,54.084999084472656,63051
2026-01-08 12:34:00-05:00,TQQQ,54.09000015258789,54.095001220703125,54.03200149536133,54.060001373291016,47252
2026-01-08 12:35:00-05:00,TQQQ,54.064998626708984,54.11000061035156,54.060001373291016,54.095001220703125,31041
2026-01-08 12:36:00-05:00,TQQQ,54.09400177001953,54.10499954223633,54.08000183105469,54.09000015258789,62045
2026-01-08 12:37:00-05:00,TQQQ,54.0900993347168,54.11000061035156,54.060001373291016,54.08000183105469,62793
2026-01-08 12:38:00-05:00,TQQQ,54.08000183105469,54.084999084472656,54.040000915527344,54.06999969482422,34196
2026-01-08 12:39:00-05:00,TQQQ,54.060001373291016,54.097900390625,54.04079818725586,54.084999084472656,37301
2026-01-08 12:40:00-05:00,TQQQ,54.084999084472656,54.11000061035156,54.060001373291016,54.09560012817383,40355
2026-01-08 12:41:00-05:00,TQQQ,54.099998474121094,54.165000915527344,54.099998474121094,54.150001525878906,90128
2026-01-08 12:42:00-05:00,TQQQ,54.150001525878906,54.189998626708984,54.119998931884766,54.140098571777344,89500
2026-01-08 12:43:00-05:00,TQQQ,54.15739822387695,54.158599853515625,54.11000061035156,54.12879943847656,52864
2026-01-08 12:44:00-05:00,TQQQ,54.125,54.14500045776367,54.10919952392578,54.13999938964844,53934
2026-01-08 12:45:00-05:00,TQQQ,54.14500045776367,54.189998626708984,54.13999938964844,54.18000030517578,96865
2026-01-08 12:46:00-05:00,TQQQ,54.17499923706055,54.20000076293945,54.13999938964844,54.16749954223633,130053
2026-01-08 12:47:00-05:00,TQQQ,54.16239929199219,54.20000076293945,54.1531982421875,54.185001373291016,57127
2026-01-08 12:48:00-05:00,TQQQ,54.18439865112305,54.20000076293945,54.15999984741211,54.16999816894531,112410
2026-01-08 12:49:00-05:00,TQQQ,54.165000915527344,54.2400016784668,54.15999984741211,54.220001220703125,198097
2026-01-08 12:50:00-05:00,TQQQ,54.220001220703125,54.279998779296875,54.220001220703125,54.2599983215332,530852
2026-01-08 12:51:00-05:00,TQQQ,54.255001068115234,54.290000915527344,54.25,54.2599983215332,127585
2026-01-08 12:52:00-05:00,TQQQ,54.269901275634766,54.33000183105469,54.269901275634766,54.314998626708984,201283
2026-01-08 12:53:00-05:00,TQQQ,54.314998626708984,54.31999969482422,54.279998779296875,54.31990051269531,83321
2026-01-08 12:54:00-05:00,TQQQ,54.319801330566406,54.33000183105469,54.28459930419922,54.290000915527344,59049
2026-01-08 12:55:00-05:00,TQQQ,54.29909896850586,54.307498931884766,54.241798400878906,54.244998931884766,70220
2026-01-08 12:56:00-05:00,TQQQ,54.25,54.286598205566406,54.249900817871094,54.268699645996094,46767
2026-01-08 12:57:00-05:00,TQQQ,54.26499938964844,54.285499572753906,54.255001068115234,54.26679992675781,86555
2026-01-08 12:58:00-05:00,TQQQ,54.275001525878906,54.275001525878906,54.18000030517578,54.185001373291016,118540
2026-01-08 12:59:00-05:00,TQQQ,54.189998626708984,54.220001220703125,54.15999984741211,54.18000030517578,135494
2026-01-08 13:00:00-05:00,TQQQ,54.18920135498047,54.20000076293945,54.13999938964844,54.19559860229492,274084
2026-01-08 13:01:00-05:00,TQQQ,54.20000076293945,54.20560073852539,54.17110061645508,54.20000076293945,82967
2026-01-08 13:02:00-05:00,TQQQ,54.194400787353516,54.194400787353516,54.10129928588867,54.10499954223633,86201
2026-01-08 13:03:00-05:00,TQQQ,54.099998474121094,54.11000061035156,54.060001373291016,54.095001220703125,98798
2026-01-08 13:04:00-05:00,TQQQ,54.099998474121094,54.16999816894531,54.095001220703125,54.119998931884766,206310
2026-01-08 13:05:00-05:00,TQQQ,54.10499954223633,54.107398986816406,54.03160095214844,54.04999923706055,76096
2026-01-08 13:06:00-05:00,TQQQ,54.040000915527344,54.07059860229492,54.01129913330078,54.04499816894531,79979
2026-01-08 13:07:00-05:00,TQQQ,54.040000915527344,54.060001373291016,54.0099983215332,54.03990173339844,113092
2026-01-08 13:08:00-05:00,TQQQ,54.029998779296875,54.029998779296875,53.96500015258789,53.9900016784668,134750
2026-01-08 13:09:00-05:00,TQQQ,53.990699768066406,54.01750183105469,53.972599029541016,54.005001068115234,81371
2026-01-08 13:10:00-05:00,TQQQ,54.02199935913086,54.02199935913086,53.959999084472656,53.976200103759766,62915
2026-01-08 13:11:00-05:00,TQQQ,53.970298767089844,53.970298767089844,53.875,53.924598693847656,119461
2026-01-08 13:12:00-05:00,TQQQ,53.92499923706055,53.93000030517578,53.875,53.904998779296875,135174
2026-01-08 13:13:00-05:00,TQQQ,53.90700149536133,53.90999984741211,53.810001373291016,53.83000183105469,114205
2026-01-08 13:14:00-05:00,TQQQ,53.82460021972656,53.8650016784668,53.810001373291016,53.834999084472656,132392
2026-01-08 13:15:00-05:00,TQQQ,53.846900939941406,53.880001068115234,53.79999923706055,53.869998931884766,16929365
2026-01-08 13:16:00-05:00,TQQQ,53.867401123046875,53.88999938964844,53.849998474121094,53.88990020751953,0
2026-01-08 13:17:00-05:00,TQQQ,53.88999938964844,53.9900016784668,53.874000549316406,53.97010040283203,218979
2026-01-08 13:18:00-05:00,TQQQ,53.977298736572266,53.989898681640625,53.935001373291016,53.970001220703125,122680
2026-01-08 13:19:00-05:00,TQQQ,53.98379898071289,54.07500076293945,53.970001220703125,54.070098876953125,193362
2026-01-08 13:20:00-05:00,TQQQ,54.0713996887207,54.11000061035156,54.060001373291016,54.095001220703125,139813
2026-01-08 13:21:00-05:00,TQQQ,54.099998474121094,54.099998474121094,54.02000045776367,54.029998779296875,78465
2026-01-08 13:22:00-05:00,TQQQ,54.03239822387695,54.040000915527344,53.93000030517578,53.95000076293945,133719
2026-01-08 13:23:00-05:00,TQQQ,53.94499969482422,53.970001220703125,53.939998626708984,53.959999084472656,30042
2026-01-08 13:24:00-05:00,TQQQ,53.96500015258789,53.987998962402344,53.959999084472656,53.970001220703125,41017
2026-01-08 13:25:00-05:00,TQQQ,53.97999954223633,54.0,53.94499969482422,53.959999084472656,26319
2026-01-08 13:26:00-05:00,TQQQ,53.959999084472656,54.019901275634766,53.935001373291016,54.00400161743164,25437
2026-01-08 13:27:00-05:00,TQQQ,54.004398345947266,54.06990051269531,54.0,54.060001373291016,51150
2026-01-08 13:28:00-05:00,TQQQ,54.069698333740234,54.07809829711914,54.040000915527344,54.060001373291016,51566
2026-01-08 13:29:00-05:00,TQQQ,54.04999923706055,54.05500030517578,54.02000045776367,54.04499816894531,49016
2026-01-08 13:30:00-05:00,TQQQ,54.04999923706055,54.067901611328125,53.9900016784668,54.060001373291016,117986
2026-01-08 13:31:00-05:00,TQQQ,54.06010055541992,54.06740188598633,54.004398345947266,54.005001068115234,17334902
2026-01-08 13:32:00-05:00,TQQQ,54.005001068115234,54.025001525878906,53.980098724365234,54.005001068115234,0
2026-01-08 13:33:00-05:00,TQQQ,54.0098991394043,54.02840042114258,53.982398986816406,54.005001068115234,24856
2026-01-08 13:34:00-05:00,TQQQ,54.005001068115234,54.01499938964844,53.97999954223633,53.97999954223633,18244
2026-01-08 13:35:00-05:00,TQQQ,53.9900016784668,54.099998474121094,53.9900016784668,54.084999084472656,43223
2026-01-08 13:36:00-05:00,TQQQ,54.084999084472656,54.099998474121094,54.07350158691406,54.087501525878906,78112
2026-01-08 13:37:00-05:00,TQQQ,54.084999084472656,54.085601806640625,54.02399826049805,54.0359992980957,53000
2026-01-08 13:38:00-05:00,TQQQ,54.041099548339844,54.060001373291016,54.0099983215332,54.05500030517578,24923
2026-01-08 13:39:00-05:00,TQQQ,54.05500030517578,54.060001373291016,54.02399826049805,54.029998779296875,17692
2026-01-08 13:40:00-05:00,TQQQ,54.03499984741211,54.04499816894531,54.0099983215332,54.025001525878906,23629
2026-01-08 13:41:00-05:00,TQQQ,54.02000045776367,54.06999969482422,54.0099983215332,54.04069900512695,39222
2026-01-08 13:42:00-05:00,TQQQ,54.04999923706055,54.088600158691406,54.01499938964844,54.084999084472656,45946
2026-01-08 13:43:00-05:00,TQQQ,54.084999084472656,54.084999084472656,54.04159927368164,54.05459976196289,21980
2026-01-08 13:44:00-05:00,TQQQ,54.04499816894531,54.06890106201172,54.029998779296875,54.056800842285156,28510
2026-01-08 13:45:00-05:00,TQQQ,54.060001373291016,54.06990051269531,54.00230026245117,54.01499938964844,59344
2026-01-08 13:46:00-05:00,TQQQ,54.014400482177734,54.119998931884766,54.012001037597656,54.11000061035156,77260
2026-01-08 13:47:00-05:00,TQQQ,54.11000061035156,54.13990020751953,54.085601806640625,54.1349983215332,72132
2026-01-08 13:48:00-05:00,TQQQ,54.13930130004883,54.1599006652832,54.10499954223633,54.10499954223633,90345
2026-01-08 13:49:00-05:00,TQQQ,54.11000061035156,54.119998931884766,54.08000183105469,54.106998443603516,41708
2026-01-08 13:50:00-05:00,TQQQ,54.11000061035156,54.119998931884766,54.029998779296875,54.04499816894531,64848
2026-01-08 13:51:00-05:00,TQQQ,54.04999923706055,54.06999969482422,53.9900016784668,54.0099983215332,167449
2026-01-08 13:52:00-05:00,TQQQ,54.0099983215332,54.0099983215332,53.94139862060547,53.95000076293945,86204
2026-01-08 13:53:00-05:00,TQQQ,53.95500183105469,53.959999084472656,53.91999816894531,53.95009994506836,70440
2026-01-08 13:54:00-05:00,TQQQ,53.95000076293945,53.95750045776367,53.900001525878906,53.900001525878906,90380
2026-01-08 13:55:00-05:00,TQQQ,53.900001525878906,53.93159866333008,53.880001068115234,53.8849983215332,71528
2026-01-08 13:56:00-05:00,TQQQ,53.897701263427734,53.897701263427734,53.86000061035156,53.874000549316406,54788
2026-01-08 13:57:00-05:00,TQQQ,53.875999450683594,53.880001068115234,53.84000015258789,53.8656005859375,98160
2026-01-08 13:58:00-05:00,TQQQ,53.86819839477539,53.875,53.84000015258789,53.849998474121094,65488
2026-01-08 13:59:00-05:00,TQQQ,53.84000015258789,53.90739822387695,53.837501525878906,53.87799835205078,67710
2026-01-08 14:00:00-05:00,TQQQ,53.86009979248047,53.90999984741211,53.849998474121094,53.8650016784668,255613
2026-01-08 14:01:00-05:00,TQQQ,53.86000061035156,53.89500045776367,53.842498779296875,53.89500045776367,73285
2026-01-08 14:02:00-05:00,TQQQ,53.900001525878906,53.959999084472656,53.8849983215332,53.946800231933594,97698
2026-01-08 14:03:00-05:00,TQQQ,53.95199966430664,54.040000915527344,53.95000076293945,54.03919982910156,153865
2026-01-08 14:04:00-05:00,TQQQ,54.03010177612305,54.03499984741211,53.970001220703125,53.974998474121094,95841
2026-01-08 14:05:00-05:00,TQQQ,53.97800064086914,54.029998779296875,53.970001220703125,54.0260009765625,92083
2026-01-08 14:06:00-05:00,TQQQ,54.02000045776367,54.026798248291016,53.97999954223633,53.996700286865234,103831
2026-01-08 14:07:00-05:00,TQQQ,53.9900016784668,53.9900016784668,53.935001373291016,53.97090148925781,100664
2026-01-08 14:08:00-05:00,TQQQ,53.974998474121094,53.9900016784668,53.95500183105469,53.96110153198242,43237
2026-01-08 14:09:00-05:00,TQQQ,53.97930145263672,54.0,53.93009948730469,53.934600830078125,31583
2026-01-08 14:10:00-05:00,TQQQ,53.92499923706055,53.929901123046875,53.834999084472656,53.84749984741211,149585
2026-01-08 14:11:00-05:00,TQQQ,53.84000015258789,53.84000015258789,53.790000915527344,53.810001373291016,187709
2026-01-08 14:12:00-05:00,TQQQ,53.810001373291016,53.829200744628906,53.78559875488281,53.81999969482422,39079
2026-01-08 14:13:00-05:00,TQQQ,53.82849884033203,53.83000183105469,53.79029846191406,53.79029846191406,87218
2026-01-08 14:14:00-05:00,TQQQ,53.79499816894531,53.79750061035156,53.7599983215332,53.769901275634766,97992
2026-01-08 14:15:00-05:00,TQQQ,53.76499938964844,53.77000045776367,53.66999816894531,53.72209930419922,291310
2026-01-08 14:16:00-05:00,TQQQ,53.724998474121094,53.72999954223633,53.6515007019043,53.68000030517578,85547
2026-01-08 14:17:00-05:00,TQQQ,53.685001373291016,53.814998626708984,53.68000030517578,53.808101654052734,102345
2026-01-08 14:18:00-05:00,TQQQ,53.805599212646484,53.86000061035156,53.790000915527344,53.79499816894531,221525
2026-01-08 14:19:00-05:00,TQQQ,53.79499816894531,53.875999450683594,53.790000915527344,53.875999450683594,110206
2026-01-08 14:20:00-05:00,TQQQ,53.878700256347656,53.96500015258789,53.869998931884766,53.95989990234375,141445
2026-01-08 14:21:00-05:00,TQQQ,53.95000076293945,53.97999954223633,53.86000061035156,53.8650016784668,19131903
2026-01-08 14:22:00-05:00,TQQQ,53.86249923706055,53.90999984741211,53.849998474121094,53.85499954223633,0
2026-01-08 14:23:00-05:00,TQQQ,53.85459899902344,53.859500885009766,53.79999923706055,53.84000015258789,19062273
2026-01-08 14:24:00-05:00,TQQQ,53.84989929199219,53.877498626708984,53.82500076293945,53.84000015258789,0
2026-01-08 14:25:00-05:00,TQQQ,53.8400993347168,53.84130096435547,53.79999923706055,53.814998626708984,37703
2026-01-08 14:26:00-05:00,TQQQ,53.81010055541992,53.834999084472656,53.79999923706055,53.820098876953125,81162
2026-01-08 14:27:00-05:00,TQQQ,53.82979965209961,53.847999572753906,53.81100082397461,53.820098876953125,37779
2026-01-08 14:28:00-05:00,TQQQ,53.837799072265625,53.85499954223633,53.810001373291016,53.820701599121094,37564
2026-01-08 14:29:00-05:00,TQQQ,53.8213005065918,53.849998474121094,53.8213005065918,53.834999084472656,22846
2026-01-08 14:30:00-05:00,TQQQ,53.84000015258789,53.900001525878906,53.84000015258789,53.88999938964844,70889
2026-01-08 14:31:00-05:00,TQQQ,53.900001525878906,53.95000076293945,53.88999938964844,53.93000030517578,59756
2026-01-08 14:32:00-05:00,TQQQ,53.9296989440918,53.959999084472656,53.92190170288086,53.9379997253418,65898
2026-01-08 14:33:00-05:00,TQQQ,53.939998626708984,53.950199127197266,53.900001525878906,53.904998779296875,43490
2026-01-08 14:34:00-05:00,TQQQ,53.90250015258789,53.93000030517578,53.880001068115234,53.880001068115234,81430
2026-01-08 14:35:00-05:00,TQQQ,53.900001525878906,53.904998779296875,53.849998474121094,53.863399505615234,34642
2026-01-08 14:38:00-05:00,TQQQ,53.810699462890625,53.820098876953125,53.79499816894531,53.814998626708984,135873
2026-01-08 14:39:00-05:00,TQQQ,53.81999969482422,53.83000183105469,53.80149841308594,53.80149841308594,33484
2026-01-08 14:40:00-05:00,TQQQ,53.80500030517578,53.86000061035156,53.79999923706055,53.845001220703125,87084
2026-01-08 14:41:00-05:00,TQQQ,53.845001220703125,53.84989929199219,53.80500030517578,53.814998626708984,57133
2026-01-08 14:42:00-05:00,TQQQ,53.8119010925293,53.829898834228516,53.79090118408203,53.814998626708984,54705
2026-01-08 14:43:00-05:00,TQQQ,53.81740188598633,53.83000183105469,53.75,53.76190185546875,71776
2026-01-08 14:44:00-05:00,TQQQ,53.76499938964844,53.810001373291016,53.76499938964844,53.805599212646484,40646
2026-01-08 14:45:00-05:00,TQQQ,53.79999923706055,53.839298248291016,53.79199981689453,53.810001373291016,39657
2026-01-08 14:46:00-05:00,TQQQ,53.814998626708984,53.84000015258789,53.80500030517578,53.82500076293945,41194
2026-01-08 14:47:00-05:00,TQQQ,53.826499938964844,53.839900970458984,53.791900634765625,53.79999923706055,71684
2026-01-08 14:48:00-05:00,TQQQ,53.809898376464844,53.814998626708984,53.779998779296875,53.79499816894531,27049
2026-01-08 14:49:00-05:00,TQQQ,53.80500030517578,53.86000061035156,53.79999923706055,53.85499954223633,108465
2026-01-08 14:50:00-05:00,TQQQ,53.85499954223633,53.880001068115234,53.84000015258789,53.87009811401367,170595
2026-01-08 14:51:00-05:00,TQQQ,53.87879943847656,53.90999984741211,53.864601135253906,53.900001525878906,146780
2026-01-08 14:52:00-05:00,TQQQ,53.8916015625,53.95989990234375,53.8916015625,53.95000076293945,84134
2026-01-08 14:53:00-05:00,TQQQ,53.95000076293945,53.959999084472656,53.93009948730469,53.935001373291016,58845
2026-01-08 14:54:00-05:00,TQQQ,53.93349838256836,53.93560028076172,53.89099884033203,53.89500045776367,116599
2026-01-08 14:55:00-05:00,TQQQ,53.88999938964844,53.88999938964844,53.79499816894531,53.810001373291016,262494
2026-01-08 14:56:00-05:00,TQQQ,53.814998626708984,53.82849884033203,53.78499984741211,53.79869842529297,97580
2026-01-08 14:57:00-05:00,TQQQ,53.79499816894531,53.810001373291016,53.78070068359375,53.79999923706055,32609
2026-01-08 14:58:00-05:00,TQQQ,53.80500030517578,53.869998931884766,53.80400085449219,53.834999084472656,101930
2026-01-08 14:59:00-05:00,TQQQ,53.84000015258789,53.889198303222656,53.830101013183594,53.88679885864258,44706
2026-01-08 15:00:00-05:00,TQQQ,53.8849983215332,53.8849983215332,53.84000015258789,53.85499954223633,98902
2026-01-08 15:01:00-05:00,TQQQ,53.85499954223633,53.880001068115234,53.84260177612305,53.8650016784668,69960
2026-01-08 15:02:00-05:00,TQQQ,53.8650016784668,53.900001525878906,53.8650016784668,53.88999938964844,60039
2026-01-08 15:03:00-05:00,TQQQ,53.89500045776367,53.95320129394531,53.89500045776367,53.90999984741211,83118
2026-01-08 15:04:00-05:00,TQQQ,53.9099006652832,53.9296989440918,53.904998779296875,53.91680145263672,51357
2026-01-08 15:05:00-05:00,TQQQ,53.91270065307617,53.91859817504883,53.86249923706055,53.880001068115234,77379
2026-01-08 15:06:00-05:00,TQQQ,53.880001068115234,53.880001068115234,53.832801818847656,53.85260009765625,82152
2026-01-08 15:07:00-05:00,TQQQ,53.86000061035156,53.880001068115234,53.845001220703125,53.879798889160156,86669
2026-01-08 15:08:00-05:00,TQQQ,53.880001068115234,53.900001525878906,53.869998931884766,53.875,46446
2026-01-08 15:09:00-05:00,TQQQ,53.88010025024414,53.92729949951172,53.88010025024414,53.90999984741211,45329
2026-01-08 15:10:00-05:00,TQQQ,53.91559982299805,54.019901275634766,53.91559982299805,54.019901275634766,119787
2026-01-08 15:11:00-05:00,TQQQ,54.01499938964844,54.02000045776367,53.92660140991211,53.939998626708984,127981
2026-01-08 15:12:00-05:00,TQQQ,53.935001373291016,53.965599060058594,53.93009948730469,53.95930099487305,36708
2026-01-08 15:13:00-05:00,TQQQ,53.95750045776367,54.029998779296875,53.95750045776367,54.02560043334961,105017
2026-01-08 15:14:00-05:00,TQQQ,54.02000045776367,54.02000045776367,53.9900016784668,54.01350021362305,79654
2026-01-08 15:15:00-05:00,TQQQ,54.018001556396484,54.040000915527344,54.005001068115234,54.029998779296875,86350
2026-01-08 15:16:00-05:00,TQQQ,54.03020095825195,54.03020095825195,53.970001220703125,53.970001220703125,60747
2026-01-08 15:17:00-05:00,TQQQ,53.96139907836914,53.970001220703125,53.939998626708984,53.94860076904297,49495
2026-01-08 15:18:00-05:00,TQQQ,53.95989990234375,53.98500061035156,53.94499969482422,53.974998474121094,77554
2026-01-08 15:19:00-05:00,TQQQ,53.97990036010742,53.97990036010742,53.91999816894531,53.95000076293945,134348
2026-01-08 15:20:00-05:00,TQQQ,53.95000076293945,53.970001220703125,53.94350051879883,53.96500015258789,50116
2026-01-08 15:21:00-05:00,TQQQ,53.969600677490234,53.97990036010742,53.91999816894531,53.939998626708984,99807
2026-01-08 15:22:00-05:00,TQQQ,53.93000030517578,53.959999084472656,53.93000030517578,53.95500183105469,37477
2026-01-08 15:23:00-05:00,TQQQ,53.95500183105469,54.040000915527344,53.952999114990234,54.02000045776367,99650
2026-01-08 15:24:00-05:00,TQQQ,54.020301818847656,54.03419876098633,54.0,54.00080108642578,154607
2026-01-08 15:25:00-05:00,TQQQ,54.0099983215332,54.06999969482422,54.0099983215332,54.06890106201172,224985
2026-01-08 15:26:00-05:00,TQQQ,54.06999969482422,54.099998474121094,54.04999923706055,54.095001220703125,104576
2026-01-08 15:27:00-05:00,TQQQ,54.099998474121094,54.150001525878906,54.09000015258789,54.13169860839844,127142
2026-01-08 15:28:00-05:00,TQQQ,54.13990020751953,54.19499969482422,54.13990020751953,54.16999816894531,150892
2026-01-08 15:29:00-05:00,TQQQ,54.16999816894531,54.16999816894531,54.119998931884766,54.14500045776367,117267
2026-01-08 15:30:00-05:00,TQQQ,54.150001525878906,54.21500015258789,54.150001525878906,54.18000030517578,129162
2026-01-08 15:31:00-05:00,TQQQ,54.180198669433594,54.20949935913086,54.155399322509766,54.19559860229492,69294
2026-01-08 15:32:00-05:00,TQQQ,54.19200134277344,54.19990158081055,54.141998291015625,54.14500045776367,62319
2026-01-08 15:33:00-05:00,TQQQ,54.142601013183594,54.20000076293945,54.13130187988281,54.185001373291016,74571
2026-01-08 15:34:00-05:00,TQQQ,54.189998626708984,54.25,54.189998626708984,54.24259948730469,138568
2026-01-08 15:35:00-05:00,TQQQ,54.25,54.275001525878906,54.2400016784668,54.255001068115234,262049
2026-01-08 15:36:00-05:00,TQQQ,54.255001068115234,54.290000915527344,54.25,54.257999420166016,110349
2026-01-08 15:37:00-05:00,TQQQ,54.2599983215332,54.27000045776367,54.22999954223633,54.244998931884766,86813
2026-01-08 15:38:00-05:00,TQQQ,54.24679946899414,54.27909851074219,54.2400016784668,54.25680160522461,60597
2026-01-08 15:39:00-05:00,TQQQ,54.255001068115234,54.25859832763672,54.16999816894531,54.185001373291016,155281
2026-01-08 15:40:00-05:00,TQQQ,54.18439865112305,54.220001220703125,54.154998779296875,54.165000915527344,129178
2026-01-08 15:41:00-05:00,TQQQ,54.165000915527344,54.169898986816406,54.11090087890625,54.1349983215332,113487
2026-01-08 15:42:00-05:00,TQQQ,54.12900161743164,54.13800048828125,54.099998474121094,54.119998931884766,64407
2026-01-08 15:43:00-05:00,TQQQ,54.1150016784668,54.12839889526367,54.081600189208984,54.09429931640625,34847
2026-01-08 15:44:00-05:00,TQQQ,54.10499954223633,54.16999816894531,54.092201232910156,54.16780090332031,108372
2026-01-08 15:45:00-05:00,TQQQ,54.16999816894531,54.209999084472656,54.13999938964844,54.16999816894531,190010
2026-01-08 15:46:00-05:00,TQQQ,54.1786994934082,54.19990158081055,54.16279983520508,54.180599212646484,79063
2026-01-08 15:47:00-05:00,TQQQ,54.185001373291016,54.220001220703125,54.15999984741211,54.209999084472656,89193
2026-01-08 15:48:00-05:00,TQQQ,54.20500183105469,54.220001220703125,54.185001373291016,54.207801818847656,98270
2026-01-08 15:49:00-05:00,TQQQ,54.209999084472656,54.239898681640625,54.209999084472656,54.210899353027344,70073
2026-01-08 15:50:00-05:00,TQQQ,54.209999084472656,54.209999084472656,54.10200119018555,54.150001525878906,290530
2026-01-08 15:51:00-05:00,TQQQ,54.14500045776367,54.15999984741211,54.13010025024414,54.13999938964844,106927
2026-01-08 15:52:00-05:00,TQQQ,54.135398864746094,54.185001373291016,54.11000061035156,54.17499923706055,126655
2026-01-08 15:53:00-05:00,TQQQ,54.16999816894531,54.27000045776367,54.15999984741211,54.2504997253418,224154
2026-01-08 15:54:00-05:00,TQQQ,54.255001068115234,54.279998779296875,54.22999954223633,54.2400016784668,123045
2026-01-08 15:55:00-05:00,TQQQ,54.22999954223633,54.26499938964844,54.20000076293945,54.24150085449219,152628
2026-01-08 15:56:00-05:00,TQQQ,54.2400016784668,54.290000915527344,54.23500061035156,54.27000045776367,193777
2026-01-08 15:57:00-05:00,TQQQ,54.27000045776367,54.2775993347168,54.20000076293945,54.20500183105469,185510
2026-01-08 15:58:00-05:00,TQQQ,54.20500183105469,54.2400016784668,54.20500183105469,54.239898681640625,189359
2026-01-08 15:59:00-05:00,TQQQ,54.2400016784668,54.27000045776367,54.18000030517578,54.18050003051758,477561
2026-01-09 09:30:00-05:00,TQQQ,54.38999938964844,54.38999938964844,54.07809829711914,54.20000076293945,3035220
2026-01-09 09:31:00-05:00,TQQQ,54.198299407958984,54.220001220703125,54.02000045776367,54.11000061035156,326608
2026-01-09 09:32:00-05:00,TQQQ,54.099998474121094,54.18000030517578,53.994998931884766,54.130001068115234,4763507
2026-01-09 09:33:00-05:00,TQQQ,54.130001068115234,54.279998779296875,54.130001068115234,54.22999954223633,0
2026-01-09 09:34:00-05:00,TQQQ,54.220001220703125,54.25,54.08000183105469,54.15999984741211,225961
2026-01-09 09:35:00-05:00,TQQQ,54.16999816894531,54.380001068115234,54.150001525878906,54.33000183105469,414404
2026-01-09 09:36:00-05:00,TQQQ,54.34000015258789,54.5099983215332,54.34000015258789,54.45500183105469,523865
2026-01-09 09:37:00-05:00,TQQQ,54.470001220703125,54.720001220703125,54.42499923706055,54.70500183105469,707621
2026-01-09 09:38:00-05:00,TQQQ,54.70989990234375,54.876800537109375,54.67070007324219,54.724998474121094,843318
2026-01-09 09:39:00-05:00,TQQQ,54.724998474121094,54.7400016784668,54.650001525878906,54.65999984741211,233400
2026-01-09 09:40:00-05:00,TQQQ,54.685001373291016,54.709999084472656,54.540000915527344,54.70940017700195,229212
2026-01-09 09:41:00-05:00,TQQQ,54.708099365234375,54.79999923706055,54.6349983215332,54.65999984741211,403978
2026-01-09 09:42:00-05:00,TQQQ,54.64500045776367,54.7400016784668,54.61009979248047,54.720001220703125,205781
2026-01-09 09:43:00-05:00,TQQQ,54.71009826660156,54.79999923706055,54.64590072631836,54.65999984741211,282684
2026-01-09 09:44:00-05:00,TQQQ,54.65999984741211,54.7599983215332,54.529998779296875,54.64820098876953,311004
2026-01-09 09:45:00-05:00,TQQQ,54.709999084472656,54.72999954223633,54.619998931884766,54.648399353027344,401877
2026-01-09 09:46:00-05:00,TQQQ,54.63010025024414,54.720001220703125,54.560001373291016,54.56869888305664,227870
2026-01-09 09:47:00-05:00,TQQQ,54.56999969482422,54.744998931884766,54.54999923706055,54.70000076293945,154028
2026-01-09 09:48:00-05:00,TQQQ,54.709999084472656,54.720001220703125,54.2400016784668,54.2400016784668,536413
2026-01-09 09:49:00-05:00,TQQQ,54.2400016784668,54.380001068115234,54.15999984741211,54.35499954223633,295646
2026-01-09 09:50:00-05:00,TQQQ,54.349998474121094,54.5,54.34000015258789,54.47999954223633,215408
2026-01-09 09:51:00-05:00,TQQQ,54.5,54.54999923706055,54.34000015258789,54.380001068115234,216563
2026-01-09 09:52:00-05:00,TQQQ,54.37820053100586,54.38999938964844,54.220001220703125,54.320098876953125,158946
2026-01-09 09:53:00-05:00,TQQQ,54.32500076293945,54.62990188598633,54.290000915527344,54.61859893798828,301953
2026-01-09 09:54:00-05:00,TQQQ,54.619998931884766,54.66999816894531,54.51499938964844,54.529998779296875,296714
2026-01-09 09:55:00-05:00,TQQQ,54.540000915527344,54.54999923706055,54.40999984741211,54.52000045776367,173784
2026-01-09 09:56:00-05:00,TQQQ,54.52000045776367,54.560001373291016,54.26499938964844,54.400001525878906,258922
2026-01-09 09:57:00-05:00,TQQQ,54.400001525878906,54.48500061035156,54.36000061035156,54.42499923706055,134691
2026-01-09 09:58:00-05:00,TQQQ,54.42499923706055,54.52000045776367,54.40999984741211,54.5,84992
2026-01-09 09:59:00-05:00,TQQQ,54.525001525878906,54.58700180053711,54.470001220703125,54.54990005493164,132937
2026-01-09 10:00:00-05:00,TQQQ,54.54880142211914,54.68000030517578,54.349998474121094,54.40999984741211,247909
2026-01-09 10:01:00-05:00,TQQQ,54.3849983215332,54.47999954223633,54.34000015258789,54.369998931884766,175297
2026-01-09 10:02:00-05:00,TQQQ,54.3849983215332,54.63999938964844,54.330101013183594,54.6150016784668,226150
2026-01-09 10:03:00-05:00,TQQQ,54.6150016784668,54.689998626708984,54.439998626708984,54.48500061035156,314905
2026-01-09 10:04:00-05:00,TQQQ,54.474998474121094,54.529998779296875,54.380001068115234,54.39500045776367,171811
2026-01-09 10:05:00-05:00,TQQQ,54.39500045776367,54.439998626708984,54.29999923706055,54.34000015258789,262965
2026-01-09 10:06:00-05:00,TQQQ,54.345001220703125,54.37459945678711,54.12009811401367,54.14789962768555,322581
2026-01-09 10:07:00-05:00,TQQQ,54.150001525878906,54.1880989074707,54.060001373291016,54.1431999206543,171659
2026-01-09 10:08:00-05:00,TQQQ,54.13999938964844,54.150001525878906,53.79029846191406,53.93000030517578,850513
2026-01-09 10:09:00-05:00,TQQQ,53.92499923706055,53.989898681640625,53.869998931884766,53.95759963989258,258809
2026-01-09 10:10:00-05:00,TQQQ,53.959999084472656,54.127498626708984,53.93000030517578,54.10499954223633,264742
2026-01-09 10:11:00-05:00,TQQQ,54.130001068115234,54.229000091552734,54.08980178833008,54.15999984741211,212413
2026-01-09 10:12:00-05:00,TQQQ,54.15999984741211,54.46500015258789,54.13010025024414,54.46500015258789,492459
2026-01-09 10:13:00-05:00,TQQQ,54.470001220703125,54.599998474121094,54.45000076293945,54.494998931884766,563105
2026-01-09 10:14:00-05:00,TQQQ,54.5099983215332,54.630001068115234,54.45009994506836,54.6150016784668,231118
2026-01-09 10:15:00-05:00,TQQQ,54.6150016784668,54.70000076293945,54.59000015258789,54.65999984741211,349121
2026-01-09 10:16:00-05:00,TQQQ,54.669898986816406,54.7400016784668,54.63010025024414,54.68000030517578,210943
2026-01-09 10:17:00-05:00,TQQQ,54.682498931884766,54.682498931884766,54.52009963989258,54.599998474121094,126097
2026-01-09 10:18:00-05:00,TQQQ,54.59000015258789,54.67499923706055,54.56999969482422,54.66999816894531,118238
2026-01-09 10:19:00-05:00,TQQQ,54.660099029541016,54.7400016784668,54.654998779296875,54.7400016784668,100673
2026-01-09 10:20:00-05:00,TQQQ,54.7400016784668,54.755001068115234,54.66999816894531,54.724998474121094,198817
2026-01-09 10:21:00-05:00,TQQQ,54.72999954223633,54.775001525878906,54.63999938964844,54.739898681640625,225696
2026-01-09 10:22:00-05:00,TQQQ,54.73500061035156,55.02980041503906,54.71989822387695,54.96500015258789,696172
2026-01-09 10:23:00-05:00,TQQQ,54.96500015258789,54.987998962402344,54.88999938964844,54.979000091552734,292051
2026-01-09 10:24:00-05:00,TQQQ,54.97999954223633,54.97999954223633,54.91310119628906,54.93009948730469,201119
2026-01-09 10:25:00-05:00,TQQQ,54.935001373291016,55.010101318359375,54.93000030517578,54.9900016784668,237552
2026-01-09 10:26:00-05:00,TQQQ,54.994998931884766,55.130001068115234,54.984100341796875,55.071800231933594,298413
2026-01-09 10:27:00-05:00,TQQQ,55.08000183105469,55.22840118408203,55.08000183105469,55.178001403808594,430998
2026-01-09 10:28:00-05:00,TQQQ,55.18000030517578,55.310001373291016,55.16999816894531,55.2599983215332,373321
2026-01-09 10:29:00-05:00,TQQQ,55.26499938964844,55.30500030517578,55.240699768066406,55.2599983215332,266466
2026-01-09 10:30:00-05:00,TQQQ,55.27000045776367,55.31760025024414,55.13119888305664,55.23809814453125,301301
2026-01-09 10:31:00-05:00,TQQQ,55.236000061035156,55.349998474121094,55.220001220703125,55.34000015258789,221541
2026-01-09 10:32:00-05:00,TQQQ,55.345001220703125,55.38759994506836,55.299400329589844,55.369998931884766,329007
2026-01-09 10:33:00-05:00,TQQQ,55.369998931884766,55.369998931884766,55.29499816894531,55.345001220703125,159841
2026-01-09 10:34:00-05:00,TQQQ,55.34989929199219,55.43000030517578,55.29999923706055,55.34000015258789,368193
2026-01-09 10:35:00-05:00,TQQQ,55.349998474121094,55.369998931884766,55.29999923706055,55.34000015258789,284366
2026-01-09 10:36:00-05:00,TQQQ,55.34149932861328,55.349998474121094,55.29999923706055,55.34000015258789,143960
2026-01-09 10:37:00-05:00,TQQQ,55.34000015258789,55.34000015258789,55.20000076293945,55.20750045776367,229908
2026-01-09 10:38:00-05:00,TQQQ,55.20199966430664,55.27000045776367,55.20000076293945,55.22999954223633,176044
2026-01-09 10:39:00-05:00,TQQQ,55.224998474121094,55.25749969482422,55.189998626708984,55.20500183105469,211969
2026-01-09 10:40:00-05:00,TQQQ,55.19499969482422,55.2400016784668,55.04999923706055,55.07500076293945,294463
2026-01-09 10:41:00-05:00,TQQQ,55.06999969482422,55.099998474121094,55.0,55.02280044555664,268654
2026-01-09 10:42:00-05:00,TQQQ,55.02750015258789,55.02790069580078,54.93000030517578,54.95000076293945,189599
2026-01-09 10:43:00-05:00,TQQQ,54.95000076293945,55.029998779296875,54.900001525878906,54.910400390625,178758
2026-01-09 10:44:00-05:00,TQQQ,54.9208984375,54.92499923706055,54.8125,54.819000244140625,14907325
2026-01-09 10:45:00-05:00,TQQQ,54.814998626708984,54.84000015258789,54.70000076293945,54.80659866333008,0
2026-01-09 10:46:00-05:00,TQQQ,54.80500030517578,54.869998931884766,54.7400016784668,54.83000183105469,244610
2026-01-09 10:47:00-05:00,TQQQ,54.83000183105469,54.93000030517578,54.76100158691406,54.93000030517578,260647
2026-01-09 10:48:00-05:00,TQQQ,54.920799255371094,54.92679977416992,54.7218017578125,54.75,218694
2026-01-09 10:49:00-05:00,TQQQ,54.73500061035156,54.779998779296875,54.720001220703125,54.77000045776367,164722
2026-01-09 10:50:00-05:00,TQQQ,54.768001556396484,54.88999938964844,54.75,54.88999938964844,208415
2026-01-09 10:51:00-05:00,TQQQ,54.889801025390625,54.979801177978516,54.869998931884766,54.93000030517578,185364
2026-01-09 10:52:00-05:00,TQQQ,54.93000030517578,54.989898681640625,54.81999969482422,54.834999084472656,264907
2026-01-09 10:53:00-05:00,TQQQ,54.84000015258789,54.88999938964844,54.79209899902344,54.8297004699707,150742
2026-01-09 10:54:00-05:00,TQQQ,54.81999969482422,54.86000061035156,54.77000045776367,54.78499984741211,139248
2026-01-09 10:55:00-05:00,TQQQ,54.779998779296875,54.809898376464844,54.720001220703125,54.767601013183594,129625
2026-01-09 10:56:00-05:00,TQQQ,54.760101318359375,54.93000030517578,54.760101318359375,54.91999816894531,128156
2026-01-09 10:57:00-05:00,TQQQ,54.91999816894531,54.939998626708984,54.849998474121094,54.90999984741211,117416
2026-01-09 10:58:00-05:00,TQQQ,54.90999984741211,54.959999084472656,54.8650016784668,54.94810104370117,80880
2026-01-09 10:59:00-05:00,TQQQ,54.94499969482422,55.03810119628906,54.91999816894531,55.01499938964844,138615
2026-01-09 11:00:00-05:00,TQQQ,55.02000045776367,55.11000061035156,55.02000045776367,55.08000183105469,256002
2026-01-09 11:01:00-05:00,TQQQ,55.08869934082031,55.130001068115234,55.05500030517578,55.125,116375
2026-01-09 11:02:00-05:00,TQQQ,55.130001068115234,55.27000045776367,55.130001068115234,55.26499938964844,186278
2026-01-09 11:03:00-05:00,TQQQ,55.26679992675781,55.279998779296875,55.15999984741211,55.18239974975586,192553
2026-01-09 11:04:00-05:00,TQQQ,55.19499969482422,55.20989990234375,55.130001068115234,55.197601318359375,117126
2026-01-09 11:05:00-05:00,TQQQ,55.19990158081055,55.220001220703125,55.16999816894531,55.209999084472656,175676
2026-01-09 11:06:00-05:00,TQQQ,55.21009826660156,55.290000915527344,55.19260025024414,55.275001525878906,195538
2026-01-09 11:07:00-05:00,TQQQ,55.275001525878906,55.29999923706055,55.2400016784668,55.290000915527344,94707
2026-01-09 11:08:00-05:00,TQQQ,55.290000915527344,55.400001525878906,55.282100677490234,55.37689971923828,207462
2026-01-09 11:09:00-05:00,TQQQ,55.380001068115234,55.47999954223633,55.380001068115234,55.467498779296875,197972
2026-01-09 11:10:00-05:00,TQQQ,55.46500015258789,55.470001220703125,55.38999938964844,55.42290115356445,215838
2026-01-09 11:11:00-05:00,TQQQ,55.43450164794922,55.46500015258789,55.40999984741211,55.439998626708984,140507
2026-01-09 11:12:00-05:00,TQQQ,55.44499969482422,55.44499969482422,55.323001861572266,55.369998931884766,170113
2026-01-09 11:13:00-05:00,TQQQ,55.36989974975586,55.540000915527344,55.36009979248047,55.52989959716797,290754
2026-01-09 11:14:00-05:00,TQQQ,55.537601470947266,55.564998626708984,55.4900016784668,55.50979995727539,155257
2026-01-09 11:15:00-05:00,TQQQ,55.505001068115234,55.52989959716797,55.41120147705078,55.470001220703125,125661
2026-01-09 11:16:00-05:00,TQQQ,55.46500015258789,55.474998474121094,55.42150115966797,55.42499923706055,69528
2026-01-09 11:17:00-05:00,TQQQ,55.429901123046875,55.45000076293945,55.40999984741211,55.439998626708984,90981
2026-01-09 11:18:00-05:00,TQQQ,55.4380989074707,55.45500183105469,55.40999984741211,55.4359016418457,90409
2026-01-09 11:19:00-05:00,TQQQ,55.43000030517578,55.47990036010742,55.41999816894531,55.472198486328125,101890
2026-01-09 11:20:00-05:00,TQQQ,55.474998474121094,55.4900016784668,55.439998626708984,55.46260070800781,54104
2026-01-09 11:21:00-05:00,TQQQ,55.46500015258789,55.505001068115234,55.45000076293945,55.499698638916016,111773
2026-01-09 11:22:00-05:00,TQQQ,55.48749923706055,55.494998931884766,55.400001525878906,55.40010070800781,136303
2026-01-09 11:23:00-05:00,TQQQ,55.40190124511719,55.42499923706055,55.380001068115234,55.394100189208984,127197
2026-01-09 11:24:00-05:00,TQQQ,55.400001525878906,55.459999084472656,55.400001525878906,55.44499969482422,102918
2026-01-09 11:25:00-05:00,TQQQ,55.431800842285156,55.438201904296875,55.38999938964844,55.39500045776367,61063
2026-01-09 11:26:00-05:00,TQQQ,55.390098571777344,55.40999984741211,55.34000015258789,55.3849983215332,223463
2026-01-09 11:27:00-05:00,TQQQ,55.38999938964844,55.40999984741211,55.349998474121094,55.37009811401367,95813
2026-01-09 11:28:00-05:00,TQQQ,55.375,55.400001525878906,55.30009841918945,55.33000183105469,96056
2026-01-09 11:29:00-05:00,TQQQ,55.32899856567383,55.35499954223633,55.310001373291016,55.33000183105469,99741
2026-01-09 11:30:00-05:00,TQQQ,55.31999969482422,55.36589813232422,55.290000915527344,55.36000061035156,138139
2026-01-09 11:31:00-05:00,TQQQ,55.36840057373047,55.41999816894531,55.29999923706055,55.29999923706055,175719
2026-01-09 11:32:00-05:00,TQQQ,55.290401458740234,55.339900970458984,55.2599983215332,55.334999084472656,163477
2026-01-09 11:33:00-05:00,TQQQ,55.33000183105469,55.369998931884766,55.29499816894531,55.30009841918945,135167
2026-01-09 11:34:00-05:00,TQQQ,55.290000915527344,55.29999923706055,55.25,55.28799819946289,95463
2026-01-09 11:35:00-05:00,TQQQ,55.28499984741211,55.29499816894531,55.21500015258789,55.279998779296875,171553
2026-01-09 11:36:00-05:00,TQQQ,55.279998779296875,55.34000015258789,55.27000045776367,55.317298889160156,49833
2026-01-09 11:37:00-05:00,TQQQ,55.314998626708984,55.33000183105469,55.279998779296875,55.314998626708984,122131
2026-01-09 11:38:00-05:00,TQQQ,55.31999969482422,55.349998474121094,55.29759979248047,55.29999923706055,87677
2026-01-09 11:39:00-05:00,TQQQ,55.310001373291016,55.349998474121094,55.29499816894531,55.34769821166992,50482
2026-01-09 11:40:00-05:00,TQQQ,55.345001220703125,55.349998474121094,55.26110076904297,55.3473014831543,92764
2026-01-09 11:41:00-05:00,TQQQ,55.34000015258789,55.369998931884766,55.29999923706055,55.30030059814453,49327
2026-01-09 11:42:00-05:00,TQQQ,55.310001373291016,55.31999969482422,55.26499938964844,55.28499984741211,94452
2026-01-09 11:43:00-05:00,TQQQ,55.28409957885742,55.339900970458984,55.28409957885742,55.335899353027344,25741
2026-01-09 11:44:00-05:00,TQQQ,55.33000183105469,55.40999984741211,55.33000183105469,55.36989974975586,136244
2026-01-09 11:45:00-05:00,TQQQ,55.36000061035156,55.40999984741211,55.35649871826172,55.4098014831543,64922
2026-01-09 11:46:00-05:00,TQQQ,55.404998779296875,55.43000030517578,55.384498596191406,55.409400939941406,115084
2026-01-09 11:47:00-05:00,TQQQ,55.404998779296875,55.41999816894531,55.369998931884766,55.38999938964844,64012
2026-01-09 11:48:00-05:00,TQQQ,55.39459991455078,55.5192985534668,55.38589859008789,55.51499938964844,147317
2026-01-09 11:49:00-05:00,TQQQ,55.51499938964844,55.55870056152344,55.510101318359375,55.53499984741211,78283
2026-01-09 11:50:00-05:00,TQQQ,55.540000915527344,55.619998931884766,55.540000915527344,55.6150016784668,134926
2026-01-09 11:51:00-05:00,TQQQ,55.61989974975586,55.619998931884766,55.553001403808594,55.609100341796875,197786
2026-01-09 11:52:00-05:00,TQQQ,55.599998474121094,55.65999984741211,55.59000015258789,55.650001525878906,98802
2026-01-09 11:53:00-05:00,TQQQ,55.63999938964844,55.650001525878906,55.619998931884766,55.64500045776367,103009
2026-01-09 11:54:00-05:00,TQQQ,55.63999938964844,55.665000915527344,55.6349983215332,55.654998779296875,97197
2026-01-09 11:55:00-05:00,TQQQ,55.64540100097656,55.67499923706055,55.61000061035156,55.61109924316406,123783
2026-01-09 11:56:00-05:00,TQQQ,55.61970138549805,55.68000030517578,55.61970138549805,55.67499923706055,73451
2026-01-09 11:57:00-05:00,TQQQ,55.67499923706055,55.689998626708984,55.61989974975586,55.61989974975586,99139
2026-01-09 11:58:00-05:00,TQQQ,55.619998931884766,55.654998779296875,55.599998474121094,55.63800048828125,96305
2026-01-09 11:59:00-05:00,TQQQ,55.630001068115234,55.64849853515625,55.61000061035156,55.625,78515
2026-01-09 12:00:00-05:00,TQQQ,55.625,55.63990020751953,55.54999923706055,55.564998626708984,210446
2026-01-09 12:01:00-05:00,TQQQ,55.55500030517578,55.61000061035156,55.54999923706055,55.61000061035156,96330
2026-01-09 12:02:00-05:00,TQQQ,55.599998474121094,55.62810134887695,55.59000015258789,55.59000015258789,120551
2026-01-09 12:03:00-05:00,TQQQ,55.5900993347168,55.709999084472656,55.5900993347168,55.70500183105469,132456
2026-01-09 12:04:00-05:00,TQQQ,55.70000076293945,55.720001220703125,55.68000030517578,55.70500183105469,93045
2026-01-09 12:05:00-05:00,TQQQ,55.709999084472656,55.720001220703125,55.68000030517578,55.689998626708984,62353
2026-01-09 12:06:00-05:00,TQQQ,55.70000076293945,55.70500183105469,55.66999816894531,55.689998626708984,57616
2026-01-09 12:07:00-05:00,TQQQ,55.689998626708984,55.70500183105469,55.650001525878906,55.685001373291016,51636
2026-01-09 12:08:00-05:00,TQQQ,55.689998626708984,55.70000076293945,55.650001525878906,55.67499923706055,64701
2026-01-09 12:09:00-05:00,TQQQ,55.66999816894531,55.689998626708984,55.65999984741211,55.685001373291016,46854
2026-01-09 12:10:00-05:00,TQQQ,55.689998626708984,55.70000076293945,55.61000061035156,55.625,92378
2026-01-09 12:11:00-05:00,TQQQ,55.630001068115234,55.630699157714844,55.59000015258789,55.599998474121094,67724
2026-01-09 12:12:00-05:00,TQQQ,55.599998474121094,55.61859893798828,55.58919906616211,55.60029983520508,62331
2026-01-09 12:13:00-05:00,TQQQ,55.5900993347168,55.64500045776367,55.580101013183594,55.6349983215332,70061
2026-01-09 12:14:00-05:00,TQQQ,55.6349983215332,55.657901763916016,55.63209915161133,55.64459991455078,27098
2026-01-09 12:15:00-05:00,TQQQ,55.64500045776367,55.64500045776367,55.56999969482422,55.575401306152344,59060
2026-01-09 12:16:00-05:00,TQQQ,55.572200775146484,55.599998474121094,55.540000915527344,55.55009841918945,77842
2026-01-09 12:17:00-05:00,TQQQ,55.54499816894531,55.5702018737793,55.540000915527344,55.560001373291016,43440
2026-01-09 12:18:00-05:00,TQQQ,55.560001373291016,55.560001373291016,55.480499267578125,55.480499267578125,69071
2026-01-09 12:19:00-05:00,TQQQ,55.494998931884766,55.5099983215332,55.47010040283203,55.47999954223633,75484
2026-01-09 12:20:00-05:00,TQQQ,55.47990036010742,55.56930160522461,55.47880172729492,55.53499984741211,65518
2026-01-09 12:21:00-05:00,TQQQ,55.524600982666016,55.537899017333984,55.480098724365234,55.5,41113
2026-01-09 12:22:00-05:00,TQQQ,55.498600006103516,55.559898376464844,55.498600006103516,55.559898376464844,75114
2026-01-09 12:23:00-05:00,TQQQ,55.55500030517578,55.61000061035156,55.54990005493164,55.600101470947266,76585
2026-01-09 12:24:00-05:00,TQQQ,55.61000061035156,55.65999984741211,55.60499954223633,55.640098571777344,78052
2026-01-09 12:25:00-05:00,TQQQ,55.64860153198242,55.68000030517578,55.62409973144531,55.6776008605957,60542
2026-01-09 12:26:00-05:00,TQQQ,55.68000030517578,55.688899993896484,55.650001525878906,55.68000030517578,37555
2026-01-09 12:27:00-05:00,TQQQ,55.67499923706055,55.68000030517578,55.61009979248047,55.65999984741211,98769
2026-01-09 12:28:00-05:00,TQQQ,55.66189956665039,55.70000076293945,55.65999984741211,55.66749954223633,59979
2026-01-09 12:29:00-05:00,TQQQ,55.665000915527344,55.665000915527344,55.625,55.64500045776367,58913
2026-01-09 12:30:00-05:00,TQQQ,55.63999938964844,55.63999938964844,55.61000061035156,55.619998931884766,39513
2026-01-09 12:31:00-05:00,TQQQ,55.62200164794922,55.638301849365234,55.59000015258789,55.63090133666992,54577
2026-01-09 12:32:00-05:00,TQQQ,55.63010025024414,55.65999984741211,55.61000061035156,55.654998779296875,42520
2026-01-09 12:33:00-05:00,TQQQ,55.65999984741211,55.695899963378906,55.65909957885742,55.689998626708984,90247
2026-01-09 12:34:00-05:00,TQQQ,55.69160079956055,55.720001220703125,55.685001373291016,55.70000076293945,52468
2026-01-09 12:35:00-05:00,TQQQ,55.70800018310547,55.709999084472656,55.66999816894531,55.68000030517578,31318
2026-01-09 12:36:00-05:00,TQQQ,55.68000030517578,55.68000030517578,55.630001068115234,55.63999938964844,42080
2026-01-09 12:37:00-05:00,TQQQ,55.63999938964844,55.66630172729492,55.63999938964844,55.654998779296875,49346
2026-01-09 12:38:00-05:00,TQQQ,55.6526985168457,55.69499969482422,55.63999938964844,55.68000030517578,65756
2026-01-09 12:39:00-05:00,TQQQ,55.6859016418457,55.68989944458008,55.64500045776367,55.654998779296875,30804
2026-01-09 12:40:00-05:00,TQQQ,55.654998779296875,55.654998779296875,55.599998474121094,55.61009979248047,63391
2026-01-09 12:41:00-05:00,TQQQ,55.615501403808594,55.63990020751953,55.6150016784668,55.63130187988281,38617
2026-01-09 12:42:00-05:00,TQQQ,55.63999938964844,55.65999984741211,55.62459945678711,55.6349983215332,79572
2026-01-09 12:43:00-05:00,TQQQ,55.630001068115234,55.63999938964844,55.584999084472656,55.59000015258789,43787
2026-01-09 12:44:00-05:00,TQQQ,55.584999084472656,55.637001037597656,55.584999084472656,55.625,33795
2026-01-09 12:45:00-05:00,TQQQ,55.62990188598633,55.65010070800781,55.59000015258789,55.650001525878906,68431
2026-01-09 12:46:00-05:00,TQQQ,55.6349983215332,55.64860153198242,55.5968017578125,55.61000061035156,44478
2026-01-09 12:47:00-05:00,TQQQ,55.61000061035156,55.71870040893555,55.61000061035156,55.71870040893555,102520
2026-01-09 12:48:00-05:00,TQQQ,55.720001220703125,55.7400016784668,55.689998626708984,55.72010040283203,86301
2026-01-09 12:49:00-05:00,TQQQ,55.724998474121094,55.724998474121094,55.685001373291016,55.685001373291016,20118326
2026-01-09 12:50:00-05:00,TQQQ,55.689998626708984,55.72930145263672,55.682498931884766,55.70539855957031,0
2026-01-09 12:51:00-05:00,TQQQ,55.709999084472656,55.76499938964844,55.70050048828125,55.749900817871094,158311
2026-01-09 12:52:00-05:00,TQQQ,55.75,55.75,55.685001373291016,55.689998626708984,60818
2026-01-09 12:53:00-05:00,TQQQ,55.689998626708984,55.70000076293945,55.66999816894531,55.69499969482422,51161
2026-01-09 12:54:00-05:00,TQQQ,55.685001373291016,55.709999084472656,55.68000030517578,55.69340133666992,52117
2026-01-09 12:55:00-05:00,TQQQ,55.69499969482422,55.709999084472656,55.65999984741211,55.689998626708984,64117
2026-01-09 12:56:00-05:00,TQQQ,55.689998626708984,55.7400016784668,55.67449951171875,55.72999954223633,37621
2026-01-09 12:57:00-05:00,TQQQ,55.720001220703125,55.77000045776367,55.720001220703125,55.76499938964844,78500
2026-01-09 12:58:00-05:00,TQQQ,55.76969909667969,55.779998779296875,55.75130081176758,55.76240158081055,57303
2026-01-09 12:59:00-05:00,TQQQ,55.76499938964844,55.775001525878906,55.70000076293945,55.7067985534668,91600
2026-01-09 13:00:00-05:00,TQQQ,55.70000076293945,55.709999084472656,55.63999938964844,55.6598014831543,118990
2026-01-09 13:01:00-05:00,TQQQ,55.651798248291016,55.70000076293945,55.630001068115234,55.63999938964844,64212
2026-01-09 13:02:00-05:00,TQQQ,55.630001068115234,55.63999938964844,55.599998474121094,55.6150016784668,49363
2026-01-09 13:03:00-05:00,TQQQ,55.61000061035156,55.65840148925781,55.599998474121094,55.64500045776367,65123
2026-01-09 13:04:00-05:00,TQQQ,55.630001068115234,55.6349983215332,55.599998474121094,55.61069869995117,35651
2026-01-09 13:05:00-05:00,TQQQ,55.61119842529297,55.65999984741211,55.609798431396484,55.65919876098633,30447
2026-01-09 13:06:00-05:00,TQQQ,55.65999984741211,55.66999816894531,55.630001068115234,55.65999984741211,52916
2026-01-09 13:07:00-05:00,TQQQ,55.66999816894531,55.68080139160156,55.640098571777344,55.640098571777344,72162
2026-01-09 13:08:00-05:00,TQQQ,55.63999938964844,55.64500045776367,55.529998779296875,55.540000915527344,134646
2026-01-09 13:09:00-05:00,TQQQ,55.54999923706055,55.54999923706055,55.4900016784668,55.505001068115234,144955
2026-01-09 13:10:00-05:00,TQQQ,55.505001068115234,55.547401428222656,55.50090026855469,55.505001068115234,70374
2026-01-09 13:11:00-05:00,TQQQ,55.5099983215332,55.536399841308594,55.5,55.525001525878906,99108
2026-01-09 13:12:00-05:00,TQQQ,55.525001525878906,55.55500030517578,55.4900016784668,55.5,83062
2026-01-09 13:13:00-05:00,TQQQ,55.50469970703125,55.532501220703125,55.47999954223633,55.529998779296875,45520
2026-01-09 13:14:00-05:00,TQQQ,55.540000915527344,55.540000915527344,55.5,55.51139831542969,83358
2026-01-09 13:15:00-05:00,TQQQ,55.5099983215332,55.52730178833008,55.480899810791016,55.520198822021484,35820
2026-01-09 13:16:00-05:00,TQQQ,55.52170181274414,55.54999923706055,55.5,55.52000045776367,107392
2026-01-09 13:17:00-05:00,TQQQ,55.52000045776367,55.529998779296875,55.4900016784668,55.5099983215332,42543
2026-01-09 13:18:00-05:00,TQQQ,55.494598388671875,55.529998779296875,55.494598388671875,55.51499938964844,13203
2026-01-09 13:19:00-05:00,TQQQ,55.51499938964844,55.52000045776367,55.4900016784668,55.51499938964844,15628
2026-01-09 13:20:00-05:00,TQQQ,55.51499938964844,55.529998779296875,55.4900016784668,55.505001068115234,49725
2026-01-09 13:21:00-05:00,TQQQ,55.51070022583008,55.540000915527344,55.4900016784668,55.494998931884766,57732
2026-01-09 13:22:00-05:00,TQQQ,55.499698638916016,55.5099983215332,55.4900016784668,55.491798400878906,41564
2026-01-09 13:23:00-05:00,TQQQ,55.49250030517578,55.53889846801758,55.49190139770508,55.529998779296875,53060
2026-01-09 13:24:00-05:00,TQQQ,55.52009963989258,55.52090072631836,55.492698669433594,55.505001068115234,27642
2026-01-09 13:25:00-05:00,TQQQ,55.5015983581543,55.52000045776367,55.49319839477539,55.49319839477539,19353
2026-01-09 13:26:00-05:00,TQQQ,55.494998931884766,55.505001068115234,55.45000076293945,55.48249816894531,21184248
2026-01-09 13:27:00-05:00,TQQQ,55.48500061035156,55.5099983215332,55.47999954223633,55.494998931884766,0
2026-01-09 13:28:00-05:00,TQQQ,55.491798400878906,55.55699920654297,55.48590087890625,55.55699920654297,56627
2026-01-09 13:29:00-05:00,TQQQ,55.552101135253906,55.619998931884766,55.552101135253906,55.61750030517578,113351
2026-01-09 13:30:00-05:00,TQQQ,55.619998931884766,55.6786994934082,55.61000061035156,55.65999984741211,85508
2026-01-09 13:31:00-05:00,TQQQ,55.6614990234375,55.679901123046875,55.63999938964844,55.6609992980957,57615
2026-01-09 13:32:00-05:00,TQQQ,55.66510009765625,55.689998626708984,55.650001525878906,55.689998626708984,37297
2026-01-09 13:33:00-05:00,TQQQ,55.6870002746582,55.689998626708984,55.67499923706055,55.68009948730469,23621
2026-01-09 13:34:00-05:00,TQQQ,55.68009948730469,55.75,55.68009948730469,55.72999954223633,67226
2026-01-09 13:35:00-05:00,TQQQ,55.72800064086914,55.81999969482422,55.720001220703125,55.814998626708984,101445
2026-01-09 13:36:00-05:00,TQQQ,55.81999969482422,55.849998474121094,55.79499816894531,55.810001373291016,78935
2026-01-09 13:37:00-05:00,TQQQ,55.80500030517578,55.880001068115234,55.80500030517578,55.87070083618164,117106
2026-01-09 13:38:00-05:00,TQQQ,55.880001068115234,55.88999938964844,55.86000061035156,55.875,56371
2026-01-09 13:39:00-05:00,TQQQ,55.87860107421875,55.88999938964844,55.86000061035156,55.87139892578125,41311
2026-01-09 13:40:00-05:00,TQQQ,55.875,55.91999816894531,55.875,55.900001525878906,91890
2026-01-09 13:41:00-05:00,TQQQ,55.900299072265625,55.929901123046875,55.900001525878906,55.918399810791016,33606
2026-01-09 13:42:00-05:00,TQQQ,55.91999816894531,55.935001373291016,55.90999984741211,55.915000915527344,53867
2026-01-09 13:43:00-05:00,TQQQ,55.91999816894531,55.92499923706055,55.83000183105469,55.84000015258789,150627
2026-01-09 13:44:00-05:00,TQQQ,55.84000015258789,55.849998474121094,55.801998138427734,55.80929946899414,64844
2026-01-09 13:45:00-05:00,TQQQ,55.810001373291016,55.83000183105469,55.790000915527344,55.82979965209961,33259
2026-01-09 13:46:00-05:00,TQQQ,55.8297004699707,55.849998474121094,55.80500030517578,55.83890151977539,59783
2026-01-09 13:47:00-05:00,TQQQ,55.83000183105469,55.834999084472656,55.79999923706055,55.80500030517578,32582
2026-01-09 13:48:00-05:00,TQQQ,55.814998626708984,55.880001068115234,55.810001373291016,55.87990188598633,94243
2026-01-09 13:49:00-05:00,TQQQ,55.869998931884766,55.89500045776367,55.86009979248047,55.87350082397461,49153
2026-01-09 13:50:00-05:00,TQQQ,55.88169860839844,55.885501861572266,55.84149932861328,55.88180160522461,49297
2026-01-09 13:51:00-05:00,TQQQ,55.88999938964844,55.90999984741211,55.880001068115234,55.89500045776367,50214
2026-01-09 13:52:00-05:00,TQQQ,55.88999938964844,55.899600982666016,55.869998931884766,55.89500045776367,22654
2026-01-09 13:53:00-05:00,TQQQ,55.89500045776367,55.900001525878906,55.87139892578125,55.900001525878906,23633
2026-01-09 13:54:00-05:00,TQQQ,55.89500045776367,55.917301177978516,55.88999938964844,55.9005012512207,76966
2026-01-09 13:55:00-05:00,TQQQ,55.90250015258789,55.915000915527344,55.88199996948242,55.90999984741211,56843
2026-01-09 13:56:00-05:00,TQQQ,55.91999816894531,55.93000030517578,55.90230178833008,55.90999984741211,41650
2026-01-09 13:57:00-05:00,TQQQ,55.910099029541016,55.97999954223633,55.910099029541016,55.97140121459961,126372
2026-01-09 13:58:00-05:00,TQQQ,55.9734001159668,55.97999954223633,55.939998626708984,55.95009994506836,53414
2026-01-09 13:59:00-05:00,TQQQ,55.95500183105469,55.959999084472656,55.939998626708984,55.95989990234375,30896
2026-01-09 14:00:00-05:00,TQQQ,55.94499969482422,55.957698822021484,55.88999938964844,55.89500045776367,49023
2026-01-09 14:01:00-05:00,TQQQ,55.900001525878906,55.90999984741211,55.88999938964844,55.900001525878906,77433
2026-01-09 14:02:00-05:00,TQQQ,55.899200439453125,55.91999816894531,55.88999938964844,55.91999816894531,51690
2026-01-09 14:03:00-05:00,TQQQ,55.91999816894531,55.93000030517578,55.904998779296875,55.915000915527344,25560
2026-01-09 14:04:00-05:00,TQQQ,55.91999816894531,55.939998626708984,55.915401458740234,55.921600341796875,27168
2026-01-09 14:05:00-05:00,TQQQ,55.91270065307617,55.93000030517578,55.88999938964844,55.918701171875,44311
2026-01-09 14:06:00-05:00,TQQQ,55.918800354003906,55.918800354003906,55.88999938964844,55.89500045776367,47767
2026-01-09 14:07:00-05:00,TQQQ,55.89500045776367,55.900001525878906,55.8849983215332,55.88999938964844,23573
2026-01-09 14:08:00-05:00,TQQQ,55.89500045776367,55.900001525878906,55.86009979248047,55.880001068115234,56404
2026-01-09 14:09:00-05:00,TQQQ,55.880001068115234,55.915000915527344,55.880001068115234,55.90999984741211,23700
2026-01-09 14:10:00-05:00,TQQQ,55.90999984741211,55.915000915527344,55.880001068115234,55.88589859008789,35066
2026-01-09 14:11:00-05:00,TQQQ,55.88999938964844,55.939998626708984,55.880001068115234,55.90999984741211,88811
2026-01-09 14:12:00-05:00,TQQQ,55.92530059814453,55.938499450683594,55.900001525878906,55.90599822998047,26373
2026-01-09 14:13:00-05:00,TQQQ,55.904998779296875,55.90999984741211,55.88999938964844,55.90999984741211,26947
2026-01-09 14:14:00-05:00,TQQQ,55.90999984741211,55.91999816894531,55.9026985168457,55.90999984741211,31210
2026-01-09 14:15:00-05:00,TQQQ,55.90700149536133,55.92789840698242,55.900001525878906,55.92070007324219,31708
2026-01-09 14:16:00-05:00,TQQQ,55.924598693847656,55.939998626708984,55.90999984741211,55.93989944458008,22362
2026-01-09 14:17:00-05:00,TQQQ,55.93920135498047,55.96730041503906,55.932701110839844,55.959999084472656,57756
2026-01-09 14:18:00-05:00,TQQQ,55.95249938964844,55.97999954223633,55.95249938964844,55.96979904174805,68476
2026-01-09 14:19:00-05:00,TQQQ,55.96590042114258,55.97999954223633,55.95000076293945,55.968299865722656,30674
2026-01-09 14:20:00-05:00,TQQQ,55.959999084472656,55.970001220703125,55.94139862060547,55.95000076293945,53886
2026-01-09 14:21:00-05:00,TQQQ,55.94499969482422,55.96500015258789,55.939998626708984,55.95000076293945,29773
2026-01-09 14:22:00-05:00,TQQQ,55.95869827270508,55.95869827270508,55.91999816894531,55.93009948730469,121221
2026-01-09 14:23:00-05:00,TQQQ,55.935001373291016,55.95989990234375,55.93009948730469,55.95989990234375,23827
2026-01-09 14:24:00-05:00,TQQQ,55.95500183105469,55.970001220703125,55.94990158081055,55.95000076293945,28928
2026-01-09 14:25:00-05:00,TQQQ,55.95500183105469,55.95500183105469,55.91999816894531,55.935001373291016,45120
2026-01-09 14:26:00-05:00,TQQQ,55.935001373291016,55.94499969482422,55.91999816894531,55.93000030517578,43957
2026-01-09 14:27:00-05:00,TQQQ,55.935001373291016,55.959999084472656,55.932899475097656,55.950401306152344,27052
2026-01-09 14:28:00-05:00,TQQQ,55.95589828491211,55.95589828491211,55.939998626708984,55.939998626708984,4289
2026-01-09 14:29:00-05:00,TQQQ,55.939998626708984,55.94540023803711,55.910499572753906,55.92499923706055,49112
2026-01-09 14:30:00-05:00,TQQQ,55.93000030517578,55.941898345947266,55.91999816894531,55.92689895629883,43254
2026-01-09 14:31:00-05:00,TQQQ,55.92499923706055,55.93989944458008,55.90999984741211,55.915000915527344,54367
2026-01-09 14:32:00-05:00,TQQQ,55.91999816894531,55.93000030517578,55.90999984741211,55.915000915527344,49956
2026-01-09 14:33:00-05:00,TQQQ,55.91999816894531,55.93539810180664,55.900001525878906,55.900001525878906,51866
2026-01-09 14:34:00-05:00,TQQQ,55.89500045776367,55.90999984741211,55.88999938964844,55.900901794433594,45871
2026-01-09 14:35:00-05:00,TQQQ,55.89500045776367,55.939998626708984,55.88999938964844,55.933998107910156,43307
2026-01-09 14:36:00-05:00,TQQQ,55.930301666259766,55.93989944458008,55.90999984741211,55.90999984741211,41306
2026-01-09 14:37:00-05:00,TQQQ,55.919898986816406,55.95000076293945,55.90999984741211,55.935001373291016,40503
2026-01-09 14:38:00-05:00,TQQQ,55.935001373291016,55.95000076293945,55.92499923706055,55.939998626708984,30469
2026-01-09 14:39:00-05:00,TQQQ,55.9390983581543,55.95000076293945,55.93170166015625,55.93170166015625,30259
2026-01-09 14:40:00-05:00,TQQQ,55.93920135498047,55.95000076293945,55.915000915527344,55.929901123046875,28070
2026-01-09 14:41:00-05:00,TQQQ,55.9202995300293,55.935001373291016,55.910099029541016,55.93000030517578,38233
2026-01-09 14:42:00-05:00,TQQQ,55.935001373291016,55.94940185546875,55.93000030517578,55.939998626708984,33787
2026-01-09 14:43:00-05:00,TQQQ,55.939998626708984,55.959999084472656,55.93009948730469,55.95500183105469,23103720
2026-01-09 14:44:00-05:00,TQQQ,55.95500183105469,55.959999084472656,55.939998626708984,55.94499969482422,0
2026-01-09 14:45:00-05:00,TQQQ,55.94150161743164,55.94990158081055,55.91999816894531,55.94499969482422,20134
2026-01-09 14:46:00-05:00,TQQQ,55.94499969482422,55.9900016784668,55.939998626708984,55.977298736572266,42658
2026-01-09 14:47:00-05:00,TQQQ,55.97999954223633,55.98540115356445,55.964500427246094,55.980098724365234,67127
2026-01-09 14:48:00-05:00,TQQQ,55.98500061035156,56.0,55.959999084472656,55.98080062866211,48508
2026-01-09 14:49:00-05:00,TQQQ,55.97999954223633,55.987300872802734,55.959999084472656,55.96500015258789,30947
2026-01-09 14:50:00-05:00,TQQQ,55.96260070800781,56.02000045776367,55.96260070800781,55.974998474121094,215763
2026-01-09 14:51:00-05:00,TQQQ,55.97999954223633,55.999900817871094,55.959999084472656,55.9900016784668,83448
2026-01-09 14:52:00-05:00,TQQQ,55.994998931884766,56.01729965209961,55.9900016784668,56.000301361083984,23526231
2026-01-09 14:53:00-05:00,TQQQ,56.005001068115234,56.009300231933594,55.97999954223633,55.991798400878906,0
2026-01-09 14:54:00-05:00,TQQQ,55.994998931884766,55.99850082397461,55.959999084472656,55.96500015258789,36733
2026-01-09 14:55:00-05:00,TQQQ,55.96500015258789,55.96989822387695,55.900001525878906,55.92499923706055,72831
2026-01-09 14:56:00-05:00,TQQQ,55.93000030517578,55.935001373291016,55.900001525878906,55.920501708984375,73190
2026-01-09 14:57:00-05:00,TQQQ,55.93000030517578,55.93000030517578,55.900001525878906,55.90010070800781,40233
2026-01-09 14:58:00-05:00,TQQQ,55.904998779296875,55.93000030517578,55.88999938964844,55.92499923706055,32923
2026-01-09 14:59:00-05:00,TQQQ,55.93000030517578,55.939998626708984,55.88999938964844,55.88999938964844,24860
2026-01-09 15:00:00-05:00,TQQQ,55.88999938964844,55.89500045776367,55.869998931884766,55.89500045776367,50695
2026-01-09 15:01:00-05:00,TQQQ,55.89500045776367,55.96989822387695,55.89250183105469,55.9640998840332,48909
2026-01-09 15:02:00-05:00,TQQQ,55.968101501464844,55.97999954223633,55.95869827270508,55.97999954223633,42081
2026-01-09 15:03:00-05:00,TQQQ,55.97010040283203,56.0,55.970001220703125,55.974998474121094,42832
2026-01-09 15:04:00-05:00,TQQQ,55.974998474121094,55.974998474121094,55.95000076293945,55.96009826660156,23774256
2026-01-09 15:05:00-05:00,TQQQ,55.96699905395508,55.96699905395508,55.939998626708984,55.95500183105469,0
2026-01-09 15:06:00-05:00,TQQQ,55.959999084472656,55.98899841308594,55.954498291015625,55.98899841308594,17908
2026-01-09 15:07:00-05:00,TQQQ,55.97999954223633,56.019901275634766,55.97269821166992,56.01499938964844,39469
2026-01-09 15:08:00-05:00,TQQQ,56.02000045776367,56.029998779296875,55.97999954223633,56.005001068115234,116531
2026-01-09 15:09:00-05:00,TQQQ,56.005001068115234,56.01620101928711,56.0,56.0,37472
2026-01-09 15:10:00-05:00,TQQQ,56.009700775146484,56.01499938964844,55.97999954223633,55.98979949951172,68473
2026-01-09 15:11:00-05:00,TQQQ,55.98500061035156,56.0,55.959999084472656,55.994998931884766,78437
2026-01-09 15:12:00-05:00,TQQQ,55.994998931884766,56.0099983215332,55.9900016784668,55.994998931884766,45740
2026-01-09 15:13:00-05:00,TQQQ,55.994998931884766,55.994998931884766,55.96009826660156,55.974998474121094,34377
2026-01-09 15:14:00-05:00,TQQQ,55.970001220703125,55.98500061035156,55.970001220703125,55.97999954223633,16996
2026-01-09 15:15:00-05:00,TQQQ,55.970001220703125,55.98350143432617,55.96099853515625,55.97990036010742,25421
2026-01-09 15:16:00-05:00,TQQQ,55.979801177978516,56.0099983215332,55.974998474121094,55.994998931884766,60626
2026-01-09 15:17:00-05:00,TQQQ,55.999900817871094,56.00910186767578,55.984500885009766,56.000099182128906,14132
2026-01-09 15:18:00-05:00,TQQQ,56.0099983215332,56.02000045776367,55.994998931884766,56.0098991394043,48768
2026-01-09 15:19:00-05:00,TQQQ,56.005001068115234,56.029998779296875,56.0,56.010101318359375,34374
2026-01-09 15:20:00-05:00,TQQQ,56.0192985534668,56.029998779296875,56.0099983215332,56.02000045776367,42330
2026-01-09 15:21:00-05:00,TQQQ,56.01219940185547,56.06999969482422,56.0,56.06809997558594,95863
2026-01-09 15:22:00-05:00,TQQQ,56.06169891357422,56.09000015258789,56.060001373291016,56.08000183105469,79324
2026-01-09 15:23:00-05:00,TQQQ,56.09000015258789,56.09000015258789,56.06999969482422,56.08000183105469,48925
2026-01-09 15:24:00-05:00,TQQQ,56.08000183105469,56.089900970458984,56.04999923706055,56.06990051269531,81849
2026-01-09 15:25:00-05:00,TQQQ,56.06460189819336,56.099998474121094,56.05099868774414,56.05500030517578,53402
2026-01-09 15:26:00-05:00,TQQQ,56.05270004272461,56.05500030517578,56.03200149536133,56.04999923706055,38851
2026-01-09 15:27:00-05:00,TQQQ,56.04499816894531,56.04999923706055,56.029998779296875,56.030799865722656,32926
2026-01-09 15:28:00-05:00,TQQQ,56.03499984741211,56.040000915527344,56.0,56.01499938964844,58190
2026-01-09 15:29:00-05:00,TQQQ,56.017799377441406,56.017799377441406,55.97999954223633,55.98500061035156,24829
2026-01-09 15:30:00-05:00,TQQQ,55.970001220703125,56.0,55.959999084472656,55.97999954223633,74590
2026-01-09 15:31:00-05:00,TQQQ,55.97999954223633,56.02000045776367,55.970001220703125,56.005001068115234,83860
2026-01-09 15:32:00-05:00,TQQQ,56.0099983215332,56.0099983215332,55.970001220703125,55.98500061035156,51054
2026-01-09 15:33:00-05:00,TQQQ,55.97010040283203,55.98820114135742,55.959999084472656,55.97200012207031,27856
2026-01-09 15:34:00-05:00,TQQQ,55.973201751708984,56.0099983215332,55.97249984741211,56.0098991394043,66919
2026-01-09 15:35:00-05:00,TQQQ,56.0,56.0,55.959999084472656,55.959999084472656,101303
2026-01-09 15:36:00-05:00,TQQQ,55.96500015258789,55.97999954223633,55.95000076293945,55.97549819946289,85914
2026-01-09 15:37:00-05:00,TQQQ,55.97800064086914,55.97999954223633,55.95000076293945,55.95000076293945,43491
2026-01-09 15:38:00-05:00,TQQQ,55.95500183105469,55.970001220703125,55.95000076293945,55.95989990234375,42934
2026-01-09 15:39:00-05:00,TQQQ,55.95100021362305,55.970001220703125,55.95000076293945,55.959999084472656,63483
2026-01-09 15:40:00-05:00,TQQQ,55.96500015258789,55.970001220703125,55.939998626708984,55.94990158081055,46349
2026-01-09 15:41:00-05:00,TQQQ,55.95000076293945,55.95000076293945,55.935001373291016,55.94499969482422,23760
2026-01-09 15:42:00-05:00,TQQQ,55.939998626708984,55.959999084472656,55.900001525878906,55.91389846801758,97235
2026-01-09 15:43:00-05:00,TQQQ,55.91270065307617,55.942501068115234,55.90999984741211,55.92499923706055,57019
2026-01-09 15:44:00-05:00,TQQQ,55.91999816894531,55.95000076293945,55.91999816894531,55.94219970703125,54514
2026-01-09 15:45:00-05:00,TQQQ,55.94499969482422,55.970001220703125,55.93000030517578,55.93119812011719,25143748
2026-01-09 15:46:00-05:00,TQQQ,55.93000030517578,55.94459915161133,55.915000915527344,55.935001373291016,173348
2026-01-09 15:47:00-05:00,TQQQ,55.939998626708984,55.959999084472656,55.93000030517578,55.94499969482422,0
2026-01-09 15:48:00-05:00,TQQQ,55.948699951171875,55.95790100097656,55.940101623535156,55.949798583984375,65023
2026-01-09 15:49:00-05:00,TQQQ,55.94990158081055,55.959999084472656,55.93000030517578,55.94409942626953,137083
2026-01-09 15:50:00-05:00,TQQQ,55.94499969482422,55.95289993286133,55.90999984741211,55.90999984741211,242315
2026-01-09 15:51:00-05:00,TQQQ,55.90999984741211,55.90999984741211,55.86000061035156,55.8849983215332,194809
2026-01-09 15:52:00-05:00,TQQQ,55.88999938964844,55.899898529052734,55.869998931884766,55.89289855957031,137896
2026-01-09 15:53:00-05:00,TQQQ,55.900001525878906,55.91999816894531,55.86000061035156,55.875,171647
2026-01-09 15:54:00-05:00,TQQQ,55.869998931884766,55.90999984741211,55.83000183105469,55.894100189208984,259166
2026-01-09 15:55:00-05:00,TQQQ,55.88999938964844,55.88999938964844,55.83000183105469,55.86000061035156,236706
2026-01-09 15:56:00-05:00,TQQQ,55.86000061035156,55.86000061035156,55.830101013183594,55.8380012512207,140401
2026-01-09 15:57:00-05:00,TQQQ,55.84000015258789,55.880001068115234,55.82500076293945,55.86159896850586,204285
2026-01-09 15:58:00-05:00,TQQQ,55.8650016784668,55.900001525878906,55.849998474121094,55.875,272631
2026-01-09 15:59:00-05:00,TQQQ,55.8650016784668,55.880001068115234,55.76499938964844,55.77000045776367,608290
2026-01-12 09:30:00-05:00,TQQQ,54.599998474121094,54.64500045776367,54.59000015258789,54.60499954223633,2240286
2026-01-12 09:31:00-05:00,TQQQ,54.96500015258789,55.150001525878906,54.95500183105469,55.11000061035156,1877896
2026-01-12 09:32:00-05:00,TQQQ,55.13999938964844,55.150001525878906,55.13999938964844,55.13999938964844,484541
2026-01-12 09:33:00-05:00,TQQQ,55.130001068115234,55.229400634765625,55.09000015258789,55.165000915527344,271034
2026-01-12 09:34:00-05:00,TQQQ,55.17499923706055,55.32939910888672,55.150001525878906,55.30759811401367,393107
2026-01-12 09:35:00-05:00,TQQQ,55.29999923706055,55.38999938964844,55.2401008605957,55.349700927734375,514839
2026-01-12 09:36:00-05:00,TQQQ,55.349998474121094,55.48590087890625,55.33000183105469,55.380001068115234,305620
2026-01-12 09:37:00-05:00,TQQQ,55.369998931884766,55.400001525878906,55.290000915527344,55.334999084472656,246633
2026-01-12 09:38:00-05:00,TQQQ,55.33000183105469,55.45000076293945,55.314998626708984,55.439998626708984,269368
2026-01-12 09:39:00-05:00,TQQQ,55.439998626708984,55.50920104980469,55.38999938964844,55.45199966430664,262640
2026-01-12 09:40:00-05:00,TQQQ,55.470001220703125,55.4900016784668,55.29999923706055,55.334999084472656,255410
2026-01-12 09:41:00-05:00,TQQQ,55.334999084472656,55.44499969482422,55.25,55.42850112915039,216672
2026-01-12 09:42:00-05:00,TQQQ,55.41999816894531,55.46500015258789,55.36000061035156,55.41999816894531,7008132
2026-01-12 09:43:00-05:00,TQQQ,55.41999816894531,55.529998779296875,55.40999984741211,55.40999984741211,0
2026-01-12 09:44:00-05:00,TQQQ,55.40999984741211,55.43000030517578,55.2599983215332,55.290000915527344,227234
2026-01-12 09:45:00-05:00,TQQQ,55.16999816894531,55.255001068115234,55.16999816894531,55.22999954223633,449495
2026-01-12 09:46:00-05:00,TQQQ,55.209999084472656,55.29499816894531,55.15999984741211,55.279998779296875,221722
2026-01-12 09:47:00-05:00,TQQQ,55.252498626708984,55.31999969482422,55.21179962158203,55.2599983215332,163365
2026-01-12 09:48:00-05:00,TQQQ,55.27000045776367,55.30699920654297,55.19929885864258,55.30699920654297,224221
2026-01-12 09:49:00-05:00,TQQQ,55.30059814453125,55.40999984741211,55.279998779296875,55.380001068115234,208127
2026-01-12 09:50:00-05:00,TQQQ,55.38999938964844,55.630001068115234,55.369998931884766,55.599998474121094,353470
2026-01-12 09:51:00-05:00,TQQQ,55.61899948120117,55.7218017578125,55.570098876953125,55.650001525878906,357147
2026-01-12 09:52:00-05:00,TQQQ,55.65729904174805,55.65729904174805,55.54999923706055,55.56999969482422,208786
2026-01-12 09:53:00-05:00,TQQQ,55.564998626708984,55.650001525878906,55.55979919433594,55.630001068115234,147326
2026-01-12 09:54:00-05:00,TQQQ,55.627498626708984,55.67499923706055,55.52119827270508,55.54010009765625,206001
2026-01-12 09:55:00-05:00,TQQQ,55.53010177612305,55.59000015258789,55.5099983215332,55.54999923706055,104579
2026-01-12 09:56:00-05:00,TQQQ,55.55179977416992,55.68000030517578,55.540000915527344,55.66999816894531,186872
2026-01-12 09:57:00-05:00,TQQQ,55.6796989440918,55.689998626708984,55.58000183105469,55.61690139770508,140130
2026-01-12 09:58:00-05:00,TQQQ,55.630001068115234,55.654998779296875,55.560001373291016,55.57500076293945,76512
2026-01-12 09:59:00-05:00,TQQQ,55.56010055541992,55.6150016784668,55.5099983215332,55.58409881591797,75922
2026-01-12 10:00:00-05:00,TQQQ,55.584999084472656,55.599998474121094,55.5,55.54970169067383,169404
2026-01-12 10:01:00-05:00,TQQQ,55.55030059814453,55.599998474121094,55.52159881591797,55.59590148925781,86798
2026-01-12 10:02:00-05:00,TQQQ,55.589900970458984,55.618099212646484,55.48139953613281,55.54899978637695,208100
2026-01-12 10:03:00-05:00,TQQQ,55.54499816894531,55.560001373291016,55.40999984741211,55.4901008605957,172904
2026-01-12 10:04:00-05:00,TQQQ,55.50130081176758,55.540000915527344,55.400001525878906,55.42729949951172,126410
2026-01-12 10:05:00-05:00,TQQQ,55.42499923706055,55.5,55.400001525878906,55.449501037597656,162341
2026-01-12 10:06:00-05:00,TQQQ,55.44129943847656,55.48189926147461,55.36000061035156,55.48189926147461,93797
2026-01-12 10:07:00-05:00,TQQQ,55.48979949951172,55.5,55.38999938964844,55.44499969482422,158981
2026-01-12 10:08:00-05:00,TQQQ,55.439998626708984,55.5,55.41999816894531,55.45000076293945,81236
2026-01-12 10:09:00-05:00,TQQQ,55.45500183105469,55.52000045776367,55.441200256347656,55.46269989013672,94133
2026-01-12 10:10:00-05:00,TQQQ,55.45000076293945,55.494998931884766,55.38999938964844,55.46780014038086,189671
2026-01-12 10:11:00-05:00,TQQQ,55.461299896240234,55.5,55.439998626708984,55.470001220703125,60068
2026-01-12 10:12:00-05:00,TQQQ,55.459999084472656,55.6083984375,55.4286994934082,55.6083984375,135889
2026-01-12 10:13:00-05:00,TQQQ,55.60940170288086,55.61000061035156,55.480098724365234,55.5,108140
2026-01-12 10:14:00-05:00,TQQQ,55.5,55.619998931884766,55.48500061035156,55.60499954223633,87448
2026-01-12 10:15:00-05:00,TQQQ,55.599998474121094,55.61000061035156,55.540000915527344,55.584999084472656,93766
2026-01-12 10:16:00-05:00,TQQQ,55.59000015258789,55.640201568603516,55.5099983215332,55.51499938964844,120204
2026-01-12 10:17:00-05:00,TQQQ,55.53499984741211,55.56999969482422,55.47999954223633,55.529998779296875,115047
2026-01-12 10:18:00-05:00,TQQQ,55.540000915527344,55.56999969482422,55.4900016784668,55.560001373291016,186550
2026-01-12 10:19:00-05:00,TQQQ,55.564998626708984,55.650001525878906,55.559898376464844,55.61000061035156,136053
2026-01-12 10:20:00-05:00,TQQQ,55.599998474121094,55.65999984741211,55.570098876953125,55.630001068115234,143984
2026-01-12 10:21:00-05:00,TQQQ,55.63010025024414,55.65999984741211,55.56999969482422,55.630001068115234,66302
2026-01-12 10:22:00-05:00,TQQQ,55.63999938964844,55.68000030517578,55.571998596191406,55.654998779296875,92809
2026-01-12 10:23:00-05:00,TQQQ,55.650001525878906,55.66999816894531,55.56999969482422,55.66999816894531,77842
2026-01-12 10:24:00-05:00,TQQQ,55.68000030517578,55.77000045776367,55.68000030517578,55.69499969482422,236395
2026-01-12 10:25:00-05:00,TQQQ,55.69810104370117,55.78409957885742,55.68000030517578,55.77000045776367,106648
2026-01-12 10:26:00-05:00,TQQQ,55.779998779296875,55.779998779296875,55.649898529052734,55.66999816894531,122423
2026-01-12 10:27:00-05:00,TQQQ,55.669898986816406,55.70989990234375,55.65760040283203,55.685001373291016,80914
2026-01-12 10:28:00-05:00,TQQQ,55.68000030517578,55.72999954223633,55.65010070800781,55.717498779296875,80901
2026-01-12 10:29:00-05:00,TQQQ,55.70989990234375,55.75,55.68000030517578,55.709999084472656,61255
2026-01-12 10:30:00-05:00,TQQQ,55.70880126953125,55.720001220703125,55.57059860229492,55.6072998046875,134371
2026-01-12 10:31:00-05:00,TQQQ,55.599998474121094,55.65060043334961,55.56999969482422,55.599998474121094,68214
2026-01-12 10:32:00-05:00,TQQQ,55.608001708984375,55.619998931884766,55.52000045776367,55.54930114746094,97914
2026-01-12 10:33:00-05:00,TQQQ,55.529998779296875,55.54999923706055,55.439998626708984,55.439998626708984,178321
2026-01-12 10:34:00-05:00,TQQQ,55.439998626708984,55.5192985534668,55.43000030517578,55.51409912109375,163480
2026-01-12 10:35:00-05:00,TQQQ,55.5099983215332,55.619998931884766,55.5099983215332,55.60499954223633,125817
2026-01-12 10:36:00-05:00,TQQQ,55.608001708984375,55.60919952392578,55.443199157714844,55.44499969482422,130158
2026-01-12 10:37:00-05:00,TQQQ,55.45000076293945,55.540000915527344,55.44269943237305,55.51499938964844,70621
2026-01-12 10:38:00-05:00,TQQQ,55.51279830932617,55.56719970703125,55.47999954223633,55.499698638916016,62143
2026-01-12 10:39:00-05:00,TQQQ,55.508201599121094,55.584999084472656,55.4900016784668,55.57500076293945,65292
2026-01-12 10:40:00-05:00,TQQQ,55.57500076293945,55.579898834228516,55.529998779296875,55.56010055541992,52662
2026-01-12 10:41:00-05:00,TQQQ,55.54999923706055,55.59000015258789,55.494998931884766,55.5099983215332,47650
2026-01-12 10:42:00-05:00,TQQQ,55.517601013183594,55.53499984741211,55.47999954223633,55.50199890136719,41249
2026-01-12 10:43:00-05:00,TQQQ,55.5098991394043,55.52000045776367,55.40999984741211,55.45000076293945,86165
2026-01-12 10:44:00-05:00,TQQQ,55.45000076293945,55.52000045776367,55.413299560546875,55.48500061035156,65747
2026-01-12 10:45:00-05:00,TQQQ,55.48500061035156,55.48500061035156,55.3400993347168,55.39939880371094,167034
2026-01-12 10:46:00-05:00,TQQQ,55.39889907836914,55.45000076293945,55.3650016784668,55.435001373291016,114478
2026-01-12 10:47:00-05:00,TQQQ,55.429901123046875,55.540000915527344,55.42179870605469,55.50239944458008,156317
2026-01-12 10:48:00-05:00,TQQQ,55.5099983215332,55.5099983215332,55.435001373291016,55.48500061035156,80957
2026-01-12 10:49:00-05:00,TQQQ,55.48540115356445,55.560001373291016,55.470001220703125,55.537498474121094,52642
2026-01-12 10:50:00-05:00,TQQQ,55.53499984741211,55.537601470947266,55.459999084472656,55.5099983215332,48620
2026-01-12 10:51:00-05:00,TQQQ,55.5099983215332,55.529998779296875,55.470001220703125,55.499698638916016,52856
2026-01-12 10:52:00-05:00,TQQQ,55.52000045776367,55.54999923706055,55.48500061035156,55.520198822021484,73768
2026-01-12 10:53:00-05:00,TQQQ,55.52629852294922,55.589900970458984,55.51499938964844,55.589900970458984,95799
2026-01-12 10:54:00-05:00,TQQQ,55.59000015258789,55.63990020751953,55.56999969482422,55.6150016784668,155425
2026-01-12 10:55:00-05:00,TQQQ,55.61989974975586,55.630001068115234,55.599998474121094,55.610599517822266,101466
2026-01-12 10:56:00-05:00,TQQQ,55.62919998168945,55.65999984741211,55.59120178222656,55.60499954223633,67245
2026-01-12 10:57:00-05:00,TQQQ,55.599998474121094,55.63999938964844,55.58440017700195,55.62160110473633,60616
2026-01-12 10:58:00-05:00,TQQQ,55.630001068115234,55.66899871826172,55.61000061035156,55.66210174560547,72310
2026-01-12 10:59:00-05:00,TQQQ,55.66999816894531,55.70000076293945,55.665000915527344,55.67499923706055,75341
2026-01-12 11:00:00-05:00,TQQQ,55.67060089111328,55.67060089111328,55.58000183105469,55.62860107421875,228877
2026-01-12 11:01:00-05:00,TQQQ,55.6245002746582,55.689998626708984,55.619998931884766,55.66999816894531,104986
2026-01-12 11:02:00-05:00,TQQQ,55.665000915527344,55.70000076293945,55.644100189208984,55.68410110473633,47532
2026-01-12 11:03:00-05:00,TQQQ,55.690101623535156,55.720001220703125,55.66469955444336,55.67499923706055,97496
2026-01-12 11:04:00-05:00,TQQQ,55.672000885009766,55.685001373291016,55.630001068115234,55.665000915527344,87764
2026-01-12 11:05:00-05:00,TQQQ,55.665000915527344,55.70989990234375,55.65039825439453,55.70989990234375,77252
2026-01-12 11:06:00-05:00,TQQQ,55.70500183105469,55.71969985961914,55.682098388671875,55.69499969482422,55302
2026-01-12 11:07:00-05:00,TQQQ,55.709999084472656,55.72999954223633,55.69139862060547,55.72010040283203,67947
2026-01-12 11:08:00-05:00,TQQQ,55.71500015258789,55.720001220703125,55.689998626708984,55.70539855957031,56616
2026-01-12 11:09:00-05:00,TQQQ,55.708499908447266,55.75,55.70000076293945,55.738800048828125,66954
2026-01-12 11:10:00-05:00,TQQQ,55.7400016784668,55.810001373291016,55.73500061035156,55.79999923706055,175297
2026-01-12 11:11:00-05:00,TQQQ,55.79499816894531,55.79999923706055,55.73500061035156,55.77000045776367,129192
2026-01-12 11:12:00-05:00,TQQQ,55.77000045776367,55.79999923706055,55.74359893798828,55.77000045776367,49502
2026-01-12 11:13:00-05:00,TQQQ,55.7599983215332,55.79999923706055,55.75,55.790000915527344,46058
2026-01-12 11:14:00-05:00,TQQQ,55.79499816894531,55.86869812011719,55.78150177001953,55.8650016784668,137138
2026-01-12 11:15:00-05:00,TQQQ,55.86000061035156,55.909698486328125,55.8400993347168,55.90879821777344,222541
2026-01-12 11:16:00-05:00,TQQQ,55.904998779296875,55.95000076293945,55.88999938964844,55.900001525878906,143196
2026-01-12 11:17:00-05:00,TQQQ,55.89590072631836,55.957698822021484,55.88999938964844,55.91320037841797,86512
2026-01-12 11:18:00-05:00,TQQQ,55.918701171875,55.939998626708984,55.90010070800781,55.922401428222656,47331
2026-01-12 11:19:00-05:00,TQQQ,55.924800872802734,55.929901123046875,55.869998931884766,55.88999938964844,70448
2026-01-12 11:20:00-05:00,TQQQ,55.8931999206543,55.93000030517578,55.87009811401367,55.88999938964844,79704
2026-01-12 11:21:00-05:00,TQQQ,55.89540100097656,55.900001525878906,55.8218994140625,55.84000015258789,83080
2026-01-12 11:22:00-05:00,TQQQ,55.838199615478516,55.84000015258789,55.779998779296875,55.790000915527344,88355
2026-01-12 11:23:00-05:00,TQQQ,55.790000915527344,55.84000015258789,55.790000915527344,55.826499938964844,70755
2026-01-12 11:24:00-05:00,TQQQ,55.82500076293945,55.849998474121094,55.79999923706055,55.849998474121094,58490
2026-01-12 11:25:00-05:00,TQQQ,55.85499954223633,55.86000061035156,55.79999923706055,55.82979965209961,94100
2026-01-12 11:26:00-05:00,TQQQ,55.82500076293945,55.83000183105469,55.7599983215332,55.810001373291016,85415
2026-01-12 11:27:00-05:00,TQQQ,55.79999923706055,55.79999923706055,55.76169967651367,55.790000915527344,55247
2026-01-12 11:28:00-05:00,TQQQ,55.78499984741211,55.829898834228516,55.77870178222656,55.82529830932617,57460
2026-01-12 11:29:00-05:00,TQQQ,55.814998626708984,55.838401794433594,55.779998779296875,55.834999084472656,20761
2026-01-12 11:30:00-05:00,TQQQ,55.838600158691406,55.85710144042969,55.80179977416992,55.85710144042969,30462
2026-01-12 11:31:00-05:00,TQQQ,55.8468017578125,55.86949920654297,55.79999923706055,55.80910110473633,74430
2026-01-12 11:32:00-05:00,TQQQ,55.79869842529297,55.83000183105469,55.78499984741211,55.83000183105469,41285
2026-01-12 11:33:00-05:00,TQQQ,55.83000183105469,55.833499908447266,55.779998779296875,55.833499908447266,41517
2026-01-12 11:34:00-05:00,TQQQ,55.84000015258789,55.85940170288086,55.83000183105469,55.849998474121094,60317
2026-01-12 11:35:00-05:00,TQQQ,55.86000061035156,55.875,55.83000183105469,55.875,57475
2026-01-12 11:36:00-05:00,TQQQ,55.8650016784668,55.880001068115234,55.81999969482422,55.87910079956055,67471
2026-01-12 11:37:00-05:00,TQQQ,55.88869857788086,55.88999938964844,55.85459899902344,55.869998931884766,50240
2026-01-12 11:38:00-05:00,TQQQ,55.880001068115234,55.88999938964844,55.834999084472656,55.85499954223633,41592
2026-01-12 11:39:00-05:00,TQQQ,55.849998474121094,55.859798431396484,55.820098876953125,55.84000015258789,32854
2026-01-12 11:40:00-05:00,TQQQ,55.849998474121094,55.900001525878906,55.84000015258789,55.86000061035156,39450
2026-01-12 11:41:00-05:00,TQQQ,55.86000061035156,55.86840057373047,55.79999923706055,55.81999969482422,19812
2026-01-12 11:42:00-05:00,TQQQ,55.81990051269531,55.81999969482422,55.779998779296875,55.79280090332031,58571
2026-01-12 11:43:00-05:00,TQQQ,55.790000915527344,55.810001373291016,55.78350067138672,55.810001373291016,27841
2026-01-12 11:44:00-05:00,TQQQ,55.810001373291016,55.810001373291016,55.779998779296875,55.78499984741211,39589
2026-01-12 11:45:00-05:00,TQQQ,55.76499938964844,55.779998779296875,55.7400016784668,55.775001525878906,51696
2026-01-12 11:46:00-05:00,TQQQ,55.76499938964844,55.849998474121094,55.7599983215332,55.847900390625,53863
2026-01-12 11:47:00-05:00,TQQQ,55.849998474121094,55.85770034790039,55.72999954223633,55.73500061035156,84521
2026-01-12 11:48:00-05:00,TQQQ,55.73780059814453,55.768699645996094,55.709999084472656,55.724998474121094,77338
2026-01-12 11:49:00-05:00,TQQQ,55.72129821777344,55.84000015258789,55.720001220703125,55.83409881591797,99024
2026-01-12 11:50:00-05:00,TQQQ,55.834999084472656,55.88999938964844,55.834999084472656,55.88930130004883,116861
2026-01-12 11:51:00-05:00,TQQQ,55.88999938964844,55.90999984741211,55.84000015258789,55.875,57942
2026-01-12 11:52:00-05:00,TQQQ,55.87929916381836,55.91999816894531,55.87189865112305,55.914100646972656,63754
2026-01-12 11:53:00-05:00,TQQQ,55.91740036010742,55.93000030517578,55.900001525878906,55.929901123046875,27833
2026-01-12 11:54:00-05:00,TQQQ,55.92499923706055,55.970001220703125,55.90999984741211,55.95589828491211,73514
2026-01-12 11:55:00-05:00,TQQQ,55.952598571777344,55.97999954223633,55.94499969482422,55.96009826660156,43736
2026-01-12 11:56:00-05:00,TQQQ,55.96080017089844,55.9900016784668,55.959999084472656,55.97140121459961,72778
2026-01-12 11:57:00-05:00,TQQQ,55.98500061035156,56.0,55.97999954223633,55.9995002746582,90860
2026-01-12 11:58:00-05:00,TQQQ,55.9900016784668,56.0088005065918,55.939998626708984,55.98749923706055,196146
2026-01-12 11:59:00-05:00,TQQQ,55.97999954223633,55.989898681640625,55.95000076293945,55.95000076293945,37670
2026-01-12 12:00:00-05:00,TQQQ,55.95500183105469,55.95899963378906,55.900001525878906,55.915000915527344,101753
2026-01-12 12:01:00-05:00,TQQQ,55.91859817504883,56.005001068115234,55.915000915527344,56.0,61820
2026-01-12 12:02:00-05:00,TQQQ,56.0,56.0099983215332,55.980098724365234,55.99800109863281,110306
2026-01-12 12:03:00-05:00,TQQQ,56.0,56.00910186767578,55.97999954223633,55.999900817871094,47372
2026-01-12 12:04:00-05:00,TQQQ,56.0,56.02000045776367,55.98649978637695,55.98649978637695,62786
2026-01-12 12:05:00-05:00,TQQQ,55.98500061035156,55.986900329589844,55.959999084472656,55.97999954223633,62790
2026-01-12 12:06:00-05:00,TQQQ,55.9900016784668,55.994998931884766,55.96500015258789,55.96500015258789,18659
2026-01-12 12:07:00-05:00,TQQQ,55.96500015258789,55.9900016784668,55.93069839477539,55.935001373291016,16046341
2026-01-12 12:08:00-05:00,TQQQ,55.935001373291016,55.939998626708984,55.900001525878906,55.915000915527344,0
2026-01-12 12:09:00-05:00,TQQQ,55.939998626708984,55.939998626708984,55.904998779296875,55.91460037231445,30433
2026-01-12 12:10:00-05:00,TQQQ,55.915000915527344,55.987998962402344,55.90999984741211,55.97100067138672,60349
2026-01-12 12:11:00-05:00,TQQQ,55.97999954223633,56.03990173339844,55.97999954223633,56.0098991394043,63593
2026-01-12 12:12:00-05:00,TQQQ,56.00659942626953,56.02000045776367,55.970001220703125,55.994998931884766,35806
2026-01-12 12:13:00-05:00,TQQQ,55.989898681640625,55.99869918823242,55.959999084472656,55.96739959716797,33711
2026-01-12 12:14:00-05:00,TQQQ,55.96500015258789,56.0099983215332,55.96200180053711,56.005001068115234,29654
2026-01-12 12:15:00-05:00,TQQQ,56.0098991394043,56.0099983215332,55.959999084472656,55.974998474121094,21712
2026-01-12 12:16:00-05:00,TQQQ,55.972999572753906,55.97999954223633,55.935001373291016,55.96500015258789,37742
2026-01-12 12:17:00-05:00,TQQQ,55.959999084472656,55.970001220703125,55.921199798583984,55.93730163574219,63712
2026-01-12 12:18:00-05:00,TQQQ,55.93000030517578,55.94990158081055,55.904998779296875,55.915000915527344,39065
2026-01-12 12:19:00-05:00,TQQQ,55.915000915527344,55.94540023803711,55.90999984741211,55.93000030517578,25551
2026-01-12 12:20:00-05:00,TQQQ,55.92499923706055,55.959999084472656,55.91999816894531,55.959999084472656,16392939
2026-01-12 12:21:00-05:00,TQQQ,55.96500015258789,55.989898681640625,55.95000076293945,55.974998474121094,0
2026-01-12 12:22:00-05:00,TQQQ,55.974998474121094,55.9900016784668,55.95989990234375,55.989898681640625,19677
2026-01-12 12:23:00-05:00,TQQQ,56.0,56.02000045776367,55.9900016784668,55.994998931884766,36343
2026-01-12 12:24:00-05:00,TQQQ,56.0,56.000099182128906,55.91999816894531,55.9275016784668,46052
2026-01-12 12:25:00-05:00,TQQQ,55.91999816894531,55.92499923706055,55.880001068115234,55.900001525878906,75351
2026-01-12 12:26:00-05:00,TQQQ,55.90129852294922,55.93000030517578,55.89500045776367,55.90999984741211,34809
2026-01-12 12:27:00-05:00,TQQQ,55.91339874267578,55.93000030517578,55.88999938964844,55.904998779296875,40206
2026-01-12 12:28:00-05:00,TQQQ,55.904998779296875,55.95000076293945,55.900001525878906,55.95000076293945,37881
2026-01-12 12:29:00-05:00,TQQQ,55.94710159301758,55.96500015258789,55.939998626708984,55.96220016479492,20301
2026-01-12 12:30:00-05:00,TQQQ,55.970001220703125,55.970001220703125,55.93009948730469,55.95009994506836,44496
2026-01-12 12:31:00-05:00,TQQQ,55.95500183105469,55.959999084472656,55.93000030517578,55.939998626708984,47034
2026-01-12 12:32:00-05:00,TQQQ,55.93000030517578,55.93000030517578,55.900001525878906,55.90999984741211,52145
2026-01-12 12:33:00-05:00,TQQQ,55.91080093383789,55.91080093383789,55.880001068115234,55.88999938964844,41341
2026-01-12 12:34:00-05:00,TQQQ,55.8849983215332,55.90999984741211,55.880001068115234,55.90999984741211,30020
2026-01-12 12:35:00-05:00,TQQQ,55.904598236083984,55.91510009765625,55.880001068115234,55.89500045776367,20991
2026-01-12 12:36:00-05:00,TQQQ,55.89500045776367,55.904998779296875,55.870201110839844,55.870201110839844,20631
2026-01-12 12:37:00-05:00,TQQQ,55.880001068115234,55.906898498535156,55.85499954223633,55.90129852294922,23836
2026-01-12 12:38:00-05:00,TQQQ,55.900001525878906,55.900001525878906,55.86000061035156,55.86000061035156,13097
2026-01-12 12:39:00-05:00,TQQQ,55.869998931884766,55.87990188598633,55.81999969482422,55.82419967651367,81344
2026-01-12 12:40:00-05:00,TQQQ,55.82500076293945,55.869998931884766,55.810001373291016,55.86830139160156,99227
2026-01-12 12:41:00-05:00,TQQQ,55.8650016784668,55.929901123046875,55.852500915527344,55.929901123046875,37978
2026-01-12 12:42:00-05:00,TQQQ,55.91999816894531,55.93989944458008,55.900001525878906,55.9286994934082,27268
2026-01-12 12:43:00-05:00,TQQQ,55.929901123046875,55.959999084472656,55.92499923706055,55.939998626708984,22960
2026-01-12 12:44:00-05:00,TQQQ,55.94499969482422,55.95500183105469,55.935001373291016,55.939998626708984,19004
2026-01-12 12:45:00-05:00,TQQQ,55.939998626708984,55.967498779296875,55.930301666259766,55.959999084472656,43151
2026-01-12 12:46:00-05:00,TQQQ,55.96099853515625,56.007999420166016,55.96099853515625,55.97930145263672,42894
2026-01-12 12:47:00-05:00,TQQQ,55.974998474121094,56.0098991394043,55.970001220703125,55.994998931884766,196974
2026-01-12 12:48:00-05:00,TQQQ,56.0,56.029998779296875,55.97249984741211,56.01499938964844,74722
2026-01-12 12:49:00-05:00,TQQQ,56.01539993286133,56.025001525878906,55.9901008605957,56.01499938964844,56834
2026-01-12 12:50:00-05:00,TQQQ,56.0099983215332,56.01499938964844,55.959999084472656,55.959999084472656,48668
2026-01-12 12:51:00-05:00,TQQQ,55.95930099487305,55.9900016784668,55.95000076293945,55.96500015258789,32835
2026-01-12 12:52:00-05:00,TQQQ,55.96189880371094,56.02000045776367,55.960201263427734,56.005001068115234,31028
2026-01-12 12:53:00-05:00,TQQQ,56.0,56.0,55.9818000793457,55.98500061035156,43648
2026-01-12 12:54:00-05:00,TQQQ,55.98149871826172,56.029998779296875,55.974998474121094,56.01839828491211,31777
2026-01-12 12:55:00-05:00,TQQQ,56.0099983215332,56.02000045776367,55.9900016784668,55.9900016784668,39944
2026-01-12 12:56:00-05:00,TQQQ,55.9900016784668,56.01499938964844,55.9900016784668,56.0,13478
2026-01-12 12:57:00-05:00,TQQQ,56.000099182128906,56.01350021362305,55.9900016784668,56.005001068115234,8213
2026-01-12 12:58:00-05:00,TQQQ,56.0099983215332,56.029998779296875,56.00199890136719,56.00199890136719,8362
2026-01-12 12:59:00-05:00,TQQQ,56.008399963378906,56.0099983215332,56.0,56.00809860229492,9590
2026-01-12 13:00:00-05:00,TQQQ,56.00149917602539,56.0099983215332,55.97999954223633,55.994998931884766,25354
2026-01-12 13:01:00-05:00,TQQQ,55.994998931884766,56.040000915527344,55.9901008605957,56.0369987487793,52758
2026-01-12 13:02:00-05:00,TQQQ,56.03499984741211,56.06999969482422,56.029998779296875,56.04999923706055,79912
2026-01-12 13:03:00-05:00,TQQQ,56.05500030517578,56.06999969482422,56.04309844970703,56.064998626708984,45766
2026-01-12 13:04:00-05:00,TQQQ,56.05500030517578,56.06999969482422,56.04999923706055,56.06230163574219,16514
2026-01-12 13:05:00-05:00,TQQQ,56.06269836425781,56.130001068115234,56.060001373291016,56.10499954223633,171315
2026-01-12 13:06:00-05:00,TQQQ,56.119998931884766,56.125,56.08000183105469,56.09000015258789,65212
2026-01-12 13:07:00-05:00,TQQQ,56.0900993347168,56.15999984741211,56.08190155029297,56.119998931884766,100739
2026-01-12 13:08:00-05:00,TQQQ,56.1150016784668,56.127498626708984,56.09000015258789,56.1150016784668,105835
2026-01-12 13:09:00-05:00,TQQQ,56.11539840698242,56.125,56.09000015258789,56.11389923095703,36625
2026-01-12 13:10:00-05:00,TQQQ,56.130001068115234,56.130001068115234,56.11000061035156,56.12540054321289,49334
2026-01-12 13:11:00-05:00,TQQQ,56.12739944458008,56.13679885864258,56.11069869995117,56.121498107910156,53211
2026-01-12 13:12:00-05:00,TQQQ,56.1349983215332,56.1349983215332,56.099998474121094,56.10879898071289,27543
2026-01-12 13:13:00-05:00,TQQQ,56.10499954223633,56.11000061035156,56.09000015258789,56.10499954223633,28622
2026-01-12 13:14:00-05:00,TQQQ,56.10409927368164,56.11000061035156,56.09130096435547,56.11000061035156,26534
2026-01-12 13:15:00-05:00,TQQQ,56.1150016784668,56.11830139160156,56.0906982421875,56.101600646972656,35193
2026-01-12 13:16:00-05:00,TQQQ,56.100101470947266,56.100101470947266,56.060001373291016,56.06420135498047,33565
2026-01-12 13:17:00-05:00,TQQQ,56.06129837036133,56.06999969482422,56.04999923706055,56.064998626708984,229303
2026-01-12 13:18:00-05:00,TQQQ,56.07500076293945,56.095001220703125,56.06999969482422,56.080101013183594,14916
2026-01-12 13:19:00-05:00,TQQQ,56.084999084472656,56.11989974975586,56.084999084472656,56.10860061645508,26238
2026-01-12 13:20:00-05:00,TQQQ,56.099998474121094,56.130001068115234,56.09239959716797,56.119998931884766,16682
2026-01-12 13:21:00-05:00,TQQQ,56.119998931884766,56.165000915527344,56.11989974975586,56.150001525878906,31855
2026-01-12 13:22:00-05:00,TQQQ,56.15800094604492,56.189998626708984,56.13999938964844,56.150001525878906,73343
2026-01-12 13:23:00-05:00,TQQQ,56.154998779296875,56.189998626708984,56.150001525878906,56.1880989074707,33764
2026-01-12 13:24:00-05:00,TQQQ,56.18000030517578,56.189998626708984,56.15999984741211,56.165000915527344,50863
2026-01-12 13:25:00-05:00,TQQQ,56.161399841308594,56.168399810791016,56.140499114990234,56.15999984741211,38638
2026-01-12 13:26:00-05:00,TQQQ,56.15010070800781,56.15850067138672,56.129798889160156,56.154998779296875,42740
2026-01-12 13:27:00-05:00,TQQQ,56.1510009765625,56.15999984741211,56.1349983215332,56.154998779296875,21724
2026-01-12 13:28:00-05:00,TQQQ,56.150001525878906,56.16999816894531,56.14500045776367,56.150001525878906,18271204
2026-01-12 13:29:00-05:00,TQQQ,56.14799880981445,56.150001525878906,56.1349983215332,56.14500045776367,0
2026-01-12 13:30:00-05:00,TQQQ,56.15999984741211,56.16999816894531,56.14500045776367,56.1599006652832,67873
2026-01-12 13:31:00-05:00,TQQQ,56.15999984741211,56.166900634765625,56.142799377441406,56.150001525878906,29739
2026-01-12 13:32:00-05:00,TQQQ,56.154998779296875,56.15679931640625,56.11140060424805,56.130001068115234,57755
2026-01-12 13:33:00-05:00,TQQQ,56.130001068115234,56.138099670410156,56.099998474121094,56.10380172729492,46215
2026-01-12 13:34:00-05:00,TQQQ,56.099998474121094,56.11000061035156,56.09159851074219,56.109901428222656,31887
2026-01-12 13:35:00-05:00,TQQQ,56.11000061035156,56.11000061035156,56.08000183105469,56.099998474121094,35634
2026-01-12 13:36:00-05:00,TQQQ,56.10499954223633,56.11000061035156,56.08000183105469,56.087501525878906,49506
2026-01-12 13:37:00-05:00,TQQQ,56.089698791503906,56.119998931884766,56.089698791503906,56.1150016784668,24732
2026-01-12 13:38:00-05:00,TQQQ,56.1150016784668,56.119998931884766,56.10449981689453,56.11989974975586,63177
2026-01-12 13:39:00-05:00,TQQQ,56.119998931884766,56.130001068115234,56.099998474121094,56.099998474121094,43820
2026-01-12 13:40:00-05:00,TQQQ,56.100101470947266,56.11000061035156,56.08000183105469,56.084999084472656,29632
2026-01-12 13:41:00-05:00,TQQQ,56.08000183105469,56.119998931884766,56.08000183105469,56.11000061035156,39253
2026-01-12 13:42:00-05:00,TQQQ,56.11410140991211,56.11410140991211,56.08000183105469,56.09000015258789,40314
2026-01-12 13:43:00-05:00,TQQQ,56.09000015258789,56.10810089111328,56.080101013183594,56.10499954223633,16782
2026-01-12 13:44:00-05:00,TQQQ,56.10499954223633,56.119998931884766,56.09000015258789,56.09989929199219,62333
2026-01-12 13:45:00-05:00,TQQQ,56.09000015258789,56.09989929199219,56.070701599121094,56.09080123901367,31955
2026-01-12 13:46:00-05:00,TQQQ,56.09550094604492,56.099998474121094,56.08000183105469,56.099998474121094,91986
2026-01-12 13:47:00-05:00,TQQQ,56.099998474121094,56.130001068115234,56.09000015258789,56.1150016784668,38551
2026-01-12 13:48:00-05:00,TQQQ,56.1150016784668,56.140098571777344,56.1150016784668,56.125,32664
2026-01-12 13:49:00-05:00,TQQQ,56.11750030517578,56.130001068115234,56.11000061035156,56.12459945678711,11649
2026-01-12 13:50:00-05:00,TQQQ,56.127498626708984,56.15010070800781,56.119998931884766,56.13999938964844,21342
2026-01-12 13:51:00-05:00,TQQQ,56.13999938964844,56.150001525878906,56.11000061035156,56.11000061035156,25293
2026-01-12 13:52:00-05:00,TQQQ,56.11199951171875,56.1150016784668,56.06999969482422,56.07500076293945,40463
2026-01-12 13:53:00-05:00,TQQQ,56.06999969482422,56.088600158691406,56.0614013671875,56.0713005065918,19664
2026-01-12 13:54:00-05:00,TQQQ,56.070098876953125,56.08729934692383,56.04999923706055,56.05500030517578,33062
2026-01-12 13:55:00-05:00,TQQQ,56.05889892578125,56.08000183105469,56.040000915527344,56.07460021972656,16287
2026-01-12 13:56:00-05:00,TQQQ,56.07659912109375,56.079898834228516,56.040000915527344,56.05500030517578,30520
2026-01-12 13:57:00-05:00,TQQQ,56.05970001220703,56.08000183105469,56.05500030517578,56.071998596191406,30966
2026-01-12 13:58:00-05:00,TQQQ,56.07889938354492,56.07889938354492,56.06060028076172,56.06999969482422,28586
2026-01-12 13:59:00-05:00,TQQQ,56.060001373291016,56.07500076293945,56.060001373291016,56.06999969482422,20788
2026-01-12 14:00:00-05:00,TQQQ,56.060001373291016,56.066001892089844,56.0099983215332,56.030799865722656,55084
2026-01-12 14:01:00-05:00,TQQQ,56.03499984741211,56.04499816894531,56.029998779296875,56.040000915527344,19501
2026-01-12 14:02:00-05:00,TQQQ,56.029998779296875,56.03820037841797,55.98590087890625,55.98590087890625,53990
2026-01-12 14:03:00-05:00,TQQQ,55.989898681640625,56.0099983215332,55.987300872802734,56.0,41055
2026-01-12 14:04:00-05:00,TQQQ,56.0,56.0099983215332,55.97999954223633,55.994998931884766,38379
2026-01-12 14:05:00-05:00,TQQQ,55.9900016784668,56.040000915527344,55.961700439453125,56.029300689697266,90821
2026-01-12 14:06:00-05:00,TQQQ,56.025001525878906,56.02989959716797,55.991600036621094,56.005401611328125,18782
2026-01-12 14:07:00-05:00,TQQQ,56.01190185546875,56.03710174560547,56.01190185546875,56.025001525878906,32622
2026-01-12 14:08:00-05:00,TQQQ,56.029998779296875,56.04499816894531,56.0099983215332,56.040000915527344,27857
2026-01-12 14:09:00-05:00,TQQQ,56.03990173339844,56.08000183105469,56.03990173339844,56.07680130004883,23597
2026-01-12 14:10:00-05:00,TQQQ,56.06999969482422,56.07500076293945,56.060001373291016,56.06999969482422,34845
2026-01-12 14:11:00-05:00,TQQQ,56.06999969482422,56.09000015258789,56.06129837036133,56.06269836425781,14206
2026-01-12 14:12:00-05:00,TQQQ,56.06990051269531,56.09000015258789,56.05500030517578,56.085899353027344,26691
2026-01-12 14:13:00-05:00,TQQQ,56.084999084472656,56.099998474121094,56.06999969482422,56.0900993347168,57578
2026-01-12 14:14:00-05:00,TQQQ,56.095001220703125,56.095001220703125,56.08000183105469,56.08000183105469,26714
2026-01-12 14:15:00-05:00,TQQQ,56.09000015258789,56.099998474121094,56.080101013183594,56.089900970458984,19952
2026-01-12 14:16:00-05:00,TQQQ,56.084999084472656,56.11000061035156,56.0609016418457,56.09000015258789,40532
2026-01-12 14:17:00-05:00,TQQQ,56.099998474121094,56.1078987121582,56.09000015258789,56.100101470947266,22147
2026-01-12 14:18:00-05:00,TQQQ,56.099998474121094,56.150001525878906,56.099998474121094,56.1431999206543,68906
2026-01-12 14:19:00-05:00,TQQQ,56.14030075073242,56.150001525878906,56.125,56.1416015625,40622
2026-01-12 14:20:00-05:00,TQQQ,56.149898529052734,56.18000030517578,56.12160110473633,56.17499923706055,65654
2026-01-12 14:21:00-05:00,TQQQ,56.1702995300293,56.177799224853516,56.130001068115234,56.154998779296875,27697
2026-01-12 14:22:00-05:00,TQQQ,56.152400970458984,56.154998779296875,56.13999938964844,56.148399353027344,23933
2026-01-12 14:23:00-05:00,TQQQ,56.13999938964844,56.179500579833984,56.13999938964844,56.16999816894531,44287
2026-01-12 14:24:00-05:00,TQQQ,56.17129898071289,56.18000030517578,56.16830062866211,56.173099517822266,81097
2026-01-12 14:25:00-05:00,TQQQ,56.17499923706055,56.189998626708984,56.154998779296875,56.180599212646484,66702
2026-01-12 14:26:00-05:00,TQQQ,56.183101654052734,56.20000076293945,56.17499923706055,56.185001373291016,27092
2026-01-12 14:27:00-05:00,TQQQ,56.19499969482422,56.22949981689453,56.189998626708984,56.20000076293945,89287
2026-01-12 14:28:00-05:00,TQQQ,56.20000076293945,56.21849822998047,56.189998626708984,56.20989990234375,93463
2026-01-12 14:29:00-05:00,TQQQ,56.20539855957031,56.209999084472656,56.18009948730469,56.1879997253418,38681
2026-01-12 14:30:00-05:00,TQQQ,56.18550109863281,56.220001220703125,56.18550109863281,56.220001220703125,42200
2026-01-12 14:31:00-05:00,TQQQ,56.220001220703125,56.29999923706055,56.19300079345703,56.28499984741211,220276
2026-01-12 14:32:00-05:00,TQQQ,56.279998779296875,56.279998779296875,56.22999954223633,56.249900817871094,60159
2026-01-12 14:33:00-05:00,TQQQ,56.255001068115234,56.26499938964844,56.2400016784668,56.26499938964844,51472
2026-01-12 14:34:00-05:00,TQQQ,56.26499938964844,56.28010177612305,56.25,56.278099060058594,31644
2026-01-12 14:35:00-05:00,TQQQ,56.27799987792969,56.289100646972656,56.255001068115234,56.275001525878906,45209
2026-01-12 14:36:00-05:00,TQQQ,56.27000045776367,56.310001373291016,56.27000045776367,56.30070114135742,103701
2026-01-12 14:37:00-05:00,TQQQ,56.30979919433594,56.310001373291016,56.27009963989258,56.28900146484375,55388
2026-01-12 14:38:00-05:00,TQQQ,56.281700134277344,56.281700134277344,56.260101318359375,56.27000045776367,54090
2026-01-12 14:39:00-05:00,TQQQ,56.27000045776367,56.27000045776367,56.25,56.27000045776367,88398
2026-01-12 14:40:00-05:00,TQQQ,56.26240158081055,56.279998779296875,56.25170135498047,56.27000045776367,27754
2026-01-12 14:41:00-05:00,TQQQ,56.275001525878906,56.279998779296875,56.23460006713867,56.24729919433594,132808
2026-01-12 14:42:00-05:00,TQQQ,56.248600006103516,56.27920150756836,56.2401008605957,56.26850128173828,29170
2026-01-12 14:43:00-05:00,TQQQ,56.26499938964844,56.27000045776367,56.22999954223633,56.247398376464844,30409
2026-01-12 14:44:00-05:00,TQQQ,56.244998931884766,56.26499938964844,56.2400016784668,56.2599983215332,50070
2026-01-12 14:45:00-05:00,TQQQ,56.25080108642578,56.279998779296875,56.25,56.255001068115234,73492
2026-01-12 14:46:00-05:00,TQQQ,56.25,56.27000045776367,56.25,56.2599983215332,34925
2026-01-12 14:47:00-05:00,TQQQ,56.26139831542969,56.28770065307617,56.26139831542969,56.27989959716797,25567
2026-01-12 14:48:00-05:00,TQQQ,56.275001525878906,56.290000915527344,56.26240158081055,56.279998779296875,32203
2026-01-12 14:49:00-05:00,TQQQ,56.275001525878906,56.279998779296875,56.2599983215332,56.27000045776367,33008
2026-01-12 14:50:00-05:00,TQQQ,56.26499938964844,56.27000045776367,56.2401008605957,56.260101318359375,71053
2026-01-12 14:51:00-05:00,TQQQ,56.26110076904297,56.28269958496094,56.25339889526367,56.28269958496094,32689
2026-01-12 14:52:00-05:00,TQQQ,56.28409957885742,56.28409957885742,56.2400016784668,56.25,78217
2026-01-12 14:53:00-05:00,TQQQ,56.244998931884766,56.26499938964844,56.2401008605957,56.25849914550781,29938
2026-01-12 14:54:00-05:00,TQQQ,56.255001068115234,56.26679992675781,56.25,56.255001068115234,9573
2026-01-12 14:55:00-05:00,TQQQ,56.25680160522461,56.27000045776367,56.240299224853516,56.269901275634766,23309
2026-01-12 14:56:00-05:00,TQQQ,56.26350021362305,56.279998779296875,56.255001068115234,56.27000045776367,53716
2026-01-12 14:57:00-05:00,TQQQ,56.275001525878906,56.30500030517578,56.27009963989258,56.29499816894531,89191
2026-01-12 14:58:00-05:00,TQQQ,56.290000915527344,56.310001373291016,56.290000915527344,56.30979919433594,38508
2026-01-12 14:59:00-05:00,TQQQ,56.30910110473633,56.31999969482422,56.29999923706055,56.310001373291016,51800
2026-01-12 15:00:00-05:00,TQQQ,56.30860137939453,56.32500076293945,56.29499816894531,56.310001373291016,136919
2026-01-12 15:01:00-05:00,TQQQ,56.31800079345703,56.3286018371582,56.290000915527344,56.31999969482422,36883
2026-01-12 15:02:00-05:00,TQQQ,56.33000183105469,56.34000015258789,56.272098541259766,56.27410125732422,96643
2026-01-12 15:03:00-05:00,TQQQ,56.27000045776367,56.279998779296875,56.25,56.2599983215332,49275
2026-01-12 15:04:00-05:00,TQQQ,56.255001068115234,56.2599983215332,56.22999954223633,56.24470138549805,24205
2026-01-12 15:05:00-05:00,TQQQ,56.2400016784668,56.25,56.22999954223633,56.2400016784668,26111
2026-01-12 15:06:00-05:00,TQQQ,56.244998931884766,56.2599983215332,56.24140167236328,56.24250030517578,32570
2026-01-12 15:07:00-05:00,TQQQ,56.25,56.275001525878906,56.24800109863281,56.2599983215332,46322
2026-01-12 15:08:00-05:00,TQQQ,56.26499938964844,56.26499938964844,56.2400016784668,56.255001068115234,21659
2026-01-12 15:09:00-05:00,TQQQ,56.2599983215332,56.2599983215332,56.22999954223633,56.22999954223633,19939
2026-01-12 15:10:00-05:00,TQQQ,56.22999954223633,56.22999954223633,56.20000076293945,56.21419906616211,58889
2026-01-12 15:11:00-05:00,TQQQ,56.22439956665039,56.245399475097656,56.209999084472656,56.245399475097656,46205
2026-01-12 15:12:00-05:00,TQQQ,56.25,56.265499114990234,56.233299255371094,56.23500061035156,16454
2026-01-12 15:13:00-05:00,TQQQ,56.23500061035156,56.23500061035156,56.209999084472656,56.209999084472656,17692
2026-01-12 15:14:00-05:00,TQQQ,56.21500015258789,56.2218017578125,56.189998626708984,56.2218017578125,42107
2026-01-12 15:15:00-05:00,TQQQ,56.220001220703125,56.22840118408203,56.18000030517578,56.18050003051758,29562
2026-01-12 15:16:00-05:00,TQQQ,56.189998626708984,56.189998626708984,56.179901123046875,56.185001373291016,21978
2026-01-12 15:17:00-05:00,TQQQ,56.186500549316406,56.21630096435547,56.17499923706055,56.190101623535156,22370
2026-01-12 15:18:00-05:00,TQQQ,56.19329833984375,56.20000076293945,56.15999984741211,56.167301177978516,22172
2026-01-12 15:19:00-05:00,TQQQ,56.162601470947266,56.18000030517578,56.1614990234375,56.17499923706055,62105
2026-01-12 15:20:00-05:00,TQQQ,56.18000030517578,56.20000076293945,56.15999984741211,56.165000915527344,42932
2026-01-12 15:21:00-05:00,TQQQ,56.16999816894531,56.16999816894531,56.119998931884766,56.169898986816406,113958
2026-01-12 15:22:00-05:00,TQQQ,56.15999984741211,56.16999816894531,56.125,56.125,54633
2026-01-12 15:23:00-05:00,TQQQ,56.12990188598633,56.150001525878906,56.12300109863281,56.130001068115234,65863
2026-01-12 15:24:00-05:00,TQQQ,56.131500244140625,56.150001525878906,56.130001068115234,56.14500045776367,23323
2026-01-12 15:25:00-05:00,TQQQ,56.13999938964844,56.150001525878906,56.130001068115234,56.13570022583008,30348
2026-01-12 15:26:00-05:00,TQQQ,56.1349983215332,56.16999816894531,56.1349983215332,56.14500045776367,88303
2026-01-12 15:27:00-05:00,TQQQ,56.150001525878906,56.16999816894531,56.140201568603516,56.15999984741211,36162
2026-01-12 15:28:00-05:00,TQQQ,56.165000915527344,56.18000030517578,56.15079879760742,56.15399932861328,51649
2026-01-12 15:29:00-05:00,TQQQ,56.150001525878906,56.16999816894531,56.150001525878906,56.15549850463867,25860
2026-01-12 15:30:00-05:00,TQQQ,56.150001525878906,56.150001525878906,56.11000061035156,56.120601654052734,64582
2026-01-12 15:31:00-05:00,TQQQ,56.119998931884766,56.119998931884766,56.099998474121094,56.1150016784668,47655
2026-01-12 15:32:00-05:00,TQQQ,56.130001068115234,56.168399810791016,56.130001068115234,56.13999938964844,80727
2026-01-12 15:33:00-05:00,TQQQ,56.14550018310547,56.179100036621094,56.130001068115234,56.179100036621094,37340
2026-01-12 15:34:00-05:00,TQQQ,56.17890167236328,56.18989944458008,56.14500045776367,56.14500045776367,27405
2026-01-12 15:35:00-05:00,TQQQ,56.13029861450195,56.1349983215332,56.095001220703125,56.099998474121094,47171
2026-01-12 15:36:00-05:00,TQQQ,56.10319900512695,56.125,56.099998474121094,56.1150016784668,32117
2026-01-12 15:37:00-05:00,TQQQ,56.110198974609375,56.150001525878906,56.110198974609375,56.13090133666992,34000
2026-01-12 15:38:00-05:00,TQQQ,56.130001068115234,56.13990020751953,56.11000061035156,56.119998931884766,114989
2026-01-12 15:39:00-05:00,TQQQ,56.119998931884766,56.119998931884766,56.09000015258789,56.095001220703125,17824
2026-01-12 15:40:00-05:00,TQQQ,56.09000015258789,56.11000061035156,56.07500076293945,56.077999114990234,78048
2026-01-12 15:41:00-05:00,TQQQ,56.08000183105469,56.087398529052734,56.040000915527344,56.054100036621094,106820
2026-01-12 15:42:00-05:00,TQQQ,56.04999923706055,56.07590103149414,56.04999923706055,56.05400085449219,52870
2026-01-12 15:43:00-05:00,TQQQ,56.05500030517578,56.09000015258789,56.04999923706055,56.084999084472656,70420
2026-01-12 15:44:00-05:00,TQQQ,56.08649826049805,56.09000015258789,56.06010055541992,56.084999084472656,88953
2026-01-12 15:45:00-05:00,TQQQ,56.08000183105469,56.08000183105469,56.05139923095703,56.060001373291016,71025
2026-01-12 15:46:00-05:00,TQQQ,56.070098876953125,56.099998474121094,56.070098876953125,56.08000183105469,60410
2026-01-12 15:47:00-05:00,TQQQ,56.082401275634766,56.13999938964844,56.06999969482422,56.13010025024414,72670
2026-01-12 15:48:00-05:00,TQQQ,56.13999938964844,56.150001525878906,56.119998931884766,56.130001068115234,61729
2026-01-12 15:49:00-05:00,TQQQ,56.125,56.125,56.099998474121094,56.100101470947266,37458
2026-01-12 15:50:00-05:00,TQQQ,56.099998474121094,56.099998474121094,55.93000030517578,55.994998931884766,281809
2026-01-12 15:51:00-05:00,TQQQ,56.0,56.02000045776367,55.970001220703125,55.974998474121094,96835
2026-01-12 15:52:00-05:00,TQQQ,55.97999954223633,56.0099983215332,55.96500015258789,56.005001068115234,81302
2026-01-12 15:53:00-05:00,TQQQ,56.02000045776367,56.04999923706055,56.010101318359375,56.040000915527344,126493
2026-01-12 15:54:00-05:00,TQQQ,56.04999923706055,56.06999969482422,56.0,56.04010009765625,168710
2026-01-12 15:55:00-05:00,TQQQ,56.040000915527344,56.040000915527344,55.97999954223633,55.99549865722656,127799
2026-01-12 15:56:00-05:00,TQQQ,55.994998931884766,56.0,55.943199157714844,55.97999954223633,73845
2026-01-12 15:57:00-05:00,TQQQ,55.97999954223633,55.989898681640625,55.93410110473633,55.974998474121094,82715
2026-01-12 15:58:00-05:00,TQQQ,55.970001220703125,55.97999954223633,55.939998626708984,55.939998626708984,153243
2026-01-12 15:59:00-05:00,TQQQ,55.935001373291016,55.97999954223633,55.900001525878906,55.904998779296875,344195
2026-01-13 09:31:00-05:00,TQQQ,55.89500045776367,56.040000915527344,55.8650016784668,55.93000030517578,3931731
2026-01-13 09:32:00-05:00,TQQQ,55.93000030517578,56.0099983215332,55.81100082397461,55.900001525878906,315474
2026-01-13 09:33:00-05:00,TQQQ,55.890098571777344,56.060001373291016,55.890098571777344,55.98500061035156,224496
2026-01-13 09:34:00-05:00,TQQQ,55.970001220703125,56.138999938964844,55.96500015258789,56.130001068115234,304512
2026-01-13 09:35:00-05:00,TQQQ,56.119998931884766,56.189998626708984,56.02450180053711,56.1593017578125,382250
2026-01-13 09:36:00-05:00,TQQQ,56.16590118408203,56.18000030517578,56.06999969482422,56.158599853515625,242954
2026-01-13 09:37:00-05:00,TQQQ,56.15879821777344,56.19499969482422,56.02000045776367,56.099998474121094,214423
2026-01-13 09:38:00-05:00,TQQQ,56.099998474121094,56.14649963378906,56.029998779296875,56.08000183105469,213287
2026-01-13 09:39:00-05:00,TQQQ,56.08000183105469,56.29999923706055,56.08000183105469,56.279998779296875,327548
2026-01-13 09:40:00-05:00,TQQQ,56.28010177612305,56.43000030517578,56.26409912109375,56.36750030517578,554722
2026-01-13 09:41:00-05:00,TQQQ,56.36000061035156,56.47999954223633,56.33000183105469,56.47999954223633,259539
2026-01-13 09:42:00-05:00,TQQQ,56.47999954223633,56.5,56.30009841918945,56.35499954223633,507906
2026-01-13 09:43:00-05:00,TQQQ,56.3650016784668,56.37950134277344,55.98500061035156,56.1150016784668,939455
2026-01-13 09:44:00-05:00,TQQQ,56.1150016784668,56.27750015258789,56.040000915527344,56.169898986816406,340448
2026-01-13 09:45:00-05:00,TQQQ,56.165000915527344,56.189998626708984,56.06999969482422,56.075401306152344,313292
2026-01-13 09:46:00-05:00,TQQQ,56.08000183105469,56.20000076293945,56.079898834228516,56.154998779296875,256526
2026-01-13 09:47:00-05:00,TQQQ,56.150001525878906,56.23500061035156,56.102500915527344,56.13999938964844,245464
2026-01-13 09:48:00-05:00,TQQQ,56.14500045776367,56.18000030517578,55.994998931884766,56.029998779296875,372072
2026-01-13 09:49:00-05:00,TQQQ,56.02000045776367,56.07979965209961,55.95069885253906,56.06999969482422,283450
2026-01-13 09:50:00-05:00,TQQQ,56.06999969482422,56.18000030517578,56.005001068115234,56.005001068115234,350572
2026-01-13 09:51:00-05:00,TQQQ,56.0,56.0099983215332,55.849998474121094,55.869998931884766,327988
2026-01-13 09:52:00-05:00,TQQQ,55.8650016784668,56.08000183105469,55.85169982910156,56.064998626708984,242645
2026-01-13 09:53:00-05:00,TQQQ,56.060001373291016,56.16999816894531,56.019901275634766,56.149898529052734,328943
2026-01-13 09:54:00-05:00,TQQQ,56.13999938964844,56.16889953613281,55.92219924926758,55.94499969482422,160588
2026-01-13 09:55:00-05:00,TQQQ,55.95000076293945,56.06719970703125,55.93230056762695,55.970001220703125,243242
2026-01-13 09:56:00-05:00,TQQQ,55.97809982299805,56.095001220703125,55.970001220703125,56.0,114300
2026-01-13 09:57:00-05:00,TQQQ,56.0099983215332,56.025001525878906,55.91999816894531,55.994998931884766,241669
2026-01-13 09:58:00-05:00,TQQQ,55.99980163574219,56.01559829711914,55.900001525878906,55.920101165771484,199738
2026-01-13 09:59:00-05:00,TQQQ,55.91640090942383,55.959999084472656,55.900001525878906,55.900001525878906,70460
2026-01-13 10:00:00-05:00,TQQQ,55.88999938964844,56.02000045776367,55.85499954223633,56.0,301857
2026-01-13 10:01:00-05:00,TQQQ,56.0,56.02000045776367,55.83000183105469,55.929901123046875,309852
2026-01-13 10:02:00-05:00,TQQQ,55.91999816894531,55.91999816894531,55.579898834228516,55.619998931884766,534114
2026-01-13 10:03:00-05:00,TQQQ,55.62310028076172,55.70000076293945,55.540000915527344,55.68000030517578,438331
2026-01-13 10:04:00-05:00,TQQQ,55.69129943847656,55.809898376464844,55.637001037597656,55.76850128173828,684418
2026-01-13 10:05:00-05:00,TQQQ,55.775001525878906,55.94729995727539,55.75,55.883201599121094,373691
2026-01-13 10:06:00-05:00,TQQQ,55.880001068115234,55.88850021362305,55.75,55.884498596191406,421900
2026-01-13 10:07:00-05:00,TQQQ,55.900001525878906,55.929901123046875,55.755001068115234,55.80039978027344,266588
2026-01-13 10:08:00-05:00,TQQQ,55.79999923706055,55.8125,55.722801208496094,55.740299224853516,160030
2026-01-13 10:09:00-05:00,TQQQ,55.72999954223633,55.757598876953125,55.63999938964844,55.66999816894531,200532
2026-01-13 10:10:00-05:00,TQQQ,55.66999816894531,55.71500015258789,55.63999938964844,55.66999816894531,152490
2026-01-13 10:11:00-05:00,TQQQ,55.689998626708984,55.69990158081055,55.59000015258789,55.63679885864258,239115
2026-01-13 10:12:00-05:00,TQQQ,55.64500045776367,55.72999954223633,55.61600112915039,55.654998779296875,121951
2026-01-13 10:13:00-05:00,TQQQ,55.650001525878906,55.66999816894531,55.599998474121094,55.620601654052734,121686
2026-01-13 10:14:00-05:00,TQQQ,55.62990188598633,55.66999816894531,55.560001373291016,55.65999984741211,198661
2026-01-13 10:15:00-05:00,TQQQ,55.665000915527344,55.665000915527344,55.5,55.56999969482422,298605
2026-01-13 10:16:00-05:00,TQQQ,55.564998626708984,55.595401763916016,55.54990005493164,55.55030059814453,149285
2026-01-13 10:17:00-05:00,TQQQ,55.550201416015625,55.58000183105469,55.5,55.521400451660156,136060
2026-01-13 10:18:00-05:00,TQQQ,55.5099983215332,55.529998779296875,55.36000061035156,55.3650016784668,555350
2026-01-13 10:19:00-05:00,TQQQ,55.362098693847656,55.470001220703125,55.34000015258789,55.470001220703125,270205
2026-01-13 10:20:00-05:00,TQQQ,55.470001220703125,55.474998474121094,55.31999969482422,55.34000015258789,180900
2026-01-13 10:21:00-05:00,TQQQ,55.34000015258789,55.36320114135742,55.20000076293945,55.24549865722656,234963
2026-01-13 10:22:00-05:00,TQQQ,55.244598388671875,55.369998931884766,55.2400016784668,55.35499954223633,245399
2026-01-13 10:23:00-05:00,TQQQ,55.358699798583984,55.36750030517578,55.2400016784668,55.26499938964844,192526
2026-01-13 10:24:00-05:00,TQQQ,55.269901275634766,55.290000915527344,55.119998931884766,55.18000030517578,241071
2026-01-13 10:25:00-05:00,TQQQ,55.18000030517578,55.209999084472656,55.119998931884766,55.16999816894531,175294
2026-01-13 10:26:00-05:00,TQQQ,55.16830062866211,55.25,55.09080123901367,55.130001068115234,243738
2026-01-13 10:27:00-05:00,TQQQ,55.12070083618164,55.20000076293945,55.025001525878906,55.04999923706055,283196
2026-01-13 10:28:00-05:00,TQQQ,55.04999923706055,55.18000030517578,55.04499816894531,55.150001525878906,201356
2026-01-13 10:29:00-05:00,TQQQ,55.14970016479492,55.22999954223633,55.14500045776367,55.21500015258789,181218
2026-01-13 10:30:00-05:00,TQQQ,55.209999084472656,55.220001220703125,55.119998931884766,55.14500045776367,257812
2026-01-13 10:31:00-05:00,TQQQ,55.13999938964844,55.220001220703125,55.119998931884766,55.150001525878906,134816
2026-01-13 10:32:00-05:00,TQQQ,55.12990188598633,55.209999084472656,55.12009811401367,55.19070053100586,144929
2026-01-13 10:33:00-05:00,TQQQ,55.19499969482422,55.29330062866211,55.13999938964844,55.279998779296875,265627
2026-01-13 10:34:00-05:00,TQQQ,55.27000045776367,55.34000015258789,55.16999816894531,55.239898681640625,400354
2026-01-13 10:35:00-05:00,TQQQ,55.22639846801758,55.33000183105469,55.192298889160156,55.329898834228516,147947
2026-01-13 10:36:00-05:00,TQQQ,55.33000183105469,55.43000030517578,55.3203010559082,55.429901123046875,354139
2026-01-13 10:37:00-05:00,TQQQ,55.42789840698242,55.469398498535156,55.22999954223633,55.30009841918945,253076
2026-01-13 10:38:00-05:00,TQQQ,55.29069900512695,55.29069900512695,55.1416015625,55.21500015258789,173915
2026-01-13 10:39:00-05:00,TQQQ,55.209999084472656,55.25,55.150299072265625,55.18000030517578,155483
2026-01-13 10:40:00-05:00,TQQQ,55.189998626708984,55.23860168457031,55.13999938964844,55.21989822387695,127661
2026-01-13 10:41:00-05:00,TQQQ,55.20029830932617,55.20029830932617,55.084999084472656,55.099998474121094,151471
2026-01-13 10:42:00-05:00,TQQQ,55.104400634765625,55.20920181274414,55.06999969482422,55.18000030517578,128919
2026-01-13 10:43:00-05:00,TQQQ,55.179298400878906,55.20500183105469,55.119998931884766,55.18000030517578,73907
2026-01-13 10:44:00-05:00,TQQQ,55.1775016784668,55.20000076293945,55.150001525878906,55.154998779296875,84458
2026-01-13 10:45:00-05:00,TQQQ,55.15999984741211,55.2400016784668,55.13999938964844,55.227298736572266,108302
2026-01-13 10:46:00-05:00,TQQQ,55.21799850463867,55.27000045776367,55.18000030517578,55.23500061035156,109098
2026-01-13 10:47:00-05:00,TQQQ,55.2400016784668,55.26499938964844,55.20000076293945,55.23500061035156,86292
2026-01-13 10:48:00-05:00,TQQQ,55.239898681640625,55.2599983215332,55.060001373291016,55.07500076293945,211610
2026-01-13 10:49:00-05:00,TQQQ,55.07939910888672,55.089900970458984,55.0099983215332,55.03990173339844,286721
2026-01-13 10:50:00-05:00,TQQQ,55.02000045776367,55.22999954223633,55.012001037597656,55.211700439453125,188148
2026-01-13 10:51:00-05:00,TQQQ,55.21220016479492,55.29999923706055,55.20000076293945,55.26139831542969,130365
2026-01-13 10:52:00-05:00,TQQQ,55.26499938964844,55.27830123901367,55.198001861572266,55.26499938964844,101962
2026-01-13 10:53:00-05:00,TQQQ,55.25410079956055,55.31999969482422,55.2317008972168,55.303001403808594,137068
2026-01-13 10:54:00-05:00,TQQQ,55.30500030517578,55.5099983215332,55.30500030517578,55.50170135498047,415442
2026-01-13 10:55:00-05:00,TQQQ,55.505001068115234,55.529998779296875,55.439998626708984,55.527400970458984,245533
2026-01-13 10:56:00-05:00,TQQQ,55.52000045776367,55.61000061035156,55.52000045776367,55.55500030517578,256498
2026-01-13 10:57:00-05:00,TQQQ,55.55659866333008,55.579898834228516,55.439998626708984,55.44499969482422,201306
2026-01-13 10:58:00-05:00,TQQQ,55.44900131225586,55.599998474121094,55.439998626708984,55.594600677490234,110102
2026-01-13 10:59:00-05:00,TQQQ,55.599998474121094,55.599998474121094,55.5099983215332,55.55500030517578,146456
2026-01-13 11:00:00-05:00,TQQQ,55.550498962402344,55.61000061035156,55.52000045776367,55.57789993286133,142614
2026-01-13 11:01:00-05:00,TQQQ,55.56999969482422,55.616798400878906,55.55160140991211,55.58000183105469,144094
2026-01-13 11:02:00-05:00,TQQQ,55.57500076293945,55.59000015258789,55.4900016784668,55.51499938964844,109236
2026-01-13 11:03:00-05:00,TQQQ,55.529998779296875,55.56999969482422,55.5099983215332,55.564998626708984,79047
2026-01-13 11:04:00-05:00,TQQQ,55.56999969482422,55.59000015258789,55.5099983215332,55.5099983215332,89886
2026-01-13 11:05:00-05:00,TQQQ,55.52000045776367,55.54999923706055,55.470001220703125,55.529998779296875,77699
2026-01-13 11:06:00-05:00,TQQQ,55.525001525878906,55.630001068115234,55.5099983215332,55.59450149536133,107737
2026-01-13 11:07:00-05:00,TQQQ,55.599998474121094,55.61000061035156,55.494998931884766,55.5099983215332,78241
2026-01-13 11:08:00-05:00,TQQQ,55.5,55.61750030517578,55.4900016784668,55.6150016784668,54877
2026-01-13 11:09:00-05:00,TQQQ,55.60499954223633,55.61000061035156,55.54999923706055,55.58639907836914,50281
2026-01-13 11:10:00-05:00,TQQQ,55.5973014831543,55.63999938964844,55.54999923706055,55.560001373291016,68783
2026-01-13 11:11:00-05:00,TQQQ,55.560001373291016,55.619998931884766,55.54059982299805,55.61009979248047,58007
2026-01-13 11:12:00-05:00,TQQQ,55.598899841308594,55.63999938964844,55.57500076293945,55.630001068115234,220563
2026-01-13 11:13:00-05:00,TQQQ,55.627201080322266,55.65999984741211,55.59000015258789,55.64500045776367,313074
2026-01-13 11:14:00-05:00,TQQQ,55.63999938964844,55.650001525878906,55.5900993347168,55.60499954223633,361208
2026-01-13 11:15:00-05:00,TQQQ,55.61000061035156,55.68000030517578,55.599998474121094,55.66640090942383,149393
2026-01-13 11:16:00-05:00,TQQQ,55.65999984741211,55.72999954223633,55.65639877319336,55.689998626708984,179753
2026-01-13 11:17:00-05:00,TQQQ,55.689998626708984,55.7400016784668,55.63999938964844,55.654998779296875,175814
2026-01-13 11:18:00-05:00,TQQQ,55.654998779296875,55.699501037597656,55.65010070800781,55.68000030517578,162709
2026-01-13 11:19:00-05:00,TQQQ,55.68360137939453,55.69969940185547,55.650001525878906,55.68000030517578,79455
2026-01-13 11:20:00-05:00,TQQQ,55.68000030517578,55.709999084472656,55.6349983215332,55.69499969482422,86903
2026-01-13 11:21:00-05:00,TQQQ,55.696800231933594,55.71500015258789,55.6510009765625,55.69499969482422,88131
2026-01-13 11:22:00-05:00,TQQQ,55.694400787353516,55.70500183105469,55.619998931884766,55.630001068115234,90300
2026-01-13 11:23:00-05:00,TQQQ,55.639400482177734,55.685001373291016,55.619998931884766,55.66999816894531,69837
2026-01-13 11:24:00-05:00,TQQQ,55.67179870605469,55.67499923706055,55.60029983520508,55.654998779296875,88163
2026-01-13 11:25:00-05:00,TQQQ,55.64500045776367,55.65850067138672,55.58000183105469,55.612998962402344,110911
2026-01-13 11:26:00-05:00,TQQQ,55.61000061035156,55.6150016784668,55.540000915527344,55.560001373291016,168300
2026-01-13 11:27:00-05:00,TQQQ,55.559898376464844,55.560001373291016,55.25,55.53990173339844,279339
2026-01-13 11:28:00-05:00,TQQQ,55.53499984741211,55.618099212646484,55.51499938964844,55.60639953613281,104073
2026-01-13 11:29:00-05:00,TQQQ,55.60499954223633,55.63999938964844,55.564998626708984,55.61980056762695,86959
2026-01-13 11:30:00-05:00,TQQQ,55.60499954223633,55.68000030517578,55.54999923706055,55.67499923706055,70318
2026-01-13 11:31:00-05:00,TQQQ,55.67499923706055,55.77000045776367,55.654998779296875,55.76499938964844,147717
2026-01-13 11:32:00-05:00,TQQQ,55.76689910888672,55.810001373291016,55.7400016784668,55.79679870605469,311461
2026-01-13 11:33:00-05:00,TQQQ,55.79669952392578,55.84000015258789,55.78409957885742,55.8025016784668,157488
2026-01-13 11:34:00-05:00,TQQQ,55.810001373291016,55.880001068115234,55.79999923706055,55.875,17269567
2026-01-13 11:35:00-05:00,TQQQ,55.87990188598633,55.91999816894531,55.859901428222656,55.900001525878906,0
2026-01-13 11:36:00-05:00,TQQQ,55.90359878540039,55.91999816894531,55.88999938964844,55.89500045776367,116658
2026-01-13 11:37:00-05:00,TQQQ,55.89149856567383,55.90999984741211,55.849998474121094,55.8849983215332,76136
2026-01-13 11:38:00-05:00,TQQQ,55.890098571777344,55.91999816894531,55.876399993896484,55.904998779296875,75199
2026-01-13 11:39:00-05:00,TQQQ,55.899898529052734,55.929901123046875,55.869998931884766,55.929901123046875,81166
2026-01-13 11:40:00-05:00,TQQQ,55.92499923706055,55.939998626708984,55.871299743652344,55.90599822998047,94415
2026-01-13 11:41:00-05:00,TQQQ,55.900001525878906,55.95000076293945,55.880001068115234,55.94940185546875,57541
2026-01-13 11:42:00-05:00,TQQQ,55.941001892089844,56.060001373291016,55.939998626708984,56.04999923706055,262371
2026-01-13 11:43:00-05:00,TQQQ,56.05780029296875,56.09000015258789,56.04999923706055,56.08599853515625,156581
2026-01-13 11:44:00-05:00,TQQQ,56.08810043334961,56.099998474121094,56.02000045776367,56.040000915527344,264664
2026-01-13 11:45:00-05:00,TQQQ,56.04999923706055,56.09000015258789,56.03219985961914,56.070098876953125,214670
2026-01-13 11:46:00-05:00,TQQQ,56.08000183105469,56.10969924926758,56.040000915527344,56.080101013183594,134863
2026-01-13 11:47:00-05:00,TQQQ,56.080101013183594,56.15999984741211,56.06010055541992,56.13750076293945,104969
2026-01-13 11:48:00-05:00,TQQQ,56.119998931884766,56.142398834228516,56.08000183105469,56.10499954223633,69868
2026-01-13 11:49:00-05:00,TQQQ,56.10200119018555,56.199100494384766,56.099998474121094,56.188899993896484,136171
2026-01-13 11:50:00-05:00,TQQQ,56.189701080322266,56.22999954223633,56.180599212646484,56.21989822387695,156368
2026-01-13 11:51:00-05:00,TQQQ,56.21500015258789,56.290000915527344,56.20000076293945,56.28020095825195,211267
2026-01-13 11:52:00-05:00,TQQQ,56.28099822998047,56.310001373291016,56.26499938964844,56.29999923706055,150335
2026-01-13 11:53:00-05:00,TQQQ,56.29999923706055,56.31999969482422,56.2599983215332,56.290000915527344,104817
2026-01-13 11:54:00-05:00,TQQQ,56.288700103759766,56.31999969482422,56.279998779296875,56.31669998168945,94108
2026-01-13 11:55:00-05:00,TQQQ,56.31999969482422,56.36989974975586,56.31999969482422,56.34349822998047,219039
2026-01-13 11:56:00-05:00,TQQQ,56.349998474121094,56.380001068115234,56.31999969482422,56.37220001220703,104215
2026-01-13 11:57:00-05:00,TQQQ,56.3650016784668,56.369998931884766,56.31999969482422,56.33409881591797,96151
2026-01-13 11:58:00-05:00,TQQQ,56.33250045776367,56.36989974975586,56.32080078125,56.35499954223633,80751
2026-01-13 11:59:00-05:00,TQQQ,56.36000061035156,56.369998931884766,56.2599983215332,56.26499938964844,230636
2026-01-13 12:00:00-05:00,TQQQ,56.26499938964844,56.29990005493164,56.2400016784668,56.275001525878906,227587
2026-01-13 12:01:00-05:00,TQQQ,56.27920150756836,56.290000915527344,56.2400016784668,56.2599983215332,98765
2026-01-13 12:02:00-05:00,TQQQ,56.255001068115234,56.28990173339844,56.220001220703125,56.28499984741211,139054
2026-01-13 12:03:00-05:00,TQQQ,56.28499984741211,56.31999969482422,56.26029968261719,56.314998626708984,151366
2026-01-13 12:04:00-05:00,TQQQ,56.31999969482422,56.31999969482422,56.275001525878906,56.307899475097656,40035
2026-01-13 12:05:00-05:00,TQQQ,56.310001373291016,56.31999969482422,56.29999923706055,56.312801361083984,50926
2026-01-13 12:06:00-05:00,TQQQ,56.314998626708984,56.31999969482422,56.292999267578125,56.30500030517578,28919
2026-01-13 12:07:00-05:00,TQQQ,56.30500030517578,56.320098876953125,56.290000915527344,56.290000915527344,46541
2026-01-13 12:08:00-05:00,TQQQ,56.29499816894531,56.30500030517578,56.279998779296875,56.290000915527344,41875
2026-01-13 12:09:00-05:00,TQQQ,56.29999923706055,56.310001373291016,56.22999954223633,56.232200622558594,103625
2026-01-13 12:10:00-05:00,TQQQ,56.23149871826172,56.24720001220703,56.209999084472656,56.220001220703125,19014743
2026-01-13 12:11:00-05:00,TQQQ,56.22010040283203,56.22990036010742,56.189998626708984,56.209999084472656,0
2026-01-13 12:12:00-05:00,TQQQ,56.21500015258789,56.2400016784668,56.20000076293945,56.239898681640625,54919
2026-01-13 12:13:00-05:00,TQQQ,56.230201721191406,56.230201721191406,56.17319869995117,56.185001373291016,51948
2026-01-13 12:14:00-05:00,TQQQ,56.18009948730469,56.18659973144531,56.161399841308594,56.165000915527344,42395
2026-01-13 12:15:00-05:00,TQQQ,56.169898986816406,56.18000030517578,56.060001373291016,56.068599700927734,195493
2026-01-13 12:16:00-05:00,TQQQ,56.060001373291016,56.060001373291016,55.974998474121094,55.97829818725586,141221
2026-01-13 12:17:00-05:00,TQQQ,55.97700119018555,55.97700119018555,55.849998474121094,55.880001068115234,179645
2026-01-13 12:18:00-05:00,TQQQ,55.875,55.93000030517578,55.86000061035156,55.89979934692383,115562
2026-01-13 12:19:00-05:00,TQQQ,55.88999938964844,55.969600677490234,55.880001068115234,55.94810104370117,147187
2026-01-13 12:20:00-05:00,TQQQ,55.94499969482422,55.95000076293945,55.90999984741211,55.939998626708984,86868
2026-01-13 12:21:00-05:00,TQQQ,55.935001373291016,55.977901458740234,55.90999984741211,55.974998474121094,85495
2026-01-13 12:22:00-05:00,TQQQ,55.98910140991211,56.09000015258789,55.97330093383789,56.084999084472656,228876
2026-01-13 12:23:00-05:00,TQQQ,56.0806999206543,56.11000061035156,56.06999969482422,56.11000061035156,124453
2026-01-13 12:24:00-05:00,TQQQ,56.11000061035156,56.118499755859375,56.08000183105469,56.099998474121094,87217
2026-01-13 12:25:00-05:00,TQQQ,56.09669876098633,56.09669876098633,55.95000076293945,55.96989822387695,149776
2026-01-13 12:26:00-05:00,TQQQ,55.95500183105469,55.959999084472656,55.92250061035156,55.93050003051758,54988
2026-01-13 12:27:00-05:00,TQQQ,55.93880081176758,55.970699310302734,55.93000030517578,55.96500015258789,71033
2026-01-13 12:28:00-05:00,TQQQ,55.96009826660156,56.0099983215332,55.940399169921875,55.97999954223633,74531
2026-01-13 12:29:00-05:00,TQQQ,56.00080108642578,56.00830078125,55.970001220703125,56.005001068115234,36807
2026-01-13 12:30:00-05:00,TQQQ,56.005401611328125,56.06999969482422,56.0,56.064998626708984,115013
2026-01-13 12:31:00-05:00,TQQQ,56.064998626708984,56.06999969482422,55.68000030517578,55.940101623535156,516002
2026-01-13 12:32:00-05:00,TQQQ,55.945499420166016,56.0099983215332,55.880001068115234,56.0,163479
2026-01-13 12:33:00-05:00,TQQQ,56.0,56.029998779296875,55.959999084472656,55.9900016784668,53141
2026-01-13 12:34:00-05:00,TQQQ,55.994998931884766,56.029998779296875,55.97999954223633,56.025001525878906,70285
2026-01-13 12:35:00-05:00,TQQQ,56.02000045776367,56.04990005493164,55.95000076293945,55.964599609375,52335
2026-01-13 12:36:00-05:00,TQQQ,55.96989822387695,56.0,55.95500183105469,55.97999954223633,37254
2026-01-13 12:37:00-05:00,TQQQ,55.970001220703125,55.97999954223633,55.90999984741211,55.931400299072266,65044
2026-01-13 12:38:00-05:00,TQQQ,55.93000030517578,55.939998626708984,55.900001525878906,55.935001373291016,49454
2026-01-13 12:39:00-05:00,TQQQ,55.93949890136719,55.96500015258789,55.880001068115234,55.900001525878906,43671
2026-01-13 12:40:00-05:00,TQQQ,55.90359878540039,55.915401458740234,55.871299743652344,55.871299743652344,73327
2026-01-13 12:41:00-05:00,TQQQ,55.887001037597656,55.91999816894531,55.84000015258789,55.917999267578125,110074
2026-01-13 12:42:00-05:00,TQQQ,55.904998779296875,55.90639877319336,55.8650016784668,55.89360046386719,57146
2026-01-13 12:43:00-05:00,TQQQ,55.8927001953125,55.89739990234375,55.779998779296875,55.78730010986328,75623
2026-01-13 12:44:00-05:00,TQQQ,55.78499984741211,55.79499816894531,55.724998474121094,55.744998931884766,125885
2026-01-13 12:45:00-05:00,TQQQ,55.7400016784668,55.77000045776367,55.709999084472656,55.7400016784668,88675
2026-01-13 12:46:00-05:00,TQQQ,55.73139953613281,55.790000915527344,55.72999954223633,55.750099182128906,74300
2026-01-13 12:47:00-05:00,TQQQ,55.75,55.810001373291016,55.71139907836914,55.79999923706055,96271
2026-01-13 12:48:00-05:00,TQQQ,55.80500030517578,55.81999969482422,55.75,55.79499816894531,102439
2026-01-13 12:49:00-05:00,TQQQ,55.79499816894531,55.86899948120117,55.79499816894531,55.85260009765625,85233
2026-01-13 12:50:00-05:00,TQQQ,55.85499954223633,55.875,55.72100067138672,55.73500061035156,178336
2026-01-13 12:51:00-05:00,TQQQ,55.72930145263672,55.7400016784668,55.689998626708984,55.70500183105469,76908
2026-01-13 12:52:00-05:00,TQQQ,55.709999084472656,55.709999084472656,55.649898529052734,55.658599853515625,107465
2026-01-13 12:53:00-05:00,TQQQ,55.65999984741211,55.65999984741211,55.529998779296875,55.546600341796875,150721
2026-01-13 12:54:00-05:00,TQQQ,55.54819869995117,55.59000015258789,55.52000045776367,55.584999084472656,115518
2026-01-13 12:55:00-05:00,TQQQ,55.584999084472656,55.59000015258789,55.470001220703125,55.4900016784668,133280
2026-01-13 12:56:00-05:00,TQQQ,55.48500061035156,55.540000915527344,55.439998626708984,55.45000076293945,159955
2026-01-13 12:57:00-05:00,TQQQ,55.45500183105469,55.46500015258789,55.400001525878906,55.43410110473633,87457
2026-01-13 12:58:00-05:00,TQQQ,55.41999816894531,55.45000076293945,55.29999923706055,55.349998474121094,258408
2026-01-13 12:59:00-05:00,TQQQ,55.34000015258789,55.46500015258789,55.34000015258789,55.42499923706055,161064
2026-01-13 13:00:00-05:00,TQQQ,55.41999816894531,55.459999084472656,55.31999969482422,55.35499954223633,431187
2026-01-13 13:01:00-05:00,TQQQ,55.349998474121094,55.369998931884766,55.290000915527344,55.36800003051758,225569
2026-01-13 13:02:00-05:00,TQQQ,55.369998931884766,55.400001525878906,55.310001373291016,55.354400634765625,153418
2026-01-13 13:03:00-05:00,TQQQ,55.34709930419922,55.36000061035156,55.2599983215332,55.309898376464844,96653
2026-01-13 13:04:00-05:00,TQQQ,55.30509948730469,55.38999938964844,55.29999923706055,55.345001220703125,106424
2026-01-13 13:05:00-05:00,TQQQ,55.345001220703125,55.400001525878906,55.32320022583008,55.37969970703125,98410
2026-01-13 13:06:00-05:00,TQQQ,55.375,55.51499938964844,55.369998931884766,55.51250076293945,183506
2026-01-13 13:07:00-05:00,TQQQ,55.5099983215332,55.52050018310547,55.459999084472656,55.470699310302734,130124
2026-01-13 13:08:00-05:00,TQQQ,55.470001220703125,55.470001220703125,55.369998931884766,55.38050079345703,139397
2026-01-13 13:09:00-05:00,TQQQ,55.380001068115234,55.41999816894531,55.375,55.41460037231445,56138
2026-01-13 13:10:00-05:00,TQQQ,55.40999984741211,55.43000030517578,55.349998474121094,55.400001525878906,80091
2026-01-13 13:11:00-05:00,TQQQ,55.38999938964844,55.43000030517578,55.38999938964844,55.400001525878906,44349
2026-01-13 13:12:00-05:00,TQQQ,55.41999816894531,55.525001525878906,55.415000915527344,55.52000045776367,88669
2026-01-13 13:13:00-05:00,TQQQ,55.519901275634766,55.540000915527344,55.5099983215332,55.536399841308594,112885
2026-01-13 13:14:00-05:00,TQQQ,55.53499984741211,55.6078987121582,55.513999938964844,55.6078987121582,189955
2026-01-13 13:15:00-05:00,TQQQ,55.61000061035156,55.650001525878906,55.56999969482422,55.63999938964844,101187
2026-01-13 13:16:00-05:00,TQQQ,55.630001068115234,55.63999938964844,55.529998779296875,55.560001373291016,89579
2026-01-13 13:17:00-05:00,TQQQ,55.55500030517578,55.5973014831543,55.54999923706055,55.5614013671875,35894
2026-01-13 13:18:00-05:00,TQQQ,55.56760025024414,55.62799835205078,55.56760025024414,55.6150016784668,32699
2026-01-13 13:19:00-05:00,TQQQ,55.608001708984375,55.619998931884766,55.540000915527344,55.55500030517578,64966
2026-01-13 13:20:00-05:00,TQQQ,55.560001373291016,55.564998626708984,55.47999954223633,55.4900016784668,138865
2026-01-13 13:21:00-05:00,TQQQ,55.497398376464844,55.505001068115234,55.375,55.415000915527344,147971
2026-01-13 13:22:00-05:00,TQQQ,55.40999984741211,55.457298278808594,55.400001525878906,55.439998626708984,34999
2026-01-13 13:23:00-05:00,TQQQ,55.449798583984375,55.47999954223633,55.43410110473633,55.446998596191406,22558
2026-01-13 13:24:00-05:00,TQQQ,55.447898864746094,55.448001861572266,55.40010070800781,55.41999816894531,30440
2026-01-13 13:25:00-05:00,TQQQ,55.41999816894531,55.42499923706055,55.36000061035156,55.369998931884766,83350
2026-01-13 13:26:00-05:00,TQQQ,55.371299743652344,55.474998474121094,55.3650016784668,55.46500015258789,75738
2026-01-13 13:27:00-05:00,TQQQ,55.470001220703125,55.51499938964844,55.45000076293945,55.45989990234375,67748
2026-01-13 13:28:00-05:00,TQQQ,55.459999084472656,55.47999954223633,55.43000030517578,55.435001373291016,33410
2026-01-13 13:29:00-05:00,TQQQ,55.44139862060547,55.44990158081055,55.41279983520508,55.43000030517578,54930
2026-01-13 13:30:00-05:00,TQQQ,55.40999984741211,55.41999816894531,55.369998931884766,55.400001525878906,66441
2026-01-13 13:31:00-05:00,TQQQ,55.40999984741211,55.47999954223633,55.40999984741211,55.461700439453125,49447
2026-01-13 13:32:00-05:00,TQQQ,55.45500183105469,55.529998779296875,55.45220184326172,55.51499938964844,67186
2026-01-13 13:33:00-05:00,TQQQ,55.51499938964844,55.529998779296875,55.470001220703125,55.494998931884766,43873
2026-01-13 13:34:00-05:00,TQQQ,55.505001068115234,55.505001068115234,55.45109939575195,55.4900016784668,23147348
2026-01-13 13:35:00-05:00,TQQQ,55.48889923095703,55.560001373291016,55.47999954223633,55.560001373291016,0
2026-01-13 13:36:00-05:00,TQQQ,55.564998626708984,55.599998474121094,55.53030014038086,55.560001373291016,75632
2026-01-13 13:37:00-05:00,TQQQ,55.55500030517578,55.58000183105469,55.54180145263672,55.560001373291016,41936
2026-01-13 13:38:00-05:00,TQQQ,55.56999969482422,55.56999969482422,55.54499816894531,55.560001373291016,20875
2026-01-13 13:39:00-05:00,TQQQ,55.54999923706055,55.57500076293945,55.54499816894531,55.55730056762695,23660
2026-01-13 13:40:00-05:00,TQQQ,55.560001373291016,55.560001373291016,55.5099983215332,55.512001037597656,59851
2026-01-13 13:41:00-05:00,TQQQ,55.51499938964844,55.51499938964844,55.43349838256836,55.43349838256836,56787
2026-01-13 13:42:00-05:00,TQQQ,55.435001373291016,55.495399475097656,55.43000030517578,55.44990158081055,112642
2026-01-13 13:43:00-05:00,TQQQ,55.45000076293945,55.45589828491211,55.380001068115234,55.38990020751953,72051
2026-01-13 13:44:00-05:00,TQQQ,55.39500045776367,55.400001525878906,55.34000015258789,55.3650016784668,72741
2026-01-13 13:45:00-05:00,TQQQ,55.36000061035156,55.45000076293945,55.344600677490234,55.418800354003906,66568
2026-01-13 13:46:00-05:00,TQQQ,55.41339874267578,55.429500579833984,55.380001068115234,55.39500045776367,23778
2026-01-13 13:47:00-05:00,TQQQ,55.400001525878906,55.459999084472656,55.380001068115234,55.400001525878906,56581
2026-01-13 13:48:00-05:00,TQQQ,55.4099006652832,55.435001373291016,55.38079833984375,55.434600830078125,48139
2026-01-13 13:49:00-05:00,TQQQ,55.43000030517578,55.43000030517578,55.310001373291016,55.345001220703125,77948
2026-01-13 13:50:00-05:00,TQQQ,55.34000015258789,55.34000015258789,55.20000076293945,55.21269989013672,231193
2026-01-13 13:51:00-05:00,TQQQ,55.21500015258789,55.2400016784668,55.189998626708984,55.224998474121094,127076
2026-01-13 13:52:00-05:00,TQQQ,55.220001220703125,55.255001068115234,55.18000030517578,55.2400016784668,158441
2026-01-13 13:53:00-05:00,TQQQ,55.23500061035156,55.310001373291016,55.23139953613281,55.270301818847656,93503
2026-01-13 13:54:00-05:00,TQQQ,55.27859878540039,55.280601501464844,55.255001068115234,55.27909851074219,67699
2026-01-13 13:55:00-05:00,TQQQ,55.27000045776367,55.29999923706055,55.18090057373047,55.18769836425781,91878
2026-01-13 13:56:00-05:00,TQQQ,55.18000030517578,55.185001373291016,55.154998779296875,55.16999816894531,60778
2026-01-13 13:57:00-05:00,TQQQ,55.165000915527344,55.20000076293945,55.15589904785156,55.1890983581543,66493
2026-01-13 13:58:00-05:00,TQQQ,55.18000030517578,55.2671012878418,55.17499923706055,55.224998474121094,76810
2026-01-13 13:59:00-05:00,TQQQ,55.2244987487793,55.2244987487793,55.18000030517578,55.19499969482422,207212
2026-01-13 14:00:00-05:00,TQQQ,55.19020080566406,55.279998779296875,55.19020080566406,55.268001556396484,106004
2026-01-13 14:01:00-05:00,TQQQ,55.27000045776367,55.2781982421875,55.19499969482422,55.200199127197266,93636
2026-01-13 14:02:00-05:00,TQQQ,55.20220184326172,55.20970153808594,55.18000030517578,55.197898864746094,61770
2026-01-13 14:03:00-05:00,TQQQ,55.20000076293945,55.20000076293945,55.1150016784668,55.130001068115234,154461
2026-01-13 14:04:00-05:00,TQQQ,55.13460159301758,55.169898986816406,55.13140106201172,55.150001525878906,66072
2026-01-13 14:05:00-05:00,TQQQ,55.150001525878906,55.16999816894531,55.09000015258789,55.14500045776367,149807
2026-01-13 14:06:00-05:00,TQQQ,55.14649963378906,55.165000915527344,55.09000015258789,55.150001525878906,63117
2026-01-13 14:07:00-05:00,TQQQ,55.14680099487305,55.220001220703125,55.130001068115234,55.166099548339844,108895
2026-01-13 14:08:00-05:00,TQQQ,55.165000915527344,55.20000076293945,55.150001525878906,55.19990158081055,46973
2026-01-13 14:09:00-05:00,TQQQ,55.1885986328125,55.19729995727539,55.10110092163086,55.10110092163086,53978
2026-01-13 14:10:00-05:00,TQQQ,55.099998474121094,55.119998931884766,55.06999969482422,55.092098236083984,76516
2026-01-13 14:11:00-05:00,TQQQ,55.10499954223633,55.144100189208984,55.099998474121094,55.125,58823
2026-01-13 14:12:00-05:00,TQQQ,55.14459991455078,55.1864013671875,55.11989974975586,55.130001068115234,37522
2026-01-13 14:13:00-05:00,TQQQ,55.13589859008789,55.18989944458008,55.11000061035156,55.18239974975586,51110
2026-01-13 14:14:00-05:00,TQQQ,55.189998626708984,55.189998626708984,55.1150016784668,55.125,49228
2026-01-13 14:15:00-05:00,TQQQ,55.130001068115234,55.20000076293945,55.119998931884766,55.19960021972656,52156
2026-01-13 14:16:00-05:00,TQQQ,55.19139862060547,55.36000061035156,55.1349983215332,55.29010009765625,372024
2026-01-13 14:17:00-05:00,TQQQ,55.272098541259766,55.290000915527344,55.20000076293945,55.209999084472656,42049
2026-01-13 14:18:00-05:00,TQQQ,55.20000076293945,55.2400016784668,55.18000030517578,55.23500061035156,71455
2026-01-13 14:19:00-05:00,TQQQ,55.238399505615234,55.310001373291016,55.23500061035156,55.27149963378906,145069
2026-01-13 14:20:00-05:00,TQQQ,55.275001525878906,55.30500030517578,55.22999954223633,55.29499816894531,69262
2026-01-13 14:21:00-05:00,TQQQ,55.29499816894531,55.349998474121094,55.280601501464844,55.349998474121094,102671
2026-01-13 14:22:00-05:00,TQQQ,55.35499954223633,55.380001068115234,55.279998779296875,55.29090118408203,197167
2026-01-13 14:23:00-05:00,TQQQ,55.298301696777344,55.30849838256836,55.250099182128906,55.28499984741211,69537
2026-01-13 14:24:00-05:00,TQQQ,55.28499984741211,55.327999114990234,55.220001220703125,55.279998779296875,69247
2026-01-13 14:25:00-05:00,TQQQ,55.279998779296875,55.279998779296875,55.22999954223633,55.249900817871094,39120
2026-01-13 14:26:00-05:00,TQQQ,55.25,55.29010009765625,55.189998626708984,55.290000915527344,102507
2026-01-13 14:27:00-05:00,TQQQ,55.29499816894531,55.36000061035156,55.27009963989258,55.345001220703125,74577
2026-01-13 14:28:00-05:00,TQQQ,55.345001220703125,55.380001068115234,55.31999969482422,55.34000015258789,126331
2026-01-13 14:29:00-05:00,TQQQ,55.3484001159668,55.3650016784668,55.32210159301758,55.36130142211914,98824
2026-01-13 14:30:00-05:00,TQQQ,55.359901428222656,55.369998931884766,55.33000183105469,55.349998474121094,65404
2026-01-13 14:31:00-05:00,TQQQ,55.369998931884766,55.38999938964844,55.310001373291016,55.34000015258789,105256
2026-01-13 14:32:00-05:00,TQQQ,55.345001220703125,55.3489990234375,55.310001373291016,55.31019973754883,66275
2026-01-13 14:33:00-05:00,TQQQ,55.310001373291016,55.310699462890625,55.275001525878906,55.310699462890625,68010
2026-01-13 14:34:00-05:00,TQQQ,55.314998626708984,55.33700180053711,55.27989959716797,55.27989959716797,66716
2026-01-13 14:35:00-05:00,TQQQ,55.28990173339844,55.314998626708984,55.28010177612305,55.29990005493164,26549
2026-01-13 14:36:00-05:00,TQQQ,55.30500030517578,55.349998474121094,55.27000045776367,55.3390007019043,74835
2026-01-13 14:37:00-05:00,TQQQ,55.34000015258789,55.34000015258789,55.28010177612305,55.28010177612305,27770
2026-01-13 14:38:00-05:00,TQQQ,55.29499816894531,55.2958984375,55.255001068115234,55.275001525878906,52482
2026-01-13 14:39:00-05:00,TQQQ,55.28499984741211,55.32500076293945,55.272098541259766,55.32059860229492,12209
2026-01-13 14:40:00-05:00,TQQQ,55.32500076293945,55.345001220703125,55.310001373291016,55.310001373291016,15042
2026-01-13 14:41:00-05:00,TQQQ,55.31999969482422,55.37969970703125,55.31999969482422,55.35499954223633,41195
2026-01-13 14:42:00-05:00,TQQQ,55.369998931884766,55.400001525878906,55.369998931884766,55.387298583984375,53454
2026-01-13 14:43:00-05:00,TQQQ,55.386600494384766,55.38890075683594,55.32500076293945,55.359901428222656,66884
2026-01-13 14:44:00-05:00,TQQQ,55.3650016784668,55.3650016784668,55.29999923706055,55.29999923706055,59725
2026-01-13 14:45:00-05:00,TQQQ,55.30500030517578,55.31909942626953,55.27000045776367,55.30500030517578,55846
2026-01-13 14:46:00-05:00,TQQQ,55.30699920654297,55.31999969482422,55.27000045776367,55.28020095825195,13573
2026-01-13 14:47:00-05:00,TQQQ,55.279998779296875,55.290000915527344,55.22010040283203,55.23500061035156,57017
2026-01-13 14:48:00-05:00,TQQQ,55.2421989440918,55.265899658203125,55.22999954223633,55.23500061035156,34167
2026-01-13 14:49:00-05:00,TQQQ,55.244998931884766,55.279998779296875,55.244998931884766,55.27859878540039,29307
2026-01-13 14:50:00-05:00,TQQQ,55.279998779296875,55.33000183105469,55.27000045776367,55.323001861572266,46936
2026-01-13 14:51:00-05:00,TQQQ,55.31999969482422,55.41999816894531,55.290000915527344,55.38850021362305,70990
2026-01-13 14:52:00-05:00,TQQQ,55.38890075683594,55.389400482177734,55.345001220703125,55.369998931884766,17118
2026-01-13 14:53:00-05:00,TQQQ,55.375,55.41999816894531,55.375,55.39500045776367,84779
2026-01-13 14:54:00-05:00,TQQQ,55.39500045776367,55.40869903564453,55.350101470947266,55.404998779296875,25644211
2026-01-13 14:55:00-05:00,TQQQ,55.404998779296875,55.459999084472656,55.39099884033203,55.45500183105469,0
2026-01-13 14:56:00-05:00,TQQQ,55.45180130004883,55.47999954223633,55.41999816894531,55.47999954223633,66813
2026-01-13 14:57:00-05:00,TQQQ,55.474098205566406,55.489898681640625,55.40409851074219,55.4099006652832,66490
2026-01-13 14:58:00-05:00,TQQQ,55.402000427246094,55.40999984741211,55.334999084472656,55.349998474121094,68794
2026-01-13 14:59:00-05:00,TQQQ,55.3468017578125,55.369998931884766,55.31999969482422,55.369998931884766,29264
2026-01-13 15:00:00-05:00,TQQQ,55.3650016784668,55.36790084838867,55.27000045776367,55.29999923706055,93794
2026-01-13 15:01:00-05:00,TQQQ,55.29499816894531,55.31850051879883,55.279998779296875,55.295501708984375,79990
2026-01-13 15:02:00-05:00,TQQQ,55.290000915527344,55.290000915527344,55.220001220703125,55.26499938964844,66825
2026-01-13 15:03:00-05:00,TQQQ,55.2599983215332,55.29999923706055,55.2400016784668,55.28990173339844,44045
2026-01-13 15:04:00-05:00,TQQQ,55.28499984741211,55.28990173339844,55.26219940185547,55.275001525878906,32553
2026-01-13 15:05:00-05:00,TQQQ,55.27000045776367,55.29499816894531,55.2599983215332,55.290000915527344,76961
2026-01-13 15:06:00-05:00,TQQQ,55.28499984741211,55.33879852294922,55.28499984741211,55.33000183105469,70410
2026-01-13 15:07:00-05:00,TQQQ,55.334999084472656,55.33940124511719,55.310001373291016,55.3385009765625,37494
2026-01-13 15:08:00-05:00,TQQQ,55.345001220703125,55.349998474121094,55.29100036621094,55.31990051269531,33621
2026-01-13 15:09:00-05:00,TQQQ,55.314998626708984,55.325401306152344,55.29999923706055,55.30500030517578,21451
2026-01-13 15:10:00-05:00,TQQQ,55.29999923706055,55.29999923706055,55.20000076293945,55.220001220703125,119990
2026-01-13 15:11:00-05:00,TQQQ,55.21500015258789,55.244998931884766,55.20000076293945,55.23500061035156,72384
2026-01-13 15:12:00-05:00,TQQQ,55.23500061035156,55.247501373291016,55.209999084472656,55.220001220703125,56778
2026-01-13 15:13:00-05:00,TQQQ,55.217899322509766,55.21989822387695,55.18109893798828,55.21179962158203,74571
2026-01-13 15:14:00-05:00,TQQQ,55.209999084472656,55.22999954223633,55.196800231933594,55.20000076293945,70806
2026-01-13 15:15:00-05:00,TQQQ,55.20539855957031,55.25,55.190101623535156,55.25,101793
2026-01-13 15:16:00-05:00,TQQQ,55.25,55.2599983215332,55.23109817504883,55.2599983215332,85820
2026-01-13 15:17:00-05:00,TQQQ,55.2599983215332,55.26940155029297,55.20500183105469,55.21500015258789,63177
2026-01-13 15:18:00-05:00,TQQQ,55.21500015258789,55.23500061035156,55.21500015258789,55.224998474121094,26422869
2026-01-13 15:19:00-05:00,TQQQ,55.224998474121094,55.25,55.21989822387695,55.25,0
2026-01-13 15:20:00-05:00,TQQQ,55.25,55.25,55.20000076293945,55.21080017089844,21921
2026-01-13 15:21:00-05:00,TQQQ,55.214599609375,55.21500015258789,55.154998779296875,55.18259811401367,115447
2026-01-13 15:22:00-05:00,TQQQ,55.18000030517578,55.22999954223633,55.18000030517578,55.211299896240234,43090
2026-01-13 15:23:00-05:00,TQQQ,55.21500015258789,55.22840118408203,55.18299865722656,55.22840118408203,31458
2026-01-13 15:24:00-05:00,TQQQ,55.22249984741211,55.25,55.21500015258789,55.21500015258789,40233
2026-01-13 15:25:00-05:00,TQQQ,55.21500015258789,55.220001220703125,55.18000030517578,55.20000076293945,39706
2026-01-13 15:26:00-05:00,TQQQ,55.189998626708984,55.204498291015625,55.1349983215332,55.164100646972656,118986
2026-01-13 15:27:00-05:00,TQQQ,55.165000915527344,55.16999816894531,55.095001220703125,55.12220001220703,92099
2026-01-13 15:28:00-05:00,TQQQ,55.130001068115234,55.169898986816406,55.12009811401367,55.150001525878906,81414
2026-01-13 15:29:00-05:00,TQQQ,55.154998779296875,55.154998779296875,55.099998474121094,55.099998474121094,47883
2026-01-13 15:30:00-05:00,TQQQ,55.10969924926758,55.130001068115234,55.07360076904297,55.099998474121094,145734
2026-01-13 15:31:00-05:00,TQQQ,55.095001220703125,55.11000061035156,55.06999969482422,55.07500076293945,66971
2026-01-13 15:32:00-05:00,TQQQ,55.08000183105469,55.087501525878906,55.03499984741211,55.060001373291016,108133
2026-01-13 15:33:00-05:00,TQQQ,55.06990051269531,55.06990051269531,54.959999084472656,54.97999954223633,411955
2026-01-13 15:34:00-05:00,TQQQ,54.97999954223633,55.03499984741211,54.959999084472656,55.02000045776367,145157
2026-01-13 15:35:00-05:00,TQQQ,55.02069854736328,55.025001525878906,54.97999954223633,54.984798431396484,70052
2026-01-13 15:36:00-05:00,TQQQ,55.0,55.040000915527344,54.9900016784668,55.020999908447266,82058
2026-01-13 15:37:00-05:00,TQQQ,55.025001525878906,55.130001068115234,55.02000045776367,55.095001220703125,128854
2026-01-13 15:38:00-05:00,TQQQ,55.0989990234375,55.1349983215332,55.08000183105469,55.1349983215332,132774
2026-01-13 15:39:00-05:00,TQQQ,55.13019943237305,55.15629959106445,55.130001068115234,55.154998779296875,90462
2026-01-13 15:40:00-05:00,TQQQ,55.154998779296875,55.220001220703125,55.15299987792969,55.21500015258789,140253
2026-01-13 15:41:00-05:00,TQQQ,55.213199615478516,55.220001220703125,55.13999938964844,55.16999816894531,136335
2026-01-13 15:42:00-05:00,TQQQ,55.15999984741211,55.22999954223633,55.15589904785156,55.22999954223633,58200
2026-01-13 15:43:00-05:00,TQQQ,55.22639846801758,55.22999954223633,55.18000030517578,55.20500183105469,101377
2026-01-13 15:44:00-05:00,TQQQ,55.20220184326172,55.22999954223633,55.18000030517578,55.220001220703125,73201
2026-01-13 15:45:00-05:00,TQQQ,55.209999084472656,55.21260070800781,55.16999816894531,55.19499969482422,45564
2026-01-13 15:46:00-05:00,TQQQ,55.20000076293945,55.22999954223633,55.189998626708984,55.224998474121094,61732
2026-01-13 15:47:00-05:00,TQQQ,55.22209930419922,55.310001373291016,55.220001220703125,55.28900146484375,189716
2026-01-13 15:48:00-05:00,TQQQ,55.279998779296875,55.290000915527344,55.2400016784668,55.251800537109375,85705
2026-01-13 15:49:00-05:00,TQQQ,55.26860046386719,55.290000915527344,55.255001068115234,55.2599983215332,70746
2026-01-13 15:50:00-05:00,TQQQ,55.27000045776367,55.380001068115234,55.22999954223633,55.36000061035156,406171
2026-01-13 15:51:00-05:00,TQQQ,55.369998931884766,55.369998931884766,55.290000915527344,55.334999084472656,227589
2026-01-13 15:52:00-05:00,TQQQ,55.334999084472656,55.40999984741211,55.31999969482422,55.40010070800781,222167
2026-01-13 15:53:00-05:00,TQQQ,55.40999984741211,55.43009948730469,55.380001068115234,55.400001525878906,288998
2026-01-13 15:54:00-05:00,TQQQ,55.3849983215332,55.5,55.371700286865234,55.5,196020
2026-01-13 15:55:00-05:00,TQQQ,55.5,55.540000915527344,55.47999954223633,55.499900817871094,277474
2026-01-13 15:56:00-05:00,TQQQ,55.5,55.525001525878906,55.45199966430664,55.52439880371094,174451
2026-01-13 15:57:00-05:00,TQQQ,55.529998779296875,55.564998626708984,55.5099983215332,55.55339813232422,158655
2026-01-13 15:58:00-05:00,TQQQ,55.560001373291016,55.58000183105469,55.500099182128906,55.52000045776367,179031
2026-01-13 15:59:00-05:00,TQQQ,55.529998779296875,55.63959884643555,55.525001525878906,55.59000015258789,451178
2026-01-14 09:30:00-05:00,TQQQ,54.540000915527344,54.599998474121094,54.400001525878906,54.5099983215332,3689860
2026-01-14 09:31:00-05:00,TQQQ,54.5,54.5099983215332,54.1349983215332,54.20500183105469,6381280
2026-01-14 09:32:00-05:00,TQQQ,54.20000076293945,54.279998779296875,54.099998474121094,54.238399505615234,0
2026-01-14 09:33:00-05:00,TQQQ,54.22999954223633,54.59579849243164,54.224998474121094,54.584999084472656,613489
2026-01-14 09:34:00-05:00,TQQQ,54.59859848022461,54.86000061035156,54.58000183105469,54.819400787353516,635860
2026-01-14 09:35:00-05:00,TQQQ,54.810001373291016,54.880001068115234,54.595001220703125,54.595001220703125,670990
2026-01-14 09:36:00-05:00,TQQQ,54.599998474121094,54.65999984741211,54.28010177612305,54.28010177612305,517667
2026-01-14 09:37:00-05:00,TQQQ,54.29990005493164,54.37580108642578,54.27000045776367,54.290000915527344,424644
2026-01-14 09:38:00-05:00,TQQQ,54.290000915527344,54.45000076293945,54.27000045776367,54.369998931884766,447958
2026-01-14 09:39:00-05:00,TQQQ,54.369998931884766,54.439998626708984,54.22209930419922,54.275001525878906,702677
2026-01-14 09:40:00-05:00,TQQQ,54.27000045776367,54.36859893798828,54.16999816894531,54.28499984741211,382153
2026-01-14 09:41:00-05:00,TQQQ,54.290000915527344,54.369998931884766,54.0,54.04999923706055,861862
2026-01-14 09:42:00-05:00,TQQQ,54.04999923706055,54.06999969482422,53.93000030517578,54.009300231933594,437580
2026-01-14 09:43:00-05:00,TQQQ,54.0099983215332,54.02000045776367,53.88999938964844,53.92499923706055,423952
2026-01-14 09:44:00-05:00,TQQQ,53.91999816894531,53.96540069580078,53.810001373291016,53.86750030517578,452187
2026-01-14 09:45:00-05:00,TQQQ,53.86000061035156,53.997798919677734,53.76139831542969,53.77069854736328,381278
2026-01-14 09:46:00-05:00,TQQQ,53.775001525878906,53.989601135253906,53.7599983215332,53.989601135253906,248749
2026-01-14 09:47:00-05:00,TQQQ,53.989601135253906,54.03499984741211,53.8650016784668,54.025001525878906,397003
2026-01-14 09:48:00-05:00,TQQQ,54.02000045776367,54.05970001220703,53.87900161743164,54.029998779296875,220041
2026-01-14 09:49:00-05:00,TQQQ,54.029998779296875,54.130001068115234,53.959999084472656,54.09000015258789,241822
2026-01-14 09:50:00-05:00,TQQQ,54.07500076293945,54.099998474121094,53.8827018737793,53.88999938964844,285043
2026-01-14 09:51:00-05:00,TQQQ,53.88999938964844,54.009300231933594,53.84000015258789,53.85929870605469,185281
2026-01-14 09:52:00-05:00,TQQQ,53.83000183105469,53.959999084472656,53.81999969482422,53.90250015258789,117240
2026-01-14 09:53:00-05:00,TQQQ,53.90999984741211,53.9114990234375,53.73139953613281,53.790000915527344,302128
2026-01-14 09:54:00-05:00,TQQQ,53.78580093383789,54.02000045776367,53.779300689697266,53.845001220703125,351239
2026-01-14 09:55:00-05:00,TQQQ,53.849998474121094,53.86909866333008,53.67729949951172,53.79499816894531,406278
2026-01-14 09:56:00-05:00,TQQQ,53.78580093383789,53.85499954223633,53.68450164794922,53.79999923706055,256925
2026-01-14 09:57:00-05:00,TQQQ,53.79499816894531,53.83000183105469,53.75,53.810001373291016,299129
2026-01-14 09:58:00-05:00,TQQQ,53.814998626708984,53.81999969482422,53.61000061035156,53.63290023803711,272945
2026-01-14 09:59:00-05:00,TQQQ,53.63240051269531,53.68730163574219,53.545501708984375,53.56999969482422,341049
2026-01-14 10:00:00-05:00,TQQQ,53.564998626708984,53.564998626708984,53.220001220703125,53.25,2133145
2026-01-14 10:01:00-05:00,TQQQ,53.27000045776367,53.415000915527344,53.23249816894531,53.348899841308594,309362
2026-01-14 10:02:00-05:00,TQQQ,53.349998474121094,53.41999816894531,53.275001525878906,53.310001373291016,354272
2026-01-14 10:03:00-05:00,TQQQ,53.30419921875,53.459999084472656,53.29999923706055,53.34000015258789,434716
2026-01-14 10:04:00-05:00,TQQQ,53.3400993347168,53.400001525878906,53.28499984741211,53.375,199368
2026-01-14 10:05:00-05:00,TQQQ,53.380001068115234,53.53810119628906,53.31999969482422,53.52000045776367,12922633
2026-01-14 10:06:00-05:00,TQQQ,53.52000045776367,53.599998474121094,53.439998626708984,53.55059814453125,0
2026-01-14 10:07:00-05:00,TQQQ,53.55649948120117,53.559898376464844,53.349998474121094,53.389801025390625,382548
2026-01-14 10:08:00-05:00,TQQQ,53.38999938964844,53.564998626708984,53.37009811401367,53.505001068115234,275117
2026-01-14 10:09:00-05:00,TQQQ,53.5099983215332,53.599998474121094,53.43000030517578,53.582401275634766,313863
2026-01-14 10:10:00-05:00,TQQQ,53.584999084472656,53.59000015258789,53.439998626708984,53.449798583984375,360191
2026-01-14 10:11:00-05:00,TQQQ,53.442100524902344,53.90999984741211,53.41999816894531,53.73500061035156,502422
2026-01-14 10:12:00-05:00,TQQQ,53.73500061035156,54.039798736572266,53.689998626708984,53.89500045776367,805588
2026-01-14 10:13:00-05:00,TQQQ,53.900001525878906,54.060001373291016,53.79999923706055,54.01029968261719,721386
2026-01-14 10:14:00-05:00,TQQQ,54.02000045776367,54.130001068115234,53.959999084472656,54.119998931884766,886193
2026-01-14 10:15:00-05:00,TQQQ,54.125,54.220001220703125,54.082401275634766,54.120601654052734,468906
2026-01-14 10:16:00-05:00,TQQQ,54.130001068115234,54.18000030517578,54.0099983215332,54.03499984741211,397337
2026-01-14 10:17:00-05:00,TQQQ,54.03499984741211,54.150001525878906,54.02000045776367,54.09080123901367,235398
2026-01-14 10:18:00-05:00,TQQQ,54.11000061035156,54.22999954223633,54.04460144042969,54.20500183105469,377895
2026-01-14 10:19:00-05:00,TQQQ,54.20000076293945,54.20000076293945,54.029998779296875,54.060001373291016,336525
2026-01-14 10:20:00-05:00,TQQQ,54.06999969482422,54.11000061035156,53.911399841308594,54.029998779296875,406156
2026-01-14 10:21:00-05:00,TQQQ,54.03269958496094,54.130001068115234,54.0099983215332,54.119998931884766,187268
2026-01-14 10:22:00-05:00,TQQQ,54.114601135253906,54.20000076293945,54.09000015258789,54.16999816894531,282070
2026-01-14 10:23:00-05:00,TQQQ,54.15999984741211,54.20989990234375,53.96500015258789,53.98440170288086,250727
2026-01-14 10:24:00-05:00,TQQQ,53.9900016784668,54.069801330566406,53.91999816894531,54.03499984741211,159231
2026-01-14 10:25:00-05:00,TQQQ,54.04990005493164,54.060001373291016,53.95000076293945,54.029998779296875,146979
2026-01-14 10:26:00-05:00,TQQQ,54.02799987792969,54.09000015258789,53.970699310302734,54.029998779296875,104486
2026-01-14 10:27:00-05:00,TQQQ,54.04999923706055,54.04999923706055,53.97999954223633,53.988399505615234,81678
2026-01-14 10:28:00-05:00,TQQQ,53.981300354003906,53.98500061035156,53.77000045776367,53.79999923706055,358413
2026-01-14 10:29:00-05:00,TQQQ,53.810001373291016,53.83000183105469,53.70140075683594,53.73500061035156,149699
2026-01-14 10:30:00-05:00,TQQQ,53.72999954223633,53.72999954223633,53.54999923706055,53.54999923706055,306489
2026-01-14 10:31:00-05:00,TQQQ,53.54999923706055,53.59000015258789,53.47999954223633,53.53960037231445,312528
2026-01-14 10:32:00-05:00,TQQQ,53.540000915527344,53.63999938964844,53.540000915527344,53.58000183105469,252896
2026-01-14 10:33:00-05:00,TQQQ,53.58000183105469,53.73500061035156,53.54999923706055,53.629798889160156,153782
2026-01-14 10:34:00-05:00,TQQQ,53.6150016784668,53.66999816894531,53.60499954223633,53.619998931884766,92016
2026-01-14 10:35:00-05:00,TQQQ,53.61000061035156,53.629398345947266,53.540000915527344,53.617401123046875,184016
2026-01-14 10:36:00-05:00,TQQQ,53.599998474121094,53.599998474121094,53.599998474121094,53.599998474121094,0
