Symbol,Timestamp,Open,High,Low,Close,Volume,TradeCount,VWAP
QQQ,2026-01-01 00:00:00+00:00,614.33,614.36,614.33,614.36,693.0,27.0,614.340527
QQQ,2026-01-01 00:01:00+00:00,614.29,614.29,614.29,614.29,134.0,15.0,614.29
QQQ,2026-01-01 00:02:00+00:00,614.31,614.31,614.31,614.31,276.0,9.0,614.31
QQQ,2026-01-01 00:03:00+00:00,614.29,614.29,614.29,614.29,281.0,5.0,614.29
QQQ,2026-01-01 00:04:00+00:00,614.29,614.35,614.29,614.35,343.0,10.0,614.336154
QQQ,2026-01-01 00:07:00+00:00,614.31,614.31,614.283,614.283,136.0,10.0,614.296271
QQQ,2026-01-01 00:08:00+00:00,614.3,614.3,614.3,614.3,147.0,6.0,614.3
QQQ,2026-01-01 00:10:00+00:00,614.3,614.3496,614.3,614.3496,718.0,19.0,614.331535
QQQ,2026-01-01 00:12:00+00:00,614.31,614.31,614.31,614.31,91.0,12.0,614.31
QQQ,2026-01-01 00:15:00+00:00,614.36,614.36,614.36,614.36,343.0,10.0,614.36
QQQ,2026-01-01 00:16:00+00:00,614.36,614.36,614.36,614.36,458.0,16.0,614.36
QQQ,2026-01-01 00:17:00+00:00,614.35,614.36,614.35,614.36,286.0,13.0,614.356183
QQQ,2026-01-01 00:18:00+00:00,614.36,614.36,614.3,614.35,1677.0,29.0,614.313397
QQQ,2026-01-01 00:19:00+00:00,614.35,614.35,614.35,614.35,218.0,16.0,614.35
QQQ,2026-01-01 00:20:00+00:00,614.35,614.35,614.25,614.34,1409.0,31.0,614.319009
QQQ,2026-01-01 00:21:00+00:00,614.35,614.35,614.35,614.35,90.0,2.0,614.35
QQQ,2026-01-01 00:23:00+00:00,614.33,614.33,614.33,614.33,116.0,8.0,614.33
QQQ,2026-01-01 00:24:00+00:00,614.3009,614.3009,614.3009,614.3009,179.0,18.0,614.3009
QQQ,2026-01-01 00:25:00+00:00,614.3,614.3,614.3,614.3,1461.0,15.0,614.3
QQQ,2026-01-01 00:26:00+00:00,614.3,614.3,614.3,614.3,250.0,14.0,614.3
QQQ,2026-01-01 00:27:00+00:00,614.31,614.31,614.29,614.29,240.0,21.0,614.296757
QQQ,2026-01-01 00:28:00+00:00,614.29,614.29,614.29,614.29,151.0,22.0,614.29
QQQ,2026-01-01 00:31:00+00:00,614.3,614.3,614.3,614.3,160.0,8.0,614.3
QQQ,2026-01-01 00:32:00+00:00,614.24,614.24,614.24,614.24,807.0,7.0,614.24
QQQ,2026-01-01 00:33:00+00:00,614.3,614.3,614.3,614.3,826.0,13.0,614.3
QQQ,2026-01-01 00:34:00+00:00,614.3,614.3,614.3,614.3,122.0,17.0,614.3
QQQ,2026-01-01 00:35:00+00:00,614.2984,614.2984,614.24,614.24,247.0,17.0,614.274353
QQQ,2026-01-01 00:37:00+00:00,614.3001,614.3001,614.3,614.3,158.0,18.0,614.300063
QQQ,2026-01-01 00:39:00+00:00,614.32,614.32,614.2639,614.2639,230.0,13.0,614.291245
QQQ,2026-01-01 00:44:00+00:00,614.3,614.3,614.3,614.3,129.0,12.0,614.3
QQQ,2026-01-01 00:45:00+00:00,614.28,614.28,614.28,614.28,257.0,15.0,614.28
QQQ,2026-01-01 00:46:00+00:00,614.32,614.32,614.32,614.32,133.0,10.0,614.32
QQQ,2026-01-01 00:47:00+00:00,614.3192,614.3192,614.3192,614.3192,153.0,7.0,614.3192
QQQ,2026-01-01 00:48:00+00:00,614.3,614.3,614.2999,614.2999,161.0,9.0,614.29995
QQQ,2026-01-01 00:49:00+00:00,614.31,614.31,614.3085,614.3085,287.0,7.0,614.309342
QQQ,2026-01-01 00:50:00+00:00,614.2903,614.3,614.29,614.29,1592.0,20.0,614.292522
QQQ,2026-01-01 00:52:00+00:00,614.25,614.25,614.23,614.23,1551.0,45.0,614.236419
QQQ,2026-01-01 00:53:00+00:00,614.27,614.2782,614.23,614.2782,1433.0,43.0,614.243732
QQQ,2026-01-01 00:54:00+00:00,614.24,614.24,614.24,614.24,142.0,20.0,614.24
QQQ,2026-01-01 00:55:00+00:00,614.24,614.24,614.23,614.23,799.0,34.0,614.232734
QQQ,2026-01-01 00:56:00+00:00,614.26,614.27,614.22,614.22,716.0,24.0,614.254746
QQQ,2026-01-01 00:57:00+00:00,614.21,614.21,614.2,614.2,1721.0,32.0,614.202329
QQQ,2026-01-01 00:58:00+00:00,614.2,614.21,614.2,614.2,1710.0,26.0,614.202727
QQQ,2026-01-01 00:59:00+00:00,614.2,614.2699,614.2,614.26,959.0,24.0,614.246712
QQQ,2026-01-02 09:00:00+00:00,619.0,620.69,619.0,620.59,24104.0,321.0,620.578187
QQQ,2026-01-02 09:01:00+00:00,620.59,620.99,620.57,620.89,8559.0,119.0,620.87485
QQQ,2026-01-02 09:02:00+00:00,620.92,620.97,620.81,620.81,1415.0,40.0,620.913513
QQQ,2026-01-02 09:03:00+00:00,620.85,620.86,620.78,620.78,2874.0,38.0,620.837675
QQQ,2026-01-02 09:04:00+00:00,620.74,620.79,620.71,620.74,1816.0,41.0,620.723112
QQQ,2026-01-02 09:05:00+00:00,620.8,620.85,620.79,620.85,1194.0,36.0,620.840248
QQQ,2026-01-02 09:06:00+00:00,620.85,620.9,620.85,620.9,1811.0,20.0,620.851302
QQQ,2026-01-02 09:07:00+00:00,620.79,620.79,620.72,620.72,3536.0,54.0,620.761695
QQQ,2026-01-02 09:08:00+00:00,620.74,621.05,620.74,621.05,6644.0,119.0,620.966786
QQQ,2026-01-02 09:09:00+00:00,621.01,621.04,620.97,620.97,923.0,22.0,620.999283
QQQ,2026-01-02 09:10:00+00:00,620.97,621.14,620.97,621.12,4459.0,73.0,621.054681
QQQ,2026-01-02 09:11:00+00:00,621.15,621.33,621.13,621.24,11147.0,211.0,621.216238
QQQ,2026-01-02 09:12:00+00:00,621.32,621.33,621.19,621.23,1983.0,56.0,621.29462
QQQ,2026-01-02 09:13:00+00:00,621.22,621.24,621.15,621.21,824.0,24.0,621.202724
QQQ,2026-01-02 09:14:00+00:00,621.22,621.29,621.21,621.26,2031.0,33.0,621.251546
QQQ,2026-01-02 09:15:00+00:00,621.16,621.16,621.03,621.03,2015.0,39.0,621.057367
QQQ,2026-01-02 09:16:00+00:00,620.91,621.0,620.91,620.98,889.0,26.0,620.972727
QQQ,2026-01-02 09:17:00+00:00,620.96,620.96,620.9,620.94,9304.0,75.0,620.944819
QQQ,2026-01-02 09:18:00+00:00,620.85,620.85,620.81,620.82,1078.0,29.0,620.825274
QQQ,2026-01-02 09:19:00+00:00,620.91,621.0,620.89,620.99,2617.0,41.0,620.9256
QQQ,2026-01-02 09:20:00+00:00,621.04,621.06,620.97,620.97,799.0,19.0,621.021832
QQQ,2026-01-02 09:21:00+00:00,621.0,621.11,620.98,621.11,5850.0,63.0,621.012018
QQQ,2026-01-02 09:22:00+00:00,621.05,621.05,621.0,621.0,683.0,21.0,621.040604
QQQ,2026-01-02 09:23:00+00:00,620.95,620.96,620.94,620.94,1671.0,28.0,620.941552
QQQ,2026-01-02 09:24:00+00:00,620.99,621.0,620.84,620.84,5585.0,87.0,620.974451
QQQ,2026-01-02 09:25:00+00:00,620.91,620.93,620.83,620.88,1928.0,35.0,620.89067
QQQ,2026-01-02 09:26:00+00:00,620.89,620.9,620.89,620.89,472.0,12.0,620.891
QQQ,2026-01-02 09:27:00+00:00,620.92,621.01,620.92,621.01,1310.0,15.0,620.996066
QQQ,2026-01-02 09:28:00+00:00,621.1,621.1,621.01,621.01,2691.0,50.0,621.066864
QQQ,2026-01-02 09:29:00+00:00,621.05,621.18,621.05,621.16,3914.0,65.0,621.138507
QQQ,2026-01-02 09:30:00+00:00,621.19,621.19,621.07,621.12,905.0,29.0,621.132626
QQQ,2026-01-02 09:31:00+00:00,621.03,621.05,620.99,621.03,6444.0,78.0,621.018431
QQQ,2026-01-02 09:32:00+00:00,621.06,621.13,621.06,621.13,955.0,22.0,621.100702
QQQ,2026-01-02 09:33:00+00:00,621.15,621.2,621.13,621.18,4430.0,65.0,621.155421
QQQ,2026-01-02 09:34:00+00:00,621.17,621.19,621.04,621.04,505.0,23.0,621.148862
QQQ,2026-01-02 09:35:00+00:00,621.08,621.1,621.05,621.1,2022.0,47.0,621.057392
QQQ,2026-01-02 09:36:00+00:00,621.14,621.15,621.12,621.12,475.0,17.0,621.137325
QQQ,2026-01-02 09:37:00+00:00,621.14,621.16,621.11,621.11,2128.0,41.0,621.139371
QQQ,2026-01-02 09:38:00+00:00,621.1,621.15,621.1,621.15,597.0,17.0,621.123488
QQQ,2026-01-02 09:39:00+00:00,621.14,621.18,621.14,621.18,228.0,19.0,621.166667
QQQ,2026-01-02 09:40:00+00:00,621.14,621.16,621.12,621.12,838.0,23.0,621.129612
QQQ,2026-01-02 09:41:00+00:00,621.15,621.17,621.12,621.16,2730.0,49.0,621.140341
QQQ,2026-01-02 09:42:00+00:00,621.11,621.13,621.11,621.13,413.0,16.0,621.127647
QQQ,2026-01-02 09:43:00+00:00,621.13,621.15,621.13,621.15,1279.0,35.0,621.146509
QQQ,2026-01-02 09:44:00+00:00,621.16,621.18,621.14,621.14,502.0,28.0,621.161333
QQQ,2026-01-02 09:46:00+00:00,621.18,621.24,621.17,621.18,1874.0,45.0,621.198332
QQQ,2026-01-02 09:47:00+00:00,621.11,621.11,621.0,621.02,1152.0,61.0,621.049209
QQQ,2026-01-02 09:48:00+00:00,621.03,621.03,621.02,621.02,267.0,17.0,621.024658
QQQ,2026-01-02 09:49:00+00:00,621.0,621.02,621.0,621.02,1502.0,36.0,621.005152
QQQ,2026-01-02 09:50:00+00:00,621.04,621.1,621.0,621.0,1885.0,47.0,621.065714
QQQ,2026-01-02 09:51:00+00:00,621.02,621.02,621.0,621.02,935.0,24.0,621.014872
QQQ,2026-01-02 09:52:00+00:00,621.02,621.02,620.94,620.94,2924.0,50.0,620.978069
QQQ,2026-01-02 09:54:00+00:00,621.02,621.14,621.02,621.14,2772.0,25.0,621.047347
QQQ,2026-01-02 09:55:00+00:00,621.15,621.16,621.08,621.08,1707.0,36.0,621.143634
QQQ,2026-01-02 09:56:00+00:00,621.04,621.04,620.96,621.01,873.0,24.0,621.01165
QQQ,2026-01-02 09:57:00+00:00,621.02,621.15,621.02,621.15,1672.0,26.0,621.08624
QQQ,2026-01-02 09:58:00+00:00,621.17,621.25,621.14,621.24,2159.0,37.0,621.20297
QQQ,2026-01-02 09:59:00+00:00,621.27,621.29,621.2,621.2,5009.0,103.0,621.246597
QQQ,2026-01-02 10:00:00+00:00,621.23,621.3,621.23,621.29,2501.0,61.0,621.285221
QQQ,2026-01-02 10:01:00+00:00,621.29,621.29,621.26,621.26,1064.0,37.0,621.272732
QQQ,2026-01-02 10:03:00+00:00,621.17,621.18,621.06,621.13,915.0,24.0,621.103768
QQQ,2026-01-02 10:04:00+00:00,621.14,621.15,621.11,621.13,741.0,15.0,621.139206
QQQ,2026-01-02 10:06:00+00:00,621.14,621.14,621.13,621.13,500.0,30.0,621.13315
QQQ,2026-01-02 10:07:00+00:00,621.11,621.11,621.07,621.07,371.0,13.0,621.084286
QQQ,2026-01-02 10:08:00+00:00,621.02,621.05,621.0,621.02,4290.0,77.0,621.016825
QQQ,2026-01-02 10:09:00+00:00,621.03,621.06,620.99,621.06,707.0,28.0,621.014442
QQQ,2026-01-02 10:10:00+00:00,621.08,621.11,621.08,621.08,1093.0,24.0,621.094828
QQQ,2026-01-02 10:11:00+00:00,621.16,621.22,621.14,621.22,532.0,17.0,621.192182
QQQ,2026-01-02 10:12:00+00:00,621.25,621.28,621.25,621.28,195.0,9.0,621.268462
QQQ,2026-01-02 10:13:00+00:00,621.22,621.22,621.22,621.22,1769.0,36.0,621.22
QQQ,2026-01-02 10:14:00+00:00,621.12,621.12,621.02,621.02,675.0,26.0,621.102814
QQQ,2026-01-02 10:15:00+00:00,621.1,621.1,621.06,621.06,315.0,11.0,621.084444
QQQ,2026-01-02 10:16:00+00:00,621.23,621.25,621.23,621.25,348.0,14.0,621.242774
QQQ,2026-01-02 10:17:00+00:00,621.21,621.23,621.11,621.11,1169.0,33.0,621.182628
QQQ,2026-01-02 10:18:00+00:00,621.12,621.13,621.1,621.12,1253.0,27.0,621.10883
QQQ,2026-01-02 10:19:00+00:00,621.06,621.06,621.06,621.06,1242.0,42.0,621.06
QQQ,2026-01-02 10:20:00+00:00,621.07,621.12,621.04,621.04,4708.0,131.0,621.060957
QQQ,2026-01-02 10:21:00+00:00,620.99,620.99,620.99,620.99,146.0,14.0,620.99
QQQ,2026-01-02 10:22:00+00:00,620.91,620.92,620.86,620.87,2273.0,64.0,620.877349
QQQ,2026-01-02 10:23:00+00:00,620.8,620.81,620.76,620.76,1698.0,43.0,620.801628
QQQ,2026-01-02 10:24:00+00:00,620.77,620.86,620.77,620.82,2085.0,50.0,620.813306
QQQ,2026-01-02 10:25:00+00:00,620.77,620.77,620.77,620.77,179.0,16.0,620.77
QQQ,2026-01-02 10:26:00+00:00,620.71,620.75,620.71,620.72,1048.0,24.0,620.72817
QQQ,2026-01-02 10:27:00+00:00,620.79,620.89,620.79,620.85,1475.0,31.0,620.835823
QQQ,2026-01-02 10:28:00+00:00,620.83,620.83,620.83,620.83,403.0,8.0,620.83
QQQ,2026-01-02 10:29:00+00:00,620.83,620.83,620.8,620.8,217.0,8.0,620.815
QQQ,2026-01-02 10:30:00+00:00,620.83,620.85,620.83,620.83,490.0,12.0,620.842283
QQQ,2026-01-02 10:31:00+00:00,620.78,620.78,620.74,620.74,604.0,19.0,620.756818
QQQ,2026-01-02 10:32:00+00:00,620.73,620.73,620.7,620.71,1705.0,42.0,620.714063
QQQ,2026-01-02 10:33:00+00:00,620.74,620.74,620.68,620.68,394.0,28.0,620.695789
QQQ,2026-01-02 10:34:00+00:00,620.65,620.65,620.6,620.64,2178.0,54.0,620.629324
QQQ,2026-01-02 10:35:00+00:00,620.65,620.71,620.65,620.7,9505.0,135.0,620.694406
QQQ,2026-01-02 10:36:00+00:00,620.7,620.78,620.7,620.76,11528.0,62.0,620.732233
QQQ,2026-01-02 10:37:00+00:00,620.72,620.78,620.72,620.78,773.0,17.0,620.740126
QQQ,2026-01-02 10:38:00+00:00,620.8,620.81,620.8,620.81,1489.0,17.0,620.800299
QQQ,2026-01-02 10:39:00+00:00,620.79,620.79,620.79,620.79,104.0,11.0,620.79
QQQ,2026-01-02 10:40:00+00:00,620.8,620.8,620.8,620.8,521.0,9.0,620.8
QQQ,2026-01-02 10:41:00+00:00,620.85,620.89,620.85,620.89,601.0,15.0,620.879278
QQQ,2026-01-02 10:42:00+00:00,620.89,620.9,620.89,620.89,1572.0,47.0,620.894122
QQQ,2026-01-02 10:43:00+00:00,620.9,621.0,620.89,621.0,7854.0,89.0,620.948706
QQQ,2026-01-02 10:44:00+00:00,620.98,620.98,620.94,620.94,1023.0,19.0,620.964894
QQQ,2026-01-02 10:45:00+00:00,620.98,621.1,620.98,621.09,2846.0,36.0,621.057246
QQQ,2026-01-02 10:46:00+00:00,621.07,621.17,621.05,621.17,472.0,18.0,621.112416
QQQ,2026-01-02 10:47:00+00:00,621.14,621.2,621.13,621.2,3897.0,60.0,621.181393
QQQ,2026-01-02 10:48:00+00:00,621.2,621.28,621.2,621.26,9359.0,117.0,621.226332
QQQ,2026-01-02 10:49:00+00:00,621.28,621.28,621.25,621.25,1492.0,38.0,621.255744
QQQ,2026-01-02 10:50:00+00:00,621.25,621.28,621.25,621.28,333.0,14.0,621.264713
QQQ,2026-01-02 10:51:00+00:00,621.21,621.21,621.21,621.21,172.0,15.0,621.21
QQQ,2026-01-02 10:52:00+00:00,621.18,621.18,621.17,621.17,552.0,14.0,621.172353
QQQ,2026-01-02 10:53:00+00:00,621.19,621.2,621.19,621.19,1119.0,21.0,621.192388
QQQ,2026-01-02 10:54:00+00:00,621.19,621.21,621.19,621.21,911.0,37.0,621.19548
QQQ,2026-01-02 10:55:00+00:00,621.21,621.21,621.21,621.21,469.0,12.0,621.21
QQQ,2026-01-02 10:56:00+00:00,621.21,621.21,621.16,621.16,477.0,18.0,621.190392
QQQ,2026-01-02 10:57:00+00:00,621.21,621.21,621.12,621.16,4506.0,52.0,621.128582
QQQ,2026-01-02 10:58:00+00:00,621.13,621.13,621.12,621.12,618.0,21.0,621.123478
QQQ,2026-01-02 10:59:00+00:00,621.14,621.15,621.09,621.14,5992.0,104.0,621.126241
QQQ,2026-01-02 11:00:00+00:00,621.14,621.21,621.14,621.21,1426.0,39.0,621.150248
QQQ,2026-01-02 11:01:00+00:00,621.18,621.21,621.18,621.21,484.0,20.0,621.185
QQQ,2026-01-02 11:02:00+00:00,621.24,621.41,621.24,621.4,2288.0,70.0,621.33004
QQQ,2026-01-02 11:03:00+00:00,621.38,621.38,621.36,621.36,307.0,13.0,621.372417
QQQ,2026-01-02 11:04:00+00:00,621.3,621.33,621.3,621.32,1182.0,31.0,621.319876
QQQ,2026-01-02 11:05:00+00:00,621.32,621.32,621.28,621.3,2061.0,42.0,621.290599
QQQ,2026-01-02 11:06:00+00:00,621.28,621.3,621.2,621.3,3764.0,54.0,621.240119
QQQ,2026-01-02 11:07:00+00:00,621.3,621.31,621.25,621.25,1045.0,22.0,621.280114
QQQ,2026-01-02 11:08:00+00:00,621.29,621.3,621.29,621.3,350.0,14.0,621.292571
QQQ,2026-01-02 11:09:00+00:00,621.24,621.24,621.17,621.18,768.0,26.0,621.184894
QQQ,2026-01-02 11:10:00+00:00,621.21,621.21,621.21,621.21,361.0,12.0,621.21
QQQ,2026-01-02 11:11:00+00:00,621.27,621.28,621.2,621.2,890.0,24.0,621.22364
QQQ,2026-01-02 11:12:00+00:00,621.25,621.29,621.25,621.27,1482.0,38.0,621.265833
QQQ,2026-01-02 11:13:00+00:00,621.23,621.23,621.23,621.23,71.0,7.0,621.23
QQQ,2026-01-02 11:14:00+00:00,621.26,621.26,621.25,621.26,746.0,23.0,621.257729
QQQ,2026-01-02 11:15:00+00:00,621.27,621.28,621.27,621.28,676.0,23.0,621.278245
QQQ,2026-01-02 11:16:00+00:00,621.24,621.24,621.18,621.19,2037.0,51.0,621.183616
QQQ,2026-01-02 11:17:00+00:00,621.14,621.14,621.12,621.12,974.0,46.0,621.124672
QQQ,2026-01-02 11:18:00+00:00,621.13,621.13,621.12,621.12,1635.0,58.0,621.124339
QQQ,2026-01-02 11:19:00+00:00,621.0,621.05,620.99,620.99,5573.0,90.0,621.03273
QQQ,2026-01-02 11:20:00+00:00,620.96,620.99,620.94,620.96,1600.0,38.0,620.967202
QQQ,2026-01-02 11:21:00+00:00,620.99,621.01,620.99,621.0,1081.0,22.0,621.001842
QQQ,2026-01-02 11:22:00+00:00,621.01,621.04,620.95,620.95,6175.0,86.0,621.014602
QQQ,2026-01-02 11:23:00+00:00,621.02,621.03,620.98,620.98,3419.0,52.0,620.995361
QQQ,2026-01-02 11:24:00+00:00,620.94,620.97,620.92,620.92,3188.0,68.0,620.951602
QQQ,2026-01-02 11:25:00+00:00,620.95,620.97,620.85,620.85,1609.0,48.0,620.949913
QQQ,2026-01-02 11:26:00+00:00,620.9,620.94,620.9,620.9,801.0,24.0,620.921296
QQQ,2026-01-02 11:27:00+00:00,620.85,620.85,620.8,620.8,937.0,37.0,620.827302
QQQ,2026-01-02 11:28:00+00:00,620.81,620.81,620.79,620.79,944.0,25.0,620.802215
QQQ,2026-01-02 11:29:00+00:00,620.78,620.81,620.78,620.81,368.0,23.0,620.792022
QQQ,2026-01-02 11:30:00+00:00,620.87,620.93,620.87,620.93,1728.0,38.0,620.913249
QQQ,2026-01-02 11:31:00+00:00,620.93,620.98,620.93,620.98,1648.0,33.0,620.960531
QQQ,2026-01-02 11:32:00+00:00,620.96,620.97,620.91,620.91,1130.0,33.0,620.932271
QQQ,2026-01-02 11:33:00+00:00,620.9,620.91,620.9,620.91,1469.0,39.0,620.902876
QQQ,2026-01-02 11:34:00+00:00,620.9,620.96,620.89,620.96,1011.0,19.0,620.909059
QQQ,2026-01-02 11:35:00+00:00,621.0,621.06,621.0,621.01,1092.0,35.0,621.03611
QQQ,2026-01-02 11:36:00+00:00,621.02,621.02,621.02,621.02,154.0,16.0,621.02
QQQ,2026-01-02 11:37:00+00:00,621.02,621.02,621.02,621.02,117.0,10.0,621.02
QQQ,2026-01-02 11:38:00+00:00,620.98,620.98,620.98,620.98,140.0,15.0,620.98
QQQ,2026-01-02 11:40:00+00:00,620.99,620.99,620.96,620.96,201.0,11.0,620.971009
QQQ,2026-01-02 11:41:00+00:00,620.97,621.03,620.97,621.03,507.0,17.0,621.008767
QQQ,2026-01-02 11:42:00+00:00,621.05,621.05,621.05,621.05,462.0,11.0,621.05
QQQ,2026-01-02 11:43:00+00:00,621.09,621.12,621.07,621.11,2051.0,46.0,621.10126
QQQ,2026-01-02 11:44:00+00:00,621.11,621.11,621.06,621.1,490.0,16.0,621.082857
QQQ,2026-01-02 11:45:00+00:00,621.06,621.07,621.05,621.05,682.0,21.0,621.063584
QQQ,2026-01-02 11:46:00+00:00,621.05,621.11,621.05,621.11,1446.0,24.0,621.071445
QQQ,2026-01-02 11:47:00+00:00,621.09,621.1,621.09,621.1,244.0,7.0,621.098049
QQQ,2026-01-02 11:49:00+00:00,621.11,621.11,621.08,621.08,146.0,7.0,621.099565
QQQ,2026-01-02 11:50:00+00:00,621.12,621.12,621.05,621.06,1046.0,32.0,621.103034
QQQ,2026-01-02 11:52:00+00:00,621.05,621.08,621.05,621.08,4241.0,62.0,621.070061
QQQ,2026-01-02 11:53:00+00:00,621.07,621.07,621.06,621.06,305.0,8.0,621.063333
QQQ,2026-01-02 11:54:00+00:00,621.07,621.07,620.99,620.99,1543.0,36.0,621.009735
QQQ,2026-01-02 11:55:00+00:00,620.96,620.96,620.86,620.89,1160.0,47.0,620.909052
QQQ,2026-01-02 11:56:00+00:00,620.85,620.91,620.85,620.89,3189.0,68.0,620.894118
QQQ,2026-01-02 11:57:00+00:00,620.9,620.94,620.9,620.94,3567.0,70.0,620.909622
QQQ,2026-01-02 11:58:00+00:00,620.94,621.01,620.94,621.01,1496.0,50.0,620.945645
QQQ,2026-01-02 11:59:00+00:00,621.04,621.1,621.04,621.06,522.0,17.0,621.063457
QQQ,2026-01-02 12:00:00+00:00,621.05,621.05,620.85,620.9,14427.0,296.0,620.943477
QQQ,2026-01-02 12:01:00+00:00,620.92,620.92,620.69,620.7,3123.0,58.0,620.816599
QQQ,2026-01-02 12:02:00+00:00,620.661,620.7,620.44,620.45,15799.0,196.0,620.603019
QQQ,2026-01-02 12:03:00+00:00,620.44,620.531,620.42,620.531,5449.0,75.0,620.459612
QQQ,2026-01-02 12:04:00+00:00,620.56,620.56,620.37,620.46,4732.0,102.0,620.444999
QQQ,2026-01-02 12:05:00+00:00,620.461,620.52,620.44,620.5,4553.0,59.0,620.474433
QQQ,2026-01-02 12:06:00+00:00,620.49,620.51,620.49,620.5,964.0,29.0,620.49375
QQQ,2026-01-02 12:07:00+00:00,620.48,620.5,620.4,620.4,6911.0,56.0,620.484251
QQQ,2026-01-02 12:08:00+00:00,620.39,620.43,620.361,620.361,2311.0,30.0,620.393529
QQQ,2026-01-02 12:09:00+00:00,620.38,620.39,620.22,620.22,4149.0,61.0,620.304791
QQQ,2026-01-02 12:10:00+00:00,620.21,620.24,620.14,620.2,4443.0,76.0,620.187424
QQQ,2026-01-02 12:11:00+00:00,620.15,620.15,620.04,620.09,1222.0,37.0,620.092655
QQQ,2026-01-02 12:12:00+00:00,620.04,620.1,619.93,620.1,5512.0,157.0,620.002295
QQQ,2026-01-02 12:13:00+00:00,620.1,620.26,620.1,620.17,2411.0,49.0,620.160626
QQQ,2026-01-02 12:14:00+00:00,620.17,620.2,620.07,620.2,2582.0,54.0,620.150768
QQQ,2026-01-02 12:15:00+00:00,620.18,620.4,620.18,620.4,2187.0,60.0,620.292449
QQQ,2026-01-02 12:16:00+00:00,620.41,620.41,620.35,620.41,1925.0,37.0,620.398814
QQQ,2026-01-02 12:17:00+00:00,620.38,620.38,620.33,620.33,630.0,23.0,620.362376
QQQ,2026-01-02 12:18:00+00:00,620.29,620.29,620.26,620.27,774.0,23.0,620.273607
QQQ,2026-01-02 12:19:00+00:00,620.31,620.351,620.31,620.351,1044.0,12.0,620.346854
QQQ,2026-01-02 12:20:00+00:00,620.34,620.35,620.34,620.35,811.0,30.0,620.345341
QQQ,2026-01-02 12:21:00+00:00,620.33,620.34,620.261,620.261,4559.0,64.0,620.307445
QQQ,2026-01-02 12:22:00+00:00,620.28,620.3,620.18,620.3,2421.0,43.0,620.24846
QQQ,2026-01-02 12:23:00+00:00,620.27,620.28,620.19,620.19,2000.0,46.0,620.261851
QQQ,2026-01-02 12:24:00+00:00,620.21,620.21,620.12,620.12,487.0,21.0,620.184545
QQQ,2026-01-02 12:25:00+00:00,620.16,620.24,620.16,620.22,2878.0,72.0,620.212476
QQQ,2026-01-02 12:26:00+00:00,620.22,620.22,620.15,620.19,3800.0,66.0,620.194093
QQQ,2026-01-02 12:27:00+00:00,620.17,620.25,620.17,620.25,1787.0,20.0,620.20747
QQQ,2026-01-02 12:29:00+00:00,620.23,620.33,620.22,620.32,2239.0,48.0,620.294173
QQQ,2026-01-02 12:30:00+00:00,620.27,620.42,620.27,620.42,6719.0,120.0,620.350933
QQQ,2026-01-02 12:31:00+00:00,620.389,620.48,620.389,620.46,3705.0,71.0,620.437544
QQQ,2026-01-02 12:32:00+00:00,620.49,620.49,620.4,620.43,3151.0,65.0,620.434848
QQQ,2026-01-02 12:33:00+00:00,620.39,620.42,620.36,620.39,936.0,40.0,620.393805
QQQ,2026-01-02 12:34:00+00:00,620.36,620.36,620.36,620.36,150.0,18.0,620.36
QQQ,2026-01-02 12:35:00+00:00,620.25,620.25,620.2,620.22,5869.0,88.0,620.232747
QQQ,2026-01-02 12:36:00+00:00,620.25,620.25,620.15,620.2,2252.0,65.0,620.205214
QQQ,2026-01-02 12:37:00+00:00,620.19,620.191,620.19,620.191,340.0,21.0,620.190667
QQQ,2026-01-02 12:38:00+00:00,620.16,620.25,620.15,620.25,889.0,42.0,620.185274
QQQ,2026-01-02 12:39:00+00:00,620.22,620.26,620.14,620.26,2735.0,80.0,620.206523
QQQ,2026-01-02 12:40:00+00:00,620.21,620.21,620.15,620.15,760.0,38.0,620.177873
QQQ,2026-01-02 12:41:00+00:00,620.21,620.24,620.21,620.24,406.0,28.0,620.222353
QQQ,2026-01-02 12:42:00+00:00,620.3,620.4,620.24,620.4,1608.0,76.0,620.331402
QQQ,2026-01-02 12:43:00+00:00,620.45,620.52,620.45,620.52,6111.0,107.0,620.489915
QQQ,2026-01-02 12:44:00+00:00,620.47,620.47,620.42,620.45,1004.0,43.0,620.451773
QQQ,2026-01-02 12:45:00+00:00,620.49,620.52,620.46,620.499,1069.0,45.0,620.493781
QQQ,2026-01-02 12:46:00+00:00,620.48,620.48,620.47,620.47,828.0,37.0,620.478333
QQQ,2026-01-02 12:47:00+00:00,620.44,620.45,620.43,620.45,1951.0,66.0,620.437486
QQQ,2026-01-02 12:48:00+00:00,620.41,620.41,620.38,620.38,576.0,30.0,620.399111
QQQ,2026-01-02 12:49:00+00:00,620.38,620.39,620.38,620.38,878.0,31.0,620.380835
QQQ,2026-01-02 12:50:00+00:00,620.4,620.4,620.4,620.4,992.0,40.0,620.4
QQQ,2026-01-02 12:51:00+00:00,620.38,620.38,620.34,620.34,481.0,41.0,620.36
QQQ,2026-01-02 12:52:00+00:00,620.41,620.46,620.4,620.42,4243.0,96.0,620.437445
QQQ,2026-01-02 12:53:00+00:00,620.3,620.3,620.3,620.3,254.0,34.0,620.3
QQQ,2026-01-02 12:54:00+00:00,620.3,620.4,620.3,620.38,13349.0,246.0,620.359329
QQQ,2026-01-02 12:55:00+00:00,620.38,620.43,620.37,620.43,10647.0,101.0,620.381026
QQQ,2026-01-02 12:56:00+00:00,620.44,620.471,620.36,620.36,827.0,36.0,620.442946
QQQ,2026-01-02 12:57:00+00:00,620.35,620.36,620.3,620.35,14194.0,145.0,620.339965
QQQ,2026-01-02 12:58:00+00:00,620.35,620.48,620.35,620.45,3049.0,69.0,620.429085
QQQ,2026-01-02 12:59:00+00:00,620.45,620.48,620.45,620.48,839.0,29.0,620.460606
QQQ,2026-01-02 13:00:00+00:00,620.85,621.32,618.31,620.47,186677.0,4579.0,620.070113
QQQ,2026-01-02 13:01:00+00:00,620.11,620.51,618.44,620.4904,10054.0,509.0,619.657814
QQQ,2026-01-02 13:02:00+00:00,620.6,621.23,618.95,620.4,7270.0,249.0,620.685556
QQQ,2026-01-02 13:03:00+00:00,620.3524,620.39,620.34,620.36,1708.0,55.0,620.373516
QQQ,2026-01-02 13:04:00+00:00,620.3652,620.3652,620.33,620.34,1151.0,54.0,620.347568
QQQ,2026-01-02 13:05:00+00:00,620.37,620.42,620.36,620.42,3045.0,57.0,620.375878
QQQ,2026-01-02 13:06:00+00:00,620.431,620.44,620.43,620.43,728.0,27.0,620.435395
QQQ,2026-01-02 13:07:00+00:00,620.4,620.56,620.38,620.52,5934.0,130.0,620.491907
QQQ,2026-01-02 13:08:00+00:00,620.5,620.54,620.47,620.47,3932.0,77.0,620.513384
QQQ,2026-01-02 13:09:00+00:00,620.4,620.4168,620.33,620.36,1472.0,75.0,620.367161
QQQ,2026-01-02 13:10:00+00:00,620.39,620.39,620.35,620.35,548.0,40.0,620.366038
QQQ,2026-01-02 13:11:00+00:00,620.38,620.4,620.37,620.39,1264.0,51.0,620.384571
QQQ,2026-01-02 13:12:00+00:00,620.38,620.3888,620.33,620.35,2715.0,55.0,620.373444
QQQ,2026-01-02 13:13:00+00:00,620.36,620.4501,620.36,620.45,1673.0,55.0,620.430796
QQQ,2026-01-02 13:14:00+00:00,620.4598,620.54,620.4598,620.48,3556.0,67.0,620.507499
QQQ,2026-01-02 13:15:00+00:00,620.45,620.45,620.35,620.35,967.0,52.0,620.393267
QQQ,2026-01-02 13:16:00+00:00,620.35,620.38,620.34,620.38,1364.0,63.0,620.3578
QQQ,2026-01-02 13:17:00+00:00,620.38,620.5,620.38,620.49,2980.0,57.0,620.423457
QQQ,2026-01-02 13:18:00+00:00,620.51,620.58,620.51,620.5102,3553.0,78.0,620.536721
QQQ,2026-01-02 13:19:00+00:00,620.5194,620.5194,620.4504,620.49,1464.0,52.0,620.478782
QQQ,2026-01-02 13:20:00+00:00,620.49,620.57,620.48,620.49,5181.0,127.0,620.514972
QQQ,2026-01-02 13:21:00+00:00,620.49,620.49,620.4,620.41,9066.0,204.0,620.419028
QQQ,2026-01-02 13:22:00+00:00,620.41,620.47,620.41,620.41,8125.0,154.0,620.432202
QQQ,2026-01-02 13:23:00+00:00,620.39,620.43,620.37,620.37,1505.0,51.0,620.403901
QQQ,2026-01-02 13:24:00+00:00,620.35,620.35,620.23,620.26,4204.0,132.0,620.290812
QQQ,2026-01-02 13:25:00+00:00,620.29,620.29,620.1864,620.25,4375.0,119.0,620.241261
QQQ,2026-01-02 13:26:00+00:00,620.29,620.31,620.2639,620.31,1140.0,48.0,620.294413
QQQ,2026-01-02 13:27:00+00:00,620.3,620.36,620.3,620.3,3023.0,75.0,620.31419
QQQ,2026-01-02 13:28:00+00:00,620.31,620.31,620.13,620.22,2990.0,111.0,620.218403
QQQ,2026-01-02 13:29:00+00:00,620.2201,620.36,620.2201,620.32,4659.0,83.0,620.316429
QQQ,2026-01-02 13:30:00+00:00,620.32,620.35,620.29,620.33,11401.0,138.0,620.304146
QQQ,2026-01-02 13:31:00+00:00,620.35,620.36,620.29,620.32,4686.0,73.0,620.318775
QQQ,2026-01-02 13:32:00+00:00,620.37,620.43,620.14,620.1401,15081.0,128.0,620.380612
QQQ,2026-01-02 13:33:00+00:00,620.14,620.29,620.14,620.29,3046.0,69.0,620.167758
QQQ,2026-01-02 13:34:00+00:00,620.28,620.3,620.25,620.25,8920.0,89.0,620.278616
QQQ,2026-01-02 13:35:00+00:00,620.26,620.37,620.26,620.32,5516.0,90.0,620.325834
QQQ,2026-01-02 13:36:00+00:00,620.31,620.37,620.31,620.36,607.0,32.0,620.353529
QQQ,2026-01-02 13:37:00+00:00,620.35,620.46,620.34,620.37,5115.0,108.0,620.386648
QQQ,2026-01-02 13:38:00+00:00,620.4,620.43,620.25,620.26,1879.0,73.0,620.344016
QQQ,2026-01-02 13:39:00+00:00,620.22,620.22,620.2,620.2,1735.0,73.0,620.201101
QQQ,2026-01-02 13:40:00+00:00,620.21,620.23,620.1499,620.18,4729.0,103.0,620.182005
QQQ,2026-01-02 13:41:00+00:00,620.1915,620.2599,620.1915,620.2599,419.0,29.0,620.230448
QQQ,2026-01-02 13:42:00+00:00,620.27,620.3401,620.261,620.31,4595.0,62.0,620.328825
QQQ,2026-01-02 13:43:00+00:00,620.29,620.39,620.29,620.32,2822.0,85.0,620.345142
QQQ,2026-01-02 13:44:00+00:00,620.31,620.31,620.24,620.24,1223.0,49.0,620.280985
QQQ,2026-01-02 13:45:00+00:00,620.25,620.32,620.25,620.31,1582.0,41.0,620.263177
QQQ,2026-01-02 13:46:00+00:00,620.33,620.37,620.3017,620.32,837.0,38.0,620.3425
QQQ,2026-01-02 13:47:00+00:00,620.29,620.4199,620.25,620.4,4522.0,134.0,620.36515
QQQ,2026-01-02 13:48:00+00:00,620.37,620.42,620.19,620.19,2613.0,79.0,620.365069
QQQ,2026-01-02 13:49:00+00:00,620.17,620.28,620.17,620.23,2412.0,55.0,620.225645
QQQ,2026-01-02 13:50:00+00:00,620.15,620.21,620.06,620.0801,8865.0,188.0,620.119001
QQQ,2026-01-02 13:51:00+00:00,620.06,620.15,620.03,620.0791,2077.0,91.0,620.100352
QQQ,2026-01-02 13:52:00+00:00,620.05,620.07,620.03,620.0348,1673.0,50.0,620.048412
QQQ,2026-01-02 13:53:00+00:00,620.05,620.07,620.02,620.03,4290.0,87.0,620.056137
QQQ,2026-01-02 13:54:00+00:00,620.02,620.06,619.96,620.03,7429.0,175.0,620.006325
QQQ,2026-01-02 13:55:00+00:00,620.01,620.01,619.92,619.9532,3872.0,95.0,619.9747
QQQ,2026-01-02 13:56:00+00:00,619.97,620.11,619.97,620.05,3119.0,85.0,620.060449
QQQ,2026-01-02 13:57:00+00:00,620.0532,620.11,619.98,619.98,2729.0,60.0,620.050856
QQQ,2026-01-02 13:58:00+00:00,619.99,620.27,619.99,620.27,3780.0,98.0,620.182992
QQQ,2026-01-02 13:59:00+00:00,620.28,620.42,620.21,620.2398,16093.0,234.0,620.301279
QQQ,2026-01-02 14:00:00+00:00,620.19,620.32,620.15,620.27,3288.0,70.0,620.240406
QQQ,2026-01-02 14:01:00+00:00,620.29,620.29,620.13,620.15,6181.0,107.0,620.191403
QQQ,2026-01-02 14:02:00+00:00,620.15,620.31,620.15,620.17,5674.0,103.0,620.187182
QQQ,2026-01-02 14:03:00+00:00,620.18,620.46,620.18,620.45,4616.0,110.0,620.370015
QQQ,2026-01-02 14:04:00+00:00,620.44,620.55,620.39,620.51,7879.0,205.0,620.473827
QQQ,2026-01-02 14:05:00+00:00,620.51,620.54,620.43,620.43,17914.0,252.0,620.469445
QQQ,2026-01-02 14:06:00+00:00,620.43,620.44,620.32,620.34,6293.0,140.0,620.404673
QQQ,2026-01-02 14:07:00+00:00,620.3108,620.35,620.19,620.19,6059.0,125.0,620.279193
QQQ,2026-01-02 14:08:00+00:00,620.23,620.261,620.1,620.25,6090.0,121.0,620.189393
QQQ,2026-01-02 14:09:00+00:00,620.29,620.36,620.23,620.23,3043.0,98.0,620.310365
QQQ,2026-01-02 14:10:00+00:00,620.25,620.28,620.18,620.2,1335.0,72.0,620.226157
QQQ,2026-01-02 14:11:00+00:00,620.1798,620.1798,620.05,620.05,5250.0,162.0,620.094201
QQQ,2026-01-02 14:12:00+00:00,620.05,620.06,619.96,620.02,5278.0,139.0,620.008832
QQQ,2026-01-02 14:13:00+00:00,620.0,620.0,619.77,619.82,11857.0,216.0,619.839075
QQQ,2026-01-02 14:14:00+00:00,619.83,619.88,619.79,619.79,5100.0,117.0,619.83436
QQQ,2026-01-02 14:15:00+00:00,619.78,619.81,619.68,619.78,5229.0,136.0,619.772665
QQQ,2026-01-02 14:16:00+00:00,619.77,619.86,619.77,619.81,6150.0,147.0,619.808704
QQQ,2026-01-02 14:17:00+00:00,619.81,619.95,619.78,619.84,2943.0,103.0,619.849526
QQQ,2026-01-02 14:18:00+00:00,619.86,619.88,619.8,619.82,3282.0,102.0,619.830932
QQQ,2026-01-02 14:19:00+00:00,619.78,619.78,619.65,619.69,7252.0,198.0,619.732802
QQQ,2026-01-02 14:20:00+00:00,619.67,619.7,619.6,619.61,7409.0,185.0,619.652282
QQQ,2026-01-02 14:21:00+00:00,619.6,619.69,619.5699,619.68,12894.0,266.0,619.626171
QQQ,2026-01-02 14:22:00+00:00,619.6697,619.6697,619.52,619.54,5927.0,152.0,619.583765
QQQ,2026-01-02 14:23:00+00:00,619.63,619.78,619.63,619.78,8223.0,173.0,619.707379
QQQ,2026-01-02 14:24:00+00:00,619.81,619.92,619.8,619.87,5115.0,142.0,619.880534
QQQ,2026-01-02 14:25:00+00:00,619.87,619.87,619.72,619.82,7837.0,195.0,619.785283
QQQ,2026-01-02 14:26:00+00:00,619.81,620.03,619.79,620.02,2748.0,115.0,619.896758
QQQ,2026-01-02 14:27:00+00:00,620.1,620.24,620.1,620.2001,12075.0,178.0,620.178391
QQQ,2026-01-02 14:28:00+00:00,620.2,620.31,620.01,620.06,18703.0,294.0,620.154585
QQQ,2026-01-02 14:29:00+00:00,620.1,620.21,620.01,620.06,11327.0,103.0,620.10528
QQQ,2026-01-02 14:30:00+00:00,620.09,621.048,619.85,620.89,847378.0,17331.0,620.486665
QQQ,2026-01-02 14:31:00+00:00,620.88,621.18,620.52,620.66,554959.0,5980.0,620.962019
QQQ,2026-01-02 14:32:00+00:00,620.67,620.8,619.43,619.68,313299.0,4690.0,620.090167
QQQ,2026-01-02 14:33:00+00:00,619.7,619.83,619.305,619.38,216945.0,4721.0,619.571834
QQQ,2026-01-02 14:34:00+00:00,619.38,620.15,619.37,619.9,273501.0,5296.0,619.828192
QQQ,2026-01-02 14:35:00+00:00,619.9,620.01,619.27,619.34,381675.0,6931.0,619.553699
QQQ,2026-01-02 14:36:00+00:00,619.35,620.33,619.22,620.33,219085.0,3885.0,619.708786
QQQ,2026-01-02 14:37:00+00:00,620.34,620.49,619.63,620.19,314808.0,4468.0,620.117123
QQQ,2026-01-02 14:38:00+00:00,620.21,620.34,619.9,620.01,244795.0,4292.0,620.172325
QQQ,2026-01-02 14:39:00+00:00,620.01,620.04,619.24,619.25,333052.0,6156.0,619.582285
QQQ,2026-01-02 14:40:00+00:00,619.25,619.5,619.06,619.09,352411.0,5869.0,619.258037
QQQ,2026-01-02 14:41:00+00:00,619.09,619.64,618.9,619.49,282937.0,4241.0,619.258338
QQQ,2026-01-02 14:42:00+00:00,619.5,619.66,619.26,619.59,146723.0,3009.0,619.452543
QQQ,2026-01-02 14:43:00+00:00,619.54,620.23,619.46,619.9797,191198.0,3618.0,619.960426
QQQ,2026-01-02 14:44:00+00:00,619.99,620.33,619.91,620.1799,122299.0,2976.0,620.143356
QQQ,2026-01-02 14:45:00+00:00,620.17,620.63,620.15,620.36,345953.0,4849.0,620.391919
QQQ,2026-01-02 14:46:00+00:00,620.37,620.58,620.21,620.42,204228.0,3913.0,620.435313
QQQ,2026-01-02 14:47:00+00:00,620.43,621.84,620.36,621.79,507240.0,7792.0,621.3825
QQQ,2026-01-02 14:48:00+00:00,621.78,622.19,621.73,621.9,446259.0,7011.0,622.012166
QQQ,2026-01-02 14:49:00+00:00,621.95,622.07,621.485,621.7,266759.0,5341.0,621.803464
QQQ,2026-01-02 14:50:00+00:00,621.72,622.85,621.72,622.59,373295.0,6689.0,622.342349
QQQ,2026-01-02 14:51:00+00:00,622.6,622.665,622.05,622.17,204717.0,4027.0,622.327583
QQQ,2026-01-02 14:52:00+00:00,622.16,622.16,621.63,621.63,149802.0,3434.0,621.888245
QQQ,2026-01-02 14:53:00+00:00,621.6302,621.725,621.12,621.4101,207784.0,4189.0,621.403979
QQQ,2026-01-02 14:54:00+00:00,621.42,621.77,621.21,621.44,178003.0,3732.0,621.537452
QQQ,2026-01-02 14:55:00+00:00,621.44,621.63,621.2899,621.35,164567.0,3808.0,621.486348
QQQ,2026-01-02 14:56:00+00:00,621.32,621.72,621.19,621.66,135151.0,3137.0,621.510309
QQQ,2026-01-02 14:57:00+00:00,621.66,621.68,621.11,621.32,129840.0,3146.0,621.326253
QQQ,2026-01-02 14:58:00+00:00,621.32,621.49,621.1,621.4,116838.0,2851.0,621.295452
QQQ,2026-01-02 14:59:00+00:00,621.42,621.52,621.06,621.19,84040.0,2257.0,621.337052
QQQ,2026-01-02 15:00:00+00:00,621.18,621.97,621.18,621.94,246880.0,4613.0,621.673528
QQQ,2026-01-02 15:01:00+00:00,621.95,622.27,621.89,621.95,278160.0,5412.0,622.113733
QQQ,2026-01-02 15:02:00+00:00,621.95,622.12,621.6,622.05,227028.0,4232.0,621.909702
QQQ,2026-01-02 15:03:00+00:00,622.05,622.17,621.75,621.86,147912.0,3582.0,621.969655
QQQ,2026-01-02 15:04:00+00:00,621.85,621.87,621.14,621.3,137511.0,3152.0,621.447896
QQQ,2026-01-02 15:05:00+00:00,621.29,621.35,620.96,621.17,144395.0,3256.0,621.105972
QQQ,2026-01-02 15:06:00+00:00,621.16,621.31,620.85,621.305,147663.0,3196.0,621.105761
QQQ,2026-01-02 15:07:00+00:00,621.31,621.32,620.55,620.55,157493.0,3131.0,620.937447
QQQ,2026-01-02 15:08:00+00:00,620.56,620.69,620.34,620.58,183798.0,3479.0,620.541628
QQQ,2026-01-02 15:09:00+00:00,620.58,620.58,620.26,620.35,127906.0,2893.0,620.432985
QQQ,2026-01-02 15:10:00+00:00,620.35,620.53,619.88,619.98,189906.0,3704.0,620.126223
QQQ,2026-01-02 15:11:00+00:00,619.96,620.1,619.27,619.34,301220.0,5316.0,619.525938
QQQ,2026-01-02 15:12:00+00:00,619.34,619.58,618.47,618.65,319803.0,6026.0,619.154893
QQQ,2026-01-02 15:13:00+00:00,618.62,618.85,618.45,618.56,274111.0,4301.0,618.675753
QQQ,2026-01-02 15:14:00+00:00,618.58,618.63,617.84,618.07,326027.0,5805.0,618.118173
QQQ,2026-01-02 15:15:00+00:00,618.085,618.085,617.5701,617.67,367072.0,6574.0,617.80797
QQQ,2026-01-02 15:16:00+00:00,617.665,617.98,617.23,617.85,290047.0,5299.0,617.562991
QQQ,2026-01-02 15:17:00+00:00,617.86,618.14,617.01,617.16,307533.0,5753.0,617.678808
QQQ,2026-01-02 15:18:00+00:00,617.16,617.41,616.9,617.12,305534.0,5968.0,617.17612
QQQ,2026-01-02 15:19:00+00:00,617.13,617.46,616.83,617.4599,187666.0,4476.0,617.068006
QQQ,2026-01-02 15:20:00+00:00,617.47,617.51,616.33,616.58,317418.0,6707.0,616.705519
QQQ,2026-01-02 15:21:00+00:00,616.55,616.57,616.115,616.17,282851.0,6060.0,616.312849
QQQ,2026-01-02 15:22:00+00:00,616.16,616.2,615.28,615.3,465617.0,8501.0,615.636835
QQQ,2026-01-02 15:23:00+00:00,615.29,615.84,615.18,615.42,439410.0,8079.0,615.474061
QQQ,2026-01-02 15:24:00+00:00,615.4,615.558,615.12,615.275,288054.0,5778.0,615.310496
QQQ,2026-01-02 15:25:00+00:00,615.27,615.46,614.61,614.97,385110.0,8277.0,614.960235
QQQ,2026-01-02 15:26:00+00:00,614.97,615.71,614.84,615.625,379962.0,7635.0,615.380247
QQQ,2026-01-02 15:27:00+00:00,615.615,615.835,614.99,615.21,266331.0,5880.0,615.33722
QQQ,2026-01-02 15:28:00+00:00,615.2,615.2,614.89,614.9856,205812.0,5176.0,615.023529
QQQ,2026-01-02 15:29:00+00:00,614.99,615.6,614.88,615.41,222179.0,5094.0,615.238345
QQQ,2026-01-02 15:30:00+00:00,615.41,615.41,614.91,615.18,445438.0,7616.0,615.158832
QQQ,2026-01-02 15:31:00+00:00,615.18,615.25,614.91,615.16,257844.0,4693.0,615.077308
QQQ,2026-01-02 15:32:00+00:00,615.2,616.064,614.97,616.01,357528.0,6239.0,615.683427
QQQ,2026-01-02 15:33:00+00:00,616.0,616.59,615.9066,616.45,280004.0,5533.0,616.328125
QQQ,2026-01-02 15:34:00+00:00,616.46,616.78,616.41,616.58,172239.0,4477.0,616.598957
QQQ,2026-01-02 15:35:00+00:00,616.57,616.92,616.47,616.835,166718.0,4513.0,616.685034
QQQ,2026-01-02 15:36:00+00:00,616.83,617.16,616.47,616.7956,188575.0,4730.0,616.83074
QQQ,2026-01-02 15:37:00+00:00,616.79,617.02,616.6499,616.8,123944.0,4153.0,616.851807
QQQ,2026-01-02 15:38:00+00:00,616.79,616.85,616.09,616.24,176630.0,4736.0,616.452117
QQQ,2026-01-02 15:39:00+00:00,616.24,616.98,616.18,616.97,161030.0,4309.0,616.623942
QQQ,2026-01-02 15:40:00+00:00,616.98,617.5,616.79,617.198,354838.0,6778.0,617.255076
QQQ,2026-01-02 15:41:00+00:00,617.21,617.66,617.11,617.55,132828.0,2998.0,617.361966
QQQ,2026-01-02 15:42:00+00:00,617.57,618.12,617.51,617.96,180239.0,3879.0,617.856444
QQQ,2026-01-02 15:43:00+00:00,617.95,618.12,617.62,617.67,161028.0,3459.0,617.877824
QQQ,2026-01-02 15:44:00+00:00,617.68,617.72,617.42,617.61,119410.0,2882.0,617.578304
QQQ,2026-01-02 15:45:00+00:00,617.62,617.865,617.45,617.505,166994.0,3568.0,617.665774
QQQ,2026-01-02 15:46:00+00:00,617.5499,617.79,617.28,617.28,156210.0,3181.0,617.57048
QQQ,2026-01-02 15:47:00+00:00,617.26,617.69,617.08,617.635,127487.0,3194.0,617.364368
QQQ,2026-01-02 15:48:00+00:00,617.63,617.77,616.86,616.86,247931.0,4701.0,617.209783
QQQ,2026-01-02 15:49:00+00:00,616.87,616.91,616.3,616.35,178595.0,3648.0,616.568858
QQQ,2026-01-02 15:50:00+00:00,616.35,616.42,615.74,615.9,197508.0,3929.0,616.061476
QQQ,2026-01-02 15:51:00+00:00,615.88,615.93,615.0,615.0,234445.0,5019.0,615.331268
QQQ,2026-01-02 15:52:00+00:00,615.005,615.06,614.25,614.39,428235.0,9206.0,614.526426
QQQ,2026-01-02 15:53:00+00:00,614.39,615.07,614.3,614.9201,242746.0,4126.0,614.642419
QQQ,2026-01-02 15:54:00+00:00,614.85,615.15,614.44,615.1399,275366.0,4706.0,614.737447
QQQ,2026-01-02 15:55:00+00:00,615.13,615.47,615.02,615.03,178322.0,3818.0,615.211913
QQQ,2026-01-02 15:56:00+00:00,615.07,615.32,614.35,614.37,235681.0,5013.0,614.835944
QQQ,2026-01-02 15:57:00+00:00,614.36,614.36,612.92,613.06,432485.0,8744.0,613.5288
QQQ,2026-01-02 15:58:00+00:00,613.03,613.19,612.88,612.9001,279574.0,5489.0,613.028434
QQQ,2026-01-02 15:59:00+00:00,612.91,612.93,612.31,612.665,410248.0,6010.0,612.609706
QQQ,2026-01-02 16:00:00+00:00,612.68,612.75,612.08,612.31,493615.0,8934.0,612.333789
QQQ,2026-01-02 16:01:00+00:00,612.31,612.32,611.71,612.07,306862.0,5868.0,611.973498
QQQ,2026-01-02 16:02:00+00:00,612.04,612.42,611.68,612.02,276469.0,5173.0,612.088925
QQQ,2026-01-02 16:03:00+00:00,612.002,612.28,611.8755,612.26,192503.0,4296.0,612.086877
QQQ,2026-01-02 16:04:00+00:00,612.28,612.65,611.925,612.1,205842.0,4697.0,612.271083
QQQ,2026-01-02 16:05:00+00:00,612.09,612.09,611.41,611.68,391616.0,7133.0,611.672082
QQQ,2026-01-02 16:06:00+00:00,611.68,612.1,611.5,611.8193,251550.0,5064.0,611.777287
QQQ,2026-01-02 16:07:00+00:00,611.82,612.09,611.52,611.81,402314.0,5736.0,611.775441
QQQ,2026-01-02 16:08:00+00:00,611.79,612.23,611.71,612.12,194784.0,4324.0,612.014659
QQQ,2026-01-02 16:09:00+00:00,612.12,612.42,612.0,612.4,232019.0,4852.0,612.207146
QQQ,2026-01-02 16:10:00+00:00,612.39,612.68,611.81,612.469,337926.0,5038.0,612.25176
QQQ,2026-01-02 16:11:00+00:00,612.47,612.67,611.29,611.38,462467.0,6032.0,612.152694
QQQ,2026-01-02 16:12:00+00:00,611.38,611.66,610.75,611.63,522630.0,7615.0,611.090917
QQQ,2026-01-02 16:13:00+00:00,611.61,612.2101,611.56,612.2101,267194.0,4087.0,611.812505
QQQ,2026-01-02 16:14:00+00:00,612.21,612.82,612.16,612.78,218445.0,4352.0,612.405037
QQQ,2026-01-02 16:15:00+00:00,612.78,613.43,612.72,613.2,296536.0,5448.0,613.184582
QQQ,2026-01-02 16:16:00+00:00,613.19,613.24,612.48,612.68,180781.0,4123.0,612.852767
QQQ,2026-01-02 16:17:00+00:00,612.68,613.11,612.63,612.7,139545.0,3466.0,612.885277
QQQ,2026-01-02 16:18:00+00:00,612.72,612.75,611.7488,611.7488,252738.0,5382.0,612.124215
QQQ,2026-01-02 16:19:00+00:00,611.74,612.155,611.65,612.02,156068.0,3697.0,611.867068
QQQ,2026-01-02 16:20:00+00:00,612.005,612.35,611.59,611.71,168199.0,4120.0,611.98504
QQQ,2026-01-02 16:21:00+00:00,611.69,612.35,611.62,612.28,191467.0,2742.0,611.974858
QQQ,2026-01-02 16:22:00+00:00,612.27,613.005,612.26,612.98,151886.0,3241.0,612.649831
QQQ,2026-01-02 16:23:00+00:00,612.98,613.11,612.82,612.96,108939.0,2855.0,612.968782
QQQ,2026-01-02 16:24:00+00:00,612.97,613.18,612.73,612.995,106289.0,2865.0,612.954733
QQQ,2026-01-02 16:25:00+00:00,612.99,613.13,612.5,612.6756,152091.0,3684.0,612.849816
QQQ,2026-01-02 16:26:00+00:00,612.69,613.11,612.675,613.04,89578.0,2766.0,612.914603
QQQ,2026-01-02 16:27:00+00:00,613.01,613.29,612.78,612.91,116119.0,3012.0,612.99742
QQQ,2026-01-02 16:28:00+00:00,612.91,613.42,612.88,613.24,105574.0,2839.0,613.191125
QQQ,2026-01-02 16:29:00+00:00,613.31,613.453,612.74,612.76,109917.0,3041.0,613.204055
QQQ,2026-01-02 16:30:00+00:00,612.73,612.94,612.52,612.766,87679.0,2645.0,612.755373
QQQ,2026-01-02 16:31:00+00:00,612.72,612.89,612.61,612.84,189310.0,2653.0,612.785733
QQQ,2026-01-02 16:32:00+00:00,612.85,612.92,612.51,612.5799,58462.0,2293.0,612.742959
QQQ,2026-01-02 16:33:00+00:00,612.54,613.45,612.4792,613.41,104218.0,2990.0,613.038257
QQQ,2026-01-02 16:34:00+00:00,613.41,613.93,613.34,613.7301,197918.0,4071.0,613.688669
QQQ,2026-01-02 16:35:00+00:00,613.74,613.81,613.09,613.165,152833.0,3802.0,613.319399
QQQ,2026-01-02 16:36:00+00:00,613.17,613.78,613.12,613.76,80928.0,2514.0,613.477753
QQQ,2026-01-02 16:37:00+00:00,613.76,613.92,613.14,613.15,146124.0,3684.0,613.571796
QQQ,2026-01-02 16:38:00+00:00,613.17,613.22,612.89,613.11,119173.0,3184.0,613.068941
QQQ,2026-01-02 16:39:00+00:00,613.11,613.21,612.83,612.93,76437.0,2649.0,613.004134
QQQ,2026-01-02 16:40:00+00:00,612.92,613.05,612.53,612.77,125575.0,3534.0,612.788142
QQQ,2026-01-02 16:41:00+00:00,612.75,612.91,612.57,612.69,190608.0,3154.0,612.756094
QQQ,2026-01-02 16:42:00+00:00,612.69,612.82,612.4,612.6951,97880.0,2712.0,612.642274
QQQ,2026-01-02 16:43:00+00:00,612.7,613.01,612.59,612.9,68451.0,2345.0,612.799265
QQQ,2026-01-02 16:44:00+00:00,612.89,612.89,612.39,612.48,96872.0,2709.0,612.527055
QQQ,2026-01-02 16:45:00+00:00,612.48,612.651,612.32,612.59,90937.0,2643.0,612.465593
QQQ,2026-01-02 16:46:00+00:00,612.56,612.76,612.29,612.5013,62731.0,2300.0,612.500759
QQQ,2026-01-02 16:47:00+00:00,612.52,612.85,612.41,612.8,66638.0,2263.0,612.63646
QQQ,2026-01-02 16:48:00+00:00,612.79,612.79,612.14,612.2,123636.0,3358.0,612.430885
QQQ,2026-01-02 16:49:00+00:00,612.19,612.38,612.14,612.38,61506.0,2220.0,612.213249
QQQ,2026-01-02 16:50:00+00:00,612.36,612.55,612.01,612.03,98583.0,2878.0,612.225613
QQQ,2026-01-02 16:51:00+00:00,612.02,612.23,611.43,611.44,153758.0,4036.0,611.824658
QQQ,2026-01-02 16:52:00+00:00,611.42,611.54,611.18,611.27,115903.0,3062.0,611.337616
QQQ,2026-01-02 16:53:00+00:00,611.29,611.6,611.19,611.495,95975.0,2533.0,611.39596
QQQ,2026-01-02 16:54:00+00:00,611.48,611.48,611.0,611.31,114632.0,3270.0,611.225225
QQQ,2026-01-02 16:55:00+00:00,611.34,611.62,611.24,611.42,78371.0,2577.0,611.373576
QQQ,2026-01-02 16:56:00+00:00,611.44,611.78,611.24,611.74,120521.0,3020.0,611.527495
QQQ,2026-01-02 16:57:00+00:00,611.74,611.8,611.34,611.44,70459.0,2339.0,611.596685
QQQ,2026-01-02 16:58:00+00:00,611.43,611.56,611.28,611.49,80009.0,2548.0,611.387654
QQQ,2026-01-02 16:59:00+00:00,611.47,612.0,611.42,611.95,138955.0,3033.0,611.787882
QQQ,2026-01-02 17:00:00+00:00,611.92,612.09,611.71,611.86,100456.0,2713.0,611.908533
QQQ,2026-01-02 17:01:00+00:00,611.87,611.92,611.57,611.71,76333.0,2478.0,611.717763
QQQ,2026-01-02 17:02:00+00:00,611.72,611.95,611.68,611.8,50071.0,2087.0,611.808359
QQQ,2026-01-02 17:03:00+00:00,611.77,611.8,611.31,611.599,69140.0,2452.0,611.566121
QQQ,2026-01-02 17:04:00+00:00,611.57,611.67,611.41,611.5899,56335.0,1228.0,611.516885
QQQ,2026-01-02 17:05:00+00:00,611.58,612.27,611.58,612.21,99299.0,1814.0,612.054305
QQQ,2026-01-02 17:06:00+00:00,612.18,612.42,611.94,612.188,81618.0,1643.0,612.205996
QQQ,2026-01-02 17:07:00+00:00,612.19,612.405,611.8299,611.8434,154165.0,1591.0,612.120474
QQQ,2026-01-02 17:08:00+00:00,611.84,612.07,611.74,611.9199,74528.0,1716.0,611.901368
QQQ,2026-01-02 17:09:00+00:00,611.9,612.06,611.82,612.05,43153.0,1159.0,611.940202
QQQ,2026-01-02 17:10:00+00:00,612.02,612.24,612.01,612.19,58081.0,1415.0,612.14187
QQQ,2026-01-02 17:11:00+00:00,612.19,612.39,612.08,612.39,104586.0,2008.0,612.193066
QQQ,2026-01-02 17:12:00+00:00,612.385,612.93,612.38,612.9,136370.0,2635.0,612.709993
QQQ,2026-01-02 17:13:00+00:00,612.9,613.38,612.9,613.29,131877.0,2468.0,613.192897
QQQ,2026-01-02 17:14:00+00:00,613.29,613.39,612.915,613.24,117234.0,2154.0,613.170853
QQQ,2026-01-02 17:15:00+00:00,613.24,613.31,613.095,613.2,65135.0,1724.0,613.219871
QQQ,2026-01-02 17:16:00+00:00,613.21,613.26,612.94,613.07,85881.0,2007.0,613.113745
QQQ,2026-01-02 17:17:00+00:00,613.11,613.3,612.97,613.045,80365.0,1909.0,613.109918
QQQ,2026-01-02 17:18:00+00:00,613.06,613.26,613.06,613.2544,61695.0,1512.0,613.166759
QQQ,2026-01-02 17:19:00+00:00,613.26,613.425,612.87,612.9,67105.0,1608.0,613.191425
QQQ,2026-01-02 17:20:00+00:00,612.88,612.97,612.7,612.7,78069.0,1808.0,612.844048
QQQ,2026-01-02 17:21:00+00:00,612.7,612.87,612.5,612.6287,92430.0,1847.0,612.692078
QQQ,2026-01-02 17:22:00+00:00,612.6,612.97,612.6,612.92,48221.0,1281.0,612.789321
QQQ,2026-01-02 17:23:00+00:00,612.95,613.04,612.8068,612.94,142520.0,1337.0,612.925916
QQQ,2026-01-02 17:24:00+00:00,612.95,613.03,612.7409,612.79,54571.0,1349.0,612.908078
QQQ,2026-01-02 17:25:00+00:00,612.77,612.94,612.6,612.83,90891.0,1786.0,612.789119
QQQ,2026-01-02 17:26:00+00:00,612.88,612.92,612.58,612.81,43223.0,1103.0,612.744322
QQQ,2026-01-02 17:27:00+00:00,612.76,612.88,612.41,612.86,96551.0,1939.0,612.589053
QQQ,2026-01-02 17:28:00+00:00,612.89,612.93,612.73,612.79,95276.0,1043.0,612.83283
QQQ,2026-01-02 17:29:00+00:00,612.8,613.0099,612.78,613.0099,35677.0,957.0,612.909015
QQQ,2026-01-02 17:30:00+00:00,613.01,613.3372,612.94,613.25,90165.0,1702.0,613.174456
QQQ,2026-01-02 17:31:00+00:00,613.24,613.31,613.06,613.25,46817.0,1245.0,613.217353
QQQ,2026-01-02 17:32:00+00:00,613.22,613.31,613.05,613.19,42449.0,1212.0,613.145507
QQQ,2026-01-02 17:33:00+00:00,613.15,613.32,613.02,613.09,49823.0,1390.0,613.181977
QQQ,2026-01-02 17:34:00+00:00,613.12,613.12,612.61,612.77,90687.0,1881.0,612.798868
QQQ,2026-01-02 17:35:00+00:00,612.76,612.83,612.6,612.73,57834.0,1393.0,612.717395
QQQ,2026-01-02 17:36:00+00:00,612.75,612.99,612.67,612.76,193344.0,1344.0,612.822118
QQQ,2026-01-02 17:37:00+00:00,612.78,612.81,612.495,612.59,74414.0,1317.0,612.620098
QQQ,2026-01-02 17:38:00+00:00,612.59,612.74,612.4,612.6701,154328.0,1231.0,612.556574
QQQ,2026-01-02 17:39:00+00:00,612.68,612.78,612.54,612.61,31879.0,884.0,612.647817
QQQ,2026-01-02 17:40:00+00:00,612.6,612.82,612.495,612.495,35194.0,960.0,612.650964
QQQ,2026-01-02 17:41:00+00:00,612.5,612.57,612.4,612.5571,90203.0,1027.0,612.470966
QQQ,2026-01-02 17:42:00+00:00,612.56,612.97,612.56,612.95,64018.0,1468.0,612.844305
QQQ,2026-01-02 17:43:00+00:00,612.9032,612.92,612.48,612.53,36110.0,1063.0,612.684685
QQQ,2026-01-02 17:44:00+00:00,612.54,612.7,612.51,612.67,26168.0,913.0,612.589961
QQQ,2026-01-02 17:45:00+00:00,612.69,612.95,612.58,612.765,74457.0,1584.0,612.803726
QQQ,2026-01-02 17:46:00+00:00,612.76,612.79,612.47,612.53,30561.0,921.0,612.647724
QQQ,2026-01-02 17:47:00+00:00,612.53,612.65,612.455,612.51,28368.0,933.0,612.556372
QQQ,2026-01-02 17:48:00+00:00,612.5299,612.56,611.72,611.74,181191.0,3193.0,612.118903
QQQ,2026-01-02 17:49:00+00:00,611.73,611.79,611.44,611.69,126254.0,2209.0,611.591641
QQQ,2026-01-02 17:50:00+00:00,611.68,611.7,611.453,611.49,71725.0,1638.0,611.565263
QQQ,2026-01-02 17:51:00+00:00,611.485,611.86,611.4,611.73,82247.0,1669.0,611.651875
QQQ,2026-01-02 17:52:00+00:00,611.7,611.945,611.62,611.71,90373.0,1916.0,611.749172
QQQ,2026-01-02 17:53:00+00:00,611.72,611.92,611.65,611.67,72229.0,1595.0,611.758707
QQQ,2026-01-02 17:54:00+00:00,611.67,611.86,611.4899,611.84,85929.0,1686.0,611.646064
QQQ,2026-01-02 17:55:00+00:00,611.83,612.005,611.74,611.96,79039.0,1707.0,611.871209
QQQ,2026-01-02 17:56:00+00:00,611.95,612.14,611.78,611.8101,92534.0,1883.0,611.906649
QQQ,2026-01-02 17:57:00+00:00,611.81,611.88,611.52,611.6,118085.0,2185.0,611.675006
QQQ,2026-01-02 17:58:00+00:00,611.61,611.69,611.31,611.37,126085.0,2355.0,611.450726
QQQ,2026-01-02 17:59:00+00:00,611.36,611.56,611.26,611.56,70318.0,1548.0,611.366499
QQQ,2026-01-02 18:00:00+00:00,611.52,611.86,611.45,611.8,55869.0,1370.0,611.712227
QQQ,2026-01-02 18:01:00+00:00,611.81,611.91,611.7,611.78,33854.0,994.0,611.808519
QQQ,2026-01-02 18:02:00+00:00,611.77,611.895,611.6701,611.85,37590.0,975.0,611.790269
QQQ,2026-01-02 18:03:00+00:00,611.85,612.2,611.85,612.1977,62369.0,1455.0,612.058986
QQQ,2026-01-02 18:04:00+00:00,612.19,612.2013,611.85,612.0,58398.0,1381.0,612.009896
QQQ,2026-01-02 18:05:00+00:00,611.98,612.13,611.78,611.83,43729.0,1142.0,611.963826
QQQ,2026-01-02 18:06:00+00:00,611.8,611.8,611.55,611.73,61372.0,1356.0,611.640297
QQQ,2026-01-02 18:07:00+00:00,611.76,611.8,611.67,611.75,34685.0,927.0,611.742725
QQQ,2026-01-02 18:08:00+00:00,611.74,611.79,611.47,611.48,43154.0,1181.0,611.609767
QQQ,2026-01-02 18:09:00+00:00,611.49,611.7001,611.41,611.69,53986.0,1396.0,611.528337
QQQ,2026-01-02 18:10:00+00:00,611.7,611.983,611.56,611.7,69473.0,1401.0,611.737764
QQQ,2026-01-02 18:11:00+00:00,611.71,611.71,611.47,611.59,62071.0,1317.0,611.583865
QQQ,2026-01-02 18:12:00+00:00,611.59,611.62,611.42,611.44,55013.0,1200.0,611.511435
QQQ,2026-01-02 18:13:00+00:00,611.44,611.47,611.31,611.37,62511.0,1283.0,611.380364
QQQ,2026-01-02 18:14:00+00:00,611.38,611.47,611.3,611.35,59159.0,1108.0,611.370737
QQQ,2026-01-02 18:15:00+00:00,611.36,611.39,611.15,611.21,78636.0,1619.0,611.265612
QQQ,2026-01-02 18:16:00+00:00,611.23,611.575,611.21,611.55,53411.0,1057.0,611.422717
QQQ,2026-01-02 18:17:00+00:00,611.56,611.74,611.55,611.7301,46500.0,988.0,611.645412
QQQ,2026-01-02 18:18:00+00:00,611.7255,612.09,611.69,612.09,96731.0,1478.0,611.943021
QQQ,2026-01-02 18:19:00+00:00,612.0801,612.2,611.99,612.095,76953.0,1386.0,612.109376
QQQ,2026-01-02 18:20:00+00:00,612.095,612.1468,611.83,611.92,56612.0,1094.0,611.977939
QQQ,2026-01-02 18:21:00+00:00,611.92,612.4799,611.89,612.4799,65638.0,1248.0,612.308063
QQQ,2026-01-02 18:22:00+00:00,612.475,612.495,612.18,612.28,35580.0,967.0,612.360625
QQQ,2026-01-02 18:23:00+00:00,612.28,612.32,611.86,611.8901,38623.0,1009.0,612.037176
QQQ,2026-01-02 18:24:00+00:00,611.9,611.99,611.79,611.85,28012.0,746.0,611.897406
QQQ,2026-01-02 18:25:00+00:00,611.87,612.03,611.84,611.94,74400.0,1089.0,611.952765
QQQ,2026-01-02 18:26:00+00:00,611.93,611.93,611.51,611.6329,48615.0,965.0,611.639987
QQQ,2026-01-02 18:27:00+00:00,611.63,611.88,611.61,611.87,41550.0,980.0,611.774198
QQQ,2026-01-02 18:28:00+00:00,611.88,611.915,611.6507,611.835,33520.0,858.0,611.788115
QQQ,2026-01-02 18:29:00+00:00,611.815,611.9,611.71,611.76,22086.0,669.0,611.820759
QQQ,2026-01-02 18:30:00+00:00,611.75,611.82,611.54,611.62,28428.0,983.0,611.719193
QQQ,2026-01-02 18:31:00+00:00,611.62,611.75,611.59,611.6501,17928.0,897.0,611.659582
QQQ,2026-01-02 18:32:00+00:00,611.67,611.67,611.4,611.41,39294.0,1180.0,611.480504
QQQ,2026-01-02 18:33:00+00:00,611.4,611.488,611.36,611.488,59857.0,1146.0,611.410197
QQQ,2026-01-02 18:34:00+00:00,611.46,611.61,611.45,611.53,35290.0,1024.0,611.542538
QQQ,2026-01-02 18:35:00+00:00,611.55,611.64,611.45,611.5761,39757.0,1141.0,611.530845
QQQ,2026-01-02 18:36:00+00:00,611.58,611.61,611.375,611.4932,144853.0,1112.0,611.493291
QQQ,2026-01-02 18:37:00+00:00,611.5,611.67,611.46,611.64,35742.0,959.0,611.525498
QQQ,2026-01-02 18:38:00+00:00,611.65,612.003,611.57,611.9861,56485.0,1331.0,611.848137
QQQ,2026-01-02 18:39:00+00:00,611.9801,612.09,611.76,611.8,148048.0,1208.0,611.967168
QQQ,2026-01-02 18:40:00+00:00,611.78,611.78,611.53,611.56,26588.0,909.0,611.650438
QQQ,2026-01-02 18:41:00+00:00,611.56,611.62,611.48,611.6,39032.0,1116.0,611.543274
QQQ,2026-01-02 18:42:00+00:00,611.61,611.7523,611.55,611.63,52300.0,1192.0,611.661738
QQQ,2026-01-02 18:43:00+00:00,611.63,611.72,611.57,611.6,25702.0,897.0,611.639716
QQQ,2026-01-02 18:44:00+00:00,611.61,611.91,611.61,611.89,50870.0,1159.0,611.812243
QQQ,2026-01-02 18:45:00+00:00,611.9,612.19,611.9,611.97,72337.0,1344.0,612.036261
QQQ,2026-01-02 18:46:00+00:00,611.97,612.16,611.85,612.16,39029.0,856.0,611.988812
QQQ,2026-01-02 18:47:00+00:00,612.15,612.175,611.91,611.93,1588144.0,735.0,612.04939
QQQ,2026-01-02 18:48:00+00:00,611.92,611.975,611.2,611.25,165860.0,2557.0,611.530955
QQQ,2026-01-02 18:49:00+00:00,611.27,611.3,610.57,610.64,165787.0,3349.0,610.932437
QQQ,2026-01-02 18:50:00+00:00,610.63,610.65,610.15,610.44,186751.0,2998.0,610.388268
QQQ,2026-01-02 18:51:00+00:00,610.42,610.6,610.38,610.4256,92403.0,1663.0,610.4908
QQQ,2026-01-02 18:52:00+00:00,610.42,610.53,610.21,610.22,219760.0,1712.0,610.382997
QQQ,2026-01-02 18:53:00+00:00,610.22,610.53,610.19,610.29,111036.0,1760.0,610.361775
QQQ,2026-01-02 18:54:00+00:00,610.28,610.91,610.28,610.8432,120060.0,1773.0,610.716565
QQQ,2026-01-02 18:55:00+00:00,610.85,610.86,610.45,610.46,111156.0,1885.0,610.690231
QQQ,2026-01-02 18:56:00+00:00,610.47,610.67,610.38,610.58,68856.0,1251.0,610.541499
QQQ,2026-01-02 18:57:00+00:00,610.61,610.61,610.31,610.4924,103458.0,1697.0,610.406354
QQQ,2026-01-02 18:58:00+00:00,610.49,610.49,610.3455,610.43,35323.0,911.0,610.420734
QQQ,2026-01-02 18:59:00+00:00,610.41,610.86,610.37,610.84,70544.0,1268.0,610.557926
QQQ,2026-01-02 19:00:00+00:00,610.8377,611.28,610.72,611.25,163134.0,2385.0,611.039511
QQQ,2026-01-02 19:01:00+00:00,611.25,611.28,610.89,610.97,56220.0,1274.0,611.082543
QQQ,2026-01-02 19:02:00+00:00,610.97,611.039,610.71,610.96,61205.0,1070.0,610.925392
QQQ,2026-01-02 19:03:00+00:00,610.94,611.15,610.93,611.07,48612.0,963.0,611.079091
QQQ,2026-01-02 19:04:00+00:00,611.065,611.5,611.065,611.45,77306.0,1517.0,611.331809
QQQ,2026-01-02 19:05:00+00:00,611.45,612.0799,611.43,611.93,185991.0,3155.0,611.857436
QQQ,2026-01-02 19:06:00+00:00,611.94,612.03,611.63,611.84,100643.0,1779.0,611.823667
QQQ,2026-01-02 19:07:00+00:00,611.84,612.14,611.81,612.08,107476.0,1675.0,612.041667
QQQ,2026-01-02 19:08:00+00:00,612.09,612.12,611.94,612.095,103625.0,1706.0,612.056717
QQQ,2026-01-02 19:09:00+00:00,612.095,612.44,612.095,612.35,116495.0,1876.0,612.323639
QQQ,2026-01-02 19:10:00+00:00,612.34,612.435,612.15,612.23,159596.0,1475.0,612.279307
QQQ,2026-01-02 19:11:00+00:00,612.21,612.6,612.21,612.595,79324.0,1463.0,612.418449
QQQ,2026-01-02 19:12:00+00:00,612.61,612.94,612.6,612.86,147949.0,2275.0,612.806154
QQQ,2026-01-02 19:13:00+00:00,612.87,613.2,612.865,613.0451,122208.0,2138.0,613.086538
QQQ,2026-01-02 19:14:00+00:00,613.06,613.1862,612.97,613.01,79594.0,1484.0,613.076381
QQQ,2026-01-02 19:15:00+00:00,613.01,613.23,612.8345,612.92,125562.0,2216.0,613.028933
QQQ,2026-01-02 19:16:00+00:00,612.92,613.1,612.7,612.99,121146.0,1806.0,612.914559
QQQ,2026-01-02 19:17:00+00:00,612.99,613.06,612.82,612.98,196128.0,1670.0,612.961741
QQQ,2026-01-02 19:18:00+00:00,612.99,613.16,612.682,612.7499,85984.0,1743.0,612.895437
QQQ,2026-01-02 19:19:00+00:00,612.74,612.84,612.625,612.73,59923.0,1226.0,612.734534
QQQ,2026-01-02 19:20:00+00:00,612.73,612.79,612.47,612.57,75015.0,1300.0,612.662179
QQQ,2026-01-02 19:21:00+00:00,612.58,612.94,612.58,612.9,88380.0,1579.0,612.833766
QQQ,2026-01-02 19:22:00+00:00,612.895,613.16,612.87,613.16,71561.0,1192.0,612.984637
QQQ,2026-01-02 19:23:00+00:00,613.16,613.39,613.13,613.39,113093.0,1720.0,613.249289
QQQ,2026-01-02 19:24:00+00:00,613.39,613.6201,613.33,613.54,78755.0,1428.0,613.457918
QQQ,2026-01-02 19:25:00+00:00,613.55,613.81,613.48,613.63,99094.0,2005.0,613.6298
QQQ,2026-01-02 19:26:00+00:00,613.61,613.65,613.24,613.38,81223.0,1504.0,613.394304
QQQ,2026-01-02 19:27:00+00:00,613.39,613.49,613.3007,613.49,56853.0,982.0,613.390504
QQQ,2026-01-02 19:28:00+00:00,613.5,613.5099,613.22,613.3399,58947.0,1319.0,613.384845
QQQ,2026-01-02 19:29:00+00:00,613.34,613.64,613.34,613.59,65382.0,1219.0,613.525422
QQQ,2026-01-02 19:30:00+00:00,613.59,614.04,613.56,613.79,202365.0,3070.0,613.824451
QQQ,2026-01-02 19:31:00+00:00,613.795,614.09,613.7,614.0856,408950.0,4442.0,613.917554
QQQ,2026-01-02 19:32:00+00:00,614.09,614.13,613.83,614.08,137417.0,1380.0,613.990193
QQQ,2026-01-02 19:33:00+00:00,614.08,614.14,613.94,614.11,75293.0,1270.0,614.019971
QQQ,2026-01-02 19:34:00+00:00,614.11,614.4,614.08,614.2899,300608.0,1450.0,614.248926
QQQ,2026-01-02 19:35:00+00:00,614.29,614.31,613.955,614.06,209759.0,1875.0,614.11887
QQQ,2026-01-02 19:36:00+00:00,614.07,614.47,614.07,614.33,95821.0,1701.0,614.32424
QQQ,2026-01-02 19:37:00+00:00,614.335,614.44,614.1999,614.28,62847.0,1110.0,614.319583
QQQ,2026-01-02 19:38:00+00:00,614.3,614.47,614.282,614.442,43877.0,908.0,614.387668
QQQ,2026-01-02 19:39:00+00:00,614.445,614.55,614.215,614.31,90816.0,1475.0,614.363373
QQQ,2026-01-02 19:40:00+00:00,614.32,614.7,614.3,614.534,129536.0,1841.0,614.588587
QQQ,2026-01-02 19:41:00+00:00,614.55,614.59,614.4,614.43,65461.0,1129.0,614.48497
QQQ,2026-01-02 19:42:00+00:00,614.44,614.55,614.24,614.26,70888.0,1207.0,614.407103
QQQ,2026-01-02 19:43:00+00:00,614.29,614.382,614.17,614.27,71841.0,1263.0,614.272249
QQQ,2026-01-02 19:44:00+00:00,614.26,614.41,614.13,614.165,68976.0,1308.0,614.229404
QQQ,2026-01-02 19:45:00+00:00,614.16,614.385,614.13,614.16,75563.0,1401.0,614.227278
QQQ,2026-01-02 19:46:00+00:00,614.18,614.29,613.975,614.19,89751.0,1711.0,614.096146
QQQ,2026-01-02 19:47:00+00:00,614.2,614.35,614.19,614.25,53370.0,1013.0,614.260807
QQQ,2026-01-02 19:48:00+00:00,614.245,614.245,613.87,614.0,118732.0,1961.0,614.016418
QQQ,2026-01-02 19:49:00+00:00,614.0,614.17,613.9,614.17,67913.0,1123.0,614.02379
QQQ,2026-01-02 19:50:00+00:00,614.19,614.22,613.95,613.97,70822.0,1465.0,614.068419
QQQ,2026-01-02 19:51:00+00:00,613.975,614.115,613.85,613.8801,87441.0,1672.0,614.007578
QQQ,2026-01-02 19:52:00+00:00,613.89,614.1,613.79,613.88,87344.0,1622.0,613.888761
QQQ,2026-01-02 19:53:00+00:00,613.88,613.93,613.715,613.72,84724.0,1625.0,613.802152
QQQ,2026-01-02 19:54:00+00:00,613.715,613.88,613.5,613.81,87976.0,1545.0,613.715913
QQQ,2026-01-02 19:55:00+00:00,613.82,613.86,613.61,613.68,82619.0,1599.0,613.721089
QQQ,2026-01-02 19:56:00+00:00,613.67,613.7844,613.57,613.71,86233.0,1684.0,613.671191
QQQ,2026-01-02 19:57:00+00:00,613.72,613.74,613.4321,613.44,66997.0,1297.0,613.54588
QQQ,2026-01-02 19:58:00+00:00,613.44,613.52,613.1,613.16,125290.0,2299.0,613.246503
QQQ,2026-01-02 19:59:00+00:00,613.17,613.3956,613.065,613.36,74197.0,1310.0,613.234744
QQQ,2026-01-02 20:00:00+00:00,613.35,613.53,613.08,613.51,76964.0,1441.0,613.325174
QQQ,2026-01-02 20:01:00+00:00,613.5,613.6696,613.46,613.525,62171.0,1186.0,613.534923
QQQ,2026-01-02 20:02:00+00:00,613.54,613.55,613.305,613.3741,43899.0,1008.0,613.407563
QQQ,2026-01-02 20:03:00+00:00,613.39,613.8,613.3701,613.775,56712.0,997.0,613.627953
QQQ,2026-01-02 20:04:00+00:00,613.7612,613.85,613.56,613.595,44026.0,930.0,613.712238
QQQ,2026-01-02 20:05:00+00:00,613.59,613.78,613.57,613.62,37146.0,836.0,613.650822
QQQ,2026-01-02 20:06:00+00:00,613.64,613.6699,613.37,613.49,67254.0,1089.0,613.489888
QQQ,2026-01-02 20:07:00+00:00,613.5,613.6,613.4099,613.51,76636.0,1349.0,613.524928
QQQ,2026-01-02 20:08:00+00:00,613.525,613.735,613.51,613.5699,64585.0,1244.0,613.613202
QQQ,2026-01-02 20:09:00+00:00,613.58,613.7,613.535,613.6901,82607.0,1070.0,613.592757
QQQ,2026-01-02 20:10:00+00:00,613.71,614.05,613.7,614.02,77919.0,1311.0,613.860879
QQQ,2026-01-02 20:11:00+00:00,614.02,614.05,613.87,614.0087,75417.0,1345.0,613.950299
QQQ,2026-01-02 20:12:00+00:00,614.0,614.19,613.9401,614.05,62835.0,1002.0,614.075296
QQQ,2026-01-02 20:13:00+00:00,614.05,614.14,613.89,613.975,45378.0,744.0,613.982544
QQQ,2026-01-02 20:14:00+00:00,613.98,614.11,613.85,613.85,59382.0,1092.0,613.99813
QQQ,2026-01-02 20:15:00+00:00,613.85,613.92,613.74,613.85,68043.0,1125.0,613.825881
QQQ,2026-01-02 20:16:00+00:00,613.86,613.95,613.79,613.95,32986.0,734.0,613.866071
QQQ,2026-01-02 20:17:00+00:00,613.95,613.99,613.825,613.88,39563.0,775.0,613.892937
QQQ,2026-01-02 20:18:00+00:00,613.86,614.09,613.86,614.09,60261.0,1027.0,613.993065
QQQ,2026-01-02 20:19:00+00:00,614.1,614.42,614.09,614.41,93689.0,1278.0,614.327237
QQQ,2026-01-02 20:20:00+00:00,614.41,614.5,614.31,614.4,99397.0,1458.0,614.40777
QQQ,2026-01-02 20:21:00+00:00,614.4,614.55,614.3376,614.4201,105467.0,1534.0,614.467931
QQQ,2026-01-02 20:22:00+00:00,614.43,614.47,614.2301,614.34,63983.0,1084.0,614.365991
QQQ,2026-01-02 20:23:00+00:00,614.3541,614.355,614.1,614.31,50641.0,913.0,614.191012
QQQ,2026-01-02 20:24:00+00:00,614.2932,614.3,614.15,614.2,44220.0,821.0,614.208292
QQQ,2026-01-02 20:25:00+00:00,614.2,614.215,613.96,613.9975,47656.0,924.0,614.084437
QQQ,2026-01-02 20:26:00+00:00,613.99,614.07,613.84,614.06,69402.0,912.0,613.935466
QQQ,2026-01-02 20:27:00+00:00,614.06,614.26,614.05,614.26,55503.0,865.0,614.121018
QQQ,2026-01-02 20:28:00+00:00,614.21,614.42,614.17,614.33,50719.0,983.0,614.322694
QQQ,2026-01-02 20:29:00+00:00,614.3399,614.36,614.11,614.11,26697.0,655.0,614.270026
QQQ,2026-01-02 20:30:00+00:00,614.1,614.32,613.915,613.975,69092.0,1314.0,614.1022
QQQ,2026-01-02 20:31:00+00:00,613.9771,614.09,613.83,614.08,76343.0,1237.0,613.911536
QQQ,2026-01-02 20:32:00+00:00,614.06,614.12,613.801,613.801,44935.0,937.0,613.944551
QQQ,2026-01-02 20:33:00+00:00,613.81,614.0,613.76,613.82,225566.0,1045.0,613.860497
QQQ,2026-01-02 20:34:00+00:00,613.82,613.84,613.71,613.75,66049.0,1037.0,613.749936
QQQ,2026-01-02 20:35:00+00:00,613.75,614.12,613.73,614.1,76586.0,1317.0,613.980023
QQQ,2026-01-02 20:36:00+00:00,614.1,614.16,613.93,614.12,69550.0,1263.0,614.050319
QQQ,2026-01-02 20:37:00+00:00,614.12,614.1439,613.82,613.8899,50741.0,1003.0,613.993135
QQQ,2026-01-02 20:38:00+00:00,613.8899,613.93,613.8,613.85,87273.0,1346.0,613.876975
QQQ,2026-01-02 20:39:00+00:00,613.84,613.88,613.6853,613.72,53753.0,1105.0,613.77281
QQQ,2026-01-02 20:40:00+00:00,613.72,613.73,613.48,613.63,126075.0,2049.0,613.59143
QQQ,2026-01-02 20:41:00+00:00,613.62,613.65,613.48,613.54,80387.0,1430.0,613.564085
QQQ,2026-01-02 20:42:00+00:00,613.55,613.58,613.42,613.4499,91022.0,1632.0,613.482765
QQQ,2026-01-02 20:43:00+00:00,613.45,613.51,613.37,613.49,83420.0,1341.0,613.450713
QQQ,2026-01-02 20:44:00+00:00,613.485,613.485,613.165,613.21,106448.0,1890.0,613.331053
QQQ,2026-01-02 20:45:00+00:00,613.21,613.39,613.07,613.2973,126513.0,2067.0,613.221622
QQQ,2026-01-02 20:46:00+00:00,613.31,613.363,613.07,613.12,144596.0,2204.0,613.196058
QQQ,2026-01-02 20:47:00+00:00,613.12,613.13,612.73,612.75,140707.0,2337.0,612.896478
QQQ,2026-01-02 20:48:00+00:00,612.76,612.8999,612.66,612.67,101536.0,1675.0,612.774008
QQQ,2026-01-02 20:49:00+00:00,612.68,612.9,612.63,612.89,193238.0,2674.0,612.734096
QQQ,2026-01-02 20:50:00+00:00,612.87,613.47,612.73,613.43,301787.0,4623.0,613.095486
QQQ,2026-01-02 20:51:00+00:00,613.43,613.43,612.83,612.9,150911.0,2493.0,613.117605
QQQ,2026-01-02 20:52:00+00:00,612.94,613.23,612.93,613.07,122654.0,2195.0,613.079899
QQQ,2026-01-02 20:53:00+00:00,613.07,613.39,613.04,613.08,153545.0,2400.0,613.204648
QQQ,2026-01-02 20:54:00+00:00,613.08,613.16,612.83,612.87,287268.0,3976.0,612.995076
QQQ,2026-01-02 20:55:00+00:00,612.87,613.04,612.5,612.67,426293.0,5187.0,612.851137
QQQ,2026-01-02 20:56:00+00:00,612.66,612.79,612.61,612.75,843214.0,2994.0,612.702784
QQQ,2026-01-02 20:57:00+00:00,612.75,612.83,612.65,612.76,245284.0,3328.0,612.732807
QQQ,2026-01-02 20:58:00+00:00,612.76,612.97,612.65,612.955,271678.0,3325.0,612.766094
QQQ,2026-01-02 20:59:00+00:00,612.95,613.32,612.9,613.09,1074772.0,11533.0,613.102182
QQQ,2026-01-02 21:00:00+00:00,613.09,613.7401,613.06,613.63,696091.0,865.0,613.194075
QQQ,2026-01-02 21:01:00+00:00,613.58,613.58,613.28,613.39,42005.0,440.0,613.464074
QQQ,2026-01-02 21:02:00+00:00,613.39,613.74,613.38,613.62,62801.0,469.0,613.593741
QQQ,2026-01-02 21:03:00+00:00,613.62,613.62,613.35,613.47,16352.0,168.0,613.4447
QQQ,2026-01-02 21:04:00+00:00,613.43,613.44,613.23,613.23,20173.0,221.0,613.308846
QQQ,2026-01-02 21:05:00+00:00,613.23,613.31,613.12,613.3,35186.0,205.0,613.240613
QQQ,2026-01-02 21:06:00+00:00,613.28,613.3,613.21,613.3,31451.0,212.0,613.246361
QQQ,2026-01-02 21:07:00+00:00,613.3,613.37,613.28,613.34,21790.0,142.0,613.307095
QQQ,2026-01-02 21:08:00+00:00,613.34,613.37,613.3,613.35,17237.0,109.0,613.339042
QQQ,2026-01-02 21:09:00+00:00,613.38,613.46,613.38,613.41,8450.0,74.0,613.443646
QQQ,2026-01-02 21:10:00+00:00,613.43,613.44,613.38,613.42,130969.0,123.0,613.403517
QQQ,2026-01-02 21:11:00+00:00,613.39,613.39,613.239,613.239,20878.0,125.0,613.297603
QQQ,2026-01-02 21:12:00+00:00,613.2,613.2,612.92,613.14,16883.0,191.0,613.019558
QQQ,2026-01-02 21:13:00+00:00,613.14,613.27,613.14,613.26,888032.0,60.0,613.237331
QQQ,2026-01-02 21:14:00+00:00,613.29,613.35,613.22,613.26,11154.0,97.0,613.256625
QQQ,2026-01-02 21:15:00+00:00,613.31,613.31,613.2,613.22,4645.0,44.0,613.237447
QQQ,2026-01-02 21:16:00+00:00,613.25,613.25,613.18,613.18,5755.0,66.0,613.210378
QQQ,2026-01-02 21:17:00+00:00,613.27,613.27,613.27,613.27,137.0,20.0,613.27
QQQ,2026-01-02 21:18:00+00:00,613.23,613.23,613.19,613.19,6402.0,33.0,613.200469
QQQ,2026-01-02 21:19:00+00:00,613.2,613.21,613.2,613.21,514.0,22.0,613.204545
QQQ,2026-01-02 21:20:00+00:00,613.25,613.25,613.19,613.19,7594.0,70.0,613.24402
QQQ,2026-01-02 21:21:00+00:00,613.23,613.26,613.2,613.23,993.0,25.0,613.23189
QQQ,2026-01-02 21:22:00+00:00,613.25,613.3,613.25,613.3,5465.0,49.0,613.28513
QQQ,2026-01-02 21:23:00+00:00,613.27,613.31,613.24,613.2448,17033.0,142.0,613.266036
QQQ,2026-01-02 21:24:00+00:00,613.25,613.25,613.2,613.22,1541.0,42.0,613.232286
QQQ,2026-01-02 21:25:00+00:00,613.25,613.26,613.23,613.23,8810.0,46.0,613.242197
QQQ,2026-01-02 21:26:00+00:00,613.26,613.26,613.221,613.24,9600.0,78.0,613.241152
QQQ,2026-01-02 21:27:00+00:00,613.28,613.29,613.26,613.29,4699.0,57.0,613.27689
QQQ,2026-01-02 21:28:00+00:00,613.26,613.26,613.26,613.26,1172.0,27.0,613.26
QQQ,2026-01-02 21:29:00+00:00,613.25,613.26,613.24,613.26,2849.0,44.0,613.25128
QQQ,2026-01-02 21:30:00+00:00,613.2668,613.3,613.26,613.29,1037.0,31.0,613.283475
QQQ,2026-01-02 21:31:00+00:00,613.3,613.31,613.28,613.3,19179.0,87.0,613.293644
QQQ,2026-01-02 21:32:00+00:00,613.3,613.34,613.3,613.34,7301.0,50.0,613.308413
QQQ,2026-01-02 21:33:00+00:00,613.34,613.36,613.33,613.35,2064.0,26.0,613.3439
QQQ,2026-01-02 21:34:00+00:00,613.3836,613.39,613.3836,613.39,2134.0,19.0,613.389695
QQQ,2026-01-02 21:35:00+00:00,613.38,613.38,613.36,613.36,2002.0,27.0,613.361043
QQQ,2026-01-02 21:36:00+00:00,613.39,613.39,613.35,613.35,4057.0,35.0,613.359088
QQQ,2026-01-02 21:37:00+00:00,613.36,613.36,613.27,613.27,4926.0,64.0,613.323853
QQQ,2026-01-02 21:38:00+00:00,613.27,613.35,613.26,613.34,11241.0,45.0,613.274334
QQQ,2026-01-02 21:39:00+00:00,613.36,613.36,613.34,613.35,4260.0,35.0,613.349881
QQQ,2026-01-02 21:40:00+00:00,613.34,613.34,613.32,613.32,3040.0,29.0,613.32995
QQQ,2026-01-02 21:41:00+00:00,613.31,613.34,613.31,613.33,10919.0,66.0,613.32113
QQQ,2026-01-02 21:42:00+00:00,613.33,613.35,613.33,613.35,22406.0,120.0,613.334075
QQQ,2026-01-02 21:43:00+00:00,613.33,613.37,613.32,613.3348,18705.0,103.0,613.337634
QQQ,2026-01-02 21:44:00+00:00,613.36,613.38,613.36,613.38,4304.0,40.0,613.369431
QQQ,2026-01-02 21:45:00+00:00,613.37,613.38,613.3017,613.3017,8238.0,66.0,613.338678
QQQ,2026-01-02 21:46:00+00:00,613.31,613.31,613.3,613.3032,1169.0,35.0,613.301486
QQQ,2026-01-02 21:47:00+00:00,613.3,613.3,613.24,613.25,10296.0,54.0,613.273503
QQQ,2026-01-02 21:48:00+00:00,613.27,613.27,613.21,613.22,4927.0,60.0,613.225335
QQQ,2026-01-02 21:49:00+00:00,613.24,613.24,613.17,613.17,6546.0,63.0,613.184658
QQQ,2026-01-02 21:50:00+00:00,613.15,613.15,613.0116,613.03,7286.0,80.0,613.068209
QQQ,2026-01-02 21:51:00+00:00,613.04,613.04,613.01,613.029,8101.0,69.0,613.017533
QQQ,2026-01-02 21:52:00+00:00,613.01,613.01,612.91,612.939,7065.0,103.0,612.967158
QQQ,2026-01-02 21:53:00+00:00,612.9316,612.98,612.9316,612.9599,3770.0,46.0,612.970144
QQQ,2026-01-02 21:54:00+00:00,612.95,613.06,612.95,613.02,3174.0,31.0,613.021152
QQQ,2026-01-02 21:55:00+00:00,613.01,613.03,612.99,613.0299,7404.0,50.0,613.01127
QQQ,2026-01-02 21:56:00+00:00,613.05,613.05,613.02,613.05,3554.0,46.0,613.034033
QQQ,2026-01-02 21:57:00+00:00,613.07,613.12,613.07,613.12,2296.0,26.0,613.09847
QQQ,2026-01-02 21:58:00+00:00,613.13,613.1882,613.1199,613.14,2118.0,31.0,613.131182
QQQ,2026-01-02 21:59:00+00:00,613.2,613.25,613.2,613.25,1158.0,26.0,613.225923
QQQ,2026-01-02 22:00:00+00:00,613.25,613.26,613.25,613.25,330.0,18.0,613.253333
QQQ,2026-01-02 22:01:00+00:00,613.25,613.28,613.15,613.15,1889.0,35.0,613.184546
QQQ,2026-01-02 22:02:00+00:00,613.17,613.18,613.05,613.05,342.0,18.0,613.153729
QQQ,2026-01-02 22:03:00+00:00,613.13,613.18,613.13,613.18,623.0,17.0,613.139239
QQQ,2026-01-02 22:04:00+00:00,613.24,613.28,613.24,613.28,538.0,25.0,613.263087
QQQ,2026-01-02 22:05:00+00:00,613.24,613.24,613.24,613.24,212.0,19.0,613.24
QQQ,2026-01-02 22:06:00+00:00,613.25,613.25,613.2,613.2,580.0,28.0,613.206376
QQQ,2026-01-02 22:07:00+00:00,613.2492,613.2492,613.234,613.234,661.0,14.0,613.246667
QQQ,2026-01-02 22:08:00+00:00,613.25,613.25,613.2,613.2,1287.0,33.0,613.23625
QQQ,2026-01-02 22:09:00+00:00,613.2,613.2,613.1999,613.1999,288.0,22.0,613.199958
QQQ,2026-01-02 22:11:00+00:00,613.23,613.23,613.2,613.2,675.0,27.0,613.202105
QQQ,2026-01-02 22:12:00+00:00,613.1704,613.19,613.1704,613.1716,1031.0,24.0,613.173182
QQQ,2026-01-02 22:13:00+00:00,613.2,613.2,613.2,613.2,569.0,16.0,613.2
QQQ,2026-01-02 22:14:00+00:00,613.24,613.24,613.23,613.23,471.0,33.0,613.235
QQQ,2026-01-02 22:15:00+00:00,613.23,613.23,613.23,613.23,140.0,25.0,613.23
QQQ,2026-01-02 22:17:00+00:00,613.24,613.24,613.24,613.24,104.0,20.0,613.24
QQQ,2026-01-02 22:18:00+00:00,613.22,613.22,613.22,613.22,354.0,31.0,613.22
QQQ,2026-01-02 22:19:00+00:00,613.25,613.25,613.25,613.25,112.0,9.0,613.25
QQQ,2026-01-02 22:20:00+00:00,613.2,613.22,613.2,613.22,1347.0,22.0,613.201015
QQQ,2026-01-02 22:22:00+00:00,613.25,613.25,613.25,613.25,142.0,15.0,613.25
QQQ,2026-01-02 22:23:00+00:00,613.25,613.25,613.25,613.25,773.0,26.0,613.25
QQQ,2026-01-02 22:24:00+00:00,613.24,613.24,613.24,613.24,191.0,33.0,613.24
QQQ,2026-01-02 22:25:00+00:00,613.1984,613.1984,613.1984,613.1984,120.0,32.0,613.1984
QQQ,2026-01-02 22:26:00+00:00,613.16,613.16,613.16,613.16,229.0,32.0,613.16
QQQ,2026-01-02 22:28:00+00:00,613.158,613.158,613.15,613.15,171.0,22.0,613.153774
QQQ,2026-01-02 22:29:00+00:00,613.2,613.2,613.11,613.13,1830.0,48.0,613.139858
QQQ,2026-01-02 22:31:00+00:00,613.15,613.15,613.15,613.15,329.0,19.0,613.15
QQQ,2026-01-02 22:33:00+00:00,613.1991,613.1991,613.1991,613.1991,188.0,16.0,613.1991
QQQ,2026-01-02 22:34:00+00:00,613.15,613.15,613.15,613.15,1213.0,38.0,613.15
QQQ,2026-01-02 22:35:00+00:00,613.15,613.15,613.1,613.1,1168.0,61.0,613.111814
QQQ,2026-01-02 22:37:00+00:00,613.11,613.11,613.11,613.11,116.0,24.0,613.11
QQQ,2026-01-02 22:38:00+00:00,613.12,613.12,613.11,613.11,281.0,18.0,613.116758
QQQ,2026-01-02 22:40:00+00:00,613.11,613.12,613.1,613.1199,2115.0,25.0,613.118211
QQQ,2026-01-02 22:41:00+00:00,613.1194,613.16,613.1194,613.16,1918.0,30.0,613.121923
QQQ,2026-01-02 22:44:00+00:00,613.1193,613.1193,613.1,613.1,1045.0,41.0,613.118
QQQ,2026-01-02 22:45:00+00:00,613.0899,613.0899,613.0899,613.0899,1073.0,21.0,613.0899
QQQ,2026-01-02 22:46:00+00:00,613.0899,613.12,613.0899,613.1199,1561.0,27.0,613.091902
QQQ,2026-01-02 22:48:00+00:00,613.1114,613.15,613.1114,613.15,388.0,22.0,613.120014
QQQ,2026-01-02 22:51:00+00:00,613.17,613.18,613.17,613.18,271.0,20.0,613.17202
QQQ,2026-01-02 22:54:00+00:00,613.19,613.24,613.17,613.17,342.0,42.0,613.211518
QQQ,2026-01-02 22:55:00+00:00,613.16,613.16,613.15,613.16,307.0,31.0,613.157863
QQQ,2026-01-02 22:56:00+00:00,613.11,613.11,613.11,613.11,166.0,26.0,613.11
QQQ,2026-01-02 22:57:00+00:00,613.08,613.08,613.08,613.08,142.0,10.0,613.08
QQQ,2026-01-02 22:58:00+00:00,613.12,613.2,613.1,613.2,1407.0,42.0,613.14891
QQQ,2026-01-02 22:59:00+00:00,613.19,613.25,613.18,613.25,2085.0,66.0,613.225787
QQQ,2026-01-02 23:00:00+00:00,613.28,613.29,613.28,613.29,2081.0,21.0,613.282878
QQQ,2026-01-02 23:01:00+00:00,613.3,613.3,613.3,613.3,425.0,22.0,613.3
QQQ,2026-01-02 23:02:00+00:00,613.3,613.3,613.28,613.3,545.0,16.0,613.285761
QQQ,2026-01-02 23:04:00+00:00,613.22,613.22,613.22,613.22,132.0,10.0,613.22
QQQ,2026-01-02 23:05:00+00:00,613.318,613.32,613.318,613.32,269.0,17.0,613.318582
QQQ,2026-01-02 23:08:00+00:00,613.33,613.33,613.3,613.3,829.0,19.0,613.326206
QQQ,2026-01-02 23:09:00+00:00,613.3,613.3,613.3,613.3,246.0,15.0,613.3
QQQ,2026-01-02 23:10:00+00:00,613.2518,613.2898,613.2518,613.2898,224.0,17.0,613.268452
QQQ,2026-01-02 23:11:00+00:00,613.27,613.27,613.27,613.27,119.0,12.0,613.27
QQQ,2026-01-02 23:12:00+00:00,613.3,613.4,613.3,613.4,741.0,41.0,613.361734
QQQ,2026-01-02 23:14:00+00:00,613.374,613.374,613.374,613.374,66.0,19.0,613.374
QQQ,2026-01-02 23:15:00+00:00,613.32,613.32,613.32,613.32,84.0,13.0,613.32
QQQ,2026-01-02 23:17:00+00:00,613.21,613.21,613.15,613.15,469.0,24.0,613.183202
QQQ,2026-01-02 23:18:00+00:00,613.18,613.27,613.18,613.27,351.0,18.0,613.254949
QQQ,2026-01-02 23:19:00+00:00,613.3,613.3,613.2632,613.2632,126.0,10.0,613.281414
QQQ,2026-01-02 23:20:00+00:00,613.3,613.3,613.3,613.3,106.0,17.0,613.3
QQQ,2026-01-02 23:21:00+00:00,613.32,613.32,613.32,613.32,334.0,14.0,613.32
QQQ,2026-01-02 23:22:00+00:00,613.32,613.32,613.31,613.31,313.0,17.0,613.315492
QQQ,2026-01-02 23:23:00+00:00,613.37,613.37,613.3,613.3,451.0,17.0,613.328774
QQQ,2026-01-02 23:24:00+00:00,613.2162,613.2162,613.2162,613.2162,115.0,14.0,613.2162
QQQ,2026-01-02 23:25:00+00:00,613.29,613.29,613.29,613.29,76.0,13.0,613.29
QQQ,2026-01-02 23:26:00+00:00,613.2601,613.2601,613.2601,613.2601,1116.0,12.0,613.2601
QQQ,2026-01-02 23:27:00+00:00,613.3,613.3,613.2421,613.2421,155.0,17.0,613.268823
QQQ,2026-01-02 23:31:00+00:00,613.29,613.2988,613.29,613.2988,488.0,17.0,613.296904
QQQ,2026-01-02 23:33:00+00:00,613.3,613.3,613.2999,613.2999,578.0,22.0,613.299924
QQQ,2026-01-02 23:35:00+00:00,613.22,613.23,613.22,613.23,345.0,35.0,613.226061
QQQ,2026-01-02 23:38:00+00:00,613.26,613.29,613.26,613.29,374.0,25.0,613.269318
QQQ,2026-01-02 23:40:00+00:00,613.29,613.3,613.29,613.3,424.0,12.0,613.296742
QQQ,2026-01-02 23:42:00+00:00,613.38,613.38,613.38,613.38,59.0,8.0,613.38
QQQ,2026-01-02 23:43:00+00:00,613.35,613.35,613.35,613.35,639.0,20.0,613.35
QQQ,2026-01-02 23:44:00+00:00,613.3,613.3,613.3,613.3,248.0,17.0,613.3
QQQ,2026-01-02 23:45:00+00:00,613.35,613.35,613.35,613.35,250.0,19.0,613.35
QQQ,2026-01-02 23:46:00+00:00,613.36,613.4,613.36,613.4,4131.0,30.0,613.395048
QQQ,2026-01-02 23:47:00+00:00,613.4,613.4,613.4,613.4,624.0,12.0,613.4
QQQ,2026-01-02 23:48:00+00:00,613.4,613.4,613.4,613.4,1054.0,21.0,613.4
QQQ,2026-01-02 23:49:00+00:00,613.44,613.441,613.44,613.441,913.0,14.0,613.440674
QQQ,2026-01-02 23:51:00+00:00,613.44,613.44,613.44,613.44,159.0,12.0,613.44
QQQ,2026-01-02 23:52:00+00:00,613.45,613.45,613.44,613.44,2163.0,23.0,613.440239
QQQ,2026-01-02 23:53:00+00:00,613.44,613.4796,613.44,613.4796,210.0,17.0,613.470115
QQQ,2026-01-02 23:54:00+00:00,613.44,613.44,613.44,613.44,1025.0,21.0,613.44
QQQ,2026-01-02 23:58:00+00:00,613.44,613.44,613.44,613.44,151.0,14.0,613.44
QQQ,2026-01-02 23:59:00+00:00,613.48,613.48,613.4795,613.4795,570.0,13.0,613.479759
QQQ,2026-01-03 00:00:00+00:00,613.47,613.47,613.47,613.47,152.0,8.0,613.47
QQQ,2026-01-03 00:05:00+00:00,613.48,613.48,613.46,613.46,1021.0,18.0,613.47435
QQQ,2026-01-03 00:06:00+00:00,613.48,613.48,613.48,613.48,411.0,5.0,613.48
QQQ,2026-01-03 00:10:00+00:00,613.46,613.5,613.46,613.5,729.0,21.0,613.493846
QQQ,2026-01-03 00:12:00+00:00,613.4458,613.5,613.4458,613.5,406.0,25.0,613.483528
QQQ,2026-01-03 00:13:00+00:00,613.5416,613.5416,613.41,613.41,724.0,26.0,613.455104
QQQ,2026-01-03 00:14:00+00:00,613.45,613.45,613.45,613.45,82.0,8.0,613.45
QQQ,2026-01-03 00:17:00+00:00,613.45,613.45,613.45,613.45,309.0,9.0,613.45
QQQ,2026-01-03 00:22:00+00:00,613.44,613.45,613.44,613.45,290.0,11.0,613.443158
QQQ,2026-01-03 00:23:00+00:00,613.46,613.46,613.46,613.46,239.0,22.0,613.46
QQQ,2026-01-03 00:24:00+00:00,613.4501,613.4501,613.4501,613.4501,131.0,16.0,613.4501
QQQ,2026-01-03 00:26:00+00:00,613.45,613.45,613.45,613.45,186.0,10.0,613.45
QQQ,2026-01-03 00:27:00+00:00,613.42,613.42,613.4,613.4,1048.0,28.0,613.403293
QQQ,2026-01-03 00:28:00+00:00,613.45,613.45,613.45,613.45,142.0,13.0,613.45
QQQ,2026-01-03 00:30:00+00:00,613.4,613.4,613.4,613.4,134.0,7.0,613.4
QQQ,2026-01-03 00:33:00+00:00,613.46,613.46,613.46,613.46,228.0,13.0,613.46
QQQ,2026-01-03 00:34:00+00:00,613.48,613.48,613.48,613.48,186.0,8.0,613.48
QQQ,2026-01-03 00:35:00+00:00,613.48,613.48,613.48,613.48,86.0,7.0,613.48
QQQ,2026-01-03 00:38:00+00:00,613.48,613.4999,613.48,613.4999,349.0,17.0,613.486934
QQQ,2026-01-03 00:39:00+00:00,613.5,613.52,613.48,613.48,538.0,17.0,613.495641
QQQ,2026-01-03 00:40:00+00:00,613.4802,613.4802,613.48,613.48,617.0,8.0,613.480133
QQQ,2026-01-03 00:41:00+00:00,613.4804,613.5,613.4804,613.5,223.0,17.0,613.4902
QQQ,2026-01-03 00:42:00+00:00,613.49,613.49,613.49,613.49,249.0,18.0,613.49
QQQ,2026-01-03 00:43:00+00:00,613.48,613.4999,613.48,613.48,1653.0,14.0,613.495503
QQQ,2026-01-03 00:44:00+00:00,613.49,613.5,613.49,613.5,263.0,15.0,613.497872
QQQ,2026-01-03 00:45:00+00:00,613.5,613.5,613.5,613.5,164.0,21.0,613.5
QQQ,2026-01-03 00:46:00+00:00,613.48,613.48,613.48,613.48,171.0,18.0,613.48
QQQ,2026-01-03 00:47:00+00:00,613.48,613.5098,613.48,613.5098,333.0,30.0,613.504055
QQQ,2026-01-03 00:48:00+00:00,613.51,613.51,613.51,613.51,137.0,10.0,613.51
QQQ,2026-01-03 00:49:00+00:00,613.48,613.48,613.48,613.48,282.0,12.0,613.48
QQQ,2026-01-03 00:51:00+00:00,613.46,613.46,613.4137,613.4137,1269.0,30.0,613.444447
QQQ,2026-01-03 00:52:00+00:00,613.45,613.48,613.45,613.48,611.0,17.0,613.460736
QQQ,2026-01-03 00:53:00+00:00,613.5,613.55,613.5,613.55,1032.0,19.0,613.523406
QQQ,2026-01-03 00:54:00+00:00,613.55,613.55,613.55,613.55,270.0,23.0,613.55
QQQ,2026-01-03 00:55:00+00:00,613.55,613.55,613.5,613.55,264.0,15.0,613.537129
QQQ,2026-01-03 00:56:00+00:00,613.55,613.55,613.55,613.55,306.0,15.0,613.55
QQQ,2026-01-03 00:57:00+00:00,613.5592,613.5592,613.5592,613.5592,211.0,13.0,613.5592
QQQ,2026-01-03 00:58:00+00:00,613.56,613.58,613.56,613.58,1585.0,17.0,613.565013
QQQ,2026-01-03 00:59:00+00:00,613.58,613.7,613.58,613.69,2457.0,67.0,613.620357
QQQ,2026-01-05 09:00:00+00:00,616.01,616.29,616.01,616.29,970.0,47.0,616.152946
QQQ,2026-01-05 09:01:00+00:00,616.15,616.19,616.11,616.12,836.0,34.0,616.143156
QQQ,2026-01-05 09:02:00+00:00,616.1,616.34,616.05,616.34,2338.0,48.0,616.114957
QQQ,2026-01-05 09:03:00+00:00,616.33,616.42,616.33,616.42,505.0,26.0,616.39087
QQQ,2026-01-05 09:04:00+00:00,616.46,616.55,616.46,616.55,1652.0,41.0,616.534615
QQQ,2026-01-05 09:05:00+00:00,616.61,616.66,616.55,616.6,2407.0,54.0,616.596808
QQQ,2026-01-05 09:06:00+00:00,616.62,616.62,616.5,616.57,3712.0,65.0,616.556089
QQQ,2026-01-05 09:07:00+00:00,616.59,616.59,616.34,616.38,2211.0,48.0,616.474704
QQQ,2026-01-05 09:08:00+00:00,616.43,616.49,616.43,616.48,1128.0,29.0,616.473905
QQQ,2026-01-05 09:09:00+00:00,616.48,616.52,616.38,616.46,4417.0,77.0,616.452741
QQQ,2026-01-05 09:10:00+00:00,616.44,616.47,616.44,616.45,687.0,27.0,616.453158
QQQ,2026-01-05 09:11:00+00:00,616.51,616.51,616.42,616.44,1209.0,31.0,616.471705
QQQ,2026-01-05 09:12:00+00:00,616.43,616.43,616.31,616.42,1275.0,47.0,616.359532
QQQ,2026-01-05 09:13:00+00:00,616.46,616.55,616.45,616.55,1408.0,37.0,616.509861
QQQ,2026-01-05 09:14:00+00:00,616.55,616.55,616.47,616.47,4048.0,38.0,616.498219
QQQ,2026-01-05 09:15:00+00:00,616.4,616.4,616.31,616.31,1863.0,35.0,616.330243
QQQ,2026-01-05 09:16:00+00:00,616.28,616.36,616.25,616.36,2467.0,42.0,616.311762
QQQ,2026-01-05 09:17:00+00:00,616.42,616.42,616.34,616.34,1632.0,44.0,616.366711
QQQ,2026-01-05 09:18:00+00:00,616.32,616.39,616.32,616.39,667.0,18.0,616.348286
QQQ,2026-01-05 09:19:00+00:00,616.42,616.46,616.39,616.46,602.0,16.0,616.415289
QQQ,2026-01-05 09:20:00+00:00,616.43,616.48,616.43,616.48,202.0,15.0,616.455
QQQ,2026-01-05 09:21:00+00:00,616.53,616.56,616.49,616.56,547.0,16.0,616.535467
QQQ,2026-01-05 09:22:00+00:00,616.6,616.62,616.57,616.57,2003.0,58.0,616.604082
QQQ,2026-01-05 09:23:00+00:00,616.51,616.51,616.45,616.45,1648.0,51.0,616.495005
QQQ,2026-01-05 09:24:00+00:00,616.4,616.4,616.1,616.1,5789.0,120.0,616.198001
QQQ,2026-01-05 09:25:00+00:00,616.1,616.11,615.83,615.86,3877.0,79.0,615.995556
QQQ,2026-01-05 09:26:00+00:00,615.9,615.91,615.84,615.87,2525.0,63.0,615.868812
QQQ,2026-01-05 09:27:00+00:00,615.87,616.0,615.87,616.0,1462.0,41.0,615.955977
QQQ,2026-01-05 09:28:00+00:00,615.97,616.04,615.97,615.99,3982.0,79.0,615.999484
QQQ,2026-01-05 09:29:00+00:00,615.98,615.98,615.94,615.94,448.0,18.0,615.947955
QQQ,2026-01-05 09:30:00+00:00,615.87,615.91,615.82,615.9,3667.0,65.0,615.863083
QQQ,2026-01-05 09:31:00+00:00,615.9,616.04,615.87,616.04,2260.0,38.0,615.936899
QQQ,2026-01-05 09:32:00+00:00,616.05,616.05,616.0,616.0,615.0,22.0,616.021951
QQQ,2026-01-05 09:33:00+00:00,615.97,615.97,615.97,615.97,206.0,10.0,615.97
QQQ,2026-01-05 09:34:00+00:00,616.05,616.1,616.05,616.06,1016.0,22.0,616.074415
QQQ,2026-01-05 09:35:00+00:00,616.1,616.19,616.09,616.19,1250.0,27.0,616.122857
QQQ,2026-01-05 09:36:00+00:00,616.19,616.19,616.08,616.13,1101.0,34.0,616.140254
QQQ,2026-01-05 09:37:00+00:00,616.08,616.25,616.08,616.25,646.0,18.0,616.137725
QQQ,2026-01-05 09:38:00+00:00,616.2,616.2,616.16,616.16,990.0,24.0,616.197633
QQQ,2026-01-05 09:39:00+00:00,616.27,616.33,616.27,616.33,417.0,16.0,616.291951
QQQ,2026-01-05 09:40:00+00:00,616.4,616.4,616.35,616.4,828.0,25.0,616.372376
QQQ,2026-01-05 09:41:00+00:00,616.49,616.5,616.45,616.45,921.0,26.0,616.476467
QQQ,2026-01-05 09:43:00+00:00,616.36,616.37,616.16,616.2,2055.0,51.0,616.23599
QQQ,2026-01-05 09:44:00+00:00,616.28,616.32,616.21,616.32,2037.0,34.0,616.233017
QQQ,2026-01-05 09:45:00+00:00,616.35,616.35,616.29,616.29,863.0,21.0,616.298267
QQQ,2026-01-05 09:46:00+00:00,616.26,616.27,616.24,616.24,351.0,15.0,616.249932
QQQ,2026-01-05 09:47:00+00:00,616.36,616.41,616.36,616.41,302.0,12.0,616.393058
QQQ,2026-01-05 09:48:00+00:00,616.34,616.34,616.16,616.17,513.0,15.0,616.220708
QQQ,2026-01-05 09:49:00+00:00,616.13,616.17,616.1,616.1,1831.0,39.0,616.134561
QQQ,2026-01-05 09:50:00+00:00,616.1,616.32,616.09,616.29,750.0,19.0,616.232525
QQQ,2026-01-05 09:51:00+00:00,616.46,616.46,616.41,616.41,984.0,29.0,616.442907
QQQ,2026-01-05 09:52:00+00:00,616.39,616.39,616.37,616.37,388.0,17.0,616.384483
QQQ,2026-01-05 09:53:00+00:00,616.4,616.41,616.31,616.31,1259.0,23.0,616.361084
QQQ,2026-01-05 09:54:00+00:00,616.34,616.34,616.23,616.23,3724.0,59.0,616.275733
QQQ,2026-01-05 09:55:00+00:00,616.27,616.27,616.2,616.21,541.0,19.0,616.209811
QQQ,2026-01-05 09:56:00+00:00,616.05,616.07,616.05,616.07,470.0,24.0,616.055
QQQ,2026-01-05 09:57:00+00:00,616.07,616.13,616.07,616.13,329.0,22.0,616.099524
QQQ,2026-01-05 09:58:00+00:00,616.09,616.2,616.09,616.19,985.0,33.0,616.148312
QQQ,2026-01-05 09:59:00+00:00,616.16,616.21,616.16,616.21,708.0,23.0,616.202308
QQQ,2026-01-05 10:00:00+00:00,616.25,616.4,616.24,616.37,1219.0,38.0,616.325945
QQQ,2026-01-05 10:01:00+00:00,616.35,616.36,616.3,616.3,1265.0,25.0,616.331212
QQQ,2026-01-05 10:02:00+00:00,616.3,616.36,616.24,616.24,2152.0,36.0,616.302484
QQQ,2026-01-05 10:03:00+00:00,616.2,616.21,616.19,616.2,649.0,14.0,616.202542
QQQ,2026-01-05 10:05:00+00:00,616.45,616.52,616.45,616.52,592.0,21.0,616.488647
QQQ,2026-01-05 10:06:00+00:00,616.51,616.58,616.51,616.58,2188.0,57.0,616.536
QQQ,2026-01-05 10:07:00+00:00,616.54,616.54,616.46,616.53,557.0,17.0,616.518261
QQQ,2026-01-05 10:08:00+00:00,616.53,616.66,616.53,616.66,2386.0,41.0,616.644458
QQQ,2026-01-05 10:09:00+00:00,616.66,616.7,616.63,616.65,5059.0,87.0,616.669972
QQQ,2026-01-05 10:10:00+00:00,616.65,616.68,616.6,616.6,915.0,25.0,616.64478
QQQ,2026-01-05 10:11:00+00:00,616.65,616.65,616.64,616.64,379.0,8.0,616.641176
QQQ,2026-01-05 10:12:00+00:00,616.68,616.69,616.63,616.69,2519.0,64.0,616.659558
QQQ,2026-01-05 10:13:00+00:00,616.73,616.97,616.73,616.97,1151.0,41.0,616.92899
QQQ,2026-01-05 10:14:00+00:00,616.93,616.93,616.91,616.91,1292.0,25.0,616.922978
QQQ,2026-01-05 10:15:00+00:00,616.89,616.96,616.89,616.96,793.0,24.0,616.936532
QQQ,2026-01-05 10:16:00+00:00,616.89,616.94,616.89,616.93,1545.0,40.0,616.904496
QQQ,2026-01-05 10:17:00+00:00,616.93,617.01,616.92,616.92,3925.0,68.0,616.99506
QQQ,2026-01-05 10:18:00+00:00,616.97,616.99,616.97,616.99,502.0,16.0,616.984286
QQQ,2026-01-05 10:19:00+00:00,617.0,617.07,617.0,617.01,1111.0,28.0,617.023613
QQQ,2026-01-05 10:20:00+00:00,617.07,617.08,617.0,617.0,1496.0,33.0,617.045313
QQQ,2026-01-05 10:21:00+00:00,617.08,617.14,617.06,617.14,2556.0,59.0,617.106371
QQQ,2026-01-05 10:22:00+00:00,617.11,617.13,617.11,617.13,756.0,26.0,617.126466
QQQ,2026-01-05 10:23:00+00:00,617.03,617.03,617.03,617.03,169.0,12.0,617.03
QQQ,2026-01-05 10:24:00+00:00,617.16,617.16,617.09,617.09,499.0,25.0,617.13
QQQ,2026-01-05 10:25:00+00:00,617.11,617.15,617.09,617.15,360.0,18.0,617.112441
QQQ,2026-01-05 10:26:00+00:00,617.15,617.19,617.04,617.04,927.0,28.0,617.144408
QQQ,2026-01-05 10:27:00+00:00,617.0,617.01,616.99,617.01,634.0,26.0,616.998955
QQQ,2026-01-05 10:28:00+00:00,616.96,617.02,616.95,617.02,1746.0,39.0,616.997574
QQQ,2026-01-05 10:29:00+00:00,617.0,617.0,616.96,616.96,1462.0,34.0,616.988302
QQQ,2026-01-05 10:30:00+00:00,616.9,616.9,616.84,616.84,346.0,24.0,616.850345
QQQ,2026-01-05 10:31:00+00:00,616.83,616.91,616.83,616.91,970.0,20.0,616.858671
QQQ,2026-01-05 10:32:00+00:00,616.88,616.9,616.88,616.9,3397.0,36.0,616.89279
QQQ,2026-01-05 10:33:00+00:00,616.9,616.9,616.83,616.9,1387.0,39.0,616.894012
QQQ,2026-01-05 10:34:00+00:00,616.95,617.0,616.91,616.91,714.0,28.0,616.962471
QQQ,2026-01-05 10:35:00+00:00,616.91,616.97,616.91,616.97,514.0,21.0,616.927261
QQQ,2026-01-05 10:36:00+00:00,616.93,616.94,616.9,616.9,2321.0,51.0,616.924409
QQQ,2026-01-05 10:37:00+00:00,616.86,616.9,616.86,616.88,275.0,16.0,616.885
QQQ,2026-01-05 10:38:00+00:00,616.86,616.9,616.86,616.9,785.0,15.0,616.865027
QQQ,2026-01-05 10:39:00+00:00,616.86,616.86,616.73,616.79,2634.0,52.0,616.81776
QQQ,2026-01-05 10:40:00+00:00,616.82,616.82,616.78,616.78,357.0,13.0,616.805047
QQQ,2026-01-05 10:41:00+00:00,616.94,616.97,616.94,616.97,764.0,18.0,616.959264
QQQ,2026-01-05 10:42:00+00:00,617.06,617.06,616.97,616.97,467.0,20.0,617.00989
QQQ,2026-01-05 10:43:00+00:00,616.95,616.97,616.91,616.92,938.0,20.0,616.937147
QQQ,2026-01-05 10:44:00+00:00,616.87,616.91,616.87,616.87,690.0,23.0,616.88172
QQQ,2026-01-05 10:45:00+00:00,616.91,617.03,616.91,617.03,1858.0,34.0,616.987795
QQQ,2026-01-05 10:46:00+00:00,617.05,617.15,617.03,617.15,3300.0,63.0,617.064611
QQQ,2026-01-05 10:47:00+00:00,617.11,617.13,617.11,617.12,496.0,25.0,617.122216
QQQ,2026-01-05 10:48:00+00:00,617.2,617.25,617.14,617.14,2095.0,55.0,617.207209
QQQ,2026-01-05 10:49:00+00:00,617.13,617.23,617.13,617.23,555.0,21.0,617.171682
QQQ,2026-01-05 10:50:00+00:00,617.16,617.16,617.11,617.11,726.0,28.0,617.137045
QQQ,2026-01-05 10:51:00+00:00,617.16,617.16,617.16,617.16,267.0,13.0,617.16
QQQ,2026-01-05 10:52:00+00:00,617.13,617.13,617.1,617.1,1040.0,19.0,617.102581
QQQ,2026-01-05 10:53:00+00:00,617.08,617.08,616.99,617.04,1226.0,57.0,617.044446
QQQ,2026-01-05 10:54:00+00:00,617.06,617.25,617.06,617.25,1131.0,33.0,617.098633
QQQ,2026-01-05 10:55:00+00:00,617.27,617.28,617.27,617.27,500.0,19.0,617.271411
QQQ,2026-01-05 10:56:00+00:00,617.16,617.21,617.16,617.21,189.0,11.0,617.18243
QQQ,2026-01-05 10:57:00+00:00,617.09,617.14,617.09,617.12,861.0,21.0,617.114587
QQQ,2026-01-05 10:58:00+00:00,617.17,617.2,617.16,617.2,644.0,15.0,617.171786
QQQ,2026-01-05 10:59:00+00:00,617.27,617.27,617.19,617.19,1606.0,33.0,617.224767
QQQ,2026-01-05 11:00:00+00:00,617.2,617.21,617.17,617.21,1886.0,36.0,617.189761
QQQ,2026-01-05 11:01:00+00:00,617.23,617.23,617.21,617.21,1181.0,24.0,617.215683
QQQ,2026-01-05 11:02:00+00:00,617.27,617.28,617.27,617.28,504.0,19.0,617.278516
QQQ,2026-01-05 11:03:00+00:00,617.27,617.27,617.24,617.26,1667.0,32.0,617.248565
QQQ,2026-01-05 11:04:00+00:00,617.29,617.3,617.29,617.3,1300.0,23.0,617.294935
QQQ,2026-01-05 11:05:00+00:00,617.26,617.34,617.26,617.34,979.0,32.0,617.293855
QQQ,2026-01-05 11:06:00+00:00,617.31,617.38,617.31,617.37,1529.0,34.0,617.346944
QQQ,2026-01-05 11:07:00+00:00,617.37,617.41,617.36,617.37,4123.0,90.0,617.385861
QQQ,2026-01-05 11:08:00+00:00,617.38,617.38,617.17,617.17,3399.0,76.0,617.320436
QQQ,2026-01-05 11:09:00+00:00,617.18,617.18,616.99,617.02,2702.0,82.0,617.058473
QQQ,2026-01-05 11:10:00+00:00,617.05,617.11,617.05,617.08,674.0,19.0,617.080784
QQQ,2026-01-05 11:11:00+00:00,617.06,617.06,617.04,617.04,247.0,11.0,617.05
QQQ,2026-01-05 11:12:00+00:00,617.02,617.12,617.02,617.12,598.0,10.0,617.048448
QQQ,2026-01-05 11:13:00+00:00,617.09,617.09,617.09,617.09,81.0,6.0,617.09
QQQ,2026-01-05 11:14:00+00:00,617.19,617.19,617.14,617.14,1502.0,35.0,617.1598
QQQ,2026-01-05 11:15:00+00:00,617.23,617.26,617.2,617.21,5286.0,87.0,617.235705
QQQ,2026-01-05 11:16:00+00:00,617.24,617.26,617.21,617.21,1445.0,32.0,617.236399
QQQ,2026-01-05 11:17:00+00:00,617.22,617.22,617.18,617.21,2282.0,61.0,617.1965
QQQ,2026-01-05 11:18:00+00:00,617.19,617.19,617.16,617.16,306.0,11.0,617.17381
QQQ,2026-01-05 11:19:00+00:00,617.19,617.24,617.19,617.24,359.0,15.0,617.213182
QQQ,2026-01-05 11:20:00+00:00,617.31,617.31,617.26,617.27,537.0,11.0,617.292917
QQQ,2026-01-05 11:21:00+00:00,617.32,617.33,617.32,617.33,255.0,13.0,617.325556
QQQ,2026-01-05 11:22:00+00:00,617.27,617.33,617.27,617.33,616.0,16.0,617.300229
QQQ,2026-01-05 11:23:00+00:00,617.31,617.46,617.31,617.46,1588.0,45.0,617.412238
QQQ,2026-01-05 11:24:00+00:00,617.48,617.51,617.37,617.38,2657.0,73.0,617.466768
QQQ,2026-01-05 11:25:00+00:00,617.44,617.44,617.4,617.42,1383.0,32.0,617.412964
QQQ,2026-01-05 11:26:00+00:00,617.46,617.49,617.44,617.46,2365.0,47.0,617.471834
QQQ,2026-01-05 11:28:00+00:00,617.28,617.3,617.28,617.29,724.0,18.0,617.290145
QQQ,2026-01-05 11:29:00+00:00,617.25,617.26,617.07,617.07,623.0,49.0,617.180636
QQQ,2026-01-05 11:30:00+00:00,617.11,617.17,617.11,617.17,488.0,16.0,617.149701
QQQ,2026-01-05 11:31:00+00:00,617.18,617.18,617.18,617.18,294.0,12.0,617.18
QQQ,2026-01-05 11:32:00+00:00,617.29,617.35,617.29,617.35,204.0,9.0,617.326
QQQ,2026-01-05 11:33:00+00:00,617.39,617.4,617.3,617.3,7010.0,102.0,617.387232
QQQ,2026-01-05 11:34:00+00:00,617.32,617.32,617.31,617.31,649.0,17.0,617.311087
QQQ,2026-01-05 11:35:00+00:00,617.42,617.42,617.42,617.42,324.0,13.0,617.42
QQQ,2026-01-05 11:36:00+00:00,617.43,617.51,617.43,617.48,672.0,24.0,617.492075
QQQ,2026-01-05 11:37:00+00:00,617.49,617.59,617.44,617.59,1989.0,46.0,617.483078
QQQ,2026-01-05 11:38:00+00:00,617.57,617.6,617.57,617.6,481.0,22.0,617.585902
QQQ,2026-01-05 11:39:00+00:00,617.59,617.62,617.51,617.52,1054.0,32.0,617.56409
QQQ,2026-01-05 11:40:00+00:00,617.57,617.6,617.53,617.6,751.0,19.0,617.563383
QQQ,2026-01-05 11:41:00+00:00,617.62,617.62,617.58,617.6,1606.0,42.0,617.598525
QQQ,2026-01-05 11:42:00+00:00,617.6,617.6,617.48,617.5,6405.0,108.0,617.522815
QQQ,2026-01-05 11:43:00+00:00,617.47,617.51,617.45,617.51,989.0,26.0,617.475971
QQQ,2026-01-05 11:44:00+00:00,617.52,617.52,617.52,617.52,156.0,14.0,617.52
QQQ,2026-01-05 11:45:00+00:00,617.53,617.54,617.51,617.51,1349.0,53.0,617.529361
QQQ,2026-01-05 11:46:00+00:00,617.49,617.49,617.45,617.48,644.0,29.0,617.476874
QQQ,2026-01-05 11:47:00+00:00,617.53,617.53,617.5,617.5,707.0,18.0,617.507692
QQQ,2026-01-05 11:48:00+00:00,617.57,617.65,617.57,617.65,1552.0,38.0,617.633088
QQQ,2026-01-05 11:49:00+00:00,617.62,617.63,617.6,617.6,1024.0,30.0,617.617515
QQQ,2026-01-05 11:50:00+00:00,617.6,617.63,617.6,617.63,1218.0,33.0,617.625738
QQQ,2026-01-05 11:51:00+00:00,617.64,617.64,617.64,617.64,371.0,16.0,617.64
QQQ,2026-01-05 11:52:00+00:00,617.66,617.76,617.65,617.75,10598.0,144.0,617.696609
QQQ,2026-01-05 11:53:00+00:00,617.69,617.69,617.59,617.59,997.0,36.0,617.643245
QQQ,2026-01-05 11:54:00+00:00,617.6,617.6,617.57,617.57,564.0,21.0,617.594762
QQQ,2026-01-05 11:55:00+00:00,617.59,617.62,617.59,617.62,1257.0,25.0,617.605142
QQQ,2026-01-05 11:56:00+00:00,617.67,617.67,617.63,617.63,519.0,25.0,617.643634
QQQ,2026-01-05 11:57:00+00:00,617.65,617.65,617.64,617.65,2604.0,31.0,617.649668
QQQ,2026-01-05 11:58:00+00:00,617.6,617.6,617.55,617.56,1823.0,46.0,617.573532
QQQ,2026-01-05 11:59:00+00:00,617.59,617.6,617.51,617.52,1149.0,34.0,617.545508
QQQ,2026-01-05 12:00:00+00:00,617.54,617.8,617.49,617.8,10923.0,204.0,617.649331
QQQ,2026-01-05 12:01:00+00:00,617.85,617.97,617.75,617.75,4430.0,107.0,617.877348
QQQ,2026-01-05 12:02:00+00:00,617.74,617.77,617.5,617.55,4250.0,91.0,617.644595
QQQ,2026-01-05 12:03:00+00:00,617.52,617.58,617.49,617.5,5528.0,70.0,617.524997
QQQ,2026-01-05 12:04:00+00:00,617.531,617.531,617.45,617.47,3366.0,58.0,617.489349
QQQ,2026-01-05 12:05:00+00:00,617.47,617.54,617.37,617.53,5356.0,93.0,617.473753
QQQ,2026-01-05 12:06:00+00:00,617.49,617.76,617.49,617.73,13090.0,190.0,617.607561
QQQ,2026-01-05 12:07:00+00:00,617.73,617.8,617.72,617.751,5539.0,80.0,617.74955
QQQ,2026-01-05 12:08:00+00:00,617.77,617.8,617.66,617.7,3435.0,81.0,617.7456
QQQ,2026-01-05 12:09:00+00:00,617.64,617.64,617.58,617.58,625.0,29.0,617.606287
QQQ,2026-01-05 12:10:00+00:00,617.6,617.63,617.55,617.6,3859.0,64.0,617.591633
QQQ,2026-01-05 12:11:00+00:00,617.66,617.691,617.65,617.65,1579.0,20.0,617.667023
QQQ,2026-01-05 12:12:00+00:00,617.61,617.61,617.61,617.61,76.0,11.0,617.61
QQQ,2026-01-05 12:13:00+00:00,617.59,617.59,617.56,617.56,485.0,19.0,617.568727
QQQ,2026-01-05 12:14:00+00:00,617.521,617.59,617.521,617.57,2024.0,32.0,617.571452
QQQ,2026-01-05 12:15:00+00:00,617.57,617.59,617.53,617.55,2418.0,41.0,617.561529
QQQ,2026-01-05 12:16:00+00:00,617.55,617.56,617.52,617.56,3231.0,41.0,617.532611
QQQ,2026-01-05 12:17:00+00:00,617.54,617.54,617.48,617.54,786.0,49.0,617.52482
QQQ,2026-01-05 12:18:00+00:00,617.49,617.55,617.49,617.54,1725.0,44.0,617.53244
QQQ,2026-01-05 12:19:00+00:00,617.55,617.61,617.55,617.61,1407.0,33.0,617.598633
QQQ,2026-01-05 12:20:00+00:00,617.64,617.74,617.64,617.74,2273.0,40.0,617.696145
QQQ,2026-01-05 12:21:00+00:00,617.68,617.68,617.68,617.68,308.0,19.0,617.68
QQQ,2026-01-05 12:22:00+00:00,617.66,617.68,617.66,617.68,935.0,21.0,617.665471
QQQ,2026-01-05 12:23:00+00:00,617.65,617.7,617.64,617.64,3289.0,67.0,617.665679
QQQ,2026-01-05 12:24:00+00:00,617.65,617.65,617.57,617.58,1390.0,34.0,617.602921
QQQ,2026-01-05 12:25:00+00:00,617.54,617.56,617.54,617.56,275.0,13.0,617.553333
QQQ,2026-01-05 12:26:00+00:00,617.58,617.58,617.52,617.52,884.0,37.0,617.551302
QQQ,2026-01-05 12:27:00+00:00,617.46,617.47,617.43,617.43,1782.0,44.0,617.449318
QQQ,2026-01-05 12:28:00+00:00,617.4,617.4,617.3,617.3,2921.0,63.0,617.364016
QQQ,2026-01-05 12:29:00+00:00,617.31,617.37,617.3,617.34,2919.0,57.0,617.326146
QQQ,2026-01-05 12:30:00+00:00,617.34,617.37,617.19,617.2,5690.0,133.0,617.286405
QQQ,2026-01-05 12:31:00+00:00,617.17,617.26,617.14,617.19,7331.0,123.0,617.163844
QQQ,2026-01-05 12:32:00+00:00,617.2,617.29,617.2,617.29,3801.0,54.0,617.222503
QQQ,2026-01-05 12:33:00+00:00,617.35,617.55,617.35,617.45,6371.0,91.0,617.427227
QQQ,2026-01-05 12:34:00+00:00,617.46,617.55,617.39,617.39,3597.0,81.0,617.506031
QQQ,2026-01-05 12:35:00+00:00,617.43,617.49,617.43,617.48,1245.0,38.0,617.461122
QQQ,2026-01-05 12:36:00+00:00,617.5,617.52,617.45,617.47,1929.0,59.0,617.488453
QQQ,2026-01-05 12:37:00+00:00,617.47,617.5,617.44,617.5,1198.0,48.0,617.464181
QQQ,2026-01-05 12:38:00+00:00,617.51,617.53,617.49,617.49,894.0,23.0,617.513221
QQQ,2026-01-05 12:39:00+00:00,617.52,617.59,617.52,617.54,1706.0,55.0,617.553684
QQQ,2026-01-05 12:40:00+00:00,617.54,617.54,617.31,617.31,2076.0,81.0,617.454694
QQQ,2026-01-05 12:41:00+00:00,617.3,617.3,617.22,617.27,1682.0,43.0,617.246613
QQQ,2026-01-05 12:42:00+00:00,617.26,617.26,617.05,617.05,2990.0,97.0,617.120802
QQQ,2026-01-05 12:43:00+00:00,617.04,617.16,617.01,617.11,1948.0,48.0,617.057268
QQQ,2026-01-05 12:44:00+00:00,617.1,617.1,616.99,617.1,5244.0,124.0,617.014765
QQQ,2026-01-05 12:45:00+00:00,617.08,617.13,616.989,617.03,4114.0,100.0,617.081198
QQQ,2026-01-05 12:46:00+00:00,617.01,617.16,617.01,617.16,1272.0,44.0,617.095854
QQQ,2026-01-05 12:47:00+00:00,617.16,617.17,617.12,617.15,4877.0,52.0,617.146968
QQQ,2026-01-05 12:48:00+00:00,617.16,617.2,617.16,617.18,2688.0,78.0,617.190603
QQQ,2026-01-05 12:49:00+00:00,617.23,617.25,617.21,617.23,3265.0,124.0,617.236431
QQQ,2026-01-05 12:50:00+00:00,617.2,617.21,617.1,617.11,5554.0,127.0,617.183251
QQQ,2026-01-05 12:51:00+00:00,617.09,617.09,617.03,617.03,1958.0,60.0,617.051235
QQQ,2026-01-05 12:52:00+00:00,617.09,617.23,617.09,617.23,1326.0,43.0,617.136349
QQQ,2026-01-05 12:53:00+00:00,617.26,617.33,617.26,617.32,2418.0,60.0,617.308763
QQQ,2026-01-05 12:54:00+00:00,617.31,617.31,617.28,617.28,4489.0,112.0,617.296089
QQQ,2026-01-05 12:55:00+00:00,617.25,617.25,617.25,617.25,600.0,23.0,617.25
QQQ,2026-01-05 12:56:00+00:00,617.37,617.37,617.35,617.35,805.0,32.0,617.367769
QQQ,2026-01-05 12:57:00+00:00,617.4,617.4,617.34,617.34,868.0,42.0,617.379294
QQQ,2026-01-05 12:58:00+00:00,617.26,617.26,617.26,617.26,172.0,9.0,617.26
QQQ,2026-01-05 12:59:00+00:00,617.25,617.25,617.25,617.25,159.0,16.0,617.25
QQQ,2026-01-05 13:00:00+00:00,617.3,617.8695,615.26,615.33,106621.0,3025.0,617.15241
QQQ,2026-01-05 13:01:00+00:00,615.39,617.31,614.9,617.28,101437.0,3242.0,616.116221
QQQ,2026-01-05 13:02:00+00:00,617.35,617.39,616.61,617.39,4757.0,259.0,617.23837
QQQ,2026-01-05 13:03:00+00:00,617.36,617.36,617.06,617.32,1632.0,75.0,617.300473
QQQ,2026-01-05 13:04:00+00:00,617.28,617.29,617.26,617.27,1603.0,57.0,617.269725
QQQ,2026-01-05 13:05:00+00:00,617.32,617.34,612.661,617.2304,3660.0,99.0,616.185199
QQQ,2026-01-05 13:06:00+00:00,617.19,617.19,617.02,617.1399,6371.0,168.0,617.091825
QQQ,2026-01-05 13:07:00+00:00,617.13,617.13,617.05,617.07,5814.0,143.0,617.086913
QQQ,2026-01-05 13:08:00+00:00,617.02,617.07,617.0,617.05,5894.0,156.0,617.043651
QQQ,2026-01-05 13:09:00+00:00,617.03,617.06,616.99,616.99,3707.0,85.0,617.039581
QQQ,2026-01-05 13:10:00+00:00,617.02,617.2,617.01,617.2,4858.0,136.0,617.052794
QQQ,2026-01-05 13:11:00+00:00,617.22,617.43,617.22,617.38,12090.0,199.0,617.381916
QQQ,2026-01-05 13:12:00+00:00,617.37,617.57,617.37,617.55,6466.0,128.0,617.486626
QQQ,2026-01-05 13:13:00+00:00,617.54,617.62,617.45,617.45,13645.0,211.0,617.539116
QQQ,2026-01-05 13:14:00+00:00,617.43,617.43,613.12,617.38,9404.0,126.0,615.072353
QQQ,2026-01-05 13:15:00+00:00,617.39,617.39,617.16,617.19,7124.0,153.0,617.268167
QQQ,2026-01-05 13:16:00+00:00,617.19,617.3,617.19,617.27,6254.0,123.0,617.247487
QQQ,2026-01-05 13:17:00+00:00,617.32,617.37,617.23,617.23,3370.0,83.0,617.331789
QQQ,2026-01-05 13:18:00+00:00,617.24,617.24,617.1676,617.18,2567.0,73.0,617.189846
QQQ,2026-01-05 13:19:00+00:00,617.2,617.24,617.17,617.18,8309.0,83.0,617.193779
QQQ,2026-01-05 13:20:00+00:00,617.149,617.149,616.97,616.97,4277.0,126.0,617.04729
QQQ,2026-01-05 13:21:00+00:00,616.96,617.05,616.78,616.79,8083.0,218.0,616.875263
QQQ,2026-01-05 13:22:00+00:00,616.81,616.82,616.38,616.44,14368.0,366.0,616.541945
QQQ,2026-01-05 13:23:00+00:00,616.42,616.62,616.42,616.54,11802.0,231.0,616.52043
QQQ,2026-01-05 13:24:00+00:00,616.59,616.6,616.51,616.55,3194.0,87.0,616.554335
QQQ,2026-01-05 13:25:00+00:00,616.55,616.55,616.43,616.5,8890.0,163.0,616.480307
QQQ,2026-01-05 13:26:00+00:00,616.49,616.82,616.46,616.82,25532.0,295.0,616.70059
QQQ,2026-01-05 13:27:00+00:00,616.82,616.87,616.69,616.75,2983.0,102.0,616.814206
QQQ,2026-01-05 13:28:00+00:00,616.78,616.79,616.7,616.7,1323.0,74.0,616.746617
QQQ,2026-01-05 13:29:00+00:00,616.71,616.88,616.71,616.8,15271.0,137.0,616.820289
QQQ,2026-01-05 13:30:00+00:00,616.83,617.02,616.83,617.02,7867.0,128.0,616.919509
QQQ,2026-01-05 13:31:00+00:00,616.99,617.22,616.95,617.22,18328.0,199.0,617.120142
QQQ,2026-01-05 13:32:00+00:00,617.17,617.25,617.11,617.22,7341.0,123.0,617.209868
QQQ,2026-01-05 13:33:00+00:00,617.19,617.23,617.15,617.19,4384.0,109.0,617.198213
QQQ,2026-01-05 13:34:00+00:00,617.21,617.32,617.16,617.32,3915.0,113.0,617.207964
QQQ,2026-01-05 13:35:00+00:00,617.34,617.39,617.24,617.28,10982.0,150.0,617.320954
QQQ,2026-01-05 13:36:00+00:00,617.23,617.2593,617.19,617.25,4175.0,78.0,617.225172
QQQ,2026-01-05 13:37:00+00:00,617.22,617.28,617.12,617.28,8259.0,122.0,617.183819
QQQ,2026-01-05 13:38:00+00:00,617.3,617.42,617.25,617.25,10646.0,188.0,617.348527
QQQ,2026-01-05 13:39:00+00:00,617.28,617.3,617.22,617.24,3383.0,79.0,617.274787
QQQ,2026-01-05 13:40:00+00:00,617.22,617.2367,617.03,617.06,6862.0,176.0,617.150969
QQQ,2026-01-05 13:41:00+00:00,617.03,617.03,616.91,616.91,4834.0,161.0,616.971986
QQQ,2026-01-05 13:42:00+00:00,616.91,617.09,616.91,617.06,3743.0,109.0,616.986021
QQQ,2026-01-05 13:43:00+00:00,617.07,617.151,617.07,617.11,2445.0,102.0,617.117924
QQQ,2026-01-05 13:44:00+00:00,617.1079,617.11,616.98,617.04,4420.0,95.0,617.038162
QQQ,2026-01-05 13:45:00+00:00,617.05,617.08,616.97,617.02,7111.0,118.0,617.01576
QQQ,2026-01-05 13:46:00+00:00,617.05,617.33,617.04,617.28,6069.0,137.0,617.245239
QQQ,2026-01-05 13:47:00+00:00,617.29,617.32,617.23,617.28,2601.0,106.0,617.277677
QQQ,2026-01-05 13:48:00+00:00,617.31,617.33,617.27,617.27,3796.0,62.0,617.276236
QQQ,2026-01-05 13:49:00+00:00,617.27,617.5,617.27,617.44,20005.0,277.0,617.367069
QQQ,2026-01-05 13:50:00+00:00,617.46,617.48,617.34,617.42,14816.0,217.0,617.417355
QQQ,2026-01-05 13:51:00+00:00,617.43,617.53,617.4,617.4,10049.0,152.0,617.461914
QQQ,2026-01-05 13:52:00+00:00,617.39,617.49,617.38,617.44,6201.0,123.0,617.415203
QQQ,2026-01-05 13:53:00+00:00,617.44,617.58,617.44,617.53,5899.0,162.0,617.552117
QQQ,2026-01-05 13:54:00+00:00,617.52,617.54,617.49,617.51,11927.0,171.0,617.512256
QQQ,2026-01-05 13:55:00+00:00,617.5,617.67,617.5,617.57,4831.0,107.0,617.608345
QQQ,2026-01-05 13:56:00+00:00,617.6,617.79,617.58,617.79,15636.0,200.0,617.682576
QQQ,2026-01-05 13:57:00+00:00,617.79,618.07,617.79,617.94,31716.0,473.0,617.936095
QQQ,2026-01-05 13:58:00+00:00,617.9495,618.0,617.86,617.8852,8757.0,161.0,617.925676
QQQ,2026-01-05 13:59:00+00:00,617.86,617.87,617.69,617.71,7658.0,161.0,617.769362
QQQ,2026-01-05 14:00:00+00:00,617.73,618.05,617.69,618.0,31184.0,374.0,617.932444
QQQ,2026-01-05 14:01:00+00:00,618.0002,618.25,618.0002,618.17,15736.0,262.0,618.160664
QQQ,2026-01-05 14:02:00+00:00,618.16,618.3,618.15,618.22,11011.0,208.0,618.252942
QQQ,2026-01-05 14:03:00+00:00,618.19,618.41,618.18,618.4,16367.0,231.0,618.359449
QQQ,2026-01-05 14:04:00+00:00,618.42,618.68,618.42,618.68,20245.0,319.0,618.536929
QQQ,2026-01-05 14:05:00+00:00,618.66,618.66,618.29,618.31,35865.0,332.0,618.511533
QQQ,2026-01-05 14:06:00+00:00,618.31,618.38,618.26,618.28,32626.0,271.0,618.357525
QQQ,2026-01-05 14:07:00+00:00,618.29,618.36,618.2,618.36,8200.0,173.0,618.255954
QQQ,2026-01-05 14:08:00+00:00,618.37,618.39,618.17,618.23,8911.0,176.0,618.280084
QQQ,2026-01-05 14:09:00+00:00,618.23,618.23,618.14,618.21,6115.0,134.0,618.171232
QQQ,2026-01-05 14:10:00+00:00,618.26,618.33,618.1999,618.32,3287.0,87.0,618.238943
QQQ,2026-01-05 14:11:00+00:00,618.32,618.43,618.32,618.3716,4056.0,142.0,618.376313
QQQ,2026-01-05 14:12:00+00:00,618.39,618.5602,618.39,618.56,7181.0,143.0,618.490303
QQQ,2026-01-05 14:13:00+00:00,618.55,618.55,618.42,618.43,14242.0,176.0,618.459109
QQQ,2026-01-05 14:14:00+00:00,618.44,618.48,618.41,618.44,6054.0,125.0,618.441444
QQQ,2026-01-05 14:15:00+00:00,618.45,618.54,618.45,618.5,10938.0,196.0,618.512043
QQQ,2026-01-05 14:16:00+00:00,618.46,618.52,618.45,618.48,6535.0,152.0,618.492701
QQQ,2026-01-05 14:17:00+00:00,618.5,618.62,618.5,618.57,7106.0,167.0,618.55684
QQQ,2026-01-05 14:18:00+00:00,618.59,618.77,618.58,618.73,16790.0,265.0,618.706676
QQQ,2026-01-05 14:19:00+00:00,618.72,618.78,618.66,618.76,7431.0,126.0,618.73215
QQQ,2026-01-05 14:20:00+00:00,618.77,618.87,618.72,618.8,12925.0,173.0,618.798112
QQQ,2026-01-05 14:21:00+00:00,618.8,618.801,618.7,618.76,7819.0,121.0,618.770881
QQQ,2026-01-05 14:22:00+00:00,618.74,618.77,618.67,618.7196,7541.0,115.0,618.714708
QQQ,2026-01-05 14:23:00+00:00,618.66,618.73,618.64,618.69,8870.0,136.0,618.672741
QQQ,2026-01-05 14:24:00+00:00,618.7,618.87,618.67,618.87,7998.0,109.0,618.793913
QQQ,2026-01-05 14:25:00+00:00,618.85,619.05,618.76,619.04,18115.0,385.0,618.89506
QQQ,2026-01-05 14:26:00+00:00,619.05,619.17,618.98,618.98,10064.0,335.0,619.093679
QQQ,2026-01-05 14:27:00+00:00,619.009,619.04,618.85,618.98,20098.0,411.0,618.97357
QQQ,2026-01-05 14:28:00+00:00,619.01,619.04,618.73,618.8,72873.0,531.0,618.815004
QQQ,2026-01-05 14:29:00+00:00,618.87,619.4,618.86,619.39,127966.0,700.0,619.281637
QQQ,2026-01-05 14:30:00+00:00,619.3,619.98,618.82,619.59,1346261.0,26832.0,619.386396
QQQ,2026-01-05 14:31:00+00:00,619.6,619.82,618.75,618.965,624367.0,8637.0,619.160175
QQQ,2026-01-05 14:32:00+00:00,618.96,619.165,617.94,618.2,462182.0,7019.0,618.26789
QQQ,2026-01-05 14:33:00+00:00,618.22,618.96,618.01,618.2,388757.0,6191.0,618.448084
QQQ,2026-01-05 14:34:00+00:00,618.17,618.47,617.79,617.98,329970.0,5780.0,618.18551
QQQ,2026-01-05 14:35:00+00:00,617.97,618.15,617.55,617.59,356046.0,6213.0,617.877249
QQQ,2026-01-05 14:36:00+00:00,617.565,618.12,617.04,617.99,382161.0,6578.0,617.460768
QQQ,2026-01-05 14:37:00+00:00,617.98,618.3868,617.7,618.01,308284.0,5333.0,618.016615
QQQ,2026-01-05 14:38:00+00:00,618.01,618.25,617.55,617.72,302485.0,4827.0,617.94328
QQQ,2026-01-05 14:39:00+00:00,617.75,617.82,617.28,617.47,253395.0,4165.0,617.56198
QQQ,2026-01-05 14:40:00+00:00,617.49,617.92,617.02,617.11,278844.0,4145.0,617.456624
QQQ,2026-01-05 14:41:00+00:00,617.085,617.78,616.72,617.74,305608.0,4855.0,617.107102
QQQ,2026-01-05 14:42:00+00:00,617.71,617.96,617.31,617.47,193074.0,3855.0,617.637202
QQQ,2026-01-05 14:43:00+00:00,617.5,618.5184,617.41,618.1532,363987.0,5822.0,618.096022
QQQ,2026-01-05 14:44:00+00:00,618.17,618.545,617.89,618.27,220032.0,3953.0,618.265828
QQQ,2026-01-05 14:45:00+00:00,618.27,618.94,618.26,618.81,262423.0,4864.0,618.683237
QQQ,2026-01-05 14:46:00+00:00,618.78,619.02,618.48,618.53,232582.0,4251.0,618.764295
QQQ,2026-01-05 14:47:00+00:00,618.51,618.79,617.93,618.27,273297.0,5448.0,618.44689
QQQ,2026-01-05 14:48:00+00:00,618.27,618.47,617.52,617.62,242564.0,4788.0,617.954421
QQQ,2026-01-05 14:49:00+00:00,617.66,618.18,617.28,618.16,204819.0,3971.0,617.670793
QQQ,2026-01-05 14:50:00+00:00,618.14,618.32,617.71,617.74,204083.0,4105.0,618.052771
QQQ,2026-01-05 14:51:00+00:00,617.7,617.92,617.58,617.875,182095.0,3887.0,617.758719
QQQ,2026-01-05 14:52:00+00:00,617.9,618.73,617.64,618.57,227825.0,4683.0,618.259629
QQQ,2026-01-05 14:53:00+00:00,618.59,618.79,618.22,618.56,204246.0,4095.0,618.524142
QQQ,2026-01-05 14:54:00+00:00,618.56,618.58,618.14,618.38,154307.0,3612.0,618.369106
QQQ,2026-01-05 14:55:00+00:00,618.4,618.74,618.221,618.32,226631.0,4449.0,618.454104
QQQ,2026-01-05 14:56:00+00:00,618.34,618.4399,617.72,617.9,200794.0,4325.0,618.043333
QQQ,2026-01-05 14:57:00+00:00,617.89,618.04,617.46,617.83,194471.0,3838.0,617.734413
QQQ,2026-01-05 14:58:00+00:00,617.84,618.07,617.5,618.07,145760.0,3209.0,617.767434
QQQ,2026-01-05 14:59:00+00:00,618.11,618.45,617.91,618.06,139872.0,3183.0,618.140593
QQQ,2026-01-05 15:00:00+00:00,618.1,618.7,618.01,618.11,173386.0,3667.0,618.393657
QQQ,2026-01-05 15:01:00+00:00,618.16,618.59,617.41,618.55,214229.0,3442.0,617.890012
QQQ,2026-01-05 15:02:00+00:00,618.59,618.79,618.14,618.57,159795.0,2819.0,618.494792
QQQ,2026-01-05 15:03:00+00:00,618.58,619.0,618.505,618.76,122336.0,2953.0,618.77458
QQQ,2026-01-05 15:04:00+00:00,618.78,619.1796,618.725,619.065,125098.0,2655.0,618.99116
QQQ,2026-01-05 15:05:00+00:00,619.08,619.27,618.91,619.15,191956.0,3260.0,619.159324
QQQ,2026-01-05 15:06:00+00:00,619.16,619.32,618.66,618.75,164269.0,3241.0,618.985787
QQQ,2026-01-05 15:07:00+00:00,618.74,618.99,618.64,618.92,84049.0,2290.0,618.804163
QQQ,2026-01-05 15:08:00+00:00,618.93,619.24,618.8,619.24,97491.0,2279.0,619.021342
QQQ,2026-01-05 15:09:00+00:00,619.25,619.45,619.1605,619.34,164993.0,8045.0,619.315032
QQQ,2026-01-05 15:10:00+00:00,619.37,619.46,618.98,618.991,107484.0,7833.0,619.298258
QQQ,2026-01-05 15:11:00+00:00,619.0,619.25,618.88,619.2,122395.0,3687.0,619.102594
QQQ,2026-01-05 15:12:00+00:00,619.25,619.3,618.82,619.09,184510.0,2826.0,619.129757
QQQ,2026-01-05 15:13:00+00:00,619.02,619.15,618.82,619.05,144186.0,2323.0,619.018797
QQQ,2026-01-05 15:14:00+00:00,619.07,619.295,618.94,619.17,78797.0,2112.0,619.123205
QQQ,2026-01-05 15:15:00+00:00,619.22,619.55,618.85,619.06,311296.0,3424.0,619.286098
QQQ,2026-01-05 15:16:00+00:00,619.07,619.57,619.03,619.4,90449.0,2427.0,619.413034
QQQ,2026-01-05 15:17:00+00:00,619.4,619.57,619.1801,619.54,88169.0,2461.0,619.411469
QQQ,2026-01-05 15:18:00+00:00,619.54,619.67,619.38,619.56,134501.0,2702.0,619.543378
QQQ,2026-01-05 15:19:00+00:00,619.535,619.71,619.47,619.7,78305.0,2305.0,619.591249
QQQ,2026-01-05 15:20:00+00:00,619.7,619.74,619.46,619.52,159900.0,2618.0,619.61295
QQQ,2026-01-05 15:21:00+00:00,619.47,619.74,619.44,619.61,80390.0,2277.0,619.588245
QQQ,2026-01-05 15:22:00+00:00,619.62,619.62,619.16,619.33,162246.0,3405.0,619.324485
QQQ,2026-01-05 15:23:00+00:00,619.34,619.65,619.31,619.61,80056.0,2389.0,619.45729
QQQ,2026-01-05 15:24:00+00:00,619.6,619.75,619.51,619.72,62159.0,2169.0,619.663546
QQQ,2026-01-05 15:25:00+00:00,619.71,619.74,619.06,619.39,127394.0,3059.0,619.336746
QQQ,2026-01-05 15:26:00+00:00,619.37,619.61,619.215,619.27,84735.0,2504.0,619.407871
QQQ,2026-01-05 15:27:00+00:00,619.27,619.87,619.2,619.87,121120.0,2850.0,619.596426
QQQ,2026-01-05 15:28:00+00:00,619.86,620.23,619.83,620.05,320761.0,4565.0,620.031041
QQQ,2026-01-05 15:29:00+00:00,620.05,620.1,619.827,619.9801,154324.0,3509.0,619.981713
QQQ,2026-01-05 15:30:00+00:00,620.0,620.17,619.84,619.98,154447.0,3119.0,620.040671
QQQ,2026-01-05 15:31:00+00:00,620.02,620.1299,619.88,620.1299,107835.0,2532.0,620.022318
QQQ,2026-01-05 15:32:00+00:00,620.12,620.33,620.11,620.22,130715.0,2967.0,620.247411
QQQ,2026-01-05 15:33:00+00:00,620.22,620.39,620.17,620.37,101652.0,2509.0,620.279125
QQQ,2026-01-05 15:34:00+00:00,620.37,620.38,620.16,620.24,103511.0,2777.0,620.270284
QQQ,2026-01-05 15:35:00+00:00,620.23,620.33,619.79,619.89,144428.0,3134.0,620.131966
QQQ,2026-01-05 15:36:00+00:00,619.88,619.9699,619.76,619.9037,116173.0,2753.0,619.852547
QQQ,2026-01-05 15:37:00+00:00,619.92,620.03,619.66,619.67,95514.0,2540.0,619.800684
QQQ,2026-01-05 15:38:00+00:00,619.68,619.7,619.5,619.61,107352.0,2903.0,619.597728
QQQ,2026-01-05 15:39:00+00:00,619.59,619.68,619.42,619.53,70147.0,2135.0,619.565134
QQQ,2026-01-05 15:40:00+00:00,619.5297,619.96,619.52,619.84,126301.0,2708.0,619.749808
QQQ,2026-01-05 15:41:00+00:00,619.84,619.94,619.6303,619.67,79661.0,2199.0,619.823344
QQQ,2026-01-05 15:42:00+00:00,619.67,619.73,619.36,619.66,126801.0,2610.0,619.539202
QQQ,2026-01-05 15:43:00+00:00,619.66,619.7841,619.42,619.49,69446.0,1949.0,619.594612
QQQ,2026-01-05 15:44:00+00:00,619.5,619.54,619.12,619.2,81819.0,2214.0,619.359787
QQQ,2026-01-05 15:45:00+00:00,619.2,619.57,619.2,619.4428,66644.0,1935.0,619.416726
QQQ,2026-01-05 15:46:00+00:00,619.45,619.55,619.41,619.55,31132.0,1704.0,619.49023
QQQ,2026-01-05 15:47:00+00:00,619.54,619.72,619.47,619.56,58200.0,1926.0,619.586773
QQQ,2026-01-05 15:48:00+00:00,619.56,619.6,619.34,619.49,42886.0,1721.0,619.474281
QQQ,2026-01-05 15:49:00+00:00,619.5,619.58,619.42,619.56,40561.0,1893.0,619.486405
QQQ,2026-01-05 15:50:00+00:00,619.58,619.64,619.27,619.38,126955.0,2816.0,619.455187
QQQ,2026-01-05 15:51:00+00:00,619.38,619.65,619.38,619.57,79231.0,2323.0,619.55437
QQQ,2026-01-05 15:52:00+00:00,619.5555,619.64,619.41,619.625,79992.0,2535.0,619.567761
QQQ,2026-01-05 15:53:00+00:00,619.63,619.86,619.6,619.65,98381.0,2391.0,619.734822
QQQ,2026-01-05 15:54:00+00:00,619.66,619.7,619.42,619.51,57361.0,2136.0,619.515607
QQQ,2026-01-05 15:55:00+00:00,619.51,619.685,619.21,619.65,93931.0,2783.0,619.456763
QQQ,2026-01-05 15:56:00+00:00,619.64,619.93,619.62,619.92,85512.0,2456.0,619.754743
QQQ,2026-01-05 15:57:00+00:00,619.92,619.93,619.66,619.7,80315.0,2469.0,619.776882
QQQ,2026-01-05 15:58:00+00:00,619.69,619.84,619.5701,619.79,78220.0,2487.0,619.684809
QQQ,2026-01-05 15:59:00+00:00,619.79,619.84,619.735,619.78,78687.0,2321.0,619.791569
QQQ,2026-01-05 16:00:00+00:00,619.78,619.845,619.4601,619.52,89593.0,2543.0,619.587107
QQQ,2026-01-05 16:01:00+00:00,619.52,619.65,619.47,619.63,67202.0,2183.0,619.532866
QQQ,2026-01-05 16:02:00+00:00,619.62,619.76,619.54,619.675,82450.0,2501.0,619.625077
QQQ,2026-01-05 16:03:00+00:00,619.6799,619.89,619.655,619.84,58750.0,2122.0,619.757245
QQQ,2026-01-05 16:04:00+00:00,619.83,620.01,619.76,619.89,90489.0,2564.0,619.899459
QQQ,2026-01-05 16:05:00+00:00,619.9,619.99,619.8,619.9101,54632.0,2071.0,619.884771
QQQ,2026-01-05 16:06:00+00:00,619.9101,620.065,619.72,619.83,110104.0,2466.0,619.950775
QQQ,2026-01-05 16:07:00+00:00,619.83,619.95,619.81,619.935,50183.0,2043.0,619.889382
QQQ,2026-01-05 16:08:00+00:00,619.93,620.29,619.91,620.26,149338.0,2754.0,620.143685
QQQ,2026-01-05 16:09:00+00:00,620.27,620.44,620.0,620.31,206274.0,3686.0,620.233844
QQQ,2026-01-05 16:10:00+00:00,620.3,620.42,620.295,620.31,148594.0,2857.0,620.341995
QQQ,2026-01-05 16:11:00+00:00,620.32,620.53,620.31,620.52,125390.0,3060.0,620.436312
QQQ,2026-01-05 16:12:00+00:00,620.52,620.54,620.35,620.41,101203.0,2795.0,620.467095
QQQ,2026-01-05 16:13:00+00:00,620.4095,620.41,620.15,620.19,90271.0,2535.0,620.267118
QQQ,2026-01-05 16:14:00+00:00,620.18,620.18,619.96,619.97,127205.0,3061.0,620.099009
QQQ,2026-01-05 16:15:00+00:00,619.97,620.12,619.87,620.05,139137.0,3442.0,619.995015
QQQ,2026-01-05 16:16:00+00:00,620.06,620.27,620.03,620.255,97689.0,2611.0,620.161901
QQQ,2026-01-05 16:17:00+00:00,620.2583,620.26,620.16,620.18,56156.0,2311.0,620.221239
QQQ,2026-01-05 16:18:00+00:00,620.17,620.21,619.99,620.02,70734.0,2431.0,620.104294
QQQ,2026-01-05 16:19:00+00:00,620.02,620.13,620.0,620.06,85539.0,2145.0,620.056529
QQQ,2026-01-05 16:20:00+00:00,620.07,620.22,620.0,620.19,182135.0,2791.0,620.091541
QQQ,2026-01-05 16:21:00+00:00,620.19,620.23,620.08,620.1055,84213.0,2805.0,620.163325
QQQ,2026-01-05 16:22:00+00:00,620.1,620.19,620.0507,620.14,96886.0,2546.0,620.118273
QQQ,2026-01-05 16:23:00+00:00,620.14,620.33,620.14,620.21,83557.0,2508.0,620.232222
QQQ,2026-01-05 16:24:00+00:00,620.21,620.355,620.14,620.28,69145.0,2224.0,620.235667
QQQ,2026-01-05 16:25:00+00:00,620.2601,620.38,620.26,620.35,77614.0,2647.0,620.328122
QQQ,2026-01-05 16:26:00+00:00,620.35,620.36,620.16,620.305,70811.0,2364.0,620.284889
QQQ,2026-01-05 16:27:00+00:00,620.3061,620.365,620.24,620.26,74110.0,2280.0,620.29085
QQQ,2026-01-05 16:28:00+00:00,620.2644,620.395,620.2,620.35,43152.0,1908.0,620.305263
QQQ,2026-01-05 16:29:00+00:00,620.35,620.39,620.21,620.24,45004.0,1927.0,620.286143
QQQ,2026-01-05 16:30:00+00:00,620.23,620.395,620.18,620.38,55990.0,2116.0,620.294864
QQQ,2026-01-05 16:31:00+00:00,620.4,620.545,620.35,620.48,139329.0,2975.0,620.458316
QQQ,2026-01-05 16:32:00+00:00,620.48,620.54,620.4,620.51,67889.0,2282.0,620.491747
QQQ,2026-01-05 16:33:00+00:00,620.5001,620.51,620.33,620.34,45949.0,1942.0,620.437198
QQQ,2026-01-05 16:34:00+00:00,620.34,620.39,620.06,620.09,121300.0,2804.0,620.243514
QQQ,2026-01-05 16:35:00+00:00,620.09,620.31,620.07,620.24,95868.0,2314.0,620.189708
QQQ,2026-01-05 16:36:00+00:00,620.24,620.27,620.01,620.01,65544.0,2161.0,620.179607
QQQ,2026-01-05 16:37:00+00:00,620.04,620.2471,620.04,620.23,100815.0,2059.0,620.124134
QQQ,2026-01-05 16:38:00+00:00,620.25,620.44,620.23,620.39,79449.0,2274.0,620.366398
QQQ,2026-01-05 16:39:00+00:00,620.37,620.38,620.27,620.295,62114.0,2078.0,620.329831
QQQ,2026-01-05 16:40:00+00:00,620.3,620.325,620.05,620.11,72620.0,2274.0,620.176332
QQQ,2026-01-05 16:41:00+00:00,620.12,620.145,619.76,619.84,93203.0,2688.0,619.971613
QQQ,2026-01-05 16:42:00+00:00,619.82,620.06,619.73,620.02,96420.0,2381.0,619.865252
QQQ,2026-01-05 16:43:00+00:00,620.02,620.3,620.02,620.27,74877.0,2103.0,620.16299
QQQ,2026-01-05 16:44:00+00:00,620.27,620.3,620.11,620.16,36269.0,1794.0,620.236149
QQQ,2026-01-05 16:45:00+00:00,620.16,620.3,620.12,620.295,49763.0,1850.0,620.208969
QQQ,2026-01-05 16:46:00+00:00,620.3,620.49,620.3,620.48,93797.0,2199.0,620.41492
QQQ,2026-01-05 16:47:00+00:00,620.48,620.56,620.44,620.46,89293.0,2396.0,620.48707
QQQ,2026-01-05 16:48:00+00:00,620.4599,620.66,620.42,620.64,150647.0,2281.0,620.58194
QQQ,2026-01-05 16:49:00+00:00,620.64,620.77,620.64,620.66,127363.0,2274.0,620.721314
QQQ,2026-01-05 16:50:00+00:00,620.67,620.81,620.66,620.67,78929.0,2379.0,620.732749
QQQ,2026-01-05 16:51:00+00:00,620.65,620.73,620.545,620.61,75323.0,2255.0,620.662547
QQQ,2026-01-05 16:52:00+00:00,620.61,620.61,620.27,620.28,113536.0,2421.0,620.423067
QQQ,2026-01-05 16:53:00+00:00,620.28,620.37,620.25,620.33,203356.0,2525.0,620.290465
QQQ,2026-01-05 16:54:00+00:00,620.32,620.32,620.0904,620.19,125774.0,2806.0,620.175536
QQQ,2026-01-05 16:55:00+00:00,620.19,620.2399,619.93,620.01,94764.0,2584.0,620.060442
QQQ,2026-01-05 16:56:00+00:00,620.01,620.12,619.84,619.92,72512.0,2364.0,619.968465
QQQ,2026-01-05 16:57:00+00:00,619.9,619.91,619.68,619.77,97701.0,2490.0,619.804568
QQQ,2026-01-05 16:58:00+00:00,619.77,619.8,619.61,619.75,103199.0,2418.0,619.720962
QQQ,2026-01-05 16:59:00+00:00,619.75,619.765,619.62,619.65,83276.0,2315.0,619.692586
QQQ,2026-01-05 17:00:00+00:00,619.66,619.95,619.585,619.85,162921.0,3207.0,619.792267
QQQ,2026-01-05 17:01:00+00:00,619.83,619.85,619.6199,619.71,88060.0,2402.0,619.718243
QQQ,2026-01-05 17:02:00+00:00,619.67,619.99,619.65,619.9644,57329.0,1959.0,619.831995
QQQ,2026-01-05 17:03:00+00:00,619.97,619.99,619.69,619.7,57662.0,2102.0,619.797941
QQQ,2026-01-05 17:04:00+00:00,619.68,619.81,619.51,619.76,115520.0,2659.0,619.668692
QQQ,2026-01-05 17:05:00+00:00,619.8,619.895,619.68,619.69,58506.0,2165.0,619.792754
QQQ,2026-01-05 17:06:00+00:00,619.69,619.73,619.53,619.65,69350.0,2096.0,619.631387
QQQ,2026-01-05 17:07:00+00:00,619.645,619.72,619.4823,619.53,66243.0,2079.0,619.574384
QQQ,2026-01-05 17:08:00+00:00,619.53,619.63,619.42,619.63,53357.0,2016.0,619.53058
QQQ,2026-01-05 17:09:00+00:00,619.65,619.775,619.46,619.55,76981.0,2440.0,619.618298
QQQ,2026-01-05 17:10:00+00:00,619.57,619.67,619.33,619.36,58859.0,1916.0,619.53869
QQQ,2026-01-05 17:11:00+00:00,619.3456,619.63,619.29,619.61,72553.0,1612.0,619.486436
QQQ,2026-01-05 17:12:00+00:00,619.61,619.83,619.54,619.67,79918.0,1281.0,619.702769
QQQ,2026-01-05 17:13:00+00:00,619.69,619.82,619.66,619.77,39874.0,877.0,619.73225
QQQ,2026-01-05 17:14:00+00:00,619.77,619.99,619.77,619.955,61620.0,1209.0,619.881542
QQQ,2026-01-05 17:15:00+00:00,619.96,619.99,619.46,619.49,70129.0,1537.0,619.714689
QQQ,2026-01-05 17:16:00+00:00,619.48,619.53,619.33,619.42,61351.0,1362.0,619.453961
QQQ,2026-01-05 17:17:00+00:00,619.4287,619.4801,619.355,619.44,45103.0,1095.0,619.424721
QQQ,2026-01-05 17:18:00+00:00,619.45,619.47,619.29,619.465,65163.0,1396.0,619.368777
QQQ,2026-01-05 17:19:00+00:00,619.46,619.55,619.35,619.41,55922.0,1305.0,619.464328
QQQ,2026-01-05 17:20:00+00:00,619.38,619.41,619.2,619.385,72198.0,1484.0,619.327286
QQQ,2026-01-05 17:21:00+00:00,619.38,619.44,619.22,619.28,62713.0,1255.0,619.317726
QQQ,2026-01-05 17:22:00+00:00,619.3,619.38,619.02,619.08,139057.0,1591.0,619.199321
QQQ,2026-01-05 17:23:00+00:00,619.07,619.18,618.99,619.015,76830.0,1801.0,619.068897
QQQ,2026-01-05 17:24:00+00:00,619.0,619.085,618.9,619.0,85262.0,1622.0,618.973106
QQQ,2026-01-05 17:25:00+00:00,618.99,618.99,618.76,618.8,139755.0,1978.0,618.885559
QQQ,2026-01-05 17:26:00+00:00,618.79,618.88,618.63,618.78,114503.0,1762.0,618.75323
QQQ,2026-01-05 17:27:00+00:00,618.76,618.86,618.678,618.83,76215.0,1421.0,618.755205
QQQ,2026-01-05 17:28:00+00:00,618.84,618.85,618.619,618.72,70945.0,1203.0,618.722126
QQQ,2026-01-05 17:29:00+00:00,618.7099,619.01,618.69,618.92,103826.0,1606.0,618.916614
QQQ,2026-01-05 17:30:00+00:00,618.95,618.97,618.74,618.95,81127.0,1493.0,618.852727
QQQ,2026-01-05 17:31:00+00:00,618.94,618.95,618.45,618.538,103048.0,1775.0,618.642493
QQQ,2026-01-05 17:32:00+00:00,618.54,618.63,618.425,618.62,89844.0,1560.0,618.532545
QQQ,2026-01-05 17:33:00+00:00,618.63,618.71,618.51,618.67,99999.0,1351.0,618.638637
QQQ,2026-01-05 17:34:00+00:00,618.66,618.69,618.56,618.62,36692.0,935.0,618.626119
QQQ,2026-01-05 17:35:00+00:00,618.63,618.9099,618.575,618.85,81560.0,1446.0,618.73945
QQQ,2026-01-05 17:36:00+00:00,618.85,618.89,618.63,618.77,80378.0,1279.0,618.768829
QQQ,2026-01-05 17:37:00+00:00,618.7799,619.03,618.76,619.0,80200.0,1587.0,618.880219
QQQ,2026-01-05 17:38:00+00:00,619.01,619.02,618.92,619.005,44599.0,1173.0,618.977186
QQQ,2026-01-05 17:39:00+00:00,619.01,619.02,618.83,618.88,44439.0,1076.0,618.905588
QQQ,2026-01-05 17:40:00+00:00,618.88,619.01,618.865,618.865,80307.0,1492.0,618.95436
QQQ,2026-01-05 17:41:00+00:00,618.86,618.98,618.83,618.88,72857.0,1570.0,618.884956
QQQ,2026-01-05 17:42:00+00:00,618.89,618.92,618.8,618.86,31074.0,912.0,618.876972
QQQ,2026-01-05 17:43:00+00:00,618.86,618.87,618.54,618.54,76573.0,1630.0,618.664258
QQQ,2026-01-05 17:44:00+00:00,618.57,618.645,618.53,618.58,144670.0,1396.0,618.586379
QQQ,2026-01-05 17:45:00+00:00,618.57,618.8,618.56,618.63,46026.0,1106.0,618.646351
QQQ,2026-01-05 17:46:00+00:00,618.63,618.71,618.52,618.68,38718.0,945.0,618.624263
QQQ,2026-01-05 17:47:00+00:00,618.67,618.99,618.59,618.99,39729.0,976.0,618.845605
QQQ,2026-01-05 17:48:00+00:00,618.99,619.11,618.92,619.07,66245.0,1140.0,619.008626
QQQ,2026-01-05 17:49:00+00:00,619.06,619.085,618.82,618.9,116717.0,1025.0,618.890075
QQQ,2026-01-05 17:50:00+00:00,618.91,618.945,618.72,618.745,36458.0,958.0,618.867314
QQQ,2026-01-05 17:51:00+00:00,618.76,618.85,618.56,618.56,57702.0,1211.0,618.706776
QQQ,2026-01-05 17:52:00+00:00,618.565,618.91,618.52,618.8,78891.0,1411.0,618.743151
QQQ,2026-01-05 17:53:00+00:00,618.8,618.895,618.78,618.84,43644.0,890.0,618.825212
QQQ,2026-01-05 17:54:00+00:00,618.83,618.89,618.7,618.7399,40619.0,973.0,618.771784
QQQ,2026-01-05 17:55:00+00:00,618.74,618.78,618.63,618.76,35792.0,832.0,618.714891
QQQ,2026-01-05 17:56:00+00:00,618.78,618.905,618.72,618.905,31734.0,857.0,618.828463
QQQ,2026-01-05 17:57:00+00:00,618.9,618.92,618.75,618.755,27027.0,778.0,618.826431
QQQ,2026-01-05 17:58:00+00:00,618.76,618.8,618.7099,618.78,20243.0,623.0,618.748433
QQQ,2026-01-05 17:59:00+00:00,618.79,618.98,618.78,618.9,50574.0,1127.0,618.910598
QQQ,2026-01-05 18:00:00+00:00,618.89,618.94,618.74,618.76,42769.0,1039.0,618.873758
QQQ,2026-01-05 18:01:00+00:00,618.77,618.93,618.7,618.92,36472.0,841.0,618.850949
QQQ,2026-01-05 18:02:00+00:00,618.92,619.0,618.87,618.9601,32455.0,893.0,618.946033
QQQ,2026-01-05 18:03:00+00:00,618.97,619.03,618.85,618.86,32730.0,782.0,618.952827
QQQ,2026-01-05 18:04:00+00:00,618.87,618.92,618.83,618.89,58052.0,747.0,618.891164
QQQ,2026-01-05 18:05:00+00:00,618.89,618.92,618.7,618.7,44064.0,768.0,618.837556
QQQ,2026-01-05 18:06:00+00:00,618.71,618.77,618.415,618.55,72638.0,1233.0,618.540395
QQQ,2026-01-05 18:07:00+00:00,618.55,618.57,618.345,618.415,73299.0,1062.0,618.469112
QQQ,2026-01-05 18:08:00+00:00,618.43,618.44,618.0,618.25,126371.0,2178.0,618.171459
QQQ,2026-01-05 18:09:00+00:00,618.2499,618.42,618.2,618.33,90631.0,1527.0,618.3309
QQQ,2026-01-05 18:10:00+00:00,618.33,618.45,618.24,618.3,64725.0,1211.0,618.346198
QQQ,2026-01-05 18:11:00+00:00,618.31,618.42,618.1079,618.15,88390.0,1164.0,618.265243
QQQ,2026-01-05 18:12:00+00:00,618.15,618.26,618.075,618.22,70686.0,1130.0,618.171273
QQQ,2026-01-05 18:13:00+00:00,618.22,618.3,618.13,618.155,28503.0,698.0,618.193571
QQQ,2026-01-05 18:14:00+00:00,618.1545,618.2,618.07,618.19,58360.0,954.0,618.139052
QQQ,2026-01-05 18:15:00+00:00,618.2,618.2,617.95,618.03,109658.0,1701.0,618.029394
QQQ,2026-01-05 18:16:00+00:00,618.03,618.04,617.62,617.76,153758.0,2065.0,617.864253
QQQ,2026-01-05 18:17:00+00:00,617.7399,617.76,617.45,617.61,196986.0,2344.0,617.570113
QQQ,2026-01-05 18:18:00+00:00,617.62,617.62,617.25,617.34,153924.0,2295.0,617.394598
QQQ,2026-01-05 18:19:00+00:00,617.32,617.76,617.22,617.735,216535.0,2193.0,617.53231
QQQ,2026-01-05 18:20:00+00:00,617.73,617.73,617.46,617.55,88922.0,1580.0,617.598284
QQQ,2026-01-05 18:21:00+00:00,617.55,617.835,617.45,617.76,89414.0,1465.0,617.675003
QQQ,2026-01-05 18:22:00+00:00,617.77,617.8,617.59,617.75,89951.0,1132.0,617.674608
QQQ,2026-01-05 18:23:00+00:00,617.75,618.01,617.71,618.0,87658.0,1284.0,617.89173
QQQ,2026-01-05 18:24:00+00:00,618.0,618.255,617.98,618.24,129903.0,1757.0,618.121804
QQQ,2026-01-05 18:25:00+00:00,618.24,618.38,618.24,618.34,78499.0,1313.0,618.315349
QQQ,2026-01-05 18:26:00+00:00,618.34,618.35,618.13,618.1403,58026.0,1183.0,618.287437
QQQ,2026-01-05 18:27:00+00:00,618.11,618.19,618.05,618.07,59823.0,1016.0,618.104587
QQQ,2026-01-05 18:28:00+00:00,618.08,618.305,618.07,618.295,61878.0,1176.0,618.212311
QQQ,2026-01-05 18:29:00+00:00,618.3,618.43,618.3,618.39,89082.0,1489.0,618.36585
QQQ,2026-01-05 18:30:00+00:00,618.39,618.63,618.36,618.5,322213.0,1764.0,618.494977
QQQ,2026-01-05 18:31:00+00:00,618.51,618.56,618.2844,618.4351,85095.0,1474.0,618.41806
QQQ,2026-01-05 18:32:00+00:00,618.43,618.561,618.42,618.54,31894.0,865.0,618.503977
QQQ,2026-01-05 18:33:00+00:00,618.53,618.53,618.37,618.42,45275.0,888.0,618.46361
QQQ,2026-01-05 18:34:00+00:00,618.41,618.495,618.41,618.4238,31572.0,720.0,618.46094
QQQ,2026-01-05 18:35:00+00:00,618.43,618.47,618.28,618.3,42192.0,992.0,618.375018
QQQ,2026-01-05 18:36:00+00:00,618.31,618.36,618.0,618.04,61474.0,1137.0,618.153862
QQQ,2026-01-05 18:37:00+00:00,618.06,618.31,618.03,618.3,178766.0,1133.0,618.176278
QQQ,2026-01-05 18:38:00+00:00,618.31,618.43,618.28,618.43,30505.0,702.0,618.35502
QQQ,2026-01-05 18:39:00+00:00,618.42,618.5,618.38,618.42,62979.0,851.0,618.454844
QQQ,2026-01-05 18:40:00+00:00,618.42,618.45,618.37,618.4437,28421.0,565.0,618.427811
QQQ,2026-01-05 18:41:00+00:00,618.445,618.545,618.445,618.51,34526.0,629.0,618.505821
QQQ,2026-01-05 18:42:00+00:00,618.49,618.66,618.48,618.61,89599.0,1326.0,618.599539
QQQ,2026-01-05 18:43:00+00:00,618.61,618.74,618.61,618.7,56593.0,841.0,618.698005
QQQ,2026-01-05 18:44:00+00:00,618.71,618.725,618.63,618.69,87124.0,908.0,618.687918
QQQ,2026-01-05 18:45:00+00:00,618.71,618.77,618.67,618.735,52696.0,887.0,618.709577
QQQ,2026-01-05 18:46:00+00:00,618.74,618.87,618.74,618.8057,87536.0,1001.0,618.828803
QQQ,2026-01-05 18:47:00+00:00,618.805,618.85,618.71,618.72,220597.0,1381.0,618.768738
QQQ,2026-01-05 18:48:00+00:00,618.7103,618.81,618.68,618.8,73623.0,910.0,618.74063
QQQ,2026-01-05 18:49:00+00:00,618.8,618.81,618.67,618.67,63134.0,922.0,618.738793
QQQ,2026-01-05 18:50:00+00:00,618.68,618.68,618.46,618.56,81168.0,1158.0,618.573079
QQQ,2026-01-05 18:51:00+00:00,618.57,618.6001,618.5,618.5,87674.0,1040.0,618.54772
QQQ,2026-01-05 18:52:00+00:00,618.505,618.58,618.45,618.57,48135.0,766.0,618.501894
QQQ,2026-01-05 18:53:00+00:00,618.56,618.615,618.505,618.5632,104212.0,935.0,618.571301
QQQ,2026-01-05 18:54:00+00:00,618.56,618.57,618.52,618.54,35318.0,622.0,618.549334
QQQ,2026-01-05 18:55:00+00:00,618.53,618.6,618.5,618.55,60924.0,791.0,618.560877
QQQ,2026-01-05 18:56:00+00:00,618.564,618.62,618.47,618.505,48313.0,816.0,618.537907
QQQ,2026-01-05 18:57:00+00:00,618.515,618.5401,618.4044,618.43,43670.0,765.0,618.459182
QQQ,2026-01-05 18:58:00+00:00,618.44,618.5,618.43,618.4732,34794.0,625.0,618.465082
QQQ,2026-01-05 18:59:00+00:00,618.47,618.59,618.45,618.565,50553.0,849.0,618.541025
QQQ,2026-01-05 19:00:00+00:00,618.57,618.69,618.56,618.65,49178.0,819.0,618.620434
QQQ,2026-01-05 19:01:00+00:00,618.65,618.68,618.55,618.62,41868.0,754.0,618.62943
QQQ,2026-01-05 19:02:00+00:00,618.6099,618.66,618.5,618.55,41194.0,720.0,618.579218
QQQ,2026-01-05 19:03:00+00:00,618.56,618.7,618.52,618.61,48020.0,840.0,618.60893
QQQ,2026-01-05 19:04:00+00:00,618.6,618.675,618.58,618.63,19520.0,572.0,618.619555
QQQ,2026-01-05 19:05:00+00:00,618.65,618.65,618.49,618.535,42369.0,826.0,618.559309
QQQ,2026-01-05 19:06:00+00:00,618.54,618.56,618.4038,618.4038,37713.0,756.0,618.493924
QQQ,2026-01-05 19:07:00+00:00,618.4101,618.42,618.29,618.39,59218.0,863.0,618.382094
QQQ,2026-01-05 19:08:00+00:00,618.38,618.45,618.35,618.36,544441.0,682.0,618.39329
QQQ,2026-01-05 19:09:00+00:00,618.355,618.46,618.3,618.42,45760.0,676.0,618.361089
QQQ,2026-01-05 19:10:00+00:00,618.41,618.43,618.24,618.31,40988.0,742.0,618.326589
QQQ,2026-01-05 19:11:00+00:00,618.315,618.3156,618.07,618.27,105031.0,1608.0,618.20332
QQQ,2026-01-05 19:12:00+00:00,618.28,618.42,618.28,618.33,39369.0,802.0,618.334028
QQQ,2026-01-05 19:13:00+00:00,618.32,618.38,618.25,618.35,42374.0,887.0,618.316526
QQQ,2026-01-05 19:14:00+00:00,618.348,618.37,618.25,618.2799,39124.0,593.0,618.297371
QQQ,2026-01-05 19:15:00+00:00,618.28,618.31,618.165,618.2,50190.0,710.0,618.242906
QQQ,2026-01-05 19:16:00+00:00,618.19,618.305,618.15,618.2601,43935.0,760.0,618.21511
QQQ,2026-01-05 19:17:00+00:00,618.25,618.29,618.18,618.22,26076.0,550.0,618.229576
QQQ,2026-01-05 19:18:00+00:00,618.22,618.35,618.21,618.31,37387.0,629.0,618.272057
QQQ,2026-01-05 19:19:00+00:00,618.31,618.32,618.18,618.25,236803.0,634.0,618.250528
QQQ,2026-01-05 19:20:00+00:00,618.245,618.3138,618.18,618.2599,140512.0,736.0,618.260502
QQQ,2026-01-05 19:21:00+00:00,618.255,618.27,618.15,618.22,48446.0,718.0,618.202634
QQQ,2026-01-05 19:22:00+00:00,618.21,618.22,618.12,618.2101,26036.0,528.0,618.182142
QQQ,2026-01-05 19:23:00+00:00,618.21,618.24,618.12,618.22,37124.0,727.0,618.171641
QQQ,2026-01-05 19:24:00+00:00,618.23,618.23,618.06,618.08,28193.0,684.0,618.127075
QQQ,2026-01-05 19:25:00+00:00,618.08,618.17,618.03,618.11,56672.0,969.0,618.100637
QQQ,2026-01-05 19:26:00+00:00,618.11,618.23,618.075,618.08,42132.0,762.0,618.138339
QQQ,2026-01-05 19:27:00+00:00,618.08,618.1,617.96,617.97,148317.0,920.0,618.035572
QQQ,2026-01-05 19:28:00+00:00,617.98,618.01,617.89,617.9,80251.0,1128.0,617.924973
QQQ,2026-01-05 19:29:00+00:00,617.9,617.96,617.86,617.9,53323.0,1067.0,617.913671
QQQ,2026-01-05 19:30:00+00:00,617.9,618.01,617.81,617.92,63587.0,1120.0,617.88902
QQQ,2026-01-05 19:31:00+00:00,617.93,618.04,617.812,617.88,69506.0,1143.0,617.917622
QQQ,2026-01-05 19:32:00+00:00,617.875,617.98,617.8,617.9699,40804.0,751.0,617.874024
QQQ,2026-01-05 19:33:00+00:00,617.97,618.0,617.915,617.97,36058.0,735.0,617.966219
QQQ,2026-01-05 19:34:00+00:00,617.965,618.01,617.91,617.92,30184.0,590.0,617.96543
QQQ,2026-01-05 19:35:00+00:00,617.9251,617.97,617.72,617.77,47098.0,906.0,617.825376
QQQ,2026-01-05 19:36:00+00:00,617.78,617.79,617.68,617.685,60314.0,838.0,617.733575
QQQ,2026-01-05 19:37:00+00:00,617.69,617.72,617.64,617.67,67604.0,906.0,617.683728
QQQ,2026-01-05 19:38:00+00:00,617.66,617.73,617.58,617.65,56748.0,959.0,617.661209
QQQ,2026-01-05 19:39:00+00:00,617.645,617.71,617.4,617.57,108422.0,1633.0,617.530213
QQQ,2026-01-05 19:40:00+00:00,617.56,617.56,617.27,617.44,108029.0,1569.0,617.380116
QQQ,2026-01-05 19:41:00+00:00,617.44,617.55,617.3,617.36,88747.0,1298.0,617.442461
QQQ,2026-01-05 19:42:00+00:00,617.37,617.375,617.04,617.23,146280.0,2112.0,617.214371
QQQ,2026-01-05 19:43:00+00:00,617.24,617.395,617.2,617.26,76090.0,1280.0,617.299779
QQQ,2026-01-05 19:44:00+00:00,617.27,617.41,617.26,617.36,78734.0,1230.0,617.336445
QQQ,2026-01-05 19:45:00+00:00,617.35,617.55,617.35,617.52,82853.0,1327.0,617.461313
QQQ,2026-01-05 19:46:00+00:00,617.52,617.63,617.395,617.61,69735.0,1237.0,617.517193
QQQ,2026-01-05 19:47:00+00:00,617.61,617.76,617.58,617.61,108384.0,1476.0,617.686106
QQQ,2026-01-05 19:48:00+00:00,617.61,617.87,617.6,617.78,74663.0,1112.0,617.791292
QQQ,2026-01-05 19:49:00+00:00,617.78,617.7988,617.68,617.68,38232.0,801.0,617.749426
QQQ,2026-01-05 19:50:00+00:00,617.685,617.69,617.43,617.51,108361.0,1297.0,617.534882
QQQ,2026-01-05 19:51:00+00:00,617.515,617.6,617.4499,617.6,46621.0,823.0,617.503038
QQQ,2026-01-05 19:52:00+00:00,617.63,617.63,617.47,617.49,45796.0,836.0,617.552997
QQQ,2026-01-05 19:53:00+00:00,617.49,617.6993,617.46,617.6201,46512.0,878.0,617.612514
QQQ,2026-01-05 19:54:00+00:00,617.6259,617.65,617.56,617.61,31172.0,715.0,617.607774
QQQ,2026-01-05 19:55:00+00:00,617.62,617.6703,617.58,617.66,55376.0,895.0,617.627508
QQQ,2026-01-05 19:56:00+00:00,617.67,617.94,617.655,617.905,86826.0,1163.0,617.827504
QQQ,2026-01-05 19:57:00+00:00,617.905,617.95,617.86,617.905,110684.0,931.0,617.906257
QQQ,2026-01-05 19:58:00+00:00,617.91,617.9292,617.76,617.78,55569.0,864.0,617.841957
QQQ,2026-01-05 19:59:00+00:00,617.795,617.83,617.7,617.7001,29043.0,573.0,617.763117
QQQ,2026-01-05 20:00:00+00:00,617.7,617.74,617.63,617.71,74844.0,1033.0,617.690372
QQQ,2026-01-05 20:01:00+00:00,617.7,617.71,617.53,617.58,51436.0,856.0,617.605097
QQQ,2026-01-05 20:02:00+00:00,617.565,617.65,617.45,617.47,61824.0,959.0,617.55956
QQQ,2026-01-05 20:03:00+00:00,617.48,617.7199,617.47,617.695,441402.0,885.0,617.545701
QQQ,2026-01-05 20:04:00+00:00,617.7,617.73,617.5401,617.57,49727.0,722.0,617.661443
QQQ,2026-01-05 20:05:00+00:00,617.58,617.61,617.56,617.5719,52446.0,756.0,617.580794
QQQ,2026-01-05 20:06:00+00:00,617.59,617.68,617.475,617.63,138957.0,1066.0,617.56665
QQQ,2026-01-05 20:07:00+00:00,617.625,617.71,617.6,617.69,70086.0,947.0,617.68704
QQQ,2026-01-05 20:08:00+00:00,617.685,618.05,617.665,618.0492,679898.0,1252.0,617.866154
QQQ,2026-01-05 20:09:00+00:00,618.04,618.1,618.01,618.07,58134.0,1010.0,618.057945
QQQ,2026-01-05 20:10:00+00:00,618.07,618.165,618.03,618.0623,64378.0,944.0,618.096188
QQQ,2026-01-05 20:11:00+00:00,618.07,618.27,618.05,618.15,113762.0,1611.0,618.187814
QQQ,2026-01-05 20:12:00+00:00,618.14,618.33,618.13,618.29,64247.0,1090.0,618.23379
QQQ,2026-01-05 20:13:00+00:00,618.29,618.3365,618.2,618.245,65848.0,976.0,618.266608
QQQ,2026-01-05 20:14:00+00:00,618.25,618.31,618.2,618.26,72002.0,942.0,618.258629
QQQ,2026-01-05 20:15:00+00:00,618.25,618.38,618.22,618.24,68045.0,1062.0,618.288165
QQQ,2026-01-05 20:16:00+00:00,618.24,618.32,618.22,618.27,34766.0,635.0,618.264576
QQQ,2026-01-05 20:17:00+00:00,618.26,618.27,618.14,618.17,38259.0,713.0,618.193515
QQQ,2026-01-05 20:18:00+00:00,618.1701,618.24,618.145,618.22,27814.0,551.0,618.192213
QQQ,2026-01-05 20:19:00+00:00,618.22,618.24,618.1708,618.2,33003.0,606.0,618.215154
QQQ,2026-01-05 20:20:00+00:00,618.18,618.1851,618.08,618.15,46522.0,755.0,618.135574
QQQ,2026-01-05 20:21:00+00:00,618.145,618.26,618.1269,618.1304,33488.0,630.0,618.195216
QQQ,2026-01-05 20:22:00+00:00,618.13,618.15,618.07,618.1,45171.0,746.0,618.107766
QQQ,2026-01-05 20:23:00+00:00,618.1,618.23,618.09,618.22,26759.0,667.0,618.170526
QQQ,2026-01-05 20:24:00+00:00,618.22,618.24,618.18,618.239,33084.0,527.0,618.203156
QQQ,2026-01-05 20:25:00+00:00,618.23,618.31,618.205,618.225,35575.0,653.0,618.259466
QQQ,2026-01-05 20:26:00+00:00,618.225,618.2401,618.18,618.21,52726.0,702.0,618.21213
QQQ,2026-01-05 20:27:00+00:00,618.21,618.225,618.12,618.19,47187.0,765.0,618.169557
QQQ,2026-01-05 20:28:00+00:00,618.19,618.235,618.15,618.2001,36426.0,580.0,618.200855
QQQ,2026-01-05 20:29:00+00:00,618.21,618.29,618.2,618.25,47857.0,726.0,618.250976
QQQ,2026-01-05 20:30:00+00:00,618.26,618.31,618.16,618.31,61745.0,960.0,618.21945
QQQ,2026-01-05 20:31:00+00:00,618.3,618.37,618.28,618.31,71545.0,1044.0,618.319489
QQQ,2026-01-05 20:32:00+00:00,618.32,618.32,618.21,618.27,183385.0,986.0,618.260859
QQQ,2026-01-05 20:33:00+00:00,618.275,618.29,618.05,618.084,86027.0,1219.0,618.179952
QQQ,2026-01-05 20:34:00+00:00,618.07,618.17,618.02,618.16,113023.0,1207.0,618.091096
QQQ,2026-01-05 20:35:00+00:00,618.18,618.3208,618.18,618.3077,38221.0,748.0,618.23865
QQQ,2026-01-05 20:36:00+00:00,618.29,618.33,618.25,618.29,51034.0,813.0,618.291321
QQQ,2026-01-05 20:37:00+00:00,618.291,618.31,618.22,618.245,36170.0,668.0,618.256629
QQQ,2026-01-05 20:38:00+00:00,618.26,618.32,618.23,618.32,75988.0,563.0,618.276774
QQQ,2026-01-05 20:39:00+00:00,618.32,618.33,618.23,618.28,42816.0,718.0,618.300377
QQQ,2026-01-05 20:40:00+00:00,618.255,618.26,618.1,618.21,57039.0,921.0,618.164001
QQQ,2026-01-05 20:41:00+00:00,618.22,618.27,618.172,618.1857,258946.0,825.0,618.222502
QQQ,2026-01-05 20:42:00+00:00,618.184,618.3,618.17,618.27,63198.0,1047.0,618.236912
QQQ,2026-01-05 20:43:00+00:00,618.26,618.295,618.17,618.295,38860.0,758.0,618.20444
QQQ,2026-01-05 20:44:00+00:00,618.3,618.32,618.25,618.25,46539.0,947.0,618.291521
QQQ,2026-01-05 20:45:00+00:00,618.25,618.5692,618.22,618.56,126219.0,1867.0,618.424655
QQQ,2026-01-05 20:46:00+00:00,618.55,618.57,618.3974,618.4,118751.0,1690.0,618.485971
QQQ,2026-01-05 20:47:00+00:00,618.39,618.52,618.37,618.47,77128.0,1322.0,618.473778
QQQ,2026-01-05 20:48:00+00:00,618.48,618.51,618.41,618.46,53511.0,1065.0,618.453756
QQQ,2026-01-05 20:49:00+00:00,618.45,618.46,618.405,618.43,99695.0,1319.0,618.44314
QQQ,2026-01-05 20:50:00+00:00,618.44,618.58,618.23,618.3,175425.0,3014.0,618.359942
QQQ,2026-01-05 20:51:00+00:00,618.3,618.32,618.14,618.14,77155.0,1537.0,618.235909
QQQ,2026-01-05 20:52:00+00:00,618.14,618.14,617.99,618.04,116026.0,2069.0,618.063856
QQQ,2026-01-05 20:53:00+00:00,618.03,618.1,617.87,617.89,106187.0,2004.0,618.013771
QQQ,2026-01-05 20:54:00+00:00,617.91,617.92,617.53,617.5866,320389.0,4292.0,617.776045
QQQ,2026-01-05 20:55:00+00:00,617.59,617.73,617.5,617.51,237519.0,3327.0,617.606312
QQQ,2026-01-05 20:56:00+00:00,617.52,617.66,617.45,617.635,123311.0,2230.0,617.561683
QQQ,2026-01-05 20:57:00+00:00,617.64,617.84,617.56,617.81,162019.0,2676.0,617.742545
QQQ,2026-01-05 20:58:00+00:00,617.8,617.825,617.625,617.76,246753.0,3800.0,617.702048
QQQ,2026-01-05 20:59:00+00:00,617.76,618.01,617.49,617.95,1022190.0,11413.0,617.763121
QQQ,2026-01-05 21:00:00+00:00,617.95,618.01,617.6301,617.72,820417.0,798.0,617.968299
QQQ,2026-01-05 21:01:00+00:00,617.71,617.89,617.67,617.89,14336.0,140.0,617.762792
QQQ,2026-01-05 21:02:00+00:00,617.83,617.96,617.8,617.96,31191.0,151.0,617.870941
QQQ,2026-01-05 21:03:00+00:00,617.92,617.98,617.89,617.9,26700.0,158.0,617.922388
QQQ,2026-01-05 21:04:00+00:00,617.9,618.03,617.8901,618.01,26069.0,151.0,617.954991
QQQ,2026-01-05 21:05:00+00:00,618.0,618.04,617.91,617.93,47485.0,200.0,617.977395
QQQ,2026-01-05 21:06:00+00:00,617.92,617.99,617.88,617.89,38803.0,220.0,617.91758
QQQ,2026-01-05 21:07:00+00:00,617.89,617.94,617.88,617.88,30323.0,157.0,617.894263
QQQ,2026-01-05 21:08:00+00:00,617.9,617.92,617.8632,617.89,154245.0,87.0,617.88539
QQQ,2026-01-05 21:09:00+00:00,617.909,617.91,617.85,617.86,11289.0,94.0,617.878403
QQQ,2026-01-05 21:10:00+00:00,617.99,617.99,617.75,617.78,66813.0,184.0,617.926289
QQQ,2026-01-05 21:11:00+00:00,617.78,617.79,617.7,617.75,935806.0,156.0,617.73853
QQQ,2026-01-05 21:12:00+00:00,617.75,617.75,617.66,617.69,13046.0,143.0,617.697472
QQQ,2026-01-05 21:13:00+00:00,617.71,617.73,617.67,617.7,21499.0,176.0,617.711134
QQQ,2026-01-05 21:14:00+00:00,617.72,617.82,617.72,617.81,18643.0,146.0,617.760693
QQQ,2026-01-05 21:15:00+00:00,617.77,617.7866,617.74,617.74,22358.0,145.0,617.754974
QQQ,2026-01-05 21:16:00+00:00,617.74,617.79,617.74,617.79,23651.0,205.0,617.768027
QQQ,2026-01-05 21:17:00+00:00,617.78,617.86,617.78,617.86,2622.0,33.0,617.852322
QQQ,2026-01-05 21:18:00+00:00,617.88,617.88,617.845,617.86,21314.0,158.0,617.860669
QQQ,2026-01-05 21:19:00+00:00,617.86,617.86,617.82,617.82,10709.0,90.0,617.827944
QQQ,2026-01-05 21:20:00+00:00,617.8,617.83,617.8,617.8,6491.0,69.0,617.818064
QQQ,2026-01-05 21:21:00+00:00,617.82,617.87,617.82,617.87,36792.0,213.0,617.842779
QQQ,2026-01-05 21:22:00+00:00,617.86,617.86,617.8,617.8,31749.0,135.0,617.836242
QQQ,2026-01-05 21:23:00+00:00,617.81,617.9,617.81,617.86,8691.0,48.0,617.816281
QQQ,2026-01-05 21:24:00+00:00,617.8538,617.89,617.8538,617.89,757.0,23.0,617.887011
QQQ,2026-01-05 21:25:00+00:00,617.9,617.97,617.891,617.94,4562.0,55.0,617.919191
QQQ,2026-01-05 21:26:00+00:00,617.95,618.0,617.9301,617.99,7396.0,63.0,617.954488
QQQ,2026-01-05 21:27:00+00:00,617.9702,617.99,617.94,617.97,2999.0,41.0,617.961776
QQQ,2026-01-05 21:28:00+00:00,617.95,617.96,617.93,617.93,499.0,33.0,617.945113
QQQ,2026-01-05 21:29:00+00:00,617.89,617.89,617.87,617.87,332.0,30.0,617.876667
QQQ,2026-01-05 21:30:00+00:00,617.92,617.94,617.92,617.94,1013.0,27.0,617.930559
QQQ,2026-01-05 21:31:00+00:00,617.95,617.95,617.88,617.88,509.0,25.0,617.921667
QQQ,2026-01-05 21:32:00+00:00,617.9,617.91,617.9,617.91,754.0,25.0,617.900599
QQQ,2026-01-05 21:33:00+00:00,617.93,617.98,617.93,617.96,15872.0,127.0,617.957931
QQQ,2026-01-05 21:34:00+00:00,617.96,617.96,617.91,617.94,1919.0,38.0,617.931606
QQQ,2026-01-05 21:35:00+00:00,617.94,617.94,617.93,617.93,506.0,23.0,617.936
QQQ,2026-01-05 21:36:00+00:00,617.96,618.01,617.96,618.0,7048.0,76.0,617.976193
QQQ,2026-01-05 21:37:00+00:00,617.98,617.98,617.98,617.98,130.0,21.0,617.98
QQQ,2026-01-05 21:38:00+00:00,617.94,617.94,617.92,617.92,1679.0,36.0,617.92534
QQQ,2026-01-05 21:39:00+00:00,617.95,617.95,617.93,617.93,4180.0,43.0,617.947448
QQQ,2026-01-05 21:40:00+00:00,617.92,617.94,617.9,617.92,1527.0,38.0,617.914886
QQQ,2026-01-05 21:41:00+00:00,617.91,617.91,617.87,617.87,1953.0,36.0,617.900293
QQQ,2026-01-05 21:42:00+00:00,617.89,617.91,617.87,617.88,18828.0,127.0,617.890464
QQQ,2026-01-05 21:43:00+00:00,617.88,617.88,617.78,617.78,19990.0,130.0,617.849077
QQQ,2026-01-05 21:44:00+00:00,617.81,617.82,617.77,617.77,6549.0,58.0,617.810306
QQQ,2026-01-05 21:45:00+00:00,617.8,617.8275,617.8,617.82,686.0,20.0,617.819598
QQQ,2026-01-05 21:46:00+00:00,617.83,617.83,617.8,617.8,1075.0,21.0,617.828776
QQQ,2026-01-05 21:47:00+00:00,617.81,617.81,617.75,617.785,3532.0,67.0,617.77652
QQQ,2026-01-05 21:48:00+00:00,617.76,617.79,617.76,617.78,5995.0,75.0,617.770729
QQQ,2026-01-05 21:49:00+00:00,617.81,617.81,617.81,617.81,763.0,31.0,617.81
QQQ,2026-01-05 21:50:00+00:00,617.8,617.83,617.79,617.82,2035.0,27.0,617.808067
QQQ,2026-01-05 21:51:00+00:00,617.8,617.8,617.8,617.8,1000.0,15.0,617.8
QQQ,2026-01-05 21:55:00+00:00,617.85,617.8652,617.85,617.8652,262.0,14.0,617.85915
QQQ,2026-01-05 21:56:00+00:00,617.9,617.9,617.89,617.9,1008.0,36.0,617.898364
QQQ,2026-01-05 21:57:00+00:00,617.8,617.8,617.8,617.8,459.0,29.0,617.8
QQQ,2026-01-05 21:58:00+00:00,617.79,617.8,617.77,617.77,2406.0,45.0,617.782406
QQQ,2026-01-05 21:59:00+00:00,617.76,617.81,617.74,617.7767,2385.0,35.0,617.758144
QQQ,2026-01-05 22:00:00+00:00,617.78,617.86,617.78,617.86,473.0,28.0,617.800524
QQQ,2026-01-05 22:01:00+00:00,617.9,617.92,617.89,617.9,3049.0,60.0,617.914549
QQQ,2026-01-05 22:02:00+00:00,617.85,617.93,617.85,617.9,612.0,18.0,617.894933
QQQ,2026-01-05 22:03:00+00:00,617.86,617.92,617.82,617.92,4507.0,73.0,617.862708
QQQ,2026-01-05 22:04:00+00:00,617.8986,617.8989,617.86,617.86,695.0,19.0,617.889943
QQQ,2026-01-05 22:05:00+00:00,617.87,617.87,617.7,617.7,10864.0,180.0,617.738754
QQQ,2026-01-05 22:06:00+00:00,617.7,617.8,617.7,617.7,19240.0,157.0,617.748626
QQQ,2026-01-05 22:09:00+00:00,617.7,617.79,617.7,617.79,1221.0,29.0,617.753776
QQQ,2026-01-05 22:10:00+00:00,617.7,617.8,617.7,617.7,3164.0,80.0,617.721241
QQQ,2026-01-05 22:11:00+00:00,617.7,617.89,617.7,617.89,1978.0,43.0,617.852531
QQQ,2026-01-05 22:12:00+00:00,617.7474,617.9,617.7474,617.88,63265.0,47.0,617.849439
QQQ,2026-01-05 22:13:00+00:00,617.88,617.96,617.87,617.87,4545.0,89.0,617.914944
QQQ,2026-01-05 22:14:00+00:00,617.94,618.6,617.94,618.21,16866.0,180.0,618.381526
QQQ,2026-01-05 22:15:00+00:00,618.0847,618.15,618.0,618.0,6138.0,95.0,618.105574
QQQ,2026-01-05 22:16:00+00:00,618.0,618.0,617.92,617.92,1084.0,15.0,617.923817
QQQ,2026-01-05 22:17:00+00:00,617.9,617.99,617.87,617.99,1301.0,30.0,617.93799
QQQ,2026-01-05 22:18:00+00:00,617.98,617.98,617.95,617.95,222.0,17.0,617.963136
QQQ,2026-01-05 22:19:00+00:00,617.99,617.99,617.99,617.99,295.0,20.0,617.99
QQQ,2026-01-05 22:20:00+00:00,617.98,617.98,617.98,617.98,405.0,13.0,617.98
QQQ,2026-01-05 22:21:00+00:00,617.98,617.98,617.98,617.98,188.0,15.0,617.98
QQQ,2026-01-05 22:22:00+00:00,617.96,617.96,617.88,617.88,638.0,29.0,617.910696
QQQ,2026-01-05 22:23:00+00:00,617.85,617.89,617.8,617.8,1163.0,32.0,617.850097
QQQ,2026-01-05 22:24:00+00:00,617.83,617.9,617.83,617.85,476.0,23.0,617.851345
QQQ,2026-01-05 22:25:00+00:00,617.77,617.77,617.77,617.77,315.0,10.0,617.77
QQQ,2026-01-05 22:26:00+00:00,617.82,617.82,617.82,617.82,812.0,18.0,617.82
QQQ,2026-01-05 22:27:00+00:00,617.82,617.82,617.76,617.76,706.0,20.0,617.778991
QQQ,2026-01-05 22:29:00+00:00,617.77,617.77,617.77,617.77,570.0,16.0,617.77
QQQ,2026-01-05 22:32:00+00:00,617.83,617.8384,617.83,617.8384,217.0,10.0,617.832885
QQQ,2026-01-05 22:33:00+00:00,617.84,617.84,617.84,617.84,190.0,10.0,617.84
QQQ,2026-01-05 22:34:00+00:00,617.7228,617.7228,617.7228,617.7228,295.0,15.0,617.7228
QQQ,2026-01-05 22:36:00+00:00,617.86,617.86,617.86,617.86,66.0,13.0,617.86
QQQ,2026-01-05 22:38:00+00:00,617.89,617.89,617.89,617.89,168.0,21.0,617.89
QQQ,2026-01-05 22:41:00+00:00,617.91,617.91,617.72,617.83,1356.0,40.0,617.816222
QQQ,2026-01-05 22:42:00+00:00,617.77,617.81,617.77,617.81,629.0,18.0,617.806364
QQQ,2026-01-05 22:44:00+00:00,617.8893,617.8893,617.8151,617.8151,276.0,23.0,617.839833
QQQ,2026-01-05 22:45:00+00:00,617.83,617.85,617.8,617.8,2069.0,43.0,617.825939
QQQ,2026-01-05 22:46:00+00:00,617.81,617.81,617.8,617.8,2161.0,28.0,617.805599
QQQ,2026-01-05 22:47:00+00:00,617.8,617.8,617.7301,617.74,7205.0,55.0,617.763408
QQQ,2026-01-05 22:48:00+00:00,617.73,617.74,617.65,617.7227,8777.0,88.0,617.661344
QQQ,2026-01-05 22:49:00+00:00,617.8,617.85,617.75,617.75,774.0,26.0,617.787126
QQQ,2026-01-05 22:51:00+00:00,617.71,617.74,617.71,617.74,155.0,18.0,617.725
QQQ,2026-01-05 22:52:00+00:00,617.78,617.83,617.78,617.79,448.0,10.0,617.804821
QQQ,2026-01-05 22:54:00+00:00,617.75,617.83,617.74,617.83,1825.0,14.0,617.756044
QQQ,2026-01-05 22:55:00+00:00,617.8742,617.8742,617.8742,617.8742,747.0,17.0,617.8742
QQQ,2026-01-05 22:56:00+00:00,617.75,617.76,617.74,617.74,380.0,16.0,617.754923
QQQ,2026-01-05 22:57:00+00:00,617.74,617.79,617.74,617.75,1228.0,21.0,617.752069
QQQ,2026-01-05 22:58:00+00:00,617.79,617.79,617.79,617.79,454.0,28.0,617.79
QQQ,2026-01-05 23:00:00+00:00,617.79,618.05,617.79,618.05,9122.0,84.0,617.916742
QQQ,2026-01-05 23:01:00+00:00,618.07,618.07,617.84,617.86,5576.0,79.0,617.910852
QQQ,2026-01-05 23:02:00+00:00,617.88,617.88,617.87,617.88,3202.0,22.0,617.879374
QQQ,2026-01-05 23:03:00+00:00,617.88,618.08,617.88,618.08,1731.0,30.0,617.895361
QQQ,2026-01-05 23:04:00+00:00,618.08,618.08,617.93,617.95,2270.0,27.0,617.966792
QQQ,2026-01-05 23:05:00+00:00,617.93,617.93,617.93,617.93,260.0,10.0,617.93
QQQ,2026-01-05 23:06:00+00:00,617.98,618.07,617.98,618.0575,567.0,9.0,618.035625
QQQ,2026-01-05 23:07:00+00:00,618.04,618.08,618.03,618.08,524.0,7.0,618.053684
QQQ,2026-01-05 23:08:00+00:00,618.03,618.04,618.02,618.04,638.0,17.0,618.031758
QQQ,2026-01-05 23:09:00+00:00,618.02,618.03,617.99,618.03,508.0,13.0,618.020181
QQQ,2026-01-05 23:10:00+00:00,618.02,618.15,618.02,618.15,1028.0,28.0,618.054721
QQQ,2026-01-05 23:11:00+00:00,618.087,618.087,618.05,618.05,795.0,22.0,618.062333
QQQ,2026-01-05 23:12:00+00:00,618.1,618.1,618.1,618.1,73.0,11.0,618.1
QQQ,2026-01-05 23:13:00+00:00,618.04,618.04,617.98,617.98,547.0,25.0,618.013566
QQQ,2026-01-05 23:14:00+00:00,618.0,618.0,617.968,617.968,234.0,12.0,617.984
QQQ,2026-01-05 23:15:00+00:00,617.96,617.96,617.93,617.93,317.0,20.0,617.947413
QQQ,2026-01-05 23:16:00+00:00,617.88,617.88,617.88,617.88,932.0,25.0,617.88
QQQ,2026-01-05 23:17:00+00:00,617.88,617.88,617.8,617.8,21346.0,117.0,617.877676
QQQ,2026-01-05 23:19:00+00:00,617.88,617.88,617.811,617.87,491.0,13.0,617.841479
QQQ,2026-01-05 23:20:00+00:00,617.93,617.99,617.93,617.97,1831.0,29.0,617.9419
QQQ,2026-01-05 23:21:00+00:00,617.94,617.94,617.94,617.94,312.0,8.0,617.94
QQQ,2026-01-05 23:22:00+00:00,617.8912,617.8912,617.8912,617.8912,122.0,9.0,617.8912
QQQ,2026-01-05 23:23:00+00:00,617.87,617.87,617.87,617.87,229.0,14.0,617.87
QQQ,2026-01-05 23:25:00+00:00,617.99,618.02,617.98,618.02,1622.0,22.0,617.995612
QQQ,2026-01-05 23:26:00+00:00,617.98,617.98,617.98,617.98,141.0,8.0,617.98
QQQ,2026-01-05 23:28:00+00:00,617.9211,617.9211,617.9211,617.9211,344.0,18.0,617.9211
QQQ,2026-01-05 23:29:00+00:00,617.9218,617.9218,617.9218,617.9218,136.0,8.0,617.9218
QQQ,2026-01-05 23:30:00+00:00,617.93,617.93,617.5859,617.63,2798.0,51.0,617.841804
QQQ,2026-01-05 23:31:00+00:00,617.56,617.59,617.5475,617.56,1478.0,18.0,617.563756
QQQ,2026-01-05 23:32:00+00:00,617.6718,617.71,617.6718,617.69,827.0,22.0,617.691549
QQQ,2026-01-05 23:33:00+00:00,617.65,617.66,617.53,617.53,1009.0,22.0,617.581695
QQQ,2026-01-05 23:34:00+00:00,617.52,617.52,617.5,617.51,1202.0,51.0,617.508539
QQQ,2026-01-05 23:35:00+00:00,617.5,617.5202,617.5,617.5202,1190.0,30.0,617.500945
QQQ,2026-01-05 23:36:00+00:00,617.58,617.67,617.58,617.67,523.0,17.0,617.603612
QQQ,2026-01-05 23:37:00+00:00,617.6205,617.65,617.6205,617.65,409.0,17.0,617.641499
QQQ,2026-01-05 23:38:00+00:00,617.65,617.65,617.62,617.64,832.0,14.0,617.636774
QQQ,2026-01-05 23:39:00+00:00,617.65,617.65,617.64,617.65,640.0,18.0,617.646534
QQQ,2026-01-05 23:40:00+00:00,617.5772,617.5772,617.5772,617.5772,137.0,22.0,617.5772
QQQ,2026-01-05 23:41:00+00:00,617.58,617.58,617.58,617.58,245.0,11.0,617.58
QQQ,2026-01-05 23:42:00+00:00,617.6216,617.6216,617.5501,617.57,1001.0,31.0,617.601493
QQQ,2026-01-05 23:43:00+00:00,617.53,617.53,617.53,617.53,265.0,23.0,617.53
QQQ,2026-01-05 23:44:00+00:00,617.57,617.57,617.57,617.57,238.0,14.0,617.57
QQQ,2026-01-05 23:45:00+00:00,617.51,617.53,617.51,617.53,537.0,12.0,617.522
QQQ,2026-01-05 23:46:00+00:00,617.52,617.52,617.49,617.49,1068.0,25.0,617.499808
QQQ,2026-01-05 23:47:00+00:00,617.56,617.62,617.56,617.62,2566.0,20.0,617.574223
QQQ,2026-01-05 23:48:00+00:00,617.6119,617.6119,617.6119,617.6119,198.0,17.0,617.6119
QQQ,2026-01-05 23:49:00+00:00,617.58,617.58,617.5295,617.5295,2615.0,19.0,617.550302
QQQ,2026-01-05 23:50:00+00:00,617.42,617.45,617.4,617.45,2155.0,45.0,617.414753
QQQ,2026-01-05 23:51:00+00:00,617.43,617.43,617.43,617.43,166.0,19.0,617.43
QQQ,2026-01-05 23:52:00+00:00,617.37,617.37,617.37,617.37,1368.0,43.0,617.37
QQQ,2026-01-05 23:53:00+00:00,617.42,617.42,617.4,617.4,368.0,21.0,617.416133
QQQ,2026-01-05 23:54:00+00:00,617.3662,617.41,617.3662,617.4,486.0,29.0,617.393211
QQQ,2026-01-05 23:55:00+00:00,617.4208,617.5,617.4208,617.5,533.0,19.0,617.436704
QQQ,2026-01-05 23:56:00+00:00,617.47,617.5,617.47,617.4736,621.0,18.0,617.473113
QQQ,2026-01-05 23:57:00+00:00,617.42,617.4649,617.42,617.4649,524.0,20.0,617.448875
QQQ,2026-01-05 23:58:00+00:00,617.49,617.49,617.45,617.45,799.0,24.0,617.467333
QQQ,2026-01-05 23:59:00+00:00,617.43,617.4691,617.43,617.4691,240.0,19.0,617.44955
QQQ,2026-01-06 00:00:00+00:00,617.48,617.53,617.48,617.53,1207.0,19.0,617.500852
QQQ,2026-01-06 00:01:00+00:00,617.48,617.48,617.45,617.45,278.0,16.0,617.467679
QQQ,2026-01-06 00:02:00+00:00,617.71,617.72,617.6399,617.65,1231.0,11.0,617.693895
QQQ,2026-01-06 00:03:00+00:00,617.61,617.65,617.61,617.65,266.0,11.0,617.622477
QQQ,2026-01-06 00:05:00+00:00,617.8,617.82,617.78,617.78,1783.0,21.0,617.806134
QQQ,2026-01-06 00:06:00+00:00,617.73,617.76,617.73,617.74,1509.0,18.0,617.734483
QQQ,2026-01-06 00:07:00+00:00,617.67,617.67,617.63,617.63,595.0,21.0,617.65
QQQ,2026-01-06 00:09:00+00:00,617.51,617.51,617.42,617.42,3230.0,47.0,617.456382
QQQ,2026-01-06 00:10:00+00:00,617.5085,617.5085,617.44,617.44,235.0,11.0,617.475085
QQQ,2026-01-06 00:11:00+00:00,617.42,617.44,617.4,617.4,827.0,31.0,617.407368
QQQ,2026-01-06 00:12:00+00:00,617.42,617.42,617.26,617.31,1956.0,43.0,617.325998
QQQ,2026-01-06 00:13:00+00:00,617.33,617.34,617.3,617.3,369.0,18.0,617.328
QQQ,2026-01-06 00:14:00+00:00,617.25,617.25,617.24,617.24,1135.0,29.0,617.246458
QQQ,2026-01-06 00:16:00+00:00,617.23,617.3,617.23,617.3,2538.0,23.0,617.253952
QQQ,2026-01-06 00:17:00+00:00,617.29,617.29,617.27,617.27,972.0,14.0,617.280748
QQQ,2026-01-06 00:18:00+00:00,617.35,617.35,617.334,617.334,410.0,18.0,617.346732
QQQ,2026-01-06 00:21:00+00:00,617.57,617.57,617.57,617.57,121.0,9.0,617.57
QQQ,2026-01-06 00:22:00+00:00,617.51,617.51,617.51,617.51,90.0,11.0,617.51
QQQ,2026-01-06 00:23:00+00:00,617.55,617.55,617.55,617.55,116.0,13.0,617.55
QQQ,2026-01-06 00:24:00+00:00,617.54,617.54,617.54,617.54,128.0,16.0,617.54
QQQ,2026-01-06 00:25:00+00:00,617.51,617.51,617.49,617.49,428.0,9.0,617.492
QQQ,2026-01-06 00:26:00+00:00,617.4217,617.4217,617.4217,617.4217,126.0,20.0,617.4217
QQQ,2026-01-06 00:28:00+00:00,617.53,617.53,617.53,617.53,1063.0,18.0,617.53
QQQ,2026-01-06 00:29:00+00:00,617.59,617.59,617.59,617.59,78.0,8.0,617.59
QQQ,2026-01-06 00:30:00+00:00,617.6,617.61,617.6,617.61,1207.0,34.0,617.601834
QQQ,2026-01-06 00:31:00+00:00,617.56,617.56,617.55,617.55,209.0,20.0,617.555455
QQQ,2026-01-06 00:32:00+00:00,617.55,617.58,617.54,617.54,748.0,27.0,617.547403
QQQ,2026-01-06 00:33:00+00:00,617.45,617.45,617.45,617.45,105.0,7.0,617.45
QQQ,2026-01-06 00:35:00+00:00,617.43,617.43,617.41,617.41,235.0,15.0,617.42005
QQQ,2026-01-06 00:36:00+00:00,617.38,617.38,617.25,617.27,1476.0,45.0,617.289272
QQQ,2026-01-06 00:37:00+00:00,617.3,617.3,617.19,617.23,824.0,19.0,617.255333
QQQ,2026-01-06 00:38:00+00:00,617.285,617.29,617.2687,617.2687,489.0,13.0,617.275244
QQQ,2026-01-06 00:39:00+00:00,617.27,617.29,617.22,617.26,1115.0,34.0,617.238427
QQQ,2026-01-06 00:40:00+00:00,617.26,617.26,617.22,617.22,5050.0,28.0,617.240517
QQQ,2026-01-06 00:41:00+00:00,617.3,617.3,617.24,617.24,2463.0,19.0,617.295236
QQQ,2026-01-06 00:42:00+00:00,617.2,617.2,617.2,617.2,1469.0,34.0,617.2
QQQ,2026-01-06 00:43:00+00:00,617.19,617.27,617.19,617.27,366.0,18.0,617.200791
QQQ,2026-01-06 00:44:00+00:00,617.28,617.3,617.2564,617.29,1016.0,32.0,617.286903
QQQ,2026-01-06 00:45:00+00:00,617.29,617.33,617.29,617.33,639.0,18.0,617.310033
QQQ,2026-01-06 00:46:00+00:00,617.3104,617.36,617.3104,617.36,411.0,7.0,617.3352
QQQ,2026-01-06 00:48:00+00:00,617.35,617.35,617.35,617.35,85.0,12.0,617.35
QQQ,2026-01-06 00:49:00+00:00,617.35,617.36,617.34,617.34,576.0,20.0,617.350769
QQQ,2026-01-06 00:50:00+00:00,617.32,617.32,617.32,617.32,273.0,20.0,617.32
QQQ,2026-01-06 00:51:00+00:00,617.32,617.32,617.27,617.27,649.0,19.0,617.273959
QQQ,2026-01-06 00:52:00+00:00,617.3,617.35,617.3,617.306,563.0,11.0,617.333779
QQQ,2026-01-06 00:53:00+00:00,617.31,617.3101,617.31,617.3101,161.0,11.0,617.310071
QQQ,2026-01-06 00:54:00+00:00,617.36,617.46,617.34,617.46,985.0,29.0,617.38375
QQQ,2026-01-06 00:55:00+00:00,617.45,617.45,617.37,617.41,1582.0,18.0,617.391817
QQQ,2026-01-06 00:56:00+00:00,617.42,617.42,617.42,617.42,89.0,12.0,617.42
QQQ,2026-01-06 00:57:00+00:00,617.3,617.38,617.3,617.38,476.0,23.0,617.312536
QQQ,2026-01-06 00:58:00+00:00,617.4,617.47,617.37,617.47,1202.0,24.0,617.409507
QQQ,2026-01-06 00:59:00+00:00,617.4599,617.4599,617.4082,617.4082,1401.0,23.0,617.427277
QQQ,2026-01-06 09:00:00+00:00,617.7,618.02,617.65,617.68,8975.0,161.0,617.746469
QQQ,2026-01-06 09:01:00+00:00,617.75,617.85,617.57,617.57,2609.0,54.0,617.765083
QQQ,2026-01-06 09:02:00+00:00,617.5,617.7,617.5,617.59,883.0,22.0,617.60349
QQQ,2026-01-06 09:03:00+00:00,617.6,617.62,617.57,617.57,1588.0,23.0,617.608507
QQQ,2026-01-06 09:04:00+00:00,617.65,617.75,617.65,617.73,987.0,22.0,617.722964
QQQ,2026-01-06 09:05:00+00:00,617.71,617.76,617.71,617.75,1011.0,32.0,617.74069
QQQ,2026-01-06 09:06:00+00:00,617.72,617.83,617.67,617.76,2798.0,52.0,617.754883
QQQ,2026-01-06 09:07:00+00:00,617.74,617.78,617.67,617.67,2107.0,36.0,617.712074
QQQ,2026-01-06 09:08:00+00:00,617.6,617.6,617.38,617.42,745.0,31.0,617.446178
QQQ,2026-01-06 09:09:00+00:00,617.39,617.58,617.39,617.58,867.0,25.0,617.468389
QQQ,2026-01-06 09:10:00+00:00,617.68,617.77,617.62,617.76,1366.0,33.0,617.656196
QQQ,2026-01-06 09:11:00+00:00,617.71,617.71,617.69,617.69,284.0,10.0,617.7
QQQ,2026-01-06 09:12:00+00:00,617.81,617.91,617.8,617.91,2085.0,47.0,617.850022
QQQ,2026-01-06 09:13:00+00:00,617.93,617.95,617.88,617.94,5828.0,31.0,617.884371
QQQ,2026-01-06 09:14:00+00:00,617.88,617.95,617.84,617.89,1115.0,27.0,617.883805
QQQ,2026-01-06 09:15:00+00:00,617.87,617.89,617.84,617.89,728.0,17.0,617.877088
QQQ,2026-01-06 09:16:00+00:00,617.91,618.03,617.91,618.02,4251.0,71.0,617.991492
QQQ,2026-01-06 09:17:00+00:00,618.04,618.04,617.95,618.01,2412.0,48.0,618.011586
QQQ,2026-01-06 09:18:00+00:00,617.73,617.73,617.72,617.72,219.0,16.0,617.725556
QQQ,2026-01-06 09:19:00+00:00,617.69,617.82,617.69,617.81,1083.0,27.0,617.748794
QQQ,2026-01-06 09:20:00+00:00,617.81,617.81,617.72,617.74,684.0,22.0,617.750977
QQQ,2026-01-06 09:21:00+00:00,617.73,617.73,617.68,617.68,331.0,10.0,617.707143
QQQ,2026-01-06 09:22:00+00:00,617.68,617.68,617.64,617.64,493.0,14.0,617.66
QQQ,2026-01-06 09:23:00+00:00,617.63,617.63,617.49,617.57,2639.0,43.0,617.58063
QQQ,2026-01-06 09:24:00+00:00,617.64,617.75,617.64,617.7,1647.0,32.0,617.717981
QQQ,2026-01-06 09:25:00+00:00,617.71,617.74,617.71,617.74,288.0,10.0,617.724035
QQQ,2026-01-06 09:26:00+00:00,617.74,617.75,617.7,617.71,951.0,24.0,617.721733
QQQ,2026-01-06 09:27:00+00:00,617.68,617.68,617.59,617.59,423.0,15.0,617.636667
QQQ,2026-01-06 09:28:00+00:00,617.6,617.63,617.56,617.62,504.0,15.0,617.609877
QQQ,2026-01-06 09:29:00+00:00,617.63,617.68,617.63,617.67,1023.0,22.0,617.666075
QQQ,2026-01-06 09:30:00+00:00,617.63,617.8,617.63,617.68,2351.0,33.0,617.755708
QQQ,2026-01-06 09:31:00+00:00,617.74,617.74,617.74,617.74,118.0,6.0,617.74
QQQ,2026-01-06 09:32:00+00:00,617.67,617.67,617.58,617.58,1051.0,25.0,617.647868
QQQ,2026-01-06 09:33:00+00:00,617.63,617.67,617.63,617.65,1271.0,27.0,617.655299
QQQ,2026-01-06 09:34:00+00:00,617.59,617.6,617.54,617.6,694.0,22.0,617.583946
QQQ,2026-01-06 09:35:00+00:00,617.7,617.83,617.67,617.82,12538.0,119.0,617.698502
QQQ,2026-01-06 09:36:00+00:00,617.81,617.81,617.76,617.8,597.0,21.0,617.785353
QQQ,2026-01-06 09:37:00+00:00,617.87,617.95,617.87,617.87,1504.0,33.0,617.882002
QQQ,2026-01-06 09:38:00+00:00,617.84,617.84,617.77,617.82,1556.0,28.0,617.802618
QQQ,2026-01-06 09:39:00+00:00,617.89,617.89,617.84,617.84,626.0,16.0,617.875918
QQQ,2026-01-06 09:40:00+00:00,617.99,618.03,617.99,618.03,1247.0,23.0,618.000991
QQQ,2026-01-06 09:41:00+00:00,618.08,618.08,618.0,618.0,207.0,5.0,618.038115
QQQ,2026-01-06 09:42:00+00:00,617.98,618.03,617.98,618.03,559.0,18.0,618.001801
QQQ,2026-01-06 09:43:00+00:00,617.98,618.03,617.98,618.03,390.0,10.0,618.007571
QQQ,2026-01-06 09:44:00+00:00,618.11,618.11,618.11,618.11,322.0,17.0,618.11
QQQ,2026-01-06 09:45:00+00:00,618.05,618.05,618.02,618.02,416.0,15.0,618.035172
QQQ,2026-01-06 09:46:00+00:00,618.01,618.01,617.98,617.99,726.0,24.0,617.9945
QQQ,2026-01-06 09:47:00+00:00,618.02,618.02,618.0,618.0,424.0,11.0,618.007879
QQQ,2026-01-06 09:48:00+00:00,617.91,618.05,617.91,618.05,962.0,25.0,618.024028
QQQ,2026-01-06 09:49:00+00:00,618.04,618.09,618.04,618.09,302.0,10.0,618.06914
QQQ,2026-01-06 09:50:00+00:00,618.12,618.12,617.95,617.98,1295.0,39.0,618.000702
QQQ,2026-01-06 09:51:00+00:00,618.0,618.07,618.0,618.07,643.0,13.0,618.052105
QQQ,2026-01-06 09:52:00+00:00,618.07,618.07,618.0,618.04,720.0,17.0,618.033365
QQQ,2026-01-06 09:53:00+00:00,618.01,618.03,618.01,618.03,233.0,9.0,618.020667
QQQ,2026-01-06 09:54:00+00:00,618.03,618.54,618.03,618.23,26706.0,376.0,618.256167
QQQ,2026-01-06 09:55:00+00:00,618.28,618.33,618.28,618.29,1503.0,27.0,618.313251
QQQ,2026-01-06 09:56:00+00:00,618.25,618.25,618.1,618.11,1682.0,37.0,618.143034
QQQ,2026-01-06 09:57:00+00:00,618.08,618.11,618.02,618.02,988.0,30.0,618.063588
QQQ,2026-01-06 09:58:00+00:00,618.06,618.11,618.06,618.11,1319.0,24.0,618.090722
QQQ,2026-01-06 09:59:00+00:00,618.15,618.15,618.06,618.06,541.0,21.0,618.096499
QQQ,2026-01-06 10:00:00+00:00,618.08,618.08,618.06,618.06,643.0,23.0,618.069405
QQQ,2026-01-06 10:01:00+00:00,618.06,618.06,618.0,618.03,1908.0,41.0,618.041125
QQQ,2026-01-06 10:02:00+00:00,618.05,618.05,618.05,618.05,80.0,1.0,618.05
QQQ,2026-01-06 10:03:00+00:00,618.03,618.03,618.01,618.01,333.0,20.0,618.022308
QQQ,2026-01-06 10:04:00+00:00,617.96,617.98,617.96,617.98,582.0,14.0,617.969467
QQQ,2026-01-06 10:05:00+00:00,617.91,618.0,617.85,618.0,1510.0,27.0,617.874669
QQQ,2026-01-06 10:06:00+00:00,618.09,618.14,618.05,618.05,1231.0,32.0,618.109373
QQQ,2026-01-06 10:07:00+00:00,618.04,618.04,618.01,618.03,445.0,13.0,618.027778
QQQ,2026-01-06 10:08:00+00:00,618.02,618.05,618.01,618.01,1652.0,30.0,618.038501
QQQ,2026-01-06 10:09:00+00:00,617.98,617.98,617.93,617.93,505.0,15.0,617.955802
QQQ,2026-01-06 10:10:00+00:00,617.98,618.09,617.98,618.09,235.0,8.0,618.0475
QQQ,2026-01-06 10:11:00+00:00,618.13,618.15,618.13,618.15,145.0,9.0,618.14
QQQ,2026-01-06 10:12:00+00:00,618.06,618.07,617.97,617.97,695.0,25.0,618.033124
QQQ,2026-01-06 10:13:00+00:00,617.92,617.92,617.9,617.9,1283.0,35.0,617.903459
QQQ,2026-01-06 10:14:00+00:00,617.9,617.97,617.9,617.92,2856.0,39.0,617.932095
QQQ,2026-01-06 10:16:00+00:00,617.91,617.93,617.91,617.93,347.0,17.0,617.9175
QQQ,2026-01-06 10:17:00+00:00,617.9,617.9,617.87,617.87,355.0,14.0,617.887927
QQQ,2026-01-06 10:18:00+00:00,617.85,617.87,617.83,617.83,952.0,27.0,617.843725
QQQ,2026-01-06 10:19:00+00:00,617.83,617.86,617.83,617.84,632.0,19.0,617.850314
QQQ,2026-01-06 10:20:00+00:00,617.82,617.83,617.8,617.8,673.0,20.0,617.815518
QQQ,2026-01-06 10:21:00+00:00,617.81,617.89,617.8,617.82,706.0,21.0,617.824262
QQQ,2026-01-06 10:22:00+00:00,617.79,617.79,617.72,617.72,2404.0,51.0,617.745708
QQQ,2026-01-06 10:23:00+00:00,617.74,617.79,617.74,617.75,2299.0,37.0,617.754727
QQQ,2026-01-06 10:24:00+00:00,617.85,617.85,617.85,617.85,141.0,6.0,617.85
QQQ,2026-01-06 10:25:00+00:00,617.83,617.91,617.81,617.91,953.0,22.0,617.841341
QQQ,2026-01-06 10:26:00+00:00,617.92,617.96,617.86,617.86,1215.0,27.0,617.924097
QQQ,2026-01-06 10:27:00+00:00,617.9,617.9,617.9,617.9,53.0,4.0,617.9
QQQ,2026-01-06 10:28:00+00:00,617.87,617.88,617.86,617.86,303.0,9.0,617.869855
QQQ,2026-01-06 10:29:00+00:00,617.87,617.9,617.87,617.9,455.0,11.0,617.878208
QQQ,2026-01-06 10:30:00+00:00,617.89,617.89,617.89,617.89,101.0,8.0,617.89
QQQ,2026-01-06 10:31:00+00:00,617.94,617.94,617.94,617.94,117.0,5.0,617.94
QQQ,2026-01-06 10:32:00+00:00,617.86,617.92,617.86,617.92,2011.0,11.0,617.917576
QQQ,2026-01-06 10:33:00+00:00,618.06,618.06,618.06,618.06,125.0,10.0,618.06
QQQ,2026-01-06 10:34:00+00:00,618.07,618.07,618.0,618.0,329.0,20.0,618.035
QQQ,2026-01-06 10:35:00+00:00,617.98,617.98,617.98,617.98,112.0,7.0,617.98
QQQ,2026-01-06 10:36:00+00:00,618.01,618.01,618.01,618.01,504.0,11.0,618.01
QQQ,2026-01-06 10:37:00+00:00,618.05,618.05,618.05,618.05,116.0,4.0,618.05
QQQ,2026-01-06 10:38:00+00:00,618.1,618.11,618.1,618.11,321.0,7.0,618.102933
QQQ,2026-01-06 10:39:00+00:00,618.14,618.15,618.14,618.15,1677.0,27.0,618.14324
QQQ,2026-01-06 10:40:00+00:00,618.16,618.19,618.16,618.19,943.0,17.0,618.165897
QQQ,2026-01-06 10:41:00+00:00,618.18,618.22,618.16,618.18,2057.0,32.0,618.193784
QQQ,2026-01-06 10:42:00+00:00,618.15,618.15,618.14,618.14,605.0,15.0,618.145708
QQQ,2026-01-06 10:44:00+00:00,618.13,618.15,618.13,618.15,2063.0,34.0,618.139458
QQQ,2026-01-06 10:45:00+00:00,618.17,618.24,618.17,618.24,629.0,16.0,618.217042
QQQ,2026-01-06 10:46:00+00:00,618.2,618.2,618.17,618.2,1035.0,26.0,618.192689
QQQ,2026-01-06 10:48:00+00:00,618.21,618.26,618.21,618.26,218.0,4.0,618.229512
QQQ,2026-01-06 10:49:00+00:00,618.19,618.19,618.1,618.1,805.0,31.0,618.157704
QQQ,2026-01-06 10:50:00+00:00,618.06,618.06,618.02,618.03,390.0,13.0,618.035114
QQQ,2026-01-06 10:51:00+00:00,618.01,618.04,618.01,618.04,515.0,15.0,618.023832
QQQ,2026-01-06 10:52:00+00:00,618.17,618.17,618.17,618.17,302.0,2.0,618.17
QQQ,2026-01-06 10:53:00+00:00,618.18,618.22,618.18,618.22,226.0,10.0,618.201818
QQQ,2026-01-06 10:54:00+00:00,618.29,618.29,618.29,618.29,319.0,14.0,618.29
QQQ,2026-01-06 10:55:00+00:00,618.3,618.3,618.26,618.26,168.0,7.0,618.283529
QQQ,2026-01-06 10:56:00+00:00,618.29,618.29,618.22,618.22,1164.0,20.0,618.248194
QQQ,2026-01-06 10:57:00+00:00,618.25,618.27,618.25,618.27,460.0,11.0,618.254423
QQQ,2026-01-06 10:59:00+00:00,618.21,618.22,618.2,618.2,992.0,15.0,618.210968
QQQ,2026-01-06 11:00:00+00:00,618.23,618.24,618.2,618.23,1046.0,29.0,618.218861
QQQ,2026-01-06 11:01:00+00:00,618.24,618.25,618.24,618.25,378.0,14.0,618.2475
QQQ,2026-01-06 11:02:00+00:00,618.3,618.4,618.3,618.38,1512.0,37.0,618.342878
QQQ,2026-01-06 11:03:00+00:00,618.43,618.43,618.36,618.36,1356.0,32.0,618.384231
QQQ,2026-01-06 11:04:00+00:00,618.36,618.39,618.33,618.37,1619.0,31.0,618.37039
QQQ,2026-01-06 11:05:00+00:00,618.34,618.37,618.32,618.37,878.0,24.0,618.338729
QQQ,2026-01-06 11:06:00+00:00,618.34,618.34,618.31,618.32,563.0,16.0,618.331172
QQQ,2026-01-06 11:07:00+00:00,618.28,618.28,618.28,618.28,392.0,10.0,618.28
QQQ,2026-01-06 11:09:00+00:00,618.39,618.4,618.38,618.4,385.0,11.0,618.392222
QQQ,2026-01-06 11:10:00+00:00,618.4,618.47,618.4,618.46,858.0,20.0,618.428927
QQQ,2026-01-06 11:11:00+00:00,618.44,618.45,618.44,618.45,401.0,7.0,618.443662
QQQ,2026-01-06 11:12:00+00:00,618.42,618.45,618.39,618.39,843.0,26.0,618.421757
QQQ,2026-01-06 11:13:00+00:00,618.39,618.39,618.36,618.38,2872.0,53.0,618.373551
QQQ,2026-01-06 11:14:00+00:00,618.41,618.41,618.4,618.4,300.0,2.0,618.406667
QQQ,2026-01-06 11:15:00+00:00,618.33,618.33,618.31,618.31,715.0,15.0,618.316349
QQQ,2026-01-06 11:16:00+00:00,618.32,618.32,618.29,618.29,1211.0,39.0,618.310364
QQQ,2026-01-06 11:17:00+00:00,618.16,618.17,618.16,618.17,1707.0,37.0,618.167401
QQQ,2026-01-06 11:18:00+00:00,618.16,618.17,618.15,618.17,553.0,18.0,618.154615
QQQ,2026-01-06 11:19:00+00:00,618.28,618.28,618.28,618.28,149.0,5.0,618.28
QQQ,2026-01-06 11:20:00+00:00,618.34,618.37,618.29,618.29,1274.0,29.0,618.342516
QQQ,2026-01-06 11:21:00+00:00,618.25,618.33,618.23,618.33,855.0,26.0,618.293217
QQQ,2026-01-06 11:22:00+00:00,618.32,618.32,618.29,618.29,446.0,26.0,618.304783
QQQ,2026-01-06 11:23:00+00:00,618.33,618.33,618.33,618.33,97.0,5.0,618.33
QQQ,2026-01-06 11:24:00+00:00,618.38,618.38,618.3,618.3,6591.0,56.0,618.344019
QQQ,2026-01-06 11:26:00+00:00,618.25,618.25,618.24,618.24,293.0,11.0,618.245556
QQQ,2026-01-06 11:27:00+00:00,618.29,618.29,618.28,618.28,516.0,15.0,618.286543
QQQ,2026-01-06 11:28:00+00:00,618.25,618.25,618.2,618.2,845.0,32.0,618.229938
QQQ,2026-01-06 11:29:00+00:00,618.22,618.24,618.19,618.19,1051.0,23.0,618.207986
QQQ,2026-01-06 11:30:00+00:00,618.23,618.23,618.22,618.23,512.0,11.0,618.227674
QQQ,2026-01-06 11:31:00+00:00,618.23,618.23,618.23,618.23,159.0,9.0,618.23
QQQ,2026-01-06 11:32:00+00:00,618.24,618.24,618.24,618.24,72.0,7.0,618.24
QQQ,2026-01-06 11:33:00+00:00,618.21,618.24,618.2,618.23,439.0,17.0,618.217889
QQQ,2026-01-06 11:37:00+00:00,618.18,618.24,618.17,618.22,1924.0,55.0,618.20219
QQQ,2026-01-06 11:38:00+00:00,618.25,618.26,618.19,618.19,916.0,28.0,618.223009
QQQ,2026-01-06 11:39:00+00:00,618.21,618.23,618.21,618.23,378.0,18.0,618.219879
QQQ,2026-01-06 11:41:00+00:00,618.19,618.19,618.16,618.16,543.0,30.0,618.182145
QQQ,2026-01-06 11:42:00+00:00,618.21,618.21,618.21,618.21,334.0,16.0,618.21
QQQ,2026-01-06 11:43:00+00:00,618.24,618.25,618.24,618.25,597.0,27.0,618.245
QQQ,2026-01-06 11:44:00+00:00,618.27,618.31,618.27,618.31,508.0,37.0,618.280785
QQQ,2026-01-06 11:45:00+00:00,618.29,618.36,618.28,618.31,905.0,19.0,618.308215
QQQ,2026-01-06 11:46:00+00:00,618.34,618.34,618.34,618.34,80.0,1.0,618.34
QQQ,2026-01-06 11:47:00+00:00,618.26,618.26,618.2,618.21,2537.0,64.0,618.206634
QQQ,2026-01-06 11:48:00+00:00,618.22,618.23,618.2,618.2,335.0,19.0,618.217639
QQQ,2026-01-06 11:49:00+00:00,618.21,618.22,618.2,618.2,895.0,20.0,618.201911
QQQ,2026-01-06 11:50:00+00:00,618.22,618.27,618.22,618.27,1413.0,47.0,618.248405
QQQ,2026-01-06 11:51:00+00:00,618.39,618.39,618.39,618.39,207.0,24.0,618.39
QQQ,2026-01-06 11:52:00+00:00,618.39,618.42,618.36,618.36,742.0,25.0,618.394627
QQQ,2026-01-06 11:53:00+00:00,618.37,618.37,618.37,618.37,194.0,8.0,618.37
QQQ,2026-01-06 11:54:00+00:00,618.39,618.43,618.39,618.41,743.0,32.0,618.409204
QQQ,2026-01-06 11:56:00+00:00,618.46,618.6,618.46,618.6,6005.0,120.0,618.491073
QQQ,2026-01-06 11:57:00+00:00,618.6,618.6,618.56,618.56,301.0,17.0,618.582222
QQQ,2026-01-06 11:58:00+00:00,618.52,618.52,618.44,618.44,636.0,26.0,618.468649
QQQ,2026-01-06 11:59:00+00:00,618.43,618.43,618.31,618.31,1017.0,50.0,618.401517
QQQ,2026-01-06 12:00:00+00:00,618.31,618.31,618.27,618.28,1359.0,58.0,618.289346
QQQ,2026-01-06 12:01:00+00:00,618.19,618.35,618.19,618.35,1355.0,35.0,618.311584
QQQ,2026-01-06 12:02:00+00:00,618.35,618.5,618.35,618.49,1460.0,60.0,618.463041
QQQ,2026-01-06 12:03:00+00:00,618.41,618.41,618.34,618.34,957.0,33.0,618.375211
QQQ,2026-01-06 12:04:00+00:00,618.35,618.39,618.35,618.39,772.0,19.0,618.3752
QQQ,2026-01-06 12:05:00+00:00,618.35,618.38,618.32,618.38,1254.0,31.0,618.339146
QQQ,2026-01-06 12:06:00+00:00,618.44,618.5,618.44,618.5,1594.0,53.0,618.483212
QQQ,2026-01-06 12:07:00+00:00,618.51,618.54,618.49,618.54,2864.0,63.0,618.530824
QQQ,2026-01-06 12:08:00+00:00,618.539,618.539,618.5,618.5,680.0,14.0,618.536
QQQ,2026-01-06 12:09:00+00:00,618.54,618.54,618.49,618.49,301.0,19.0,618.521515
QQQ,2026-01-06 12:10:00+00:00,618.54,618.58,618.54,618.55,852.0,35.0,618.563857
QQQ,2026-01-06 12:11:00+00:00,618.52,618.561,618.52,618.56,1210.0,36.0,618.554008
QQQ,2026-01-06 12:12:00+00:00,618.571,618.64,618.57,618.64,1281.0,49.0,618.586439
QQQ,2026-01-06 12:13:00+00:00,618.72,618.76,618.72,618.75,2293.0,67.0,618.744852
QQQ,2026-01-06 12:14:00+00:00,618.74,618.74,618.72,618.72,425.0,20.0,618.733976
QQQ,2026-01-06 12:15:00+00:00,618.73,618.73,618.71,618.71,1059.0,47.0,618.72
QQQ,2026-01-06 12:16:00+00:00,618.73,618.75,618.73,618.73,963.0,20.0,618.73274
QQQ,2026-01-06 12:17:00+00:00,618.7,618.72,618.68,618.68,1038.0,35.0,618.69645
QQQ,2026-01-06 12:18:00+00:00,618.67,618.67,618.67,618.67,539.0,25.0,618.67
QQQ,2026-01-06 12:19:00+00:00,618.681,618.69,618.681,618.69,236.0,18.0,618.684
QQQ,2026-01-06 12:20:00+00:00,618.63,618.64,618.6,618.6,1471.0,45.0,618.623043
QQQ,2026-01-06 12:21:00+00:00,618.6,618.6,618.6,618.6,1136.0,17.0,618.6
QQQ,2026-01-06 12:22:00+00:00,618.62,618.68,618.62,618.68,619.0,24.0,618.645807
QQQ,2026-01-06 12:23:00+00:00,618.69,618.73,618.69,618.73,488.0,33.0,618.718095
QQQ,2026-01-06 12:24:00+00:00,618.75,618.76,618.75,618.76,330.0,23.0,618.752033
QQQ,2026-01-06 12:25:00+00:00,618.69,618.74,618.69,618.74,470.0,33.0,618.721959
QQQ,2026-01-06 12:28:00+00:00,618.75,618.75,618.73,618.73,1003.0,41.0,618.74699
QQQ,2026-01-06 12:30:00+00:00,618.8,618.81,618.72,618.72,979.0,49.0,618.791193
QQQ,2026-01-06 12:31:00+00:00,618.79,618.8,618.79,618.8,323.0,15.0,618.795833
QQQ,2026-01-06 12:32:00+00:00,618.78,618.78,618.69,618.711,912.0,32.0,618.705481
QQQ,2026-01-06 12:33:00+00:00,618.72,618.72,618.72,618.72,282.0,17.0,618.72
QQQ,2026-01-06 12:34:00+00:00,618.7,618.76,618.69,618.76,1091.0,26.0,618.72
QQQ,2026-01-06 12:35:00+00:00,618.79,618.81,618.79,618.81,186.0,20.0,618.8
QQQ,2026-01-06 12:36:00+00:00,618.81,618.86,618.81,618.86,619.0,36.0,618.831246
QQQ,2026-01-06 12:37:00+00:00,618.81,618.84,618.81,618.83,607.0,27.0,618.829549
QQQ,2026-01-06 12:38:00+00:00,618.8,618.8,618.75,618.75,799.0,31.0,618.776845
QQQ,2026-01-06 12:39:00+00:00,618.76,618.8,618.75,618.79,2661.0,48.0,618.761171
QQQ,2026-01-06 12:40:00+00:00,618.81,618.88,618.81,618.88,902.0,31.0,618.859688
QQQ,2026-01-06 12:41:00+00:00,618.89,618.93,618.87,618.93,2605.0,72.0,618.900142
QQQ,2026-01-06 12:42:00+00:00,618.93,619.02,618.88,619.0,2114.0,73.0,618.969792
QQQ,2026-01-06 12:43:00+00:00,619.0,619.18,619.0,619.18,5232.0,104.0,619.032369
QQQ,2026-01-06 12:44:00+00:00,619.19,619.23,619.12,619.18,9238.0,104.0,619.165214
QQQ,2026-01-06 12:45:00+00:00,619.19,619.23,619.14,619.23,2728.0,50.0,619.18951
QQQ,2026-01-06 12:46:00+00:00,619.24,619.25,619.23,619.25,1366.0,42.0,619.23785
QQQ,2026-01-06 12:47:00+00:00,619.28,619.3,619.25,619.3,6469.0,96.0,619.279926
QQQ,2026-01-06 12:48:00+00:00,619.29,619.29,619.24,619.26,10910.0,132.0,619.252167
QQQ,2026-01-06 12:49:00+00:00,619.25,619.28,619.24,619.27,8527.0,171.0,619.252783
QQQ,2026-01-06 12:50:00+00:00,619.34,619.34,619.29,619.3,931.0,32.0,619.30539
QQQ,2026-01-06 12:51:00+00:00,619.29,619.31,619.25,619.27,1402.0,44.0,619.276208
QQQ,2026-01-06 12:52:00+00:00,619.29,619.29,619.27,619.27,315.0,24.0,619.285604
QQQ,2026-01-06 12:53:00+00:00,619.25,619.28,619.16,619.2,5801.0,105.0,619.1869
QQQ,2026-01-06 12:54:00+00:00,619.15,619.18,619.14,619.18,602.0,37.0,619.152059
QQQ,2026-01-06 12:55:00+00:00,619.19,619.24,619.19,619.24,936.0,40.0,619.20982
QQQ,2026-01-06 12:56:00+00:00,619.28,619.41,619.28,619.4,3837.0,94.0,619.375296
QQQ,2026-01-06 12:57:00+00:00,619.4,619.48,619.38,619.48,4711.0,68.0,619.448627
QQQ,2026-01-06 12:58:00+00:00,619.46,619.53,619.46,619.5,6129.0,105.0,619.506075
QQQ,2026-01-06 12:59:00+00:00,619.38,619.38,619.35,619.35,419.0,21.0,619.375031
QQQ,2026-01-06 13:00:00+00:00,618.1932,620.1,616.69,619.34,129054.0,3900.0,618.823842
QQQ,2026-01-06 13:01:00+00:00,617.72,620.09,616.8,619.4,15494.0,503.0,618.810521
QQQ,2026-01-06 13:02:00+00:00,619.41,619.41,619.33,619.33,615.0,131.0,619.378606
QQQ,2026-01-06 13:03:00+00:00,619.34,619.775,617.12,619.55,6129.0,205.0,619.293866
QQQ,2026-01-06 13:04:00+00:00,619.56,619.56,619.42,619.42,1092.0,46.0,619.517403
QQQ,2026-01-06 13:05:00+00:00,619.4,619.4,619.3,619.3,5565.0,104.0,619.320425
QQQ,2026-01-06 13:06:00+00:00,619.28,619.31,619.26,619.28,13190.0,170.0,619.296235
QQQ,2026-01-06 13:07:00+00:00,619.28,619.28,619.25,619.25,1948.0,54.0,619.273497
QQQ,2026-01-06 13:08:00+00:00,619.25,619.27,619.14,619.15,6376.0,129.0,619.194922
QQQ,2026-01-06 13:09:00+00:00,619.18,619.18,619.12,619.14,12579.0,132.0,619.146223
QQQ,2026-01-06 13:10:00+00:00,619.15,619.2,619.06,619.06,5198.0,102.0,619.148226
QQQ,2026-01-06 13:11:00+00:00,619.0,619.03,618.97,619.03,2719.0,78.0,619.003444
QQQ,2026-01-06 13:12:00+00:00,619.04,619.04,619.0,619.0,14361.0,144.0,619.028255
QQQ,2026-01-06 13:13:00+00:00,619.0,619.26,618.98,619.26,10791.0,174.0,619.088109
QQQ,2026-01-06 13:14:00+00:00,619.19,619.25,619.151,619.151,2379.0,56.0,619.181753
QQQ,2026-01-06 13:15:00+00:00,619.13,619.25,619.1,619.24,3263.0,49.0,619.20461
QQQ,2026-01-06 13:16:00+00:00,619.33,619.37,619.26,619.31,2819.0,62.0,619.320365
QQQ,2026-01-06 13:17:00+00:00,619.2998,619.2998,619.17,619.2,2273.0,63.0,619.205194
QQQ,2026-01-06 13:18:00+00:00,619.21,619.21,619.1,619.11,3212.0,56.0,619.126536
QQQ,2026-01-06 13:19:00+00:00,619.12,619.15,619.09,619.09,2688.0,42.0,619.118937
QQQ,2026-01-06 13:20:00+00:00,619.03,619.14,619.0,619.13,4846.0,80.0,619.033936
QQQ,2026-01-06 13:21:00+00:00,619.13,619.14,619.06,619.13,3372.0,79.0,619.113755
QQQ,2026-01-06 13:22:00+00:00,619.14,619.15,619.13,619.13,1196.0,40.0,619.136358
QQQ,2026-01-06 13:23:00+00:00,619.12,619.12,619.07,619.11,6302.0,72.0,619.082337
QQQ,2026-01-06 13:24:00+00:00,619.16,619.17,619.11,619.11,4008.0,103.0,619.136019
QQQ,2026-01-06 13:25:00+00:00,619.11,619.1609,619.07,619.07,2020.0,63.0,619.105139
QQQ,2026-01-06 13:26:00+00:00,619.04,619.06,619.02,619.02,963.0,39.0,619.045546
QQQ,2026-01-06 13:27:00+00:00,618.99,618.99,618.87,618.87,2215.0,81.0,618.925933
QQQ,2026-01-06 13:28:00+00:00,618.9,618.92,618.86,618.92,601.0,39.0,618.908947
QQQ,2026-01-06 13:29:00+00:00,618.86,618.96,618.86,618.95,2907.0,68.0,618.921692
QQQ,2026-01-06 13:30:00+00:00,618.98,619.0,618.89,618.94,2049.0,63.0,618.967258
QQQ,2026-01-06 13:31:00+00:00,618.88,619.04,618.88,619.04,1636.0,59.0,618.976818
QQQ,2026-01-06 13:32:00+00:00,619.0001,619.14,619.0001,619.14,2024.0,47.0,619.096301
QQQ,2026-01-06 13:33:00+00:00,619.15,619.19,619.15,619.19,814.0,41.0,619.169561
QQQ,2026-01-06 13:34:00+00:00,619.18,619.18,619.13,619.16,6645.0,95.0,619.15478
QQQ,2026-01-06 13:35:00+00:00,619.15,619.18,619.15,619.18,4475.0,86.0,619.160741
QQQ,2026-01-06 13:36:00+00:00,619.27,619.27,619.15,619.15,2237.0,70.0,619.220663
QQQ,2026-01-06 13:37:00+00:00,619.09,619.17,619.09,619.13,1027.0,36.0,619.127297
QQQ,2026-01-06 13:38:00+00:00,619.14,619.14,618.91,618.91,5550.0,100.0,618.980923
QQQ,2026-01-06 13:39:00+00:00,618.92,619.02,618.92,619.02,4112.0,84.0,618.979613
QQQ,2026-01-06 13:40:00+00:00,619.05,619.1,618.97,619.01,1501.0,70.0,619.04615
QQQ,2026-01-06 13:41:00+00:00,619.02,619.07,619.01,619.07,2434.0,68.0,619.045515
QQQ,2026-01-06 13:42:00+00:00,619.0793,619.0793,618.97,618.97,848.0,53.0,619.036374
QQQ,2026-01-06 13:43:00+00:00,618.94,618.94,618.89,618.91,3120.0,106.0,618.918481
QQQ,2026-01-06 13:44:00+00:00,618.92,618.95,618.9,618.9,1166.0,64.0,618.919509
QQQ,2026-01-06 13:45:00+00:00,618.91,618.91,618.83,618.83,3864.0,133.0,618.861583
QQQ,2026-01-06 13:46:00+00:00,618.83,618.93,618.7701,618.7701,7033.0,149.0,618.867795
QQQ,2026-01-06 13:47:00+00:00,618.77,618.8,618.62,618.65,6258.0,116.0,618.726438
QQQ,2026-01-06 13:48:00+00:00,618.62,618.66,618.57,618.6,14558.0,218.0,618.613717
QQQ,2026-01-06 13:49:00+00:00,618.59,618.65,618.55,618.62,7574.0,144.0,618.603009
QQQ,2026-01-06 13:50:00+00:00,618.62,618.67,618.18,618.53,29173.0,541.0,618.438244
QQQ,2026-01-06 13:51:00+00:00,618.54,618.57,618.4,618.44,10863.0,186.0,618.502337
QQQ,2026-01-06 13:52:00+00:00,618.44,618.56,618.43,618.56,7896.0,133.0,618.476265
QQQ,2026-01-06 13:53:00+00:00,618.59,618.63,618.559,618.63,2978.0,79.0,618.583148
QQQ,2026-01-06 13:54:00+00:00,618.57,618.73,618.57,618.7,4522.0,87.0,618.634474
QQQ,2026-01-06 13:55:00+00:00,618.71,618.86,618.71,618.82,9263.0,145.0,618.819474
QQQ,2026-01-06 13:56:00+00:00,618.83,618.85,618.7806,618.7806,2343.0,88.0,618.812008
QQQ,2026-01-06 13:57:00+00:00,618.83,618.95,618.83,618.95,2983.0,80.0,618.886733
QQQ,2026-01-06 13:58:00+00:00,618.95,618.97,618.8901,618.9,4774.0,85.0,618.939704
QQQ,2026-01-06 13:59:00+00:00,618.91,618.92,618.79,618.85,2624.0,101.0,618.8374
QQQ,2026-01-06 14:00:00+00:00,618.79,618.81,618.65,618.68,6492.0,134.0,618.721077
QQQ,2026-01-06 14:01:00+00:00,618.6,618.65,618.29,618.3114,15833.0,267.0,618.421726
QQQ,2026-01-06 14:02:00+00:00,618.34,618.48,618.22,618.45,14602.0,205.0,618.362489
QQQ,2026-01-06 14:03:00+00:00,618.43,618.49,618.39,618.49,2286.0,61.0,618.443976
QQQ,2026-01-06 14:04:00+00:00,618.54,618.62,618.52,618.5709,9284.0,132.0,618.585263
QQQ,2026-01-06 14:05:00+00:00,618.55,618.57,618.41,618.43,2743.0,85.0,618.475932
QQQ,2026-01-06 14:06:00+00:00,618.44,618.64,618.4,618.6301,5547.0,83.0,618.53919
QQQ,2026-01-06 14:07:00+00:00,618.64,618.66,618.57,618.59,6189.0,112.0,618.634479
QQQ,2026-01-06 14:08:00+00:00,618.59,618.66,618.53,618.552,5366.0,91.0,618.58548
QQQ,2026-01-06 14:09:00+00:00,618.57,618.57,618.39,618.39,2637.0,95.0,618.478909
QQQ,2026-01-06 14:10:00+00:00,618.4,618.52,618.38,618.52,2045.0,80.0,618.464217
QQQ,2026-01-06 14:11:00+00:00,618.57,618.72,618.57,618.72,3402.0,95.0,618.637966
QQQ,2026-01-06 14:12:00+00:00,618.72,618.78,618.68,618.73,3568.0,106.0,618.737447
QQQ,2026-01-06 14:13:00+00:00,618.75,618.75,618.58,618.72,4052.0,135.0,618.663236
QQQ,2026-01-06 14:14:00+00:00,618.71,618.79,618.7,618.72,9133.0,207.0,618.742505
QQQ,2026-01-06 14:15:00+00:00,618.76,618.79,618.68,618.72,2967.0,103.0,618.725
QQQ,2026-01-06 14:16:00+00:00,618.73,618.79,618.69,618.69,2436.0,83.0,618.735797
QQQ,2026-01-06 14:17:00+00:00,618.76,618.77,618.69,618.73,1729.0,74.0,618.729358
QQQ,2026-01-06 14:18:00+00:00,618.7,618.79,618.66,618.79,1753.0,92.0,618.703683
QQQ,2026-01-06 14:19:00+00:00,618.77,618.78,618.67,618.78,2093.0,70.0,618.712175
QQQ,2026-01-06 14:20:00+00:00,618.74,618.76,618.7,618.76,741.0,47.0,618.727563
QQQ,2026-01-06 14:21:00+00:00,618.77,618.8,618.5804,618.61,3333.0,117.0,618.7008
QQQ,2026-01-06 14:22:00+00:00,618.65,618.75,618.621,618.75,2106.0,69.0,618.682243
QQQ,2026-01-06 14:23:00+00:00,618.77,618.77,618.7,618.7355,2897.0,73.0,618.740475
QQQ,2026-01-06 14:24:00+00:00,618.75,618.78,618.7,618.72,2764.0,76.0,618.758296
QQQ,2026-01-06 14:25:00+00:00,618.73,619.03,618.73,619.03,20515.0,203.0,618.912005
QQQ,2026-01-06 14:26:00+00:00,619.0199,619.09,618.9563,618.98,11769.0,121.0,619.05679
QQQ,2026-01-06 14:27:00+00:00,619.01,619.01,618.87,618.87,4721.0,106.0,618.911193
QQQ,2026-01-06 14:28:00+00:00,618.86,619.23,618.86,619.13,15204.0,241.0,619.12251
QQQ,2026-01-06 14:29:00+00:00,619.11,619.24,619.08,619.2,6014.0,96.0,619.152612
QQQ,2026-01-06 14:30:00+00:00,619.23,620.16,619.1,620.01,738553.0,14035.0,619.570188
QQQ,2026-01-06 14:31:00+00:00,620.02,620.04,619.4,619.89,383823.0,5166.0,619.778126
QQQ,2026-01-06 14:32:00+00:00,619.92,620.1,619.54,619.76,220236.0,3696.0,619.85301
QQQ,2026-01-06 14:33:00+00:00,619.77,619.9,619.47,619.82,284451.0,4433.0,619.673711
QQQ,2026-01-06 14:34:00+00:00,619.82,620.08,619.43,619.5,222950.0,3872.0,619.753426
QQQ,2026-01-06 14:35:00+00:00,619.5,619.7,618.97,619.58,427601.0,6198.0,619.273007
QQQ,2026-01-06 14:36:00+00:00,619.56,620.16,619.4999,619.76,256538.0,4042.0,619.755006
QQQ,2026-01-06 14:37:00+00:00,619.77,620.01,619.39,619.575,154540.0,3008.0,619.699154
QQQ,2026-01-06 14:38:00+00:00,619.61,619.7,619.01,619.18,221673.0,3642.0,619.301139
QQQ,2026-01-06 14:39:00+00:00,619.18,619.41,619.03,619.3,150723.0,2807.0,619.229597
QQQ,2026-01-06 14:40:00+00:00,619.32,619.5987,618.79,618.95,236700.0,3920.0,619.183759
QQQ,2026-01-06 14:41:00+00:00,618.92,618.92,618.57,618.7501,172073.0,3098.0,618.723524
QQQ,2026-01-06 14:42:00+00:00,618.799,619.22,618.54,619.11,206939.0,4282.0,618.892645
QQQ,2026-01-06 14:43:00+00:00,619.07,619.35,618.93,619.29,126068.0,2941.0,619.086895
QQQ,2026-01-06 14:44:00+00:00,619.3199,619.92,619.145,619.91,165037.0,2812.0,619.69814
QQQ,2026-01-06 14:45:00+00:00,619.9,620.4893,619.8172,620.44,245495.0,4066.0,620.191559
QQQ,2026-01-06 14:46:00+00:00,620.44,620.7284,620.42,620.59,175345.0,3337.0,620.576895
QQQ,2026-01-06 14:47:00+00:00,620.6,621.19,620.57,620.98,231934.0,4009.0,620.867581
QQQ,2026-01-06 14:48:00+00:00,621.02,621.0377,620.48,620.5301,188545.0,4109.0,620.735217
QQQ,2026-01-06 14:49:00+00:00,620.55,621.18,620.37,620.97,229053.0,4702.0,620.851508
QQQ,2026-01-06 14:50:00+00:00,620.98,621.48,620.88,621.4,259557.0,4389.0,621.203997
QQQ,2026-01-06 14:51:00+00:00,621.41,621.89,621.37,621.6,218594.0,4461.0,621.694661
QQQ,2026-01-06 14:52:00+00:00,621.61,621.66,621.0501,621.39,198120.0,4052.0,621.38413
QQQ,2026-01-06 14:53:00+00:00,621.44,621.62,621.3,621.54,99241.0,2825.0,621.434754
QQQ,2026-01-06 14:54:00+00:00,621.54,621.67,621.36,621.49,83380.0,2427.0,621.541745
QQQ,2026-01-06 14:55:00+00:00,621.48,621.63,621.32,621.61,109675.0,2692.0,621.487754
QQQ,2026-01-06 14:56:00+00:00,621.62,621.97,621.44,621.95,177267.0,3649.0,621.680201
QQQ,2026-01-06 14:57:00+00:00,621.97,622.16,621.82,622.12,255569.0,3899.0,622.025192
QQQ,2026-01-06 14:58:00+00:00,622.13,622.19,621.92,622.07,135025.0,3156.0,622.048307
QQQ,2026-01-06 14:59:00+00:00,622.08,622.11,621.79,621.9844,136919.0,3068.0,621.934591
QQQ,2026-01-06 15:00:00+00:00,621.96,622.29,621.9,622.21,336716.0,5274.0,622.105186
QQQ,2026-01-06 15:01:00+00:00,622.22,622.45,622.03,622.1,205943.0,4420.0,622.278735
QQQ,2026-01-06 15:02:00+00:00,622.12,622.25,621.95,622.02,130941.0,3336.0,622.132122
QQQ,2026-01-06 15:03:00+00:00,622.02,622.18,621.97,622.02,143918.0,3280.0,622.071924
QQQ,2026-01-06 15:04:00+00:00,622.04,622.07,621.665,621.871,156358.0,3488.0,621.819352
QQQ,2026-01-06 15:05:00+00:00,621.87,622.17,621.82,622.07,111625.0,3078.0,621.978624
QQQ,2026-01-06 15:06:00+00:00,622.06,622.27,622.0,622.16,155193.0,3530.0,622.115687
QQQ,2026-01-06 15:07:00+00:00,622.17,622.29,622.15,622.24,127327.0,8656.0,622.221929
QQQ,2026-01-06 15:08:00+00:00,622.24,622.31,621.62,621.69,158667.0,3765.0,621.969625
QQQ,2026-01-06 15:09:00+00:00,621.69,621.91,621.57,621.62,115084.0,3050.0,621.707834
QQQ,2026-01-06 15:10:00+00:00,621.62,621.76,621.51,621.69,132559.0,3357.0,621.637089
QQQ,2026-01-06 15:11:00+00:00,621.69,621.71,621.35,621.54,118991.0,3139.0,621.491457
QQQ,2026-01-06 15:12:00+00:00,621.51,621.76,621.47,621.69,108917.0,2913.0,621.622623
QQQ,2026-01-06 15:13:00+00:00,621.68,622.1,621.63,622.0544,145647.0,3164.0,621.953555
QQQ,2026-01-06 15:14:00+00:00,622.06,622.16,621.93,621.99,130146.0,3296.0,622.058729
QQQ,2026-01-06 15:15:00+00:00,621.99,622.045,621.81,621.915,70723.0,2458.0,621.937736
QQQ,2026-01-06 15:16:00+00:00,621.91,622.23,621.82,622.23,106540.0,2630.0,621.981739
QQQ,2026-01-06 15:17:00+00:00,622.24,622.31,622.1,622.17,103322.0,3014.0,622.230015
QQQ,2026-01-06 15:18:00+00:00,622.175,622.2,622.0,622.0099,72719.0,2450.0,622.106158
QQQ,2026-01-06 15:19:00+00:00,622.0,622.025,621.72,621.99,90896.0,2792.0,621.860251
QQQ,2026-01-06 15:20:00+00:00,621.99,622.11,621.81,621.84,288539.0,2616.0,621.958856
QQQ,2026-01-06 15:21:00+00:00,621.84,621.87,621.51,621.84,111923.0,2838.0,621.656645
QQQ,2026-01-06 15:22:00+00:00,621.85,622.09,621.82,621.91,63483.0,2166.0,621.950038
QQQ,2026-01-06 15:23:00+00:00,621.92,622.245,621.89,622.23,71706.0,2229.0,622.093146
QQQ,2026-01-06 15:24:00+00:00,622.24,622.33,622.15,622.225,80880.0,2415.0,622.240965
QQQ,2026-01-06 15:25:00+00:00,622.23,622.49,622.22,622.46,136926.0,3341.0,622.386499
QQQ,2026-01-06 15:26:00+00:00,622.4375,622.59,622.425,622.47,146602.0,3015.0,622.487637
QQQ,2026-01-06 15:27:00+00:00,622.47,622.52,622.25,622.38,127805.0,3038.0,622.373207
QQQ,2026-01-06 15:28:00+00:00,622.38,622.45,622.205,622.24,101097.0,2771.0,622.364308
QQQ,2026-01-06 15:29:00+00:00,622.23,622.43,622.11,622.43,158170.0,3237.0,622.297959
QQQ,2026-01-06 15:30:00+00:00,622.42,622.42,622.21,622.3,96754.0,2930.0,622.31398
QQQ,2026-01-06 15:31:00+00:00,622.3,622.45,622.02,622.06,116680.0,3197.0,622.258257
QQQ,2026-01-06 15:32:00+00:00,622.05,622.17,621.93,622.16,100341.0,2899.0,622.070595
QQQ,2026-01-06 15:33:00+00:00,622.155,622.17,621.96,622.09,104150.0,2713.0,622.054784
QQQ,2026-01-06 15:34:00+00:00,622.095,622.1,621.87,622.04,291861.0,2481.0,621.99774
QQQ,2026-01-06 15:35:00+00:00,622.035,622.135,621.89,621.96,96458.0,2694.0,622.003648
QQQ,2026-01-06 15:36:00+00:00,621.936,622.0,621.57,621.68,139572.0,3521.0,621.7498
QQQ,2026-01-06 15:37:00+00:00,621.68,621.95,621.485,621.84,160428.0,3655.0,621.676341
QQQ,2026-01-06 15:38:00+00:00,621.86,622.15,621.86,622.03,85342.0,2537.0,622.022656
QQQ,2026-01-06 15:39:00+00:00,622.015,622.065,621.69,621.71,114391.0,2919.0,621.877283
QQQ,2026-01-06 15:40:00+00:00,621.71,621.91,621.53,621.6612,102263.0,2663.0,621.71436
QQQ,2026-01-06 15:41:00+00:00,621.7,621.7,621.43,621.57,100707.0,2694.0,621.557168
QQQ,2026-01-06 15:42:00+00:00,621.58,621.8,621.47,621.6,107399.0,2714.0,621.637088
QQQ,2026-01-06 15:43:00+00:00,621.59,621.83,621.59,621.609,85576.0,2243.0,621.725709
QQQ,2026-01-06 15:44:00+00:00,621.6,621.6,621.14,621.29,140766.0,3348.0,621.307753
QQQ,2026-01-06 15:45:00+00:00,621.27,621.3,620.99,621.14,181364.0,3868.0,621.166514
QQQ,2026-01-06 15:46:00+00:00,621.14,621.44,621.01,621.28,170594.0,3324.0,621.228963
QQQ,2026-01-06 15:47:00+00:00,621.26,621.31,621.05,621.22,100763.0,2700.0,621.173405
QQQ,2026-01-06 15:48:00+00:00,621.22,621.48,621.2,621.4,86367.0,2671.0,621.395881
QQQ,2026-01-06 15:49:00+00:00,621.4,621.4656,621.27,621.39,69422.0,2342.0,621.377893
QQQ,2026-01-06 15:50:00+00:00,621.39,621.56,621.285,621.37,148181.0,3436.0,621.41592
QQQ,2026-01-06 15:51:00+00:00,621.3501,621.47,621.3,621.37,87235.0,2545.0,621.389685
QQQ,2026-01-06 15:52:00+00:00,621.36,621.37,620.88,621.05,131327.0,3342.0,621.094993
QQQ,2026-01-06 15:53:00+00:00,621.04,621.04,620.55,620.62,243614.0,4595.0,620.740948
QQQ,2026-01-06 15:54:00+00:00,620.61,620.78,620.53,620.76,161772.0,3340.0,620.631985
QQQ,2026-01-06 15:55:00+00:00,620.75,620.76,620.19,620.25,176867.0,4024.0,620.451345
QQQ,2026-01-06 15:56:00+00:00,620.26,620.5301,620.1,620.47,242195.0,4462.0,620.3296
QQQ,2026-01-06 15:57:00+00:00,620.45,620.64,620.4,620.4,185618.0,3330.0,620.517046
QQQ,2026-01-06 15:58:00+00:00,620.4,620.64,620.34,620.57,126707.0,3037.0,620.491423
QQQ,2026-01-06 15:59:00+00:00,620.54,620.72,620.43,620.43,151285.0,3557.0,620.58094
QQQ,2026-01-06 16:00:00+00:00,620.43,620.435,620.07,620.25,159219.0,3481.0,620.213659
QQQ,2026-01-06 16:01:00+00:00,620.26,620.37,620.08,620.18,83427.0,2734.0,620.209786
QQQ,2026-01-06 16:02:00+00:00,620.15,620.25,620.04,620.11,81870.0,2715.0,620.138362
QQQ,2026-01-06 16:03:00+00:00,620.1,620.18,619.97,620.01,94427.0,3100.0,620.053308
QQQ,2026-01-06 16:04:00+00:00,620.0,620.03,619.75,619.835,140122.0,3420.0,619.917082
QQQ,2026-01-06 16:05:00+00:00,619.83,620.01,619.77,619.88,132322.0,3461.0,619.889363
QQQ,2026-01-06 16:06:00+00:00,619.89,620.16,619.46,619.56,173958.0,4372.0,619.805083
QQQ,2026-01-06 16:07:00+00:00,619.56,619.5799,619.29,619.52,141874.0,3570.0,619.458923
QQQ,2026-01-06 16:08:00+00:00,619.52,619.74,619.48,619.71,96147.0,2891.0,619.616667
QQQ,2026-01-06 16:09:00+00:00,619.72,620.165,619.705,620.15,150529.0,3646.0,619.971975
QQQ,2026-01-06 16:10:00+00:00,620.15,620.35,620.08,620.275,154021.0,3394.0,620.206262
QQQ,2026-01-06 16:11:00+00:00,620.285,620.32,620.07,620.14,107973.0,2907.0,620.19179
QQQ,2026-01-06 16:12:00+00:00,620.14,620.38,620.09,620.27,118781.0,3191.0,620.270295
QQQ,2026-01-06 16:13:00+00:00,620.2782,620.29,620.04,620.14,92080.0,2661.0,620.168019
QQQ,2026-01-06 16:14:00+00:00,620.1195,620.13,619.971,620.06,90253.0,2576.0,620.040385
QQQ,2026-01-06 16:15:00+00:00,620.0506,620.26,620.01,620.2,106713.0,2690.0,620.15915
QQQ,2026-01-06 16:16:00+00:00,620.2,620.23,619.8,619.89,110167.0,2669.0,620.032925
QQQ,2026-01-06 16:17:00+00:00,619.9,620.03,619.84,620.015,88239.0,2504.0,619.905126
QQQ,2026-01-06 16:18:00+00:00,620.0,620.15,619.99,620.06,76457.0,2152.0,620.06334
QQQ,2026-01-06 16:19:00+00:00,620.07,620.39,620.045,620.32,99709.0,2572.0,620.246485
QQQ,2026-01-06 16:20:00+00:00,620.31,620.34,620.0005,620.16,87246.0,2494.0,620.175804
QQQ,2026-01-06 16:21:00+00:00,620.15,620.38,620.15,620.38,47382.0,2057.0,620.236147
QQQ,2026-01-06 16:22:00+00:00,620.37,620.67,620.325,620.565,85631.0,2496.0,620.471113
QQQ,2026-01-06 16:23:00+00:00,620.58,620.7199,620.53,620.66,116024.0,2412.0,620.61334
QQQ,2026-01-06 16:24:00+00:00,620.67,620.96,620.67,620.7044,130248.0,2788.0,620.82496
QQQ,2026-01-06 16:25:00+00:00,620.69,620.774,620.23,620.2699,83932.0,2511.0,620.470801
QQQ,2026-01-06 16:26:00+00:00,620.27,620.3,620.105,620.1325,66984.0,2047.0,620.212939
QQQ,2026-01-06 16:27:00+00:00,620.15,620.35,620.1,620.35,90350.0,2571.0,620.214802
QQQ,2026-01-06 16:28:00+00:00,620.35,620.39,620.17,620.24,59250.0,2079.0,620.275491
QQQ,2026-01-06 16:29:00+00:00,620.25,620.37,620.1245,620.2,111775.0,2607.0,620.252025
QQQ,2026-01-06 16:30:00+00:00,620.2,620.49,620.1,620.44,96151.0,2564.0,620.299004
QQQ,2026-01-06 16:31:00+00:00,620.43,620.56,620.28,620.47,121772.0,2906.0,620.44091
QQQ,2026-01-06 16:32:00+00:00,620.46,620.55,620.3099,620.41,68326.0,2167.0,620.44846
QQQ,2026-01-06 16:33:00+00:00,620.42,620.66,620.39,620.56,83237.0,2309.0,620.563759
QQQ,2026-01-06 16:34:00+00:00,620.54,620.78,620.46,620.74,112287.0,2464.0,620.597876
QQQ,2026-01-06 16:35:00+00:00,620.74,620.755,620.4888,620.53,56461.0,2080.0,620.60492
QQQ,2026-01-06 16:36:00+00:00,620.52,620.55,620.24,620.337,56349.0,2305.0,620.375496
QQQ,2026-01-06 16:37:00+00:00,620.35,620.355,620.06,620.31,73096.0,2272.0,620.194691
QQQ,2026-01-06 16:38:00+00:00,620.32,620.48,620.228,620.37,71468.0,2253.0,620.355955
QQQ,2026-01-06 16:39:00+00:00,620.37,620.67,620.37,620.61,59607.0,1988.0,620.538283
QQQ,2026-01-06 16:40:00+00:00,620.61,620.65,620.4799,620.566,60368.0,2073.0,620.558273
QQQ,2026-01-06 16:41:00+00:00,620.54,620.6,620.28,620.33,46315.0,2022.0,620.430908
QQQ,2026-01-06 16:42:00+00:00,620.35,620.6,620.2,620.3,155624.0,3482.0,620.408894
QQQ,2026-01-06 16:43:00+00:00,620.295,620.3475,619.82,619.89,163246.0,3686.0,619.997776
QQQ,2026-01-06 16:44:00+00:00,619.9,619.97,619.76,619.8968,84711.0,2447.0,619.877192
QQQ,2026-01-06 16:45:00+00:00,619.91,620.105,619.83,620.02,97760.0,2402.0,619.966241
QQQ,2026-01-06 16:46:00+00:00,620.03,620.2,620.01,620.17,67953.0,2125.0,620.082548
QQQ,2026-01-06 16:47:00+00:00,620.17,620.43,620.12,620.43,82429.0,2438.0,620.362867
QQQ,2026-01-06 16:48:00+00:00,620.4307,620.54,620.42,620.4993,65013.0,2142.0,620.48405
QQQ,2026-01-06 16:49:00+00:00,620.5,620.58,620.47,620.51,45213.0,1814.0,620.519458
QQQ,2026-01-06 16:50:00+00:00,620.5,620.66,620.49,620.62,40502.0,1711.0,620.580316
QQQ,2026-01-06 16:51:00+00:00,620.61,620.6883,620.485,620.6001,66287.0,2165.0,620.600097
QQQ,2026-01-06 16:52:00+00:00,620.61,620.78,620.59,620.65,70259.0,1909.0,620.666069
QQQ,2026-01-06 16:53:00+00:00,620.675,620.74,620.64,620.695,45369.0,1747.0,620.686771
QQQ,2026-01-06 16:54:00+00:00,620.6999,620.76,620.54,620.54,49969.0,1838.0,620.673574
QQQ,2026-01-06 16:55:00+00:00,620.53,620.53,619.99,620.045,112288.0,2541.0,620.166913
QQQ,2026-01-06 16:56:00+00:00,620.05,620.18,620.005,620.13,58949.0,2049.0,620.075142
QQQ,2026-01-06 16:57:00+00:00,620.13,620.42,620.08,620.36,71458.0,2160.0,620.292019
QQQ,2026-01-06 16:58:00+00:00,620.36,620.61,620.34,620.56,48170.0,1778.0,620.498598
QQQ,2026-01-06 16:59:00+00:00,620.56,620.7,620.56,620.66,46868.0,1890.0,620.632564
QQQ,2026-01-06 17:00:00+00:00,620.65,620.69,620.32,620.36,42880.0,1166.0,620.489226
QQQ,2026-01-06 17:01:00+00:00,620.37,620.46,620.345,620.4,27346.0,627.0,620.412009
QQQ,2026-01-06 17:02:00+00:00,620.35,620.3671,620.1499,620.22,51198.0,994.0,620.239709
QQQ,2026-01-06 17:03:00+00:00,620.22,620.34,620.19,620.25,49532.0,1084.0,620.253146
QQQ,2026-01-06 17:04:00+00:00,620.24,620.44,620.1848,620.395,53420.0,1092.0,620.351132
QQQ,2026-01-06 17:05:00+00:00,620.4,620.7,620.38,620.665,60913.0,1210.0,620.544277
QQQ,2026-01-06 17:06:00+00:00,620.69,621.06,620.68,620.92,119377.0,1978.0,620.869719
QQQ,2026-01-06 17:07:00+00:00,620.94,621.1,620.93,621.08,80782.0,1436.0,621.017818
QQQ,2026-01-06 17:08:00+00:00,621.07,621.12,620.83,620.93,86445.0,1474.0,621.019083
QQQ,2026-01-06 17:09:00+00:00,620.92,620.97,620.79,620.95,55924.0,1102.0,620.89109
QQQ,2026-01-06 17:10:00+00:00,620.97,620.99,620.82,620.9137,48649.0,1179.0,620.894046
QQQ,2026-01-06 17:11:00+00:00,620.92,621.02,620.9,620.96,33200.0,895.0,620.957157
QQQ,2026-01-06 17:12:00+00:00,620.97,621.12,620.9386,621.1,42341.0,1041.0,621.02261
QQQ,2026-01-06 17:13:00+00:00,621.11,621.19,621.085,621.1103,46488.0,1321.0,621.136069
QQQ,2026-01-06 17:14:00+00:00,621.12,621.2,621.06,621.095,56470.0,1079.0,621.142047
QQQ,2026-01-06 17:15:00+00:00,621.1,621.2,621.0,621.0465,46324.0,961.0,621.102402
QQQ,2026-01-06 17:16:00+00:00,621.04,621.13,621.01,621.125,65917.0,1388.0,621.075928
QQQ,2026-01-06 17:17:00+00:00,621.125,621.235,621.07,621.07,77900.0,1394.0,621.150051
QQQ,2026-01-06 17:18:00+00:00,621.1099,621.15,621.04,621.04,33653.0,978.0,621.09343
QQQ,2026-01-06 17:19:00+00:00,621.03,621.1533,620.92,621.08,124415.0,1000.0,621.031201
QQQ,2026-01-06 17:20:00+00:00,621.06,621.35,621.06,621.32,65403.0,1175.0,621.236905
QQQ,2026-01-06 17:21:00+00:00,621.33,621.48,621.315,621.41,88870.0,1513.0,621.39705
QQQ,2026-01-06 17:22:00+00:00,621.41,621.66,621.41,621.61,155746.0,2025.0,621.575536
QQQ,2026-01-06 17:23:00+00:00,621.62,621.645,621.52,621.64,56669.0,1027.0,621.575691
QQQ,2026-01-06 17:24:00+00:00,621.65,621.76,621.56,621.56,99958.0,1370.0,621.673863
QQQ,2026-01-06 17:25:00+00:00,621.57,621.8,621.55,621.77,354834.0,1876.0,621.644848
QQQ,2026-01-06 17:26:00+00:00,621.765,621.78,621.67,621.7,63973.0,1198.0,621.709983
QQQ,2026-01-06 17:27:00+00:00,621.7,621.73,621.63,621.725,55193.0,1102.0,621.685874
QQQ,2026-01-06 17:28:00+00:00,621.73,621.79,621.64,621.64,150639.0,1050.0,621.706438
QQQ,2026-01-06 17:29:00+00:00,621.635,621.685,621.51,621.5825,68739.0,1216.0,621.61459
QQQ,2026-01-06 17:30:00+00:00,621.59,621.735,621.57,621.735,178423.0,1327.0,621.638352
QQQ,2026-01-06 17:31:00+00:00,621.735,621.88,621.67,621.815,68156.0,1391.0,621.781514
QQQ,2026-01-06 17:32:00+00:00,621.81,621.95,621.795,621.9,70444.0,1270.0,621.890249
QQQ,2026-01-06 17:33:00+00:00,621.9,622.05,621.9,622.02,77782.0,1549.0,621.988886
QQQ,2026-01-06 17:34:00+00:00,622.03,622.19,622.03,622.175,79802.0,1500.0,622.141579
QQQ,2026-01-06 17:35:00+00:00,622.18,622.27,622.1,622.2,109210.0,1537.0,622.191531
QQQ,2026-01-06 17:36:00+00:00,622.2,622.3,622.16,622.2201,61253.0,1085.0,622.233388
QQQ,2026-01-06 17:37:00+00:00,622.24,622.37,622.24,622.36,73008.0,1212.0,622.307949
QQQ,2026-01-06 17:38:00+00:00,622.36,622.71,622.35,622.695,120478.0,2199.0,622.583377
QQQ,2026-01-06 17:39:00+00:00,622.7,622.785,622.44,622.45,110484.0,1855.0,622.630453
QQQ,2026-01-06 17:40:00+00:00,622.46,622.53,622.36,622.37,127752.0,1728.0,622.472558
QQQ,2026-01-06 17:41:00+00:00,622.37,622.455,622.2832,622.4,82652.0,1519.0,622.349004
QQQ,2026-01-06 17:42:00+00:00,622.4,622.45,622.35,622.38,110352.0,1552.0,622.374201
QQQ,2026-01-06 17:43:00+00:00,622.38,622.4375,622.18,622.25,77273.0,1198.0,622.351896
QQQ,2026-01-06 17:44:00+00:00,622.24,622.36,622.22,622.36,37147.0,987.0,622.271072
QQQ,2026-01-06 17:45:00+00:00,622.37,622.465,622.35,622.42,66214.0,1182.0,622.41304
QQQ,2026-01-06 17:46:00+00:00,622.43,622.44,622.34,622.39,39514.0,910.0,622.392084
QQQ,2026-01-06 17:47:00+00:00,622.38,622.415,622.19,622.205,179970.0,1343.0,622.321169
QQQ,2026-01-06 17:48:00+00:00,622.21,622.225,621.965,621.99,101920.0,2249.0,622.080934
QQQ,2026-01-06 17:49:00+00:00,622.0,622.08,621.865,622.06,94562.0,2372.0,621.962831
QQQ,2026-01-06 17:50:00+00:00,622.07,622.1,621.94,622.03,42261.0,1984.0,622.031835
QQQ,2026-01-06 17:51:00+00:00,622.0344,622.07,621.95,621.98,51090.0,1925.0,622.017618
QQQ,2026-01-06 17:52:00+00:00,621.995,622.19,621.98,622.16,48261.0,1558.0,622.052829
QQQ,2026-01-06 17:53:00+00:00,622.16,622.23,622.12,622.19,46180.0,1001.0,622.17983
QQQ,2026-01-06 17:54:00+00:00,622.18,622.2,622.09,622.16,52569.0,1186.0,622.152003
QQQ,2026-01-06 17:55:00+00:00,622.16,622.2,622.09,622.15,52260.0,1105.0,622.15995
QQQ,2026-01-06 17:56:00+00:00,622.155,622.19,622.1,622.1501,29253.0,746.0,622.148116
QQQ,2026-01-06 17:57:00+00:00,622.15,622.255,622.14,622.17,32695.0,818.0,622.191421
QQQ,2026-01-06 17:58:00+00:00,622.18,622.2,622.0801,622.18,29652.0,708.0,622.138972
QQQ,2026-01-06 17:59:00+00:00,622.18,622.27,622.13,622.16,40573.0,789.0,622.201071
QQQ,2026-01-06 18:00:00+00:00,622.18,622.18,622.06,622.09,51462.0,722.0,622.103462
QQQ,2026-01-06 18:01:00+00:00,622.11,622.24,622.1,622.1556,44200.0,895.0,622.181542
QQQ,2026-01-06 18:02:00+00:00,622.15,622.17,622.06,622.16,77088.0,1321.0,622.117084
QQQ,2026-01-06 18:03:00+00:00,622.155,622.18,622.12,622.18,41821.0,758.0,622.149071
QQQ,2026-01-06 18:04:00+00:00,622.19,622.19,622.03,622.04,42115.0,689.0,622.105322
QQQ,2026-01-06 18:05:00+00:00,622.05,622.05,621.89,621.89,73916.0,1140.0,621.956028
QQQ,2026-01-06 18:06:00+00:00,621.89,621.96,621.87,621.9,67886.0,1000.0,621.913502
QQQ,2026-01-06 18:07:00+00:00,621.9,621.93,621.815,621.921,50933.0,955.0,621.878081
QQQ,2026-01-06 18:08:00+00:00,621.93,622.13,621.93,622.11,78320.0,1170.0,622.045632
QQQ,2026-01-06 18:09:00+00:00,622.1,622.12,622.02,622.0599,36741.0,746.0,622.065242
QQQ,2026-01-06 18:10:00+00:00,622.05,622.14,622.045,622.07,59921.0,982.0,622.086179
QQQ,2026-01-06 18:11:00+00:00,622.07,622.11,622.021,622.021,34643.0,841.0,622.066036
QQQ,2026-01-06 18:12:00+00:00,622.03,622.1156,622.02,622.11,35272.0,820.0,622.067286
QQQ,2026-01-06 18:13:00+00:00,622.1,622.175,622.03,622.15,27560.0,688.0,622.125254
QQQ,2026-01-06 18:14:00+00:00,622.165,622.25,622.14,622.25,49831.0,1040.0,622.19824
QQQ,2026-01-06 18:15:00+00:00,622.24,622.46,622.23,622.42,46774.0,880.0,622.35585
QQQ,2026-01-06 18:16:00+00:00,622.43,622.55,622.42,622.5201,47933.0,913.0,622.482703
QQQ,2026-01-06 18:17:00+00:00,622.53,622.615,622.4556,622.53,75578.0,1074.0,622.531865
QQQ,2026-01-06 18:18:00+00:00,622.53,622.66,622.51,622.6044,81018.0,1062.0,622.56033
QQQ,2026-01-06 18:19:00+00:00,622.6,622.62,622.5,622.56,36593.0,713.0,622.565286
QQQ,2026-01-06 18:20:00+00:00,622.58,622.61,622.54,622.56,50468.0,787.0,622.576142
QQQ,2026-01-06 18:21:00+00:00,622.55,622.57,622.45,622.495,34000.0,694.0,622.516176
QQQ,2026-01-06 18:22:00+00:00,622.5,622.57,622.47,622.47,33670.0,570.0,622.536028
QQQ,2026-01-06 18:23:00+00:00,622.48,622.56,622.44,622.55,36062.0,713.0,622.488649
QQQ,2026-01-06 18:24:00+00:00,622.545,622.56,622.42,622.48,34353.0,553.0,622.497488
QQQ,2026-01-06 18:25:00+00:00,622.48,622.49,622.325,622.33,35378.0,675.0,622.415208
QQQ,2026-01-06 18:26:00+00:00,622.328,622.4052,622.2556,622.29,49269.0,693.0,622.330118
QQQ,2026-01-06 18:27:00+00:00,622.28,622.28,622.12,622.12,66209.0,1035.0,622.219637
QQQ,2026-01-06 18:28:00+00:00,622.115,622.23,622.1,622.17,53811.0,1095.0,622.179107
QQQ,2026-01-06 18:29:00+00:00,622.165,622.212,622.125,622.145,60344.0,841.0,622.165566
QQQ,2026-01-06 18:30:00+00:00,622.1401,622.2599,622.14,622.2,47135.0,1196.0,622.178904
QQQ,2026-01-06 18:31:00+00:00,622.19,622.195,622.13,622.15,137033.0,969.0,622.162528
QQQ,2026-01-06 18:32:00+00:00,622.15,622.36,622.13,622.34,115131.0,1083.0,622.215744
QQQ,2026-01-06 18:33:00+00:00,622.34,622.35,622.18,622.19,41487.0,939.0,622.297861
QQQ,2026-01-06 18:34:00+00:00,622.19,622.2,621.92,622.01,90062.0,1547.0,622.023601
QQQ,2026-01-06 18:35:00+00:00,622.01,622.23,622.01,622.23,37073.0,753.0,622.107347
QQQ,2026-01-06 18:36:00+00:00,622.23,622.26,622.165,622.2256,41920.0,824.0,622.217373
QQQ,2026-01-06 18:37:00+00:00,622.22,622.36,622.185,622.355,43700.0,755.0,622.276964
QQQ,2026-01-06 18:38:00+00:00,622.345,622.35,622.235,622.26,27596.0,598.0,622.293303
QQQ,2026-01-06 18:39:00+00:00,622.265,622.28,622.15,622.205,57558.0,930.0,622.195108
QQQ,2026-01-06 18:40:00+00:00,622.21,622.29,622.19,622.2,30044.0,599.0,622.237231
QQQ,2026-01-06 18:41:00+00:00,622.2,622.37,622.2,622.345,22249.0,484.0,622.272278
QQQ,2026-01-06 18:42:00+00:00,622.34,622.41,622.3246,622.4,33825.0,641.0,622.367441
QQQ,2026-01-06 18:43:00+00:00,622.41,622.64,622.39,622.62,99756.0,1350.0,622.539833
QQQ,2026-01-06 18:44:00+00:00,622.63,622.725,622.625,622.72,92224.0,1177.0,622.680636
QQQ,2026-01-06 18:45:00+00:00,622.72,622.855,622.68,622.84,129871.0,1799.0,622.796382
QQQ,2026-01-06 18:46:00+00:00,622.845,623.07,622.83,623.01,124434.0,2000.0,622.972522
QQQ,2026-01-06 18:47:00+00:00,623.01,623.23,623.0,623.19,120098.0,1704.0,623.105065
QQQ,2026-01-06 18:48:00+00:00,623.185,623.2,623.085,623.14,72434.0,1143.0,623.150786
QQQ,2026-01-06 18:49:00+00:00,623.13,623.24,623.12,623.14,78095.0,1210.0,623.192299
QQQ,2026-01-06 18:50:00+00:00,623.14,623.16,623.02,623.11,94071.0,1301.0,623.071927
QQQ,2026-01-06 18:51:00+00:00,623.11,623.18,623.09,623.145,68875.0,1152.0,623.136589
QQQ,2026-01-06 18:52:00+00:00,623.15,623.15,623.04,623.08,63285.0,880.0,623.095056
QQQ,2026-01-06 18:53:00+00:00,623.08,623.195,623.06,623.17,69725.0,1000.0,623.142261
QQQ,2026-01-06 18:54:00+00:00,623.175,623.23,623.06,623.07,99048.0,1494.0,623.126342
QQQ,2026-01-06 18:55:00+00:00,623.07,623.12,622.97,623.02,130524.0,1166.0,623.035857
QQQ,2026-01-06 18:56:00+00:00,623.03,623.1,622.95,622.97,68759.0,1144.0,623.016251
QQQ,2026-01-06 18:57:00+00:00,622.98,623.0598,622.97,623.0,75922.0,1017.0,623.021179
QQQ,2026-01-06 18:58:00+00:00,623.0156,623.11,622.9937,623.11,39683.0,743.0,623.034142
QQQ,2026-01-06 18:59:00+00:00,623.11,623.225,623.095,623.22,120849.0,1205.0,623.176328
QQQ,2026-01-06 19:00:00+00:00,623.22,623.35,623.16,623.25,125993.0,1641.0,623.263765
QQQ,2026-01-06 19:01:00+00:00,623.26,623.32,623.19,623.2701,56295.0,912.0,623.250227
QQQ,2026-01-06 19:02:00+00:00,623.27,623.31,623.11,623.11,58411.0,743.0,623.220193
QQQ,2026-01-06 19:03:00+00:00,623.11,623.12,623.01,623.08,80809.0,1117.0,623.075307
QQQ,2026-01-06 19:04:00+00:00,623.08,623.12,623.06,623.0799,40988.0,693.0,623.08965
QQQ,2026-01-06 19:05:00+00:00,623.075,623.24,623.075,623.1699,54619.0,779.0,623.151422
QQQ,2026-01-06 19:06:00+00:00,623.17,623.195,623.06,623.07,30848.0,683.0,623.115756
QQQ,2026-01-06 19:07:00+00:00,623.06,623.145,622.97,623.13,55795.0,934.0,623.054939
QQQ,2026-01-06 19:08:00+00:00,623.12,623.12,622.97,623.0,27568.0,586.0,623.024661
QQQ,2026-01-06 19:09:00+00:00,623.01,623.02,622.965,622.98,51275.0,646.0,622.994789
QQQ,2026-01-06 19:10:00+00:00,622.97,623.07,622.96,623.04,25501.0,648.0,623.006611
QQQ,2026-01-06 19:11:00+00:00,623.04,623.08,622.981,623.08,24127.0,568.0,623.016869
QQQ,2026-01-06 19:12:00+00:00,623.07,623.18,623.0399,623.18,73430.0,984.0,623.132814
QQQ,2026-01-06 19:13:00+00:00,623.18,623.22,623.155,623.2,41077.0,676.0,623.190356
QQQ,2026-01-06 19:14:00+00:00,623.21,623.34,623.2,623.28,66828.0,1049.0,623.282468
QQQ,2026-01-06 19:15:00+00:00,623.28,623.3,623.18,623.2,50683.0,900.0,623.249352
QQQ,2026-01-06 19:16:00+00:00,623.2,623.27,623.174,623.25,43016.0,788.0,623.215794
QQQ,2026-01-06 19:17:00+00:00,623.25,623.25,623.17,623.17,37749.0,713.0,623.200398
QQQ,2026-01-06 19:18:00+00:00,623.17,623.215,623.15,623.205,31530.0,596.0,623.173417
QQQ,2026-01-06 19:19:00+00:00,623.2,623.3199,623.19,623.31,42783.0,788.0,623.245702
QQQ,2026-01-06 19:20:00+00:00,623.305,623.32,623.255,623.32,48329.0,692.0,623.288575
QQQ,2026-01-06 19:21:00+00:00,623.32,623.325,623.23,623.3,44539.0,658.0,623.277094
QQQ,2026-01-06 19:22:00+00:00,623.3075,623.44,623.29,623.37,133639.0,1380.0,623.376121
QQQ,2026-01-06 19:23:00+00:00,623.37,623.4054,623.31,623.4,58665.0,748.0,623.350179
QQQ,2026-01-06 19:24:00+00:00,623.39,623.405,623.3,623.39,82054.0,701.0,623.361955
QQQ,2026-01-06 19:25:00+00:00,623.39,623.405,623.25,623.31,58005.0,882.0,623.307208
QQQ,2026-01-06 19:26:00+00:00,623.31,623.36,623.26,623.36,80173.0,1031.0,623.332758
QQQ,2026-01-06 19:27:00+00:00,623.36,623.37,623.27,623.32,32976.0,562.0,623.347796
QQQ,2026-01-06 19:28:00+00:00,623.315,623.37,623.28,623.355,114611.0,532.0,623.316184
QQQ,2026-01-06 19:29:00+00:00,623.365,623.37,623.29,623.31,36677.0,688.0,623.338046
QQQ,2026-01-06 19:30:00+00:00,623.32,623.38,623.27,623.35,31018.0,619.0,623.320554
QQQ,2026-01-06 19:31:00+00:00,623.35,623.44,623.33,623.39,56461.0,786.0,623.378759
QQQ,2026-01-06 19:32:00+00:00,623.383,623.5001,623.36,623.5001,40773.0,759.0,623.432665
QQQ,2026-01-06 19:33:00+00:00,623.51,623.51,623.4,623.44,57501.0,807.0,623.465674
QQQ,2026-01-06 19:34:00+00:00,623.45,623.51,623.39,623.49,41884.0,687.0,623.454626
QQQ,2026-01-06 19:35:00+00:00,623.495,623.58,623.46,623.49,91866.0,949.0,623.517746
QQQ,2026-01-06 19:36:00+00:00,623.49,623.51,623.41,623.48,53003.0,875.0,623.461845
QQQ,2026-01-06 19:37:00+00:00,623.485,623.49,623.41,623.44,47828.0,889.0,623.455618
QQQ,2026-01-06 19:38:00+00:00,623.42,623.4554,623.38,623.4038,51279.0,799.0,623.410343
QQQ,2026-01-06 19:39:00+00:00,623.41,623.44,623.35,623.37,76007.0,1033.0,623.406959
QQQ,2026-01-06 19:40:00+00:00,623.37,623.51,623.36,623.47,72467.0,974.0,623.427615
QQQ,2026-01-06 19:41:00+00:00,623.47,623.55,623.44,623.55,50530.0,778.0,623.481749
QQQ,2026-01-06 19:42:00+00:00,623.54,623.565,623.51,623.55,54247.0,806.0,623.538166
QQQ,2026-01-06 19:43:00+00:00,623.56,623.61,623.525,623.5799,68408.0,898.0,623.573485
QQQ,2026-01-06 19:44:00+00:00,623.58,623.58,623.47,623.485,82858.0,965.0,623.524339
QQQ,2026-01-06 19:45:00+00:00,623.49,623.54,623.47,623.52,28821.0,655.0,623.500489
QQQ,2026-01-06 19:46:00+00:00,623.52,623.55,623.51,623.52,325365.0,620.0,623.526777
QQQ,2026-01-06 19:47:00+00:00,623.52,623.56,623.46,623.52,67299.0,1105.0,623.513539
QQQ,2026-01-06 19:48:00+00:00,623.53,623.555,623.47,623.48,44496.0,804.0,623.513734
QQQ,2026-01-06 19:49:00+00:00,623.485,623.51,623.455,623.4967,30648.0,616.0,623.479026
QQQ,2026-01-06 19:50:00+00:00,623.495,623.5096,623.43,623.5,46139.0,753.0,623.464513
QQQ,2026-01-06 19:51:00+00:00,623.51,623.51,623.42,623.47,64186.0,817.0,623.465035
QQQ,2026-01-06 19:52:00+00:00,623.475,623.5,623.44,623.49,27579.0,520.0,623.478124
QQQ,2026-01-06 19:53:00+00:00,623.49,623.505,623.44,623.47,42262.0,644.0,623.473637
QQQ,2026-01-06 19:54:00+00:00,623.47,623.47,623.351,623.36,85759.0,808.0,623.398635
QQQ,2026-01-06 19:55:00+00:00,623.3699,623.42,623.31,623.31,50806.0,737.0,623.365915
QQQ,2026-01-06 19:56:00+00:00,623.31,623.3532,623.265,623.3319,113663.0,1180.0,623.300632
QQQ,2026-01-06 19:57:00+00:00,623.3356,623.35,623.25,623.31,182598.0,1014.0,623.285694
QQQ,2026-01-06 19:58:00+00:00,623.3,623.355,623.29,623.34,32389.0,606.0,623.320551
QQQ,2026-01-06 19:59:00+00:00,623.34,623.345,623.27,623.29,45345.0,750.0,623.299932
QQQ,2026-01-06 20:00:00+00:00,623.29,623.445,623.205,623.437,65200.0,895.0,623.311891
QQQ,2026-01-06 20:01:00+00:00,623.45,623.48,623.38,623.42,35548.0,645.0,623.434235
QQQ,2026-01-06 20:02:00+00:00,623.43,623.46,623.3835,623.45,53703.0,851.0,623.420312
QQQ,2026-01-06 20:03:00+00:00,623.4592,623.48,623.365,623.38,68394.0,908.0,623.440336
QQQ,2026-01-06 20:04:00+00:00,623.38,623.38,623.29,623.33,48646.0,754.0,623.336447
QQQ,2026-01-06 20:05:00+00:00,623.33,623.36,623.266,623.2845,55026.0,744.0,623.31522
QQQ,2026-01-06 20:06:00+00:00,623.285,623.3,623.14,623.14,53665.0,716.0,623.21571
QQQ,2026-01-06 20:07:00+00:00,623.15,623.235,623.15,623.21,61927.0,836.0,623.186747
QQQ,2026-01-06 20:08:00+00:00,623.2001,623.28,623.19,623.28,31941.0,640.0,623.2407
QQQ,2026-01-06 20:09:00+00:00,623.27,623.28,623.2,623.21,27027.0,623.0,623.231708
QQQ,2026-01-06 20:10:00+00:00,623.225,623.27,623.205,623.25,41984.0,779.0,623.235528
QQQ,2026-01-06 20:11:00+00:00,623.25,623.43,623.24,623.43,71568.0,1152.0,623.358059
QQQ,2026-01-06 20:12:00+00:00,623.43,623.43,623.35,623.42,43310.0,778.0,623.393773
QQQ,2026-01-06 20:13:00+00:00,623.41,623.42,623.37,623.395,29398.0,622.0,623.398631
QQQ,2026-01-06 20:14:00+00:00,623.395,623.475,623.37,623.385,62011.0,738.0,623.426081
QQQ,2026-01-06 20:15:00+00:00,623.385,623.49,623.3801,623.4704,39609.0,735.0,623.434015
QQQ,2026-01-06 20:16:00+00:00,623.475,623.64,623.45,623.4801,128842.0,1576.0,623.55755
QQQ,2026-01-06 20:17:00+00:00,623.48,623.52,623.44,623.49,26469.0,560.0,623.481271
QQQ,2026-01-06 20:18:00+00:00,623.495,623.5301,623.4301,623.5301,21430.0,515.0,623.484203
QQQ,2026-01-06 20:19:00+00:00,623.54,623.56,623.4375,623.535,35288.0,704.0,623.511221
QQQ,2026-01-06 20:20:00+00:00,623.55,623.56,623.48,623.49,33451.0,638.0,623.519928
QQQ,2026-01-06 20:21:00+00:00,623.47,623.53,623.46,623.485,30670.0,569.0,623.498643
QQQ,2026-01-06 20:22:00+00:00,623.48,623.51,623.42,623.42,41154.0,720.0,623.470255
QQQ,2026-01-06 20:23:00+00:00,623.42,623.45,623.39,623.425,99142.0,677.0,623.419846
QQQ,2026-01-06 20:24:00+00:00,623.43,623.48,623.37,623.38,49551.0,702.0,623.424726
QQQ,2026-01-06 20:25:00+00:00,623.37,623.49,623.3401,623.46,85131.0,889.0,623.41207
QQQ,2026-01-06 20:26:00+00:00,623.46,623.5,623.42,623.43,67264.0,781.0,623.461328
QQQ,2026-01-06 20:27:00+00:00,623.44,623.49,623.41,623.46,41169.0,815.0,623.447694
QQQ,2026-01-06 20:28:00+00:00,623.47,623.48,623.42,623.45,54986.0,792.0,623.448966
QQQ,2026-01-06 20:29:00+00:00,623.44,623.49,623.35,623.35,83059.0,1111.0,623.434275
QQQ,2026-01-06 20:30:00+00:00,623.35,623.445,623.3,623.425,68262.0,1109.0,623.393394
QQQ,2026-01-06 20:31:00+00:00,623.43,623.47,623.383,623.4193,50442.0,948.0,623.427661
QQQ,2026-01-06 20:32:00+00:00,623.4155,623.46,623.405,623.43,39500.0,703.0,623.427716
QQQ,2026-01-06 20:33:00+00:00,623.42,623.4899,623.414,623.465,50506.0,862.0,623.449975
QQQ,2026-01-06 20:34:00+00:00,623.45,623.495,623.4151,623.445,104750.0,1159.0,623.453374
QQQ,2026-01-06 20:35:00+00:00,623.45,623.495,623.3875,623.49,264110.0,906.0,623.444225
QQQ,2026-01-06 20:36:00+00:00,623.49,623.695,623.49,623.695,97680.0,1377.0,623.578313
QQQ,2026-01-06 20:37:00+00:00,623.7,623.79,623.66,623.7,112730.0,1564.0,623.729846
QQQ,2026-01-06 20:38:00+00:00,623.7,623.79,623.68,623.76,70705.0,916.0,623.734632
QQQ,2026-01-06 20:39:00+00:00,623.77,623.78,623.725,623.75,48683.0,644.0,623.750634
QQQ,2026-01-06 20:40:00+00:00,623.75,623.82,623.735,623.74,82059.0,1249.0,623.784583
QQQ,2026-01-06 20:41:00+00:00,623.74,623.86,623.735,623.84,88060.0,993.0,623.806586
QQQ,2026-01-06 20:42:00+00:00,623.85,623.95,623.83,623.9001,85730.0,1273.0,623.893651
QQQ,2026-01-06 20:43:00+00:00,623.896,623.896,623.7801,623.87,157519.0,861.0,623.84764
QQQ,2026-01-06 20:44:00+00:00,623.8701,623.89,623.8,623.82,49464.0,857.0,623.830515
QQQ,2026-01-06 20:45:00+00:00,623.82,623.87,623.74,623.75,90698.0,1395.0,623.79839
QQQ,2026-01-06 20:46:00+00:00,623.75,623.84,623.7,623.81,60080.0,1189.0,623.776442
QQQ,2026-01-06 20:47:00+00:00,623.81,623.94,623.81,623.94,84126.0,1311.0,623.847303
QQQ,2026-01-06 20:48:00+00:00,623.94,623.97,623.85,623.88,113256.0,1394.0,623.91755
QQQ,2026-01-06 20:49:00+00:00,623.89,623.9,623.82,623.87,57837.0,1037.0,623.860497
QQQ,2026-01-06 20:50:00+00:00,623.86,623.92,623.7,623.76,230442.0,3165.0,623.823747
QQQ,2026-01-06 20:51:00+00:00,623.76,623.82,623.68,623.82,334589.0,2085.0,623.747906
QQQ,2026-01-06 20:52:00+00:00,623.81,623.8132,623.64,623.72,149446.0,2528.0,623.712227
QQQ,2026-01-06 20:53:00+00:00,623.72,623.95,623.7,623.84,153239.0,2430.0,623.861357
QQQ,2026-01-06 20:54:00+00:00,623.85,623.94,623.71,623.875,200535.0,2955.0,623.842677
QQQ,2026-01-06 20:55:00+00:00,623.88,623.99,623.76,623.83,288598.0,3800.0,623.885869
QQQ,2026-01-06 20:56:00+00:00,623.83,623.89,623.79,623.81,104065.0,1790.0,623.83472
QQQ,2026-01-06 20:57:00+00:00,623.81,623.95,623.74,623.94,213006.0,3211.0,623.831292
QQQ,2026-01-06 20:58:00+00:00,623.94,624.0213,623.84,623.86,456186.0,4491.0,623.935325
QQQ,2026-01-06 20:59:00+00:00,623.85,623.99,623.46,623.47,1615939.0,10378.0,623.725237
QQQ,2026-01-06 21:00:00+00:00,623.47,623.75,623.38,623.66,1145552.0,559.0,623.444824
QQQ,2026-01-06 21:01:00+00:00,623.67,623.69,623.53,623.56,53948.0,238.0,623.559004
QQQ,2026-01-06 21:02:00+00:00,623.56,623.62,623.56,623.56,9026.0,69.0,623.591773
QQQ,2026-01-06 21:03:00+00:00,623.58,623.61,623.52,623.5299,15144.0,125.0,623.571717
QQQ,2026-01-06 21:04:00+00:00,623.55,623.63,623.42,623.61,29917.0,114.0,623.52218
QQQ,2026-01-06 21:05:00+00:00,623.63,623.63,623.5,623.55,40314.0,244.0,623.56614
QQQ,2026-01-06 21:06:00+00:00,623.56,623.63,623.55,623.61,20331.0,114.0,623.597493
QQQ,2026-01-06 21:07:00+00:00,623.62,623.62,623.58,623.6,15833.0,77.0,623.591834
QQQ,2026-01-06 21:08:00+00:00,623.64,623.69,623.63,623.68,19641.0,95.0,623.676123
QQQ,2026-01-06 21:09:00+00:00,623.6701,623.72,623.65,623.67,9105.0,87.0,623.682927
QQQ,2026-01-06 21:10:00+00:00,623.68,623.71,623.67,623.68,657552.0,102.0,623.690325
QQQ,2026-01-06 21:11:00+00:00,623.68,623.77,623.66,623.77,38840.0,158.0,623.726781
QQQ,2026-01-06 21:12:00+00:00,623.77,623.77,623.71,623.7199,18868.0,64.0,623.731468
QQQ,2026-01-06 21:13:00+00:00,623.73,623.76,623.71,623.74,18184.0,68.0,623.745019
QQQ,2026-01-06 21:14:00+00:00,623.73,623.73,623.65,623.66,2281.0,42.0,623.681051
QQQ,2026-01-06 21:15:00+00:00,623.62,623.6795,623.62,623.67,64626.0,48.0,623.643732
QQQ,2026-01-06 21:16:00+00:00,623.67,623.69,623.66,623.67,5669.0,64.0,623.671541
QQQ,2026-01-06 21:17:00+00:00,623.69,623.7894,623.68,623.7894,10989.0,91.0,623.713074
QQQ,2026-01-06 21:18:00+00:00,623.78,623.78,623.77,623.78,2408.0,35.0,623.777991
QQQ,2026-01-06 21:19:00+00:00,623.74,623.78,623.74,623.77,2265.0,29.0,623.75307
QQQ,2026-01-06 21:20:00+00:00,623.77,623.78,623.72,623.7396,3362.0,53.0,623.761223
QQQ,2026-01-06 21:21:00+00:00,623.71,623.75,623.6995,623.6995,1285.0,38.0,623.716296
QQQ,2026-01-06 21:22:00+00:00,623.68,623.6801,623.68,623.6801,1314.0,15.0,623.680077
QQQ,2026-01-06 21:23:00+00:00,623.71,623.71,623.71,623.71,213.0,21.0,623.71
QQQ,2026-01-06 21:24:00+00:00,623.72,623.73,623.71,623.71,2035.0,37.0,623.724715
QQQ,2026-01-06 21:25:00+00:00,623.73,623.74,623.71,623.71,6893.0,51.0,623.717356
QQQ,2026-01-06 21:26:00+00:00,623.71,623.73,623.7,623.7,2550.0,41.0,623.716384
QQQ,2026-01-06 21:27:00+00:00,623.7,623.74,623.69,623.72,5570.0,47.0,623.714261
QQQ,2026-01-06 21:28:00+00:00,623.72,623.7294,623.69,623.7,3464.0,31.0,623.708081
QQQ,2026-01-06 21:29:00+00:00,623.7,623.73,623.68,623.71,19429.0,87.0,623.715601
QQQ,2026-01-06 21:30:00+00:00,623.7,623.7,623.64,623.65,532.0,33.0,623.652226
QQQ,2026-01-06 21:31:00+00:00,623.62,623.67,623.62,623.67,1004.0,29.0,623.63822
QQQ,2026-01-06 21:32:00+00:00,623.64,623.64,623.61,623.64,2260.0,32.0,623.621162
QQQ,2026-01-06 21:33:00+00:00,623.62,623.62,623.6,623.61,2296.0,42.0,623.607493
QQQ,2026-01-06 21:34:00+00:00,623.6,623.68,623.6,623.68,3284.0,46.0,623.604923
QQQ,2026-01-06 21:36:00+00:00,623.68,623.68,623.68,623.68,285.0,26.0,623.68
QQQ,2026-01-06 21:37:00+00:00,623.6598,623.6598,623.63,623.63,268.0,15.0,623.645174
QQQ,2026-01-06 21:38:00+00:00,623.67,623.68,623.67,623.67,340.0,25.0,623.672353
QQQ,2026-01-06 21:39:00+00:00,623.67,623.7,623.67,623.7,648.0,25.0,623.686701
QQQ,2026-01-06 21:40:00+00:00,623.68,623.73,623.68,623.73,19724.0,106.0,623.712779
QQQ,2026-01-06 21:41:00+00:00,623.72,623.74,623.72,623.73,9566.0,59.0,623.729611
QQQ,2026-01-06 21:42:00+00:00,623.75,623.76,623.74,623.74,616.0,19.0,623.746862
QQQ,2026-01-06 21:43:00+00:00,623.75,623.78,623.74,623.779,13926.0,70.0,623.775708
QQQ,2026-01-06 21:44:00+00:00,623.77,623.81,623.77,623.81,76068.0,31.0,623.788911
QQQ,2026-01-06 21:45:00+00:00,623.79,623.82,623.76,623.82,1270.0,34.0,623.785035
QQQ,2026-01-06 21:46:00+00:00,623.82,623.86,623.82,623.86,16500.0,71.0,623.839401
QQQ,2026-01-06 21:47:00+00:00,623.88,623.88,623.83,623.83,3499.0,23.0,623.847724
QQQ,2026-01-06 21:48:00+00:00,623.83,623.85,623.82,623.85,6616.0,43.0,623.822519
QQQ,2026-01-06 21:49:00+00:00,623.85,623.89,623.849,623.89,1470.0,44.0,623.867522
QQQ,2026-01-06 21:50:00+00:00,623.86,623.86,623.8,623.8,1888.0,31.0,623.829125
QQQ,2026-01-06 21:51:00+00:00,623.8009,623.8009,623.8,623.8,617.0,33.0,623.8003
QQQ,2026-01-06 21:52:00+00:00,623.8221,623.85,623.8221,623.85,8229.0,43.0,623.845609
QQQ,2026-01-06 21:53:00+00:00,623.87,623.9,623.87,623.9,643.0,38.0,623.886948
QQQ,2026-01-06 21:54:00+00:00,623.92,623.94,623.87,623.87,1711.0,27.0,623.91
QQQ,2026-01-06 21:55:00+00:00,623.88,623.89,623.87,623.88,748.0,22.0,623.876286
QQQ,2026-01-06 21:56:00+00:00,623.84,623.84,623.84,623.84,148.0,14.0,623.84
QQQ,2026-01-06 21:57:00+00:00,623.85,623.9,623.85,623.9,7129.0,56.0,623.88391
QQQ,2026-01-06 21:58:00+00:00,623.9,623.9,623.8821,623.8821,446.0,18.0,623.889575
QQQ,2026-01-06 21:59:00+00:00,623.91,623.91,623.9,623.9,552.0,23.0,623.902041
QQQ,2026-01-06 22:00:00+00:00,623.8295,623.8295,623.8295,623.8295,159.0,12.0,623.8295
QQQ,2026-01-06 22:01:00+00:00,623.92,623.92,623.92,623.92,20148.0,17.0,623.92
QQQ,2026-01-06 22:02:00+00:00,623.94,623.94,619.29,623.94,29085.0,28.0,619.477512
QQQ,2026-01-06 22:03:00+00:00,623.9,624.0,623.89,624.0,8551.0,75.0,623.977643
QQQ,2026-01-06 22:04:00+00:00,624.01,624.05,623.9273,623.9343,1743.0,26.0,624.0121
QQQ,2026-01-06 22:05:00+00:00,623.95,623.95,623.95,623.95,114.0,12.0,623.95
QQQ,2026-01-06 22:06:00+00:00,623.99,623.99,623.99,623.99,312.0,10.0,623.99
QQQ,2026-01-06 22:07:00+00:00,623.97,624.01,623.97,624.01,494.0,28.0,623.981549
QQQ,2026-01-06 22:08:00+00:00,624.04,624.04,624.04,624.04,565.0,12.0,624.04
QQQ,2026-01-06 22:09:00+00:00,623.9848,623.9848,623.9848,623.9848,65.0,8.0,623.9848
QQQ,2026-01-06 22:10:00+00:00,624.01,624.01,624.0,624.0,247.0,21.0,624.005464
QQQ,2026-01-06 22:11:00+00:00,623.99,623.99,623.99,623.99,122.0,14.0,623.99
QQQ,2026-01-06 22:12:00+00:00,624.01,624.01,623.9443,623.9443,202.0,16.0,623.965608
QQQ,2026-01-06 22:13:00+00:00,623.98,623.98,623.98,623.98,579.0,19.0,623.98
QQQ,2026-01-06 22:15:00+00:00,623.98,623.98,623.98,623.98,219.0,13.0,623.98
QQQ,2026-01-06 22:17:00+00:00,623.96,623.96,623.96,623.96,307.0,21.0,623.96
QQQ,2026-01-06 22:18:00+00:00,623.94,623.94,623.94,623.94,1143.0,23.0,623.94
QQQ,2026-01-06 22:20:00+00:00,623.91,623.91,623.91,623.91,469.0,19.0,623.91
QQQ,2026-01-06 22:21:00+00:00,623.9,623.9,623.84,623.84,2546.0,50.0,623.853374
QQQ,2026-01-06 22:22:00+00:00,623.87,623.87,623.87,623.87,680.0,22.0,623.87
QQQ,2026-01-06 22:23:00+00:00,623.86,623.94,623.86,623.94,1863.0,39.0,623.892628
QQQ,2026-01-06 22:24:00+00:00,623.8,623.8,623.8,623.8,82.0,11.0,623.8
QQQ,2026-01-06 22:25:00+00:00,623.82,623.82,623.8,623.8,4986.0,54.0,623.802268
QQQ,2026-01-06 22:26:00+00:00,623.7,623.94,623.7,623.8,1994.0,37.0,623.801041
QQQ,2026-01-06 22:27:00+00:00,623.8,623.94,623.7905,623.8,2008.0,35.0,623.819284
QQQ,2026-01-06 22:28:00+00:00,623.79,623.94,623.7294,623.7294,3093.0,45.0,623.81251
QQQ,2026-01-06 22:29:00+00:00,623.8,623.8,623.8,623.8,599.0,15.0,623.8
QQQ,2026-01-06 22:31:00+00:00,623.71,623.71,623.71,623.71,104.0,20.0,623.71
QQQ,2026-01-06 22:36:00+00:00,623.7247,623.7247,623.7247,623.7247,219.0,9.0,623.7247
QQQ,2026-01-06 22:38:00+00:00,623.89,623.89,623.89,623.89,140.0,14.0,623.89
QQQ,2026-01-06 22:39:00+00:00,623.88,623.88,623.8,623.8,1047.0,23.0,623.873014
QQQ,2026-01-06 22:42:00+00:00,623.8348,623.8348,623.8348,623.8348,117.0,10.0,623.8348
QQQ,2026-01-06 22:43:00+00:00,623.8305,623.86,623.8305,623.86,1142.0,17.0,623.841429
QQQ,2026-01-06 22:45:00+00:00,623.86,623.9,623.86,623.9,528.0,14.0,623.872692
QQQ,2026-01-06 22:46:00+00:00,623.8991,623.8991,623.8991,623.8991,163.0,16.0,623.8991
QQQ,2026-01-06 22:47:00+00:00,623.88,623.88,623.88,623.88,156.0,9.0,623.88
QQQ,2026-01-06 22:48:00+00:00,623.85,623.85,623.8,623.8,1420.0,29.0,623.832813
QQQ,2026-01-06 22:49:00+00:00,623.81,623.81,623.81,623.81,100.0,12.0,623.81
QQQ,2026-01-06 22:50:00+00:00,623.85,623.85,623.85,623.85,121.0,11.0,623.85
QQQ,2026-01-06 22:51:00+00:00,623.82,623.82,623.82,623.82,74.0,12.0,623.82
QQQ,2026-01-06 22:52:00+00:00,623.8314,623.8314,623.8314,623.8314,139.0,11.0,623.8314
QQQ,2026-01-06 22:53:00+00:00,623.85,623.9,623.83,623.8303,1271.0,29.0,623.85874
QQQ,2026-01-06 22:54:00+00:00,623.83,623.83,623.83,623.83,329.0,8.0,623.83
QQQ,2026-01-06 22:56:00+00:00,623.9,623.9,623.9,623.9,1761.0,17.0,623.9
QQQ,2026-01-06 22:57:00+00:00,623.84,623.87,623.83,623.87,388.0,21.0,623.845
QQQ,2026-01-06 22:58:00+00:00,623.85,623.85,623.85,623.85,855.0,32.0,623.85
QQQ,2026-01-06 22:59:00+00:00,623.83,623.84,623.82,623.84,575.0,16.0,623.826342
QQQ,2026-01-06 23:00:00+00:00,623.85,623.94,623.7,623.89,7697.0,82.0,623.813326
QQQ,2026-01-06 23:01:00+00:00,624.0,624.19,623.97,624.14,6513.0,79.0,624.116317
QQQ,2026-01-06 23:02:00+00:00,624.06,624.14,624.05,624.13,1184.0,19.0,624.096431
QQQ,2026-01-06 23:03:00+00:00,624.05,624.11,624.05,624.0501,1573.0,14.0,624.051645
QQQ,2026-01-06 23:04:00+00:00,624.06,624.07,623.99,624.07,785.0,18.0,624.027575
QQQ,2026-01-06 23:05:00+00:00,624.0,624.05,624.0,624.0,596.0,9.0,624.024138
QQQ,2026-01-06 23:06:00+00:00,623.93,623.93,623.85,623.85,4210.0,42.0,623.869459
QQQ,2026-01-06 23:07:00+00:00,623.89,623.89,623.859,623.859,307.0,14.0,623.87931
QQQ,2026-01-06 23:08:00+00:00,623.86,623.86,623.86,623.86,214.0,17.0,623.86
QQQ,2026-01-06 23:09:00+00:00,623.91,624.06,623.9,624.06,2845.0,31.0,623.981477
QQQ,2026-01-06 23:10:00+00:00,624.05,624.05,624.04,624.05,1089.0,22.0,624.048379
QQQ,2026-01-06 23:11:00+00:00,624.07,624.07,624.06,624.06,201.0,22.0,624.064545
QQQ,2026-01-06 23:12:00+00:00,624.01,624.01,624.01,624.01,341.0,11.0,624.01
QQQ,2026-01-06 23:13:00+00:00,623.9,623.9,623.9,623.9,173.0,16.0,623.9
QQQ,2026-01-06 23:15:00+00:00,623.85,623.85,623.82,623.82,256.0,18.0,623.830345
QQQ,2026-01-06 23:16:00+00:00,623.86,623.869,623.83,623.83,1204.0,21.0,623.848929
QQQ,2026-01-06 23:17:00+00:00,623.8208,623.8208,623.8208,623.8208,124.0,13.0,623.8208
QQQ,2026-01-06 23:18:00+00:00,623.8,623.8,623.8,623.8,436.0,14.0,623.8
QQQ,2026-01-06 23:19:00+00:00,623.8117,623.8117,623.79,623.79,246.0,10.0,623.80085
QQQ,2026-01-06 23:20:00+00:00,623.7941,623.7941,623.7941,623.7941,87.0,13.0,623.7941
QQQ,2026-01-06 23:21:00+00:00,623.76,623.8,623.75,623.789,4720.0,41.0,623.765096
QQQ,2026-01-06 23:22:00+00:00,623.79,623.79,623.73,623.73,461.0,28.0,623.777807
QQQ,2026-01-06 23:23:00+00:00,623.7106,623.72,623.65,623.72,1422.0,32.0,623.699322
QQQ,2026-01-06 23:24:00+00:00,623.74,623.74,623.74,623.74,666.0,7.0,623.74
QQQ,2026-01-06 23:25:00+00:00,623.78,623.78,623.77,623.77,236.0,13.0,623.774413
QQQ,2026-01-06 23:26:00+00:00,623.75,623.75,623.75,623.75,1364.0,16.0,623.75
QQQ,2026-01-06 23:27:00+00:00,623.7,623.7,623.69,623.69,300.0,19.0,623.695906
QQQ,2026-01-06 23:28:00+00:00,623.6717,623.68,623.6717,623.68,119.0,18.0,623.675809
QQQ,2026-01-06 23:30:00+00:00,623.739,623.7398,623.7,623.7398,916.0,12.0,623.706779
QQQ,2026-01-06 23:31:00+00:00,623.71,623.74,623.71,623.74,365.0,14.0,623.727101
QQQ,2026-01-06 23:32:00+00:00,623.7,623.729,623.7,623.729,429.0,11.0,623.72175
QQQ,2026-01-06 23:33:00+00:00,623.68,623.68,623.68,623.68,170.0,20.0,623.68
QQQ,2026-01-06 23:34:00+00:00,623.7,623.7,623.7,623.7,271.0,16.0,623.7
QQQ,2026-01-06 23:35:00+00:00,623.68,623.68,623.68,623.68,220.0,8.0,623.68
QQQ,2026-01-06 23:36:00+00:00,623.67,623.67,623.67,623.67,210.0,15.0,623.67
QQQ,2026-01-06 23:37:00+00:00,623.66,623.66,623.604,623.604,2617.0,35.0,623.624299
QQQ,2026-01-06 23:38:00+00:00,623.61,623.61,623.61,623.61,228.0,15.0,623.61
QQQ,2026-01-06 23:39:00+00:00,623.61,623.61,623.5886,623.5886,2051.0,27.0,623.604253
QQQ,2026-01-06 23:41:00+00:00,623.59,623.6,623.59,623.6,1271.0,14.0,623.599091
QQQ,2026-01-06 23:42:00+00:00,623.6,623.6299,623.5827,623.5827,1725.0,17.0,623.6173
QQQ,2026-01-06 23:43:00+00:00,623.62,623.62,623.62,623.62,125.0,10.0,623.62
QQQ,2026-01-06 23:45:00+00:00,623.62,623.62,623.61,623.61,415.0,11.0,623.615
QQQ,2026-01-06 23:46:00+00:00,623.65,623.65,623.6499,623.6499,673.0,15.0,623.64995
QQQ,2026-01-06 23:47:00+00:00,623.69,623.78,623.69,623.78,648.0,16.0,623.732475
QQQ,2026-01-06 23:48:00+00:00,623.73,623.73,623.7,623.71,367.0,10.0,623.705793
QQQ,2026-01-06 23:49:00+00:00,623.7,623.7,623.66,623.66,471.0,9.0,623.68603
QQQ,2026-01-06 23:52:00+00:00,623.7348,623.76,623.7348,623.76,126.0,14.0,623.7474
QQQ,2026-01-06 23:53:00+00:00,623.79,623.8,623.7548,623.8,656.0,21.0,623.789128
QQQ,2026-01-06 23:54:00+00:00,623.84,623.84,623.84,623.84,574.0,9.0,623.84
QQQ,2026-01-06 23:55:00+00:00,623.85,623.85,623.85,623.85,1072.0,17.0,623.85
QQQ,2026-01-06 23:56:00+00:00,623.83,623.899,623.83,623.899,326.0,16.0,623.859102
QQQ,2026-01-06 23:57:00+00:00,623.85,623.85,623.85,623.85,62.0,10.0,623.85
QQQ,2026-01-06 23:59:00+00:00,623.79,623.8,623.72,623.73,1142.0,21.0,623.764
QQQ,2026-01-07 00:00:00+00:00,623.72,623.72,623.72,623.72,295.0,24.0,623.72
QQQ,2026-01-07 00:01:00+00:00,623.86,623.9,623.84,623.87,1101.0,26.0,623.870811
QQQ,2026-01-07 00:02:00+00:00,623.82,623.86,623.82,623.86,426.0,23.0,623.841326
QQQ,2026-01-07 00:03:00+00:00,624.0,624.1,624.0,624.1,1627.0,41.0,624.00765
QQQ,2026-01-07 00:04:00+00:00,624.08,624.1,624.08,624.08,1359.0,22.0,624.09153
QQQ,2026-01-07 00:05:00+00:00,624.1,624.13,624.07,624.13,2477.0,31.0,624.098483
QQQ,2026-01-07 00:06:00+00:00,624.15,624.17,624.08,624.08,566.0,23.0,624.117729
QQQ,2026-01-07 00:07:00+00:00,624.01,624.01,623.95,623.95,536.0,21.0,623.973013
QQQ,2026-01-07 00:10:00+00:00,624.1,624.1,623.86,623.86,2594.0,26.0,623.991153
QQQ,2026-01-07 00:11:00+00:00,623.87,623.87,623.87,623.87,131.0,12.0,623.87
QQQ,2026-01-07 00:12:00+00:00,623.87,623.87,623.86,623.86,518.0,18.0,623.861067
QQQ,2026-01-07 00:14:00+00:00,623.88,623.99,623.88,623.99,863.0,15.0,623.95125
QQQ,2026-01-07 00:15:00+00:00,624.02,624.02,624.02,624.02,182.0,17.0,624.02
QQQ,2026-01-07 00:16:00+00:00,623.87,623.87,623.85,623.85,535.0,13.0,623.862024
QQQ,2026-01-07 00:17:00+00:00,623.89,623.89,623.87,623.87,338.0,18.0,623.882
QQQ,2026-01-07 00:18:00+00:00,623.87,623.87,623.87,623.87,680.0,16.0,623.87
QQQ,2026-01-07 00:19:00+00:00,623.89,623.89,623.89,623.89,129.0,11.0,623.89
QQQ,2026-01-07 00:20:00+00:00,623.87,623.87,623.85,623.85,1275.0,20.0,623.858166
QQQ,2026-01-07 00:22:00+00:00,623.93,623.93,623.93,623.93,210.0,19.0,623.93
QQQ,2026-01-07 00:24:00+00:00,623.89,623.899,623.89,623.899,325.0,11.0,623.893
QQQ,2026-01-07 00:25:00+00:00,623.9,623.9264,623.9,623.9264,219.0,13.0,623.915086
QQQ,2026-01-07 00:26:00+00:00,623.91,623.91,623.91,623.91,175.0,16.0,623.91
QQQ,2026-01-07 00:27:00+00:00,623.92,623.97,623.92,623.97,800.0,24.0,623.957821
QQQ,2026-01-07 00:28:00+00:00,623.92,623.92,623.92,623.92,181.0,12.0,623.92
QQQ,2026-01-07 00:29:00+00:00,623.91,623.95,623.91,623.95,554.0,8.0,623.9131
QQQ,2026-01-07 00:30:00+00:00,623.86,623.86,623.75,623.79,2983.0,65.0,623.786976
QQQ,2026-01-07 00:31:00+00:00,623.82,623.82,623.7,623.7,3128.0,36.0,623.737041
QQQ,2026-01-07 00:32:00+00:00,623.7208,623.75,623.7208,623.73,423.0,13.0,623.729404
QQQ,2026-01-07 00:33:00+00:00,623.7,623.7,623.7,623.7,291.0,14.0,623.7
QQQ,2026-01-07 00:34:00+00:00,623.74,623.74,623.74,623.74,1146.0,10.0,623.74
QQQ,2026-01-07 00:35:00+00:00,623.7852,623.7852,623.76,623.76,496.0,16.0,623.763635
QQQ,2026-01-07 00:37:00+00:00,623.79,623.79,623.79,623.79,276.0,16.0,623.79
QQQ,2026-01-07 00:38:00+00:00,623.75,623.75,623.75,623.75,151.0,12.0,623.75
QQQ,2026-01-07 00:40:00+00:00,623.75,623.75,623.75,623.75,72.0,6.0,623.75
QQQ,2026-01-07 00:41:00+00:00,623.72,623.72,623.69,623.7,1709.0,23.0,623.699455
QQQ,2026-01-07 00:42:00+00:00,623.7001,623.73,623.7001,623.72,531.0,19.0,623.715244
QQQ,2026-01-07 00:43:00+00:00,623.71,623.71,623.63,623.63,1101.0,25.0,623.679798
QQQ,2026-01-07 00:44:00+00:00,623.76,623.76,623.76,623.76,234.0,8.0,623.76
QQQ,2026-01-07 00:45:00+00:00,623.8,623.9,623.8,623.9,1299.0,18.0,623.816667
QQQ,2026-01-07 00:46:00+00:00,623.9,623.95,623.9,623.95,2904.0,37.0,623.941581
QQQ,2026-01-07 00:48:00+00:00,623.91,623.91,623.84,623.84,1563.0,34.0,623.891908
QQQ,2026-01-07 00:49:00+00:00,623.82,623.8488,623.81,623.8488,734.0,23.0,623.823248
QQQ,2026-01-07 00:50:00+00:00,623.85,623.93,623.85,623.93,201.0,25.0,623.893146
QQQ,2026-01-07 00:51:00+00:00,623.97,623.97,623.97,623.97,2312.0,18.0,623.97
QQQ,2026-01-07 00:52:00+00:00,623.8912,623.98,623.8912,623.98,1044.0,23.0,623.906156
QQQ,2026-01-07 00:53:00+00:00,623.98,624.05,623.98,624.05,1121.0,33.0,623.9952
QQQ,2026-01-07 00:54:00+00:00,624.05,624.05,624.0101,624.04,801.0,10.0,624.036064
QQQ,2026-01-07 00:55:00+00:00,624.02,624.04,623.99,623.99,2306.0,33.0,624.017501
QQQ,2026-01-07 00:56:00+00:00,623.99,624.0,623.97,623.97,1762.0,22.0,623.985866
QQQ,2026-01-07 00:57:00+00:00,623.98,623.98,623.95,623.95,329.0,11.0,623.969231
QQQ,2026-01-07 00:58:00+00:00,623.98,623.98,623.95,623.95,536.0,12.0,623.962249
QQQ,2026-01-07 00:59:00+00:00,623.96,623.97,623.88,623.8883,3453.0,33.0,623.911102
QQQ,2026-01-07 09:00:00+00:00,622.85,622.85,622.12,622.17,7156.0,137.0,622.21478
QQQ,2026-01-07 09:01:00+00:00,622.12,622.13,622.06,622.06,2408.0,55.0,622.094437
QQQ,2026-01-07 09:02:00+00:00,622.07,622.07,621.9,621.91,6369.0,136.0,621.970925
QQQ,2026-01-07 09:03:00+00:00,621.85,622.12,621.82,622.12,4286.0,108.0,621.981602
QQQ,2026-01-07 09:04:00+00:00,622.06,622.1,622.04,622.05,2320.0,40.0,622.055806
QQQ,2026-01-07 09:05:00+00:00,622.0,622.0,621.91,621.92,3306.0,45.0,621.958427
QQQ,2026-01-07 09:06:00+00:00,621.9,621.9,621.7,621.7,5964.0,89.0,621.83355
QQQ,2026-01-07 09:07:00+00:00,621.73,621.81,621.64,621.81,2763.0,78.0,621.734671
QQQ,2026-01-07 09:08:00+00:00,621.76,621.76,621.67,621.68,4018.0,41.0,621.702734
QQQ,2026-01-07 09:09:00+00:00,621.64,621.79,621.64,621.77,1598.0,33.0,621.7543
QQQ,2026-01-07 09:10:00+00:00,621.81,621.81,621.64,621.64,2578.0,55.0,621.686627
QQQ,2026-01-07 09:11:00+00:00,621.74,621.9,621.73,621.88,1652.0,25.0,621.806146
QQQ,2026-01-07 09:12:00+00:00,621.96,621.96,621.89,621.91,1206.0,23.0,621.928423
QQQ,2026-01-07 09:13:00+00:00,621.88,621.91,621.87,621.91,721.0,15.0,621.900968
QQQ,2026-01-07 09:14:00+00:00,621.92,621.93,621.92,621.92,1756.0,24.0,621.926518
QQQ,2026-01-07 09:15:00+00:00,621.87,621.91,621.87,621.88,1413.0,31.0,621.895604
QQQ,2026-01-07 09:16:00+00:00,621.81,621.88,621.8,621.88,564.0,15.0,621.815833
QQQ,2026-01-07 09:17:00+00:00,621.92,621.93,621.89,621.92,1136.0,26.0,621.913647
QQQ,2026-01-07 09:18:00+00:00,621.85,621.85,621.83,621.84,305.0,12.0,621.83619
QQQ,2026-01-07 09:19:00+00:00,621.78,621.8,621.64,621.65,3091.0,73.0,621.758338
QQQ,2026-01-07 09:20:00+00:00,621.64,621.69,621.64,621.66,1596.0,33.0,621.669147
QQQ,2026-01-07 09:21:00+00:00,621.69,621.69,621.47,621.47,6290.0,112.0,621.603041
QQQ,2026-01-07 09:22:00+00:00,621.51,621.65,621.47,621.65,5895.0,57.0,621.48826
QQQ,2026-01-07 09:23:00+00:00,621.6,621.67,621.6,621.64,399.0,16.0,621.640964
QQQ,2026-01-07 09:25:00+00:00,621.58,621.61,621.58,621.61,1522.0,30.0,621.591562
QQQ,2026-01-07 09:26:00+00:00,621.56,621.7,621.56,621.7,1782.0,31.0,621.658738
QQQ,2026-01-07 09:27:00+00:00,621.73,621.8,621.73,621.79,3557.0,64.0,621.764321
QQQ,2026-01-07 09:28:00+00:00,621.83,621.9,621.83,621.88,25885.0,160.0,621.8592
QQQ,2026-01-07 09:29:00+00:00,621.92,621.92,621.9,621.9,1159.0,19.0,621.908942
QQQ,2026-01-07 09:30:00+00:00,621.94,621.94,621.92,621.93,1050.0,25.0,621.933179
QQQ,2026-01-07 09:31:00+00:00,621.98,621.98,621.94,621.96,1072.0,21.0,621.947229
QQQ,2026-01-07 09:32:00+00:00,621.94,622.09,621.94,622.07,4064.0,82.0,622.049331
QQQ,2026-01-07 09:33:00+00:00,622.05,622.06,622.03,622.05,598.0,20.0,622.044146
QQQ,2026-01-07 09:34:00+00:00,622.1,622.15,622.06,622.15,5157.0,47.0,622.117656
QQQ,2026-01-07 09:35:00+00:00,622.12,622.14,622.06,622.06,1841.0,41.0,622.107533
QQQ,2026-01-07 09:36:00+00:00,622.03,622.03,622.02,622.02,950.0,17.0,622.028802
QQQ,2026-01-07 09:37:00+00:00,621.95,621.95,621.93,621.94,977.0,40.0,621.943413
QQQ,2026-01-07 09:38:00+00:00,621.91,621.95,621.91,621.93,725.0,29.0,621.937692
QQQ,2026-01-07 09:39:00+00:00,621.91,621.93,621.91,621.93,192.0,7.0,621.921511
QQQ,2026-01-07 09:40:00+00:00,621.92,621.92,621.87,621.87,1209.0,34.0,621.905375
QQQ,2026-01-07 09:41:00+00:00,621.86,621.9,621.83,621.9,1686.0,37.0,621.844619
QQQ,2026-01-07 09:42:00+00:00,621.94,621.97,621.94,621.97,614.0,20.0,621.957692
QQQ,2026-01-07 09:43:00+00:00,621.98,621.98,621.98,621.98,129.0,22.0,621.98
QQQ,2026-01-07 09:44:00+00:00,622.11,622.11,622.05,622.05,1096.0,46.0,622.074483
QQQ,2026-01-07 09:45:00+00:00,622.08,622.13,622.08,622.13,460.0,13.0,622.107895
QQQ,2026-01-07 09:46:00+00:00,622.13,622.13,622.07,622.12,1549.0,36.0,622.114778
QQQ,2026-01-07 09:47:00+00:00,622.12,622.12,622.09,622.09,2445.0,56.0,622.112769
QQQ,2026-01-07 09:48:00+00:00,622.1,622.19,622.1,622.19,587.0,17.0,622.154105
QQQ,2026-01-07 09:49:00+00:00,622.14,622.14,622.09,622.09,968.0,22.0,622.117867
QQQ,2026-01-07 09:50:00+00:00,622.07,622.07,621.99,622.02,846.0,26.0,622.025667
QQQ,2026-01-07 09:52:00+00:00,622.04,622.04,622.02,622.02,833.0,21.0,622.03124
QQQ,2026-01-07 09:53:00+00:00,622.0,622.01,622.0,622.01,355.0,16.0,622.007222
QQQ,2026-01-07 09:54:00+00:00,622.01,622.05,622.01,622.05,500.0,9.0,622.017459
QQQ,2026-01-07 09:55:00+00:00,622.05,622.05,622.04,622.04,160.0,9.0,622.0444
QQQ,2026-01-07 09:56:00+00:00,622.09,622.1,622.09,622.09,811.0,17.0,622.091757
QQQ,2026-01-07 09:57:00+00:00,622.12,622.12,622.1,622.1,944.0,17.0,622.103165
QQQ,2026-01-07 09:58:00+00:00,622.1,622.1,622.07,622.1,6499.0,57.0,622.099353
QQQ,2026-01-07 09:59:00+00:00,622.1,622.12,622.1,622.1,2590.0,26.0,622.101179
QQQ,2026-01-07 10:00:00+00:00,622.08,622.11,622.05,622.05,2470.0,41.0,622.081884
QQQ,2026-01-07 10:01:00+00:00,622.05,622.05,622.05,622.05,446.0,11.0,622.05
QQQ,2026-01-07 10:02:00+00:00,622.0,622.02,621.9,621.92,1479.0,44.0,621.946696
QQQ,2026-01-07 10:03:00+00:00,621.92,622.01,621.9,622.01,1478.0,32.0,621.989392
QQQ,2026-01-07 10:04:00+00:00,622.0,622.11,622.0,622.1,815.0,25.0,622.082014
QQQ,2026-01-07 10:05:00+00:00,622.12,622.16,622.12,622.16,515.0,15.0,622.137143
QQQ,2026-01-07 10:06:00+00:00,622.22,622.22,622.1,622.1,1924.0,41.0,622.185856
QQQ,2026-01-07 10:07:00+00:00,622.13,622.18,622.13,622.18,687.0,17.0,622.147255
QQQ,2026-01-07 10:08:00+00:00,622.16,622.16,622.16,622.16,513.0,19.0,622.16
QQQ,2026-01-07 10:09:00+00:00,622.15,622.17,622.13,622.17,810.0,20.0,622.152282
QQQ,2026-01-07 10:10:00+00:00,622.18,622.18,622.17,622.17,385.0,10.0,622.174755
QQQ,2026-01-07 10:11:00+00:00,622.14,622.18,622.14,622.18,286.0,11.0,622.155094
QQQ,2026-01-07 10:12:00+00:00,622.16,622.16,622.15,622.15,220.0,6.0,622.155556
QQQ,2026-01-07 10:13:00+00:00,622.17,622.3,622.17,622.3,1945.0,23.0,622.263475
QQQ,2026-01-07 10:14:00+00:00,622.27,622.27,622.25,622.25,867.0,17.0,622.253197
QQQ,2026-01-07 10:16:00+00:00,622.17,622.17,622.14,622.14,478.0,15.0,622.156146
QQQ,2026-01-07 10:17:00+00:00,622.11,622.11,622.04,622.05,3148.0,45.0,622.06663
QQQ,2026-01-07 10:18:00+00:00,622.06,622.06,622.05,622.05,845.0,19.0,622.051272
QQQ,2026-01-07 10:19:00+00:00,621.98,621.98,621.97,621.97,487.0,12.0,621.977494
QQQ,2026-01-07 10:20:00+00:00,622.0,622.0,621.95,621.95,1476.0,34.0,621.981319
QQQ,2026-01-07 10:21:00+00:00,621.94,621.99,621.94,621.99,1018.0,24.0,621.97377
QQQ,2026-01-07 10:22:00+00:00,622.01,622.01,621.92,621.93,640.0,16.0,621.937337
QQQ,2026-01-07 10:23:00+00:00,621.96,622.02,621.96,622.01,1139.0,27.0,621.999521
QQQ,2026-01-07 10:24:00+00:00,621.99,622.02,621.96,621.96,2258.0,31.0,621.999474
QQQ,2026-01-07 10:25:00+00:00,621.96,621.97,621.88,621.88,840.0,33.0,621.931848
QQQ,2026-01-07 10:26:00+00:00,621.82,621.82,621.72,621.72,962.0,33.0,621.754087
QQQ,2026-01-07 10:27:00+00:00,621.71,621.72,621.69,621.7,2208.0,57.0,621.70928
QQQ,2026-01-07 10:28:00+00:00,621.69,621.7,621.66,621.68,2269.0,39.0,621.680823
QQQ,2026-01-07 10:29:00+00:00,621.7,621.71,621.67,621.67,725.0,21.0,621.694028
QQQ,2026-01-07 10:30:00+00:00,621.67,621.67,621.61,621.64,2330.0,56.0,621.641096
QQQ,2026-01-07 10:31:00+00:00,621.65,621.66,621.63,621.63,1064.0,30.0,621.646504
QQQ,2026-01-07 10:32:00+00:00,621.6,621.6,621.54,621.54,6232.0,106.0,621.561258
QQQ,2026-01-07 10:33:00+00:00,621.56,621.63,621.56,621.63,1567.0,24.0,621.570181
QQQ,2026-01-07 10:34:00+00:00,621.64,621.65,621.64,621.65,686.0,27.0,621.6475
QQQ,2026-01-07 10:35:00+00:00,621.66,621.68,621.64,621.65,2164.0,38.0,621.666546
QQQ,2026-01-07 10:36:00+00:00,621.69,621.76,621.69,621.76,684.0,25.0,621.72
QQQ,2026-01-07 10:37:00+00:00,621.79,621.8,621.79,621.79,1115.0,29.0,621.795951
QQQ,2026-01-07 10:38:00+00:00,621.8,621.81,621.8,621.8,412.0,13.0,621.804461
QQQ,2026-01-07 10:39:00+00:00,621.73,621.76,621.73,621.73,685.0,12.0,621.737815
QQQ,2026-01-07 10:40:00+00:00,621.8,621.8,621.8,621.8,1286.0,7.0,621.8
QQQ,2026-01-07 10:41:00+00:00,621.76,621.76,621.7,621.7,282.0,15.0,621.729565
QQQ,2026-01-07 10:42:00+00:00,621.7,621.7,621.66,621.66,1823.0,12.0,621.692862
QQQ,2026-01-07 10:43:00+00:00,621.68,621.71,621.67,621.67,1568.0,31.0,621.683937
QQQ,2026-01-07 10:44:00+00:00,621.64,621.64,621.61,621.63,795.0,17.0,621.632199
QQQ,2026-01-07 10:45:00+00:00,621.6,621.6,621.57,621.57,729.0,18.0,621.588485
QQQ,2026-01-07 10:46:00+00:00,621.55,621.55,621.5,621.5,2047.0,34.0,621.524635
QQQ,2026-01-07 10:47:00+00:00,621.53,621.61,621.53,621.6,1207.0,26.0,621.551067
QQQ,2026-01-07 10:48:00+00:00,621.52,621.56,621.51,621.56,543.0,10.0,621.523043
QQQ,2026-01-07 10:49:00+00:00,621.58,621.58,621.55,621.55,434.0,12.0,621.567143
QQQ,2026-01-07 10:50:00+00:00,621.56,621.64,621.55,621.64,2876.0,57.0,621.596247
QQQ,2026-01-07 10:51:00+00:00,621.64,621.64,621.62,621.62,898.0,17.0,621.629744
QQQ,2026-01-07 10:52:00+00:00,621.63,621.63,621.6,621.6,2083.0,32.0,621.606395
QQQ,2026-01-07 10:53:00+00:00,621.64,621.69,621.64,621.69,611.0,23.0,621.666145
QQQ,2026-01-07 10:54:00+00:00,621.65,621.65,621.58,621.58,925.0,30.0,621.591587
QQQ,2026-01-07 10:57:00+00:00,621.72,621.72,621.63,621.63,1043.0,19.0,621.650349
QQQ,2026-01-07 10:58:00+00:00,621.62,621.65,621.62,621.65,710.0,19.0,621.622674
QQQ,2026-01-07 10:59:00+00:00,621.73,621.76,621.73,621.76,691.0,17.0,621.750039
QQQ,2026-01-07 11:00:00+00:00,621.74,621.75,621.67,621.67,1597.0,31.0,621.726225
QQQ,2026-01-07 11:01:00+00:00,621.69,621.72,621.69,621.72,1629.0,35.0,621.708988
QQQ,2026-01-07 11:02:00+00:00,621.74,621.74,621.66,621.66,982.0,29.0,621.688142
QQQ,2026-01-07 11:03:00+00:00,621.69,621.7,621.69,621.7,326.0,11.0,621.696476
QQQ,2026-01-07 11:04:00+00:00,621.76,621.78,621.7,621.71,1131.0,28.0,621.737152
QQQ,2026-01-07 11:05:00+00:00,621.72,621.73,621.71,621.71,421.0,15.0,621.716667
QQQ,2026-01-07 11:06:00+00:00,621.72,621.72,621.72,621.72,218.0,11.0,621.72
QQQ,2026-01-07 11:07:00+00:00,621.65,621.67,621.61,621.67,1319.0,33.0,621.6359
QQQ,2026-01-07 11:08:00+00:00,621.68,621.68,621.63,621.63,960.0,22.0,621.666977
QQQ,2026-01-07 11:09:00+00:00,621.65,621.65,621.65,621.65,354.0,13.0,621.65
QQQ,2026-01-07 11:11:00+00:00,621.6,621.76,621.6,621.76,3477.0,76.0,621.684682
QQQ,2026-01-07 11:12:00+00:00,621.86,621.99,621.85,621.99,1286.0,37.0,621.884861
QQQ,2026-01-07 11:13:00+00:00,621.95,621.95,621.93,621.93,3220.0,20.0,621.947495
QQQ,2026-01-07 11:14:00+00:00,621.91,621.91,621.88,621.9,2437.0,45.0,621.896925
QQQ,2026-01-07 11:15:00+00:00,621.88,621.95,621.86,621.95,2139.0,40.0,621.875487
QQQ,2026-01-07 11:17:00+00:00,621.88,621.88,621.88,621.88,705.0,13.0,621.88
QQQ,2026-01-07 11:18:00+00:00,621.91,621.93,621.91,621.93,430.0,18.0,621.923226
QQQ,2026-01-07 11:19:00+00:00,622.0,622.01,622.0,622.01,1105.0,29.0,622.008925
QQQ,2026-01-07 11:20:00+00:00,621.91,621.93,621.88,621.93,1003.0,22.0,621.911447
QQQ,2026-01-07 11:21:00+00:00,621.86,621.88,621.86,621.88,1334.0,23.0,621.87866
QQQ,2026-01-07 11:22:00+00:00,621.87,621.87,621.87,621.87,99.0,4.0,621.87
QQQ,2026-01-07 11:23:00+00:00,621.92,621.95,621.92,621.95,580.0,15.0,621.937656
QQQ,2026-01-07 11:24:00+00:00,621.94,621.95,621.91,621.91,707.0,10.0,621.931242
QQQ,2026-01-07 11:25:00+00:00,621.89,621.89,621.89,621.89,747.0,32.0,621.89
QQQ,2026-01-07 11:26:00+00:00,621.87,621.87,621.87,621.87,96.0,4.0,621.87
QQQ,2026-01-07 11:27:00+00:00,621.83,621.84,621.83,621.83,435.0,16.0,621.832453
QQQ,2026-01-07 11:28:00+00:00,621.81,621.81,621.79,621.81,447.0,16.0,621.804778
QQQ,2026-01-07 11:30:00+00:00,621.83,621.83,621.83,621.83,277.0,16.0,621.83
QQQ,2026-01-07 11:31:00+00:00,621.86,621.86,621.83,621.83,459.0,25.0,621.847566
QQQ,2026-01-07 11:32:00+00:00,621.8,621.8,621.8,621.8,126.0,6.0,621.8
QQQ,2026-01-07 11:33:00+00:00,621.84,621.91,621.84,621.91,4666.0,66.0,621.880304
QQQ,2026-01-07 11:34:00+00:00,622.01,622.11,621.99,622.1,4695.0,82.0,622.061656
QQQ,2026-01-07 11:35:00+00:00,622.16,622.33,622.16,622.18,2952.0,69.0,622.221015
QQQ,2026-01-07 11:36:00+00:00,622.19,622.19,622.15,622.15,341.0,21.0,622.176446
QQQ,2026-01-07 11:37:00+00:00,622.13,622.24,622.11,622.24,472.0,16.0,622.172208
QQQ,2026-01-07 11:38:00+00:00,622.19,622.19,622.19,622.19,221.0,17.0,622.19
QQQ,2026-01-07 11:39:00+00:00,622.2,622.25,622.2,622.24,2085.0,42.0,622.235326
QQQ,2026-01-07 11:40:00+00:00,622.25,622.25,622.24,622.24,347.0,7.0,622.243333
QQQ,2026-01-07 11:41:00+00:00,622.27,622.3,622.27,622.28,650.0,21.0,622.280917
QQQ,2026-01-07 11:43:00+00:00,622.27,622.36,622.27,622.36,1277.0,21.0,622.324818
QQQ,2026-01-07 11:44:00+00:00,622.33,622.33,622.24,622.24,3604.0,49.0,622.318238
QQQ,2026-01-07 11:45:00+00:00,622.22,622.22,622.18,622.22,2256.0,55.0,622.205474
QQQ,2026-01-07 11:46:00+00:00,622.27,622.27,622.25,622.25,1392.0,24.0,622.267838
QQQ,2026-01-07 11:47:00+00:00,622.19,622.23,622.19,622.23,211.0,12.0,622.205385
QQQ,2026-01-07 11:49:00+00:00,622.26,622.33,622.26,622.26,1189.0,29.0,622.296851
QQQ,2026-01-07 11:50:00+00:00,622.28,622.28,622.28,622.28,119.0,13.0,622.28
QQQ,2026-01-07 11:51:00+00:00,622.25,622.25,622.23,622.25,704.0,30.0,622.239976
QQQ,2026-01-07 11:53:00+00:00,622.34,622.34,622.34,622.34,172.0,12.0,622.34
QQQ,2026-01-07 11:54:00+00:00,622.31,622.33,622.31,622.33,691.0,16.0,622.313925
QQQ,2026-01-07 11:55:00+00:00,622.39,622.39,622.39,622.39,195.0,19.0,622.39
QQQ,2026-01-07 11:56:00+00:00,622.37,622.44,622.37,622.44,520.0,13.0,622.400833
QQQ,2026-01-07 11:57:00+00:00,622.35,622.39,622.35,622.39,1012.0,21.0,622.359894
QQQ,2026-01-07 11:58:00+00:00,622.36,622.36,622.35,622.36,457.0,11.0,622.357436
QQQ,2026-01-07 11:59:00+00:00,622.4,622.47,622.4,622.47,841.0,19.0,622.465385
QQQ,2026-01-07 12:00:00+00:00,622.48,622.49,622.43,622.45,4138.0,89.0,622.463877
QQQ,2026-01-07 12:01:00+00:00,622.35,622.39,622.34,622.39,734.0,40.0,622.360734
QQQ,2026-01-07 12:02:00+00:00,622.39,622.49,622.39,622.49,2470.0,72.0,622.453753
QQQ,2026-01-07 12:03:00+00:00,622.45,622.55,622.44,622.55,4617.0,47.0,622.489823
QQQ,2026-01-07 12:04:00+00:00,622.6,622.6,622.55,622.55,1578.0,17.0,622.581369
QQQ,2026-01-07 12:05:00+00:00,622.59,622.64,622.59,622.63,2062.0,43.0,622.620565
QQQ,2026-01-07 12:06:00+00:00,622.6,622.65,622.57,622.64,2031.0,39.0,622.605392
QQQ,2026-01-07 12:07:00+00:00,622.63,622.65,622.5,622.51,4997.0,83.0,622.578373
QQQ,2026-01-07 12:08:00+00:00,622.54,622.55,622.54,622.55,162.0,5.0,622.546154
QQQ,2026-01-07 12:09:00+00:00,622.58,622.61,622.56,622.61,3265.0,36.0,622.584097
QQQ,2026-01-07 12:10:00+00:00,622.58,622.74,622.58,622.74,1726.0,33.0,622.657189
QQQ,2026-01-07 12:11:00+00:00,622.75,622.77,622.7,622.76,4578.0,71.0,622.724984
QQQ,2026-01-07 12:12:00+00:00,622.76,622.79,622.69,622.7,6257.0,77.0,622.730125
QQQ,2026-01-07 12:13:00+00:00,622.7,622.7,622.63,622.639,1127.0,21.0,622.675863
QQQ,2026-01-07 12:14:00+00:00,622.59,622.59,622.56,622.58,4584.0,71.0,622.572248
QQQ,2026-01-07 12:15:00+00:00,622.56,622.59,622.52,622.59,482.0,20.0,622.56259
QQQ,2026-01-07 12:16:00+00:00,622.57,622.64,622.57,622.64,462.0,23.0,622.613333
QQQ,2026-01-07 12:17:00+00:00,622.71,622.75,622.71,622.73,780.0,20.0,622.714068
QQQ,2026-01-07 12:18:00+00:00,622.64,622.65,622.64,622.65,333.0,22.0,622.647222
QQQ,2026-01-07 12:19:00+00:00,622.65,622.69,622.62,622.67,3153.0,40.0,622.658906
QQQ,2026-01-07 12:20:00+00:00,622.66,622.73,622.64,622.73,1551.0,27.0,622.661994
QQQ,2026-01-07 12:21:00+00:00,622.72,622.72,622.72,622.72,184.0,7.0,622.72
QQQ,2026-01-07 12:22:00+00:00,622.73,622.73,622.66,622.68,468.0,22.0,622.678839
QQQ,2026-01-07 12:23:00+00:00,622.75,622.75,622.73,622.75,1772.0,38.0,622.746727
QQQ,2026-01-07 12:24:00+00:00,622.75,622.78,622.75,622.78,2438.0,42.0,622.773798
QQQ,2026-01-07 12:25:00+00:00,622.8,622.82,622.78,622.78,3026.0,74.0,622.805863
QQQ,2026-01-07 12:26:00+00:00,622.81,622.81,622.67,622.67,2660.0,50.0,622.739048
QQQ,2026-01-07 12:27:00+00:00,622.73,622.73,622.72,622.72,341.0,11.0,622.722667
QQQ,2026-01-07 12:28:00+00:00,622.73,622.75,622.69,622.7,11744.0,78.0,622.697923
QQQ,2026-01-07 12:29:00+00:00,622.7,622.7,622.65,622.65,6812.0,64.0,622.670318
QQQ,2026-01-07 12:30:00+00:00,622.65,622.65,622.57,622.57,6583.0,33.0,622.646611
QQQ,2026-01-07 12:31:00+00:00,622.55,622.55,622.45,622.48,4419.0,89.0,622.491604
QQQ,2026-01-07 12:32:00+00:00,622.47,622.51,622.44,622.45,5173.0,37.0,622.463718
QQQ,2026-01-07 12:33:00+00:00,622.4,622.41,622.18,622.3,6547.0,137.0,622.352142
QQQ,2026-01-07 12:34:00+00:00,622.28,622.35,622.23,622.27,2396.0,53.0,622.293942
QQQ,2026-01-07 12:35:00+00:00,622.27,622.31,622.18,622.18,2123.0,47.0,622.283507
QQQ,2026-01-07 12:36:00+00:00,622.18,622.26,622.17,622.26,2058.0,49.0,622.219319
QQQ,2026-01-07 12:37:00+00:00,622.24,622.3,622.17,622.23,2220.0,40.0,622.247302
QQQ,2026-01-07 12:38:00+00:00,622.2,622.23,622.18,622.23,1191.0,27.0,622.19862
QQQ,2026-01-07 12:39:00+00:00,622.25,622.34,622.25,622.32,1607.0,42.0,622.331118
QQQ,2026-01-07 12:40:00+00:00,622.29,622.31,622.28,622.28,5590.0,70.0,622.294278
QQQ,2026-01-07 12:41:00+00:00,622.36,622.4,622.36,622.4,1087.0,26.0,622.383673
QQQ,2026-01-07 12:42:00+00:00,622.39,622.48,622.39,622.46,2605.0,54.0,622.45694
QQQ,2026-01-07 12:43:00+00:00,622.51,622.53,622.51,622.53,1679.0,35.0,622.522014
QQQ,2026-01-07 12:44:00+00:00,622.49,622.52,622.489,622.489,860.0,30.0,622.498027
QQQ,2026-01-07 12:45:00+00:00,622.48,622.55,622.48,622.55,257.0,22.0,622.526667
QQQ,2026-01-07 12:46:00+00:00,622.57,622.65,622.56,622.65,3237.0,43.0,622.618057
QQQ,2026-01-07 12:47:00+00:00,622.67,622.67,622.62,622.62,2355.0,27.0,622.646329
QQQ,2026-01-07 12:48:00+00:00,622.65,622.7,622.64,622.66,939.0,24.0,622.685714
QQQ,2026-01-07 12:49:00+00:00,622.71,622.71,622.71,622.71,257.0,14.0,622.71
QQQ,2026-01-07 12:50:00+00:00,622.66,622.66,622.58,622.58,1597.0,35.0,622.622174
QQQ,2026-01-07 12:51:00+00:00,622.51,622.51,622.46,622.5,1737.0,45.0,622.488963
QQQ,2026-01-07 12:52:00+00:00,622.57,622.57,622.57,622.57,177.0,11.0,622.57
QQQ,2026-01-07 12:53:00+00:00,622.48,622.49,622.48,622.49,604.0,11.0,622.483818
QQQ,2026-01-07 12:54:00+00:00,622.49,622.53,622.45,622.45,827.0,37.0,622.501982
QQQ,2026-01-07 12:55:00+00:00,622.45,622.45,622.38,622.38,3913.0,61.0,622.402393
QQQ,2026-01-07 12:56:00+00:00,622.36,622.36,622.3,622.34,4507.0,47.0,622.322916
QQQ,2026-01-07 12:57:00+00:00,622.32,622.41,622.32,622.41,1861.0,47.0,622.363795
QQQ,2026-01-07 12:58:00+00:00,622.44,622.5,622.44,622.49,3318.0,74.0,622.480124
QQQ,2026-01-07 12:59:00+00:00,622.47,622.47,622.44,622.45,648.0,18.0,622.45795
QQQ,2026-01-07 13:00:00+00:00,622.43,623.2,621.5,622.22,114066.0,3455.0,622.513611
QQQ,2026-01-07 13:01:00+00:00,622.23,622.99,622.19,622.25,15755.0,569.0,622.491918
QQQ,2026-01-07 13:02:00+00:00,621.66,622.84,621.66,622.78,1565.0,273.0,622.580115
QQQ,2026-01-07 13:03:00+00:00,622.3,622.36,622.3,622.36,2141.0,110.0,622.313549
QQQ,2026-01-07 13:04:00+00:00,622.38,622.42,622.38,622.42,794.0,19.0,622.413607
QQQ,2026-01-07 13:05:00+00:00,622.5,622.5,622.4599,622.4599,1338.0,174.0,622.480017
QQQ,2026-01-07 13:06:00+00:00,622.43,622.4492,622.39,622.43,2238.0,34.0,622.428442
QQQ,2026-01-07 13:07:00+00:00,622.4,622.44,622.36,622.42,1965.0,49.0,622.405775
QQQ,2026-01-07 13:08:00+00:00,622.42,622.47,622.41,622.42,774.0,38.0,622.442096
QQQ,2026-01-07 13:09:00+00:00,622.43,622.44,622.27,622.3,3811.0,71.0,622.325828
QQQ,2026-01-07 13:10:00+00:00,622.35,622.35,622.28,622.29,3919.0,96.0,622.313722
QQQ,2026-01-07 13:11:00+00:00,622.33,622.41,622.3,622.3001,2111.0,86.0,622.355059
QQQ,2026-01-07 13:12:00+00:00,622.31,622.31,622.22,622.22,3512.0,63.0,622.277158
QQQ,2026-01-07 13:13:00+00:00,622.25,622.35,622.25,622.34,5402.0,96.0,622.307808
QQQ,2026-01-07 13:14:00+00:00,622.36,622.46,622.36,622.38,7704.0,79.0,622.419106
QQQ,2026-01-07 13:15:00+00:00,622.399,622.52,622.36,622.46,8522.0,69.0,622.428423
QQQ,2026-01-07 13:16:00+00:00,622.48,622.55,622.47,622.5091,3879.0,51.0,622.510255
QQQ,2026-01-07 13:17:00+00:00,622.51,622.53,622.4954,622.52,2526.0,27.0,622.514498
QQQ,2026-01-07 13:18:00+00:00,622.52,622.61,622.49,622.49,5436.0,97.0,622.537687
QQQ,2026-01-07 13:19:00+00:00,622.49,622.57,622.4199,622.43,5710.0,109.0,622.4936
QQQ,2026-01-07 13:20:00+00:00,622.45,622.64,622.43,622.47,21175.0,272.0,622.514285
QQQ,2026-01-07 13:21:00+00:00,622.51,622.64,622.43,622.58,13241.0,106.0,622.498221
QQQ,2026-01-07 13:22:00+00:00,622.57,622.59,622.53,622.59,2292.0,56.0,622.561126
QQQ,2026-01-07 13:23:00+00:00,622.55,622.55,622.42,622.42,1848.0,54.0,622.470455
QQQ,2026-01-07 13:24:00+00:00,622.43,622.54,622.42,622.54,2601.0,75.0,622.477181
QQQ,2026-01-07 13:25:00+00:00,622.5397,622.65,622.5397,622.57,7961.0,59.0,622.620906
QQQ,2026-01-07 13:26:00+00:00,622.56,622.6,622.53,622.6,839.0,44.0,622.5575
QQQ,2026-01-07 13:27:00+00:00,622.64,622.67,622.57,622.57,1094.0,48.0,622.64443
QQQ,2026-01-07 13:28:00+00:00,622.6,622.63,622.55,622.62,1826.0,43.0,622.583272
QQQ,2026-01-07 13:29:00+00:00,622.61,622.68,622.61,622.66,7868.0,141.0,622.66502
QQQ,2026-01-07 13:30:00+00:00,622.67,622.89,622.67,622.88,6456.0,155.0,622.77385
QQQ,2026-01-07 13:31:00+00:00,622.9,622.99,622.8498,622.96,8779.0,171.0,622.926007
QQQ,2026-01-07 13:32:00+00:00,622.94,623.03,622.88,622.89,13863.0,178.0,622.994683
QQQ,2026-01-07 13:33:00+00:00,622.89,622.89,622.8,622.81,7436.0,122.0,622.823776
QQQ,2026-01-07 13:34:00+00:00,622.8,622.86,622.65,622.65,8399.0,182.0,622.759191
QQQ,2026-01-07 13:35:00+00:00,622.61,622.66,622.53,622.56,11341.0,134.0,622.59371
QQQ,2026-01-07 13:36:00+00:00,622.5699,622.57,622.46,622.57,9280.0,137.0,622.518603
QQQ,2026-01-07 13:37:00+00:00,622.53,622.7,622.53,622.66,6806.0,100.0,622.601981
QQQ,2026-01-07 13:38:00+00:00,622.6605,622.68,622.66,622.67,2651.0,51.0,622.673035
QQQ,2026-01-07 13:39:00+00:00,622.69,622.95,622.65,622.89,32685.0,409.0,622.786288
QQQ,2026-01-07 13:40:00+00:00,622.84,623.0,622.8,623.0,6391.0,84.0,622.916472
QQQ,2026-01-07 13:41:00+00:00,623.05,623.06,622.95,623.01,8479.0,104.0,622.989305
QQQ,2026-01-07 13:42:00+00:00,623.05,623.07,623.02,623.06,1309.0,32.0,623.047949
QQQ,2026-01-07 13:43:00+00:00,623.06,623.1,623.0,623.1,14878.0,135.0,623.0548
QQQ,2026-01-07 13:44:00+00:00,623.07,623.09,623.03,623.05,13776.0,154.0,623.057739
QQQ,2026-01-07 13:45:00+00:00,623.0105,623.0219,622.96,622.96,3315.0,58.0,622.980015
QQQ,2026-01-07 13:46:00+00:00,622.99,623.01,622.88,622.9,2418.0,67.0,622.937511
QQQ,2026-01-07 13:47:00+00:00,622.91,622.94,622.75,622.75,5877.0,66.0,622.877635
QQQ,2026-01-07 13:48:00+00:00,622.76,622.85,622.72,622.85,3301.0,60.0,622.7923
QQQ,2026-01-07 13:49:00+00:00,622.83,622.98,622.8101,622.87,6471.0,102.0,622.909836
QQQ,2026-01-07 13:50:00+00:00,622.87,622.87,622.61,622.65,9943.0,197.0,622.663233
QQQ,2026-01-07 13:51:00+00:00,622.62,622.74,622.62,622.74,7783.0,119.0,622.666219
QQQ,2026-01-07 13:52:00+00:00,622.75,622.88,622.75,622.87,18765.0,203.0,622.819296
QQQ,2026-01-07 13:53:00+00:00,622.8,622.88,622.8,622.88,951.0,45.0,622.81109
QQQ,2026-01-07 13:54:00+00:00,622.92,622.98,622.88,622.9,3104.0,76.0,622.914779
QQQ,2026-01-07 13:55:00+00:00,622.88,622.95,622.88,622.94,3252.0,66.0,622.924259
QQQ,2026-01-07 13:56:00+00:00,622.94,622.95,622.89,622.94,1281.0,40.0,622.93036
QQQ,2026-01-07 13:57:00+00:00,622.9232,622.9802,622.9232,622.9802,2826.0,70.0,622.944325
QQQ,2026-01-07 13:58:00+00:00,622.98,623.0,622.95,622.97,2519.0,54.0,622.978689
QQQ,2026-01-07 13:59:00+00:00,622.95,623.02,622.94,622.99,2699.0,70.0,622.975515
QQQ,2026-01-07 14:00:00+00:00,623.01,623.01,622.76,622.76,3360.0,73.0,622.845927
QQQ,2026-01-07 14:01:00+00:00,622.72,622.78,622.68,622.71,5191.0,114.0,622.736069
QQQ,2026-01-07 14:02:00+00:00,622.76,622.94,622.76,622.87,4458.0,93.0,622.870937
QQQ,2026-01-07 14:03:00+00:00,622.75,622.78,622.73,622.7397,2093.0,64.0,622.756972
QQQ,2026-01-07 14:04:00+00:00,622.73,622.77,622.67,622.69,3713.0,86.0,622.737162
QQQ,2026-01-07 14:05:00+00:00,622.71,622.71,622.45,622.49,16480.0,226.0,622.574649
QQQ,2026-01-07 14:06:00+00:00,622.48,622.49,622.35,622.42,17898.0,228.0,622.407899
QQQ,2026-01-07 14:07:00+00:00,622.43,622.56,622.42,622.51,5692.0,109.0,622.497439
QQQ,2026-01-07 14:08:00+00:00,622.51,622.59,622.51,622.55,7966.0,116.0,622.55467
QQQ,2026-01-07 14:09:00+00:00,622.54,622.61,622.5,622.53,5232.0,89.0,622.548146
QQQ,2026-01-07 14:10:00+00:00,622.52,622.59,622.52,622.59,2209.0,54.0,622.542246
QQQ,2026-01-07 14:11:00+00:00,622.58,622.63,622.55,622.55,7389.0,97.0,622.582411
QQQ,2026-01-07 14:12:00+00:00,622.5597,622.57,622.51,622.53,5780.0,78.0,622.522714
QQQ,2026-01-07 14:13:00+00:00,622.52,622.61,622.52,622.61,1284.0,47.0,622.58309
QQQ,2026-01-07 14:14:00+00:00,622.6349,622.67,622.62,622.62,1089.0,51.0,622.639203
QQQ,2026-01-07 14:15:00+00:00,622.61,622.71,622.59,622.68,4296.0,82.0,622.669369
QQQ,2026-01-07 14:16:00+00:00,622.67,622.75,622.67,622.74,7765.0,102.0,622.715124
QQQ,2026-01-07 14:17:00+00:00,622.8,622.81,622.75,622.75,4151.0,65.0,622.775791
QQQ,2026-01-07 14:18:00+00:00,622.77,622.85,622.77,622.77,3802.0,69.0,622.816716
QQQ,2026-01-07 14:19:00+00:00,622.78,622.8301,622.78,622.78,1544.0,49.0,622.805224
QQQ,2026-01-07 14:20:00+00:00,622.81,622.81,622.76,622.76,1738.0,64.0,622.779955
QQQ,2026-01-07 14:21:00+00:00,622.7468,622.7468,622.64,622.64,2113.0,63.0,622.681072
QQQ,2026-01-07 14:22:00+00:00,622.62,622.64,622.58,622.61,3678.0,78.0,622.616419
QQQ,2026-01-07 14:23:00+00:00,622.56,622.56,622.41,622.48,12150.0,169.0,622.44339
QQQ,2026-01-07 14:24:00+00:00,622.46,622.6201,622.4,622.61,3836.0,79.0,622.456768
QQQ,2026-01-07 14:25:00+00:00,622.64,622.8907,622.64,622.8907,5287.0,136.0,622.720637
QQQ,2026-01-07 14:26:00+00:00,622.86,622.92,622.8,622.9,3031.0,62.0,622.847939
QQQ,2026-01-07 14:27:00+00:00,622.92,623.0,622.82,622.98,8706.0,141.0,622.949783
QQQ,2026-01-07 14:28:00+00:00,622.98,622.99,622.76,622.93,32478.0,344.0,622.871978
QQQ,2026-01-07 14:29:00+00:00,622.94,623.04,622.87,623.04,21174.0,277.0,622.95135
QQQ,2026-01-07 14:30:00+00:00,623.04,623.51,622.7,622.71,860512.0,13340.0,623.116797
QQQ,2026-01-07 14:31:00+00:00,622.7,623.02,622.56,622.76,319064.0,4308.0,622.757665
QQQ,2026-01-07 14:32:00+00:00,622.76,623.17,622.71,623.17,210367.0,3212.0,622.972665
QQQ,2026-01-07 14:33:00+00:00,623.13,623.63,623.13,623.25,237358.0,3818.0,623.409003
QQQ,2026-01-07 14:34:00+00:00,623.24,623.8,623.24,623.8,162925.0,2780.0,623.519839
QQQ,2026-01-07 14:35:00+00:00,623.79,624.05,623.77,623.88,205488.0,3136.0,623.887381
QQQ,2026-01-07 14:36:00+00:00,623.87,624.04,623.22,623.49,250374.0,3642.0,623.674795
QQQ,2026-01-07 14:37:00+00:00,623.49,623.609,623.31,623.42,154707.0,2252.0,623.477378
QQQ,2026-01-07 14:38:00+00:00,623.42,623.89,623.396,623.72,148319.0,2313.0,623.643242
QQQ,2026-01-07 14:39:00+00:00,623.73,624.12,623.68,624.1095,135201.0,2215.0,623.938659
QQQ,2026-01-07 14:40:00+00:00,624.1,624.16,623.82,623.93,146300.0,2078.0,623.97199
QQQ,2026-01-07 14:41:00+00:00,623.94,624.7996,623.92,624.74,245283.0,3517.0,624.503676
QQQ,2026-01-07 14:42:00+00:00,624.74,624.74,624.23,624.3,305672.0,3407.0,624.42159
QQQ,2026-01-07 14:43:00+00:00,624.31,624.64,624.16,624.25,298150.0,4716.0,624.43398
QQQ,2026-01-07 14:44:00+00:00,624.23,624.59,624.22,624.55,219678.0,4325.0,624.415401
QQQ,2026-01-07 14:45:00+00:00,624.55,624.63,624.23,624.325,254737.0,5146.0,624.498054
QQQ,2026-01-07 14:46:00+00:00,624.33,624.91,624.29,624.91,244067.0,4889.0,624.555173
QQQ,2026-01-07 14:47:00+00:00,624.92,624.93,624.72,624.75,140198.0,3420.0,624.848449
QQQ,2026-01-07 14:48:00+00:00,624.75,624.98,624.55,624.94,213112.0,3986.0,624.733117
QQQ,2026-01-07 14:49:00+00:00,624.94,624.97,624.52,624.62,120498.0,2982.0,624.772657
QQQ,2026-01-07 14:50:00+00:00,624.61,624.86,624.48,624.5875,128437.0,3279.0,624.700444
QQQ,2026-01-07 14:51:00+00:00,624.62,624.66,624.36,624.41,108190.0,2904.0,624.468865
QQQ,2026-01-07 14:52:00+00:00,624.425,624.74,624.32,624.69,128000.0,2889.0,624.5396
QQQ,2026-01-07 14:53:00+00:00,624.71,625.0,624.61,624.94,102485.0,2626.0,624.809142
QQQ,2026-01-07 14:54:00+00:00,624.92,624.96,624.47,624.52,129436.0,2860.0,624.723278
QQQ,2026-01-07 14:55:00+00:00,624.53,624.99,624.52,624.98,125512.0,2591.0,624.761394
QQQ,2026-01-07 14:56:00+00:00,624.9799,625.15,624.81,624.93,185203.0,3779.0,624.978829
QQQ,2026-01-07 14:57:00+00:00,624.92,624.95,624.54,624.65,135524.0,2540.0,624.77217
QQQ,2026-01-07 14:58:00+00:00,624.65,624.8628,624.56,624.605,80152.0,2125.0,624.674222
QQQ,2026-01-07 14:59:00+00:00,624.62,624.7393,624.52,624.6,51887.0,1721.0,624.633709
QQQ,2026-01-07 15:00:00+00:00,624.63,624.76,623.81,623.98,239610.0,4216.0,624.135234
QQQ,2026-01-07 15:01:00+00:00,623.95,624.14,623.53,623.58,205822.0,3713.0,623.838081
QQQ,2026-01-07 15:02:00+00:00,623.58,623.9654,623.54,623.93,149815.0,2907.0,623.743724
QQQ,2026-01-07 15:03:00+00:00,623.93,623.93,623.61,623.88,80736.0,2377.0,623.737356
QQQ,2026-01-07 15:04:00+00:00,623.9,624.3499,623.68,624.25,118011.0,2929.0,624.071624
QQQ,2026-01-07 15:05:00+00:00,624.25,624.3999,624.05,624.31,138330.0,3080.0,624.210621
QQQ,2026-01-07 15:06:00+00:00,624.32,624.82,624.28,624.79,149576.0,3617.0,624.489959
QQQ,2026-01-07 15:07:00+00:00,624.78,624.82,624.58,624.69,125147.0,2737.0,624.724378
QQQ,2026-01-07 15:08:00+00:00,624.6854,624.77,624.4098,624.49,111850.0,2606.0,624.618212
QQQ,2026-01-07 15:09:00+00:00,624.49,624.665,624.49,624.6,90153.0,2376.0,624.575664
QQQ,2026-01-07 15:10:00+00:00,624.58,624.83,624.49,624.76,106829.0,2457.0,624.662407
QQQ,2026-01-07 15:11:00+00:00,624.7699,624.8,624.57,624.74,87101.0,2227.0,624.702902
QQQ,2026-01-07 15:12:00+00:00,624.76,624.91,624.64,624.89,124623.0,2716.0,624.810653
QQQ,2026-01-07 15:13:00+00:00,624.89,624.93,624.53,624.59,110994.0,2440.0,624.737973
QQQ,2026-01-07 15:14:00+00:00,624.59,624.74,624.49,624.65,83549.0,5768.0,624.630396
QQQ,2026-01-07 15:15:00+00:00,624.66,624.68,624.08,624.1,165777.0,5418.0,624.261263
QQQ,2026-01-07 15:16:00+00:00,624.11,624.3,624.02,624.23,106697.0,2723.0,624.201613
QQQ,2026-01-07 15:17:00+00:00,624.23,624.23,623.78,623.81,164523.0,3344.0,623.968004
QQQ,2026-01-07 15:18:00+00:00,623.83,624.1795,623.76,624.11,89339.0,2362.0,624.020545
QQQ,2026-01-07 15:19:00+00:00,624.11,624.31,624.05,624.13,69654.0,2015.0,624.165915
QQQ,2026-01-07 15:20:00+00:00,624.11,624.24,623.92,624.21,70559.0,2167.0,624.05923
QQQ,2026-01-07 15:21:00+00:00,624.23,624.56,624.17,624.5,110155.0,2477.0,624.411596
QQQ,2026-01-07 15:22:00+00:00,624.54,624.61,624.29,624.41,62519.0,2174.0,624.448309
QQQ,2026-01-07 15:23:00+00:00,624.36,624.5307,624.32,624.43,49338.0,1802.0,624.442803
QQQ,2026-01-07 15:24:00+00:00,624.46,624.69,624.33,624.64,74907.0,2055.0,624.485117
QQQ,2026-01-07 15:25:00+00:00,624.66,624.76,624.35,624.37,72146.0,1996.0,624.529622
QQQ,2026-01-07 15:26:00+00:00,624.36,624.39,624.15,624.35,60014.0,1986.0,624.26429
QQQ,2026-01-07 15:27:00+00:00,624.38,624.63,624.364,624.6094,48272.0,1802.0,624.503834
QQQ,2026-01-07 15:28:00+00:00,624.59,625.05,624.59,624.97,151730.0,3167.0,624.844734
QQQ,2026-01-07 15:29:00+00:00,624.965,625.061,624.78,624.83,105162.0,2345.0,624.903795
QQQ,2026-01-07 15:30:00+00:00,624.83,624.95,624.75,624.8101,96392.0,2419.0,624.842241
QQQ,2026-01-07 15:31:00+00:00,624.8194,624.85,624.62,624.7,105884.0,2406.0,624.750441
QQQ,2026-01-07 15:32:00+00:00,624.71,625.35,624.71,625.22,143560.0,3158.0,625.024401
QQQ,2026-01-07 15:33:00+00:00,625.25,625.34,625.145,625.23,127004.0,2854.0,625.232135
QQQ,2026-01-07 15:34:00+00:00,625.23,625.29,625.13,625.22,79908.0,2265.0,625.207079
QQQ,2026-01-07 15:35:00+00:00,625.22,625.62,625.22,625.58,139183.0,2834.0,625.472496
QQQ,2026-01-07 15:36:00+00:00,625.6,625.69,625.46,625.51,85115.0,2282.0,625.556404
QQQ,2026-01-07 15:37:00+00:00,625.51,625.54,625.38,625.53,75927.0,2191.0,625.479445
QQQ,2026-01-07 15:38:00+00:00,625.55,625.56,624.0,624.05,411033.0,5941.0,624.686731
QQQ,2026-01-07 15:39:00+00:00,624.03,624.55,623.52,624.48,582094.0,8654.0,624.040299
QQQ,2026-01-07 15:40:00+00:00,624.51,625.02,624.48,624.96,216360.0,4072.0,624.752293
QQQ,2026-01-07 15:41:00+00:00,624.95,625.04,624.61,624.65,116457.0,2663.0,624.814625
QQQ,2026-01-07 15:42:00+00:00,624.65,624.76,624.41,624.5599,88305.0,2213.0,624.605859
QQQ,2026-01-07 15:43:00+00:00,624.56,624.67,624.2,624.248,110334.0,2508.0,624.40712
QQQ,2026-01-07 15:44:00+00:00,624.25,624.69,624.145,624.55,137499.0,2755.0,624.439519
QQQ,2026-01-07 15:45:00+00:00,624.57,625.0,624.495,625.0,90372.0,2084.0,624.723525
QQQ,2026-01-07 15:46:00+00:00,625.0,625.12,624.94,625.05,97833.0,2439.0,625.031493
QQQ,2026-01-07 15:47:00+00:00,625.032,625.34,625.0,625.3,107106.0,2314.0,625.18805
QQQ,2026-01-07 15:48:00+00:00,625.28,625.58,625.28,625.518,126448.0,2536.0,625.458644
QQQ,2026-01-07 15:49:00+00:00,625.51,625.79,625.48,625.6058,105546.0,2395.0,625.663226
QQQ,2026-01-07 15:50:00+00:00,625.61,625.71,625.481,625.68,83597.0,2006.0,625.587613
QQQ,2026-01-07 15:51:00+00:00,625.68,625.8596,625.65,625.72,108286.0,2342.0,625.76301
QQQ,2026-01-07 15:52:00+00:00,625.73,625.84,625.68,625.81,100314.0,2082.0,625.756057
QQQ,2026-01-07 15:53:00+00:00,625.8,625.91,625.73,625.87,76830.0,1936.0,625.815959
QQQ,2026-01-07 15:54:00+00:00,625.88,625.88,625.71,625.77,60938.0,1726.0,625.789503
QQQ,2026-01-07 15:55:00+00:00,625.78,625.8,625.57,625.75,92273.0,2030.0,625.691836
QQQ,2026-01-07 15:56:00+00:00,625.7699,625.82,625.64,625.735,49828.0,1752.0,625.728498
QQQ,2026-01-07 15:57:00+00:00,625.72,625.79,625.67,625.73,37510.0,1599.0,625.739617
QQQ,2026-01-07 15:58:00+00:00,625.73,625.83,625.71,625.82,50899.0,1662.0,625.768417
QQQ,2026-01-07 15:59:00+00:00,625.82,625.85,625.67,625.78,45748.0,1794.0,625.757349
QQQ,2026-01-07 16:00:00+00:00,625.79,626.13,625.72,626.08,125154.0,3310.0,625.953994
QQQ,2026-01-07 16:01:00+00:00,626.08,626.1,626.0,626.05,83392.0,2140.0,626.059392
QQQ,2026-01-07 16:02:00+00:00,626.06,626.14,626.005,626.115,78885.0,2173.0,626.074143
QQQ,2026-01-07 16:03:00+00:00,626.13,626.27,626.09,626.175,104277.0,2569.0,626.184009
QQQ,2026-01-07 16:04:00+00:00,626.17,626.2,626.09,626.1436,64062.0,2079.0,626.142229
QQQ,2026-01-07 16:05:00+00:00,626.134,626.23,626.02,626.1,65753.0,1867.0,626.095724
QQQ,2026-01-07 16:06:00+00:00,626.12,626.16,626.06,626.102,62520.0,1937.0,626.114741
QQQ,2026-01-07 16:07:00+00:00,626.1,626.14,626.02,626.03,45656.0,2008.0,626.073968
QQQ,2026-01-07 16:08:00+00:00,626.03,626.12,626.03,626.04,61431.0,1768.0,626.075152
QQQ,2026-01-07 16:09:00+00:00,626.05,626.2,626.05,626.1,58087.0,1952.0,626.126548
QQQ,2026-01-07 16:10:00+00:00,626.115,626.14,625.99,626.06,52347.0,1955.0,626.054448
QQQ,2026-01-07 16:11:00+00:00,626.05,626.14,625.97,626.115,70906.0,2045.0,626.066833
QQQ,2026-01-07 16:12:00+00:00,626.12,626.25,626.105,626.2455,95922.0,2229.0,626.187635
QQQ,2026-01-07 16:13:00+00:00,626.25,626.305,626.1732,626.19,75429.0,2215.0,626.231273
QQQ,2026-01-07 16:14:00+00:00,626.18,626.2538,626.14,626.2101,36386.0,1860.0,626.18757
QQQ,2026-01-07 16:15:00+00:00,626.225,626.31,626.15,626.29,93547.0,2473.0,626.226271
QQQ,2026-01-07 16:16:00+00:00,626.3,626.31,626.1,626.14,70695.0,2231.0,626.194433
QQQ,2026-01-07 16:17:00+00:00,626.12,626.21,626.09,626.185,45172.0,1891.0,626.152699
QQQ,2026-01-07 16:18:00+00:00,626.18,626.18,626.045,626.12,41873.0,1838.0,626.132464
QQQ,2026-01-07 16:19:00+00:00,626.12,626.14,626.02,626.13,31611.0,1921.0,626.091512
QQQ,2026-01-07 16:20:00+00:00,626.11,626.11,625.79,625.9,108238.0,2638.0,625.916943
QQQ,2026-01-07 16:21:00+00:00,625.91,626.0,625.87,625.87,46608.0,1855.0,625.932861
QQQ,2026-01-07 16:22:00+00:00,625.87,625.92,625.76,625.76,63399.0,2147.0,625.857585
QQQ,2026-01-07 16:23:00+00:00,625.77,625.81,625.69,625.69,115097.0,2476.0,625.740501
QQQ,2026-01-07 16:24:00+00:00,625.7,625.77,625.5968,625.71,905875.0,2370.0,625.695033
QQQ,2026-01-07 16:25:00+00:00,625.71,625.74,625.3499,625.3977,111570.0,2804.0,625.536209
QQQ,2026-01-07 16:26:00+00:00,625.4,625.5599,625.335,625.4399,181784.0,2211.0,625.460878
QQQ,2026-01-07 16:27:00+00:00,625.44,625.5,625.41,625.45,35761.0,1785.0,625.460244
QQQ,2026-01-07 16:28:00+00:00,625.45,625.45,625.17,625.18,110127.0,2762.0,625.271133
QQQ,2026-01-07 16:29:00+00:00,625.18,625.55,625.1441,625.54,90591.0,2323.0,625.301004
QQQ,2026-01-07 16:30:00+00:00,625.5399,625.675,625.41,625.46,97437.0,2519.0,625.54048
QQQ,2026-01-07 16:31:00+00:00,625.46,625.73,625.4528,625.67,105591.0,2550.0,625.660986
QQQ,2026-01-07 16:32:00+00:00,625.67,625.83,625.66,625.735,110865.0,2606.0,625.756388
QQQ,2026-01-07 16:33:00+00:00,625.73,625.87,625.65,625.87,60870.0,2208.0,625.764988
QQQ,2026-01-07 16:34:00+00:00,625.88,625.88,625.64,625.71,73241.0,2294.0,625.736982
QQQ,2026-01-07 16:35:00+00:00,625.73,625.88,625.73,625.85,66154.0,1838.0,625.80591
QQQ,2026-01-07 16:36:00+00:00,625.84,625.87,625.65,625.68,65708.0,2021.0,625.756737
QQQ,2026-01-07 16:37:00+00:00,625.69,625.77,625.64,625.72,45594.0,1794.0,625.695269
QQQ,2026-01-07 16:38:00+00:00,625.7182,625.74,625.585,625.67,44541.0,1759.0,625.672269
QQQ,2026-01-07 16:39:00+00:00,625.67,625.835,625.64,625.8,70989.0,1821.0,625.778671
QQQ,2026-01-07 16:40:00+00:00,625.8,626.04,625.78,626.02,74675.0,2209.0,625.923669
QQQ,2026-01-07 16:41:00+00:00,626.025,626.12,626.0,626.07,64422.0,2011.0,626.068831
QQQ,2026-01-07 16:42:00+00:00,626.06,626.25,626.06,626.22,91614.0,2267.0,626.168281
QQQ,2026-01-07 16:43:00+00:00,626.21,626.64,626.2,626.6,204060.0,3687.0,626.400453
QQQ,2026-01-07 16:44:00+00:00,626.62,626.72,626.5635,626.665,88763.0,2333.0,626.638856
QQQ,2026-01-07 16:45:00+00:00,626.67,626.94,626.59,626.94,190441.0,3483.0,626.794896
QQQ,2026-01-07 16:46:00+00:00,626.9302,627.16,626.91,627.065,180371.0,3359.0,627.028507
QQQ,2026-01-07 16:47:00+00:00,627.06,627.1412,626.99,627.087,171124.0,2925.0,627.050112
QQQ,2026-01-07 16:48:00+00:00,627.09,627.1,626.96,627.01,95471.0,2437.0,627.026361
QQQ,2026-01-07 16:49:00+00:00,627.01,627.03,626.8051,626.86,107760.0,2424.0,626.880695
QQQ,2026-01-07 16:50:00+00:00,626.86,626.94,626.73,626.9,99691.0,2227.0,626.868389
QQQ,2026-01-07 16:51:00+00:00,626.89,626.93,626.74,626.93,208165.0,2367.0,626.836414
QQQ,2026-01-07 16:52:00+00:00,626.93,626.97,626.87,626.94,58534.0,1903.0,626.931274
QQQ,2026-01-07 16:53:00+00:00,626.93,626.9507,626.8401,626.8701,157761.0,2029.0,626.904755
QQQ,2026-01-07 16:54:00+00:00,626.87,626.94,626.865,626.94,65829.0,1607.0,626.897476
QQQ,2026-01-07 16:55:00+00:00,626.95,627.13,626.94,627.06,86102.0,2271.0,627.032422
QQQ,2026-01-07 16:56:00+00:00,627.05,627.23,627.05,627.23,119211.0,2399.0,627.15562
QQQ,2026-01-07 16:57:00+00:00,627.23,627.3234,627.2,627.31,132162.0,2541.0,627.274823
QQQ,2026-01-07 16:58:00+00:00,627.3101,627.34,627.23,627.295,82040.0,2146.0,627.299704
QQQ,2026-01-07 16:59:00+00:00,627.29,627.33,627.19,627.31,97319.0,2356.0,627.2621
QQQ,2026-01-07 17:00:00+00:00,627.31,627.43,627.26,627.385,136471.0,2577.0,627.333509
QQQ,2026-01-07 17:01:00+00:00,627.38,627.385,627.24,627.32,107855.0,1539.0,627.307978
QQQ,2026-01-07 17:02:00+00:00,627.33,627.4,627.26,627.26,59998.0,931.0,627.336518
QQQ,2026-01-07 17:03:00+00:00,627.26,627.36,627.185,627.36,88641.0,1230.0,627.254172
QQQ,2026-01-07 17:04:00+00:00,627.36,627.42,627.345,627.38,52860.0,990.0,627.380437
QQQ,2026-01-07 17:05:00+00:00,627.38,627.54,627.37,627.525,83730.0,1537.0,627.451188
QQQ,2026-01-07 17:06:00+00:00,627.53,627.6313,627.5201,627.605,70940.0,1321.0,627.601856
QQQ,2026-01-07 17:07:00+00:00,627.63,627.74,627.575,627.71,76167.0,1435.0,627.6592
QQQ,2026-01-07 17:08:00+00:00,627.72,627.7425,627.67,627.73,61216.0,1089.0,627.703311
QQQ,2026-01-07 17:09:00+00:00,627.75,627.75,627.5895,627.645,78170.0,1392.0,627.659134
QQQ,2026-01-07 17:10:00+00:00,627.645,627.69,627.54,627.61,67516.0,1358.0,627.619807
QQQ,2026-01-07 17:11:00+00:00,627.62,627.635,627.49,627.536,66049.0,1246.0,627.558855
QQQ,2026-01-07 17:12:00+00:00,627.53,627.5651,627.4308,627.46,55233.0,1103.0,627.497685
QQQ,2026-01-07 17:13:00+00:00,627.46,627.48,627.34,627.38,61516.0,1366.0,627.410918
QQQ,2026-01-07 17:14:00+00:00,627.38,627.46,627.34,627.458,36993.0,825.0,627.395334
QQQ,2026-01-07 17:15:00+00:00,627.45,627.465,627.32,627.3899,78515.0,1051.0,627.394891
QQQ,2026-01-07 17:16:00+00:00,627.39,627.44,627.35,627.42,36802.0,983.0,627.405575
QQQ,2026-01-07 17:17:00+00:00,627.42,627.55,627.4,627.47,54103.0,1017.0,627.490758
QQQ,2026-01-07 17:18:00+00:00,627.4801,627.52,627.36,627.49,48819.0,1206.0,627.44849
QQQ,2026-01-07 17:19:00+00:00,627.49,627.59,627.48,627.58,33808.0,892.0,627.529865
QQQ,2026-01-07 17:20:00+00:00,627.59,627.66,627.54,627.58,63664.0,1247.0,627.610497
QQQ,2026-01-07 17:21:00+00:00,627.58,627.64,627.58,627.63,34745.0,920.0,627.613658
QQQ,2026-01-07 17:22:00+00:00,627.64,627.66,627.5945,627.66,43283.0,949.0,627.62725
QQQ,2026-01-07 17:23:00+00:00,627.65,627.78,627.615,627.77,91465.0,1267.0,627.712849
QQQ,2026-01-07 17:24:00+00:00,627.76,627.78,627.68,627.7,76009.0,1012.0,627.713969
QQQ,2026-01-07 17:25:00+00:00,627.7072,627.71,627.59,627.59,73416.0,1171.0,627.65334
QQQ,2026-01-07 17:26:00+00:00,627.61,627.71,627.59,627.66,49298.0,1070.0,627.648208
QQQ,2026-01-07 17:27:00+00:00,627.67,627.67,627.49,627.52,42471.0,960.0,627.552833
QQQ,2026-01-07 17:28:00+00:00,627.53,627.8,627.52,627.7699,93686.0,1546.0,627.704976
QQQ,2026-01-07 17:29:00+00:00,627.78,627.79,627.655,627.655,35791.0,876.0,627.734856
QQQ,2026-01-07 17:30:00+00:00,627.66,627.68,627.56,627.62,73293.0,1307.0,627.610976
QQQ,2026-01-07 17:31:00+00:00,627.6299,627.69,627.6,627.67,69159.0,1098.0,627.645912
QQQ,2026-01-07 17:32:00+00:00,627.68,627.68,627.47,627.48,57654.0,1266.0,627.566538
QQQ,2026-01-07 17:33:00+00:00,627.48,627.646,627.48,627.635,60925.0,1020.0,627.573155
QQQ,2026-01-07 17:34:00+00:00,627.64,627.6575,627.5899,627.5899,42110.0,816.0,627.624259
QQQ,2026-01-07 17:35:00+00:00,627.59,627.61,627.43,627.5199,88212.0,1396.0,627.504708
QQQ,2026-01-07 17:36:00+00:00,627.52,627.59,627.49,627.5,40110.0,902.0,627.538095
QQQ,2026-01-07 17:37:00+00:00,627.51,627.5568,627.435,627.49,48478.0,1085.0,627.495849
QQQ,2026-01-07 17:38:00+00:00,627.49,627.6,627.44,627.565,53045.0,929.0,627.500771
QQQ,2026-01-07 17:39:00+00:00,627.575,627.6399,627.565,627.59,57790.0,1028.0,627.602947
QQQ,2026-01-07 17:40:00+00:00,627.6,627.62,627.53,627.57,48754.0,1088.0,627.582443
QQQ,2026-01-07 17:41:00+00:00,627.5866,627.66,627.56,627.66,42091.0,804.0,627.616028
QQQ,2026-01-07 17:42:00+00:00,627.67,627.67,627.58,627.63,25718.0,745.0,627.612199
QQQ,2026-01-07 17:43:00+00:00,627.64,627.85,627.63,627.8356,85570.0,1473.0,627.754325
QQQ,2026-01-07 17:44:00+00:00,627.85,627.94,627.85,627.89,57599.0,1021.0,627.899557
QQQ,2026-01-07 17:45:00+00:00,627.89,627.94,627.79,627.81,64603.0,1129.0,627.861301
QQQ,2026-01-07 17:46:00+00:00,627.8,627.8195,627.7,627.74,46864.0,1124.0,627.755801
QQQ,2026-01-07 17:47:00+00:00,627.745,627.77,627.69,627.72,28542.0,721.0,627.730699
QQQ,2026-01-07 17:48:00+00:00,627.71,627.74,627.58,627.59,31669.0,728.0,627.671961
QQQ,2026-01-07 17:49:00+00:00,627.59,627.7194,627.58,627.63,37004.0,876.0,627.650094
QQQ,2026-01-07 17:50:00+00:00,627.62,627.635,627.37,627.485,104839.0,1693.0,627.47105
QQQ,2026-01-07 17:51:00+00:00,627.49,627.5,627.28,627.3,77729.0,1401.0,627.338123
QQQ,2026-01-07 17:52:00+00:00,627.29,627.37,627.11,627.35,204809.0,2524.0,627.244562
QQQ,2026-01-07 17:53:00+00:00,627.34,627.375,627.225,627.37,107146.0,1411.0,627.300728
QQQ,2026-01-07 17:54:00+00:00,627.38,627.4,627.25,627.32,63327.0,1297.0,627.332273
QQQ,2026-01-07 17:55:00+00:00,627.3321,627.37,627.24,627.35,78096.0,1211.0,627.291491
QQQ,2026-01-07 17:56:00+00:00,627.35,627.55,627.215,627.25,103263.0,1665.0,627.36949
QQQ,2026-01-07 17:57:00+00:00,627.25,627.32,627.23,627.24,88633.0,1077.0,627.270401
QQQ,2026-01-07 17:58:00+00:00,627.25,627.2801,627.17,627.25,49103.0,924.0,627.237731
QQQ,2026-01-07 17:59:00+00:00,627.26,627.39,627.25,627.33,52549.0,922.0,627.341455
QQQ,2026-01-07 18:00:00+00:00,627.32,627.375,627.16,627.18,46199.0,884.0,627.245987
QQQ,2026-01-07 18:01:00+00:00,627.18,627.31,627.12,627.31,56758.0,1016.0,627.18288
QQQ,2026-01-07 18:02:00+00:00,627.32,627.33,627.22,627.2573,30138.0,854.0,627.267793
QQQ,2026-01-07 18:03:00+00:00,627.25,627.2697,627.135,627.15,31301.0,766.0,627.210271
QQQ,2026-01-07 18:04:00+00:00,627.15,627.2485,627.06,627.13,68550.0,1141.0,627.152572
QQQ,2026-01-07 18:05:00+00:00,627.12,627.16,627.02,627.09,64245.0,1113.0,627.097259
QQQ,2026-01-07 18:06:00+00:00,627.1,627.205,627.05,627.16,66149.0,1199.0,627.132719
QQQ,2026-01-07 18:07:00+00:00,627.16,627.19,627.04,627.14,43485.0,874.0,627.089409
QQQ,2026-01-07 18:08:00+00:00,627.135,627.17,627.1,627.15,27428.0,726.0,627.137374
QQQ,2026-01-07 18:09:00+00:00,627.15,627.24,627.12,627.13,57965.0,1045.0,627.186281
QQQ,2026-01-07 18:10:00+00:00,627.13,627.13,626.93,627.0556,82158.0,1265.0,626.987688
QQQ,2026-01-07 18:11:00+00:00,627.05,627.07,626.84,626.85,53739.0,1002.0,626.958908
QQQ,2026-01-07 18:12:00+00:00,626.85,627.0127,626.8,626.98,82101.0,1250.0,626.899028
QQQ,2026-01-07 18:13:00+00:00,626.985,627.1,626.93,627.0768,36690.0,771.0,627.014214
QQQ,2026-01-07 18:14:00+00:00,627.08,627.15,627.07,627.12,46378.0,959.0,627.109062
QQQ,2026-01-07 18:15:00+00:00,627.13,627.13,626.59,626.78,106784.0,2005.0,626.804825
QQQ,2026-01-07 18:16:00+00:00,626.77,626.92,626.75,626.858,75539.0,1462.0,626.820352
QQQ,2026-01-07 18:17:00+00:00,626.855,626.89,626.71,626.8644,46757.0,975.0,626.813362
QQQ,2026-01-07 18:18:00+00:00,626.86,626.89,626.74,626.78,37750.0,888.0,626.809209
QQQ,2026-01-07 18:19:00+00:00,626.78,626.79,626.58,626.7699,117401.0,2031.0,626.706445
QQQ,2026-01-07 18:20:00+00:00,626.76,626.77,626.67,626.7,69967.0,1219.0,626.718031
QQQ,2026-01-07 18:21:00+00:00,626.6999,626.77,626.64,626.64,48240.0,1169.0,626.693402
QQQ,2026-01-07 18:22:00+00:00,626.63,626.72,626.525,626.59,70382.0,1232.0,626.614458
QQQ,2026-01-07 18:23:00+00:00,626.6,626.74,626.46,626.66,76348.0,1456.0,626.589585
QQQ,2026-01-07 18:24:00+00:00,626.67,626.75,626.59,626.594,54492.0,1105.0,626.655244
QQQ,2026-01-07 18:25:00+00:00,626.61,626.61,626.41,626.47,127194.0,1598.0,626.470471
QQQ,2026-01-07 18:26:00+00:00,626.4251,626.58,626.42,626.535,57633.0,1069.0,626.529152
QQQ,2026-01-07 18:27:00+00:00,626.52,626.72,626.4701,626.6,82817.0,1221.0,626.598073
QQQ,2026-01-07 18:28:00+00:00,626.595,626.61,626.38,626.44,61422.0,1196.0,626.464252
QQQ,2026-01-07 18:29:00+00:00,626.43,626.49,626.28,626.36,59563.0,1093.0,626.40405
QQQ,2026-01-07 18:30:00+00:00,626.38,626.72,626.38,626.69,137557.0,1933.0,626.574849
QQQ,2026-01-07 18:31:00+00:00,626.68,626.79,626.37,626.42,111952.0,2092.0,626.592336
QQQ,2026-01-07 18:32:00+00:00,626.41,626.54,626.4,626.4502,75002.0,1435.0,626.470993
QQQ,2026-01-07 18:33:00+00:00,626.46,626.77,626.42,626.77,56717.0,1223.0,626.582429
QQQ,2026-01-07 18:34:00+00:00,626.77,626.91,626.77,626.9,101757.0,1502.0,626.818496
QQQ,2026-01-07 18:35:00+00:00,626.9,626.91,626.75,626.83,83123.0,1526.0,626.85683
QQQ,2026-01-07 18:36:00+00:00,626.83,626.84,626.6701,626.71,60150.0,1117.0,626.761942
QQQ,2026-01-07 18:37:00+00:00,626.71,626.93,626.695,626.91,50247.0,993.0,626.827815
QQQ,2026-01-07 18:38:00+00:00,626.9,626.93,626.83,626.89,42459.0,823.0,626.887185
QQQ,2026-01-07 18:39:00+00:00,626.9,626.94,626.855,626.92,38475.0,717.0,626.902688
QQQ,2026-01-07 18:40:00+00:00,626.92,627.15,626.92,627.1135,97519.0,1398.0,627.066265
QQQ,2026-01-07 18:41:00+00:00,627.12,627.27,627.1153,627.26,72376.0,1157.0,627.167627
QQQ,2026-01-07 18:42:00+00:00,627.26,627.336,627.21,627.29,85513.0,1301.0,627.288676
QQQ,2026-01-07 18:43:00+00:00,627.3,627.35,627.16,627.3356,185070.0,993.0,627.261319
QQQ,2026-01-07 18:44:00+00:00,627.33,627.38,627.3,627.33,55108.0,872.0,627.346024
QQQ,2026-01-07 18:45:00+00:00,627.3342,627.3435,627.14,627.21,74880.0,1297.0,627.223111
QQQ,2026-01-07 18:46:00+00:00,627.22,627.29,627.2,627.255,51533.0,729.0,627.241962
QQQ,2026-01-07 18:47:00+00:00,627.2599,627.42,627.24,627.41,73003.0,1092.0,627.369479
QQQ,2026-01-07 18:48:00+00:00,627.41,627.42,627.335,627.36,32041.0,663.0,627.384535
QQQ,2026-01-07 18:49:00+00:00,627.365,627.43,627.3454,627.43,32409.0,597.0,627.386605
QQQ,2026-01-07 18:50:00+00:00,627.43,627.53,627.42,627.45,61930.0,963.0,627.454924
QQQ,2026-01-07 18:51:00+00:00,627.45,627.51,627.42,627.47,48566.0,919.0,627.471593
QQQ,2026-01-07 18:52:00+00:00,627.47,627.54,627.43,627.48,48389.0,747.0,627.497899
QQQ,2026-01-07 18:53:00+00:00,627.48,627.52,627.425,627.455,34812.0,541.0,627.468891
QQQ,2026-01-07 18:54:00+00:00,627.45,627.5,627.36,627.39,44047.0,747.0,627.414012
QQQ,2026-01-07 18:55:00+00:00,627.38,627.435,627.06,627.06,123351.0,1402.0,627.209757
QQQ,2026-01-07 18:56:00+00:00,627.07,627.09,626.87,626.9,110580.0,1297.0,627.025484
QQQ,2026-01-07 18:57:00+00:00,626.9,627.04,626.89,626.935,104561.0,975.0,626.946113
QQQ,2026-01-07 18:58:00+00:00,626.94,627.02,626.875,627.0,34180.0,661.0,626.921894
QQQ,2026-01-07 18:59:00+00:00,627.0,627.07,626.97,626.99,48774.0,621.0,627.01537
QQQ,2026-01-07 19:00:00+00:00,626.99,627.005,626.89,626.92,46006.0,711.0,626.943462
QQQ,2026-01-07 19:01:00+00:00,626.91,626.93,626.76,626.83,50435.0,871.0,626.836856
QQQ,2026-01-07 19:02:00+00:00,626.83,626.96,626.69,626.93,64079.0,998.0,626.783079
QQQ,2026-01-07 19:03:00+00:00,626.9412,626.9412,626.79,626.8057,27889.0,627.0,626.882395
QQQ,2026-01-07 19:04:00+00:00,626.8,626.97,626.776,626.95,43151.0,854.0,626.860826
QQQ,2026-01-07 19:05:00+00:00,626.95,626.95,626.67,626.6846,86455.0,1085.0,626.78499
QQQ,2026-01-07 19:06:00+00:00,626.68,626.77,626.64,626.77,63361.0,973.0,626.687525
QQQ,2026-01-07 19:07:00+00:00,626.78,626.8,626.66,626.69,36070.0,661.0,626.730734
QQQ,2026-01-07 19:08:00+00:00,626.68,626.81,626.631,626.631,50967.0,998.0,626.704502
QQQ,2026-01-07 19:09:00+00:00,626.63,626.665,626.34,626.48,110456.0,1608.0,626.485464
QQQ,2026-01-07 19:10:00+00:00,626.47,626.5,625.94,626.02,191589.0,2858.0,626.170318
QQQ,2026-01-07 19:11:00+00:00,626.01,626.3299,625.94,626.22,139969.0,1932.0,626.106763
QQQ,2026-01-07 19:12:00+00:00,626.19,626.24,625.97,626.0499,83183.0,1366.0,626.090599
QQQ,2026-01-07 19:13:00+00:00,626.03,626.04,625.68,625.985,123239.0,1880.0,625.87484
QQQ,2026-01-07 19:14:00+00:00,625.97,626.15,625.97,626.11,81130.0,1349.0,626.057333
QQQ,2026-01-07 19:15:00+00:00,626.12,626.17,625.73,625.79,84340.0,1569.0,625.870142
QQQ,2026-01-07 19:16:00+00:00,625.78,625.92,625.44,625.585,164466.0,2557.0,625.663687
QQQ,2026-01-07 19:17:00+00:00,625.59,625.82,625.5,625.71,202304.0,1703.0,625.654202
QQQ,2026-01-07 19:18:00+00:00,625.72,625.929,625.72,625.8151,94521.0,1443.0,625.804274
QQQ,2026-01-07 19:19:00+00:00,625.83,626.03,625.78,626.01,51225.0,1032.0,625.907674
QQQ,2026-01-07 19:20:00+00:00,626.0076,626.03,625.77,625.77,61819.0,1078.0,625.900652
QQQ,2026-01-07 19:21:00+00:00,625.77,625.85,625.7,625.76,54594.0,1110.0,625.78263
QQQ,2026-01-07 19:22:00+00:00,625.77,625.79,625.62,625.68,138378.0,1606.0,625.690754
QQQ,2026-01-07 19:23:00+00:00,625.68,625.92,625.66,625.74,66354.0,1280.0,625.76803
QQQ,2026-01-07 19:24:00+00:00,625.75,625.79,625.63,625.685,55030.0,1044.0,625.719263
QQQ,2026-01-07 19:25:00+00:00,625.69,625.745,625.515,625.52,86291.0,1430.0,625.622198
QQQ,2026-01-07 19:26:00+00:00,625.515,625.5775,625.46,625.53,72208.0,1241.0,625.517212
QQQ,2026-01-07 19:27:00+00:00,625.52,625.57,625.47,625.5399,49317.0,823.0,625.518087
QQQ,2026-01-07 19:28:00+00:00,625.54,625.56,625.44,625.54,47856.0,884.0,625.516331
QQQ,2026-01-07 19:29:00+00:00,625.54,625.69,625.51,625.645,120051.0,1154.0,625.633347
QQQ,2026-01-07 19:30:00+00:00,625.65,625.71,625.47,625.682,114073.0,1769.0,625.567284
QQQ,2026-01-07 19:31:00+00:00,625.685,625.8997,625.65,625.895,118975.0,1662.0,625.77606
QQQ,2026-01-07 19:32:00+00:00,625.89,626.02,625.87,625.99,96803.0,1493.0,625.936108
QQQ,2026-01-07 19:33:00+00:00,626.01,626.068,625.94,626.02,85630.0,1055.0,626.007172
QQQ,2026-01-07 19:34:00+00:00,626.02,626.055,625.97,626.01,73026.0,996.0,626.013353
QQQ,2026-01-07 19:35:00+00:00,626.002,626.11,625.86,625.94,90010.0,1202.0,626.009826
QQQ,2026-01-07 19:36:00+00:00,625.94,626.02,625.81,626.02,73943.0,1192.0,625.901314
QQQ,2026-01-07 19:37:00+00:00,626.01,626.06,625.97,626.025,73933.0,962.0,626.013192
QQQ,2026-01-07 19:38:00+00:00,626.015,626.06,625.99,625.99,44163.0,867.0,626.021565
QQQ,2026-01-07 19:39:00+00:00,625.98,626.1699,625.97,626.08,67050.0,1008.0,626.078471
QQQ,2026-01-07 19:40:00+00:00,626.08,626.08,625.8226,625.86,53186.0,933.0,625.975452
QQQ,2026-01-07 19:41:00+00:00,625.88,625.91,625.7793,625.8,54811.0,841.0,625.838154
QQQ,2026-01-07 19:42:00+00:00,625.8,626.0,625.78,625.9856,54026.0,943.0,625.883322
QQQ,2026-01-07 19:43:00+00:00,625.99,626.08,625.98,626.03,30681.0,722.0,626.039806
QQQ,2026-01-07 19:44:00+00:00,626.02,626.04,625.962,626.02,52336.0,905.0,626.006397
QQQ,2026-01-07 19:45:00+00:00,626.02,626.03,625.86,625.93,52412.0,931.0,625.960783
QQQ,2026-01-07 19:46:00+00:00,625.93,625.99,625.85,625.92,50445.0,657.0,625.916747
QQQ,2026-01-07 19:47:00+00:00,625.91,625.965,625.88,625.9299,37670.0,679.0,625.921309
QQQ,2026-01-07 19:48:00+00:00,625.93,626.04,625.93,626.03,45010.0,744.0,626.004457
QQQ,2026-01-07 19:49:00+00:00,626.03,626.08,625.98,625.9988,51340.0,931.0,626.032241
QQQ,2026-01-07 19:50:00+00:00,626.01,626.04,625.835,625.88,66556.0,1177.0,625.902029
QQQ,2026-01-07 19:51:00+00:00,625.88,625.95,625.82,625.9201,47214.0,788.0,625.875337
QQQ,2026-01-07 19:52:00+00:00,625.92,626.04,625.91,625.98,46778.0,724.0,625.988394
QQQ,2026-01-07 19:53:00+00:00,625.98,626.04,625.93,626.0,54216.0,802.0,625.994309
QQQ,2026-01-07 19:54:00+00:00,626.0,626.08,625.97,626.04,37358.0,616.0,626.020265
QQQ,2026-01-07 19:55:00+00:00,626.04,626.0827,625.96,625.98,67105.0,927.0,626.026661
QQQ,2026-01-07 19:56:00+00:00,625.98,626.02,625.91,625.9199,44569.0,770.0,625.9577
QQQ,2026-01-07 19:57:00+00:00,625.915,625.985,625.8408,625.9,61494.0,789.0,625.912516
QQQ,2026-01-07 19:58:00+00:00,625.9099,625.94,625.84,625.86,27090.0,529.0,625.894092
QQQ,2026-01-07 19:59:00+00:00,625.85,625.87,625.69,625.715,61351.0,990.0,625.747754
QQQ,2026-01-07 20:00:00+00:00,625.715,625.82,625.6342,625.73,86769.0,1043.0,625.737415
QQQ,2026-01-07 20:01:00+00:00,625.725,625.8799,625.71,625.81,46375.0,733.0,625.792342
QQQ,2026-01-07 20:02:00+00:00,625.81,625.89,625.72,625.72,43984.0,783.0,625.831373
QQQ,2026-01-07 20:03:00+00:00,625.72,625.78,625.6247,625.7,39858.0,757.0,625.700721
QQQ,2026-01-07 20:04:00+00:00,625.7,625.87,625.68,625.85,40757.0,708.0,625.808062
QQQ,2026-01-07 20:05:00+00:00,625.86,625.92,625.74,625.83,51696.0,952.0,625.826096
QQQ,2026-01-07 20:06:00+00:00,625.82,625.99,625.8,625.94,40041.0,804.0,625.892311
QQQ,2026-01-07 20:07:00+00:00,625.935,625.94,625.82,625.85,64533.0,1017.0,625.868453
QQQ,2026-01-07 20:08:00+00:00,625.85,625.9,625.67,625.785,75808.0,1287.0,625.804881
QQQ,2026-01-07 20:09:00+00:00,625.79,625.81,625.64,625.7,82717.0,1132.0,625.689559
QQQ,2026-01-07 20:10:00+00:00,625.69,625.72,625.58,625.62,201918.0,1057.0,625.640642
QQQ,2026-01-07 20:11:00+00:00,625.61,625.7,625.54,625.65,73345.0,1004.0,625.631039
QQQ,2026-01-07 20:12:00+00:00,625.65,625.68,625.43,625.47,82193.0,1114.0,625.552576
QQQ,2026-01-07 20:13:00+00:00,625.45,625.45,624.96,625.055,248014.0,3598.0,625.147038
QQQ,2026-01-07 20:14:00+00:00,625.05,625.07,624.8,624.94,177495.0,2339.0,624.966724
QQQ,2026-01-07 20:15:00+00:00,624.94,625.0,624.64,624.96,199303.0,2657.0,624.835377
QQQ,2026-01-07 20:16:00+00:00,624.95,625.15,624.92,624.97,91651.0,1562.0,625.013173
QQQ,2026-01-07 20:17:00+00:00,624.97,625.1,624.82,624.99,87558.0,1376.0,624.967683
QQQ,2026-01-07 20:18:00+00:00,624.99,625.28,624.985,625.2599,111398.0,1818.0,625.165897
QQQ,2026-01-07 20:19:00+00:00,625.2599,625.35,625.19,625.31,73907.0,1377.0,625.271615
QQQ,2026-01-07 20:20:00+00:00,625.3,625.35,624.99,625.1,116786.0,1724.0,625.113643
QQQ,2026-01-07 20:21:00+00:00,625.09,625.25,625.024,625.09,79062.0,1402.0,625.104465
QQQ,2026-01-07 20:22:00+00:00,625.1,625.15,624.94,624.96,51752.0,977.0,625.045553
QQQ,2026-01-07 20:23:00+00:00,624.96,624.99,624.81,624.89,76528.0,1272.0,624.893024
QQQ,2026-01-07 20:24:00+00:00,624.88,624.96,624.79,624.82,93581.0,1514.0,624.866874
QQQ,2026-01-07 20:25:00+00:00,624.82,624.93,624.72,624.75,123914.0,1818.0,624.825868
QQQ,2026-01-07 20:26:00+00:00,624.75,624.82,624.63,624.77,149740.0,2209.0,624.705837
QQQ,2026-01-07 20:27:00+00:00,624.78,624.84,624.55,624.58,107372.0,1797.0,624.67406
QQQ,2026-01-07 20:28:00+00:00,624.57,624.63,624.51,624.53,115139.0,1483.0,624.569022
QQQ,2026-01-07 20:29:00+00:00,624.53,624.77,624.53,624.7,115619.0,1620.0,624.696371
QQQ,2026-01-07 20:30:00+00:00,624.71,624.75,624.47,624.5055,130190.0,2059.0,624.569086
QQQ,2026-01-07 20:31:00+00:00,624.504,624.54,624.27,624.27,149922.0,2105.0,624.397714
QQQ,2026-01-07 20:32:00+00:00,624.28,624.48,624.24,624.43,540460.0,3238.0,624.31137
QQQ,2026-01-07 20:33:00+00:00,624.43,624.61,624.43,624.52,120480.0,1781.0,624.535189
QQQ,2026-01-07 20:34:00+00:00,624.52,624.54,624.16,624.185,175378.0,2301.0,624.307253
QQQ,2026-01-07 20:35:00+00:00,624.17,624.17,623.9,623.9893,163920.0,2397.0,624.018013
QQQ,2026-01-07 20:36:00+00:00,623.98,624.15,623.87,623.98,142811.0,1955.0,624.025592
QQQ,2026-01-07 20:37:00+00:00,623.985,624.03,623.725,623.725,117681.0,1882.0,623.900174
QQQ,2026-01-07 20:38:00+00:00,623.71,623.88,623.67,623.765,144345.0,1889.0,623.782006
QQQ,2026-01-07 20:39:00+00:00,623.77,623.93,623.76,623.79,88470.0,1441.0,623.82162
QQQ,2026-01-07 20:40:00+00:00,623.78,624.17,623.62,624.0237,189303.0,2472.0,623.947468
QQQ,2026-01-07 20:41:00+00:00,624.02,624.04,623.85,623.92,69258.0,1236.0,623.924775
QQQ,2026-01-07 20:42:00+00:00,623.96,624.15,623.9446,624.1299,76314.0,1358.0,624.059827
QQQ,2026-01-07 20:43:00+00:00,624.13,624.23,624.04,624.095,101583.0,1495.0,624.157077
QQQ,2026-01-07 20:44:00+00:00,624.095,624.14,624.04,624.05,94482.0,1555.0,624.095549
QQQ,2026-01-07 20:45:00+00:00,624.06,624.12,623.92,623.95,217387.0,2705.0,624.048229
QQQ,2026-01-07 20:46:00+00:00,623.955,624.1801,623.91,624.18,416818.0,2127.0,624.021689
QQQ,2026-01-07 20:47:00+00:00,624.19,624.26,624.09,624.195,178689.0,2510.0,624.203314
QQQ,2026-01-07 20:48:00+00:00,624.18,624.21,624.05,624.11,145397.0,1973.0,624.119039
QQQ,2026-01-07 20:49:00+00:00,624.13,624.1399,623.98,624.12,105640.0,1663.0,624.041261
QQQ,2026-01-07 20:50:00+00:00,624.12,624.38,623.97,624.31,219226.0,3192.0,624.286038
QQQ,2026-01-07 20:51:00+00:00,624.31,624.33,624.08,624.13,167806.0,2357.0,624.206404
QQQ,2026-01-07 20:52:00+00:00,624.11,624.3635,624.09,624.32,108271.0,2127.0,624.231819
QQQ,2026-01-07 20:53:00+00:00,624.32,624.33,624.19,624.27,108293.0,1897.0,624.2502
QQQ,2026-01-07 20:54:00+00:00,624.26,624.34,624.09,624.25,308711.0,4063.0,624.227415
QQQ,2026-01-07 20:55:00+00:00,624.25,624.25,623.78,623.85,230515.0,3347.0,623.994287
QQQ,2026-01-07 20:56:00+00:00,623.86,623.87,623.7,623.8656,187428.0,2773.0,623.786038
QQQ,2026-01-07 20:57:00+00:00,623.88,623.99,623.77,623.9,192846.0,2890.0,623.868372
QQQ,2026-01-07 20:58:00+00:00,623.9,623.96,623.785,623.88,444851.0,4532.0,623.845626
QQQ,2026-01-07 20:59:00+00:00,623.89,624.25,623.87,624.06,1108017.0,9837.0,624.149283
QQQ,2026-01-07 21:00:00+00:00,624.08,624.21,623.85,624.1,971662.0,512.0,624.010872
QQQ,2026-01-07 21:01:00+00:00,624.05,624.05,623.84,623.84,30053.0,221.0,623.923521
QQQ,2026-01-07 21:02:00+00:00,623.84,623.92,623.81,623.9139,6553.0,84.0,623.852762
QQQ,2026-01-07 21:03:00+00:00,623.93,624.02,623.92,623.99,28454.0,170.0,623.984725
QQQ,2026-01-07 21:04:00+00:00,623.98,623.98,623.85,623.86,30524.0,132.0,623.893239
QQQ,2026-01-07 21:05:00+00:00,623.84,623.87,623.8,623.87,20436.0,125.0,623.855864
QQQ,2026-01-07 21:06:00+00:00,623.87,623.9,623.82,623.84,25426.0,136.0,623.854681
QQQ,2026-01-07 21:07:00+00:00,623.87,623.88,623.83,623.85,17650.0,85.0,623.851756
QQQ,2026-01-07 21:08:00+00:00,623.85,623.89,623.83,623.89,10184.0,105.0,623.842167
QQQ,2026-01-07 21:09:00+00:00,623.88,623.9,623.85,623.85,9699.0,107.0,623.890066
QQQ,2026-01-07 21:10:00+00:00,623.83,623.84,623.79,623.83,108653.0,74.0,623.812776
QQQ,2026-01-07 21:11:00+00:00,623.81,623.83,623.76,623.8,9076.0,97.0,623.79561
QQQ,2026-01-07 21:12:00+00:00,624.02,624.02,623.8298,623.84,1025.0,47.0,623.95089
QQQ,2026-01-07 21:13:00+00:00,623.801,623.88,623.78,623.79,691309.0,92.0,623.802144
QQQ,2026-01-07 21:14:00+00:00,623.81,623.9,623.8,623.87,6090.0,78.0,623.842851
QQQ,2026-01-07 21:15:00+00:00,623.88,623.88,623.84,623.87,2448.0,45.0,623.863882
QQQ,2026-01-07 21:16:00+00:00,623.85,623.9,623.84,623.9,12283.0,62.0,623.876693
QQQ,2026-01-07 21:17:00+00:00,623.9,623.9,623.71,623.75,6872.0,102.0,623.801344
QQQ,2026-01-07 21:18:00+00:00,623.74,623.94,623.74,623.94,3682.0,85.0,623.857986
QQQ,2026-01-07 21:19:00+00:00,623.94,624.01,623.9109,624.01,13914.0,160.0,623.952813
QQQ,2026-01-07 21:20:00+00:00,624.0,624.02,623.97,623.97,3096.0,49.0,623.998969
QQQ,2026-01-07 21:21:00+00:00,623.98,624.02,623.98,624.0,4624.0,70.0,624.002349
QQQ,2026-01-07 21:22:00+00:00,624.02,624.05,624.011,624.04,8086.0,62.0,624.041585
QQQ,2026-01-07 21:23:00+00:00,624.03,624.03,623.95,623.95,4006.0,55.0,623.986873
QQQ,2026-01-07 21:24:00+00:00,623.9901,624.03,623.9901,624.0,9224.0,55.0,624.017204
QQQ,2026-01-07 21:25:00+00:00,624.02,624.02,623.99,624.0,1311.0,28.0,624.002498
QQQ,2026-01-07 21:26:00+00:00,624.0,624.01,623.98,623.99,3761.0,47.0,624.000721
QQQ,2026-01-07 21:27:00+00:00,623.9876,623.9899,623.9,623.92,8556.0,78.0,623.923165
QQQ,2026-01-07 21:28:00+00:00,623.93,623.93,623.9,623.9,737.0,13.0,623.922388
QQQ,2026-01-07 21:29:00+00:00,623.95,623.95,623.95,623.95,14485.0,16.0,623.95
QQQ,2026-01-07 21:30:00+00:00,623.95,623.97,623.92,623.92,211979.0,69.0,623.947291
QQQ,2026-01-07 21:31:00+00:00,623.94,623.96,623.94,623.96,2532.0,23.0,623.953336
QQQ,2026-01-07 21:32:00+00:00,623.96,623.97,623.93,623.93,2588.0,39.0,623.952877
QQQ,2026-01-07 21:33:00+00:00,623.94,623.94,623.9205,623.9252,1123.0,19.0,623.929971
QQQ,2026-01-07 21:34:00+00:00,623.94,623.94,623.93,623.94,1774.0,34.0,623.937775
QQQ,2026-01-07 21:35:00+00:00,623.95,623.95,623.9,623.9,1030.0,44.0,623.931271
QQQ,2026-01-07 21:36:00+00:00,623.92,623.92,623.92,623.92,1456.0,23.0,623.92
QQQ,2026-01-07 21:37:00+00:00,623.92,623.92,623.92,623.92,1605.0,16.0,623.92
QQQ,2026-01-07 21:38:00+00:00,624.0,624.02,624.0,624.0,631.0,32.0,624.009091
QQQ,2026-01-07 21:39:00+00:00,623.99,624.0,623.99,623.99,1535.0,17.0,623.998621
QQQ,2026-01-07 21:40:00+00:00,623.97,624.0,623.96,623.96,1762.0,18.0,623.996915
QQQ,2026-01-07 21:41:00+00:00,623.99,624.0,623.99,623.99,1853.0,23.0,623.997704
QQQ,2026-01-07 21:42:00+00:00,623.99,624.02,623.99,624.0,16635.0,121.0,624.001706
QQQ,2026-01-07 21:43:00+00:00,624.0,624.01,623.97,623.99,15602.0,69.0,623.993824
QQQ,2026-01-07 21:44:00+00:00,624.0,624.01,623.96,623.96,12784.0,70.0,624.003854
QQQ,2026-01-07 21:45:00+00:00,623.99,624.0,623.99,623.99,558.0,22.0,623.992257
QQQ,2026-01-07 21:46:00+00:00,623.97,624.02,623.97,624.0104,4722.0,49.0,624.012746
QQQ,2026-01-07 21:47:00+00:00,624.0,624.05,623.99,624.021,5591.0,51.0,624.010028
QQQ,2026-01-07 21:48:00+00:00,624.0399,624.0399,623.99,623.99,2458.0,60.0,624.018555
QQQ,2026-01-07 21:49:00+00:00,624.01,624.06,623.99,623.99,6512.0,115.0,624.028559
QQQ,2026-01-07 21:50:00+00:00,624.02,624.02,623.98,623.98,3130.0,27.0,623.999617
QQQ,2026-01-07 21:51:00+00:00,623.99,624.0,623.99,624.0,2273.0,53.0,623.995648
QQQ,2026-01-07 21:52:00+00:00,623.9821,624.0,623.98,624.0,8574.0,32.0,623.997347
QQQ,2026-01-07 21:53:00+00:00,624.0,624.1,624.0,624.1,7143.0,58.0,624.042518
QQQ,2026-01-07 21:54:00+00:00,624.1399,624.14,624.11,624.12,819.0,16.0,624.125437
QQQ,2026-01-07 21:55:00+00:00,624.11,624.13,624.04,624.04,13932.0,95.0,624.066613
QQQ,2026-01-07 21:56:00+00:00,624.08,624.14,624.08,624.14,1234.0,28.0,624.093933
QQQ,2026-01-07 21:57:00+00:00,624.17,624.17,624.1,624.1,2541.0,30.0,624.101509
QQQ,2026-01-07 21:58:00+00:00,624.07,624.07,624.03,624.06,20854.0,18.0,624.045162
QQQ,2026-01-07 21:59:00+00:00,624.0836,624.09,624.05,624.09,2532.0,27.0,624.057497
QQQ,2026-01-07 22:00:00+00:00,624.1,624.1,624.1,624.1,1673.0,38.0,624.1
QQQ,2026-01-07 22:01:00+00:00,624.1,624.1,624.02,624.02,10107.0,190.0,624.04265
QQQ,2026-01-07 22:02:00+00:00,624.0,624.04,624.0,624.04,4878.0,39.0,624.035929
QQQ,2026-01-07 22:03:00+00:00,624.02,624.03,624.02,624.03,625.0,15.0,624.028621
QQQ,2026-01-07 22:04:00+00:00,624.02,624.03,624.02,624.02,1033.0,22.0,624.021289
QQQ,2026-01-07 22:05:00+00:00,624.03,624.04,624.02,624.04,2625.0,141.0,624.027952
QQQ,2026-01-07 22:06:00+00:00,624.03,624.04,624.0,624.04,4067.0,73.0,624.012481
QQQ,2026-01-07 22:07:00+00:00,624.04,624.04,624.0,624.0,1329.0,33.0,624.034028
QQQ,2026-01-07 22:08:00+00:00,624.02,624.04,624.0,624.04,1359.0,25.0,624.03438
QQQ,2026-01-07 22:09:00+00:00,624.03,624.03,624.02,624.02,844.0,12.0,624.022545
QQQ,2026-01-07 22:10:00+00:00,624.03,624.04,624.0,624.0,3061.0,37.0,624.012617
QQQ,2026-01-07 22:11:00+00:00,624.0,624.04,624.0,624.0397,2556.0,32.0,624.033743
QQQ,2026-01-07 22:12:00+00:00,624.01,624.02,624.01,624.01,2620.0,27.0,624.013178
QQQ,2026-01-07 22:13:00+00:00,624.01,624.03,624.0099,624.03,3841.0,34.0,624.011096
QQQ,2026-01-07 22:14:00+00:00,624.0399,624.0399,624.0,624.02,2845.0,45.0,624.01101
QQQ,2026-01-07 22:15:00+00:00,624.02,624.04,624.02,624.0293,1694.0,41.0,624.030144
QQQ,2026-01-07 22:16:00+00:00,624.02,624.03,624.02,624.03,572.0,11.0,624.02631
QQQ,2026-01-07 22:18:00+00:00,624.03,624.04,624.03,624.04,435.0,21.0,624.036915
QQQ,2026-01-07 22:20:00+00:00,624.1,624.1,624.1,624.1,158.0,12.0,624.1
QQQ,2026-01-07 22:22:00+00:00,624.1,624.1,624.07,624.0883,1059.0,30.0,624.08968
QQQ,2026-01-07 22:23:00+00:00,624.05,624.08,624.0175,624.02,15311.0,131.0,624.022885
QQQ,2026-01-07 22:24:00+00:00,624.01,624.01,624.0,624.0,2796.0,30.0,624.00038
QQQ,2026-01-07 22:25:00+00:00,624.0034,624.01,624.0034,624.01,561.0,16.0,624.005977
QQQ,2026-01-07 22:26:00+00:00,624.0198,624.0198,624.01,624.01,612.0,8.0,624.014843
QQQ,2026-01-07 22:27:00+00:00,624.03,624.03,624.03,624.03,119.0,8.0,624.03
QQQ,2026-01-07 22:28:00+00:00,624.1,624.1,624.1,624.1,88.0,12.0,624.1
QQQ,2026-01-07 22:29:00+00:00,624.1015,624.1015,624.1015,624.1015,79.0,8.0,624.1015
QQQ,2026-01-07 22:32:00+00:00,624.17,624.17,624.03,624.03,343.0,18.0,624.136827
QQQ,2026-01-07 22:34:00+00:00,624.13,624.15,624.13,624.15,284.0,16.0,624.138162
QQQ,2026-01-07 22:36:00+00:00,624.15,624.15,624.15,624.15,65.0,9.0,624.15
QQQ,2026-01-07 22:38:00+00:00,624.18,624.18,624.09,624.09,347.0,24.0,624.117848
QQQ,2026-01-07 22:40:00+00:00,624.1,624.1,624.1,624.1,322.0,9.0,624.1
QQQ,2026-01-07 22:41:00+00:00,624.03,624.03,624.03,624.03,648.0,14.0,624.03
QQQ,2026-01-07 22:42:00+00:00,624.03,624.03,624.03,624.03,97.0,13.0,624.03
QQQ,2026-01-07 22:43:00+00:00,624.02,624.02,624.02,624.02,2714.0,26.0,624.02
QQQ,2026-01-07 22:44:00+00:00,624.0002,624.0002,624.0002,624.0002,91.0,26.0,624.0002
QQQ,2026-01-07 22:45:00+00:00,624.01,624.01,624.01,624.01,1896.0,24.0,624.01
QQQ,2026-01-07 22:46:00+00:00,624.01,624.01,624.0098,624.0098,257.0,8.0,624.009953
QQQ,2026-01-07 22:47:00+00:00,624.0098,624.01,624.0098,624.01,193.0,11.0,624.009875
QQQ,2026-01-07 22:48:00+00:00,624.0,624.0,624.0,624.0,1880.0,16.0,624.0
QQQ,2026-01-07 22:49:00+00:00,624.02,624.02,624.02,624.02,2489.0,9.0,624.02
QQQ,2026-01-07 22:50:00+00:00,624.02,624.02,624.0,624.0,4082.0,11.0,624.001153
QQQ,2026-01-07 22:51:00+00:00,624.02,624.08,624.0,624.0,2207.0,40.0,624.025273
QQQ,2026-01-07 22:53:00+00:00,624.0,624.0,624.0,624.0,541.0,11.0,624.0
QQQ,2026-01-07 22:54:00+00:00,624.02,624.02,624.0,624.0,2195.0,23.0,624.005776
QQQ,2026-01-07 22:55:00+00:00,624.03,624.03,624.03,624.03,437.0,3.0,624.03
QQQ,2026-01-07 22:56:00+00:00,624.06,624.06,624.06,624.06,210.0,11.0,624.06
QQQ,2026-01-07 22:59:00+00:00,624.03,624.03,624.03,624.03,609.0,7.0,624.03
QQQ,2026-01-07 23:00:00+00:00,624.1,624.39,624.08,624.24,7497.0,62.0,624.254507
QQQ,2026-01-07 23:01:00+00:00,624.19,624.32,624.19,624.32,1638.0,17.0,624.286155
QQQ,2026-01-07 23:02:00+00:00,624.27,624.27,624.25,624.25,146.0,8.0,624.264286
QQQ,2026-01-07 23:03:00+00:00,624.15,624.15,624.12,624.14,3822.0,17.0,624.137291
QQQ,2026-01-07 23:04:00+00:00,624.14,624.17,624.13,624.15,1696.0,23.0,624.149641
QQQ,2026-01-07 23:05:00+00:00,624.15,624.2,624.15,624.2,279.0,10.0,624.19
QQQ,2026-01-07 23:06:00+00:00,624.29,624.34,624.29,624.3,898.0,15.0,624.31353
QQQ,2026-01-07 23:07:00+00:00,624.3,624.3,624.16,624.16,491.0,12.0,624.235335
QQQ,2026-01-07 23:08:00+00:00,624.15,624.15,624.01,624.01,1327.0,26.0,624.041714
QQQ,2026-01-07 23:09:00+00:00,624.0,624.11,624.0,624.0,8856.0,31.0,624.000614
QQQ,2026-01-07 23:10:00+00:00,624.0,624.0,623.99,623.99,5515.0,31.0,623.999452
QQQ,2026-01-07 23:11:00+00:00,624.07,624.07,624.05,624.0696,1462.0,28.0,624.067655
QQQ,2026-01-07 23:12:00+00:00,624.0262,624.03,624.0262,624.03,292.0,24.0,624.028555
QQQ,2026-01-07 23:13:00+00:00,623.95,623.95,623.9,623.94,916.0,21.0,623.917661
QQQ,2026-01-07 23:14:00+00:00,623.97,623.97,623.95,623.95,279.0,11.0,623.956099
QQQ,2026-01-07 23:15:00+00:00,623.98,623.98,623.9709,623.9751,330.0,13.0,623.974807
QQQ,2026-01-07 23:16:00+00:00,623.9708,624.01,623.97,623.97,481.0,20.0,623.979327
QQQ,2026-01-07 23:17:00+00:00,623.9602,624.03,623.9602,624.03,1025.0,20.0,624.003214
QQQ,2026-01-07 23:18:00+00:00,623.88,623.88,623.88,623.88,390.0,26.0,623.88
QQQ,2026-01-07 23:19:00+00:00,623.84,623.84,623.84,623.84,156.0,14.0,623.84
QQQ,2026-01-07 23:20:00+00:00,623.85,623.85,623.83,623.83,606.0,9.0,623.839983
QQQ,2026-01-07 23:21:00+00:00,623.89,623.9113,623.89,623.9113,479.0,6.0,623.903922
QQQ,2026-01-07 23:22:00+00:00,623.9,623.9,623.9,623.9,917.0,8.0,623.9
QQQ,2026-01-07 23:23:00+00:00,624.0,624.0,624.0,624.0,83.0,11.0,624.0
QQQ,2026-01-07 23:24:00+00:00,623.98,623.98,623.9,623.9,210.0,13.0,623.933627
QQQ,2026-01-07 23:25:00+00:00,623.91,623.91,623.8723,623.8723,344.0,13.0,623.882681
QQQ,2026-01-07 23:26:00+00:00,623.87,623.87,623.87,623.87,204.0,5.0,623.87
QQQ,2026-01-07 23:28:00+00:00,623.879,623.9,623.879,623.9,659.0,14.0,623.884487
QQQ,2026-01-07 23:29:00+00:00,623.9,623.96,623.9,623.96,234.0,8.0,623.947368
QQQ,2026-01-07 23:31:00+00:00,623.949,623.949,623.949,623.949,106.0,12.0,623.949
QQQ,2026-01-07 23:35:00+00:00,623.94,623.94,623.9231,623.9231,179.0,11.0,623.934367
QQQ,2026-01-07 23:36:00+00:00,623.91,623.91,623.91,623.91,227.0,9.0,623.91
QQQ,2026-01-07 23:38:00+00:00,624.0,624.0,624.0,624.0,327.0,14.0,624.0
QQQ,2026-01-07 23:39:00+00:00,623.9717,624.0,623.9717,624.0,230.0,12.0,623.978161
QQQ,2026-01-07 23:40:00+00:00,623.97,624.0,623.97,623.98,1399.0,11.0,623.985441
QQQ,2026-01-07 23:41:00+00:00,624.01,624.05,624.01,624.05,515.0,14.0,624.021739
QQQ,2026-01-07 23:42:00+00:00,624.0715,624.0715,624.0715,624.0715,125.0,12.0,624.0715
QQQ,2026-01-07 23:43:00+00:00,623.9934,623.9934,623.94,623.95,1414.0,10.0,623.954771
QQQ,2026-01-07 23:44:00+00:00,623.98,624.008,623.98,624.008,774.0,12.0,623.982018
QQQ,2026-01-07 23:45:00+00:00,623.981,623.981,623.981,623.981,107.0,7.0,623.981
QQQ,2026-01-07 23:46:00+00:00,624.0,624.01,623.99,623.99,1259.0,15.0,624.006287
QQQ,2026-01-07 23:48:00+00:00,623.98,623.98,623.9598,623.9598,495.0,19.0,623.97542
QQQ,2026-01-07 23:49:00+00:00,623.95,623.95,623.95,623.95,748.0,13.0,623.95
QQQ,2026-01-07 23:50:00+00:00,623.88,623.88,623.85,623.85,223.0,18.0,623.863333
QQQ,2026-01-07 23:51:00+00:00,623.83,623.83,623.77,623.7972,652.0,20.0,623.787516
QQQ,2026-01-07 23:52:00+00:00,623.78,623.78,623.74,623.75,510.0,16.0,623.76024
QQQ,2026-01-07 23:53:00+00:00,623.7001,623.73,623.7001,623.7192,713.0,15.0,623.712072
QQQ,2026-01-07 23:54:00+00:00,623.7,623.71,623.7,623.71,358.0,19.0,623.703311
QQQ,2026-01-07 23:55:00+00:00,623.75,623.75,623.75,623.75,64.0,10.0,623.75
QQQ,2026-01-07 23:56:00+00:00,623.7425,623.75,623.72,623.72,439.0,24.0,623.738836
QQQ,2026-01-07 23:57:00+00:00,623.71,623.71,623.691,623.691,778.0,29.0,623.699429
QQQ,2026-01-07 23:58:00+00:00,623.74,623.78,623.73,623.78,817.0,19.0,623.74625
QQQ,2026-01-07 23:59:00+00:00,623.75,623.79,623.75,623.79,1509.0,12.0,623.752667
QQQ,2026-01-08 00:00:00+00:00,623.75,623.75,623.72,623.72,230.0,19.0,623.737368
QQQ,2026-01-08 00:01:00+00:00,623.74,623.74,623.7,623.7,671.0,20.0,623.704561
QQQ,2026-01-08 00:02:00+00:00,623.81,623.82,623.806,623.806,197.0,16.0,623.814667
QQQ,2026-01-08 00:03:00+00:00,623.82,623.82,623.82,623.82,321.0,21.0,623.82
QQQ,2026-01-08 00:05:00+00:00,623.75,623.75,623.75,623.75,47.0,6.0,623.75
QQQ,2026-01-08 00:06:00+00:00,623.7404,623.77,623.7404,623.77,778.0,14.0,623.750108
QQQ,2026-01-08 00:07:00+00:00,623.78,623.78,623.78,623.78,63.0,7.0,623.78
QQQ,2026-01-08 00:08:00+00:00,623.8,623.8,623.78,623.78,2628.0,17.0,623.790229
QQQ,2026-01-08 00:09:00+00:00,623.8,623.8,623.72,623.72,203.0,13.0,623.75
QQQ,2026-01-08 00:10:00+00:00,623.7284,623.73,623.66,623.66,1597.0,30.0,623.709074
QQQ,2026-01-08 00:11:00+00:00,623.64,623.64,623.64,623.64,552.0,17.0,623.64
QQQ,2026-01-08 00:12:00+00:00,623.6797,623.716,623.6797,623.716,704.0,7.0,623.709539
QQQ,2026-01-08 00:13:00+00:00,623.71,623.71,623.71,623.71,437.0,11.0,623.71
QQQ,2026-01-08 00:14:00+00:00,623.74,623.74,623.74,623.74,297.0,14.0,623.74
QQQ,2026-01-08 00:15:00+00:00,623.8,623.83,623.8,623.81,351.0,16.0,623.809643
QQQ,2026-01-08 00:16:00+00:00,623.8,623.8,623.8,623.8,322.0,9.0,623.8
QQQ,2026-01-08 00:19:00+00:00,623.79,623.82,623.79,623.82,1115.0,15.0,623.817143
QQQ,2026-01-08 00:21:00+00:00,623.79,623.79,623.79,623.79,186.0,3.0,623.79
QQQ,2026-01-08 00:23:00+00:00,623.76,623.76,623.67,623.67,3390.0,27.0,623.688738
QQQ,2026-01-08 00:25:00+00:00,623.69,623.69,623.69,623.69,115.0,9.0,623.69
QQQ,2026-01-08 00:26:00+00:00,623.66,623.66,623.6,623.6,1377.0,14.0,623.60963
QQQ,2026-01-08 00:27:00+00:00,623.5,623.5,623.43,623.4433,4861.0,74.0,623.457393
QQQ,2026-01-08 00:28:00+00:00,623.49,623.49,623.44,623.44,640.0,14.0,623.468463
QQQ,2026-01-08 00:29:00+00:00,623.5,623.5,623.5,623.5,115.0,9.0,623.5
QQQ,2026-01-08 00:30:00+00:00,623.56,623.56,623.55,623.55,3023.0,9.0,623.552
QQQ,2026-01-08 00:31:00+00:00,623.56,623.69,623.56,623.69,876.0,12.0,623.607561
QQQ,2026-01-08 00:32:00+00:00,623.6401,623.67,623.6401,623.67,414.0,10.0,623.658984
QQQ,2026-01-08 00:33:00+00:00,623.64,623.64,623.63,623.63,447.0,15.0,623.634878
QQQ,2026-01-08 00:34:00+00:00,623.62,623.64,623.61,623.64,321.0,18.0,623.623652
QQQ,2026-01-08 00:35:00+00:00,623.73,623.73,623.681,623.681,213.0,10.0,623.706143
QQQ,2026-01-08 00:36:00+00:00,623.77,623.79,623.77,623.79,684.0,11.0,623.788182
QQQ,2026-01-08 00:37:00+00:00,623.88,623.95,623.88,623.95,3236.0,36.0,623.89864
QQQ,2026-01-08 00:38:00+00:00,624.0,624.0,624.0,624.0,1441.0,32.0,624.0
QQQ,2026-01-08 00:39:00+00:00,624.09,624.09,623.99,623.99,2191.0,25.0,624.010486
QQQ,2026-01-08 00:40:00+00:00,623.95,623.95,623.9052,623.9052,428.0,10.0,623.9288
QQQ,2026-01-08 00:42:00+00:00,624.02,624.0487,624.0,624.02,552.0,14.0,624.023071
QQQ,2026-01-08 00:43:00+00:00,624.03,624.03,624.03,624.03,79.0,9.0,624.03
QQQ,2026-01-08 00:44:00+00:00,624.05,624.079,624.03,624.0354,821.0,17.0,624.047623
QQQ,2026-01-08 00:45:00+00:00,624.06,624.16,624.06,624.16,725.0,15.0,624.100582
QQQ,2026-01-08 00:47:00+00:00,624.0505,624.0505,624.0505,624.0505,525.0,7.0,624.0505
QQQ,2026-01-08 00:48:00+00:00,624.07,624.07,624.06,624.06,1517.0,12.0,624.068533
QQQ,2026-01-08 00:49:00+00:00,624.04,624.19,624.04,624.19,828.0,17.0,624.069283
QQQ,2026-01-08 00:50:00+00:00,624.16,624.16,624.12,624.12,1482.0,13.0,624.124408
QQQ,2026-01-08 00:51:00+00:00,624.13,624.13,624.13,624.13,76.0,8.0,624.13
QQQ,2026-01-08 00:52:00+00:00,624.13,624.13,624.13,624.13,244.0,9.0,624.13
QQQ,2026-01-08 00:53:00+00:00,624.05,624.05,624.05,624.05,365.0,13.0,624.05
QQQ,2026-01-08 00:54:00+00:00,624.1,624.11,624.0818,624.1,3137.0,21.0,624.100738
QQQ,2026-01-08 00:55:00+00:00,624.11,624.1141,624.1093,624.1093,625.0,17.0,624.110845
QQQ,2026-01-08 00:56:00+00:00,624.05,624.07,624.02,624.07,773.0,9.0,624.058571
QQQ,2026-01-08 00:57:00+00:00,624.08,624.08,624.08,624.08,240.0,13.0,624.08
QQQ,2026-01-08 00:58:00+00:00,624.13,624.18,624.13,624.16,577.0,14.0,624.159764
QQQ,2026-01-08 00:59:00+00:00,624.14,624.25,624.12,624.25,923.0,29.0,624.211291
QQQ,2026-01-08 09:00:00+00:00,622.83,623.0,622.78,622.8,4573.0,113.0,622.877411
QQQ,2026-01-08 09:01:00+00:00,622.8,622.9,622.7,622.9,3665.0,68.0,622.813075
QQQ,2026-01-08 09:02:00+00:00,622.83,623.0,622.83,622.99,1275.0,39.0,622.946369
QQQ,2026-01-08 09:03:00+00:00,623.1,623.2,623.03,623.2,3227.0,62.0,623.07827
QQQ,2026-01-08 09:04:00+00:00,623.15,623.15,623.12,623.14,757.0,23.0,623.131067
QQQ,2026-01-08 09:05:00+00:00,623.09,623.09,623.05,623.06,3456.0,48.0,623.068806
QQQ,2026-01-08 09:06:00+00:00,622.92,623.0,622.92,623.0,505.0,18.0,622.934085
QQQ,2026-01-08 09:07:00+00:00,623.04,623.04,623.04,623.04,229.0,7.0,623.04
QQQ,2026-01-08 09:08:00+00:00,623.0,623.05,622.97,623.0,1295.0,24.0,623.010733
QQQ,2026-01-08 09:09:00+00:00,622.91,622.91,622.9,622.9,234.0,7.0,622.904845
QQQ,2026-01-08 09:10:00+00:00,622.98,622.98,622.89,622.89,673.0,15.0,622.955455
QQQ,2026-01-08 09:11:00+00:00,622.86,622.89,622.85,622.89,643.0,28.0,622.869737
QQQ,2026-01-08 09:13:00+00:00,623.02,623.02,623.02,623.02,398.0,13.0,623.02
QQQ,2026-01-08 09:15:00+00:00,622.9,622.9,622.88,622.88,390.0,21.0,622.887273
QQQ,2026-01-08 09:16:00+00:00,622.67,622.71,622.66,622.66,3810.0,54.0,622.679016
QQQ,2026-01-08 09:17:00+00:00,622.64,622.68,622.63,622.63,956.0,22.0,622.646684
QQQ,2026-01-08 09:18:00+00:00,622.65,622.66,622.45,622.46,1233.0,56.0,622.576497
QQQ,2026-01-08 09:19:00+00:00,622.54,622.58,622.51,622.53,1362.0,49.0,622.544561
QQQ,2026-01-08 09:20:00+00:00,622.52,622.54,622.5,622.5,845.0,33.0,622.526341
QQQ,2026-01-08 09:21:00+00:00,622.5,622.5,622.45,622.45,1270.0,19.0,622.453868
QQQ,2026-01-08 09:22:00+00:00,622.51,622.54,622.42,622.54,759.0,26.0,622.471071
QQQ,2026-01-08 09:23:00+00:00,622.58,622.62,622.58,622.62,740.0,24.0,622.585565
QQQ,2026-01-08 09:24:00+00:00,622.59,622.73,622.59,622.73,2581.0,45.0,622.675986
QQQ,2026-01-08 09:25:00+00:00,622.75,622.79,622.72,622.79,608.0,11.0,622.744863
QQQ,2026-01-08 09:26:00+00:00,622.73,622.73,622.73,622.73,104.0,4.0,622.73
QQQ,2026-01-08 09:27:00+00:00,622.69,622.69,622.61,622.61,669.0,18.0,622.672203
QQQ,2026-01-08 09:28:00+00:00,622.62,622.65,622.61,622.65,604.0,19.0,622.616804
QQQ,2026-01-08 09:29:00+00:00,622.61,622.61,622.6,622.6,509.0,14.0,622.601078
QQQ,2026-01-08 09:30:00+00:00,622.57,622.57,622.5,622.5,259.0,21.0,622.536458
QQQ,2026-01-08 09:31:00+00:00,622.59,622.59,622.59,622.59,333.0,13.0,622.59
QQQ,2026-01-08 09:32:00+00:00,622.59,622.59,622.59,622.59,395.0,13.0,622.59
QQQ,2026-01-08 09:33:00+00:00,622.58,622.58,622.54,622.54,140.0,9.0,622.558349
QQQ,2026-01-08 09:34:00+00:00,622.54,622.63,622.54,622.59,817.0,22.0,622.588544
QQQ,2026-01-08 09:35:00+00:00,622.52,622.52,622.51,622.51,325.0,15.0,622.514706
QQQ,2026-01-08 09:36:00+00:00,622.52,622.52,622.45,622.45,236.0,9.0,622.473374
QQQ,2026-01-08 09:37:00+00:00,622.5,622.5,622.34,622.4,3750.0,73.0,622.40306
QQQ,2026-01-08 09:38:00+00:00,622.45,622.45,622.36,622.36,501.0,14.0,622.384475
QQQ,2026-01-08 09:39:00+00:00,622.3,622.34,622.26,622.26,1812.0,51.0,622.294948
QQQ,2026-01-08 09:40:00+00:00,622.29,622.33,622.29,622.33,1125.0,27.0,622.298869
QQQ,2026-01-08 09:41:00+00:00,622.32,622.46,622.32,622.46,711.0,27.0,622.387638
QQQ,2026-01-08 09:42:00+00:00,622.41,622.41,622.32,622.32,486.0,15.0,622.370085
QQQ,2026-01-08 09:43:00+00:00,622.33,622.35,622.29,622.29,477.0,11.0,622.311805
QQQ,2026-01-08 09:44:00+00:00,622.31,622.34,622.28,622.33,796.0,24.0,622.322934
QQQ,2026-01-08 09:45:00+00:00,622.34,622.4,622.32,622.36,1565.0,43.0,622.352619
QQQ,2026-01-08 09:46:00+00:00,622.32,622.32,622.24,622.24,2098.0,60.0,622.273184
QQQ,2026-01-08 09:47:00+00:00,622.15,622.24,622.15,622.22,781.0,22.0,622.212143
QQQ,2026-01-08 09:48:00+00:00,622.25,622.33,622.24,622.32,4604.0,65.0,622.282296
QQQ,2026-01-08 09:49:00+00:00,622.32,622.36,622.29,622.29,581.0,17.0,622.319709
QQQ,2026-01-08 09:50:00+00:00,622.27,622.27,622.19,622.25,1041.0,39.0,622.216667
QQQ,2026-01-08 09:51:00+00:00,622.27,622.28,622.26,622.27,520.0,12.0,622.270123
QQQ,2026-01-08 09:52:00+00:00,622.24,622.29,622.24,622.29,714.0,17.0,622.247339
QQQ,2026-01-08 09:53:00+00:00,622.32,622.33,622.31,622.33,1310.0,24.0,622.315378
QQQ,2026-01-08 09:54:00+00:00,622.31,622.35,622.31,622.31,565.0,12.0,622.339304
QQQ,2026-01-08 09:55:00+00:00,622.4,622.42,622.39,622.42,4237.0,55.0,622.404093
QQQ,2026-01-08 09:56:00+00:00,622.38,622.38,622.33,622.33,283.0,16.0,622.347811
QQQ,2026-01-08 09:57:00+00:00,622.37,622.43,622.37,622.4,719.0,20.0,622.402759
QQQ,2026-01-08 09:58:00+00:00,622.4,622.56,622.4,622.5,2085.0,50.0,622.50756
QQQ,2026-01-08 09:59:00+00:00,622.45,622.58,622.45,622.58,348.0,12.0,622.533617
QQQ,2026-01-08 10:00:00+00:00,622.57,622.57,622.2,622.55,4936.0,104.0,622.521603
QQQ,2026-01-08 10:01:00+00:00,622.26,622.27,622.0,622.23,3657.0,84.0,622.136476
QQQ,2026-01-08 10:02:00+00:00,622.24,622.33,622.24,622.3,1197.0,33.0,622.289501
QQQ,2026-01-08 10:03:00+00:00,622.35,622.41,622.35,622.41,595.0,15.0,622.357939
QQQ,2026-01-08 10:04:00+00:00,622.35,622.35,622.35,622.35,276.0,17.0,622.35
QQQ,2026-01-08 10:05:00+00:00,622.33,622.33,622.33,622.33,357.0,13.0,622.33
QQQ,2026-01-08 10:06:00+00:00,622.3,622.4,622.3,622.36,945.0,16.0,622.360181
QQQ,2026-01-08 10:07:00+00:00,622.36,622.36,622.36,622.36,177.0,15.0,622.36
QQQ,2026-01-08 10:08:00+00:00,622.31,622.31,622.19,622.19,1744.0,60.0,622.277624
QQQ,2026-01-08 10:09:00+00:00,622.19,622.19,622.13,622.15,1441.0,43.0,622.168846
QQQ,2026-01-08 10:10:00+00:00,622.15,622.15,622.03,622.03,698.0,33.0,622.091958
QQQ,2026-01-08 10:11:00+00:00,622.03,622.03,621.99,622.02,980.0,54.0,622.008451
QQQ,2026-01-08 10:12:00+00:00,621.99,622.04,621.97,622.04,879.0,29.0,622.008849
QQQ,2026-01-08 10:13:00+00:00,622.04,622.04,622.01,622.01,211.0,6.0,622.025
QQQ,2026-01-08 10:14:00+00:00,622.06,622.14,622.06,622.09,1266.0,24.0,622.10282
QQQ,2026-01-08 10:15:00+00:00,622.12,622.2,622.1,622.2,780.0,22.0,622.133636
QQQ,2026-01-08 10:16:00+00:00,622.17,622.18,622.11,622.11,649.0,26.0,622.167307
QQQ,2026-01-08 10:17:00+00:00,622.17,622.17,622.17,622.17,178.0,6.0,622.17
QQQ,2026-01-08 10:20:00+00:00,622.08,622.13,622.0,622.12,1774.0,50.0,622.086756
QQQ,2026-01-08 10:21:00+00:00,622.17,622.17,622.06,622.06,600.0,22.0,622.113061
QQQ,2026-01-08 10:22:00+00:00,622.06,622.1,622.06,622.1,577.0,15.0,622.089714
QQQ,2026-01-08 10:23:00+00:00,622.12,622.16,622.11,622.14,422.0,13.0,622.134323
QQQ,2026-01-08 10:24:00+00:00,622.16,622.2,622.16,622.2,596.0,23.0,622.173183
QQQ,2026-01-08 10:25:00+00:00,622.22,622.29,622.16,622.2,3204.0,70.0,622.232228
QQQ,2026-01-08 10:26:00+00:00,622.12,622.12,622.11,622.12,963.0,28.0,622.119429
QQQ,2026-01-08 10:27:00+00:00,622.08,622.08,622.08,622.08,127.0,10.0,622.08
QQQ,2026-01-08 10:28:00+00:00,622.08,622.12,622.08,622.12,198.0,9.0,622.095385
QQQ,2026-01-08 10:30:00+00:00,622.06,622.2,622.06,622.2,1981.0,43.0,622.149666
QQQ,2026-01-08 10:31:00+00:00,622.18,622.22,622.16,622.22,568.0,13.0,622.202609
QQQ,2026-01-08 10:32:00+00:00,622.21,622.24,622.15,622.24,1355.0,39.0,622.194523
QQQ,2026-01-08 10:33:00+00:00,622.36,622.43,622.33,622.35,3564.0,96.0,622.372684
QQQ,2026-01-08 10:34:00+00:00,622.32,622.32,622.3,622.3,621.0,19.0,622.311
QQQ,2026-01-08 10:35:00+00:00,622.4,622.45,622.4,622.45,1070.0,17.0,622.432833
QQQ,2026-01-08 10:36:00+00:00,622.41,622.41,622.36,622.36,728.0,19.0,622.395741
QQQ,2026-01-08 10:37:00+00:00,622.26,622.26,622.26,622.26,138.0,8.0,622.26
QQQ,2026-01-08 10:38:00+00:00,622.48,622.48,622.48,622.48,235.0,11.0,622.48
QQQ,2026-01-08 10:42:00+00:00,622.48,622.51,622.48,622.51,454.0,14.0,622.505399
QQQ,2026-01-08 10:43:00+00:00,622.48,622.52,622.48,622.51,1627.0,21.0,622.496149
QQQ,2026-01-08 10:44:00+00:00,622.46,622.51,622.46,622.5,1277.0,24.0,622.486056
QQQ,2026-01-08 10:45:00+00:00,622.5,622.5,622.41,622.41,1237.0,28.0,622.438583
QQQ,2026-01-08 10:46:00+00:00,622.38,622.38,622.38,622.38,1024.0,9.0,622.38
QQQ,2026-01-08 10:47:00+00:00,622.39,622.39,622.34,622.34,1420.0,27.0,622.362541
QQQ,2026-01-08 10:48:00+00:00,622.32,622.32,622.21,622.22,3473.0,63.0,622.271959
QQQ,2026-01-08 10:49:00+00:00,622.22,622.24,622.21,622.24,565.0,22.0,622.21791
QQQ,2026-01-08 10:50:00+00:00,622.27,622.29,622.27,622.29,383.0,13.0,622.276579
QQQ,2026-01-08 10:51:00+00:00,622.37,622.38,622.37,622.37,355.0,12.0,622.371779
QQQ,2026-01-08 10:53:00+00:00,622.39,622.43,622.39,622.43,365.0,26.0,622.406331
QQQ,2026-01-08 10:54:00+00:00,622.51,622.54,622.51,622.53,1005.0,22.0,622.527246
QQQ,2026-01-08 10:55:00+00:00,622.53,622.53,622.52,622.52,737.0,16.0,622.527145
QQQ,2026-01-08 10:57:00+00:00,622.64,622.64,622.64,622.64,368.0,29.0,622.64
QQQ,2026-01-08 10:58:00+00:00,622.69,622.69,622.6,622.6,1295.0,37.0,622.632244
QQQ,2026-01-08 10:59:00+00:00,622.63,622.64,622.63,622.64,358.0,13.0,622.632982
QQQ,2026-01-08 11:02:00+00:00,622.73,622.81,622.67,622.67,3040.0,62.0,622.735061
QQQ,2026-01-08 11:03:00+00:00,622.73,622.73,622.72,622.72,346.0,8.0,622.727968
QQQ,2026-01-08 11:04:00+00:00,622.69,622.69,622.69,622.69,271.0,12.0,622.69
QQQ,2026-01-08 11:06:00+00:00,622.82,622.84,622.79,622.84,318.0,10.0,622.821509
QQQ,2026-01-08 11:07:00+00:00,622.82,622.82,622.75,622.76,1471.0,34.0,622.794484
QQQ,2026-01-08 11:08:00+00:00,622.59,622.59,622.55,622.57,1141.0,34.0,622.566556
QQQ,2026-01-08 11:09:00+00:00,622.61,622.64,622.48,622.48,529.0,20.0,622.614444
QQQ,2026-01-08 11:10:00+00:00,622.47,622.52,622.47,622.52,336.0,13.0,622.502328
QQQ,2026-01-08 11:12:00+00:00,622.58,622.7,622.58,622.7,473.0,15.0,622.617241
QQQ,2026-01-08 11:13:00+00:00,622.71,622.71,622.67,622.69,788.0,20.0,622.687667
QQQ,2026-01-08 11:14:00+00:00,622.68,622.68,622.63,622.65,294.0,12.0,622.657301
QQQ,2026-01-08 11:15:00+00:00,622.71,622.71,622.68,622.68,353.0,13.0,622.690519
QQQ,2026-01-08 11:16:00+00:00,622.64,622.68,622.64,622.68,192.0,8.0,622.657143
QQQ,2026-01-08 11:17:00+00:00,622.66,622.67,622.62,622.62,332.0,13.0,622.645106
QQQ,2026-01-08 11:18:00+00:00,622.61,622.61,622.61,622.61,342.0,17.0,622.61
QQQ,2026-01-08 11:20:00+00:00,622.64,622.64,622.62,622.62,2619.0,10.0,622.630012
QQQ,2026-01-08 11:22:00+00:00,622.71,622.71,622.71,622.71,143.0,6.0,622.71
QQQ,2026-01-08 11:23:00+00:00,622.64,622.67,622.64,622.67,536.0,16.0,622.649476
QQQ,2026-01-08 11:24:00+00:00,622.68,622.68,622.68,622.68,814.0,22.0,622.68
QQQ,2026-01-08 11:25:00+00:00,622.78,622.87,622.78,622.87,1234.0,39.0,622.804192
QQQ,2026-01-08 11:26:00+00:00,622.89,622.92,622.89,622.92,631.0,21.0,622.915808
QQQ,2026-01-08 11:27:00+00:00,622.97,622.97,622.93,622.93,471.0,17.0,622.957273
QQQ,2026-01-08 11:29:00+00:00,622.87,622.87,622.81,622.81,3791.0,37.0,622.84401
QQQ,2026-01-08 11:31:00+00:00,622.71,622.81,621.9,622.67,24167.0,572.0,622.421093
QQQ,2026-01-08 11:32:00+00:00,622.67,622.99,622.65,622.82,4966.0,86.0,622.81888
QQQ,2026-01-08 11:33:00+00:00,622.91,622.94,622.91,622.91,433.0,17.0,622.914918
QQQ,2026-01-08 11:34:00+00:00,622.91,622.94,622.9,622.94,627.0,19.0,622.918158
QQQ,2026-01-08 11:35:00+00:00,622.85,622.91,622.84,622.87,1313.0,28.0,622.867793
QQQ,2026-01-08 11:36:00+00:00,622.93,622.93,622.85,622.85,701.0,23.0,622.895185
QQQ,2026-01-08 11:37:00+00:00,622.89,622.89,622.89,622.89,313.0,12.0,622.89
QQQ,2026-01-08 11:38:00+00:00,622.75,622.75,622.64,622.64,2617.0,54.0,622.700762
QQQ,2026-01-08 11:39:00+00:00,622.69,622.69,622.55,622.57,1331.0,36.0,622.613426
QQQ,2026-01-08 11:40:00+00:00,622.83,622.83,622.82,622.82,327.0,22.0,622.82597
QQQ,2026-01-08 11:41:00+00:00,622.87,622.9,622.87,622.9,696.0,13.0,622.893213
QQQ,2026-01-08 11:42:00+00:00,622.9,622.91,622.87,622.88,2002.0,53.0,622.900539
QQQ,2026-01-08 11:43:00+00:00,622.87,622.87,622.81,622.81,1063.0,36.0,622.839016
QQQ,2026-01-08 11:44:00+00:00,622.76,622.77,622.71,622.72,1938.0,57.0,622.741876
QQQ,2026-01-08 11:45:00+00:00,622.7,622.73,622.65,622.65,753.0,25.0,622.679183
QQQ,2026-01-08 11:46:00+00:00,622.64,622.65,622.61,622.65,445.0,14.0,622.635526
QQQ,2026-01-08 11:47:00+00:00,622.69,622.79,622.69,622.79,398.0,11.0,622.747756
QQQ,2026-01-08 11:48:00+00:00,622.8,622.8,622.72,622.72,1317.0,31.0,622.744887
QQQ,2026-01-08 11:49:00+00:00,622.67,622.77,622.66,622.77,1300.0,30.0,622.683147
QQQ,2026-01-08 11:50:00+00:00,622.78,622.79,622.74,622.79,2519.0,61.0,622.769631
QQQ,2026-01-08 11:51:00+00:00,622.8,622.91,622.8,622.91,1220.0,34.0,622.857401
QQQ,2026-01-08 11:52:00+00:00,622.95,622.99,622.86,622.9,3880.0,68.0,622.931501
QQQ,2026-01-08 11:53:00+00:00,622.89,623.0,622.89,622.97,4920.0,52.0,622.981306
QQQ,2026-01-08 11:54:00+00:00,622.96,622.96,622.85,622.85,1399.0,39.0,622.915306
QQQ,2026-01-08 11:56:00+00:00,622.87,622.87,622.87,622.87,469.0,21.0,622.87
QQQ,2026-01-08 11:57:00+00:00,622.77,622.78,622.77,622.78,487.0,16.0,622.771429
QQQ,2026-01-08 11:58:00+00:00,622.75,622.75,622.75,622.75,557.0,17.0,622.75
QQQ,2026-01-08 11:59:00+00:00,622.66,622.66,622.6,622.6,1048.0,30.0,622.632995
QQQ,2026-01-08 12:00:00+00:00,622.65,622.67,622.4,622.4,4443.0,143.0,622.578519
QQQ,2026-01-08 12:01:00+00:00,622.41,622.51,622.4,622.51,494.0,17.0,622.439479
QQQ,2026-01-08 12:02:00+00:00,622.46,622.46,622.36,622.36,1268.0,38.0,622.4065
QQQ,2026-01-08 12:03:00+00:00,622.37,622.37,622.25,622.259,1590.0,38.0,622.297865
QQQ,2026-01-08 12:04:00+00:00,622.23,622.23,622.1,622.19,776.0,33.0,622.160147
QQQ,2026-01-08 12:05:00+00:00,622.19,622.38,622.18,622.38,3267.0,61.0,622.232407
QQQ,2026-01-08 12:06:00+00:00,622.33,622.4,622.25,622.4,3520.0,49.0,622.307685
QQQ,2026-01-08 12:07:00+00:00,622.2,622.21,622.171,622.21,3701.0,37.0,622.199737
QQQ,2026-01-08 12:08:00+00:00,622.17,622.17,622.1,622.11,2420.0,50.0,622.141206
QQQ,2026-01-08 12:09:00+00:00,622.15,622.24,622.15,622.24,2333.0,26.0,622.198917
QQQ,2026-01-08 12:10:00+00:00,622.33,622.36,622.29,622.3,1478.0,35.0,622.322529
QQQ,2026-01-08 12:11:00+00:00,622.34,622.4,622.329,622.38,960.0,25.0,622.359229
QQQ,2026-01-08 12:13:00+00:00,622.4,622.44,622.38,622.389,7279.0,70.0,622.421871
QQQ,2026-01-08 12:14:00+00:00,622.29,622.38,622.28,622.38,691.0,21.0,622.361188
QQQ,2026-01-08 12:15:00+00:00,622.5,622.52,622.49,622.51,3986.0,54.0,622.506045
QQQ,2026-01-08 12:16:00+00:00,622.5,622.51,622.49,622.51,2065.0,23.0,622.502903
QQQ,2026-01-08 12:17:00+00:00,622.5,622.5,622.5,622.5,170.0,13.0,622.5
QQQ,2026-01-08 12:18:00+00:00,622.4,622.42,622.4,622.4,892.0,37.0,622.402025
QQQ,2026-01-08 12:19:00+00:00,622.49,622.49,622.47,622.49,895.0,29.0,622.487241
QQQ,2026-01-08 12:20:00+00:00,622.46,622.46,622.39,622.39,3348.0,52.0,622.44432
QQQ,2026-01-08 12:22:00+00:00,622.53,622.53,622.52,622.52,1208.0,24.0,622.520412
QQQ,2026-01-08 12:23:00+00:00,622.55,622.67,622.55,622.66,1482.0,31.0,622.593984
QQQ,2026-01-08 12:24:00+00:00,622.67,622.68,622.67,622.68,195.0,10.0,622.676721
QQQ,2026-01-08 12:25:00+00:00,622.67,622.7,622.67,622.69,320.0,12.0,622.684747
QQQ,2026-01-08 12:26:00+00:00,622.72,622.72,622.63,622.66,517.0,31.0,622.654828
QQQ,2026-01-08 12:27:00+00:00,622.7,622.78,622.7,622.78,1438.0,18.0,622.726101
QQQ,2026-01-08 12:28:00+00:00,622.79,622.8,622.7,622.72,4323.0,73.0,622.708423
QQQ,2026-01-08 12:29:00+00:00,622.73,622.75,622.73,622.74,2365.0,37.0,622.74799
QQQ,2026-01-08 12:30:00+00:00,622.7,622.7,622.62,622.7,1098.0,31.0,622.648285
QQQ,2026-01-08 12:31:00+00:00,622.63,622.65,622.54,622.54,1003.0,29.0,622.64
QQQ,2026-01-08 12:32:00+00:00,622.47,622.47,622.36,622.43,2185.0,50.0,622.4369
QQQ,2026-01-08 12:33:00+00:00,622.41,622.47,622.41,622.47,3295.0,51.0,622.423999
QQQ,2026-01-08 12:34:00+00:00,622.38,622.44,622.35,622.44,508.0,15.0,622.398081
QQQ,2026-01-08 12:35:00+00:00,622.3,622.3,622.3,622.3,377.0,27.0,622.3
QQQ,2026-01-08 12:36:00+00:00,622.32,622.39,622.32,622.39,421.0,14.0,622.347797
QQQ,2026-01-08 12:37:00+00:00,622.34,622.34,622.34,622.34,394.0,18.0,622.34
QQQ,2026-01-08 12:38:00+00:00,622.3,622.31,622.3,622.31,227.0,10.0,622.307368
QQQ,2026-01-08 12:39:00+00:00,622.3,622.33,622.29,622.29,1038.0,25.0,622.306274
QQQ,2026-01-08 12:40:00+00:00,622.29,622.33,622.27,622.31,1094.0,28.0,622.306991
QQQ,2026-01-08 12:41:00+00:00,622.39,622.49,622.39,622.44,4450.0,67.0,622.461782
QQQ,2026-01-08 12:42:00+00:00,622.35,622.35,622.35,622.35,532.0,18.0,622.35
QQQ,2026-01-08 12:43:00+00:00,622.3,622.3,622.3,622.3,346.0,21.0,622.3
QQQ,2026-01-08 12:44:00+00:00,622.36,622.41,622.34,622.34,686.0,35.0,622.376087
QQQ,2026-01-08 12:45:00+00:00,622.31,622.31,622.31,622.31,254.0,13.0,622.31
QQQ,2026-01-08 12:46:00+00:00,622.3,622.36,622.3,622.36,438.0,9.0,622.306916
QQQ,2026-01-08 12:47:00+00:00,622.41,622.51,622.38,622.5,1266.0,34.0,622.464942
QQQ,2026-01-08 12:48:00+00:00,622.51,622.51,622.46,622.46,1921.0,21.0,622.498627
QQQ,2026-01-08 12:49:00+00:00,622.5,622.56,622.5,622.55,639.0,15.0,622.538057
QQQ,2026-01-08 12:50:00+00:00,622.57,622.61,622.57,622.61,320.0,22.0,622.593333
QQQ,2026-01-08 12:51:00+00:00,622.64,622.7,622.601,622.7,1112.0,26.0,622.662603
QQQ,2026-01-08 12:52:00+00:00,622.75,622.76,622.72,622.73,2243.0,27.0,622.749742
QQQ,2026-01-08 12:53:00+00:00,622.72,622.74,622.72,622.74,377.0,27.0,622.735294
QQQ,2026-01-08 12:54:00+00:00,622.77,622.77,622.71,622.71,3396.0,86.0,622.765441
QQQ,2026-01-08 12:55:00+00:00,622.71,622.78,622.71,622.78,263.0,15.0,622.746667
QQQ,2026-01-08 12:56:00+00:00,622.79,622.79,622.72,622.75,2914.0,49.0,622.754356
QQQ,2026-01-08 12:57:00+00:00,622.75,622.78,622.75,622.77,663.0,30.0,622.759562
QQQ,2026-01-08 12:58:00+00:00,622.69,622.7,622.56,622.57,5416.0,79.0,622.621461
QQQ,2026-01-08 12:59:00+00:00,622.55,622.57,622.55,622.57,455.0,15.0,622.553333
QQQ,2026-01-08 13:00:00+00:00,622.23,623.31,620.29,622.49,118896.0,3452.0,622.230814
QQQ,2026-01-08 13:01:00+00:00,623.29,623.552,620.31,622.49,9380.0,629.0,621.805522
QQQ,2026-01-08 13:02:00+00:00,622.52,622.94,620.31,622.145,3798.0,167.0,622.104777
QQQ,2026-01-08 13:03:00+00:00,622.4,622.47,622.4,622.47,512.0,59.0,622.425143
QQQ,2026-01-08 13:04:00+00:00,622.48,622.5,622.48,622.4999,961.0,34.0,622.498878
QQQ,2026-01-08 13:05:00+00:00,622.49,622.51,622.47,622.48,829.0,56.0,622.489655
QQQ,2026-01-08 13:06:00+00:00,622.44,622.59,622.44,622.59,1337.0,60.0,622.54305
QQQ,2026-01-08 13:07:00+00:00,622.6,622.6,622.5812,622.5812,264.0,30.0,622.585758
QQQ,2026-01-08 13:08:00+00:00,622.66,622.72,622.63,622.65,2985.0,69.0,622.667802
QQQ,2026-01-08 13:09:00+00:00,622.6401,622.68,622.59,622.64,1377.0,54.0,622.648576
QQQ,2026-01-08 13:10:00+00:00,622.6,622.74,622.58,622.66,4403.0,93.0,622.655855
QQQ,2026-01-08 13:11:00+00:00,622.7,622.85,622.7,622.85,4149.0,80.0,622.768581
QQQ,2026-01-08 13:12:00+00:00,622.9,623.0,622.88,622.94,10512.0,177.0,622.944302
QQQ,2026-01-08 13:13:00+00:00,622.9499,622.95,622.8901,622.95,1609.0,56.0,622.928613
QQQ,2026-01-08 13:14:00+00:00,622.94,622.95,622.8723,622.93,5462.0,42.0,622.931592
QQQ,2026-01-08 13:15:00+00:00,622.94,622.97,622.85,622.85,8056.0,87.0,622.907642
QQQ,2026-01-08 13:16:00+00:00,622.79,622.81,622.7,622.72,2192.0,56.0,622.729765
QQQ,2026-01-08 13:17:00+00:00,622.7399,623.09,622.7204,623.09,12651.0,158.0,622.969243
QQQ,2026-01-08 13:18:00+00:00,623.089,623.32,623.07,623.32,6283.0,148.0,623.168054
QQQ,2026-01-08 13:19:00+00:00,623.3487,623.3487,623.25,623.25,1757.0,52.0,623.293441
QQQ,2026-01-08 13:20:00+00:00,623.25,623.57,623.25,623.549,18231.0,212.0,623.475556
QQQ,2026-01-08 13:21:00+00:00,623.55,623.58,623.38,623.38,9832.0,145.0,623.47681
QQQ,2026-01-08 13:22:00+00:00,623.38,623.49,623.32,623.49,5037.0,123.0,623.367926
QQQ,2026-01-08 13:23:00+00:00,623.49,623.53,623.42,623.42,4786.0,101.0,623.487103
QQQ,2026-01-08 13:24:00+00:00,623.45,623.46,623.41,623.42,2993.0,64.0,623.441006
QQQ,2026-01-08 13:25:00+00:00,623.41,623.43,623.38,623.38,2571.0,76.0,623.417034
QQQ,2026-01-08 13:26:00+00:00,623.34,623.39,623.33,623.35,4535.0,111.0,623.357847
QQQ,2026-01-08 13:27:00+00:00,623.3564,623.42,623.32,623.41,2234.0,82.0,623.363623
QQQ,2026-01-08 13:28:00+00:00,623.44,623.5,623.3,623.5,23579.0,255.0,623.404255
QQQ,2026-01-08 13:29:00+00:00,623.52,623.53,623.48,623.48,1148.0,71.0,623.503068
QQQ,2026-01-08 13:30:00+00:00,623.45,623.7787,623.45,623.65,16569.0,215.0,623.664475
QQQ,2026-01-08 13:31:00+00:00,623.63,623.63,623.34,623.4,15303.0,157.0,623.423957
QQQ,2026-01-08 13:32:00+00:00,623.39,623.39,623.14,623.23,12035.0,202.0,623.256347
QQQ,2026-01-08 13:33:00+00:00,623.22,623.24,623.02,623.11,11106.0,151.0,623.073282
QQQ,2026-01-08 13:34:00+00:00,623.05,623.18,623.0,623.18,6954.0,137.0,623.028406
QQQ,2026-01-08 13:35:00+00:00,623.22,623.26,623.151,623.25,1949.0,71.0,623.217649
QQQ,2026-01-08 13:36:00+00:00,623.26,623.2995,623.04,623.1,7511.0,117.0,623.182635
QQQ,2026-01-08 13:37:00+00:00,623.12,623.2,623.11,623.2,2469.0,56.0,623.135257
QQQ,2026-01-08 13:38:00+00:00,623.23,623.38,623.1701,623.38,6719.0,106.0,623.278673
QQQ,2026-01-08 13:39:00+00:00,623.37,623.4,623.29,623.31,2006.0,54.0,623.359944
QQQ,2026-01-08 13:40:00+00:00,623.31,623.33,623.2464,623.27,9544.0,109.0,623.272127
QQQ,2026-01-08 13:41:00+00:00,623.31,623.4891,623.28,623.4891,5113.0,92.0,623.436387
QQQ,2026-01-08 13:42:00+00:00,623.48,623.49,623.4,623.49,4558.0,67.0,623.460441
QQQ,2026-01-08 13:43:00+00:00,623.48,623.48,623.33,623.4,2146.0,68.0,623.403664
QQQ,2026-01-08 13:44:00+00:00,623.4224,623.4486,623.29,623.31,4331.0,100.0,623.366882
QQQ,2026-01-08 13:45:00+00:00,623.29,623.325,623.25,623.28,4060.0,70.0,623.284328
QQQ,2026-01-08 13:46:00+00:00,623.21,623.29,623.1,623.25,7777.0,129.0,623.1931
QQQ,2026-01-08 13:47:00+00:00,623.2662,623.2662,623.14,623.18,4460.0,91.0,623.192516
QQQ,2026-01-08 13:48:00+00:00,623.17,623.21,623.13,623.21,9179.0,130.0,623.152723
QQQ,2026-01-08 13:49:00+00:00,623.21,623.27,623.17,623.18,3440.0,84.0,623.225219
QQQ,2026-01-08 13:50:00+00:00,623.15,623.18,623.09,623.18,5501.0,126.0,623.143027
QQQ,2026-01-08 13:51:00+00:00,623.13,623.18,623.11,623.13,1468.0,38.0,623.135528
QQQ,2026-01-08 13:52:00+00:00,623.13,623.2,623.12,623.2,2780.0,66.0,623.15826
QQQ,2026-01-08 13:53:00+00:00,623.24,623.3,623.17,623.18,5741.0,95.0,623.243408
QQQ,2026-01-08 13:54:00+00:00,623.22,623.25,623.15,623.15,880.0,53.0,623.215462
QQQ,2026-01-08 13:55:00+00:00,623.14,623.15,623.08,623.1052,3978.0,96.0,623.120525
QQQ,2026-01-08 13:56:00+00:00,623.08,623.22,623.06,623.17,4683.0,82.0,623.113
QQQ,2026-01-08 13:57:00+00:00,623.18,623.18,623.14,623.14,2361.0,66.0,623.147334
QQQ,2026-01-08 13:58:00+00:00,623.12,623.19,623.12,623.18,2834.0,67.0,623.135885
QQQ,2026-01-08 13:59:00+00:00,623.2,623.37,623.2,623.35,2381.0,60.0,623.275908
QQQ,2026-01-08 14:00:00+00:00,623.29,623.3,622.91,622.97,18181.0,282.0,623.064079
QQQ,2026-01-08 14:01:00+00:00,622.98,623.12,622.96,623.07,5910.0,91.0,623.03188
QQQ,2026-01-08 14:02:00+00:00,623.13,623.28,623.13,623.22,1789.0,54.0,623.193968
QQQ,2026-01-08 14:03:00+00:00,623.22,623.22,623.1,623.14,2894.0,76.0,623.153901
QQQ,2026-01-08 14:04:00+00:00,623.22,623.57,623.21,623.35,14384.0,234.0,623.406039
QQQ,2026-01-08 14:05:00+00:00,623.35,623.38,623.22,623.35,10939.0,147.0,623.270377
QQQ,2026-01-08 14:06:00+00:00,623.36,623.47,623.36,623.45,2392.0,78.0,623.432228
QQQ,2026-01-08 14:07:00+00:00,623.43,623.43,623.34,623.35,2224.0,69.0,623.369459
QQQ,2026-01-08 14:08:00+00:00,623.3945,623.3945,623.33,623.33,1147.0,56.0,623.376731
QQQ,2026-01-08 14:09:00+00:00,623.29,623.4,623.2718,623.39,2427.0,81.0,623.31725
QQQ,2026-01-08 14:10:00+00:00,623.43,623.59,623.42,623.55,6674.0,98.0,623.492784
QQQ,2026-01-08 14:11:00+00:00,623.53,623.62,623.47,623.51,6512.0,102.0,623.579555
QQQ,2026-01-08 14:12:00+00:00,623.42,623.42,623.34,623.35,1968.0,51.0,623.366901
QQQ,2026-01-08 14:13:00+00:00,623.33,623.3599,622.81,623.29,7788.0,54.0,622.930504
QQQ,2026-01-08 14:14:00+00:00,623.26,623.28,623.19,623.22,1519.0,72.0,623.237911
QQQ,2026-01-08 14:15:00+00:00,623.24,623.24,623.06,623.08,6742.0,94.0,623.123145
QQQ,2026-01-08 14:16:00+00:00,623.15,623.24,623.1,623.23,6982.0,86.0,623.123054
QQQ,2026-01-08 14:17:00+00:00,623.24,623.24,623.12,623.2,2227.0,62.0,623.175307
QQQ,2026-01-08 14:18:00+00:00,623.24,623.318,623.19,623.318,3580.0,87.0,623.277305
QQQ,2026-01-08 14:19:00+00:00,623.28,623.29,623.06,623.06,14214.0,127.0,623.209278
QQQ,2026-01-08 14:20:00+00:00,623.11,623.129,623.031,623.08,16669.0,116.0,623.074781
QQQ,2026-01-08 14:21:00+00:00,623.04,623.1,622.99,623.07,3127.0,91.0,623.032475
QQQ,2026-01-08 14:22:00+00:00,623.09,623.09,623.0248,623.05,1789.0,59.0,623.065377
QQQ,2026-01-08 14:23:00+00:00,623.03,623.08,623.02,623.07,4026.0,68.0,623.052287
QQQ,2026-01-08 14:24:00+00:00,623.01,623.01,622.84,622.88,10414.0,143.0,622.88112
QQQ,2026-01-08 14:25:00+00:00,622.91,623.02,622.91,623.02,2618.0,70.0,622.96576
QQQ,2026-01-08 14:26:00+00:00,623.0499,623.05,622.91,622.91,2480.0,52.0,623.016863
QQQ,2026-01-08 14:27:00+00:00,622.91,623.06,622.88,623.03,6041.0,104.0,622.978007
QQQ,2026-01-08 14:28:00+00:00,623.02,623.12,622.89,622.89,12177.0,188.0,623.015186
QQQ,2026-01-08 14:29:00+00:00,622.87,623.06,622.75,622.96,18302.0,155.0,622.929521
QQQ,2026-01-08 14:30:00+00:00,623.03,623.42,622.05,622.35,622141.0,11085.0,622.852448
QQQ,2026-01-08 14:31:00+00:00,622.33,622.37,621.77,621.93,348705.0,5582.0,622.060472
QQQ,2026-01-08 14:32:00+00:00,621.92,622.48,621.67,622.07,254314.0,3847.0,622.08345
QQQ,2026-01-08 14:33:00+00:00,622.07,622.38,621.48,621.72,314974.0,4922.0,621.987108
QQQ,2026-01-08 14:34:00+00:00,621.71,621.87,620.77,621.09,387215.0,6316.0,621.222475
QQQ,2026-01-08 14:35:00+00:00,621.09,621.51,620.95,621.16,347821.0,5344.0,621.17435
QQQ,2026-01-08 14:36:00+00:00,621.15,621.44,620.92,621.09,260536.0,4243.0,621.146215
QQQ,2026-01-08 14:37:00+00:00,621.09,621.65,621.03,621.27,241530.0,4076.0,621.343295
QQQ,2026-01-08 14:38:00+00:00,621.265,621.31,620.41,620.66,371048.0,5858.0,620.750881
QQQ,2026-01-08 14:39:00+00:00,620.66,621.13,620.38,620.43,270660.0,4622.0,620.788763
QQQ,2026-01-08 14:40:00+00:00,620.44,620.79,620.12,620.7799,461703.0,6690.0,620.418286
QQQ,2026-01-08 14:41:00+00:00,620.78,620.94,620.36,620.42,289033.0,4170.0,620.593644
QQQ,2026-01-08 14:42:00+00:00,620.41,620.53,619.19,619.45,489549.0,8642.0,619.961178
QQQ,2026-01-08 14:43:00+00:00,619.44,619.61,619.06,619.1203,408225.0,6668.0,619.380009
QQQ,2026-01-08 14:44:00+00:00,619.12,619.25,618.855,619.04,397038.0,6182.0,619.041079
QQQ,2026-01-08 14:45:00+00:00,619.06,619.06,618.468,618.97,492374.0,7628.0,618.751715
QQQ,2026-01-08 14:46:00+00:00,618.96,619.83,618.77,619.83,392616.0,6276.0,619.359184
QQQ,2026-01-08 14:47:00+00:00,619.81,620.36,619.81,620.25,320338.0,5097.0,620.149687
QQQ,2026-01-08 14:48:00+00:00,620.27,620.33,619.57,619.79,185867.0,3524.0,619.9458
QQQ,2026-01-08 14:49:00+00:00,619.78,620.1299,619.65,619.74,95492.0,2505.0,619.915375
QQQ,2026-01-08 14:50:00+00:00,619.68,619.7012,619.18,619.3901,167496.0,3330.0,619.486748
QQQ,2026-01-08 14:51:00+00:00,619.4,619.55,618.9803,619.34,184919.0,3679.0,619.222069
QQQ,2026-01-08 14:52:00+00:00,619.34,620.16,619.22,620.0,239814.0,4171.0,619.755217
QQQ,2026-01-08 14:53:00+00:00,620.0,620.1,619.43,619.7,152410.0,3100.0,619.853923
QQQ,2026-01-08 14:54:00+00:00,619.7,620.23,619.62,619.78,238949.0,4316.0,619.973848
QQQ,2026-01-08 14:55:00+00:00,619.73,619.94,619.4405,619.54,148437.0,3099.0,619.67531
QQQ,2026-01-08 14:56:00+00:00,619.55,619.62,619.13,619.14,199225.0,3879.0,619.335906
QQQ,2026-01-08 14:57:00+00:00,619.12,619.2899,618.65,619.26,244597.0,4701.0,618.977011
QQQ,2026-01-08 14:58:00+00:00,619.23,619.43,619.05,619.14,170876.0,3442.0,619.262445
QQQ,2026-01-08 14:59:00+00:00,619.14,619.2187,618.54,618.62,219454.0,3833.0,618.876228
QQQ,2026-01-08 15:00:00+00:00,618.6,618.7798,618.21,618.31,297479.0,4951.0,618.458873
QQQ,2026-01-08 15:01:00+00:00,618.285,618.4,617.95,618.225,263535.0,5343.0,618.162555
QQQ,2026-01-08 15:02:00+00:00,618.23,618.41,617.86,618.16,326785.0,4786.0,618.110227
QQQ,2026-01-08 15:03:00+00:00,618.12,618.34,617.8,618.25,353540.0,5600.0,618.082164
QQQ,2026-01-08 15:04:00+00:00,618.24,618.88,618.03,618.755,248803.0,4420.0,618.37106
QQQ,2026-01-08 15:05:00+00:00,618.745,619.66,618.571,619.43,259263.0,4392.0,619.084742
QQQ,2026-01-08 15:06:00+00:00,619.45,619.76,619.12,619.27,316685.0,3548.0,619.451001
QQQ,2026-01-08 15:07:00+00:00,619.26,619.89,619.23,619.79,190287.0,3497.0,619.559071
QQQ,2026-01-08 15:08:00+00:00,619.81,620.43,619.7101,620.3,224466.0,3965.0,620.028367
QQQ,2026-01-08 15:09:00+00:00,620.3,620.49,620.05,620.4,136445.0,2831.0,620.300695
QQQ,2026-01-08 15:10:00+00:00,620.44,620.44,620.15,620.34,145646.0,3058.0,620.304555
QQQ,2026-01-08 15:11:00+00:00,620.33,620.338,619.82,620.01,151846.0,3105.0,620.041963
QQQ,2026-01-08 15:12:00+00:00,620.02,620.5,619.99,620.47,137262.0,3132.0,620.37238
QQQ,2026-01-08 15:13:00+00:00,620.46,620.5,620.15,620.2145,168815.0,3468.0,620.344389
QQQ,2026-01-08 15:14:00+00:00,620.22,620.5,620.11,620.4,98890.0,2817.0,620.287458
QQQ,2026-01-08 15:15:00+00:00,620.4,620.46,620.2363,620.45,136941.0,7460.0,620.344846
QQQ,2026-01-08 15:16:00+00:00,620.422,620.8,620.38,620.63,231294.0,4230.0,620.587335
QQQ,2026-01-08 15:17:00+00:00,620.62,620.68,620.16,620.33,355139.0,3541.0,620.423679
QQQ,2026-01-08 15:18:00+00:00,620.33,620.9,620.32,620.81,119729.0,2927.0,620.560959
QQQ,2026-01-08 15:19:00+00:00,620.82,620.92,620.5601,620.6101,124506.0,2581.0,620.774028
QQQ,2026-01-08 15:20:00+00:00,620.61,620.73,620.46,620.52,89968.0,2442.0,620.609567
QQQ,2026-01-08 15:21:00+00:00,620.54,620.81,620.45,620.49,89087.0,2388.0,620.676523
QQQ,2026-01-08 15:22:00+00:00,620.5,620.71,620.29,620.39,136748.0,2753.0,620.492971
QQQ,2026-01-08 15:23:00+00:00,620.38,620.675,620.37,620.6,74342.0,2182.0,620.505359
QQQ,2026-01-08 15:24:00+00:00,620.61,621.05,620.5201,620.7609,122034.0,2812.0,620.754847
QQQ,2026-01-08 15:25:00+00:00,620.76,620.98,620.72,620.74,110372.0,2785.0,620.831873
QQQ,2026-01-08 15:26:00+00:00,620.75,620.84,620.54,620.76,94753.0,2245.0,620.723328
QQQ,2026-01-08 15:27:00+00:00,620.75,620.86,620.48,620.62,84640.0,2351.0,620.66372
QQQ,2026-01-08 15:28:00+00:00,620.6156,621.25,620.58,621.0408,153136.0,3289.0,621.017992
QQQ,2026-01-08 15:29:00+00:00,621.04,621.04,620.75,620.87,188261.0,2439.0,620.878956
QQQ,2026-01-08 15:30:00+00:00,620.86,620.92,620.41,620.63,106460.0,2518.0,620.648187
QQQ,2026-01-08 15:31:00+00:00,620.61,620.92,620.52,620.845,92578.0,2482.0,620.707392
QQQ,2026-01-08 15:32:00+00:00,620.85,621.07,620.6904,620.82,156102.0,3467.0,620.877782
QQQ,2026-01-08 15:33:00+00:00,620.82,620.86,620.3,620.46,195086.0,3717.0,620.556958
QQQ,2026-01-08 15:34:00+00:00,620.46,620.47,620.09,620.15,122452.0,2839.0,620.266854
QQQ,2026-01-08 15:35:00+00:00,620.11,620.19,619.86,619.91,168880.0,3821.0,620.056205
QQQ,2026-01-08 15:36:00+00:00,619.91,619.91,619.2801,619.38,231351.0,4056.0,619.537952
QQQ,2026-01-08 15:37:00+00:00,619.39,619.4125,619.12,619.225,156815.0,3362.0,619.262252
QQQ,2026-01-08 15:38:00+00:00,619.2199,619.59,619.13,619.38,130692.0,2772.0,619.389684
QQQ,2026-01-08 15:39:00+00:00,619.37,620.19,619.36,620.04,181601.0,3373.0,619.885517
QQQ,2026-01-08 15:40:00+00:00,620.0,620.29,619.78,620.275,114557.0,2826.0,620.012195
QQQ,2026-01-08 15:41:00+00:00,620.27,620.79,620.25,620.72,257331.0,5182.0,620.641692
QQQ,2026-01-08 15:42:00+00:00,620.72,620.9,620.19,620.51,143341.0,2975.0,620.528019
QQQ,2026-01-08 15:43:00+00:00,620.555,620.82,620.42,620.7295,88076.0,2487.0,620.579071
QQQ,2026-01-08 15:44:00+00:00,620.71,620.81,620.46,620.53,88674.0,2541.0,620.655484
QQQ,2026-01-08 15:45:00+00:00,620.54,620.73,620.39,620.48,96784.0,2703.0,620.568674
QQQ,2026-01-08 15:46:00+00:00,620.46,620.51,620.08,620.16,124593.0,3027.0,620.266871
QQQ,2026-01-08 15:47:00+00:00,620.17,620.28,619.75,619.84,137519.0,3107.0,619.975589
QQQ,2026-01-08 15:48:00+00:00,619.83,619.99,619.66,619.8999,266571.0,2370.0,619.80449
QQQ,2026-01-08 15:49:00+00:00,619.88,620.02,619.7,619.83,95393.0,2381.0,619.868663
QQQ,2026-01-08 15:50:00+00:00,619.84,620.01,619.67,619.88,118599.0,2954.0,619.839273
QQQ,2026-01-08 15:51:00+00:00,619.89,619.93,619.39,619.54,158985.0,3167.0,619.570662
QQQ,2026-01-08 15:52:00+00:00,619.53,619.65,619.35,619.51,96158.0,2654.0,619.47823
QQQ,2026-01-08 15:53:00+00:00,619.51,619.51,619.1656,619.27,113009.0,2826.0,619.302335
QQQ,2026-01-08 15:54:00+00:00,619.28,619.35,618.84,618.91,304721.0,3583.0,619.006898
QQQ,2026-01-08 15:55:00+00:00,618.9,619.27,618.88,619.13,153368.0,3327.0,619.031648
QQQ,2026-01-08 15:56:00+00:00,619.135,619.15,618.798,619.05,224835.0,4033.0,618.942703
QQQ,2026-01-08 15:57:00+00:00,619.06,619.5,618.99,619.43,193537.0,3691.0,619.325684
QQQ,2026-01-08 15:58:00+00:00,619.43,620.39,619.43,620.33,187694.0,3500.0,619.93015
QQQ,2026-01-08 15:59:00+00:00,620.34,620.58,620.33,620.54,208169.0,3284.0,620.508053
QQQ,2026-01-08 16:00:00+00:00,620.55,620.59,620.15,620.42,137342.0,2908.0,620.35441
QQQ,2026-01-08 16:01:00+00:00,620.41,620.48,620.05,620.35,115804.0,2605.0,620.30888
QQQ,2026-01-08 16:02:00+00:00,620.33,620.41,620.17,620.17,102139.0,2435.0,620.284535
QQQ,2026-01-08 16:03:00+00:00,620.18,620.31,620.07,620.24,79762.0,2231.0,620.179324
QQQ,2026-01-08 16:04:00+00:00,620.26,620.42,620.18,620.34,51468.0,2018.0,620.324796
QQQ,2026-01-08 16:05:00+00:00,620.33,620.3556,619.8,619.92,81797.0,2496.0,620.033627
QQQ,2026-01-08 16:06:00+00:00,619.9,620.38,619.89,620.09,107379.0,2315.0,620.101056
QQQ,2026-01-08 16:07:00+00:00,620.1,620.21,619.76,619.77,124190.0,2246.0,619.957081
QQQ,2026-01-08 16:08:00+00:00,619.76,619.77,619.46,619.47,117011.0,2595.0,619.595051
QQQ,2026-01-08 16:09:00+00:00,619.41,619.52,619.34,619.52,92273.0,2348.0,619.415375
QQQ,2026-01-08 16:10:00+00:00,619.55,619.63,619.19,619.35,81658.0,2518.0,619.371206
QQQ,2026-01-08 16:11:00+00:00,619.35,619.74,619.31,619.73,69717.0,2199.0,619.568822
QQQ,2026-01-08 16:12:00+00:00,619.7082,620.05,619.68,620.05,140579.0,2500.0,619.895601
QQQ,2026-01-08 16:13:00+00:00,620.04,620.06,619.28,619.46,78320.0,2263.0,619.750902
QQQ,2026-01-08 16:14:00+00:00,619.47,619.585,619.35,619.37,51094.0,1966.0,619.47043
QQQ,2026-01-08 16:15:00+00:00,619.34,619.505,619.165,619.21,63111.0,2176.0,619.356504
QQQ,2026-01-08 16:16:00+00:00,619.21,619.25,618.86,619.11,114657.0,2999.0,619.065139
QQQ,2026-01-08 16:17:00+00:00,619.12,619.47,619.07,619.3799,70534.0,2220.0,619.23928
QQQ,2026-01-08 16:18:00+00:00,619.35,619.68,619.24,619.43,201589.0,4512.0,619.459811
QQQ,2026-01-08 16:19:00+00:00,619.43,619.54,619.22,619.54,157260.0,3581.0,619.413598
QQQ,2026-01-08 16:20:00+00:00,619.54,619.95,619.53,619.94,130641.0,3199.0,619.759424
QQQ,2026-01-08 16:21:00+00:00,619.94,620.19,619.91,620.07,137556.0,3137.0,620.071801
QQQ,2026-01-08 16:22:00+00:00,620.1,620.1,619.78,619.87,61633.0,2210.0,619.941163
QQQ,2026-01-08 16:23:00+00:00,619.86,620.09,619.57,619.63,75063.0,2167.0,619.813286
QQQ,2026-01-08 16:24:00+00:00,619.64,619.67,619.28,619.41,119856.0,2969.0,619.420172
QQQ,2026-01-08 16:25:00+00:00,619.41,619.49,619.0351,619.44,181516.0,3962.0,619.276684
QQQ,2026-01-08 16:26:00+00:00,619.43,619.79,619.35,619.5993,92684.0,2485.0,619.603748
QQQ,2026-01-08 16:27:00+00:00,619.59,619.59,619.17,619.17,64632.0,2319.0,619.341084
QQQ,2026-01-08 16:28:00+00:00,619.18,619.34,619.04,619.28,82097.0,2367.0,619.20907
QQQ,2026-01-08 16:29:00+00:00,619.29,619.31,619.06,619.1,44145.0,1855.0,619.190391
QQQ,2026-01-08 16:30:00+00:00,619.08,619.22,618.74,619.185,106096.0,3020.0,618.94783
QQQ,2026-01-08 16:31:00+00:00,619.18,619.31,618.93,619.22,91729.0,2655.0,619.112761
QQQ,2026-01-08 16:32:00+00:00,619.22,619.35,618.97,619.14,116945.0,3020.0,619.164158
QQQ,2026-01-08 16:33:00+00:00,619.14,619.2301,619.06,619.15,58993.0,2232.0,619.152497
QQQ,2026-01-08 16:34:00+00:00,619.11,619.22,618.81,618.89,138998.0,2251.0,619.022771
QQQ,2026-01-08 16:35:00+00:00,618.87,618.92,618.41,618.53,120004.0,3124.0,618.562447
QQQ,2026-01-08 16:36:00+00:00,618.52,618.58,618.12,618.23,195580.0,4350.0,618.270092
QQQ,2026-01-08 16:37:00+00:00,618.24,618.54,618.225,618.48,157529.0,3347.0,618.331389
QQQ,2026-01-08 16:38:00+00:00,618.48,619.07,618.38,619.07,134541.0,3100.0,618.778573
QQQ,2026-01-08 16:39:00+00:00,619.09,619.34,618.99,619.1,95855.0,2900.0,619.200703
QQQ,2026-01-08 16:40:00+00:00,619.09,619.34,619.015,619.27,70387.0,2300.0,619.190258
QQQ,2026-01-08 16:41:00+00:00,619.29,619.515,619.18,619.39,95793.0,2716.0,619.355548
QQQ,2026-01-08 16:42:00+00:00,619.4,619.7,619.31,619.65,92945.0,2481.0,619.556056
QQQ,2026-01-08 16:43:00+00:00,619.66,619.77,619.51,619.62,84359.0,2542.0,619.645267
QQQ,2026-01-08 16:44:00+00:00,619.6341,619.76,619.56,619.68,269701.0,2085.0,619.675915
QQQ,2026-01-08 16:45:00+00:00,619.68,620.065,619.66,620.055,88404.0,2537.0,619.858665
QQQ,2026-01-08 16:46:00+00:00,620.06,620.385,620.04,620.13,185795.0,3593.0,620.235146
QQQ,2026-01-08 16:47:00+00:00,620.1,620.23,619.98,620.16,49873.0,1880.0,620.10765
QQQ,2026-01-08 16:48:00+00:00,620.17,620.35,620.07,620.31,91008.0,2415.0,620.21575
QQQ,2026-01-08 16:49:00+00:00,620.31,620.34,619.93,620.14,119053.0,2932.0,620.079867
QQQ,2026-01-08 16:50:00+00:00,620.14,620.2,619.985,620.005,114813.0,2910.0,620.102908
QQQ,2026-01-08 16:51:00+00:00,620.0,620.005,619.745,619.76,70412.0,2294.0,619.839554
QQQ,2026-01-08 16:52:00+00:00,619.755,619.755,619.3,619.37,81430.0,2512.0,619.457708
QQQ,2026-01-08 16:53:00+00:00,619.38,619.52,619.27,619.3501,76526.0,2199.0,619.400473
QQQ,2026-01-08 16:54:00+00:00,619.35,619.6,619.285,619.54,181238.0,2316.0,619.405769
QQQ,2026-01-08 16:55:00+00:00,619.53,619.78,619.35,619.74,79292.0,2183.0,619.536143
QQQ,2026-01-08 16:56:00+00:00,619.7,619.89,619.64,619.83,75920.0,2127.0,619.763321
QQQ,2026-01-08 16:57:00+00:00,619.84,619.94,619.75,619.8902,54981.0,1897.0,619.83487
QQQ,2026-01-08 16:58:00+00:00,619.89,620.05,619.84,620.0,72063.0,2283.0,619.944763
QQQ,2026-01-08 16:59:00+00:00,620.015,620.27,620.0,620.19,63689.0,2013.0,620.122258
QQQ,2026-01-08 17:00:00+00:00,620.19,620.28,619.92,619.92,129538.0,1938.0,620.110523
QQQ,2026-01-08 17:01:00+00:00,619.92,619.98,619.78,619.88,157038.0,2643.0,619.870842
QQQ,2026-01-08 17:02:00+00:00,619.87,620.0,619.62,619.63,99992.0,1667.0,619.841464
QQQ,2026-01-08 17:03:00+00:00,619.66,619.78,619.57,619.61,56531.0,1032.0,619.673715
QQQ,2026-01-08 17:04:00+00:00,619.61,619.73,619.52,619.69,72754.0,1069.0,619.644473
QQQ,2026-01-08 17:05:00+00:00,619.69,619.69,619.5,619.55,57168.0,972.0,619.591384
QQQ,2026-01-08 17:06:00+00:00,619.54,619.62,619.39,619.5,53338.0,915.0,619.507661
QQQ,2026-01-08 17:07:00+00:00,619.475,619.66,619.45,619.56,57457.0,846.0,619.517101
QQQ,2026-01-08 17:08:00+00:00,619.58,619.8593,619.53,619.68,89828.0,1010.0,619.670628
QQQ,2026-01-08 17:09:00+00:00,619.69,619.7,619.49,619.61,54291.0,1123.0,619.565519
QQQ,2026-01-08 17:10:00+00:00,619.58,619.58,619.45,619.49,40097.0,947.0,619.487775
QQQ,2026-01-08 17:11:00+00:00,619.45,619.61,619.42,619.575,32528.0,815.0,619.502126
QQQ,2026-01-08 17:12:00+00:00,619.57,619.65,619.33,619.365,75845.0,1526.0,619.47658
QQQ,2026-01-08 17:13:00+00:00,619.37,619.585,619.33,619.5728,119459.0,1840.0,619.421307
QQQ,2026-01-08 17:14:00+00:00,619.57,619.79,619.55,619.71,119311.0,1922.0,619.637312
QQQ,2026-01-08 17:15:00+00:00,619.71,619.77,619.53,619.72,41932.0,1054.0,619.676094
QQQ,2026-01-08 17:16:00+00:00,619.72,620.04,619.69,619.9176,57026.0,1138.0,619.946851
QQQ,2026-01-08 17:17:00+00:00,619.91,619.9794,619.79,619.87,73853.0,927.0,619.910959
QQQ,2026-01-08 17:18:00+00:00,619.89,620.03,619.82,620.0,44582.0,946.0,619.945012
QQQ,2026-01-08 17:19:00+00:00,620.0,620.275,619.97,620.27,69497.0,1264.0,620.131943
QQQ,2026-01-08 17:20:00+00:00,620.27,620.39,620.1157,620.31,90601.0,1534.0,620.273158
QQQ,2026-01-08 17:21:00+00:00,620.31,620.39,620.26,620.34,37355.0,856.0,620.337987
QQQ,2026-01-08 17:22:00+00:00,620.34,620.42,619.97,620.02,79537.0,1387.0,620.164834
QQQ,2026-01-08 17:23:00+00:00,620.03,620.06,619.86,619.9,50434.0,911.0,619.946908
QQQ,2026-01-08 17:24:00+00:00,619.9,620.04,619.7981,619.7981,71855.0,1438.0,619.894099
QQQ,2026-01-08 17:25:00+00:00,619.79,619.79,619.54,619.555,105435.0,2084.0,619.653372
QQQ,2026-01-08 17:26:00+00:00,619.54,619.56,619.22,619.24,131096.0,2153.0,619.402194
QQQ,2026-01-08 17:27:00+00:00,619.24,619.55,619.13,619.52,75791.0,1429.0,619.3174
QQQ,2026-01-08 17:28:00+00:00,619.53,619.6,619.38,619.54,43906.0,1102.0,619.471148
QQQ,2026-01-08 17:29:00+00:00,619.53,619.54,619.32,619.37,33025.0,815.0,619.450207
QQQ,2026-01-08 17:30:00+00:00,619.36,619.77,619.3299,619.4901,54266.0,1169.0,619.571565
QQQ,2026-01-08 17:31:00+00:00,619.5,619.88,619.45,619.79,49738.0,1217.0,619.741462
QQQ,2026-01-08 17:32:00+00:00,619.77,620.11,619.77,620.11,73794.0,1522.0,619.957441
QQQ,2026-01-08 17:33:00+00:00,620.13,620.13,620.0,620.06,35491.0,857.0,620.051019
QQQ,2026-01-08 17:34:00+00:00,620.09,620.1,619.84,619.99,40783.0,1006.0,619.968924
QQQ,2026-01-08 17:35:00+00:00,619.98,620.13,619.95,620.1,22994.0,732.0,620.032317
QQQ,2026-01-08 17:36:00+00:00,620.09,620.12,620.0,620.04,84634.0,1334.0,620.076845
QQQ,2026-01-08 17:37:00+00:00,620.03,620.13,619.95,620.01,90117.0,1573.0,620.031285
QQQ,2026-01-08 17:38:00+00:00,620.02,620.0351,619.87,619.95,93922.0,1274.0,619.966656
QQQ,2026-01-08 17:39:00+00:00,619.94,620.08,619.87,620.05,53055.0,1089.0,619.951359
QQQ,2026-01-08 17:40:00+00:00,620.04,620.106,619.9599,620.07,58367.0,1235.0,620.037229
QQQ,2026-01-08 17:41:00+00:00,620.07,620.3446,620.07,620.29,105860.0,1575.0,620.199663
QQQ,2026-01-08 17:42:00+00:00,620.29,620.44,620.18,620.28,158518.0,1232.0,620.223423
QQQ,2026-01-08 17:43:00+00:00,620.3,620.33,620.16,620.19,52911.0,1121.0,620.251727
QQQ,2026-01-08 17:44:00+00:00,620.19,620.2799,620.12,620.27,53744.0,990.0,620.195928
QQQ,2026-01-08 17:45:00+00:00,620.27,620.432,620.27,620.39,42052.0,914.0,620.364427
QQQ,2026-01-08 17:46:00+00:00,620.38,620.46,620.26,620.34,29215.0,853.0,620.372299
QQQ,2026-01-08 17:47:00+00:00,620.35,620.5,620.32,620.44,23376.0,710.0,620.399124
QQQ,2026-01-08 17:48:00+00:00,620.43,620.48,620.33,620.3509,40347.0,920.0,620.418353
QQQ,2026-01-08 17:49:00+00:00,620.36,620.63,620.34,620.55,288032.0,1677.0,620.515103
QQQ,2026-01-08 17:50:00+00:00,620.56,620.7665,620.56,620.7,120537.0,1844.0,620.667063
QQQ,2026-01-08 17:51:00+00:00,620.71,620.81,620.66,620.74,98038.0,1733.0,620.731739
QQQ,2026-01-08 17:52:00+00:00,620.74,620.99,620.74,620.9196,140214.0,1985.0,620.895484
QQQ,2026-01-08 17:53:00+00:00,620.92,620.93,620.79,620.93,43714.0,1026.0,620.848131
QQQ,2026-01-08 17:54:00+00:00,620.92,620.98,620.81,620.84,50490.0,998.0,620.877178
QQQ,2026-01-08 17:55:00+00:00,620.85,620.9,620.64,620.66,79806.0,1489.0,620.720131
QQQ,2026-01-08 17:56:00+00:00,620.679,620.81,620.655,620.72,30849.0,747.0,620.723919
QQQ,2026-01-08 17:57:00+00:00,620.7,620.8,620.67,620.74,35832.0,751.0,620.747343
QQQ,2026-01-08 17:58:00+00:00,620.73,620.76,620.41,620.42,96657.0,1609.0,620.518161
QQQ,2026-01-08 17:59:00+00:00,620.42,620.555,620.34,620.4211,96160.0,1726.0,620.444565
QQQ,2026-01-08 18:00:00+00:00,620.42,620.5,620.27,620.475,99305.0,1502.0,620.388502
QQQ,2026-01-08 18:01:00+00:00,620.48,620.515,620.375,620.45,57508.0,1084.0,620.442177
QQQ,2026-01-08 18:02:00+00:00,620.45,620.45,620.12,620.12,99135.0,1496.0,620.27574
QQQ,2026-01-08 18:03:00+00:00,620.11,620.135,619.96,620.1,131709.0,2194.0,620.044846
QQQ,2026-01-08 18:04:00+00:00,620.1,620.38,620.08,620.17,85351.0,1383.0,620.240807
QQQ,2026-01-08 18:05:00+00:00,620.14,620.14,619.85,619.9,79414.0,1459.0,619.978201
QQQ,2026-01-08 18:06:00+00:00,619.89,620.0,619.78,619.87,84445.0,1744.0,619.897182
QQQ,2026-01-08 18:07:00+00:00,619.86,619.92,619.78,619.85,99623.0,1565.0,619.865083
QQQ,2026-01-08 18:08:00+00:00,619.85,619.8501,619.58,619.71,108482.0,1869.0,619.712501
QQQ,2026-01-08 18:09:00+00:00,619.71,619.78,619.61,619.75,64242.0,1257.0,619.675939
QQQ,2026-01-08 18:10:00+00:00,619.76,619.82,619.59,619.635,46008.0,1029.0,619.66859
QQQ,2026-01-08 18:11:00+00:00,619.62,619.62,619.26,619.45,218991.0,1907.0,619.411871
QQQ,2026-01-08 18:12:00+00:00,619.44,619.48,619.24,619.37,99537.0,1947.0,619.319186
QQQ,2026-01-08 18:13:00+00:00,619.365,619.37,619.02,619.045,152566.0,2280.0,619.157432
QQQ,2026-01-08 18:14:00+00:00,619.03,619.19,618.99,619.1285,157024.0,2574.0,619.066132
QQQ,2026-01-08 18:15:00+00:00,619.12,619.25,618.96,619.21,113018.0,2049.0,619.071707
QQQ,2026-01-08 18:16:00+00:00,619.21,619.3,619.14,619.286,76471.0,1536.0,619.201531
QQQ,2026-01-08 18:17:00+00:00,619.29,619.69,619.26,619.6,116314.0,1965.0,619.469025
QQQ,2026-01-08 18:18:00+00:00,619.6,619.68,619.47,619.63,75592.0,1471.0,619.58705
QQQ,2026-01-08 18:19:00+00:00,619.64,620.0,619.6,619.995,89442.0,1552.0,619.82066
QQQ,2026-01-08 18:20:00+00:00,620.03,620.15,619.95,620.08,90397.0,1793.0,620.061536
QQQ,2026-01-08 18:21:00+00:00,620.11,620.11,619.81,619.86,68111.0,1414.0,619.98616
QQQ,2026-01-08 18:22:00+00:00,619.87,619.87,619.46,619.54,87602.0,1897.0,619.624749
QQQ,2026-01-08 18:23:00+00:00,619.53,619.61,619.49,619.57,37093.0,1079.0,619.535114
QQQ,2026-01-08 18:24:00+00:00,619.58,619.675,619.56,619.63,116362.0,1359.0,619.603081
QQQ,2026-01-08 18:25:00+00:00,619.63,619.69,619.5,619.57,55139.0,1281.0,619.593734
QQQ,2026-01-08 18:26:00+00:00,619.56,619.8,619.47,619.71,40006.0,1040.0,619.606225
QQQ,2026-01-08 18:27:00+00:00,619.72,619.98,619.72,619.97,48692.0,1083.0,619.812578
QQQ,2026-01-08 18:28:00+00:00,619.96,620.03,619.87,619.92,59866.0,1154.0,619.961851
QQQ,2026-01-08 18:29:00+00:00,619.9135,619.94,619.82,619.9,47863.0,996.0,619.885272
QQQ,2026-01-08 18:30:00+00:00,619.9,619.98,619.71,619.955,117245.0,2081.0,619.856148
QQQ,2026-01-08 18:31:00+00:00,619.95,619.99,619.72,619.75,37608.0,1205.0,619.86635
QQQ,2026-01-08 18:32:00+00:00,619.74,619.82,619.65,619.75,38520.0,963.0,619.722983
QQQ,2026-01-08 18:33:00+00:00,619.75,619.82,619.67,619.7301,38505.0,952.0,619.739108
QQQ,2026-01-08 18:34:00+00:00,619.725,619.775,619.66,619.68,23560.0,704.0,619.71863
QQQ,2026-01-08 18:35:00+00:00,619.68,620.07,619.66,620.05,52893.0,969.0,619.830954
QQQ,2026-01-08 18:36:00+00:00,620.04,620.07,620.0,620.04,41822.0,895.0,620.037567
QQQ,2026-01-08 18:37:00+00:00,620.05,620.0899,619.8,619.87,53029.0,1053.0,619.941815
QQQ,2026-01-08 18:38:00+00:00,619.88,619.92,619.78,619.915,40084.0,877.0,619.855991
QQQ,2026-01-08 18:39:00+00:00,619.905,619.94,619.8,619.8532,27487.0,715.0,619.88273
QQQ,2026-01-08 18:40:00+00:00,619.85,619.89,619.77,619.8,34188.0,901.0,619.833559
QQQ,2026-01-08 18:41:00+00:00,619.81,620.01,619.76,619.91,337149.0,754.0,619.852263
QQQ,2026-01-08 18:42:00+00:00,619.91,620.045,619.8,620.04,52804.0,1125.0,619.952937
QQQ,2026-01-08 18:43:00+00:00,620.04,620.05,619.9,619.925,62673.0,967.0,619.974901
QQQ,2026-01-08 18:44:00+00:00,619.92,619.96,619.83,619.93,20874.0,589.0,619.893092
QQQ,2026-01-08 18:45:00+00:00,619.93,619.98,619.73,619.78,179111.0,943.0,619.837591
QQQ,2026-01-08 18:46:00+00:00,619.77,620.18,619.77,620.15,43837.0,977.0,619.988786
QQQ,2026-01-08 18:47:00+00:00,620.14,620.26,620.045,620.24,81947.0,1141.0,620.161823
QQQ,2026-01-08 18:48:00+00:00,620.24,620.32,620.13,620.142,53378.0,999.0,620.237866
QQQ,2026-01-08 18:49:00+00:00,620.14,620.17,620.04,620.11,42718.0,849.0,620.118693
QQQ,2026-01-08 18:50:00+00:00,620.11,620.18,619.86,619.915,71412.0,1432.0,619.991982
QQQ,2026-01-08 18:51:00+00:00,619.91,619.99,619.6901,619.76,56213.0,1141.0,619.810239
QQQ,2026-01-08 18:52:00+00:00,619.76,619.76,619.51,619.57,71056.0,1235.0,619.609221
QQQ,2026-01-08 18:53:00+00:00,619.565,619.57,619.4277,619.54,94350.0,1341.0,619.514515
QQQ,2026-01-08 18:54:00+00:00,619.54,619.57,619.34,619.34,51404.0,1037.0,619.472774
QQQ,2026-01-08 18:55:00+00:00,619.33,619.48,619.26,619.2799,82426.0,1341.0,619.342866
QQQ,2026-01-08 18:56:00+00:00,619.28,619.31,619.17,619.24,75468.0,1247.0,619.235886
QQQ,2026-01-08 18:57:00+00:00,619.23,619.26,619.12,619.19,191927.0,1614.0,619.19703
QQQ,2026-01-08 18:58:00+00:00,619.19,619.25,619.12,619.13,85586.0,1357.0,619.163261
QQQ,2026-01-08 18:59:00+00:00,619.13,619.36,619.08,619.2345,88728.0,1537.0,619.205279
QQQ,2026-01-08 19:00:00+00:00,619.23,619.355,619.13,619.1899,152409.0,2391.0,619.220895
QQQ,2026-01-08 19:01:00+00:00,619.19,619.31,619.1113,619.31,66420.0,1132.0,619.184082
QQQ,2026-01-08 19:02:00+00:00,619.32,619.565,619.27,619.55,113084.0,1578.0,619.444474
QQQ,2026-01-08 19:03:00+00:00,619.55,619.86,619.51,619.835,89374.0,1477.0,619.718212
QQQ,2026-01-08 19:04:00+00:00,619.83,619.8559,619.61,619.61,66179.0,1199.0,619.709507
QQQ,2026-01-08 19:05:00+00:00,619.61,619.84,619.575,619.81,72498.0,1253.0,619.733172
QQQ,2026-01-08 19:06:00+00:00,619.8,619.8101,619.64,619.68,49206.0,960.0,619.717608
QQQ,2026-01-08 19:07:00+00:00,619.68,619.7,619.465,619.62,71255.0,1317.0,619.597905
QQQ,2026-01-08 19:08:00+00:00,619.62,619.675,619.55,619.58,47484.0,758.0,619.606187
QQQ,2026-01-08 19:09:00+00:00,619.59,619.71,619.42,619.42,154418.0,928.0,619.567725
QQQ,2026-01-08 19:10:00+00:00,619.44,619.46,619.1,619.12,217127.0,1969.0,619.206724
QQQ,2026-01-08 19:11:00+00:00,619.11,619.11,618.94,618.99,83814.0,1621.0,619.005287
QQQ,2026-01-08 19:12:00+00:00,619.0,619.07,618.89,619.02,73052.0,1237.0,618.980609
QQQ,2026-01-08 19:13:00+00:00,619.01,619.09,618.93,618.9375,49344.0,918.0,618.987729
QQQ,2026-01-08 19:14:00+00:00,618.94,618.94,618.8199,618.83,74207.0,1191.0,618.854783
QQQ,2026-01-08 19:15:00+00:00,618.81,618.865,618.47,618.68,131431.0,2293.0,618.646203
QQQ,2026-01-08 19:16:00+00:00,618.68,618.7,618.4,618.525,101760.0,1617.0,618.565494
QQQ,2026-01-08 19:17:00+00:00,618.53,619.02,618.515,618.95,106927.0,1657.0,618.772346
QQQ,2026-01-08 19:18:00+00:00,618.96,619.17,618.92,618.95,179806.0,1320.0,619.047929
QQQ,2026-01-08 19:19:00+00:00,618.96,619.26,618.905,619.25,72941.0,1251.0,619.112774
QQQ,2026-01-08 19:20:00+00:00,619.25,619.57,619.2207,619.56,106618.0,1582.0,619.432044
QQQ,2026-01-08 19:21:00+00:00,619.5599,619.64,619.22,619.22,77163.0,1259.0,619.451645
QQQ,2026-01-08 19:22:00+00:00,619.21,619.36,619.16,619.17,75090.0,1147.0,619.230739
QQQ,2026-01-08 19:23:00+00:00,619.16,619.19,618.97,619.12,56089.0,1110.0,619.075789
QQQ,2026-01-08 19:24:00+00:00,619.12,619.26,619.03,619.12,48502.0,974.0,619.099202
QQQ,2026-01-08 19:25:00+00:00,619.12,619.14,618.96,619.02,44691.0,899.0,619.041962
QQQ,2026-01-08 19:26:00+00:00,619.02,619.11,618.97,619.04,39154.0,782.0,619.029105
QQQ,2026-01-08 19:27:00+00:00,619.04,619.15,618.99,619.035,48933.0,824.0,619.044333
QQQ,2026-01-08 19:28:00+00:00,619.04,619.15,618.99,619.0493,60275.0,984.0,619.064797
QQQ,2026-01-08 19:29:00+00:00,619.065,619.17,619.0603,619.14,30899.0,621.0,619.118871
QQQ,2026-01-08 19:30:00+00:00,619.13,619.34,619.1,619.33,74929.0,1234.0,619.25509
QQQ,2026-01-08 19:31:00+00:00,619.35,619.51,619.3,619.46,67557.0,1055.0,619.398215
QQQ,2026-01-08 19:32:00+00:00,619.44,619.57,619.43,619.4601,82421.0,1311.0,619.497825
QQQ,2026-01-08 19:33:00+00:00,619.47,619.56,619.3428,619.38,50593.0,910.0,619.474219
QQQ,2026-01-08 19:34:00+00:00,619.36,619.44,619.24,619.32,44944.0,734.0,619.388211
QQQ,2026-01-08 19:35:00+00:00,619.33,619.37,619.16,619.16,50172.0,915.0,619.258496
QQQ,2026-01-08 19:36:00+00:00,619.16,619.1848,619.04,619.05,59975.0,1012.0,619.109312
QQQ,2026-01-08 19:37:00+00:00,619.04,619.16,618.995,619.0599,58794.0,962.0,619.060798
QQQ,2026-01-08 19:38:00+00:00,619.05,619.0935,618.95,619.04,42974.0,734.0,619.02053
QQQ,2026-01-08 19:39:00+00:00,619.0575,619.09,618.97,618.99,24966.0,636.0,619.032431
QQQ,2026-01-08 19:40:00+00:00,618.99,619.18,618.95,619.13,49797.0,824.0,619.039111
QQQ,2026-01-08 19:41:00+00:00,619.12,619.14,618.98,619.0,42529.0,941.0,619.047887
QQQ,2026-01-08 19:42:00+00:00,619.01,619.05,618.91,619.0121,38519.0,883.0,618.991541
QQQ,2026-01-08 19:43:00+00:00,619.01,619.09,618.79,618.83,71926.0,1086.0,618.903111
QQQ,2026-01-08 19:44:00+00:00,618.8455,618.99,618.83,618.96,46136.0,892.0,618.909972
QQQ,2026-01-08 19:45:00+00:00,618.97,619.1099,618.93,619.02,44895.0,849.0,619.017874
QQQ,2026-01-08 19:46:00+00:00,619.0101,619.13,618.97,619.05,58042.0,1016.0,619.045623
QQQ,2026-01-08 19:47:00+00:00,619.04,619.11,618.93,619.0,42392.0,797.0,619.015928
QQQ,2026-01-08 19:48:00+00:00,618.99,619.01,618.88,618.95,48146.0,877.0,618.940968
QQQ,2026-01-08 19:49:00+00:00,618.96,619.17,618.94,619.17,50267.0,919.0,619.068873
QQQ,2026-01-08 19:50:00+00:00,619.17,619.24,619.09,619.22,111874.0,992.0,619.168787
QQQ,2026-01-08 19:51:00+00:00,619.23,619.35,619.19,619.32,50870.0,911.0,619.262059
QQQ,2026-01-08 19:52:00+00:00,619.32,619.5541,619.32,619.52,111674.0,1625.0,619.44057
QQQ,2026-01-08 19:53:00+00:00,619.54,619.58,619.458,619.4601,363831.0,1049.0,619.525053
QQQ,2026-01-08 19:54:00+00:00,619.4732,619.479,619.3001,619.31,72393.0,736.0,619.408017
QQQ,2026-01-08 19:55:00+00:00,619.3,619.3,618.94,619.02,116061.0,1424.0,619.033854
QQQ,2026-01-08 19:56:00+00:00,619.02,619.04,618.9,618.94,55078.0,963.0,618.963391
QQQ,2026-01-08 19:57:00+00:00,618.935,619.02,618.88,618.96,45261.0,923.0,618.930226
QQQ,2026-01-08 19:58:00+00:00,618.98,619.21,618.96,619.1,49588.0,941.0,619.07581
QQQ,2026-01-08 19:59:00+00:00,619.12,619.3,619.09,619.29,35534.0,734.0,619.210938
QQQ,2026-01-08 20:00:00+00:00,619.27,619.29,619.13,619.165,42423.0,954.0,619.215894
QQQ,2026-01-08 20:01:00+00:00,619.14,619.26,619.1208,619.22,39063.0,784.0,619.183119
QQQ,2026-01-08 20:02:00+00:00,619.2,619.3332,619.2,619.31,42154.0,685.0,619.286179
QQQ,2026-01-08 20:03:00+00:00,619.29,619.5483,619.28,619.37,62148.0,1020.0,619.440532
QQQ,2026-01-08 20:04:00+00:00,619.38,619.46,619.35,619.41,46094.0,765.0,619.406522
QQQ,2026-01-08 20:05:00+00:00,619.41,619.42,619.21,619.28,51031.0,910.0,619.342588
QQQ,2026-01-08 20:06:00+00:00,619.28,619.285,619.085,619.19,42197.0,932.0,619.185752
QQQ,2026-01-08 20:07:00+00:00,619.19,619.28,619.14,619.28,35551.0,797.0,619.21552
QQQ,2026-01-08 20:08:00+00:00,619.28,619.34,619.2,619.31,52159.0,941.0,619.286921
QQQ,2026-01-08 20:09:00+00:00,619.33,619.45,619.3,619.41,34603.0,649.0,619.370323
QQQ,2026-01-08 20:10:00+00:00,619.41,619.81,619.4,619.81,638771.0,1395.0,619.673149
QQQ,2026-01-08 20:11:00+00:00,619.795,619.82,619.45,619.5,70115.0,1189.0,619.659488
QQQ,2026-01-08 20:12:00+00:00,619.51,619.605,619.48,619.57,57529.0,984.0,619.52731
QQQ,2026-01-08 20:13:00+00:00,619.57,619.8235,619.56,619.8101,68284.0,1217.0,619.72773
QQQ,2026-01-08 20:14:00+00:00,619.8,619.81,619.6807,619.7855,58371.0,924.0,619.757579
QQQ,2026-01-08 20:15:00+00:00,619.79,619.88,619.75,619.84,73366.0,1294.0,619.827523
QQQ,2026-01-08 20:16:00+00:00,619.85,619.855,619.59,619.59,47714.0,787.0,619.758787
QQQ,2026-01-08 20:17:00+00:00,619.59,619.6,619.49,619.52,76642.0,996.0,619.537625
QQQ,2026-01-08 20:18:00+00:00,619.52,619.665,619.505,619.6326,34953.0,597.0,619.573814
QQQ,2026-01-08 20:19:00+00:00,619.64,619.645,619.44,619.52,86331.0,1371.0,619.506861
QQQ,2026-01-08 20:20:00+00:00,619.54,619.605,619.5,619.605,297713.0,1108.0,619.551116
QQQ,2026-01-08 20:21:00+00:00,619.6,619.6101,619.4,619.49,31813.0,650.0,619.510558
QQQ,2026-01-08 20:22:00+00:00,619.5,619.5643,619.45,619.55,36420.0,616.0,619.483764
QQQ,2026-01-08 20:23:00+00:00,619.55,619.87,619.55,619.815,72737.0,1250.0,619.750799
QQQ,2026-01-08 20:24:00+00:00,619.815,619.85,619.73,619.75,79846.0,1319.0,619.78317
QQQ,2026-01-08 20:25:00+00:00,619.76,619.99,619.76,619.96,61271.0,1043.0,619.924637
QQQ,2026-01-08 20:26:00+00:00,619.9412,620.11,619.9412,620.09,85680.0,1526.0,620.016585
QQQ,2026-01-08 20:27:00+00:00,620.1,620.28,620.095,620.25,218367.0,1698.0,620.205111
QQQ,2026-01-08 20:28:00+00:00,620.26,620.46,620.23,620.38,167485.0,2302.0,620.381638
QQQ,2026-01-08 20:29:00+00:00,620.38,620.395,620.18,620.27,170806.0,1907.0,620.281292
QQQ,2026-01-08 20:30:00+00:00,620.29,620.55,620.29,620.4299,110715.0,1895.0,620.46002
QQQ,2026-01-08 20:31:00+00:00,620.42,620.535,620.33,620.46,146848.0,1714.0,620.428764
QQQ,2026-01-08 20:32:00+00:00,620.4525,620.49,620.2899,620.3,65670.0,1132.0,620.384671
QQQ,2026-01-08 20:33:00+00:00,620.3,620.48,620.24,620.455,56909.0,1090.0,620.370305
QQQ,2026-01-08 20:34:00+00:00,620.46,620.685,620.46,620.6788,73691.0,1432.0,620.549057
QQQ,2026-01-08 20:35:00+00:00,620.68,620.83,620.65,620.72,136740.0,2052.0,620.741754
QQQ,2026-01-08 20:36:00+00:00,620.72,620.84,620.7,620.72,101427.0,1411.0,620.785776
QQQ,2026-01-08 20:37:00+00:00,620.73,620.745,620.63,620.67,87182.0,1226.0,620.70537
QQQ,2026-01-08 20:38:00+00:00,620.68,620.778,620.645,620.71,97990.0,1496.0,620.707691
QQQ,2026-01-08 20:39:00+00:00,620.71,620.71,620.4,620.43,80657.0,1434.0,620.522807
QQQ,2026-01-08 20:40:00+00:00,620.44,620.56,620.315,620.365,92414.0,1691.0,620.443968
QQQ,2026-01-08 20:41:00+00:00,620.36,620.375,620.1644,620.23,103686.0,1760.0,620.251898
QQQ,2026-01-08 20:42:00+00:00,620.22,620.26,620.11,620.19,103664.0,1557.0,620.192685
QQQ,2026-01-08 20:43:00+00:00,620.1756,620.21,620.06,620.145,333086.0,1175.0,620.121165
QQQ,2026-01-08 20:44:00+00:00,620.16,620.38,620.11,620.3699,92441.0,1479.0,620.258236
QQQ,2026-01-08 20:45:00+00:00,620.36,620.55,620.27,620.38,141299.0,2030.0,620.416999
QQQ,2026-01-08 20:46:00+00:00,620.37,620.4841,620.37,620.43,59509.0,1146.0,620.432111
QQQ,2026-01-08 20:47:00+00:00,620.44,620.5499,620.34,620.52,76178.0,1323.0,620.418926
QQQ,2026-01-08 20:48:00+00:00,620.52,620.59,620.45,620.53,77045.0,1250.0,620.532376
QQQ,2026-01-08 20:49:00+00:00,620.53,620.66,620.52,620.56,189503.0,1461.0,620.584267
QQQ,2026-01-08 20:50:00+00:00,620.54,620.54,620.1599,620.31,448263.0,2974.0,620.312519
QQQ,2026-01-08 20:51:00+00:00,620.31,620.35,620.25,620.25,112974.0,1957.0,620.304682
QQQ,2026-01-08 20:52:00+00:00,620.26,620.44,620.16,620.42,121743.0,2009.0,620.300696
QQQ,2026-01-08 20:53:00+00:00,620.425,620.75,620.35,620.72,214685.0,3272.0,620.602246
QQQ,2026-01-08 20:54:00+00:00,620.72,620.8,620.595,620.6444,189948.0,3128.0,620.692624
QQQ,2026-01-08 20:55:00+00:00,620.64,620.74,620.52,620.6601,175183.0,2789.0,620.641192
QQQ,2026-01-08 20:56:00+00:00,620.66,620.85,620.64,620.77,157708.0,2489.0,620.726726
QQQ,2026-01-08 20:57:00+00:00,620.77,620.78,620.52,620.525,133944.0,2353.0,620.643207
QQQ,2026-01-08 20:58:00+00:00,620.53,620.665,620.53,620.665,199169.0,3311.0,620.612076
QQQ,2026-01-08 20:59:00+00:00,620.66,620.77,620.37,620.43,881461.0,8017.0,620.575729
QQQ,2026-01-08 21:00:00+00:00,620.43,620.86,620.4,620.81,882869.0,912.0,620.545458
QQQ,2026-01-08 21:01:00+00:00,620.81,620.87,620.68,620.69,54958.0,353.0,620.797081
QQQ,2026-01-08 21:02:00+00:00,620.67,620.7,620.54,620.64,28486.0,172.0,620.638507
QQQ,2026-01-08 21:03:00+00:00,620.62,620.62,620.51,620.54,12680.0,146.0,620.543446
QQQ,2026-01-08 21:04:00+00:00,620.55,620.67,620.54,620.63,134196.0,228.0,620.583854
QQQ,2026-01-08 21:05:00+00:00,620.67,620.67,620.55,620.55,11656.0,111.0,620.590016
QQQ,2026-01-08 21:06:00+00:00,620.56,620.6084,620.56,620.57,12812.0,84.0,620.581165
QQQ,2026-01-08 21:07:00+00:00,620.57,620.6,620.47,620.499,10309.0,80.0,620.527666
QQQ,2026-01-08 21:08:00+00:00,620.59,620.66,620.55,620.65,25346.0,199.0,620.584132
QQQ,2026-01-08 21:09:00+00:00,620.69,620.69,620.64,620.67,20103.0,71.0,620.666181
QQQ,2026-01-08 21:10:00+00:00,620.65,620.65,620.52,620.55,11360.0,83.0,620.570679
QQQ,2026-01-08 21:11:00+00:00,620.56,620.56,620.509,620.509,6969.0,52.0,620.535573
QQQ,2026-01-08 21:12:00+00:00,620.5,620.59,620.47,620.58,405380.0,136.0,620.515556
QQQ,2026-01-08 21:13:00+00:00,620.59,620.62,620.5,620.58,9337.0,76.0,620.548641
QQQ,2026-01-08 21:14:00+00:00,620.57,620.61,620.52,620.61,6293.0,57.0,620.55987
QQQ,2026-01-08 21:15:00+00:00,620.61,620.61,620.56,620.56,32133.0,31.0,620.585392
QQQ,2026-01-08 21:16:00+00:00,620.56,620.5792,620.56,620.5601,2325.0,30.0,620.566002
QQQ,2026-01-08 21:17:00+00:00,620.56,620.5698,620.53,620.53,6296.0,46.0,620.547274
QQQ,2026-01-08 21:18:00+00:00,620.57,620.58,620.51,620.53,3733.0,61.0,620.552617
QQQ,2026-01-08 21:19:00+00:00,620.53,620.55,620.53,620.55,349.0,23.0,620.54
QQQ,2026-01-08 21:21:00+00:00,620.55,620.6,620.55,620.6,4728.0,29.0,620.582384
QQQ,2026-01-08 21:22:00+00:00,620.6003,620.68,620.6,620.68,949.0,41.0,620.652719
QQQ,2026-01-08 21:23:00+00:00,620.68,620.68,620.64,620.67,3310.0,44.0,620.649358
QQQ,2026-01-08 21:24:00+00:00,620.66,620.66,620.64,620.64,2772.0,25.0,620.641475
QQQ,2026-01-08 21:25:00+00:00,620.64,620.65,620.63,620.63,7513.0,58.0,620.638979
QQQ,2026-01-08 21:26:00+00:00,620.68,620.73,620.68,620.73,414.0,26.0,620.706218
QQQ,2026-01-08 21:27:00+00:00,620.7,620.7,620.69,620.69,350.0,17.0,620.696795
QQQ,2026-01-08 21:28:00+00:00,620.7,620.77,620.7,620.75,1300.0,28.0,620.737623
QQQ,2026-01-08 21:29:00+00:00,620.78,620.8,620.7491,620.7491,407.0,19.0,620.778887
QQQ,2026-01-08 21:30:00+00:00,620.82,620.85,620.82,620.83,399.0,22.0,620.827029
QQQ,2026-01-08 21:31:00+00:00,620.85,620.93,620.84,620.92,5781.0,78.0,620.859142
QQQ,2026-01-08 21:32:00+00:00,620.93,620.98,620.91,620.94,9554.0,76.0,620.953298
QQQ,2026-01-08 21:33:00+00:00,620.9495,620.9799,620.93,620.93,2248.0,51.0,620.959926
QQQ,2026-01-08 21:34:00+00:00,620.9,621.01,620.9,621.01,2442.0,75.0,620.955271
QQQ,2026-01-08 21:35:00+00:00,621.05,621.14,621.05,621.06,21029.0,141.0,621.082488
QQQ,2026-01-08 21:36:00+00:00,621.0826,621.15,621.0826,621.15,14210.0,101.0,621.136916
QQQ,2026-01-08 21:37:00+00:00,621.17,621.18,621.11,621.11,21893.0,90.0,621.139698
QQQ,2026-01-08 21:38:00+00:00,621.17,621.27,621.1,621.27,35316.0,221.0,621.197874
QQQ,2026-01-08 21:39:00+00:00,621.27,621.48,621.27,621.48,13838.0,146.0,621.361788
QQQ,2026-01-08 21:40:00+00:00,621.46,621.67,621.45,621.63,24565.0,239.0,621.564671
QQQ,2026-01-08 21:41:00+00:00,621.64,621.64,621.5,621.5,58556.0,332.0,621.575761
QQQ,2026-01-08 21:42:00+00:00,621.55,621.67,621.55,621.63,9299.0,93.0,621.620809
QQQ,2026-01-08 21:43:00+00:00,621.6754,621.83,621.6754,621.8212,5749.0,72.0,621.781291
QQQ,2026-01-08 21:44:00+00:00,621.8,621.8,621.58,621.6,9789.0,47.0,621.690184
QQQ,2026-01-08 21:45:00+00:00,621.53,621.6,621.52,621.6,4716.0,46.0,621.560974
QQQ,2026-01-08 21:46:00+00:00,621.59,621.6,621.55,621.55,1936.0,27.0,621.582221
QQQ,2026-01-08 21:47:00+00:00,621.5901,621.5901,621.5008,621.54,1784.0,42.0,621.543917
QQQ,2026-01-08 21:48:00+00:00,621.56,621.58,621.511,621.511,7020.0,78.0,621.56697
QQQ,2026-01-08 21:49:00+00:00,621.5,621.57,621.5,621.57,5313.0,84.0,621.520249
QQQ,2026-01-08 21:50:00+00:00,621.57,621.6,621.57,621.59,6362.0,35.0,621.581668
QQQ,2026-01-08 21:51:00+00:00,621.59,621.59,621.5608,621.58,1160.0,21.0,621.58402
QQQ,2026-01-08 21:52:00+00:00,621.61,621.61,621.61,621.61,155.0,11.0,621.61
QQQ,2026-01-08 21:53:00+00:00,621.64,621.66,621.6,621.61,8428.0,53.0,621.621145
QQQ,2026-01-08 21:54:00+00:00,621.6106,621.6106,621.45,621.45,7139.0,66.0,621.479893
QQQ,2026-01-08 21:55:00+00:00,621.48,621.48,621.26,621.26,6335.0,50.0,621.348846
QQQ,2026-01-08 21:56:00+00:00,621.21,621.29,621.21,621.25,31652.0,140.0,621.237925
QQQ,2026-01-08 21:57:00+00:00,621.23,621.23,621.0,621.0,21883.0,113.0,621.093916
QQQ,2026-01-08 21:58:00+00:00,621.0,621.19,620.99,621.19,42454.0,101.0,621.04309
QQQ,2026-01-08 21:59:00+00:00,621.16,621.16,621.1,621.1,1210.0,22.0,621.128449
QQQ,2026-01-08 22:01:00+00:00,621.0634,621.0634,621.0634,621.0634,217.0,21.0,621.0634
QQQ,2026-01-08 22:02:00+00:00,621.03,621.11,621.02,621.03,72538.0,32.0,621.044626
QQQ,2026-01-08 22:03:00+00:00,621.09,621.09,621.09,621.09,279.0,9.0,621.09
QQQ,2026-01-08 22:05:00+00:00,621.06,621.2,621.06,621.2,5125.0,130.0,621.174622
QQQ,2026-01-08 22:06:00+00:00,621.1,621.1,621.09,621.09,424.0,22.0,621.093571
QQQ,2026-01-08 22:07:00+00:00,621.08,621.08,621.08,621.08,741.0,9.0,621.08
QQQ,2026-01-08 22:08:00+00:00,621.07,621.07,621.0447,621.0447,252.0,20.0,621.062559
QQQ,2026-01-08 22:09:00+00:00,621.07,621.08,621.07,621.08,533.0,15.0,621.072
QQQ,2026-01-08 22:10:00+00:00,621.04,621.07,620.98,621.0001,6225.0,43.0,620.991669
QQQ,2026-01-08 22:11:00+00:00,620.99,620.99,620.99,620.99,106.0,6.0,620.99
QQQ,2026-01-08 22:12:00+00:00,620.98,621.01,620.98,621.0,3922.0,36.0,620.988996
QQQ,2026-01-08 22:14:00+00:00,621.0,621.0,620.98,620.98,932.0,23.0,620.995909
QQQ,2026-01-08 22:15:00+00:00,620.99,620.99,620.99,620.99,156.0,14.0,620.99
QQQ,2026-01-08 22:16:00+00:00,620.99,621.01,620.99,621.01,1314.0,21.0,621.007506
QQQ,2026-01-08 22:17:00+00:00,621.0,621.0,621.0,621.0,157.0,17.0,621.0
QQQ,2026-01-08 22:18:00+00:00,621.0,621.04,621.0,621.04,536.0,12.0,621.019879
QQQ,2026-01-08 22:19:00+00:00,621.04,621.04,621.01,621.01,257.0,19.0,621.032021
QQQ,2026-01-08 22:20:00+00:00,621.0,621.02,620.99,621.01,1088.0,28.0,621.004774
QQQ,2026-01-08 22:21:00+00:00,621.01,621.02,621.0,621.02,1452.0,19.0,621.001715
QQQ,2026-01-08 22:22:00+00:00,621.01,621.05,621.01,621.01,892.0,31.0,621.017319
QQQ,2026-01-08 22:23:00+00:00,621.0,621.01,621.0,621.01,312.0,22.0,621.004444
QQQ,2026-01-08 22:24:00+00:00,621.02,621.02,621.02,621.02,225.0,15.0,621.02
QQQ,2026-01-08 22:25:00+00:00,621.0,621.14,621.0,621.01,1643.0,29.0,621.051949
QQQ,2026-01-08 22:26:00+00:00,621.02,621.07,621.02,621.03,801.0,19.0,621.03641
QQQ,2026-01-08 22:27:00+00:00,621.1391,621.1391,621.1391,621.1391,65.0,7.0,621.1391
QQQ,2026-01-08 22:28:00+00:00,621.08,621.14,621.07,621.14,2254.0,30.0,621.103182
QQQ,2026-01-08 22:29:00+00:00,621.14,621.14,621.14,621.14,188.0,9.0,621.14
QQQ,2026-01-08 22:31:00+00:00,621.11,621.11,621.11,621.11,468.0,19.0,621.11
QQQ,2026-01-08 22:32:00+00:00,621.12,621.12,621.12,621.12,123.0,14.0,621.12
QQQ,2026-01-08 22:34:00+00:00,621.2393,621.2393,621.2393,621.2393,197.0,14.0,621.2393
QQQ,2026-01-08 22:35:00+00:00,621.23,621.25,621.23,621.25,404.0,24.0,621.236667
QQQ,2026-01-08 22:36:00+00:00,621.25,621.25,621.25,621.25,203.0,4.0,621.25
QQQ,2026-01-08 22:38:00+00:00,621.294,621.294,621.294,621.294,107.0,5.0,621.294
QQQ,2026-01-08 22:41:00+00:00,621.28,621.28,621.28,621.28,109.0,7.0,621.28
QQQ,2026-01-08 22:42:00+00:00,621.27,621.5,621.21,621.5,17530.0,160.0,621.417231
QQQ,2026-01-08 22:43:00+00:00,621.48,621.67,621.45,621.45,1122.0,19.0,621.492758
QQQ,2026-01-08 22:44:00+00:00,621.41,621.514,621.41,621.514,1372.0,30.0,621.466766
QQQ,2026-01-08 22:45:00+00:00,621.43,621.43,621.43,621.43,308.0,14.0,621.43
QQQ,2026-01-08 22:46:00+00:00,621.53,621.65,621.53,621.64,5550.0,148.0,621.611802
QQQ,2026-01-08 22:47:00+00:00,621.4215,621.4215,621.4215,621.4215,101.0,9.0,621.4215
QQQ,2026-01-08 22:48:00+00:00,621.45,621.4676,621.45,621.4676,266.0,19.0,621.4588
QQQ,2026-01-08 22:50:00+00:00,621.61,621.63,621.58,621.58,314.0,18.0,621.614609
QQQ,2026-01-08 22:51:00+00:00,621.5585,621.56,621.5585,621.56,321.0,14.0,621.559599
QQQ,2026-01-08 22:53:00+00:00,621.55,621.56,621.55,621.55,5276.0,83.0,621.551553
QQQ,2026-01-08 22:54:00+00:00,621.5,621.55,621.45,621.45,2519.0,35.0,621.475701
QQQ,2026-01-08 22:55:00+00:00,621.52,621.52,621.52,621.52,96.0,10.0,621.52
QQQ,2026-01-08 22:56:00+00:00,621.5,621.5,621.5,621.5,131.0,22.0,621.5
QQQ,2026-01-08 22:57:00+00:00,621.4612,621.4612,621.45,621.45,553.0,14.0,621.452135
QQQ,2026-01-08 22:58:00+00:00,621.47,621.47,621.45,621.45,239.0,21.0,621.456405
QQQ,2026-01-08 22:59:00+00:00,621.42,621.42,621.37,621.37,686.0,37.0,621.39
QQQ,2026-01-08 23:00:00+00:00,621.26,621.47,621.26,621.35,12012.0,153.0,621.398068
QQQ,2026-01-08 23:01:00+00:00,621.38,621.45,621.36,621.41,3687.0,48.0,621.411211
QQQ,2026-01-08 23:02:00+00:00,621.3,621.3382,621.3,621.3,1446.0,16.0,621.302748
QQQ,2026-01-08 23:03:00+00:00,621.31,621.31,621.26,621.26,972.0,24.0,621.297459
QQQ,2026-01-08 23:04:00+00:00,621.2883,621.2883,621.2,621.2,805.0,26.0,621.216378
QQQ,2026-01-08 23:05:00+00:00,621.22,621.22,621.22,621.22,139.0,14.0,621.22
QQQ,2026-01-08 23:07:00+00:00,621.35,621.38,621.35,621.38,1738.0,16.0,621.366197
QQQ,2026-01-08 23:08:00+00:00,621.35,621.36,621.35,621.36,1736.0,17.0,621.354737
QQQ,2026-01-08 23:09:00+00:00,621.37,621.37,621.34,621.36,1701.0,21.0,621.364509
QQQ,2026-01-08 23:10:00+00:00,621.2,621.2,621.17,621.19,1180.0,23.0,621.176072
QQQ,2026-01-08 23:11:00+00:00,621.16,621.16,621.16,621.16,132.0,11.0,621.16
QQQ,2026-01-08 23:12:00+00:00,621.19,621.19,621.19,621.19,44.0,5.0,621.19
QQQ,2026-01-08 23:13:00+00:00,621.1554,621.1554,621.1084,621.1084,4214.0,27.0,621.110571
QQQ,2026-01-08 23:15:00+00:00,621.05,621.05,621.03,621.03,2732.0,30.0,621.031484
QQQ,2026-01-08 23:16:00+00:00,621.04,621.0741,621.03,621.03,371.0,14.0,621.044029
QQQ,2026-01-08 23:17:00+00:00,621.08,621.09,621.08,621.08,939.0,18.0,621.084441
QQQ,2026-01-08 23:18:00+00:00,621.06,621.07,621.05,621.07,5816.0,21.0,621.057228
QQQ,2026-01-08 23:19:00+00:00,621.07,621.07,621.07,621.07,1692.0,13.0,621.07
QQQ,2026-01-08 23:20:00+00:00,621.1,621.1,621.1,621.1,312.0,9.0,621.1
QQQ,2026-01-08 23:21:00+00:00,621.0982,621.0982,621.07,621.07,1044.0,13.0,621.08692
QQQ,2026-01-08 23:22:00+00:00,621.05,621.05,620.99,620.99,720.0,31.0,621.03363
QQQ,2026-01-08 23:24:00+00:00,621.01,621.01,620.89,620.91,6169.0,18.0,620.920764
QQQ,2026-01-08 23:25:00+00:00,620.9,620.9,620.801,620.801,1069.0,14.0,620.895286
QQQ,2026-01-08 23:26:00+00:00,620.82,620.82,620.82,620.82,212.0,14.0,620.82
QQQ,2026-01-08 23:28:00+00:00,620.81,620.81,620.79,620.79,745.0,23.0,620.798691
QQQ,2026-01-08 23:29:00+00:00,620.77,620.8,620.74,620.74,780.0,27.0,620.77087
QQQ,2026-01-08 23:30:00+00:00,620.74,620.789,620.73,620.789,9090.0,42.0,620.760447
QQQ,2026-01-08 23:32:00+00:00,620.79,620.79,620.789,620.789,675.0,14.0,620.789833
QQQ,2026-01-08 23:33:00+00:00,620.78,620.78,620.78,620.78,240.0,8.0,620.78
QQQ,2026-01-08 23:34:00+00:00,620.76,620.76,620.68,620.68,2192.0,42.0,620.720574
QQQ,2026-01-08 23:35:00+00:00,620.68,620.69,620.67,620.67,419.0,19.0,620.679697
QQQ,2026-01-08 23:36:00+00:00,620.66,620.66,620.6568,620.6568,309.0,11.0,620.65744
QQQ,2026-01-08 23:37:00+00:00,620.66,620.68,620.62,620.62,2130.0,39.0,620.651572
QQQ,2026-01-08 23:38:00+00:00,620.64,620.64,620.63,620.63,1059.0,10.0,620.636505
QQQ,2026-01-08 23:39:00+00:00,620.57,620.59,620.51,620.57,5049.0,47.0,620.568265
QQQ,2026-01-08 23:40:00+00:00,620.54,620.55,620.53,620.55,983.0,12.0,620.545263
QQQ,2026-01-08 23:41:00+00:00,620.52,620.53,620.52,620.53,386.0,13.0,620.524385
QQQ,2026-01-08 23:42:00+00:00,620.58,620.58,620.58,620.58,119.0,6.0,620.58
QQQ,2026-01-08 23:43:00+00:00,620.56,620.56,620.56,620.56,82.0,11.0,620.56
QQQ,2026-01-08 23:44:00+00:00,620.55,620.55,620.51,620.53,2327.0,23.0,620.524035
QQQ,2026-01-08 23:45:00+00:00,620.53,620.54,620.4803,620.5,1571.0,40.0,620.508244
QQQ,2026-01-08 23:46:00+00:00,620.55,620.55,620.51,620.5108,422.0,21.0,620.526059
QQQ,2026-01-08 23:47:00+00:00,620.5438,620.5438,620.54,620.54,233.0,9.0,620.54095
QQQ,2026-01-08 23:48:00+00:00,620.55,620.63,620.55,620.63,1924.0,19.0,620.59173
QQQ,2026-01-08 23:49:00+00:00,620.6678,620.6678,620.56,620.56,1332.0,16.0,620.640435
QQQ,2026-01-08 23:50:00+00:00,620.55,620.55,620.479,620.489,1148.0,27.0,620.495764
QQQ,2026-01-08 23:51:00+00:00,620.4801,620.5,620.48,620.5,514.0,21.0,620.485528
QQQ,2026-01-08 23:52:00+00:00,620.48,620.48,620.33,620.33,3227.0,59.0,620.414572
QQQ,2026-01-08 23:53:00+00:00,620.36,620.3698,620.3367,620.3698,3649.0,24.0,620.358655
QQQ,2026-01-08 23:54:00+00:00,620.34,620.36,620.3,620.36,3915.0,33.0,620.332517
QQQ,2026-01-08 23:55:00+00:00,620.37,620.37,620.33,620.35,808.0,14.0,620.356771
QQQ,2026-01-08 23:56:00+00:00,620.31,620.32,620.3,620.32,517.0,19.0,620.31
QQQ,2026-01-08 23:57:00+00:00,620.311,620.32,620.3052,620.32,319.0,23.0,620.313385
QQQ,2026-01-08 23:58:00+00:00,620.29,620.29,620.231,620.231,785.0,27.0,620.252471
QQQ,2026-01-08 23:59:00+00:00,620.2836,620.3,620.211,620.3,943.0,17.0,620.26192
QQQ,2026-01-09 00:00:00+00:00,620.29,620.29,620.25,620.2501,257.0,16.0,620.276104
QQQ,2026-01-09 00:01:00+00:00,620.4498,620.4498,620.2999,620.2999,1953.0,21.0,620.398916
QQQ,2026-01-09 00:03:00+00:00,620.425,620.425,620.425,620.425,115.0,5.0,620.425
QQQ,2026-01-09 00:04:00+00:00,620.35,620.35,620.33,620.33,322.0,17.0,620.335484
QQQ,2026-01-09 00:05:00+00:00,620.32,620.34,620.32,620.34,4261.0,30.0,620.335699
QQQ,2026-01-09 00:06:00+00:00,620.37,620.45,620.36,620.37,4064.0,34.0,620.409355
QQQ,2026-01-09 00:07:00+00:00,620.44,620.47,620.43,620.46,1779.0,27.0,620.457849
QQQ,2026-01-09 00:08:00+00:00,620.4218,620.44,620.4218,620.44,248.0,12.0,620.430854
QQQ,2026-01-09 00:09:00+00:00,620.4,620.4,620.4,620.4,198.0,16.0,620.4
QQQ,2026-01-09 00:10:00+00:00,620.36,620.36,620.27,620.2708,732.0,19.0,620.291313
QQQ,2026-01-09 00:11:00+00:00,620.42,620.42,620.42,620.42,173.0,12.0,620.42
QQQ,2026-01-09 00:12:00+00:00,620.4492,620.47,620.4492,620.47,910.0,15.0,620.457176
QQQ,2026-01-09 00:13:00+00:00,620.47,620.5,620.47,620.5,1425.0,26.0,620.482434
QQQ,2026-01-09 00:14:00+00:00,620.5285,620.6,620.5201,620.56,1782.0,22.0,620.544265
QQQ,2026-01-09 00:15:00+00:00,620.54,620.5699,620.54,620.5699,193.0,13.0,620.549967
QQQ,2026-01-09 00:16:00+00:00,620.57,620.6,620.57,620.6,386.0,17.0,620.591176
QQQ,2026-01-09 00:17:00+00:00,620.54,620.55,620.54,620.55,352.0,12.0,620.545
QQQ,2026-01-09 00:19:00+00:00,620.55,620.56,620.55,620.56,194.0,10.0,620.55435
QQQ,2026-01-09 00:21:00+00:00,620.56,620.7,620.56,620.7,1866.0,27.0,620.662003
QQQ,2026-01-09 00:22:00+00:00,620.73,620.73,620.73,620.73,127.0,12.0,620.73
QQQ,2026-01-09 00:23:00+00:00,620.6936,620.6936,620.63,620.63,415.0,6.0,620.640728
QQQ,2026-01-09 00:24:00+00:00,620.6,620.6,620.6,620.6,155.0,13.0,620.6
QQQ,2026-01-09 00:25:00+00:00,620.5,620.5,620.49,620.49,285.0,27.0,620.497143
QQQ,2026-01-09 00:26:00+00:00,620.41,620.41,620.3,620.3,2207.0,46.0,620.345366
QQQ,2026-01-09 00:27:00+00:00,620.2999,620.3,620.2999,620.3,180.0,12.0,620.299929
QQQ,2026-01-09 00:28:00+00:00,620.36,620.4,620.36,620.3996,550.0,14.0,620.371559
QQQ,2026-01-09 00:29:00+00:00,620.4,620.4,620.4,620.4,344.0,18.0,620.4
QQQ,2026-01-09 00:30:00+00:00,620.53,620.53,620.53,620.53,325.0,11.0,620.53
QQQ,2026-01-09 00:31:00+00:00,620.59,620.59,620.55,620.55,158.0,9.0,620.578169
QQQ,2026-01-09 00:32:00+00:00,620.63,620.68,620.63,620.68,285.0,19.0,620.65604
QQQ,2026-01-09 00:33:00+00:00,620.65,620.65,620.65,620.65,348.0,18.0,620.65
QQQ,2026-01-09 00:35:00+00:00,620.59,620.59,620.5102,620.5102,526.0,16.0,620.55808
QQQ,2026-01-09 00:36:00+00:00,620.53,620.62,620.53,620.62,583.0,17.0,620.587741
QQQ,2026-01-09 00:38:00+00:00,620.7,620.72,620.68,620.68,925.0,15.0,620.704444
QQQ,2026-01-09 00:39:00+00:00,620.67,620.67,620.67,620.67,210.0,7.0,620.67
QQQ,2026-01-09 00:40:00+00:00,620.65,620.65,620.65,620.65,906.0,9.0,620.65
QQQ,2026-01-09 00:42:00+00:00,620.69,620.69,620.69,620.69,174.0,11.0,620.69
QQQ,2026-01-09 00:43:00+00:00,620.7,620.7,620.66,620.66,319.0,12.0,620.684674
QQQ,2026-01-09 00:44:00+00:00,620.61,620.74,620.61,620.72,752.0,16.0,620.717471
QQQ,2026-01-09 00:45:00+00:00,620.67,620.7,620.67,620.7,435.0,13.0,620.6775
QQQ,2026-01-09 00:46:00+00:00,620.63,620.63,620.51,620.51,1772.0,9.0,620.605966
QQQ,2026-01-09 00:47:00+00:00,620.55,620.55,620.53,620.53,597.0,16.0,620.531785
QQQ,2026-01-09 00:48:00+00:00,620.55,620.55,620.55,620.55,167.0,7.0,620.55
QQQ,2026-01-09 00:49:00+00:00,620.54,620.5599,620.54,620.55,715.0,17.0,620.550677
QQQ,2026-01-09 00:50:00+00:00,620.51,620.51,620.49,620.5,2218.0,18.0,620.500472
QQQ,2026-01-09 00:51:00+00:00,620.53,620.53,620.47,620.47,1801.0,19.0,620.485486
QQQ,2026-01-09 00:52:00+00:00,620.47,620.48,620.39,620.39,834.0,16.0,620.451866
QQQ,2026-01-09 00:53:00+00:00,620.41,620.4168,620.38,620.38,969.0,15.0,620.403189
QQQ,2026-01-09 00:54:00+00:00,620.37,620.37,620.2986,620.3,4240.0,30.0,620.329847
QQQ,2026-01-09 00:55:00+00:00,620.26,620.26,620.13,620.13,2160.0,42.0,620.231204
QQQ,2026-01-09 00:56:00+00:00,620.16,620.21,620.16,620.16,1676.0,18.0,620.173691
QQQ,2026-01-09 00:57:00+00:00,620.17,620.229,620.17,620.2092,1585.0,22.0,620.209806
QQQ,2026-01-09 00:58:00+00:00,620.19,620.19,620.084,620.17,5675.0,51.0,620.154325
QQQ,2026-01-09 00:59:00+00:00,620.13,620.16,620.08,620.1,2699.0,44.0,620.107887
QQQ,2026-01-09 09:00:00+00:00,620.46,620.57,620.46,620.57,3389.0,54.0,620.481858
QQQ,2026-01-09 09:01:00+00:00,620.61,620.61,620.4,620.4,647.0,37.0,620.546429
QQQ,2026-01-09 09:02:00+00:00,620.38,620.39,620.34,620.37,1334.0,32.0,620.375825
QQQ,2026-01-09 09:03:00+00:00,620.4,620.4,620.37,620.39,507.0,21.0,620.388511
QQQ,2026-01-09 09:04:00+00:00,620.29,620.29,620.22,620.22,566.0,26.0,620.235
QQQ,2026-01-09 09:05:00+00:00,620.36,620.49,620.36,620.49,391.0,16.0,620.431982
QQQ,2026-01-09 09:06:00+00:00,620.49,620.5,620.37,620.37,600.0,23.0,620.436
QQQ,2026-01-09 09:07:00+00:00,620.41,620.44,620.4,620.4,986.0,21.0,620.414653
QQQ,2026-01-09 09:08:00+00:00,620.37,620.37,620.28,620.32,1415.0,31.0,620.304441
QQQ,2026-01-09 09:09:00+00:00,620.37,620.37,620.23,620.33,1836.0,45.0,620.278277
QQQ,2026-01-09 09:10:00+00:00,620.33,620.34,620.28,620.3,560.0,8.0,620.316846
QQQ,2026-01-09 09:11:00+00:00,620.37,620.37,620.26,620.29,2237.0,32.0,620.277141
QQQ,2026-01-09 09:12:00+00:00,620.29,620.29,620.29,620.29,129.0,5.0,620.29
QQQ,2026-01-09 09:13:00+00:00,620.35,620.35,620.35,620.35,217.0,10.0,620.35
QQQ,2026-01-09 09:14:00+00:00,620.4,620.47,620.4,620.47,244.0,10.0,620.436986
QQQ,2026-01-09 09:15:00+00:00,620.48,620.53,620.48,620.53,1350.0,25.0,620.501562
QQQ,2026-01-09 09:16:00+00:00,620.5,620.5,620.45,620.46,374.0,12.0,620.465576
QQQ,2026-01-09 09:17:00+00:00,620.56,620.58,620.56,620.58,181.0,9.0,620.567097
QQQ,2026-01-09 09:18:00+00:00,620.54,620.55,620.52,620.52,1369.0,26.0,620.537935
QQQ,2026-01-09 09:19:00+00:00,620.58,620.63,620.58,620.62,372.0,23.0,620.608
QQQ,2026-01-09 09:20:00+00:00,620.7,620.72,620.66,620.66,786.0,20.0,620.683095
QQQ,2026-01-09 09:21:00+00:00,620.55,620.59,620.55,620.57,485.0,13.0,620.572548
QQQ,2026-01-09 09:22:00+00:00,620.59,620.59,620.59,620.59,77.0,3.0,620.59
QQQ,2026-01-09 09:23:00+00:00,620.7,620.72,620.68,620.72,281.0,9.0,620.70303
QQQ,2026-01-09 09:24:00+00:00,620.71,620.75,620.71,620.75,1108.0,14.0,620.747122
QQQ,2026-01-09 09:25:00+00:00,620.78,620.8,620.74,620.77,2112.0,47.0,620.757649
QQQ,2026-01-09 09:26:00+00:00,620.82,620.9,620.82,620.9,821.0,26.0,620.872453
QQQ,2026-01-09 09:27:00+00:00,620.9,620.91,620.89,620.91,324.0,10.0,620.902821
QQQ,2026-01-09 09:28:00+00:00,620.92,621.01,620.92,621.01,1175.0,20.0,620.988291
QQQ,2026-01-09 09:29:00+00:00,620.98,621.03,620.98,621.03,249.0,12.0,621.005213
QQQ,2026-01-09 09:30:00+00:00,621.04,621.26,621.04,621.25,3035.0,55.0,621.151257
QQQ,2026-01-09 09:31:00+00:00,621.29,621.4,621.29,621.4,2543.0,57.0,621.313167
QQQ,2026-01-09 09:32:00+00:00,621.4,621.5,621.4,621.46,1724.0,24.0,621.442395
QQQ,2026-01-09 09:33:00+00:00,621.47,621.52,621.43,621.43,1726.0,37.0,621.471319
QQQ,2026-01-09 09:34:00+00:00,621.42,621.5,621.41,621.5,1329.0,35.0,621.445319
QQQ,2026-01-09 09:35:00+00:00,621.55,621.55,621.48,621.52,3268.0,37.0,621.504782
QQQ,2026-01-09 09:36:00+00:00,621.54,621.55,621.54,621.55,345.0,11.0,621.542911
QQQ,2026-01-09 09:37:00+00:00,621.5,621.63,621.48,621.63,2187.0,41.0,621.525304
QQQ,2026-01-09 09:38:00+00:00,621.65,621.66,621.58,621.58,632.0,20.0,621.642698
QQQ,2026-01-09 09:39:00+00:00,621.59,621.59,621.54,621.57,977.0,18.0,621.563318
QQQ,2026-01-09 09:40:00+00:00,621.54,621.54,621.41,621.41,1377.0,35.0,621.490273
QQQ,2026-01-09 09:41:00+00:00,621.42,621.53,621.4,621.4,2774.0,59.0,621.497538
QQQ,2026-01-09 09:42:00+00:00,621.46,621.54,621.44,621.47,992.0,20.0,621.50828
QQQ,2026-01-09 09:43:00+00:00,621.51,621.57,621.45,621.47,3295.0,46.0,621.54992
QQQ,2026-01-09 09:45:00+00:00,621.44,621.44,621.41,621.41,825.0,20.0,621.437991
QQQ,2026-01-09 09:46:00+00:00,621.49,621.62,621.49,621.61,2832.0,46.0,621.604263
QQQ,2026-01-09 09:47:00+00:00,621.62,621.67,621.62,621.66,655.0,24.0,621.65218
QQQ,2026-01-09 09:48:00+00:00,621.67,621.73,621.54,621.54,1927.0,56.0,621.649239
QQQ,2026-01-09 09:49:00+00:00,621.51,621.52,621.47,621.5,2126.0,25.0,621.487712
QQQ,2026-01-09 09:50:00+00:00,621.45,621.45,621.45,621.45,153.0,10.0,621.45
QQQ,2026-01-09 09:51:00+00:00,621.45,621.45,621.45,621.45,278.0,11.0,621.45
QQQ,2026-01-09 09:52:00+00:00,621.42,621.44,621.41,621.44,536.0,15.0,621.422681
QQQ,2026-01-09 09:53:00+00:00,621.43,621.57,621.43,621.57,1328.0,34.0,621.554015
QQQ,2026-01-09 09:54:00+00:00,621.59,621.67,621.58,621.67,992.0,21.0,621.645137
QQQ,2026-01-09 09:55:00+00:00,621.6,621.6,621.59,621.59,318.0,7.0,621.597092
QQQ,2026-01-09 09:56:00+00:00,621.58,621.58,621.58,621.58,48.0,1.0,621.58
QQQ,2026-01-09 09:57:00+00:00,621.63,621.64,621.63,621.64,320.0,7.0,621.636
QQQ,2026-01-09 09:58:00+00:00,621.66,621.66,621.62,621.62,202.0,8.0,621.642222
QQQ,2026-01-09 09:59:00+00:00,621.65,621.65,621.65,621.65,165.0,8.0,621.65
QQQ,2026-01-09 10:00:00+00:00,621.72,621.8,621.71,621.72,3141.0,45.0,621.737243
QQQ,2026-01-09 10:01:00+00:00,621.73,621.73,621.73,621.73,103.0,6.0,621.73
QQQ,2026-01-09 10:02:00+00:00,621.62,621.62,621.62,621.62,233.0,19.0,621.62
QQQ,2026-01-09 10:03:00+00:00,621.79,621.79,621.72,621.72,1708.0,31.0,621.762242
QQQ,2026-01-09 10:04:00+00:00,621.7,621.7,621.56,621.56,1591.0,40.0,621.660893
QQQ,2026-01-09 10:05:00+00:00,621.6,621.67,621.59,621.67,3042.0,46.0,621.610199
QQQ,2026-01-09 10:06:00+00:00,621.6,621.6,621.6,621.6,346.0,12.0,621.6
QQQ,2026-01-09 10:07:00+00:00,621.62,621.63,621.6,621.6,431.0,18.0,621.615479
QQQ,2026-01-09 10:09:00+00:00,621.68,621.7,621.68,621.7,372.0,11.0,621.694286
QQQ,2026-01-09 10:10:00+00:00,621.7,621.7,621.7,621.7,124.0,7.0,621.7
QQQ,2026-01-09 10:13:00+00:00,621.68,621.68,621.68,621.68,112.0,5.0,621.68
QQQ,2026-01-09 10:14:00+00:00,621.7,621.73,621.64,621.69,2121.0,67.0,621.684533
QQQ,2026-01-09 10:16:00+00:00,621.73,621.81,621.73,621.81,654.0,16.0,621.783196
QQQ,2026-01-09 10:17:00+00:00,621.81,621.82,621.78,621.78,880.0,12.0,621.804762
QQQ,2026-01-09 10:18:00+00:00,621.82,621.82,621.81,621.81,235.0,7.0,621.815
QQQ,2026-01-09 10:19:00+00:00,621.73,621.73,621.73,621.73,210.0,4.0,621.73
QQQ,2026-01-09 10:20:00+00:00,621.75,621.78,621.75,621.78,294.0,9.0,621.762969
QQQ,2026-01-09 10:21:00+00:00,621.9,621.91,621.88,621.91,1446.0,25.0,621.895888
QQQ,2026-01-09 10:22:00+00:00,621.93,621.95,621.93,621.95,228.0,10.0,621.941111
QQQ,2026-01-09 10:23:00+00:00,621.95,621.95,621.95,621.95,196.0,7.0,621.95
QQQ,2026-01-09 10:24:00+00:00,621.99,622.0,621.94,621.94,788.0,23.0,621.959802
QQQ,2026-01-09 10:25:00+00:00,622.0,622.01,622.0,622.01,784.0,29.0,622.00156
QQQ,2026-01-09 10:26:00+00:00,622.0,622.0,621.95,621.96,766.0,16.0,621.984444
QQQ,2026-01-09 10:27:00+00:00,621.97,622.03,621.97,622.03,745.0,16.0,621.979451
QQQ,2026-01-09 10:28:00+00:00,621.96,621.96,621.91,621.91,416.0,19.0,621.927166
QQQ,2026-01-09 10:29:00+00:00,621.86,621.87,621.82,621.85,2001.0,26.0,621.859215
QQQ,2026-01-09 10:30:00+00:00,621.85,621.85,621.8,621.85,749.0,17.0,621.847059
QQQ,2026-01-09 10:31:00+00:00,621.84,621.84,621.84,621.84,1339.0,28.0,621.84
QQQ,2026-01-09 10:32:00+00:00,621.79,621.87,621.79,621.85,1462.0,25.0,621.847699
QQQ,2026-01-09 10:33:00+00:00,621.91,621.91,621.91,621.91,222.0,10.0,621.91
QQQ,2026-01-09 10:34:00+00:00,621.9,621.95,621.9,621.95,270.0,9.0,621.9375
QQQ,2026-01-09 10:35:00+00:00,621.91,621.91,621.91,621.91,277.0,11.0,621.91
QQQ,2026-01-09 10:36:00+00:00,621.84,621.84,621.81,621.81,312.0,11.0,621.83375
QQQ,2026-01-09 10:37:00+00:00,621.8,621.8,621.79,621.79,526.0,11.0,621.792985
QQQ,2026-01-09 10:38:00+00:00,621.87,621.92,621.84,621.84,2737.0,52.0,621.87795
QQQ,2026-01-09 10:39:00+00:00,621.8,621.8,621.8,621.8,60.0,9.0,621.8
QQQ,2026-01-09 10:40:00+00:00,621.85,621.85,621.81,621.81,573.0,15.0,621.82
QQQ,2026-01-09 10:41:00+00:00,621.81,621.81,621.77,621.77,2629.0,54.0,621.787492
QQQ,2026-01-09 10:42:00+00:00,621.77,621.77,621.75,621.77,2548.0,31.0,621.76459
QQQ,2026-01-09 10:43:00+00:00,621.78,621.78,621.66,621.69,1222.0,30.0,621.703484
QQQ,2026-01-09 10:44:00+00:00,621.72,621.72,621.72,621.72,82.0,3.0,621.72
QQQ,2026-01-09 10:45:00+00:00,621.76,621.76,621.76,621.76,245.0,13.0,621.76
QQQ,2026-01-09 10:46:00+00:00,621.76,621.8,621.76,621.8,1553.0,26.0,621.761926
QQQ,2026-01-09 10:47:00+00:00,621.86,621.86,621.86,621.86,263.0,13.0,621.86
QQQ,2026-01-09 10:48:00+00:00,621.88,621.89,621.84,621.84,3252.0,32.0,621.870288
QQQ,2026-01-09 10:49:00+00:00,621.91,621.91,621.91,621.91,2536.0,19.0,621.91
QQQ,2026-01-09 10:51:00+00:00,621.98,621.99,621.85,621.86,903.0,26.0,621.91877
QQQ,2026-01-09 10:52:00+00:00,621.83,621.83,621.8,621.8,512.0,20.0,621.810595
QQQ,2026-01-09 10:53:00+00:00,621.8,621.8,621.77,621.77,362.0,7.0,621.787143
QQQ,2026-01-09 10:54:00+00:00,621.91,621.91,621.9,621.9,1275.0,22.0,621.903814
QQQ,2026-01-09 10:55:00+00:00,621.84,621.86,621.84,621.85,1709.0,28.0,621.851604
QQQ,2026-01-09 10:56:00+00:00,621.86,621.86,621.85,621.85,381.0,15.0,621.857792
QQQ,2026-01-09 10:57:00+00:00,621.86,621.9,621.84,621.84,2667.0,37.0,621.881382
QQQ,2026-01-09 10:58:00+00:00,621.89,621.92,621.89,621.92,613.0,22.0,621.906628
QQQ,2026-01-09 10:59:00+00:00,621.85,621.85,621.85,621.85,267.0,10.0,621.85
QQQ,2026-01-09 11:00:00+00:00,621.86,621.9,621.8,621.85,1540.0,28.0,621.871098
QQQ,2026-01-09 11:01:00+00:00,621.7,621.7,621.65,621.65,309.0,20.0,621.676341
QQQ,2026-01-09 11:02:00+00:00,621.64,621.71,621.64,621.71,567.0,15.0,621.691027
QQQ,2026-01-09 11:03:00+00:00,621.7,621.73,621.7,621.73,798.0,14.0,621.708693
QQQ,2026-01-09 11:04:00+00:00,621.69,621.81,621.69,621.81,1544.0,31.0,621.763102
QQQ,2026-01-09 11:05:00+00:00,621.86,621.87,621.85,621.85,1614.0,23.0,621.867949
QQQ,2026-01-09 11:06:00+00:00,621.9,621.9,621.9,621.9,674.0,17.0,621.9
QQQ,2026-01-09 11:07:00+00:00,621.91,621.91,621.85,621.85,2479.0,36.0,621.857159
QQQ,2026-01-09 11:08:00+00:00,621.8,621.82,621.8,621.82,270.0,10.0,621.805806
QQQ,2026-01-09 11:09:00+00:00,621.9,621.9,621.73,621.73,978.0,14.0,621.891053
QQQ,2026-01-09 11:12:00+00:00,621.84,621.85,621.8,621.8,700.0,19.0,621.833478
QQQ,2026-01-09 11:14:00+00:00,621.76,621.76,621.76,621.76,93.0,7.0,621.76
QQQ,2026-01-09 11:15:00+00:00,621.76,621.76,621.76,621.76,96.0,9.0,621.76
QQQ,2026-01-09 11:17:00+00:00,621.75,621.75,621.75,621.75,258.0,9.0,621.75
QQQ,2026-01-09 11:19:00+00:00,621.87,621.92,621.87,621.92,449.0,11.0,621.896316
QQQ,2026-01-09 11:20:00+00:00,621.98,621.98,621.98,621.98,105.0,2.0,621.98
QQQ,2026-01-09 11:21:00+00:00,621.97,621.97,621.95,621.95,617.0,15.0,621.96
QQQ,2026-01-09 11:22:00+00:00,621.99,622.08,621.99,622.05,1640.0,31.0,622.006043
QQQ,2026-01-09 11:23:00+00:00,622.1,622.1,622.07,622.07,590.0,17.0,622.08978
QQQ,2026-01-09 11:25:00+00:00,622.11,622.24,622.11,622.24,926.0,23.0,622.197398
QQQ,2026-01-09 11:26:00+00:00,622.2,622.23,622.2,622.23,566.0,9.0,622.211818
QQQ,2026-01-09 11:27:00+00:00,622.18,622.25,622.18,622.19,543.0,14.0,622.215556
QQQ,2026-01-09 11:28:00+00:00,622.2,622.2,622.2,622.2,449.0,14.0,622.2
QQQ,2026-01-09 11:29:00+00:00,622.2,622.24,622.2,622.24,417.0,20.0,622.213896
QQQ,2026-01-09 11:30:00+00:00,622.3,622.3,622.3,622.3,134.0,9.0,622.3
QQQ,2026-01-09 11:31:00+00:00,622.3,622.3,622.21,622.21,3241.0,56.0,622.259155
QQQ,2026-01-09 11:32:00+00:00,622.38,622.38,622.38,622.38,134.0,7.0,622.38
QQQ,2026-01-09 11:33:00+00:00,622.39,622.39,622.38,622.38,611.0,9.0,622.381379
QQQ,2026-01-09 11:34:00+00:00,622.4,622.51,622.4,622.51,2938.0,47.0,622.477004
QQQ,2026-01-09 11:35:00+00:00,622.5,622.51,622.5,622.51,610.0,20.0,622.501091
QQQ,2026-01-09 11:36:00+00:00,622.5,622.52,622.49,622.49,863.0,22.0,622.49967
QQQ,2026-01-09 11:37:00+00:00,622.5,622.54,622.45,622.46,2073.0,44.0,622.478055
QQQ,2026-01-09 11:38:00+00:00,622.43,622.46,622.41,622.41,625.0,17.0,622.432682
QQQ,2026-01-09 11:39:00+00:00,622.5,622.6,622.5,622.6,556.0,20.0,622.549522
QQQ,2026-01-09 11:40:00+00:00,622.62,622.62,622.54,622.54,346.0,11.0,622.597143
QQQ,2026-01-09 11:41:00+00:00,622.52,622.52,622.48,622.49,1838.0,20.0,622.517111
QQQ,2026-01-09 11:42:00+00:00,622.42,622.7,622.42,622.66,5207.0,116.0,622.590067
QQQ,2026-01-09 11:43:00+00:00,622.62,622.62,622.51,622.51,1397.0,38.0,622.557542
QQQ,2026-01-09 11:44:00+00:00,622.68,622.68,622.68,622.68,176.0,6.0,622.68
QQQ,2026-01-09 11:45:00+00:00,622.7,622.71,622.62,622.62,2562.0,23.0,622.645647
QQQ,2026-01-09 11:46:00+00:00,622.58,622.59,622.55,622.55,1017.0,26.0,622.568813
QQQ,2026-01-09 11:47:00+00:00,622.51,622.51,622.42,622.45,770.0,23.0,622.482124
QQQ,2026-01-09 11:48:00+00:00,622.37,622.39,622.36,622.37,1466.0,30.0,622.369544
QQQ,2026-01-09 11:49:00+00:00,622.39,622.39,622.35,622.35,859.0,11.0,622.379091
QQQ,2026-01-09 11:50:00+00:00,622.38,622.38,622.31,622.34,1385.0,36.0,622.349388
QQQ,2026-01-09 11:51:00+00:00,622.35,622.36,622.32,622.32,740.0,23.0,622.34899
QQQ,2026-01-09 11:52:00+00:00,622.37,622.38,622.37,622.37,471.0,14.0,622.373509
QQQ,2026-01-09 11:54:00+00:00,622.35,622.35,622.29,622.29,1213.0,25.0,622.301568
QQQ,2026-01-09 11:55:00+00:00,622.27,622.27,622.17,622.17,1599.0,45.0,622.20782
QQQ,2026-01-09 11:56:00+00:00,622.15,622.22,622.15,622.22,884.0,21.0,622.195337
QQQ,2026-01-09 11:57:00+00:00,622.22,622.22,622.16,622.18,2507.0,33.0,622.178901
QQQ,2026-01-09 11:58:00+00:00,622.09,622.09,622.02,622.08,2252.0,61.0,622.056233
QQQ,2026-01-09 11:59:00+00:00,622.06,622.12,622.06,622.1,3947.0,28.0,622.098098
QQQ,2026-01-09 12:00:00+00:00,622.05,622.16,622.0,622.16,2240.0,91.0,622.109416
QQQ,2026-01-09 12:01:00+00:00,622.06,622.12,622.05,622.12,1844.0,24.0,622.069792
QQQ,2026-01-09 12:02:00+00:00,622.12,622.21,622.12,622.2,4931.0,52.0,622.158397
QQQ,2026-01-09 12:03:00+00:00,622.18,622.18,622.119,622.17,1110.0,18.0,622.151542
QQQ,2026-01-09 12:04:00+00:00,622.14,622.2,622.14,622.2,566.0,15.0,622.18773
QQQ,2026-01-09 12:05:00+00:00,622.23,622.25,622.23,622.24,495.0,15.0,622.242252
QQQ,2026-01-09 12:06:00+00:00,622.3,622.34,622.3,622.34,1412.0,24.0,622.315556
QQQ,2026-01-09 12:08:00+00:00,622.24,622.26,622.2,622.2,915.0,33.0,622.240616
QQQ,2026-01-09 12:09:00+00:00,622.18,622.2,622.14,622.2,802.0,16.0,622.180153
QQQ,2026-01-09 12:10:00+00:00,622.16,622.17,622.0,622.05,1986.0,46.0,622.056357
QQQ,2026-01-09 12:11:00+00:00,622.01,622.03,622.0,622.03,582.0,13.0,622.007767
QQQ,2026-01-09 12:12:00+00:00,622.01,622.1,622.0,622.1,1686.0,32.0,622.053761
QQQ,2026-01-09 12:13:00+00:00,622.08,622.08,622.02,622.02,503.0,15.0,622.058131
QQQ,2026-01-09 12:14:00+00:00,622.0,622.03,622.0,622.03,884.0,14.0,622.026325
QQQ,2026-01-09 12:15:00+00:00,622.01,622.01,621.86,621.86,4555.0,59.0,621.916561
QQQ,2026-01-09 12:16:00+00:00,621.88,622.02,621.8,622.02,1412.0,26.0,621.886552
QQQ,2026-01-09 12:17:00+00:00,621.95,621.95,621.89,621.92,1219.0,25.0,621.929935
QQQ,2026-01-09 12:18:00+00:00,621.94,621.94,621.87,621.87,237.0,12.0,621.897317
QQQ,2026-01-09 12:19:00+00:00,621.86,621.86,621.83,621.84,2544.0,24.0,621.844702
QQQ,2026-01-09 12:20:00+00:00,621.82,621.82,621.75,621.75,786.0,19.0,621.777235
QQQ,2026-01-09 12:21:00+00:00,621.75,621.88,621.75,621.88,5014.0,66.0,621.79195
QQQ,2026-01-09 12:22:00+00:00,621.84,621.84,621.84,621.84,232.0,19.0,621.84
QQQ,2026-01-09 12:24:00+00:00,621.84,621.92,621.84,621.92,310.0,12.0,621.901556
QQQ,2026-01-09 12:25:00+00:00,621.91,621.93,621.91,621.93,1128.0,15.0,621.924545
QQQ,2026-01-09 12:26:00+00:00,621.9,621.9,621.9,621.9,646.0,17.0,621.9
QQQ,2026-01-09 12:27:00+00:00,621.94,621.94,621.78,621.8,1808.0,35.0,621.81158
QQQ,2026-01-09 12:28:00+00:00,621.74,621.74,621.62,621.62,877.0,31.0,621.638779
QQQ,2026-01-09 12:29:00+00:00,621.69,621.74,621.69,621.74,8345.0,92.0,621.703419
QQQ,2026-01-09 12:30:00+00:00,621.77,621.77,621.71,621.71,1427.0,23.0,621.748918
QQQ,2026-01-09 12:31:00+00:00,621.75,621.77,621.75,621.77,298.0,15.0,621.760638
QQQ,2026-01-09 12:32:00+00:00,621.68,621.68,621.6,621.6,409.0,32.0,621.634043
QQQ,2026-01-09 12:33:00+00:00,621.59,621.6,621.59,621.6,661.0,16.0,621.597849
QQQ,2026-01-09 12:34:00+00:00,621.62,621.62,621.59,621.59,653.0,21.0,621.601031
QQQ,2026-01-09 12:35:00+00:00,621.63,621.63,621.63,621.63,189.0,16.0,621.63
QQQ,2026-01-09 12:36:00+00:00,621.58,621.58,621.56,621.56,1381.0,25.0,621.576973
QQQ,2026-01-09 12:37:00+00:00,621.5,621.51,621.44,621.51,4982.0,76.0,621.464879
QQQ,2026-01-09 12:38:00+00:00,621.59,621.59,621.48,621.55,1566.0,35.0,621.544845
QQQ,2026-01-09 12:39:00+00:00,621.53,621.57,621.53,621.57,1251.0,39.0,621.546764
QQQ,2026-01-09 12:40:00+00:00,621.62,621.66,621.56,621.64,4150.0,85.0,621.593581
QQQ,2026-01-09 12:41:00+00:00,621.7,621.72,621.62,621.72,1641.0,44.0,621.684928
QQQ,2026-01-09 12:42:00+00:00,621.66,621.66,621.66,621.66,438.0,15.0,621.66
QQQ,2026-01-09 12:43:00+00:00,621.69,621.69,621.69,621.69,83.0,6.0,621.69
QQQ,2026-01-09 12:44:00+00:00,621.73,621.73,621.73,621.73,350.0,24.0,621.73
QQQ,2026-01-09 12:45:00+00:00,621.8,621.8,621.8,621.8,214.0,15.0,621.8
QQQ,2026-01-09 12:46:00+00:00,621.86,621.98,621.86,621.97,1428.0,38.0,621.925628
QQQ,2026-01-09 12:47:00+00:00,621.98,622.09,621.96,622.09,636.0,31.0,622.000899
QQQ,2026-01-09 12:48:00+00:00,622.06,622.08,622.06,622.08,319.0,11.0,622.072821
QQQ,2026-01-09 12:49:00+00:00,622.08,622.12,622.07,622.12,619.0,21.0,622.087536
QQQ,2026-01-09 12:50:00+00:00,622.1,622.15,622.1,622.15,604.0,18.0,622.133333
QQQ,2026-01-09 12:51:00+00:00,622.13,622.14,622.1,622.14,621.0,29.0,622.124839
QQQ,2026-01-09 12:52:00+00:00,622.15,622.23,622.15,622.2,1424.0,36.0,622.188013
QQQ,2026-01-09 12:53:00+00:00,621.98,621.98,621.96,621.98,1490.0,43.0,621.974378
QQQ,2026-01-09 12:54:00+00:00,621.96,622.0,621.96,621.98,735.0,24.0,621.983905
QQQ,2026-01-09 12:55:00+00:00,622.03,622.08,622.0,622.0,1507.0,24.0,622.069299
QQQ,2026-01-09 12:56:00+00:00,622.14,622.21,622.14,622.21,636.0,24.0,622.194036
QQQ,2026-01-09 12:57:00+00:00,622.21,622.21,622.2,622.2,1047.0,32.0,622.200481
QQQ,2026-01-09 12:58:00+00:00,622.21,622.21,622.19,622.21,539.0,16.0,622.207021
QQQ,2026-01-09 12:59:00+00:00,622.2,622.26,622.19,622.24,2933.0,50.0,622.228441
QQQ,2026-01-09 13:00:00+00:00,622.14,622.59,620.0,622.1928,260729.0,2834.0,621.575266
QQQ,2026-01-09 13:01:00+00:00,620.4,622.31,620.03,622.26,4913.0,486.0,621.403379
QQQ,2026-01-09 13:02:00+00:00,621.8503,622.2317,620.72,620.72,1707.0,194.0,621.861312
QQQ,2026-01-09 13:03:00+00:00,622.0801,622.0801,621.91,621.91,4228.0,92.0,621.957594
QQQ,2026-01-09 13:04:00+00:00,621.94,622.0,621.94,622.0,6383.0,75.0,621.987625
QQQ,2026-01-09 13:05:00+00:00,621.93,621.9502,621.9001,621.9502,544.0,40.0,621.936396
QQQ,2026-01-09 13:06:00+00:00,622.0,622.13,620.005,622.12,2325.0,57.0,622.015898
QQQ,2026-01-09 13:07:00+00:00,622.1202,622.17,622.1,622.14,1760.0,39.0,622.13501
QQQ,2026-01-09 13:08:00+00:00,622.11,622.2,622.03,622.2,1607.0,47.0,622.162579
QQQ,2026-01-09 13:09:00+00:00,622.17,622.22,622.17,622.2,809.0,45.0,622.198114
QQQ,2026-01-09 13:10:00+00:00,622.2,622.2,622.15,622.18,1283.0,56.0,622.179944
QQQ,2026-01-09 13:11:00+00:00,622.1,622.13,621.85,622.0,2744.0,104.0,622.02953
QQQ,2026-01-09 13:12:00+00:00,621.98,622.21,621.98,622.21,2066.0,64.0,622.082552
QQQ,2026-01-09 13:13:00+00:00,622.1801,622.2,622.11,622.11,3513.0,83.0,622.15493
QQQ,2026-01-09 13:14:00+00:00,622.11,622.12,622.11,622.11,5011.0,60.0,622.111979
QQQ,2026-01-09 13:15:00+00:00,622.08,622.09,621.85,621.85,3602.0,99.0,621.928175
QQQ,2026-01-09 13:16:00+00:00,621.87,621.87,621.7492,621.75,2305.0,56.0,621.825929
QQQ,2026-01-09 13:17:00+00:00,621.75,622.0,621.75,621.97,2790.0,71.0,621.847293
QQQ,2026-01-09 13:18:00+00:00,621.96,622.11,621.96,622.09,4850.0,105.0,622.040268
QQQ,2026-01-09 13:19:00+00:00,622.04,622.13,622.01,622.08,1910.0,57.0,622.070063
QQQ,2026-01-09 13:20:00+00:00,622.07,622.2,622.02,622.2,1752.0,63.0,622.076341
QQQ,2026-01-09 13:21:00+00:00,622.17,622.27,622.05,622.0854,9737.0,109.0,622.170764
QQQ,2026-01-09 13:22:00+00:00,622.07,622.07,621.96,622.0478,6483.0,95.0,622.005001
QQQ,2026-01-09 13:23:00+00:00,622.05,622.1,621.96,621.96,4416.0,64.0,621.994862
QQQ,2026-01-09 13:24:00+00:00,621.97,622.0,621.83,621.84,10465.0,200.0,621.959384
QQQ,2026-01-09 13:25:00+00:00,621.841,621.88,621.75,621.76,5677.0,99.0,621.803759
QQQ,2026-01-09 13:26:00+00:00,621.77,621.9,621.75,621.9,11811.0,194.0,621.818768
QQQ,2026-01-09 13:27:00+00:00,621.92,621.96,621.84,621.96,7757.0,149.0,621.890023
QQQ,2026-01-09 13:28:00+00:00,621.98,622.17,621.93,622.07,22447.0,148.0,622.061286
QQQ,2026-01-09 13:29:00+00:00,622.12,622.19,622.07,622.17,3344.0,97.0,622.094159
QQQ,2026-01-09 13:30:00+00:00,621.93,623.19,621.92,622.4001,51366.0,633.0,622.69002
QQQ,2026-01-09 13:31:00+00:00,622.4228,622.59,622.14,622.43,21945.0,259.0,622.324158
QQQ,2026-01-09 13:32:00+00:00,622.47,622.52,622.0,622.21,26063.0,299.0,622.226499
QQQ,2026-01-09 13:33:00+00:00,622.28,622.38,622.1,622.35,7238.0,116.0,622.263677
QQQ,2026-01-09 13:34:00+00:00,622.3117,623.01,622.3117,623.01,37459.0,392.0,622.77088
QQQ,2026-01-09 13:35:00+00:00,623.04,623.55,623.0,623.5,24253.0,323.0,623.306593
QQQ,2026-01-09 13:36:00+00:00,623.52,623.57,623.24,623.37,29278.0,338.0,623.442238
QQQ,2026-01-09 13:37:00+00:00,623.36,623.46,623.28,623.33,16505.0,224.0,623.370289
QQQ,2026-01-09 13:38:00+00:00,623.3221,623.3221,623.2,623.29,10342.0,174.0,623.268371
QQQ,2026-01-09 13:39:00+00:00,623.26,623.32,623.22,623.22,25079.0,219.0,623.255059
QQQ,2026-01-09 13:40:00+00:00,623.26,623.42,623.23,623.38,27890.0,272.0,623.345751
QQQ,2026-01-09 13:41:00+00:00,623.39,623.39,623.26,623.34,11428.0,158.0,623.319581
QQQ,2026-01-09 13:42:00+00:00,623.36,623.51,623.3,623.44,9521.0,163.0,623.422659
QQQ,2026-01-09 13:43:00+00:00,623.47,623.58,623.24,623.25,43883.0,401.0,623.349317
QQQ,2026-01-09 13:44:00+00:00,623.23,623.36,623.23,623.32,5759.0,109.0,623.296021
QQQ,2026-01-09 13:45:00+00:00,623.35,623.51,623.31,623.4,22482.0,281.0,623.413089
QQQ,2026-01-09 13:46:00+00:00,623.38,623.42,623.34,623.39,4365.0,104.0,623.369732
QQQ,2026-01-09 13:47:00+00:00,623.39,623.49,623.23,623.26,14706.0,184.0,623.322237
QQQ,2026-01-09 13:48:00+00:00,623.24,623.31,623.2,623.27,13351.0,141.0,623.249712
QQQ,2026-01-09 13:49:00+00:00,623.28,623.4,623.22,623.25,11013.0,171.0,623.289472
QQQ,2026-01-09 13:50:00+00:00,623.25,623.29,623.04,623.16,13252.0,196.0,623.131537
QQQ,2026-01-09 13:51:00+00:00,623.23,623.34,623.14,623.2,8696.0,158.0,623.215094
QQQ,2026-01-09 13:52:00+00:00,623.19,623.4298,623.1,623.4298,5736.0,152.0,623.284144
QQQ,2026-01-09 13:53:00+00:00,623.41,623.43,623.17,623.3,4723.0,94.0,623.330709
QQQ,2026-01-09 13:54:00+00:00,623.31,623.42,623.31,623.42,3260.0,77.0,623.376117
QQQ,2026-01-09 13:55:00+00:00,623.41,623.44,623.33,623.33,2865.0,83.0,623.389365
QQQ,2026-01-09 13:56:00+00:00,623.3,623.47,623.3,623.47,6942.0,125.0,623.417698
QQQ,2026-01-09 13:57:00+00:00,623.46,623.5,623.43,623.44,7296.0,99.0,623.476537
QQQ,2026-01-09 13:58:00+00:00,623.4,623.51,623.38,623.5,13127.0,162.0,623.439819
QQQ,2026-01-09 13:59:00+00:00,623.53,623.6,623.4,623.56,9961.0,183.0,623.531368
QQQ,2026-01-09 14:00:00+00:00,623.61,623.69,623.52,623.6442,18882.0,231.0,623.604655
QQQ,2026-01-09 14:01:00+00:00,623.69,623.89,623.64,623.7713,26678.0,364.0,623.745507
QQQ,2026-01-09 14:02:00+00:00,623.8,623.86,623.7,623.8,3482.0,106.0,623.782639
QQQ,2026-01-09 14:03:00+00:00,623.8,624.02,623.8,623.85,24728.0,311.0,623.954234
QQQ,2026-01-09 14:04:00+00:00,623.88,623.88,623.63,623.69,4863.0,151.0,623.752828
QQQ,2026-01-09 14:05:00+00:00,623.69,623.69,623.45,623.45,8420.0,136.0,623.568392
QQQ,2026-01-09 14:06:00+00:00,623.42,623.58,623.4,623.41,6243.0,96.0,623.47577
QQQ,2026-01-09 14:07:00+00:00,623.38,623.5,623.34,623.47,10549.0,144.0,623.416024
QQQ,2026-01-09 14:08:00+00:00,623.47,623.5,623.26,623.3605,7053.0,129.0,623.372322
QQQ,2026-01-09 14:09:00+00:00,623.35,623.4114,623.34,623.37,7956.0,124.0,623.380663
QQQ,2026-01-09 14:10:00+00:00,623.36,623.47,623.35,623.3892,5287.0,95.0,623.394312
QQQ,2026-01-09 14:11:00+00:00,623.34,623.36,622.78,622.78,21662.0,335.0,623.039124
QQQ,2026-01-09 14:12:00+00:00,622.76,622.84,622.33,622.42,42590.0,581.0,622.502953
QQQ,2026-01-09 14:13:00+00:00,622.43,622.83,622.41,622.67,30762.0,346.0,622.679255
QQQ,2026-01-09 14:14:00+00:00,622.69,622.75,622.58,622.69,15523.0,194.0,622.691298
QQQ,2026-01-09 14:15:00+00:00,622.66,622.8,622.62,622.65,7441.0,137.0,622.696799
QQQ,2026-01-09 14:16:00+00:00,622.75,622.78,622.51,622.55,14254.0,229.0,622.659126
QQQ,2026-01-09 14:17:00+00:00,622.56,622.6,622.3,622.3,26546.0,287.0,622.441386
QQQ,2026-01-09 14:18:00+00:00,622.26,622.32,621.85,621.85,34975.0,562.0,622.047726
QQQ,2026-01-09 14:19:00+00:00,621.87,622.05,621.71,621.88,44763.0,558.0,621.910014
QQQ,2026-01-09 14:20:00+00:00,621.87,621.87,621.64,621.79,24699.0,268.0,621.728341
QQQ,2026-01-09 14:21:00+00:00,621.76,621.9,621.75,621.85,10936.0,191.0,621.816477
QQQ,2026-01-09 14:22:00+00:00,621.85,621.86,621.08,621.24,38849.0,573.0,621.432931
QQQ,2026-01-09 14:23:00+00:00,621.29,621.53,621.29,621.53,19212.0,215.0,621.406543
QQQ,2026-01-09 14:24:00+00:00,621.53,621.72,621.49,621.72,24870.0,213.0,621.552234
QQQ,2026-01-09 14:25:00+00:00,621.7,621.83,621.6,621.66,19321.0,197.0,621.715785
QQQ,2026-01-09 14:26:00+00:00,621.62,621.62,621.35,621.43,26100.0,147.0,621.502557
QQQ,2026-01-09 14:27:00+00:00,621.43,621.5,621.3836,621.3836,13987.0,124.0,621.465998
QQQ,2026-01-09 14:28:00+00:00,621.4,621.55,621.15,621.5099,19027.0,221.0,621.251398
QQQ,2026-01-09 14:29:00+00:00,621.41,621.43,621.23,621.38,13820.0,122.0,621.375472
QQQ,2026-01-09 14:30:00+00:00,621.41,621.41,620.16,620.64,699542.0,12470.0,620.795033
QQQ,2026-01-09 14:31:00+00:00,620.63,620.74,619.95,620.29,362693.0,5636.0,620.277924
QQQ,2026-01-09 14:32:00+00:00,620.3,620.58,619.84,620.375,312295.0,5084.0,620.247862
QQQ,2026-01-09 14:33:00+00:00,620.37,620.95,620.35,620.73,394333.0,6600.0,620.64859
QQQ,2026-01-09 14:34:00+00:00,620.73,620.85,620.17,620.5,285840.0,5578.0,620.455685
QQQ,2026-01-09 14:35:00+00:00,620.5,621.36,620.42,621.16,397784.0,5538.0,620.901373
QQQ,2026-01-09 14:36:00+00:00,621.17,621.83,621.15,621.64,400107.0,5906.0,621.609968
QQQ,2026-01-09 14:37:00+00:00,621.67,622.64,621.49,622.5544,288826.0,4600.0,622.018257
QQQ,2026-01-09 14:38:00+00:00,622.57,623.26,622.43,622.65,501652.0,8271.0,622.857614
QQQ,2026-01-09 14:39:00+00:00,622.65,622.725,622.37,622.44,145384.0,2379.0,622.546336
QQQ,2026-01-09 14:40:00+00:00,622.43,622.61,621.94,622.5601,186910.0,2874.0,622.249666
QQQ,2026-01-09 14:41:00+00:00,622.56,622.935,622.3031,622.3755,160580.0,2339.0,622.615295
QQQ,2026-01-09 14:42:00+00:00,622.34,622.71,622.2,622.603,170056.0,3052.0,622.445811
QQQ,2026-01-09 14:43:00+00:00,622.6099,622.91,622.32,622.39,182785.0,3005.0,622.663654
QQQ,2026-01-09 14:44:00+00:00,622.4,622.73,621.88,622.345,164709.0,3100.0,622.311004
QQQ,2026-01-09 14:45:00+00:00,622.32,622.64,621.93,622.3697,131538.0,2729.0,622.3799
QQQ,2026-01-09 14:46:00+00:00,622.35,622.61,622.0,622.065,137506.0,2751.0,622.299694
QQQ,2026-01-09 14:47:00+00:00,622.06,622.75,621.96,622.55,163559.0,2768.0,622.384721
QQQ,2026-01-09 14:48:00+00:00,622.59,622.645,620.7701,620.7701,367782.0,6513.0,621.409426
QQQ,2026-01-09 14:49:00+00:00,620.795,621.3699,620.46,621.21,190503.0,3870.0,620.886236
QQQ,2026-01-09 14:50:00+00:00,621.23,621.7872,621.19,621.7,139011.0,3025.0,621.445673
QQQ,2026-01-09 14:51:00+00:00,621.79,621.99,621.18,621.36,109765.0,2865.0,621.612469
QQQ,2026-01-09 14:52:00+00:00,621.32,621.4,620.72,621.12,140547.0,2829.0,621.057364
QQQ,2026-01-09 14:53:00+00:00,621.14,622.24,620.98,622.2377,147903.0,2813.0,621.792494
QQQ,2026-01-09 14:54:00+00:00,622.25,622.46,621.86,622.0,89167.0,2107.0,622.173559
QQQ,2026-01-09 14:55:00+00:00,621.96,622.0,621.43,621.88,126796.0,2978.0,621.663363
QQQ,2026-01-09 14:56:00+00:00,621.885,622.04,620.87,621.4,159103.0,3261.0,621.353062
QQQ,2026-01-09 14:57:00+00:00,621.43,621.71,621.24,621.5,168207.0,2134.0,621.518352
QQQ,2026-01-09 14:58:00+00:00,621.51,621.9,621.45,621.81,77367.0,1907.0,621.65408
QQQ,2026-01-09 14:59:00+00:00,621.86,622.13,621.712,621.9215,120004.0,2066.0,621.963871
QQQ,2026-01-09 15:00:00+00:00,621.95,622.5,621.22,621.34,229000.0,4046.0,621.747815
QQQ,2026-01-09 15:01:00+00:00,621.34,621.75,621.15,621.28,155395.0,3336.0,621.420987
QQQ,2026-01-09 15:02:00+00:00,621.33,622.36,621.14,622.24,255890.0,4079.0,621.871466
QQQ,2026-01-09 15:03:00+00:00,622.23,622.52,621.55,621.73,209137.0,3968.0,622.020737
QQQ,2026-01-09 15:04:00+00:00,621.7,621.91,621.29,621.38,142141.0,2885.0,621.597866
QQQ,2026-01-09 15:05:00+00:00,621.3723,621.53,621.0,621.18,179145.0,3242.0,621.198676
QQQ,2026-01-09 15:06:00+00:00,621.19,621.32,620.31,620.3901,238283.0,3845.0,620.79969
QQQ,2026-01-09 15:07:00+00:00,620.44,620.61,620.06,620.395,229367.0,3918.0,620.326508
QQQ,2026-01-09 15:08:00+00:00,620.4,620.42,619.06,619.64,381858.0,6368.0,619.679583
QQQ,2026-01-09 15:09:00+00:00,619.581,619.83,619.36,619.7069,160446.0,2889.0,619.606287
QQQ,2026-01-09 15:10:00+00:00,619.74,620.35,619.62,620.29,216657.0,2913.0,620.048326
QQQ,2026-01-09 15:11:00+00:00,620.33,620.74,620.19,620.48,245919.0,3670.0,620.503658
QQQ,2026-01-09 15:12:00+00:00,620.51,621.67,620.39,621.6699,246226.0,4296.0,621.089599
QQQ,2026-01-09 15:13:00+00:00,621.66,622.18,621.62,621.79,348469.0,3930.0,621.91202
QQQ,2026-01-09 15:14:00+00:00,621.81,622.32,621.61,622.23,155995.0,2913.0,621.975907
QQQ,2026-01-09 15:15:00+00:00,622.23,622.56,622.14,622.38,250988.0,4279.0,622.340391
QQQ,2026-01-09 15:16:00+00:00,622.41,622.72,622.2912,622.46,172956.0,3044.0,622.524033
QQQ,2026-01-09 15:17:00+00:00,622.4754,622.5,621.86,622.14,137614.0,2593.0,622.117368
QQQ,2026-01-09 15:18:00+00:00,622.15,622.47,622.06,622.39,148453.0,2607.0,622.270532
QQQ,2026-01-09 15:19:00+00:00,622.4274,622.73,622.39,622.725,105671.0,2273.0,622.532594
QQQ,2026-01-09 15:20:00+00:00,622.74,622.8,622.44,622.6601,113995.0,2532.0,622.622703
QQQ,2026-01-09 15:21:00+00:00,622.73,622.87,622.33,622.72,122446.0,2776.0,622.651729
QQQ,2026-01-09 15:22:00+00:00,622.67,623.81,622.63,623.58,311721.0,5461.0,623.367064
QQQ,2026-01-09 15:23:00+00:00,623.57,623.66,623.29,623.61,115744.0,2559.0,623.526501
QQQ,2026-01-09 15:24:00+00:00,623.63,623.64,623.38,623.47,122745.0,6521.0,623.539397
QQQ,2026-01-09 15:25:00+00:00,623.47,623.77,623.42,623.66,130030.0,6615.0,623.579704
QQQ,2026-01-09 15:26:00+00:00,623.67,624.22,623.65,624.01,330468.0,4312.0,623.900676
QQQ,2026-01-09 15:27:00+00:00,624.018,624.57,624.018,624.39,296376.0,5295.0,624.398899
QQQ,2026-01-09 15:28:00+00:00,624.4,624.895,624.355,624.71,251967.0,4511.0,624.679618
QQQ,2026-01-09 15:29:00+00:00,624.71,624.875,624.67,624.74,191078.0,3435.0,624.763367
QQQ,2026-01-09 15:30:00+00:00,624.75,624.93,624.19,624.58,249097.0,4661.0,624.518073
QQQ,2026-01-09 15:31:00+00:00,624.6,625.06,624.54,625.01,224756.0,4403.0,624.880373
QQQ,2026-01-09 15:32:00+00:00,625.03,625.18,624.83,625.125,153717.0,3133.0,625.030459
QQQ,2026-01-09 15:33:00+00:00,625.14,625.14,624.82,625.0101,158325.0,2591.0,625.008507
QQQ,2026-01-09 15:34:00+00:00,625.01,625.34,624.85,625.0,162965.0,3475.0,625.088734
QQQ,2026-01-09 15:35:00+00:00,625.0,625.13,624.86,625.01,115009.0,2692.0,624.97627
QQQ,2026-01-09 15:36:00+00:00,625.0259,625.0546,624.85,625.03,77644.0,2245.0,624.932582
QQQ,2026-01-09 15:37:00+00:00,625.03,625.03,624.47,624.49,150047.0,3565.0,624.759151
QQQ,2026-01-09 15:38:00+00:00,624.51,624.75,624.505,624.58,115250.0,2662.0,624.61683
QQQ,2026-01-09 15:39:00+00:00,624.57,624.695,624.44,624.47,105618.0,2617.0,624.567569
QQQ,2026-01-09 15:40:00+00:00,624.46,624.59,623.8999,624.0078,142971.0,3255.0,624.246583
QQQ,2026-01-09 15:41:00+00:00,624.0,624.08,623.73,623.79,141978.0,3014.0,623.919033
QQQ,2026-01-09 15:42:00+00:00,623.8,623.82,623.44,623.53,148793.0,2931.0,623.617614
QQQ,2026-01-09 15:43:00+00:00,623.53,623.84,623.32,623.419,117351.0,2851.0,623.535934
QQQ,2026-01-09 15:44:00+00:00,623.4,623.4,622.985,623.01,151641.0,3084.0,623.145668
QQQ,2026-01-09 15:45:00+00:00,623.01,623.07,622.52,622.94,325080.0,5248.0,622.888186
QQQ,2026-01-09 15:46:00+00:00,622.96,623.1999,622.72,623.06,186793.0,3772.0,622.953714
QQQ,2026-01-09 15:47:00+00:00,623.05,623.45,622.81,623.44,182179.0,3285.0,623.256473
QQQ,2026-01-09 15:48:00+00:00,623.44,623.44,622.654,622.7,150986.0,3097.0,623.064168
QQQ,2026-01-09 15:49:00+00:00,622.7,622.88,622.66,622.81,75790.0,2231.0,622.779433
QQQ,2026-01-09 15:50:00+00:00,622.8,623.29,622.74,623.28,153494.0,2980.0,622.995158
QQQ,2026-01-09 15:51:00+00:00,623.3,623.61,623.19,623.44,127501.0,3126.0,623.410326
QQQ,2026-01-09 15:52:00+00:00,623.43,623.67,623.05,623.08,123110.0,3110.0,623.363661
QQQ,2026-01-09 15:53:00+00:00,623.07,623.28,622.93,623.025,126920.0,2984.0,623.068616
QQQ,2026-01-09 15:54:00+00:00,623.02,623.18,622.81,622.91,105881.0,2709.0,622.955574
QQQ,2026-01-09 15:55:00+00:00,622.88,622.96,622.61,622.79,98642.0,2793.0,622.786255
QQQ,2026-01-09 15:56:00+00:00,622.79,623.4499,622.79,623.39,120788.0,2588.0,623.084055
QQQ,2026-01-09 15:57:00+00:00,623.4,623.48,623.14,623.39,96795.0,2510.0,623.346676
QQQ,2026-01-09 15:58:00+00:00,623.39,623.53,623.2,623.5099,76097.0,1970.0,623.372851
QQQ,2026-01-09 15:59:00+00:00,623.48,623.83,623.43,623.76,162811.0,2804.0,623.657466
QQQ,2026-01-09 16:00:00+00:00,623.8,624.12,623.77,624.03,117481.0,2970.0,623.986904
QQQ,2026-01-09 16:01:00+00:00,624.03,624.2,623.92,624.17,68142.0,2151.0,624.033934
QQQ,2026-01-09 16:02:00+00:00,624.18,624.7201,624.18,624.72,178376.0,3485.0,624.479478
QQQ,2026-01-09 16:03:00+00:00,624.722,624.77,624.34,624.45,111558.0,2705.0,624.543766
QQQ,2026-01-09 16:04:00+00:00,624.44,624.49,624.21,624.44,125552.0,2495.0,624.350037
QQQ,2026-01-09 16:05:00+00:00,624.44,624.54,624.35,624.515,69543.0,2167.0,624.457738
QQQ,2026-01-09 16:06:00+00:00,624.52,624.8,624.45,624.77,91709.0,2612.0,624.688072
QQQ,2026-01-09 16:07:00+00:00,624.77,624.86,624.61,624.82,111538.0,2971.0,624.712709
QQQ,2026-01-09 16:08:00+00:00,624.8041,625.225,624.8,625.15,168205.0,3918.0,625.051422
QQQ,2026-01-09 16:09:00+00:00,625.14,625.57,625.13,625.5,178740.0,4255.0,625.403121
QQQ,2026-01-09 16:10:00+00:00,625.49,625.51,625.2,625.33,159256.0,3837.0,625.397158
QQQ,2026-01-09 16:11:00+00:00,625.34,625.48,625.29,625.3951,83898.0,2493.0,625.412321
QQQ,2026-01-09 16:12:00+00:00,625.4,625.4,624.95,625.11,153300.0,3312.0,625.125204
QQQ,2026-01-09 16:13:00+00:00,625.12,625.77,625.08,625.71,141009.0,3452.0,625.558548
QQQ,2026-01-09 16:14:00+00:00,625.72,625.88,625.59,625.63,117445.0,2954.0,625.73532
QQQ,2026-01-09 16:15:00+00:00,625.63,625.72,625.27,625.47,108019.0,2909.0,625.455018
QQQ,2026-01-09 16:16:00+00:00,625.47,625.53,625.33,625.3301,50531.0,2050.0,625.423257
QQQ,2026-01-09 16:17:00+00:00,625.33,625.44,625.28,625.39,82947.0,2344.0,625.374048
QQQ,2026-01-09 16:18:00+00:00,625.36,625.45,625.26,625.38,65521.0,2117.0,625.356926
QQQ,2026-01-09 16:19:00+00:00,625.36,625.55,625.3287,625.52,70857.0,2185.0,625.468156
QQQ,2026-01-09 16:20:00+00:00,625.54,625.555,625.38,625.47,94138.0,2532.0,625.462787
QQQ,2026-01-09 16:21:00+00:00,625.48,625.63,625.4,625.6005,44979.0,1849.0,625.497057
QQQ,2026-01-09 16:22:00+00:00,625.62,625.62,625.22,625.26,77246.0,2324.0,625.425107
QQQ,2026-01-09 16:23:00+00:00,625.27,625.34,625.18,625.225,90070.0,2402.0,625.25203
QQQ,2026-01-09 16:24:00+00:00,625.24,625.465,625.23,625.384,77690.0,2465.0,625.362494
QQQ,2026-01-09 16:25:00+00:00,625.36,625.38,625.195,625.21,104020.0,2403.0,625.304393
QQQ,2026-01-09 16:26:00+00:00,625.21,625.28,625.02,625.19,87096.0,2271.0,625.14543
QQQ,2026-01-09 16:27:00+00:00,625.21,625.28,625.04,625.135,84040.0,2140.0,625.143712
QQQ,2026-01-09 16:28:00+00:00,625.14,625.21,624.86,624.95,81917.0,2666.0,625.037127
QQQ,2026-01-09 16:29:00+00:00,624.98,625.06,624.895,624.9707,77989.0,2234.0,624.981096
QQQ,2026-01-09 16:30:00+00:00,624.97,625.0961,624.81,625.075,87662.0,2414.0,624.956194
QQQ,2026-01-09 16:31:00+00:00,625.08,625.28,624.83,624.83,62895.0,2181.0,625.140907
QQQ,2026-01-09 16:32:00+00:00,624.83,624.99,624.7,624.99,69742.0,2134.0,624.816583
QQQ,2026-01-09 16:33:00+00:00,624.98,625.12,624.81,624.83,51293.0,1882.0,624.991779
QQQ,2026-01-09 16:34:00+00:00,624.8,624.86,624.66,624.8,62706.0,1833.0,624.757456
QQQ,2026-01-09 16:35:00+00:00,624.8,624.85,624.53,624.77,72009.0,2082.0,624.682407
QQQ,2026-01-09 16:36:00+00:00,624.7602,624.99,624.71,624.89,66391.0,2121.0,624.81874
QQQ,2026-01-09 16:37:00+00:00,624.89,624.95,624.74,624.9,63613.0,1939.0,624.862309
QQQ,2026-01-09 16:38:00+00:00,624.94,625.04,624.85,624.86,60443.0,1849.0,624.962677
QQQ,2026-01-09 16:39:00+00:00,624.875,625.04,624.82,625.015,45539.0,1661.0,624.966503
QQQ,2026-01-09 16:40:00+00:00,625.03,625.05,624.7219,625.03,68177.0,1810.0,624.949187
QQQ,2026-01-09 16:41:00+00:00,625.03,625.1272,624.85,624.85,48177.0,1737.0,625.009827
QQQ,2026-01-09 16:42:00+00:00,624.86,624.96,624.71,624.82,71313.0,2332.0,624.850677
QQQ,2026-01-09 16:43:00+00:00,624.8,625.01,624.8,624.99,43481.0,1655.0,624.891604
QQQ,2026-01-09 16:44:00+00:00,624.96,625.27,624.96,625.1,60884.0,1917.0,625.113048
QQQ,2026-01-09 16:45:00+00:00,625.08,625.27,625.06,625.27,61726.0,1451.0,625.201463
QQQ,2026-01-09 16:46:00+00:00,625.275,625.34,625.17,625.25,60141.0,1822.0,625.266279
QQQ,2026-01-09 16:47:00+00:00,625.265,625.28,625.15,625.2,37893.0,1611.0,625.225902
QQQ,2026-01-09 16:48:00+00:00,625.21,625.7,625.17,625.695,134783.0,3307.0,625.545706
QQQ,2026-01-09 16:49:00+00:00,625.7,625.83,625.67,625.76,93531.0,2278.0,625.733951
QQQ,2026-01-09 16:50:00+00:00,625.76,626.1,625.75,626.06,160167.0,3362.0,625.970867
QQQ,2026-01-09 16:51:00+00:00,626.06,626.09,625.83,626.005,135300.0,2990.0,625.938607
QQQ,2026-01-09 16:52:00+00:00,626.015,626.21,625.96,626.17,123603.0,2616.0,626.079118
QQQ,2026-01-09 16:53:00+00:00,626.17,626.18,626.08,626.145,144089.0,2803.0,626.137198
QQQ,2026-01-09 16:54:00+00:00,626.15,626.26,626.12,626.2,127624.0,2509.0,626.19329
QQQ,2026-01-09 16:55:00+00:00,626.2,626.27,626.05,626.07,203008.0,3332.0,626.205685
QQQ,2026-01-09 16:56:00+00:00,626.07,626.2901,626.06,626.285,84178.0,2167.0,626.2138
QQQ,2026-01-09 16:57:00+00:00,626.28,626.33,626.06,626.06,83072.0,2007.0,626.196889
QQQ,2026-01-09 16:58:00+00:00,626.07,626.22,625.99,626.13,125274.0,2223.0,626.096337
QQQ,2026-01-09 16:59:00+00:00,626.1,626.185,626.05,626.09,68309.0,2125.0,626.104605
QQQ,2026-01-09 17:00:00+00:00,626.07,626.145,625.83,625.865,137116.0,2638.0,625.979446
QQQ,2026-01-09 17:01:00+00:00,625.86,626.045,625.82,626.04,52921.0,1878.0,625.937573
QQQ,2026-01-09 17:02:00+00:00,626.03,626.09,625.97,625.97,50560.0,970.0,626.025732
QQQ,2026-01-09 17:03:00+00:00,625.98,626.42,625.97,626.385,146045.0,2014.0,626.235657
QQQ,2026-01-09 17:04:00+00:00,626.38,626.46,626.3099,626.39,100179.0,1280.0,626.401861
QQQ,2026-01-09 17:05:00+00:00,626.41,626.45,626.295,626.34,62049.0,1113.0,626.37026
QQQ,2026-01-09 17:06:00+00:00,626.37,626.4,626.2887,626.33,48326.0,1009.0,626.337463
QQQ,2026-01-09 17:07:00+00:00,626.335,626.39,626.21,626.33,56626.0,1124.0,626.309612
QQQ,2026-01-09 17:08:00+00:00,626.34,626.3565,626.1999,626.25,70629.0,1141.0,626.278456
QQQ,2026-01-09 17:09:00+00:00,626.26,626.3301,626.23,626.3199,46971.0,1014.0,626.280789
QQQ,2026-01-09 17:10:00+00:00,626.32,626.35,626.03,626.1,62602.0,1270.0,626.168446
QQQ,2026-01-09 17:11:00+00:00,626.11,626.11,625.96,625.9868,91171.0,1407.0,626.003284
QQQ,2026-01-09 17:12:00+00:00,626.0,626.07,625.94,626.0035,70334.0,1493.0,625.994484
QQQ,2026-01-09 17:13:00+00:00,626.0,626.165,625.92,626.1054,55986.0,1073.0,626.048467
QQQ,2026-01-09 17:14:00+00:00,626.12,626.21,626.11,626.17,73865.0,796.0,626.163596
QQQ,2026-01-09 17:15:00+00:00,626.16,626.17,625.875,625.91,31972.0,910.0,626.004885
QQQ,2026-01-09 17:16:00+00:00,625.91,625.97,625.76,625.81,70583.0,1191.0,625.854424
QQQ,2026-01-09 17:17:00+00:00,625.82,625.89,625.79,625.85,86719.0,1150.0,625.843911
QQQ,2026-01-09 17:18:00+00:00,625.84,625.85,625.55,625.56,100972.0,1599.0,625.661581
QQQ,2026-01-09 17:19:00+00:00,625.57,625.66,625.505,625.52,51891.0,1177.0,625.585534
QQQ,2026-01-09 17:20:00+00:00,625.52,625.855,625.52,625.73,81221.0,1312.0,625.681602
QQQ,2026-01-09 17:21:00+00:00,625.72,625.73,625.54,625.61,37607.0,982.0,625.61979
QQQ,2026-01-09 17:22:00+00:00,625.61,625.83,625.58,625.825,65818.0,1286.0,625.685581
QQQ,2026-01-09 17:23:00+00:00,625.8301,626.03,625.79,626.02,77235.0,1546.0,625.913537
QQQ,2026-01-09 17:24:00+00:00,626.03,626.22,626.03,626.15,83766.0,1847.0,626.149101
QQQ,2026-01-09 17:25:00+00:00,626.16,626.3,626.075,626.29,61467.0,1216.0,626.181835
QQQ,2026-01-09 17:26:00+00:00,626.29,626.3201,626.2,626.2708,58161.0,1256.0,626.259166
QQQ,2026-01-09 17:27:00+00:00,626.27,626.3,626.07,626.2501,49492.0,1184.0,626.188775
QQQ,2026-01-09 17:28:00+00:00,626.23,626.38,626.215,626.2597,42590.0,985.0,626.29039
QQQ,2026-01-09 17:29:00+00:00,626.255,626.255,626.09,626.155,59444.0,1384.0,626.158182
QQQ,2026-01-09 17:30:00+00:00,626.16,626.16,626.0401,626.07,40047.0,974.0,626.101964
QQQ,2026-01-09 17:31:00+00:00,626.07,626.14,625.98,626.11,35909.0,989.0,626.059347
QQQ,2026-01-09 17:32:00+00:00,626.13,626.23,626.055,626.21,28842.0,958.0,626.174975
QQQ,2026-01-09 17:33:00+00:00,626.21,626.36,626.21,626.34,81395.0,1456.0,626.278799
QQQ,2026-01-09 17:34:00+00:00,626.35,626.46,626.31,626.395,73010.0,1298.0,626.382151
QQQ,2026-01-09 17:35:00+00:00,626.39,626.42,626.27,626.3024,92503.0,1436.0,626.35323
QQQ,2026-01-09 17:36:00+00:00,626.3,626.32,626.1299,626.15,42750.0,1118.0,626.215891
QQQ,2026-01-09 17:37:00+00:00,626.16,626.27,626.16,626.21,47563.0,1096.0,626.20745
QQQ,2026-01-09 17:38:00+00:00,626.21,626.395,626.15,626.345,45147.0,1088.0,626.293447
QQQ,2026-01-09 17:39:00+00:00,626.35,626.35,626.17,626.2201,35564.0,839.0,626.256709
QQQ,2026-01-09 17:40:00+00:00,626.21,626.21,626.02,626.05,39130.0,851.0,626.103473
QQQ,2026-01-09 17:41:00+00:00,626.04,626.16,626.04,626.135,42690.0,827.0,626.096939
QQQ,2026-01-09 17:42:00+00:00,626.15,626.22,626.07,626.1478,51834.0,862.0,626.154542
QQQ,2026-01-09 17:43:00+00:00,626.15,626.16,625.94,625.95,45571.0,1051.0,626.041591
QQQ,2026-01-09 17:44:00+00:00,625.97,626.14,625.96,626.09,23638.0,789.0,626.031757
QQQ,2026-01-09 17:45:00+00:00,626.1,626.21,625.99,626.16,73234.0,1336.0,626.067901
QQQ,2026-01-09 17:46:00+00:00,626.15,626.18,625.985,626.045,37610.0,988.0,626.104237
QQQ,2026-01-09 17:47:00+00:00,626.05,626.44,626.04,626.42,132241.0,2286.0,626.361166
QQQ,2026-01-09 17:48:00+00:00,626.42,626.52,626.35,626.47,104598.0,1908.0,626.436767
QQQ,2026-01-09 17:49:00+00:00,626.468,626.468,626.32,626.33,69118.0,1026.0,626.387445
QQQ,2026-01-09 17:50:00+00:00,626.34,626.46,626.3099,626.4,120615.0,1422.0,626.395934
QQQ,2026-01-09 17:51:00+00:00,626.4,626.63,626.37,626.57,120846.0,1838.0,626.508971
QQQ,2026-01-09 17:52:00+00:00,626.57,626.575,626.32,626.33,72295.0,1277.0,626.486333
QQQ,2026-01-09 17:53:00+00:00,626.34,626.38,626.29,626.35,64990.0,1170.0,626.332902
QQQ,2026-01-09 17:54:00+00:00,626.35,626.43,626.31,626.37,32098.0,983.0,626.361425
QQQ,2026-01-09 17:55:00+00:00,626.36,626.43,626.26,626.34,59706.0,1257.0,626.359041
QQQ,2026-01-09 17:56:00+00:00,626.35,626.54,626.29,626.48,59472.0,1212.0,626.426126
QQQ,2026-01-09 17:57:00+00:00,626.48,626.66,626.47,626.6373,60087.0,1410.0,626.593729
QQQ,2026-01-09 17:58:00+00:00,626.635,626.69,626.59,626.62,60922.0,1095.0,626.637757
QQQ,2026-01-09 17:59:00+00:00,626.62,626.65,626.4,626.4,88229.0,1680.0,626.498125
QQQ,2026-01-09 18:00:00+00:00,626.4,626.4,626.16,626.23,93169.0,1687.0,626.271211
QQQ,2026-01-09 18:01:00+00:00,626.21,626.36,626.14,626.15,79711.0,1378.0,626.201149
QQQ,2026-01-09 18:02:00+00:00,626.15,626.15,625.995,626.05,120308.0,1791.0,626.060691
QQQ,2026-01-09 18:03:00+00:00,626.03,626.21,625.98,626.135,71904.0,1487.0,626.087683
QQQ,2026-01-09 18:04:00+00:00,626.13,626.15,626.01,626.04,84587.0,1568.0,626.075099
QQQ,2026-01-09 18:05:00+00:00,626.05,626.23,626.02,626.22,56331.0,1113.0,626.100032
QQQ,2026-01-09 18:06:00+00:00,626.23,626.27,626.12,626.26,88377.0,1478.0,626.18393
QQQ,2026-01-09 18:07:00+00:00,626.2599,626.325,626.15,626.1535,60036.0,1134.0,626.229448
QQQ,2026-01-09 18:08:00+00:00,626.155,626.16,625.73,625.76,144153.0,2132.0,625.953863
QQQ,2026-01-09 18:09:00+00:00,625.76,625.785,625.6,625.63,110206.0,2008.0,625.708121
QQQ,2026-01-09 18:10:00+00:00,625.64,625.78,625.64,625.65,54519.0,1375.0,625.708082
QQQ,2026-01-09 18:11:00+00:00,625.64,625.73,625.61,625.71,68041.0,1304.0,625.663634
QQQ,2026-01-09 18:12:00+00:00,625.71,625.83,625.58,625.63,88209.0,1652.0,625.697613
QQQ,2026-01-09 18:13:00+00:00,625.6399,625.7472,625.535,625.72,59721.0,1319.0,625.62071
QQQ,2026-01-09 18:14:00+00:00,625.715,625.76,625.615,625.66,64407.0,1267.0,625.670385
QQQ,2026-01-09 18:15:00+00:00,625.66,625.71,625.54,625.705,50081.0,1208.0,625.639573
QQQ,2026-01-09 18:16:00+00:00,625.71,625.81,625.62,625.67,68665.0,1299.0,625.699278
QQQ,2026-01-09 18:17:00+00:00,625.68,625.7,625.58,625.63,34319.0,1029.0,625.649121
QQQ,2026-01-09 18:18:00+00:00,625.63,625.74,625.58,625.6785,62709.0,1393.0,625.677203
QQQ,2026-01-09 18:19:00+00:00,625.6732,625.695,625.58,625.68,248668.0,1043.0,625.63195
QQQ,2026-01-09 18:20:00+00:00,625.67,625.77,625.59,625.62,32785.0,902.0,625.651746
QQQ,2026-01-09 18:21:00+00:00,625.64,625.79,625.57,625.605,37796.0,894.0,625.663878
QQQ,2026-01-09 18:22:00+00:00,625.6,625.67,625.55,625.6,34699.0,813.0,625.603646
QQQ,2026-01-09 18:23:00+00:00,625.59,625.7352,625.5899,625.71,65625.0,1131.0,625.643278
QQQ,2026-01-09 18:24:00+00:00,625.7,625.7,625.58,625.64,41151.0,945.0,625.643578
QQQ,2026-01-09 18:25:00+00:00,625.65,625.66,625.575,625.58,64251.0,1093.0,625.610506
QQQ,2026-01-09 18:26:00+00:00,625.58,625.64,625.44,625.5715,50764.0,1220.0,625.525845
QQQ,2026-01-09 18:27:00+00:00,625.57,625.65,625.54,625.59,55552.0,842.0,625.583739
QQQ,2026-01-09 18:28:00+00:00,625.59,625.82,625.56,625.8199,50322.0,1056.0,625.678504
QQQ,2026-01-09 18:29:00+00:00,625.82,626.08,625.82,626.06,69316.0,1556.0,625.982395
QQQ,2026-01-09 18:30:00+00:00,626.05,626.2701,626.04,626.24,76340.0,1561.0,626.175626
QQQ,2026-01-09 18:31:00+00:00,626.26,626.3,626.1551,626.24,54097.0,1302.0,626.216696
QQQ,2026-01-09 18:32:00+00:00,626.25,626.3284,626.2,626.3,45822.0,1032.0,626.276804
QQQ,2026-01-09 18:33:00+00:00,626.3,626.34,626.28,626.3101,35771.0,961.0,626.314488
QQQ,2026-01-09 18:34:00+00:00,626.32,626.54,626.32,626.47,108315.0,1654.0,626.466657
QQQ,2026-01-09 18:35:00+00:00,626.47,626.83,626.45,626.83,110000.0,1791.0,626.746281
QQQ,2026-01-09 18:36:00+00:00,626.85,626.95,626.74,626.76,108825.0,1895.0,626.826153
QQQ,2026-01-09 18:37:00+00:00,626.76,627.055,626.76,627.05,73364.0,1772.0,626.941532
QQQ,2026-01-09 18:38:00+00:00,627.055,627.1,627.01,627.04,101978.0,1498.0,627.052773
QQQ,2026-01-09 18:39:00+00:00,627.0308,627.1,626.98,627.065,93827.0,1470.0,627.033721
QQQ,2026-01-09 18:40:00+00:00,627.07,627.215,627.06,627.15,97317.0,1669.0,627.129817
QQQ,2026-01-09 18:41:00+00:00,627.155,627.25,627.15,627.23,79609.0,1094.0,627.203808
QQQ,2026-01-09 18:42:00+00:00,627.24,627.28,627.19,627.2,57576.0,967.0,627.235246
QQQ,2026-01-09 18:43:00+00:00,627.2134,627.235,626.89,626.91,97407.0,1476.0,627.050964
QQQ,2026-01-09 18:44:00+00:00,626.915,626.9426,626.765,626.7901,63233.0,1003.0,626.849966
QQQ,2026-01-09 18:45:00+00:00,626.8,626.88,626.74,626.87,55950.0,903.0,626.822784
QQQ,2026-01-09 18:46:00+00:00,626.87,626.95,626.78,626.91,38929.0,761.0,626.894508
QQQ,2026-01-09 18:47:00+00:00,626.9,626.9,626.76,626.82,32586.0,742.0,626.819059
QQQ,2026-01-09 18:48:00+00:00,626.83,627.05,626.8,627.05,84657.0,1440.0,626.944385
QQQ,2026-01-09 18:49:00+00:00,627.04,627.11,627.01,627.05,82171.0,1240.0,627.06199
QQQ,2026-01-09 18:50:00+00:00,627.06,627.1,626.92,627.085,71811.0,1060.0,627.030883
QQQ,2026-01-09 18:51:00+00:00,627.09,627.16,627.075,627.11,105201.0,1397.0,627.112087
QQQ,2026-01-09 18:52:00+00:00,627.1101,627.14,627.0399,627.14,48225.0,794.0,627.093305
QQQ,2026-01-09 18:53:00+00:00,627.121,627.14,627.02,627.13,58089.0,885.0,627.07834
QQQ,2026-01-09 18:54:00+00:00,627.13,627.1901,627.12,627.155,38694.0,770.0,627.152615
QQQ,2026-01-09 18:55:00+00:00,627.16,627.1968,627.09,627.185,63564.0,894.0,627.142305
QQQ,2026-01-09 18:56:00+00:00,627.19,627.25,627.16,627.2,79405.0,1143.0,627.215735
QQQ,2026-01-09 18:57:00+00:00,627.21,627.46,627.21,627.43,122125.0,1900.0,627.38633
QQQ,2026-01-09 18:58:00+00:00,627.435,627.435,627.31,627.35,61747.0,861.0,627.3878
QQQ,2026-01-09 18:59:00+00:00,627.35,627.37,627.29,627.31,66780.0,967.0,627.34258
QQQ,2026-01-09 19:00:00+00:00,627.31,627.34,627.11,627.13,80099.0,1247.0,627.208266
QQQ,2026-01-09 19:01:00+00:00,627.135,627.185,627.08,627.12,32233.0,685.0,627.144143
QQQ,2026-01-09 19:02:00+00:00,627.13,627.22,627.09,627.22,39513.0,788.0,627.141218
QQQ,2026-01-09 19:03:00+00:00,627.21,627.275,627.15,627.225,40102.0,721.0,627.211789
QQQ,2026-01-09 19:04:00+00:00,627.22,627.29,627.185,627.21,47699.0,780.0,627.22776
QQQ,2026-01-09 19:05:00+00:00,627.2,627.24,627.12,627.205,62835.0,901.0,627.193416
QQQ,2026-01-09 19:06:00+00:00,627.2,627.21,627.11,627.12,43140.0,699.0,627.154135
QQQ,2026-01-09 19:07:00+00:00,627.12,627.15,627.08,627.13,41884.0,809.0,627.115992
QQQ,2026-01-09 19:08:00+00:00,627.13,627.1318,627.005,627.0697,39151.0,791.0,627.04398
QQQ,2026-01-09 19:09:00+00:00,627.07,627.209,627.05,627.176,26081.0,610.0,627.140791
QQQ,2026-01-09 19:10:00+00:00,627.18,627.2,627.07,627.08,23330.0,624.0,627.116421
QQQ,2026-01-09 19:11:00+00:00,627.07,627.3,627.06,627.215,102524.0,1393.0,627.172936
QQQ,2026-01-09 19:12:00+00:00,627.22,627.261,627.14,627.15,46283.0,859.0,627.223187
QQQ,2026-01-09 19:13:00+00:00,627.16,627.18,627.1,627.18,25097.0,575.0,627.147373
QQQ,2026-01-09 19:14:00+00:00,627.1819,627.22,627.14,627.14,26418.0,642.0,627.178218
QQQ,2026-01-09 19:15:00+00:00,627.14,627.255,627.14,627.23,34868.0,712.0,627.207991
QQQ,2026-01-09 19:16:00+00:00,627.22,627.295,627.19,627.295,24574.0,637.0,627.241677
QQQ,2026-01-09 19:17:00+00:00,627.29,627.38,627.2731,627.37,41193.0,912.0,627.314502
QQQ,2026-01-09 19:18:00+00:00,627.3556,627.435,627.34,627.4,45275.0,971.0,627.399479
QQQ,2026-01-09 19:19:00+00:00,627.4,627.43,627.35,627.36,61408.0,971.0,627.399521
QQQ,2026-01-09 19:20:00+00:00,627.37,627.395,627.3,627.32,28669.0,728.0,627.35507
QQQ,2026-01-09 19:21:00+00:00,627.31,627.39,627.29,627.335,33234.0,818.0,627.341335
QQQ,2026-01-09 19:22:00+00:00,627.34,627.37,627.24,627.27,39359.0,895.0,627.294498
QQQ,2026-01-09 19:23:00+00:00,627.28,627.35,627.265,627.35,27964.0,693.0,627.304578
QQQ,2026-01-09 19:24:00+00:00,627.36,627.39,627.325,627.345,28805.0,585.0,627.352731
QQQ,2026-01-09 19:25:00+00:00,627.3401,627.3401,627.22,627.28,55215.0,997.0,627.273131
QQQ,2026-01-09 19:26:00+00:00,627.275,627.305,627.225,627.265,36663.0,758.0,627.264092
QQQ,2026-01-09 19:27:00+00:00,627.27,627.3701,627.27,627.34,30766.0,723.0,627.342911
QQQ,2026-01-09 19:28:00+00:00,627.34,627.35,627.29,627.29,32220.0,677.0,627.320135
QQQ,2026-01-09 19:29:00+00:00,627.29,627.3,627.21,627.25,23636.0,634.0,627.258877
QQQ,2026-01-09 19:30:00+00:00,627.26,627.305,627.225,627.245,66011.0,1177.0,627.266916
QQQ,2026-01-09 19:31:00+00:00,627.25,627.28,627.1865,627.225,32320.0,681.0,627.227591
QQQ,2026-01-09 19:32:00+00:00,627.22,627.25,627.19,627.21,59548.0,919.0,627.212897
QQQ,2026-01-09 19:33:00+00:00,627.21,627.27,627.13,627.13,36390.0,606.0,627.214349
QQQ,2026-01-09 19:34:00+00:00,627.12,627.18,627.1,627.13,51525.0,839.0,627.138516
QQQ,2026-01-09 19:35:00+00:00,627.13,627.29,627.1,627.275,32422.0,801.0,627.175102
QQQ,2026-01-09 19:36:00+00:00,627.26,627.26,627.18,627.18,19089.0,519.0,627.208921
QQQ,2026-01-09 19:37:00+00:00,627.18,627.31,627.18,627.28,21420.0,607.0,627.251052
QQQ,2026-01-09 19:38:00+00:00,627.2848,627.3299,627.2403,627.3099,41671.0,798.0,627.289974
QQQ,2026-01-09 19:39:00+00:00,627.31,627.33,627.26,627.27,29802.0,619.0,627.291096
QQQ,2026-01-09 19:40:00+00:00,627.27,627.33,627.195,627.23,27049.0,657.0,627.249272
QQQ,2026-01-09 19:41:00+00:00,627.22,627.26,627.19,627.2541,41165.0,736.0,627.223482
QQQ,2026-01-09 19:42:00+00:00,627.26,627.34,627.26,627.2941,64093.0,1025.0,627.304867
QQQ,2026-01-09 19:43:00+00:00,627.2957,627.38,627.295,627.34,135582.0,699.0,627.341026
QQQ,2026-01-09 19:44:00+00:00,627.35,627.37,627.31,627.33,29522.0,624.0,627.348179
QQQ,2026-01-09 19:45:00+00:00,627.33,627.3352,627.24,627.3,26587.0,626.0,627.276645
QQQ,2026-01-09 19:46:00+00:00,627.31,627.47,627.3,627.4359,92018.0,1327.0,627.403373
QQQ,2026-01-09 19:47:00+00:00,627.44,627.4701,627.3834,627.45,54418.0,966.0,627.435475
QQQ,2026-01-09 19:48:00+00:00,627.46,627.53,627.38,627.46,130544.0,1856.0,627.471628
QQQ,2026-01-09 19:49:00+00:00,627.46,627.47,627.39,627.3999,37645.0,778.0,627.433783
QQQ,2026-01-09 19:50:00+00:00,627.3932,627.58,627.39,627.45,87795.0,1392.0,627.492468
QQQ,2026-01-09 19:51:00+00:00,627.44,627.505,627.38,627.5,96731.0,1330.0,627.432332
QQQ,2026-01-09 19:52:00+00:00,627.49,627.58,627.4889,627.53,91293.0,1389.0,627.53481
QQQ,2026-01-09 19:53:00+00:00,627.54,627.55,627.485,627.52,88189.0,1327.0,627.520948
QQQ,2026-01-09 19:54:00+00:00,627.51,627.5175,627.3819,627.39,35424.0,789.0,627.432387
QQQ,2026-01-09 19:55:00+00:00,627.4,627.4,627.17,627.24,96204.0,1540.0,627.255649
QQQ,2026-01-09 19:56:00+00:00,627.25,627.275,627.1301,627.2299,32830.0,745.0,627.211519
QQQ,2026-01-09 19:57:00+00:00,627.22,627.25,627.16,627.16,26550.0,678.0,627.19241
QQQ,2026-01-09 19:58:00+00:00,627.17,627.26,627.12,627.26,71307.0,1246.0,627.193151
QQQ,2026-01-09 19:59:00+00:00,627.26,627.26,627.12,627.14,28435.0,687.0,627.187101
QQQ,2026-01-09 20:00:00+00:00,627.14,627.14,627.03,627.13,74554.0,1173.0,627.080224
QQQ,2026-01-09 20:01:00+00:00,627.13,627.4,627.12,627.38,91326.0,1358.0,627.229047
QQQ,2026-01-09 20:02:00+00:00,627.38,627.45,627.36,627.435,57079.0,892.0,627.396804
QQQ,2026-01-09 20:03:00+00:00,627.44,627.53,627.415,627.44,88049.0,1476.0,627.466271
QQQ,2026-01-09 20:04:00+00:00,627.43,627.43,627.3445,627.375,40944.0,882.0,627.384079
QQQ,2026-01-09 20:05:00+00:00,627.38,627.39,627.3,627.355,23531.0,594.0,627.350845
QQQ,2026-01-09 20:06:00+00:00,627.36,627.46,627.345,627.4501,49861.0,908.0,627.379931
QQQ,2026-01-09 20:07:00+00:00,627.45,627.59,627.43,627.5846,63616.0,1155.0,627.49342
QQQ,2026-01-09 20:08:00+00:00,627.59,627.62,627.46,627.535,62430.0,1214.0,627.53532
QQQ,2026-01-09 20:09:00+00:00,627.535,627.57,627.51,627.53,91209.0,1234.0,627.537197
QQQ,2026-01-09 20:10:00+00:00,627.53,627.56,627.46,627.48,137410.0,1412.0,627.530204
QQQ,2026-01-09 20:11:00+00:00,627.47,627.51,627.38,627.48,77807.0,1171.0,627.434576
QQQ,2026-01-09 20:12:00+00:00,627.48,627.55,627.47,627.495,48987.0,897.0,627.498921
QQQ,2026-01-09 20:13:00+00:00,627.495,627.5,627.39,627.43,75053.0,1271.0,627.448574
QQQ,2026-01-09 20:14:00+00:00,627.43,627.46,627.4,627.43,47073.0,908.0,627.433882
QQQ,2026-01-09 20:15:00+00:00,627.43,627.46,627.38,627.44,44624.0,839.0,627.414575
QQQ,2026-01-09 20:16:00+00:00,627.44,627.56,627.44,627.51,62138.0,1062.0,627.520269
QQQ,2026-01-09 20:17:00+00:00,627.51,627.56,627.44,627.555,59876.0,1026.0,627.50586
QQQ,2026-01-09 20:18:00+00:00,627.55,627.59,627.505,627.56,110637.0,1421.0,627.560556
QQQ,2026-01-09 20:19:00+00:00,627.56,627.63,627.52,627.565,49332.0,996.0,627.563313
QQQ,2026-01-09 20:20:00+00:00,627.57,627.63,627.56,627.595,111857.0,1257.0,627.594359
QQQ,2026-01-09 20:21:00+00:00,627.59,627.8,627.52,627.78,129180.0,1820.0,627.694201
QQQ,2026-01-09 20:22:00+00:00,627.78,627.86,627.77,627.84,121589.0,1857.0,627.811492
QQQ,2026-01-09 20:23:00+00:00,627.835,627.85,627.79,627.83,67261.0,1131.0,627.813597
QQQ,2026-01-09 20:24:00+00:00,627.83,627.845,627.75,627.78,55877.0,1048.0,627.780785
QQQ,2026-01-09 20:25:00+00:00,627.78,627.89,627.72,627.7501,91347.0,1353.0,627.791317
QQQ,2026-01-09 20:26:00+00:00,627.76,627.765,627.655,627.695,178323.0,1181.0,627.698477
QQQ,2026-01-09 20:27:00+00:00,627.69,627.7,627.63,627.635,115012.0,1314.0,627.659486
QQQ,2026-01-09 20:28:00+00:00,627.63,627.66,627.54,627.58,79059.0,1163.0,627.605935
QQQ,2026-01-09 20:29:00+00:00,627.58,627.58,627.45,627.465,80068.0,1274.0,627.52332
QQQ,2026-01-09 20:30:00+00:00,627.46,627.54,627.38,627.46,124210.0,1860.0,627.458123
QQQ,2026-01-09 20:31:00+00:00,627.46,627.59,627.445,627.565,123068.0,1324.0,627.516457
QQQ,2026-01-09 20:32:00+00:00,627.57,627.575,627.44,627.4527,173063.0,1179.0,627.492505
QQQ,2026-01-09 20:33:00+00:00,627.45,627.475,627.41,627.44,45085.0,839.0,627.444383
QQQ,2026-01-09 20:34:00+00:00,627.455,627.56,627.445,627.54,337198.0,1075.0,627.507508
QQQ,2026-01-09 20:35:00+00:00,627.53,627.535,627.38,627.38,63907.0,1062.0,627.455748
QQQ,2026-01-09 20:36:00+00:00,627.39,627.46,627.36,627.425,80901.0,1271.0,627.405267
QQQ,2026-01-09 20:37:00+00:00,627.43,627.45,627.36,627.36,52734.0,919.0,627.41819
QQQ,2026-01-09 20:38:00+00:00,627.36,627.41,627.345,627.345,71800.0,1203.0,627.381729
QQQ,2026-01-09 20:39:00+00:00,627.35,627.4241,627.34,627.39,67149.0,1259.0,627.369168
QQQ,2026-01-09 20:40:00+00:00,627.4,627.4,627.3,627.34,175977.0,2345.0,627.344308
QQQ,2026-01-09 20:41:00+00:00,627.34,627.355,627.28,627.34,117024.0,1729.0,627.31887
QQQ,2026-01-09 20:42:00+00:00,627.34,627.37,627.17,627.215,175829.0,2559.0,627.289951
QQQ,2026-01-09 20:43:00+00:00,627.22,627.32,627.19,627.26,186754.0,2564.0,627.270686
QQQ,2026-01-09 20:44:00+00:00,627.26,627.37,627.23,627.33,192773.0,2831.0,627.302775
QQQ,2026-01-09 20:45:00+00:00,627.33,627.42,627.26,627.26,273746.0,3555.0,627.334813
QQQ,2026-01-09 20:46:00+00:00,627.26,627.33,627.22,627.31,201662.0,2562.0,627.264563
QQQ,2026-01-09 20:47:00+00:00,627.32,627.3576,627.26,627.34,143478.0,2212.0,627.305395
QQQ,2026-01-09 20:48:00+00:00,627.34,627.3783,627.31,627.35,92962.0,1403.0,627.337215
QQQ,2026-01-09 20:49:00+00:00,627.34,627.36,627.29,627.36,123188.0,1702.0,627.323945
QQQ,2026-01-09 20:50:00+00:00,627.35,627.36,627.17,627.19,247847.0,3446.0,627.267261
QQQ,2026-01-09 20:51:00+00:00,627.2,627.21,627.02,627.135,217099.0,3206.0,627.098517
QQQ,2026-01-09 20:52:00+00:00,627.14,627.17,627.05,627.14,203294.0,2580.0,627.127752
QQQ,2026-01-09 20:53:00+00:00,627.15,627.23,627.04,627.065,295500.0,2787.0,627.105887
QQQ,2026-01-09 20:54:00+00:00,627.06,627.28,626.89,627.13,378420.0,5069.0,627.062738
QQQ,2026-01-09 20:55:00+00:00,627.12,627.13,626.92,627.015,231624.0,3390.0,626.99196
QQQ,2026-01-09 20:56:00+00:00,627.01,627.02,626.91,626.95,256754.0,3707.0,626.960992
QQQ,2026-01-09 20:57:00+00:00,626.95,627.075,626.89,627.03,244520.0,3536.0,626.993809
QQQ,2026-01-09 20:58:00+00:00,627.03,627.17,626.975,627.06,286966.0,4238.0,627.079067
QQQ,2026-01-09 20:59:00+00:00,627.06,627.0699,626.62,626.67,1007572.0,9460.0,626.873686
QQQ,2026-01-09 21:00:00+00:00,626.67,626.8,626.52,626.59,1032335.0,666.0,626.649609
QQQ,2026-01-09 21:01:00+00:00,626.58,626.9,626.58,626.71,149191.0,262.0,626.741795
QQQ,2026-01-09 21:02:00+00:00,626.6984,626.73,626.66,626.69,54698.0,300.0,626.700316
QQQ,2026-01-09 21:03:00+00:00,626.69,626.81,626.69,626.8,8833.0,92.0,626.758816
QQQ,2026-01-09 21:04:00+00:00,626.78,626.79,626.7,626.76,20795.0,168.0,626.761469
QQQ,2026-01-09 21:05:00+00:00,626.75,626.77,626.68,626.77,90642.0,394.0,626.727992
QQQ,2026-01-09 21:06:00+00:00,626.77,626.77,626.7,626.7,34319.0,188.0,626.736233
QQQ,2026-01-09 21:07:00+00:00,626.67,626.9,626.66,626.84,20815.0,174.0,626.780085
QQQ,2026-01-09 21:08:00+00:00,626.81,626.81,626.74,626.76,9754.0,101.0,626.768201
QQQ,2026-01-09 21:09:00+00:00,626.78,626.8,626.75,626.76,12887.0,95.0,626.767512
QQQ,2026-01-09 21:10:00+00:00,626.75,626.78,626.74,626.77,194077.0,414.0,626.750316
QQQ,2026-01-09 21:11:00+00:00,626.65,626.78,626.65,626.71,1466037.0,113.0,626.709053
QQQ,2026-01-09 21:12:00+00:00,626.71,626.73,626.65,626.65,50100.0,219.0,626.707389
QQQ,2026-01-09 21:13:00+00:00,626.69,626.76,626.69,626.73,46699.0,108.0,626.743209
QQQ,2026-01-09 21:14:00+00:00,626.71,626.73,626.66,626.68,201872.0,103.0,626.692615
QQQ,2026-01-09 21:15:00+00:00,626.65,626.75,626.61,626.74,13032.0,84.0,626.680128
QQQ,2026-01-09 21:16:00+00:00,626.73,626.76,626.73,626.76,822.0,21.0,626.745643
QQQ,2026-01-09 21:17:00+00:00,626.76,626.82,626.76,626.79,806134.0,63.0,626.805169
QQQ,2026-01-09 21:18:00+00:00,626.81,626.85,626.76,626.78,10117.0,96.0,626.823297
QQQ,2026-01-09 21:19:00+00:00,626.77,626.79,626.7605,626.7786,37226.0,79.0,626.781245
QQQ,2026-01-09 21:20:00+00:00,626.78,626.81,626.78,626.79,6799.0,70.0,626.804088
QQQ,2026-01-09 21:21:00+00:00,626.79,626.79,626.709,626.71,9187.0,77.0,626.745781
QQQ,2026-01-09 21:22:00+00:00,626.7,626.7,626.66,626.7,19924.0,100.0,626.678197
QQQ,2026-01-09 21:23:00+00:00,626.72,626.77,626.71,626.74,1286.0,47.0,626.747303
QQQ,2026-01-09 21:24:00+00:00,626.74,626.74,626.7,626.7,2004.0,44.0,626.731672
QQQ,2026-01-09 21:25:00+00:00,626.7,626.7096,626.65,626.6518,2346.0,36.0,626.663099
QQQ,2026-01-09 21:26:00+00:00,626.67,626.7094,626.66,626.7094,1374.0,60.0,626.685958
QQQ,2026-01-09 21:27:00+00:00,626.71,626.71,626.71,626.71,678.0,60.0,626.71
QQQ,2026-01-09 21:28:00+00:00,626.69,626.69,626.69,626.69,181.0,22.0,626.69
QQQ,2026-01-09 21:29:00+00:00,626.69,626.69,626.69,626.69,837.0,26.0,626.69
QQQ,2026-01-09 21:30:00+00:00,626.69,626.69,626.65,626.68,1554.0,49.0,626.665688
QQQ,2026-01-09 21:31:00+00:00,626.6104,626.6104,626.6104,626.6104,470.0,24.0,626.6104
QQQ,2026-01-09 21:32:00+00:00,626.62,626.64,626.61,626.61,499.0,34.0,626.625234
QQQ,2026-01-09 21:33:00+00:00,626.62,626.62,626.62,626.62,420.0,22.0,626.62
QQQ,2026-01-09 21:34:00+00:00,626.62,626.62,626.58,626.6,3082.0,52.0,626.602488
QQQ,2026-01-09 21:35:00+00:00,626.6,626.6,626.53,626.55,2917.0,63.0,626.563018
QQQ,2026-01-09 21:36:00+00:00,626.55,626.6,626.51,626.6,2612.0,64.0,626.547235
QQQ,2026-01-09 21:37:00+00:00,626.59,626.59,626.54,626.57,3024.0,62.0,626.564946
QQQ,2026-01-09 21:38:00+00:00,626.56,626.58,626.54,626.54,2222.0,33.0,626.563213
QQQ,2026-01-09 21:39:00+00:00,626.53,626.62,626.52,626.62,2397.0,50.0,626.561555
QQQ,2026-01-09 21:40:00+00:00,626.61,626.6603,626.6,626.63,28068.0,120.0,626.639706
QQQ,2026-01-09 21:41:00+00:00,626.63,626.66,626.6168,626.6168,18170.0,119.0,626.643121
QQQ,2026-01-09 21:42:00+00:00,626.6,626.6,626.56,626.5796,14140.0,131.0,626.581748
QQQ,2026-01-09 21:43:00+00:00,626.56,626.56,626.5,626.5,18996.0,108.0,626.518179
QQQ,2026-01-09 21:44:00+00:00,626.5,626.52,626.49,626.5,9482.0,109.0,626.507167
QQQ,2026-01-09 21:45:00+00:00,626.47,626.52,626.47,626.52,21038.0,126.0,626.470483
QQQ,2026-01-09 21:46:00+00:00,626.52,626.52,626.46,626.46,10436.0,37.0,626.475191
QQQ,2026-01-09 21:47:00+00:00,626.45,626.4768,626.45,626.4768,404.0,21.0,626.468554
QQQ,2026-01-09 21:48:00+00:00,626.48,626.52,626.48,626.52,434.0,29.0,626.515152
QQQ,2026-01-09 21:49:00+00:00,626.51,626.56,626.46,626.46,3229.0,49.0,626.520827
QQQ,2026-01-09 21:50:00+00:00,626.56,626.56,626.56,626.56,655.0,31.0,626.56
QQQ,2026-01-09 21:51:00+00:00,626.57,626.63,626.57,626.61,1074.0,35.0,626.610895
QQQ,2026-01-09 21:52:00+00:00,626.63,626.65,626.61,626.63,4466.0,79.0,626.643222
QQQ,2026-01-09 21:53:00+00:00,626.65,626.66,626.65,626.66,232.0,14.0,626.655
QQQ,2026-01-09 21:54:00+00:00,626.65,626.67,626.64,626.67,4959.0,23.0,626.647605
QQQ,2026-01-09 21:55:00+00:00,626.62,626.62,626.61,626.61,711.0,47.0,626.617596
QQQ,2026-01-09 21:56:00+00:00,626.59,626.65,626.56,626.65,3090.0,68.0,626.612146
QQQ,2026-01-09 21:57:00+00:00,626.65,626.65,626.62,626.62,903.0,36.0,626.6382
QQQ,2026-01-09 21:58:00+00:00,626.64,626.65,626.64,626.65,468.0,31.0,626.642
QQQ,2026-01-09 21:59:00+00:00,626.6335,626.68,626.6335,626.68,1867.0,38.0,626.647412
QQQ,2026-01-09 22:00:00+00:00,626.6834,626.6834,626.6834,626.6834,67.0,3.0,626.6834
QQQ,2026-01-09 22:01:00+00:00,626.64,626.64,626.64,626.64,248.0,17.0,626.64
QQQ,2026-01-09 22:02:00+00:00,626.64,626.64,626.64,626.64,270.0,17.0,626.64
QQQ,2026-01-09 22:03:00+00:00,626.744,626.744,626.744,626.744,117.0,14.0,626.744
QQQ,2026-01-09 22:04:00+00:00,626.66,626.66,626.62,626.62,35946.0,22.0,626.623658
QQQ,2026-01-09 22:05:00+00:00,626.59,626.59,626.59,626.59,144.0,16.0,626.59
QQQ,2026-01-09 22:08:00+00:00,626.62,626.62,626.62,626.62,154.0,15.0,626.62
QQQ,2026-01-09 22:09:00+00:00,626.68,626.68,626.68,626.68,324.0,18.0,626.68
QQQ,2026-01-09 22:10:00+00:00,626.66,626.66,626.66,626.66,154.0,13.0,626.66
QQQ,2026-01-09 22:17:00+00:00,626.65,626.66,626.65,626.66,585.0,17.0,626.654264
QQQ,2026-01-09 22:18:00+00:00,626.6672,626.6672,626.6672,626.6672,68.0,7.0,626.6672
QQQ,2026-01-09 22:19:00+00:00,626.66,626.66,626.65,626.65,824.0,18.0,626.656
QQQ,2026-01-09 22:20:00+00:00,626.68,626.84,626.68,626.84,2513.0,65.0,626.75598
QQQ,2026-01-09 22:21:00+00:00,626.7,626.7,626.7,626.7,408.0,9.0,626.7
QQQ,2026-01-09 22:22:00+00:00,626.66,626.7,626.66,626.6647,1112.0,14.0,626.674991
QQQ,2026-01-09 22:23:00+00:00,626.6614,626.6614,626.6614,626.6614,1162.0,11.0,626.6614
QQQ,2026-01-09 22:24:00+00:00,626.7,626.7,626.66,626.66,164.0,8.0,626.672973
QQQ,2026-01-09 22:25:00+00:00,626.66,626.66,626.66,626.66,113.0,10.0,626.66
QQQ,2026-01-09 22:26:00+00:00,626.68,626.7,626.68,626.7,157.0,9.0,626.687692
QQQ,2026-01-09 22:28:00+00:00,626.66,626.66,626.66,626.66,150.0,13.0,626.66
QQQ,2026-01-09 22:31:00+00:00,626.6501,626.6501,626.6501,626.6501,138.0,13.0,626.6501
QQQ,2026-01-09 22:34:00+00:00,626.65,626.65,626.65,626.65,197.0,12.0,626.65
QQQ,2026-01-09 22:35:00+00:00,626.68,626.7089,626.68,626.7089,1267.0,10.0,626.683656
QQQ,2026-01-09 22:38:00+00:00,626.68,626.7049,626.65,626.7049,1628.0,32.0,626.669724
QQQ,2026-01-09 22:39:00+00:00,626.69,626.69,626.65,626.65,3203.0,6.0,626.6525
QQQ,2026-01-09 22:41:00+00:00,626.68,626.68,626.68,626.68,142.0,18.0,626.68
QQQ,2026-01-09 22:44:00+00:00,626.67,626.67,626.67,626.67,228.0,23.0,626.67
QQQ,2026-01-09 22:45:00+00:00,626.6502,626.6796,626.6502,626.6796,344.0,9.0,626.670582
QQQ,2026-01-09 22:46:00+00:00,626.67,626.68,626.67,626.68,194.0,14.0,626.677101
QQQ,2026-01-09 22:48:00+00:00,626.71,626.71,626.71,626.71,139.0,12.0,626.71
QQQ,2026-01-09 22:50:00+00:00,626.71,626.71,626.65,626.65,398116.0,11.0,626.650006
QQQ,2026-01-09 22:51:00+00:00,626.68,626.68,626.68,626.68,318.0,9.0,626.68
QQQ,2026-01-09 22:52:00+00:00,626.66,626.66,626.66,626.66,71.0,10.0,626.66
QQQ,2026-01-09 22:54:00+00:00,626.68,626.68,626.65,626.65,634.0,14.0,626.655254
QQQ,2026-01-09 22:55:00+00:00,626.69,626.69,626.69,626.69,109.0,7.0,626.69
QQQ,2026-01-09 22:56:00+00:00,626.7,626.7,626.65,626.65,319.0,11.0,626.684597
QQQ,2026-01-09 22:58:00+00:00,626.68,626.68,626.67,626.67,170.0,14.0,626.674286
QQQ,2026-01-09 22:59:00+00:00,626.67,626.7,626.67,626.7,3244.0,20.0,626.698846
QQQ,2026-01-09 23:00:00+00:00,626.7,626.7,626.6964,626.6964,1684.0,23.0,626.699903
QQQ,2026-01-09 23:01:00+00:00,626.7,626.7,626.7,626.7,215.0,23.0,626.7
QQQ,2026-01-09 23:03:00+00:00,626.7,626.7,626.7,626.7,1738.0,16.0,626.7
QQQ,2026-01-09 23:05:00+00:00,626.69,626.69,626.65,626.65,650.0,20.0,626.672983
QQQ,2026-01-09 23:06:00+00:00,626.65,626.66,626.65,626.65,630.0,20.0,626.652004
QQQ,2026-01-09 23:07:00+00:00,626.69,626.69,626.69,626.69,87.0,12.0,626.69
QQQ,2026-01-09 23:08:00+00:00,626.6708,626.6708,626.6708,626.6708,533.0,7.0,626.6708
QQQ,2026-01-09 23:09:00+00:00,626.6748,626.6748,626.6748,626.6748,212.0,10.0,626.6748
QQQ,2026-01-09 23:10:00+00:00,626.7,626.7,626.7,626.7,110.0,11.0,626.7
QQQ,2026-01-09 23:11:00+00:00,626.67,626.67,626.67,626.67,263.0,25.0,626.67
QQQ,2026-01-09 23:12:00+00:00,626.65,626.65,626.65,626.65,119.0,10.0,626.65
QQQ,2026-01-09 23:13:00+00:00,626.6788,626.6788,626.6788,626.6788,60.0,6.0,626.6788
QQQ,2026-01-09 23:14:00+00:00,626.7,626.7,626.7,626.7,125.0,17.0,626.7
QQQ,2026-01-09 23:17:00+00:00,626.7,626.7,626.7,626.7,683.0,11.0,626.7
QQQ,2026-01-09 23:18:00+00:00,626.662,626.7,626.662,626.6713,395.0,13.0,626.687108
QQQ,2026-01-09 23:20:00+00:00,626.6607,626.69,626.6607,626.69,986.0,7.0,626.662814
QQQ,2026-01-09 23:22:00+00:00,626.7,626.7,626.7,626.7,813.0,11.0,626.7
QQQ,2026-01-09 23:23:00+00:00,626.7,626.7,626.66,626.7,22220.0,21.0,626.699783
QQQ,2026-01-09 23:24:00+00:00,626.83,627.0,626.79,627.0,9984.0,102.0,626.930955
QQQ,2026-01-09 23:25:00+00:00,626.92,627.0,626.92,627.0,3036.0,39.0,626.990693
QQQ,2026-01-09 23:26:00+00:00,626.99,626.99,626.7707,626.7707,167.0,10.0,626.8438
QQQ,2026-01-09 23:31:00+00:00,626.81,626.89,626.81,626.89,477.0,12.0,626.86913
QQQ,2026-01-09 23:32:00+00:00,626.85,626.86,626.85,626.86,298.0,9.0,626.855714
QQQ,2026-01-09 23:33:00+00:00,626.9235,626.9235,626.9235,626.9235,207.0,5.0,626.9235
QQQ,2026-01-09 23:34:00+00:00,626.81,626.81,626.81,626.81,126.0,7.0,626.81
QQQ,2026-01-09 23:37:00+00:00,626.88,626.88,626.88,626.88,122.0,12.0,626.88
QQQ,2026-01-09 23:38:00+00:00,626.95,626.95,626.95,626.95,91.0,6.0,626.95
QQQ,2026-01-09 23:40:00+00:00,626.87,626.87,626.86,626.86,1005.0,29.0,626.861818
QQQ,2026-01-09 23:43:00+00:00,626.86,626.86,626.82,626.82,827.0,15.0,626.833053
QQQ,2026-01-09 23:44:00+00:00,626.81,626.81,626.81,626.81,1159.0,15.0,626.81
QQQ,2026-01-09 23:45:00+00:00,626.81,626.82,626.8,626.82,1387.0,17.0,626.809569
QQQ,2026-01-09 23:46:00+00:00,626.8,626.9,626.8,626.9,155.0,14.0,626.8608
QQQ,2026-01-09 23:50:00+00:00,626.9,626.9,626.8536,626.8536,341.0,11.0,626.892209
QQQ,2026-01-09 23:54:00+00:00,626.99,626.99,626.82,626.82,544.0,29.0,626.905904
QQQ,2026-01-09 23:55:00+00:00,626.82,626.82,626.82,626.82,579.0,7.0,626.82
QQQ,2026-01-09 23:59:00+00:00,626.82,626.82,626.82,626.82,108.0,14.0,626.82
QQQ,2026-01-10 00:05:00+00:00,626.87,626.87,626.86,626.86,635.0,10.0,626.862667
QQQ,2026-01-10 00:06:00+00:00,626.94,626.94,626.94,626.94,104.0,6.0,626.94
QQQ,2026-01-10 00:07:00+00:00,626.86,626.86,626.86,626.86,328.0,8.0,626.86
QQQ,2026-01-10 00:08:00+00:00,626.91,626.94,626.91,626.94,193.0,7.0,626.922447
QQQ,2026-01-10 00:10:00+00:00,626.86,626.86,626.86,626.86,189.0,11.0,626.86
QQQ,2026-01-10 00:11:00+00:00,626.86,626.8899,626.85,626.8899,654.0,18.0,626.857636
QQQ,2026-01-10 00:12:00+00:00,626.88,626.88,626.88,626.88,121.0,8.0,626.88
QQQ,2026-01-10 00:13:00+00:00,626.85,626.85,626.85,626.85,1780.0,7.0,626.85
QQQ,2026-01-10 00:17:00+00:00,626.75,626.75,626.75,626.75,325.0,9.0,626.75
QQQ,2026-01-10 00:18:00+00:00,626.79,626.79,626.79,626.79,107.0,15.0,626.79
QQQ,2026-01-10 00:22:00+00:00,626.75,626.75,626.75,626.75,357.0,20.0,626.75
QQQ,2026-01-10 00:24:00+00:00,626.83,626.83,626.83,626.83,102.0,4.0,626.83
QQQ,2026-01-10 00:27:00+00:00,626.75,626.8156,626.75,626.8156,738.0,10.0,626.778114
QQQ,2026-01-10 00:29:00+00:00,626.8,626.8,626.8,626.8,222.0,9.0,626.8
QQQ,2026-01-10 00:30:00+00:00,626.82,626.82,626.82,626.82,81.0,7.0,626.82
QQQ,2026-01-10 00:31:00+00:00,626.79,626.79,626.79,626.79,80.0,5.0,626.79
QQQ,2026-01-10 00:33:00+00:00,626.78,626.78,626.76,626.77,390.0,11.0,626.770119
QQQ,2026-01-10 00:34:00+00:00,626.79,626.79,626.79,626.79,170.0,5.0,626.79
QQQ,2026-01-10 00:36:00+00:00,626.8,626.8,626.8,626.8,159.0,7.0,626.8
QQQ,2026-01-10 00:37:00+00:00,626.7739,626.7739,626.77,626.77,451.0,22.0,626.771676
QQQ,2026-01-10 00:38:00+00:00,626.82,626.82,626.786,626.786,232.0,14.0,626.796712
QQQ,2026-01-10 00:39:00+00:00,626.77,626.77,626.77,626.77,296.0,5.0,626.77
QQQ,2026-01-10 00:41:00+00:00,626.8,626.8,626.8,626.8,1014.0,22.0,626.8
QQQ,2026-01-10 00:42:00+00:00,626.8,626.8884,626.8,626.8884,1479.0,14.0,626.867218
QQQ,2026-01-10 00:43:00+00:00,626.89,626.89,626.89,626.89,164.0,12.0,626.89
QQQ,2026-01-10 00:44:00+00:00,626.81,626.92,626.81,626.92,356.0,17.0,626.841615
QQQ,2026-01-10 00:45:00+00:00,626.81,626.81,626.8099,626.8099,719.0,23.0,626.80998
QQQ,2026-01-10 00:47:00+00:00,626.86,626.86,626.86,626.86,157.0,8.0,626.86
QQQ,2026-01-10 00:48:00+00:00,626.86,626.93,626.86,626.93,450.0,10.0,626.867689
QQQ,2026-01-10 00:49:00+00:00,626.93,626.94,626.93,626.94,327.0,17.0,626.935
QQQ,2026-01-10 00:50:00+00:00,626.9,626.94,626.9,626.9399,1283.0,34.0,626.930819
QQQ,2026-01-10 00:51:00+00:00,626.9036,626.97,626.9009,626.94,1208.0,48.0,626.928806
QQQ,2026-01-10 00:52:00+00:00,626.9395,626.97,626.9395,626.97,976.0,53.0,626.947534
QQQ,2026-01-10 00:53:00+00:00,626.86,626.9,626.86,626.9,430.0,28.0,626.877462
QQQ,2026-01-10 00:54:00+00:00,626.9,626.9,626.9,626.9,438.0,8.0,626.9
QQQ,2026-01-10 00:55:00+00:00,627.0,627.0,627.0,627.0,107.0,22.0,627.0
QQQ,2026-01-10 00:56:00+00:00,627.0,627.0,627.0,627.0,531.0,20.0,627.0
QQQ,2026-01-10 00:57:00+00:00,627.0,627.0,626.95,626.95,263.0,12.0,626.9833
QQQ,2026-01-10 00:58:00+00:00,626.98,627.049,626.98,627.049,661.0,37.0,627.017665
QQQ,2026-01-10 00:59:00+00:00,626.9626,627.04,626.87,626.87,925.0,32.0,626.990808
QQQ,2026-01-12 09:00:00+00:00,620.26,621.08,620.25,620.39,17021.0,309.0,620.319172
QQQ,2026-01-12 09:01:00+00:00,620.36,620.63,620.36,620.58,5702.0,83.0,620.532709
QQQ,2026-01-12 09:02:00+00:00,620.6,620.75,620.59,620.69,7031.0,111.0,620.677083
QQQ,2026-01-12 09:03:00+00:00,620.66,620.66,620.51,620.51,3318.0,73.0,620.561048
QQQ,2026-01-12 09:04:00+00:00,620.54,620.66,620.5,620.64,1119.0,39.0,620.568514
QQQ,2026-01-12 09:05:00+00:00,620.69,620.75,620.63,620.64,14686.0,146.0,620.702255
QQQ,2026-01-12 09:06:00+00:00,620.69,620.79,620.69,620.77,1023.0,23.0,620.756082
QQQ,2026-01-12 09:07:00+00:00,620.81,620.88,620.8,620.88,1252.0,24.0,620.852767
QQQ,2026-01-12 09:08:00+00:00,620.91,620.98,620.8,620.98,3445.0,76.0,620.872808
QQQ,2026-01-12 09:09:00+00:00,620.96,621.02,620.94,620.96,1616.0,58.0,620.980829
QQQ,2026-01-12 09:10:00+00:00,621.01,621.02,620.79,620.87,4604.0,84.0,620.848528
QQQ,2026-01-12 09:11:00+00:00,620.94,621.14,620.94,621.14,2014.0,53.0,621.058041
QQQ,2026-01-12 09:12:00+00:00,621.12,621.15,620.99,620.99,3622.0,79.0,621.072502
QQQ,2026-01-12 09:13:00+00:00,621.02,621.03,620.97,620.97,1605.0,41.0,621.010176
QQQ,2026-01-12 09:14:00+00:00,620.95,621.05,620.95,621.05,682.0,20.0,621.01611
QQQ,2026-01-12 09:15:00+00:00,621.06,621.14,620.9,620.9,6370.0,99.0,621.097915
QQQ,2026-01-12 09:16:00+00:00,620.88,621.01,620.81,621.01,3440.0,92.0,620.882341
QQQ,2026-01-12 09:17:00+00:00,621.09,621.15,621.09,621.11,1582.0,28.0,621.123801
QQQ,2026-01-12 09:18:00+00:00,621.12,621.12,621.0,621.0,769.0,23.0,621.081481
QQQ,2026-01-12 09:19:00+00:00,621.02,621.05,620.98,621.04,624.0,18.0,621.032026
QQQ,2026-01-12 09:20:00+00:00,620.94,620.95,620.86,620.94,907.0,31.0,620.927208
QQQ,2026-01-12 09:21:00+00:00,620.97,620.97,620.95,620.95,902.0,38.0,620.960714
QQQ,2026-01-12 09:22:00+00:00,620.93,620.94,620.87,620.94,1103.0,32.0,620.896821
QQQ,2026-01-12 09:23:00+00:00,620.95,620.99,620.91,620.91,4183.0,76.0,620.955551
QQQ,2026-01-12 09:24:00+00:00,620.86,620.86,620.47,620.58,5744.0,176.0,620.596221
QQQ,2026-01-12 09:25:00+00:00,620.59,620.68,620.52,620.6,1985.0,57.0,620.614527
QQQ,2026-01-12 09:26:00+00:00,620.57,620.57,620.57,620.57,494.0,23.0,620.57
QQQ,2026-01-12 09:27:00+00:00,620.62,620.7,620.62,620.7,1951.0,61.0,620.670258
QQQ,2026-01-12 09:28:00+00:00,620.68,620.69,620.56,620.56,1418.0,32.0,620.661173
QQQ,2026-01-12 09:29:00+00:00,620.57,620.65,620.57,620.65,484.0,23.0,620.6052
QQQ,2026-01-12 09:30:00+00:00,620.61,620.67,620.59,620.67,2653.0,43.0,620.606269
QQQ,2026-01-12 09:31:00+00:00,620.69,620.73,620.53,620.69,7814.0,148.0,620.65388
QQQ,2026-01-12 09:32:00+00:00,620.69,620.69,620.6,620.65,3255.0,89.0,620.646901
QQQ,2026-01-12 09:33:00+00:00,620.5,620.5,620.4,620.45,6711.0,83.0,620.477002
QQQ,2026-01-12 09:34:00+00:00,620.38,620.5,620.32,620.47,5111.0,72.0,620.376412
QQQ,2026-01-12 09:35:00+00:00,620.48,620.49,620.44,620.45,826.0,25.0,620.467437
QQQ,2026-01-12 09:36:00+00:00,620.42,620.42,620.38,620.39,677.0,26.0,620.4064
QQQ,2026-01-12 09:37:00+00:00,620.45,620.47,620.42,620.45,2080.0,38.0,620.452539
QQQ,2026-01-12 09:38:00+00:00,620.44,620.54,620.44,620.51,3347.0,64.0,620.50057
QQQ,2026-01-12 09:39:00+00:00,620.53,620.59,620.51,620.55,1003.0,26.0,620.556373
QQQ,2026-01-12 09:40:00+00:00,620.57,620.59,620.55,620.55,1147.0,25.0,620.562853
QQQ,2026-01-12 09:41:00+00:00,620.55,620.56,620.42,620.42,1917.0,49.0,620.484383
QQQ,2026-01-12 09:42:00+00:00,620.57,620.75,620.55,620.75,706.0,33.0,620.678991
QQQ,2026-01-12 09:43:00+00:00,620.77,620.78,620.68,620.68,1601.0,57.0,620.715096
QQQ,2026-01-12 09:44:00+00:00,620.69,620.69,620.69,620.69,289.0,22.0,620.69
QQQ,2026-01-12 09:45:00+00:00,620.58,620.78,620.58,620.76,3108.0,56.0,620.638841
QQQ,2026-01-12 09:46:00+00:00,620.83,620.83,620.79,620.79,3404.0,33.0,620.791027
QQQ,2026-01-12 09:47:00+00:00,620.8,620.8,620.72,620.72,4410.0,62.0,620.737208
QQQ,2026-01-12 09:48:00+00:00,620.73,620.77,620.69,620.77,611.0,14.0,620.712041
QQQ,2026-01-12 09:49:00+00:00,620.7,620.77,620.68,620.74,2242.0,36.0,620.71188
QQQ,2026-01-12 09:50:00+00:00,620.73,620.73,620.59,620.59,1256.0,38.0,620.659177
QQQ,2026-01-12 09:52:00+00:00,620.73,620.81,620.72,620.81,1993.0,42.0,620.747293
QQQ,2026-01-12 09:53:00+00:00,620.89,620.89,620.86,620.86,404.0,14.0,620.877391
QQQ,2026-01-12 09:54:00+00:00,620.91,621.11,620.91,621.11,5644.0,107.0,620.981726
QQQ,2026-01-12 09:55:00+00:00,621.13,621.13,620.93,620.95,1637.0,39.0,621.07731
QQQ,2026-01-12 09:56:00+00:00,621.03,621.15,620.99,621.15,2752.0,50.0,621.02845
QQQ,2026-01-12 09:57:00+00:00,621.17,621.27,621.16,621.27,3509.0,71.0,621.211876
QQQ,2026-01-12 09:58:00+00:00,621.3,621.3,621.15,621.16,1576.0,38.0,621.201071
QQQ,2026-01-12 10:00:00+00:00,621.15,621.19,621.15,621.15,949.0,22.0,621.168903
QQQ,2026-01-12 10:01:00+00:00,621.1,621.16,621.08,621.09,3119.0,49.0,621.112584
QQQ,2026-01-12 10:02:00+00:00,621.1,621.12,621.01,621.01,2157.0,78.0,621.062388
QQQ,2026-01-12 10:03:00+00:00,620.92,620.99,620.88,620.99,468.0,18.0,620.948939
QQQ,2026-01-12 10:04:00+00:00,620.97,621.03,620.96,621.03,1384.0,36.0,620.977803
QQQ,2026-01-12 10:05:00+00:00,621.04,621.04,620.95,620.95,1158.0,29.0,620.987998
QQQ,2026-01-12 10:06:00+00:00,620.99,621.05,620.99,621.03,1331.0,23.0,621.017424
QQQ,2026-01-12 10:07:00+00:00,621.08,621.08,620.94,620.94,597.0,22.0,620.957704
QQQ,2026-01-12 10:08:00+00:00,621.0,621.02,620.96,620.96,1463.0,35.0,620.983251
QQQ,2026-01-12 10:09:00+00:00,620.94,620.95,620.93,620.95,805.0,17.0,620.940364
QQQ,2026-01-12 10:10:00+00:00,620.95,621.0,620.95,621.0,4716.0,60.0,620.968096
QQQ,2026-01-12 10:11:00+00:00,621.06,621.07,621.06,621.06,787.0,22.0,621.062832
QQQ,2026-01-12 10:12:00+00:00,620.95,620.96,620.88,620.96,1896.0,26.0,620.934048
QQQ,2026-01-12 10:13:00+00:00,620.97,620.98,620.95,620.98,819.0,27.0,620.95781
QQQ,2026-01-12 10:14:00+00:00,620.93,620.93,620.93,620.93,254.0,14.0,620.93
QQQ,2026-01-12 10:15:00+00:00,620.92,620.92,620.92,620.92,402.0,6.0,620.92
QQQ,2026-01-12 10:16:00+00:00,620.9,620.9,620.89,620.89,301.0,21.0,620.895
QQQ,2026-01-12 10:17:00+00:00,620.93,620.95,620.93,620.95,289.0,15.0,620.94
QQQ,2026-01-12 10:18:00+00:00,620.95,621.25,620.95,621.25,24775.0,220.0,621.010984
QQQ,2026-01-12 10:19:00+00:00,621.28,621.3,621.26,621.3,3530.0,57.0,621.274322
QQQ,2026-01-12 10:20:00+00:00,621.22,621.22,621.08,621.08,2360.0,38.0,621.169829
QQQ,2026-01-12 10:21:00+00:00,621.08,621.08,621.01,621.08,1429.0,27.0,621.048487
QQQ,2026-01-12 10:22:00+00:00,621.1,621.1,621.09,621.09,1067.0,22.0,621.097778
QQQ,2026-01-12 10:23:00+00:00,621.04,621.05,620.91,620.91,964.0,34.0,621.005787
QQQ,2026-01-12 10:24:00+00:00,621.0,621.19,620.94,621.19,2647.0,63.0,621.033458
QQQ,2026-01-12 10:25:00+00:00,621.11,621.12,621.07,621.07,632.0,19.0,621.099432
QQQ,2026-01-12 10:26:00+00:00,621.09,621.09,621.08,621.08,471.0,19.0,621.082333
QQQ,2026-01-12 10:27:00+00:00,621.2,621.22,621.2,621.22,1253.0,27.0,621.215623
QQQ,2026-01-12 10:28:00+00:00,621.2,621.21,621.18,621.18,460.0,21.0,621.195778
QQQ,2026-01-12 10:29:00+00:00,621.18,621.3,621.18,621.26,2422.0,35.0,621.273295
QQQ,2026-01-12 10:30:00+00:00,621.35,621.55,621.35,621.45,5934.0,125.0,621.508386
QQQ,2026-01-12 10:31:00+00:00,621.5,621.5,621.43,621.48,2107.0,44.0,621.460634
QQQ,2026-01-12 10:32:00+00:00,621.54,621.61,621.52,621.6,1920.0,34.0,621.550667
QQQ,2026-01-12 10:34:00+00:00,621.55,621.6,621.55,621.6,534.0,11.0,621.562528
QQQ,2026-01-12 10:35:00+00:00,621.65,621.65,621.6,621.6,1006.0,36.0,621.636667
QQQ,2026-01-12 10:36:00+00:00,621.5,621.5,621.49,621.49,1252.0,28.0,621.494162
QQQ,2026-01-12 10:37:00+00:00,621.49,621.62,621.42,621.42,4683.0,93.0,621.568287
QQQ,2026-01-12 10:38:00+00:00,621.53,621.55,621.53,621.55,830.0,17.0,621.546529
QQQ,2026-01-12 10:39:00+00:00,621.56,621.6,621.56,621.6,461.0,13.0,621.588571
QQQ,2026-01-12 10:40:00+00:00,621.6,621.62,621.57,621.6,1523.0,25.0,621.596254
QQQ,2026-01-12 10:41:00+00:00,621.62,621.68,621.62,621.68,1097.0,23.0,621.623842
QQQ,2026-01-12 10:42:00+00:00,621.62,621.64,621.6,621.64,568.0,14.0,621.613878
QQQ,2026-01-12 10:43:00+00:00,621.65,621.65,621.65,621.65,178.0,20.0,621.65
QQQ,2026-01-12 10:44:00+00:00,621.6,621.61,621.54,621.54,721.0,17.0,621.566721
QQQ,2026-01-12 10:45:00+00:00,621.56,621.57,621.48,621.5,2515.0,48.0,621.520437
QQQ,2026-01-12 10:46:00+00:00,621.5,621.5,621.5,621.5,521.0,25.0,621.5
QQQ,2026-01-12 10:47:00+00:00,621.49,621.49,621.49,621.49,186.0,15.0,621.49
QQQ,2026-01-12 10:48:00+00:00,621.54,621.55,621.5,621.55,465.0,15.0,621.516355
QQQ,2026-01-12 10:50:00+00:00,621.42,621.42,621.38,621.38,554.0,23.0,621.408772
QQQ,2026-01-12 10:51:00+00:00,621.37,621.45,621.37,621.45,3628.0,68.0,621.417417
QQQ,2026-01-12 10:52:00+00:00,621.45,621.48,621.45,621.48,417.0,17.0,621.473684
QQQ,2026-01-12 10:53:00+00:00,621.45,621.45,621.45,621.45,2653.0,38.0,621.45
QQQ,2026-01-12 10:54:00+00:00,621.46,621.47,621.45,621.45,862.0,23.0,621.461176
QQQ,2026-01-12 10:55:00+00:00,621.45,621.45,621.29,621.32,1252.0,32.0,621.31589
QQQ,2026-01-12 10:56:00+00:00,621.28,621.31,621.25,621.31,2153.0,48.0,621.274185
QQQ,2026-01-12 10:57:00+00:00,621.28,621.3,621.28,621.3,1202.0,29.0,621.295763
QQQ,2026-01-12 10:58:00+00:00,621.25,621.3,621.19,621.3,5698.0,93.0,621.234153
QQQ,2026-01-12 10:59:00+00:00,621.33,621.37,621.3,621.36,968.0,15.0,621.345
QQQ,2026-01-12 11:00:00+00:00,621.34,621.39,621.32,621.35,3074.0,41.0,621.35133
QQQ,2026-01-12 11:01:00+00:00,621.35,621.6,621.35,621.6,10367.0,133.0,621.520205
QQQ,2026-01-12 11:02:00+00:00,621.62,621.66,621.48,621.48,2934.0,57.0,621.601944
QQQ,2026-01-12 11:03:00+00:00,621.49,621.49,621.41,621.41,1186.0,30.0,621.446497
QQQ,2026-01-12 11:04:00+00:00,621.39,621.41,621.39,621.41,522.0,12.0,621.401266
QQQ,2026-01-12 11:05:00+00:00,621.37,621.58,621.36,621.58,1263.0,32.0,621.445686
QQQ,2026-01-12 11:06:00+00:00,621.55,621.59,621.54,621.59,997.0,25.0,621.552587
QQQ,2026-01-12 11:07:00+00:00,621.61,621.61,621.61,621.61,257.0,11.0,621.61
QQQ,2026-01-12 11:08:00+00:00,621.57,621.6,621.57,621.6,3728.0,59.0,621.581301
QQQ,2026-01-12 11:09:00+00:00,621.62,621.62,621.51,621.51,2117.0,34.0,621.601238
QQQ,2026-01-12 11:10:00+00:00,621.68,621.76,621.68,621.75,2024.0,45.0,621.734206
QQQ,2026-01-12 11:11:00+00:00,621.86,621.87,621.76,621.87,3768.0,63.0,621.808435
QQQ,2026-01-12 11:12:00+00:00,621.93,621.93,621.85,621.92,12979.0,150.0,621.898122
QQQ,2026-01-12 11:13:00+00:00,621.94,621.96,621.87,621.89,2962.0,54.0,621.931123
QQQ,2026-01-12 11:14:00+00:00,621.87,621.87,621.84,621.84,958.0,29.0,621.860306
QQQ,2026-01-12 11:15:00+00:00,621.86,621.87,621.85,621.85,3009.0,42.0,621.851813
QQQ,2026-01-12 11:16:00+00:00,621.86,621.89,621.86,621.89,1305.0,21.0,621.8762
QQQ,2026-01-12 11:17:00+00:00,621.87,621.9,621.87,621.9,1804.0,18.0,621.871204
QQQ,2026-01-12 11:18:00+00:00,621.76,621.79,621.76,621.79,673.0,25.0,621.787273
QQQ,2026-01-12 11:19:00+00:00,621.73,621.74,621.53,621.54,1978.0,46.0,621.645
QQQ,2026-01-12 11:20:00+00:00,621.51,621.66,621.51,621.63,1562.0,44.0,621.604137
QQQ,2026-01-12 11:21:00+00:00,621.63,621.63,621.63,621.63,102.0,7.0,621.63
QQQ,2026-01-12 11:22:00+00:00,621.6,621.64,621.58,621.64,3876.0,79.0,621.603959
QQQ,2026-01-12 11:23:00+00:00,621.59,621.61,621.59,621.61,594.0,15.0,621.597603
QQQ,2026-01-12 11:24:00+00:00,621.66,621.67,621.66,621.67,326.0,13.0,621.6625
QQQ,2026-01-12 11:25:00+00:00,621.68,621.7,621.65,621.65,3533.0,45.0,621.686676
QQQ,2026-01-12 11:26:00+00:00,621.6,621.6,621.6,621.6,376.0,13.0,621.6
QQQ,2026-01-12 11:27:00+00:00,621.55,621.55,621.55,621.55,348.0,11.0,621.55
QQQ,2026-01-12 11:28:00+00:00,621.61,621.61,621.61,621.61,324.0,20.0,621.61
QQQ,2026-01-12 11:29:00+00:00,621.63,621.63,621.61,621.62,804.0,21.0,621.622105
QQQ,2026-01-12 11:30:00+00:00,621.61,621.62,621.47,621.5,2215.0,47.0,621.520053
QQQ,2026-01-12 11:31:00+00:00,621.49,621.5,621.45,621.46,2301.0,47.0,621.460055
QQQ,2026-01-12 11:32:00+00:00,621.51,621.53,621.49,621.49,1074.0,21.0,621.511345
QQQ,2026-01-12 11:33:00+00:00,621.56,621.56,621.51,621.51,846.0,28.0,621.535657
QQQ,2026-01-12 11:34:00+00:00,621.47,621.6,621.47,621.58,968.0,18.0,621.535276
QQQ,2026-01-12 11:35:00+00:00,621.54,621.55,621.54,621.55,2171.0,38.0,621.54778
QQQ,2026-01-12 11:36:00+00:00,621.55,621.55,621.5,621.5,1063.0,42.0,621.52811
QQQ,2026-01-12 11:37:00+00:00,621.65,621.7,621.65,621.7,331.0,17.0,621.669324
QQQ,2026-01-12 11:38:00+00:00,621.64,621.65,621.61,621.61,1200.0,35.0,621.638852
QQQ,2026-01-12 11:40:00+00:00,621.52,621.52,621.52,621.52,365.0,9.0,621.52
QQQ,2026-01-12 11:41:00+00:00,621.61,621.61,621.61,621.61,211.0,6.0,621.61
QQQ,2026-01-12 11:42:00+00:00,621.65,621.65,621.63,621.63,413.0,6.0,621.645
QQQ,2026-01-12 11:43:00+00:00,621.68,621.68,621.59,621.64,3280.0,60.0,621.649571
QQQ,2026-01-12 11:44:00+00:00,621.6,621.6,621.6,621.6,479.0,17.0,621.6
QQQ,2026-01-12 11:45:00+00:00,621.6,621.63,621.56,621.63,468.0,20.0,621.581594
QQQ,2026-01-12 11:46:00+00:00,621.665,621.665,621.665,621.665,224.0,14.0,621.665
QQQ,2026-01-12 11:47:00+00:00,621.675,621.675,621.65,621.66,569.0,16.0,621.654
QQQ,2026-01-12 11:48:00+00:00,621.59,621.62,621.47,621.47,4053.0,53.0,621.51259
QQQ,2026-01-12 11:49:00+00:00,621.48,621.56,621.48,621.56,1252.0,30.0,621.494701
QQQ,2026-01-12 11:50:00+00:00,621.56,621.57,621.56,621.57,542.0,9.0,621.564
QQQ,2026-01-12 11:51:00+00:00,621.5,621.5,621.5,621.5,255.0,13.0,621.5
QQQ,2026-01-12 11:52:00+00:00,621.51,621.52,621.455,621.48,1774.0,51.0,621.502688
QQQ,2026-01-12 11:53:00+00:00,621.46,621.525,621.44,621.44,2784.0,72.0,621.47619
QQQ,2026-01-12 11:54:00+00:00,621.51,621.57,621.51,621.57,138.0,12.0,621.537273
QQQ,2026-01-12 11:55:00+00:00,621.53,621.54,621.51,621.51,1024.0,37.0,621.525271
QQQ,2026-01-12 11:56:00+00:00,621.41,621.42,621.41,621.42,596.0,45.0,621.413333
QQQ,2026-01-12 11:57:00+00:00,621.45,621.52,621.45,621.52,841.0,25.0,621.4718
QQQ,2026-01-12 11:58:00+00:00,621.53,621.54,621.52,621.54,1859.0,45.0,621.53292
QQQ,2026-01-12 11:59:00+00:00,621.51,621.55,621.51,621.55,456.0,20.0,621.525
QQQ,2026-01-12 12:00:00+00:00,621.6,621.69,621.52,621.63,16744.0,347.0,621.623236
QQQ,2026-01-12 12:01:00+00:00,621.629,621.63,621.48,621.63,5122.0,76.0,621.540107
QQQ,2026-01-12 12:02:00+00:00,621.6,621.66,621.57,621.66,2581.0,41.0,621.594769
QQQ,2026-01-12 12:03:00+00:00,621.68,621.79,621.68,621.79,3097.0,55.0,621.764872
QQQ,2026-01-12 12:04:00+00:00,621.83,621.93,621.81,621.93,2070.0,53.0,621.845688
QQQ,2026-01-12 12:05:00+00:00,621.92,622.05,621.92,621.99,8716.0,177.0,622.0005
QQQ,2026-01-12 12:06:00+00:00,622.01,622.07,621.98,622.07,2094.0,60.0,622.030866
QQQ,2026-01-12 12:07:00+00:00,622.11,622.17,622.06,622.06,6249.0,110.0,622.09969
QQQ,2026-01-12 12:08:00+00:00,622.05,622.1,621.95,621.96,4740.0,101.0,622.045603
QQQ,2026-01-12 12:09:00+00:00,621.94,621.97,621.87,621.87,2669.0,68.0,621.928812
QQQ,2026-01-12 12:10:00+00:00,621.91,622.07,621.91,622.04,6679.0,74.0,622.034559
QQQ,2026-01-12 12:11:00+00:00,621.961,622.09,621.961,622.05,1948.0,28.0,622.054015
QQQ,2026-01-12 12:12:00+00:00,622.06,622.1,622.06,622.09,1000.0,31.0,622.087655
QQQ,2026-01-12 12:13:00+00:00,622.15,622.16,622.0,622.01,5092.0,56.0,622.097729
QQQ,2026-01-12 12:14:00+00:00,622.0,622.0,621.88,621.97,6135.0,119.0,621.972246
QQQ,2026-01-12 12:15:00+00:00,621.95,622.03,621.95,622.03,1994.0,44.0,622.007284
QQQ,2026-01-12 12:16:00+00:00,622.02,622.03,622.0,622.02,3145.0,38.0,622.002829
QQQ,2026-01-12 12:17:00+00:00,622.0,622.06,622.0,622.06,1066.0,25.0,622.039762
QQQ,2026-01-12 12:18:00+00:00,622.05,622.07,622.05,622.06,405.0,17.0,622.059034
QQQ,2026-01-12 12:19:00+00:00,622.1,622.13,621.989,621.989,10913.0,94.0,622.06754
QQQ,2026-01-12 12:20:00+00:00,622.0,622.06,622.0,622.019,2070.0,47.0,622.008897
QQQ,2026-01-12 12:21:00+00:00,622.0,622.1,622.0,622.06,3458.0,30.0,622.05591
QQQ,2026-01-12 12:22:00+00:00,622.0,622.03,622.0,622.03,452.0,18.0,622.015825
QQQ,2026-01-12 12:23:00+00:00,622.02,622.12,622.02,622.11,9195.0,88.0,622.092664
QQQ,2026-01-12 12:24:00+00:00,622.11,622.12,622.1,622.1,3378.0,31.0,622.101218
QQQ,2026-01-12 12:25:00+00:00,622.07,622.07,621.79,621.85,10248.0,194.0,621.906364
QQQ,2026-01-12 12:26:00+00:00,621.84,621.94,621.82,621.94,5498.0,87.0,621.863961
QQQ,2026-01-12 12:27:00+00:00,621.96,622.05,621.96,622.05,970.0,18.0,621.984826
QQQ,2026-01-12 12:28:00+00:00,622.0,622.06,622.0,622.06,1250.0,29.0,622.030713
QQQ,2026-01-12 12:29:00+00:00,622.0,622.0,621.88,621.88,2531.0,47.0,621.944394
QQQ,2026-01-12 12:30:00+00:00,621.93,622.08,621.9,622.08,13345.0,225.0,622.012786
QQQ,2026-01-12 12:31:00+00:00,622.07,622.21,622.05,622.21,1929.0,56.0,622.131421
QQQ,2026-01-12 12:32:00+00:00,622.14,622.18,622.09,622.09,5038.0,91.0,622.142369
QQQ,2026-01-12 12:33:00+00:00,622.17,622.17,622.15,622.16,1293.0,27.0,622.158642
QQQ,2026-01-12 12:34:00+00:00,622.22,622.33,622.17,622.33,8286.0,124.0,622.219397
QQQ,2026-01-12 12:35:00+00:00,622.28,622.3,622.28,622.3,4729.0,40.0,622.298036
QQQ,2026-01-12 12:36:00+00:00,622.25,622.25,622.18,622.19,792.0,24.0,622.205625
QQQ,2026-01-12 12:37:00+00:00,622.18,622.22,622.15,622.21,1552.0,46.0,622.182352
QQQ,2026-01-12 12:38:00+00:00,622.26,622.3,622.23,622.24,6369.0,90.0,622.253927
QQQ,2026-01-12 12:39:00+00:00,622.17,622.17,621.95,622.01,15591.0,214.0,622.004697
QQQ,2026-01-12 12:40:00+00:00,621.99,622.11,621.96,622.06,5185.0,87.0,622.031187
QQQ,2026-01-12 12:41:00+00:00,622.02,622.16,622.02,622.14,1786.0,31.0,622.12289
QQQ,2026-01-12 12:42:00+00:00,622.14,622.19,622.1,622.19,3550.0,58.0,622.145985
QQQ,2026-01-12 12:43:00+00:00,622.16,622.3,622.12,622.18,10354.0,177.0,622.22419
QQQ,2026-01-12 12:44:00+00:00,622.2,622.24,622.2,622.22,1137.0,19.0,622.211343
QQQ,2026-01-12 12:45:00+00:00,622.25,622.25,622.17,622.18,1091.0,41.0,622.208966
QQQ,2026-01-12 12:46:00+00:00,622.12,622.17,622.11,622.16,8300.0,114.0,622.136331
QQQ,2026-01-12 12:47:00+00:00,622.22,622.22,622.08,622.19,2494.0,64.0,622.145464
QQQ,2026-01-12 12:48:00+00:00,622.22,622.23,622.21,622.21,1269.0,39.0,622.223989
QQQ,2026-01-12 12:49:00+00:00,622.24,622.3,622.24,622.3,1090.0,51.0,622.269286
QQQ,2026-01-12 12:50:00+00:00,622.33,622.49,622.32,622.48,5238.0,116.0,622.420463
QQQ,2026-01-12 12:51:00+00:00,622.46,622.55,622.42,622.55,4314.0,82.0,622.485392
QQQ,2026-01-12 12:52:00+00:00,622.55,622.6,622.55,622.6,4138.0,67.0,622.556497
QQQ,2026-01-12 12:53:00+00:00,622.55,622.59,622.54,622.55,6271.0,71.0,622.560387
QQQ,2026-01-12 12:54:00+00:00,622.56,622.6,622.52,622.6,1007.0,25.0,622.554706
QQQ,2026-01-12 12:55:00+00:00,622.6,622.64,622.6,622.64,2081.0,50.0,622.62543
QQQ,2026-01-12 12:56:00+00:00,622.55,622.55,622.46,622.48,3307.0,91.0,622.505462
QQQ,2026-01-12 12:57:00+00:00,622.48,622.55,622.48,622.55,983.0,35.0,622.512179
QQQ,2026-01-12 12:58:00+00:00,622.57,622.57,622.5,622.51,931.0,31.0,622.538068
QQQ,2026-01-12 12:59:00+00:00,622.5,622.5,622.38,622.47,4484.0,71.0,622.411879
QQQ,2026-01-12 13:00:00+00:00,621.64,622.633,620.31,621.15,165953.0,4020.0,621.631455
QQQ,2026-01-12 13:01:00+00:00,621.13,622.49,619.6,622.49,104125.0,3095.0,621.034259
QQQ,2026-01-12 13:02:00+00:00,621.11,622.51,621.11,622.38,13659.0,180.0,621.816931
QQQ,2026-01-12 13:03:00+00:00,622.36,622.36,622.25,622.3325,13970.0,212.0,622.30285
QQQ,2026-01-12 13:04:00+00:00,622.34,622.5,619.93,622.5,4221.0,93.0,621.769989
QQQ,2026-01-12 13:05:00+00:00,622.48,622.54,622.43,622.54,5018.0,91.0,622.471313
QQQ,2026-01-12 13:06:00+00:00,622.54,622.54,622.5164,622.54,1681.0,43.0,622.530086
QQQ,2026-01-12 13:07:00+00:00,622.56,622.6,622.47,622.47,5035.0,97.0,622.521416
QQQ,2026-01-12 13:08:00+00:00,622.43,622.4684,622.2,622.23,16331.0,214.0,622.276733
QQQ,2026-01-12 13:09:00+00:00,622.16,622.17,621.89,621.9,21469.0,261.0,622.022402
QQQ,2026-01-12 13:10:00+00:00,621.91,622.06,621.91,621.9599,25181.0,316.0,621.999018
QQQ,2026-01-12 13:11:00+00:00,622.01,622.16,621.97,622.16,12514.0,215.0,622.018936
QQQ,2026-01-12 13:12:00+00:00,622.19,622.21,621.99,621.99,1426.0,65.0,622.145382
QQQ,2026-01-12 13:13:00+00:00,621.98,622.0695,621.96,622.04,5628.0,124.0,621.998823
QQQ,2026-01-12 13:14:00+00:00,621.9371,621.98,621.9371,621.95,2946.0,88.0,621.956278
QQQ,2026-01-12 13:15:00+00:00,621.95,622.19,621.94,622.18,30503.0,232.0,622.078073
QQQ,2026-01-12 13:16:00+00:00,622.19,622.27,622.16,622.26,13910.0,159.0,622.221099
QQQ,2026-01-12 13:17:00+00:00,622.28,622.47,622.27,622.45,24150.0,202.0,622.388566
QQQ,2026-01-12 13:18:00+00:00,622.47,622.47,622.4,622.41,3761.0,94.0,622.430662
QQQ,2026-01-12 13:19:00+00:00,622.45,622.55,622.45,622.5,4776.0,95.0,622.47596
QQQ,2026-01-12 13:20:00+00:00,622.54,622.57,622.5,622.57,2116.0,75.0,622.528928
QQQ,2026-01-12 13:21:00+00:00,622.56,622.69,622.5,622.5,6951.0,141.0,622.599176
QQQ,2026-01-12 13:22:00+00:00,622.48,622.48,622.39,622.47,4851.0,69.0,622.438912
QQQ,2026-01-12 13:23:00+00:00,622.48,622.5,622.42,622.42,7010.0,137.0,622.473589
QQQ,2026-01-12 13:24:00+00:00,622.4,622.41,622.2,622.26,8508.0,181.0,622.318372
QQQ,2026-01-12 13:25:00+00:00,622.29,622.34,622.29,622.3,3298.0,85.0,622.313671
QQQ,2026-01-12 13:26:00+00:00,622.35,622.41,622.34,622.37,3601.0,93.0,622.364411
QQQ,2026-01-12 13:27:00+00:00,622.44,622.48,622.39,622.48,2642.0,70.0,622.445614
QQQ,2026-01-12 13:28:00+00:00,622.48,622.54,622.48,622.521,3350.0,85.0,622.495912
QQQ,2026-01-12 13:29:00+00:00,622.5,622.5,622.44,622.49,2556.0,65.0,622.473617
QQQ,2026-01-12 13:30:00+00:00,622.5,622.5,622.42,622.42,1673.0,84.0,622.45264
QQQ,2026-01-12 13:31:00+00:00,622.42,622.42,622.12,622.19,11056.0,226.0,622.230667
QQQ,2026-01-12 13:32:00+00:00,622.2,622.26,622.2,622.25,4381.0,104.0,622.226029
QQQ,2026-01-12 13:33:00+00:00,622.26,622.43,622.24,622.43,3807.0,116.0,622.315125
QQQ,2026-01-12 13:34:00+00:00,622.41,622.42,622.35,622.38,7475.0,111.0,622.408855
QQQ,2026-01-12 13:35:00+00:00,622.38,622.46,622.38,622.4301,2221.0,102.0,622.428502
QQQ,2026-01-12 13:36:00+00:00,622.4,622.42,622.25,622.28,3137.0,111.0,622.310494
QQQ,2026-01-12 13:37:00+00:00,622.25,622.27,622.19,622.2,5428.0,127.0,622.231446
QQQ,2026-01-12 13:38:00+00:00,622.21,622.33,622.21,622.27,4390.0,87.0,622.256468
QQQ,2026-01-12 13:39:00+00:00,622.27,622.42,622.27,622.41,1108.0,58.0,622.356386
QQQ,2026-01-12 13:40:00+00:00,622.41,622.5,622.3544,622.49,8058.0,171.0,622.434606
QQQ,2026-01-12 13:41:00+00:00,622.42,622.42,622.14,622.15,14391.0,179.0,622.318247
QQQ,2026-01-12 13:42:00+00:00,622.12,622.35,622.09,622.19,18592.0,334.0,622.238513
QQQ,2026-01-12 13:43:00+00:00,622.17,622.33,622.17,622.32,10213.0,249.0,622.296716
QQQ,2026-01-12 13:44:00+00:00,622.32,622.37,622.28,622.29,8819.0,205.0,622.320993
QQQ,2026-01-12 13:45:00+00:00,622.27,622.32,622.24,622.27,9527.0,214.0,622.27142
QQQ,2026-01-12 13:46:00+00:00,622.25,622.31,622.18,622.3,8699.0,212.0,622.241373
QQQ,2026-01-12 13:47:00+00:00,622.28,622.35,622.27,622.31,2971.0,92.0,622.30692
QQQ,2026-01-12 13:48:00+00:00,622.28,622.29,622.21,622.23,4274.0,138.0,622.252588
QQQ,2026-01-12 13:49:00+00:00,622.249,622.27,622.17,622.24,8397.0,154.0,622.227684
QQQ,2026-01-12 13:50:00+00:00,622.22,622.26,622.16,622.21,4900.0,150.0,622.210716
QQQ,2026-01-12 13:51:00+00:00,622.23,622.34,622.23,622.34,3849.0,84.0,622.294961
QQQ,2026-01-12 13:52:00+00:00,622.34,622.49,622.33,622.41,2806.0,100.0,622.437573
QQQ,2026-01-12 13:53:00+00:00,622.38,622.46,622.37,622.4501,5288.0,84.0,622.442223
QQQ,2026-01-12 13:54:00+00:00,622.46,622.46,622.38,622.4,3964.0,89.0,622.413992
QQQ,2026-01-12 13:55:00+00:00,622.38,622.54,622.36,622.51,7453.0,133.0,622.487113
QQQ,2026-01-12 13:56:00+00:00,622.5,622.63,622.47,622.59,9279.0,159.0,622.531174
QQQ,2026-01-12 13:57:00+00:00,622.54,622.59,622.5,622.56,15208.0,206.0,622.567657
QQQ,2026-01-12 13:58:00+00:00,622.57,622.57,622.38,622.41,5278.0,113.0,622.508905
QQQ,2026-01-12 13:59:00+00:00,622.44,622.44,622.24,622.24,3278.0,131.0,622.364071
QQQ,2026-01-12 14:00:00+00:00,622.21,622.28,622.19,622.25,4773.0,148.0,622.225973
QQQ,2026-01-12 14:01:00+00:00,622.27,622.28,622.17,622.18,7292.0,116.0,622.201089
QQQ,2026-01-12 14:02:00+00:00,622.23,622.28,622.23,622.28,1860.0,77.0,622.249929
QQQ,2026-01-12 14:03:00+00:00,622.24,622.4,622.24,622.25,4098.0,148.0,622.344152
QQQ,2026-01-12 14:04:00+00:00,622.31,622.31,622.22,622.23,7845.0,153.0,622.277036
QQQ,2026-01-12 14:05:00+00:00,622.23,622.23,622.05,622.13,8914.0,176.0,622.108494
QQQ,2026-01-12 14:06:00+00:00,622.14,622.5,621.98,622.33,46446.0,718.0,622.256972
QQQ,2026-01-12 14:07:00+00:00,622.33,622.37,622.12,622.14,8493.0,152.0,622.181857
QQQ,2026-01-12 14:08:00+00:00,622.14,622.19,622.07,622.1801,5817.0,126.0,622.125237
QQQ,2026-01-12 14:09:00+00:00,622.18,622.34,622.18,622.33,5875.0,124.0,622.248187
QQQ,2026-01-12 14:10:00+00:00,622.34,622.34,622.21,622.21,2229.0,92.0,622.268553
QQQ,2026-01-12 14:11:00+00:00,622.21,622.26,622.19,622.2,5726.0,141.0,622.227712
QQQ,2026-01-12 14:12:00+00:00,622.22,622.32,622.18,622.31,5487.0,169.0,622.249611
QQQ,2026-01-12 14:13:00+00:00,622.28,622.31,622.23,622.27,6418.0,127.0,622.257261
QQQ,2026-01-12 14:14:00+00:00,622.31,622.31,622.15,622.2,10347.0,154.0,622.211255
QQQ,2026-01-12 14:15:00+00:00,622.18,622.28,622.15,622.2,38401.0,289.0,622.226432
QQQ,2026-01-12 14:16:00+00:00,622.14,622.14,621.81,621.9193,26000.0,442.0,621.895739
QQQ,2026-01-12 14:17:00+00:00,621.9168,622.06,621.9,622.06,9795.0,173.0,621.95823
QQQ,2026-01-12 14:18:00+00:00,622.1,622.21,622.0599,622.1,6325.0,125.0,622.134475
QQQ,2026-01-12 14:19:00+00:00,622.11,622.17,622.07,622.1,6203.0,163.0,622.12111
QQQ,2026-01-12 14:20:00+00:00,622.11,622.15,622.07,622.12,3911.0,101.0,622.122928
QQQ,2026-01-12 14:21:00+00:00,622.17,622.25,622.1,622.14,5461.0,102.0,622.168854
QQQ,2026-01-12 14:22:00+00:00,622.15,622.1895,622.05,622.05,2680.0,82.0,622.111998
QQQ,2026-01-12 14:23:00+00:00,622.08,622.08,622.0,622.02,4025.0,103.0,622.042891
QQQ,2026-01-12 14:24:00+00:00,622.03,622.05,621.79,621.82,5003.0,168.0,621.938928
QQQ,2026-01-12 14:25:00+00:00,621.791,622.0582,621.791,621.94,12955.0,306.0,621.921041
QQQ,2026-01-12 14:26:00+00:00,621.97,621.9898,621.78,621.86,9911.0,294.0,621.875757
QQQ,2026-01-12 14:27:00+00:00,621.86,621.89,621.67,621.7,75832.0,1038.0,621.792963
QQQ,2026-01-12 14:28:00+00:00,621.7,622.09,621.7,622.08,40477.0,569.0,621.991464
QQQ,2026-01-12 14:29:00+00:00,622.06,622.41,622.0,622.31,35249.0,234.0,622.254714
QQQ,2026-01-12 14:30:00+00:00,622.3,623.54,622.26,623.42,692461.0,16651.0,622.836922
QQQ,2026-01-12 14:31:00+00:00,623.41,624.39,623.21,624.24,394282.0,5352.0,623.858554
QQQ,2026-01-12 14:32:00+00:00,624.23,624.93,624.08,624.34,350430.0,4878.0,624.530513
QQQ,2026-01-12 14:33:00+00:00,624.28,624.7,624.1601,624.42,259962.0,4186.0,624.346906
QQQ,2026-01-12 14:34:00+00:00,624.43,625.04,624.3322,624.9488,206866.0,3757.0,624.656256
QQQ,2026-01-12 14:35:00+00:00,624.93,625.26,624.715,625.09,338240.0,5218.0,625.016595
QQQ,2026-01-12 14:36:00+00:00,625.1,625.6399,625.04,625.23,308046.0,4800.0,625.382601
QQQ,2026-01-12 14:37:00+00:00,625.23,625.32,624.87,625.05,331045.0,4667.0,625.115112
QQQ,2026-01-12 14:38:00+00:00,625.045,625.48,625.0,625.46,199334.0,2926.0,625.293174
QQQ,2026-01-12 14:39:00+00:00,625.44,625.72,625.28,625.56,222212.0,3529.0,625.511479
QQQ,2026-01-12 14:40:00+00:00,625.57,625.67,624.92,625.0805,316239.0,4537.0,625.277298
QQQ,2026-01-12 14:41:00+00:00,625.07,625.51,624.76,625.402,231574.0,3388.0,625.199517
QQQ,2026-01-12 14:42:00+00:00,625.42,625.56,625.17,625.4,200766.0,3357.0,625.418496
QQQ,2026-01-12 14:43:00+00:00,625.4,625.8,625.32,625.34,225499.0,4516.0,625.535364
QQQ,2026-01-12 14:44:00+00:00,625.34,625.43,624.79,624.84,237480.0,4718.0,625.003469
QQQ,2026-01-12 14:45:00+00:00,624.86,625.2301,624.4,624.71,330032.0,6020.0,624.774166
QQQ,2026-01-12 14:46:00+00:00,624.71,624.93,624.41,624.91,194857.0,3632.0,624.613991
QQQ,2026-01-12 14:47:00+00:00,624.9,625.02,624.62,624.79,158137.0,3450.0,624.811863
QQQ,2026-01-12 14:48:00+00:00,624.78,624.97,624.55,624.96,155688.0,3329.0,624.703749
QQQ,2026-01-12 14:49:00+00:00,624.955,625.35,624.87,625.27,161528.0,3290.0,625.147998
QQQ,2026-01-12 14:50:00+00:00,625.285,626.17,625.19,626.0801,234572.0,4657.0,625.676637
QQQ,2026-01-12 14:51:00+00:00,626.095,626.54,625.97,626.27,256863.0,4662.0,626.299524
QQQ,2026-01-12 14:52:00+00:00,626.26,626.27,625.91,625.95,195568.0,3595.0,626.070725
QQQ,2026-01-12 14:53:00+00:00,625.94,626.24,625.9,626.17,132671.0,3100.0,626.030694
QQQ,2026-01-12 14:54:00+00:00,626.17,626.355,625.77,625.84,234788.0,3449.0,625.98732
QQQ,2026-01-12 14:55:00+00:00,625.82,626.04,625.75,625.88,151636.0,3317.0,625.842292
QQQ,2026-01-12 14:56:00+00:00,625.88,626.37,625.82,626.32,130005.0,2906.0,626.121702
QQQ,2026-01-12 14:57:00+00:00,626.3159,626.41,626.02,626.14,129151.0,3181.0,626.25503
QQQ,2026-01-12 14:58:00+00:00,626.14,626.27,625.92,626.0,95554.0,2835.0,626.149261
QQQ,2026-01-12 14:59:00+00:00,625.9705,626.15,625.745,625.97,100615.0,2808.0,625.913267
QQQ,2026-01-12 15:00:00+00:00,625.99,626.07,625.68,625.87,157014.0,3876.0,625.903839
QQQ,2026-01-12 15:01:00+00:00,625.89,626.07,625.76,626.025,140448.0,3255.0,625.926316
QQQ,2026-01-12 15:02:00+00:00,626.02,626.14,625.62,625.88,182654.0,4709.0,625.838409
QQQ,2026-01-12 15:03:00+00:00,625.86,625.89,625.34,625.7298,167882.0,4002.0,625.554482
QQQ,2026-01-12 15:04:00+00:00,625.71,625.86,625.32,625.41,133949.0,3019.0,625.548046
QQQ,2026-01-12 15:05:00+00:00,625.41,625.7,625.28,625.495,139535.0,3217.0,625.49801
QQQ,2026-01-12 15:06:00+00:00,625.48,625.63,625.18,625.62,131903.0,3111.0,625.385333
QQQ,2026-01-12 15:07:00+00:00,625.62,625.67,625.29,625.47,93220.0,2920.0,625.513608
QQQ,2026-01-12 15:08:00+00:00,625.5,625.65,625.38,625.55,109212.0,3447.0,625.517604
QQQ,2026-01-12 15:09:00+00:00,625.56,625.75,625.48,625.56,86451.0,3266.0,625.60862
QQQ,2026-01-12 15:10:00+00:00,625.53,625.7,625.28,625.55,142119.0,4169.0,625.494073
QQQ,2026-01-12 15:11:00+00:00,625.53,625.67,625.465,625.61,82208.0,3321.0,625.545227
QQQ,2026-01-12 15:12:00+00:00,625.6,626.07,625.39,626.05,200242.0,5106.0,625.764166
QQQ,2026-01-12 15:13:00+00:00,626.05,626.05,625.63,625.69,179163.0,4665.0,625.853888
QQQ,2026-01-12 15:14:00+00:00,625.69,626.13,625.6228,626.09,174953.0,4558.0,625.920858
QQQ,2026-01-12 15:15:00+00:00,626.09,626.11,625.84,626.03,168970.0,4637.0,626.016239
QQQ,2026-01-12 15:16:00+00:00,626.02,626.22,625.73,625.83,197116.0,4986.0,625.999195
QQQ,2026-01-12 15:17:00+00:00,625.81,625.92,625.6,625.83,142005.0,4469.0,625.816517
QQQ,2026-01-12 15:18:00+00:00,625.83,625.94,625.61,625.91,104701.0,4036.0,625.724234
QQQ,2026-01-12 15:19:00+00:00,625.93,626.22,625.89,626.06,118621.0,4055.0,626.029638
QQQ,2026-01-12 15:20:00+00:00,626.06,626.27,625.97,626.17,196064.0,5066.0,626.105026
QQQ,2026-01-12 15:21:00+00:00,626.17,626.26,625.93,626.19,113975.0,3924.0,626.10376
QQQ,2026-01-12 15:22:00+00:00,626.2,626.34,625.9601,626.25,156568.0,4779.0,626.223849
QQQ,2026-01-12 15:23:00+00:00,626.24,626.34,625.93,626.34,118418.0,3609.0,626.094727
QQQ,2026-01-12 15:24:00+00:00,626.35,626.73,626.335,626.41,267933.0,5636.0,626.510139
QQQ,2026-01-12 15:25:00+00:00,626.41,626.76,626.32,626.715,115752.0,3290.0,626.508242
QQQ,2026-01-12 15:26:00+00:00,626.705,626.72,626.23,626.29,150551.0,3233.0,626.442091
QQQ,2026-01-12 15:27:00+00:00,626.31,626.47,626.27,626.375,125359.0,3388.0,626.36658
QQQ,2026-01-12 15:28:00+00:00,626.37,626.55,626.26,626.49,137410.0,3067.0,626.442181
QQQ,2026-01-12 15:29:00+00:00,626.47,626.6,626.36,626.48,84255.0,2537.0,626.477751
QQQ,2026-01-12 15:30:00+00:00,626.47,626.51,625.96,626.02,136764.0,3704.0,626.203616
QQQ,2026-01-12 15:31:00+00:00,626.02,626.26,625.93,626.05,103093.0,3105.0,626.072184
QQQ,2026-01-12 15:32:00+00:00,626.05,626.1397,625.76,625.85,153105.0,3307.0,625.951081
QQQ,2026-01-12 15:33:00+00:00,625.84,625.8734,625.43,625.48,200498.0,3646.0,625.634031
QQQ,2026-01-12 15:34:00+00:00,625.48,625.7465,625.41,625.74,162833.0,3411.0,625.544549
QQQ,2026-01-12 15:35:00+00:00,625.74,626.15,625.73,626.0701,109347.0,2723.0,625.89534
QQQ,2026-01-12 15:36:00+00:00,626.08,626.11,625.47,625.47,102925.0,2972.0,625.787301
QQQ,2026-01-12 15:37:00+00:00,625.48,625.81,625.48,625.74,94336.0,2918.0,625.671434
QQQ,2026-01-12 15:38:00+00:00,625.74,625.93,625.62,625.69,68105.0,2276.0,625.794979
QQQ,2026-01-12 15:39:00+00:00,625.685,626.03,625.62,625.98,111307.0,2509.0,625.833444
QQQ,2026-01-12 15:40:00+00:00,625.98,625.99,625.76,625.9,82406.0,2385.0,625.924577
QQQ,2026-01-12 15:41:00+00:00,625.89,626.02,625.66,625.725,94284.0,2946.0,625.822115
QQQ,2026-01-12 15:42:00+00:00,625.74,625.81,625.61,625.72,94497.0,2862.0,625.708034
QQQ,2026-01-12 15:43:00+00:00,625.72,625.79,625.34,625.4899,150109.0,3364.0,625.523125
QQQ,2026-01-12 15:44:00+00:00,625.49,625.79,625.34,625.64,88813.0,2527.0,625.536388
QQQ,2026-01-12 15:45:00+00:00,625.64,625.64,625.09,625.28,97070.0,2827.0,625.279881
QQQ,2026-01-12 15:46:00+00:00,625.29,625.47,625.19,625.4,89758.0,2524.0,625.336591
QQQ,2026-01-12 15:47:00+00:00,625.4,625.87,625.39,625.73,137441.0,2984.0,625.642067
QQQ,2026-01-12 15:48:00+00:00,625.73,625.75,625.435,625.62,63989.0,2215.0,625.622319
QQQ,2026-01-12 15:49:00+00:00,625.61,625.91,625.57,625.83,81664.0,2350.0,625.767215
QQQ,2026-01-12 15:50:00+00:00,625.83,625.83,625.53,625.72,70845.0,2364.0,625.689764
QQQ,2026-01-12 15:51:00+00:00,625.74,625.81,625.58,625.68,61751.0,2125.0,625.710818
QQQ,2026-01-12 15:52:00+00:00,625.68,625.875,625.6399,625.77,77915.0,2479.0,625.768305
QQQ,2026-01-12 15:53:00+00:00,625.765,626.03,625.73,626.0199,89630.0,2454.0,625.904118
QQQ,2026-01-12 15:54:00+00:00,626.02,626.23,625.96,626.1499,83552.0,2407.0,626.092326
QQQ,2026-01-12 15:55:00+00:00,626.15,626.2112,626.062,626.14,87799.0,2510.0,626.14579
QQQ,2026-01-12 15:56:00+00:00,626.15,626.33,626.03,626.08,93896.0,2534.0,626.19761
QQQ,2026-01-12 15:57:00+00:00,626.06,626.23,625.99,626.1699,66546.0,2118.0,626.08487
QQQ,2026-01-12 15:58:00+00:00,626.17,626.3241,626.11,626.31,73735.0,2314.0,626.215921
QQQ,2026-01-12 15:59:00+00:00,626.31,626.43,626.3,626.325,68170.0,2181.0,626.373932
QQQ,2026-01-12 16:00:00+00:00,626.32,626.34,625.99,626.1699,100932.0,2955.0,626.13203
QQQ,2026-01-12 16:01:00+00:00,626.17,626.4,626.14,626.3,58281.0,2327.0,626.278807
QQQ,2026-01-12 16:02:00+00:00,626.2897,626.44,626.24,626.41,57852.0,2256.0,626.340037
QQQ,2026-01-12 16:03:00+00:00,626.41,626.515,626.29,626.335,69170.0,2304.0,626.400659
QQQ,2026-01-12 16:04:00+00:00,626.34,626.38,626.19,626.31,67681.0,2388.0,626.279264
QQQ,2026-01-12 16:05:00+00:00,626.3,626.47,626.27,626.435,85957.0,2333.0,626.358531
QQQ,2026-01-12 16:06:00+00:00,626.44,626.51,626.38,626.43,80921.0,2363.0,626.452641
QQQ,2026-01-12 16:07:00+00:00,626.44,626.56,626.41,626.5198,54837.0,2175.0,626.479454
QQQ,2026-01-12 16:08:00+00:00,626.505,626.51,626.41,626.45,59001.0,2224.0,626.462724
QQQ,2026-01-12 16:09:00+00:00,626.455,626.61,626.44,626.56,77505.0,2300.0,626.579618
QQQ,2026-01-12 16:10:00+00:00,626.565,626.85,626.565,626.825,128221.0,2979.0,626.731965
QQQ,2026-01-12 16:11:00+00:00,626.82,626.8268,626.57,626.71,101562.0,2813.0,626.697855
QQQ,2026-01-12 16:12:00+00:00,626.72,626.8,626.6,626.675,102167.0,2925.0,626.694983
QQQ,2026-01-12 16:13:00+00:00,626.675,626.83,626.64,626.77,85813.0,2277.0,626.755546
QQQ,2026-01-12 16:14:00+00:00,626.77,627.08,626.76,627.07,212177.0,3423.0,626.892849
QQQ,2026-01-12 16:15:00+00:00,627.07,627.23,626.98,627.21,132428.0,3144.0,627.056387
QQQ,2026-01-12 16:16:00+00:00,627.2,627.38,627.15,627.1771,123563.0,2989.0,627.244307
QQQ,2026-01-12 16:17:00+00:00,627.18,627.39,627.15,627.2462,69924.0,2202.0,627.261097
QQQ,2026-01-12 16:18:00+00:00,627.2465,627.36,627.19,627.28,54045.0,1883.0,627.25858
QQQ,2026-01-12 16:19:00+00:00,627.27,627.27,627.095,627.14,62956.0,2275.0,627.18077
QQQ,2026-01-12 16:20:00+00:00,627.13,627.32,627.08,627.16,79593.0,2645.0,627.199853
QQQ,2026-01-12 16:21:00+00:00,627.1699,627.19,626.93,626.96,81131.0,2627.0,627.016708
QQQ,2026-01-12 16:22:00+00:00,626.96,626.98,626.76,626.82,189503.0,2396.0,626.841078
QQQ,2026-01-12 16:23:00+00:00,626.81,626.94,626.79,626.9,60057.0,2390.0,626.875779
QQQ,2026-01-12 16:24:00+00:00,626.9,627.0,626.83,627.0,37983.0,1936.0,626.928954
QQQ,2026-01-12 16:25:00+00:00,627.0199,627.03,626.82,626.93,73043.0,2482.0,626.910371
QQQ,2026-01-12 16:26:00+00:00,626.935,626.95,626.65,626.825,76337.0,2408.0,626.742441
QQQ,2026-01-12 16:27:00+00:00,626.825,626.825,626.6799,626.76,54744.0,1940.0,626.759502
QQQ,2026-01-12 16:28:00+00:00,626.76,626.93,626.71,626.9,46233.0,1996.0,626.806886
QQQ,2026-01-12 16:29:00+00:00,626.9,626.96,626.78,626.93,37772.0,1932.0,626.870192
QQQ,2026-01-12 16:30:00+00:00,626.935,627.02,626.83,626.98,32286.0,1582.0,626.948161
QQQ,2026-01-12 16:31:00+00:00,626.9713,627.09,626.7801,626.795,31166.0,1676.0,626.959864
QQQ,2026-01-12 16:32:00+00:00,626.79,626.94,626.75,626.93,23431.0,1667.0,626.815248
QQQ,2026-01-12 16:33:00+00:00,626.92,626.96,626.76,626.95,37403.0,1732.0,626.874004
QQQ,2026-01-12 16:34:00+00:00,626.96,627.05,626.95,627.0099,45160.0,1783.0,627.001134
QQQ,2026-01-12 16:35:00+00:00,627.02,627.12,626.93,627.12,40809.0,1714.0,627.051955
QQQ,2026-01-12 16:36:00+00:00,627.09,627.15,626.9129,627.15,54882.0,1997.0,627.051198
QQQ,2026-01-12 16:37:00+00:00,627.15,627.17,627.03,627.1,31615.0,1761.0,627.102717
QQQ,2026-01-12 16:38:00+00:00,627.11,627.16,626.95,627.045,35842.0,1873.0,627.037821
QQQ,2026-01-12 16:39:00+00:00,627.015,627.03,626.93,626.995,51596.0,1885.0,626.975557
QQQ,2026-01-12 16:40:00+00:00,627.0,627.215,626.965,627.055,31552.0,1796.0,627.070264
QQQ,2026-01-12 16:41:00+00:00,627.05,627.06,626.8401,626.915,49849.0,1885.0,626.934082
QQQ,2026-01-12 16:42:00+00:00,626.91,626.91,626.7401,626.81,44253.0,1925.0,626.841739
QQQ,2026-01-12 16:43:00+00:00,626.81,626.8601,626.76,626.8601,25930.0,1732.0,626.809421
QQQ,2026-01-12 16:44:00+00:00,626.86,626.86,626.72,626.735,26782.0,1783.0,626.767687
QQQ,2026-01-12 16:45:00+00:00,626.742,626.742,626.6,626.67,46597.0,2121.0,626.664518
QQQ,2026-01-12 16:46:00+00:00,626.68,627.005,626.68,627.005,45700.0,1924.0,626.873901
QQQ,2026-01-12 16:47:00+00:00,626.99,627.03,626.56,626.56,64519.0,2257.0,626.82253
QQQ,2026-01-12 16:48:00+00:00,626.56,626.6889,626.48,626.52,97339.0,2337.0,626.568087
QQQ,2026-01-12 16:49:00+00:00,626.53,626.97,626.52,626.94,110116.0,2855.0,626.823665
QQQ,2026-01-12 16:50:00+00:00,626.96,627.17,626.9355,627.15,99744.0,2581.0,627.026165
QQQ,2026-01-12 16:51:00+00:00,627.1528,627.21,626.96,627.11,49506.0,2075.0,627.088376
QQQ,2026-01-12 16:52:00+00:00,627.11,627.27,627.11,627.23,45885.0,1974.0,627.20112
QQQ,2026-01-12 16:53:00+00:00,627.25,627.31,627.21,627.29,88822.0,2215.0,627.264725
QQQ,2026-01-12 16:54:00+00:00,627.31,627.46,627.23,627.41,66930.0,2321.0,627.346301
QQQ,2026-01-12 16:55:00+00:00,627.41,627.5,627.37,627.43,65063.0,2230.0,627.447166
QQQ,2026-01-12 16:56:00+00:00,627.42,627.55,627.42,627.5,79794.0,2068.0,627.507851
QQQ,2026-01-12 16:57:00+00:00,627.49,627.5975,627.49,627.575,64984.0,2288.0,627.553547
QQQ,2026-01-12 16:58:00+00:00,627.575,627.61,627.37,627.51,63221.0,2226.0,627.505253
QQQ,2026-01-12 16:59:00+00:00,627.5,627.54,627.37,627.4,42676.0,1769.0,627.464048
QQQ,2026-01-12 17:00:00+00:00,627.4,627.41,627.185,627.27,53544.0,2015.0,627.294948
QQQ,2026-01-12 17:01:00+00:00,627.27,627.585,627.23,627.58,43371.0,1842.0,627.390959
QQQ,2026-01-12 17:02:00+00:00,627.59,627.63,627.51,627.57,47658.0,1880.0,627.560368
QQQ,2026-01-12 17:03:00+00:00,627.565,627.6,627.49,627.575,38084.0,1643.0,627.564066
QQQ,2026-01-12 17:04:00+00:00,627.59,627.67,627.5001,627.5001,56056.0,1903.0,627.582452
QQQ,2026-01-12 17:05:00+00:00,627.52,627.54,627.425,627.51,29379.0,1649.0,627.491354
QQQ,2026-01-12 17:06:00+00:00,627.51,627.575,627.45,627.45,26885.0,1592.0,627.520062
QQQ,2026-01-12 17:07:00+00:00,627.4512,627.52,627.32,627.325,43828.0,1769.0,627.393848
QQQ,2026-01-12 17:08:00+00:00,627.34,627.34,627.22,627.27,29044.0,1696.0,627.259682
QQQ,2026-01-12 17:09:00+00:00,627.28,627.33,627.21,627.25,31878.0,1671.0,627.266917
QQQ,2026-01-12 17:10:00+00:00,627.25,627.52,627.24,627.47,72865.0,2318.0,627.357631
QQQ,2026-01-12 17:11:00+00:00,627.47,627.71,627.47,627.6,78092.0,2291.0,627.627926
QQQ,2026-01-12 17:12:00+00:00,627.59,627.63,627.46,627.5,51507.0,1311.0,627.54157
QQQ,2026-01-12 17:13:00+00:00,627.52,627.565,627.44,627.45,26679.0,666.0,627.495075
QQQ,2026-01-12 17:14:00+00:00,627.44,627.63,627.42,627.61,47326.0,857.0,627.564695
QQQ,2026-01-12 17:15:00+00:00,627.6,627.63,627.43,627.47,37796.0,834.0,627.567311
QQQ,2026-01-12 17:16:00+00:00,627.48,627.52,627.33,627.4501,51869.0,1019.0,627.432537
QQQ,2026-01-12 17:17:00+00:00,627.45,627.46,627.29,627.35,69792.0,1116.0,627.370352
QQQ,2026-01-12 17:18:00+00:00,627.33,627.36,627.225,627.2401,34258.0,868.0,627.289139
QQQ,2026-01-12 17:19:00+00:00,627.24,627.37,627.23,627.3,42342.0,1116.0,627.309564
QQQ,2026-01-12 17:20:00+00:00,627.305,627.44,627.29,627.4341,51092.0,1108.0,627.33786
QQQ,2026-01-12 17:21:00+00:00,627.44,627.53,627.41,627.49,65114.0,1095.0,627.485926
QQQ,2026-01-12 17:22:00+00:00,627.49,627.53,627.42,627.53,51050.0,1156.0,627.475212
QQQ,2026-01-12 17:23:00+00:00,627.54,627.65,627.53,627.55,54502.0,1092.0,627.578001
QQQ,2026-01-12 17:24:00+00:00,627.55,627.59,627.29,627.29,25313.0,854.0,627.428582
QQQ,2026-01-12 17:25:00+00:00,627.27,627.3,627.14,627.19,47180.0,1234.0,627.208638
QQQ,2026-01-12 17:26:00+00:00,627.2,627.31,627.185,627.22,35179.0,923.0,627.244793
QQQ,2026-01-12 17:27:00+00:00,627.25,627.29,627.13,627.21,35526.0,880.0,627.209196
QQQ,2026-01-12 17:28:00+00:00,627.215,627.4,627.18,627.4,31388.0,835.0,627.257629
QQQ,2026-01-12 17:29:00+00:00,627.38,627.45,627.32,627.44,29589.0,868.0,627.396054
QQQ,2026-01-12 17:30:00+00:00,627.43,627.44,627.31,627.395,28630.0,838.0,627.394141
QQQ,2026-01-12 17:31:00+00:00,627.4,627.41,627.32,627.32,31030.0,934.0,627.354177
QQQ,2026-01-12 17:32:00+00:00,627.31,627.32,627.19,627.25,25829.0,791.0,627.246071
QQQ,2026-01-12 17:33:00+00:00,627.25,627.25,627.135,627.145,42073.0,953.0,627.166654
QQQ,2026-01-12 17:34:00+00:00,627.14,627.22,627.12,627.205,25057.0,776.0,627.177609
QQQ,2026-01-12 17:35:00+00:00,627.19,627.26,627.15,627.19,60470.0,884.0,627.18269
QQQ,2026-01-12 17:36:00+00:00,627.19,627.215,627.092,627.11,36442.0,850.0,627.155919
QQQ,2026-01-12 17:37:00+00:00,627.11,627.24,627.04,627.23,56442.0,1074.0,627.099704
QQQ,2026-01-12 17:38:00+00:00,627.225,627.225,627.05,627.0875,24921.0,791.0,627.122758
QQQ,2026-01-12 17:39:00+00:00,627.08,627.135,626.9,626.9399,56635.0,1223.0,626.996081
QQQ,2026-01-12 17:40:00+00:00,626.94,627.07,626.87,627.07,58050.0,1224.0,626.956951
QQQ,2026-01-12 17:41:00+00:00,627.05,627.32,627.0301,627.29,36362.0,967.0,627.198436
QQQ,2026-01-12 17:42:00+00:00,627.2955,627.35,627.18,627.295,38909.0,909.0,627.300099
QQQ,2026-01-12 17:43:00+00:00,627.3,627.42,627.29,627.38,38338.0,910.0,627.370913
QQQ,2026-01-12 17:44:00+00:00,627.385,627.4,627.3373,627.35,35118.0,931.0,627.372115
QQQ,2026-01-12 17:45:00+00:00,627.36,627.46,627.31,627.46,35164.0,783.0,627.3983
QQQ,2026-01-12 17:46:00+00:00,627.47,627.59,627.45,627.49,99991.0,1345.0,627.526636
QQQ,2026-01-12 17:47:00+00:00,627.49,627.59,627.47,627.58,40768.0,911.0,627.543431
QQQ,2026-01-12 17:48:00+00:00,627.575,627.67,627.462,627.61,61767.0,1339.0,627.585296
QQQ,2026-01-12 17:49:00+00:00,627.61,627.67,627.53,627.61,38662.0,1033.0,627.614086
QQQ,2026-01-12 17:50:00+00:00,627.6,627.63,627.41,627.41,42330.0,1136.0,627.537757
QQQ,2026-01-12 17:51:00+00:00,627.41,627.53,627.37,627.46,40977.0,1008.0,627.444371
QQQ,2026-01-12 17:52:00+00:00,627.45,627.62,627.43,627.58,37998.0,1033.0,627.542467
QQQ,2026-01-12 17:53:00+00:00,627.58,627.58,627.5,627.53,27285.0,779.0,627.535447
QQQ,2026-01-12 17:54:00+00:00,627.53,627.6551,627.49,627.625,34217.0,946.0,627.57605
QQQ,2026-01-12 17:55:00+00:00,627.625,627.63,627.52,627.54,41565.0,1094.0,627.578797
QQQ,2026-01-12 17:56:00+00:00,627.54,627.63,627.53,627.5742,29583.0,874.0,627.574987
QQQ,2026-01-12 17:57:00+00:00,627.5799,627.65,627.52,627.6,37874.0,900.0,627.576914
QQQ,2026-01-12 17:58:00+00:00,627.6,627.68,627.5701,627.5926,34002.0,950.0,627.638659
QQQ,2026-01-12 17:59:00+00:00,627.59,627.6,627.56,627.585,27156.0,727.0,627.579116
QQQ,2026-01-12 18:00:00+00:00,627.59,627.6,627.51,627.546,36454.0,818.0,627.552062
QQQ,2026-01-12 18:01:00+00:00,627.55,627.72,627.545,627.69,50442.0,1312.0,627.644366
QQQ,2026-01-12 18:02:00+00:00,627.69,627.815,627.67,627.78,101873.0,1472.0,627.736176
QQQ,2026-01-12 18:03:00+00:00,627.77,627.8199,627.74,627.8,28447.0,767.0,627.785029
QQQ,2026-01-12 18:04:00+00:00,627.8,627.835,627.75,627.825,30598.0,730.0,627.786091
QQQ,2026-01-12 18:05:00+00:00,627.83,628.05,627.815,627.96,159435.0,2511.0,627.957701
QQQ,2026-01-12 18:06:00+00:00,627.98,628.04,627.88,627.92,58567.0,990.0,627.960429
QQQ,2026-01-12 18:07:00+00:00,627.92,628.15,627.89,627.99,85180.0,1447.0,627.994557
QQQ,2026-01-12 18:08:00+00:00,628.0,628.04,627.89,627.995,54300.0,1013.0,627.988746
QQQ,2026-01-12 18:09:00+00:00,628.0,628.02,627.9135,628.015,45244.0,919.0,627.964351
QQQ,2026-01-12 18:10:00+00:00,628.02,628.04,627.98,628.03,27897.0,697.0,628.019166
QQQ,2026-01-12 18:11:00+00:00,628.03,628.06,627.97,628.0389,43951.0,869.0,628.033577
QQQ,2026-01-12 18:12:00+00:00,628.07,628.07,627.92,627.9451,38575.0,836.0,627.962354
QQQ,2026-01-12 18:13:00+00:00,627.9428,628.005,627.9,627.93,41226.0,818.0,627.952741
QQQ,2026-01-12 18:14:00+00:00,627.925,627.99,627.9242,627.99,22078.0,666.0,627.948036
QQQ,2026-01-12 18:15:00+00:00,627.99,627.99,627.9,627.97,33079.0,722.0,627.943221
QQQ,2026-01-12 18:16:00+00:00,627.97,627.97,627.79,627.79,68481.0,1219.0,627.848703
QQQ,2026-01-12 18:17:00+00:00,627.8,627.85,627.75,627.84,53962.0,1090.0,627.786792
QQQ,2026-01-12 18:18:00+00:00,627.83,627.92,627.815,627.88,27881.0,636.0,627.873003
QQQ,2026-01-12 18:19:00+00:00,627.89,627.99,627.88,627.9499,27388.0,662.0,627.935595
QQQ,2026-01-12 18:20:00+00:00,627.945,628.04,627.93,628.01,25113.0,693.0,627.985711
QQQ,2026-01-12 18:21:00+00:00,628.01,628.17,628.0,628.145,53401.0,942.0,628.099295
QQQ,2026-01-12 18:22:00+00:00,628.15,628.26,628.11,628.125,53611.0,1041.0,628.188472
QQQ,2026-01-12 18:23:00+00:00,628.12,628.27,628.12,628.26,19777.0,710.0,628.210326
QQQ,2026-01-12 18:24:00+00:00,628.26,628.275,628.17,628.195,27142.0,681.0,628.2265
QQQ,2026-01-12 18:25:00+00:00,628.19,628.19,628.09,628.15,27588.0,701.0,628.141152
QQQ,2026-01-12 18:26:00+00:00,628.13,628.15,628.02,628.125,31937.0,790.0,628.076679
QQQ,2026-01-12 18:27:00+00:00,628.1199,628.15,628.07,628.12,17205.0,750.0,628.115179
QQQ,2026-01-12 18:28:00+00:00,628.1228,628.205,628.12,628.1212,28379.0,652.0,628.158832
QQQ,2026-01-12 18:29:00+00:00,628.112,628.14,628.075,628.13,36030.0,662.0,628.106338
QQQ,2026-01-12 18:30:00+00:00,628.13,628.18,628.11,628.14,40787.0,963.0,628.157039
QQQ,2026-01-12 18:31:00+00:00,628.1565,628.17,628.1,628.14,37425.0,1003.0,628.140344
QQQ,2026-01-12 18:32:00+00:00,628.1326,628.14,628.01,628.04,40630.0,880.0,628.062726
QQQ,2026-01-12 18:33:00+00:00,628.05,628.0659,627.935,627.94,48432.0,870.0,627.989756
QQQ,2026-01-12 18:34:00+00:00,627.945,627.965,627.91,627.95,32038.0,696.0,627.935251
QQQ,2026-01-12 18:35:00+00:00,627.96,627.97,627.89,627.95,54908.0,681.0,627.929219
QQQ,2026-01-12 18:36:00+00:00,627.95,627.96,627.85,627.89,24743.0,675.0,627.910542
QQQ,2026-01-12 18:37:00+00:00,627.8961,628.0,627.8961,627.97,29135.0,608.0,627.944302
QQQ,2026-01-12 18:38:00+00:00,627.97,628.01,627.94,628.01,32839.0,702.0,627.984311
QQQ,2026-01-12 18:39:00+00:00,628.01,628.03,627.955,627.97,22216.0,660.0,627.990493
QQQ,2026-01-12 18:40:00+00:00,627.965,627.98,627.87,627.8999,55131.0,877.0,627.919597
QQQ,2026-01-12 18:41:00+00:00,627.8998,628.01,627.8998,627.975,23897.0,553.0,627.967077
QQQ,2026-01-12 18:42:00+00:00,627.98,627.98,627.84,627.8599,38150.0,649.0,627.901583
QQQ,2026-01-12 18:43:00+00:00,627.875,627.98,627.86,627.98,32672.0,615.0,627.913641
QQQ,2026-01-12 18:44:00+00:00,627.9687,628.01,627.91,627.915,26313.0,657.0,627.965072
QQQ,2026-01-12 18:45:00+00:00,627.915,627.9375,627.855,627.91,28964.0,667.0,627.908713
QQQ,2026-01-12 18:46:00+00:00,627.92,627.9488,627.87,627.9488,43719.0,466.0,627.898117
QQQ,2026-01-12 18:47:00+00:00,627.93,628.03,627.92,627.9999,16941.0,581.0,627.988123
QQQ,2026-01-12 18:48:00+00:00,628.0,628.12,627.99,628.03,20605.0,632.0,628.03174
QQQ,2026-01-12 18:49:00+00:00,628.02,628.045,627.97,628.04,35016.0,701.0,628.009322
QQQ,2026-01-12 18:50:00+00:00,628.04,628.1665,628.03,628.1,34143.0,726.0,628.099759
QQQ,2026-01-12 18:51:00+00:00,628.0912,628.11,627.96,627.9897,20714.0,537.0,628.019173
QQQ,2026-01-12 18:52:00+00:00,627.99,628.0,627.8,627.83,50767.0,765.0,627.885823
QQQ,2026-01-12 18:53:00+00:00,627.82,627.88,627.805,627.84,25881.0,515.0,627.852217
QQQ,2026-01-12 18:54:00+00:00,627.84,627.89,627.765,627.77,35149.0,716.0,627.819926
QQQ,2026-01-12 18:55:00+00:00,627.775,627.85,627.73,627.8499,145933.0,742.0,627.801054
QQQ,2026-01-12 18:56:00+00:00,627.84,627.84,627.72,627.78,25205.0,488.0,627.765299
QQQ,2026-01-12 18:57:00+00:00,627.79,627.86,627.78,627.84,16523.0,455.0,627.829769
QQQ,2026-01-12 18:58:00+00:00,627.84,627.845,627.79,627.805,10301.0,372.0,627.82293
QQQ,2026-01-12 18:59:00+00:00,627.8,627.84,627.8,627.825,15263.0,389.0,627.82022
QQQ,2026-01-12 19:00:00+00:00,627.82,627.82,627.62,627.7,64089.0,918.0,627.711118
QQQ,2026-01-12 19:01:00+00:00,627.7,627.74,627.66,627.67,28329.0,553.0,627.693425
QQQ,2026-01-12 19:02:00+00:00,627.675,627.69,627.5099,627.5101,90708.0,1027.0,627.578629
QQQ,2026-01-12 19:03:00+00:00,627.515,627.62,627.515,627.58,41777.0,679.0,627.58482
QQQ,2026-01-12 19:04:00+00:00,627.57,627.606,627.52,627.55,22321.0,523.0,627.571953
QQQ,2026-01-12 19:05:00+00:00,627.54,627.69,627.44,627.66,89489.0,1161.0,627.531947
QQQ,2026-01-12 19:06:00+00:00,627.66,627.67,627.55,627.6,43868.0,635.0,627.617858
QQQ,2026-01-12 19:07:00+00:00,627.6,627.705,627.6,627.66,32627.0,525.0,627.658825
QQQ,2026-01-12 19:08:00+00:00,627.66,627.725,627.59,627.71,35352.0,569.0,627.656009
QQQ,2026-01-12 19:09:00+00:00,627.7,627.8498,627.7,627.84,35851.0,628.0,627.75427
QQQ,2026-01-12 19:10:00+00:00,627.83,627.85,627.79,627.83,29369.0,621.0,627.819514
QQQ,2026-01-12 19:11:00+00:00,627.83,627.89,627.8,627.82,51072.0,732.0,627.831122
QQQ,2026-01-12 19:12:00+00:00,627.83,627.9,627.78,627.89,208306.0,641.0,627.846402
QQQ,2026-01-12 19:13:00+00:00,627.89,627.93,627.85,627.92,29127.0,540.0,627.890197
QQQ,2026-01-12 19:14:00+00:00,627.91,627.95,627.86,627.8941,40112.0,647.0,627.89403
QQQ,2026-01-12 19:15:00+00:00,627.9,627.95,627.88,627.895,37261.0,644.0,627.90196
QQQ,2026-01-12 19:16:00+00:00,627.9,627.96,627.81,627.92,34856.0,699.0,627.877649
QQQ,2026-01-12 19:17:00+00:00,627.93,627.955,627.89,627.94,61766.0,722.0,627.931038
QQQ,2026-01-12 19:18:00+00:00,627.945,628.13,627.945,628.1,55077.0,978.0,628.057037
QQQ,2026-01-12 19:19:00+00:00,628.1,628.135,628.04,628.13,33032.0,606.0,628.096687
QQQ,2026-01-12 19:20:00+00:00,628.135,628.23,628.035,628.225,93763.0,982.0,628.126494
QQQ,2026-01-12 19:21:00+00:00,628.22,628.2354,628.09,628.16,33942.0,700.0,628.16752
QQQ,2026-01-12 19:22:00+00:00,628.155,628.17,628.07,628.1,37113.0,616.0,628.104462
QQQ,2026-01-12 19:23:00+00:00,628.11,628.23,628.1,628.2145,47943.0,719.0,628.173663
QQQ,2026-01-12 19:24:00+00:00,628.22,628.23,628.18,628.23,34020.0,508.0,628.199116
QQQ,2026-01-12 19:25:00+00:00,628.24,628.27,628.155,628.26,69815.0,845.0,628.195739
QQQ,2026-01-12 19:26:00+00:00,628.275,628.305,628.24,628.3,42818.0,821.0,628.273185
QQQ,2026-01-12 19:27:00+00:00,628.3,628.42,628.285,628.31,65625.0,1203.0,628.354922
QQQ,2026-01-12 19:28:00+00:00,628.3,628.365,628.28,628.32,173915.0,708.0,628.328977
QQQ,2026-01-12 19:29:00+00:00,628.33,628.3401,628.255,628.26,31281.0,595.0,628.306762
QQQ,2026-01-12 19:30:00+00:00,628.27,628.38,628.25,628.365,80326.0,1150.0,628.333162
QQQ,2026-01-12 19:31:00+00:00,628.39,628.68,628.295,628.6059,154544.0,2202.0,628.479875
QQQ,2026-01-12 19:32:00+00:00,628.61,628.61,628.44,628.47,65929.0,1097.0,628.490156
QQQ,2026-01-12 19:33:00+00:00,628.475,628.56,628.4559,628.55,50097.0,907.0,628.500213
QQQ,2026-01-12 19:34:00+00:00,628.5558,628.64,628.51,628.61,37825.0,869.0,628.560472
QQQ,2026-01-12 19:35:00+00:00,628.61,628.63,628.51,628.61,48433.0,913.0,628.579129
QQQ,2026-01-12 19:36:00+00:00,628.61,628.7,628.56,628.695,68410.0,1048.0,628.650094
QQQ,2026-01-12 19:37:00+00:00,628.7,628.73,628.575,628.63,71711.0,1082.0,628.636891
QQQ,2026-01-12 19:38:00+00:00,628.635,628.64,628.54,628.58,137693.0,711.0,628.583824
QQQ,2026-01-12 19:39:00+00:00,628.57,628.58,628.51,628.57,154863.0,644.0,628.546827
QQQ,2026-01-12 19:40:00+00:00,628.56,628.58,628.49,628.565,42959.0,808.0,628.538635
QQQ,2026-01-12 19:41:00+00:00,628.575,628.5796,628.44,628.4599,69191.0,923.0,628.522889
QQQ,2026-01-12 19:42:00+00:00,628.46,628.5931,628.4555,628.55,63626.0,974.0,628.527089
QQQ,2026-01-12 19:43:00+00:00,628.55,628.56,628.45,628.46,36786.0,596.0,628.515031
QQQ,2026-01-12 19:44:00+00:00,628.47,628.54,628.4655,628.51,19915.0,450.0,628.495602
QQQ,2026-01-12 19:45:00+00:00,628.51,628.59,628.49,628.5,36596.0,647.0,628.536657
QQQ,2026-01-12 19:46:00+00:00,628.5,628.58,628.4889,628.54,26148.0,572.0,628.532015
QQQ,2026-01-12 19:47:00+00:00,628.55,628.62,628.53,628.605,46014.0,1014.0,628.580842
QQQ,2026-01-12 19:48:00+00:00,628.61,628.64,628.56,628.58,31109.0,662.0,628.598355
QQQ,2026-01-12 19:49:00+00:00,628.575,628.585,628.52,628.57,43160.0,793.0,628.559414
QQQ,2026-01-12 19:50:00+00:00,628.565,628.575,628.47,628.538,48437.0,825.0,628.523546
QQQ,2026-01-12 19:51:00+00:00,628.54,628.62,628.505,628.615,33432.0,719.0,628.558695
QQQ,2026-01-12 19:52:00+00:00,628.615,628.625,628.47,628.4901,30193.0,647.0,628.520159
QQQ,2026-01-12 19:53:00+00:00,628.4901,628.55,628.4599,628.52,32172.0,561.0,628.511874
QQQ,2026-01-12 19:54:00+00:00,628.52,628.5501,628.5,628.5,29801.0,581.0,628.523166
QQQ,2026-01-12 19:55:00+00:00,628.5,628.57,628.47,628.57,35381.0,654.0,628.52703
QQQ,2026-01-12 19:56:00+00:00,628.57,628.6,628.52,628.59,50649.0,835.0,628.569551
QQQ,2026-01-12 19:57:00+00:00,628.6,628.69,628.58,628.67,62215.0,877.0,628.654049
QQQ,2026-01-12 19:58:00+00:00,628.67,628.7241,628.63,628.72,52035.0,948.0,628.692809
QQQ,2026-01-12 19:59:00+00:00,628.7101,628.74,628.685,628.7,111896.0,880.0,628.712759
QQQ,2026-01-12 20:00:00+00:00,628.705,628.79,628.65,628.73,53055.0,966.0,628.732899
QQQ,2026-01-12 20:01:00+00:00,628.73,628.7893,628.67,628.775,83877.0,961.0,628.732018
QQQ,2026-01-12 20:02:00+00:00,628.78,628.845,628.585,628.59,76523.0,1304.0,628.686745
QQQ,2026-01-12 20:03:00+00:00,628.58,628.59,628.51,628.525,59075.0,1023.0,628.548684
QQQ,2026-01-12 20:04:00+00:00,628.53,628.56,628.45,628.49,46868.0,863.0,628.496235
QQQ,2026-01-12 20:05:00+00:00,628.49,628.51,628.43,628.49,49511.0,658.0,628.476081
QQQ,2026-01-12 20:06:00+00:00,628.51,628.5197,628.4797,628.48,46386.0,801.0,628.496023
QQQ,2026-01-12 20:07:00+00:00,628.48,628.59,628.475,628.57,58540.0,701.0,628.540788
QQQ,2026-01-12 20:08:00+00:00,628.56,628.56,628.4501,628.53,35923.0,642.0,628.493101
QQQ,2026-01-12 20:09:00+00:00,628.52,628.53,628.42,628.425,31345.0,543.0,628.471546
QQQ,2026-01-12 20:10:00+00:00,628.4211,628.4211,628.332,628.395,64525.0,875.0,628.383341
QQQ,2026-01-12 20:11:00+00:00,628.39,628.49,628.37,628.49,55402.0,758.0,628.404637
QQQ,2026-01-12 20:12:00+00:00,628.48,628.5499,628.44,628.46,62563.0,864.0,628.491315
QQQ,2026-01-12 20:13:00+00:00,628.44,628.44,628.33,628.36,43914.0,761.0,628.381204
QQQ,2026-01-12 20:14:00+00:00,628.36,628.43,628.29,628.41,25780.0,566.0,628.357915
QQQ,2026-01-12 20:15:00+00:00,628.41,628.41,628.23,628.255,41777.0,694.0,628.324823
QQQ,2026-01-12 20:16:00+00:00,628.26,628.2999,628.22,628.241,54600.0,841.0,628.25091
QQQ,2026-01-12 20:17:00+00:00,628.24,628.38,628.22,628.315,54156.0,857.0,628.303614
QQQ,2026-01-12 20:18:00+00:00,628.32,628.32,628.18,628.19,170734.0,756.0,628.26522
QQQ,2026-01-12 20:19:00+00:00,628.185,628.24,628.18,628.2113,50585.0,736.0,628.203947
QQQ,2026-01-12 20:20:00+00:00,628.21,628.29,628.17,628.19,103198.0,881.0,628.230894
QQQ,2026-01-12 20:21:00+00:00,628.2,628.2,628.02,628.17,99988.0,1239.0,628.125199
QQQ,2026-01-12 20:22:00+00:00,628.16,628.21,628.0337,628.055,53874.0,948.0,628.106486
QQQ,2026-01-12 20:23:00+00:00,628.05,628.105,628.04,628.09,36156.0,688.0,628.072504
QQQ,2026-01-12 20:24:00+00:00,628.085,628.11,628.0632,628.1,47381.0,714.0,628.086467
QQQ,2026-01-12 20:25:00+00:00,628.09,628.11,628.04,628.08,50805.0,823.0,628.082029
QQQ,2026-01-12 20:26:00+00:00,628.08,628.2,628.06,628.11,66736.0,928.0,628.12814
QQQ,2026-01-12 20:27:00+00:00,628.1,628.2,628.09,628.185,59911.0,893.0,628.141637
QQQ,2026-01-12 20:28:00+00:00,628.18,628.22,628.14,628.14,61122.0,1054.0,628.180306
QQQ,2026-01-12 20:29:00+00:00,628.13,628.215,628.12,628.14,44453.0,792.0,628.182443
QQQ,2026-01-12 20:30:00+00:00,628.14,628.14,627.975,628.025,88779.0,1457.0,628.046822
QQQ,2026-01-12 20:31:00+00:00,628.015,628.025,627.95,628.0,45667.0,794.0,628.000538
QQQ,2026-01-12 20:32:00+00:00,627.995,628.18,627.99,628.1,74552.0,1173.0,628.101901
QQQ,2026-01-12 20:33:00+00:00,628.1,628.21,628.07,628.21,33765.0,783.0,628.128712
QQQ,2026-01-12 20:34:00+00:00,628.2055,628.26,628.1,628.1,90603.0,1221.0,628.187808
QQQ,2026-01-12 20:35:00+00:00,628.09,628.09,627.93,627.98,60864.0,1104.0,627.997558
QQQ,2026-01-12 20:36:00+00:00,627.97,628.04,627.96,627.99,40305.0,840.0,627.998927
QQQ,2026-01-12 20:37:00+00:00,627.99,628.11,627.98,628.05,37852.0,771.0,628.054971
QQQ,2026-01-12 20:38:00+00:00,628.06,628.07,627.99,628.03,46123.0,775.0,628.025444
QQQ,2026-01-12 20:39:00+00:00,628.03,628.03,627.92,627.93,48459.0,812.0,627.981106
QQQ,2026-01-12 20:40:00+00:00,627.92,627.9803,627.85,627.87,55029.0,1031.0,627.92922
QQQ,2026-01-12 20:41:00+00:00,627.87,627.88,627.735,627.76,316053.0,1558.0,627.793441
QQQ,2026-01-12 20:42:00+00:00,627.76,627.85,627.76,627.7716,40098.0,853.0,627.791107
QQQ,2026-01-12 20:43:00+00:00,627.7799,627.91,627.7799,627.9,79117.0,1300.0,627.841212
QQQ,2026-01-12 20:44:00+00:00,627.9,627.9,627.81,627.88,54253.0,1016.0,627.842042
QQQ,2026-01-12 20:45:00+00:00,627.87,627.875,627.75,627.85,140030.0,1530.0,627.826685
QQQ,2026-01-12 20:46:00+00:00,627.84,627.95,627.83,627.89,85057.0,1272.0,627.900094
QQQ,2026-01-12 20:47:00+00:00,627.8999,628.09,627.86,628.085,165216.0,1164.0,627.990065
QQQ,2026-01-12 20:48:00+00:00,628.085,628.13,628.02,628.045,87838.0,1314.0,628.085391
QQQ,2026-01-12 20:49:00+00:00,628.0499,628.0499,627.9601,627.99,59472.0,1156.0,628.003282
QQQ,2026-01-12 20:50:00+00:00,627.96,627.98,627.35,627.565,404498.0,4854.0,627.538038
QQQ,2026-01-12 20:51:00+00:00,627.57,627.6499,627.46,627.5,271841.0,2105.0,627.572533
QQQ,2026-01-12 20:52:00+00:00,627.5,627.59,627.46,627.59,98769.0,1661.0,627.53636
QQQ,2026-01-12 20:53:00+00:00,627.59,627.76,627.59,627.74,126106.0,1918.0,627.688673
QQQ,2026-01-12 20:54:00+00:00,627.74,627.83,627.55,627.74,208958.0,2987.0,627.717434
QQQ,2026-01-12 20:55:00+00:00,627.73,627.73,627.49,627.54,194901.0,2949.0,627.578067
QQQ,2026-01-12 20:56:00+00:00,627.54,627.56,627.355,627.51,285042.0,3141.0,627.44331
QQQ,2026-01-12 20:57:00+00:00,627.49,627.52,627.33,627.47,151156.0,2278.0,627.445517
QQQ,2026-01-12 20:58:00+00:00,627.47,627.51,627.35,627.355,174490.0,2471.0,627.426393
QQQ,2026-01-12 20:59:00+00:00,627.35,627.55,627.17,627.19,784881.0,7594.0,627.356647
QQQ,2026-01-12 21:00:00+00:00,627.21,627.3,627.13,627.2499,1104498.0,427.0,627.17536
QQQ,2026-01-12 21:01:00+00:00,627.33,627.36,627.3,627.32,17707.0,124.0,627.331088
QQQ,2026-01-12 21:02:00+00:00,627.33,627.33,627.2,627.23,22035.0,194.0,627.260325
QQQ,2026-01-12 21:03:00+00:00,627.22,627.3,627.21,627.28,15679.0,164.0,627.254522
QQQ,2026-01-12 21:04:00+00:00,627.26,627.32,627.22,627.31,23208.0,172.0,627.27313
QQQ,2026-01-12 21:05:00+00:00,627.3,627.32,627.25,627.28,6924.0,99.0,627.28941
QQQ,2026-01-12 21:06:00+00:00,627.28,627.3,627.27,627.28,3961.0,74.0,627.281437
QQQ,2026-01-12 21:07:00+00:00,627.39,627.39,627.35,627.38,3059.0,46.0,627.377031
QQQ,2026-01-12 21:08:00+00:00,627.39,627.44,627.17,627.42,6809.0,66.0,627.358
QQQ,2026-01-12 21:09:00+00:00,627.42,627.5,627.35,627.35,116857.0,64.0,627.455111
QQQ,2026-01-12 21:10:00+00:00,627.3201,627.3201,627.29,627.3,5999.0,93.0,627.298888
QQQ,2026-01-12 21:11:00+00:00,627.29,627.32,627.2301,627.25,3247.0,46.0,627.264394
QQQ,2026-01-12 21:12:00+00:00,627.25,627.31,627.25,627.31,304584.0,39.0,627.282778
QQQ,2026-01-12 21:13:00+00:00,627.29,627.35,627.29,627.3494,11235.0,73.0,627.320622
QQQ,2026-01-12 21:14:00+00:00,627.34,627.42,627.32,627.39,3955.0,59.0,627.366212
QQQ,2026-01-12 21:15:00+00:00,627.36,627.36,627.29,627.29,1698.0,34.0,627.310303
QQQ,2026-01-12 21:16:00+00:00,627.27,627.29,627.2401,627.2401,1685.0,46.0,627.263448
QQQ,2026-01-12 21:17:00+00:00,627.26,627.29,627.26,627.2897,833.0,25.0,627.271445
QQQ,2026-01-12 21:18:00+00:00,627.27,627.27,627.25,627.25,2227.0,45.0,627.259791
QQQ,2026-01-12 21:19:00+00:00,627.29,627.29,627.29,627.29,807.0,29.0,627.29
QQQ,2026-01-12 21:20:00+00:00,627.29,627.3,627.25,627.3,9379.0,59.0,627.279689
QQQ,2026-01-12 21:21:00+00:00,627.27,627.28,627.24,627.25,13112.0,115.0,627.263428
QQQ,2026-01-12 21:22:00+00:00,627.29,627.42,627.29,627.41,7950.0,92.0,627.387306
QQQ,2026-01-12 21:23:00+00:00,627.4,627.43,627.38,627.41,4004.0,67.0,627.39968
QQQ,2026-01-12 21:24:00+00:00,627.42,627.47,627.41,627.45,5637.0,46.0,627.440861
QQQ,2026-01-12 21:25:00+00:00,627.47,627.58,627.47,627.58,1970.0,57.0,627.516012
QQQ,2026-01-12 21:26:00+00:00,627.64,627.7017,627.64,627.7017,1813.0,38.0,627.678535
QQQ,2026-01-12 21:27:00+00:00,627.7,627.7,627.62,627.62,2160.0,24.0,627.672313
QQQ,2026-01-12 21:28:00+00:00,627.63,627.63,627.63,627.63,436.0,22.0,627.63
QQQ,2026-01-12 21:29:00+00:00,627.59,627.63,627.59,627.63,2322.0,37.0,627.619351
QQQ,2026-01-12 21:30:00+00:00,627.6,627.6,627.55,627.55,846.0,30.0,627.55807
QQQ,2026-01-12 21:31:00+00:00,627.55,627.55,627.52,627.55,1951.0,44.0,627.529721
QQQ,2026-01-12 21:32:00+00:00,627.52,627.56,627.52,627.55,391.0,23.0,627.546964
QQQ,2026-01-12 21:33:00+00:00,627.55,627.57,627.55,627.57,659.0,21.0,627.565145
QQQ,2026-01-12 21:36:00+00:00,627.54,627.54,627.52,627.52,275.0,24.0,627.52813
QQQ,2026-01-12 21:37:00+00:00,627.53,627.54,627.5,627.51,27004.0,113.0,627.514611
QQQ,2026-01-12 21:38:00+00:00,627.51,627.51,627.49,627.49,848.0,24.0,627.507143
QQQ,2026-01-12 21:39:00+00:00,627.46,627.47,627.46,627.46,1545.0,15.0,627.461069
QQQ,2026-01-12 21:40:00+00:00,627.52,627.54,627.51,627.51,2108.0,28.0,627.519061
QQQ,2026-01-12 21:41:00+00:00,627.49,627.49,627.49,627.49,327.0,15.0,627.49
QQQ,2026-01-12 21:42:00+00:00,627.53,627.5399,627.53,627.5399,299.0,18.0,627.535923
QQQ,2026-01-12 21:43:00+00:00,627.5,627.54,627.5,627.54,10438.0,116.0,627.531827
QQQ,2026-01-12 21:44:00+00:00,627.54,627.57,627.54,627.57,1244.0,30.0,627.565521
QQQ,2026-01-12 21:45:00+00:00,627.57,627.57,627.56,627.57,9997.0,55.0,627.562582
QQQ,2026-01-12 21:46:00+00:00,627.57,627.59,627.04,627.08,57597.0,404.0,627.225305
QQQ,2026-01-12 21:47:00+00:00,627.15,627.28,627.15,627.28,13047.0,99.0,627.233921
QQQ,2026-01-12 21:48:00+00:00,627.27,627.33,627.27,627.3007,1910.0,28.0,627.285247
QQQ,2026-01-12 21:49:00+00:00,627.27,627.37,627.04,627.04,19311.0,149.0,627.217321
QQQ,2026-01-12 21:50:00+00:00,627.04,627.0895,626.98,626.99,9628.0,129.0,627.036863
QQQ,2026-01-12 21:51:00+00:00,627.07,627.07,626.9,626.93,21811.0,167.0,626.961507
QQQ,2026-01-12 21:52:00+00:00,626.92,626.93,626.78,626.85,38994.0,232.0,626.823519
QQQ,2026-01-12 21:53:00+00:00,626.82,626.83,626.74,626.82,23124.0,119.0,626.786467
QQQ,2026-01-12 21:54:00+00:00,626.78,626.87,626.76,626.87,11009.0,86.0,626.789805
QQQ,2026-01-12 21:55:00+00:00,626.87,626.9,626.79,626.8,10486.0,96.0,626.845019
QQQ,2026-01-12 21:56:00+00:00,626.8,626.99,626.8,626.99,3474.0,52.0,626.886409
QQQ,2026-01-12 21:57:00+00:00,626.94,627.05,626.93,627.01,14880.0,81.0,626.980709
QQQ,2026-01-12 21:58:00+00:00,627.0,627.0,626.9301,626.9301,20229.0,89.0,626.969284
QQQ,2026-01-12 21:59:00+00:00,626.97,626.97,626.861,626.9,2489.0,46.0,626.905421
QQQ,2026-01-12 22:00:00+00:00,627.02,627.03,627.02,627.03,487.0,22.0,627.024852
QQQ,2026-01-12 22:01:00+00:00,626.96,626.96,626.96,626.96,141.0,14.0,626.96
QQQ,2026-01-12 22:02:00+00:00,627.01,627.01,626.99,626.99,489.0,11.0,626.997249
QQQ,2026-01-12 22:03:00+00:00,627.0,627.01,627.0,627.0,91673.0,14.0,627.006338
QQQ,2026-01-12 22:04:00+00:00,627.0,627.02,627.0,627.02,513.0,15.0,627.015
QQQ,2026-01-12 22:05:00+00:00,627.0,627.02,626.9712,626.9712,1333.0,25.0,627.007041
QQQ,2026-01-12 22:06:00+00:00,627.02,627.02,626.97,626.98,4128.0,60.0,627.000593
QQQ,2026-01-12 22:07:00+00:00,626.97,626.97,626.97,626.97,3132.0,57.0,626.97
QQQ,2026-01-12 22:08:00+00:00,626.97,627.02,626.96,627.02,2840.0,59.0,626.969481
QQQ,2026-01-12 22:09:00+00:00,627.17,627.17,626.97,627.02,19089.0,46.0,627.163939
QQQ,2026-01-12 22:10:00+00:00,626.98,627.02,626.98,627.02,306.0,22.0,627.011158
QQQ,2026-01-12 22:14:00+00:00,626.981,626.981,626.981,626.981,69.0,8.0,626.981
QQQ,2026-01-12 22:15:00+00:00,627.0199,627.05,626.99,627.02,3223.0,76.0,627.029012
QQQ,2026-01-12 22:16:00+00:00,627.02,627.02,627.02,627.02,583.0,34.0,627.02
QQQ,2026-01-12 22:17:00+00:00,627.01,627.02,627.01,627.02,723.0,18.0,627.019375
QQQ,2026-01-12 22:18:00+00:00,627.02,627.02,627.02,627.02,3385.0,67.0,627.02
QQQ,2026-01-12 22:19:00+00:00,627.03,627.03,627.0,627.0,2825.0,101.0,627.012428
QQQ,2026-01-12 22:20:00+00:00,626.99,627.0,626.96,627.0,889.0,40.0,626.994938
QQQ,2026-01-12 22:22:00+00:00,627.04,627.04,627.04,627.04,142.0,16.0,627.04
QQQ,2026-01-12 22:23:00+00:00,627.04,627.05,627.04,627.05,1886.0,27.0,627.046028
QQQ,2026-01-12 22:24:00+00:00,627.02,627.02,627.0,627.0,1530.0,17.0,627.006587
QQQ,2026-01-12 22:25:00+00:00,627.02,627.02,627.01,627.01,1117.0,24.0,627.019579
QQQ,2026-01-12 22:26:00+00:00,627.01,627.02,627.01,627.02,1883.0,28.0,627.019732
QQQ,2026-01-12 22:27:00+00:00,627.02,627.02,627.02,627.02,206.0,7.0,627.02
QQQ,2026-01-12 22:28:00+00:00,627.0103,627.03,627.0103,627.03,424.0,17.0,627.019289
QQQ,2026-01-12 22:29:00+00:00,627.05,627.05,627.02,627.03,615.0,20.0,627.038188
QQQ,2026-01-12 22:30:00+00:00,627.044,627.044,627.044,627.044,138.0,21.0,627.044
QQQ,2026-01-12 22:31:00+00:00,627.1,627.1,627.1,627.1,96.0,10.0,627.1
QQQ,2026-01-12 22:32:00+00:00,627.06,627.06,627.06,627.06,562.0,31.0,627.06
QQQ,2026-01-12 22:34:00+00:00,627.1,627.1,627.1,627.1,107.0,10.0,627.1
QQQ,2026-01-12 22:35:00+00:00,627.12,627.12,627.1,627.1,337.0,9.0,627.11
QQQ,2026-01-12 22:36:00+00:00,627.13,627.1691,627.13,627.1691,1234.0,22.0,627.165144
QQQ,2026-01-12 22:37:00+00:00,627.196,627.196,627.13,627.16,926.0,26.0,627.156171
QQQ,2026-01-12 22:38:00+00:00,627.16,627.16,627.16,627.16,80.0,19.0,627.16
QQQ,2026-01-12 22:39:00+00:00,627.1999,627.1999,627.1999,627.1999,478.0,4.0,627.1999
QQQ,2026-01-12 22:40:00+00:00,627.1934,627.1934,627.1934,627.1934,72.0,10.0,627.1934
QQQ,2026-01-12 22:41:00+00:00,627.1923,627.1923,627.1923,627.1923,75.0,9.0,627.1923
QQQ,2026-01-12 22:42:00+00:00,627.13,627.13,627.13,627.13,112.0,17.0,627.13
QQQ,2026-01-12 22:43:00+00:00,627.11,627.11,627.11,627.11,658.0,14.0,627.11
QQQ,2026-01-12 22:46:00+00:00,627.12,627.12,627.12,627.12,133.0,26.0,627.12
QQQ,2026-01-12 22:48:00+00:00,627.1364,627.1364,627.1364,627.1364,101.0,2.0,627.1364
QQQ,2026-01-12 22:49:00+00:00,627.14,627.14,627.14,627.14,123.0,12.0,627.14
QQQ,2026-01-12 22:52:00+00:00,627.1305,627.1305,627.1305,627.1305,102.0,13.0,627.1305
QQQ,2026-01-12 22:53:00+00:00,627.14,627.16,627.14,627.16,194.0,7.0,627.1475
QQQ,2026-01-12 22:54:00+00:00,627.16,627.1612,627.16,627.1612,448.0,29.0,627.160959
QQQ,2026-01-12 22:56:00+00:00,627.17,627.2,627.17,627.2,466.0,26.0,627.174286
QQQ,2026-01-12 22:57:00+00:00,627.19,627.19,627.19,627.19,95.0,25.0,627.19
QQQ,2026-01-12 22:58:00+00:00,627.13,627.13,627.13,627.13,140.0,26.0,627.13
QQQ,2026-01-12 22:59:00+00:00,627.19,627.2095,627.19,627.2095,486.0,39.0,627.196293
QQQ,2026-01-12 23:00:00+00:00,627.13,627.13,626.84,626.84,4732.0,89.0,626.903294
QQQ,2026-01-12 23:01:00+00:00,626.94,626.94,626.82,626.82,1820.0,61.0,626.847958
QQQ,2026-01-12 23:02:00+00:00,626.83,626.83,626.55,626.56,4747.0,84.0,626.67289
QQQ,2026-01-12 23:03:00+00:00,626.57,626.59,626.44,626.44,4388.0,59.0,626.489127
QQQ,2026-01-12 23:04:00+00:00,626.44,626.46,626.34,626.34,6778.0,59.0,626.404347
QQQ,2026-01-12 23:05:00+00:00,626.54,626.5899,626.54,626.5899,757.0,23.0,626.570672
QQQ,2026-01-12 23:06:00+00:00,626.59,626.59,626.5472,626.57,679.0,18.0,626.571805
QQQ,2026-01-12 23:07:00+00:00,626.51,626.5699,626.51,626.5699,721.0,26.0,626.534984
QQQ,2026-01-12 23:08:00+00:00,626.5,626.5,626.3799,626.3799,2412.0,30.0,626.412749
QQQ,2026-01-12 23:09:00+00:00,626.35,626.56,626.33,626.56,1530.0,22.0,626.457065
QQQ,2026-01-12 23:10:00+00:00,626.5596,626.5596,626.49,626.5,3223.0,17.0,626.498116
QQQ,2026-01-12 23:12:00+00:00,626.54,626.67,626.54,626.67,1458.0,32.0,626.633432
QQQ,2026-01-12 23:13:00+00:00,626.6712,626.6712,626.6712,626.6712,903.0,25.0,626.6712
QQQ,2026-01-12 23:14:00+00:00,626.6301,626.66,626.63,626.66,731.0,16.0,626.634623
QQQ,2026-01-12 23:15:00+00:00,626.63,626.7,626.63,626.7,1300.0,35.0,626.643112
QQQ,2026-01-12 23:16:00+00:00,626.79,626.79,626.79,626.79,159.0,23.0,626.79
QQQ,2026-01-12 23:17:00+00:00,626.8,626.8,626.8,626.8,10109.0,34.0,626.8
QQQ,2026-01-12 23:19:00+00:00,626.77,626.77,626.77,626.77,652.0,8.0,626.77
QQQ,2026-01-12 23:20:00+00:00,626.77,626.8,626.77,626.8,1125.0,32.0,626.788732
QQQ,2026-01-12 23:21:00+00:00,626.81,626.81,626.81,626.81,219.0,26.0,626.81
QQQ,2026-01-12 23:22:00+00:00,626.85,626.85,626.85,626.85,124.0,17.0,626.85
QQQ,2026-01-12 23:23:00+00:00,626.82,626.82,626.82,626.82,140.0,25.0,626.82
QQQ,2026-01-12 23:24:00+00:00,626.8,626.8,626.76,626.79,1093.0,33.0,626.782676
QQQ,2026-01-12 23:25:00+00:00,626.8,626.8,626.76,626.77,3185.0,32.0,626.773214
QQQ,2026-01-12 23:26:00+00:00,626.78,626.79,626.78,626.79,692.0,20.0,626.781515
QQQ,2026-01-12 23:27:00+00:00,626.72,626.72,626.72,626.72,186.0,20.0,626.72
QQQ,2026-01-12 23:28:00+00:00,626.689,626.689,626.689,626.689,202.0,36.0,626.689
QQQ,2026-01-12 23:29:00+00:00,626.65,626.65,626.64,626.64,2177.0,20.0,626.640361
QQQ,2026-01-12 23:30:00+00:00,626.6,626.6,626.6,626.6,278.0,24.0,626.6
QQQ,2026-01-12 23:31:00+00:00,626.5482,626.57,626.54,626.54,298.0,12.0,626.55964
QQQ,2026-01-12 23:33:00+00:00,626.64,626.64,626.64,626.64,643.0,21.0,626.64
QQQ,2026-01-12 23:35:00+00:00,626.67,626.7,626.67,626.7,695.0,11.0,626.682985
QQQ,2026-01-12 23:36:00+00:00,626.69,626.69,626.66,626.66,323.0,14.0,626.686129
QQQ,2026-01-12 23:37:00+00:00,626.61,626.64,626.56,626.56,7949.0,48.0,626.613885
QQQ,2026-01-12 23:38:00+00:00,626.6283,626.6283,626.6283,626.6283,103.0,4.0,626.6283
QQQ,2026-01-12 23:39:00+00:00,626.6,626.6,626.55,626.55,646.0,18.0,626.573913
QQQ,2026-01-12 23:40:00+00:00,626.51,626.54,626.32,626.35,5915.0,71.0,626.381358
QQQ,2026-01-12 23:41:00+00:00,626.34,626.38,626.34,626.38,1296.0,13.0,626.377677
QQQ,2026-01-12 23:42:00+00:00,626.48,626.48,626.42,626.42,1974.0,19.0,626.443051
QQQ,2026-01-12 23:43:00+00:00,626.42,626.42,626.4,626.401,624.0,16.0,626.407984
QQQ,2026-01-12 23:45:00+00:00,626.31,626.31,626.27,626.27,496.0,40.0,626.28
QQQ,2026-01-12 23:46:00+00:00,626.31,626.31,626.29,626.29,1053.0,26.0,626.303333
QQQ,2026-01-12 23:47:00+00:00,626.28,626.28,626.11,626.15,6534.0,72.0,626.19573
QQQ,2026-01-12 23:48:00+00:00,626.23,626.23,626.23,626.23,351.0,24.0,626.23
QQQ,2026-01-12 23:49:00+00:00,626.15,626.1568,626.05,626.08,1759.0,38.0,626.09858
QQQ,2026-01-12 23:50:00+00:00,626.0892,626.09,626.03,626.09,1822.0,38.0,626.075127
QQQ,2026-01-12 23:51:00+00:00,626.19,626.19,626.0001,626.07,3641.0,38.0,626.066981
QQQ,2026-01-12 23:52:00+00:00,626.06,626.06,626.029,626.029,557.0,20.0,626.054233
QQQ,2026-01-12 23:53:00+00:00,626.08,626.08,626.01,626.01,1481.0,37.0,626.028005
QQQ,2026-01-12 23:54:00+00:00,626.0,626.01,625.94,625.97,3259.0,88.0,625.98164
QQQ,2026-01-12 23:55:00+00:00,625.917,625.95,625.88,625.94,2921.0,50.0,625.911375
QQQ,2026-01-12 23:56:00+00:00,625.94,626.0,625.93,626.0,2239.0,28.0,625.989137
QQQ,2026-01-12 23:57:00+00:00,625.93,625.93,625.87,625.87,460.0,22.0,625.917481
QQQ,2026-01-12 23:58:00+00:00,625.92,625.92,625.86,625.88,1172.0,36.0,625.904081
QQQ,2026-01-12 23:59:00+00:00,625.83,625.91,625.83,625.86,2123.0,29.0,625.857433
QQQ,2026-01-13 00:00:00+00:00,625.8,625.8,625.74,625.74,3960.0,72.0,625.769038
QQQ,2026-01-13 00:01:00+00:00,625.69,625.89,625.6,625.89,3006.0,60.0,625.733726
QQQ,2026-01-13 00:02:00+00:00,625.9,625.9,625.77,625.87,10054.0,85.0,625.830889
QQQ,2026-01-13 00:03:00+00:00,625.83,625.87,625.83,625.8543,1425.0,23.0,625.836631
QQQ,2026-01-13 00:04:00+00:00,625.75,625.75,625.53,625.6373,3175.0,49.0,625.639086
QQQ,2026-01-13 00:05:00+00:00,625.76,625.76,625.72,625.75,5717.0,20.0,625.724239
QQQ,2026-01-13 00:06:00+00:00,625.6759,625.76,625.6759,625.76,2478.0,23.0,625.746496
QQQ,2026-01-13 00:07:00+00:00,625.74,625.74,625.73,625.73,224.0,15.0,625.735556
QQQ,2026-01-13 00:08:00+00:00,625.68,625.72,625.68,625.71,2543.0,22.0,625.686432
QQQ,2026-01-13 00:09:00+00:00,625.71,625.79,625.71,625.78,1226.0,22.0,625.738586
QQQ,2026-01-13 00:10:00+00:00,625.76,625.76,625.76,625.76,182.0,11.0,625.76
QQQ,2026-01-13 00:11:00+00:00,625.77,625.77,625.76,625.76,2552.0,20.0,625.768571
QQQ,2026-01-13 00:12:00+00:00,625.76,625.76,625.69,625.74,1265.0,32.0,625.750144
QQQ,2026-01-13 00:14:00+00:00,625.66,625.66,625.64,625.66,347.0,22.0,625.652593
QQQ,2026-01-13 00:15:00+00:00,625.75,625.75,625.75,625.75,194.0,15.0,625.75
QQQ,2026-01-13 00:16:00+00:00,625.77,625.7983,625.77,625.7983,326.0,16.0,625.775958
QQQ,2026-01-13 00:17:00+00:00,625.77,625.77,625.75,625.75,833.0,22.0,625.754812
QQQ,2026-01-13 00:18:00+00:00,625.7672,625.7672,625.7672,625.7672,258.0,10.0,625.7672
QQQ,2026-01-13 00:19:00+00:00,625.85,625.86,625.82,625.82,2302.0,26.0,625.844776
QQQ,2026-01-13 00:20:00+00:00,625.86,625.86,625.799,625.799,1120.0,13.0,625.819612
QQQ,2026-01-13 00:21:00+00:00,625.7801,625.8601,625.7801,625.86,438.0,16.0,625.839526
QQQ,2026-01-13 00:22:00+00:00,625.86,625.86,625.8118,625.8118,936.0,19.0,625.857165
QQQ,2026-01-13 00:23:00+00:00,625.82,625.83,625.82,625.83,280.0,14.0,625.825935
QQQ,2026-01-13 00:24:00+00:00,625.8,625.8,625.7783,625.7783,327.0,28.0,625.78732
QQQ,2026-01-13 00:25:00+00:00,625.75,625.79,625.69,625.69,547.0,20.0,625.73
QQQ,2026-01-13 00:26:00+00:00,625.74,625.74,625.74,625.74,173.0,16.0,625.74
QQQ,2026-01-13 00:27:00+00:00,625.7204,625.76,625.7201,625.75,899.0,21.0,625.750128
QQQ,2026-01-13 00:28:00+00:00,625.7,625.7,625.7,625.7,168.0,16.0,625.7
QQQ,2026-01-13 00:29:00+00:00,625.71,625.71,625.58,625.6,6041.0,47.0,625.590914
QQQ,2026-01-13 00:30:00+00:00,625.6,625.62,625.569,625.5692,1574.0,21.0,625.586837
QQQ,2026-01-13 00:31:00+00:00,625.58,625.58,625.5,625.5,4295.0,72.0,625.510447
QQQ,2026-01-13 00:32:00+00:00,625.5259,625.6,625.45,625.45,6076.0,37.0,625.586281
QQQ,2026-01-13 00:33:00+00:00,625.41,625.43,625.3409,625.43,2625.0,53.0,625.372859
QQQ,2026-01-13 00:34:00+00:00,625.47,625.48,625.4636,625.4698,1615.0,24.0,625.471718
QQQ,2026-01-13 00:35:00+00:00,625.4099,625.4984,625.3664,625.48,1522.0,25.0,625.465121
QQQ,2026-01-13 00:36:00+00:00,625.45,625.45,625.44,625.44,309.0,10.0,625.441534
QQQ,2026-01-13 00:37:00+00:00,625.41,625.43,625.41,625.43,1600.0,16.0,625.425984
QQQ,2026-01-13 00:38:00+00:00,625.42,625.42,625.42,625.42,954.0,26.0,625.42
QQQ,2026-01-13 00:39:00+00:00,625.38,625.38,625.3736,625.3736,1173.0,20.0,625.379771
QQQ,2026-01-13 00:40:00+00:00,625.37,625.48,625.37,625.46,3160.0,22.0,625.413914
QQQ,2026-01-13 00:41:00+00:00,625.37,625.38,625.36,625.37,1634.0,25.0,625.363725
QQQ,2026-01-13 00:42:00+00:00,625.4,625.41,625.35,625.38,2293.0,20.0,625.37817
QQQ,2026-01-13 00:43:00+00:00,625.4,625.44,625.4,625.4253,341.0,17.0,625.418532
QQQ,2026-01-13 00:44:00+00:00,625.43,625.43,625.41,625.41,1303.0,16.0,625.416844
QQQ,2026-01-13 00:45:00+00:00,625.4,625.5,625.38,625.49,1417.0,19.0,625.479489
QQQ,2026-01-13 00:46:00+00:00,625.52,625.52,625.5043,625.5043,2453.0,20.0,625.518088
QQQ,2026-01-13 00:47:00+00:00,625.509,625.509,625.46,625.46,5140.0,36.0,625.464655
QQQ,2026-01-13 00:48:00+00:00,625.52,625.53,625.48,625.53,791.0,19.0,625.515232
QQQ,2026-01-13 00:49:00+00:00,625.52,625.52,625.52,625.52,534.0,10.0,625.52
QQQ,2026-01-13 00:50:00+00:00,625.5,625.5,625.5,625.5,380.0,29.0,625.5
QQQ,2026-01-13 00:51:00+00:00,625.37,625.4,625.37,625.4,300.0,10.0,625.381494
QQQ,2026-01-13 00:52:00+00:00,625.38,625.38,625.35,625.35,1553.0,21.0,625.374502
QQQ,2026-01-13 00:53:00+00:00,625.33,625.33,625.33,625.33,117.0,15.0,625.33
QQQ,2026-01-13 00:54:00+00:00,625.41,625.42,625.41,625.42,200.0,19.0,625.415481
QQQ,2026-01-13 00:55:00+00:00,625.4,625.4,625.39,625.4,4776.0,20.0,625.391637
QQQ,2026-01-13 00:56:00+00:00,625.42,625.42,625.3601,625.39,1000.0,23.0,625.397885
QQQ,2026-01-13 00:57:00+00:00,625.3604,625.3885,625.308,625.31,2341.0,23.0,625.342343
QQQ,2026-01-13 00:58:00+00:00,625.33,625.45,625.33,625.45,20215.0,70.0,625.408428
QQQ,2026-01-13 00:59:00+00:00,625.45,625.4501,625.41,625.42,19805.0,84.0,625.448848
QQQ,2026-01-13 09:00:00+00:00,626.5,626.5,626.22,626.47,7312.0,110.0,626.357039
QQQ,2026-01-13 09:01:00+00:00,626.47,626.55,626.47,626.51,1222.0,24.0,626.505784
QQQ,2026-01-13 09:02:00+00:00,626.49,626.6,626.45,626.59,1575.0,33.0,626.50539
QQQ,2026-01-13 09:03:00+00:00,626.65,626.79,626.65,626.74,1637.0,36.0,626.730917
QQQ,2026-01-13 09:04:00+00:00,626.75,626.79,626.64,626.64,4904.0,77.0,626.745472
QQQ,2026-01-13 09:05:00+00:00,626.61,626.65,626.57,626.64,1376.0,29.0,626.609622
QQQ,2026-01-13 09:06:00+00:00,626.69,626.7,626.64,626.64,580.0,19.0,626.653759
QQQ,2026-01-13 09:07:00+00:00,626.6,626.63,626.6,626.63,1334.0,30.0,626.604291
QQQ,2026-01-13 09:08:00+00:00,626.62,626.65,626.61,626.62,933.0,21.0,626.62396
QQQ,2026-01-13 09:09:00+00:00,626.56,626.56,626.49,626.5,1853.0,45.0,626.513823
QQQ,2026-01-13 09:10:00+00:00,626.53,626.54,626.53,626.54,572.0,21.0,626.535274
QQQ,2026-01-13 09:11:00+00:00,626.57,626.61,626.52,626.61,2725.0,18.0,626.59274
QQQ,2026-01-13 09:12:00+00:00,626.64,626.73,626.64,626.73,2233.0,15.0,626.644744
QQQ,2026-01-13 09:13:00+00:00,626.7,626.72,626.7,626.7,1424.0,17.0,626.701104
QQQ,2026-01-13 09:14:00+00:00,626.71,626.73,626.71,626.73,145.0,6.0,626.724118
QQQ,2026-01-13 09:15:00+00:00,626.75,626.76,626.73,626.76,1336.0,32.0,626.75093
QQQ,2026-01-13 09:16:00+00:00,626.79,626.79,626.79,626.79,366.0,17.0,626.79
QQQ,2026-01-13 09:17:00+00:00,626.78,626.78,626.73,626.73,948.0,26.0,626.754278
QQQ,2026-01-13 09:18:00+00:00,626.83,626.93,626.83,626.84,2781.0,54.0,626.856902
QQQ,2026-01-13 09:19:00+00:00,626.88,626.88,626.83,626.83,275.0,8.0,626.855495
QQQ,2026-01-13 09:20:00+00:00,626.83,626.88,626.83,626.88,835.0,7.0,626.833988
QQQ,2026-01-13 09:21:00+00:00,626.91,626.91,626.78,626.8,1797.0,41.0,626.817537
QQQ,2026-01-13 09:22:00+00:00,626.8,626.9,626.8,626.84,4691.0,87.0,626.85039
QQQ,2026-01-13 09:23:00+00:00,626.84,626.84,626.75,626.75,1546.0,38.0,626.782924
QQQ,2026-01-13 09:24:00+00:00,626.73,626.73,626.69,626.71,1982.0,41.0,626.699279
QQQ,2026-01-13 09:25:00+00:00,626.71,626.71,626.71,626.71,329.0,8.0,626.71
QQQ,2026-01-13 09:26:00+00:00,626.68,626.76,626.68,626.76,431.0,15.0,626.714643
QQQ,2026-01-13 09:27:00+00:00,626.75,626.75,626.64,626.68,1218.0,37.0,626.680263
QQQ,2026-01-13 09:28:00+00:00,626.68,626.74,626.68,626.73,2184.0,37.0,626.720691
QQQ,2026-01-13 09:29:00+00:00,626.68,626.69,626.67,626.68,1114.0,30.0,626.679605
QQQ,2026-01-13 09:30:00+00:00,626.63,626.67,626.61,626.63,1866.0,38.0,626.641476
QQQ,2026-01-13 09:31:00+00:00,626.68,626.69,626.68,626.69,411.0,19.0,626.687253
QQQ,2026-01-13 09:32:00+00:00,626.71,626.71,626.71,626.71,850.0,18.0,626.71
QQQ,2026-01-13 09:33:00+00:00,626.69,626.69,626.66,626.66,631.0,24.0,626.668214
QQQ,2026-01-13 09:34:00+00:00,626.62,626.67,626.62,626.67,1282.0,23.0,626.636912
QQQ,2026-01-13 09:35:00+00:00,626.67,626.67,626.57,626.57,1074.0,36.0,626.592099
QQQ,2026-01-13 09:36:00+00:00,626.57,626.57,626.46,626.46,1373.0,36.0,626.49199
QQQ,2026-01-13 09:37:00+00:00,626.45,626.53,626.45,626.46,2031.0,36.0,626.504856
QQQ,2026-01-13 09:38:00+00:00,626.51,626.52,626.5,626.5,904.0,23.0,626.512846
QQQ,2026-01-13 09:39:00+00:00,626.55,626.55,626.46,626.47,1374.0,46.0,626.492262
QQQ,2026-01-13 09:40:00+00:00,626.48,626.48,626.45,626.47,1444.0,35.0,626.468974
QQQ,2026-01-13 09:41:00+00:00,626.44,626.44,626.42,626.42,308.0,6.0,626.433846
QQQ,2026-01-13 09:42:00+00:00,626.39,626.41,626.28,626.28,1892.0,51.0,626.338192
QQQ,2026-01-13 09:43:00+00:00,626.24,626.24,626.03,626.03,1862.0,61.0,626.143731
QQQ,2026-01-13 09:44:00+00:00,626.05,626.05,625.94,626.05,1699.0,53.0,625.988664
QQQ,2026-01-13 09:45:00+00:00,626.04,626.07,626.04,626.05,576.0,27.0,626.057039
QQQ,2026-01-13 09:46:00+00:00,626.06,626.09,626.02,626.08,2395.0,38.0,626.054094
QQQ,2026-01-13 09:47:00+00:00,626.17,626.25,626.17,626.18,2551.0,57.0,626.195879
QQQ,2026-01-13 09:48:00+00:00,626.25,626.28,626.25,626.28,1894.0,13.0,626.27918
QQQ,2026-01-13 09:49:00+00:00,626.32,626.32,626.26,626.26,1376.0,25.0,626.306949
QQQ,2026-01-13 09:52:00+00:00,626.32,626.43,626.32,626.43,391.0,22.0,626.387692
QQQ,2026-01-13 09:53:00+00:00,626.42,626.42,626.38,626.38,493.0,14.0,626.39947
QQQ,2026-01-13 09:55:00+00:00,626.27,626.3,626.27,626.3,548.0,21.0,626.293239
QQQ,2026-01-13 09:56:00+00:00,626.37,626.37,626.31,626.31,1596.0,19.0,626.322957
QQQ,2026-01-13 09:57:00+00:00,626.33,626.35,626.33,626.35,370.0,12.0,626.343913
QQQ,2026-01-13 09:58:00+00:00,626.4,626.4,626.4,626.4,321.0,7.0,626.4
QQQ,2026-01-13 09:59:00+00:00,626.39,626.39,626.36,626.36,560.0,16.0,626.384419
QQQ,2026-01-13 10:00:00+00:00,626.36,626.38,626.36,626.38,747.0,26.0,626.372291
QQQ,2026-01-13 10:02:00+00:00,626.3,626.4,626.3,626.4,135.0,4.0,626.345455
QQQ,2026-01-13 10:03:00+00:00,626.4,626.42,626.36,626.36,3813.0,92.0,626.394556
QQQ,2026-01-13 10:04:00+00:00,626.29,626.29,626.22,626.22,725.0,35.0,626.253158
QQQ,2026-01-13 10:05:00+00:00,626.1,626.13,626.1,626.13,1118.0,32.0,626.111523
QQQ,2026-01-13 10:06:00+00:00,626.12,626.12,626.09,626.09,131.0,4.0,626.105149
QQQ,2026-01-13 10:07:00+00:00,626.09,626.09,626.04,626.04,750.0,18.0,626.069347
QQQ,2026-01-13 10:08:00+00:00,626.05,626.06,626.03,626.06,1148.0,19.0,626.049796
QQQ,2026-01-13 10:09:00+00:00,626.04,626.04,625.97,625.99,2622.0,68.0,626.011235
QQQ,2026-01-13 10:10:00+00:00,625.85,625.89,625.79,625.89,1722.0,54.0,625.870043
QQQ,2026-01-13 10:11:00+00:00,625.89,625.99,625.89,625.99,1690.0,41.0,625.975488
QQQ,2026-01-13 10:12:00+00:00,626.03,626.06,625.99,625.99,1051.0,22.0,626.019465
QQQ,2026-01-13 10:13:00+00:00,625.93,625.93,625.92,625.92,1214.0,38.0,625.927851
QQQ,2026-01-13 10:14:00+00:00,625.73,625.73,625.54,625.54,2133.0,47.0,625.713636
QQQ,2026-01-13 10:15:00+00:00,625.57,625.6,625.44,625.49,1802.0,49.0,625.507734
QQQ,2026-01-13 10:16:00+00:00,625.53,625.53,625.48,625.48,4634.0,56.0,625.501542
QQQ,2026-01-13 10:17:00+00:00,625.47,625.58,625.46,625.55,3318.0,28.0,625.469013
QQQ,2026-01-13 10:18:00+00:00,625.61,625.66,625.61,625.64,915.0,29.0,625.64362
QQQ,2026-01-13 10:19:00+00:00,625.67,625.67,625.61,625.65,3018.0,41.0,625.647258
QQQ,2026-01-13 10:20:00+00:00,625.7,625.76,625.7,625.75,1991.0,38.0,625.729269
QQQ,2026-01-13 10:21:00+00:00,625.74,625.74,625.74,625.74,175.0,13.0,625.74
QQQ,2026-01-13 10:22:00+00:00,625.72,625.72,625.69,625.69,324.0,12.0,625.698889
QQQ,2026-01-13 10:23:00+00:00,625.68,625.75,625.62,625.75,822.0,30.0,625.686299
QQQ,2026-01-13 10:24:00+00:00,625.72,625.8,625.72,625.8,979.0,20.0,625.753256
QQQ,2026-01-13 10:25:00+00:00,625.71,625.71,625.71,625.71,253.0,12.0,625.71
QQQ,2026-01-13 10:26:00+00:00,625.78,625.78,625.7,625.7,657.0,14.0,625.707273
QQQ,2026-01-13 10:28:00+00:00,625.67,625.68,625.66,625.66,376.0,9.0,625.670239
QQQ,2026-01-13 10:30:00+00:00,625.66,625.77,625.66,625.77,361.0,14.0,625.708889
QQQ,2026-01-13 10:32:00+00:00,625.76,625.76,625.75,625.76,451.0,10.0,625.758834
QQQ,2026-01-13 10:34:00+00:00,625.81,625.81,625.79,625.79,163.0,8.0,625.802308
QQQ,2026-01-13 10:35:00+00:00,625.76,625.77,625.76,625.76,534.0,13.0,625.76499
QQQ,2026-01-13 10:36:00+00:00,625.81,625.84,625.79,625.84,936.0,16.0,625.805136
QQQ,2026-01-13 10:37:00+00:00,625.86,625.92,625.86,625.92,284.0,9.0,625.908
QQQ,2026-01-13 10:38:00+00:00,625.98,625.99,625.98,625.99,758.0,12.0,625.981418
QQQ,2026-01-13 10:39:00+00:00,625.97,625.97,625.93,625.93,1027.0,15.0,625.965349
QQQ,2026-01-13 10:40:00+00:00,625.92,625.92,625.92,625.92,139.0,11.0,625.92
QQQ,2026-01-13 10:41:00+00:00,625.9,625.9,625.8,625.8,604.0,17.0,625.84851
QQQ,2026-01-13 10:42:00+00:00,625.78,625.78,625.7,625.7,2078.0,51.0,625.743748
QQQ,2026-01-13 10:43:00+00:00,625.7,625.7,625.7,625.7,147.0,10.0,625.7
QQQ,2026-01-13 10:44:00+00:00,625.66,625.66,625.66,625.66,552.0,18.0,625.66
QQQ,2026-01-13 10:47:00+00:00,625.74,625.74,625.68,625.68,210.0,9.0,625.716378
QQQ,2026-01-13 10:49:00+00:00,625.64,625.64,625.64,625.64,59.0,6.0,625.64
QQQ,2026-01-13 10:50:00+00:00,625.64,625.64,625.61,625.62,1344.0,36.0,625.620927
QQQ,2026-01-13 10:51:00+00:00,625.69,625.69,625.69,625.69,207.0,6.0,625.69
QQQ,2026-01-13 10:52:00+00:00,625.76,625.76,625.65,625.65,1018.0,18.0,625.743355
QQQ,2026-01-13 10:53:00+00:00,625.62,625.62,625.6,625.6,268.0,19.0,625.605882
QQQ,2026-01-13 10:54:00+00:00,625.6,625.6,625.58,625.59,205.0,7.0,625.59
QQQ,2026-01-13 10:55:00+00:00,625.55,625.63,625.55,625.63,2415.0,56.0,625.563339
QQQ,2026-01-13 10:56:00+00:00,625.56,625.57,625.56,625.56,618.0,14.0,625.56632
QQQ,2026-01-13 10:57:00+00:00,625.57,625.59,625.54,625.57,743.0,16.0,625.570773
QQQ,2026-01-13 10:58:00+00:00,625.55,625.57,625.55,625.55,243.0,9.0,625.56
QQQ,2026-01-13 10:59:00+00:00,625.56,625.56,625.52,625.54,659.0,19.0,625.535772
QQQ,2026-01-13 11:00:00+00:00,625.64,625.64,625.55,625.58,1201.0,31.0,625.602432
QQQ,2026-01-13 11:01:00+00:00,625.6,625.6,625.56,625.56,662.0,13.0,625.586988
QQQ,2026-01-13 11:02:00+00:00,625.52,625.61,625.52,625.61,836.0,20.0,625.581812
QQQ,2026-01-13 11:03:00+00:00,625.68,625.72,625.68,625.72,972.0,20.0,625.69875
QQQ,2026-01-13 11:04:00+00:00,625.68,625.68,625.68,625.68,84.0,5.0,625.68
QQQ,2026-01-13 11:05:00+00:00,625.68,625.68,625.68,625.68,293.0,16.0,625.68
QQQ,2026-01-13 11:06:00+00:00,625.81,625.81,625.81,625.81,220.0,10.0,625.81
QQQ,2026-01-13 11:07:00+00:00,625.9,625.96,625.9,625.96,671.0,16.0,625.945985
QQQ,2026-01-13 11:08:00+00:00,625.96,625.98,625.95,625.98,814.0,18.0,625.970188
QQQ,2026-01-13 11:09:00+00:00,625.94,625.96,625.94,625.94,1630.0,35.0,625.947177
QQQ,2026-01-13 11:10:00+00:00,625.94,625.94,625.9,625.9,610.0,14.0,625.912927
QQQ,2026-01-13 11:12:00+00:00,625.82,625.82,625.82,625.82,218.0,9.0,625.82
QQQ,2026-01-13 11:14:00+00:00,625.73,625.73,625.71,625.71,1138.0,22.0,625.727978
QQQ,2026-01-13 11:15:00+00:00,625.69,625.71,625.69,625.7,599.0,11.0,625.70134
QQQ,2026-01-13 11:16:00+00:00,625.65,625.65,625.65,625.65,121.0,4.0,625.65
QQQ,2026-01-13 11:20:00+00:00,625.78,625.8,625.78,625.8,270.0,9.0,625.789958
QQQ,2026-01-13 11:21:00+00:00,625.76,625.82,625.76,625.82,352.0,16.0,625.796058
QQQ,2026-01-13 11:22:00+00:00,625.84,625.9,625.84,625.9,956.0,28.0,625.889209
QQQ,2026-01-13 11:23:00+00:00,625.91,625.91,625.86,625.86,226.0,17.0,625.881978
QQQ,2026-01-13 11:24:00+00:00,625.79,625.88,625.73,625.88,1095.0,27.0,625.772423
QQQ,2026-01-13 11:26:00+00:00,625.79,625.8,625.79,625.8,260.0,7.0,625.79578
QQQ,2026-01-13 11:28:00+00:00,625.85,625.85,625.85,625.85,252.0,7.0,625.85
QQQ,2026-01-13 11:29:00+00:00,625.81,625.81,625.79,625.79,1910.0,24.0,625.800153
QQQ,2026-01-13 11:30:00+00:00,625.79,625.79,625.64,625.64,513.0,22.0,625.694678
QQQ,2026-01-13 11:31:00+00:00,625.67,625.67,625.63,625.63,718.0,15.0,625.665922
QQQ,2026-01-13 11:32:00+00:00,625.6,625.6,625.56,625.58,790.0,29.0,625.583074
QQQ,2026-01-13 11:33:00+00:00,625.59,625.6,625.4,625.4,2264.0,72.0,625.537611
QQQ,2026-01-13 11:34:00+00:00,625.44,625.45,625.41,625.45,900.0,32.0,625.426221
QQQ,2026-01-13 11:35:00+00:00,625.44,625.45,625.42,625.43,1972.0,34.0,625.43216
QQQ,2026-01-13 11:36:00+00:00,625.44,625.47,625.43,625.44,628.0,19.0,625.450092
QQQ,2026-01-13 11:37:00+00:00,625.43,625.47,625.43,625.47,428.0,16.0,625.452734
QQQ,2026-01-13 11:38:00+00:00,625.53,625.53,625.53,625.53,122.0,6.0,625.53
QQQ,2026-01-13 11:39:00+00:00,625.58,625.62,625.58,625.58,1167.0,29.0,625.603379
QQQ,2026-01-13 11:40:00+00:00,625.58,625.62,625.58,625.62,654.0,10.0,625.601538
QQQ,2026-01-13 11:41:00+00:00,625.63,625.69,625.62,625.69,1610.0,30.0,625.640514
QQQ,2026-01-13 11:42:00+00:00,625.72,625.72,625.63,625.72,2402.0,39.0,625.684654
QQQ,2026-01-13 11:43:00+00:00,625.62,625.62,625.62,625.62,292.0,18.0,625.62
QQQ,2026-01-13 11:44:00+00:00,625.62,625.64,625.46,625.46,2173.0,47.0,625.570039
QQQ,2026-01-13 11:45:00+00:00,625.61,625.61,625.61,625.61,270.0,9.0,625.61
QQQ,2026-01-13 11:46:00+00:00,625.65,625.65,625.65,625.65,154.0,5.0,625.65
QQQ,2026-01-13 11:47:00+00:00,625.57,625.57,625.57,625.57,193.0,14.0,625.57
QQQ,2026-01-13 11:48:00+00:00,625.58,625.63,625.52,625.6,7710.0,151.0,625.566946
QQQ,2026-01-13 11:49:00+00:00,625.59,625.63,625.59,625.6,1505.0,23.0,625.602506
QQQ,2026-01-13 11:50:00+00:00,625.58,625.59,625.58,625.59,868.0,33.0,625.58905
QQQ,2026-01-13 11:51:00+00:00,625.63,625.74,625.56,625.56,712.0,19.0,625.680549
QQQ,2026-01-13 11:52:00+00:00,625.54,625.54,625.53,625.54,736.0,23.0,625.5375
QQQ,2026-01-13 11:53:00+00:00,625.6,625.6,625.6,625.6,70.0,5.0,625.6
QQQ,2026-01-13 11:54:00+00:00,625.67,625.9,625.67,625.83,14425.0,180.0,625.828745
QQQ,2026-01-13 11:55:00+00:00,625.83,626.0,625.83,626.0,2026.0,47.0,625.942738
QQQ,2026-01-13 11:56:00+00:00,625.99,626.02,625.97,626.02,2688.0,44.0,626.00652
QQQ,2026-01-13 11:57:00+00:00,626.0,626.03,625.95,626.0,2292.0,52.0,626.004756
QQQ,2026-01-13 11:58:00+00:00,626.02,626.02,626.02,626.02,424.0,7.0,626.02
QQQ,2026-01-13 11:59:00+00:00,626.05,626.06,626.03,626.03,445.0,18.0,626.049187
QQQ,2026-01-13 12:00:00+00:00,626.11,626.11,625.86,625.93,7458.0,87.0,625.916948
QQQ,2026-01-13 12:01:00+00:00,625.93,626.09,625.86,626.09,1198.0,25.0,625.971875
QQQ,2026-01-13 12:02:00+00:00,626.11,626.17,626.09,626.15,1837.0,43.0,626.144138
QQQ,2026-01-13 12:03:00+00:00,626.15,626.16,625.99,625.99,1643.0,48.0,626.08864
QQQ,2026-01-13 12:04:00+00:00,626.0,626.04,625.99,626.04,950.0,16.0,626.005368
QQQ,2026-01-13 12:05:00+00:00,626.03,626.14,626.03,626.14,2952.0,35.0,626.133091
QQQ,2026-01-13 12:06:00+00:00,626.14,626.19,626.06,626.06,4142.0,32.0,626.129524
QQQ,2026-01-13 12:07:00+00:00,626.07,626.11,626.07,626.07,286.0,13.0,626.08658
QQQ,2026-01-13 12:08:00+00:00,626.07,626.08,626.03,626.051,785.0,26.0,626.054595
QQQ,2026-01-13 12:09:00+00:00,626.069,626.15,626.069,626.15,793.0,24.0,626.112758
QQQ,2026-01-13 12:10:00+00:00,626.18,626.27,626.16,626.23,1332.0,43.0,626.223083
QQQ,2026-01-13 12:11:00+00:00,626.26,626.27,626.15,626.15,546.0,27.0,626.238235
QQQ,2026-01-13 12:12:00+00:00,626.23,626.23,626.23,626.23,482.0,29.0,626.23
QQQ,2026-01-13 12:13:00+00:00,626.14,626.22,626.14,626.17,365.0,21.0,626.174286
QQQ,2026-01-13 12:14:00+00:00,626.22,626.25,626.18,626.21,6435.0,76.0,626.210959
QQQ,2026-01-13 12:15:00+00:00,626.16,626.34,626.16,626.34,1131.0,35.0,626.288645
QQQ,2026-01-13 12:16:00+00:00,626.34,626.41,626.27,626.279,4123.0,76.0,626.321822
QQQ,2026-01-13 12:17:00+00:00,626.24,626.24,626.23,626.24,653.0,29.0,626.238688
QQQ,2026-01-13 12:18:00+00:00,626.22,626.22,626.18,626.18,1323.0,44.0,626.199787
QQQ,2026-01-13 12:19:00+00:00,626.17,626.25,626.17,626.24,1369.0,27.0,626.222338
QQQ,2026-01-13 12:20:00+00:00,626.27,626.27,626.24,626.26,1217.0,46.0,626.261171
QQQ,2026-01-13 12:21:00+00:00,626.3,626.35,626.3,626.35,2653.0,79.0,626.322139
QQQ,2026-01-13 12:22:00+00:00,626.34,626.36,626.31,626.33,4021.0,47.0,626.332198
QQQ,2026-01-13 12:23:00+00:00,626.31,626.33,626.27,626.31,3068.0,74.0,626.293725
QQQ,2026-01-13 12:24:00+00:00,626.31,626.34,626.31,626.33,2405.0,48.0,626.32405
QQQ,2026-01-13 12:25:00+00:00,626.32,626.37,626.25,626.37,3098.0,88.0,626.276593
QQQ,2026-01-13 12:26:00+00:00,626.36,626.36,626.36,626.36,639.0,19.0,626.36
QQQ,2026-01-13 12:27:00+00:00,626.4,626.43,626.4,626.4,1517.0,49.0,626.408887
QQQ,2026-01-13 12:28:00+00:00,626.43,626.46,626.42,626.42,698.0,25.0,626.443505
QQQ,2026-01-13 12:29:00+00:00,626.49,626.5,626.47,626.47,672.0,28.0,626.487333
QQQ,2026-01-13 12:30:00+00:00,626.44,626.48,626.35,626.35,6347.0,99.0,626.428654
QQQ,2026-01-13 12:31:00+00:00,626.35,626.4,626.35,626.4,1291.0,51.0,626.373146
QQQ,2026-01-13 12:32:00+00:00,626.33,626.38,626.33,626.38,468.0,24.0,626.3584
QQQ,2026-01-13 12:33:00+00:00,626.37,626.48,626.36,626.44,1131.0,43.0,626.434783
QQQ,2026-01-13 12:34:00+00:00,626.37,626.37,626.36,626.36,730.0,38.0,626.367813
QQQ,2026-01-13 12:35:00+00:00,626.4,626.42,626.39,626.4,1178.0,41.0,626.405957
QQQ,2026-01-13 12:36:00+00:00,626.37,626.41,626.37,626.41,366.0,19.0,626.392158
QQQ,2026-01-13 12:37:00+00:00,626.4,626.4,626.38,626.4,595.0,27.0,626.397576
QQQ,2026-01-13 12:38:00+00:00,626.4,626.42,626.4,626.42,330.0,20.0,626.408163
QQQ,2026-01-13 12:39:00+00:00,626.45,626.52,626.45,626.48,1375.0,57.0,626.494743
QQQ,2026-01-13 12:40:00+00:00,626.43,626.49,626.43,626.46,1030.0,36.0,626.47327
QQQ,2026-01-13 12:41:00+00:00,626.42,626.48,626.42,626.48,407.0,25.0,626.449849
QQQ,2026-01-13 12:42:00+00:00,626.47,626.5,626.45,626.47,1173.0,38.0,626.471619
QQQ,2026-01-13 12:43:00+00:00,626.46,626.46,626.43,626.45,9485.0,71.0,626.449743
QQQ,2026-01-13 12:44:00+00:00,626.44,626.48,626.44,626.47,359.0,23.0,626.468947
QQQ,2026-01-13 12:45:00+00:00,626.46,626.49,626.46,626.49,752.0,40.0,626.473793
QQQ,2026-01-13 12:46:00+00:00,626.45,626.48,626.449,626.48,12622.0,101.0,626.450595
QQQ,2026-01-13 12:47:00+00:00,626.4,626.42,626.39,626.39,2426.0,58.0,626.401852
QQQ,2026-01-13 12:48:00+00:00,626.39,626.409,626.37,626.39,3900.0,71.0,626.379904
QQQ,2026-01-13 12:49:00+00:00,626.36,626.36,626.33,626.33,1142.0,31.0,626.358687
QQQ,2026-01-13 12:50:00+00:00,626.31,626.42,626.3,626.42,10849.0,109.0,626.40975
QQQ,2026-01-13 12:51:00+00:00,626.38,626.42,626.21,626.27,28895.0,289.0,626.357311
QQQ,2026-01-13 12:52:00+00:00,626.27,626.35,626.27,626.35,1793.0,50.0,626.311062
QQQ,2026-01-13 12:53:00+00:00,626.29,626.33,626.28,626.33,988.0,49.0,626.290658
QQQ,2026-01-13 12:54:00+00:00,626.31,626.31,626.15,626.15,4931.0,100.0,626.184874
QQQ,2026-01-13 12:55:00+00:00,626.11,626.12,625.98,625.98,5809.0,131.0,626.019854
QQQ,2026-01-13 12:56:00+00:00,625.95,625.95,625.88,625.9,9379.0,124.0,625.911347
QQQ,2026-01-13 12:57:00+00:00,625.93,625.99,625.9,625.99,1371.0,37.0,625.935377
QQQ,2026-01-13 12:58:00+00:00,626.0,626.01,625.83,625.83,2429.0,65.0,625.91318
QQQ,2026-01-13 12:59:00+00:00,625.83,626.0,625.83,625.95,3504.0,57.0,625.909212
QQQ,2026-01-13 13:00:00+00:00,626.06,626.87,625.42,625.98,96472.0,2813.0,626.199725
QQQ,2026-01-13 13:01:00+00:00,626.0,626.64,625.62,626.07,5235.0,413.0,625.879278
QQQ,2026-01-13 13:02:00+00:00,626.0701,626.88,626.07,626.16,2739.0,100.0,626.12766
QQQ,2026-01-13 13:03:00+00:00,626.3,626.46,626.05,626.18,1550.0,92.0,626.248331
QQQ,2026-01-13 13:04:00+00:00,626.2,626.23,626.2,626.23,1350.0,24.0,626.213916
QQQ,2026-01-13 13:05:00+00:00,626.25,626.25,626.11,626.1201,2735.0,108.0,626.195029
QQQ,2026-01-13 13:06:00+00:00,626.16,626.16,626.15,626.15,476.0,19.0,626.15493
QQQ,2026-01-13 13:07:00+00:00,626.23,626.2547,626.21,626.2547,989.0,33.0,626.241447
QQQ,2026-01-13 13:08:00+00:00,626.24,626.24,626.23,626.23,465.0,36.0,626.237207
QQQ,2026-01-13 13:09:00+00:00,626.2,626.2,626.15,626.15,339.0,41.0,626.166667
QQQ,2026-01-13 13:10:00+00:00,626.16,626.23,626.1429,626.18,5164.0,98.0,626.187983
QQQ,2026-01-13 13:11:00+00:00,626.1801,626.28,626.12,626.28,4800.0,108.0,626.218866
QQQ,2026-01-13 13:12:00+00:00,626.25,626.25,626.11,626.115,3338.0,71.0,626.15862
QQQ,2026-01-13 13:13:00+00:00,626.09,626.135,626.07,626.08,5229.0,68.0,626.078812
QQQ,2026-01-13 13:14:00+00:00,626.05,626.08,626.04,626.06,1425.0,48.0,626.063705
QQQ,2026-01-13 13:15:00+00:00,626.09,626.1,625.94,625.96,2855.0,106.0,625.982804
QQQ,2026-01-13 13:16:00+00:00,625.97,625.98,625.87,625.97,3208.0,101.0,625.934828
QQQ,2026-01-13 13:17:00+00:00,625.97,626.0,625.91,625.93,1641.0,62.0,625.950645
QQQ,2026-01-13 13:18:00+00:00,625.9,625.97,625.89,625.9,17405.0,131.0,625.915056
QQQ,2026-01-13 13:19:00+00:00,625.92,625.92,625.8,625.88,5444.0,153.0,625.870122
QQQ,2026-01-13 13:20:00+00:00,625.89,625.93,625.77,625.81,6598.0,204.0,625.832469
QQQ,2026-01-13 13:21:00+00:00,625.82,626.0,625.77,625.78,5225.0,157.0,625.865199
QQQ,2026-01-13 13:22:00+00:00,625.8,625.96,625.8,625.95,7535.0,121.0,625.913923
QQQ,2026-01-13 13:23:00+00:00,625.9302,625.99,625.81,625.8407,7152.0,173.0,625.860296
QQQ,2026-01-13 13:24:00+00:00,625.84,625.89,625.81,625.87,4989.0,123.0,625.847149
QQQ,2026-01-13 13:25:00+00:00,625.84,625.98,625.82,625.95,4342.0,79.0,625.901803
QQQ,2026-01-13 13:26:00+00:00,625.98,626.17,625.94,626.17,21682.0,336.0,626.082536
QQQ,2026-01-13 13:27:00+00:00,626.17,626.17,626.07,626.07,4672.0,120.0,626.123251
QQQ,2026-01-13 13:28:00+00:00,626.07,626.18,626.04,626.18,9816.0,193.0,626.092372
QQQ,2026-01-13 13:29:00+00:00,626.2,626.34,626.15,626.34,4107.0,99.0,626.2666
QQQ,2026-01-13 13:30:00+00:00,626.4,628.64,626.4,628.58,123733.0,2242.0,627.948485
QQQ,2026-01-13 13:31:00+00:00,628.55,629.5,628.31,629.2901,103354.0,1082.0,628.737121
QQQ,2026-01-13 13:32:00+00:00,629.29,629.51,629.16,629.39,73063.0,902.0,629.366808
QQQ,2026-01-13 13:33:00+00:00,629.3409,629.42,628.57,628.81,81158.0,885.0,628.976184
QQQ,2026-01-13 13:34:00+00:00,628.83,628.9,628.52,628.83,22512.0,370.0,628.702735
QQQ,2026-01-13 13:35:00+00:00,628.831,629.2602,628.74,629.05,48713.0,564.0,628.992078
QQQ,2026-01-13 13:36:00+00:00,629.0,629.01,628.57,628.6,32710.0,384.0,628.699699
QQQ,2026-01-13 13:37:00+00:00,628.56,628.64,628.19,628.42,41718.0,449.0,628.363571
QQQ,2026-01-13 13:38:00+00:00,628.47,628.47,627.8905,627.94,35835.0,416.0,628.118203
QQQ,2026-01-13 13:39:00+00:00,627.94,628.16,627.67,627.97,42932.0,459.0,627.938527
QQQ,2026-01-13 13:40:00+00:00,628.02,628.27,628.02,628.21,20205.0,226.0,628.137464
QQQ,2026-01-13 13:41:00+00:00,628.27,628.37,628.1,628.33,24064.0,296.0,628.214791
QQQ,2026-01-13 13:42:00+00:00,628.34,628.44,628.2053,628.22,26853.0,331.0,628.30653
QQQ,2026-01-13 13:43:00+00:00,628.2096,628.4,628.12,628.37,18106.0,162.0,628.237151
QQQ,2026-01-13 13:44:00+00:00,628.39,628.5001,628.25,628.25,14510.0,212.0,628.357952
QQQ,2026-01-13 13:45:00+00:00,628.17,628.25,628.06,628.11,14965.0,187.0,628.176474
QQQ,2026-01-13 13:46:00+00:00,628.1,628.1,627.9,627.95,21677.0,253.0,627.967631
QQQ,2026-01-13 13:47:00+00:00,627.96,628.02,627.62,627.91,14842.0,188.0,627.795539
QQQ,2026-01-13 13:48:00+00:00,627.87,627.93,627.74,627.87,19099.0,195.0,627.848921
QQQ,2026-01-13 13:49:00+00:00,627.85,627.85,627.66,627.79,10049.0,179.0,627.760489
QQQ,2026-01-13 13:50:00+00:00,627.85,627.9401,627.79,627.89,13705.0,183.0,627.880039
QQQ,2026-01-13 13:51:00+00:00,627.9,627.9,627.52,627.52,5902.0,135.0,627.761837
QQQ,2026-01-13 13:52:00+00:00,627.52,627.52,627.1499,627.21,36402.0,464.0,627.281093
QQQ,2026-01-13 13:53:00+00:00,627.2,627.54,627.17,627.54,19602.0,245.0,627.348448
QQQ,2026-01-13 13:54:00+00:00,627.52,627.68,627.46,627.65,7570.0,168.0,627.584755
QQQ,2026-01-13 13:55:00+00:00,627.63,627.66,627.42,627.46,8679.0,168.0,627.560027
QQQ,2026-01-13 13:56:00+00:00,627.44,627.49,627.24,627.49,16713.0,186.0,627.30624
QQQ,2026-01-13 13:57:00+00:00,627.57,627.66,627.44,627.48,15886.0,209.0,627.578851
QQQ,2026-01-13 13:58:00+00:00,627.57,627.76,627.57,627.76,6953.0,135.0,627.700255
QQQ,2026-01-13 13:59:00+00:00,627.74,627.79,627.71,627.75,5800.0,107.0,627.735733
QQQ,2026-01-13 14:00:00+00:00,627.75,627.78,627.52,627.72,4128.0,99.0,627.717287
QQQ,2026-01-13 14:01:00+00:00,627.71,627.78,627.71,627.78,10086.0,173.0,627.736683
QQQ,2026-01-13 14:02:00+00:00,627.78,627.78,627.65,627.69,5245.0,100.0,627.725599
QQQ,2026-01-13 14:03:00+00:00,627.7,627.71,627.62,627.68,3148.0,80.0,627.663811
QQQ,2026-01-13 14:04:00+00:00,627.75,627.8,627.72,627.79,2425.0,80.0,627.763532
QQQ,2026-01-13 14:05:00+00:00,627.79,627.82,627.66,627.72,4775.0,126.0,627.748387
QQQ,2026-01-13 14:06:00+00:00,627.75,627.75,627.67,627.71,1718.0,56.0,627.705447
QQQ,2026-01-13 14:07:00+00:00,627.71,627.73,627.68,627.73,4164.0,90.0,627.69313
QQQ,2026-01-13 14:08:00+00:00,627.74,627.74,627.64,627.71,2908.0,77.0,627.682963
QQQ,2026-01-13 14:09:00+00:00,627.69,627.79,627.68,627.77,12225.0,226.0,627.726211
QQQ,2026-01-13 14:10:00+00:00,627.75,627.8,627.65,627.8,6598.0,113.0,627.720333
QQQ,2026-01-13 14:11:00+00:00,627.8,627.98,627.8,627.87,8741.0,228.0,627.880837
QQQ,2026-01-13 14:12:00+00:00,627.83,627.83,627.57,627.65,10905.0,212.0,627.679132
QQQ,2026-01-13 14:13:00+00:00,627.63,627.7,627.63,627.67,8803.0,145.0,627.648921
QQQ,2026-01-13 14:14:00+00:00,627.74,627.81,627.74,627.74,4018.0,96.0,627.788438
QQQ,2026-01-13 14:15:00+00:00,627.77,627.7992,627.69,627.78,3979.0,69.0,627.741223
QQQ,2026-01-13 14:16:00+00:00,627.8,627.84,627.72,627.72,1990.0,75.0,627.789318
QQQ,2026-01-13 14:17:00+00:00,627.75,627.84,627.75,627.84,3607.0,82.0,627.811568
QQQ,2026-01-13 14:18:00+00:00,627.84,628.03,627.84,628.03,3765.0,116.0,627.959798
QQQ,2026-01-13 14:19:00+00:00,628.01,628.01,627.93,627.9599,1934.0,85.0,627.98262
QQQ,2026-01-13 14:20:00+00:00,627.97,628.14,627.97,628.12,5656.0,119.0,628.086696
QQQ,2026-01-13 14:21:00+00:00,628.13,628.19,628.0601,628.09,9101.0,156.0,628.136132
QQQ,2026-01-13 14:22:00+00:00,628.09,628.22,628.07,628.21,4699.0,88.0,628.118689
QQQ,2026-01-13 14:23:00+00:00,628.24,628.25,628.17,628.23,7639.0,164.0,628.217087
QQQ,2026-01-13 14:24:00+00:00,628.22,628.37,628.22,628.37,8728.0,162.0,628.276263
QQQ,2026-01-13 14:25:00+00:00,628.39,628.49,628.33,628.38,17160.0,172.0,628.418713
QQQ,2026-01-13 14:26:00+00:00,628.3903,628.4,628.27,628.32,10307.0,121.0,628.327945
QQQ,2026-01-13 14:27:00+00:00,628.3,628.32,627.93,627.99,17214.0,308.0,628.153562
QQQ,2026-01-13 14:28:00+00:00,627.95,627.95,627.42,627.54,23020.0,460.0,627.613536
QQQ,2026-01-13 14:29:00+00:00,627.49,627.535,627.22,627.25,12664.0,157.0,627.330095
QQQ,2026-01-13 14:30:00+00:00,627.27,627.9,626.79,627.8,553409.0,9318.0,627.162999
QQQ,2026-01-13 14:31:00+00:00,627.77,627.84,627.11,627.3413,244424.0,3447.0,627.412253
QQQ,2026-01-13 14:32:00+00:00,627.335,627.62,626.9,627.22,281848.0,3833.0,627.258505
QQQ,2026-01-13 14:33:00+00:00,627.23,627.84,627.22,627.52,184707.0,3170.0,627.489115
QQQ,2026-01-13 14:34:00+00:00,627.51,628.14,627.47,628.06,202768.0,3433.0,627.838773
QQQ,2026-01-13 14:35:00+00:00,628.065,628.32,627.71,628.21,268532.0,4162.0,628.05482
QQQ,2026-01-13 14:36:00+00:00,628.2,628.28,627.87,628.22,224877.0,3605.0,628.112443
QQQ,2026-01-13 14:37:00+00:00,628.23,628.37,627.67,627.99,178169.0,3043.0,628.075286
QQQ,2026-01-13 14:38:00+00:00,627.99,628.16,627.73,627.915,198559.0,3591.0,627.994629
QQQ,2026-01-13 14:39:00+00:00,627.92,628.72,627.87,628.68,253019.0,4204.0,628.404139
QQQ,2026-01-13 14:40:00+00:00,628.7,629.25,628.6,628.95,372872.0,5247.0,628.979481
QQQ,2026-01-13 14:41:00+00:00,628.97,629.42,628.84,629.42,190726.0,2895.0,629.103041
QQQ,2026-01-13 14:42:00+00:00,629.42,629.47,628.75,628.95,238652.0,4541.0,629.138395
QQQ,2026-01-13 14:43:00+00:00,628.97,629.03,627.53,628.03,383855.0,7380.0,628.095168
QQQ,2026-01-13 14:44:00+00:00,628.025,628.65,627.76,628.2391,219193.0,4742.0,628.14398
QQQ,2026-01-13 14:45:00+00:00,628.21,628.35,627.87,627.92,279700.0,5197.0,628.095885
QQQ,2026-01-13 14:46:00+00:00,627.91,628.39,627.88,628.17,218849.0,4412.0,628.100242
QQQ,2026-01-13 14:47:00+00:00,628.19,628.51,627.99,628.14,136636.0,2939.0,628.239987
QQQ,2026-01-13 14:48:00+00:00,628.14,628.3,627.56,627.71,213900.0,4287.0,627.893837
QQQ,2026-01-13 14:49:00+00:00,627.7,627.9,627.44,627.8508,126807.0,3171.0,627.641107
QQQ,2026-01-13 14:50:00+00:00,627.9,628.32,627.6,627.63,258168.0,4534.0,628.03412
QQQ,2026-01-13 14:51:00+00:00,627.63,627.64,627.04,627.13,182027.0,3914.0,627.309789
QQQ,2026-01-13 14:52:00+00:00,627.1,627.93,627.0651,627.83,139460.0,3178.0,627.429445
QQQ,2026-01-13 14:53:00+00:00,627.84,628.25,627.64,628.16,142759.0,3248.0,627.96643
QQQ,2026-01-13 14:54:00+00:00,628.17,628.24,627.32,627.4,128510.0,3115.0,627.82852
QQQ,2026-01-13 14:55:00+00:00,627.42,627.85,627.38,627.49,120204.0,2890.0,627.603635
QQQ,2026-01-13 14:56:00+00:00,627.53,627.96,627.5,627.6246,87241.0,2604.0,627.742588
QQQ,2026-01-13 14:57:00+00:00,627.6482,627.72,627.31,627.57,81123.0,2511.0,627.53259
QQQ,2026-01-13 14:58:00+00:00,627.58,627.66,627.22,627.3525,102452.0,2462.0,627.390365
QQQ,2026-01-13 14:59:00+00:00,627.36,627.44,627.18,627.2,54436.0,1922.0,627.33031
QQQ,2026-01-13 15:00:00+00:00,627.18,627.7,627.02,627.66,108273.0,2710.0,627.280956
QQQ,2026-01-13 15:01:00+00:00,627.591,627.7,626.97,627.3,140564.0,3432.0,627.365755
QQQ,2026-01-13 15:02:00+00:00,627.28,627.32,626.01,626.2,285468.0,5145.0,626.521856
QQQ,2026-01-13 15:03:00+00:00,626.17,626.5,625.87,626.46,216793.0,8268.0,626.202925
QQQ,2026-01-13 15:04:00+00:00,626.45,626.9,626.24,626.75,206839.0,4940.0,626.579003
QQQ,2026-01-13 15:05:00+00:00,626.77,627.43,626.66,627.19,208051.0,3526.0,626.997822
QQQ,2026-01-13 15:06:00+00:00,627.18,627.2,626.66,627.19,136111.0,2706.0,626.883955
QQQ,2026-01-13 15:07:00+00:00,627.21,627.34,626.7,626.87,146527.0,2934.0,626.950101
QQQ,2026-01-13 15:08:00+00:00,626.86,626.94,626.57,626.63,83625.0,2585.0,626.785662
QQQ,2026-01-13 15:09:00+00:00,626.61,626.7,626.25,626.35,118708.0,2816.0,626.482509
QQQ,2026-01-13 15:10:00+00:00,626.37,626.54,626.26,626.4101,98170.0,2484.0,626.388087
QQQ,2026-01-13 15:11:00+00:00,626.42,626.5,626.08,626.27,123540.0,2814.0,626.250445
QQQ,2026-01-13 15:12:00+00:00,626.27,626.6,626.17,626.31,107825.0,2645.0,626.33949
QQQ,2026-01-13 15:13:00+00:00,626.28,626.4,626.11,626.19,108646.0,2328.0,626.253676
QQQ,2026-01-13 15:14:00+00:00,626.19,626.38,625.95,626.38,91891.0,2505.0,626.148009
QQQ,2026-01-13 15:15:00+00:00,626.39,626.39,625.74,626.025,133145.0,3247.0,625.957784
QQQ,2026-01-13 15:16:00+00:00,626.01,626.11,625.88,625.96,104240.0,2190.0,626.022853
QQQ,2026-01-13 15:17:00+00:00,625.97,626.07,625.72,625.79,76866.0,2247.0,625.863282
QQQ,2026-01-13 15:18:00+00:00,625.77,625.86,625.19,625.24,173408.0,4134.0,625.555545
QQQ,2026-01-13 15:19:00+00:00,625.24,625.63,625.16,625.63,163354.0,3372.0,625.399895
QQQ,2026-01-13 15:20:00+00:00,625.63,625.66,625.075,625.13,109750.0,2833.0,625.416888
QQQ,2026-01-13 15:21:00+00:00,625.12,625.24,624.6,624.78,196689.0,4538.0,624.900294
QQQ,2026-01-13 15:22:00+00:00,624.81,625.28,624.75,625.22,132619.0,3175.0,624.970031
QQQ,2026-01-13 15:23:00+00:00,625.21,625.25,624.76,624.86,115118.0,3039.0,625.033361
QQQ,2026-01-13 15:24:00+00:00,624.86,624.94,624.32,624.55,207938.0,4018.0,624.585153
QQQ,2026-01-13 15:25:00+00:00,624.55,624.66,624.28,624.47,151623.0,3558.0,624.470215
QQQ,2026-01-13 15:26:00+00:00,624.51,624.82,624.21,624.345,157777.0,3235.0,624.519877
QQQ,2026-01-13 15:27:00+00:00,624.37,624.62,623.94,624.03,164258.0,4077.0,624.276519
QQQ,2026-01-13 15:28:00+00:00,624.03,624.55,624.03,624.43,121860.0,3010.0,624.30463
QQQ,2026-01-13 15:29:00+00:00,624.41,624.71,624.4,624.66,142806.0,3064.0,624.547544
QQQ,2026-01-13 15:30:00+00:00,624.62,624.7,624.31,624.4099,109894.0,3153.0,624.505546
QQQ,2026-01-13 15:31:00+00:00,624.39,624.68,624.31,624.44,118566.0,3213.0,624.480304
QQQ,2026-01-13 15:32:00+00:00,624.43,624.67,624.31,624.59,145825.0,3523.0,624.514313
QQQ,2026-01-13 15:33:00+00:00,624.61,624.9699,624.42,624.8701,166867.0,3597.0,624.760145
QQQ,2026-01-13 15:34:00+00:00,624.88,625.14,624.49,624.72,118565.0,3203.0,624.889677
QQQ,2026-01-13 15:35:00+00:00,624.71,625.105,624.5701,625.0948,103493.0,2552.0,624.793989
QQQ,2026-01-13 15:36:00+00:00,625.13,625.5,625.07,625.46,165466.0,3736.0,625.250379
QQQ,2026-01-13 15:37:00+00:00,625.45,625.62,624.72,624.99,180677.0,3896.0,625.122531
QQQ,2026-01-13 15:38:00+00:00,624.98,624.98,624.39,624.66,116644.0,2973.0,624.663855
QQQ,2026-01-13 15:39:00+00:00,624.64,624.81,624.43,624.57,71828.0,2351.0,624.63147
QQQ,2026-01-13 15:40:00+00:00,624.56,624.764,624.4,624.6518,101713.0,2715.0,624.5661
QQQ,2026-01-13 15:41:00+00:00,624.66,624.66,624.18,624.2499,110156.0,3034.0,624.435019
QQQ,2026-01-13 15:42:00+00:00,624.25,624.68,624.13,624.54,115826.0,2897.0,624.379544
QQQ,2026-01-13 15:43:00+00:00,624.51,624.63,624.32,624.54,76001.0,2390.0,624.48748
QQQ,2026-01-13 15:44:00+00:00,624.5,624.6398,624.42,624.459,38019.0,1858.0,624.517537
QQQ,2026-01-13 15:45:00+00:00,624.44,624.73,624.36,624.69,81251.0,2419.0,624.525616
QQQ,2026-01-13 15:46:00+00:00,624.69,624.87,624.545,624.74,60769.0,2052.0,624.716916
QQQ,2026-01-13 15:47:00+00:00,624.73,624.87,624.64,624.76,65467.0,2158.0,624.74853
QQQ,2026-01-13 15:48:00+00:00,624.76,624.82,624.08,624.14,81675.0,2633.0,624.446822
QQQ,2026-01-13 15:49:00+00:00,624.14,624.169,623.88,623.98,150557.0,3889.0,624.029167
QQQ,2026-01-13 15:50:00+00:00,623.96,624.72,623.92,624.69,146132.0,3420.0,624.436091
QQQ,2026-01-13 15:51:00+00:00,624.67,624.99,624.59,624.82,80658.0,2375.0,624.785868
QQQ,2026-01-13 15:52:00+00:00,624.84,624.89,624.6,624.85,55322.0,2204.0,624.729014
QQQ,2026-01-13 15:53:00+00:00,624.84,625.03,624.72,625.02,62153.0,2125.0,624.911719
QQQ,2026-01-13 15:54:00+00:00,625.0,625.78,625.0,625.75,155969.0,3346.0,625.467374
QQQ,2026-01-13 15:55:00+00:00,625.73,625.85,625.5,625.82,114996.0,2626.0,625.697702
QQQ,2026-01-13 15:56:00+00:00,625.83,626.15,625.81,625.94,126411.0,2813.0,625.999819
QQQ,2026-01-13 15:57:00+00:00,625.94,626.03,625.505,625.53,131830.0,2753.0,625.755542
QQQ,2026-01-13 15:58:00+00:00,625.53,626.09,625.495,626.09,61099.0,2111.0,625.814964
QQQ,2026-01-13 15:59:00+00:00,626.1,626.12,625.79,625.95,88505.0,2336.0,625.971105
QQQ,2026-01-13 16:00:00+00:00,625.92,626.15,625.8,625.995,90557.0,2593.0,625.946894
QQQ,2026-01-13 16:01:00+00:00,626.0,626.17,625.91,626.0299,87059.0,2482.0,626.042685
QQQ,2026-01-13 16:02:00+00:00,626.02,626.1,625.7,625.82,102359.0,2723.0,625.849075
QQQ,2026-01-13 16:03:00+00:00,625.82,626.01,625.76,625.9801,62081.0,2283.0,625.891886
QQQ,2026-01-13 16:04:00+00:00,625.99,626.1,625.74,625.77,70162.0,2430.0,625.965924
QQQ,2026-01-13 16:05:00+00:00,625.78,625.94,625.63,625.83,46845.0,1950.0,625.792343
QQQ,2026-01-13 16:06:00+00:00,625.83,626.22,625.77,626.11,51872.0,2060.0,626.056972
QQQ,2026-01-13 16:07:00+00:00,626.1,626.15,625.72,625.74,43174.0,2011.0,625.927616
QQQ,2026-01-13 16:08:00+00:00,625.75,626.16,625.71,626.15,45689.0,2007.0,625.838114
QQQ,2026-01-13 16:09:00+00:00,626.14,626.165,625.93,626.09,48832.0,2075.0,626.052769
QQQ,2026-01-13 16:10:00+00:00,626.08,626.265,625.9,625.96,66802.0,2280.0,626.096249
QQQ,2026-01-13 16:11:00+00:00,625.96,626.21,625.9,626.16,76297.0,2207.0,626.046835
QQQ,2026-01-13 16:12:00+00:00,626.16,626.27,626.04,626.21,36365.0,1860.0,626.147528
QQQ,2026-01-13 16:13:00+00:00,626.21,626.3403,626.09,626.27,65897.0,2162.0,626.258846
QQQ,2026-01-13 16:14:00+00:00,626.27,626.32,626.11,626.14,45154.0,1894.0,626.261781
QQQ,2026-01-13 16:15:00+00:00,626.135,626.42,626.13,626.35,98545.0,2569.0,626.306449
QQQ,2026-01-13 16:16:00+00:00,626.345,626.6,626.3101,626.46,99803.0,2583.0,626.506253
QQQ,2026-01-13 16:17:00+00:00,626.46,626.65,626.28,626.32,79412.0,2358.0,626.494055
QQQ,2026-01-13 16:18:00+00:00,626.32,626.4701,626.3,626.429,53782.0,2006.0,626.390566
QQQ,2026-01-13 16:19:00+00:00,626.44,626.5,626.29,626.42,32703.0,1673.0,626.358582
QQQ,2026-01-13 16:20:00+00:00,626.41,626.51,626.23,626.48,68567.0,2079.0,626.378653
QQQ,2026-01-13 16:21:00+00:00,626.48,626.55,626.3199,626.47,59433.0,2001.0,626.422391
QQQ,2026-01-13 16:22:00+00:00,626.46,626.51,626.17,626.24,51495.0,1947.0,626.370007
QQQ,2026-01-13 16:23:00+00:00,626.22,626.42,626.19,626.3877,47284.0,2061.0,626.283551
QQQ,2026-01-13 16:24:00+00:00,626.39,626.4,626.12,626.29,62766.0,2079.0,626.23444
QQQ,2026-01-13 16:25:00+00:00,626.27,626.3199,626.05,626.17,67722.0,2209.0,626.170035
QQQ,2026-01-13 16:26:00+00:00,626.159,626.1783,625.91,625.95,66637.0,2165.0,626.020557
QQQ,2026-01-13 16:27:00+00:00,625.965,625.98,624.8,625.88,262742.0,5450.0,625.415781
QQQ,2026-01-13 16:28:00+00:00,625.87,626.18,625.8,626.1264,95732.0,2504.0,626.033936
QQQ,2026-01-13 16:29:00+00:00,626.13,626.3,625.96,626.1882,68509.0,2168.0,626.093488
QQQ,2026-01-13 16:30:00+00:00,626.13,626.42,625.91,626.39,87244.0,2583.0,626.148059
QQQ,2026-01-13 16:31:00+00:00,626.3899,626.75,626.3,626.7483,84191.0,2391.0,626.509132
QQQ,2026-01-13 16:32:00+00:00,626.73,626.92,626.66,626.86,105610.0,2511.0,626.806283
QQQ,2026-01-13 16:33:00+00:00,626.87,627.05,626.8,626.89,84608.0,2217.0,626.929162
QQQ,2026-01-13 16:34:00+00:00,626.9,627.18,626.88,627.164,98201.0,2202.0,627.043145
QQQ,2026-01-13 16:35:00+00:00,627.15,627.32,627.08,627.23,80050.0,2306.0,627.18039
QQQ,2026-01-13 16:36:00+00:00,627.2244,627.33,627.19,627.245,100358.0,2471.0,627.270857
QQQ,2026-01-13 16:37:00+00:00,627.23,627.2706,627.07,627.23,73412.0,2065.0,627.167536
QQQ,2026-01-13 16:38:00+00:00,627.23,627.33,627.14,627.27,60683.0,1929.0,627.225771
QQQ,2026-01-13 16:39:00+00:00,627.25,627.35,627.1459,627.33,40757.0,1938.0,627.261514
QQQ,2026-01-13 16:40:00+00:00,627.35,627.42,627.15,627.27,81287.0,2149.0,627.297795
QQQ,2026-01-13 16:41:00+00:00,627.27,627.425,627.17,627.41,52481.0,1936.0,627.316119
QQQ,2026-01-13 16:42:00+00:00,627.41,627.85,627.395,627.8,157908.0,3116.0,627.576522
QQQ,2026-01-13 16:43:00+00:00,627.82,627.99,627.82,627.94,402208.0,2559.0,627.893895
QQQ,2026-01-13 16:44:00+00:00,627.94,628.0,627.69,627.81,126074.0,2778.0,627.829996
QQQ,2026-01-13 16:45:00+00:00,627.8,627.94,627.74,627.9,130546.0,2753.0,627.863963
QQQ,2026-01-13 16:46:00+00:00,627.9,628.025,627.75,627.943,133525.0,3165.0,627.9022
QQQ,2026-01-13 16:47:00+00:00,627.94,628.21,627.87,628.11,117763.0,2591.0,628.040597
QQQ,2026-01-13 16:48:00+00:00,628.1,628.16,627.95,628.02,70595.0,2179.0,628.075897
QQQ,2026-01-13 16:49:00+00:00,628.02,628.355,627.9854,628.32,231060.0,3651.0,628.184725
QQQ,2026-01-13 16:50:00+00:00,628.33,628.47,628.32,628.435,131997.0,2773.0,628.388765
QQQ,2026-01-13 16:51:00+00:00,628.43,628.74,628.37,628.685,146657.0,3129.0,628.53724
QQQ,2026-01-13 16:52:00+00:00,628.69,628.79,628.59,628.74,149062.0,2751.0,628.702248
QQQ,2026-01-13 16:53:00+00:00,628.74,628.79,628.58,628.69,112757.0,2742.0,628.680034
QQQ,2026-01-13 16:54:00+00:00,628.7,628.81,628.66,628.81,77303.0,2124.0,628.736887
QQQ,2026-01-13 16:55:00+00:00,628.81,629.01,628.81,628.91,131594.0,3008.0,628.918919
QQQ,2026-01-13 16:56:00+00:00,628.91,629.04,628.84,629.0,72456.0,2240.0,628.950468
QQQ,2026-01-13 16:57:00+00:00,629.0,629.04,628.83,628.89,90289.0,2246.0,628.915874
QQQ,2026-01-13 16:58:00+00:00,628.88,628.99,628.84,628.955,107920.0,2234.0,628.893868
QQQ,2026-01-13 16:59:00+00:00,628.96,629.0,628.61,628.62,105368.0,2422.0,628.764074
QQQ,2026-01-13 17:00:00+00:00,628.62,628.74,628.54,628.67,110965.0,1651.0,628.655285
QQQ,2026-01-13 17:01:00+00:00,628.6503,628.725,628.56,628.5801,67480.0,1193.0,628.65188
QQQ,2026-01-13 17:02:00+00:00,628.6,628.73,628.45,628.71,105230.0,1681.0,628.575148
QQQ,2026-01-13 17:03:00+00:00,628.73,628.8246,628.59,628.8,41477.0,1127.0,628.720706
QQQ,2026-01-13 17:04:00+00:00,628.81,628.83,628.67,628.78,51622.0,1183.0,628.759656
QQQ,2026-01-13 17:05:00+00:00,628.78,628.835,628.74,628.815,82529.0,1201.0,628.797811
QQQ,2026-01-13 17:06:00+00:00,628.81,628.81,628.71,628.765,42457.0,1003.0,628.767261
QQQ,2026-01-13 17:07:00+00:00,628.77,628.84,628.68,628.7,33443.0,961.0,628.787615
QQQ,2026-01-13 17:08:00+00:00,628.7165,628.755,628.655,628.72,26896.0,865.0,628.711429
QQQ,2026-01-13 17:09:00+00:00,628.73,628.79,628.49,628.51,43064.0,1087.0,628.606924
QQQ,2026-01-13 17:10:00+00:00,628.5,628.574,628.43,628.4751,95399.0,1427.0,628.487387
QQQ,2026-01-13 17:11:00+00:00,628.48,628.5,628.35,628.42,75409.0,1047.0,628.386395
QQQ,2026-01-13 17:12:00+00:00,628.43,628.51,628.34,628.48,27189.0,764.0,628.456042
QQQ,2026-01-13 17:13:00+00:00,628.49,628.49,628.29,628.31,28195.0,864.0,628.39643
QQQ,2026-01-13 17:14:00+00:00,628.31,628.345,628.235,628.26,41808.0,961.0,628.292824
QQQ,2026-01-13 17:15:00+00:00,628.26,628.31,627.86,627.86,125284.0,2239.0,628.029464
QQQ,2026-01-13 17:16:00+00:00,627.86,627.86,627.52,627.535,101604.0,1914.0,627.697817
QQQ,2026-01-13 17:17:00+00:00,627.52,627.52,627.09,627.1401,240412.0,2773.0,627.209423
QQQ,2026-01-13 17:18:00+00:00,627.14,627.37,627.1088,627.25,159680.0,1764.0,627.236493
QQQ,2026-01-13 17:19:00+00:00,627.24,627.4844,627.19,627.45,97266.0,1522.0,627.32759
QQQ,2026-01-13 17:20:00+00:00,627.44,627.45,627.286,627.38,103779.0,1401.0,627.382276
QQQ,2026-01-13 17:21:00+00:00,627.39,627.57,627.29,627.57,71081.0,1266.0,627.394215
QQQ,2026-01-13 17:22:00+00:00,627.57,627.98,627.57,627.94,95495.0,1672.0,627.817068
QQQ,2026-01-13 17:23:00+00:00,627.93,628.0399,627.875,628.01,183494.0,1734.0,627.95855
QQQ,2026-01-13 17:24:00+00:00,628.0199,628.07,627.94,627.99,66030.0,1202.0,628.01978
QQQ,2026-01-13 17:25:00+00:00,627.98,628.0,627.4408,627.485,68351.0,1379.0,627.685495
QQQ,2026-01-13 17:26:00+00:00,627.48,627.49,627.34,627.37,64341.0,1414.0,627.412272
QQQ,2026-01-13 17:27:00+00:00,627.38,627.5499,627.34,627.49,43931.0,824.0,627.46524
QQQ,2026-01-13 17:28:00+00:00,627.49,627.67,627.3901,627.64,48076.0,987.0,627.538314
QQQ,2026-01-13 17:29:00+00:00,627.64,627.655,627.49,627.6299,61285.0,822.0,627.59092
QQQ,2026-01-13 17:30:00+00:00,627.63,627.88,627.63,627.87,51551.0,1061.0,627.740431
QQQ,2026-01-13 17:31:00+00:00,627.87,627.91,626.4,627.435,444992.0,6815.0,627.166711
QQQ,2026-01-13 17:32:00+00:00,627.45,627.63,627.16,627.6199,76638.0,1422.0,627.408792
QQQ,2026-01-13 17:33:00+00:00,627.64,627.75,627.47,627.59,58499.0,1157.0,627.590292
QQQ,2026-01-13 17:34:00+00:00,627.58,627.73,627.56,627.698,36864.0,858.0,627.637161
QQQ,2026-01-13 17:35:00+00:00,627.7,627.82,627.43,627.49,63658.0,1082.0,627.690041
QQQ,2026-01-13 17:36:00+00:00,627.4901,627.66,627.46,627.53,28841.0,857.0,627.561046
QQQ,2026-01-13 17:37:00+00:00,627.5101,627.53,627.28,627.38,52968.0,979.0,627.400422
QQQ,2026-01-13 17:38:00+00:00,627.36,627.41,627.24,627.36,47395.0,1103.0,627.321443
QQQ,2026-01-13 17:39:00+00:00,627.39,627.52,627.195,627.23,59238.0,1159.0,627.291875
QQQ,2026-01-13 17:40:00+00:00,627.24,627.3195,627.14,627.18,49698.0,1126.0,627.233917
QQQ,2026-01-13 17:41:00+00:00,627.18,627.33,627.05,627.2999,46225.0,1104.0,627.137775
QQQ,2026-01-13 17:42:00+00:00,627.283,627.283,627.1099,627.24,27364.0,778.0,627.17882
QQQ,2026-01-13 17:43:00+00:00,627.23,627.25,626.8,626.8,63468.0,1399.0,627.075153
QQQ,2026-01-13 17:44:00+00:00,626.8,626.85,626.58,626.655,73428.0,1549.0,626.702418
QQQ,2026-01-13 17:45:00+00:00,626.67,626.8,626.51,626.64,74350.0,1407.0,626.646448
QQQ,2026-01-13 17:46:00+00:00,626.64,626.84,626.6082,626.7,65137.0,1225.0,626.715665
QQQ,2026-01-13 17:47:00+00:00,626.68,626.91,626.54,626.87,72417.0,1342.0,626.705263
QQQ,2026-01-13 17:48:00+00:00,626.88,626.94,626.71,626.81,41847.0,969.0,626.831659
QQQ,2026-01-13 17:49:00+00:00,626.84,627.13,626.84,627.09,33612.0,790.0,626.966309
QQQ,2026-01-13 17:50:00+00:00,627.1,627.15,626.6,626.61,119573.0,2134.0,626.884517
QQQ,2026-01-13 17:51:00+00:00,626.61,626.64,626.42,626.52,125828.0,2102.0,626.551467
QQQ,2026-01-13 17:52:00+00:00,626.52,626.56,626.2851,626.33,87391.0,1554.0,626.394891
QQQ,2026-01-13 17:53:00+00:00,626.33,626.34,625.88,625.91,160121.0,2671.0,626.140933
QQQ,2026-01-13 17:54:00+00:00,625.91,626.08,625.81,626.06,111958.0,1684.0,625.90198
QQQ,2026-01-13 17:55:00+00:00,626.04,626.06,625.62,625.7,116650.0,1988.0,625.800966
QQQ,2026-01-13 17:56:00+00:00,625.7,625.89,625.52,625.56,134783.0,2480.0,625.654814
QQQ,2026-01-13 17:57:00+00:00,625.57,625.61,625.38,625.47,100005.0,1642.0,625.490948
QQQ,2026-01-13 17:58:00+00:00,625.46,625.54,625.01,625.22,133701.0,2527.0,625.262984
QQQ,2026-01-13 17:59:00+00:00,625.2,625.63,625.15,625.46,104557.0,1826.0,625.356261
QQQ,2026-01-13 18:00:00+00:00,625.44,625.6,625.04,625.21,190478.0,2955.0,625.273119
QQQ,2026-01-13 18:01:00+00:00,625.22,625.27,624.93,625.23,174854.0,2419.0,625.112083
QQQ,2026-01-13 18:02:00+00:00,625.23,625.34,625.04,625.21,74864.0,1384.0,625.182968
QQQ,2026-01-13 18:03:00+00:00,625.18,625.22,624.86,625.02,113931.0,2034.0,625.025046
QQQ,2026-01-13 18:04:00+00:00,625.01,625.33,624.99,625.16,92969.0,1662.0,625.138877
QQQ,2026-01-13 18:05:00+00:00,625.18,625.36,625.07,625.31,80474.0,1477.0,625.209805
QQQ,2026-01-13 18:06:00+00:00,625.29,625.81,625.26,625.8,147573.0,2123.0,625.565997
QQQ,2026-01-13 18:07:00+00:00,625.79,625.845,625.6,625.64,64563.0,1188.0,625.734263
QQQ,2026-01-13 18:08:00+00:00,625.63,625.63,625.25,625.3,45040.0,1131.0,625.349734
QQQ,2026-01-13 18:09:00+00:00,625.3,625.44,625.27,625.42,32335.0,703.0,625.354026
QQQ,2026-01-13 18:10:00+00:00,625.415,625.5,625.19,625.3543,42335.0,753.0,625.373232
QQQ,2026-01-13 18:11:00+00:00,625.31,625.4799,625.31,625.3718,39521.0,650.0,625.365312
QQQ,2026-01-13 18:12:00+00:00,625.38,625.83,625.37,625.829,71330.0,1021.0,625.62355
QQQ,2026-01-13 18:13:00+00:00,625.8258,625.89,625.7796,625.85,86002.0,1201.0,625.82418
QQQ,2026-01-13 18:14:00+00:00,625.87,626.12,625.8,626.12,73795.0,971.0,625.971939
QQQ,2026-01-13 18:15:00+00:00,626.125,626.29,626.02,626.26,72651.0,1047.0,626.174615
QQQ,2026-01-13 18:16:00+00:00,626.2601,626.2601,625.88,625.97,64419.0,1236.0,626.023298
QQQ,2026-01-13 18:17:00+00:00,625.99,626.088,625.89,626.01,43852.0,682.0,625.980131
QQQ,2026-01-13 18:18:00+00:00,625.99,626.2,625.99,626.14,171290.0,561.0,626.129824
QQQ,2026-01-13 18:19:00+00:00,626.13,626.15,625.91,625.9422,36403.0,684.0,625.985972
QQQ,2026-01-13 18:20:00+00:00,625.95,625.99,625.68,625.71,64678.0,1035.0,625.787739
QQQ,2026-01-13 18:21:00+00:00,625.72,625.76,625.26,625.415,74876.0,1246.0,625.460491
QQQ,2026-01-13 18:22:00+00:00,625.41,625.59,625.35,625.52,70004.0,1110.0,625.440831
QQQ,2026-01-13 18:23:00+00:00,625.53,625.64,625.48,625.52,27205.0,710.0,625.556841
QQQ,2026-01-13 18:24:00+00:00,625.52,625.54,625.37,625.4,28012.0,640.0,625.427463
QQQ,2026-01-13 18:25:00+00:00,625.4,625.48,625.2,625.27,80166.0,1294.0,625.332451
QQQ,2026-01-13 18:26:00+00:00,625.26,625.63,625.23,625.61,42342.0,815.0,625.360176
QQQ,2026-01-13 18:27:00+00:00,625.62,625.79,625.54,625.5653,44109.0,894.0,625.679504
QQQ,2026-01-13 18:28:00+00:00,625.59,625.67,625.49,625.5199,27316.0,598.0,625.583111
QQQ,2026-01-13 18:29:00+00:00,625.52,625.55,625.41,625.42,33110.0,851.0,625.462718
QQQ,2026-01-13 18:30:00+00:00,625.41,625.45,625.26,625.39,40442.0,1137.0,625.354065
QQQ,2026-01-13 18:31:00+00:00,625.42,625.65,625.38,625.59,46374.0,940.0,625.546434
QQQ,2026-01-13 18:32:00+00:00,625.62,625.87,625.56,625.78,57992.0,1046.0,625.739457
QQQ,2026-01-13 18:33:00+00:00,625.78,625.85,625.64,625.73,39630.0,834.0,625.73606
QQQ,2026-01-13 18:34:00+00:00,625.7201,625.79,625.56,625.7,43542.0,866.0,625.67161
QQQ,2026-01-13 18:35:00+00:00,625.69,625.97,625.68,625.97,51822.0,1015.0,625.84361
QQQ,2026-01-13 18:36:00+00:00,625.99,626.12,625.875,625.95,96229.0,1435.0,626.02262
QQQ,2026-01-13 18:37:00+00:00,625.96,626.04,625.92,625.97,19873.0,540.0,625.958142
QQQ,2026-01-13 18:38:00+00:00,625.95,626.04,625.91,625.96,36422.0,746.0,625.960989
QQQ,2026-01-13 18:39:00+00:00,625.96,626.04,625.9,625.95,45998.0,827.0,625.961975
QQQ,2026-01-13 18:40:00+00:00,625.95,625.97,625.77,625.78,34555.0,688.0,625.892242
QQQ,2026-01-13 18:41:00+00:00,625.78,625.78,625.48,625.5,43011.0,908.0,625.624052
QQQ,2026-01-13 18:42:00+00:00,625.49,625.719,625.47,625.55,64110.0,1047.0,625.557093
QQQ,2026-01-13 18:43:00+00:00,625.548,625.58,625.275,625.3,77245.0,1264.0,625.428892
QQQ,2026-01-13 18:44:00+00:00,625.3,625.37,625.15,625.2272,99092.0,1309.0,625.26039
QQQ,2026-01-13 18:45:00+00:00,625.1991,625.52,625.15,625.43,87681.0,1159.0,625.271123
QQQ,2026-01-13 18:46:00+00:00,625.44,625.47,625.3,625.334,66984.0,1004.0,625.412349
QQQ,2026-01-13 18:47:00+00:00,625.36,625.56,625.3,625.3699,37518.0,817.0,625.41575
QQQ,2026-01-13 18:48:00+00:00,625.36,625.4999,625.285,625.4772,42677.0,825.0,625.392745
QQQ,2026-01-13 18:49:00+00:00,625.47,625.47,625.0302,625.158,84605.0,1371.0,625.28108
QQQ,2026-01-13 18:50:00+00:00,625.15,625.15,624.6099,624.68,142951.0,2718.0,624.889601
QQQ,2026-01-13 18:51:00+00:00,624.68,624.77,624.55,624.71,103826.0,1747.0,624.673772
QQQ,2026-01-13 18:52:00+00:00,624.71,624.84,624.52,624.76,73537.0,1488.0,624.674155
QQQ,2026-01-13 18:53:00+00:00,624.74,625.04,624.74,624.88,60776.0,1228.0,624.916864
QQQ,2026-01-13 18:54:00+00:00,624.89,624.93,624.81,624.88,60797.0,1288.0,624.865953
QQQ,2026-01-13 18:55:00+00:00,624.89,625.0,624.54,624.54,78267.0,1188.0,624.811762
QQQ,2026-01-13 18:56:00+00:00,624.55,624.58,624.43,624.48,108666.0,1855.0,624.485586
QQQ,2026-01-13 18:57:00+00:00,624.49,624.61,624.44,624.56,148853.0,1878.0,624.491789
QQQ,2026-01-13 18:58:00+00:00,624.55,624.88,624.53,624.72,66024.0,1268.0,624.703325
QQQ,2026-01-13 18:59:00+00:00,624.72,624.73,624.54,624.5981,72394.0,1050.0,624.606321
QQQ,2026-01-13 19:00:00+00:00,624.61,624.89,624.57,624.87,66222.0,1172.0,624.753584
QQQ,2026-01-13 19:01:00+00:00,624.89,624.89,624.58,624.61,41122.0,816.0,624.706042
QQQ,2026-01-13 19:02:00+00:00,624.62,624.65,624.54,624.61,72522.0,970.0,624.569543
QQQ,2026-01-13 19:03:00+00:00,624.63,624.64,624.29,624.39,70126.0,1241.0,624.490168
QQQ,2026-01-13 19:04:00+00:00,624.36,624.51,624.34,624.395,44900.0,701.0,624.434035
QQQ,2026-01-13 19:05:00+00:00,624.42,624.5,624.19,624.42,60624.0,1066.0,624.362707
QQQ,2026-01-13 19:06:00+00:00,624.41,624.47,624.22,624.4199,38846.0,778.0,624.370762
QQQ,2026-01-13 19:07:00+00:00,624.43,624.65,624.36,624.47,62014.0,918.0,624.518841
QQQ,2026-01-13 19:08:00+00:00,624.47,624.64,624.42,624.5635,52592.0,974.0,624.564514
QQQ,2026-01-13 19:09:00+00:00,624.56,624.59,624.24,624.26,35332.0,735.0,624.435385
QQQ,2026-01-13 19:10:00+00:00,624.24,624.31,624.14,624.24,47021.0,816.0,624.24513
QQQ,2026-01-13 19:11:00+00:00,624.23,624.41,624.23,624.34,32363.0,840.0,624.322644
QQQ,2026-01-13 19:12:00+00:00,624.34,624.57,624.3099,624.37,53743.0,900.0,624.389986
QQQ,2026-01-13 19:13:00+00:00,624.36,624.57,624.29,624.5503,77038.0,901.0,624.481965
QQQ,2026-01-13 19:14:00+00:00,624.55,624.61,624.298,624.34,38204.0,877.0,624.463727
QQQ,2026-01-13 19:15:00+00:00,624.34,624.62,624.3,624.6,50944.0,892.0,624.523115
QQQ,2026-01-13 19:16:00+00:00,624.59,625.19,624.36,624.95,239649.0,3429.0,624.845216
QQQ,2026-01-13 19:17:00+00:00,624.95,624.985,624.61,624.64,78026.0,1150.0,624.773521
QQQ,2026-01-13 19:18:00+00:00,624.63,624.79,624.55,624.74,60344.0,1324.0,624.621901
QQQ,2026-01-13 19:19:00+00:00,624.74,625.01,624.74,624.8817,70315.0,1250.0,624.919449
QQQ,2026-01-13 19:20:00+00:00,624.88,625.01,624.76,624.9899,64557.0,1128.0,624.879225
QQQ,2026-01-13 19:21:00+00:00,624.985,625.19,624.93,625.19,91131.0,1514.0,625.057216
QQQ,2026-01-13 19:22:00+00:00,625.19,625.32,624.9,624.96,147314.0,1528.0,625.205074
QQQ,2026-01-13 19:23:00+00:00,624.96,625.02,624.84,624.9201,40897.0,587.0,624.930117
QQQ,2026-01-13 19:24:00+00:00,624.94,625.09,624.72,624.89,65195.0,981.0,624.898526
QQQ,2026-01-13 19:25:00+00:00,624.91,624.92,624.715,624.79,39991.0,759.0,624.806223
QQQ,2026-01-13 19:26:00+00:00,624.79,624.98,624.6,624.98,54508.0,877.0,624.79642
QQQ,2026-01-13 19:27:00+00:00,624.97,625.22,624.89,625.16,94758.0,1459.0,625.047677
QQQ,2026-01-13 19:28:00+00:00,625.15,625.3,625.1,625.15,49327.0,809.0,625.176142
QQQ,2026-01-13 19:29:00+00:00,625.1695,625.25,625.08,625.22,36821.0,610.0,625.146798
QQQ,2026-01-13 19:30:00+00:00,625.21,625.25,625.1,625.24,59135.0,805.0,625.175289
QQQ,2026-01-13 19:31:00+00:00,625.25,625.32,625.02,625.1301,72459.0,1026.0,625.165794
QQQ,2026-01-13 19:32:00+00:00,625.14,625.16,625.03,625.06,29147.0,628.0,625.078666
QQQ,2026-01-13 19:33:00+00:00,625.03,625.06,624.89,625.06,55017.0,923.0,624.972828
QQQ,2026-01-13 19:34:00+00:00,625.0428,625.14,624.89,624.92,53819.0,925.0,625.002431
QQQ,2026-01-13 19:35:00+00:00,624.92,625.06,624.91,625.01,38304.0,761.0,624.985686
QQQ,2026-01-13 19:36:00+00:00,625.01,625.2,624.87,625.125,95930.0,886.0,625.004031
QQQ,2026-01-13 19:37:00+00:00,625.11,625.14,624.94,624.9699,36364.0,718.0,625.044509
QQQ,2026-01-13 19:38:00+00:00,624.96,624.98,624.82,624.94,46984.0,805.0,624.902494
QQQ,2026-01-13 19:39:00+00:00,624.95,625.08,624.89,625.06,149357.0,698.0,624.985251
QQQ,2026-01-13 19:40:00+00:00,625.09,625.16,625.0,625.02,48865.0,701.0,625.060376
QQQ,2026-01-13 19:41:00+00:00,625.02,625.27,625.0101,625.24,54619.0,857.0,625.164562
QQQ,2026-01-13 19:42:00+00:00,625.26,625.38,625.24,625.32,66775.0,1025.0,625.312047
QQQ,2026-01-13 19:43:00+00:00,625.31,625.33,625.09,625.21,110739.0,1081.0,625.192504
QQQ,2026-01-13 19:44:00+00:00,625.21,625.25,624.98,625.0,47531.0,1074.0,625.101773
QQQ,2026-01-13 19:45:00+00:00,625.01,625.04,624.89,625.0101,66393.0,1095.0,624.966673
QQQ,2026-01-13 19:46:00+00:00,625.02,625.08,624.86,624.93,50896.0,920.0,624.971212
QQQ,2026-01-13 19:47:00+00:00,624.93,624.9564,624.7,624.7847,57763.0,1105.0,624.809263
QQQ,2026-01-13 19:48:00+00:00,624.79,624.8735,624.73,624.7664,38605.0,707.0,624.810013
QQQ,2026-01-13 19:49:00+00:00,624.76,624.92,624.76,624.92,47691.0,792.0,624.84154
QQQ,2026-01-13 19:50:00+00:00,624.92,625.11,624.88,625.105,45319.0,635.0,625.001213
QQQ,2026-01-13 19:51:00+00:00,625.11,625.42,624.97,625.32,45076.0,845.0,625.252442
QQQ,2026-01-13 19:52:00+00:00,625.31,625.33,625.17,625.2699,42483.0,716.0,625.250779
QQQ,2026-01-13 19:53:00+00:00,625.26,625.46,625.2407,625.36,56616.0,777.0,625.405289
QQQ,2026-01-13 19:54:00+00:00,625.36,625.42,625.185,625.39,32465.0,698.0,625.294682
QQQ,2026-01-13 19:55:00+00:00,625.3999,625.62,625.34,625.58,71164.0,874.0,625.460566
QQQ,2026-01-13 19:56:00+00:00,625.59,625.6729,625.4489,625.6729,122407.0,1400.0,625.544368
QQQ,2026-01-13 19:57:00+00:00,625.66,625.69,625.37,625.39,64887.0,1010.0,625.493357
QQQ,2026-01-13 19:58:00+00:00,625.38,625.41,625.12,625.18,97239.0,1271.0,625.220873
QQQ,2026-01-13 19:59:00+00:00,625.17,625.24,625.0899,625.24,45431.0,855.0,625.14009
QQQ,2026-01-13 20:00:00+00:00,625.23,625.25,624.86,624.97,117879.0,1647.0,625.019022
QQQ,2026-01-13 20:01:00+00:00,624.99,625.053,624.9,624.97,73972.0,1087.0,624.973879
QQQ,2026-01-13 20:02:00+00:00,624.97,624.97,624.68,624.85,179817.0,2200.0,624.818425
QQQ,2026-01-13 20:03:00+00:00,624.8365,624.99,624.76,624.94,52255.0,932.0,624.845413
QQQ,2026-01-13 20:04:00+00:00,624.92,624.95,624.845,624.87,32852.0,662.0,624.90062
QQQ,2026-01-13 20:05:00+00:00,624.8672,624.97,624.84,624.95,117184.0,1553.0,624.870128
QQQ,2026-01-13 20:06:00+00:00,624.9332,625.14,624.93,625.11,52556.0,936.0,625.05928
QQQ,2026-01-13 20:07:00+00:00,625.1,625.17,625.029,625.16,49616.0,880.0,625.096709
QQQ,2026-01-13 20:08:00+00:00,625.175,625.18,624.96,625.06,62231.0,848.0,625.071999
QQQ,2026-01-13 20:09:00+00:00,625.0569,625.11,625.0,625.025,31178.0,495.0,625.063849
QQQ,2026-01-13 20:10:00+00:00,625.02,625.02,624.64,624.66,62271.0,1078.0,624.806198
QQQ,2026-01-13 20:11:00+00:00,624.695,624.79,624.63,624.75,54701.0,938.0,624.717324
QQQ,2026-01-13 20:12:00+00:00,624.74,624.79,624.67,624.68,56752.0,928.0,624.715583
QQQ,2026-01-13 20:13:00+00:00,624.66,624.68,624.55,624.65,68536.0,1210.0,624.617268
QQQ,2026-01-13 20:14:00+00:00,624.66,624.73,624.59,624.61,58518.0,1004.0,624.684735
QQQ,2026-01-13 20:15:00+00:00,624.62,624.82,624.58,624.81,67941.0,1165.0,624.67593
QQQ,2026-01-13 20:16:00+00:00,624.82,624.86,624.74,624.85,49752.0,829.0,624.814734
QQQ,2026-01-13 20:17:00+00:00,624.84,624.86,624.615,624.67,57611.0,977.0,624.763751
QQQ,2026-01-13 20:18:00+00:00,624.66,624.765,624.66,624.71,55996.0,869.0,624.707541
QQQ,2026-01-13 20:19:00+00:00,624.74,624.83,624.685,624.83,40721.0,771.0,624.775514
QQQ,2026-01-13 20:20:00+00:00,624.81,624.82,624.61,624.67,45059.0,782.0,624.69212
QQQ,2026-01-13 20:21:00+00:00,624.67,624.67,624.46,624.555,84456.0,1491.0,624.553046
QQQ,2026-01-13 20:22:00+00:00,624.55,624.77,624.53,624.69,41054.0,773.0,624.658034
QQQ,2026-01-13 20:23:00+00:00,624.71,624.75,624.55,624.71,50064.0,963.0,624.650493
QQQ,2026-01-13 20:24:00+00:00,624.71,624.8,624.68,624.69,50422.0,987.0,624.746859
QQQ,2026-01-13 20:25:00+00:00,624.68,624.7,624.54,624.6,49057.0,964.0,624.627518
QQQ,2026-01-13 20:26:00+00:00,624.6,624.64,624.39,624.495,56125.0,991.0,624.488298
QQQ,2026-01-13 20:27:00+00:00,624.495,624.53,624.23,624.34,90812.0,1457.0,624.356738
QQQ,2026-01-13 20:28:00+00:00,624.3599,624.5,624.35,624.45,41795.0,786.0,624.443836
QQQ,2026-01-13 20:29:00+00:00,624.46,624.4736,624.28,624.285,38474.0,851.0,624.34947
QQQ,2026-01-13 20:30:00+00:00,624.28,624.355,624.125,624.21,63174.0,1290.0,624.254122
QQQ,2026-01-13 20:31:00+00:00,624.22,624.25,624.13,624.175,49786.0,907.0,624.207281
QQQ,2026-01-13 20:32:00+00:00,624.18,624.19,623.99,624.09,90812.0,1810.0,624.080123
QQQ,2026-01-13 20:33:00+00:00,624.08,624.11,623.71,623.79,146785.0,2149.0,623.910987
QQQ,2026-01-13 20:34:00+00:00,623.79,623.99,623.695,623.95,99735.0,1605.0,623.866866
QQQ,2026-01-13 20:35:00+00:00,623.96,623.96,623.785,623.79,124307.0,1783.0,623.852789
QQQ,2026-01-13 20:36:00+00:00,623.8,624.02,623.8,623.95,68416.0,1374.0,623.944349
QQQ,2026-01-13 20:37:00+00:00,623.95,624.345,623.93,624.24,97515.0,1733.0,624.208612
QQQ,2026-01-13 20:38:00+00:00,624.23,624.3899,624.16,624.35,82449.0,1461.0,624.282428
QQQ,2026-01-13 20:39:00+00:00,624.3517,624.45,624.35,624.45,74000.0,1420.0,624.397149
QQQ,2026-01-13 20:40:00+00:00,624.45,624.68,624.45,624.6679,115568.0,1908.0,624.573248
QQQ,2026-01-13 20:41:00+00:00,624.67,624.71,624.39,624.495,82973.0,1567.0,624.527478
QQQ,2026-01-13 20:42:00+00:00,624.4812,624.74,624.43,624.7,203567.0,1519.0,624.593084
QQQ,2026-01-13 20:43:00+00:00,624.7,624.705,624.54,624.655,58807.0,1107.0,624.612335
QQQ,2026-01-13 20:44:00+00:00,624.6499,624.74,624.55,624.69,61726.0,1117.0,624.664707
QQQ,2026-01-13 20:45:00+00:00,624.7,624.7,624.49,624.6,103368.0,1499.0,624.582199
QQQ,2026-01-13 20:46:00+00:00,624.59,624.73,624.59,624.72,82045.0,1310.0,624.684697
QQQ,2026-01-13 20:47:00+00:00,624.72,625.03,624.69,624.9225,114277.0,2016.0,624.891278
QQQ,2026-01-13 20:48:00+00:00,624.92,624.96,624.76,624.85,76025.0,1460.0,624.84157
QQQ,2026-01-13 20:49:00+00:00,624.844,624.96,624.84,624.89,98228.0,1575.0,624.8983
QQQ,2026-01-13 20:50:00+00:00,624.89,625.3,624.7,625.245,223140.0,3273.0,625.045273
QQQ,2026-01-13 20:51:00+00:00,625.24,625.275,624.97,625.12,148683.0,2429.0,625.069708
QQQ,2026-01-13 20:52:00+00:00,625.13,625.42,625.095,625.4,139270.0,2497.0,625.264115
QQQ,2026-01-13 20:53:00+00:00,625.41,625.5,625.32,625.36,180946.0,2688.0,625.419071
QQQ,2026-01-13 20:54:00+00:00,625.35,625.77,625.29,625.76,256120.0,3513.0,625.547305
QQQ,2026-01-13 20:55:00+00:00,625.75,625.91,625.67,625.765,298551.0,4265.0,625.787759
QQQ,2026-01-13 20:56:00+00:00,625.76,625.85,625.58,625.845,147178.0,2687.0,625.703525
QQQ,2026-01-13 20:57:00+00:00,625.85,626.02,625.79,625.98,260661.0,3305.0,625.9005
QQQ,2026-01-13 20:58:00+00:00,625.99,626.06,625.77,625.82,281847.0,3748.0,625.902129
QQQ,2026-01-13 20:59:00+00:00,625.83,626.29,625.82,626.13,635767.0,6124.0,626.089607
QQQ,2026-01-13 21:00:00+00:00,626.12,626.58,626.07,626.53,883201.0,1094.0,626.299788
QQQ,2026-01-13 21:01:00+00:00,626.52,626.55,626.42,626.49,38466.0,221.0,626.476747
QQQ,2026-01-13 21:02:00+00:00,626.49,626.55,626.15,626.52,49682.0,322.0,626.428585
QQQ,2026-01-13 21:03:00+00:00,626.45,626.64,626.44,626.5899,129710.0,394.0,626.558368
QQQ,2026-01-13 21:04:00+00:00,626.58,626.59,626.48,626.48,117960.0,118.0,626.532806
QQQ,2026-01-13 21:05:00+00:00,626.4669,626.53,626.24,626.51,49690.0,146.0,626.466843
QQQ,2026-01-13 21:06:00+00:00,626.52,626.55,626.5,626.55,9644.0,69.0,626.53043
QQQ,2026-01-13 21:07:00+00:00,626.54,626.54,626.4,626.5,36773.0,244.0,626.465589
QQQ,2026-01-13 21:08:00+00:00,626.5,626.55,626.49,626.5,24291.0,168.0,626.522834
QQQ,2026-01-13 21:09:00+00:00,626.49,626.49,626.3,626.3399,12734.0,138.0,626.393256
QQQ,2026-01-13 21:10:00+00:00,626.34,626.4,626.33,626.4,4389.0,49.0,626.355909
QQQ,2026-01-13 21:11:00+00:00,626.4,626.4,626.22,626.29,37288.0,243.0,626.307162
QQQ,2026-01-13 21:12:00+00:00,626.3,626.3,626.26,626.28,1854792.0,118.0,626.279346
QQQ,2026-01-13 21:13:00+00:00,626.27,626.29,626.26,626.28,32631.0,268.0,626.2819
QQQ,2026-01-13 21:14:00+00:00,626.27,626.3,626.26,626.29,50778.0,127.0,626.283122
QQQ,2026-01-13 21:15:00+00:00,626.26,626.28,626.21,626.26,5825.0,61.0,626.247534
QQQ,2026-01-13 21:16:00+00:00,626.26,626.3192,626.25,626.3192,51128.0,233.0,626.29973
QQQ,2026-01-13 21:17:00+00:00,626.32,626.34,626.28,626.28,619.0,28.0,626.314391
QQQ,2026-01-13 21:18:00+00:00,626.27,626.3,626.27,626.3,1911.0,23.0,626.280301
QQQ,2026-01-13 21:19:00+00:00,626.3,626.3,626.26,626.26,565.0,34.0,626.268579
QQQ,2026-01-13 21:20:00+00:00,626.27,626.37,626.27,626.34,15005.0,124.0,626.306962
QQQ,2026-01-13 21:21:00+00:00,626.35,626.35,626.28,626.28,2422.0,44.0,626.336427
QQQ,2026-01-13 21:22:00+00:00,626.3,626.35,626.28,626.28,1576.0,34.0,626.30728
QQQ,2026-01-13 21:23:00+00:00,626.28,626.29,626.24,626.26,1645.0,42.0,626.277845
QQQ,2026-01-13 21:24:00+00:00,626.26,626.26,626.21,626.21,1658.0,53.0,626.229067
QQQ,2026-01-13 21:25:00+00:00,626.2,626.25,626.18,626.25,12015.0,108.0,626.186115
QQQ,2026-01-13 21:26:00+00:00,626.25,626.33,626.25,626.33,2555.0,38.0,626.290465
QQQ,2026-01-13 21:27:00+00:00,626.325,626.41,626.31,626.4,1779.0,48.0,626.342676
QQQ,2026-01-13 21:28:00+00:00,626.4006,626.4199,626.39,626.4,2482.0,60.0,626.393195
QQQ,2026-01-13 21:29:00+00:00,626.39,626.39,626.35,626.35,1094.0,26.0,626.381066
QQQ,2026-01-13 21:30:00+00:00,626.33,626.33,626.33,626.33,172.0,24.0,626.33
QQQ,2026-01-13 21:31:00+00:00,626.3,626.3,626.21,626.21,5608.0,60.0,626.233538
QQQ,2026-01-13 21:32:00+00:00,626.25,626.3,626.25,626.3,241.0,13.0,626.275
QQQ,2026-01-13 21:33:00+00:00,626.26,626.26,626.25,626.25,710.0,22.0,626.253025
QQQ,2026-01-13 21:34:00+00:00,626.22,626.22,626.2,626.22,5774.0,51.0,626.207183
QQQ,2026-01-13 21:35:00+00:00,626.21,626.22,626.2,626.21,1183.0,26.0,626.207462
QQQ,2026-01-13 21:36:00+00:00,626.21,626.25,626.21,626.21,1563.0,46.0,626.2319
QQQ,2026-01-13 21:37:00+00:00,626.24,626.24,626.18,626.18,1666.0,39.0,626.214802
QQQ,2026-01-13 21:38:00+00:00,626.21,626.24,626.17,626.17,1818.0,32.0,626.21797
QQQ,2026-01-13 21:39:00+00:00,626.18,626.2,626.15,626.15,1267.0,23.0,626.170794
QQQ,2026-01-13 21:40:00+00:00,626.15,626.18,626.15,626.17,922.0,28.0,626.165856
QQQ,2026-01-13 21:41:00+00:00,626.16,626.16,626.12,626.13,702.0,30.0,626.135931
QQQ,2026-01-13 21:42:00+00:00,626.11,626.12,626.0,626.0,5835.0,60.0,626.050016
QQQ,2026-01-13 21:43:00+00:00,626.0,626.02,626.0,626.0,1996.0,31.0,626.010805
QQQ,2026-01-13 21:44:00+00:00,626.04,626.04,625.98,625.98,7659.0,72.0,626.004042
QQQ,2026-01-13 21:45:00+00:00,625.96,625.97,625.94,625.94,833.0,28.0,625.964564
QQQ,2026-01-13 21:46:00+00:00,625.94,625.96,625.921,625.94,2358.0,30.0,625.936358
QQQ,2026-01-13 21:47:00+00:00,625.94,625.97,625.92,625.9446,8419.0,75.0,625.940119
QQQ,2026-01-13 21:48:00+00:00,625.96,626.07,625.94,626.07,39814.0,159.0,626.003806
QQQ,2026-01-13 21:49:00+00:00,626.07,626.07,625.98,625.99,7124.0,64.0,626.039461
QQQ,2026-01-13 21:50:00+00:00,626.01,626.04,626.01,626.01,10294.0,53.0,626.024361
QQQ,2026-01-13 21:52:00+00:00,626.0,626.01,625.98,625.98,4154.0,34.0,626.004308
QQQ,2026-01-13 21:53:00+00:00,626.0,626.0,626.0,626.0,199.0,16.0,626.0
QQQ,2026-01-13 21:55:00+00:00,626.06,626.06,625.9,625.9,17675.0,117.0,625.931396
QQQ,2026-01-13 21:56:00+00:00,625.91,625.98,625.91,625.96,1234.0,24.0,625.957076
QQQ,2026-01-13 21:57:00+00:00,625.97,626.0,625.96,626.0,800.0,27.0,625.972459
QQQ,2026-01-13 21:58:00+00:00,626.031,626.06,625.95,625.95,858.0,45.0,626.037774
QQQ,2026-01-13 21:59:00+00:00,625.95,626.0,625.95,625.96,2225.0,21.0,625.957805
QQQ,2026-01-13 22:01:00+00:00,626.01,626.01,626.01,626.01,429.0,30.0,626.01
QQQ,2026-01-13 22:02:00+00:00,626.03,626.03,626.03,626.03,174.0,18.0,626.03
QQQ,2026-01-13 22:07:00+00:00,626.04,626.04,626.04,626.04,283.0,14.0,626.04
QQQ,2026-01-13 22:08:00+00:00,626.07,626.07,626.06,626.07,436.0,28.0,626.067688
QQQ,2026-01-13 22:09:00+00:00,626.05,626.05,626.05,626.05,140.0,16.0,626.05
QQQ,2026-01-13 22:11:00+00:00,626.06,626.06,626.06,626.06,177.0,12.0,626.06
QQQ,2026-01-13 22:15:00+00:00,626.03,626.03,626.02,626.02,268.0,26.0,626.023333
QQQ,2026-01-13 22:16:00+00:00,626.02,626.02,626.02,626.02,117.0,8.0,626.02
QQQ,2026-01-13 22:17:00+00:00,626.01,626.01,625.97,625.97,413.0,34.0,625.985818
QQQ,2026-01-13 22:19:00+00:00,625.96,625.96,625.96,625.96,216.0,30.0,625.96
QQQ,2026-01-13 22:20:00+00:00,625.94,625.97,625.94,625.97,623.0,31.0,625.954875
QQQ,2026-01-13 22:21:00+00:00,625.95,625.95,625.91,625.91,967.0,34.0,625.922995
QQQ,2026-01-13 22:22:00+00:00,625.97,625.98,625.97,625.98,215.0,11.0,625.975556
QQQ,2026-01-13 22:24:00+00:00,625.96,625.96,625.96,625.96,224.0,14.0,625.96
QQQ,2026-01-13 22:25:00+00:00,625.9642,625.9642,625.9642,625.9642,85.0,18.0,625.9642
QQQ,2026-01-13 22:26:00+00:00,625.96,625.96,625.96,625.96,234.0,9.0,625.96
QQQ,2026-01-13 22:27:00+00:00,626.0,626.0,625.95,625.95,570.0,18.0,625.977778
QQQ,2026-01-13 22:28:00+00:00,625.91,625.93,625.91,625.93,1721.0,31.0,625.919397
QQQ,2026-01-13 22:29:00+00:00,625.97,625.97,625.97,625.97,107.0,10.0,625.97
QQQ,2026-01-13 22:30:00+00:00,625.98,625.99,625.98,625.98,515.0,18.0,625.984
QQQ,2026-01-13 22:31:00+00:00,625.99,625.99,625.92,625.93,2294.0,40.0,625.952445
QQQ,2026-01-13 22:33:00+00:00,625.96,625.96,625.96,625.96,71.0,13.0,625.96
QQQ,2026-01-13 22:35:00+00:00,625.95,625.95,625.95,625.95,149.0,15.0,625.95
QQQ,2026-01-13 22:36:00+00:00,626.01,626.01,626.01,626.01,77.0,12.0,626.01
QQQ,2026-01-13 22:37:00+00:00,626.01,626.01,625.973,625.973,1254.0,23.0,625.996642
QQQ,2026-01-13 22:38:00+00:00,625.98,626.08,625.98,626.08,1250.0,25.0,626.063944
QQQ,2026-01-13 22:39:00+00:00,626.0,626.08,626.0,626.03,341.0,24.0,626.025924
QQQ,2026-01-13 22:40:00+00:00,625.95,625.95,625.57,625.62,5411.0,88.0,625.781988
QQQ,2026-01-13 22:42:00+00:00,625.92,625.95,625.92,625.94,542.0,18.0,625.93673
QQQ,2026-01-13 22:43:00+00:00,625.97,625.97,625.97,625.97,105.0,17.0,625.97
QQQ,2026-01-13 22:45:00+00:00,625.88,625.8923,625.83,625.8923,944.0,25.0,625.848271
QQQ,2026-01-13 22:46:00+00:00,625.86,625.91,625.86,625.9,828.0,31.0,625.895129
QQQ,2026-01-13 22:47:00+00:00,625.9,625.9,625.9,625.9,127.0,11.0,625.9
QQQ,2026-01-13 22:48:00+00:00,625.9,625.9,625.89,625.89,449.0,17.0,625.891579
QQQ,2026-01-13 22:49:00+00:00,625.9,625.9,625.8857,625.8857,547.0,14.0,625.894634
QQQ,2026-01-13 22:50:00+00:00,625.82,625.82,625.82,625.82,148.0,8.0,625.82
QQQ,2026-01-13 22:51:00+00:00,625.89,625.93,625.89,625.93,142.0,18.0,625.91
QQQ,2026-01-13 22:53:00+00:00,625.9062,625.9062,625.9062,625.9062,106.0,6.0,625.9062
QQQ,2026-01-13 22:54:00+00:00,625.93,625.94,625.9,625.9,1215.0,21.0,625.933621
QQQ,2026-01-13 22:55:00+00:00,625.95,625.95,625.95,625.95,350.0,24.0,625.95
QQQ,2026-01-13 22:58:00+00:00,625.9487,625.95,625.9487,625.95,947.0,10.0,625.948977
QQQ,2026-01-13 22:59:00+00:00,625.95,626.1,625.95,626.07,1115.0,27.0,625.983176
QQQ,2026-01-13 23:00:00+00:00,625.96,626.3063,625.93,626.23,8845.0,62.0,626.110047
QQQ,2026-01-13 23:01:00+00:00,626.22,626.22,626.1,626.1,1725.0,21.0,626.183133
QQQ,2026-01-13 23:02:00+00:00,626.15,626.15,626.11,626.13,397.0,17.0,626.124118
QQQ,2026-01-13 23:03:00+00:00,626.16,626.16,626.09,626.16,607.0,11.0,626.125
QQQ,2026-01-13 23:04:00+00:00,626.2,626.2,626.15,626.15,610.0,13.0,626.176667
QQQ,2026-01-13 23:05:00+00:00,626.26,626.3,626.2171,626.2942,708.0,25.0,626.271553
QQQ,2026-01-13 23:06:00+00:00,626.29,626.29,626.25,626.25,413.0,6.0,626.27
QQQ,2026-01-13 23:07:00+00:00,626.239,626.24,626.239,626.24,554.0,15.0,626.239213
QQQ,2026-01-13 23:08:00+00:00,626.2998,626.3,626.2,626.2,925.0,21.0,626.272416
QQQ,2026-01-13 23:09:00+00:00,626.1608,626.1608,626.1608,626.1608,153.0,9.0,626.1608
QQQ,2026-01-13 23:10:00+00:00,626.22,626.22,626.12,626.12,485.0,17.0,626.154286
QQQ,2026-01-13 23:12:00+00:00,626.03,626.03,625.8,625.8,3291.0,40.0,625.929621
QQQ,2026-01-13 23:13:00+00:00,625.96,626.04,625.96,626.04,639.0,13.0,626.017549
QQQ,2026-01-13 23:14:00+00:00,625.98,626.0,625.98,626.0,251.0,14.0,625.991111
QQQ,2026-01-13 23:15:00+00:00,625.94,625.9486,625.93,625.9486,359.0,18.0,625.944552
QQQ,2026-01-13 23:16:00+00:00,625.9311,625.9311,625.88,625.88,552.0,21.0,625.911995
QQQ,2026-01-13 23:17:00+00:00,625.9239,625.94,625.9007,625.94,392.0,12.0,625.920518
QQQ,2026-01-13 23:18:00+00:00,625.9,625.9,625.81,625.81,394.0,18.0,625.84194
QQQ,2026-01-13 23:19:00+00:00,625.89,625.89,625.8027,625.8027,643.0,19.0,625.833632
QQQ,2026-01-13 23:20:00+00:00,625.89,625.95,625.89,625.95,552.0,12.0,625.926
QQQ,2026-01-13 23:21:00+00:00,626.031,626.07,626.031,626.07,375.0,20.0,626.065412
QQQ,2026-01-13 23:22:00+00:00,626.08,626.08,625.991,625.991,167.0,8.0,626.016429
QQQ,2026-01-13 23:23:00+00:00,625.922,625.96,625.922,625.96,344.0,18.0,625.9428
QQQ,2026-01-13 23:24:00+00:00,625.89,625.89,625.89,625.89,58.0,8.0,625.89
QQQ,2026-01-13 23:25:00+00:00,625.91,625.91,625.91,625.91,1770.0,8.0,625.91
QQQ,2026-01-13 23:26:00+00:00,625.93,625.93,625.89,625.89,259.0,10.0,625.904226
QQQ,2026-01-13 23:27:00+00:00,625.89,625.89,625.8,625.8,3041.0,26.0,625.846753
QQQ,2026-01-13 23:28:00+00:00,625.8,625.8,625.7,625.78,3607.0,35.0,625.763283
QQQ,2026-01-13 23:29:00+00:00,625.79,625.79,625.75,625.75,934.0,10.0,625.767397
QQQ,2026-01-13 23:30:00+00:00,625.85,625.89,625.85,625.89,716.0,19.0,625.864615
QQQ,2026-01-13 23:31:00+00:00,625.88,625.88,625.88,625.88,115.0,16.0,625.88
QQQ,2026-01-13 23:32:00+00:00,625.855,625.855,625.855,625.855,161.0,13.0,625.855
QQQ,2026-01-13 23:33:00+00:00,625.8,625.8,625.8,625.8,175.0,7.0,625.8
QQQ,2026-01-13 23:37:00+00:00,625.9,625.91,625.9,625.91,151.0,9.0,625.907143
QQQ,2026-01-13 23:38:00+00:00,625.92,625.92,625.92,625.92,197.0,11.0,625.92
QQQ,2026-01-13 23:40:00+00:00,625.96,626.05,625.96,626.05,871.0,18.0,626.011197
QQQ,2026-01-13 23:41:00+00:00,626.0,626.0,626.0,626.0,109.0,8.0,626.0
QQQ,2026-01-13 23:42:00+00:00,625.94,625.95,625.94,625.95,1618.0,21.0,625.948
QQQ,2026-01-13 23:43:00+00:00,625.96,625.96,625.96,625.96,144.0,9.0,625.96
QQQ,2026-01-13 23:46:00+00:00,625.86,625.86,625.84,625.85,1003.0,34.0,625.851084
QQQ,2026-01-13 23:48:00+00:00,625.89,625.89,625.88,625.88,2569.0,15.0,625.889843
QQQ,2026-01-13 23:49:00+00:00,625.83,625.83,625.83,625.83,61.0,14.0,625.83
QQQ,2026-01-13 23:51:00+00:00,625.75,625.75,625.75,625.75,287.0,11.0,625.75
QQQ,2026-01-13 23:52:00+00:00,625.85,625.85,625.83,625.83,185.0,13.0,625.841111
QQQ,2026-01-13 23:53:00+00:00,625.89,625.89,625.8853,625.8853,190.0,11.0,625.88777
QQQ,2026-01-13 23:55:00+00:00,625.87,625.87,625.87,625.87,267.0,15.0,625.87
QQQ,2026-01-13 23:56:00+00:00,625.7993,625.7993,625.7993,625.7993,165.0,13.0,625.7993
QQQ,2026-01-13 23:58:00+00:00,625.7845,625.7845,625.7845,625.7845,115.0,15.0,625.7845
QQQ,2026-01-14 00:00:00+00:00,625.78,625.78,625.68,625.68,2828.0,46.0,625.733889
QQQ,2026-01-14 00:01:00+00:00,625.75,626.01,625.75,626.01,662.0,23.0,625.92928
QQQ,2026-01-14 00:02:00+00:00,626.02,626.22,626.02,626.2,1357.0,43.0,626.153035
QQQ,2026-01-14 00:03:00+00:00,626.03,626.03,625.99,625.99,233.0,13.0,626.01
QQQ,2026-01-14 00:04:00+00:00,625.9,626.0,625.9,626.0,313.0,16.0,625.924876
QQQ,2026-01-14 00:05:00+00:00,626.13,626.25,626.13,626.22,2996.0,34.0,626.227942
QQQ,2026-01-14 00:06:00+00:00,626.16,626.16,626.1,626.1,396.0,12.0,626.135758
QQQ,2026-01-14 00:08:00+00:00,626.21,626.24,626.21,626.21,939.0,29.0,626.231046
QQQ,2026-01-14 00:09:00+00:00,626.23,626.23,626.23,626.23,211.0,8.0,626.23
QQQ,2026-01-14 00:11:00+00:00,626.24,626.3,626.24,626.3,518.0,40.0,626.248746
QQQ,2026-01-14 00:12:00+00:00,626.35,626.5,626.35,626.5,3111.0,49.0,626.462353
QQQ,2026-01-14 00:13:00+00:00,626.5,626.5,626.39,626.41,617.0,14.0,626.42087
QQQ,2026-01-14 00:14:00+00:00,626.41,626.41,626.3,626.3,524.0,15.0,626.381546
QQQ,2026-01-14 00:15:00+00:00,626.361,626.361,626.361,626.361,374.0,13.0,626.361
QQQ,2026-01-14 00:16:00+00:00,626.4,626.4,626.32,626.3377,605.0,10.0,626.339457
QQQ,2026-01-14 00:17:00+00:00,626.28,626.3,626.28,626.3,1059.0,13.0,626.299084
QQQ,2026-01-14 00:18:00+00:00,626.37,626.38,626.36,626.36,1337.0,16.0,626.37255
QQQ,2026-01-14 00:19:00+00:00,626.36,626.36,626.36,626.36,1593.0,17.0,626.36
QQQ,2026-01-14 00:20:00+00:00,626.42,626.5,626.38,626.5,1311.0,24.0,626.472231
QQQ,2026-01-14 00:21:00+00:00,626.5,626.5,626.5,626.5,215.0,20.0,626.5
QQQ,2026-01-14 00:24:00+00:00,626.4,626.43,626.4,626.43,450.0,19.0,626.406838
QQQ,2026-01-14 00:25:00+00:00,626.44,626.44,626.44,626.44,143.0,17.0,626.44
QQQ,2026-01-14 00:26:00+00:00,626.45,626.45,626.45,626.45,157.0,14.0,626.45
QQQ,2026-01-14 00:27:00+00:00,626.49,626.53,626.49,626.53,239.0,16.0,626.517586
QQQ,2026-01-14 00:28:00+00:00,626.521,626.521,626.52,626.52,609.0,15.0,626.520108
QQQ,2026-01-14 00:29:00+00:00,626.5,626.55,626.48,626.55,468.0,12.0,626.502558
QQQ,2026-01-14 00:31:00+00:00,626.5,626.5,626.5,626.5,227.0,11.0,626.5
QQQ,2026-01-14 00:32:00+00:00,626.49,626.49,626.4,626.4,328.0,18.0,626.454143
QQQ,2026-01-14 00:35:00+00:00,626.42,626.42,626.42,626.42,162.0,15.0,626.42
QQQ,2026-01-14 00:38:00+00:00,626.4,626.4,626.4,626.4,115.0,9.0,626.4
QQQ,2026-01-14 00:39:00+00:00,626.4,626.41,626.4,626.4,390.0,18.0,626.40125
QQQ,2026-01-14 00:41:00+00:00,626.3736,626.3736,626.37,626.37,872.0,18.0,626.37088
QQQ,2026-01-14 00:42:00+00:00,626.28,626.28,626.22,626.22,506.0,33.0,626.24
QQQ,2026-01-14 00:43:00+00:00,626.25,626.25,626.25,626.25,969.0,11.0,626.25
QQQ,2026-01-14 00:44:00+00:00,626.34,626.34,626.31,626.32,1577.0,17.0,626.319167
QQQ,2026-01-14 00:46:00+00:00,626.37,626.37,626.32,626.32,2148.0,14.0,626.322381
QQQ,2026-01-14 00:47:00+00:00,626.35,626.37,626.35,626.37,351.0,14.0,626.353607
QQQ,2026-01-14 00:50:00+00:00,626.3946,626.3946,626.3946,626.3946,225.0,8.0,626.3946
QQQ,2026-01-14 00:51:00+00:00,626.34,626.34,626.34,626.34,277.0,15.0,626.34
QQQ,2026-01-14 00:52:00+00:00,626.33,626.4,626.33,626.4,906.0,13.0,626.343099
QQQ,2026-01-14 00:53:00+00:00,626.42,626.48,626.42,626.48,1136.0,20.0,626.461635
QQQ,2026-01-14 00:54:00+00:00,626.4878,626.4878,626.4878,626.4878,105.0,12.0,626.4878
QQQ,2026-01-14 00:55:00+00:00,626.49,626.54,626.48,626.48,1582.0,23.0,626.523755
QQQ,2026-01-14 00:56:00+00:00,626.43,626.49,626.43,626.49,857.0,11.0,626.483241
QQQ,2026-01-14 00:57:00+00:00,626.43,626.47,626.43,626.47,1098.0,22.0,626.450408
QQQ,2026-01-14 00:58:00+00:00,626.44,626.469,626.41,626.41,1224.0,20.0,626.438034
QQQ,2026-01-14 00:59:00+00:00,626.3987,626.3987,626.2,626.2,2121.0,32.0,626.296364
QQQ,2026-01-14 09:00:00+00:00,625.1,625.11,625.05,625.11,2580.0,47.0,625.077671
QQQ,2026-01-14 09:01:00+00:00,625.27,625.27,625.2,625.27,2064.0,51.0,625.242503
QQQ,2026-01-14 09:02:00+00:00,625.25,625.25,625.25,625.25,398.0,20.0,625.25
QQQ,2026-01-14 09:03:00+00:00,625.34,625.36,625.2,625.27,2456.0,34.0,625.318154
QQQ,2026-01-14 09:04:00+00:00,625.25,625.25,625.23,625.23,250.0,7.0,625.24
QQQ,2026-01-14 09:05:00+00:00,625.24,625.27,625.24,625.27,459.0,11.0,625.251792
QQQ,2026-01-14 09:06:00+00:00,625.23,625.36,625.23,625.36,784.0,27.0,625.285267
QQQ,2026-01-14 09:07:00+00:00,625.39,625.41,625.36,625.37,1288.0,31.0,625.38202
QQQ,2026-01-14 09:08:00+00:00,625.37,625.37,625.33,625.34,1187.0,30.0,625.352245
QQQ,2026-01-14 09:09:00+00:00,625.33,625.4,625.33,625.4,589.0,6.0,625.390345
QQQ,2026-01-14 09:10:00+00:00,625.48,625.61,625.44,625.59,1351.0,39.0,625.532168
QQQ,2026-01-14 09:11:00+00:00,625.59,625.59,625.42,625.43,2670.0,43.0,625.461153
QQQ,2026-01-14 09:12:00+00:00,625.39,625.4,625.36,625.37,1662.0,34.0,625.378324
QQQ,2026-01-14 09:13:00+00:00,625.42,625.49,625.4,625.44,3014.0,51.0,625.454191
QQQ,2026-01-14 09:14:00+00:00,625.46,625.5,625.46,625.5,2493.0,46.0,625.482986
QQQ,2026-01-14 09:15:00+00:00,625.53,625.53,625.45,625.45,2517.0,26.0,625.499379
QQQ,2026-01-14 09:16:00+00:00,625.43,625.51,625.43,625.51,1091.0,25.0,625.497213
QQQ,2026-01-14 09:17:00+00:00,625.55,625.55,625.55,625.55,187.0,5.0,625.55
QQQ,2026-01-14 09:18:00+00:00,625.58,625.58,625.55,625.55,467.0,6.0,625.565882
QQQ,2026-01-14 09:19:00+00:00,625.53,625.53,625.49,625.52,538.0,23.0,625.51459
QQQ,2026-01-14 09:20:00+00:00,625.5,625.56,625.5,625.56,1276.0,23.0,625.544242
QQQ,2026-01-14 09:21:00+00:00,625.58,625.58,625.57,625.57,166.0,6.0,625.574737
QQQ,2026-01-14 09:22:00+00:00,625.58,625.6,625.5,625.55,1656.0,30.0,625.566201
QQQ,2026-01-14 09:23:00+00:00,625.5,625.5,625.47,625.48,398.0,12.0,625.484286
QQQ,2026-01-14 09:24:00+00:00,625.5,625.5,625.45,625.46,534.0,9.0,625.46967
QQQ,2026-01-14 09:25:00+00:00,625.43,625.43,625.43,625.43,195.0,9.0,625.43
QQQ,2026-01-14 09:26:00+00:00,625.5,625.51,625.44,625.44,447.0,15.0,625.484615
QQQ,2026-01-14 09:27:00+00:00,625.49,625.49,625.32,625.32,2993.0,55.0,625.375
QQQ,2026-01-14 09:28:00+00:00,625.29,625.29,625.2,625.2,970.0,31.0,625.208079
QQQ,2026-01-14 09:29:00+00:00,625.28,625.28,625.24,625.27,2250.0,44.0,625.262579
QQQ,2026-01-14 09:30:00+00:00,625.3,625.37,625.29,625.37,1151.0,36.0,625.341922
QQQ,2026-01-14 09:31:00+00:00,625.36,625.36,625.34,625.34,935.0,21.0,625.358
QQQ,2026-01-14 09:32:00+00:00,625.2,625.2,625.2,625.2,732.0,17.0,625.2
QQQ,2026-01-14 09:33:00+00:00,625.24,625.25,625.24,625.25,219.0,6.0,625.242632
QQQ,2026-01-14 09:34:00+00:00,625.27,625.27,625.27,625.27,115.0,5.0,625.27
QQQ,2026-01-14 09:35:00+00:00,625.29,625.29,625.29,625.29,172.0,9.0,625.29
QQQ,2026-01-14 09:36:00+00:00,625.32,625.33,625.29,625.29,1010.0,24.0,625.318487
QQQ,2026-01-14 09:37:00+00:00,625.36,625.36,625.36,625.36,118.0,8.0,625.36
QQQ,2026-01-14 09:38:00+00:00,625.32,625.32,625.11,625.32,3584.0,72.0,625.212321
QQQ,2026-01-14 09:39:00+00:00,625.29,625.32,625.29,625.29,927.0,26.0,625.298058
QQQ,2026-01-14 09:40:00+00:00,625.18,625.18,625.11,625.11,1130.0,36.0,625.117714
QQQ,2026-01-14 09:41:00+00:00,625.09,625.17,625.09,625.17,826.0,32.0,625.118779
QQQ,2026-01-14 09:42:00+00:00,625.14,625.14,625.11,625.12,508.0,27.0,625.127097
QQQ,2026-01-14 09:43:00+00:00,625.05,625.06,624.9,624.98,3108.0,103.0,624.989875
QQQ,2026-01-14 09:44:00+00:00,624.92,624.92,624.92,624.92,373.0,18.0,624.92
QQQ,2026-01-14 09:45:00+00:00,625.04,625.05,624.96,624.97,1304.0,28.0,625.006161
QQQ,2026-01-14 09:46:00+00:00,624.98,624.98,624.9,624.95,2088.0,27.0,624.950991
QQQ,2026-01-14 09:47:00+00:00,624.99,625.0,624.97,625.0,343.0,15.0,624.986927
QQQ,2026-01-14 09:48:00+00:00,624.99,625.06,624.96,624.96,1251.0,25.0,625.013704
QQQ,2026-01-14 09:49:00+00:00,624.95,624.95,624.88,624.91,601.0,22.0,624.899093
QQQ,2026-01-14 09:50:00+00:00,624.92,624.92,624.92,624.92,226.0,11.0,624.92
QQQ,2026-01-14 09:51:00+00:00,624.92,624.92,624.75,624.79,6089.0,105.0,624.831395
QQQ,2026-01-14 09:52:00+00:00,624.75,624.75,624.6,624.7,1182.0,46.0,624.683311
QQQ,2026-01-14 09:53:00+00:00,624.7,624.88,624.7,624.87,4536.0,52.0,624.857094
QQQ,2026-01-14 09:54:00+00:00,624.89,624.95,624.89,624.95,498.0,15.0,624.937234
QQQ,2026-01-14 09:55:00+00:00,624.95,624.95,624.95,624.95,188.0,7.0,624.95
QQQ,2026-01-14 09:56:00+00:00,624.99,625.07,624.97,625.0,2264.0,39.0,625.010637
QQQ,2026-01-14 09:57:00+00:00,625.01,625.02,625.01,625.02,343.0,7.0,625.016667
QQQ,2026-01-14 09:58:00+00:00,624.98,624.98,624.91,624.91,578.0,9.0,624.971243
QQQ,2026-01-14 09:59:00+00:00,624.97,624.97,624.93,624.93,398.0,15.0,624.946393
QQQ,2026-01-14 10:00:00+00:00,624.95,624.96,624.95,624.96,273.0,11.0,624.955236
QQQ,2026-01-14 10:01:00+00:00,624.85,624.85,624.8,624.83,3295.0,63.0,624.817761
QQQ,2026-01-14 10:02:00+00:00,624.81,624.81,624.81,624.81,53.0,8.0,624.81
QQQ,2026-01-14 10:03:00+00:00,624.74,624.77,624.73,624.76,3807.0,61.0,624.745186
QQQ,2026-01-14 10:04:00+00:00,624.73,624.74,624.72,624.74,670.0,19.0,624.724792
QQQ,2026-01-14 10:05:00+00:00,624.75,624.75,624.71,624.73,568.0,14.0,624.727573
QQQ,2026-01-14 10:06:00+00:00,624.77,624.77,624.77,624.77,204.0,3.0,624.77
QQQ,2026-01-14 10:07:00+00:00,624.77,624.8,624.77,624.8,217.0,6.0,624.783333
QQQ,2026-01-14 10:08:00+00:00,624.85,624.86,624.85,624.86,476.0,15.0,624.852857
QQQ,2026-01-14 10:09:00+00:00,624.85,624.86,624.85,624.86,293.0,15.0,624.855556
QQQ,2026-01-14 10:10:00+00:00,624.89,624.89,624.89,624.89,83.0,4.0,624.89
QQQ,2026-01-14 10:11:00+00:00,624.82,624.86,624.8,624.86,713.0,23.0,624.825
QQQ,2026-01-14 10:12:00+00:00,624.75,624.75,624.7,624.7,388.0,22.0,624.730769
QQQ,2026-01-14 10:13:00+00:00,624.59,624.61,624.44,624.51,6237.0,145.0,624.507549
QQQ,2026-01-14 10:14:00+00:00,624.48,624.55,624.48,624.55,2672.0,41.0,624.513352
QQQ,2026-01-14 10:15:00+00:00,624.5,624.5,624.3,624.3,2036.0,63.0,624.385402
QQQ,2026-01-14 10:16:00+00:00,624.29,624.41,624.29,624.37,2020.0,41.0,624.324402
QQQ,2026-01-14 10:17:00+00:00,624.35,624.44,624.35,624.44,338.0,12.0,624.384898
QQQ,2026-01-14 10:18:00+00:00,624.44,624.44,624.33,624.33,800.0,18.0,624.373232
QQQ,2026-01-14 10:19:00+00:00,624.3,624.3,624.06,624.06,1673.0,81.0,624.165952
QQQ,2026-01-14 10:20:00+00:00,624.05,624.05,623.89,623.99,6307.0,143.0,623.993246
QQQ,2026-01-14 10:21:00+00:00,623.96,624.05,623.54,623.54,3905.0,131.0,623.759185
QQQ,2026-01-14 10:22:00+00:00,623.5,623.5,623.15,623.29,3829.0,131.0,623.344121
QQQ,2026-01-14 10:23:00+00:00,623.28,623.28,622.9,623.02,9684.0,240.0,623.081259
QQQ,2026-01-14 10:24:00+00:00,623.0,623.25,622.94,623.1,15702.0,172.0,623.183407
QQQ,2026-01-14 10:25:00+00:00,623.04,623.15,622.96,623.15,1543.0,54.0,623.036035
QQQ,2026-01-14 10:26:00+00:00,623.07,623.13,622.92,622.97,2397.0,61.0,623.013131
QQQ,2026-01-14 10:27:00+00:00,623.02,623.02,622.7,622.75,2592.0,75.0,622.85403
QQQ,2026-01-14 10:28:00+00:00,622.77,623.04,622.77,622.99,4253.0,67.0,622.961722
QQQ,2026-01-14 10:29:00+00:00,623.03,623.07,623.0,623.01,2666.0,45.0,623.035699
QQQ,2026-01-14 10:30:00+00:00,622.9,623.08,622.89,623.04,5224.0,140.0,622.940866
QQQ,2026-01-14 10:31:00+00:00,622.96,622.96,622.72,622.72,3784.0,80.0,622.866923
QQQ,2026-01-14 10:32:00+00:00,622.85,622.92,622.85,622.92,1435.0,30.0,622.873182
QQQ,2026-01-14 10:33:00+00:00,623.0,623.0,622.71,622.71,3163.0,64.0,622.919232
QQQ,2026-01-14 10:34:00+00:00,622.7,622.7,622.22,622.41,9360.0,174.0,622.404174
QQQ,2026-01-14 10:35:00+00:00,622.38,622.39,622.26,622.39,2104.0,65.0,622.319122
QQQ,2026-01-14 10:36:00+00:00,622.36,622.59,622.33,622.54,12139.0,183.0,622.41404
QQQ,2026-01-14 10:37:00+00:00,622.5,622.61,622.44,622.44,2944.0,63.0,622.500214
QQQ,2026-01-14 10:38:00+00:00,622.47,622.62,622.41,622.58,2432.0,34.0,622.537085
QQQ,2026-01-14 10:39:00+00:00,622.61,622.87,622.61,622.79,6557.0,112.0,622.810167
QQQ,2026-01-14 10:40:00+00:00,622.83,622.91,622.83,622.88,505.0,25.0,622.891745
QQQ,2026-01-14 10:41:00+00:00,622.78,622.84,622.66,622.66,2516.0,58.0,622.761149
QQQ,2026-01-14 10:42:00+00:00,622.61,622.72,622.61,622.67,9418.0,86.0,622.666602
QQQ,2026-01-14 10:43:00+00:00,622.6,622.6,622.55,622.58,5626.0,48.0,622.588328
QQQ,2026-01-14 10:44:00+00:00,622.53,622.61,622.52,622.52,5511.0,78.0,622.566825
QQQ,2026-01-14 10:45:00+00:00,622.5,622.55,622.45,622.5,3259.0,73.0,622.503504
QQQ,2026-01-14 10:46:00+00:00,622.42,622.42,622.3,622.3,1336.0,27.0,622.332306
QQQ,2026-01-14 10:47:00+00:00,622.32,622.32,622.18,622.19,4616.0,97.0,622.212124
QQQ,2026-01-14 10:48:00+00:00,622.34,622.46,622.34,622.46,3146.0,52.0,622.430696
QQQ,2026-01-14 10:49:00+00:00,622.41,622.42,622.01,622.03,9239.0,151.0,622.251454
QQQ,2026-01-14 10:50:00+00:00,622.01,622.13,622.01,622.07,1260.0,41.0,622.060602
QQQ,2026-01-14 10:51:00+00:00,622.15,622.22,622.15,622.2,3798.0,32.0,622.198311
QQQ,2026-01-14 10:52:00+00:00,622.15,622.15,621.6,621.65,18966.0,399.0,621.743369
QQQ,2026-01-14 10:53:00+00:00,621.65,621.88,621.63,621.88,29876.0,320.0,621.775997
QQQ,2026-01-14 10:54:00+00:00,621.9,621.99,621.81,621.89,19018.0,146.0,621.882724
QQQ,2026-01-14 10:55:00+00:00,622.0,622.26,621.99,622.26,10995.0,70.0,622.199023
QQQ,2026-01-14 10:56:00+00:00,622.23,622.29,622.18,622.18,1151.0,39.0,622.232647
QQQ,2026-01-14 10:57:00+00:00,622.19,622.26,622.19,622.26,1361.0,50.0,622.219122
QQQ,2026-01-14 10:58:00+00:00,622.34,622.37,622.3,622.3,1747.0,26.0,622.354288
QQQ,2026-01-14 10:59:00+00:00,622.25,622.25,622.15,622.21,1481.0,31.0,622.202268
QQQ,2026-01-14 11:00:00+00:00,622.3,622.3,622.06,622.06,594.0,17.0,622.18
QQQ,2026-01-14 11:01:00+00:00,622.0,622.0,621.77,621.81,3542.0,121.0,621.863467
QQQ,2026-01-14 11:02:00+00:00,621.84,621.92,621.84,621.92,4429.0,83.0,621.861911
QQQ,2026-01-14 11:03:00+00:00,621.92,622.01,621.86,621.93,1565.0,57.0,621.92217
QQQ,2026-01-14 11:04:00+00:00,621.89,621.91,621.83,621.87,7102.0,122.0,621.867389
QQQ,2026-01-14 11:05:00+00:00,621.9,621.9,621.79,621.88,3064.0,66.0,621.870934
QQQ,2026-01-14 11:06:00+00:00,621.87,621.9,621.63,621.7,6341.0,127.0,621.767603
QQQ,2026-01-14 11:07:00+00:00,621.7,621.77,621.7,621.77,1726.0,39.0,621.709431
QQQ,2026-01-14 11:08:00+00:00,621.75,621.99,621.72,621.8,3526.0,68.0,621.818391
QQQ,2026-01-14 11:09:00+00:00,621.87,622.11,621.83,622.08,2513.0,65.0,622.008355
QQQ,2026-01-14 11:10:00+00:00,621.85,621.91,621.72,621.91,1622.0,76.0,621.804118
QQQ,2026-01-14 11:11:00+00:00,621.92,622.18,621.91,622.18,7636.0,120.0,622.123038
QQQ,2026-01-14 11:12:00+00:00,622.26,622.26,622.17,622.2,5213.0,117.0,622.217833
QQQ,2026-01-14 11:13:00+00:00,622.19,622.19,622.0,622.19,2370.0,68.0,622.095685
QQQ,2026-01-14 11:14:00+00:00,622.18,622.22,622.16,622.21,1294.0,36.0,622.185452
QQQ,2026-01-14 11:15:00+00:00,622.22,622.26,622.16,622.25,1642.0,39.0,622.207495
QQQ,2026-01-14 11:16:00+00:00,622.26,622.31,622.23,622.27,1110.0,39.0,622.269622
QQQ,2026-01-14 11:17:00+00:00,622.26,622.28,622.26,622.27,1238.0,30.0,622.271001
QQQ,2026-01-14 11:18:00+00:00,622.25,622.25,622.16,622.16,2372.0,62.0,622.233316
QQQ,2026-01-14 11:19:00+00:00,622.2,622.28,622.16,622.27,5100.0,82.0,622.215517
QQQ,2026-01-14 11:20:00+00:00,622.3,622.52,622.3,622.52,1551.0,47.0,622.395779
QQQ,2026-01-14 11:21:00+00:00,622.52,622.52,622.4,622.4,553.0,21.0,622.425862
QQQ,2026-01-14 11:22:00+00:00,622.4,622.42,622.4,622.41,3076.0,45.0,622.417512
QQQ,2026-01-14 11:23:00+00:00,622.45,622.66,622.45,622.66,902.0,35.0,622.567674
QQQ,2026-01-14 11:24:00+00:00,622.59,622.67,622.58,622.67,1831.0,27.0,622.630417
QQQ,2026-01-14 11:25:00+00:00,622.68,622.86,622.68,622.77,7161.0,117.0,622.793901
QQQ,2026-01-14 11:26:00+00:00,622.77,622.83,622.77,622.77,1334.0,47.0,622.782471
QQQ,2026-01-14 11:27:00+00:00,622.68,622.8,622.68,622.76,3250.0,59.0,622.746431
QQQ,2026-01-14 11:28:00+00:00,622.84,622.84,622.72,622.72,2193.0,39.0,622.82533
QQQ,2026-01-14 11:29:00+00:00,622.75,622.75,622.71,622.71,1016.0,31.0,622.732955
QQQ,2026-01-14 11:30:00+00:00,622.78,622.88,622.78,622.8,1579.0,30.0,622.810806
QQQ,2026-01-14 11:31:00+00:00,622.76,622.77,622.69,622.77,1674.0,26.0,622.713905
QQQ,2026-01-14 11:32:00+00:00,622.78,622.78,622.68,622.68,771.0,35.0,622.72433
QQQ,2026-01-14 11:33:00+00:00,622.7,622.73,622.7,622.7,669.0,27.0,622.716471
QQQ,2026-01-14 11:34:00+00:00,622.71,622.71,622.6,622.64,1552.0,31.0,622.629889
QQQ,2026-01-14 11:35:00+00:00,622.61,622.63,622.61,622.63,414.0,10.0,622.615714
QQQ,2026-01-14 11:36:00+00:00,622.64,622.64,622.5,622.57,2985.0,53.0,622.554998
QQQ,2026-01-14 11:37:00+00:00,622.55,622.67,622.55,622.66,1515.0,35.0,622.604054
QQQ,2026-01-14 11:38:00+00:00,622.68,622.68,622.63,622.64,374.0,15.0,622.652448
QQQ,2026-01-14 11:39:00+00:00,622.69,622.69,622.55,622.55,1289.0,46.0,622.5934
QQQ,2026-01-14 11:40:00+00:00,622.61,622.62,622.53,622.55,1473.0,38.0,622.595682
QQQ,2026-01-14 11:41:00+00:00,622.5,622.55,622.49,622.53,880.0,31.0,622.519091
QQQ,2026-01-14 11:42:00+00:00,622.51,622.51,622.44,622.45,1272.0,29.0,622.450878
QQQ,2026-01-14 11:43:00+00:00,622.4,622.4,622.38,622.39,2209.0,51.0,622.391325
QQQ,2026-01-14 11:44:00+00:00,622.51,622.51,622.33,622.4,1801.0,38.0,622.440987
QQQ,2026-01-14 11:45:00+00:00,622.37,622.37,622.35,622.35,1353.0,24.0,622.358638
QQQ,2026-01-14 11:46:00+00:00,622.37,622.37,622.37,622.37,130.0,7.0,622.37
QQQ,2026-01-14 11:47:00+00:00,622.54,622.67,622.54,622.64,1205.0,27.0,622.616082
QQQ,2026-01-14 11:48:00+00:00,622.66,622.67,622.6,622.67,2024.0,30.0,622.622749
QQQ,2026-01-14 11:49:00+00:00,622.67,622.67,622.58,622.66,3299.0,54.0,622.6086
QQQ,2026-01-14 11:50:00+00:00,622.6,622.6,622.52,622.52,1314.0,41.0,622.544107
QQQ,2026-01-14 11:51:00+00:00,622.4,622.51,622.4,622.48,6540.0,72.0,622.471355
QQQ,2026-01-14 11:52:00+00:00,622.51,622.51,622.44,622.44,450.0,29.0,622.472515
QQQ,2026-01-14 11:53:00+00:00,622.49,622.54,622.49,622.54,1329.0,30.0,622.517346
QQQ,2026-01-14 11:54:00+00:00,622.5,622.51,622.45,622.51,403.0,14.0,622.48375
QQQ,2026-01-14 11:55:00+00:00,622.48,622.49,622.46,622.49,654.0,19.0,622.483333
QQQ,2026-01-14 11:56:00+00:00,622.59,622.68,622.59,622.68,665.0,28.0,622.636541
QQQ,2026-01-14 11:57:00+00:00,622.63,622.63,622.33,622.33,3432.0,101.0,622.514049
QQQ,2026-01-14 11:58:00+00:00,622.25,622.43,622.23,622.43,2154.0,61.0,622.259033
QQQ,2026-01-14 11:59:00+00:00,622.46,622.47,622.34,622.35,1136.0,33.0,622.385043
QQQ,2026-01-14 12:00:00+00:00,622.32,622.49,622.0,622.07,16053.0,400.0,622.186734
QQQ,2026-01-14 12:01:00+00:00,622.12,622.12,621.4,621.449,21329.0,373.0,621.741928
QQQ,2026-01-14 12:02:00+00:00,621.38,622.08,621.36,621.97,15216.0,245.0,621.698713
QQQ,2026-01-14 12:03:00+00:00,621.89,621.89,621.79,621.8,3662.0,88.0,621.834762
QQQ,2026-01-14 12:04:00+00:00,621.75,621.75,621.71,621.73,764.0,39.0,621.727936
QQQ,2026-01-14 12:05:00+00:00,621.95,622.01,621.8,622.01,5635.0,103.0,621.943036
QQQ,2026-01-14 12:06:00+00:00,622.18,622.29,622.18,622.24,3312.0,96.0,622.236009
QQQ,2026-01-14 12:07:00+00:00,622.18,622.36,622.17,622.25,2454.0,71.0,622.265607
QQQ,2026-01-14 12:08:00+00:00,622.28,622.3,622.27,622.27,4322.0,57.0,622.272405
QQQ,2026-01-14 12:09:00+00:00,622.27,622.27,622.19,622.2,1161.0,42.0,622.230852
QQQ,2026-01-14 12:10:00+00:00,622.18,622.27,622.15,622.23,2882.0,65.0,622.20498
QQQ,2026-01-14 12:11:00+00:00,622.3,622.3,622.2,622.2,1479.0,30.0,622.218544
QQQ,2026-01-14 12:12:00+00:00,622.23,622.31,622.23,622.31,494.0,21.0,622.266405
QQQ,2026-01-14 12:13:00+00:00,622.4,622.4,622.4,622.4,243.0,19.0,622.4
QQQ,2026-01-14 12:14:00+00:00,622.47,622.52,622.46,622.52,891.0,24.0,622.493475
QQQ,2026-01-14 12:15:00+00:00,622.52,622.56,622.51,622.56,684.0,20.0,622.526901
QQQ,2026-01-14 12:16:00+00:00,622.52,622.62,622.5,622.62,1495.0,45.0,622.516503
QQQ,2026-01-14 12:17:00+00:00,622.59,622.62,622.57,622.6,2300.0,46.0,622.598867
QQQ,2026-01-14 12:18:00+00:00,622.54,622.62,622.54,622.58,1199.0,26.0,622.594788
QQQ,2026-01-14 12:19:00+00:00,622.54,622.69,622.54,622.69,840.0,26.0,622.615443
QQQ,2026-01-14 12:20:00+00:00,622.68,622.85,622.68,622.82,4672.0,66.0,622.773947
QQQ,2026-01-14 12:21:00+00:00,622.82,623.02,622.8,623.01,3365.0,93.0,622.871159
QQQ,2026-01-14 12:22:00+00:00,623.04,623.06,622.97,623.02,3069.0,53.0,622.98706
QQQ,2026-01-14 12:23:00+00:00,623.1,623.25,623.04,623.24,4539.0,95.0,623.189729
QQQ,2026-01-14 12:24:00+00:00,623.19,623.19,623.08,623.18,10074.0,162.0,623.155418
QQQ,2026-01-14 12:25:00+00:00,623.1,623.17,623.06,623.11,3110.0,61.0,623.103763
QQQ,2026-01-14 12:26:00+00:00,623.12,623.12,623.1,623.1,842.0,29.0,623.115455
QQQ,2026-01-14 12:27:00+00:00,623.02,623.05,623.0,623.04,1472.0,49.0,623.014416
QQQ,2026-01-14 12:28:00+00:00,623.0,623.1,623.0,623.09,2009.0,44.0,623.084195
QQQ,2026-01-14 12:29:00+00:00,623.07,623.07,623.05,623.05,943.0,27.0,623.05963
QQQ,2026-01-14 12:30:00+00:00,623.08,623.1,623.0,623.07,2084.0,60.0,623.067045
QQQ,2026-01-14 12:31:00+00:00,623.06,623.23,623.06,623.16,4711.0,68.0,623.157166
QQQ,2026-01-14 12:32:00+00:00,623.17,623.17,623.15,623.16,596.0,13.0,623.16384
QQQ,2026-01-14 12:33:00+00:00,623.18,623.3,623.13,623.27,8455.0,146.0,623.257879
QQQ,2026-01-14 12:34:00+00:00,623.26,623.26,623.24,623.26,1003.0,23.0,623.255125
QQQ,2026-01-14 12:35:00+00:00,623.26,623.31,623.26,623.26,2467.0,52.0,623.287263
QQQ,2026-01-14 12:36:00+00:00,623.31,623.33,623.26,623.26,4201.0,77.0,623.31439
QQQ,2026-01-14 12:37:00+00:00,623.26,623.26,623.2,623.22,2271.0,67.0,623.213372
QQQ,2026-01-14 12:38:00+00:00,623.21,623.21,623.13,623.2,2695.0,90.0,623.145848
QQQ,2026-01-14 12:39:00+00:00,623.19,623.19,623.19,623.19,633.0,41.0,623.19
QQQ,2026-01-14 12:41:00+00:00,623.14,623.2,623.11,623.2,996.0,20.0,623.154
QQQ,2026-01-14 12:42:00+00:00,623.22,623.27,623.17,623.24,7588.0,87.0,623.228138
QQQ,2026-01-14 12:43:00+00:00,623.199,623.199,623.16,623.17,331.0,13.0,623.172
QQQ,2026-01-14 12:44:00+00:00,623.07,623.19,623.07,623.19,3428.0,63.0,623.096349
QQQ,2026-01-14 12:45:00+00:00,623.16,623.21,623.15,623.17,3541.0,39.0,623.176464
QQQ,2026-01-14 12:46:00+00:00,623.17,623.17,623.04,623.06,7352.0,104.0,623.114454
QQQ,2026-01-14 12:47:00+00:00,623.1,623.1,623.01,623.05,1569.0,23.0,623.045416
QQQ,2026-01-14 12:48:00+00:00,623.0,623.0,623.0,623.0,2713.0,61.0,623.0
QQQ,2026-01-14 12:49:00+00:00,623.05,623.099,623.05,623.099,921.0,8.0,623.092951
QQQ,2026-01-14 12:50:00+00:00,623.0,623.06,623.0,623.05,1192.0,39.0,623.024448
QQQ,2026-01-14 12:51:00+00:00,623.17,623.17,623.11,623.11,1101.0,24.0,623.151212
QQQ,2026-01-14 12:52:00+00:00,623.1,623.12,623.0,623.02,1980.0,48.0,623.04456
QQQ,2026-01-14 12:53:00+00:00,623.02,623.07,623.02,623.07,845.0,12.0,623.039973
QQQ,2026-01-14 12:54:00+00:00,623.06,623.14,623.06,623.13,1573.0,30.0,623.101729
QQQ,2026-01-14 12:55:00+00:00,623.16,623.25,623.16,623.25,1201.0,37.0,623.189049
QQQ,2026-01-14 12:56:00+00:00,623.19,623.19,623.14,623.14,1081.0,39.0,623.171089
QQQ,2026-01-14 12:57:00+00:00,623.14,623.23,623.14,623.23,430.0,13.0,623.214286
QQQ,2026-01-14 12:58:00+00:00,623.24,623.24,623.19,623.19,839.0,29.0,623.212357
QQQ,2026-01-14 12:59:00+00:00,623.19,623.23,623.19,623.2,10711.0,102.0,623.201384
QQQ,2026-01-14 13:00:00+00:00,622.17,625.71,621.39,623.26,146968.0,3750.0,623.555005
QQQ,2026-01-14 13:01:00+00:00,623.21,625.48,623.05,623.15,4720.0,429.0,624.558745
QQQ,2026-01-14 13:02:00+00:00,624.07,624.07,621.88,623.135,1602.0,153.0,622.824468
QQQ,2026-01-14 13:03:00+00:00,623.04,623.07,622.93,622.93,1443.0,96.0,623.007943
QQQ,2026-01-14 13:04:00+00:00,622.86,622.8908,622.8,622.84,7610.0,107.0,622.844323
QQQ,2026-01-14 13:05:00+00:00,622.82,625.771,622.77,622.781,3554.0,107.0,622.944552
QQQ,2026-01-14 13:06:00+00:00,622.87,622.87,622.77,622.8,3747.0,76.0,622.81878
QQQ,2026-01-14 13:07:00+00:00,622.845,622.89,622.7936,622.82,2179.0,62.0,622.840716
QQQ,2026-01-14 13:08:00+00:00,622.81,622.811,622.73,622.78,4836.0,100.0,622.757195
QQQ,2026-01-14 13:09:00+00:00,622.82,623.15,622.82,623.14,5157.0,156.0,623.037581
QQQ,2026-01-14 13:10:00+00:00,623.11,623.24,623.11,623.16,5501.0,112.0,623.174513
QQQ,2026-01-14 13:11:00+00:00,623.17,623.17,622.94,623.06,1759.0,63.0,623.043036
QQQ,2026-01-14 13:12:00+00:00,623.07,623.14,623.05,623.08,4041.0,78.0,623.082075
QQQ,2026-01-14 13:13:00+00:00,623.1,623.1,623.05,623.06,900.0,53.0,623.062928
QQQ,2026-01-14 13:14:00+00:00,623.05,623.05,622.9,622.9,2968.0,73.0,623.006208
QQQ,2026-01-14 13:15:00+00:00,622.88,622.9,622.81,622.87,5457.0,114.0,622.86587
QQQ,2026-01-14 13:16:00+00:00,622.96,623.22,622.89,623.09,14790.0,193.0,623.025244
QQQ,2026-01-14 13:17:00+00:00,623.16,623.25,623.06,623.25,3958.0,111.0,623.178445
QQQ,2026-01-14 13:18:00+00:00,623.289,623.35,623.2,623.2,6637.0,130.0,623.301232
QQQ,2026-01-14 13:19:00+00:00,623.17,623.17,623.05,623.08,1432.0,59.0,623.113596
QQQ,2026-01-14 13:20:00+00:00,623.1,623.23,623.1,623.23,740.0,43.0,623.129955
QQQ,2026-01-14 13:21:00+00:00,623.25,623.26,622.58,623.2,59784.0,1048.0,622.966405
QQQ,2026-01-14 13:22:00+00:00,623.2292,623.47,623.191,623.46,8539.0,195.0,623.371148
QQQ,2026-01-14 13:23:00+00:00,623.46,623.49,623.4,623.4354,4105.0,103.0,623.464935
QQQ,2026-01-14 13:24:00+00:00,623.45,623.51,623.4,623.45,5029.0,104.0,623.467606
QQQ,2026-01-14 13:25:00+00:00,623.43,623.49,623.41,623.42,3701.0,69.0,623.439178
QQQ,2026-01-14 13:26:00+00:00,623.39,623.3979,623.27,623.27,3398.0,115.0,623.346039
QQQ,2026-01-14 13:27:00+00:00,623.34,623.38,623.3294,623.3294,3763.0,62.0,623.354026
QQQ,2026-01-14 13:28:00+00:00,623.33,623.48,623.33,623.48,1296.0,41.0,623.419295
QQQ,2026-01-14 13:29:00+00:00,623.47,623.61,623.43,623.52,1464.0,60.0,623.517327
QQQ,2026-01-14 13:30:00+00:00,623.67,623.86,623.04,623.06,15639.0,223.0,623.19935
QQQ,2026-01-14 13:31:00+00:00,623.13,623.2,622.85,622.91,20863.0,174.0,622.948746
QQQ,2026-01-14 13:32:00+00:00,622.9392,623.13,622.93,623.13,8677.0,110.0,622.99689
QQQ,2026-01-14 13:33:00+00:00,623.12,623.15,622.7301,622.78,9836.0,161.0,622.992473
QQQ,2026-01-14 13:34:00+00:00,622.74,622.9495,622.62,622.91,5669.0,145.0,622.717908
QQQ,2026-01-14 13:35:00+00:00,622.84,622.86,622.6762,622.75,7552.0,92.0,622.753781
QQQ,2026-01-14 13:36:00+00:00,622.73,623.01,622.72,622.87,21755.0,317.0,622.877965
QQQ,2026-01-14 13:37:00+00:00,622.87,622.9,622.68,622.75,5114.0,170.0,622.759368
QQQ,2026-01-14 13:38:00+00:00,622.83,622.95,622.82,622.83,2043.0,69.0,622.885769
QQQ,2026-01-14 13:39:00+00:00,622.9,622.95,622.79,622.87,3508.0,80.0,622.88067
QQQ,2026-01-14 13:40:00+00:00,622.87,623.01,622.85,622.86,4538.0,75.0,622.92027
QQQ,2026-01-14 13:41:00+00:00,622.89,622.89,622.77,622.84,1796.0,77.0,622.821341
QQQ,2026-01-14 13:42:00+00:00,622.85,622.85,622.79,622.79,1709.0,64.0,622.821739
QQQ,2026-01-14 13:43:00+00:00,622.93,623.01,622.84,622.86,7168.0,110.0,622.920756
QQQ,2026-01-14 13:44:00+00:00,622.83,622.85,622.41,622.41,20828.0,422.0,622.617799
QQQ,2026-01-14 13:45:00+00:00,622.41,622.53,622.1,622.53,24605.0,518.0,622.30494
QQQ,2026-01-14 13:46:00+00:00,622.52,622.55,622.37,622.48,12264.0,144.0,622.432722
QQQ,2026-01-14 13:47:00+00:00,622.48,622.48,622.32,622.39,10178.0,189.0,622.388593
QQQ,2026-01-14 13:48:00+00:00,622.39,622.44,622.18,622.21,16784.0,219.0,622.323178
QQQ,2026-01-14 13:49:00+00:00,622.261,622.36,622.21,622.34,7031.0,119.0,622.283311
QQQ,2026-01-14 13:50:00+00:00,622.37,622.52,622.34,622.52,5256.0,150.0,622.391458
QQQ,2026-01-14 13:51:00+00:00,622.47,622.62,622.45,622.58,7404.0,158.0,622.544314
QQQ,2026-01-14 13:52:00+00:00,622.58,622.72,622.57,622.61,5893.0,134.0,622.6681
QQQ,2026-01-14 13:53:00+00:00,622.61,622.68,622.57,622.67,3154.0,85.0,622.629065
QQQ,2026-01-14 13:54:00+00:00,622.69,622.72,622.68,622.7,1473.0,32.0,622.701932
QQQ,2026-01-14 13:55:00+00:00,622.74,622.75,622.63,622.67,1626.0,65.0,622.685617
