Symbol,Timestamp,Open,High,Low,Close,Volume,TradeCount,VWAP
SQQQ,2026-01-01 00:05:00+00:00,68.42,68.42,68.42,68.42,300.0,4.0,68.42
SQQQ,2026-01-01 00:07:00+00:00,68.4,68.4,68.4,68.4,109.0,4.0,68.4
SQQQ,2026-01-01 00:11:00+00:00,68.4436,68.4436,68.4436,68.4436,150.0,2.0,68.4436
SQQQ,2026-01-01 00:12:00+00:00,68.42,68.42,68.42,68.42,136.0,2.0,68.42
SQQQ,2026-01-01 00:14:00+00:00,68.44,68.44,68.44,68.44,110.0,3.0,68.44
SQQQ,2026-01-01 00:16:00+00:00,68.46,68.46,68.46,68.46,115.0,3.0,68.46
SQQQ,2026-01-01 00:17:00+00:00,68.4401,68.4401,68.4401,68.4401,315.0,3.0,68.4401
SQQQ,2026-01-01 00:18:00+00:00,68.45,68.45,68.45,68.45,444.0,1.0,68.45
SQQQ,2026-01-01 00:19:00+00:00,68.45,68.45,68.45,68.45,243.0,3.0,68.45
SQQQ,2026-01-01 00:20:00+00:00,68.45,68.45,68.45,68.45,197.0,3.0,68.45
SQQQ,2026-01-01 00:21:00+00:00,68.44,68.44,68.44,68.44,953.0,4.0,68.44
SQQQ,2026-01-01 00:23:00+00:00,68.43,68.43,68.43,68.43,139.0,2.0,68.43
SQQQ,2026-01-01 00:29:00+00:00,68.46,68.46,68.46,68.46,446.0,7.0,68.46
SQQQ,2026-01-01 00:30:00+00:00,68.4599,68.4599,68.4301,68.4301,2595.0,8.0,68.441783
SQQQ,2026-01-01 00:32:00+00:00,68.43,68.43,68.43,68.43,1032.0,3.0,68.43
SQQQ,2026-01-01 00:34:00+00:00,68.4395,68.4395,68.4395,68.4395,110.0,2.0,68.4395
SQQQ,2026-01-01 00:35:00+00:00,68.44,68.44,68.4348,68.4348,2110.0,3.0,68.435295
SQQQ,2026-01-01 00:37:00+00:00,68.43,68.43,68.43,68.43,851.0,3.0,68.43
SQQQ,2026-01-01 00:38:00+00:00,68.43,68.4348,68.43,68.4348,920.0,5.0,68.432166
SQQQ,2026-01-01 00:40:00+00:00,68.44,68.44,68.44,68.44,484.0,4.0,68.44
SQQQ,2026-01-01 00:41:00+00:00,68.4416,68.4416,68.4416,68.4416,460.0,6.0,68.4416
SQQQ,2026-01-01 00:43:00+00:00,68.44,68.44,68.4399,68.44,1313.0,5.0,68.439962
SQQQ,2026-01-01 00:44:00+00:00,68.44,68.44,68.4397,68.44,1120.0,4.0,68.439864
SQQQ,2026-01-01 00:46:00+00:00,68.43,68.43,68.43,68.43,105.0,2.0,68.43
SQQQ,2026-01-01 00:47:00+00:00,68.43,68.44,68.43,68.44,1432.0,7.0,68.430789
SQQQ,2026-01-01 00:48:00+00:00,68.43,68.43,68.43,68.43,363.0,6.0,68.43
SQQQ,2026-01-01 00:51:00+00:00,68.43,68.4399,68.43,68.4303,605.0,5.0,68.431909
SQQQ,2026-01-01 00:52:00+00:00,68.43,68.43,68.43,68.43,854.0,6.0,68.43
SQQQ,2026-01-01 00:53:00+00:00,68.4399,68.4399,68.4303,68.4303,522.0,5.0,68.433124
SQQQ,2026-01-01 00:54:00+00:00,68.4302,68.44,68.4302,68.44,623.0,4.0,68.431833
SQQQ,2026-01-01 00:55:00+00:00,68.43,68.43,68.43,68.43,7202.0,3.0,68.43
SQQQ,2026-01-01 00:56:00+00:00,68.4302,68.44,68.43,68.44,6774.0,12.0,68.439268
SQQQ,2026-01-01 00:57:00+00:00,68.43,68.44,68.43,68.44,5955.0,17.0,68.431669
SQQQ,2026-01-01 00:59:00+00:00,68.45,68.45,68.4468,68.4468,906.0,12.0,68.449029
SQQQ,2026-01-02 09:00:00+00:00,67.62,67.62,66.42,66.46,36229.0,353.0,66.48067
SQQQ,2026-01-02 09:01:00+00:00,66.45,66.45,66.35,66.36,10094.0,100.0,66.395484
SQQQ,2026-01-02 09:02:00+00:00,66.36,66.38,66.35,66.38,5459.0,56.0,66.366389
SQQQ,2026-01-02 09:03:00+00:00,66.37,66.45,66.37,66.45,2840.0,34.0,66.411
SQQQ,2026-01-02 09:04:00+00:00,66.42,66.42,66.41,66.42,1264.0,32.0,66.41875
SQQQ,2026-01-02 09:05:00+00:00,66.41,66.41,66.37,66.4,11601.0,139.0,66.394819
SQQQ,2026-01-02 09:06:00+00:00,66.39,66.39,66.37,66.39,2353.0,44.0,66.380733
SQQQ,2026-01-02 09:07:00+00:00,66.4,66.42,66.4,66.4,4586.0,69.0,66.402227
SQQQ,2026-01-02 09:08:00+00:00,66.41,66.41,66.33,66.33,2153.0,63.0,66.369807
SQQQ,2026-01-02 09:09:00+00:00,66.33,66.35,66.33,66.34,2375.0,41.0,66.344118
SQQQ,2026-01-02 09:10:00+00:00,66.34,66.34,66.3,66.3,3812.0,78.0,66.316125
SQQQ,2026-01-02 09:11:00+00:00,66.26,66.29,66.23,66.23,12374.0,157.0,66.269882
SQQQ,2026-01-02 09:12:00+00:00,66.24,66.27,66.23,66.27,6117.0,70.0,66.264102
SQQQ,2026-01-02 09:13:00+00:00,66.3,66.3,66.29,66.29,1901.0,54.0,66.298621
SQQQ,2026-01-02 09:14:00+00:00,66.25,66.26,66.25,66.26,1183.0,50.0,66.255
SQQQ,2026-01-02 09:15:00+00:00,66.26,66.34,66.26,66.33,14247.0,177.0,66.334196
SQQQ,2026-01-02 09:16:00+00:00,66.32,66.34,66.32,66.34,956.0,21.0,66.330902
SQQQ,2026-01-02 09:17:00+00:00,66.35,66.37,66.35,66.37,1500.0,41.0,66.359031
SQQQ,2026-01-02 09:18:00+00:00,66.38,66.4,66.38,66.39,1925.0,43.0,66.385063
SQQQ,2026-01-02 09:19:00+00:00,66.36,66.36,66.34,66.34,858.0,20.0,66.351019
SQQQ,2026-01-02 09:20:00+00:00,66.32,66.32,66.32,66.32,535.0,13.0,66.32
SQQQ,2026-01-02 09:21:00+00:00,66.3,66.3,66.3,66.3,1225.0,38.0,66.3
SQQQ,2026-01-02 09:22:00+00:00,66.32,66.34,66.32,66.34,844.0,26.0,66.329302
SQQQ,2026-01-02 09:23:00+00:00,66.34,66.34,66.34,66.34,350.0,9.0,66.34
SQQQ,2026-01-02 09:26:00+00:00,66.36,66.36,66.36,66.36,1066.0,19.0,66.36
SQQQ,2026-01-02 09:27:00+00:00,66.36,66.36,66.32,66.32,864.0,15.0,66.346487
SQQQ,2026-01-02 09:28:00+00:00,66.34,66.34,66.32,66.32,1326.0,28.0,66.333333
SQQQ,2026-01-02 09:29:00+00:00,66.31,66.31,66.31,66.31,1457.0,35.0,66.31
SQQQ,2026-01-02 09:30:00+00:00,66.27,66.28,66.27,66.28,1344.0,32.0,66.274348
SQQQ,2026-01-02 09:31:00+00:00,66.31,66.32,66.3,66.32,5599.0,67.0,66.310989
SQQQ,2026-01-02 09:32:00+00:00,66.31,66.31,66.31,66.31,745.0,14.0,66.31
SQQQ,2026-01-02 09:33:00+00:00,66.3,66.3,66.27,66.27,1308.0,24.0,66.277326
SQQQ,2026-01-02 09:34:00+00:00,66.31,66.31,66.31,66.31,408.0,10.0,66.31
SQQQ,2026-01-02 09:35:00+00:00,66.32,66.32,66.29,66.29,1330.0,22.0,66.302
SQQQ,2026-01-02 09:36:00+00:00,66.29,66.3,66.29,66.3,1030.0,16.0,66.291111
SQQQ,2026-01-02 09:37:00+00:00,66.3,66.31,66.29,66.31,1042.0,19.0,66.298571
SQQQ,2026-01-02 09:38:00+00:00,66.3,66.3,66.3,66.3,752.0,16.0,66.3
SQQQ,2026-01-02 09:39:00+00:00,66.3,66.3,66.3,66.3,446.0,10.0,66.3
SQQQ,2026-01-02 09:40:00+00:00,66.27,66.28,66.27,66.28,1382.0,24.0,66.277241
SQQQ,2026-01-02 09:41:00+00:00,66.29,66.3,66.27,66.3,1004.0,21.0,66.287323
SQQQ,2026-01-02 09:42:00+00:00,66.3,66.3,66.3,66.3,262.0,8.0,66.3
SQQQ,2026-01-02 09:43:00+00:00,66.3,66.3,66.29,66.29,802.0,22.0,66.296667
SQQQ,2026-01-02 09:44:00+00:00,66.27,66.3,66.27,66.285,1044.0,22.0,66.28875
SQQQ,2026-01-02 09:45:00+00:00,66.28,66.295,66.28,66.28,1571.0,23.0,66.287083
SQQQ,2026-01-02 09:46:00+00:00,66.28,66.29,66.26,66.29,1853.0,22.0,66.273688
SQQQ,2026-01-02 09:47:00+00:00,66.3,66.33,66.3,66.32,2184.0,26.0,66.312483
SQQQ,2026-01-02 09:49:00+00:00,66.33,66.33,66.33,66.33,612.0,14.0,66.33
SQQQ,2026-01-02 09:50:00+00:00,66.31,66.31,66.31,66.31,645.0,17.0,66.31
SQQQ,2026-01-02 09:51:00+00:00,66.32,66.32,66.32,66.32,351.0,10.0,66.32
SQQQ,2026-01-02 09:52:00+00:00,66.35,66.36,66.35,66.36,720.0,12.0,66.3575
SQQQ,2026-01-02 09:53:00+00:00,66.33,66.34,66.33,66.34,1682.0,31.0,66.330946
SQQQ,2026-01-02 09:54:00+00:00,66.3,66.3,66.3,66.3,783.0,21.0,66.3
SQQQ,2026-01-02 09:55:00+00:00,66.28,66.32,66.28,66.32,735.0,10.0,66.3
SQQQ,2026-01-02 09:56:00+00:00,66.33,66.35,66.33,66.35,1459.0,23.0,66.332247
SQQQ,2026-01-02 09:57:00+00:00,66.33,66.33,66.28,66.29,2021.0,34.0,66.3
SQQQ,2026-01-02 09:58:00+00:00,66.29,66.29,66.25,66.27,1602.0,26.0,66.262727
SQQQ,2026-01-02 09:59:00+00:00,66.25,66.27,66.25,66.27,4915.0,41.0,66.253158
SQQQ,2026-01-02 10:00:00+00:00,66.25,66.28,66.24,66.24,1751.0,25.0,66.260598
SQQQ,2026-01-02 10:01:00+00:00,66.25,66.25,66.25,66.25,625.0,13.0,66.25
SQQQ,2026-01-02 10:02:00+00:00,66.29,66.3,66.28,66.3,5121.0,21.0,66.293539
SQQQ,2026-01-02 10:03:00+00:00,66.29,66.29,66.29,66.29,487.0,11.0,66.29
SQQQ,2026-01-02 10:05:00+00:00,66.3,66.3,66.3,66.3,782.0,17.0,66.3
SQQQ,2026-01-02 10:06:00+00:00,66.3,66.3,66.29,66.3,2946.0,36.0,66.299545
SQQQ,2026-01-02 10:07:00+00:00,66.3,66.31,66.3,66.3,1042.0,14.0,66.302857
SQQQ,2026-01-02 10:08:00+00:00,66.32,66.35,66.32,66.35,1695.0,16.0,66.337857
SQQQ,2026-01-02 10:10:00+00:00,66.3,66.3,66.3,66.3,168.0,9.0,66.3
SQQQ,2026-01-02 10:11:00+00:00,66.29,66.29,66.27,66.27,637.0,11.0,66.285305
SQQQ,2026-01-02 10:12:00+00:00,66.25,66.25,66.24,66.25,1057.0,21.0,66.2475
SQQQ,2026-01-02 10:13:00+00:00,66.27,66.28,66.27,66.28,434.0,10.0,66.275
SQQQ,2026-01-02 10:14:00+00:00,66.31,66.32,66.31,66.32,2277.0,38.0,66.312479
SQQQ,2026-01-02 10:15:00+00:00,66.32,66.32,66.28,66.28,2273.0,35.0,66.291765
SQQQ,2026-01-02 10:16:00+00:00,66.28,66.28,66.25,66.25,3828.0,58.0,66.269828
SQQQ,2026-01-02 10:17:00+00:00,66.25,66.28,66.25,66.27,2626.0,39.0,66.263804
SQQQ,2026-01-02 10:18:00+00:00,66.29,66.29,66.29,66.29,952.0,13.0,66.29
SQQQ,2026-01-02 10:20:00+00:00,66.31,66.31,66.31,66.31,1012.0,14.0,66.31
SQQQ,2026-01-02 10:21:00+00:00,66.35,66.36,66.35,66.35,1834.0,33.0,66.351525
SQQQ,2026-01-02 10:23:00+00:00,66.4,66.41,66.4,66.4,682.0,17.0,66.401667
SQQQ,2026-01-02 10:24:00+00:00,66.41,66.41,66.39,66.4,1670.0,31.0,66.396667
SQQQ,2026-01-02 10:25:00+00:00,66.41,66.41,66.41,66.41,669.0,14.0,66.41
SQQQ,2026-01-02 10:26:00+00:00,66.43,66.43,66.43,66.43,229.0,4.0,66.43
SQQQ,2026-01-02 10:27:00+00:00,66.4,66.4,66.39,66.39,1946.0,43.0,66.392222
SQQQ,2026-01-02 10:28:00+00:00,66.38,66.38,66.38,66.38,1408.0,27.0,66.38
SQQQ,2026-01-02 10:30:00+00:00,66.4,66.4,66.39,66.39,1266.0,16.0,66.392679
SQQQ,2026-01-02 10:31:00+00:00,66.42,66.44,66.42,66.44,418.0,12.0,66.43
SQQQ,2026-01-02 10:33:00+00:00,66.45,66.45,66.45,66.45,929.0,21.0,66.45
SQQQ,2026-01-02 10:34:00+00:00,66.46,66.47,66.46,66.47,8283.0,121.0,66.466004
SQQQ,2026-01-02 10:35:00+00:00,66.47,66.48,66.47,66.48,1299.0,28.0,66.4725
SQQQ,2026-01-02 10:37:00+00:00,66.42,66.42,66.42,66.42,723.0,16.0,66.42
SQQQ,2026-01-02 10:38:00+00:00,66.41,66.41,66.41,66.41,501.0,10.0,66.41
SQQQ,2026-01-02 10:40:00+00:00,66.4,66.4,66.39,66.39,789.0,23.0,66.397674
SQQQ,2026-01-02 10:41:00+00:00,66.39,66.39,66.38,66.38,909.0,20.0,66.381429
SQQQ,2026-01-02 10:42:00+00:00,66.38,66.39,66.37,66.38,2081.0,23.0,66.377019
SQQQ,2026-01-02 10:43:00+00:00,66.38,66.38,66.36,66.36,2230.0,43.0,66.372759
SQQQ,2026-01-02 10:44:00+00:00,66.37,66.37,66.37,66.37,516.0,11.0,66.37
SQQQ,2026-01-02 10:45:00+00:00,66.34,66.34,66.32,66.32,922.0,21.0,66.33
SQQQ,2026-01-02 10:46:00+00:00,66.33,66.34,66.33,66.34,1228.0,31.0,66.333738
SQQQ,2026-01-02 10:47:00+00:00,66.3,66.3,66.29,66.29,1082.0,23.0,66.294
SQQQ,2026-01-02 10:48:00+00:00,66.29,66.29,66.27,66.27,3563.0,50.0,66.278768
SQQQ,2026-01-02 10:49:00+00:00,66.25,66.26,66.25,66.26,2602.0,38.0,66.255895
SQQQ,2026-01-02 10:50:00+00:00,66.25,66.26,66.25,66.26,1250.0,22.0,66.255674
SQQQ,2026-01-02 10:52:00+00:00,66.29,66.3,66.29,66.29,5799.0,49.0,66.296061
SQQQ,2026-01-02 10:53:00+00:00,66.3,66.3,66.3,66.3,523.0,9.0,66.3
SQQQ,2026-01-02 10:54:00+00:00,66.29,66.3,66.29,66.3,5458.0,33.0,66.2904
SQQQ,2026-01-02 10:55:00+00:00,66.28,66.28,66.28,66.28,573.0,13.0,66.28
SQQQ,2026-01-02 10:56:00+00:00,66.29,66.3,66.29,66.3,6687.0,59.0,66.29638
SQQQ,2026-01-02 10:57:00+00:00,66.3,66.3,66.29,66.3,2059.0,36.0,66.293422
SQQQ,2026-01-02 10:58:00+00:00,66.3,66.32,66.3,66.32,6944.0,57.0,66.308421
SQQQ,2026-01-02 10:59:00+00:00,66.31,66.31,66.3,66.3,668.0,12.0,66.3075
SQQQ,2026-01-02 11:00:00+00:00,66.3,66.31,66.28,66.28,7398.0,71.0,66.307833
SQQQ,2026-01-02 11:01:00+00:00,66.29,66.3,66.29,66.29,7060.0,78.0,66.295792
SQQQ,2026-01-02 11:02:00+00:00,66.28,66.28,66.21,66.21,14994.0,128.0,66.238979
SQQQ,2026-01-02 11:03:00+00:00,66.22,66.25,66.22,66.25,1139.0,23.0,66.234615
SQQQ,2026-01-02 11:04:00+00:00,66.25,66.26,66.25,66.25,1138.0,16.0,66.253053
SQQQ,2026-01-02 11:05:00+00:00,66.26,66.27,66.25,66.25,4787.0,48.0,66.26189
SQQQ,2026-01-02 11:06:00+00:00,66.27,66.29,66.27,66.27,1387.0,17.0,66.2775
SQQQ,2026-01-02 11:07:00+00:00,66.25,66.25,66.25,66.25,848.0,16.0,66.25
SQQQ,2026-01-02 11:08:00+00:00,66.25,66.25,66.25,66.25,625.0,7.0,66.25
SQQQ,2026-01-02 11:09:00+00:00,66.28,66.29,66.28,66.29,1031.0,22.0,66.288
SQQQ,2026-01-02 11:10:00+00:00,66.27,66.28,66.27,66.28,1574.0,25.0,66.274
SQQQ,2026-01-02 11:11:00+00:00,66.28,66.29,66.28,66.29,1723.0,23.0,66.2875
SQQQ,2026-01-02 11:12:00+00:00,66.28,66.28,66.25,66.27,4425.0,51.0,66.264659
SQQQ,2026-01-02 11:13:00+00:00,66.27,66.27,66.25,66.25,2251.0,37.0,66.261722
SQQQ,2026-01-02 11:14:00+00:00,66.27,66.27,66.26,66.26,1612.0,18.0,66.266365
SQQQ,2026-01-02 11:15:00+00:00,66.26,66.26,66.25,66.26,1944.0,18.0,66.259336
SQQQ,2026-01-02 11:16:00+00:00,66.27,66.29,66.27,66.28,3620.0,47.0,66.283298
SQQQ,2026-01-02 11:17:00+00:00,66.3,66.3,66.29,66.29,577.0,16.0,66.296667
SQQQ,2026-01-02 11:18:00+00:00,66.29,66.33,66.29,66.33,1755.0,27.0,66.310924
SQQQ,2026-01-02 11:19:00+00:00,66.34,66.35,66.34,66.34,1473.0,39.0,66.341722
SQQQ,2026-01-02 11:20:00+00:00,66.37,66.37,66.36,66.36,714.0,16.0,66.365952
SQQQ,2026-01-02 11:21:00+00:00,66.35,66.35,66.34,66.34,628.0,20.0,66.3475
SQQQ,2026-01-02 11:22:00+00:00,66.37,66.37,66.37,66.37,298.0,10.0,66.37
SQQQ,2026-01-02 11:24:00+00:00,66.36,66.37,66.36,66.37,3766.0,23.0,66.361155
SQQQ,2026-01-02 11:25:00+00:00,66.36,66.4,66.36,66.39,1392.0,21.0,66.382
SQQQ,2026-01-02 11:26:00+00:00,66.39,66.39,66.39,66.39,375.0,9.0,66.39
SQQQ,2026-01-02 11:27:00+00:00,66.4,66.41,66.4,66.41,1282.0,21.0,66.401667
SQQQ,2026-01-02 11:30:00+00:00,66.39,66.39,66.39,66.39,1718.0,32.0,66.39
SQQQ,2026-01-02 11:32:00+00:00,66.38,66.38,66.38,66.38,322.0,9.0,66.38
SQQQ,2026-01-02 11:33:00+00:00,66.39,66.39,66.39,66.39,691.0,17.0,66.39
SQQQ,2026-01-02 11:34:00+00:00,66.38,66.38,66.37,66.37,745.0,15.0,66.376
SQQQ,2026-01-02 11:35:00+00:00,66.35,66.35,66.34,66.34,885.0,22.0,66.343333
SQQQ,2026-01-02 11:36:00+00:00,66.34,66.34,66.34,66.34,252.0,5.0,66.34
SQQQ,2026-01-02 11:43:00+00:00,66.32,66.32,66.3,66.3,506.0,14.0,66.309231
SQQQ,2026-01-02 11:44:00+00:00,66.3,66.3,66.3,66.3,397.0,8.0,66.3
SQQQ,2026-01-02 11:46:00+00:00,66.32,66.32,66.3,66.3,559.0,6.0,66.312
SQQQ,2026-01-02 11:47:00+00:00,66.31,66.31,66.31,66.31,137.0,4.0,66.31
SQQQ,2026-01-02 11:50:00+00:00,66.32,66.32,66.32,66.32,467.0,11.0,66.32
SQQQ,2026-01-02 11:51:00+00:00,66.33,66.33,66.33,66.33,114.0,5.0,66.33
SQQQ,2026-01-02 11:56:00+00:00,66.37,66.38,66.37,66.38,565.0,8.0,66.372
SQQQ,2026-01-02 11:57:00+00:00,66.38,66.38,66.36,66.36,624.0,11.0,66.37
SQQQ,2026-01-02 11:58:00+00:00,66.35,66.35,66.35,66.35,341.0,9.0,66.35
SQQQ,2026-01-02 11:59:00+00:00,66.32,66.32,66.32,66.32,828.0,16.0,66.32
SQQQ,2026-01-02 12:00:00+00:00,66.33,66.39,66.33,66.37,9684.0,120.0,66.354467
SQQQ,2026-01-02 12:01:00+00:00,66.38,66.44,66.37,66.44,2234.0,40.0,66.400447
SQQQ,2026-01-02 12:02:00+00:00,66.44,66.53,66.44,66.52,10710.0,62.0,66.491156
SQQQ,2026-01-02 12:03:00+00:00,66.53,66.53,66.5,66.5,7459.0,62.0,66.521923
SQQQ,2026-01-02 12:04:00+00:00,66.49,66.55,66.49,66.54,4530.0,51.0,66.538393
SQQQ,2026-01-02 12:05:00+00:00,66.51,66.52,66.5,66.509,1631.0,28.0,66.513135
SQQQ,2026-01-02 12:06:00+00:00,66.51,66.53,66.51,66.53,6108.0,55.0,66.511466
SQQQ,2026-01-02 12:07:00+00:00,66.52,66.55,66.51,66.55,2127.0,33.0,66.530239
SQQQ,2026-01-02 12:08:00+00:00,66.54,66.56,66.54,66.55,7161.0,46.0,66.54998
SQQQ,2026-01-02 12:09:00+00:00,66.58,66.6,66.58,66.6,2385.0,29.0,66.597239
SQQQ,2026-01-02 12:10:00+00:00,66.61,66.64,66.6,66.61,3448.0,40.0,66.615594
SQQQ,2026-01-02 12:11:00+00:00,66.62,66.66,66.62,66.63,2819.0,38.0,66.644268
SQQQ,2026-01-02 12:12:00+00:00,66.67,66.7,66.65,66.65,14307.0,114.0,66.681858
SQQQ,2026-01-02 12:13:00+00:00,66.65,66.66,66.61,66.62,4170.0,59.0,66.63894
SQQQ,2026-01-02 12:14:00+00:00,66.62,66.65,66.61,66.61,3308.0,34.0,66.6308
SQQQ,2026-01-02 12:15:00+00:00,66.61,66.61,66.55,66.55,3761.0,31.0,66.581642
SQQQ,2026-01-02 12:16:00+00:00,66.57,66.57,66.54,66.54,5160.0,49.0,66.552644
SQQQ,2026-01-02 12:17:00+00:00,66.55,66.6,66.55,66.6,1154.0,17.0,66.57875
SQQQ,2026-01-02 12:18:00+00:00,66.6,66.6,66.59,66.59,1381.0,22.0,66.596122
SQQQ,2026-01-02 12:20:00+00:00,66.57,66.57,66.57,66.57,427.0,4.0,66.57
SQQQ,2026-01-02 12:21:00+00:00,66.57,66.59,66.57,66.59,1467.0,10.0,66.576429
SQQQ,2026-01-02 12:22:00+00:00,66.6,66.6,66.58,66.58,1622.0,21.0,66.592114
SQQQ,2026-01-02 12:23:00+00:00,66.58,66.61,66.58,66.61,7294.0,63.0,66.598016
SQQQ,2026-01-02 12:24:00+00:00,66.61,66.64,66.61,66.64,767.0,12.0,66.63
SQQQ,2026-01-02 12:25:00+00:00,66.64,66.64,66.6,66.6,3508.0,42.0,66.607586
SQQQ,2026-01-02 12:26:00+00:00,66.6,66.61,66.6,66.61,1326.0,10.0,66.600951
SQQQ,2026-01-02 12:27:00+00:00,66.62,66.62,66.6,66.6,23981.0,138.0,66.600768
SQQQ,2026-01-02 12:28:00+00:00,66.6,66.61,66.6,66.6,1435.0,12.0,66.600741
SQQQ,2026-01-02 12:29:00+00:00,66.6,66.6,66.59,66.59,2083.0,33.0,66.592
SQQQ,2026-01-02 12:30:00+00:00,66.58,66.58,66.55,66.55,7687.0,88.0,66.560625
SQQQ,2026-01-02 12:31:00+00:00,66.54,66.54,66.52,66.52,1752.0,22.0,66.528416
SQQQ,2026-01-02 12:32:00+00:00,66.53,66.55,66.52,66.53,7379.0,46.0,66.534743
SQQQ,2026-01-02 12:33:00+00:00,66.53,66.55,66.53,66.53,728.0,15.0,66.536
SQQQ,2026-01-02 12:34:00+00:00,66.56,66.57,66.55,66.57,983.0,14.0,66.563812
SQQQ,2026-01-02 12:35:00+00:00,66.59,66.6,66.59,66.6,6894.0,48.0,66.599844
SQQQ,2026-01-02 12:36:00+00:00,66.59,66.62,66.59,66.62,1446.0,27.0,66.60875
SQQQ,2026-01-02 12:37:00+00:00,66.61,66.61,66.61,66.61,1241.0,24.0,66.61
SQQQ,2026-01-02 12:38:00+00:00,66.62,66.62,66.6,66.6,543.0,11.0,66.61
SQQQ,2026-01-02 12:39:00+00:00,66.63,66.63,66.6,66.6,1252.0,19.0,66.615289
SQQQ,2026-01-02 12:40:00+00:00,66.61,66.61,66.6,66.6,846.0,15.0,66.604
SQQQ,2026-01-02 12:41:00+00:00,66.61,66.61,66.6,66.6,618.0,14.0,66.603333
SQQQ,2026-01-02 12:42:00+00:00,66.58,66.6,66.55,66.55,5386.0,58.0,66.583434
SQQQ,2026-01-02 12:43:00+00:00,66.54,66.54,66.51,66.52,1627.0,27.0,66.524
SQQQ,2026-01-02 12:44:00+00:00,66.53,66.53,66.53,66.53,251.0,4.0,66.53
SQQQ,2026-01-02 12:45:00+00:00,66.52,66.52,66.51,66.51,1589.0,23.0,66.516308
SQQQ,2026-01-02 12:46:00+00:00,66.52,66.54,66.52,66.54,3365.0,34.0,66.52339
SQQQ,2026-01-02 12:47:00+00:00,66.53,66.53,66.53,66.53,100.0,1.0,66.53
SQQQ,2026-01-02 12:48:00+00:00,66.55,66.55,66.55,66.55,428.0,10.0,66.55
SQQQ,2026-01-02 12:49:00+00:00,66.54,66.54,66.54,66.54,401.0,4.0,66.54
SQQQ,2026-01-02 12:50:00+00:00,66.54,66.55,66.54,66.55,595.0,9.0,66.548
SQQQ,2026-01-02 12:51:00+00:00,66.55,66.56,66.55,66.55,3302.0,21.0,66.559322
SQQQ,2026-01-02 12:52:00+00:00,66.55,66.56,66.53,66.56,2733.0,24.0,66.542516
SQQQ,2026-01-02 12:54:00+00:00,66.57,66.57,66.55,66.56,6479.0,70.0,66.558543
SQQQ,2026-01-02 12:55:00+00:00,66.56,66.56,66.54,66.54,4203.0,33.0,66.550526
SQQQ,2026-01-02 12:56:00+00:00,66.53,66.56,66.52,66.56,4539.0,46.0,66.535128
SQQQ,2026-01-02 12:58:00+00:00,66.54,66.54,66.52,66.52,10078.0,30.0,66.536698
SQQQ,2026-01-02 12:59:00+00:00,66.52,66.52,66.51,66.51,3523.0,32.0,66.519005
SQQQ,2026-01-02 13:00:00+00:00,66.36,66.6999,66.23,66.51,219934.0,1308.0,66.501842
SQQQ,2026-01-02 13:01:00+00:00,66.65,67.21,66.5,67.11,37785.0,377.0,66.802389
SQQQ,2026-01-02 13:02:00+00:00,67.12,67.24,66.25,66.55,143492.0,1263.0,66.842898
SQQQ,2026-01-02 13:03:00+00:00,66.55,66.57,66.54,66.54,5245.0,31.0,66.558002
SQQQ,2026-01-02 13:04:00+00:00,66.55,66.57,66.55,66.5699,4306.0,23.0,66.556385
SQQQ,2026-01-02 13:05:00+00:00,66.54,66.56,66.54,66.54,1592.0,17.0,66.55
SQQQ,2026-01-02 13:06:00+00:00,66.5488,66.5488,66.52,66.54,3669.0,26.0,66.536292
SQQQ,2026-01-02 13:07:00+00:00,66.53,66.56,66.49,66.49,24960.0,143.0,66.529099
SQQQ,2026-01-02 13:08:00+00:00,66.5,66.54,66.5,66.54,3618.0,44.0,66.522147
SQQQ,2026-01-02 13:09:00+00:00,66.5416,66.56,66.5416,66.56,9454.0,46.0,66.555075
SQQQ,2026-01-02 13:10:00+00:00,66.5499,66.56,66.5499,66.56,1705.0,16.0,66.556393
SQQQ,2026-01-02 13:11:00+00:00,66.55,66.56,66.54,66.55,1840.0,25.0,66.547814
SQQQ,2026-01-02 13:12:00+00:00,66.55,66.57,66.55,66.57,851.0,17.0,66.566
SQQQ,2026-01-02 13:13:00+00:00,66.56,66.56,66.52,66.53,5280.0,42.0,66.547798
SQQQ,2026-01-02 13:14:00+00:00,66.52,66.52,66.5,66.51,5849.0,40.0,66.517907
SQQQ,2026-01-02 13:15:00+00:00,66.55,66.57,66.55,66.56,5152.0,30.0,66.555773
SQQQ,2026-01-02 13:16:00+00:00,66.5598,66.56,66.55,66.56,4225.0,47.0,66.559241
SQQQ,2026-01-02 13:17:00+00:00,66.56,66.56,66.52,66.52,2202.0,34.0,66.543125
SQQQ,2026-01-02 13:18:00+00:00,66.51,66.52,66.49,66.52,10486.0,105.0,66.500632
SQQQ,2026-01-02 13:19:00+00:00,66.52,66.5205,66.51,66.5205,5917.0,53.0,66.519214
SQQQ,2026-01-02 13:20:00+00:00,66.51,66.52,66.5,66.52,10534.0,85.0,66.508549
SQQQ,2026-01-02 13:21:00+00:00,66.52,66.55,66.52,66.53,4291.0,61.0,66.53173
SQQQ,2026-01-02 13:22:00+00:00,66.54,66.551,66.52,66.551,6954.0,43.0,66.533313
SQQQ,2026-01-02 13:23:00+00:00,66.54,66.56,66.5398,66.55,7940.0,61.0,66.55198
SQQQ,2026-01-02 13:24:00+00:00,66.57,66.61,66.57,66.5901,11957.0,85.0,66.58193
SQQQ,2026-01-02 13:25:00+00:00,66.58,66.62,66.58,66.59,16293.0,74.0,66.599469
SQQQ,2026-01-02 13:26:00+00:00,66.59,66.59,66.57,66.57,4101.0,44.0,66.584885
SQQQ,2026-01-02 13:27:00+00:00,66.58,66.58,66.5698,66.5799,3770.0,36.0,66.571612
SQQQ,2026-01-02 13:28:00+00:00,66.59,66.63,66.57,66.61,8391.0,73.0,66.597236
SQQQ,2026-01-02 13:29:00+00:00,66.6,66.61,66.56,66.57,3953.0,37.0,66.581818
SQQQ,2026-01-02 13:30:00+00:00,66.57,66.58,66.56,66.56,5007.0,48.0,66.569101
SQQQ,2026-01-02 13:31:00+00:00,66.57,66.58,66.56,66.56,4025.0,48.0,66.569051
SQQQ,2026-01-02 13:32:00+00:00,66.56,66.64,66.53,66.62,5615.0,48.0,66.567266
SQQQ,2026-01-02 13:33:00+00:00,66.63,66.63,66.57,66.57,3781.0,40.0,66.599832
SQQQ,2026-01-02 13:34:00+00:00,66.59,66.6,66.58,66.6,4874.0,45.0,66.587593
SQQQ,2026-01-02 13:35:00+00:00,66.61,66.61,66.57,66.58,3731.0,49.0,66.585502
SQQQ,2026-01-02 13:36:00+00:00,66.58,66.58,66.56,66.56,3757.0,39.0,66.571367
SQQQ,2026-01-02 13:37:00+00:00,66.56,66.56,66.52,66.56,8849.0,65.0,66.536175
SQQQ,2026-01-02 13:38:00+00:00,66.54,66.6,66.54,66.59,3778.0,47.0,66.579424
SQQQ,2026-01-02 13:39:00+00:00,66.5895,66.62,66.5895,66.62,2713.0,30.0,66.597551
SQQQ,2026-01-02 13:40:00+00:00,66.6,66.62,66.6,66.6198,9677.0,66.0,66.612244
SQQQ,2026-01-02 13:41:00+00:00,66.61,66.61,66.58,66.58,3713.0,40.0,66.596692
SQQQ,2026-01-02 13:42:00+00:00,66.58,66.58,66.56,66.57,3472.0,36.0,66.570325
SQQQ,2026-01-02 13:43:00+00:00,66.5709,66.58,66.55,66.56,4209.0,31.0,66.557051
SQQQ,2026-01-02 13:44:00+00:00,66.57,66.6,66.57,66.58,3362.0,29.0,66.588065
SQQQ,2026-01-02 13:45:00+00:00,66.57,66.58,66.57,66.58,1592.0,20.0,66.572
SQQQ,2026-01-02 13:46:00+00:00,66.57,66.57,66.5594,66.5594,1058.0,24.0,66.564867
SQQQ,2026-01-02 13:47:00+00:00,66.59,66.6,66.54,66.55,3492.0,32.0,66.551225
SQQQ,2026-01-02 13:48:00+00:00,66.55,66.6,66.54,66.6,18275.0,51.0,66.57773
SQQQ,2026-01-02 13:49:00+00:00,66.62,66.63,66.58,66.61,26796.0,87.0,66.618834
SQQQ,2026-01-02 13:50:00+00:00,66.63,66.66,66.6,66.64,9858.0,90.0,66.642576
SQQQ,2026-01-02 13:51:00+00:00,66.65,66.66,66.63,66.65,6837.0,40.0,66.651688
SQQQ,2026-01-02 13:52:00+00:00,66.66,66.67,66.6515,66.66,5497.0,37.0,66.664413
SQQQ,2026-01-02 13:53:00+00:00,66.66,66.67,66.6584,66.67,3651.0,38.0,66.663037
SQQQ,2026-01-02 13:54:00+00:00,66.68,66.68,66.66,66.67,21711.0,111.0,66.673841
SQQQ,2026-01-02 13:55:00+00:00,66.68,66.7,66.68,66.69,4020.0,37.0,66.69192
SQQQ,2026-01-02 13:56:00+00:00,66.67,66.67,66.64,66.66,4103.0,46.0,66.655046
SQQQ,2026-01-02 13:57:00+00:00,66.65,66.67,66.64,66.66,4811.0,42.0,66.651176
SQQQ,2026-01-02 13:58:00+00:00,66.68,66.68,66.61,66.61,13611.0,88.0,66.664127
SQQQ,2026-01-02 13:59:00+00:00,66.57,66.61,66.54,66.61,14405.0,87.0,66.582153
SQQQ,2026-01-02 14:00:00+00:00,66.61,66.63,66.57,66.59,12606.0,82.0,66.593989
SQQQ,2026-01-02 14:01:00+00:00,66.58,66.64,66.58,66.63,12758.0,90.0,66.608652
SQQQ,2026-01-02 14:02:00+00:00,66.63,66.63,66.58,66.63,4282.0,46.0,66.603448
SQQQ,2026-01-02 14:03:00+00:00,66.6,66.6,66.53,66.53,7301.0,47.0,66.563516
SQQQ,2026-01-02 14:04:00+00:00,66.55,66.55,66.5,66.51,19651.0,101.0,66.518966
SQQQ,2026-01-02 14:05:00+00:00,66.52,66.53,66.5,66.53,14137.0,97.0,66.517477
SQQQ,2026-01-02 14:06:00+00:00,66.54,66.585,66.535,66.56,8314.0,68.0,66.561432
SQQQ,2026-01-02 14:07:00+00:00,66.5616,66.6,66.56,66.6,11421.0,77.0,66.584189
SQQQ,2026-01-02 14:08:00+00:00,66.61,66.65,66.59,66.59,15249.0,98.0,66.624717
SQQQ,2026-01-02 14:09:00+00:00,66.585,66.585,66.56,66.58,4298.0,46.0,66.570351
SQQQ,2026-01-02 14:10:00+00:00,66.6,66.63,66.59,66.63,3256.0,25.0,66.607346
SQQQ,2026-01-02 14:11:00+00:00,66.6222,66.66,66.6222,66.6516,6339.0,63.0,66.64519
SQQQ,2026-01-02 14:12:00+00:00,66.67,66.7,66.66,66.67,19638.0,84.0,66.671277
SQQQ,2026-01-02 14:13:00+00:00,66.69,66.75,66.69,66.74,26795.0,137.0,66.735722
SQQQ,2026-01-02 14:14:00+00:00,66.74,66.755,66.715,66.74,5578.0,55.0,66.736093
SQQQ,2026-01-02 14:15:00+00:00,66.76,66.78,66.75,66.7598,11279.0,86.0,66.755269
SQQQ,2026-01-02 14:16:00+00:00,66.75,66.76,66.72,66.74,11220.0,100.0,66.741834
SQQQ,2026-01-02 14:17:00+00:00,66.74,66.75,66.7,66.74,17647.0,96.0,66.711845
SQQQ,2026-01-02 14:18:00+00:00,66.74,66.7503,66.73,66.7503,19027.0,80.0,66.737047
SQQQ,2026-01-02 14:19:00+00:00,66.77,66.8,66.76,66.79,7336.0,60.0,66.775992
SQQQ,2026-01-02 14:20:00+00:00,66.79,66.82,66.765,66.82,15407.0,128.0,66.797515
SQQQ,2026-01-02 14:21:00+00:00,66.79,66.82,66.785,66.79,7538.0,48.0,66.804196
SQQQ,2026-01-02 14:22:00+00:00,66.8,66.84,66.8,66.83,7411.0,69.0,66.827184
SQQQ,2026-01-02 14:23:00+00:00,66.8299,66.8299,66.75,66.76,11999.0,73.0,66.777204
SQQQ,2026-01-02 14:24:00+00:00,66.75,66.75,66.71,66.73,8986.0,88.0,66.718323
SQQQ,2026-01-02 14:25:00+00:00,66.72,66.77,66.72,66.74,11030.0,102.0,66.749884
SQQQ,2026-01-02 14:26:00+00:00,66.74,66.76,66.64,66.65,6133.0,62.0,66.695838
SQQQ,2026-01-02 14:27:00+00:00,66.66,66.66,66.6,66.61,12173.0,102.0,66.618865
SQQQ,2026-01-02 14:28:00+00:00,66.61,66.68,66.57,66.66,18138.0,148.0,66.630523
SQQQ,2026-01-02 14:29:00+00:00,66.65,66.68,66.6,66.66,11258.0,49.0,66.648267
SQQQ,2026-01-02 14:30:00+00:00,66.65,66.72,66.325,66.3799,570955.0,3161.0,66.524532
SQQQ,2026-01-02 14:31:00+00:00,66.38,66.5,66.275,66.45,325757.0,1850.0,66.362538
SQQQ,2026-01-02 14:32:00+00:00,66.44,66.86,66.41,66.785,441030.0,2282.0,66.689215
SQQQ,2026-01-02 14:33:00+00:00,66.78,66.91,66.73,66.88,277577.0,1663.0,66.822738
SQQQ,2026-01-02 14:34:00+00:00,66.88,66.88,66.624,66.7,236091.0,1347.0,66.7342
SQQQ,2026-01-02 14:35:00+00:00,66.71,66.91,66.67,66.9,261591.0,1627.0,66.824043
SQQQ,2026-01-02 14:36:00+00:00,66.89,66.935,66.56,66.56,267493.0,1380.0,66.737196
SQQQ,2026-01-02 14:37:00+00:00,66.555,66.79,66.5145,66.62,197733.0,1427.0,66.635627
SQQQ,2026-01-02 14:38:00+00:00,66.61,66.71,66.56,66.68,144054.0,1096.0,66.617528
SQQQ,2026-01-02 14:39:00+00:00,66.68,66.93,66.67,66.93,188661.0,1369.0,66.834442
SQQQ,2026-01-02 14:40:00+00:00,66.93,66.995,66.85,66.98,301714.0,1614.0,66.939261
SQQQ,2026-01-02 14:41:00+00:00,66.97,67.04,66.8018,66.84,164545.0,1163.0,66.927807
SQQQ,2026-01-02 14:42:00+00:00,66.84,66.9292,66.7914,66.825,144819.0,1011.0,66.855547
SQQQ,2026-01-02 14:43:00+00:00,66.815,66.86,66.6,66.69,305987.0,1505.0,66.689081
SQQQ,2026-01-02 14:44:00+00:00,66.685,66.7,66.56,66.62,65079.0,469.0,66.630854
SQQQ,2026-01-02 14:45:00+00:00,66.625,66.625,66.47,66.55,136960.0,956.0,66.540519
SQQQ,2026-01-02 14:46:00+00:00,66.55,66.6056,66.4855,66.53,85986.0,704.0,66.530539
SQQQ,2026-01-02 14:47:00+00:00,66.52,66.5568,66.0686,66.08,526544.0,2980.0,66.182604
SQQQ,2026-01-02 14:48:00+00:00,66.08,66.1,65.945,66.035,326562.0,2216.0,66.009051
SQQQ,2026-01-02 14:49:00+00:00,66.03,66.175,65.9893,66.11,238478.0,1572.0,66.067073
SQQQ,2026-01-02 14:50:00+00:00,66.09,66.1,65.725,65.81,427417.0,2573.0,65.898095
SQQQ,2026-01-02 14:51:00+00:00,65.81,65.99,65.7809,65.9581,253663.0,1382.0,65.891685
SQQQ,2026-01-02 14:52:00+00:00,65.955,66.13,65.955,66.1201,137981.0,861.0,66.043154
SQQQ,2026-01-02 14:53:00+00:00,66.135,66.305,66.11,66.2,334359.0,1094.0,66.226179
SQQQ,2026-01-02 14:54:00+00:00,66.2,66.27,66.085,66.19,194300.0,1021.0,66.151235
SQQQ,2026-01-02 14:55:00+00:00,66.2,66.25,66.13,66.226,87217.0,606.0,66.179731
SQQQ,2026-01-02 14:56:00+00:00,66.24,66.29,66.11,66.125,123964.0,718.0,66.186614
SQQQ,2026-01-02 14:57:00+00:00,66.12,66.305,66.11,66.24,84821.0,507.0,66.240783
SQQQ,2026-01-02 14:58:00+00:00,66.24,66.3074,66.1844,66.21,152234.0,705.0,66.245453
SQQQ,2026-01-02 14:59:00+00:00,66.2,66.32,66.17,66.3,62198.0,434.0,66.236817
SQQQ,2026-01-02 15:00:00+00:00,66.28,66.28,66.01,66.025,221645.0,1202.0,66.102897
SQQQ,2026-01-02 15:01:00+00:00,66.03,66.0355,65.915,66.015,106382.0,800.0,65.976609
SQQQ,2026-01-02 15:02:00+00:00,66.015,66.13,65.975,65.98,133428.0,916.0,66.030404
SQQQ,2026-01-02 15:03:00+00:00,65.99,66.09,65.9501,66.06,108483.0,722.0,66.021772
SQQQ,2026-01-02 15:04:00+00:00,66.06,66.2981,66.05,66.24,109600.0,653.0,66.20192
SQQQ,2026-01-02 15:05:00+00:00,66.2401,66.355,66.2325,66.28,83782.0,560.0,66.304414
SQQQ,2026-01-02 15:06:00+00:00,66.2845,66.395,66.24,66.24,105905.0,655.0,66.327124
SQQQ,2026-01-02 15:07:00+00:00,66.2401,66.49,66.24,66.49,92237.0,617.0,66.392863
SQQQ,2026-01-02 15:08:00+00:00,66.49,66.56,66.44,66.485,160786.0,800.0,66.497654
SQQQ,2026-01-02 15:09:00+00:00,66.485,66.585,66.485,66.55,95203.0,665.0,66.530669
SQQQ,2026-01-02 15:10:00+00:00,66.56,66.7179,66.5,66.6701,110274.0,912.0,66.64101
SQQQ,2026-01-02 15:11:00+00:00,66.6774,66.9256,66.65,66.8832,346252.0,1717.0,66.85498
SQQQ,2026-01-02 15:12:00+00:00,66.9,67.19,66.81,67.14,271292.0,1753.0,66.975499
SQQQ,2026-01-02 15:13:00+00:00,67.1555,67.19,67.0634,67.15,191160.0,1311.0,67.123463
SQQQ,2026-01-02 15:14:00+00:00,67.159,67.4099,67.1319,67.33,165710.0,1155.0,67.292157
SQQQ,2026-01-02 15:15:00+00:00,67.33,67.4878,67.33,67.46,222865.0,1589.0,67.421053
SQQQ,2026-01-02 15:16:00+00:00,67.47,67.6,67.351,67.39,374057.0,1712.0,67.514711
SQQQ,2026-01-02 15:17:00+00:00,67.4,67.67,67.305,67.63,254644.0,1323.0,67.47571
SQQQ,2026-01-02 15:18:00+00:00,67.62,67.714,67.54,67.64,181166.0,1132.0,67.623112
SQQQ,2026-01-02 15:19:00+00:00,67.64,67.73,67.5239,67.5239,166617.0,954.0,67.675385
SQQQ,2026-01-02 15:20:00+00:00,67.53,67.89,67.515,67.82,200895.0,1404.0,67.757824
SQQQ,2026-01-02 15:21:00+00:00,67.83,67.9707,67.825,67.96,237124.0,1474.0,67.896494
SQQQ,2026-01-02 15:22:00+00:00,67.97,68.255,67.95,68.25,213949.0,1974.0,68.137249
SQQQ,2026-01-02 15:23:00+00:00,68.25,68.29,68.07,68.21,306773.0,2085.0,68.171625
SQQQ,2026-01-02 15:24:00+00:00,68.22,68.3,68.17,68.255,187530.0,1361.0,68.251693
SQQQ,2026-01-02 15:25:00+00:00,68.255,68.4799,68.2,68.36,302673.0,1963.0,68.353097
SQQQ,2026-01-02 15:26:00+00:00,68.35,68.4,68.11,68.1451,267967.0,1469.0,68.21162
SQQQ,2026-01-02 15:27:00+00:00,68.16,68.3499,68.07,68.285,195137.0,1377.0,68.207804
SQQQ,2026-01-02 15:28:00+00:00,68.285,68.3856,68.2829,68.36,152293.0,1039.0,68.349668
SQQQ,2026-01-02 15:29:00+00:00,68.36,68.39,68.1598,68.21,154924.0,1140.0,68.265316
SQQQ,2026-01-02 15:30:00+00:00,68.22,68.38,68.209,68.29,253798.0,2150.0,68.30115
SQQQ,2026-01-02 15:31:00+00:00,68.3,68.38,68.27,68.29,103225.0,961.0,68.319232
SQQQ,2026-01-02 15:32:00+00:00,68.3,68.36,67.995,68.015,162773.0,1031.0,68.125177
SQQQ,2026-01-02 15:33:00+00:00,68.0189,68.0499,67.82,67.86,143972.0,1073.0,67.894801
SQQQ,2026-01-02 15:34:00+00:00,67.8645,67.88,67.74,67.83,160035.0,752.0,67.80307
SQQQ,2026-01-02 15:35:00+00:00,67.82,67.85,67.71,67.73,113152.0,775.0,67.790958
SQQQ,2026-01-02 15:36:00+00:00,67.73,67.8501,67.62,67.75,94284.0,714.0,67.740201
SQQQ,2026-01-02 15:37:00+00:00,67.7499,67.79,67.67,67.75,63316.0,526.0,67.725158
SQQQ,2026-01-02 15:38:00+00:00,67.75,67.98,67.73,67.9387,107196.0,706.0,67.866978
SQQQ,2026-01-02 15:39:00+00:00,67.91,67.95,67.69,67.69,78275.0,572.0,67.803522
SQQQ,2026-01-02 15:40:00+00:00,67.68,67.74,67.5198,67.6268,139154.0,926.0,67.591663
SQQQ,2026-01-02 15:41:00+00:00,67.62,67.64,67.46,67.495,58633.0,573.0,67.531347
SQQQ,2026-01-02 15:42:00+00:00,67.49,67.5099,67.3013,67.365,137912.0,954.0,67.373957
SQQQ,2026-01-02 15:43:00+00:00,67.365,67.475,67.31,67.45,115575.0,706.0,67.377876
SQQQ,2026-01-02 15:44:00+00:00,67.45,67.53,67.4403,67.47,61695.0,484.0,67.481425
SQQQ,2026-01-02 15:45:00+00:00,67.47,67.53,67.3826,67.5,81438.0,569.0,67.450609
SQQQ,2026-01-02 15:46:00+00:00,67.51,67.58,67.4103,67.58,73365.0,599.0,67.48246
SQQQ,2026-01-02 15:47:00+00:00,67.59,67.65,67.4401,67.455,91741.0,712.0,67.569417
SQQQ,2026-01-02 15:48:00+00:00,67.47,67.72,67.42,67.72,170333.0,1235.0,67.595949
SQQQ,2026-01-02 15:49:00+00:00,67.72,67.9101,67.71,67.9,145298.0,901.0,67.831126
SQQQ,2026-01-02 15:50:00+00:00,67.89,68.1,67.875,68.05,149769.0,1004.0,67.983693
SQQQ,2026-01-02 15:51:00+00:00,68.05,68.35,68.0432,68.35,163351.0,1171.0,68.241168
SQQQ,2026-01-02 15:52:00+00:00,68.35,68.598,68.35,68.55,231979.0,1830.0,68.507063
SQQQ,2026-01-02 15:53:00+00:00,68.55,68.588,68.334,68.37,125941.0,987.0,68.465933
SQQQ,2026-01-02 15:54:00+00:00,68.4,68.54,68.3,68.31,126276.0,981.0,68.42496
SQQQ,2026-01-02 15:55:00+00:00,68.31,68.34,68.19,68.34,145278.0,1031.0,68.26255
SQQQ,2026-01-02 15:56:00+00:00,68.33,68.56,68.2499,68.56,145144.0,1170.0,68.389163
SQQQ,2026-01-02 15:57:00+00:00,68.57,69.04,68.57,69.0,276415.0,2131.0,68.872181
SQQQ,2026-01-02 15:58:00+00:00,69.005,69.065,68.96,69.06,158270.0,1416.0,69.009908
SQQQ,2026-01-02 15:59:00+00:00,69.055,69.25,69.05,69.1395,410659.0,2739.0,69.161855
SQQQ,2026-01-02 16:00:00+00:00,69.13,69.33,69.1,69.265,418891.0,2702.0,69.250841
SQQQ,2026-01-02 16:01:00+00:00,69.26,69.4407,69.25,69.325,249625.0,1618.0,69.359766
SQQQ,2026-01-02 16:02:00+00:00,69.3229,69.46,69.22,69.35,214051.0,1462.0,69.32823
SQQQ,2026-01-02 16:03:00+00:00,69.35,69.392,69.26,69.26,146222.0,930.0,69.322763
SQQQ,2026-01-02 16:04:00+00:00,69.26,69.3701,69.13,69.32,288310.0,1654.0,69.227628
SQQQ,2026-01-02 16:05:00+00:00,69.325,69.55,69.325,69.4539,318919.0,2103.0,69.462481
SQQQ,2026-01-02 16:06:00+00:00,69.46,69.52,69.3287,69.44,144601.0,1012.0,69.419085
SQQQ,2026-01-02 16:07:00+00:00,69.42,69.51,69.33,69.415,109522.0,931.0,69.412826
SQQQ,2026-01-02 16:08:00+00:00,69.415,69.45,69.28,69.3,159429.0,889.0,69.353991
SQQQ,2026-01-02 16:09:00+00:00,69.31,69.35,69.2139,69.2156,144726.0,917.0,69.282136
SQQQ,2026-01-02 16:10:00+00:00,69.215,69.4192,69.1204,69.19,154318.0,950.0,69.225097
SQQQ,2026-01-02 16:11:00+00:00,69.185,69.59,69.13,69.56,186146.0,1251.0,69.387428
SQQQ,2026-01-02 16:12:00+00:00,69.56,69.7699,69.465,69.4799,145645.0,1409.0,69.647209
SQQQ,2026-01-02 16:13:00+00:00,69.485,69.5,69.28,69.28,114843.0,837.0,69.414405
SQQQ,2026-01-02 16:14:00+00:00,69.2899,69.2899,69.08,69.09,100946.0,835.0,69.194966
SQQQ,2026-01-02 16:15:00+00:00,69.09,69.1,68.875,68.95,191861.0,1489.0,68.96566
SQQQ,2026-01-02 16:16:00+00:00,68.96,69.19,68.94,69.12,93698.0,857.0,69.058406
SQQQ,2026-01-02 16:17:00+00:00,69.1,69.145,68.98,69.11,87115.0,666.0,69.067838
SQQQ,2026-01-02 16:18:00+00:00,69.1068,69.43,69.1001,69.43,157970.0,1245.0,69.309653
SQQQ,2026-01-02 16:19:00+00:00,69.44,69.47,69.3,69.34,108874.0,775.0,69.403291
SQQQ,2026-01-02 16:20:00+00:00,69.35,69.49,69.24,69.45,104391.0,916.0,69.37374
SQQQ,2026-01-02 16:21:00+00:00,69.46,69.48,69.235,69.265,83705.0,687.0,69.352963
SQQQ,2026-01-02 16:22:00+00:00,69.25,69.25,69.0105,69.02,72109.0,565.0,69.130651
SQQQ,2026-01-02 16:23:00+00:00,69.03,69.07,68.98,69.0288,41312.0,424.0,69.030976
SQQQ,2026-01-02 16:24:00+00:00,69.03,69.1,68.96,69.01,59757.0,591.0,69.034416
SQQQ,2026-01-02 16:25:00+00:00,69.02,69.18,68.98,69.125,89649.0,818.0,69.060405
SQQQ,2026-01-02 16:26:00+00:00,69.12,69.13,68.98,69.005,54946.0,565.0,69.05284
SQQQ,2026-01-02 16:27:00+00:00,69.02,69.085,68.93,69.05,49002.0,507.0,69.013292
SQQQ,2026-01-02 16:28:00+00:00,69.05,69.05,68.875,68.93,57146.0,532.0,68.946113
SQQQ,2026-01-02 16:29:00+00:00,68.9175,69.105,68.8601,69.105,95047.0,697.0,68.955594
SQQQ,2026-01-02 16:30:00+00:00,69.12,69.17,69.03,69.1099,96633.0,863.0,69.104446
SQQQ,2026-01-02 16:31:00+00:00,69.114,69.145,69.06,69.07,56587.0,478.0,69.09042
SQQQ,2026-01-02 16:32:00+00:00,69.065,69.18,69.05,69.1699,45803.0,351.0,69.096931
SQQQ,2026-01-02 16:33:00+00:00,69.17,69.19,68.87,68.885,114011.0,767.0,69.043218
SQQQ,2026-01-02 16:34:00+00:00,68.875,68.9,68.71,68.7701,143824.0,1004.0,68.783935
SQQQ,2026-01-02 16:35:00+00:00,68.76,68.9806,68.74,68.955,91610.0,935.0,68.892285
SQQQ,2026-01-02 16:36:00+00:00,68.96,68.98,68.76,68.7699,53576.0,471.0,68.863384
SQQQ,2026-01-02 16:37:00+00:00,68.76,68.9607,68.71,68.9301,77810.0,564.0,68.810162
SQQQ,2026-01-02 16:38:00+00:00,68.965,69.05,68.945,68.984,60075.0,590.0,68.99613
SQQQ,2026-01-02 16:39:00+00:00,68.9755,69.076,68.95,69.0401,35139.0,331.0,69.021533
SQQQ,2026-01-02 16:40:00+00:00,69.05,69.1783,69.0061,69.095,75252.0,584.0,69.07154
SQQQ,2026-01-02 16:41:00+00:00,69.1,69.165,69.05,69.1256,67614.0,490.0,69.101288
SQQQ,2026-01-02 16:42:00+00:00,69.11,69.22,69.08,69.13,79993.0,582.0,69.136945
SQQQ,2026-01-02 16:43:00+00:00,69.12,69.15,69.02,69.06,56161.0,447.0,69.095785
SQQQ,2026-01-02 16:44:00+00:00,69.06,69.2201,69.06,69.1801,56972.0,495.0,69.182498
SQQQ,2026-01-02 16:45:00+00:00,69.2,69.25,69.1315,69.14,84510.0,675.0,69.194331
SQQQ,2026-01-02 16:46:00+00:00,69.17,69.265,69.1,69.18,51088.0,495.0,69.192465
SQQQ,2026-01-02 16:47:00+00:00,69.1797,69.22,69.0706,69.09,53315.0,409.0,69.133514
SQQQ,2026-01-02 16:48:00+00:00,69.105,69.3,69.105,69.285,115260.0,855.0,69.216884
SQQQ,2026-01-02 16:49:00+00:00,69.3,69.309,69.23,69.2374,38032.0,334.0,69.28677
SQQQ,2026-01-02 16:50:00+00:00,69.24,69.3501,69.17,69.3501,91291.0,645.0,69.307525
SQQQ,2026-01-02 16:51:00+00:00,69.35,69.5443,69.28,69.5443,133269.0,1006.0,69.380729
SQQQ,2026-01-02 16:52:00+00:00,69.55,69.63,69.51,69.5999,105268.0,739.0,69.580257
SQQQ,2026-01-02 16:53:00+00:00,69.605,69.62,69.49,69.52,117363.0,891.0,69.542235
SQQQ,2026-01-02 16:54:00+00:00,69.523,69.69,69.523,69.58,75482.0,524.0,69.625237
SQQQ,2026-01-02 16:55:00+00:00,69.5899,69.6,69.48,69.54,50112.0,402.0,69.544898
SQQQ,2026-01-02 16:56:00+00:00,69.53,69.61,69.44,69.4486,59080.0,512.0,69.50839
SQQQ,2026-01-02 16:57:00+00:00,69.445,69.5756,69.425,69.52,65160.0,434.0,69.474537
SQQQ,2026-01-02 16:58:00+00:00,69.54,69.5999,69.5,69.515,45187.0,390.0,69.548121
SQQQ,2026-01-02 16:59:00+00:00,69.54,69.55,69.355,69.37,60139.0,554.0,69.411213
SQQQ,2026-01-02 17:00:00+00:00,69.385,69.44,69.325,69.4,44925.0,560.0,69.377224
SQQQ,2026-01-02 17:01:00+00:00,69.39,69.5,69.39,69.45,25076.0,308.0,69.446747
SQQQ,2026-01-02 17:02:00+00:00,69.43,69.46,69.3725,69.42,33955.0,335.0,69.407461
SQQQ,2026-01-02 17:03:00+00:00,69.44,69.58,69.43,69.51,49801.0,473.0,69.510545
SQQQ,2026-01-02 17:04:00+00:00,69.5,69.55,69.4613,69.4999,25801.0,222.0,69.514517
SQQQ,2026-01-02 17:05:00+00:00,69.49,69.49,69.27,69.2914,60512.0,453.0,69.344541
SQQQ,2026-01-02 17:06:00+00:00,69.3,69.37,69.21,69.28,46088.0,417.0,69.277893
SQQQ,2026-01-02 17:07:00+00:00,69.29,69.41,69.22,69.41,24474.0,292.0,69.312427
SQQQ,2026-01-02 17:08:00+00:00,69.41,69.43,69.34,69.35,23799.0,295.0,69.382464
SQQQ,2026-01-02 17:09:00+00:00,69.38,69.41,69.33,69.33,22306.0,228.0,69.375119
SQQQ,2026-01-02 17:10:00+00:00,69.34,69.35,69.28,69.28,26111.0,232.0,69.304388
SQQQ,2026-01-02 17:11:00+00:00,69.29,69.33,69.22,69.22,73920.0,604.0,69.294668
SQQQ,2026-01-02 17:12:00+00:00,69.22,69.22,69.04,69.05,71950.0,517.0,69.09591
SQQQ,2026-01-02 17:13:00+00:00,69.03,69.04,68.885,68.9101,78236.0,542.0,68.965254
SQQQ,2026-01-02 17:14:00+00:00,68.9099,69.045,68.885,68.94,54812.0,380.0,68.962556
SQQQ,2026-01-02 17:15:00+00:00,68.93,68.98,68.92,68.95,23679.0,245.0,68.941757
SQQQ,2026-01-02 17:16:00+00:00,68.9402,69.03,68.93,68.99,37882.0,319.0,68.981123
SQQQ,2026-01-02 17:17:00+00:00,68.98,69.02,68.92,69.0,48425.0,442.0,68.979126
SQQQ,2026-01-02 17:18:00+00:00,68.99,68.99,68.92,68.93,29950.0,190.0,68.963966
SQQQ,2026-01-02 17:19:00+00:00,68.93,69.05,68.87,69.0494,26338.0,238.0,68.938559
SQQQ,2026-01-02 17:20:00+00:00,69.06,69.12,69.025,69.115,42954.0,308.0,69.05627
SQQQ,2026-01-02 17:21:00+00:00,69.11,69.18,69.06,69.145,54071.0,325.0,69.119937
SQQQ,2026-01-02 17:22:00+00:00,69.1504,69.1504,69.02,69.02,30654.0,228.0,69.084747
SQQQ,2026-01-02 17:23:00+00:00,69.03,69.07,69.01,69.0357,34666.0,230.0,69.033177
SQQQ,2026-01-02 17:24:00+00:00,69.02,69.1,69.01,69.0899,22672.0,200.0,69.046075
SQQQ,2026-01-02 17:25:00+00:00,69.1,69.15,69.035,69.07,41396.0,366.0,69.087838
SQQQ,2026-01-02 17:26:00+00:00,69.0532,69.15,69.045,69.11,15844.0,141.0,69.107883
SQQQ,2026-01-02 17:27:00+00:00,69.1,69.21,69.0599,69.06,44855.0,415.0,69.157483
SQQQ,2026-01-02 17:28:00+00:00,69.06,69.1,69.05,69.065,13134.0,128.0,69.071347
SQQQ,2026-01-02 17:29:00+00:00,69.08,69.09,69.02,69.0201,30051.0,217.0,69.047736
SQQQ,2026-01-02 17:30:00+00:00,69.01,69.03,68.9,68.94,54995.0,437.0,68.949636
SQQQ,2026-01-02 17:31:00+00:00,68.925,68.9986,68.91,68.93,25882.0,209.0,68.950492
SQQQ,2026-01-02 17:32:00+00:00,68.935,69.0,68.92,68.96,19427.0,171.0,68.973368
SQQQ,2026-01-02 17:33:00+00:00,68.945,69.01,68.91,68.9861,49125.0,221.0,68.963072
SQQQ,2026-01-02 17:34:00+00:00,68.98,69.14,68.97,69.105,47147.0,395.0,69.089004
SQQQ,2026-01-02 17:35:00+00:00,69.105,69.15,69.08,69.105,28900.0,246.0,69.110488
SQQQ,2026-01-02 17:36:00+00:00,69.11,69.1225,69.02,69.08,23793.0,201.0,69.077038
SQQQ,2026-01-02 17:37:00+00:00,69.0999,69.181,69.0801,69.16,24926.0,176.0,69.137491
SQQQ,2026-01-02 17:38:00+00:00,69.145,69.2121,69.11,69.13,40147.0,342.0,69.168729
SQQQ,2026-01-02 17:39:00+00:00,69.12,69.17,69.09,69.1584,14934.0,134.0,69.137641
SQQQ,2026-01-02 17:40:00+00:00,69.15,69.18,69.08,69.18,16596.0,173.0,69.125781
SQQQ,2026-01-02 17:41:00+00:00,69.19,69.21,69.16,69.17,25322.0,207.0,69.190934
SQQQ,2026-01-02 17:42:00+00:00,69.15,69.15,69.0201,69.06,36369.0,252.0,69.073688
SQQQ,2026-01-02 17:43:00+00:00,69.0456,69.19,69.045,69.19,25134.0,207.0,69.123819
SQQQ,2026-01-02 17:44:00+00:00,69.175,69.18,69.12,69.135,14377.0,131.0,69.15652
SQQQ,2026-01-02 17:45:00+00:00,69.14,69.16,69.0332,69.1,58613.0,525.0,69.078986
SQQQ,2026-01-02 17:46:00+00:00,69.0932,69.1932,69.0932,69.175,18175.0,161.0,69.151052
SQQQ,2026-01-02 17:47:00+00:00,69.17,69.2073,69.14,69.185,21055.0,173.0,69.17881
SQQQ,2026-01-02 17:48:00+00:00,69.1868,69.45,69.17,69.44,188120.0,846.0,69.259054
SQQQ,2026-01-02 17:49:00+00:00,69.44,69.54,69.4255,69.4505,95355.0,641.0,69.495345
SQQQ,2026-01-02 17:50:00+00:00,69.46,69.5301,69.455,69.53,38895.0,355.0,69.492413
SQQQ,2026-01-02 17:51:00+00:00,69.5301,69.55,69.41,69.4499,50057.0,382.0,69.47701
SQQQ,2026-01-02 17:52:00+00:00,69.45,69.475,69.37,69.46,37653.0,430.0,69.432422
SQQQ,2026-01-02 17:53:00+00:00,69.45,69.47,69.3843,69.465,31719.0,322.0,69.437668
SQQQ,2026-01-02 17:54:00+00:00,69.455,69.5299,69.405,69.4075,37509.0,338.0,69.467502
SQQQ,2026-01-02 17:55:00+00:00,69.41,69.44,69.352,69.37,30701.0,315.0,69.394204
SQQQ,2026-01-02 17:56:00+00:00,69.37,69.42,69.31,69.42,29784.0,299.0,69.361746
SQQQ,2026-01-02 17:57:00+00:00,69.41,69.51,69.4,69.49,43345.0,427.0,69.473338
SQQQ,2026-01-02 17:58:00+00:00,69.48,69.59,69.46,69.57,48376.0,496.0,69.54068
SQQQ,2026-01-02 17:59:00+00:00,69.57,69.6,69.51,69.5101,52473.0,397.0,69.56467
SQQQ,2026-01-02 18:00:00+00:00,69.53,69.5307,69.4,69.42,28237.0,296.0,69.450472
SQQQ,2026-01-02 18:01:00+00:00,69.4199,69.46,69.39,69.4213,19997.0,170.0,69.4167
SQQQ,2026-01-02 18:02:00+00:00,69.43,69.46,69.385,69.405,45090.0,192.0,69.439781
SQQQ,2026-01-02 18:03:00+00:00,69.38,69.38,69.28,69.28,20359.0,168.0,69.319323
SQQQ,2026-01-02 18:04:00+00:00,69.29,69.4,69.2832,69.37,23561.0,189.0,69.339076
SQQQ,2026-01-02 18:05:00+00:00,69.3593,69.43,69.315,69.415,26450.0,238.0,69.379136
SQQQ,2026-01-02 18:06:00+00:00,69.4261,69.51,69.4261,69.44,28888.0,233.0,69.476703
SQQQ,2026-01-02 18:07:00+00:00,69.44,69.46,69.415,69.4499,17828.0,186.0,69.43973
SQQQ,2026-01-02 18:08:00+00:00,69.44,69.53,69.43,69.5219,27504.0,214.0,69.461845
SQQQ,2026-01-02 18:09:00+00:00,69.5275,69.55,69.45,69.46,30440.0,242.0,69.518999
SQQQ,2026-01-02 18:10:00+00:00,69.44,69.5,69.3529,69.46,32414.0,355.0,69.441896
SQQQ,2026-01-02 18:11:00+00:00,69.47,69.53,69.46,69.5,20670.0,251.0,69.494806
SQQQ,2026-01-02 18:12:00+00:00,69.5,69.5493,69.48,69.5493,16738.0,138.0,69.507862
SQQQ,2026-01-02 18:13:00+00:00,69.55,69.5873,69.53,69.56,38162.0,147.0,69.553584
SQQQ,2026-01-02 18:14:00+00:00,69.56,69.5863,69.54,69.57,28579.0,152.0,69.570357
SQQQ,2026-01-02 18:15:00+00:00,69.585,69.63,69.56,69.6099,93353.0,396.0,69.595053
SQQQ,2026-01-02 18:16:00+00:00,69.61,69.61,69.49,69.51,31021.0,238.0,69.534347
SQQQ,2026-01-02 18:17:00+00:00,69.5,69.51,69.44,69.45,48926.0,191.0,69.461467
SQQQ,2026-01-02 18:18:00+00:00,69.4401,69.45,69.33,69.33,27393.0,186.0,69.382821
SQQQ,2026-01-02 18:19:00+00:00,69.3227,69.35,69.2827,69.325,27355.0,167.0,69.305902
SQQQ,2026-01-02 18:20:00+00:00,69.329,69.4,69.3101,69.3873,22045.0,234.0,69.363683
SQQQ,2026-01-02 18:21:00+00:00,69.38,69.3899,69.19,69.19,56887.0,241.0,69.26024
SQQQ,2026-01-02 18:22:00+00:00,69.19,69.29,69.19,69.26,26414.0,201.0,69.241572
SQQQ,2026-01-02 18:23:00+00:00,69.265,69.39,69.25,69.3885,47137.0,174.0,69.36178
SQQQ,2026-01-02 18:24:00+00:00,69.387,69.4261,69.3599,69.4094,15076.0,130.0,69.394558
SQQQ,2026-01-02 18:25:00+00:00,69.38,69.4,69.34,69.3784,16868.0,145.0,69.366705
SQQQ,2026-01-02 18:26:00+00:00,69.39,69.5156,69.39,69.48,53664.0,329.0,69.485957
SQQQ,2026-01-02 18:27:00+00:00,69.48,69.48,69.4101,69.4102,17216.0,123.0,69.4326
SQQQ,2026-01-02 18:28:00+00:00,69.39,69.465,69.385,69.4179,17436.0,165.0,69.429926
SQQQ,2026-01-02 18:29:00+00:00,69.4127,69.45,69.39,69.4432,23624.0,129.0,69.4031
SQQQ,2026-01-02 18:30:00+00:00,69.44,69.5,69.42,69.485,19133.0,196.0,69.456907
SQQQ,2026-01-02 18:31:00+00:00,69.46,69.48,69.4226,69.48,24753.0,176.0,69.461387
SQQQ,2026-01-02 18:32:00+00:00,69.471,69.555,69.471,69.55,20217.0,201.0,69.513949
SQQQ,2026-01-02 18:33:00+00:00,69.55,69.57,69.535,69.535,25087.0,182.0,69.551064
SQQQ,2026-01-02 18:34:00+00:00,69.54,69.54,69.49,69.5001,15168.0,149.0,69.516128
SQQQ,2026-01-02 18:35:00+00:00,69.51,69.5301,69.47,69.5,48379.0,355.0,69.502971
SQQQ,2026-01-02 18:36:00+00:00,69.495,69.555,69.485,69.5227,20841.0,164.0,69.518412
SQQQ,2026-01-02 18:37:00+00:00,69.52,69.5201,69.465,69.465,11469.0,117.0,69.508469
SQQQ,2026-01-02 18:38:00+00:00,69.465,69.49,69.35,69.3516,30337.0,225.0,69.413488
SQQQ,2026-01-02 18:39:00+00:00,69.345,69.43,69.32,69.42,22818.0,206.0,69.374561
SQQQ,2026-01-02 18:40:00+00:00,69.42,69.5,69.42,69.5,41864.0,210.0,69.484317
SQQQ,2026-01-02 18:41:00+00:00,69.5,69.53,69.49,69.49,18573.0,122.0,69.504105
SQQQ,2026-01-02 18:42:00+00:00,69.485,69.5001,69.44,69.47,11168.0,127.0,69.470076
SQQQ,2026-01-02 18:43:00+00:00,69.47,69.495,69.44,69.495,8835.0,91.0,69.474471
SQQQ,2026-01-02 18:44:00+00:00,69.48,69.48,69.3827,69.395,16548.0,165.0,69.428198
SQQQ,2026-01-02 18:45:00+00:00,69.36,69.38,69.29,69.365,58707.0,274.0,69.322352
SQQQ,2026-01-02 18:46:00+00:00,69.37,69.4,69.3,69.3,13217.0,128.0,69.347133
SQQQ,2026-01-02 18:47:00+00:00,69.32,69.38,69.295,69.3716,10285.0,123.0,69.33219
SQQQ,2026-01-02 18:48:00+00:00,69.36,69.62,69.36,69.6099,124253.0,665.0,69.535393
SQQQ,2026-01-02 18:49:00+00:00,69.6,69.835,69.59,69.8017,151397.0,987.0,69.733671
SQQQ,2026-01-02 18:50:00+00:00,69.815,69.9776,69.815,69.8837,176648.0,897.0,69.893372
SQQQ,2026-01-02 18:51:00+00:00,69.89,69.89,69.8201,69.8899,58064.0,379.0,69.867693
SQQQ,2026-01-02 18:52:00+00:00,69.89,69.9599,69.855,69.95,60850.0,337.0,69.903276
SQQQ,2026-01-02 18:53:00+00:00,69.9578,69.9601,69.85,69.93,68240.0,380.0,69.905874
SQQQ,2026-01-02 18:54:00+00:00,69.93,69.93,69.72,69.7499,75971.0,359.0,69.772119
SQQQ,2026-01-02 18:55:00+00:00,69.74,69.8778,69.74,69.87,49813.0,354.0,69.804086
SQQQ,2026-01-02 18:56:00+00:00,69.8777,69.895,69.8005,69.8215,50325.0,327.0,69.845408
SQQQ,2026-01-02 18:57:00+00:00,69.84,69.9255,69.84,69.865,36436.0,262.0,69.877656
SQQQ,2026-01-02 18:58:00+00:00,69.87,69.9101,69.87,69.8803,32953.0,220.0,69.883857
SQQQ,2026-01-02 18:59:00+00:00,69.89,69.8999,69.736,69.74,44255.0,252.0,69.792795
SQQQ,2026-01-02 19:00:00+00:00,69.74,69.78,69.595,69.6,98403.0,565.0,69.679576
SQQQ,2026-01-02 19:01:00+00:00,69.595,69.73,69.595,69.71,44975.0,329.0,69.671959
SQQQ,2026-01-02 19:02:00+00:00,69.69,69.79,69.685,69.7,45089.0,333.0,69.72749
SQQQ,2026-01-02 19:03:00+00:00,69.71,69.71,69.6401,69.66,27728.0,172.0,69.661241
SQQQ,2026-01-02 19:04:00+00:00,69.65,69.655,69.5207,69.54,47446.0,248.0,69.568588
SQQQ,2026-01-02 19:05:00+00:00,69.535,69.54,69.32,69.385,97831.0,650.0,69.413125
SQQQ,2026-01-02 19:06:00+00:00,69.37,69.4756,69.35,69.42,74580.0,469.0,69.42611
SQQQ,2026-01-02 19:07:00+00:00,69.41,69.415,69.3045,69.3339,85795.0,325.0,69.331412
SQQQ,2026-01-02 19:08:00+00:00,69.33,69.365,69.32,69.3299,33713.0,194.0,69.337912
SQQQ,2026-01-02 19:09:00+00:00,69.3,69.3,69.21,69.23,54437.0,330.0,69.244582
SQQQ,2026-01-02 19:10:00+00:00,69.2499,69.3071,69.21,69.27,32581.0,299.0,69.271354
SQQQ,2026-01-02 19:11:00+00:00,69.28,69.28,69.1541,69.155,44504.0,315.0,69.218703
SQQQ,2026-01-02 19:12:00+00:00,69.15,69.1501,69.04,69.066,96766.0,591.0,69.087171
SQQQ,2026-01-02 19:13:00+00:00,69.0531,69.0531,68.9501,69.0,79645.0,482.0,68.990636
SQQQ,2026-01-02 19:14:00+00:00,69.0,69.02,68.95,69.0103,35141.0,267.0,68.984743
SQQQ,2026-01-02 19:15:00+00:00,69.01,69.0789,68.95,69.0479,66437.0,458.0,69.013658
SQQQ,2026-01-02 19:16:00+00:00,69.05,69.1199,68.99,69.015,43309.0,380.0,69.049576
SQQQ,2026-01-02 19:17:00+00:00,69.015,69.07,69.0,69.03,45089.0,223.0,69.042965
SQQQ,2026-01-02 19:18:00+00:00,69.02,69.13,68.97,69.09,42658.0,360.0,69.063577
SQQQ,2026-01-02 19:19:00+00:00,69.1055,69.145,69.07,69.1084,69983.0,292.0,69.106625
SQQQ,2026-01-02 19:20:00+00:00,69.11,69.1956,69.0801,69.17,38549.0,321.0,69.130317
SQQQ,2026-01-02 19:21:00+00:00,69.135,69.1399,69.045,69.065,58723.0,275.0,69.097734
SQQQ,2026-01-02 19:22:00+00:00,69.05,69.0694,68.97,68.975,29583.0,226.0,69.023652
SQQQ,2026-01-02 19:23:00+00:00,68.97,68.971,68.895,68.9,57828.0,398.0,68.933986
SQQQ,2026-01-02 19:24:00+00:00,68.89,68.9101,68.82,68.84,40656.0,311.0,68.863232
SQQQ,2026-01-02 19:25:00+00:00,68.84,68.86,68.75,68.82,120691.0,578.0,68.81854
SQQQ,2026-01-02 19:26:00+00:00,68.8115,68.93,68.8014,68.88,79853.0,348.0,68.883239
SQQQ,2026-01-02 19:27:00+00:00,68.8899,68.92,68.86,68.87,22309.0,193.0,68.891687
SQQQ,2026-01-02 19:28:00+00:00,68.86,68.94,68.845,68.9,44314.0,312.0,68.889598
SQQQ,2026-01-02 19:29:00+00:00,68.8799,68.8799,68.805,68.8266,30103.0,195.0,68.83362
SQQQ,2026-01-02 19:30:00+00:00,68.825,68.825,68.66,68.76,121424.0,723.0,68.730036
SQQQ,2026-01-02 19:31:00+00:00,68.76,68.79,68.66,68.665,122261.0,685.0,68.706941
SQQQ,2026-01-02 19:32:00+00:00,68.65,68.74,68.64,68.6611,41451.0,275.0,68.690063
SQQQ,2026-01-02 19:33:00+00:00,68.665,68.705,68.64,68.6504,40890.0,284.0,68.667909
SQQQ,2026-01-02 19:34:00+00:00,68.655,68.655,68.55,68.5927,60123.0,403.0,68.602907
SQQQ,2026-01-02 19:35:00+00:00,68.595,68.7,68.59,68.6766,104633.0,472.0,68.64989
SQQQ,2026-01-02 19:36:00+00:00,68.655,68.6598,68.52,68.5799,64179.0,347.0,68.577532
SQQQ,2026-01-02 19:37:00+00:00,68.5793,68.625,68.545,68.59,30955.0,228.0,68.593119
SQQQ,2026-01-02 19:38:00+00:00,68.5855,68.59,68.53,68.5399,26551.0,232.0,68.558363
SQQQ,2026-01-02 19:39:00+00:00,68.53,68.6199,68.5,68.58,44235.0,367.0,68.561113
SQQQ,2026-01-02 19:40:00+00:00,68.58,68.58,68.46,68.5066,55473.0,400.0,68.493773
SQQQ,2026-01-02 19:41:00+00:00,68.5,68.55,68.49,68.55,24314.0,218.0,68.526341
SQQQ,2026-01-02 19:42:00+00:00,68.55,68.61,68.505,68.6099,55767.0,368.0,68.562544
SQQQ,2026-01-02 19:43:00+00:00,68.6,68.63,68.5693,68.6001,43859.0,306.0,68.604038
SQQQ,2026-01-02 19:44:00+00:00,68.59,68.645,68.5544,68.64,65090.0,252.0,68.60729
SQQQ,2026-01-02 19:45:00+00:00,68.63,68.6398,68.56,68.6398,52965.0,277.0,68.608823
SQQQ,2026-01-02 19:46:00+00:00,68.62,68.695,68.5901,68.62,58458.0,361.0,68.653773
SQQQ,2026-01-02 19:47:00+00:00,68.6268,68.6268,68.5727,68.6,44960.0,270.0,68.595322
SQQQ,2026-01-02 19:48:00+00:00,68.62,68.73,68.615,68.695,97657.0,523.0,68.679526
SQQQ,2026-01-02 19:49:00+00:00,68.6893,68.7101,68.645,68.645,25984.0,197.0,68.67971
SQQQ,2026-01-02 19:50:00+00:00,68.63,68.702,68.61,68.702,30583.0,195.0,68.665074
SQQQ,2026-01-02 19:51:00+00:00,68.7,68.74,68.655,68.73,69727.0,389.0,68.692525
SQQQ,2026-01-02 19:52:00+00:00,68.7256,68.76,68.65,68.73,40318.0,333.0,68.730816
SQQQ,2026-01-02 19:53:00+00:00,68.74,68.785,68.72,68.78,31459.0,218.0,68.754023
SQQQ,2026-01-02 19:54:00+00:00,68.7865,68.85,68.73,68.75,89058.0,437.0,68.782982
SQQQ,2026-01-02 19:55:00+00:00,68.75,68.82,68.73,68.7999,39938.0,290.0,68.777384
SQQQ,2026-01-02 19:56:00+00:00,68.8,68.835,68.765,68.7899,54419.0,295.0,68.786484
SQQQ,2026-01-02 19:57:00+00:00,68.78,68.875,68.78,68.875,42882.0,276.0,68.845421
SQQQ,2026-01-02 19:58:00+00:00,68.876,68.9899,68.8632,68.9777,115609.0,622.0,68.954717
SQQQ,2026-01-02 19:59:00+00:00,68.98,69.0,68.89,68.9002,52273.0,305.0,68.949891
SQQQ,2026-01-02 20:00:00+00:00,68.91,68.99,68.84,68.855,82679.0,406.0,68.904882
SQQQ,2026-01-02 20:01:00+00:00,68.8573,68.8699,68.8001,68.85,45810.0,260.0,68.834685
SQQQ,2026-01-02 20:02:00+00:00,68.8498,68.9199,68.84,68.8901,60657.0,215.0,68.891873
SQQQ,2026-01-02 20:03:00+00:00,68.89,68.8903,68.76,68.77,39833.0,264.0,68.798797
SQQQ,2026-01-02 20:04:00+00:00,68.77,68.8386,68.745,68.82,49424.0,233.0,68.793214
SQQQ,2026-01-02 20:05:00+00:00,68.825,68.825,68.77,68.8198,13465.0,115.0,68.802717
SQQQ,2026-01-02 20:06:00+00:00,68.81,68.9,68.8,68.85,34761.0,257.0,68.860416
SQQQ,2026-01-02 20:07:00+00:00,68.86,68.8873,68.82,68.855,33197.0,211.0,68.844268
SQQQ,2026-01-02 20:08:00+00:00,68.84,68.85,68.7744,68.83,31551.0,213.0,68.819776
SQQQ,2026-01-02 20:09:00+00:00,68.83,68.84,68.79,68.79,17464.0,138.0,68.81328
SQQQ,2026-01-02 20:10:00+00:00,68.78,68.7839,68.67,68.6756,80491.0,296.0,68.736728
SQQQ,2026-01-02 20:11:00+00:00,68.6729,68.73,68.67,68.69,70030.0,454.0,68.699635
SQQQ,2026-01-02 20:12:00+00:00,68.6801,68.7001,68.63,68.6774,53105.0,304.0,68.653665
SQQQ,2026-01-02 20:13:00+00:00,68.67,68.71,68.64,68.6901,28450.0,160.0,68.693983
SQQQ,2026-01-02 20:14:00+00:00,68.695,68.74,68.65,68.7339,42655.0,204.0,68.693372
SQQQ,2026-01-02 20:15:00+00:00,68.73,68.7645,68.71,68.735,31403.0,190.0,68.739938
SQQQ,2026-01-02 20:16:00+00:00,68.73,68.75,68.7071,68.7071,18428.0,138.0,68.722777
SQQQ,2026-01-02 20:17:00+00:00,68.7,68.74,68.6846,68.72,28789.0,160.0,68.718732
SQQQ,2026-01-02 20:18:00+00:00,68.72,68.725,68.66,68.66,30553.0,175.0,68.688161
SQQQ,2026-01-02 20:19:00+00:00,68.64,68.64,68.53,68.55,176018.0,396.0,68.548314
SQQQ,2026-01-02 20:20:00+00:00,68.5405,68.575,68.5145,68.55,72950.0,229.0,68.544434
SQQQ,2026-01-02 20:21:00+00:00,68.55,68.5701,68.5,68.54,72552.0,285.0,68.534187
SQQQ,2026-01-02 20:22:00+00:00,68.55,68.6,68.52,68.57,96778.0,234.0,68.564626
SQQQ,2026-01-02 20:23:00+00:00,68.575,68.645,68.575,68.58,28624.0,179.0,68.614487
SQQQ,2026-01-02 20:24:00+00:00,68.59,68.63,68.59,68.605,15380.0,100.0,68.610024
SQQQ,2026-01-02 20:25:00+00:00,68.611,68.6999,68.605,68.6899,54574.0,302.0,68.660991
SQQQ,2026-01-02 20:26:00+00:00,68.68,68.74,68.66,68.66,56495.0,248.0,68.705459
SQQQ,2026-01-02 20:27:00+00:00,68.6601,68.665,68.5927,68.6,40014.0,163.0,68.64625
SQQQ,2026-01-02 20:28:00+00:00,68.6101,68.6199,68.545,68.575,65105.0,243.0,68.571853
SQQQ,2026-01-02 20:29:00+00:00,68.57,68.6401,68.56,68.6401,35057.0,149.0,68.611105
SQQQ,2026-01-02 20:30:00+00:00,68.64,68.7073,68.58,68.695,93416.0,315.0,68.636615
SQQQ,2026-01-02 20:31:00+00:00,68.69,68.74,68.655,68.655,57475.0,279.0,68.713165
SQQQ,2026-01-02 20:32:00+00:00,68.6701,68.74,68.6455,68.74,28009.0,192.0,68.697133
SQQQ,2026-01-02 20:33:00+00:00,68.75,68.76,68.69,68.745,41154.0,211.0,68.740867
SQQQ,2026-01-02 20:34:00+00:00,68.735,68.78,68.735,68.7601,47674.0,190.0,68.767955
SQQQ,2026-01-02 20:35:00+00:00,68.77,68.77,68.64,68.6509,54837.0,255.0,68.702888
SQQQ,2026-01-02 20:36:00+00:00,68.65,68.7,68.63,68.64,32725.0,206.0,68.666797
SQQQ,2026-01-02 20:37:00+00:00,68.65,68.7388,68.635,68.7261,39439.0,198.0,68.690705
SQQQ,2026-01-02 20:38:00+00:00,68.72,68.745,68.71,68.725,80224.0,229.0,68.726012
SQQQ,2026-01-02 20:39:00+00:00,68.735,68.785,68.7201,68.7701,43059.0,183.0,68.75687
SQQQ,2026-01-02 20:40:00+00:00,68.775,68.8584,68.775,68.815,50044.0,313.0,68.818941
SQQQ,2026-01-02 20:41:00+00:00,68.8099,68.8501,68.79,68.8399,45320.0,242.0,68.823429
SQQQ,2026-01-02 20:42:00+00:00,68.831,68.8799,68.8203,68.87,54275.0,225.0,68.847107
SQQQ,2026-01-02 20:43:00+00:00,68.865,68.8825,68.84,68.8501,55135.0,232.0,68.858805
SQQQ,2026-01-02 20:44:00+00:00,68.85,68.9568,68.8499,68.95,57925.0,312.0,68.910543
SQQQ,2026-01-02 20:45:00+00:00,68.95,68.9944,68.88,68.9199,97546.0,540.0,68.930401
SQQQ,2026-01-02 20:46:00+00:00,68.91,68.9939,68.8999,68.97,62871.0,389.0,68.954695
SQQQ,2026-01-02 20:47:00+00:00,68.9801,69.1,68.9801,69.1,83699.0,435.0,69.060905
SQQQ,2026-01-02 20:48:00+00:00,69.0999,69.13,69.05,69.125,87908.0,353.0,69.082599
SQQQ,2026-01-02 20:49:00+00:00,69.12,69.1399,69.05,69.05,72572.0,406.0,69.089023
SQQQ,2026-01-02 20:50:00+00:00,69.06,69.1,68.85,68.88,189005.0,1415.0,68.986642
SQQQ,2026-01-02 20:51:00+00:00,68.87,69.0688,68.87,69.035,91397.0,693.0,68.967532
SQQQ,2026-01-02 20:52:00+00:00,69.035,69.035,68.94,68.9902,142210.0,932.0,68.980002
SQQQ,2026-01-02 20:53:00+00:00,68.985,68.9999,68.88,68.9825,101581.0,678.0,68.930406
SQQQ,2026-01-02 20:54:00+00:00,68.98,69.065,68.96,69.045,161441.0,1099.0,69.011544
SQQQ,2026-01-02 20:55:00+00:00,69.06,69.15,69.0,69.12,210360.0,1260.0,69.073413
SQQQ,2026-01-02 20:56:00+00:00,69.1299,69.14,69.09,69.1,88110.0,493.0,69.111864
SQQQ,2026-01-02 20:57:00+00:00,69.095,69.1201,69.07,69.095,49637.0,393.0,69.096694
SQQQ,2026-01-02 20:58:00+00:00,69.0902,69.129,69.02,69.02,141327.0,618.0,69.076803
SQQQ,2026-01-02 20:59:00+00:00,69.02,69.05,68.9,68.989,274943.0,1515.0,68.976119
SQQQ,2026-01-02 21:00:00+00:00,68.99,68.99,68.7799,68.809,62161.0,76.0,68.938522
SQQQ,2026-01-02 21:01:00+00:00,68.81,68.8897,68.81,68.8797,1519.0,33.0,68.855426
SQQQ,2026-01-02 21:02:00+00:00,68.83,68.83,68.77,68.77,12396.0,45.0,68.807034
SQQQ,2026-01-02 21:03:00+00:00,68.81,68.89,68.81,68.8797,1862.0,20.0,68.854735
SQQQ,2026-01-02 21:04:00+00:00,68.88,68.9399,68.88,68.93,1580.0,27.0,68.889717
SQQQ,2026-01-02 21:05:00+00:00,68.94,68.94,68.9,68.9,1756.0,9.0,68.93
SQQQ,2026-01-02 21:06:00+00:00,68.92,68.9401,68.9103,68.9103,11729.0,26.0,68.934935
SQQQ,2026-01-02 21:07:00+00:00,68.91,68.92,68.9,68.9,3716.0,19.0,68.91279
SQQQ,2026-01-02 21:08:00+00:00,68.9,68.9,68.9,68.9,621.0,8.0,68.9
SQQQ,2026-01-02 21:09:00+00:00,68.89,68.89,68.85,68.87,3567.0,20.0,68.870494
SQQQ,2026-01-02 21:10:00+00:00,68.88,68.88,68.8603,68.88,6698.0,21.0,68.875957
SQQQ,2026-01-02 21:11:00+00:00,68.88,68.93,68.88,68.93,9295.0,31.0,68.898666
SQQQ,2026-01-02 21:12:00+00:00,68.94,69.0099,68.94,68.951,4313.0,35.0,68.973501
SQQQ,2026-01-02 21:13:00+00:00,68.96,68.96,68.91,68.93,1807.0,13.0,68.91959
SQQQ,2026-01-02 21:14:00+00:00,68.92,68.93,68.91,68.93,5447.0,24.0,68.923639
SQQQ,2026-01-02 21:15:00+00:00,68.92,68.94,68.92,68.94,2174.0,26.0,68.932231
SQQQ,2026-01-02 21:16:00+00:00,68.9203,68.95,68.9203,68.95,3633.0,14.0,68.931339
SQQQ,2026-01-02 21:17:00+00:00,68.94,68.94,68.93,68.93,1323.0,10.0,68.933007
SQQQ,2026-01-02 21:18:00+00:00,68.93,68.94,68.93,68.94,1191.0,11.0,68.935
SQQQ,2026-01-02 21:19:00+00:00,68.94,68.94,68.93,68.93,1340.0,11.0,68.933333
SQQQ,2026-01-02 21:20:00+00:00,68.94,68.95,68.94,68.94,11692.0,30.0,68.940299
SQQQ,2026-01-02 21:21:00+00:00,68.95,68.95,68.9231,68.9231,10450.0,18.0,68.949566
SQQQ,2026-01-02 21:22:00+00:00,68.93,68.93,68.92,68.92,10536.0,7.0,68.929524
SQQQ,2026-01-02 21:23:00+00:00,68.9219,68.9399,68.9219,68.93,3376.0,14.0,68.929582
SQQQ,2026-01-02 21:24:00+00:00,68.93,68.95,68.93,68.95,12200.0,9.0,68.931741
SQQQ,2026-01-02 21:25:00+00:00,68.93,68.93,68.93,68.93,858.0,18.0,68.93
SQQQ,2026-01-02 21:26:00+00:00,68.93,68.93,68.93,68.93,1180.0,11.0,68.93
SQQQ,2026-01-02 21:27:00+00:00,68.92,68.92,68.92,68.92,481.0,10.0,68.92
SQQQ,2026-01-02 21:28:00+00:00,68.93,68.94,68.93,68.94,44040.0,44.0,68.936065
SQQQ,2026-01-02 21:29:00+00:00,68.93,68.93,68.93,68.93,437.0,10.0,68.93
SQQQ,2026-01-02 21:30:00+00:00,68.9299,68.9299,68.9299,68.9299,598.0,37.0,68.9299
SQQQ,2026-01-02 21:31:00+00:00,68.911,68.911,68.9106,68.9106,281.0,5.0,68.910778
SQQQ,2026-01-02 21:32:00+00:00,68.91,68.91,68.9,68.9,6422.0,12.0,68.901856
SQQQ,2026-01-02 21:33:00+00:00,68.91,68.91,68.9,68.9,5949.0,13.0,68.901029
SQQQ,2026-01-02 21:34:00+00:00,68.9,68.9,68.89,68.89,1370.0,11.0,68.8975
SQQQ,2026-01-02 21:35:00+00:00,68.8916,68.9,68.8916,68.9,1035.0,11.0,68.895333
SQQQ,2026-01-02 21:36:00+00:00,68.89,68.9,68.89,68.9,1802.0,14.0,68.89285
SQQQ,2026-01-02 21:37:00+00:00,68.9016,68.92,68.9016,68.92,3103.0,29.0,68.915102
SQQQ,2026-01-02 21:38:00+00:00,68.91,68.91,68.9,68.9,931.0,6.0,68.908889
SQQQ,2026-01-02 21:39:00+00:00,68.89,68.9,68.89,68.9,4562.0,16.0,68.892068
SQQQ,2026-01-02 21:40:00+00:00,68.9,68.91,68.9,68.91,3942.0,12.0,68.903926
SQQQ,2026-01-02 21:42:00+00:00,68.91,68.91,68.91,68.91,132.0,4.0,68.91
SQQQ,2026-01-02 21:43:00+00:00,68.91,68.91,68.9,68.9,1952.0,7.0,68.908765
SQQQ,2026-01-02 21:44:00+00:00,68.8999,68.8999,68.88,68.8901,1639.0,8.0,68.895473
SQQQ,2026-01-02 21:45:00+00:00,68.9,68.91,68.9,68.91,1076.0,17.0,68.905556
SQQQ,2026-01-02 21:46:00+00:00,68.911,68.911,68.911,68.911,2013.0,5.0,68.911
SQQQ,2026-01-02 21:47:00+00:00,68.92,68.94,68.92,68.93,4433.0,16.0,68.927407
SQQQ,2026-01-02 21:48:00+00:00,68.9395,68.94,68.93,68.94,4854.0,15.0,68.939115
SQQQ,2026-01-02 21:49:00+00:00,68.94,68.96,68.94,68.96,6913.0,29.0,68.945996
SQQQ,2026-01-02 21:50:00+00:00,68.97,69.01,68.97,69.0,5442.0,34.0,68.991839
SQQQ,2026-01-02 21:51:00+00:00,69.01,69.01,69.01,69.01,1888.0,13.0,69.01
SQQQ,2026-01-02 21:52:00+00:00,69.02,69.02,69.02,69.02,280.0,14.0,69.02
SQQQ,2026-01-02 21:53:00+00:00,69.0216,69.0216,69.0205,69.0205,1733.0,8.0,69.020953
SQQQ,2026-01-02 21:54:00+00:00,69.0298,69.0298,69.0,69.0004,6095.0,10.0,69.002499
SQQQ,2026-01-02 21:55:00+00:00,69.02,69.02,69.0,69.0,250.0,3.0,69.01
SQQQ,2026-01-02 21:56:00+00:00,69.0,69.0,69.0,69.0,2021.0,4.0,69.0
SQQQ,2026-01-02 21:58:00+00:00,68.9692,68.9692,68.96,68.9601,728.0,10.0,68.965688
SQQQ,2026-01-02 21:59:00+00:00,68.96,68.96,68.93,68.93,5605.0,14.0,68.955635
SQQQ,2026-01-02 22:02:00+00:00,68.97,68.97,68.97,68.97,1427.0,10.0,68.97
SQQQ,2026-01-02 22:03:00+00:00,68.99,68.99,68.99,68.99,102.0,2.0,68.99
SQQQ,2026-01-02 22:08:00+00:00,68.92,68.92,68.92,68.92,281.0,8.0,68.92
SQQQ,2026-01-02 22:09:00+00:00,68.9225,68.9587,68.9225,68.95,2947.0,8.0,68.930199
SQQQ,2026-01-02 22:10:00+00:00,68.918,68.918,68.918,68.918,300.0,1.0,68.918
SQQQ,2026-01-02 22:11:00+00:00,68.93,68.93,68.93,68.93,443.0,5.0,68.93
SQQQ,2026-01-02 22:12:00+00:00,68.93,68.93,68.91,68.92,1308.0,16.0,68.920132
SQQQ,2026-01-02 22:16:00+00:00,68.92,68.92,68.91,68.91,1700.0,4.0,68.910592
SQQQ,2026-01-02 22:17:00+00:00,68.91,68.91,68.91,68.91,500.0,1.0,68.91
SQQQ,2026-01-02 22:19:00+00:00,68.921,68.921,68.921,68.921,210.0,5.0,68.921
SQQQ,2026-01-02 22:20:00+00:00,68.93,68.93,68.91,68.91,1162.0,13.0,68.91323
SQQQ,2026-01-02 22:24:00+00:00,68.92,68.92,68.92,68.92,443.0,2.0,68.92
SQQQ,2026-01-02 22:26:00+00:00,68.95,68.95,68.95,68.95,744.0,5.0,68.95
SQQQ,2026-01-02 22:27:00+00:00,68.95,68.95,68.95,68.95,151.0,6.0,68.95
SQQQ,2026-01-02 22:28:00+00:00,68.94,68.94,68.94,68.94,3024.0,6.0,68.94
SQQQ,2026-01-02 22:30:00+00:00,68.96,68.96,68.96,68.96,150.0,1.0,68.96
SQQQ,2026-01-02 22:31:00+00:00,68.97,69.0,68.97,69.0,247.0,4.0,68.987234
SQQQ,2026-01-02 22:32:00+00:00,68.99,69.0,68.99,69.0,1500.0,8.0,68.997377
SQQQ,2026-01-02 22:33:00+00:00,68.99,68.99,68.99,68.99,505.0,2.0,68.99
SQQQ,2026-01-02 22:34:00+00:00,69.03,69.03,69.03,69.03,377.0,13.0,69.03
SQQQ,2026-01-02 22:35:00+00:00,69.03,69.04,69.03,69.03,1781.0,9.0,69.034295
SQQQ,2026-01-02 22:36:00+00:00,69.03,69.03,69.0,69.0,449.0,4.0,69.021141
SQQQ,2026-01-02 22:38:00+00:00,69.0,69.01,69.0,69.01,585.0,7.0,69.007009
SQQQ,2026-01-02 22:39:00+00:00,69.0008,69.0008,69.0008,69.0008,135.0,1.0,69.0008
SQQQ,2026-01-02 22:40:00+00:00,69.0007,69.0007,69.0007,69.0007,154.0,2.0,69.0007
SQQQ,2026-01-02 22:43:00+00:00,69.01,69.01,69.0005,69.0005,203.0,3.0,69.00525
SQQQ,2026-01-02 22:45:00+00:00,69.0009,69.0009,69.0009,69.0009,151.0,3.0,69.0009
SQQQ,2026-01-02 22:46:00+00:00,69.0,69.0,69.0,69.0,321.0,5.0,69.0
SQQQ,2026-01-02 22:47:00+00:00,69.0,69.0,69.0,69.0,139.0,1.0,69.0
SQQQ,2026-01-02 22:48:00+00:00,68.97,68.97,68.97,68.97,831.0,2.0,68.97
SQQQ,2026-01-02 22:49:00+00:00,68.99,69.01,68.99,69.01,1560.0,11.0,69.006458
SQQQ,2026-01-02 22:51:00+00:00,68.97,68.97,68.97,68.97,591.0,3.0,68.97
SQQQ,2026-01-02 22:52:00+00:00,68.97,68.97,68.97,68.97,338.0,7.0,68.97
SQQQ,2026-01-02 22:55:00+00:00,68.991,68.991,68.991,68.991,140.0,4.0,68.991
SQQQ,2026-01-02 22:56:00+00:00,68.96,68.96,68.96,68.96,319.0,5.0,68.96
SQQQ,2026-01-02 22:57:00+00:00,69.0,69.0,69.0,69.0,300.0,12.0,69.0
SQQQ,2026-01-02 22:59:00+00:00,68.9528,69.02,68.9528,69.02,730.0,45.0,68.990133
SQQQ,2026-01-02 23:01:00+00:00,68.9407,68.9407,68.9407,68.9407,1543.0,4.0,68.9407
SQQQ,2026-01-02 23:03:00+00:00,68.94,68.94,68.94,68.94,1455.0,11.0,68.94
SQQQ,2026-01-02 23:05:00+00:00,69.01,69.01,69.01,69.01,5046.0,4.0,69.01
SQQQ,2026-01-02 23:08:00+00:00,68.96,68.96,68.96,68.96,165.0,3.0,68.96
SQQQ,2026-01-02 23:10:00+00:00,68.95,69.0,68.95,69.0,565.0,10.0,68.981283
SQQQ,2026-01-02 23:12:00+00:00,68.95,68.95,68.95,68.95,337.0,9.0,68.95
SQQQ,2026-01-02 23:13:00+00:00,68.94,68.95,68.94,68.95,1175.0,5.0,68.944828
SQQQ,2026-01-02 23:16:00+00:00,68.94,68.94,68.94,68.94,500.0,1.0,68.94
SQQQ,2026-01-02 23:17:00+00:00,68.94,68.94,68.94,68.94,1461.0,11.0,68.94
SQQQ,2026-01-02 23:18:00+00:00,68.9044,68.9044,68.9044,68.9044,411.0,5.0,68.9044
SQQQ,2026-01-02 23:23:00+00:00,68.9395,68.9395,68.92,68.92,464.0,7.0,68.926354
SQQQ,2026-01-02 23:24:00+00:00,68.93,68.93,68.93,68.93,408.0,2.0,68.93
SQQQ,2026-01-02 23:25:00+00:00,68.91,68.91,68.91,68.91,565.0,2.0,68.91
SQQQ,2026-01-02 23:27:00+00:00,68.94,68.94,68.94,68.94,197.0,2.0,68.94
SQQQ,2026-01-02 23:28:00+00:00,68.9393,68.9393,68.9194,68.9194,1675.0,11.0,68.932667
SQQQ,2026-01-02 23:29:00+00:00,68.9,68.9198,68.9,68.9198,895.0,7.0,68.908038
SQQQ,2026-01-02 23:30:00+00:00,68.9168,68.9168,68.9168,68.9168,200.0,1.0,68.9168
SQQQ,2026-01-02 23:32:00+00:00,68.9,68.9,68.9,68.9,309.0,2.0,68.9
SQQQ,2026-01-02 23:37:00+00:00,68.9,68.9,68.9,68.9,212.0,2.0,68.9
SQQQ,2026-01-02 23:38:00+00:00,68.91,68.91,68.91,68.91,202.0,4.0,68.91
SQQQ,2026-01-02 23:42:00+00:00,68.92,68.92,68.92,68.92,106.0,4.0,68.92
SQQQ,2026-01-02 23:43:00+00:00,68.91,68.91,68.91,68.91,481.0,5.0,68.91
SQQQ,2026-01-02 23:44:00+00:00,68.9,68.9,68.9,68.9,1392.0,4.0,68.9
SQQQ,2026-01-02 23:45:00+00:00,68.9,68.9,68.9,68.9,520.0,1.0,68.9
SQQQ,2026-01-02 23:48:00+00:00,68.92,68.92,68.92,68.92,157.0,7.0,68.92
SQQQ,2026-01-02 23:50:00+00:00,68.92,68.92,68.9199,68.9199,201.0,3.0,68.91995
SQQQ,2026-01-02 23:51:00+00:00,68.9002,68.9002,68.9002,68.9002,623.0,4.0,68.9002
SQQQ,2026-01-02 23:53:00+00:00,68.91,68.91,68.91,68.91,253.0,4.0,68.91
SQQQ,2026-01-02 23:55:00+00:00,68.9198,68.9198,68.91,68.91,1204.0,6.0,68.91213
SQQQ,2026-01-02 23:56:00+00:00,68.91,68.91,68.91,68.91,613.0,4.0,68.91
SQQQ,2026-01-02 23:57:00+00:00,68.91,68.92,68.91,68.9199,2100.0,6.0,68.919105
SQQQ,2026-01-03 00:00:00+00:00,68.91,68.91,68.91,68.91,520.0,6.0,68.91
SQQQ,2026-01-03 00:01:00+00:00,68.92,68.92,68.91,68.91,600.0,2.0,68.911667
SQQQ,2026-01-03 00:02:00+00:00,68.92,68.92,68.92,68.92,300.0,2.0,68.92
SQQQ,2026-01-03 00:03:00+00:00,68.9588,68.9588,68.9588,68.9588,253.0,7.0,68.9588
SQQQ,2026-01-03 00:05:00+00:00,68.91,68.92,68.91,68.92,323.0,4.0,68.916667
SQQQ,2026-01-03 00:06:00+00:00,68.9322,68.9322,68.9184,68.9184,275.0,2.0,68.923418
SQQQ,2026-01-03 00:07:00+00:00,68.91,68.91,68.91,68.91,100.0,1.0,68.91
SQQQ,2026-01-03 00:08:00+00:00,68.9101,68.9101,68.9101,68.9101,200.0,3.0,68.9101
SQQQ,2026-01-03 00:09:00+00:00,68.91,68.91,68.91,68.91,533.0,6.0,68.91
SQQQ,2026-01-03 00:10:00+00:00,68.9,68.9199,68.89,68.89,3067.0,25.0,68.902556
SQQQ,2026-01-03 00:11:00+00:00,68.88,68.88,68.88,68.88,429.0,14.0,68.88
SQQQ,2026-01-03 00:15:00+00:00,68.8699,68.8699,68.8699,68.8699,222.0,1.0,68.8699
SQQQ,2026-01-03 00:18:00+00:00,68.8754,68.88,68.8754,68.88,364.0,4.0,68.878686
SQQQ,2026-01-03 00:19:00+00:00,68.88,68.88,68.88,68.88,541.0,7.0,68.88
SQQQ,2026-01-03 00:22:00+00:00,68.88,68.88,68.88,68.88,263.0,2.0,68.88
SQQQ,2026-01-03 00:23:00+00:00,68.87,68.88,68.87,68.88,950.0,3.0,68.871053
SQQQ,2026-01-03 00:24:00+00:00,68.8701,68.8701,68.87,68.8701,336.0,3.0,68.87006
SQQQ,2026-01-03 00:30:00+00:00,68.87,68.87,68.87,68.87,126.0,2.0,68.87
SQQQ,2026-01-03 00:35:00+00:00,68.88,68.88,68.88,68.88,301.0,2.0,68.88
SQQQ,2026-01-03 00:42:00+00:00,68.9,68.9,68.8994,68.8994,365.0,6.0,68.899829
SQQQ,2026-01-03 00:43:00+00:00,68.8968,68.9,68.8968,68.9,400.0,2.0,68.8992
SQQQ,2026-01-03 00:44:00+00:00,68.88,68.88,68.88,68.88,572.0,9.0,68.88
SQQQ,2026-01-03 00:45:00+00:00,68.8807,68.8928,68.8807,68.8928,674.0,7.0,68.890783
SQQQ,2026-01-03 00:46:00+00:00,68.88,68.88,68.88,68.88,106.0,4.0,68.88
SQQQ,2026-01-03 00:47:00+00:00,68.8805,68.8805,68.8805,68.8805,100.0,1.0,68.8805
SQQQ,2026-01-03 00:50:00+00:00,68.8928,68.8928,68.8928,68.8928,592.0,5.0,68.8928
SQQQ,2026-01-03 00:52:00+00:00,68.8817,68.8817,68.8817,68.8817,300.0,5.0,68.8817
SQQQ,2026-01-03 00:54:00+00:00,68.8992,68.8992,68.8992,68.8992,959.0,6.0,68.8992
SQQQ,2026-01-03 00:55:00+00:00,68.88,68.88,68.8784,68.8784,2029.0,28.0,68.879414
SQQQ,2026-01-03 00:56:00+00:00,68.88,68.88,68.87,68.87,1121.0,7.0,68.874808
SQQQ,2026-01-03 00:57:00+00:00,68.9,68.9,68.9,68.9,458.0,7.0,68.9
SQQQ,2026-01-03 00:58:00+00:00,68.8799,68.88,68.8799,68.88,1217.0,10.0,68.87995
SQQQ,2026-01-03 00:59:00+00:00,68.88,68.88,68.87,68.88,1871.0,18.0,68.876053
SQQQ,2026-01-05 09:00:00+00:00,67.99,67.99,67.91,67.94,2231.0,38.0,67.938626
SQQQ,2026-01-05 09:01:00+00:00,67.98,68.02,67.98,68.02,5097.0,31.0,67.986579
SQQQ,2026-01-05 09:02:00+00:00,68.01,68.01,67.95,67.95,2782.0,36.0,67.977531
SQQQ,2026-01-05 09:03:00+00:00,67.94,67.94,67.9,67.9,345.0,16.0,67.92
SQQQ,2026-01-05 09:04:00+00:00,67.88,67.88,67.86,67.86,1061.0,22.0,67.875031
SQQQ,2026-01-05 09:05:00+00:00,67.83,67.86,67.83,67.86,376.0,9.0,67.84
SQQQ,2026-01-05 09:06:00+00:00,67.84,67.88,67.84,67.86,2366.0,33.0,67.866522
SQQQ,2026-01-05 09:07:00+00:00,67.87,67.93,67.87,67.91,1168.0,23.0,67.90875
SQQQ,2026-01-05 09:08:00+00:00,67.91,67.91,67.88,67.88,1215.0,18.0,67.895
SQQQ,2026-01-05 09:09:00+00:00,67.91,67.93,67.87,67.93,2209.0,30.0,67.903235
SQQQ,2026-01-05 09:10:00+00:00,67.89,67.89,67.87,67.87,1841.0,36.0,67.881712
SQQQ,2026-01-05 09:11:00+00:00,67.88,67.89,67.88,67.89,915.0,21.0,67.882857
SQQQ,2026-01-05 09:12:00+00:00,67.93,67.94,67.91,67.91,7271.0,73.0,67.922546
SQQQ,2026-01-05 09:13:00+00:00,67.86,67.86,67.86,67.86,101.0,2.0,67.86
SQQQ,2026-01-05 09:14:00+00:00,67.86,67.89,67.86,67.89,5996.0,55.0,67.871629
SQQQ,2026-01-05 09:15:00+00:00,67.91,67.95,67.91,67.95,1192.0,25.0,67.925342
SQQQ,2026-01-05 09:16:00+00:00,67.94,67.95,67.92,67.92,3086.0,34.0,67.94
SQQQ,2026-01-05 09:17:00+00:00,67.9,67.9,67.9,67.9,1211.0,21.0,67.9
SQQQ,2026-01-05 09:19:00+00:00,67.89,67.91,67.89,67.91,586.0,15.0,67.903464
SQQQ,2026-01-05 09:20:00+00:00,67.89,67.89,67.89,67.89,580.0,6.0,67.89
SQQQ,2026-01-05 09:21:00+00:00,67.88,67.88,67.88,67.88,707.0,9.0,67.88
SQQQ,2026-01-05 09:23:00+00:00,67.87,67.9,67.87,67.9,560.0,8.0,67.8875
SQQQ,2026-01-05 09:24:00+00:00,67.94,68.0,67.94,68.0,1007.0,23.0,67.952
SQQQ,2026-01-05 09:25:00+00:00,68.02,68.09,68.02,68.09,1346.0,28.0,68.054222
SQQQ,2026-01-05 09:27:00+00:00,68.08,68.11,68.06,68.06,1070.0,13.0,68.079412
SQQQ,2026-01-05 09:28:00+00:00,68.04,68.05,68.04,68.05,1031.0,26.0,68.0475
SQQQ,2026-01-05 09:29:00+00:00,68.04,68.07,68.04,68.07,506.0,10.0,68.047595
SQQQ,2026-01-05 09:30:00+00:00,68.09,68.09,68.08,68.08,5452.0,37.0,68.088801
SQQQ,2026-01-05 09:31:00+00:00,68.09,68.09,68.04,68.04,799.0,18.0,68.058571
SQQQ,2026-01-05 09:32:00+00:00,68.0,68.02,67.99,68.02,3910.0,41.0,68.006926
SQQQ,2026-01-05 09:33:00+00:00,68.06,68.06,68.04,68.04,786.0,11.0,68.056
SQQQ,2026-01-05 09:34:00+00:00,68.02,68.04,68.01,68.02,1527.0,20.0,68.024
SQQQ,2026-01-05 09:35:00+00:00,68.01,68.02,67.97,67.97,2289.0,38.0,68.001834
SQQQ,2026-01-05 09:36:00+00:00,67.98,68.0,67.98,67.98,1095.0,6.0,67.981914
SQQQ,2026-01-05 09:37:00+00:00,67.98,67.98,67.97,67.97,442.0,9.0,67.973333
SQQQ,2026-01-05 09:38:00+00:00,68.0,68.0,68.0,68.0,1746.0,19.0,68.0
SQQQ,2026-01-05 09:39:00+00:00,67.95,67.95,67.93,67.93,3157.0,33.0,67.940389
SQQQ,2026-01-05 09:40:00+00:00,67.92,67.92,67.9,67.9,1370.0,15.0,67.9125
SQQQ,2026-01-05 09:41:00+00:00,67.88,67.89,67.88,67.89,501.0,9.0,67.882532
SQQQ,2026-01-05 09:42:00+00:00,67.91,67.91,67.91,67.91,350.0,8.0,67.91
SQQQ,2026-01-05 09:43:00+00:00,67.93,67.98,67.93,67.98,1074.0,17.0,67.94875
SQQQ,2026-01-05 09:44:00+00:00,67.95,67.97,67.93,67.93,1075.0,17.0,67.95
SQQQ,2026-01-05 09:45:00+00:00,67.93,67.96,67.92,67.96,2791.0,28.0,67.940148
SQQQ,2026-01-05 09:46:00+00:00,67.96,67.96,67.96,67.96,668.0,13.0,67.96
SQQQ,2026-01-05 09:48:00+00:00,67.93,67.94,67.93,67.94,387.0,6.0,67.936667
SQQQ,2026-01-05 09:49:00+00:00,68.0,68.0,68.0,68.0,554.0,6.0,68.0
SQQQ,2026-01-05 09:50:00+00:00,67.95,67.96,67.95,67.96,574.0,10.0,67.955
SQQQ,2026-01-05 09:51:00+00:00,67.9,67.9,67.9,67.9,804.0,18.0,67.9
SQQQ,2026-01-05 09:52:00+00:00,67.92,67.93,67.92,67.93,687.0,14.0,67.922222
SQQQ,2026-01-05 09:55:00+00:00,67.96,67.96,67.96,67.96,210.0,2.0,67.96
SQQQ,2026-01-05 09:56:00+00:00,67.99,67.99,67.99,67.99,270.0,9.0,67.99
SQQQ,2026-01-05 09:57:00+00:00,68.0,68.0,68.0,68.0,295.0,1.0,68.0
SQQQ,2026-01-05 09:58:00+00:00,68.02,68.02,68.02,68.02,300.0,1.0,68.02
SQQQ,2026-01-05 09:59:00+00:00,68.0,68.0,68.0,68.0,106.0,2.0,68.0
SQQQ,2026-01-05 10:00:00+00:00,67.94,67.94,67.92,67.92,515.0,10.0,67.926667
SQQQ,2026-01-05 10:02:00+00:00,67.92,67.92,67.92,67.92,295.0,1.0,67.92
SQQQ,2026-01-05 10:04:00+00:00,67.92,67.92,67.91,67.91,894.0,13.0,67.915354
SQQQ,2026-01-05 10:05:00+00:00,67.88,67.88,67.86,67.86,992.0,17.0,67.872516
SQQQ,2026-01-05 10:06:00+00:00,67.88,67.88,67.85,67.86,3140.0,35.0,67.862013
SQQQ,2026-01-05 10:07:00+00:00,67.86,67.86,67.86,67.86,517.0,10.0,67.86
SQQQ,2026-01-05 10:08:00+00:00,67.85,67.85,67.82,67.82,974.0,21.0,67.825373
SQQQ,2026-01-05 10:09:00+00:00,67.81,67.81,67.81,67.81,1450.0,21.0,67.81
SQQQ,2026-01-05 10:11:00+00:00,67.83,67.83,67.81,67.83,2608.0,36.0,67.81831
SQQQ,2026-01-05 10:12:00+00:00,67.82,67.82,67.8,67.8,2027.0,27.0,67.813559
SQQQ,2026-01-05 10:13:00+00:00,67.8,67.8,67.72,67.72,7978.0,115.0,67.784682
SQQQ,2026-01-05 10:14:00+00:00,67.72,67.72,67.72,67.72,515.0,15.0,67.72
SQQQ,2026-01-05 10:15:00+00:00,67.76,67.76,67.72,67.72,2672.0,36.0,67.727311
SQQQ,2026-01-05 10:16:00+00:00,67.74,67.74,67.74,67.74,618.0,16.0,67.74
SQQQ,2026-01-05 10:17:00+00:00,67.73,67.73,67.7,67.7,1949.0,36.0,67.710837
SQQQ,2026-01-05 10:18:00+00:00,67.71,67.71,67.71,67.71,500.0,6.0,67.71
SQQQ,2026-01-05 10:19:00+00:00,67.7,67.7,67.68,67.68,2975.0,31.0,67.689187
SQQQ,2026-01-05 10:21:00+00:00,67.68,67.69,67.66,67.67,4668.0,74.0,67.679473
SQQQ,2026-01-05 10:22:00+00:00,67.66,67.66,67.66,67.66,615.0,10.0,67.66
SQQQ,2026-01-05 10:23:00+00:00,67.66,67.66,67.66,67.66,311.0,9.0,67.66
SQQQ,2026-01-05 10:24:00+00:00,67.67,67.68,67.65,67.65,2831.0,44.0,67.663954
SQQQ,2026-01-05 10:25:00+00:00,67.67,67.68,67.66,67.66,2308.0,34.0,67.673255
SQQQ,2026-01-05 10:26:00+00:00,67.65,67.69,67.65,67.69,4561.0,59.0,67.653954
SQQQ,2026-01-05 10:27:00+00:00,67.69,67.71,67.69,67.7,906.0,11.0,67.700769
SQQQ,2026-01-05 10:28:00+00:00,67.71,67.71,67.71,67.71,1005.0,23.0,67.71
SQQQ,2026-01-05 10:30:00+00:00,67.73,67.76,67.72,67.76,1959.0,28.0,67.747766
SQQQ,2026-01-05 10:31:00+00:00,67.76,67.76,67.75,67.75,3023.0,35.0,67.750955
SQQQ,2026-01-05 10:32:00+00:00,67.74,67.74,67.74,67.74,325.0,8.0,67.74
SQQQ,2026-01-05 10:35:00+00:00,67.75,67.75,67.75,67.75,1090.0,22.0,67.75
SQQQ,2026-01-05 10:36:00+00:00,67.74,67.74,67.74,67.74,2294.0,28.0,67.74
SQQQ,2026-01-05 10:37:00+00:00,67.76,67.76,67.76,67.76,420.0,5.0,67.76
SQQQ,2026-01-05 10:40:00+00:00,67.76,67.76,67.76,67.76,875.0,10.0,67.76
SQQQ,2026-01-05 10:41:00+00:00,67.72,67.73,67.72,67.73,790.0,19.0,67.722222
SQQQ,2026-01-05 10:42:00+00:00,67.7,67.71,67.7,67.71,852.0,20.0,67.7025
SQQQ,2026-01-05 10:43:00+00:00,67.73,67.76,67.73,67.76,7571.0,43.0,67.745453
SQQQ,2026-01-05 10:45:00+00:00,67.74,67.74,67.73,67.73,6904.0,25.0,67.739803
SQQQ,2026-01-05 10:47:00+00:00,67.66,67.66,67.65,67.65,995.0,25.0,67.654
SQQQ,2026-01-05 10:48:00+00:00,67.64,67.66,67.64,67.66,2184.0,35.0,67.649815
SQQQ,2026-01-05 10:49:00+00:00,67.66,67.66,67.66,67.66,442.0,19.0,67.66
SQQQ,2026-01-05 10:51:00+00:00,67.67,67.67,67.66,67.66,648.0,10.0,67.666
SQQQ,2026-01-05 10:52:00+00:00,67.67,67.67,67.67,67.67,367.0,8.0,67.67
SQQQ,2026-01-05 10:53:00+00:00,67.7,67.72,67.7,67.72,543.0,10.0,67.705714
SQQQ,2026-01-05 10:54:00+00:00,67.68,67.68,67.66,67.66,4699.0,56.0,67.668482
SQQQ,2026-01-05 10:55:00+00:00,67.62,67.63,67.62,67.63,1183.0,16.0,67.621856
SQQQ,2026-01-05 10:57:00+00:00,67.64,67.68,67.64,67.68,320.0,9.0,67.66
SQQQ,2026-01-05 10:58:00+00:00,67.65,67.65,67.63,67.63,1411.0,24.0,67.642754
SQQQ,2026-01-05 10:59:00+00:00,67.635,67.64,67.635,67.64,704.0,15.0,67.6375
SQQQ,2026-01-05 11:00:00+00:00,67.65,67.66,67.65,67.66,814.0,12.0,67.652228
SQQQ,2026-01-05 11:01:00+00:00,67.635,67.635,67.635,67.635,250.0,3.0,67.635
SQQQ,2026-01-05 11:02:00+00:00,67.62,67.63,67.61,67.61,2864.0,38.0,67.621202
SQQQ,2026-01-05 11:03:00+00:00,67.63,67.63,67.63,67.63,614.0,16.0,67.63
SQQQ,2026-01-05 11:05:00+00:00,67.62,67.62,67.61,67.61,1252.0,20.0,67.611111
SQQQ,2026-01-05 11:06:00+00:00,67.61,67.61,67.59,67.6,2086.0,65.0,67.6
SQQQ,2026-01-05 11:07:00+00:00,67.59,67.59,67.58,67.59,3336.0,49.0,67.584743
SQQQ,2026-01-05 11:08:00+00:00,67.59,67.6,67.59,67.6,497.0,10.0,67.5925
SQQQ,2026-01-05 11:09:00+00:00,67.71,67.72,67.71,67.71,712.0,14.0,67.713226
SQQQ,2026-01-05 11:12:00+00:00,67.7,67.7,67.685,67.685,721.0,7.0,67.692661
SQQQ,2026-01-05 11:13:00+00:00,67.69,67.69,67.67,67.67,489.0,14.0,67.68
SQQQ,2026-01-05 11:14:00+00:00,67.66,67.67,67.66,67.67,485.0,11.0,67.666667
SQQQ,2026-01-05 11:15:00+00:00,67.65,67.66,67.65,67.66,837.0,15.0,67.651873
SQQQ,2026-01-05 11:16:00+00:00,67.64,67.64,67.64,67.64,122.0,2.0,67.64
SQQQ,2026-01-05 11:17:00+00:00,67.65,67.66,67.65,67.66,1862.0,22.0,67.652464
SQQQ,2026-01-05 11:18:00+00:00,67.65,67.66,67.65,67.65,1254.0,13.0,67.652995
SQQQ,2026-01-05 11:19:00+00:00,67.64,67.65,67.63,67.63,974.0,10.0,67.64
SQQQ,2026-01-05 11:20:00+00:00,67.62,67.62,67.62,67.62,444.0,14.0,67.62
SQQQ,2026-01-05 11:21:00+00:00,67.61,67.61,67.61,67.61,235.0,7.0,67.61
SQQQ,2026-01-05 11:23:00+00:00,67.59,67.59,67.56,67.56,1268.0,42.0,67.574946
SQQQ,2026-01-05 11:24:00+00:00,67.55,67.6,67.55,67.59,3539.0,37.0,67.570766
SQQQ,2026-01-05 11:25:00+00:00,67.58,67.58,67.58,67.58,621.0,17.0,67.58
SQQQ,2026-01-05 11:27:00+00:00,67.57,67.57,67.57,67.57,496.0,10.0,67.57
SQQQ,2026-01-05 11:30:00+00:00,67.67,67.67,67.67,67.67,518.0,11.0,67.67
SQQQ,2026-01-05 11:31:00+00:00,67.64,67.66,67.64,67.64,1454.0,37.0,67.644032
SQQQ,2026-01-05 11:33:00+00:00,67.59,67.62,67.59,67.62,1684.0,29.0,67.612147
SQQQ,2026-01-05 11:35:00+00:00,67.59,67.59,67.59,67.59,1867.0,23.0,67.59
SQQQ,2026-01-05 11:36:00+00:00,67.57,67.57,67.55,67.55,1989.0,21.0,67.565007
SQQQ,2026-01-05 11:37:00+00:00,67.55,67.57,67.52,67.52,5669.0,91.0,67.543794
SQQQ,2026-01-05 11:38:00+00:00,67.52,67.53,67.5,67.51,1036.0,31.0,67.517045
SQQQ,2026-01-05 11:39:00+00:00,67.51,67.52,67.51,67.52,1206.0,25.0,67.515
SQQQ,2026-01-05 11:40:00+00:00,67.52,67.53,67.52,67.52,2474.0,23.0,67.520735
SQQQ,2026-01-05 11:41:00+00:00,67.52,67.53,67.52,67.53,1269.0,29.0,67.5275
SQQQ,2026-01-05 11:42:00+00:00,67.52,67.57,67.52,67.57,2643.0,31.0,67.545185
SQQQ,2026-01-05 11:43:00+00:00,67.55,67.55,67.54,67.54,1340.0,24.0,67.542353
SQQQ,2026-01-05 11:44:00+00:00,67.54,67.56,67.54,67.55,6885.0,53.0,67.556213
SQQQ,2026-01-05 11:45:00+00:00,67.54,67.54,67.54,67.54,230.0,8.0,67.54
SQQQ,2026-01-05 11:46:00+00:00,67.56,67.57,67.55,67.55,921.0,16.0,67.557143
SQQQ,2026-01-05 11:47:00+00:00,67.55,67.55,67.55,67.55,187.0,3.0,67.55
SQQQ,2026-01-05 11:48:00+00:00,67.5,67.5,67.5,67.5,1484.0,55.0,67.5
SQQQ,2026-01-05 11:51:00+00:00,67.5,67.5,67.5,67.5,1144.0,21.0,67.5
SQQQ,2026-01-05 11:52:00+00:00,67.5,67.51,67.48,67.49,11016.0,68.0,67.492812
SQQQ,2026-01-05 11:53:00+00:00,67.49,67.5,67.49,67.5,890.0,16.0,67.493965
SQQQ,2026-01-05 11:54:00+00:00,67.53,67.53,67.53,67.53,515.0,10.0,67.53
SQQQ,2026-01-05 11:56:00+00:00,67.5,67.5,67.495,67.5,1765.0,19.0,67.499638
SQQQ,2026-01-05 11:58:00+00:00,67.53,67.53,67.53,67.53,1172.0,13.0,67.53
SQQQ,2026-01-05 12:00:00+00:00,67.56,67.56,67.46,67.46,8326.0,129.0,67.51313
SQQQ,2026-01-05 12:01:00+00:00,67.45,67.47,67.4,67.47,9313.0,106.0,67.431312
SQQQ,2026-01-05 12:02:00+00:00,67.51,67.54,67.51,67.54,2954.0,64.0,67.524964
SQQQ,2026-01-05 12:03:00+00:00,67.53,67.56,67.53,67.56,6790.0,58.0,67.54421
SQQQ,2026-01-05 12:04:00+00:00,67.57,67.58,67.57,67.58,1060.0,22.0,67.57475
SQQQ,2026-01-05 12:05:00+00:00,67.57,67.6,67.55,67.55,2757.0,33.0,67.574459
SQQQ,2026-01-05 12:06:00+00:00,67.54,67.54,67.48,67.48,5385.0,46.0,67.501058
SQQQ,2026-01-05 12:07:00+00:00,67.46,67.46,67.46,67.46,317.0,8.0,67.46
SQQQ,2026-01-05 12:08:00+00:00,67.46,67.51,67.46,67.49,1504.0,17.0,67.4995
SQQQ,2026-01-05 12:09:00+00:00,67.5,67.51,67.5,67.51,1565.0,24.0,67.501322
SQQQ,2026-01-05 12:10:00+00:00,67.52,67.53,67.52,67.53,861.0,13.0,67.528
SQQQ,2026-01-05 12:11:00+00:00,67.51,67.51,67.49,67.51,3729.0,27.0,67.50099
SQQQ,2026-01-05 12:12:00+00:00,67.52,67.54,67.52,67.54,1781.0,15.0,67.525915
SQQQ,2026-01-05 12:13:00+00:00,67.52,67.52,67.52,67.52,481.0,9.0,67.52
SQQQ,2026-01-05 12:14:00+00:00,67.54,67.55,67.53,67.53,1520.0,22.0,67.538889
SQQQ,2026-01-05 12:15:00+00:00,67.53,67.55,67.53,67.55,5495.0,29.0,67.532904
SQQQ,2026-01-05 12:16:00+00:00,67.55,67.55,67.55,67.55,547.0,9.0,67.55
SQQQ,2026-01-05 12:17:00+00:00,67.54,67.56,67.54,67.55,16093.0,121.0,67.550353
SQQQ,2026-01-05 12:18:00+00:00,67.55,67.55,67.53,67.53,22875.0,91.0,67.537486
SQQQ,2026-01-05 12:19:00+00:00,67.54,67.54,67.5,67.51,4777.0,53.0,67.520273
SQQQ,2026-01-05 12:20:00+00:00,67.5,67.5,67.46,67.46,13636.0,101.0,67.470151
SQQQ,2026-01-05 12:22:00+00:00,67.49,67.49,67.49,67.49,652.0,16.0,67.49
SQQQ,2026-01-05 12:23:00+00:00,67.49,67.5,67.49,67.49,1458.0,18.0,67.492123
SQQQ,2026-01-05 12:24:00+00:00,67.51,67.51,67.5,67.51,896.0,6.0,67.506289
SQQQ,2026-01-05 12:25:00+00:00,67.54,67.54,67.53,67.53,1610.0,15.0,67.530917
SQQQ,2026-01-05 12:26:00+00:00,67.53,67.55,67.53,67.54,980.0,15.0,67.54
SQQQ,2026-01-05 12:27:00+00:00,67.55,67.57,67.55,67.57,660.0,13.0,67.556723
SQQQ,2026-01-05 12:28:00+00:00,67.59,67.59,67.57,67.59,1240.0,16.0,67.580634
SQQQ,2026-01-05 12:29:00+00:00,67.6,67.6,67.6,67.6,535.0,10.0,67.6
SQQQ,2026-01-05 12:30:00+00:00,67.61,67.64,67.6,67.64,2526.0,45.0,67.617979
SQQQ,2026-01-05 12:31:00+00:00,67.67,67.67,67.64,67.66,5437.0,58.0,67.64633
SQQQ,2026-01-05 12:32:00+00:00,67.64,67.64,67.619,67.63,4233.0,17.0,67.62843
SQQQ,2026-01-05 12:33:00+00:00,67.6,67.6,67.54,67.54,3384.0,40.0,67.568768
SQQQ,2026-01-05 12:34:00+00:00,67.53,67.56,67.53,67.56,459.0,5.0,67.538571
SQQQ,2026-01-05 12:35:00+00:00,67.58,67.59,67.57,67.58,1227.0,23.0,67.582727
SQQQ,2026-01-05 12:36:00+00:00,67.55,67.55,67.55,67.55,577.0,9.0,67.55
SQQQ,2026-01-05 12:37:00+00:00,67.56,67.56,67.55,67.55,1314.0,18.0,67.5575
SQQQ,2026-01-05 12:38:00+00:00,67.54,67.55,67.54,67.55,2600.0,40.0,67.541544
SQQQ,2026-01-05 12:39:00+00:00,67.55,67.55,67.52,67.521,2675.0,38.0,67.533769
SQQQ,2026-01-05 12:40:00+00:00,67.54,67.58,67.54,67.58,3123.0,28.0,67.550112
SQQQ,2026-01-05 12:41:00+00:00,67.61,67.64,67.61,67.64,3160.0,25.0,67.622847
SQQQ,2026-01-05 12:42:00+00:00,67.63,67.7,67.63,67.7,4124.0,26.0,67.675643
SQQQ,2026-01-05 12:43:00+00:00,67.68,67.68,67.67,67.67,1259.0,22.0,67.674615
SQQQ,2026-01-05 12:44:00+00:00,67.7,67.72,67.7,67.7,2780.0,39.0,67.704167
SQQQ,2026-01-05 12:45:00+00:00,67.7,67.71,67.7,67.71,1579.0,26.0,67.703361
SQQQ,2026-01-05 12:46:00+00:00,67.68,67.68,67.66,67.67,1288.0,22.0,67.67
SQQQ,2026-01-05 12:47:00+00:00,67.66,67.68,67.66,67.68,469.0,4.0,67.675
SQQQ,2026-01-05 12:48:00+00:00,67.65,67.65,67.64,67.64,1018.0,15.0,67.642532
SQQQ,2026-01-05 12:50:00+00:00,67.66,67.66,67.66,67.66,520.0,10.0,67.66
SQQQ,2026-01-05 12:51:00+00:00,67.68,67.71,67.66,67.71,1280.0,17.0,67.685419
SQQQ,2026-01-05 12:52:00+00:00,67.68,67.68,67.64,67.64,1519.0,22.0,67.658081
SQQQ,2026-01-05 12:53:00+00:00,67.62,67.62,67.62,67.62,637.0,19.0,67.62
SQQQ,2026-01-05 12:54:00+00:00,67.61,67.63,67.6,67.63,2596.0,20.0,67.609627
SQQQ,2026-01-05 12:56:00+00:00,67.59,67.59,67.58,67.59,1320.0,11.0,67.587177
SQQQ,2026-01-05 12:57:00+00:00,67.6,67.6,67.6,67.6,665.0,12.0,67.6
SQQQ,2026-01-05 12:58:00+00:00,67.62,67.62,67.62,67.62,1901.0,17.0,67.62
SQQQ,2026-01-05 13:00:00+00:00,67.62,68.07,67.4,67.61,219721.0,1007.0,67.590733
SQQQ,2026-01-05 13:01:00+00:00,68.0,68.39,67.59,67.59,14972.0,125.0,67.983672
SQQQ,2026-01-05 13:02:00+00:00,67.91,67.96,67.52,67.96,12401.0,102.0,67.76484
SQQQ,2026-01-05 13:03:00+00:00,68.045,68.33,67.59,68.22,52766.0,263.0,68.225728
SQQQ,2026-01-05 13:04:00+00:00,68.14,68.42,67.61,67.62,91926.0,522.0,67.96865
SQQQ,2026-01-05 13:05:00+00:00,67.61,67.65,67.61,67.64,2336.0,28.0,67.633306
SQQQ,2026-01-05 13:06:00+00:00,67.65,67.7,67.65,67.68,32803.0,81.0,67.662437
SQQQ,2026-01-05 13:07:00+00:00,67.6789,67.6803,67.6789,67.6803,1386.0,14.0,67.679962
SQQQ,2026-01-05 13:08:00+00:00,67.71,67.71,67.69,67.69,5888.0,43.0,67.700811
SQQQ,2026-01-05 13:09:00+00:00,67.7001,67.71,67.69,67.7,2539.0,27.0,67.699566
SQQQ,2026-01-05 13:10:00+00:00,67.7,67.71,67.639,67.6399,34842.0,97.0,67.694854
SQQQ,2026-01-05 13:11:00+00:00,67.61,67.61,67.56,67.59,2926.0,55.0,67.594932
SQQQ,2026-01-05 13:12:00+00:00,67.58,67.5897,67.52,67.52,20889.0,132.0,67.558254
SQQQ,2026-01-05 13:13:00+00:00,67.52,67.55,67.5,67.55,6326.0,59.0,67.518913
SQQQ,2026-01-05 13:14:00+00:00,67.56,67.5994,67.56,67.5797,4453.0,36.0,67.571213
SQQQ,2026-01-05 13:15:00+00:00,67.61,67.66,67.61,67.66,5466.0,74.0,67.630323
SQQQ,2026-01-05 13:16:00+00:00,67.64,67.65,67.6,67.6,4042.0,36.0,67.627701
SQQQ,2026-01-05 13:17:00+00:00,67.6,67.63,67.58,67.63,3265.0,40.0,67.611765
SQQQ,2026-01-05 13:18:00+00:00,67.64,67.65,67.64,67.65,840.0,14.0,67.643333
SQQQ,2026-01-05 13:19:00+00:00,67.6396,67.6516,67.62,67.6516,4413.0,44.0,67.634352
SQQQ,2026-01-05 13:20:00+00:00,67.66,67.71,67.66,67.71,16212.0,90.0,67.69282
SQQQ,2026-01-05 13:21:00+00:00,67.72,67.78,67.7,67.7798,9087.0,72.0,67.718159
SQQQ,2026-01-05 13:22:00+00:00,67.79,67.91,67.79,67.89,36413.0,209.0,67.827904
SQQQ,2026-01-05 13:23:00+00:00,67.8903,67.9,67.8391,67.86,14047.0,140.0,67.872619
SQQQ,2026-01-05 13:24:00+00:00,67.85,67.87,67.84,67.87,10471.0,75.0,67.856872
SQQQ,2026-01-05 13:25:00+00:00,67.88,67.9,67.87,67.8985,6584.0,70.0,67.889353
SQQQ,2026-01-05 13:26:00+00:00,67.8802,67.8884,67.77,67.77,13041.0,131.0,67.817411
SQQQ,2026-01-05 13:27:00+00:00,67.77,67.8101,67.75,67.8,8528.0,80.0,67.776508
SQQQ,2026-01-05 13:28:00+00:00,67.79,67.81,67.7799,67.7899,8412.0,45.0,67.787795
SQQQ,2026-01-05 13:29:00+00:00,67.77,67.77,67.74,67.76,12580.0,97.0,67.755021
SQQQ,2026-01-05 13:30:00+00:00,67.77,67.77,67.7,67.7,5967.0,71.0,67.746695
SQQQ,2026-01-05 13:31:00+00:00,67.71,67.71,67.62,67.6284,5669.0,45.0,67.64179
SQQQ,2026-01-05 13:32:00+00:00,67.65,67.66,67.62,67.63,15080.0,73.0,67.640558
SQQQ,2026-01-05 13:33:00+00:00,67.63,67.65,67.63,67.64,1628.0,22.0,67.64
SQQQ,2026-01-05 13:34:00+00:00,67.64,67.64,67.6,67.6,3768.0,53.0,67.619706
SQQQ,2026-01-05 13:35:00+00:00,67.58,67.6203,67.57,67.62,7024.0,78.0,67.60044
SQQQ,2026-01-05 13:36:00+00:00,67.62,67.63,67.62,67.63,5472.0,53.0,67.624318
SQQQ,2026-01-05 13:37:00+00:00,67.63,67.66,67.61,67.61,7079.0,68.0,67.631397
SQQQ,2026-01-05 13:38:00+00:00,67.6,67.61,67.56,67.59,6497.0,55.0,67.592089
SQQQ,2026-01-05 13:39:00+00:00,67.61,67.63,67.6,67.62,2700.0,37.0,67.613125
SQQQ,2026-01-05 13:40:00+00:00,67.62,67.69,67.62,67.69,7836.0,85.0,67.66722
SQQQ,2026-01-05 13:41:00+00:00,67.72,67.73,67.71,67.72,5647.0,43.0,67.721758
SQQQ,2026-01-05 13:42:00+00:00,67.73,67.74,67.67,67.68,7996.0,97.0,67.709549
SQQQ,2026-01-05 13:43:00+00:00,67.67,67.6784,67.65,67.67,6356.0,74.0,67.661623
SQQQ,2026-01-05 13:44:00+00:00,67.67,67.72,67.66,67.69,26446.0,69.0,67.702344
SQQQ,2026-01-05 13:45:00+00:00,67.69,67.7,67.67,67.7,1998.0,23.0,67.685016
SQQQ,2026-01-05 13:46:00+00:00,67.69,67.69,67.59,67.61,21553.0,185.0,67.617208
SQQQ,2026-01-05 13:47:00+00:00,67.61,67.63,67.6,67.6,12982.0,85.0,67.609044
SQQQ,2026-01-05 13:48:00+00:00,67.61,67.61,67.59,67.6,3474.0,37.0,67.603007
SQQQ,2026-01-05 13:49:00+00:00,67.6,67.6,67.54,67.5586,15759.0,90.0,67.578355
SQQQ,2026-01-05 13:50:00+00:00,67.55,67.58,67.5397,67.56,9685.0,103.0,67.558516
SQQQ,2026-01-05 13:51:00+00:00,67.56,67.57,67.52,67.57,10556.0,115.0,67.548236
SQQQ,2026-01-05 13:52:00+00:00,67.57,67.57,67.55,67.55,33493.0,177.0,67.559135
SQQQ,2026-01-05 13:53:00+00:00,67.5502,67.56,67.51,67.5207,17189.0,128.0,67.535495
SQQQ,2026-01-05 13:54:00+00:00,67.53,67.54,67.52,67.5392,3336.0,30.0,67.527702
SQQQ,2026-01-05 13:55:00+00:00,67.53,67.53,67.48,67.51,42645.0,210.0,67.502498
SQQQ,2026-01-05 13:56:00+00:00,67.5,67.5,67.44,67.44,55210.0,251.0,67.468148
SQQQ,2026-01-05 13:57:00+00:00,67.42,67.42,67.36,67.38,35327.0,206.0,67.404582
SQQQ,2026-01-05 13:58:00+00:00,67.39,67.41,67.37,67.41,10282.0,59.0,67.394631
SQQQ,2026-01-05 13:59:00+00:00,67.41,67.47,67.41,67.46,5053.0,47.0,67.441505
SQQQ,2026-01-05 14:00:00+00:00,67.46,67.46,67.35,67.36,31364.0,235.0,67.409616
SQQQ,2026-01-05 14:01:00+00:00,67.36,67.36,67.28,67.3105,22560.0,188.0,67.306633
SQQQ,2026-01-05 14:02:00+00:00,67.31,67.31,67.26,67.3004,10678.0,103.0,67.287189
SQQQ,2026-01-05 14:03:00+00:00,67.3,67.31,67.23,67.23,19812.0,149.0,67.258113
SQQQ,2026-01-05 14:04:00+00:00,67.22,67.22,67.14,67.14,31349.0,199.0,67.171392
SQQQ,2026-01-05 14:05:00+00:00,67.14,67.26,67.14,67.26,12305.0,134.0,67.202422
SQQQ,2026-01-05 14:06:00+00:00,67.2609,67.27,67.24,67.27,27075.0,113.0,67.254349
SQQQ,2026-01-05 14:07:00+00:00,67.27,67.29,67.25,67.25,10952.0,83.0,67.279703
SQQQ,2026-01-05 14:08:00+00:00,67.2493,67.31,67.2493,67.29,8214.0,48.0,67.285428
SQQQ,2026-01-05 14:09:00+00:00,67.288,67.32,67.288,67.3,11240.0,55.0,67.314576
SQQQ,2026-01-05 14:10:00+00:00,67.29,67.3,67.26,67.26,11385.0,81.0,67.282097
SQQQ,2026-01-05 14:11:00+00:00,67.26,67.26,67.22,67.24,11202.0,71.0,67.245349
SQQQ,2026-01-05 14:12:00+00:00,67.23,67.23,67.17,67.17,14581.0,116.0,67.206157
SQQQ,2026-01-05 14:13:00+00:00,67.18,67.21,67.18,67.21,7469.0,47.0,67.196409
SQQQ,2026-01-05 14:14:00+00:00,67.21,67.22,67.2,67.21,3132.0,50.0,67.210313
SQQQ,2026-01-05 14:15:00+00:00,67.21,67.21,67.19,67.19,8452.0,67.0,67.194095
SQQQ,2026-01-05 14:16:00+00:00,67.2,67.21,67.1981,67.21,9453.0,62.0,67.202765
SQQQ,2026-01-05 14:17:00+00:00,67.19,67.2,67.16,67.17,12069.0,95.0,67.172835
SQQQ,2026-01-05 14:18:00+00:00,67.16,67.16,67.1,67.11,28859.0,171.0,67.142103
SQQQ,2026-01-05 14:19:00+00:00,67.12,67.14,67.11,67.11,6179.0,80.0,67.12122
SQQQ,2026-01-05 14:20:00+00:00,67.1,67.1197,67.0799,67.1,15767.0,134.0,67.100668
SQQQ,2026-01-05 14:21:00+00:00,67.1,67.13,67.09,67.12,8244.0,70.0,67.112881
SQQQ,2026-01-05 14:22:00+00:00,67.1195,67.145,67.11,67.13,19948.0,129.0,67.114907
SQQQ,2026-01-05 14:23:00+00:00,67.125,67.16,67.12,67.13,13607.0,106.0,67.133925
SQQQ,2026-01-05 14:24:00+00:00,67.13,67.14,67.07,67.07,13538.0,103.0,67.098942
SQQQ,2026-01-05 14:25:00+00:00,67.08,67.12,67.02,67.02,28649.0,154.0,67.058369
SQQQ,2026-01-05 14:26:00+00:00,67.01,67.04,66.98,67.04,23242.0,247.0,67.00567
SQQQ,2026-01-05 14:27:00+00:00,67.03,67.08,67.02,67.02,15575.0,110.0,67.043474
SQQQ,2026-01-05 14:28:00+00:00,67.04,67.11,67.01,67.1097,29777.0,162.0,67.079673
SQQQ,2026-01-05 14:29:00+00:00,67.07,67.07,66.9,66.915,28840.0,175.0,66.937472
SQQQ,2026-01-05 14:30:00+00:00,66.93,67.07,66.6999,66.82,351170.0,2339.0,66.870471
SQQQ,2026-01-05 14:31:00+00:00,66.82,67.11,66.75,67.01,298518.0,2136.0,66.98923
SQQQ,2026-01-05 14:32:00+00:00,67.04,67.39,66.98,67.3206,451739.0,2512.0,67.274304
SQQQ,2026-01-05 14:33:00+00:00,67.29,67.3568,67.04,67.3,292307.0,1901.0,67.190586
SQQQ,2026-01-05 14:34:00+00:00,67.3,67.43,67.21,67.37,292970.0,1890.0,67.30639
SQQQ,2026-01-05 14:35:00+00:00,67.37,67.5173,67.31,67.5001,353201.0,2424.0,67.406462
SQQQ,2026-01-05 14:36:00+00:00,67.5094,67.68,67.31,67.37,411444.0,2874.0,67.548329
SQQQ,2026-01-05 14:37:00+00:00,67.365,67.46,67.22,67.36,432348.0,2856.0,67.33541
SQQQ,2026-01-05 14:38:00+00:00,67.36,67.51,67.28,67.45,306942.0,2153.0,67.379907
SQQQ,2026-01-05 14:39:00+00:00,67.445,67.59,67.425,67.54,348153.0,1815.0,67.518209
SQQQ,2026-01-05 14:40:00+00:00,67.54,67.685,67.385,67.66,372254.0,2125.0,67.547571
SQQQ,2026-01-05 14:41:00+00:00,67.665,67.78,67.43,67.445,467997.0,2599.0,67.649096
SQQQ,2026-01-05 14:42:00+00:00,67.46,67.5845,67.38,67.54,314289.0,1850.0,67.479749
SQQQ,2026-01-05 14:43:00+00:00,67.54,67.55,67.08,67.31,395139.0,2300.0,67.335756
SQQQ,2026-01-05 14:44:00+00:00,67.3,67.39,67.18,67.26,139625.0,911.0,67.290894
SQQQ,2026-01-05 14:45:00+00:00,67.265,67.275,67.05,67.0872,301176.0,1856.0,67.133474
SQQQ,2026-01-05 14:46:00+00:00,67.1,67.1932,67.02,67.17,232693.0,1391.0,67.109431
SQQQ,2026-01-05 14:47:00+00:00,67.1899,67.38,67.09,67.27,317560.0,2068.0,67.212624
SQQQ,2026-01-05 14:48:00+00:00,67.27,67.525,67.21,67.49,271601.0,1855.0,67.378811
SQQQ,2026-01-05 14:49:00+00:00,67.48,67.6,67.3,67.3156,206007.0,1384.0,67.501017
SQQQ,2026-01-05 14:50:00+00:00,67.31,67.4595,67.26,67.4595,228131.0,1357.0,67.345878
SQQQ,2026-01-05 14:51:00+00:00,67.45,67.49,67.39,67.4,166047.0,1066.0,67.435076
SQQQ,2026-01-05 14:52:00+00:00,67.39,67.48,67.11,67.16,285674.0,1757.0,67.328663
SQQQ,2026-01-05 14:53:00+00:00,67.17,67.2799,67.1,67.18,168197.0,1115.0,67.184469
SQQQ,2026-01-05 14:54:00+00:00,67.18,67.32,67.17,67.2397,130284.0,893.0,67.242599
SQQQ,2026-01-05 14:55:00+00:00,67.24,67.28,67.12,67.25,161280.0,1105.0,67.195574
SQQQ,2026-01-05 14:56:00+00:00,67.24,67.45,67.22,67.405,186743.0,1144.0,67.351371
SQQQ,2026-01-05 14:57:00+00:00,67.4,67.54,67.34,67.41,172658.0,1178.0,67.448318
SQQQ,2026-01-05 14:58:00+00:00,67.41,67.525,67.34,67.34,187315.0,1069.0,67.43586
SQQQ,2026-01-05 14:59:00+00:00,67.33,67.41,67.2,67.32,127298.0,791.0,67.28713
SQQQ,2026-01-05 15:00:00+00:00,67.32,67.363,67.1287,67.3107,227124.0,1561.0,67.226286
SQQQ,2026-01-05 15:01:00+00:00,67.31,67.56,67.17,67.17,211308.0,1349.0,67.396166
SQQQ,2026-01-05 15:02:00+00:00,67.16,67.3101,67.1006,67.16,122250.0,822.0,67.195304
SQQQ,2026-01-05 15:03:00+00:00,67.16,67.18,67.03,67.1012,203774.0,1138.0,67.098199
SQQQ,2026-01-05 15:04:00+00:00,67.1,67.1107,66.9603,67.0,185952.0,1128.0,67.024198
SQQQ,2026-01-05 15:05:00+00:00,67.0,67.05,66.935,66.9791,200212.0,1169.0,66.972313
SQQQ,2026-01-05 15:06:00+00:00,66.96,67.14,66.915,67.11,172041.0,937.0,67.046583
SQQQ,2026-01-05 15:07:00+00:00,67.12,67.1404,67.04,67.06,145893.0,814.0,67.090519
SQQQ,2026-01-05 15:08:00+00:00,67.05,67.09,66.95,66.95,101502.0,663.0,67.025327
SQQQ,2026-01-05 15:09:00+00:00,66.95,66.96,66.875,66.9,177201.0,995.0,66.911901
SQQQ,2026-01-05 15:10:00+00:00,66.9,67.0299,66.87,67.01,128173.0,699.0,66.932749
SQQQ,2026-01-05 15:11:00+00:00,67.0225,67.06,66.94,66.95,108054.0,674.0,66.997987
SQQQ,2026-01-05 15:12:00+00:00,66.94,67.08,66.92,67.0,135854.0,811.0,66.995058
SQQQ,2026-01-05 15:13:00+00:00,67.02,67.08,66.9727,67.0,88048.0,559.0,67.013167
SQQQ,2026-01-05 15:14:00+00:00,67.0,67.04,66.925,66.965,97110.0,530.0,66.980894
SQQQ,2026-01-05 15:15:00+00:00,66.95,67.07,66.835,67.0001,218823.0,1255.0,66.932622
SQQQ,2026-01-05 15:16:00+00:00,67.0,67.01,66.83,66.88,114589.0,640.0,66.897207
SQQQ,2026-01-05 15:17:00+00:00,66.89,66.95,66.83,66.84,125151.0,644.0,66.876536
SQQQ,2026-01-05 15:18:00+00:00,66.84,66.89,66.805,66.84,122613.0,697.0,66.842714
SQQQ,2026-01-05 15:19:00+00:00,66.84,66.86,66.79,66.79,67700.0,472.0,66.818264
SQQQ,2026-01-05 15:20:00+00:00,66.78,66.86,66.78,66.86,119814.0,498.0,66.8143
SQQQ,2026-01-05 15:21:00+00:00,66.85,66.87,66.775,66.82,94310.0,513.0,66.823014
SQQQ,2026-01-05 15:22:00+00:00,66.82,66.965,66.82,66.92,162006.0,815.0,66.925699
SQQQ,2026-01-05 15:23:00+00:00,66.91,66.91,66.81,66.815,100167.0,545.0,66.860017
SQQQ,2026-01-05 15:24:00+00:00,66.85,66.8599,66.77,66.7701,51227.0,348.0,66.797875
SQQQ,2026-01-05 15:25:00+00:00,66.78,67.0,66.78,66.9199,160744.0,820.0,66.917715
SQQQ,2026-01-05 15:26:00+00:00,66.9,66.95,66.82,66.9394,103499.0,549.0,66.889894
SQQQ,2026-01-05 15:27:00+00:00,66.94,66.955,66.73,66.74,193144.0,896.0,66.825616
SQQQ,2026-01-05 15:28:00+00:00,66.74,66.7401,66.61,66.67,200898.0,1296.0,66.672676
SQQQ,2026-01-05 15:29:00+00:00,66.67,66.7461,66.65,66.7,114725.0,624.0,66.690715
SQQQ,2026-01-05 15:30:00+00:00,66.69,66.73,66.63,66.69,129841.0,554.0,66.671345
SQQQ,2026-01-05 15:31:00+00:00,66.69,66.73,66.65,66.65,119942.0,455.0,66.69366
SQQQ,2026-01-05 15:32:00+00:00,66.65,66.65,66.58,66.61,150431.0,694.0,66.602388
SQQQ,2026-01-05 15:33:00+00:00,66.61,66.62,66.56,66.5645,54497.0,289.0,66.584276
SQQQ,2026-01-05 15:34:00+00:00,66.5655,66.6282,66.5655,66.61,69601.0,323.0,66.595709
SQQQ,2026-01-05 15:35:00+00:00,66.61,66.755,66.58,66.7377,116644.0,520.0,66.653436
SQQQ,2026-01-05 15:36:00+00:00,66.73,66.767,66.7,66.72,152870.0,545.0,66.738592
SQQQ,2026-01-05 15:37:00+00:00,66.72,66.7999,66.68,66.7939,118437.0,505.0,66.754163
SQQQ,2026-01-05 15:38:00+00:00,66.7914,66.8598,66.79,66.82,198448.0,848.0,66.818269
SQQQ,2026-01-05 15:39:00+00:00,66.82,66.87,66.8,66.84,41390.0,247.0,66.82936
SQQQ,2026-01-05 15:40:00+00:00,66.846,66.846,66.7,66.7499,80570.0,435.0,66.77352
SQQQ,2026-01-05 15:41:00+00:00,66.74,66.8,66.71,66.8,50423.0,228.0,66.75407
SQQQ,2026-01-05 15:42:00+00:00,66.805,66.89,66.79,66.8065,68202.0,311.0,66.838627
SQQQ,2026-01-05 15:43:00+00:00,66.8,66.88,66.7599,66.8557,51146.0,253.0,66.823402
SQQQ,2026-01-05 15:44:00+00:00,66.845,66.985,66.8443,66.955,110683.0,413.0,66.915625
SQQQ,2026-01-05 15:45:00+00:00,66.9488,66.9501,66.8303,66.86,57238.0,315.0,66.87417
SQQQ,2026-01-05 15:46:00+00:00,66.87,66.88,66.84,66.84,39891.0,211.0,66.8579
SQQQ,2026-01-05 15:47:00+00:00,66.84,66.8655,66.78,66.83,82311.0,368.0,66.822306
SQQQ,2026-01-05 15:48:00+00:00,66.8356,66.91,66.83,66.8732,41500.0,218.0,66.875306
SQQQ,2026-01-05 15:49:00+00:00,66.8585,66.885,66.83,66.83,41064.0,194.0,66.859229
SQQQ,2026-01-05 15:50:00+00:00,66.8354,66.93,66.8,66.89,96745.0,398.0,66.886405
SQQQ,2026-01-05 15:51:00+00:00,66.89,66.89,66.805,66.83,60952.0,285.0,66.835055
SQQQ,2026-01-05 15:52:00+00:00,66.82,66.88,66.8033,66.8033,34574.0,165.0,66.828384
SQQQ,2026-01-05 15:53:00+00:00,66.8,66.82,66.7301,66.8,69627.0,295.0,66.764029
SQQQ,2026-01-05 15:54:00+00:00,66.79,66.88,66.79,66.85,45906.0,218.0,66.849745
SQQQ,2026-01-05 15:55:00+00:00,66.86,66.95,66.8,66.809,85908.0,311.0,66.879474
SQQQ,2026-01-05 15:56:00+00:00,66.81,66.81,66.7,66.7191,57438.0,341.0,66.772023
SQQQ,2026-01-05 15:57:00+00:00,66.7,66.7911,66.7,66.78,46694.0,199.0,66.769203
SQQQ,2026-01-05 15:58:00+00:00,66.79,66.82,66.74,66.7475,51370.0,217.0,66.793955
SQQQ,2026-01-05 15:59:00+00:00,66.75,66.775,66.735,66.75,89085.0,233.0,66.75452
SQQQ,2026-01-05 16:00:00+00:00,66.76,66.8699,66.74,66.84,79571.0,335.0,66.823494
SQQQ,2026-01-05 16:01:00+00:00,66.86,66.86,66.81,66.81,69542.0,280.0,66.839595
SQQQ,2026-01-05 16:02:00+00:00,66.81,66.8373,66.77,66.8,52767.0,193.0,66.80222
SQQQ,2026-01-05 16:03:00+00:00,66.79,66.7959,66.7225,66.7385,70066.0,308.0,66.762001
SQQQ,2026-01-05 16:04:00+00:00,66.74,66.76,66.69,66.72,34381.0,300.0,66.727022
SQQQ,2026-01-05 16:05:00+00:00,66.72,66.7475,66.68,66.71,46886.0,205.0,66.708935
SQQQ,2026-01-05 16:06:00+00:00,66.71,66.77,66.6601,66.74,58812.0,268.0,66.720319
SQQQ,2026-01-05 16:07:00+00:00,66.74,66.7497,66.7,66.71,69515.0,175.0,66.720268
SQQQ,2026-01-05 16:08:00+00:00,66.7,66.7,66.58,66.6,133876.0,532.0,66.623996
SQQQ,2026-01-05 16:09:00+00:00,66.595,66.615,66.5497,66.5797,143990.0,674.0,66.57664
SQQQ,2026-01-05 16:10:00+00:00,66.58,66.5898,66.54,66.58,110934.0,504.0,66.561953
SQQQ,2026-01-05 16:11:00+00:00,66.58,66.58,66.5,66.51,82997.0,437.0,66.530395
SQQQ,2026-01-05 16:12:00+00:00,66.51,66.56,66.5,66.55,59424.0,279.0,66.53283
SQQQ,2026-01-05 16:13:00+00:00,66.5431,66.6307,66.5431,66.63,79122.0,296.0,66.596026
SQQQ,2026-01-05 16:14:00+00:00,66.6201,66.69,66.6201,66.6898,58281.0,221.0,66.648682
SQQQ,2026-01-05 16:15:00+00:00,66.6999,66.7299,66.6435,66.66,82247.0,294.0,66.688113
SQQQ,2026-01-05 16:16:00+00:00,66.67,66.67,66.5977,66.6,50510.0,208.0,66.619745
SQQQ,2026-01-05 16:17:00+00:00,66.6,66.6371,66.6,66.6,55923.0,244.0,66.611004
SQQQ,2026-01-05 16:18:00+00:00,66.63,66.69,66.6193,66.6732,58792.0,208.0,66.652728
SQQQ,2026-01-05 16:19:00+00:00,66.6773,66.68,66.645,66.66,35995.0,125.0,66.667586
SQQQ,2026-01-05 16:20:00+00:00,66.6699,66.68,66.605,66.62,57911.0,200.0,66.638243
SQQQ,2026-01-05 16:21:00+00:00,66.62,66.65,66.61,66.645,21394.0,105.0,66.624834
SQQQ,2026-01-05 16:22:00+00:00,66.645,66.6601,66.62,66.6366,51922.0,176.0,66.643809
SQQQ,2026-01-05 16:23:00+00:00,66.62,66.6239,66.57,66.6156,44573.0,228.0,66.599637
SQQQ,2026-01-05 16:24:00+00:00,66.61,66.63,66.57,66.59,33331.0,183.0,66.597592
SQQQ,2026-01-05 16:25:00+00:00,66.59,66.595,66.55,66.5656,35256.0,204.0,66.569219
SQQQ,2026-01-05 16:26:00+00:00,66.57,66.6244,66.57,66.58,36511.0,150.0,66.585246
SQQQ,2026-01-05 16:27:00+00:00,66.5701,66.6,66.56,66.6,59202.0,147.0,66.585442
SQQQ,2026-01-05 16:28:00+00:00,66.595,66.6199,66.55,66.5668,82210.0,167.0,66.581518
SQQQ,2026-01-05 16:29:00+00:00,66.565,66.6163,66.56,66.6,56933.0,184.0,66.583727
SQQQ,2026-01-05 16:30:00+00:00,66.61,66.6298,66.56,66.565,54857.0,191.0,66.588171
SQQQ,2026-01-05 16:31:00+00:00,66.56,66.57,66.51,66.52,100719.0,390.0,66.532736
SQQQ,2026-01-05 16:32:00+00:00,66.52,66.545,66.5,66.515,43660.0,233.0,66.520463
SQQQ,2026-01-05 16:33:00+00:00,66.53,66.56,66.5201,66.555,33827.0,134.0,66.538128
SQQQ,2026-01-05 16:34:00+00:00,66.57,66.66,66.55,66.6545,56557.0,251.0,66.596686
SQQQ,2026-01-05 16:35:00+00:00,66.65,66.66,66.585,66.605,60399.0,181.0,66.614263
SQQQ,2026-01-05 16:36:00+00:00,66.6,66.68,66.5988,66.68,51971.0,194.0,66.628199
SQQQ,2026-01-05 16:37:00+00:00,66.67,66.67,66.61,66.61,41660.0,140.0,66.651852
SQQQ,2026-01-05 16:38:00+00:00,66.605,66.605,66.54,66.5568,106066.0,308.0,66.562893
SQQQ,2026-01-05 16:39:00+00:00,66.56,66.5901,66.56,66.585,40952.0,178.0,66.571611
SQQQ,2026-01-05 16:40:00+00:00,66.585,66.6668,66.585,66.655,34003.0,160.0,66.62004
SQQQ,2026-01-05 16:41:00+00:00,66.6456,66.76,66.64,66.735,50592.0,219.0,66.714431
SQQQ,2026-01-05 16:42:00+00:00,66.745,66.77,66.67,66.6745,61580.0,285.0,66.718448
SQQQ,2026-01-05 16:43:00+00:00,66.65,66.65,66.5861,66.59,98738.0,291.0,66.62961
SQQQ,2026-01-05 16:44:00+00:00,66.6,66.6499,66.585,66.635,23057.0,119.0,66.604965
SQQQ,2026-01-05 16:45:00+00:00,66.6235,66.64,66.585,66.59,20441.0,106.0,66.616954
SQQQ,2026-01-05 16:46:00+00:00,66.58,66.58,66.5203,66.5203,49512.0,266.0,66.540454
SQQQ,2026-01-05 16:47:00+00:00,66.52,66.53,66.5,66.53,72202.0,365.0,66.519934
SQQQ,2026-01-05 16:48:00+00:00,66.53,66.53,66.46,66.4681,183501.0,727.0,66.495225
SQQQ,2026-01-05 16:49:00+00:00,66.4686,66.4686,66.42,66.46,74572.0,341.0,66.449054
SQQQ,2026-01-05 16:50:00+00:00,66.45,66.46,66.4,66.455,118621.0,370.0,66.433431
SQQQ,2026-01-05 16:51:00+00:00,66.46,66.5,66.44,66.4802,62189.0,285.0,66.455853
SQQQ,2026-01-05 16:52:00+00:00,66.48,66.59,66.48,66.59,59241.0,214.0,66.533968
SQQQ,2026-01-05 16:53:00+00:00,66.5928,66.5955,66.56,66.58,29438.0,111.0,66.581379
SQQQ,2026-01-05 16:54:00+00:00,66.5798,66.65,66.5798,66.62,39192.0,191.0,66.625254
SQQQ,2026-01-05 16:55:00+00:00,66.627,66.7099,66.6,66.69,39940.0,206.0,66.656593
SQQQ,2026-01-05 16:56:00+00:00,66.68,66.7401,66.65,66.715,37627.0,157.0,66.689671
SQQQ,2026-01-05 16:57:00+00:00,66.71,66.79,66.71,66.76,83080.0,299.0,66.753097
SQQQ,2026-01-05 16:58:00+00:00,66.7681,66.8183,66.7545,66.7633,86489.0,245.0,66.786947
SQQQ,2026-01-05 16:59:00+00:00,66.78,66.81,66.7618,66.81,41617.0,171.0,66.791356
SQQQ,2026-01-05 17:00:00+00:00,66.8,66.82,66.7,66.75,88919.0,412.0,66.750102
SQQQ,2026-01-05 17:01:00+00:00,66.7478,66.81,66.7414,66.7719,34380.0,178.0,66.774676
SQQQ,2026-01-05 17:02:00+00:00,66.7967,66.8,66.69,66.693,47540.0,188.0,66.739232
SQQQ,2026-01-05 17:03:00+00:00,66.695,66.79,66.6901,66.78,56156.0,211.0,66.758371
SQQQ,2026-01-05 17:04:00+00:00,66.79,66.84,66.75,66.7599,110387.0,321.0,66.794025
SQQQ,2026-01-05 17:05:00+00:00,66.755,66.8,66.7244,66.8,42385.0,208.0,66.760054
SQQQ,2026-01-05 17:06:00+00:00,66.78,66.835,66.78,66.8016,123853.0,333.0,66.816345
SQQQ,2026-01-05 17:07:00+00:00,66.807,66.8556,66.7838,66.8399,73331.0,272.0,66.826445
SQQQ,2026-01-05 17:08:00+00:00,66.84,66.87,66.8,66.8,55154.0,232.0,66.848054
SQQQ,2026-01-05 17:09:00+00:00,66.8,66.8675,66.76,66.825,53917.0,220.0,66.8172
SQQQ,2026-01-05 17:10:00+00:00,66.83,66.9,66.8,66.8932,46489.0,233.0,66.85096
SQQQ,2026-01-05 17:11:00+00:00,66.9,66.92,66.81,66.815,36400.0,198.0,66.869006
SQQQ,2026-01-05 17:12:00+00:00,66.8071,66.8373,66.74,66.8,59089.0,204.0,66.773015
SQQQ,2026-01-05 17:13:00+00:00,66.79,66.7901,66.755,66.76,33287.0,111.0,66.77183
SQQQ,2026-01-05 17:14:00+00:00,66.76,66.765,66.69,66.7064,35126.0,163.0,66.725197
SQQQ,2026-01-05 17:15:00+00:00,66.695,66.86,66.69,66.86,39716.0,221.0,66.783564
SQQQ,2026-01-05 17:16:00+00:00,66.855,66.9073,66.84,66.88,55940.0,241.0,66.873707
SQQQ,2026-01-05 17:17:00+00:00,66.88,66.89,66.855,66.8793,24081.0,114.0,66.872842
SQQQ,2026-01-05 17:18:00+00:00,66.86,66.9198,66.8591,66.87,54212.0,226.0,66.89511
SQQQ,2026-01-05 17:19:00+00:00,66.865,66.8992,66.83,66.885,81002.0,156.0,66.851913
SQQQ,2026-01-05 17:20:00+00:00,66.89,66.96,66.88,66.9073,120260.0,282.0,66.923502
SQQQ,2026-01-05 17:21:00+00:00,66.9,66.9456,66.87,66.9299,48308.0,189.0,66.909869
SQQQ,2026-01-05 17:22:00+00:00,66.92,67.01,66.9,66.9944,88994.0,403.0,66.958249
SQQQ,2026-01-05 17:23:00+00:00,67.0,67.0272,66.96,67.0124,47627.0,198.0,66.991272
SQQQ,2026-01-05 17:24:00+00:00,67.01,67.0599,66.9956,67.0271,60232.0,258.0,67.028877
SQQQ,2026-01-05 17:25:00+00:00,67.03,67.109,67.0298,67.0756,75318.0,376.0,67.065526
SQQQ,2026-01-05 17:26:00+00:00,67.09,67.14,67.06,67.09,50217.0,262.0,67.103896
SQQQ,2026-01-05 17:27:00+00:00,67.11,67.1301,67.0743,67.09,67665.0,296.0,67.107299
SQQQ,2026-01-05 17:28:00+00:00,67.0719,67.15,67.0719,67.11,61326.0,255.0,67.116949
SQQQ,2026-01-05 17:29:00+00:00,67.12,67.12,67.02,67.0414,54139.0,212.0,67.051135
SQQQ,2026-01-05 17:30:00+00:00,67.05,67.11,67.0344,67.0461,60585.0,253.0,67.064839
SQQQ,2026-01-05 17:31:00+00:00,67.04,67.205,67.04,67.1801,47997.0,314.0,67.147455
SQQQ,2026-01-05 17:32:00+00:00,67.1738,67.21,67.15,67.155,90892.0,307.0,67.184867
SQQQ,2026-01-05 17:33:00+00:00,67.155,67.18,67.12,67.125,55858.0,226.0,67.14253
SQQQ,2026-01-05 17:34:00+00:00,67.13,67.17,67.13,67.15,18245.0,121.0,67.14738
SQQQ,2026-01-05 17:35:00+00:00,67.15,67.16,67.055,67.07,37268.0,166.0,67.106689
SQQQ,2026-01-05 17:36:00+00:00,67.0707,67.1497,67.07,67.1,30130.0,140.0,67.109251
SQQQ,2026-01-05 17:37:00+00:00,67.085,67.09,67.01,67.0201,35587.0,148.0,67.047779
SQQQ,2026-01-05 17:38:00+00:00,67.03,67.05,67.02,67.02,46480.0,149.0,67.031069
SQQQ,2026-01-05 17:39:00+00:00,67.03,67.0784,67.03,67.06,24329.0,122.0,67.058692
SQQQ,2026-01-05 17:40:00+00:00,67.06,67.06,67.02,67.06,94327.0,259.0,67.036843
SQQQ,2026-01-05 17:41:00+00:00,67.07,67.08,67.04,67.0656,21108.0,101.0,67.065536
SQQQ,2026-01-05 17:42:00+00:00,67.06,67.0871,67.05,67.07,15725.0,71.0,67.067035
SQQQ,2026-01-05 17:43:00+00:00,67.07,67.17,67.07,67.165,15392.0,121.0,67.131362
SQQQ,2026-01-05 17:44:00+00:00,67.17,67.1789,67.14,67.1656,36617.0,134.0,67.16124
SQQQ,2026-01-05 17:45:00+00:00,67.16,67.16,67.09,67.1425,32202.0,146.0,67.136396
SQQQ,2026-01-05 17:46:00+00:00,67.15,67.19,67.13,67.14,25654.0,144.0,67.156341
SQQQ,2026-01-05 17:47:00+00:00,67.135,67.155,67.02,67.03,33363.0,163.0,67.077712
SQQQ,2026-01-05 17:48:00+00:00,67.03,67.05,67.0,67.0,47923.0,217.0,67.015962
SQQQ,2026-01-05 17:49:00+00:00,67.0,67.0753,67.0,67.06,20172.0,115.0,67.040712
SQQQ,2026-01-05 17:50:00+00:00,67.05,67.115,67.0417,67.11,28963.0,156.0,67.081988
SQQQ,2026-01-05 17:51:00+00:00,67.1,67.17,67.075,67.17,32828.0,181.0,67.136647
SQQQ,2026-01-05 17:52:00+00:00,67.17,67.17,67.055,67.09,29466.0,166.0,67.095016
SQQQ,2026-01-05 17:53:00+00:00,67.0701,67.0968,67.07,67.08,13784.0,99.0,67.083174
SQQQ,2026-01-05 17:54:00+00:00,67.0728,67.115,67.0656,67.1,8521.0,92.0,67.102747
SQQQ,2026-01-05 17:55:00+00:00,67.11,67.14,67.0907,67.12,28057.0,92.0,67.128783
SQQQ,2026-01-05 17:56:00+00:00,67.1,67.11,67.05,67.05,20264.0,118.0,67.077912
SQQQ,2026-01-05 17:57:00+00:00,67.06,67.1,67.06,67.1,11447.0,73.0,67.07593
SQQQ,2026-01-05 17:58:00+00:00,67.1061,67.1199,67.09,67.09,43378.0,139.0,67.107327
SQQQ,2026-01-05 17:59:00+00:00,67.08,67.08,67.03,67.055,23540.0,123.0,67.045272
SQQQ,2026-01-05 18:00:00+00:00,67.06,67.11,67.045,67.0901,19120.0,95.0,67.071941
SQQQ,2026-01-05 18:01:00+00:00,67.1,67.12,67.05,67.0556,41260.0,178.0,67.090211
SQQQ,2026-01-05 18:02:00+00:00,67.0569,67.0699,67.02,67.0358,16817.0,91.0,67.041827
SQQQ,2026-01-05 18:03:00+00:00,67.0334,67.07,67.01,67.07,25161.0,116.0,67.033092
SQQQ,2026-01-05 18:04:00+00:00,67.065,67.07,67.055,67.07,6935.0,55.0,67.061632
SQQQ,2026-01-05 18:05:00+00:00,67.06,67.1156,67.055,67.11,20101.0,108.0,67.085878
SQQQ,2026-01-05 18:06:00+00:00,67.1036,67.2175,67.1036,67.17,61891.0,218.0,67.159345
SQQQ,2026-01-05 18:07:00+00:00,67.175,67.24,67.165,67.23,77627.0,299.0,67.203498
SQQQ,2026-01-05 18:08:00+00:00,67.215,67.3599,67.215,67.275,151727.0,631.0,67.293486
SQQQ,2026-01-05 18:09:00+00:00,67.2765,67.29,67.22,67.245,33375.0,205.0,67.250221
SQQQ,2026-01-05 18:10:00+00:00,67.25,67.28,67.2,67.2524,28936.0,176.0,67.243438
SQQQ,2026-01-05 18:11:00+00:00,67.255,67.33,67.23,67.31,39941.0,204.0,67.270724
SQQQ,2026-01-05 18:12:00+00:00,67.3132,67.33,67.27,67.2873,83684.0,218.0,67.304275
SQQQ,2026-01-05 18:13:00+00:00,67.285,67.315,67.2601,67.3001,18809.0,108.0,67.292029
SQQQ,2026-01-05 18:14:00+00:00,67.31,67.3399,67.295,67.295,30524.0,98.0,67.321204
SQQQ,2026-01-05 18:15:00+00:00,67.31,67.37,67.31,67.3451,62910.0,252.0,67.34439
SQQQ,2026-01-05 18:16:00+00:00,67.35,67.48,67.34,67.44,150743.0,489.0,67.398264
SQQQ,2026-01-05 18:17:00+00:00,67.4456,67.53,67.4408,67.49,87897.0,437.0,67.495165
SQQQ,2026-01-05 18:18:00+00:00,67.495,67.61,67.495,67.583,136525.0,514.0,67.567863
SQQQ,2026-01-05 18:19:00+00:00,67.59,67.62,67.4427,67.455,107912.0,374.0,67.525625
SQQQ,2026-01-05 18:20:00+00:00,67.46,67.5401,67.46,67.515,80096.0,216.0,67.501767
SQQQ,2026-01-05 18:21:00+00:00,67.515,67.54,67.42,67.44,45069.0,237.0,67.477016
SQQQ,2026-01-05 18:22:00+00:00,67.4332,67.4999,67.43,67.44,30248.0,127.0,67.466932
SQQQ,2026-01-05 18:23:00+00:00,67.44,67.44,67.37,67.37,108469.0,318.0,67.390114
SQQQ,2026-01-05 18:24:00+00:00,67.365,67.365,67.27,67.285,98428.0,307.0,67.325701
SQQQ,2026-01-05 18:25:00+00:00,67.2858,67.2858,67.235,67.24,101475.0,322.0,67.255464
SQQQ,2026-01-05 18:26:00+00:00,67.25,67.3199,67.245,67.3199,63436.0,198.0,67.259528
SQQQ,2026-01-05 18:27:00+00:00,67.32,67.34,67.295,67.34,39614.0,156.0,67.326275
SQQQ,2026-01-05 18:28:00+00:00,67.33,67.3373,67.265,67.2656,49132.0,223.0,67.290943
SQQQ,2026-01-05 18:29:00+00:00,67.26,67.26,67.215,67.235,42613.0,181.0,67.241277
SQQQ,2026-01-05 18:30:00+00:00,67.23,67.23,67.15,67.19,50925.0,247.0,67.194683
SQQQ,2026-01-05 18:31:00+00:00,67.19,67.26,67.18,67.21,41111.0,167.0,67.222415
SQQQ,2026-01-05 18:32:00+00:00,67.21,67.2168,67.18,67.18,29667.0,106.0,67.194933
SQQQ,2026-01-05 18:33:00+00:00,67.19,67.235,67.1839,67.2197,35400.0,114.0,67.211119
SQQQ,2026-01-05 18:34:00+00:00,67.22,67.22,67.1997,67.2173,22937.0,108.0,67.203483
SQQQ,2026-01-05 18:35:00+00:00,67.21,67.265,67.21,67.2532,21586.0,133.0,67.23424
SQQQ,2026-01-05 18:36:00+00:00,67.26,67.35,67.24,67.34,49648.0,219.0,67.292334
SQQQ,2026-01-05 18:37:00+00:00,67.3497,67.35,67.255,67.26,60526.0,232.0,67.288921
SQQQ,2026-01-05 18:38:00+00:00,67.26,67.26,67.22,67.23,13329.0,83.0,67.239935
SQQQ,2026-01-05 18:39:00+00:00,67.2127,67.23,67.19,67.22,17676.0,92.0,67.203668
SQQQ,2026-01-05 18:40:00+00:00,67.22,67.235,67.2095,67.2099,13008.0,74.0,67.217674
SQQQ,2026-01-05 18:41:00+00:00,67.195,67.2012,67.1702,67.18,21868.0,101.0,67.190577
SQQQ,2026-01-05 18:42:00+00:00,67.195,67.195,67.14,67.1509,39063.0,162.0,67.161097
SQQQ,2026-01-05 18:43:00+00:00,67.15,67.1543,67.1045,67.13,38073.0,191.0,67.125964
SQQQ,2026-01-05 18:44:00+00:00,67.1299,67.1385,67.1147,67.13,11448.0,78.0,67.125209
SQQQ,2026-01-05 18:45:00+00:00,67.122,67.135,67.1,67.11,43149.0,148.0,67.117737
SQQQ,2026-01-05 18:46:00+00:00,67.11,67.11,67.0627,67.09,50557.0,185.0,67.079842
SQQQ,2026-01-05 18:47:00+00:00,67.0839,67.12,67.0747,67.1102,34515.0,123.0,67.097667
SQQQ,2026-01-05 18:48:00+00:00,67.1173,67.13,67.08,67.08,23435.0,86.0,67.113323
SQQQ,2026-01-05 18:49:00+00:00,67.09,67.1216,67.0888,67.1216,16630.0,61.0,67.108663
SQQQ,2026-01-05 18:50:00+00:00,67.13,67.205,67.13,67.166,37533.0,144.0,67.164709
SQQQ,2026-01-05 18:51:00+00:00,67.1601,67.195,67.16,67.175,18964.0,86.0,67.171244
SQQQ,2026-01-05 18:52:00+00:00,67.19,67.2092,67.1601,67.165,23637.0,93.0,67.187407
SQQQ,2026-01-05 18:53:00+00:00,67.1639,67.19,67.15,67.17,23020.0,106.0,67.168947
SQQQ,2026-01-05 18:54:00+00:00,67.17,67.1899,67.17,67.1701,10503.0,59.0,67.178896
SQQQ,2026-01-05 18:55:00+00:00,67.18,67.19,67.161,67.1735,32004.0,99.0,67.171499
SQQQ,2026-01-05 18:56:00+00:00,67.18,67.2,67.1527,67.18,18269.0,85.0,67.178198
SQQQ,2026-01-05 18:57:00+00:00,67.19,67.2273,67.19,67.215,21175.0,82.0,67.208034
SQQQ,2026-01-05 18:58:00+00:00,67.2132,67.2169,67.1927,67.2,22831.0,102.0,67.201709
SQQQ,2026-01-05 18:59:00+00:00,67.2,67.2001,67.161,67.17,43671.0,124.0,67.17522
SQQQ,2026-01-05 19:00:00+00:00,67.16,67.1707,67.13,67.134,56294.0,221.0,67.147378
SQQQ,2026-01-05 19:01:00+00:00,67.14,67.165,67.13,67.15,12928.0,65.0,67.145362
SQQQ,2026-01-05 19:02:00+00:00,67.15,67.195,67.14,67.175,22262.0,112.0,67.172825
SQQQ,2026-01-05 19:03:00+00:00,67.17,67.18,67.12,67.1599,27860.0,105.0,67.156346
SQQQ,2026-01-05 19:04:00+00:00,67.16,67.16,67.1384,67.141,18905.0,74.0,67.150563
SQQQ,2026-01-05 19:05:00+00:00,67.15,67.19,67.15,67.1899,33391.0,154.0,67.169677
SQQQ,2026-01-05 19:06:00+00:00,67.1783,67.22,67.1783,67.22,34926.0,131.0,67.192571
SQQQ,2026-01-05 19:07:00+00:00,67.2267,67.2572,67.22,67.2353,25785.0,142.0,67.23416
SQQQ,2026-01-05 19:08:00+00:00,67.2332,67.2399,67.22,67.225,13874.0,55.0,67.225788
SQQQ,2026-01-05 19:09:00+00:00,67.2459,67.255,67.21,67.215,24911.0,90.0,67.243583
SQQQ,2026-01-05 19:10:00+00:00,67.22,67.27,67.21,67.2473,43736.0,130.0,67.237058
SQQQ,2026-01-05 19:11:00+00:00,67.2599,67.33,67.255,67.263,125139.0,438.0,67.28608
SQQQ,2026-01-05 19:12:00+00:00,67.2672,67.269,67.2149,67.25,39114.0,136.0,67.237118
SQQQ,2026-01-05 19:13:00+00:00,67.247,67.2725,67.24,67.24,36573.0,105.0,67.249435
SQQQ,2026-01-05 19:14:00+00:00,67.24,67.275,67.24,67.269,33349.0,108.0,67.260088
SQQQ,2026-01-05 19:15:00+00:00,67.268,67.305,67.2532,67.295,28857.0,106.0,67.283127
SQQQ,2026-01-05 19:16:00+00:00,67.29,67.31,67.26,67.29,22387.0,87.0,67.288384
SQQQ,2026-01-05 19:17:00+00:00,67.28,67.295,67.2619,67.29,15214.0,75.0,67.281438
SQQQ,2026-01-05 19:18:00+00:00,67.2837,67.29,67.24,67.2551,17370.0,57.0,67.266026
SQQQ,2026-01-05 19:19:00+00:00,67.26,67.2971,67.26,67.275,15284.0,92.0,67.280781
SQQQ,2026-01-05 19:20:00+00:00,67.27,67.2967,67.2599,67.27,23178.0,83.0,67.276994
SQQQ,2026-01-05 19:21:00+00:00,67.28,67.3,67.2701,67.29,13461.0,55.0,67.294791
SQQQ,2026-01-05 19:22:00+00:00,67.29,67.315,67.285,67.29,20002.0,68.0,67.301271
SQQQ,2026-01-05 19:23:00+00:00,67.2899,67.3199,67.28,67.28,11667.0,65.0,67.306207
SQQQ,2026-01-05 19:24:00+00:00,67.29,67.34,67.29,67.335,71200.0,134.0,67.325197
SQQQ,2026-01-05 19:25:00+00:00,67.335,67.34,67.3,67.32,33375.0,138.0,67.318973
SQQQ,2026-01-05 19:26:00+00:00,67.325,67.33,67.285,67.33,18750.0,100.0,67.31158
SQQQ,2026-01-05 19:27:00+00:00,67.335,67.37,67.3274,67.3648,21502.0,110.0,67.34595
SQQQ,2026-01-05 19:28:00+00:00,67.3684,67.4,67.36,67.395,28456.0,167.0,67.386048
SQQQ,2026-01-05 19:29:00+00:00,67.39,67.4,67.3749,67.38,13006.0,86.0,67.391679
SQQQ,2026-01-05 19:30:00+00:00,67.4,67.42,67.36,67.385,38983.0,165.0,67.391349
SQQQ,2026-01-05 19:31:00+00:00,67.38,67.415,67.35,67.4068,17193.0,121.0,67.384908
SQQQ,2026-01-05 19:32:00+00:00,67.4,67.42,67.36,67.3635,38486.0,110.0,67.407372
SQQQ,2026-01-05 19:33:00+00:00,67.36,67.3864,67.36,67.365,20558.0,80.0,67.372929
SQQQ,2026-01-05 19:34:00+00:00,67.37,67.375,67.351,67.3683,16500.0,92.0,67.363983
SQQQ,2026-01-05 19:35:00+00:00,67.3855,67.45,67.37,67.44,45819.0,189.0,67.410657
SQQQ,2026-01-05 19:36:00+00:00,67.4306,67.47,67.43,67.465,23797.0,122.0,67.444736
SQQQ,2026-01-05 19:37:00+00:00,67.46,67.485,67.4525,67.4621,15694.0,93.0,67.467548
SQQQ,2026-01-05 19:38:00+00:00,67.47,67.49,67.4526,67.47,20712.0,107.0,67.466165
SQQQ,2026-01-05 19:39:00+00:00,67.48,67.56,67.4544,67.5099,56767.0,282.0,67.511112
SQQQ,2026-01-05 19:40:00+00:00,67.51,67.605,67.51,67.55,64799.0,279.0,67.565103
SQQQ,2026-01-05 19:41:00+00:00,67.55,67.58,67.51,67.575,32279.0,155.0,67.543129
SQQQ,2026-01-05 19:42:00+00:00,67.5899,67.6899,67.575,67.6258,84260.0,400.0,67.635208
SQQQ,2026-01-05 19:43:00+00:00,67.62,67.6252,67.5616,67.6099,69951.0,310.0,67.598736
SQQQ,2026-01-05 19:44:00+00:00,67.61,67.61,67.5627,67.571,30883.0,160.0,67.590956
SQQQ,2026-01-05 19:45:00+00:00,67.58,67.585,67.51,67.5256,43853.0,227.0,67.54213
SQQQ,2026-01-05 19:46:00+00:00,67.525,67.5601,67.49,67.495,58062.0,192.0,67.522551
SQQQ,2026-01-05 19:47:00+00:00,67.48,67.5,67.4401,67.4993,78975.0,211.0,67.460435
SQQQ,2026-01-05 19:48:00+00:00,67.495,67.495,67.4081,67.43,40905.0,115.0,67.440134
SQQQ,2026-01-05 19:49:00+00:00,67.44,67.46,67.43,67.46,21646.0,97.0,67.444768
SQQQ,2026-01-05 19:50:00+00:00,67.47,67.55,67.4637,67.53,22998.0,145.0,67.519891
SQQQ,2026-01-05 19:51:00+00:00,67.53,67.5456,67.5,67.5,49421.0,119.0,67.505028
SQQQ,2026-01-05 19:52:00+00:00,67.49,67.535,67.49,67.52,13201.0,78.0,67.511933
SQQQ,2026-01-05 19:53:00+00:00,67.53,67.53,67.4639,67.4888,23072.0,105.0,67.495171
SQQQ,2026-01-05 19:54:00+00:00,67.485,67.505,67.475,67.4873,18302.0,65.0,67.493898
SQQQ,2026-01-05 19:55:00+00:00,67.48,67.5001,67.4723,67.48,24371.0,98.0,67.490819
SQQQ,2026-01-05 19:56:00+00:00,67.48,67.48,67.3868,67.3999,26123.0,135.0,67.425746
SQQQ,2026-01-05 19:57:00+00:00,67.38,67.4061,67.38,67.3957,17981.0,83.0,67.39303
SQQQ,2026-01-05 19:58:00+00:00,67.3944,67.4457,67.39,67.425,20323.0,88.0,67.41874
SQQQ,2026-01-05 19:59:00+00:00,67.43,67.4632,67.43,67.4632,21899.0,76.0,67.441766
SQQQ,2026-01-05 20:00:00+00:00,67.46,67.48,67.45,67.47,41803.0,184.0,67.461307
SQQQ,2026-01-05 20:01:00+00:00,67.46,67.5174,67.46,67.5,22389.0,87.0,67.491234
SQQQ,2026-01-05 20:02:00+00:00,67.5,67.545,67.48,67.5301,46132.0,135.0,67.512961
SQQQ,2026-01-05 20:03:00+00:00,67.5397,67.5397,67.4544,67.4673,32593.0,144.0,67.497915
SQQQ,2026-01-05 20:04:00+00:00,67.465,67.51,67.45,67.5,49626.0,130.0,67.46779
SQQQ,2026-01-05 20:05:00+00:00,67.5,67.51,67.4947,67.5,12498.0,80.0,67.500899
SQQQ,2026-01-05 20:06:00+00:00,67.5,67.53,67.4786,67.4831,62787.0,228.0,67.508386
SQQQ,2026-01-05 20:07:00+00:00,67.4803,67.4866,67.46,67.4627,16038.0,72.0,67.470183
SQQQ,2026-01-05 20:08:00+00:00,67.46,67.47,67.34,67.3403,128015.0,347.0,67.386771
SQQQ,2026-01-05 20:09:00+00:00,67.345,67.3573,67.32,67.3351,27142.0,137.0,67.339333
SQQQ,2026-01-05 20:10:00+00:00,67.34,67.3473,67.3001,67.34,40355.0,192.0,67.32796
SQQQ,2026-01-05 20:11:00+00:00,67.33,67.339,67.26,67.305,91289.0,297.0,67.291974
SQQQ,2026-01-05 20:12:00+00:00,67.305,67.31,67.24,67.26,41824.0,178.0,67.273422
SQQQ,2026-01-05 20:13:00+00:00,67.25,67.29,67.245,67.272,42342.0,122.0,67.270228
SQQQ,2026-01-05 20:14:00+00:00,67.27,67.285,67.26,67.28,21701.0,89.0,67.277192
SQQQ,2026-01-05 20:15:00+00:00,67.2645,67.28,67.2399,67.2775,25254.0,108.0,67.257698
SQQQ,2026-01-05 20:16:00+00:00,67.275,67.28,67.258,67.2756,32706.0,135.0,67.267138
SQQQ,2026-01-05 20:17:00+00:00,67.27,67.3099,67.265,67.29,31010.0,136.0,67.291536
SQQQ,2026-01-05 20:18:00+00:00,67.295,67.3062,67.2749,67.29,24239.0,106.0,67.294016
SQQQ,2026-01-05 20:19:00+00:00,67.28,67.2956,67.28,67.286,10810.0,61.0,67.287265
SQQQ,2026-01-05 20:20:00+00:00,67.2987,67.33,67.2955,67.307,49154.0,182.0,67.313016
SQQQ,2026-01-05 20:21:00+00:00,67.305,67.3161,67.275,67.3101,33892.0,117.0,67.29292
SQQQ,2026-01-05 20:22:00+00:00,67.31,67.33,67.305,67.32,22625.0,102.0,67.318196
SQQQ,2026-01-05 20:23:00+00:00,67.3239,67.3239,67.28,67.28,30349.0,145.0,67.297749
SQQQ,2026-01-05 20:24:00+00:00,67.29,67.295,67.2738,67.275,21288.0,90.0,67.287257
SQQQ,2026-01-05 20:25:00+00:00,67.2832,67.2832,67.26,67.2801,10938.0,71.0,67.265583
SQQQ,2026-01-05 20:26:00+00:00,67.2886,67.29,67.27,67.2829,35809.0,123.0,67.282199
SQQQ,2026-01-05 20:27:00+00:00,67.29,67.3177,67.2801,67.2901,32698.0,78.0,67.292668
SQQQ,2026-01-05 20:28:00+00:00,67.29,67.3,67.275,67.28,25097.0,100.0,67.286605
SQQQ,2026-01-05 20:29:00+00:00,67.2832,67.2899,67.25,67.2656,21268.0,112.0,67.269779
SQQQ,2026-01-05 20:30:00+00:00,67.275,67.3,67.26,67.26,39128.0,227.0,67.289845
SQQQ,2026-01-05 20:31:00+00:00,67.2591,67.2599,67.23,67.25,44575.0,152.0,67.247337
SQQQ,2026-01-05 20:32:00+00:00,67.26,67.28,67.255,67.26,23750.0,91.0,67.263431
SQQQ,2026-01-05 20:33:00+00:00,67.2693,67.3356,67.265,67.33,63793.0,223.0,67.290616
SQQQ,2026-01-05 20:34:00+00:00,67.33,67.35,67.3001,67.3001,28203.0,123.0,67.334247
SQQQ,2026-01-05 20:35:00+00:00,67.3,67.3,67.26,67.26,20983.0,111.0,67.2802
SQQQ,2026-01-05 20:36:00+00:00,67.26,67.2699,67.25,67.2545,23676.0,96.0,67.256661
SQQQ,2026-01-05 20:37:00+00:00,67.26,67.2755,67.26,67.27,13240.0,68.0,67.269626
SQQQ,2026-01-05 20:38:00+00:00,67.26,67.28,67.25,67.25,29220.0,120.0,67.263674
SQQQ,2026-01-05 20:39:00+00:00,67.25,67.275,67.245,67.27,25217.0,96.0,67.260583
SQQQ,2026-01-05 20:40:00+00:00,67.27,67.32,67.265,67.2877,26900.0,126.0,67.292491
SQQQ,2026-01-05 20:41:00+00:00,67.29,67.295,67.2697,67.2911,42318.0,137.0,67.280455
SQQQ,2026-01-05 20:42:00+00:00,67.296,67.296,67.2534,67.275,14542.0,75.0,67.275109
SQQQ,2026-01-05 20:43:00+00:00,67.285,67.3,67.265,67.265,19331.0,74.0,67.288658
SQQQ,2026-01-05 20:44:00+00:00,67.265,67.28,67.255,67.275,21574.0,138.0,67.262804
SQQQ,2026-01-05 20:45:00+00:00,67.28,67.28,67.17,67.175,69296.0,466.0,67.227601
SQQQ,2026-01-05 20:46:00+00:00,67.17,67.22,67.165,67.2136,63145.0,266.0,67.192054
SQQQ,2026-01-05 20:47:00+00:00,67.23,67.23,67.18,67.195,98037.0,289.0,67.195443
SQQQ,2026-01-05 20:48:00+00:00,67.2,67.22,67.19,67.2,46788.0,208.0,67.207479
SQQQ,2026-01-05 20:49:00+00:00,67.21,67.22,67.2,67.205,71082.0,169.0,67.202726
SQQQ,2026-01-05 20:50:00+00:00,67.2,67.265,67.18,67.2501,133597.0,655.0,67.229721
SQQQ,2026-01-05 20:51:00+00:00,67.255,67.31,67.2444,67.3,60066.0,352.0,67.273144
SQQQ,2026-01-05 20:52:00+00:00,67.305,67.355,67.305,67.34,147897.0,835.0,67.326279
SQQQ,2026-01-05 20:53:00+00:00,67.345,67.4,67.3112,67.395,69226.0,551.0,67.350968
SQQQ,2026-01-05 20:54:00+00:00,67.39,67.505,67.385,67.4991,189614.0,909.0,67.439886
SQQQ,2026-01-05 20:55:00+00:00,67.5,67.52,67.46,67.52,148081.0,766.0,67.487136
SQQQ,2026-01-05 20:56:00+00:00,67.5199,67.53,67.46,67.48,74773.0,377.0,67.498802
SQQQ,2026-01-05 20:57:00+00:00,67.48,67.5,67.4098,67.4149,107730.0,538.0,67.445843
SQQQ,2026-01-05 20:58:00+00:00,67.415,67.4783,67.415,67.435,97156.0,435.0,67.45426
SQQQ,2026-01-05 20:59:00+00:00,67.43,67.5267,67.355,67.375,330202.0,1381.0,67.430398
SQQQ,2026-01-05 21:00:00+00:00,67.36,67.4701,67.36,67.44,80227.0,159.0,67.375869
SQQQ,2026-01-05 21:01:00+00:00,67.45,67.45,67.4,67.4,2829.0,34.0,67.428426
SQQQ,2026-01-05 21:02:00+00:00,67.39,67.43,67.37,67.3701,12449.0,112.0,67.402419
SQQQ,2026-01-05 21:03:00+00:00,67.37,67.4,67.37,67.39,6169.0,39.0,67.383043
SQQQ,2026-01-05 21:04:00+00:00,67.3991,67.3991,67.35,67.35,4295.0,43.0,67.370925
SQQQ,2026-01-05 21:05:00+00:00,67.36,67.37,67.35,67.37,4696.0,34.0,67.366278
SQQQ,2026-01-05 21:06:00+00:00,67.38,67.391,67.38,67.391,5453.0,13.0,67.385787
SQQQ,2026-01-05 21:07:00+00:00,67.38,67.39,67.37,67.39,2162.0,23.0,67.38753
SQQQ,2026-01-05 21:08:00+00:00,67.3916,67.4097,67.38,67.4,4148.0,59.0,67.394716
SQQQ,2026-01-05 21:09:00+00:00,67.39,67.3984,67.39,67.39,1410.0,20.0,67.391322
SQQQ,2026-01-05 21:10:00+00:00,67.4,67.42,67.39,67.42,4509.0,32.0,67.398146
SQQQ,2026-01-05 21:11:00+00:00,67.44,67.45,67.44,67.44,3715.0,65.0,67.443174
SQQQ,2026-01-05 21:12:00+00:00,67.4497,67.4602,67.4497,67.46,14632.0,57.0,67.459797
SQQQ,2026-01-05 21:13:00+00:00,67.45,67.4518,67.4492,67.4503,3186.0,11.0,67.450667
SQQQ,2026-01-05 21:14:00+00:00,67.4492,67.4492,67.4101,67.412,4277.0,30.0,67.431583
SQQQ,2026-01-05 21:15:00+00:00,67.4398,67.45,67.4398,67.45,935.0,19.0,67.441103
SQQQ,2026-01-05 21:17:00+00:00,67.4199,67.4199,67.4199,67.4199,840.0,8.0,67.4199
SQQQ,2026-01-05 21:18:00+00:00,67.3994,67.3994,67.3994,67.3994,240.0,6.0,67.3994
SQQQ,2026-01-05 21:19:00+00:00,67.4,67.41,67.4,67.41,1642.0,8.0,67.409112
SQQQ,2026-01-05 21:20:00+00:00,67.41,67.4107,67.41,67.4107,567.0,6.0,67.410253
SQQQ,2026-01-05 21:21:00+00:00,67.41,67.41,67.3902,67.3902,2002.0,22.0,67.406375
SQQQ,2026-01-05 21:22:00+00:00,67.4001,67.4024,67.4,67.4,4737.0,12.0,67.400348
SQQQ,2026-01-05 21:23:00+00:00,67.41,67.41,67.38,67.38,4023.0,36.0,67.400098
SQQQ,2026-01-05 21:25:00+00:00,67.37,67.37,67.36,67.36,1618.0,12.0,67.366849
SQQQ,2026-01-05 21:26:00+00:00,67.3798,67.3798,67.3602,67.3602,2417.0,9.0,67.362703
SQQQ,2026-01-05 21:28:00+00:00,67.3706,67.3706,67.3706,67.3706,341.0,5.0,67.3706
SQQQ,2026-01-05 21:29:00+00:00,67.39,67.39,67.39,67.39,2054.0,6.0,67.39
SQQQ,2026-01-05 21:30:00+00:00,67.37,67.3802,67.37,67.3702,455.0,7.0,67.372625
SQQQ,2026-01-05 21:31:00+00:00,67.39,67.39,67.39,67.39,2394.0,9.0,67.39
SQQQ,2026-01-05 21:32:00+00:00,67.3894,67.39,67.3894,67.39,368.0,4.0,67.389715
SQQQ,2026-01-05 21:33:00+00:00,67.38,67.38,67.3696,67.3696,3317.0,6.0,67.37935
SQQQ,2026-01-05 21:34:00+00:00,67.37,67.38,67.3692,67.3717,1195.0,6.0,67.37246
SQQQ,2026-01-05 21:36:00+00:00,67.37,67.37,67.36,67.36,5925.0,9.0,67.360171
SQQQ,2026-01-05 21:37:00+00:00,67.3516,67.3684,67.3516,67.3684,1664.0,8.0,67.361844
SQQQ,2026-01-05 21:38:00+00:00,67.3802,67.3802,67.3802,67.3802,311.0,4.0,67.3802
SQQQ,2026-01-05 21:39:00+00:00,67.38,67.38,67.37,67.37,248.0,7.0,67.375
SQQQ,2026-01-05 21:40:00+00:00,67.39,67.39,67.38,67.38,1276.0,12.0,67.38081
SQQQ,2026-01-05 21:41:00+00:00,67.39,67.39,67.39,67.39,103.0,3.0,67.39
SQQQ,2026-01-05 21:42:00+00:00,67.39,67.3901,67.38,67.38,1582.0,13.0,67.387063
SQQQ,2026-01-05 21:43:00+00:00,67.41,67.43,67.41,67.43,836.0,24.0,67.416723
SQQQ,2026-01-05 21:44:00+00:00,67.42,67.43,67.42,67.43,7969.0,38.0,67.429364
SQQQ,2026-01-05 21:46:00+00:00,67.4194,67.4194,67.4194,67.4194,153.0,3.0,67.4194
SQQQ,2026-01-05 21:47:00+00:00,67.43,67.43,67.43,67.43,420.0,4.0,67.43
SQQQ,2026-01-05 21:48:00+00:00,67.4302,67.431,67.4302,67.431,695.0,4.0,67.430333
SQQQ,2026-01-05 21:49:00+00:00,67.43,67.43,67.4287,67.4297,1328.0,7.0,67.429642
SQQQ,2026-01-05 21:50:00+00:00,67.4,67.41,67.4,67.41,429.0,6.0,67.406259
SQQQ,2026-01-05 21:52:00+00:00,67.42,67.4223,67.42,67.4223,478.0,6.0,67.42115
SQQQ,2026-01-05 21:54:00+00:00,67.42,67.42,67.42,67.42,1158.0,13.0,67.42
SQQQ,2026-01-05 21:55:00+00:00,67.4,67.4101,67.4,67.41,3495.0,50.0,67.406068
SQQQ,2026-01-05 21:56:00+00:00,67.39,67.41,67.39,67.41,1182.0,15.0,67.40055
SQQQ,2026-01-05 21:57:00+00:00,67.42,67.43,67.42,67.43,1201.0,15.0,67.429091
SQQQ,2026-01-05 21:58:00+00:00,67.42,67.43,67.42,67.43,2450.0,11.0,67.427826
SQQQ,2026-01-05 21:59:00+00:00,67.44,67.44,67.44,67.44,836.0,10.0,67.44
SQQQ,2026-01-05 22:00:00+00:00,67.41,67.43,67.41,67.42,1534.0,18.0,67.415329
SQQQ,2026-01-05 22:01:00+00:00,67.39,67.4,67.39,67.39,3659.0,35.0,67.394268
SQQQ,2026-01-05 22:02:00+00:00,67.4,67.4,67.4,67.4,109.0,2.0,67.4
SQQQ,2026-01-05 22:03:00+00:00,67.41,67.41,67.41,67.41,115.0,3.0,67.41
SQQQ,2026-01-05 22:04:00+00:00,67.4,67.41,67.4,67.41,2503.0,6.0,67.408
SQQQ,2026-01-05 22:05:00+00:00,67.43,67.45,67.43,67.4492,2985.0,32.0,67.442047
SQQQ,2026-01-05 22:06:00+00:00,67.43,67.45,67.43,67.45,1416.0,8.0,67.448462
SQQQ,2026-01-05 22:10:00+00:00,67.43,67.43,67.43,67.43,4310.0,5.0,67.43
SQQQ,2026-01-05 22:11:00+00:00,67.41,67.41,67.41,67.41,487.0,3.0,67.41
SQQQ,2026-01-05 22:12:00+00:00,67.4,67.4,67.4,67.4,868.0,5.0,67.4
SQQQ,2026-01-05 22:13:00+00:00,67.39,67.39,67.38,67.38,3523.0,11.0,67.382865
SQQQ,2026-01-05 22:14:00+00:00,67.37,67.37,67.24,67.33,20317.0,117.0,67.321685
SQQQ,2026-01-05 22:16:00+00:00,67.38,67.38,67.38,67.38,358.0,37.0,67.38
SQQQ,2026-01-05 22:18:00+00:00,67.38,67.38,67.36,67.36,1541.0,18.0,67.361362
SQQQ,2026-01-05 22:22:00+00:00,67.38,67.39,67.38,67.39,483.0,14.0,67.386373
SQQQ,2026-01-05 22:24:00+00:00,67.4168,67.4168,67.4168,67.4168,241.0,8.0,67.4168
SQQQ,2026-01-05 22:28:00+00:00,67.41,67.41,67.41,67.41,1012.0,4.0,67.41
SQQQ,2026-01-05 22:29:00+00:00,67.42,67.42,67.42,67.42,218.0,4.0,67.42
SQQQ,2026-01-05 22:30:00+00:00,67.42,67.42,67.42,67.42,153.0,2.0,67.42
SQQQ,2026-01-05 22:32:00+00:00,67.41,67.41,67.41,67.41,853.0,6.0,67.41
SQQQ,2026-01-05 22:36:00+00:00,67.4,67.4,67.4,67.4,206.0,7.0,67.4
SQQQ,2026-01-05 22:37:00+00:00,67.41,67.41,67.41,67.41,102.0,2.0,67.41
SQQQ,2026-01-05 22:39:00+00:00,67.41,67.41,67.41,67.41,10111.0,5.0,67.41
SQQQ,2026-01-05 22:40:00+00:00,67.4,67.41,67.4,67.41,414.0,7.0,67.404286
SQQQ,2026-01-05 22:41:00+00:00,67.41,67.45,67.41,67.44,1795.0,17.0,67.43587
SQQQ,2026-01-05 22:42:00+00:00,67.43,67.43,67.43,67.43,117.0,4.0,67.43
SQQQ,2026-01-05 22:43:00+00:00,67.43,67.43,67.43,67.43,473.0,4.0,67.43
SQQQ,2026-01-05 22:44:00+00:00,67.4,67.4,67.4,67.4,343.0,2.0,67.4
SQQQ,2026-01-05 22:45:00+00:00,67.4,67.4,67.39,67.4,10190.0,9.0,67.399607
SQQQ,2026-01-05 22:46:00+00:00,67.3834,67.3834,67.3834,67.3834,181.0,4.0,67.3834
SQQQ,2026-01-05 22:47:00+00:00,67.42,67.42,67.42,67.42,187.0,4.0,67.42
SQQQ,2026-01-05 22:48:00+00:00,67.45,67.46,67.45,67.46,14414.0,18.0,67.450563
SQQQ,2026-01-05 22:49:00+00:00,67.4317,67.4317,67.39,67.39,2100.0,3.0,67.428905
SQQQ,2026-01-05 22:56:00+00:00,67.4,67.4,67.4,67.4,107.0,2.0,67.4
SQQQ,2026-01-05 22:57:00+00:00,67.4,67.4,67.4,67.4,116.0,2.0,67.4
SQQQ,2026-01-05 22:58:00+00:00,67.417,67.417,67.417,67.417,166.0,9.0,67.417
SQQQ,2026-01-05 23:00:00+00:00,67.39,67.39,67.39,67.39,1468.0,19.0,67.39
SQQQ,2026-01-05 23:03:00+00:00,67.3848,67.3848,67.3848,67.3848,105.0,4.0,67.3848
SQQQ,2026-01-05 23:04:00+00:00,67.32,67.32,67.32,67.32,3044.0,6.0,67.32
SQQQ,2026-01-05 23:06:00+00:00,67.32,67.3268,67.32,67.32,4290.0,11.0,67.321619
SQQQ,2026-01-05 23:07:00+00:00,67.32,67.32,67.32,67.32,1050.0,2.0,67.32
SQQQ,2026-01-05 23:08:00+00:00,67.33,67.33,67.33,67.33,107.0,2.0,67.33
SQQQ,2026-01-05 23:09:00+00:00,67.35,67.35,67.35,67.35,310.0,9.0,67.35
SQQQ,2026-01-05 23:10:00+00:00,67.33,67.34,67.3,67.3,6134.0,17.0,67.333932
SQQQ,2026-01-05 23:11:00+00:00,67.33,67.33,67.33,67.33,1232.0,4.0,67.33
SQQQ,2026-01-05 23:13:00+00:00,67.33,67.33,67.33,67.33,301.0,2.0,67.33
SQQQ,2026-01-05 23:14:00+00:00,67.37,67.37,67.37,67.37,120.0,3.0,67.37
SQQQ,2026-01-05 23:15:00+00:00,67.36,67.36,67.36,67.36,704.0,3.0,67.36
SQQQ,2026-01-05 23:17:00+00:00,67.3834,67.4105,67.3834,67.4105,1075.0,7.0,67.39861
SQQQ,2026-01-05 23:18:00+00:00,67.43,67.43,67.43,67.43,680.0,2.0,67.43
SQQQ,2026-01-05 23:19:00+00:00,67.4,67.41,67.4,67.41,351.0,3.0,67.404286
SQQQ,2026-01-05 23:22:00+00:00,67.39,67.39,67.3897,67.3897,1275.0,3.0,67.389755
SQQQ,2026-01-05 23:23:00+00:00,67.39,67.39,67.39,67.39,8020.0,7.0,67.39
SQQQ,2026-01-05 23:24:00+00:00,67.4055,67.4055,67.4055,67.4055,100.0,1.0,67.4055
SQQQ,2026-01-05 23:25:00+00:00,67.38,67.38,67.36,67.36,10782.0,13.0,67.363178
SQQQ,2026-01-05 23:26:00+00:00,67.337,67.36,67.337,67.3404,1655.0,6.0,67.34125
SQQQ,2026-01-05 23:27:00+00:00,67.36,67.36,67.36,67.36,100.0,1.0,67.36
SQQQ,2026-01-05 23:28:00+00:00,67.38,67.38,67.38,67.38,483.0,2.0,67.38
SQQQ,2026-01-05 23:30:00+00:00,67.38,67.45,67.38,67.45,4973.0,36.0,67.406124
SQQQ,2026-01-05 23:31:00+00:00,67.5,67.5,67.49,67.4904,923.0,7.0,67.492225
SQQQ,2026-01-05 23:33:00+00:00,67.49,67.5,67.48,67.5,10677.0,25.0,67.496215
SQQQ,2026-01-05 23:34:00+00:00,67.5,67.5,67.4993,67.5,2836.0,12.0,67.499855
SQQQ,2026-01-05 23:35:00+00:00,67.51,67.519,67.4972,67.4972,3434.0,18.0,67.508981
SQQQ,2026-01-05 23:36:00+00:00,67.4968,67.4968,67.4968,67.4968,501.0,2.0,67.4968
SQQQ,2026-01-05 23:37:00+00:00,67.4654,67.4654,67.4654,67.4654,514.0,7.0,67.4654
SQQQ,2026-01-05 23:39:00+00:00,67.47,67.47,67.47,67.47,430.0,9.0,67.47
SQQQ,2026-01-05 23:40:00+00:00,67.49,67.49,67.49,67.49,471.0,4.0,67.49
SQQQ,2026-01-05 23:41:00+00:00,67.5,67.5,67.5,67.5,3189.0,6.0,67.5
SQQQ,2026-01-05 23:42:00+00:00,67.5,67.5,67.5,67.5,1030.0,3.0,67.5
SQQQ,2026-01-05 23:46:00+00:00,67.5073,67.5073,67.5073,67.5073,565.0,3.0,67.5073
SQQQ,2026-01-05 23:47:00+00:00,67.51,67.51,67.5,67.5,3208.0,9.0,67.507785
SQQQ,2026-01-05 23:48:00+00:00,67.489,67.49,67.489,67.49,721.0,5.0,67.489403
SQQQ,2026-01-05 23:49:00+00:00,67.49,67.5268,67.49,67.5268,1078.0,10.0,67.508227
SQQQ,2026-01-05 23:50:00+00:00,67.53,67.5505,67.53,67.5505,1497.0,22.0,67.534512
SQQQ,2026-01-05 23:51:00+00:00,67.54,67.5501,67.5399,67.5501,1342.0,16.0,67.545045
SQQQ,2026-01-05 23:52:00+00:00,67.55,67.57,67.55,67.57,2485.0,15.0,67.564779
SQQQ,2026-01-05 23:53:00+00:00,67.55,67.57,67.55,67.56,13200.0,34.0,67.568634
SQQQ,2026-01-05 23:55:00+00:00,67.55,67.55,67.55,67.55,313.0,5.0,67.55
SQQQ,2026-01-05 23:56:00+00:00,67.52,67.52,67.52,67.52,381.0,2.0,67.52
SQQQ,2026-01-05 23:57:00+00:00,67.54,67.5402,67.5205,67.5392,13750.0,14.0,67.538542
SQQQ,2026-01-05 23:58:00+00:00,67.55,67.55,67.55,67.55,152.0,2.0,67.55
SQQQ,2026-01-06 00:00:00+00:00,67.52,67.52,67.52,67.52,200.0,1.0,67.52
SQQQ,2026-01-06 00:01:00+00:00,67.5,67.5,67.49,67.49,2480.0,15.0,67.499169
SQQQ,2026-01-06 00:03:00+00:00,67.47,67.47,67.47,67.47,5020.0,5.0,67.47
SQQQ,2026-01-06 00:04:00+00:00,67.46,67.46,67.45,67.45,3524.0,35.0,67.452857
SQQQ,2026-01-06 00:05:00+00:00,67.45,67.45,67.45,67.45,571.0,5.0,67.45
SQQQ,2026-01-06 00:06:00+00:00,67.44,67.44,67.44,67.44,117.0,5.0,67.44
SQQQ,2026-01-06 00:07:00+00:00,67.5,67.51,67.5,67.51,2835.0,13.0,67.502535
SQQQ,2026-01-06 00:09:00+00:00,67.53,67.531,67.53,67.53,5040.0,14.0,67.53082
SQQQ,2026-01-06 00:10:00+00:00,67.54,67.54,67.54,67.54,561.0,4.0,67.54
SQQQ,2026-01-06 00:11:00+00:00,67.5501,67.5501,67.55,67.55,1000.0,4.0,67.55001
SQQQ,2026-01-06 00:12:00+00:00,67.58,67.5912,67.57,67.57,1945.0,19.0,67.584335
SQQQ,2026-01-06 00:13:00+00:00,67.5702,67.5998,67.5702,67.5998,840.0,8.0,67.590415
SQQQ,2026-01-06 00:14:00+00:00,67.59,67.6,67.59,67.6,10459.0,30.0,67.599565
SQQQ,2026-01-06 00:15:00+00:00,67.6099,67.6102,67.5932,67.6102,2273.0,9.0,67.60604
SQQQ,2026-01-06 00:16:00+00:00,67.6,67.61,67.6,67.61,1673.0,8.0,67.606662
SQQQ,2026-01-06 00:17:00+00:00,67.599,67.599,67.599,67.599,2000.0,1.0,67.599
SQQQ,2026-01-06 00:18:00+00:00,67.58,67.58,67.58,67.58,702.0,10.0,67.58
SQQQ,2026-01-06 00:19:00+00:00,67.5914,67.5914,67.58,67.58,453.0,8.0,67.582992
SQQQ,2026-01-06 00:21:00+00:00,67.5594,67.5594,67.519,67.519,1945.0,6.0,67.540049
SQQQ,2026-01-06 00:22:00+00:00,67.501,67.5193,67.5,67.5,1474.0,7.0,67.510727
SQQQ,2026-01-06 00:23:00+00:00,67.4901,67.4901,67.4901,67.4901,280.0,5.0,67.4901
SQQQ,2026-01-06 00:24:00+00:00,67.5,67.5198,67.5,67.5198,3872.0,6.0,67.501226
SQQQ,2026-01-06 00:25:00+00:00,67.5282,67.53,67.5282,67.5282,900.0,5.0,67.529522
SQQQ,2026-01-06 00:26:00+00:00,67.5499,67.5499,67.5499,67.5499,106.0,2.0,67.5499
SQQQ,2026-01-06 00:27:00+00:00,67.52,67.52,67.52,67.52,337.0,4.0,67.52
SQQQ,2026-01-06 00:28:00+00:00,67.51,67.5101,67.51,67.5101,480.0,3.0,67.510065
SQQQ,2026-01-06 00:30:00+00:00,67.48,67.4925,67.48,67.4925,3135.0,17.0,67.480431
SQQQ,2026-01-06 00:31:00+00:00,67.5,67.5,67.5,67.5,280.0,3.0,67.5
SQQQ,2026-01-06 00:32:00+00:00,67.5,67.52,67.5,67.52,11813.0,19.0,67.501388
SQQQ,2026-01-06 00:35:00+00:00,67.5407,67.5502,67.5407,67.5502,1744.0,10.0,67.549465
SQQQ,2026-01-06 00:36:00+00:00,67.57,67.61,67.57,67.6,9530.0,25.0,67.591016
SQQQ,2026-01-06 00:37:00+00:00,67.6,67.62,67.6,67.62,2705.0,21.0,67.615049
SQQQ,2026-01-06 00:38:00+00:00,67.6103,67.6103,67.5825,67.5932,665.0,5.0,67.595333
SQQQ,2026-01-06 00:39:00+00:00,67.6092,67.61,67.609,67.61,1878.0,13.0,67.609858
SQQQ,2026-01-06 00:40:00+00:00,67.6001,67.6002,67.6001,67.6002,493.0,3.0,67.60018
SQQQ,2026-01-06 00:41:00+00:00,67.6,67.6,67.6,67.6,712.0,3.0,67.6
SQQQ,2026-01-06 00:42:00+00:00,67.61,67.63,67.61,67.63,1626.0,11.0,67.618274
SQQQ,2026-01-06 00:43:00+00:00,67.62,67.62,67.61,67.61,307.0,6.0,67.615
SQQQ,2026-01-06 00:45:00+00:00,67.59,67.59,67.58,67.58,507.0,7.0,67.585051
SQQQ,2026-01-06 00:46:00+00:00,67.57,67.57,67.57,67.57,158.0,4.0,67.57
SQQQ,2026-01-06 00:47:00+00:00,67.5696,67.58,67.5696,67.58,710.0,5.0,67.578514
SQQQ,2026-01-06 00:48:00+00:00,67.579,67.579,67.579,67.579,175.0,3.0,67.579
SQQQ,2026-01-06 00:49:00+00:00,67.5703,67.5703,67.5703,67.5703,241.0,1.0,67.5703
SQQQ,2026-01-06 00:51:00+00:00,67.58,67.59,67.58,67.59,1934.0,12.0,67.580829
SQQQ,2026-01-06 00:52:00+00:00,67.58,67.5889,67.58,67.5889,536.0,6.0,67.58534
SQQQ,2026-01-06 00:53:00+00:00,67.57,67.57,67.57,67.57,1620.0,7.0,67.57
SQQQ,2026-01-06 00:54:00+00:00,67.5768,67.5768,67.52,67.5332,9201.0,41.0,67.547258
SQQQ,2026-01-06 00:55:00+00:00,67.55,67.55,67.55,67.55,1372.0,7.0,67.55
SQQQ,2026-01-06 00:56:00+00:00,67.55,67.56,67.55,67.56,784.0,10.0,67.557059
SQQQ,2026-01-06 00:57:00+00:00,67.57,67.58,67.57,67.58,1261.0,6.0,67.575871
SQQQ,2026-01-06 00:58:00+00:00,67.56,67.56,67.5302,67.5302,4952.0,13.0,67.55366
SQQQ,2026-01-06 00:59:00+00:00,67.5307,67.55,67.5307,67.55,2769.0,9.0,67.540084
SQQQ,2026-01-06 09:00:00+00:00,67.49,67.52,67.45,67.49,4570.0,62.0,67.487014
SQQQ,2026-01-06 09:01:00+00:00,67.47,67.53,67.45,67.53,3463.0,42.0,67.468103
SQQQ,2026-01-06 09:02:00+00:00,67.56,67.56,67.49,67.51,2933.0,33.0,67.517014
SQQQ,2026-01-06 09:03:00+00:00,67.52,67.53,67.52,67.53,907.0,11.0,67.522837
SQQQ,2026-01-06 09:04:00+00:00,67.5,67.5,67.48,67.48,582.0,8.0,67.485941
SQQQ,2026-01-06 09:05:00+00:00,67.48,67.49,67.48,67.49,2213.0,31.0,67.484424
SQQQ,2026-01-06 09:06:00+00:00,67.5,67.52,67.45,67.45,1300.0,21.0,67.488941
SQQQ,2026-01-06 09:07:00+00:00,67.46,67.52,67.46,67.52,3922.0,29.0,67.49867
SQQQ,2026-01-06 09:08:00+00:00,67.53,67.6,67.53,67.58,1108.0,21.0,67.584444
SQQQ,2026-01-06 09:09:00+00:00,67.6,67.6,67.52,67.52,1382.0,23.0,67.56012
SQQQ,2026-01-06 09:10:00+00:00,67.48,67.48,67.46,67.47,1059.0,14.0,67.469963
SQQQ,2026-01-06 09:11:00+00:00,67.48,67.48,67.45,67.45,1355.0,14.0,67.458971
SQQQ,2026-01-06 09:12:00+00:00,67.45,67.45,67.43,67.43,4454.0,40.0,67.445274
SQQQ,2026-01-06 09:13:00+00:00,67.44,67.44,67.44,67.44,546.0,8.0,67.44
SQQQ,2026-01-06 09:14:00+00:00,67.42,67.43,67.42,67.43,522.0,5.0,67.422
SQQQ,2026-01-06 09:16:00+00:00,67.41,67.41,67.4,67.4,1746.0,25.0,67.4079
SQQQ,2026-01-06 09:17:00+00:00,67.38,67.4,67.38,67.4,1479.0,11.0,67.389818
SQQQ,2026-01-06 09:18:00+00:00,67.43,67.48,67.43,67.48,1108.0,18.0,67.463586
SQQQ,2026-01-06 09:19:00+00:00,67.5,67.5,67.47,67.47,1504.0,19.0,67.484545
SQQQ,2026-01-06 09:20:00+00:00,67.46,67.48,67.46,67.48,2265.0,27.0,67.471667
SQQQ,2026-01-06 09:21:00+00:00,67.49,67.49,67.48,67.48,997.0,9.0,67.482307
SQQQ,2026-01-06 09:23:00+00:00,67.52,67.57,67.5,67.53,4050.0,40.0,67.553469
SQQQ,2026-01-06 09:24:00+00:00,67.49,67.49,67.49,67.49,203.0,2.0,67.49
SQQQ,2026-01-06 09:25:00+00:00,67.51,67.51,67.49,67.49,586.0,8.0,67.495
SQQQ,2026-01-06 09:26:00+00:00,67.5,67.5,67.48,67.48,720.0,5.0,67.491408
SQQQ,2026-01-06 09:27:00+00:00,67.51,67.53,67.51,67.52,1328.0,13.0,67.523333
SQQQ,2026-01-06 09:28:00+00:00,67.53,67.54,67.52,67.52,1014.0,11.0,67.528771
SQQQ,2026-01-06 09:29:00+00:00,67.52,67.52,67.52,67.52,601.0,6.0,67.52
SQQQ,2026-01-06 09:30:00+00:00,67.51,67.51,67.46,67.46,1380.0,14.0,67.49229
SQQQ,2026-01-06 09:31:00+00:00,67.49,67.49,67.49,67.49,335.0,7.0,67.49
SQQQ,2026-01-06 09:32:00+00:00,67.51,67.51,67.51,67.51,855.0,7.0,67.51
SQQQ,2026-01-06 09:34:00+00:00,67.53,67.53,67.53,67.53,285.0,3.0,67.53
SQQQ,2026-01-06 09:35:00+00:00,67.5,67.5,67.45,67.45,2554.0,27.0,67.494786
SQQQ,2026-01-06 09:36:00+00:00,67.45,67.46,67.45,67.45,723.0,13.0,67.454
SQQQ,2026-01-06 09:37:00+00:00,67.42,67.42,67.42,67.42,827.0,10.0,67.42
SQQQ,2026-01-06 09:38:00+00:00,67.45,67.47,67.45,67.45,1994.0,15.0,67.452651
SQQQ,2026-01-06 09:39:00+00:00,67.43,67.43,67.43,67.43,403.0,14.0,67.43
SQQQ,2026-01-06 09:40:00+00:00,67.42,67.42,67.38,67.39,1506.0,33.0,67.394615
SQQQ,2026-01-06 09:41:00+00:00,67.37,67.39,67.37,67.39,787.0,13.0,67.374024
SQQQ,2026-01-06 09:42:00+00:00,67.4,67.4,67.4,67.4,219.0,3.0,67.4
SQQQ,2026-01-06 09:43:00+00:00,67.41,67.41,67.4,67.4,819.0,9.0,67.40125
SQQQ,2026-01-06 09:44:00+00:00,67.37,67.37,67.35,67.35,669.0,13.0,67.365
SQQQ,2026-01-06 09:45:00+00:00,67.37,67.38,67.37,67.38,926.0,7.0,67.377516
SQQQ,2026-01-06 09:47:00+00:00,67.4,67.4,67.4,67.4,215.0,7.0,67.4
SQQQ,2026-01-06 09:48:00+00:00,67.4,67.4,67.37,67.37,1634.0,19.0,67.376724
SQQQ,2026-01-06 09:49:00+00:00,67.36,67.36,67.36,67.36,568.0,11.0,67.36
SQQQ,2026-01-06 09:50:00+00:00,67.41,67.41,67.4,67.4,809.0,7.0,67.404708
SQQQ,2026-01-06 09:51:00+00:00,67.38,67.38,67.37,67.37,588.0,11.0,67.3775
SQQQ,2026-01-06 09:52:00+00:00,67.38,67.38,67.38,67.38,210.0,4.0,67.38
SQQQ,2026-01-06 09:53:00+00:00,67.38,67.38,67.38,67.38,733.0,6.0,67.38
SQQQ,2026-01-06 09:54:00+00:00,67.35,67.37,67.21,67.32,24738.0,258.0,67.290305
SQQQ,2026-01-06 09:55:00+00:00,67.29,67.3,67.28,67.29,2444.0,27.0,67.291032
SQQQ,2026-01-06 09:56:00+00:00,67.29,67.33,67.29,67.33,1192.0,19.0,67.307305
SQQQ,2026-01-06 09:57:00+00:00,67.38,67.38,67.37,67.37,408.0,8.0,67.373333
SQQQ,2026-01-06 09:58:00+00:00,67.37,67.37,67.35,67.36,2083.0,38.0,67.364693
SQQQ,2026-01-06 09:59:00+00:00,67.36,67.38,67.34,67.38,1506.0,15.0,67.354338
SQQQ,2026-01-06 10:01:00+00:00,67.38,67.38,67.38,67.38,210.0,4.0,67.38
SQQQ,2026-01-06 10:03:00+00:00,67.4,67.4,67.4,67.4,275.0,10.0,67.4
SQQQ,2026-01-06 10:04:00+00:00,67.4,67.4,67.4,67.4,427.0,10.0,67.4
SQQQ,2026-01-06 10:05:00+00:00,67.45,67.45,67.44,67.44,513.0,9.0,67.44396
SQQQ,2026-01-06 10:06:00+00:00,67.37,67.37,67.37,67.37,272.0,7.0,67.37
SQQQ,2026-01-06 10:07:00+00:00,67.38,67.38,67.38,67.38,175.0,2.0,67.38
SQQQ,2026-01-06 10:09:00+00:00,67.41,67.41,67.41,67.41,505.0,9.0,67.41
SQQQ,2026-01-06 10:10:00+00:00,67.38,67.38,67.38,67.38,853.0,12.0,67.38
SQQQ,2026-01-06 10:12:00+00:00,67.37,67.37,67.37,67.37,1716.0,19.0,67.37
SQQQ,2026-01-06 10:13:00+00:00,67.42,67.42,67.42,67.42,390.0,6.0,67.42
SQQQ,2026-01-06 10:14:00+00:00,67.41,67.43,67.41,67.42,675.0,10.0,67.424059
SQQQ,2026-01-06 10:16:00+00:00,67.42,67.42,67.42,67.42,335.0,8.0,67.42
SQQQ,2026-01-06 10:17:00+00:00,67.42,67.42,67.42,67.42,193.0,7.0,67.42
SQQQ,2026-01-06 10:19:00+00:00,67.43,67.43,67.43,67.43,252.0,4.0,67.43
SQQQ,2026-01-06 10:20:00+00:00,67.45,67.47,67.45,67.47,1916.0,36.0,67.451887
SQQQ,2026-01-06 10:21:00+00:00,67.46,67.46,67.46,67.46,1193.0,21.0,67.46
SQQQ,2026-01-06 10:22:00+00:00,67.48,67.49,67.48,67.48,1693.0,30.0,67.48119
SQQQ,2026-01-06 10:23:00+00:00,67.48,67.49,67.47,67.47,2095.0,37.0,67.47724
SQQQ,2026-01-06 10:24:00+00:00,67.45,67.45,67.44,67.44,1324.0,26.0,67.441053
SQQQ,2026-01-06 10:26:00+00:00,67.41,67.43,67.41,67.43,1862.0,35.0,67.417557
SQQQ,2026-01-06 10:27:00+00:00,67.42,67.42,67.42,67.42,336.0,7.0,67.42
SQQQ,2026-01-06 10:31:00+00:00,67.41,67.41,67.39,67.4,1010.0,14.0,67.39916
SQQQ,2026-01-06 10:32:00+00:00,67.43,67.43,67.43,67.43,475.0,9.0,67.43
SQQQ,2026-01-06 10:34:00+00:00,67.4,67.4,67.4,67.4,149.0,4.0,67.4
SQQQ,2026-01-06 10:44:00+00:00,67.35,67.35,67.34,67.34,1251.0,18.0,67.343842
SQQQ,2026-01-06 10:46:00+00:00,67.34,67.34,67.33,67.33,529.0,8.0,67.333724
SQQQ,2026-01-06 10:49:00+00:00,67.31,67.34,67.31,67.34,1972.0,24.0,67.337452
SQQQ,2026-01-06 10:51:00+00:00,67.38,67.38,67.38,67.38,1510.0,4.0,67.38
SQQQ,2026-01-06 10:53:00+00:00,67.32,67.32,67.31,67.31,437.0,11.0,67.313333
SQQQ,2026-01-06 10:54:00+00:00,67.3,67.3,67.29,67.29,2195.0,18.0,67.293144
SQQQ,2026-01-06 10:56:00+00:00,67.3,67.32,67.3,67.32,344.0,8.0,67.31
SQQQ,2026-01-06 10:57:00+00:00,67.3,67.3,67.3,67.3,510.0,9.0,67.3
SQQQ,2026-01-06 10:58:00+00:00,67.3,67.32,67.3,67.32,345.0,5.0,67.306098
SQQQ,2026-01-06 11:01:00+00:00,67.32,67.32,67.3,67.3,349.0,13.0,67.31
SQQQ,2026-01-06 11:03:00+00:00,67.27,67.27,67.27,67.27,197.0,6.0,67.27
SQQQ,2026-01-06 11:04:00+00:00,67.27,67.27,67.27,67.27,210.0,6.0,67.27
SQQQ,2026-01-06 11:05:00+00:00,67.28,67.28,67.27,67.27,890.0,24.0,67.275
SQQQ,2026-01-06 11:12:00+00:00,67.24,67.25,67.24,67.25,974.0,16.0,67.247236
SQQQ,2026-01-06 11:14:00+00:00,67.27,67.27,67.27,67.27,160.0,3.0,67.27
SQQQ,2026-01-06 11:17:00+00:00,67.3,67.33,67.3,67.33,3130.0,21.0,67.326738
SQQQ,2026-01-06 11:19:00+00:00,67.3,67.3,67.3,67.3,477.0,12.0,67.3
SQQQ,2026-01-06 11:20:00+00:00,67.28,67.28,67.28,67.28,701.0,13.0,67.28
SQQQ,2026-01-06 11:23:00+00:00,67.28,67.28,67.28,67.28,200.0,1.0,67.28
SQQQ,2026-01-06 11:24:00+00:00,67.27,67.27,67.26,67.26,636.0,9.0,67.265
SQQQ,2026-01-06 11:30:00+00:00,67.33,67.33,67.33,67.33,933.0,12.0,67.33
SQQQ,2026-01-06 11:32:00+00:00,67.32,67.32,67.32,67.32,243.0,6.0,67.32
SQQQ,2026-01-06 11:33:00+00:00,67.32,67.32,67.32,67.32,440.0,4.0,67.32
SQQQ,2026-01-06 11:34:00+00:00,67.32,67.32,67.32,67.32,1400.0,17.0,67.32
SQQQ,2026-01-06 11:41:00+00:00,67.33,67.33,67.33,67.33,670.0,13.0,67.33
SQQQ,2026-01-06 11:43:00+00:00,67.32,67.32,67.32,67.32,200.0,4.0,67.32
SQQQ,2026-01-06 11:45:00+00:00,67.29,67.29,67.29,67.29,323.0,3.0,67.29
SQQQ,2026-01-06 11:48:00+00:00,67.32,67.32,67.32,67.32,470.0,13.0,67.32
SQQQ,2026-01-06 11:54:00+00:00,67.26,67.26,67.26,67.26,235.0,9.0,67.26
SQQQ,2026-01-06 11:56:00+00:00,67.23,67.23,67.2,67.2,1129.0,40.0,67.215
SQQQ,2026-01-06 11:58:00+00:00,67.22,67.22,67.22,67.22,222.0,5.0,67.22
SQQQ,2026-01-06 11:59:00+00:00,67.25,67.25,67.25,67.25,296.0,7.0,67.25
SQQQ,2026-01-06 12:00:00+00:00,67.29,67.31,67.28,67.3,23111.0,94.0,67.296466
SQQQ,2026-01-06 12:01:00+00:00,67.33,67.33,67.29,67.3,5729.0,34.0,67.309486
SQQQ,2026-01-06 12:02:00+00:00,67.28,67.28,67.23,67.23,5353.0,40.0,67.263443
SQQQ,2026-01-06 12:03:00+00:00,67.26,67.28,67.26,67.28,1598.0,18.0,67.272171
SQQQ,2026-01-06 12:04:00+00:00,67.28,67.28,67.26,67.27,1913.0,16.0,67.269384
SQQQ,2026-01-06 12:05:00+00:00,67.29,67.29,67.28,67.28,2056.0,29.0,67.288632
SQQQ,2026-01-06 12:06:00+00:00,67.25,67.25,67.23,67.23,1752.0,17.0,67.231338
SQQQ,2026-01-06 12:07:00+00:00,67.22,67.22,67.211,67.22,1584.0,19.0,67.218924
SQQQ,2026-01-06 12:08:00+00:00,67.21,67.22,67.21,67.22,1284.0,17.0,67.210995
SQQQ,2026-01-06 12:09:00+00:00,67.22,67.22,67.22,67.22,396.0,7.0,67.22
SQQQ,2026-01-06 12:10:00+00:00,67.22,67.22,67.22,67.22,211.0,10.0,67.22
SQQQ,2026-01-06 12:12:00+00:00,67.2,67.2,67.17,67.17,2509.0,43.0,67.18976
SQQQ,2026-01-06 12:13:00+00:00,67.17,67.17,67.15,67.15,1416.0,21.0,67.152
SQQQ,2026-01-06 12:14:00+00:00,67.15,67.15,67.15,67.15,737.0,16.0,67.15
SQQQ,2026-01-06 12:15:00+00:00,67.15,67.18,67.15,67.159,1476.0,18.0,67.162205
SQQQ,2026-01-06 12:16:00+00:00,67.15,67.16,67.15,67.16,4002.0,18.0,67.150265
SQQQ,2026-01-06 12:17:00+00:00,67.17,67.18,67.17,67.18,1204.0,18.0,67.174326
SQQQ,2026-01-06 12:19:00+00:00,67.17,67.17,67.17,67.17,530.0,4.0,67.17
SQQQ,2026-01-06 12:20:00+00:00,67.19,67.19,67.19,67.19,260.0,4.0,67.19
SQQQ,2026-01-06 12:22:00+00:00,67.17,67.17,67.17,67.17,953.0,7.0,67.17
SQQQ,2026-01-06 12:23:00+00:00,67.18,67.18,67.18,67.18,290.0,6.0,67.18
SQQQ,2026-01-06 12:24:00+00:00,67.15,67.15,67.14,67.15,483.0,9.0,67.146667
SQQQ,2026-01-06 12:25:00+00:00,67.17,67.17,67.16,67.16,700.0,4.0,67.168182
SQQQ,2026-01-06 12:28:00+00:00,67.16,67.16,67.16,67.16,7653.0,45.0,67.16
SQQQ,2026-01-06 12:29:00+00:00,67.15,67.15,67.15,67.15,350.0,1.0,67.15
SQQQ,2026-01-06 12:30:00+00:00,67.15,67.15,67.15,67.15,162.0,8.0,67.15
SQQQ,2026-01-06 12:31:00+00:00,67.15,67.15,67.13,67.13,866.0,10.0,67.137143
SQQQ,2026-01-06 12:32:00+00:00,67.15,67.16,67.15,67.16,861.0,12.0,67.15604
SQQQ,2026-01-06 12:33:00+00:00,67.16,67.16,67.16,67.16,384.0,5.0,67.16
SQQQ,2026-01-06 12:34:00+00:00,67.17,67.17,67.15,67.15,11625.0,64.0,67.150997
SQQQ,2026-01-06 12:36:00+00:00,67.14,67.14,67.12,67.12,1650.0,20.0,67.13
SQQQ,2026-01-06 12:38:00+00:00,67.14,67.15,67.14,67.15,736.0,6.0,67.146667
SQQQ,2026-01-06 12:39:00+00:00,67.16,67.16,67.15,67.15,578.0,12.0,67.1575
SQQQ,2026-01-06 12:40:00+00:00,67.11,67.12,67.11,67.12,731.0,20.0,67.1125
SQQQ,2026-01-06 12:41:00+00:00,67.11,67.11,67.1,67.1,5757.0,58.0,67.101065
SQQQ,2026-01-06 12:42:00+00:00,67.1,67.1,67.07,67.07,2523.0,32.0,67.081521
SQQQ,2026-01-06 12:43:00+00:00,67.07,67.07,67.02,67.02,18476.0,88.0,67.047855
SQQQ,2026-01-06 12:44:00+00:00,67.02,67.03,67.0,67.01,22872.0,143.0,67.008582
SQQQ,2026-01-06 12:45:00+00:00,67.01,67.02,67.0,67.0,25392.0,82.0,67.002263
SQQQ,2026-01-06 12:46:00+00:00,66.99,67.0,66.98,66.98,4361.0,30.0,66.992457
SQQQ,2026-01-06 12:47:00+00:00,66.98,66.99,66.98,66.98,1296.0,17.0,66.987
SQQQ,2026-01-06 12:48:00+00:00,66.99,67.0,66.99,66.99,4010.0,25.0,66.990834
SQQQ,2026-01-06 12:49:00+00:00,66.99,66.99,66.98,66.98,3707.0,36.0,66.987085
SQQQ,2026-01-06 12:50:00+00:00,66.97,66.97,66.97,66.97,1550.0,19.0,66.97
SQQQ,2026-01-06 12:51:00+00:00,66.97,66.99,66.97,66.99,623.0,8.0,66.986
SQQQ,2026-01-06 12:52:00+00:00,66.99,66.99,66.99,66.99,100.0,1.0,66.99
SQQQ,2026-01-06 12:53:00+00:00,66.99,67.0,66.99,67.0,745.0,9.0,66.998347
SQQQ,2026-01-06 12:54:00+00:00,67.01,67.019,67.01,67.019,1394.0,17.0,67.010896
SQQQ,2026-01-06 12:55:00+00:00,67.02,67.02,67.0,67.0,2962.0,36.0,67.005405
SQQQ,2026-01-06 12:56:00+00:00,66.98,66.98,66.94,66.95,13382.0,102.0,66.958812
SQQQ,2026-01-06 12:57:00+00:00,66.94,66.94,66.94,66.94,1249.0,14.0,66.94
SQQQ,2026-01-06 12:58:00+00:00,66.92,66.92,66.9,66.92,4863.0,44.0,66.906708
SQQQ,2026-01-06 12:59:00+00:00,66.94,66.94,66.94,66.94,518.0,9.0,66.94
SQQQ,2026-01-06 13:00:00+00:00,67.3,67.58,66.9001,66.97,161729.0,753.0,67.145013
SQQQ,2026-01-06 13:01:00+00:00,67.56,67.67,66.75,66.77,43339.0,435.0,66.910565
SQQQ,2026-01-06 13:02:00+00:00,66.76,67.83,66.7,66.96,117327.0,640.0,67.282397
SQQQ,2026-01-06 13:03:00+00:00,67.06,67.59,66.72,66.9,22561.0,103.0,67.001209
SQQQ,2026-01-06 13:04:00+00:00,66.9,66.94,66.89,66.94,3486.0,32.0,66.916052
SQQQ,2026-01-06 13:05:00+00:00,66.95,66.9789,66.95,66.9789,1584.0,22.0,66.966122
SQQQ,2026-01-06 13:06:00+00:00,66.9785,66.99,66.97,66.99,2868.0,36.0,66.980756
SQQQ,2026-01-06 13:07:00+00:00,67.0,67.0,66.98,67.0,1613.0,33.0,66.991302
SQQQ,2026-01-06 13:08:00+00:00,67.0,67.02,66.99,67.02,18273.0,55.0,66.999989
SQQQ,2026-01-06 13:09:00+00:00,67.02,67.03,67.02,67.0297,5591.0,52.0,67.023324
SQQQ,2026-01-06 13:10:00+00:00,67.02,67.06,67.0,67.06,2780.0,28.0,67.030611
SQQQ,2026-01-06 13:11:00+00:00,67.07,67.08,67.06,67.07,29720.0,48.0,67.070871
SQQQ,2026-01-06 13:12:00+00:00,67.06,67.06,67.06,67.06,263.0,9.0,67.06
SQQQ,2026-01-06 13:13:00+00:00,67.07,67.08,66.99,66.99,22497.0,130.0,67.023672
SQQQ,2026-01-06 13:14:00+00:00,67.0,67.02,67.0,67.01,1731.0,28.0,67.009272
SQQQ,2026-01-06 13:15:00+00:00,67.02,67.02,66.98,66.98,4956.0,39.0,66.994801
SQQQ,2026-01-06 13:16:00+00:00,66.98,66.99,66.9485,66.96,4114.0,52.0,66.967321
SQQQ,2026-01-06 13:17:00+00:00,66.97,67.01,66.97,67.01,4672.0,44.0,66.999513
SQQQ,2026-01-06 13:18:00+00:00,67.0,67.04,67.0,67.04,2108.0,25.0,67.022783
SQQQ,2026-01-06 13:19:00+00:00,67.03,67.04,67.03,67.04,2212.0,18.0,67.033889
SQQQ,2026-01-06 13:20:00+00:00,67.06,67.07,67.015,67.02,4824.0,39.0,67.035533
SQQQ,2026-01-06 13:21:00+00:00,67.02,67.05,67.02,67.02,2706.0,28.0,67.036847
SQQQ,2026-01-06 13:22:00+00:00,67.03,67.03,67.03,67.03,517.0,19.0,67.03
SQQQ,2026-01-06 13:23:00+00:00,67.04,67.05,67.03,67.03,3321.0,32.0,67.047521
SQQQ,2026-01-06 13:24:00+00:00,67.02,67.03,67.02,67.02,2342.0,25.0,67.020526
SQQQ,2026-01-06 13:25:00+00:00,67.035,67.035,67.01,67.01,6334.0,23.0,67.01089
SQQQ,2026-01-06 13:26:00+00:00,67.05,67.065,67.05,67.05,2633.0,32.0,67.057014
SQQQ,2026-01-06 13:27:00+00:00,67.07,67.12,67.07,67.1,6255.0,53.0,67.087399
SQQQ,2026-01-06 13:28:00+00:00,67.1,67.11,67.1,67.1,1639.0,13.0,67.100625
SQQQ,2026-01-06 13:29:00+00:00,67.11,67.11,67.08,67.08,9581.0,64.0,67.087478
SQQQ,2026-01-06 13:30:00+00:00,67.08,67.09,67.07,67.09,1756.0,29.0,67.079351
SQQQ,2026-01-06 13:31:00+00:00,67.09,67.11,67.05,67.05,4856.0,47.0,67.087982
SQQQ,2026-01-06 13:32:00+00:00,67.05,67.06,67.02,67.02,12100.0,40.0,67.043144
SQQQ,2026-01-06 13:33:00+00:00,67.01,67.02,67.0,67.02,3759.0,51.0,67.00807
SQQQ,2026-01-06 13:34:00+00:00,67.02,67.0287,67.02,67.0287,1487.0,17.0,67.021396
SQQQ,2026-01-06 13:35:00+00:00,67.02,67.02,67.0,67.0,1487.0,18.0,67.003077
SQQQ,2026-01-06 13:36:00+00:00,66.99,67.03,66.98,67.03,2743.0,37.0,66.993694
SQQQ,2026-01-06 13:37:00+00:00,67.03,67.03,67.01,67.0195,2401.0,20.0,67.014682
SQQQ,2026-01-06 13:38:00+00:00,67.03,67.1,67.02,67.1,6203.0,58.0,67.060746
SQQQ,2026-01-06 13:39:00+00:00,67.08,67.08,67.06,67.06,998.0,19.0,67.075
SQQQ,2026-01-06 13:40:00+00:00,67.03,67.08,67.03,67.08,3156.0,40.0,67.059787
SQQQ,2026-01-06 13:41:00+00:00,67.06,67.07,67.04,67.05,110070.0,274.0,67.050368
SQQQ,2026-01-06 13:42:00+00:00,67.06,67.0801,67.05,67.0801,23778.0,84.0,67.052171
SQQQ,2026-01-06 13:43:00+00:00,67.09,67.11,67.08,67.1,9730.0,61.0,67.103741
SQQQ,2026-01-06 13:44:00+00:00,67.1,67.11,67.09,67.11,1433.0,20.0,67.103992
SQQQ,2026-01-06 13:45:00+00:00,67.11,67.14,67.11,67.14,19731.0,91.0,67.116588
SQQQ,2026-01-06 13:46:00+00:00,67.13,67.15,67.1,67.14,14093.0,59.0,67.13474
SQQQ,2026-01-06 13:47:00+00:00,67.14,67.2,67.14,67.2,77652.0,240.0,67.177892
SQQQ,2026-01-06 13:48:00+00:00,67.2,67.21,67.18,67.21,116388.0,286.0,67.201544
SQQQ,2026-01-06 13:49:00+00:00,67.2103,67.22,67.19,67.2,88543.0,241.0,67.207549
SQQQ,2026-01-06 13:50:00+00:00,67.2,67.355,67.19,67.22,184008.0,740.0,67.231857
SQQQ,2026-01-06 13:51:00+00:00,67.22,67.27,67.21,67.26,21591.0,138.0,67.23287
SQQQ,2026-01-06 13:52:00+00:00,67.26,67.27,67.22,67.22,62943.0,231.0,67.245322
SQQQ,2026-01-06 13:53:00+00:00,67.21,67.23,67.2,67.2,15851.0,132.0,67.208916
SQQQ,2026-01-06 13:54:00+00:00,67.2,67.22,67.16,67.18,45388.0,211.0,67.199188
SQQQ,2026-01-06 13:55:00+00:00,67.18,67.18,67.1216,67.14,26685.0,134.0,67.167827
SQQQ,2026-01-06 13:56:00+00:00,67.14,67.15,67.125,67.15,48487.0,139.0,67.133832
SQQQ,2026-01-06 13:57:00+00:00,67.14,67.14,67.1,67.12,6455.0,71.0,67.11501
SQQQ,2026-01-06 13:58:00+00:00,67.09,67.11,67.09,67.11,3228.0,31.0,67.095714
SQQQ,2026-01-06 13:59:00+00:00,67.11,67.15,67.11,67.13,8991.0,71.0,67.130079
SQQQ,2026-01-06 14:00:00+00:00,67.15,67.19,67.14,67.18,64590.0,197.0,67.155341
SQQQ,2026-01-06 14:01:00+00:00,67.19,67.31,67.1898,67.3,22769.0,150.0,67.265221
SQQQ,2026-01-06 14:02:00+00:00,67.3,67.345,67.25,67.25,15536.0,110.0,67.287029
SQQQ,2026-01-06 14:03:00+00:00,67.27,67.27,67.25,67.25,1419.0,32.0,67.26
SQQQ,2026-01-06 14:04:00+00:00,67.22,67.23,67.2,67.2,4525.0,54.0,67.218581
SQQQ,2026-01-06 14:05:00+00:00,67.2203,67.27,67.22,67.27,8470.0,32.0,67.227537
SQQQ,2026-01-06 14:06:00+00:00,67.26,67.28,67.22,67.22,9250.0,101.0,67.23638
SQQQ,2026-01-06 14:07:00+00:00,67.19,67.22,67.19,67.21,4022.0,47.0,67.210653
SQQQ,2026-01-06 14:08:00+00:00,67.22,67.22,67.19,67.22,6904.0,51.0,67.202882
SQQQ,2026-01-06 14:09:00+00:00,67.23,67.2716,67.2298,67.27,4129.0,40.0,67.250519
SQQQ,2026-01-06 14:10:00+00:00,67.28,67.28,67.23,67.23,1510.0,13.0,67.262078
SQQQ,2026-01-06 14:11:00+00:00,67.23,67.23,67.17,67.17,6568.0,51.0,67.189338
SQQQ,2026-01-06 14:12:00+00:00,67.17,67.18,67.16,67.17,2973.0,43.0,67.165985
SQQQ,2026-01-06 14:13:00+00:00,67.16,67.21,67.16,67.17,6122.0,36.0,67.179615
SQQQ,2026-01-06 14:14:00+00:00,67.17,67.18,67.14,67.16,11110.0,77.0,67.15938
SQQQ,2026-01-06 14:15:00+00:00,67.15,67.18,67.14,67.18,7277.0,26.0,67.150525
SQQQ,2026-01-06 14:16:00+00:00,67.17,67.18,67.15,67.17,4316.0,33.0,67.164296
SQQQ,2026-01-06 14:17:00+00:00,67.17,67.17,67.16,67.16,4076.0,36.0,67.165399
SQQQ,2026-01-06 14:18:00+00:00,67.18,67.19,67.14,67.14,4588.0,37.0,67.178871
SQQQ,2026-01-06 14:19:00+00:00,67.15,67.19,67.1497,67.16,5835.0,33.0,67.166975
SQQQ,2026-01-06 14:20:00+00:00,67.1502,67.18,67.15,67.15,6319.0,15.0,67.176409
SQQQ,2026-01-06 14:21:00+00:00,67.16,67.21,67.135,67.2001,5598.0,44.0,67.169031
SQQQ,2026-01-06 14:22:00+00:00,67.1899,67.2,67.16,67.16,7955.0,56.0,67.195441
SQQQ,2026-01-06 14:23:00+00:00,67.1584,67.17,67.145,67.15,3313.0,33.0,67.160996
SQQQ,2026-01-06 14:24:00+00:00,67.15,67.17,67.14,67.16,11874.0,48.0,67.157747
SQQQ,2026-01-06 14:25:00+00:00,67.16,67.16,67.06,67.06,19976.0,155.0,67.105304
SQQQ,2026-01-06 14:26:00+00:00,67.06,67.08,67.04,67.0795,5227.0,44.0,67.054807
SQQQ,2026-01-06 14:27:00+00:00,67.08,67.11,67.08,67.1,7328.0,46.0,67.0995
SQQQ,2026-01-06 14:28:00+00:00,67.12,67.12,67.0,67.03,10350.0,85.0,67.042423
SQQQ,2026-01-06 14:29:00+00:00,67.04,67.0496,67.0,67.01,23053.0,65.0,67.005913
SQQQ,2026-01-06 14:30:00+00:00,67.0,67.03,66.69,66.74,373454.0,2333.0,66.870076
SQQQ,2026-01-06 14:31:00+00:00,66.73,66.93,66.7212,66.76,396168.0,2247.0,66.807518
SQQQ,2026-01-06 14:32:00+00:00,66.761,66.88,66.7,66.825,273983.0,1449.0,66.77479
SQQQ,2026-01-06 14:33:00+00:00,66.82,66.91,66.77,66.8,232073.0,1264.0,66.841398
SQQQ,2026-01-06 14:34:00+00:00,66.79,66.915,66.71,66.9,162467.0,1001.0,66.829266
SQQQ,2026-01-06 14:35:00+00:00,66.895,67.07,66.83,66.88,475527.0,2291.0,66.959467
SQQQ,2026-01-06 14:36:00+00:00,66.87,66.89,66.68,66.81,282794.0,1538.0,66.82353
SQQQ,2026-01-06 14:37:00+00:00,66.81,66.93,66.73,66.864,243714.0,1105.0,66.819896
SQQQ,2026-01-06 14:38:00+00:00,66.86,67.0503,66.83,67.01,236953.0,1139.0,66.937413
SQQQ,2026-01-06 14:39:00+00:00,67.01,67.045,66.925,66.96,197536.0,947.0,66.990097
SQQQ,2026-01-06 14:40:00+00:00,66.96,67.1207,66.86,67.065,346037.0,1530.0,66.99324
SQQQ,2026-01-06 14:41:00+00:00,67.09,67.2,67.09,67.1401,228198.0,1105.0,67.145149
SQQQ,2026-01-06 14:42:00+00:00,67.13,67.205,67.0,67.03,302190.0,1336.0,67.085823
SQQQ,2026-01-06 14:43:00+00:00,67.03,67.0756,66.945,66.969,230055.0,1041.0,67.024661
SQQQ,2026-01-06 14:44:00+00:00,66.9532,67.01,66.754,66.76,295385.0,1272.0,66.851134
SQQQ,2026-01-06 14:45:00+00:00,66.76,66.79,66.58,66.585,451177.0,2085.0,66.681142
SQQQ,2026-01-06 14:46:00+00:00,66.585,66.59,66.495,66.557,251408.0,1432.0,66.542723
SQQQ,2026-01-06 14:47:00+00:00,66.53,66.54,66.3499,66.41,286951.0,1477.0,66.426115
SQQQ,2026-01-06 14:48:00+00:00,66.41,66.5699,66.4,66.55,285217.0,1144.0,66.483564
SQQQ,2026-01-06 14:49:00+00:00,66.546,66.6001,66.34,66.41,378110.0,1959.0,66.443515
SQQQ,2026-01-06 14:50:00+00:00,66.41,66.44,66.2486,66.2701,420727.0,1600.0,66.330929
SQQQ,2026-01-06 14:51:00+00:00,66.26,66.28,66.1196,66.21,253608.0,1216.0,66.185914
SQQQ,2026-01-06 14:52:00+00:00,66.19,66.38,66.19,66.2725,335867.0,1236.0,66.282822
SQQQ,2026-01-06 14:53:00+00:00,66.264,66.3,66.205,66.235,96761.0,617.0,66.260685
SQQQ,2026-01-06 14:54:00+00:00,66.23,66.2899,66.19,66.245,156089.0,713.0,66.221573
SQQQ,2026-01-06 14:55:00+00:00,66.245,66.3,66.2,66.207,305454.0,1077.0,66.239869
SQQQ,2026-01-06 14:56:00+00:00,66.2,66.26,66.0865,66.09,244561.0,1130.0,66.172422
SQQQ,2026-01-06 14:57:00+00:00,66.09,66.1399,66.0234,66.0294,294053.0,1051.0,66.066475
SQQQ,2026-01-06 14:58:00+00:00,66.035,66.105,66.02,66.05,109415.0,715.0,66.060583
SQQQ,2026-01-06 14:59:00+00:00,66.06,66.1401,66.04,66.095,108525.0,729.0,66.103982
SQQQ,2026-01-06 15:00:00+00:00,66.09,66.11,65.98,66.02,344747.0,2008.0,66.031199
SQQQ,2026-01-06 15:01:00+00:00,66.0099,66.07,65.93,66.05,200266.0,1178.0,65.986416
SQQQ,2026-01-06 15:02:00+00:00,66.035,66.09,65.99,66.07,127563.0,666.0,66.042816
SQQQ,2026-01-06 15:03:00+00:00,66.07,66.09,66.025,66.0768,134265.0,819.0,66.059115
SQQQ,2026-01-06 15:04:00+00:00,66.065,66.18,66.055,66.13,185960.0,908.0,66.137376
SQQQ,2026-01-06 15:05:00+00:00,66.13,66.14,66.0232,66.061,127097.0,707.0,66.082591
SQQQ,2026-01-06 15:06:00+00:00,66.06,66.08,65.9949,66.03,162160.0,860.0,66.036004
SQQQ,2026-01-06 15:07:00+00:00,66.02,66.035,65.98,66.0094,129669.0,630.0,66.005259
SQQQ,2026-01-06 15:08:00+00:00,66.006,66.2058,65.975,66.1986,148582.0,828.0,66.103491
SQQQ,2026-01-06 15:09:00+00:00,66.1899,66.215,66.115,66.205,109500.0,569.0,66.171622
SQQQ,2026-01-06 15:10:00+00:00,66.2,66.235,66.16,66.19,139509.0,665.0,66.194012
SQQQ,2026-01-06 15:11:00+00:00,66.175,66.295,66.175,66.229,148662.0,603.0,66.253395
SQQQ,2026-01-06 15:12:00+00:00,66.2356,66.25,66.1592,66.18,117755.0,527.0,66.197544
SQQQ,2026-01-06 15:13:00+00:00,66.18,66.185,66.04,66.0495,133520.0,596.0,66.09868
SQQQ,2026-01-06 15:14:00+00:00,66.0527,66.1,66.025,66.08,113002.0,491.0,66.056879
SQQQ,2026-01-06 15:15:00+00:00,66.08,66.13,66.07,66.1,56827.0,339.0,66.094028
SQQQ,2026-01-06 15:16:00+00:00,66.11,66.14,66.0,66.0044,98774.0,497.0,66.074814
SQQQ,2026-01-06 15:17:00+00:00,66.0,66.0499,65.975,66.025,100437.0,478.0,66.006697
SQQQ,2026-01-06 15:18:00+00:00,66.02,66.0752,66.02,66.07,67090.0,334.0,66.044138
SQQQ,2026-01-06 15:19:00+00:00,66.075,66.166,66.07,66.08,185478.0,569.0,66.114661
SQQQ,2026-01-06 15:20:00+00:00,66.0835,66.14,66.04,66.1399,83231.0,467.0,66.092616
SQQQ,2026-01-06 15:21:00+00:00,66.12,66.23,66.12,66.1468,111784.0,553.0,66.1852
SQQQ,2026-01-06 15:22:00+00:00,66.12,66.145,66.05,66.11,84907.0,456.0,66.098153
SQQQ,2026-01-06 15:23:00+00:00,66.11,66.11,66.0,66.0,106857.0,498.0,66.054244
SQQQ,2026-01-06 15:24:00+00:00,66.0,66.03,65.97,66.01,209477.0,782.0,66.001784
SQQQ,2026-01-06 15:25:00+00:00,66.0099,66.0099,65.92,65.93,150353.0,825.0,65.950363
SQQQ,2026-01-06 15:26:00+00:00,65.93,65.9352,65.88,65.92,150524.0,654.0,65.911232
SQQQ,2026-01-06 15:27:00+00:00,65.93,65.99,65.915,65.9534,115827.0,464.0,65.958229
SQQQ,2026-01-06 15:28:00+00:00,65.95,66.0093,65.93,66.0025,85483.0,405.0,65.969572
SQQQ,2026-01-06 15:29:00+00:00,65.996,66.04,65.94,65.9499,117593.0,406.0,65.982129
SQQQ,2026-01-06 15:30:00+00:00,65.955,66.01,65.95,65.97,73895.0,366.0,65.977704
SQQQ,2026-01-06 15:31:00+00:00,65.98,66.065,65.93,66.048,83985.0,397.0,65.980716
SQQQ,2026-01-06 15:32:00+00:00,66.054,66.095,66.02,66.045,70660.0,319.0,66.053272
SQQQ,2026-01-06 15:33:00+00:00,66.03,66.0899,66.023,66.0474,71405.0,360.0,66.054878
SQQQ,2026-01-06 15:34:00+00:00,66.05,66.11,66.045,66.065,88364.0,405.0,66.076288
SQQQ,2026-01-06 15:35:00+00:00,66.08,66.105,66.03,66.095,68295.0,318.0,66.066843
SQQQ,2026-01-06 15:36:00+00:00,66.09,66.22,66.0755,66.188,114126.0,533.0,66.148407
SQQQ,2026-01-06 15:37:00+00:00,66.18,66.25,66.1,66.13,113225.0,527.0,66.193993
SQQQ,2026-01-06 15:38:00+00:00,66.1275,66.1275,66.03,66.08,61928.0,284.0,66.076144
SQQQ,2026-01-06 15:39:00+00:00,66.07,66.18,66.0599,66.17,82533.0,428.0,66.119032
SQQQ,2026-01-06 15:40:00+00:00,66.17,66.225,66.11,66.19,92634.0,415.0,66.169944
SQQQ,2026-01-06 15:41:00+00:00,66.18,66.27,66.17,66.22,137741.0,593.0,66.226957
SQQQ,2026-01-06 15:42:00+00:00,66.21,66.25,66.145,66.2044,111101.0,479.0,66.191393
SQQQ,2026-01-06 15:43:00+00:00,66.2,66.2,66.1344,66.2,58972.0,307.0,66.17303
SQQQ,2026-01-06 15:44:00+00:00,66.21,66.355,66.21,66.3,123372.0,659.0,66.301372
SQQQ,2026-01-06 15:45:00+00:00,66.32,66.405,66.305,66.3601,159764.0,618.0,66.346756
SQQQ,2026-01-06 15:46:00+00:00,66.36,66.4,66.27,66.31,104445.0,427.0,66.344833
SQQQ,2026-01-06 15:47:00+00:00,66.32,66.385,66.31,66.335,93576.0,393.0,66.351153
SQQQ,2026-01-06 15:48:00+00:00,66.3399,66.3399,66.25,66.28,59838.0,320.0,66.27692
SQQQ,2026-01-06 15:49:00+00:00,66.27,66.31,66.2564,66.2658,45374.0,250.0,66.281094
SQQQ,2026-01-06 15:50:00+00:00,66.285,66.31,66.22,66.2956,63400.0,381.0,66.270712
SQQQ,2026-01-06 15:51:00+00:00,66.29,66.305,66.26,66.27,36351.0,232.0,66.279154
SQQQ,2026-01-06 15:52:00+00:00,66.2856,66.44,66.2856,66.39,114075.0,529.0,66.383728
SQQQ,2026-01-06 15:53:00+00:00,66.39,66.546,66.39,66.5299,201824.0,905.0,66.489186
SQQQ,2026-01-06 15:54:00+00:00,66.53,66.5567,66.47,66.49,109991.0,552.0,66.520243
SQQQ,2026-01-06 15:55:00+00:00,66.5,66.67,66.48,66.6571,141667.0,661.0,66.574542
SQQQ,2026-01-06 15:56:00+00:00,66.65,66.69,66.56,66.57,116810.0,707.0,66.633318
SQQQ,2026-01-06 15:57:00+00:00,66.58,66.6,66.525,66.59,78407.0,380.0,66.56311
SQQQ,2026-01-06 15:58:00+00:00,66.59,66.625,66.525,66.55,75182.0,377.0,66.565634
SQQQ,2026-01-06 15:59:00+00:00,66.55,66.585,66.495,66.585,59654.0,367.0,66.539127
SQQQ,2026-01-06 16:00:00+00:00,66.59,66.7083,66.59,66.6501,173647.0,729.0,66.667441
SQQQ,2026-01-06 16:01:00+00:00,66.6498,66.705,66.6133,66.68,88867.0,424.0,66.664374
SQQQ,2026-01-06 16:02:00+00:00,66.68,66.72,66.65,66.6999,85685.0,381.0,66.691793
SQQQ,2026-01-06 16:03:00+00:00,66.7,66.745,66.6701,66.73,81911.0,382.0,66.713485
SQQQ,2026-01-06 16:04:00+00:00,66.74,66.805,66.725,66.7867,305643.0,785.0,66.758055
SQQQ,2026-01-06 16:05:00+00:00,66.79,66.8,66.73,66.77,251318.0,810.0,66.773275
SQQQ,2026-01-06 16:06:00+00:00,66.76,66.905,66.67,66.87,436684.0,1218.0,66.794305
SQQQ,2026-01-06 16:07:00+00:00,66.8701,66.9563,66.8701,66.8916,258116.0,812.0,66.90195
SQQQ,2026-01-06 16:08:00+00:00,66.89,66.9,66.815,66.825,76604.0,429.0,66.857111
SQQQ,2026-01-06 16:09:00+00:00,66.815,66.82,66.675,66.6802,147649.0,692.0,66.741256
SQQQ,2026-01-06 16:10:00+00:00,66.68,66.71,66.6199,66.6301,124465.0,524.0,66.665973
SQQQ,2026-01-06 16:11:00+00:00,66.64,66.71,66.62,66.68,57442.0,294.0,66.665475
SQQQ,2026-01-06 16:12:00+00:00,66.695,66.7,66.6,66.63,64655.0,245.0,66.654266
SQQQ,2026-01-06 16:13:00+00:00,66.64,66.71,66.64,66.69,43729.0,229.0,66.68334
SQQQ,2026-01-06 16:14:00+00:00,66.695,66.735,66.695,66.7174,44244.0,223.0,66.712832
SQQQ,2026-01-06 16:15:00+00:00,66.715,66.72,66.65,66.665,47940.0,250.0,66.67457
SQQQ,2026-01-06 16:16:00+00:00,66.66,66.79,66.66,66.77,35592.0,240.0,66.697961
SQQQ,2026-01-06 16:17:00+00:00,66.77,66.7813,66.724,66.725,60913.0,265.0,66.760618
SQQQ,2026-01-06 16:18:00+00:00,66.73,66.7372,66.685,66.715,30984.0,179.0,66.711772
SQQQ,2026-01-06 16:19:00+00:00,66.71,66.71,66.6,66.63,54547.0,282.0,66.650984
SQQQ,2026-01-06 16:20:00+00:00,66.64,66.72,66.6213,66.6846,48538.0,266.0,66.662805
SQQQ,2026-01-06 16:21:00+00:00,66.68,66.68,66.6098,66.6098,19913.0,161.0,66.655025
SQQQ,2026-01-06 16:22:00+00:00,66.62,66.62,66.51,66.545,123006.0,427.0,66.543529
SQQQ,2026-01-06 16:23:00+00:00,66.55,66.56,66.5,66.5117,49358.0,231.0,66.526912
SQQQ,2026-01-06 16:24:00+00:00,66.51,66.51,66.42,66.507,52063.0,297.0,66.459407
SQQQ,2026-01-06 16:25:00+00:00,66.5001,66.655,66.4801,66.6474,45932.0,248.0,66.562309
SQQQ,2026-01-06 16:26:00+00:00,66.6501,66.7,66.64,66.68,43018.0,232.0,66.663711
SQQQ,2026-01-06 16:27:00+00:00,66.66,66.69,66.63,66.63,68330.0,263.0,66.662184
SQQQ,2026-01-06 16:28:00+00:00,66.61,66.67,66.6,66.6573,31999.0,195.0,66.64179
SQQQ,2026-01-06 16:29:00+00:00,66.65,66.69,66.61,66.66,65821.0,261.0,66.649104
SQQQ,2026-01-06 16:30:00+00:00,66.665,66.6956,66.57,66.58,55884.0,318.0,66.640432
SQQQ,2026-01-06 16:31:00+00:00,66.59,66.63,66.557,66.57,68331.0,369.0,66.588444
SQQQ,2026-01-06 16:32:00+00:00,66.57,66.62,66.56,66.6,43170.0,231.0,66.586379
SQQQ,2026-01-06 16:33:00+00:00,66.59,66.595,66.5199,66.5456,43047.0,300.0,66.543594
SQQQ,2026-01-06 16:34:00+00:00,66.56,66.58,66.48,66.4844,39281.0,223.0,66.524704
SQQQ,2026-01-06 16:35:00+00:00,66.48,66.575,66.48,66.5563,39513.0,226.0,66.53251
SQQQ,2026-01-06 16:36:00+00:00,66.56,66.64,66.56,66.62,32400.0,196.0,66.617707
SQQQ,2026-01-06 16:37:00+00:00,66.632,66.71,66.63,66.635,52131.0,257.0,66.677564
SQQQ,2026-01-06 16:38:00+00:00,66.63,66.655,66.58,66.5994,40989.0,299.0,66.61997
SQQQ,2026-01-06 16:39:00+00:00,66.605,66.61,66.52,66.535,27588.0,211.0,66.556075
SQQQ,2026-01-06 16:40:00+00:00,66.53,66.575,66.525,66.545,20676.0,136.0,66.553563
SQQQ,2026-01-06 16:41:00+00:00,66.55,66.63,66.53,66.62,48314.0,194.0,66.58855
SQQQ,2026-01-06 16:42:00+00:00,66.6101,66.66,66.54,66.63,139881.0,762.0,66.592095
SQQQ,2026-01-06 16:43:00+00:00,66.6201,66.7877,66.62,66.7699,141281.0,718.0,66.731846
SQQQ,2026-01-06 16:44:00+00:00,66.76,66.809,66.744,66.7634,60142.0,292.0,66.771078
SQQQ,2026-01-06 16:45:00+00:00,66.76,66.7833,66.705,66.725,48781.0,238.0,66.748936
SQQQ,2026-01-06 16:46:00+00:00,66.72,66.727,66.665,66.68,42403.0,231.0,66.696106
SQQQ,2026-01-06 16:47:00+00:00,66.68,66.6835,66.59,66.59,44734.0,228.0,66.616154
SQQQ,2026-01-06 16:48:00+00:00,66.59,66.5968,66.55,66.565,40707.0,229.0,66.572736
SQQQ,2026-01-06 16:49:00+00:00,66.57,66.575,66.545,66.56,33194.0,157.0,66.557665
SQQQ,2026-01-06 16:50:00+00:00,66.57,66.57,66.515,66.5302,37995.0,162.0,66.537854
SQQQ,2026-01-06 16:51:00+00:00,66.5268,66.56,66.505,66.54,31591.0,197.0,66.535288
SQQQ,2026-01-06 16:52:00+00:00,66.535,66.5386,66.48,66.52,54023.0,273.0,66.495487
SQQQ,2026-01-06 16:53:00+00:00,66.5,66.52,66.5,66.5,20681.0,115.0,66.504074
SQQQ,2026-01-06 16:54:00+00:00,66.5,66.5599,66.49,66.55,23465.0,153.0,66.525634
SQQQ,2026-01-06 16:55:00+00:00,66.56,66.73,66.56,66.7144,70221.0,406.0,66.667628
SQQQ,2026-01-06 16:56:00+00:00,66.715,66.7201,66.67,66.6897,44285.0,170.0,66.700686
SQQQ,2026-01-06 16:57:00+00:00,66.69,66.7,66.5901,66.6199,44625.0,216.0,66.654021
SQQQ,2026-01-06 16:58:00+00:00,66.61,66.6199,66.53,66.54,17216.0,121.0,66.585081
SQQQ,2026-01-06 16:59:00+00:00,66.544,66.55,66.51,66.5144,10196.0,87.0,66.524429
SQQQ,2026-01-06 17:00:00+00:00,66.53,66.625,66.5,66.608,26083.0,175.0,66.572605
SQQQ,2026-01-06 17:01:00+00:00,66.61,66.616,66.57,66.6,25240.0,144.0,66.595947
SQQQ,2026-01-06 17:02:00+00:00,66.61,66.69,66.61,66.67,32690.0,177.0,66.666276
SQQQ,2026-01-06 17:03:00+00:00,66.66,66.6606,66.625,66.6599,33424.0,166.0,66.648959
SQQQ,2026-01-06 17:04:00+00:00,66.65,66.665,66.58,66.605,36395.0,172.0,66.626536
SQQQ,2026-01-06 17:05:00+00:00,66.6062,66.6099,66.5,66.515,15828.0,136.0,66.540107
SQQQ,2026-01-06 17:06:00+00:00,66.5001,66.5001,66.39,66.4297,82619.0,467.0,66.43739
SQQQ,2026-01-06 17:07:00+00:00,66.42,66.42,66.37,66.375,115912.0,297.0,66.393364
SQQQ,2026-01-06 17:08:00+00:00,66.384,66.46,66.365,66.42,47123.0,176.0,66.414007
SQQQ,2026-01-06 17:09:00+00:00,66.4305,66.47,66.4128,66.4373,23608.0,101.0,66.448447
SQQQ,2026-01-06 17:10:00+00:00,66.4165,66.46,66.41,66.42,24138.0,152.0,66.444624
SQQQ,2026-01-06 17:11:00+00:00,66.429,66.4355,66.41,66.42,13130.0,95.0,66.42158
SQQQ,2026-01-06 17:12:00+00:00,66.41,66.42,66.36,66.3735,32419.0,166.0,66.39384
SQQQ,2026-01-06 17:13:00+00:00,66.37,66.38,66.345,66.36,34899.0,181.0,66.359251
SQQQ,2026-01-06 17:14:00+00:00,66.3699,66.38,66.3436,66.3656,12134.0,80.0,66.354933
SQQQ,2026-01-06 17:15:00+00:00,66.3699,66.395,66.34,66.395,27958.0,147.0,66.369147
SQQQ,2026-01-06 17:16:00+00:00,66.39,66.4065,66.3687,66.37,35110.0,184.0,66.383794
SQQQ,2026-01-06 17:17:00+00:00,66.36,66.38,66.34,66.38,64290.0,218.0,66.355575
SQQQ,2026-01-06 17:18:00+00:00,66.37,66.395,66.36,66.38,13925.0,109.0,66.375592
SQQQ,2026-01-06 17:19:00+00:00,66.39,66.43,66.355,66.385,43352.0,158.0,66.3928
SQQQ,2026-01-06 17:20:00+00:00,66.375,66.38,66.295,66.295,150859.0,323.0,66.332524
SQQQ,2026-01-06 17:21:00+00:00,66.3,66.3,66.25,66.2769,113779.0,405.0,66.27589
SQQQ,2026-01-06 17:22:00+00:00,66.2754,66.2754,66.19,66.2001,142702.0,522.0,66.216098
SQQQ,2026-01-06 17:23:00+00:00,66.21,66.24,66.2,66.2,110219.0,272.0,66.222712
SQQQ,2026-01-06 17:24:00+00:00,66.195,66.22,66.16,66.22,106983.0,229.0,66.192914
SQQQ,2026-01-06 17:25:00+00:00,66.22,66.22,66.1456,66.1596,99040.0,322.0,66.198006
SQQQ,2026-01-06 17:26:00+00:00,66.1545,66.19,66.1501,66.175,42348.0,162.0,66.170013
SQQQ,2026-01-06 17:27:00+00:00,66.18,66.19,66.17,66.17,27132.0,149.0,66.178817
SQQQ,2026-01-06 17:28:00+00:00,66.1693,66.19,66.15,66.18,14970.0,114.0,66.17507
SQQQ,2026-01-06 17:29:00+00:00,66.195,66.24,66.1848,66.225,71549.0,226.0,66.212811
SQQQ,2026-01-06 17:30:00+00:00,66.21,66.23,66.17,66.17,43976.0,222.0,66.196082
SQQQ,2026-01-06 17:31:00+00:00,66.17,66.1799,66.1218,66.14,54874.0,233.0,66.149124
SQQQ,2026-01-06 17:32:00+00:00,66.135,66.14,66.0967,66.11,27654.0,267.0,66.119874
SQQQ,2026-01-06 17:33:00+00:00,66.115,66.1199,66.07,66.07,48552.0,296.0,66.08514
SQQQ,2026-01-06 17:34:00+00:00,66.07,66.07,66.015,66.0252,105208.0,418.0,66.033774
SQQQ,2026-01-06 17:35:00+00:00,66.0276,66.0499,65.995,66.0101,105020.0,645.0,66.011013
SQQQ,2026-01-06 17:36:00+00:00,66.0119,66.02,65.98,66.005,56586.0,217.0,65.995705
SQQQ,2026-01-06 17:37:00+00:00,66.0007,66.0007,65.96,65.96,52622.0,268.0,65.981096
SQQQ,2026-01-06 17:38:00+00:00,65.96,65.96,65.85,65.86,126036.0,832.0,65.894347
SQQQ,2026-01-06 17:39:00+00:00,65.85,65.9399,65.82,65.9399,120557.0,515.0,65.870943
SQQQ,2026-01-06 17:40:00+00:00,65.9224,65.96,65.905,65.96,48480.0,259.0,65.927253
SQQQ,2026-01-06 17:41:00+00:00,65.9573,65.985,65.93,65.9499,86537.0,323.0,65.961532
SQQQ,2026-01-06 17:42:00+00:00,65.9445,65.96,65.935,65.955,72764.0,202.0,65.954279
SQQQ,2026-01-06 17:43:00+00:00,65.956,66.02,65.935,66.0051,122449.0,273.0,65.964075
SQQQ,2026-01-06 17:44:00+00:00,66.0,66.005,65.96,65.96,29701.0,234.0,65.988737
SQQQ,2026-01-06 17:45:00+00:00,65.96,65.965,65.93,65.93,66505.0,247.0,65.943197
SQQQ,2026-01-06 17:46:00+00:00,65.94,65.97,65.94,65.956,27137.0,122.0,65.953417
SQQQ,2026-01-06 17:47:00+00:00,65.9553,66.015,65.94,66.014,108856.0,188.0,65.99168
SQQQ,2026-01-06 17:48:00+00:00,66.005,66.09,66.005,66.085,130412.0,360.0,66.037036
SQQQ,2026-01-06 17:49:00+00:00,66.0868,66.1187,66.0523,66.055,63174.0,295.0,66.087031
SQQQ,2026-01-06 17:50:00+00:00,66.06,66.09,66.04,66.075,29577.0,199.0,66.071884
SQQQ,2026-01-06 17:51:00+00:00,66.0667,66.1,66.05,66.09,42983.0,186.0,66.073876
SQQQ,2026-01-06 17:52:00+00:00,66.09,66.09,66.01,66.03,22497.0,143.0,66.051182
SQQQ,2026-01-06 17:53:00+00:00,66.0256,66.04,66.0,66.02,95746.0,303.0,66.020239
SQQQ,2026-01-06 17:54:00+00:00,66.0199,66.05,66.0146,66.03,89620.0,276.0,66.039405
SQQQ,2026-01-06 17:55:00+00:00,66.0201,66.046,66.018,66.035,42946.0,179.0,66.024383
SQQQ,2026-01-06 17:56:00+00:00,66.03,66.045,66.02,66.03,17323.0,107.0,66.036452
SQQQ,2026-01-06 17:57:00+00:00,66.035,66.04,66.0,66.025,29634.0,123.0,66.014662
SQQQ,2026-01-06 17:58:00+00:00,66.02,66.055,66.014,66.025,45367.0,364.0,66.047475
SQQQ,2026-01-06 17:59:00+00:00,66.02,66.04,66.0,66.03,146305.0,351.0,66.006169
SQQQ,2026-01-06 18:00:00+00:00,66.0244,66.0573,66.0244,66.05,14686.0,93.0,66.042964
SQQQ,2026-01-06 18:01:00+00:00,66.04,66.0456,66.01,66.02,11882.0,100.0,66.022252
SQQQ,2026-01-06 18:02:00+00:00,66.03,66.06,66.0299,66.04,44934.0,186.0,66.042057
SQQQ,2026-01-06 18:03:00+00:00,66.03,66.04,66.02,66.02,15991.0,83.0,66.031421
SQQQ,2026-01-06 18:04:00+00:00,66.02,66.0699,66.02,66.065,17176.0,88.0,66.045371
SQQQ,2026-01-06 18:05:00+00:00,66.07,66.119,66.065,66.115,54813.0,216.0,66.10689
SQQQ,2026-01-06 18:06:00+00:00,66.115,66.13,66.09,66.1178,33035.0,173.0,66.110417
SQQQ,2026-01-06 18:07:00+00:00,66.1116,66.145,66.11,66.11,33597.0,166.0,66.129693
SQQQ,2026-01-06 18:08:00+00:00,66.1054,66.1054,66.04,66.045,46316.0,232.0,66.064877
SQQQ,2026-01-06 18:09:00+00:00,66.05,66.075,66.0405,66.0666,34481.0,163.0,66.057805
SQQQ,2026-01-06 18:10:00+00:00,66.06,66.07,66.04,66.05,37513.0,203.0,66.054716
SQQQ,2026-01-06 18:11:00+00:00,66.055,66.07,66.05,66.07,24244.0,150.0,66.059799
SQQQ,2026-01-06 18:12:00+00:00,66.075,66.08,66.045,66.045,29197.0,156.0,66.063142
SQQQ,2026-01-06 18:13:00+00:00,66.045,66.07,66.0234,66.03,31031.0,141.0,66.039906
SQQQ,2026-01-06 18:14:00+00:00,66.0235,66.04,66.0,66.0,79864.0,269.0,66.008964
SQQQ,2026-01-06 18:15:00+00:00,66.002,66.005,65.94,65.9532,235980.0,607.0,65.987094
SQQQ,2026-01-06 18:16:00+00:00,65.945,65.95,65.9,65.915,86662.0,325.0,65.923753
SQQQ,2026-01-06 18:17:00+00:00,65.915,65.94,65.8899,65.91,168454.0,353.0,65.902411
SQQQ,2026-01-06 18:18:00+00:00,65.9101,65.918,65.88,65.8873,43569.0,185.0,65.896683
SQQQ,2026-01-06 18:19:00+00:00,65.886,65.915,65.885,65.9,32427.0,153.0,65.900321
SQQQ,2026-01-06 18:20:00+00:00,65.89,65.9,65.8801,65.8999,31216.0,146.0,65.890999
SQQQ,2026-01-06 18:21:00+00:00,65.9,65.94,65.895,65.92,50307.0,145.0,65.911858
SQQQ,2026-01-06 18:22:00+00:00,65.92,65.93,65.9,65.93,35402.0,123.0,65.908306
SQQQ,2026-01-06 18:23:00+00:00,65.9198,65.93,65.9,65.9018,32410.0,102.0,65.918884
SQQQ,2026-01-06 18:24:00+00:00,65.91,65.9456,65.9,65.93,24687.0,152.0,65.918627
SQQQ,2026-01-06 18:25:00+00:00,65.93,65.975,65.9233,65.966,29558.0,127.0,65.945641
SQQQ,2026-01-06 18:26:00+00:00,65.975,65.9973,65.95,65.99,43549.0,148.0,65.960995
SQQQ,2026-01-06 18:27:00+00:00,65.99,66.04,65.99,66.04,29962.0,179.0,66.006448
SQQQ,2026-01-06 18:28:00+00:00,66.04,66.04,66.01,66.0254,32810.0,131.0,66.017102
SQQQ,2026-01-06 18:29:00+00:00,66.0213,66.04,66.01,66.0373,39495.0,165.0,66.021772
SQQQ,2026-01-06 18:30:00+00:00,66.035,66.035,66.0,66.02,27458.0,159.0,66.024541
SQQQ,2026-01-06 18:31:00+00:00,66.0199,66.0361,66.0199,66.03,32040.0,119.0,66.027152
SQQQ,2026-01-06 18:32:00+00:00,66.0399,66.0399,65.9643,65.97,59774.0,185.0,66.007452
SQQQ,2026-01-06 18:33:00+00:00,65.97,66.02,65.97,66.02,15199.0,81.0,65.997248
SQQQ,2026-01-06 18:34:00+00:00,66.02,66.1,66.02,66.0799,135768.0,369.0,66.08535
SQQQ,2026-01-06 18:35:00+00:00,66.075,66.075,66.01,66.01,29059.0,182.0,66.048399
SQQQ,2026-01-06 18:36:00+00:00,66.0099,66.025,65.995,66.0099,26118.0,120.0,66.005685
SQQQ,2026-01-06 18:37:00+00:00,66.01,66.02,65.96,65.97,46669.0,188.0,65.983054
SQQQ,2026-01-06 18:38:00+00:00,65.974,66.005,65.97,65.996,15905.0,104.0,65.981356
SQQQ,2026-01-06 18:39:00+00:00,65.9901,66.03,65.99,66.0233,37682.0,125.0,66.016894
SQQQ,2026-01-06 18:40:00+00:00,66.01,66.015,65.9801,66.012,19661.0,97.0,65.996141
SQQQ,2026-01-06 18:41:00+00:00,66.015,66.0179,65.965,65.97,105339.0,240.0,65.976307
SQQQ,2026-01-06 18:42:00+00:00,65.97,65.9796,65.94,65.955,39787.0,148.0,65.962869
SQQQ,2026-01-06 18:43:00+00:00,65.955,65.956,65.87,65.88,136108.0,494.0,65.902769
SQQQ,2026-01-06 18:44:00+00:00,65.88,65.88,65.85,65.854,61917.0,324.0,65.858469
SQQQ,2026-01-06 18:45:00+00:00,65.85,65.86,65.8,65.805,105401.0,568.0,65.823757
SQQQ,2026-01-06 18:46:00+00:00,65.81,65.81,65.73,65.75,140120.0,841.0,65.768715
SQQQ,2026-01-06 18:47:00+00:00,65.751,65.759,65.68,65.6944,91784.0,575.0,65.710632
SQQQ,2026-01-06 18:48:00+00:00,65.695,65.73,65.6935,65.715,121762.0,286.0,65.706685
SQQQ,2026-01-06 18:49:00+00:00,65.715,65.715,65.68,65.71,108130.0,382.0,65.689194
SQQQ,2026-01-06 18:50:00+00:00,65.71,65.745,65.709,65.71,65881.0,272.0,65.72053
SQQQ,2026-01-06 18:51:00+00:00,65.715,65.725,65.6997,65.7097,44887.0,226.0,65.706878
SQQQ,2026-01-06 18:52:00+00:00,65.71,65.7393,65.704,65.7206,28653.0,142.0,65.723277
SQQQ,2026-01-06 18:53:00+00:00,65.72,65.73,65.69,65.695,83619.0,214.0,65.70471
SQQQ,2026-01-06 18:54:00+00:00,65.69,65.735,65.68,65.73,32754.0,185.0,65.701097
SQQQ,2026-01-06 18:55:00+00:00,65.725,65.7556,65.7199,65.745,57913.0,216.0,65.739457
SQQQ,2026-01-06 18:56:00+00:00,65.745,65.7663,65.72,65.76,33569.0,228.0,65.746183
SQQQ,2026-01-06 18:57:00+00:00,65.7516,65.77,65.735,65.75,24415.0,174.0,65.752653
SQQQ,2026-01-06 18:58:00+00:00,65.75,65.755,65.71,65.72,40852.0,149.0,65.731528
SQQQ,2026-01-06 18:59:00+00:00,65.71,65.72,65.68,65.6802,44923.0,213.0,65.697519
SQQQ,2026-01-06 19:00:00+00:00,65.68,65.7,65.64,65.6799,105816.0,500.0,65.659445
SQQQ,2026-01-06 19:01:00+00:00,65.67,65.7,65.655,65.6699,98137.0,361.0,65.674132
SQQQ,2026-01-06 19:02:00+00:00,65.66,65.71,65.65,65.71,29023.0,176.0,65.673669
SQQQ,2026-01-06 19:03:00+00:00,65.72,65.75,65.7118,65.7248,48478.0,203.0,65.728128
SQQQ,2026-01-06 19:04:00+00:00,65.725,65.734,65.71,65.724,31046.0,107.0,65.721765
SQQQ,2026-01-06 19:05:00+00:00,65.715,65.7212,65.67,65.6936,27244.0,140.0,65.698016
SQQQ,2026-01-06 19:06:00+00:00,65.695,65.7299,65.6891,65.725,62219.0,191.0,65.715738
SQQQ,2026-01-06 19:07:00+00:00,65.73,65.755,65.7032,65.7032,31371.0,163.0,65.734226
SQQQ,2026-01-06 19:08:00+00:00,65.71,65.76,65.71,65.7546,31701.0,157.0,65.735214
SQQQ,2026-01-06 19:09:00+00:00,65.75,65.7667,65.7456,65.76,18159.0,120.0,65.753612
SQQQ,2026-01-06 19:10:00+00:00,65.77,65.77,65.73,65.73,102424.0,179.0,65.748135
SQQQ,2026-01-06 19:11:00+00:00,65.75,65.7514,65.7231,65.7231,18491.0,97.0,65.74769
SQQQ,2026-01-06 19:12:00+00:00,65.73,65.735,65.7,65.7,39007.0,192.0,65.71365
SQQQ,2026-01-06 19:13:00+00:00,65.69,65.7,65.6834,65.6873,22285.0,146.0,65.691275
SQQQ,2026-01-06 19:14:00+00:00,65.685,65.685,65.64,65.66,51713.0,245.0,65.659936
SQQQ,2026-01-06 19:15:00+00:00,65.665,65.69,65.66,65.6827,41693.0,109.0,65.670516
SQQQ,2026-01-06 19:16:00+00:00,65.69,65.695,65.66,65.6601,14992.0,117.0,65.678672
SQQQ,2026-01-06 19:17:00+00:00,65.675,65.696,65.675,65.69,25383.0,108.0,65.688723
SQQQ,2026-01-06 19:18:00+00:00,65.7,65.702,65.6893,65.6898,20724.0,149.0,65.697199
SQQQ,2026-01-06 19:19:00+00:00,65.69,65.69,65.65,65.65,28950.0,148.0,65.672135
SQQQ,2026-01-06 19:20:00+00:00,65.6597,65.6673,65.65,65.65,29473.0,108.0,65.658401
SQQQ,2026-01-06 19:21:00+00:00,65.65,65.6799,65.645,65.6486,41848.0,174.0,65.656921
SQQQ,2026-01-06 19:22:00+00:00,65.651,65.66,65.6074,65.63,65109.0,388.0,65.625056
SQQQ,2026-01-06 19:23:00+00:00,65.625,65.65,65.625,65.63,28243.0,156.0,65.637541
SQQQ,2026-01-06 19:24:00+00:00,65.625,65.655,65.624,65.6299,50629.0,141.0,65.6424
SQQQ,2026-01-06 19:25:00+00:00,65.63,65.67,65.63,65.65,31289.0,153.0,65.652348
SQQQ,2026-01-06 19:26:00+00:00,65.6475,65.6677,65.6356,65.64,18802.0,99.0,65.647503
SQQQ,2026-01-06 19:27:00+00:00,65.63,65.67,65.63,65.6445,23846.0,102.0,65.637465
SQQQ,2026-01-06 19:28:00+00:00,65.65,65.66,65.6356,65.6356,23040.0,84.0,65.649893
SQQQ,2026-01-06 19:29:00+00:00,65.64,65.655,65.63,65.64,12699.0,72.0,65.641588
SQQQ,2026-01-06 19:30:00+00:00,65.665,65.67,65.635,65.64,36302.0,131.0,65.652433
SQQQ,2026-01-06 19:31:00+00:00,65.636,65.64,65.61,65.63,57929.0,210.0,65.626107
SQQQ,2026-01-06 19:32:00+00:00,65.6273,65.6346,65.5873,65.5873,50368.0,337.0,65.608429
SQQQ,2026-01-06 19:33:00+00:00,65.5866,65.62,65.5842,65.61,31699.0,129.0,65.601746
SQQQ,2026-01-06 19:34:00+00:00,65.6109,65.625,65.59,65.594,19047.0,125.0,65.609077
SQQQ,2026-01-06 19:35:00+00:00,65.5911,65.605,65.56,65.595,44618.0,220.0,65.584359
SQQQ,2026-01-06 19:36:00+00:00,65.595,65.62,65.59,65.6,26303.0,130.0,65.601169
SQQQ,2026-01-06 19:37:00+00:00,65.605,65.615,65.59,65.61,22415.0,136.0,65.602144
SQQQ,2026-01-06 19:38:00+00:00,65.61,65.63,65.61,65.62,29349.0,99.0,65.620419
SQQQ,2026-01-06 19:39:00+00:00,65.62,65.64,65.6144,65.6308,24787.0,113.0,65.624107
SQQQ,2026-01-06 19:40:00+00:00,65.6317,65.6399,65.59,65.594,24037.0,165.0,65.611812
SQQQ,2026-01-06 19:41:00+00:00,65.595,65.61,65.575,65.575,21950.0,106.0,65.596658
SQQQ,2026-01-06 19:42:00+00:00,65.576,65.59,65.561,65.57,35797.0,178.0,65.575904
SQQQ,2026-01-06 19:43:00+00:00,65.5699,65.575,65.55,65.565,25498.0,193.0,65.558149
SQQQ,2026-01-06 19:44:00+00:00,65.565,65.5999,65.565,65.5999,15535.0,111.0,65.583276
SQQQ,2026-01-06 19:45:00+00:00,65.59,65.6,65.58,65.5856,50661.0,152.0,65.590664
SQQQ,2026-01-06 19:46:00+00:00,65.58,65.586,65.575,65.58,10413.0,101.0,65.580409
SQQQ,2026-01-06 19:47:00+00:00,65.58,65.6,65.57,65.585,20286.0,132.0,65.588148
SQQQ,2026-01-06 19:48:00+00:00,65.58,65.5997,65.575,65.5941,20273.0,110.0,65.58673
SQQQ,2026-01-06 19:49:00+00:00,65.5967,65.605,65.59,65.595,14837.0,82.0,65.600007
SQQQ,2026-01-06 19:50:00+00:00,65.595,65.61,65.59,65.595,18117.0,103.0,65.600843
SQQQ,2026-01-06 19:51:00+00:00,65.59,65.61,65.585,65.6,23234.0,107.0,65.597405
SQQQ,2026-01-06 19:52:00+00:00,65.6,65.6055,65.59,65.595,10804.0,98.0,65.596756
SQQQ,2026-01-06 19:53:00+00:00,65.595,65.6084,65.59,65.5999,24076.0,98.0,65.594376
SQQQ,2026-01-06 19:54:00+00:00,65.6,65.63,65.6,65.6299,44394.0,156.0,65.617805
SQQQ,2026-01-06 19:55:00+00:00,65.63,65.65,65.61,65.65,39689.0,164.0,65.639842
SQQQ,2026-01-06 19:56:00+00:00,65.65,65.665,65.64,65.645,26425.0,164.0,65.652869
SQQQ,2026-01-06 19:57:00+00:00,65.64,65.67,65.6393,65.6567,26301.0,138.0,65.660605
SQQQ,2026-01-06 19:58:00+00:00,65.655,65.655,65.64,65.64,21261.0,133.0,65.643858
SQQQ,2026-01-06 19:59:00+00:00,65.64,65.6644,65.64,65.6456,23063.0,113.0,65.651928
SQQQ,2026-01-06 20:00:00+00:00,65.65,65.68,65.6046,65.6046,78743.0,238.0,65.649944
SQQQ,2026-01-06 20:01:00+00:00,65.6006,65.63,65.59,65.615,31298.0,119.0,65.611052
SQQQ,2026-01-06 20:02:00+00:00,65.61,65.6204,65.6,65.6,43102.0,133.0,65.611492
SQQQ,2026-01-06 20:03:00+00:00,65.6,65.625,65.595,65.625,19255.0,88.0,65.611052
SQQQ,2026-01-06 20:04:00+00:00,65.625,65.6584,65.625,65.645,44455.0,125.0,65.64044
SQQQ,2026-01-06 20:05:00+00:00,65.6499,65.67,65.64,65.6699,24017.0,115.0,65.655699
SQQQ,2026-01-06 20:06:00+00:00,65.66,65.705,65.6549,65.7045,38527.0,166.0,65.68121
SQQQ,2026-01-06 20:07:00+00:00,65.705,65.705,65.68,65.69,22821.0,138.0,65.689093
SQQQ,2026-01-06 20:08:00+00:00,65.6827,65.69,65.66,65.66,24895.0,118.0,65.667071
SQQQ,2026-01-06 20:09:00+00:00,65.67,65.6867,65.6599,65.685,14973.0,106.0,65.671363
SQQQ,2026-01-06 20:10:00+00:00,65.68,65.6801,65.665,65.665,28055.0,151.0,65.674156
SQQQ,2026-01-06 20:11:00+00:00,65.6695,65.6695,65.61,65.61,43210.0,197.0,65.629363
SQQQ,2026-01-06 20:12:00+00:00,65.61,65.635,65.61,65.615,14648.0,115.0,65.623053
SQQQ,2026-01-06 20:13:00+00:00,65.63,65.63,65.615,65.6225,12607.0,66.0,65.620297
SQQQ,2026-01-06 20:14:00+00:00,65.626,65.63,65.6,65.62,21003.0,115.0,65.612159
SQQQ,2026-01-06 20:15:00+00:00,65.62,65.62,65.59,65.597,282828.0,406.0,65.604701
SQQQ,2026-01-06 20:16:00+00:00,65.6,65.6,65.54,65.5902,114668.0,469.0,65.559525
SQQQ,2026-01-06 20:17:00+00:00,65.6,65.6086,65.58,65.595,20059.0,137.0,65.592563
SQQQ,2026-01-06 20:18:00+00:00,65.595,65.61,65.58,65.58,55611.0,140.0,65.588569
SQQQ,2026-01-06 20:19:00+00:00,65.58,65.609,65.57,65.575,58541.0,158.0,65.583787
SQQQ,2026-01-06 20:20:00+00:00,65.575,65.59,65.57,65.59,13798.0,78.0,65.578814
SQQQ,2026-01-06 20:21:00+00:00,65.59,65.595,65.575,65.594,16757.0,79.0,65.584329
SQQQ,2026-01-06 20:22:00+00:00,65.59,65.61,65.585,65.61,16997.0,92.0,65.599422
SQQQ,2026-01-06 20:23:00+00:00,65.61,65.625,65.605,65.61,17081.0,110.0,65.614227
SQQQ,2026-01-06 20:24:00+00:00,65.615,65.625,65.5901,65.625,27108.0,121.0,65.609861
SQQQ,2026-01-06 20:25:00+00:00,65.63,65.635,65.59,65.5999,20637.0,130.0,65.613596
SQQQ,2026-01-06 20:26:00+00:00,65.6,65.61,65.5841,65.605,11562.0,108.0,65.595446
SQQQ,2026-01-06 20:27:00+00:00,65.605,65.615,65.59,65.6,14002.0,119.0,65.601344
SQQQ,2026-01-06 20:28:00+00:00,65.594,65.6103,65.594,65.6,8221.0,70.0,65.600965
SQQQ,2026-01-06 20:29:00+00:00,65.59,65.6338,65.59,65.63,29213.0,101.0,65.605803
SQQQ,2026-01-06 20:30:00+00:00,65.635,65.65,65.6,65.6156,43251.0,230.0,65.6209
SQQQ,2026-01-06 20:31:00+00:00,65.61,65.62,65.595,65.6136,17757.0,155.0,65.612042
SQQQ,2026-01-06 20:32:00+00:00,65.61,65.619,65.605,65.61,20138.0,129.0,65.609896
SQQQ,2026-01-06 20:33:00+00:00,65.605,65.61,65.595,65.61,18008.0,117.0,65.602392
SQQQ,2026-01-06 20:34:00+00:00,65.6,65.6199,65.58,65.605,16186.0,124.0,65.597211
SQQQ,2026-01-06 20:35:00+00:00,65.61,65.62,65.59,65.595,13446.0,95.0,65.605945
SQQQ,2026-01-06 20:36:00+00:00,65.59,65.59,65.5201,65.525,52987.0,273.0,65.546489
SQQQ,2026-01-06 20:37:00+00:00,65.52,65.5354,65.5,65.525,128716.0,588.0,65.512761
SQQQ,2026-01-06 20:38:00+00:00,65.525,65.53,65.5,65.51,80824.0,309.0,65.511225
SQQQ,2026-01-06 20:39:00+00:00,65.5068,65.5199,65.5,65.51,41605.0,168.0,65.508757
SQQQ,2026-01-06 20:40:00+00:00,65.51,65.51,65.48,65.51,131470.0,458.0,65.49761
SQQQ,2026-01-06 20:41:00+00:00,65.51,65.515,65.475,65.4781,53892.0,216.0,65.487408
SQQQ,2026-01-06 20:42:00+00:00,65.4701,65.475,65.44,65.4652,63417.0,369.0,65.457244
SQQQ,2026-01-06 20:43:00+00:00,65.464,65.4997,65.46,65.4699,61633.0,267.0,65.476487
SQQQ,2026-01-06 20:44:00+00:00,65.4699,65.49,65.465,65.485,51959.0,171.0,65.478193
SQQQ,2026-01-06 20:45:00+00:00,65.49,65.51,65.47,65.5,33102.0,207.0,65.495441
SQQQ,2026-01-06 20:46:00+00:00,65.515,65.5299,65.48,65.49,32898.0,182.0,65.500511
SQQQ,2026-01-06 20:47:00+00:00,65.485,65.49,65.44,65.4467,35584.0,216.0,65.471814
SQQQ,2026-01-06 20:48:00+00:00,65.455,65.48,65.435,65.4699,35134.0,238.0,65.456956
SQQQ,2026-01-06 20:49:00+00:00,65.4601,65.49,65.4601,65.47,47697.0,237.0,65.470644
SQQQ,2026-01-06 20:50:00+00:00,65.47,65.52,65.455,65.5,225544.0,1030.0,65.485734
SQQQ,2026-01-06 20:51:00+00:00,65.51,65.53,65.48,65.4893,188648.0,664.0,65.508671
SQQQ,2026-01-06 20:52:00+00:00,65.49,65.54,65.48,65.516,138533.0,927.0,65.523522
SQQQ,2026-01-06 20:53:00+00:00,65.52,65.52,65.44,65.474,142442.0,1034.0,65.468679
SQQQ,2026-01-06 20:54:00+00:00,65.465,65.515,65.44,65.465,198969.0,692.0,65.47502
SQQQ,2026-01-06 20:55:00+00:00,65.46,65.5,65.42,65.485,156487.0,692.0,65.455675
SQQQ,2026-01-06 20:56:00+00:00,65.48,65.49,65.46,65.48,86267.0,259.0,65.47416
SQQQ,2026-01-06 20:57:00+00:00,65.485,65.51,65.44,65.44,159801.0,511.0,65.484171
SQQQ,2026-01-06 20:58:00+00:00,65.435,65.475,65.41,65.46,144724.0,556.0,65.438306
SQQQ,2026-01-06 20:59:00+00:00,65.465,65.59,65.425,65.59,391910.0,1193.0,65.503723
SQQQ,2026-01-06 21:00:00+00:00,65.6,65.61,65.51,65.5301,54259.0,149.0,65.574956
SQQQ,2026-01-06 21:01:00+00:00,65.54,65.58,65.53,65.57,29609.0,123.0,65.554626
SQQQ,2026-01-06 21:02:00+00:00,65.565,65.565,65.54,65.56,13853.0,55.0,65.559755
SQQQ,2026-01-06 21:03:00+00:00,65.56,65.57,65.55,65.57,4162.0,46.0,65.556795
SQQQ,2026-01-06 21:04:00+00:00,65.57,65.575,65.54,65.54,10826.0,49.0,65.560139
SQQQ,2026-01-06 21:05:00+00:00,65.56,65.58,65.56,65.5699,5749.0,60.0,65.569045
SQQQ,2026-01-06 21:06:00+00:00,65.57,65.57,65.5412,65.5412,1237.0,30.0,65.561268
SQQQ,2026-01-06 21:07:00+00:00,65.56,65.56,65.55,65.55,1832.0,23.0,65.55251
SQQQ,2026-01-06 21:08:00+00:00,65.52,65.53,65.52,65.53,3953.0,31.0,65.521523
SQQQ,2026-01-06 21:09:00+00:00,65.52,65.5299,65.515,65.5203,6239.0,20.0,65.520493
SQQQ,2026-01-06 21:10:00+00:00,65.53,65.53,65.52,65.52,1213.0,21.0,65.52821
SQQQ,2026-01-06 21:11:00+00:00,65.53,65.53,65.5,65.5,3340.0,33.0,65.507659
SQQQ,2026-01-06 21:12:00+00:00,65.51,65.5104,65.51,65.5104,623.0,13.0,65.510117
SQQQ,2026-01-06 21:13:00+00:00,65.5,65.52,65.5,65.51,2022.0,21.0,65.507832
SQQQ,2026-01-06 21:14:00+00:00,65.5103,65.54,65.5103,65.54,2984.0,11.0,65.528638
SQQQ,2026-01-06 21:16:00+00:00,65.53,65.53,65.53,65.53,282.0,12.0,65.53
SQQQ,2026-01-06 21:17:00+00:00,65.53,65.53,65.5,65.5,1031.0,18.0,65.504286
SQQQ,2026-01-06 21:18:00+00:00,65.4997,65.509,65.4997,65.5,4164.0,21.0,65.500223
SQQQ,2026-01-06 21:19:00+00:00,65.5,65.5092,65.5,65.5,7356.0,20.0,65.500129
SQQQ,2026-01-06 21:20:00+00:00,65.49,65.51,65.49,65.5,3798.0,23.0,65.501261
SQQQ,2026-01-06 21:21:00+00:00,65.51,65.53,65.51,65.53,4605.0,27.0,65.517609
SQQQ,2026-01-06 21:22:00+00:00,65.52,65.53,65.52,65.53,2684.0,23.0,65.522089
SQQQ,2026-01-06 21:23:00+00:00,65.53,65.53,65.53,65.53,3537.0,30.0,65.53
SQQQ,2026-01-06 21:24:00+00:00,65.5192,65.52,65.5192,65.52,764.0,5.0,65.519733
SQQQ,2026-01-06 21:25:00+00:00,65.5199,65.52,65.5199,65.52,878.0,6.0,65.519919
SQQQ,2026-01-06 21:26:00+00:00,65.51,65.51,65.51,65.51,3625.0,16.0,65.51
SQQQ,2026-01-06 21:27:00+00:00,65.5184,65.5198,65.5184,65.5198,403.0,9.0,65.519331
SQQQ,2026-01-06 21:28:00+00:00,65.5193,65.5207,65.5193,65.5207,2104.0,18.0,65.52
SQQQ,2026-01-06 21:29:00+00:00,65.5201,65.5216,65.52,65.5216,11238.0,31.0,65.520324
SQQQ,2026-01-06 21:30:00+00:00,65.53,65.545,65.5216,65.54,9113.0,30.0,65.533992
SQQQ,2026-01-06 21:31:00+00:00,65.54,65.54,65.54,65.54,3871.0,18.0,65.54
SQQQ,2026-01-06 21:32:00+00:00,65.54,65.54,65.54,65.54,454.0,10.0,65.54
SQQQ,2026-01-06 21:33:00+00:00,65.55,65.56,65.55,65.55,3629.0,14.0,65.550843
SQQQ,2026-01-06 21:34:00+00:00,65.55,65.5501,65.55,65.5501,1039.0,11.0,65.550031
SQQQ,2026-01-06 21:35:00+00:00,65.53,65.54,65.53,65.54,604.0,13.0,65.532353
SQQQ,2026-01-06 21:36:00+00:00,65.52,65.54,65.52,65.54,2960.0,13.0,65.537917
SQQQ,2026-01-06 21:37:00+00:00,65.53,65.54,65.53,65.53,957.0,12.0,65.531256
SQQQ,2026-01-06 21:38:00+00:00,65.54,65.54,65.53,65.53,1192.0,22.0,65.531006
SQQQ,2026-01-06 21:39:00+00:00,65.5309,65.5309,65.52,65.52,691.0,10.0,65.526817
SQQQ,2026-01-06 21:40:00+00:00,65.52,65.52,65.52,65.52,2005.0,16.0,65.52
SQQQ,2026-01-06 21:41:00+00:00,65.52,65.52,65.52,65.52,456.0,13.0,65.52
SQQQ,2026-01-06 21:42:00+00:00,65.51,65.51,65.51,65.51,962.0,12.0,65.51
SQQQ,2026-01-06 21:43:00+00:00,65.5,65.51,65.5,65.5,2624.0,28.0,65.504606
SQQQ,2026-01-06 21:44:00+00:00,65.49,65.49,65.49,65.49,2108.0,30.0,65.49
SQQQ,2026-01-06 21:45:00+00:00,65.49,65.49,65.48,65.48,2251.0,19.0,65.48954
SQQQ,2026-01-06 21:46:00+00:00,65.4801,65.49,65.48,65.4894,3029.0,22.0,65.487191
SQQQ,2026-01-06 21:47:00+00:00,65.4791,65.48,65.4791,65.48,3222.0,73.0,65.479845
SQQQ,2026-01-06 21:48:00+00:00,65.48,65.48,65.48,65.48,115.0,9.0,65.48
SQQQ,2026-01-06 21:49:00+00:00,65.47,65.47,65.47,65.47,397.0,10.0,65.47
SQQQ,2026-01-06 21:50:00+00:00,65.49,65.49,65.49,65.49,1515.0,17.0,65.49
SQQQ,2026-01-06 21:51:00+00:00,65.49,65.49,65.48,65.48,7763.0,45.0,65.489365
SQQQ,2026-01-06 21:53:00+00:00,65.48,65.48,65.4505,65.4505,4214.0,33.0,65.462623
SQQQ,2026-01-06 21:54:00+00:00,65.45,65.4597,65.45,65.4597,1682.0,24.0,65.45194
SQQQ,2026-01-06 21:55:00+00:00,65.47,65.47,65.46,65.47,1550.0,19.0,65.467192
SQQQ,2026-01-06 21:56:00+00:00,65.48,65.48,65.48,65.48,1490.0,18.0,65.48
SQQQ,2026-01-06 21:57:00+00:00,65.48,65.48,65.46,65.46,861.0,17.0,65.466579
SQQQ,2026-01-06 21:58:00+00:00,65.46,65.47,65.45,65.47,1128.0,11.0,65.453681
SQQQ,2026-01-06 21:59:00+00:00,65.45,65.46,65.44,65.4415,1983.0,26.0,65.450232
SQQQ,2026-01-06 22:00:00+00:00,65.4601,65.48,65.4601,65.48,460.0,15.0,65.470025
SQQQ,2026-01-06 22:01:00+00:00,65.45,65.46,65.45,65.45,1549.0,25.0,65.452779
SQQQ,2026-01-06 22:03:00+00:00,65.45,65.4569,65.44,65.4569,3699.0,22.0,65.44737
SQQQ,2026-01-06 22:04:00+00:00,65.43,65.45,65.42,65.45,1227.0,34.0,65.425872
SQQQ,2026-01-06 22:05:00+00:00,65.4578,65.4578,65.42,65.42,461.0,11.0,65.439091
SQQQ,2026-01-06 22:06:00+00:00,65.44,65.4499,65.44,65.4499,581.0,5.0,65.4427
SQQQ,2026-01-06 22:08:00+00:00,65.45,65.45,65.45,65.45,221.0,8.0,65.45
SQQQ,2026-01-06 22:10:00+00:00,65.4305,65.4305,65.4305,65.4305,534.0,3.0,65.4305
SQQQ,2026-01-06 22:11:00+00:00,65.44,65.44,65.43,65.44,776.0,6.0,65.438571
SQQQ,2026-01-06 22:12:00+00:00,65.44,65.44,65.44,65.44,1200.0,8.0,65.44
SQQQ,2026-01-06 22:14:00+00:00,65.44,65.44,65.44,65.44,330.0,5.0,65.44
SQQQ,2026-01-06 22:15:00+00:00,65.45,65.46,65.45,65.46,505.0,4.0,65.454
SQQQ,2026-01-06 22:16:00+00:00,65.46,65.46,65.46,65.46,645.0,10.0,65.46
SQQQ,2026-01-06 22:17:00+00:00,65.46,65.46,65.46,65.46,110.0,3.0,65.46
SQQQ,2026-01-06 22:20:00+00:00,65.47,65.47,65.47,65.47,409.0,11.0,65.47
SQQQ,2026-01-06 22:21:00+00:00,65.48,65.48,65.48,65.48,287.0,14.0,65.48
SQQQ,2026-01-06 22:22:00+00:00,65.48,65.48,65.48,65.48,151.0,5.0,65.48
SQQQ,2026-01-06 22:23:00+00:00,65.4866,65.4866,65.4866,65.4866,250.0,2.0,65.4866
SQQQ,2026-01-06 22:24:00+00:00,65.49,65.49,65.49,65.49,288.0,6.0,65.49
SQQQ,2026-01-06 22:25:00+00:00,65.49,65.49,65.49,65.49,1607.0,20.0,65.49
SQQQ,2026-01-06 22:27:00+00:00,65.45,65.46,65.45,65.46,511.0,15.0,65.453333
SQQQ,2026-01-06 22:28:00+00:00,65.45,65.45,65.44,65.44,529.0,16.0,65.445
SQQQ,2026-01-06 22:29:00+00:00,65.4913,65.4913,65.4913,65.4913,207.0,9.0,65.4913
SQQQ,2026-01-06 22:31:00+00:00,65.45,65.45,65.45,65.45,146.0,6.0,65.45
SQQQ,2026-01-06 22:32:00+00:00,65.45,65.45,65.45,65.45,201.0,4.0,65.45
SQQQ,2026-01-06 22:34:00+00:00,65.47,65.47,65.47,65.47,263.0,6.0,65.47
SQQQ,2026-01-06 22:35:00+00:00,65.48,65.48,65.48,65.48,143.0,3.0,65.48
SQQQ,2026-01-06 22:36:00+00:00,65.47,65.47,65.47,65.47,1168.0,12.0,65.47
SQQQ,2026-01-06 22:39:00+00:00,65.43,65.4316,65.43,65.43,1368.0,20.0,65.430203
SQQQ,2026-01-06 22:40:00+00:00,65.44,65.44,65.44,65.44,430.0,5.0,65.44
SQQQ,2026-01-06 22:45:00+00:00,65.47,65.47,65.47,65.47,439.0,3.0,65.47
SQQQ,2026-01-06 22:47:00+00:00,65.4697,65.4697,65.4697,65.4697,251.0,3.0,65.4697
SQQQ,2026-01-06 22:48:00+00:00,65.47,65.47,65.47,65.47,1562.0,4.0,65.47
SQQQ,2026-01-06 22:49:00+00:00,65.48,65.48,65.48,65.48,202.0,3.0,65.48
SQQQ,2026-01-06 22:50:00+00:00,65.47,65.47,65.47,65.47,278.0,12.0,65.47
SQQQ,2026-01-06 22:52:00+00:00,65.4541,65.4693,65.4541,65.4693,672.0,8.0,65.4617
SQQQ,2026-01-06 22:53:00+00:00,65.47,65.47,65.47,65.47,556.0,9.0,65.47
SQQQ,2026-01-06 22:55:00+00:00,65.46,65.46,65.46,65.46,870.0,2.0,65.46
SQQQ,2026-01-06 22:56:00+00:00,65.4696,65.4696,65.469,65.469,2414.0,15.0,65.469545
SQQQ,2026-01-06 22:57:00+00:00,65.4692,65.47,65.4692,65.47,3148.0,4.0,65.469226
SQQQ,2026-01-06 22:58:00+00:00,65.47,65.47,65.47,65.47,151.0,8.0,65.47
SQQQ,2026-01-06 22:59:00+00:00,65.47,65.47,65.47,65.47,834.0,3.0,65.47
SQQQ,2026-01-06 23:00:00+00:00,65.47,65.51,65.45,65.503,7882.0,77.0,65.474967
SQQQ,2026-01-06 23:01:00+00:00,65.44,65.44,65.38,65.38,14505.0,151.0,65.400395
SQQQ,2026-01-06 23:02:00+00:00,65.39,65.399,65.38,65.399,2537.0,16.0,65.389963
SQQQ,2026-01-06 23:03:00+00:00,65.419,65.419,65.419,65.419,110.0,2.0,65.419
SQQQ,2026-01-06 23:04:00+00:00,65.41,65.41,65.41,65.41,957.0,10.0,65.41
SQQQ,2026-01-06 23:05:00+00:00,65.429,65.429,65.429,65.429,433.0,8.0,65.429
SQQQ,2026-01-06 23:06:00+00:00,65.42,65.47,65.42,65.47,3411.0,22.0,65.450231
SQQQ,2026-01-06 23:07:00+00:00,65.4775,65.4775,65.4775,65.4775,161.0,3.0,65.4775
SQQQ,2026-01-06 23:09:00+00:00,65.44,65.44,65.4001,65.4001,5887.0,24.0,65.435767
SQQQ,2026-01-06 23:10:00+00:00,65.42,65.42,65.42,65.42,585.0,7.0,65.42
SQQQ,2026-01-06 23:11:00+00:00,65.4198,65.4198,65.4198,65.4198,290.0,8.0,65.4198
SQQQ,2026-01-06 23:12:00+00:00,65.42,65.43,65.42,65.4299,898.0,6.0,65.428762
SQQQ,2026-01-06 23:13:00+00:00,65.45,65.45,65.45,65.45,180.0,5.0,65.45
SQQQ,2026-01-06 23:14:00+00:00,65.46,65.48,65.46,65.48,3680.0,12.0,65.460571
SQQQ,2026-01-06 23:15:00+00:00,65.4707,65.4707,65.4707,65.4707,1413.0,3.0,65.4707
SQQQ,2026-01-06 23:17:00+00:00,65.48,65.48,65.48,65.48,890.0,7.0,65.48
SQQQ,2026-01-06 23:18:00+00:00,65.5,65.5,65.5,65.5,173.0,5.0,65.5
SQQQ,2026-01-06 23:19:00+00:00,65.489,65.489,65.4876,65.4889,521.0,7.0,65.48866
SQQQ,2026-01-06 23:21:00+00:00,65.5,65.5098,65.5,65.5,3809.0,19.0,65.500274
SQQQ,2026-01-06 23:22:00+00:00,65.5,65.53,65.5,65.53,3203.0,17.0,65.518414
SQQQ,2026-01-06 23:23:00+00:00,65.52,65.53,65.52,65.5298,5521.0,23.0,65.528159
SQQQ,2026-01-06 23:24:00+00:00,65.5299,65.5299,65.5,65.5012,1681.0,13.0,65.516865
SQQQ,2026-01-06 23:27:00+00:00,65.52,65.529,65.52,65.529,558.0,10.0,65.524825
SQQQ,2026-01-06 23:28:00+00:00,65.51,65.51,65.5088,65.51,2438.0,8.0,65.50995
SQQQ,2026-01-06 23:29:00+00:00,65.51,65.5175,65.4997,65.4997,1416.0,22.0,65.503032
SQQQ,2026-01-06 23:30:00+00:00,65.51,65.5199,65.51,65.5199,510.0,3.0,65.51396
SQQQ,2026-01-06 23:31:00+00:00,65.52,65.52,65.52,65.52,1001.0,2.0,65.52
SQQQ,2026-01-06 23:33:00+00:00,65.53,65.53,65.53,65.53,1412.0,9.0,65.53
SQQQ,2026-01-06 23:34:00+00:00,65.53,65.54,65.53,65.53,876.0,8.0,65.534595
SQQQ,2026-01-06 23:35:00+00:00,65.53,65.53,65.5299,65.5299,1190.0,3.0,65.529982
SQQQ,2026-01-06 23:36:00+00:00,65.52,65.52,65.52,65.52,602.0,11.0,65.52
SQQQ,2026-01-06 23:37:00+00:00,65.52,65.56,65.52,65.56,13946.0,19.0,65.552468
SQQQ,2026-01-06 23:39:00+00:00,65.56,65.5601,65.56,65.5601,817.0,14.0,65.56002
SQQQ,2026-01-06 23:40:00+00:00,65.57,65.57,65.57,65.57,1777.0,12.0,65.57
SQQQ,2026-01-06 23:41:00+00:00,65.56,65.56,65.56,65.56,101.0,2.0,65.56
SQQQ,2026-01-06 23:43:00+00:00,65.541,65.5502,65.541,65.5502,200.0,2.0,65.5456
SQQQ,2026-01-06 23:44:00+00:00,65.5501,65.56,65.5501,65.56,324.0,5.0,65.5534
SQQQ,2026-01-06 23:45:00+00:00,65.5589,65.5589,65.54,65.54,1463.0,7.0,65.555992
SQQQ,2026-01-06 23:46:00+00:00,65.55,65.55,65.55,65.55,155.0,4.0,65.55
SQQQ,2026-01-06 23:47:00+00:00,65.5,65.5,65.5,65.5,723.0,14.0,65.5
SQQQ,2026-01-06 23:48:00+00:00,65.5007,65.5007,65.5003,65.5003,1755.0,6.0,65.500407
SQQQ,2026-01-06 23:51:00+00:00,65.5187,65.5187,65.51,65.5102,884.0,8.0,65.511162
SQQQ,2026-01-06 23:52:00+00:00,65.52,65.52,65.5002,65.5002,587.0,4.0,65.510424
SQQQ,2026-01-06 23:53:00+00:00,65.5,65.5,65.5,65.5,292.0,12.0,65.5
SQQQ,2026-01-06 23:54:00+00:00,65.49,65.49,65.47,65.47,7949.0,31.0,65.484814
SQQQ,2026-01-06 23:55:00+00:00,65.471,65.48,65.471,65.48,973.0,12.0,65.478445
SQQQ,2026-01-06 23:56:00+00:00,65.4791,65.4791,65.47,65.47,740.0,8.0,65.4726
SQQQ,2026-01-06 23:57:00+00:00,65.46,65.46,65.46,65.46,364.0,5.0,65.46
SQQQ,2026-01-06 23:58:00+00:00,65.4788,65.49,65.4788,65.49,2246.0,13.0,65.486033
SQQQ,2026-01-06 23:59:00+00:00,65.5,65.5,65.5,65.5,574.0,4.0,65.5
SQQQ,2026-01-07 00:00:00+00:00,65.5,65.53,65.49,65.53,2799.0,14.0,65.506266
SQQQ,2026-01-07 00:01:00+00:00,65.49,65.49,65.45,65.4696,1497.0,25.0,65.4638
SQQQ,2026-01-07 00:02:00+00:00,65.48,65.4976,65.48,65.4976,669.0,8.0,65.482933
SQQQ,2026-01-07 00:03:00+00:00,65.45,65.45,65.4084,65.41,4396.0,37.0,65.422625
SQQQ,2026-01-07 00:04:00+00:00,65.4,65.4177,65.39,65.4175,3944.0,37.0,65.410719
SQQQ,2026-01-07 00:05:00+00:00,65.4,65.41,65.3999,65.4,1163.0,20.0,65.40295
SQQQ,2026-01-07 00:06:00+00:00,65.38,65.391,65.38,65.391,3253.0,31.0,65.381093
SQQQ,2026-01-07 00:07:00+00:00,65.42,65.43,65.42,65.4204,6199.0,15.0,65.42157
SQQQ,2026-01-07 00:08:00+00:00,65.43,65.43,65.4268,65.43,1564.0,7.0,65.428968
SQQQ,2026-01-07 00:09:00+00:00,65.44,65.44,65.4,65.4,2769.0,16.0,65.404184
SQQQ,2026-01-07 00:10:00+00:00,65.4,65.4505,65.4,65.4505,2150.0,26.0,65.434688
SQQQ,2026-01-07 00:11:00+00:00,65.461,65.461,65.461,65.461,400.0,8.0,65.461
SQQQ,2026-01-07 00:12:00+00:00,65.47,65.49,65.47,65.49,1701.0,16.0,65.474667
SQQQ,2026-01-07 00:13:00+00:00,65.49,65.49,65.4768,65.4768,481.0,6.0,65.485836
SQQQ,2026-01-07 00:15:00+00:00,65.45,65.45,65.45,65.45,254.0,4.0,65.45
SQQQ,2026-01-07 00:18:00+00:00,65.46,65.46,65.46,65.46,130.0,3.0,65.46
SQQQ,2026-01-07 00:19:00+00:00,65.46,65.46,65.45,65.45,904.0,8.0,65.455556
SQQQ,2026-01-07 00:21:00+00:00,65.48,65.48,65.48,65.48,418.0,2.0,65.48
SQQQ,2026-01-07 00:22:00+00:00,65.44,65.44,65.44,65.44,400.0,8.0,65.44
SQQQ,2026-01-07 00:24:00+00:00,65.46,65.46,65.4502,65.4502,979.0,2.0,65.457998
SQQQ,2026-01-07 00:25:00+00:00,65.4488,65.4488,65.4488,65.4488,325.0,7.0,65.4488
SQQQ,2026-01-07 00:26:00+00:00,65.45,65.46,65.45,65.46,343.0,5.0,65.453333
SQQQ,2026-01-07 00:27:00+00:00,65.4496,65.4496,65.44,65.44,1753.0,8.0,65.441346
SQQQ,2026-01-07 00:28:00+00:00,65.4487,65.4487,65.43,65.43,1611.0,12.0,65.441179
SQQQ,2026-01-07 00:29:00+00:00,65.4403,65.4503,65.4403,65.4503,1398.0,6.0,65.444265
SQQQ,2026-01-07 00:30:00+00:00,65.48,65.51,65.48,65.49,3091.0,16.0,65.489831
SQQQ,2026-01-07 00:31:00+00:00,65.5,65.5132,65.5,65.5132,3578.0,11.0,65.511763
SQQQ,2026-01-07 00:32:00+00:00,65.53,65.53,65.53,65.53,158.0,4.0,65.53
SQQQ,2026-01-07 00:34:00+00:00,65.52,65.52,65.5,65.5,1453.0,16.0,65.503879
SQQQ,2026-01-07 00:35:00+00:00,65.4904,65.5,65.4904,65.5,3235.0,5.0,65.499414
SQQQ,2026-01-07 00:36:00+00:00,65.4911,65.5,65.4911,65.5,854.0,4.0,65.497783
SQQQ,2026-01-07 00:37:00+00:00,65.5,65.5,65.5,65.5,402.0,4.0,65.5
SQQQ,2026-01-07 00:38:00+00:00,65.4801,65.51,65.4801,65.51,9039.0,11.0,65.48343
SQQQ,2026-01-07 00:39:00+00:00,65.52,65.52,65.51,65.51,1516.0,8.0,65.510667
SQQQ,2026-01-07 00:40:00+00:00,65.5012,65.5012,65.5012,65.5012,352.0,2.0,65.5012
SQQQ,2026-01-07 00:41:00+00:00,65.53,65.53,65.52,65.52,401.0,9.0,65.526667
SQQQ,2026-01-07 00:42:00+00:00,65.52,65.52,65.52,65.52,4472.0,13.0,65.52
SQQQ,2026-01-07 00:43:00+00:00,65.53,65.5401,65.52,65.52,2743.0,16.0,65.530479
SQQQ,2026-01-07 00:44:00+00:00,65.5292,65.5292,65.52,65.52,640.0,9.0,65.521659
SQQQ,2026-01-07 00:45:00+00:00,65.5,65.5,65.46,65.4602,1154.0,20.0,65.471062
SQQQ,2026-01-07 00:46:00+00:00,65.47,65.47,65.44,65.44,3039.0,18.0,65.447676
SQQQ,2026-01-07 00:47:00+00:00,65.4497,65.45,65.4487,65.4495,1186.0,9.0,65.449664
SQQQ,2026-01-07 00:48:00+00:00,65.46,65.47,65.46,65.47,1206.0,12.0,65.469048
SQQQ,2026-01-07 00:49:00+00:00,65.49,65.49,65.489,65.489,465.0,11.0,65.4895
SQQQ,2026-01-07 00:50:00+00:00,65.47,65.47,65.45,65.45,874.0,18.0,65.46
SQQQ,2026-01-07 00:51:00+00:00,65.44,65.44,65.4301,65.4301,1738.0,9.0,65.438835
SQQQ,2026-01-07 00:52:00+00:00,65.44,65.44,65.4303,65.4303,843.0,12.0,65.437342
SQQQ,2026-01-07 00:53:00+00:00,65.43,65.43,65.42,65.42,2785.0,22.0,65.42821
SQQQ,2026-01-07 00:55:00+00:00,65.42,65.42,65.42,65.42,490.0,7.0,65.42
SQQQ,2026-01-07 00:56:00+00:00,65.44,65.44,65.44,65.44,431.0,5.0,65.44
SQQQ,2026-01-07 00:57:00+00:00,65.43,65.44,65.43,65.4305,2104.0,20.0,65.431577
SQQQ,2026-01-07 00:58:00+00:00,65.44,65.4498,65.44,65.44,2462.0,12.0,65.440852
SQQQ,2026-01-07 00:59:00+00:00,65.45,65.48,65.4413,65.48,3372.0,15.0,65.446245
SQQQ,2026-01-07 09:00:00+00:00,66.03,66.05,66.0,66.05,15824.0,145.0,66.029209
SQQQ,2026-01-07 09:01:00+00:00,66.05,66.06,66.04,66.05,7618.0,45.0,66.049751
SQQQ,2026-01-07 09:02:00+00:00,66.06,66.12,66.04,66.1,28688.0,195.0,66.098878
SQQQ,2026-01-07 09:03:00+00:00,66.13,66.14,66.04,66.04,7261.0,100.0,66.108832
SQQQ,2026-01-07 09:04:00+00:00,66.05,66.05,66.04,66.04,1317.0,29.0,66.047778
SQQQ,2026-01-07 09:05:00+00:00,66.06,66.09,66.06,66.09,1292.0,18.0,66.086364
SQQQ,2026-01-07 09:06:00+00:00,66.12,66.16,66.12,66.16,4708.0,44.0,66.152073
SQQQ,2026-01-07 09:07:00+00:00,66.17,66.17,66.17,66.17,4115.0,54.0,66.17
SQQQ,2026-01-07 09:08:00+00:00,66.17,66.18,66.17,66.18,3122.0,41.0,66.172899
SQQQ,2026-01-07 09:09:00+00:00,66.2,66.2,66.15,66.15,1557.0,30.0,66.177451
SQQQ,2026-01-07 09:10:00+00:00,66.17,66.17,66.16,66.16,1435.0,28.0,66.162317
SQQQ,2026-01-07 09:11:00+00:00,66.14,66.14,66.12,66.12,1217.0,22.0,66.132
SQQQ,2026-01-07 09:12:00+00:00,66.1,66.1,66.1,66.1,391.0,9.0,66.1
SQQQ,2026-01-07 09:14:00+00:00,66.1,66.12,66.1,66.12,7012.0,68.0,66.108579
SQQQ,2026-01-07 09:15:00+00:00,66.1,66.11,66.1,66.11,1022.0,19.0,66.105775
SQQQ,2026-01-07 09:16:00+00:00,66.14,66.14,66.1,66.1,935.0,17.0,66.12
SQQQ,2026-01-07 09:17:00+00:00,66.11,66.11,66.11,66.11,160.0,4.0,66.11
SQQQ,2026-01-07 09:18:00+00:00,66.13,66.14,66.13,66.14,6732.0,67.0,66.133176
SQQQ,2026-01-07 09:19:00+00:00,66.15,66.2,66.15,66.2,2245.0,41.0,66.173333
SQQQ,2026-01-07 09:20:00+00:00,66.19,66.19,66.19,66.19,532.0,8.0,66.19
SQQQ,2026-01-07 09:21:00+00:00,66.19,66.24,66.19,66.24,4604.0,44.0,66.224983
SQQQ,2026-01-07 09:22:00+00:00,66.23,66.23,66.21,66.21,1704.0,21.0,66.212706
SQQQ,2026-01-07 09:23:00+00:00,66.19,66.19,66.19,66.19,2638.0,33.0,66.19
SQQQ,2026-01-07 09:24:00+00:00,66.195,66.2,66.19,66.19,702.0,5.0,66.195821
SQQQ,2026-01-07 09:25:00+00:00,66.21,66.21,66.21,66.21,171.0,4.0,66.21
SQQQ,2026-01-07 09:26:00+00:00,66.21,66.21,66.18,66.18,5779.0,54.0,66.199568
SQQQ,2026-01-07 09:27:00+00:00,66.16,66.16,66.15,66.15,988.0,16.0,66.151449
SQQQ,2026-01-07 09:28:00+00:00,66.13,66.13,66.11,66.12,9254.0,33.0,66.126275
SQQQ,2026-01-07 09:29:00+00:00,66.11,66.11,66.11,66.11,380.0,7.0,66.11
SQQQ,2026-01-07 09:30:00+00:00,66.1,66.1,66.1,66.1,2421.0,29.0,66.1
SQQQ,2026-01-07 09:31:00+00:00,66.09,66.1,66.09,66.1,1280.0,16.0,66.093559
SQQQ,2026-01-07 09:32:00+00:00,66.09,66.09,66.06,66.06,1672.0,18.0,66.075526
SQQQ,2026-01-07 09:33:00+00:00,66.06,66.06,66.06,66.06,363.0,9.0,66.06
SQQQ,2026-01-07 09:34:00+00:00,66.05,66.05,66.04,66.04,1172.0,18.0,66.044444
SQQQ,2026-01-07 09:35:00+00:00,66.05,66.05,66.04,66.04,1481.0,22.0,66.040823
SQQQ,2026-01-07 09:36:00+00:00,66.07,66.08,66.07,66.08,691.0,8.0,66.0725
SQQQ,2026-01-07 09:39:00+00:00,66.11,66.11,66.09,66.09,821.0,10.0,66.104406
SQQQ,2026-01-07 09:40:00+00:00,66.1,66.12,66.1,66.12,1758.0,17.0,66.118691
SQQQ,2026-01-07 09:41:00+00:00,66.12,66.12,66.12,66.12,440.0,19.0,66.12
SQQQ,2026-01-07 09:42:00+00:00,66.1,66.1,66.09,66.09,2901.0,38.0,66.099482
SQQQ,2026-01-07 09:44:00+00:00,66.05,66.07,66.05,66.07,994.0,17.0,66.0596
SQQQ,2026-01-07 09:46:00+00:00,66.05,66.06,66.05,66.06,678.0,21.0,66.0525
SQQQ,2026-01-07 09:48:00+00:00,66.02,66.02,66.02,66.02,413.0,11.0,66.02
SQQQ,2026-01-07 09:49:00+00:00,66.06,66.06,66.06,66.06,342.0,10.0,66.06
SQQQ,2026-01-07 09:51:00+00:00,66.08,66.08,66.08,66.08,1031.0,18.0,66.08
SQQQ,2026-01-07 09:52:00+00:00,66.06,66.06,66.06,66.06,4071.0,49.0,66.06
SQQQ,2026-01-07 09:53:00+00:00,66.07,66.07,66.07,66.07,652.0,15.0,66.07
SQQQ,2026-01-07 09:54:00+00:00,66.06,66.06,66.06,66.06,135.0,5.0,66.06
SQQQ,2026-01-07 09:56:00+00:00,66.05,66.06,66.05,66.06,737.0,12.0,66.052469
SQQQ,2026-01-07 09:57:00+00:00,66.05,66.05,66.04,66.04,1553.0,23.0,66.046721
SQQQ,2026-01-07 09:58:00+00:00,66.05,66.05,66.05,66.05,245.0,2.0,66.05
SQQQ,2026-01-07 09:59:00+00:00,66.04,66.05,66.04,66.04,1995.0,30.0,66.044767
SQQQ,2026-01-07 10:00:00+00:00,66.05,66.05,66.04,66.05,5385.0,43.0,66.049069
SQQQ,2026-01-07 10:01:00+00:00,66.05,66.05,66.05,66.05,1316.0,18.0,66.05
SQQQ,2026-01-07 10:02:00+00:00,66.11,66.11,66.11,66.11,758.0,21.0,66.11
SQQQ,2026-01-07 10:03:00+00:00,66.07,66.07,66.07,66.07,170.0,2.0,66.07
SQQQ,2026-01-07 10:04:00+00:00,66.06,66.06,66.06,66.06,633.0,7.0,66.06
SQQQ,2026-01-07 10:05:00+00:00,66.04,66.04,66.03,66.03,431.0,7.0,66.036667
SQQQ,2026-01-07 10:06:00+00:00,66.01,66.04,66.01,66.04,2495.0,24.0,66.03033
SQQQ,2026-01-07 10:07:00+00:00,66.03,66.03,66.03,66.03,927.0,10.0,66.03
SQQQ,2026-01-07 10:08:00+00:00,66.02,66.02,66.02,66.02,420.0,6.0,66.02
SQQQ,2026-01-07 10:09:00+00:00,66.02,66.02,66.02,66.02,569.0,9.0,66.02
SQQQ,2026-01-07 10:10:00+00:00,66.03,66.03,66.02,66.02,318.0,5.0,66.025
SQQQ,2026-01-07 10:11:00+00:00,66.03,66.03,66.02,66.02,349.0,9.0,66.023333
SQQQ,2026-01-07 10:13:00+00:00,66.02,66.02,65.98,65.98,3119.0,37.0,65.997407
SQQQ,2026-01-07 10:14:00+00:00,66.0,66.0,66.0,66.0,1685.0,5.0,66.0
SQQQ,2026-01-07 10:15:00+00:00,66.0,66.0,66.0,66.0,583.0,15.0,66.0
SQQQ,2026-01-07 10:16:00+00:00,66.04,66.04,66.04,66.04,434.0,6.0,66.04
SQQQ,2026-01-07 10:17:00+00:00,66.05,66.05,66.05,66.05,375.0,5.0,66.05
SQQQ,2026-01-07 10:19:00+00:00,66.08,66.08,66.08,66.08,2884.0,35.0,66.08
SQQQ,2026-01-07 10:20:00+00:00,66.08,66.11,66.08,66.11,10830.0,43.0,66.080391
SQQQ,2026-01-07 10:21:00+00:00,66.1,66.1,66.08,66.08,946.0,14.0,66.09
SQQQ,2026-01-07 10:23:00+00:00,66.08,66.08,66.08,66.08,426.0,11.0,66.08
SQQQ,2026-01-07 10:24:00+00:00,66.09,66.1,66.08,66.1,6196.0,72.0,66.089885
SQQQ,2026-01-07 10:25:00+00:00,66.1,66.11,66.1,66.11,469.0,11.0,66.103333
SQQQ,2026-01-07 10:26:00+00:00,66.16,66.18,66.16,66.18,2548.0,48.0,66.161504
SQQQ,2026-01-07 10:28:00+00:00,66.19,66.19,66.18,66.18,1137.0,16.0,66.185628
SQQQ,2026-01-07 10:29:00+00:00,66.18,66.19,66.18,66.19,2482.0,25.0,66.181312
SQQQ,2026-01-07 10:30:00+00:00,66.2,66.2,66.2,66.2,6615.0,67.0,66.2
SQQQ,2026-01-07 10:32:00+00:00,66.2,66.22,66.2,66.21,6385.0,86.0,66.204755
SQQQ,2026-01-07 10:33:00+00:00,66.21,66.21,66.21,66.21,1713.0,39.0,66.21
SQQQ,2026-01-07 10:35:00+00:00,66.21,66.22,66.2,66.2,5730.0,43.0,66.216559
SQQQ,2026-01-07 10:36:00+00:00,66.17,66.17,66.16,66.16,1198.0,12.0,66.167121
SQQQ,2026-01-07 10:40:00+00:00,66.15,66.15,66.15,66.15,251.0,7.0,66.15
SQQQ,2026-01-07 10:41:00+00:00,66.18,66.18,66.18,66.18,503.0,5.0,66.18
SQQQ,2026-01-07 10:42:00+00:00,66.19,66.2,66.19,66.2,838.0,25.0,66.194
SQQQ,2026-01-07 10:43:00+00:00,66.18,66.19,66.18,66.19,624.0,10.0,66.186667
SQQQ,2026-01-07 10:44:00+00:00,66.2,66.2,66.2,66.2,1138.0,21.0,66.2
SQQQ,2026-01-07 10:45:00+00:00,66.2,66.22,66.2,66.21,1735.0,23.0,66.20788
SQQQ,2026-01-07 10:46:00+00:00,66.23,66.23,66.23,66.23,895.0,13.0,66.23
SQQQ,2026-01-07 10:47:00+00:00,66.21,66.22,66.2,66.22,1545.0,22.0,66.21134
SQQQ,2026-01-07 10:48:00+00:00,66.23,66.23,66.23,66.23,1065.0,17.0,66.23
SQQQ,2026-01-07 10:49:00+00:00,66.22,66.22,66.22,66.22,352.0,7.0,66.22
SQQQ,2026-01-07 10:50:00+00:00,66.21,66.21,66.21,66.21,316.0,8.0,66.21
SQQQ,2026-01-07 10:51:00+00:00,66.19,66.2,66.19,66.2,808.0,9.0,66.19827
SQQQ,2026-01-07 10:52:00+00:00,66.19,66.21,66.19,66.21,616.0,14.0,66.2
SQQQ,2026-01-07 10:53:00+00:00,66.21,66.21,66.21,66.21,740.0,16.0,66.21
SQQQ,2026-01-07 10:54:00+00:00,66.2,66.2,66.2,66.2,1616.0,31.0,66.2
SQQQ,2026-01-07 10:56:00+00:00,66.21,66.21,66.21,66.21,211.0,6.0,66.21
SQQQ,2026-01-07 10:58:00+00:00,66.2,66.2,66.18,66.18,2528.0,29.0,66.196196
SQQQ,2026-01-07 10:59:00+00:00,66.17,66.17,66.15,66.15,1170.0,14.0,66.159836
SQQQ,2026-01-07 11:00:00+00:00,66.15,66.16,66.15,66.16,3214.0,34.0,66.154671
SQQQ,2026-01-07 11:01:00+00:00,66.195,66.195,66.17,66.17,885.0,17.0,66.174167
SQQQ,2026-01-07 11:02:00+00:00,66.18,66.18,66.18,66.18,8466.0,17.0,66.18
SQQQ,2026-01-07 11:03:00+00:00,66.17,66.17,66.15,66.15,6951.0,75.0,66.168762
SQQQ,2026-01-07 11:04:00+00:00,66.17,66.17,66.16,66.16,530.0,9.0,66.163333
SQQQ,2026-01-07 11:05:00+00:00,66.16,66.16,66.16,66.16,300.0,1.0,66.16
SQQQ,2026-01-07 11:07:00+00:00,66.2,66.2,66.19,66.19,485.0,14.0,66.195
SQQQ,2026-01-07 11:08:00+00:00,66.18,66.19,66.18,66.19,432.0,6.0,66.185
SQQQ,2026-01-07 11:10:00+00:00,66.2,66.2,66.2,66.2,176.0,7.0,66.2
SQQQ,2026-01-07 11:11:00+00:00,66.2,66.2,66.15,66.15,1168.0,21.0,66.183511
SQQQ,2026-01-07 11:12:00+00:00,66.12,66.12,66.1,66.1,1161.0,26.0,66.106547
SQQQ,2026-01-07 11:14:00+00:00,66.11,66.11,66.11,66.11,811.0,16.0,66.11
SQQQ,2026-01-07 11:15:00+00:00,66.12,66.12,66.12,66.12,1200.0,19.0,66.12
SQQQ,2026-01-07 11:16:00+00:00,66.1,66.1,66.09,66.1,1257.0,24.0,66.09875
SQQQ,2026-01-07 11:17:00+00:00,66.12,66.12,66.11,66.11,1202.0,21.0,66.11125
SQQQ,2026-01-07 11:18:00+00:00,66.1,66.1,66.1,66.1,1061.0,19.0,66.1
SQQQ,2026-01-07 11:19:00+00:00,66.08,66.08,66.07,66.08,2010.0,22.0,66.075075
SQQQ,2026-01-07 11:20:00+00:00,66.1,66.11,66.1,66.11,501.0,11.0,66.105455
SQQQ,2026-01-07 11:26:00+00:00,66.12,66.12,66.12,66.12,2250.0,28.0,66.12
SQQQ,2026-01-07 11:27:00+00:00,66.14,66.14,66.14,66.14,586.0,18.0,66.14
SQQQ,2026-01-07 11:28:00+00:00,66.15,66.15,66.13,66.13,735.0,10.0,66.143496
SQQQ,2026-01-07 11:31:00+00:00,66.13,66.13,66.13,66.13,897.0,7.0,66.13
SQQQ,2026-01-07 11:33:00+00:00,66.13,66.13,66.11,66.11,2248.0,26.0,66.117684
SQQQ,2026-01-07 11:34:00+00:00,66.07,66.07,66.05,66.05,2922.0,31.0,66.061349
SQQQ,2026-01-07 11:35:00+00:00,66.0,66.04,66.0,66.04,3330.0,68.0,66.003328
SQQQ,2026-01-07 11:36:00+00:00,66.03,66.03,66.03,66.03,1131.0,10.0,66.03
SQQQ,2026-01-07 11:37:00+00:00,66.04,66.04,66.0,66.0,1090.0,14.0,66.023478
SQQQ,2026-01-07 11:38:00+00:00,66.02,66.02,66.02,66.02,130.0,5.0,66.02
SQQQ,2026-01-07 11:39:00+00:00,66.0,66.0,66.0,66.0,499.0,16.0,66.0
SQQQ,2026-01-07 11:40:00+00:00,66.0,66.01,66.0,66.0,1642.0,26.0,66.00391
SQQQ,2026-01-07 11:41:00+00:00,66.01,66.01,66.0,66.0,640.0,17.0,66.005
SQQQ,2026-01-07 11:42:00+00:00,66.0,66.0,66.0,66.0,535.0,6.0,66.0
SQQQ,2026-01-07 11:43:00+00:00,65.98,65.98,65.97,65.97,1022.0,13.0,65.971399
SQQQ,2026-01-07 11:45:00+00:00,66.01,66.01,66.01,66.01,338.0,12.0,66.01
SQQQ,2026-01-07 11:48:00+00:00,66.0,66.01,66.0,66.0,1509.0,22.0,66.000901
SQQQ,2026-01-07 11:49:00+00:00,65.98,66.0,65.98,66.0,1578.0,17.0,65.9893
SQQQ,2026-01-07 11:50:00+00:00,66.0,66.0,66.0,66.0,1170.0,12.0,66.0
SQQQ,2026-01-07 11:51:00+00:00,66.0,66.0,66.0,66.0,609.0,10.0,66.0
SQQQ,2026-01-07 11:52:00+00:00,66.0,66.0,66.0,66.0,2193.0,31.0,66.0
SQQQ,2026-01-07 11:53:00+00:00,65.99,65.99,65.99,65.99,207.0,7.0,65.99
SQQQ,2026-01-07 11:56:00+00:00,65.94,65.96,65.94,65.96,414.0,7.0,65.95
SQQQ,2026-01-07 11:57:00+00:00,65.97,65.97,65.97,65.97,2317.0,26.0,65.97
SQQQ,2026-01-07 12:00:00+00:00,65.93,65.95,65.92,65.94,6552.0,103.0,65.938034
SQQQ,2026-01-07 12:01:00+00:00,65.931,65.96,65.931,65.96,2680.0,36.0,65.957837
SQQQ,2026-01-07 12:02:00+00:00,65.94,65.94,65.92,65.93,1981.0,30.0,65.930332
SQQQ,2026-01-07 12:03:00+00:00,65.94,65.94,65.93,65.93,4161.0,49.0,65.936769
SQQQ,2026-01-07 12:04:00+00:00,65.881,65.9,65.881,65.9,1048.0,15.0,65.88371
SQQQ,2026-01-07 12:05:00+00:00,65.9,65.9,65.87,65.88,4059.0,45.0,65.892007
SQQQ,2026-01-07 12:06:00+00:00,65.88,65.9,65.88,65.89,2084.0,25.0,65.885722
SQQQ,2026-01-07 12:07:00+00:00,65.89,65.91,65.89,65.91,1210.0,16.0,65.902222
SQQQ,2026-01-07 12:08:00+00:00,65.91,65.92,65.9,65.9,16126.0,62.0,65.900311
SQQQ,2026-01-07 12:09:00+00:00,65.9,65.9,65.88,65.88,3657.0,23.0,65.893429
SQQQ,2026-01-07 12:10:00+00:00,65.89,65.89,65.84,65.84,1222.0,18.0,65.870167
SQQQ,2026-01-07 12:11:00+00:00,65.83,65.841,65.82,65.82,1288.0,21.0,65.829053
SQQQ,2026-01-07 12:12:00+00:00,65.83,65.85,65.83,65.85,3213.0,28.0,65.836877
SQQQ,2026-01-07 12:13:00+00:00,65.85,65.88,65.85,65.87,10427.0,93.0,65.861538
SQQQ,2026-01-07 12:14:00+00:00,65.88,65.89,65.88,65.89,1306.0,14.0,65.886009
SQQQ,2026-01-07 12:15:00+00:00,65.89,65.9,65.88,65.88,10009.0,69.0,65.898672
SQQQ,2026-01-07 12:16:00+00:00,65.89,65.89,65.87,65.87,2978.0,37.0,65.886745
SQQQ,2026-01-07 12:17:00+00:00,65.85,65.85,65.84,65.84,945.0,17.0,65.848503
SQQQ,2026-01-07 12:18:00+00:00,65.84,65.87,65.84,65.87,2006.0,18.0,65.84654
SQQQ,2026-01-07 12:19:00+00:00,65.87,65.87,65.85,65.85,957.0,13.0,65.859051
SQQQ,2026-01-07 12:20:00+00:00,65.86,65.86,65.85,65.85,654.0,12.0,65.855
SQQQ,2026-01-07 12:21:00+00:00,65.84,65.84,65.82,65.82,2633.0,34.0,65.833458
SQQQ,2026-01-07 12:22:00+00:00,65.84,65.87,65.84,65.87,1831.0,26.0,65.863103
SQQQ,2026-01-07 12:23:00+00:00,65.83,65.84,65.83,65.84,1405.0,23.0,65.839109
SQQQ,2026-01-07 12:24:00+00:00,65.82,65.84,65.82,65.83,2944.0,34.0,65.830337
SQQQ,2026-01-07 12:25:00+00:00,65.82,65.82,65.82,65.82,1032.0,6.0,65.82
SQQQ,2026-01-07 12:26:00+00:00,65.83,65.85,65.83,65.85,870.0,10.0,65.842308
SQQQ,2026-01-07 12:27:00+00:00,65.85,65.86,65.85,65.86,504.0,9.0,65.85759
SQQQ,2026-01-07 12:28:00+00:00,65.83,65.84,65.83,65.84,3748.0,48.0,65.83676
SQQQ,2026-01-07 12:29:00+00:00,65.86,65.87,65.85,65.87,2048.0,20.0,65.86
SQQQ,2026-01-07 12:31:00+00:00,65.899,65.93,65.899,65.92,2786.0,29.0,65.91955
SQQQ,2026-01-07 12:32:00+00:00,65.94,65.94,65.94,65.94,537.0,10.0,65.94
SQQQ,2026-01-07 12:33:00+00:00,65.93,66.02,65.93,66.0,8940.0,58.0,65.976431
SQQQ,2026-01-07 12:34:00+00:00,65.98,66.0,65.96,66.0,2221.0,20.0,65.980062
SQQQ,2026-01-07 12:35:00+00:00,65.98,66.01,65.98,66.01,2449.0,21.0,65.993175
SQQQ,2026-01-07 12:36:00+00:00,66.01,66.01,65.99,66.0,987.0,15.0,66.005714
SQQQ,2026-01-07 12:37:00+00:00,66.02,66.02,65.98,65.98,4522.0,31.0,66.003314
SQQQ,2026-01-07 12:38:00+00:00,66.02,66.02,66.0,66.02,1090.0,18.0,66.017814
SQQQ,2026-01-07 12:39:00+00:00,65.99,65.99,65.97,65.98,2357.0,28.0,65.976332
SQQQ,2026-01-07 12:40:00+00:00,65.98,66.0,65.98,65.99,5057.0,30.0,65.981766
SQQQ,2026-01-07 12:41:00+00:00,65.97,65.97,65.96,65.96,2024.0,14.0,65.960541
SQQQ,2026-01-07 12:42:00+00:00,65.93,65.93,65.91,65.91,10674.0,35.0,65.929415
SQQQ,2026-01-07 12:43:00+00:00,65.92,65.92,65.91,65.91,610.0,11.0,65.916667
SQQQ,2026-01-07 12:44:00+00:00,65.91,65.92,65.91,65.92,3179.0,19.0,65.917914
SQQQ,2026-01-07 12:45:00+00:00,65.92,65.92,65.9,65.9,1014.0,19.0,65.913333
SQQQ,2026-01-07 12:46:00+00:00,65.89,65.89,65.87,65.87,519.0,9.0,65.883333
SQQQ,2026-01-07 12:47:00+00:00,65.87,65.88,65.87,65.88,242.0,5.0,65.875
SQQQ,2026-01-07 12:48:00+00:00,65.86,65.87,65.86,65.87,1042.0,13.0,65.864809
SQQQ,2026-01-07 12:49:00+00:00,65.86,65.87,65.85,65.86,4407.0,42.0,65.856833
SQQQ,2026-01-07 12:50:00+00:00,65.87,65.9,65.87,65.9,3632.0,26.0,65.895394
SQQQ,2026-01-07 12:51:00+00:00,65.93,65.93,65.91,65.91,2293.0,17.0,65.92
SQQQ,2026-01-07 12:52:00+00:00,65.91,65.92,65.9,65.92,1078.0,23.0,65.907143
SQQQ,2026-01-07 12:53:00+00:00,65.92,65.92,65.92,65.92,2194.0,14.0,65.92
SQQQ,2026-01-07 12:54:00+00:00,65.92,65.93,65.9,65.93,3633.0,37.0,65.914882
SQQQ,2026-01-07 12:55:00+00:00,65.95,65.96,65.95,65.96,5733.0,34.0,65.950404
SQQQ,2026-01-07 12:56:00+00:00,65.98,65.98,65.97,65.97,838.0,14.0,65.976117
SQQQ,2026-01-07 12:57:00+00:00,65.95,65.95,65.95,65.95,5033.0,35.0,65.95
SQQQ,2026-01-07 12:58:00+00:00,65.92,65.92,65.92,65.92,1734.0,27.0,65.92
SQQQ,2026-01-07 12:59:00+00:00,65.93,65.93,65.93,65.93,388.0,8.0,65.93
SQQQ,2026-01-07 13:00:00+00:00,65.94,66.24,65.81,66.0,288310.0,1396.0,65.976582
SQQQ,2026-01-07 13:01:00+00:00,65.94,66.03,65.71,66.0,188223.0,883.0,65.918203
SQQQ,2026-01-07 13:02:00+00:00,66.06,66.17,65.79,65.87,12042.0,71.0,66.011064
SQQQ,2026-01-07 13:03:00+00:00,65.97,65.97,65.94,65.94,2131.0,15.0,65.96133
SQQQ,2026-01-07 13:04:00+00:00,65.96,65.97,65.94,65.94,5533.0,37.0,65.947768
SQQQ,2026-01-07 13:05:00+00:00,65.9497,65.9497,65.92,65.92,3168.0,38.0,65.92539
SQQQ,2026-01-07 13:06:00+00:00,65.94,65.94,65.94,65.94,1846.0,15.0,65.94
SQQQ,2026-01-07 13:07:00+00:00,65.95,65.96,65.95,65.95,702.0,13.0,65.9525
SQQQ,2026-01-07 13:08:00+00:00,65.94,65.94,65.93,65.94,2006.0,27.0,65.936516
SQQQ,2026-01-07 13:09:00+00:00,65.94,65.97,65.94,65.97,6164.0,71.0,65.952747
SQQQ,2026-01-07 13:10:00+00:00,65.96,65.97,65.96,65.97,2481.0,21.0,65.968565
SQQQ,2026-01-07 13:11:00+00:00,65.9587,65.98,65.9587,65.98,25458.0,23.0,65.960069
SQQQ,2026-01-07 13:12:00+00:00,65.98,66.0,65.97,66.0,9055.0,33.0,65.993095
SQQQ,2026-01-07 13:13:00+00:00,65.99,65.9905,65.96,65.96,9190.0,51.0,65.980228
SQQQ,2026-01-07 13:14:00+00:00,65.97,65.97,65.94,65.96,3338.0,17.0,65.950809
SQQQ,2026-01-07 13:15:00+00:00,65.96,65.96,65.9099,65.93,6424.0,42.0,65.934032
SQQQ,2026-01-07 13:16:00+00:00,65.92,65.92,65.9,65.92,4792.0,30.0,65.909956
SQQQ,2026-01-07 13:17:00+00:00,65.91,65.91,65.9,65.9098,1051.0,14.0,65.907644
SQQQ,2026-01-07 13:18:00+00:00,65.9,65.92,65.88,65.92,8669.0,68.0,65.896774
SQQQ,2026-01-07 13:19:00+00:00,65.9,65.94,65.89,65.93,5059.0,54.0,65.915158
SQQQ,2026-01-07 13:20:00+00:00,65.93,65.93,65.87,65.91,45485.0,243.0,65.904139
SQQQ,2026-01-07 13:21:00+00:00,65.91,65.93,65.87,65.9,12115.0,49.0,65.90291
SQQQ,2026-01-07 13:22:00+00:00,65.89,65.9101,65.89,65.89,2473.0,23.0,65.898899
SQQQ,2026-01-07 13:23:00+00:00,65.91,65.93,65.91,65.93,2609.0,11.0,65.929203
SQQQ,2026-01-07 13:24:00+00:00,65.93,65.9389,65.92,65.92,2611.0,25.0,65.932196
SQQQ,2026-01-07 13:25:00+00:00,65.9,65.92,65.87,65.89,15080.0,36.0,65.885326
SQQQ,2026-01-07 13:26:00+00:00,65.9,65.9097,65.88,65.88,3756.0,25.0,65.896457
SQQQ,2026-01-07 13:27:00+00:00,65.88,65.89,65.86,65.88,9797.0,43.0,65.882552
SQQQ,2026-01-07 13:28:00+00:00,65.88,65.8917,65.87,65.88,14722.0,39.0,65.88079
SQQQ,2026-01-07 13:29:00+00:00,65.86,65.88,65.85,65.86,7556.0,52.0,65.8671
SQQQ,2026-01-07 13:30:00+00:00,65.86,65.86,65.79,65.79,19932.0,169.0,65.835932
SQQQ,2026-01-07 13:31:00+00:00,65.79,65.8099,65.76,65.7602,2289.0,40.0,65.774616
SQQQ,2026-01-07 13:32:00+00:00,65.77,65.7892,65.75,65.7892,20543.0,75.0,65.767412
SQQQ,2026-01-07 13:33:00+00:00,65.8,65.8203,65.8,65.8203,60074.0,51.0,65.801259
SQQQ,2026-01-07 13:34:00+00:00,65.82,65.87,65.8099,65.87,11800.0,60.0,65.820497
SQQQ,2026-01-07 13:35:00+00:00,65.88,65.9,65.86,65.9,10712.0,68.0,65.883548
SQQQ,2026-01-07 13:36:00+00:00,65.9006,65.92,65.89,65.9,38251.0,93.0,65.909822
SQQQ,2026-01-07 13:37:00+00:00,65.91,65.91,65.86,65.86,10277.0,84.0,65.882282
SQQQ,2026-01-07 13:38:00+00:00,65.87,65.875,65.85,65.86,3930.0,38.0,65.858592
SQQQ,2026-01-07 13:39:00+00:00,65.85,65.87,65.77,65.79,53359.0,271.0,65.829049
SQQQ,2026-01-07 13:40:00+00:00,65.83,65.83,65.75,65.75,13279.0,91.0,65.804136
SQQQ,2026-01-07 13:41:00+00:00,65.74,65.77,65.74,65.7409,10032.0,51.0,65.759908
SQQQ,2026-01-07 13:42:00+00:00,65.75,65.76,65.73,65.73,13003.0,66.0,65.742235
SQQQ,2026-01-07 13:43:00+00:00,65.73,65.74,65.72,65.7303,6806.0,51.0,65.732938
SQQQ,2026-01-07 13:44:00+00:00,65.73,65.75,65.73,65.74,3532.0,20.0,65.735734
SQQQ,2026-01-07 13:45:00+00:00,65.76,65.7701,65.76,65.76,1711.0,11.0,65.762947
SQQQ,2026-01-07 13:46:00+00:00,65.76,65.79,65.76,65.79,2339.0,21.0,65.778926
SQQQ,2026-01-07 13:47:00+00:00,65.79,65.845,65.78,65.83,7363.0,46.0,65.80362
SQQQ,2026-01-07 13:48:00+00:00,65.84,65.84,65.8,65.8,1798.0,25.0,65.821818
SQQQ,2026-01-07 13:49:00+00:00,65.81,65.8185,65.77,65.78,4815.0,38.0,65.803972
SQQQ,2026-01-07 13:50:00+00:00,65.83,65.88,65.825,65.86,50967.0,205.0,65.867338
SQQQ,2026-01-07 13:51:00+00:00,65.87,65.87,65.84,65.84,46763.0,99.0,65.866064
SQQQ,2026-01-07 13:52:00+00:00,65.84,65.84,65.79,65.8,37857.0,148.0,65.820743
SQQQ,2026-01-07 13:53:00+00:00,65.825,65.825,65.79,65.79,1485.0,14.0,65.811166
SQQQ,2026-01-07 13:54:00+00:00,65.79,65.805,65.765,65.79,10649.0,91.0,65.784085
SQQQ,2026-01-07 13:55:00+00:00,65.77,65.79,65.77,65.78,1091.0,18.0,65.775
SQQQ,2026-01-07 13:56:00+00:00,65.78,65.795,65.775,65.775,7953.0,20.0,65.780768
SQQQ,2026-01-07 13:57:00+00:00,65.78,65.79,65.765,65.7685,27160.0,95.0,65.777946
SQQQ,2026-01-07 13:58:00+00:00,65.77,65.77,65.76,65.77,27129.0,53.0,65.769238
SQQQ,2026-01-07 13:59:00+00:00,65.77,65.78,65.755,65.76,10414.0,57.0,65.766051
SQQQ,2026-01-07 14:00:00+00:00,65.76,65.83,65.76,65.83,9814.0,49.0,65.797779
SQQQ,2026-01-07 14:01:00+00:00,65.85,65.86,65.83,65.86,5127.0,36.0,65.846965
SQQQ,2026-01-07 14:02:00+00:00,65.84,65.84,65.77,65.82,12282.0,50.0,65.79538
SQQQ,2026-01-07 14:03:00+00:00,65.83,65.85,65.83,65.85,2932.0,27.0,65.840505
SQQQ,2026-01-07 14:04:00+00:00,65.85,65.86,65.83,65.86,2290.0,23.0,65.845697
SQQQ,2026-01-07 14:05:00+00:00,65.87,65.93,65.87,65.92,77140.0,103.0,65.877815
SQQQ,2026-01-07 14:06:00+00:00,65.93,65.96,65.93,65.94,17536.0,115.0,65.942867
SQQQ,2026-01-07 14:07:00+00:00,65.94,65.9412,65.905,65.91,18440.0,88.0,65.912012
SQQQ,2026-01-07 14:08:00+00:00,65.92,65.925,65.89,65.92,4335.0,37.0,65.907738
SQQQ,2026-01-07 14:09:00+00:00,65.91,65.915,65.89,65.91,4640.0,36.0,65.905565
SQQQ,2026-01-07 14:10:00+00:00,65.91,65.91,65.9,65.9,2785.0,28.0,65.905365
SQQQ,2026-01-07 14:11:00+00:00,65.89,65.9,65.88,65.9,4899.0,42.0,65.889191
SQQQ,2026-01-07 14:12:00+00:00,65.9,65.91,65.8999,65.9,3020.0,33.0,65.902307
SQQQ,2026-01-07 14:13:00+00:00,65.91,65.91,65.865,65.87,16773.0,26.0,65.892811
SQQQ,2026-01-07 14:14:00+00:00,65.88,65.88,65.87,65.87,2195.0,32.0,65.873047
SQQQ,2026-01-07 14:15:00+00:00,65.9,65.905,65.85,65.86,5861.0,26.0,65.87106
SQQQ,2026-01-07 14:16:00+00:00,65.85,65.86,65.84,65.8498,8317.0,61.0,65.84999
SQQQ,2026-01-07 14:17:00+00:00,65.84,65.84,65.81,65.82,2867.0,27.0,65.825529
SQQQ,2026-01-07 14:18:00+00:00,65.8395,65.8395,65.81,65.83,7988.0,33.0,65.828506
SQQQ,2026-01-07 14:19:00+00:00,65.83,65.83,65.82,65.83,5847.0,34.0,65.824314
SQQQ,2026-01-07 14:20:00+00:00,65.83,65.845,65.83,65.84,3235.0,24.0,65.832969
SQQQ,2026-01-07 14:21:00+00:00,65.85,65.89,65.85,65.89,3886.0,32.0,65.865099
SQQQ,2026-01-07 14:22:00+00:00,65.88,65.89,65.87,65.88,5810.0,49.0,65.879907
SQQQ,2026-01-07 14:23:00+00:00,65.89,65.945,65.89,65.93,17917.0,70.0,65.916026
SQQQ,2026-01-07 14:24:00+00:00,65.95,65.95,65.88,65.88,7868.0,61.0,65.92255
SQQQ,2026-01-07 14:25:00+00:00,65.87,65.88,65.7815,65.79,19963.0,138.0,65.834715
SQQQ,2026-01-07 14:26:00+00:00,65.8,65.83,65.7899,65.7899,17504.0,60.0,65.808323
SQQQ,2026-01-07 14:27:00+00:00,65.78,65.82,65.76,65.76,10194.0,65.0,65.791272
SQQQ,2026-01-07 14:28:00+00:00,65.79,65.84,65.77,65.77,14451.0,85.0,65.803274
SQQQ,2026-01-07 14:29:00+00:00,65.8,65.8,65.75,65.75,14280.0,32.0,65.773666
SQQQ,2026-01-07 14:30:00+00:00,65.76,65.86,65.61,65.85,643679.0,2376.0,65.734785
SQQQ,2026-01-07 14:31:00+00:00,65.84,65.9099,65.7595,65.84,304093.0,1748.0,65.847989
SQQQ,2026-01-07 14:32:00+00:00,65.84,65.8593,65.7189,65.7189,222313.0,1182.0,65.783298
SQQQ,2026-01-07 14:33:00+00:00,65.71,65.71,65.563,65.67,246618.0,1277.0,65.625749
SQQQ,2026-01-07 14:34:00+00:00,65.67,65.67,65.5146,65.5178,175331.0,988.0,65.595257
SQQQ,2026-01-07 14:35:00+00:00,65.525,65.525,65.435,65.4868,381253.0,1507.0,65.484186
SQQQ,2026-01-07 14:36:00+00:00,65.49,65.7,65.44,65.615,276369.0,1291.0,65.541748
SQQQ,2026-01-07 14:37:00+00:00,65.61,65.6601,65.57,65.625,211924.0,839.0,65.610649
SQQQ,2026-01-07 14:38:00+00:00,65.63,65.64,65.48,65.535,151288.0,801.0,65.561373
SQQQ,2026-01-07 14:39:00+00:00,65.54,65.549,65.41,65.4188,141075.0,766.0,65.468819
SQQQ,2026-01-07 14:40:00+00:00,65.41,65.5,65.395,65.48,179951.0,835.0,65.446298
SQQQ,2026-01-07 14:41:00+00:00,65.4799,65.48,65.2,65.22,780995.0,2723.0,65.318428
SQQQ,2026-01-07 14:42:00+00:00,65.23,65.38,65.225,65.36,194783.0,859.0,65.331387
SQQQ,2026-01-07 14:43:00+00:00,65.35,65.4,65.25,65.375,104658.0,701.0,65.31417
SQQQ,2026-01-07 14:44:00+00:00,65.38,65.38,65.2699,65.2699,88093.0,618.0,65.324104
SQQQ,2026-01-07 14:45:00+00:00,65.275,65.38,65.25,65.3499,172261.0,963.0,65.297961
SQQQ,2026-01-07 14:46:00+00:00,65.3401,65.36,65.16,65.1699,182181.0,935.0,65.267619
SQQQ,2026-01-07 14:47:00+00:00,65.16,65.22,65.16,65.21,152370.0,916.0,65.190374
SQQQ,2026-01-07 14:48:00+00:00,65.21,65.28,65.144,65.16,141064.0,940.0,65.212849
SQQQ,2026-01-07 14:49:00+00:00,65.1517,65.29,65.1442,65.25,110651.0,796.0,65.206007
SQQQ,2026-01-07 14:50:00+00:00,65.27,65.295,65.18,65.26,144234.0,823.0,65.224316
SQQQ,2026-01-07 14:51:00+00:00,65.2585,65.34,65.2456,65.325,159099.0,919.0,65.310339
SQQQ,2026-01-07 14:52:00+00:00,65.32,65.36,65.21,65.2344,161181.0,874.0,65.29324
SQQQ,2026-01-07 14:53:00+00:00,65.235,65.2574,65.1415,65.1601,138656.0,668.0,65.216094
SQQQ,2026-01-07 14:54:00+00:00,65.165,65.3048,65.15,65.285,85132.0,522.0,65.225567
SQQQ,2026-01-07 14:55:00+00:00,65.28,65.2892,65.14,65.145,183894.0,752.0,65.211012
SQQQ,2026-01-07 14:56:00+00:00,65.1454,65.195,65.1,65.16,147574.0,824.0,65.134621
SQQQ,2026-01-07 14:57:00+00:00,65.16,65.28,65.155,65.2499,107243.0,507.0,65.204809
SQQQ,2026-01-07 14:58:00+00:00,65.25,65.27,65.185,65.27,77016.0,428.0,65.228697
SQQQ,2026-01-07 14:59:00+00:00,65.26,65.29,65.225,65.2501,81980.0,346.0,65.25417
SQQQ,2026-01-07 15:00:00+00:00,65.25,65.51,65.21,65.46,448607.0,1501.0,65.401531
SQQQ,2026-01-07 15:01:00+00:00,65.46,65.585,65.4042,65.5844,326350.0,1137.0,65.488028
SQQQ,2026-01-07 15:02:00+00:00,65.59,65.595,65.46,65.47,158887.0,882.0,65.532666
SQQQ,2026-01-07 15:03:00+00:00,65.475,65.5773,65.475,65.49,103688.0,638.0,65.534593
SQQQ,2026-01-07 15:04:00+00:00,65.48,65.5484,65.35,65.37,134797.0,701.0,65.419649
SQQQ,2026-01-07 15:05:00+00:00,65.37,65.44,65.32,65.35,120574.0,686.0,65.37939
SQQQ,2026-01-07 15:06:00+00:00,65.35,65.365,65.2,65.2,192250.0,743.0,65.24879
SQQQ,2026-01-07 15:07:00+00:00,65.2,65.2684,65.1901,65.235,83595.0,538.0,65.224759
SQQQ,2026-01-07 15:08:00+00:00,65.23,65.32,65.21,65.3,117719.0,572.0,65.275062
SQQQ,2026-01-07 15:09:00+00:00,65.29,65.2907,65.24,65.26,90644.0,502.0,65.271381
SQQQ,2026-01-07 15:10:00+00:00,65.25,65.29,65.18,65.19,108326.0,617.0,65.240366
SQQQ,2026-01-07 15:11:00+00:00,65.22,65.2656,65.2,65.21,75088.0,447.0,65.22888
SQQQ,2026-01-07 15:12:00+00:00,65.21,65.24,65.16,65.1699,109705.0,586.0,65.192789
SQQQ,2026-01-07 15:13:00+00:00,65.17,65.286,65.17,65.2711,95301.0,413.0,65.231867
SQQQ,2026-01-07 15:14:00+00:00,65.26,65.3,65.2101,65.24,73912.0,440.0,65.25192
SQQQ,2026-01-07 15:15:00+00:00,65.245,65.42,65.24,65.42,265103.0,1018.0,65.381684
SQQQ,2026-01-07 15:16:00+00:00,65.42,65.44,65.36,65.3891,121418.0,503.0,65.396743
SQQQ,2026-01-07 15:17:00+00:00,65.39,65.5266,65.39,65.5105,201220.0,796.0,65.475025
SQQQ,2026-01-07 15:18:00+00:00,65.51,65.52,65.41,65.42,109945.0,472.0,65.45876
SQQQ,2026-01-07 15:19:00+00:00,65.4195,65.4356,65.36,65.4168,115717.0,456.0,65.3836
SQQQ,2026-01-07 15:20:00+00:00,65.42,65.475,65.3701,65.385,73721.0,470.0,65.41803
SQQQ,2026-01-07 15:21:00+00:00,65.4,65.4,65.28,65.29,78216.0,482.0,65.333401
SQQQ,2026-01-07 15:22:00+00:00,65.295,65.36,65.266,65.33,50146.0,329.0,65.314193
SQQQ,2026-01-07 15:23:00+00:00,65.3299,65.35,65.29,65.325,34794.0,246.0,65.315367
SQQQ,2026-01-07 15:24:00+00:00,65.3155,65.345,65.23,65.2799,45718.0,308.0,65.294128
SQQQ,2026-01-07 15:25:00+00:00,65.25,65.34,65.22,65.33,61568.0,332.0,65.294356
SQQQ,2026-01-07 15:26:00+00:00,65.3356,65.41,65.33,65.335,60599.0,309.0,65.374914
SQQQ,2026-01-07 15:27:00+00:00,65.3356,65.3356,65.2541,65.265,61837.0,382.0,65.294632
SQQQ,2026-01-07 15:28:00+00:00,65.262,65.262,65.12,65.14,242685.0,958.0,65.17879
SQQQ,2026-01-07 15:29:00+00:00,65.1426,65.2084,65.1101,65.1967,70821.0,453.0,65.15884
SQQQ,2026-01-07 15:30:00+00:00,65.1972,65.21,65.1557,65.195,77557.0,500.0,65.184676
SQQQ,2026-01-07 15:31:00+00:00,65.19,65.26,65.18,65.21,100933.0,449.0,65.211401
SQQQ,2026-01-07 15:32:00+00:00,65.22,65.22,65.06,65.0601,137256.0,834.0,65.118355
SQQQ,2026-01-07 15:33:00+00:00,65.06,65.09,65.0358,65.0697,100713.0,670.0,65.063101
SQQQ,2026-01-07 15:34:00+00:00,65.0656,65.1,65.05,65.071,77112.0,485.0,65.074192
SQQQ,2026-01-07 15:35:00+00:00,65.0699,65.0699,64.94,64.9599,203446.0,1620.0,64.994078
SQQQ,2026-01-07 15:36:00+00:00,64.95,64.9966,64.9234,64.976,105542.0,537.0,64.960393
SQQQ,2026-01-07 15:37:00+00:00,64.975,65.0101,64.966,64.98,55076.0,358.0,64.986542
SQQQ,2026-01-07 15:38:00+00:00,64.97,65.4544,64.965,65.44,642852.0,2515.0,65.246476
SQQQ,2026-01-07 15:39:00+00:00,65.44,65.605,65.29,65.3002,1001716.0,3797.0,65.449945
SQQQ,2026-01-07 15:40:00+00:00,65.29,65.3,65.13,65.1594,152411.0,810.0,65.21831
SQQQ,2026-01-07 15:41:00+00:00,65.1401,65.2625,65.13,65.25,105923.0,549.0,65.198554
SQQQ,2026-01-07 15:42:00+00:00,65.245,65.31,65.22,65.2701,91093.0,503.0,65.261412
SQQQ,2026-01-07 15:43:00+00:00,65.27,65.39,65.24,65.37,294186.0,1051.0,65.357754
SQQQ,2026-01-07 15:44:00+00:00,65.37,65.41,65.2319,65.2601,202917.0,916.0,65.327307
SQQQ,2026-01-07 15:45:00+00:00,65.29,65.3,65.14,65.14,176169.0,528.0,65.22342
SQQQ,2026-01-07 15:46:00+00:00,65.14,65.155,65.1,65.1209,92312.0,460.0,65.124262
SQQQ,2026-01-07 15:47:00+00:00,65.12,65.13,65.035,65.0468,156623.0,631.0,65.064906
SQQQ,2026-01-07 15:48:00+00:00,65.04,65.04,64.96,64.98,202632.0,659.0,64.996546
SQQQ,2026-01-07 15:49:00+00:00,64.9865,64.99,64.8901,64.95,137968.0,777.0,64.929929
SQQQ,2026-01-07 15:50:00+00:00,64.95,64.99,64.915,64.93,84596.0,449.0,64.958585
SQQQ,2026-01-07 15:51:00+00:00,64.9212,64.94,64.87,64.915,138551.0,709.0,64.898682
SQQQ,2026-01-07 15:52:00+00:00,64.91,64.92,64.88,64.88,57998.0,339.0,64.901208
SQQQ,2026-01-07 15:53:00+00:00,64.89,64.91,64.855,64.87,63223.0,448.0,64.878399
SQQQ,2026-01-07 15:54:00+00:00,64.87,64.9101,64.87,64.895,77920.0,352.0,64.890406
SQQQ,2026-01-07 15:55:00+00:00,64.895,64.95,64.895,64.9,65489.0,387.0,64.917366
SQQQ,2026-01-07 15:56:00+00:00,64.89,64.94,64.8852,64.9099,92918.0,351.0,64.911344
SQQQ,2026-01-07 15:57:00+00:00,64.91,64.93,64.8932,64.91,28504.0,231.0,64.911378
SQQQ,2026-01-07 15:58:00+00:00,64.9,64.915,64.88,64.88,29926.0,265.0,64.897162
SQQQ,2026-01-07 15:59:00+00:00,64.88,64.92,64.8736,64.895,38074.0,252.0,64.900511
SQQQ,2026-01-07 16:00:00+00:00,64.89,64.9065,64.78,64.8,170282.0,1146.0,64.829019
SQQQ,2026-01-07 16:01:00+00:00,64.796,64.82,64.79,64.8,57241.0,368.0,64.803335
SQQQ,2026-01-07 16:02:00+00:00,64.8,64.82,64.78,64.786,69262.0,355.0,64.803297
SQQQ,2026-01-07 16:03:00+00:00,64.7827,64.8,64.74,64.775,103742.0,600.0,64.768527
SQQQ,2026-01-07 16:04:00+00:00,64.77,64.795,64.765,64.785,57839.0,307.0,64.781931
SQQQ,2026-01-07 16:05:00+00:00,64.78,64.82,64.76,64.795,70117.0,340.0,64.796002
SQQQ,2026-01-07 16:06:00+00:00,64.79,64.81,64.774,64.79,44295.0,205.0,64.789564
SQQQ,2026-01-07 16:07:00+00:00,64.7975,64.81,64.78,64.81,49516.0,256.0,64.798728
SQQQ,2026-01-07 16:08:00+00:00,64.81,64.815,64.7844,64.814,35321.0,198.0,64.799236
SQQQ,2026-01-07 16:09:00+00:00,64.81,64.81,64.765,64.785,41332.0,221.0,64.787537
SQQQ,2026-01-07 16:10:00+00:00,64.79,64.82,64.785,64.805,44772.0,231.0,64.804853
SQQQ,2026-01-07 16:11:00+00:00,64.805,64.835,64.78,64.7901,44377.0,294.0,64.813875
SQQQ,2026-01-07 16:12:00+00:00,64.79,64.79,64.75,64.75,52668.0,367.0,64.768025
SQQQ,2026-01-07 16:13:00+00:00,64.75,64.77,64.72,64.7685,68457.0,373.0,64.742731
SQQQ,2026-01-07 16:14:00+00:00,64.7637,64.78,64.745,64.765,92709.0,299.0,64.765065
SQQQ,2026-01-07 16:15:00+00:00,64.75,64.779,64.73,64.735,31820.0,221.0,64.756243
SQQQ,2026-01-07 16:16:00+00:00,64.73,64.795,64.73,64.785,40570.0,224.0,64.76697
SQQQ,2026-01-07 16:17:00+00:00,64.79,64.79,64.76,64.765,24685.0,184.0,64.771236
SQQQ,2026-01-07 16:18:00+00:00,64.77,64.81,64.77,64.7831,43709.0,224.0,64.783363
SQQQ,2026-01-07 16:19:00+00:00,64.7831,64.8159,64.78,64.78,51167.0,207.0,64.796762
SQQQ,2026-01-07 16:20:00+00:00,64.79,64.8899,64.785,64.855,66746.0,381.0,64.849994
SQQQ,2026-01-07 16:21:00+00:00,64.8566,64.87,64.83,64.8699,34481.0,243.0,64.849321
SQQQ,2026-01-07 16:22:00+00:00,64.8625,64.89,64.845,64.89,49971.0,241.0,64.866891
SQQQ,2026-01-07 16:23:00+00:00,64.9,64.92,64.885,64.92,69746.0,365.0,64.902299
SQQQ,2026-01-07 16:24:00+00:00,64.92,64.95,64.9,64.93,90517.0,387.0,64.928227
SQQQ,2026-01-07 16:25:00+00:00,64.9198,65.0237,64.91,65.011,153620.0,703.0,64.968718
SQQQ,2026-01-07 16:26:00+00:00,65.015,65.03,64.96,65.0,60070.0,328.0,64.991921
SQQQ,2026-01-07 16:27:00+00:00,64.9801,65.0001,64.9801,65.0,27188.0,147.0,64.994891
SQQQ,2026-01-07 16:28:00+00:00,64.995,65.08,64.995,65.08,167003.0,582.0,65.047777
SQQQ,2026-01-07 16:29:00+00:00,65.09,65.09,64.9642,64.9642,70650.0,364.0,65.0279
SQQQ,2026-01-07 16:30:00+00:00,64.9698,65.01,64.92,64.9919,56801.0,326.0,64.96697
SQQQ,2026-01-07 16:31:00+00:00,64.98,64.98,64.9101,64.93,40448.0,280.0,64.930346
SQQQ,2026-01-07 16:32:00+00:00,64.93,64.93,64.88,64.9,73812.0,287.0,64.90551
SQQQ,2026-01-07 16:33:00+00:00,64.91,64.93,64.8602,64.8699,43054.0,260.0,64.903995
SQQQ,2026-01-07 16:34:00+00:00,64.8733,64.94,64.8701,64.92,53805.0,295.0,64.91433
SQQQ,2026-01-07 16:35:00+00:00,64.905,64.91,64.86,64.88,20579.0,169.0,64.886855
SQQQ,2026-01-07 16:36:00+00:00,64.87,64.94,64.87,64.929,36700.0,226.0,64.909777
SQQQ,2026-01-07 16:37:00+00:00,64.925,64.94,64.9,64.915,59567.0,190.0,64.916001
SQQQ,2026-01-07 16:38:00+00:00,64.9199,64.9558,64.9,64.9299,21052.0,157.0,64.929578
SQQQ,2026-01-07 16:39:00+00:00,64.93,64.93,64.8732,64.8874,52039.0,134.0,64.889128
SQQQ,2026-01-07 16:40:00+00:00,64.8877,64.89,64.81,64.81,48657.0,283.0,64.833738
SQQQ,2026-01-07 16:41:00+00:00,64.815,64.825,64.78,64.805,69614.0,305.0,64.808631
SQQQ,2026-01-07 16:42:00+00:00,64.8099,64.8099,64.74,64.755,93274.0,396.0,64.768628
SQQQ,2026-01-07 16:43:00+00:00,64.755,64.76,64.62,64.63,236633.0,1193.0,64.703373
SQQQ,2026-01-07 16:44:00+00:00,64.63,64.6469,64.59,64.6198,83382.0,479.0,64.619849
SQQQ,2026-01-07 16:45:00+00:00,64.615,64.6399,64.5299,64.5299,113380.0,738.0,64.572407
SQQQ,2026-01-07 16:46:00+00:00,64.5298,64.53,64.46,64.485,164022.0,1056.0,64.496623
SQQQ,2026-01-07 16:47:00+00:00,64.485,64.515,64.465,64.48,84254.0,428.0,64.492126
SQQQ,2026-01-07 16:48:00+00:00,64.48,64.529,64.4701,64.505,54261.0,340.0,64.502306
SQQQ,2026-01-07 16:49:00+00:00,64.505,64.565,64.5,64.55,51132.0,338.0,64.543692
SQQQ,2026-01-07 16:50:00+00:00,64.55,64.5901,64.53,64.545,90089.0,363.0,64.557846
SQQQ,2026-01-07 16:51:00+00:00,64.545,64.585,64.53,64.53,48298.0,282.0,64.561815
SQQQ,2026-01-07 16:52:00+00:00,64.53,64.545,64.515,64.5297,34720.0,240.0,64.527775
SQQQ,2026-01-07 16:53:00+00:00,64.5246,64.55,64.52,64.5306,39967.0,219.0,64.532283
SQQQ,2026-01-07 16:54:00+00:00,64.5406,64.55,64.53,64.53,26484.0,220.0,64.539692
SQQQ,2026-01-07 16:55:00+00:00,64.52,64.527,64.4699,64.4846,96192.0,507.0,64.496488
SQQQ,2026-01-07 16:56:00+00:00,64.495,64.495,64.43,64.435,76964.0,479.0,64.46048
SQQQ,2026-01-07 16:57:00+00:00,64.4314,64.446,64.4036,64.4036,40962.0,371.0,64.425471
SQQQ,2026-01-07 16:58:00+00:00,64.41,64.43,64.405,64.415,73556.0,287.0,64.412722
SQQQ,2026-01-07 16:59:00+00:00,64.415,64.45,64.405,64.41,314196.0,955.0,64.420273
SQQQ,2026-01-07 17:00:00+00:00,64.41,64.42,64.375,64.385,107178.0,591.0,64.400389
SQQQ,2026-01-07 17:01:00+00:00,64.385,64.43,64.38,64.41,38946.0,296.0,64.406178
SQQQ,2026-01-07 17:02:00+00:00,64.4,64.425,64.38,64.425,93383.0,258.0,64.404997
SQQQ,2026-01-07 17:03:00+00:00,64.4255,64.445,64.3926,64.3963,51039.0,265.0,64.425029
SQQQ,2026-01-07 17:04:00+00:00,64.39,64.3961,64.3721,64.385,36450.0,247.0,64.383302
SQQQ,2026-01-07 17:05:00+00:00,64.385,64.385,64.33,64.3427,57695.0,376.0,64.356973
SQQQ,2026-01-07 17:06:00+00:00,64.3407,64.3407,64.3,64.31,80485.0,443.0,64.313485
SQQQ,2026-01-07 17:07:00+00:00,64.3,64.33,64.27,64.28,57100.0,415.0,64.298887
SQQQ,2026-01-07 17:08:00+00:00,64.28,64.3,64.2701,64.275,59503.0,288.0,64.282428
SQQQ,2026-01-07 17:09:00+00:00,64.27,64.32,64.27,64.3001,49255.0,278.0,64.295128
SQQQ,2026-01-07 17:10:00+00:00,64.305,64.33,64.29,64.32,81190.0,303.0,64.311864
SQQQ,2026-01-07 17:11:00+00:00,64.315,64.35,64.31,64.3402,39382.0,219.0,64.325742
SQQQ,2026-01-07 17:12:00+00:00,64.345,64.37,64.3299,64.3557,96780.0,268.0,64.354216
SQQQ,2026-01-07 17:13:00+00:00,64.36,64.4,64.3527,64.385,41233.0,248.0,64.382346
SQQQ,2026-01-07 17:14:00+00:00,64.3832,64.4,64.36,64.365,30218.0,195.0,64.385512
SQQQ,2026-01-07 17:15:00+00:00,64.36,64.405,64.36,64.385,39977.0,150.0,64.381262
SQQQ,2026-01-07 17:16:00+00:00,64.3899,64.4,64.3638,64.3638,22175.0,151.0,64.380442
SQQQ,2026-01-07 17:17:00+00:00,64.37,64.3701,64.32,64.36,56038.0,248.0,64.348635
SQQQ,2026-01-07 17:18:00+00:00,64.355,64.39,64.34,64.35,47963.0,190.0,64.364895
SQQQ,2026-01-07 17:19:00+00:00,64.355,64.355,64.325,64.33,35996.0,177.0,64.341639
SQQQ,2026-01-07 17:20:00+00:00,64.32,64.33,64.3,64.3246,28943.0,198.0,64.313156
SQQQ,2026-01-07 17:21:00+00:00,64.3201,64.3201,64.3001,64.31,26899.0,122.0,64.310992
SQQQ,2026-01-07 17:22:00+00:00,64.31,64.3199,64.295,64.3,33497.0,183.0,64.306089
SQQQ,2026-01-07 17:23:00+00:00,64.3,64.306,64.255,64.2699,60982.0,320.0,64.275481
SQQQ,2026-01-07 17:24:00+00:00,64.2673,64.29,64.26,64.28,21498.0,136.0,64.276853
SQQQ,2026-01-07 17:25:00+00:00,64.285,64.315,64.2799,64.315,24152.0,173.0,64.296108
SQQQ,2026-01-07 17:26:00+00:00,64.31,64.32,64.28,64.299,33500.0,185.0,64.30364
SQQQ,2026-01-07 17:27:00+00:00,64.295,64.35,64.295,64.34,23752.0,148.0,64.326554
SQQQ,2026-01-07 17:28:00+00:00,64.335,64.3396,64.2527,64.2699,47595.0,291.0,64.29018
SQQQ,2026-01-07 17:29:00+00:00,64.26,64.2899,64.2501,64.285,54883.0,185.0,64.268997
SQQQ,2026-01-07 17:30:00+00:00,64.29,64.33,64.29,64.3099,50547.0,234.0,64.313676
SQQQ,2026-01-07 17:31:00+00:00,64.3063,64.3101,64.29,64.295,53825.0,196.0,64.302722
SQQQ,2026-01-07 17:32:00+00:00,64.295,64.36,64.295,64.3556,84857.0,333.0,64.324478
SQQQ,2026-01-07 17:33:00+00:00,64.345,64.3499,64.3,64.3052,33396.0,184.0,64.32001
SQQQ,2026-01-07 17:34:00+00:00,64.305,64.31,64.29,64.31,34310.0,160.0,64.304804
SQQQ,2026-01-07 17:35:00+00:00,64.315,64.37,64.3132,64.34,35745.0,181.0,64.342951
SQQQ,2026-01-07 17:36:00+00:00,64.34,64.35,64.32,64.345,43185.0,122.0,64.339508
SQQQ,2026-01-07 17:37:00+00:00,64.35,64.36,64.334,64.35,16293.0,123.0,64.34724
SQQQ,2026-01-07 17:38:00+00:00,64.35,64.3699,64.3144,64.3205,42770.0,175.0,64.330822
SQQQ,2026-01-07 17:39:00+00:00,64.32,64.325,64.3,64.315,28522.0,143.0,64.309361
SQQQ,2026-01-07 17:40:00+00:00,64.32,64.34,64.31,64.325,29572.0,180.0,64.325356
SQQQ,2026-01-07 17:41:00+00:00,64.325,64.33,64.295,64.3,28702.0,173.0,64.303979
SQQQ,2026-01-07 17:42:00+00:00,64.295,64.32,64.295,64.31,3875.0,65.0,64.313128
SQQQ,2026-01-07 17:43:00+00:00,64.3,64.3044,64.24,64.2468,70941.0,447.0,64.264752
SQQQ,2026-01-07 17:44:00+00:00,64.24,64.24,64.21,64.2299,57644.0,296.0,64.221581
SQQQ,2026-01-07 17:45:00+00:00,64.235,64.25,64.21,64.25,73803.0,262.0,64.237365
SQQQ,2026-01-07 17:46:00+00:00,64.245,64.2834,64.24,64.2799,38463.0,198.0,64.266383
SQQQ,2026-01-07 17:47:00+00:00,64.2799,64.2858,64.27,64.279,16219.0,117.0,64.277743
SQQQ,2026-01-07 17:48:00+00:00,64.2798,64.3183,64.2744,64.3183,26960.0,139.0,64.282836
SQQQ,2026-01-07 17:49:00+00:00,64.315,64.3199,64.28,64.305,39694.0,166.0,64.297657
SQQQ,2026-01-07 17:50:00+00:00,64.31,64.39,64.31,64.36,178165.0,544.0,64.355626
SQQQ,2026-01-07 17:51:00+00:00,64.3568,64.411,64.35,64.4075,91588.0,404.0,64.391408
SQQQ,2026-01-07 17:52:00+00:00,64.415,64.4668,64.38,64.3914,116037.0,488.0,64.425703
SQQQ,2026-01-07 17:53:00+00:00,64.3998,64.4298,64.3844,64.3844,50788.0,288.0,64.406537
SQQQ,2026-01-07 17:54:00+00:00,64.385,64.42,64.375,64.395,49758.0,242.0,64.397922
SQQQ,2026-01-07 17:55:00+00:00,64.395,64.4299,64.39,64.3951,68379.0,268.0,64.414491
SQQQ,2026-01-07 17:56:00+00:00,64.395,64.4399,64.3301,64.42,77739.0,342.0,64.379043
SQQQ,2026-01-07 17:57:00+00:00,64.4268,64.43,64.4,64.42,25283.0,175.0,64.421129
SQQQ,2026-01-07 17:58:00+00:00,64.43,64.45,64.4199,64.4199,28753.0,195.0,64.437561
SQQQ,2026-01-07 17:59:00+00:00,64.4255,64.4299,64.38,64.4,41928.0,226.0,64.395676
SQQQ,2026-01-07 18:00:00+00:00,64.4,64.4556,64.38,64.4556,66126.0,267.0,64.425694
SQQQ,2026-01-07 18:01:00+00:00,64.4494,64.46,64.41,64.41,67347.0,303.0,64.440353
SQQQ,2026-01-07 18:02:00+00:00,64.4043,64.4386,64.4043,64.4298,13498.0,142.0,64.421844
SQQQ,2026-01-07 18:03:00+00:00,64.43,64.46,64.424,64.46,30518.0,170.0,64.443487
SQQQ,2026-01-07 18:04:00+00:00,64.46,64.49,64.43,64.47,52034.0,277.0,64.47265
SQQQ,2026-01-07 18:05:00+00:00,64.4649,64.5,64.46,64.478,98060.0,365.0,64.477763
SQQQ,2026-01-07 18:06:00+00:00,64.4799,64.485,64.4415,64.46,24204.0,194.0,64.455127
SQQQ,2026-01-07 18:07:00+00:00,64.45,64.4919,64.45,64.4579,30635.0,164.0,64.480837
SQQQ,2026-01-07 18:08:00+00:00,64.4699,64.47,64.4446,64.46,57784.0,188.0,64.455492
SQQQ,2026-01-07 18:09:00+00:00,64.4556,64.4699,64.43,64.4601,15184.0,113.0,64.445209
SQQQ,2026-01-07 18:10:00+00:00,64.47,64.525,64.47,64.485,54588.0,315.0,64.499361
SQQQ,2026-01-07 18:11:00+00:00,64.4832,64.55,64.4832,64.55,30897.0,211.0,64.528989
SQQQ,2026-01-07 18:12:00+00:00,64.545,64.56,64.5,64.51,47245.0,249.0,64.535951
SQQQ,2026-01-07 18:13:00+00:00,64.505,64.5282,64.4734,64.475,32649.0,189.0,64.490644
SQQQ,2026-01-07 18:14:00+00:00,64.4766,64.4819,64.46,64.46,33118.0,197.0,64.46984
SQQQ,2026-01-07 18:15:00+00:00,64.464,64.63,64.464,64.58,92838.0,463.0,64.572288
SQQQ,2026-01-07 18:16:00+00:00,64.575,64.5854,64.5309,64.5555,67999.0,269.0,64.564349
SQQQ,2026-01-07 18:17:00+00:00,64.56,64.5975,64.55,64.55,39920.0,239.0,64.561639
SQQQ,2026-01-07 18:18:00+00:00,64.5663,64.5875,64.55,64.5727,33449.0,186.0,64.565523
SQQQ,2026-01-07 18:19:00+00:00,64.58,64.6309,64.57,64.57,71856.0,372.0,64.601106
SQQQ,2026-01-07 18:20:00+00:00,64.58,64.6076,64.58,64.6,37170.0,224.0,64.595916
SQQQ,2026-01-07 18:21:00+00:00,64.6099,64.62,64.585,64.6114,21720.0,155.0,64.60563
SQQQ,2026-01-07 18:22:00+00:00,64.62,64.65,64.595,64.64,41089.0,267.0,64.62657
SQQQ,2026-01-07 18:23:00+00:00,64.6498,64.675,64.585,64.6089,83617.0,365.0,64.632232
SQQQ,2026-01-07 18:24:00+00:00,64.61,64.63,64.585,64.625,45857.0,150.0,64.611661
SQQQ,2026-01-07 18:25:00+00:00,64.63,64.69,64.63,64.677,137079.0,493.0,64.663742
SQQQ,2026-01-07 18:26:00+00:00,64.677,64.6801,64.64,64.655,41903.0,209.0,64.651488
SQQQ,2026-01-07 18:27:00+00:00,64.66,64.67,64.59,64.635,38524.0,194.0,64.617272
SQQQ,2026-01-07 18:28:00+00:00,64.64,64.7,64.63,64.686,46209.0,274.0,64.674215
SQQQ,2026-01-07 18:29:00+00:00,64.68,64.7222,64.67,64.7,108035.0,285.0,64.698891
SQQQ,2026-01-07 18:30:00+00:00,64.7,64.7,64.5901,64.6056,72159.0,342.0,64.637951
SQQQ,2026-01-07 18:31:00+00:00,64.59,64.7022,64.574,64.69,69348.0,346.0,64.641479
SQQQ,2026-01-07 18:32:00+00:00,64.6875,64.69,64.6501,64.68,27664.0,205.0,64.670216
SQQQ,2026-01-07 18:33:00+00:00,64.68,64.687,64.58,64.58,47793.0,220.0,64.626572
SQQQ,2026-01-07 18:34:00+00:00,64.5801,64.5801,64.53,64.535,56177.0,267.0,64.56016
SQQQ,2026-01-07 18:35:00+00:00,64.54,64.5871,64.54,64.5699,39297.0,279.0,64.554101
SQQQ,2026-01-07 18:36:00+00:00,64.56,64.606,64.56,64.6,40039.0,218.0,64.584632
SQQQ,2026-01-07 18:37:00+00:00,64.6,64.6,64.53,64.53,27290.0,160.0,64.550922
SQQQ,2026-01-07 18:38:00+00:00,64.535,64.55,64.53,64.54,23459.0,125.0,64.543945
SQQQ,2026-01-07 18:39:00+00:00,64.54,64.55,64.525,64.53,19977.0,105.0,64.541225
SQQQ,2026-01-07 18:40:00+00:00,64.52,64.52,64.45,64.465,79412.0,329.0,64.485418
SQQQ,2026-01-07 18:41:00+00:00,64.4627,64.47,64.425,64.4272,68306.0,277.0,64.449932
SQQQ,2026-01-07 18:42:00+00:00,64.42,64.4399,64.39,64.41,94239.0,419.0,64.406037
SQQQ,2026-01-07 18:43:00+00:00,64.4,64.45,64.39,64.3999,51804.0,196.0,64.425518
SQQQ,2026-01-07 18:44:00+00:00,64.4,64.4099,64.38,64.3901,24710.0,160.0,64.396117
SQQQ,2026-01-07 18:45:00+00:00,64.416,64.46,64.41,64.445,40074.0,201.0,64.439223
SQQQ,2026-01-07 18:46:00+00:00,64.44,64.44,64.42,64.4292,21861.0,136.0,64.430518
SQQQ,2026-01-07 18:47:00+00:00,64.4294,64.4294,64.37,64.38,79742.0,271.0,64.411382
SQQQ,2026-01-07 18:48:00+00:00,64.38,64.4,64.3715,64.395,13276.0,92.0,64.388115
SQQQ,2026-01-07 18:49:00+00:00,64.394,64.3957,64.37,64.37,11773.0,83.0,64.384332
SQQQ,2026-01-07 18:50:00+00:00,64.375,64.38,64.34,64.37,60212.0,279.0,64.359876
SQQQ,2026-01-07 18:51:00+00:00,64.365,64.3766,64.345,64.3599,40489.0,151.0,64.358784
SQQQ,2026-01-07 18:52:00+00:00,64.36,64.3656,64.3398,64.35,25616.0,142.0,64.349639
SQQQ,2026-01-07 18:53:00+00:00,64.355,64.37,64.34,64.3697,18602.0,83.0,64.360584
SQQQ,2026-01-07 18:54:00+00:00,64.365,64.395,64.35,64.385,54567.0,185.0,64.372416
SQQQ,2026-01-07 18:55:00+00:00,64.385,64.48,64.375,64.48,47394.0,291.0,64.444658
SQQQ,2026-01-07 18:56:00+00:00,64.4863,64.5456,64.48,64.53,75989.0,321.0,64.50612
SQQQ,2026-01-07 18:57:00+00:00,64.535,64.5372,64.49,64.5251,42961.0,194.0,64.51668
SQQQ,2026-01-07 18:58:00+00:00,64.53,64.55,64.5,64.51,45925.0,169.0,64.530766
SQQQ,2026-01-07 18:59:00+00:00,64.51,64.515,64.48,64.505,39021.0,165.0,64.49765
SQQQ,2026-01-07 19:00:00+00:00,64.51,64.5399,64.51,64.524,26378.0,180.0,64.522411
SQQQ,2026-01-07 19:01:00+00:00,64.53,64.5705,64.5285,64.5619,27777.0,199.0,64.555909
SQQQ,2026-01-07 19:02:00+00:00,64.5646,64.6,64.521,64.53,64110.0,285.0,64.560452
SQQQ,2026-01-07 19:03:00+00:00,64.5299,64.58,64.5299,64.565,33221.0,126.0,64.544827
SQQQ,2026-01-07 19:04:00+00:00,64.57,64.575,64.515,64.5256,42572.0,179.0,64.549449
SQQQ,2026-01-07 19:05:00+00:00,64.525,64.61,64.525,64.6026,27010.0,152.0,64.569117
SQQQ,2026-01-07 19:06:00+00:00,64.605,64.62,64.57,64.58,39920.0,224.0,64.600612
SQQQ,2026-01-07 19:07:00+00:00,64.575,64.61,64.56,64.605,17831.0,118.0,64.582837
SQQQ,2026-01-07 19:08:00+00:00,64.6,64.62,64.57,64.62,43233.0,237.0,64.591534
SQQQ,2026-01-07 19:09:00+00:00,64.62,64.7187,64.61,64.665,87759.0,452.0,64.664582
SQQQ,2026-01-07 19:10:00+00:00,64.67,64.8376,64.66,64.81,136135.0,726.0,64.769891
SQQQ,2026-01-07 19:11:00+00:00,64.82,64.83,64.71,64.75,84124.0,373.0,64.768915
SQQQ,2026-01-07 19:12:00+00:00,64.76,64.8257,64.74,64.8068,77004.0,366.0,64.790343
SQQQ,2026-01-07 19:13:00+00:00,64.805,64.9199,64.8,64.8219,139522.0,601.0,64.850815
SQQQ,2026-01-07 19:14:00+00:00,64.825,64.8258,64.77,64.785,83851.0,342.0,64.789379
SQQQ,2026-01-07 19:15:00+00:00,64.79,64.9,64.765,64.8897,107308.0,421.0,64.861401
SQQQ,2026-01-07 19:16:00+00:00,64.8914,64.99,64.84,64.95,147638.0,815.0,64.925833
SQQQ,2026-01-07 19:17:00+00:00,64.95,64.97,64.87,64.9001,113322.0,466.0,64.917592
SQQQ,2026-01-07 19:18:00+00:00,64.9,64.9,64.85,64.8785,64791.0,314.0,64.869466
SQQQ,2026-01-07 19:19:00+00:00,64.88,64.89,64.8,64.81,37374.0,193.0,64.843223
SQQQ,2026-01-07 19:20:00+00:00,64.8179,64.89,64.815,64.89,30215.0,200.0,64.860794
SQQQ,2026-01-07 19:21:00+00:00,64.895,64.91,64.8637,64.89,21115.0,180.0,64.888126
SQQQ,2026-01-07 19:22:00+00:00,64.8965,64.93,64.88,64.93,22157.0,124.0,64.900952
SQQQ,2026-01-07 19:23:00+00:00,64.9154,64.92,64.84,64.9,55235.0,229.0,64.884909
SQQQ,2026-01-07 19:24:00+00:00,64.8951,64.9268,64.881,64.9198,33419.0,131.0,64.902572
SQQQ,2026-01-07 19:25:00+00:00,64.91,64.9699,64.9,64.96,31556.0,221.0,64.936543
SQQQ,2026-01-07 19:26:00+00:00,64.98,64.99,64.95,64.9644,37623.0,260.0,64.971903
SQQQ,2026-01-07 19:27:00+00:00,64.9607,64.99,64.955,64.96,22319.0,176.0,64.968544
SQQQ,2026-01-07 19:28:00+00:00,64.965,64.98,64.9599,64.96,46203.0,184.0,64.970503
SQQQ,2026-01-07 19:29:00+00:00,64.9678,64.97,64.9187,64.935,33953.0,212.0,64.93349
SQQQ,2026-01-07 19:30:00+00:00,64.92,64.98,64.91,64.92,24044.0,225.0,64.953805
SQQQ,2026-01-07 19:31:00+00:00,64.9167,64.925,64.8499,64.8499,68951.0,388.0,64.888919
SQQQ,2026-01-07 19:32:00+00:00,64.85,64.86,64.82,64.83,44281.0,227.0,64.836493
SQQQ,2026-01-07 19:33:00+00:00,64.82,64.83,64.79,64.8001,46396.0,189.0,64.813016
SQQQ,2026-01-07 19:34:00+00:00,64.816,64.83,64.8,64.8101,20992.0,122.0,64.816261
SQQQ,2026-01-07 19:35:00+00:00,64.81,64.8588,64.785,64.8346,23091.0,137.0,64.824162
SQQQ,2026-01-07 19:36:00+00:00,64.835,64.875,64.81,64.81,32206.0,180.0,64.850002
SQQQ,2026-01-07 19:37:00+00:00,64.8156,64.8287,64.8041,64.825,16463.0,98.0,64.814074
SQQQ,2026-01-07 19:38:00+00:00,64.8144,64.82,64.8,64.82,13126.0,105.0,64.811381
SQQQ,2026-01-07 19:39:00+00:00,64.82,64.8234,64.7699,64.7701,34417.0,148.0,64.789073
SQQQ,2026-01-07 19:40:00+00:00,64.8,64.87,64.795,64.86,28939.0,170.0,64.829655
SQQQ,2026-01-07 19:41:00+00:00,64.86,64.8801,64.84,64.88,22776.0,194.0,64.868582
SQQQ,2026-01-07 19:42:00+00:00,64.8807,64.89,64.825,64.825,19330.0,146.0,64.859076
SQQQ,2026-01-07 19:43:00+00:00,64.8212,64.8299,64.79,64.815,18559.0,103.0,64.803652
SQQQ,2026-01-07 19:44:00+00:00,64.815,64.8297,64.81,64.815,10066.0,71.0,64.818941
SQQQ,2026-01-07 19:45:00+00:00,64.82,64.8599,64.8133,64.8568,16430.0,105.0,64.825969
SQQQ,2026-01-07 19:46:00+00:00,64.842,64.8569,64.82,64.856,13645.0,69.0,64.842291
SQQQ,2026-01-07 19:47:00+00:00,64.85,64.8501,64.83,64.8468,8536.0,85.0,64.843019
SQQQ,2026-01-07 19:48:00+00:00,64.82,64.8344,64.8041,64.8041,15796.0,104.0,64.82001
SQQQ,2026-01-07 19:49:00+00:00,64.82,64.82,64.795,64.805,13111.0,80.0,64.804725
SQQQ,2026-01-07 19:50:00+00:00,64.8146,64.8699,64.805,64.86,31168.0,144.0,64.828579
SQQQ,2026-01-07 19:51:00+00:00,64.86,64.87,64.83,64.84,22114.0,145.0,64.853627
SQQQ,2026-01-07 19:52:00+00:00,64.84,64.8461,64.81,64.8238,13578.0,90.0,64.825997
SQQQ,2026-01-07 19:53:00+00:00,64.835,64.84,64.8001,64.82,13176.0,84.0,64.823936
SQQQ,2026-01-07 19:54:00+00:00,64.82,64.825,64.79,64.805,16139.0,142.0,64.803005
SQQQ,2026-01-07 19:55:00+00:00,64.8,64.8255,64.7918,64.82,23809.0,100.0,64.805863
SQQQ,2026-01-07 19:56:00+00:00,64.83,64.84,64.8163,64.8163,13322.0,98.0,64.830103
SQQQ,2026-01-07 19:57:00+00:00,64.8308,64.8656,64.83,64.8566,16535.0,121.0,64.845472
SQQQ,2026-01-07 19:58:00+00:00,64.85,64.8682,64.84,64.866,41550.0,149.0,64.85474
SQQQ,2026-01-07 19:59:00+00:00,64.86,64.9199,64.86,64.9,49751.0,203.0,64.897565
SQQQ,2026-01-07 20:00:00+00:00,64.905,64.925,64.87,64.92,57809.0,297.0,64.903477
SQQQ,2026-01-07 20:01:00+00:00,64.9,64.9,64.86,64.875,33348.0,181.0,64.877061
SQQQ,2026-01-07 20:02:00+00:00,64.876,64.91,64.85,64.91,35680.0,204.0,64.87049
SQQQ,2026-01-07 20:03:00+00:00,64.9,64.9399,64.89,64.92,70476.0,257.0,64.903543
SQQQ,2026-01-07 20:04:00+00:00,64.915,64.9161,64.86,64.8699,38590.0,139.0,64.885081
SQQQ,2026-01-07 20:05:00+00:00,64.875,64.8987,64.85,64.875,31256.0,137.0,64.87427
SQQQ,2026-01-07 20:06:00+00:00,64.8728,64.885,64.83,64.8379,25635.0,129.0,64.850038
SQQQ,2026-01-07 20:07:00+00:00,64.845,64.875,64.84,64.87,11475.0,79.0,64.857781
SQQQ,2026-01-07 20:08:00+00:00,64.8601,64.92,64.855,64.8899,25189.0,156.0,64.888689
SQQQ,2026-01-07 20:09:00+00:00,64.885,64.9322,64.885,64.9156,19657.0,147.0,64.917619
SQQQ,2026-01-07 20:10:00+00:00,64.92,64.955,64.91,64.94,31142.0,183.0,64.93619
SQQQ,2026-01-07 20:11:00+00:00,64.9432,64.96,64.91,64.9299,26698.0,131.0,64.935305
SQQQ,2026-01-07 20:12:00+00:00,64.9232,64.9901,64.9232,64.984,32887.0,202.0,64.955839
SQQQ,2026-01-07 20:13:00+00:00,64.99,65.145,64.99,65.12,215378.0,1030.0,65.076178
SQQQ,2026-01-07 20:14:00+00:00,65.12,65.19,65.1141,65.1563,119568.0,552.0,65.142966
SQQQ,2026-01-07 20:15:00+00:00,65.1501,65.24,65.1301,65.1456,116752.0,629.0,65.186098
SQQQ,2026-01-07 20:16:00+00:00,65.145,65.16,65.0819,65.1456,64117.0,282.0,65.122668
SQQQ,2026-01-07 20:17:00+00:00,65.1373,65.185,65.1,65.1299,42237.0,223.0,65.142512
SQQQ,2026-01-07 20:18:00+00:00,65.13,65.13,65.04,65.05,82529.0,289.0,65.082476
SQQQ,2026-01-07 20:19:00+00:00,65.045,65.0756,65.03,65.035,52748.0,267.0,65.050224
SQQQ,2026-01-07 20:20:00+00:00,65.0301,65.14,65.0254,65.106,70962.0,296.0,65.084486
SQQQ,2026-01-07 20:21:00+00:00,65.1062,65.13,65.05,65.11,53623.0,241.0,65.105763
SQQQ,2026-01-07 20:22:00+00:00,65.1,65.1552,65.08,65.15,31561.0,195.0,65.130899
SQQQ,2026-01-07 20:23:00+00:00,65.146,65.19,65.14,65.1601,69383.0,284.0,65.170771
SQQQ,2026-01-07 20:24:00+00:00,65.17,65.1956,65.145,65.1801,30190.0,166.0,65.172356
SQQQ,2026-01-07 20:25:00+00:00,65.185,65.215,65.1593,65.21,128710.0,464.0,65.191972
SQQQ,2026-01-07 20:26:00+00:00,65.21,65.2411,65.19,65.2054,124800.0,544.0,65.216681
SQQQ,2026-01-07 20:27:00+00:00,65.2,65.27,65.18,65.255,394267.0,698.0,65.244449
SQQQ,2026-01-07 20:28:00+00:00,65.265,65.2796,65.24,65.27,151982.0,530.0,65.26351
SQQQ,2026-01-07 20:29:00+00:00,65.2713,65.2713,65.2,65.225,107498.0,299.0,65.227983
SQQQ,2026-01-07 20:30:00+00:00,65.23,65.2968,65.21,65.29,96482.0,520.0,65.264117
SQQQ,2026-01-07 20:31:00+00:00,65.3,65.36,65.27,65.36,88626.0,566.0,65.31758
SQQQ,2026-01-07 20:32:00+00:00,65.355,65.366,65.29,65.3099,101769.0,442.0,65.337304
SQQQ,2026-01-07 20:33:00+00:00,65.3,65.3,65.2539,65.28,72713.0,325.0,65.275334
SQQQ,2026-01-07 20:34:00+00:00,65.276,65.39,65.275,65.385,53378.0,408.0,65.346451
SQQQ,2026-01-07 20:35:00+00:00,65.39,65.4772,65.39,65.45,109450.0,750.0,65.443433
SQQQ,2026-01-07 20:36:00+00:00,65.45,65.48,65.394,65.4465,75582.0,401.0,65.425797
SQQQ,2026-01-07 20:37:00+00:00,65.45,65.53,65.43,65.53,98289.0,535.0,65.483764
SQQQ,2026-01-07 20:38:00+00:00,65.53,65.545,65.4879,65.52,108281.0,433.0,65.516777
SQQQ,2026-01-07 20:39:00+00:00,65.51,65.52,65.465,65.516,129237.0,451.0,65.494608
SQQQ,2026-01-07 20:40:00+00:00,65.5188,65.56,65.3847,65.4451,199895.0,820.0,65.457083
SQQQ,2026-01-07 20:41:00+00:00,65.4465,65.49,65.44,65.455,81661.0,402.0,65.466334
SQQQ,2026-01-07 20:42:00+00:00,65.455,65.46,65.39,65.4,113504.0,566.0,65.428589
SQQQ,2026-01-07 20:43:00+00:00,65.395,65.43,65.37,65.4164,81391.0,490.0,65.396592
SQQQ,2026-01-07 20:44:00+00:00,65.41,65.43,65.395,65.42,44034.0,276.0,65.412189
SQQQ,2026-01-07 20:45:00+00:00,65.42,65.46,65.4,65.46,71075.0,347.0,65.438764
SQQQ,2026-01-07 20:46:00+00:00,65.46,65.46,65.385,65.385,66574.0,410.0,65.43165
SQQQ,2026-01-07 20:47:00+00:00,65.3832,65.41,65.3501,65.3831,81529.0,458.0,65.379607
SQQQ,2026-01-07 20:48:00+00:00,65.385,65.4299,65.3742,65.4056,50690.0,332.0,65.397911
SQQQ,2026-01-07 20:49:00+00:00,65.4,65.45,65.3975,65.4032,105137.0,410.0,65.424674
SQQQ,2026-01-07 20:50:00+00:00,65.4,65.4,65.32,65.345,154113.0,891.0,65.36076
SQQQ,2026-01-07 20:51:00+00:00,65.343,65.41,65.335,65.4,136368.0,678.0,65.365868
SQQQ,2026-01-07 20:52:00+00:00,65.41,65.41,65.3201,65.3399,71174.0,544.0,65.375503
SQQQ,2026-01-07 20:53:00+00:00,65.3301,65.38,65.3301,65.355,64033.0,471.0,65.362589
SQQQ,2026-01-07 20:54:00+00:00,65.36,65.4,65.33,65.37,214022.0,911.0,65.37056
SQQQ,2026-01-07 20:55:00+00:00,65.365,65.51,65.365,65.49,158930.0,893.0,65.445017
SQQQ,2026-01-07 20:56:00+00:00,65.49,65.54,65.48,65.49,132249.0,594.0,65.510745
SQQQ,2026-01-07 20:57:00+00:00,65.4899,65.52,65.445,65.475,172897.0,577.0,65.473587
SQQQ,2026-01-07 20:58:00+00:00,65.47,65.505,65.4501,65.48,235824.0,665.0,65.491451
SQQQ,2026-01-07 20:59:00+00:00,65.475,65.475,65.36,65.42,319875.0,949.0,65.394335
SQQQ,2026-01-07 21:00:00+00:00,65.42,65.48,65.41,65.41,54970.0,110.0,65.428882
SQQQ,2026-01-07 21:01:00+00:00,65.42,65.48,65.42,65.48,4395.0,42.0,65.462447
SQQQ,2026-01-07 21:02:00+00:00,65.4916,65.4916,65.47,65.47,2224.0,43.0,65.478994
SQQQ,2026-01-07 21:03:00+00:00,65.46,65.46,65.43,65.44,9366.0,55.0,65.441974
SQQQ,2026-01-07 21:04:00+00:00,65.4402,65.48,65.4402,65.48,8499.0,77.0,65.454494
SQQQ,2026-01-07 21:05:00+00:00,65.4818,65.5,65.4815,65.4815,3852.0,57.0,65.488981
SQQQ,2026-01-07 21:06:00+00:00,65.49,65.49,65.4702,65.48,2760.0,38.0,65.480791
SQQQ,2026-01-07 21:07:00+00:00,65.4898,65.49,65.48,65.49,1673.0,19.0,65.486553
SQQQ,2026-01-07 21:08:00+00:00,65.49,65.49,65.47,65.47,5475.0,39.0,65.48333
SQQQ,2026-01-07 21:09:00+00:00,65.47,65.4803,65.46,65.4803,7829.0,15.0,65.469523
SQQQ,2026-01-07 21:10:00+00:00,65.49,65.491,65.49,65.4905,20065.0,70.0,65.490194
SQQQ,2026-01-07 21:11:00+00:00,65.4908,65.5,65.4902,65.4902,8899.0,41.0,65.498671
SQQQ,2026-01-07 21:12:00+00:00,65.49,65.4997,65.49,65.4997,1669.0,23.0,65.491498
SQQQ,2026-01-07 21:13:00+00:00,65.49,65.51,65.4899,65.5,6583.0,53.0,65.497648
SQQQ,2026-01-07 21:14:00+00:00,65.48,65.4813,65.48,65.48,1975.0,33.0,65.480327
SQQQ,2026-01-07 21:15:00+00:00,65.47,65.48,65.47,65.48,2868.0,39.0,65.472465
SQQQ,2026-01-07 21:16:00+00:00,65.47,65.47,65.4698,65.47,9651.0,9.0,65.469896
SQQQ,2026-01-07 21:17:00+00:00,65.48,65.52,65.48,65.52,6179.0,34.0,65.507233
SQQQ,2026-01-07 21:18:00+00:00,65.51,65.51,65.47,65.47,10480.0,62.0,65.484426
SQQQ,2026-01-07 21:19:00+00:00,65.44,65.45,65.43,65.43,2401.0,32.0,65.442181
SQQQ,2026-01-07 21:20:00+00:00,65.44,65.44,65.42,65.4312,5202.0,50.0,65.429897
SQQQ,2026-01-07 21:21:00+00:00,65.44,65.44,65.4203,65.43,1069.0,19.0,65.43461
SQQQ,2026-01-07 21:22:00+00:00,65.4201,65.43,65.42,65.4207,7577.0,19.0,65.420171
SQQQ,2026-01-07 21:23:00+00:00,65.43,65.45,65.43,65.43,5500.0,40.0,65.44151
SQQQ,2026-01-07 21:24:00+00:00,65.43,65.44,65.43,65.43,5060.0,22.0,65.438563
SQQQ,2026-01-07 21:25:00+00:00,65.43,65.44,65.4225,65.4225,1521.0,10.0,65.437552
SQQQ,2026-01-07 21:26:00+00:00,65.43,65.43,65.43,65.43,326.0,17.0,65.43
SQQQ,2026-01-07 21:27:00+00:00,65.4513,65.46,65.4513,65.46,4430.0,22.0,65.459567
SQQQ,2026-01-07 21:28:00+00:00,65.452,65.46,65.452,65.46,802.0,8.0,65.458345
SQQQ,2026-01-07 21:30:00+00:00,65.45,65.4503,65.45,65.4503,5094.0,27.0,65.450118
SQQQ,2026-01-07 21:31:00+00:00,65.4546,65.4546,65.45,65.45,4551.0,25.0,65.453251
SQQQ,2026-01-07 21:32:00+00:00,65.4492,65.4492,65.4492,65.4492,547.0,17.0,65.4492
SQQQ,2026-01-07 21:34:00+00:00,65.45,65.46,65.45,65.45,2465.0,12.0,65.451321
SQQQ,2026-01-07 21:35:00+00:00,65.4507,65.47,65.4507,65.47,977.0,20.0,65.458797
SQQQ,2026-01-07 21:36:00+00:00,65.46,65.46,65.4597,65.4597,660.0,3.0,65.459854
SQQQ,2026-01-07 21:37:00+00:00,65.46,65.46,65.4502,65.46,752.0,6.0,65.453
SQQQ,2026-01-07 21:38:00+00:00,65.45,65.45,65.43,65.43,1358.0,19.0,65.438347
SQQQ,2026-01-07 21:39:00+00:00,65.44,65.449,65.43,65.43,1556.0,6.0,65.442323
SQQQ,2026-01-07 21:40:00+00:00,65.44,65.44,65.44,65.44,1626.0,9.0,65.44
SQQQ,2026-01-07 21:41:00+00:00,65.45,65.45,65.43,65.43,6266.0,15.0,65.44649
SQQQ,2026-01-07 21:42:00+00:00,65.44,65.44,65.43,65.44,5904.0,21.0,65.437275
SQQQ,2026-01-07 21:43:00+00:00,65.44,65.44,65.44,65.44,205.0,3.0,65.44
SQQQ,2026-01-07 21:44:00+00:00,65.441,65.441,65.441,65.441,255.0,3.0,65.441
SQQQ,2026-01-07 21:45:00+00:00,65.45,65.45,65.4302,65.44,3297.0,27.0,65.441392
SQQQ,2026-01-07 21:46:00+00:00,65.44,65.44,65.43,65.44,2874.0,39.0,65.439207
SQQQ,2026-01-07 21:47:00+00:00,65.43,65.43,65.43,65.43,1556.0,8.0,65.43
SQQQ,2026-01-07 21:48:00+00:00,65.44,65.44,65.43,65.43,1015.0,13.0,65.433382
SQQQ,2026-01-07 21:49:00+00:00,65.43,65.43,65.42,65.42,2758.0,16.0,65.429602
SQQQ,2026-01-07 21:50:00+00:00,65.43,65.44,65.43,65.44,2749.0,30.0,65.433591
SQQQ,2026-01-07 21:52:00+00:00,65.44,65.45,65.44,65.4408,999.0,9.0,65.441917
SQQQ,2026-01-07 21:53:00+00:00,65.4205,65.4205,65.41,65.41,934.0,16.0,65.412713
SQQQ,2026-01-07 21:54:00+00:00,65.41,65.41,65.4,65.4011,10217.0,27.0,65.403147
SQQQ,2026-01-07 21:55:00+00:00,65.41,65.42,65.4,65.42,2706.0,36.0,65.411656
SQQQ,2026-01-07 21:56:00+00:00,65.4,65.4,65.39,65.39,1869.0,13.0,65.398918
SQQQ,2026-01-07 21:57:00+00:00,65.4,65.42,65.4,65.41,607.0,14.0,65.410909
SQQQ,2026-01-07 21:58:00+00:00,65.41,65.42,65.41,65.42,6721.0,54.0,65.41274
SQQQ,2026-01-07 21:59:00+00:00,65.41,65.4101,65.4,65.41,2385.0,21.0,65.405226
SQQQ,2026-01-07 22:01:00+00:00,65.4,65.42,65.4,65.42,1211.0,9.0,65.408665
SQQQ,2026-01-07 22:03:00+00:00,65.4292,65.43,65.4292,65.43,250.0,2.0,65.42952
SQQQ,2026-01-07 22:04:00+00:00,65.4101,65.4133,65.4101,65.4133,500.0,2.0,65.41074
SQQQ,2026-01-07 22:05:00+00:00,65.43,65.43,65.43,65.43,187.0,2.0,65.43
SQQQ,2026-01-07 22:06:00+00:00,65.42,65.43,65.42,65.42,3356.0,6.0,65.420606
SQQQ,2026-01-07 22:07:00+00:00,65.42,65.43,65.42,65.421,1351.0,5.0,65.421538
SQQQ,2026-01-07 22:08:00+00:00,65.43,65.43,65.42,65.42,1137.0,6.0,65.420909
SQQQ,2026-01-07 22:09:00+00:00,65.42,65.42,65.42,65.42,973.0,9.0,65.42
SQQQ,2026-01-07 22:10:00+00:00,65.4195,65.42,65.4195,65.42,696.0,5.0,65.419928
SQQQ,2026-01-07 22:11:00+00:00,65.4352,65.4352,65.4352,65.4352,500.0,1.0,65.4352
SQQQ,2026-01-07 22:13:00+00:00,65.42,65.42,65.42,65.42,300.0,4.0,65.42
SQQQ,2026-01-07 22:14:00+00:00,65.42,65.42,65.42,65.42,1459.0,6.0,65.42
SQQQ,2026-01-07 22:15:00+00:00,65.43,65.43,65.43,65.43,301.0,4.0,65.43
SQQQ,2026-01-07 22:16:00+00:00,65.421,65.421,65.421,65.421,1058.0,8.0,65.421
SQQQ,2026-01-07 22:17:00+00:00,65.43,65.43,65.41,65.43,2051.0,6.0,65.418439
SQQQ,2026-01-07 22:18:00+00:00,65.4,65.4,65.4,65.4,101.0,2.0,65.4
SQQQ,2026-01-07 22:19:00+00:00,65.41,65.41,65.41,65.41,312.0,8.0,65.41
SQQQ,2026-01-07 22:22:00+00:00,65.4185,65.4185,65.4185,65.4185,294.0,4.0,65.4185
SQQQ,2026-01-07 22:23:00+00:00,65.42,65.42,65.42,65.42,885.0,8.0,65.42
SQQQ,2026-01-07 22:26:00+00:00,65.43,65.43,65.4298,65.4298,1901.0,3.0,65.429821
SQQQ,2026-01-07 22:27:00+00:00,65.4,65.42,65.4,65.42,1236.0,9.0,65.41002
SQQQ,2026-01-07 22:28:00+00:00,65.42,65.42,65.42,65.42,250.0,2.0,65.42
SQQQ,2026-01-07 22:29:00+00:00,65.4261,65.43,65.4261,65.43,203.0,5.0,65.42805
SQQQ,2026-01-07 22:31:00+00:00,65.395,65.395,65.3948,65.3948,1748.0,3.0,65.394972
SQQQ,2026-01-07 22:33:00+00:00,65.42,65.42,65.42,65.42,295.0,4.0,65.42
SQQQ,2026-01-07 22:34:00+00:00,65.41,65.41,65.41,65.41,170.0,4.0,65.41
SQQQ,2026-01-07 22:36:00+00:00,65.39,65.3902,65.39,65.3902,1202.0,5.0,65.390033
SQQQ,2026-01-07 22:38:00+00:00,65.39,65.39,65.39,65.39,606.0,2.0,65.39
SQQQ,2026-01-07 22:40:00+00:00,65.4,65.4,65.4,65.4,358.0,2.0,65.4
SQQQ,2026-01-07 22:42:00+00:00,65.41,65.41,65.4,65.4,362.0,9.0,65.405
SQQQ,2026-01-07 22:44:00+00:00,65.4297,65.4297,65.4297,65.4297,227.0,5.0,65.4297
SQQQ,2026-01-07 22:46:00+00:00,65.4,65.4,65.4,65.4,323.0,1.0,65.4
SQQQ,2026-01-07 22:47:00+00:00,65.4,65.4,65.4,65.4,100.0,1.0,65.4
SQQQ,2026-01-07 22:48:00+00:00,65.4,65.4,65.4,65.4,289.0,3.0,65.4
SQQQ,2026-01-07 22:51:00+00:00,65.41,65.4299,65.41,65.41,2205.0,15.0,65.412977
SQQQ,2026-01-07 22:52:00+00:00,65.42,65.42,65.42,65.42,851.0,2.0,65.42
SQQQ,2026-01-07 22:53:00+00:00,65.42,65.42,65.42,65.42,4913.0,14.0,65.42
SQQQ,2026-01-07 22:54:00+00:00,65.4201,65.4201,65.41,65.41,580.0,7.0,65.41602
SQQQ,2026-01-07 22:55:00+00:00,65.4052,65.41,65.4035,65.4035,360.0,6.0,65.406233
SQQQ,2026-01-07 22:58:00+00:00,65.41,65.41,65.4,65.4,1372.0,4.0,65.40232
SQQQ,2026-01-07 23:00:00+00:00,65.4,65.4,65.31,65.36,13932.0,64.0,65.369361
SQQQ,2026-01-07 23:01:00+00:00,65.37,65.3796,65.37,65.3796,636.0,7.0,65.374808
SQQQ,2026-01-07 23:02:00+00:00,65.37,65.37,65.36,65.36,415.0,4.0,65.3625
SQQQ,2026-01-07 23:03:00+00:00,65.38,65.3884,65.38,65.3884,2110.0,7.0,65.382
SQQQ,2026-01-07 23:04:00+00:00,65.39,65.39,65.37,65.37,806.0,7.0,65.381453
SQQQ,2026-01-07 23:05:00+00:00,65.4,65.4,65.35,65.35,1693.0,22.0,65.366667
SQQQ,2026-01-07 23:06:00+00:00,65.34,65.34,65.3303,65.3303,3135.0,13.0,65.334582
SQQQ,2026-01-07 23:07:00+00:00,65.3698,65.3698,65.36,65.36,200.0,2.0,65.3649
SQQQ,2026-01-07 23:08:00+00:00,65.4,65.43,65.4,65.43,933.0,11.0,65.415399
SQQQ,2026-01-07 23:09:00+00:00,65.42,65.44,65.42,65.44,744.0,11.0,65.436364
SQQQ,2026-01-07 23:11:00+00:00,65.43,65.4308,65.43,65.4301,435.0,5.0,65.430225
SQQQ,2026-01-07 23:12:00+00:00,65.44,65.44,65.43,65.43,879.0,4.0,65.431166
SQQQ,2026-01-07 23:13:00+00:00,65.44,65.4516,65.44,65.45,1745.0,14.0,65.44867
SQQQ,2026-01-07 23:14:00+00:00,65.4597,65.4597,65.4512,65.4512,1082.0,7.0,65.453437
SQQQ,2026-01-07 23:15:00+00:00,65.45,65.4501,65.43,65.43,1789.0,7.0,65.444513
SQQQ,2026-01-07 23:17:00+00:00,65.43,65.4301,65.42,65.42,2530.0,13.0,65.425449
SQQQ,2026-01-07 23:18:00+00:00,65.41,65.47,65.41,65.47,3533.0,17.0,65.457123
SQQQ,2026-01-07 23:19:00+00:00,65.47,65.5,65.47,65.5,1433.0,19.0,65.490319
SQQQ,2026-01-07 23:22:00+00:00,65.4597,65.4597,65.4397,65.4397,732.0,5.0,65.442557
SQQQ,2026-01-07 23:25:00+00:00,65.46,65.46,65.46,65.46,150.0,3.0,65.46
SQQQ,2026-01-07 23:26:00+00:00,65.49,65.49,65.49,65.49,100.0,1.0,65.49
SQQQ,2026-01-07 23:27:00+00:00,65.4896,65.49,65.4896,65.49,1287.0,3.0,65.4898
SQQQ,2026-01-07 23:28:00+00:00,65.48,65.48,65.48,65.48,354.0,7.0,65.48
SQQQ,2026-01-07 23:29:00+00:00,65.4668,65.4668,65.4668,65.4668,200.0,1.0,65.4668
SQQQ,2026-01-07 23:30:00+00:00,65.46,65.46,65.46,65.46,100.0,1.0,65.46
SQQQ,2026-01-07 23:31:00+00:00,65.4599,65.4599,65.4597,65.4597,601.0,4.0,65.459864
SQQQ,2026-01-07 23:32:00+00:00,65.46,65.46,65.46,65.46,121.0,3.0,65.46
SQQQ,2026-01-07 23:33:00+00:00,65.4607,65.4607,65.4607,65.4607,515.0,2.0,65.4607
SQQQ,2026-01-07 23:36:00+00:00,65.4773,65.48,65.4773,65.48,931.0,8.0,65.478889
SQQQ,2026-01-07 23:37:00+00:00,65.48,65.48,65.48,65.48,200.0,1.0,65.48
SQQQ,2026-01-07 23:38:00+00:00,65.45,65.45,65.44,65.44,2809.0,9.0,65.441923
SQQQ,2026-01-07 23:40:00+00:00,65.4468,65.4468,65.43,65.43,600.0,2.0,65.444
SQQQ,2026-01-07 23:41:00+00:00,65.42,65.42,65.4197,65.4197,5938.0,3.0,65.419725
SQQQ,2026-01-07 23:42:00+00:00,65.43,65.43,65.43,65.43,386.0,5.0,65.43
SQQQ,2026-01-07 23:43:00+00:00,65.4497,65.4497,65.4497,65.4497,120.0,2.0,65.4497
SQQQ,2026-01-07 23:44:00+00:00,65.45,65.45,65.45,65.45,126.0,3.0,65.45
SQQQ,2026-01-07 23:45:00+00:00,65.43,65.43,65.43,65.43,210.0,3.0,65.43
SQQQ,2026-01-07 23:49:00+00:00,65.46,65.46,65.46,65.46,260.0,4.0,65.46
SQQQ,2026-01-07 23:50:00+00:00,65.47,65.48,65.47,65.48,2974.0,16.0,65.473123
SQQQ,2026-01-07 23:51:00+00:00,65.5,65.5,65.5,65.5,2482.0,26.0,65.5
SQQQ,2026-01-07 23:52:00+00:00,65.51,65.51,65.51,65.51,1490.0,11.0,65.51
SQQQ,2026-01-07 23:53:00+00:00,65.5184,65.5216,65.511,65.5216,1858.0,24.0,65.51943
SQQQ,2026-01-07 23:54:00+00:00,65.5213,65.53,65.52,65.52,2550.0,20.0,65.522106
SQQQ,2026-01-07 23:55:00+00:00,65.5295,65.5295,65.52,65.52,280.0,12.0,65.525182
SQQQ,2026-01-07 23:56:00+00:00,65.52,65.52,65.52,65.52,365.0,8.0,65.52
SQQQ,2026-01-07 23:57:00+00:00,65.52,65.52,65.52,65.52,896.0,6.0,65.52
SQQQ,2026-01-07 23:58:00+00:00,65.52,65.52,65.52,65.52,1748.0,7.0,65.52
SQQQ,2026-01-08 00:00:00+00:00,65.5,65.53,65.5,65.53,4804.0,11.0,65.527111
SQQQ,2026-01-08 00:01:00+00:00,65.51,65.5202,65.51,65.5202,1846.0,19.0,65.519363
SQQQ,2026-01-08 00:02:00+00:00,65.5,65.5,65.4905,65.4905,4481.0,6.0,65.493567
SQQQ,2026-01-08 00:03:00+00:00,65.4905,65.4905,65.4905,65.4905,205.0,4.0,65.4905
SQQQ,2026-01-08 00:07:00+00:00,65.5,65.5,65.5,65.5,3683.0,12.0,65.5
SQQQ,2026-01-08 00:08:00+00:00,65.4901,65.51,65.4901,65.51,2837.0,4.0,65.49255
SQQQ,2026-01-08 00:09:00+00:00,65.51,65.52,65.51,65.52,5231.0,9.0,65.510385
SQQQ,2026-01-08 00:10:00+00:00,65.53,65.53,65.53,65.53,511.0,8.0,65.53
SQQQ,2026-01-08 00:11:00+00:00,65.55,65.55,65.5418,65.5418,3020.0,19.0,65.549707
SQQQ,2026-01-08 00:12:00+00:00,65.54,65.54,65.5202,65.5398,496.0,9.0,65.53495
SQQQ,2026-01-08 00:13:00+00:00,65.52,65.52,65.52,65.52,150.0,1.0,65.52
SQQQ,2026-01-08 00:14:00+00:00,65.5197,65.5197,65.5197,65.5197,500.0,1.0,65.5197
SQQQ,2026-01-08 00:15:00+00:00,65.51,65.51,65.48,65.48,2219.0,14.0,65.499489
SQQQ,2026-01-08 00:16:00+00:00,65.49,65.49,65.49,65.49,210.0,2.0,65.49
SQQQ,2026-01-08 00:17:00+00:00,65.4997,65.4997,65.49,65.49,739.0,8.0,65.498083
SQQQ,2026-01-08 00:19:00+00:00,65.49,65.49,65.49,65.49,3756.0,9.0,65.49
SQQQ,2026-01-08 00:20:00+00:00,65.5,65.5,65.4924,65.4924,814.0,3.0,65.49813
SQQQ,2026-01-08 00:21:00+00:00,65.5,65.5,65.4998,65.4998,381.0,3.0,65.499946
SQQQ,2026-01-08 00:22:00+00:00,65.5,65.5,65.5,65.5,240.0,5.0,65.5
SQQQ,2026-01-08 00:23:00+00:00,65.53,65.539,65.53,65.539,1150.0,7.0,65.5363
SQQQ,2026-01-08 00:24:00+00:00,65.5391,65.5391,65.5391,65.5391,170.0,2.0,65.5391
SQQQ,2026-01-08 00:25:00+00:00,65.5298,65.5324,65.5298,65.5324,2201.0,10.0,65.530214
SQQQ,2026-01-08 00:26:00+00:00,65.5416,65.57,65.5416,65.57,598.0,24.0,65.5629
SQQQ,2026-01-08 00:27:00+00:00,65.58,65.62,65.58,65.6097,8153.0,84.0,65.604306
SQQQ,2026-01-08 00:28:00+00:00,65.61,65.61,65.6,65.6,1825.0,13.0,65.602609
SQQQ,2026-01-08 00:29:00+00:00,65.6,65.61,65.6,65.61,381.0,6.0,65.603333
SQQQ,2026-01-08 00:30:00+00:00,65.6,65.6,65.57,65.57,13266.0,24.0,65.583612
SQQQ,2026-01-08 00:31:00+00:00,65.57,65.57,65.54,65.54,7187.0,17.0,65.553433
SQQQ,2026-01-08 00:32:00+00:00,65.53,65.55,65.53,65.55,590.0,9.0,65.538989
SQQQ,2026-01-08 00:33:00+00:00,65.54,65.56,65.54,65.56,37730.0,64.0,65.543994
SQQQ,2026-01-08 00:34:00+00:00,65.54,65.54,65.53,65.53,1371.0,9.0,65.530769
SQQQ,2026-01-08 00:35:00+00:00,65.53,65.53,65.53,65.53,515.0,8.0,65.53
SQQQ,2026-01-08 00:36:00+00:00,65.51,65.51,65.5099,65.5099,5675.0,16.0,65.509941
SQQQ,2026-01-08 00:37:00+00:00,65.5,65.5,65.4499,65.4499,1800.0,18.0,65.468483
SQQQ,2026-01-08 00:38:00+00:00,65.44,65.44,65.42,65.42,1489.0,15.0,65.426923
SQQQ,2026-01-08 00:39:00+00:00,65.4125,65.44,65.4125,65.44,1353.0,14.0,65.437708
SQQQ,2026-01-08 00:40:00+00:00,65.4504,65.4504,65.4504,65.4504,356.0,7.0,65.4504
SQQQ,2026-01-08 00:41:00+00:00,65.4599,65.4599,65.4599,65.4599,394.0,7.0,65.4599
SQQQ,2026-01-08 00:42:00+00:00,65.43,65.44,65.43,65.44,922.0,8.0,65.437471
SQQQ,2026-01-08 00:43:00+00:00,65.43,65.43,65.42,65.42,733.0,8.0,65.426667
SQQQ,2026-01-08 00:44:00+00:00,65.4201,65.4201,65.42,65.42,1067.0,7.0,65.420062
SQQQ,2026-01-08 00:45:00+00:00,65.42,65.42,65.389,65.389,7841.0,54.0,65.407004
SQQQ,2026-01-08 00:46:00+00:00,65.4,65.4,65.3908,65.3908,453.0,4.0,65.395377
SQQQ,2026-01-08 00:47:00+00:00,65.42,65.42,65.41,65.41,429.0,7.0,65.417326
SQQQ,2026-01-08 00:48:00+00:00,65.4001,65.41,65.4001,65.41,5760.0,13.0,65.401161
SQQQ,2026-01-08 00:49:00+00:00,65.41,65.41,65.38,65.38,4953.0,26.0,65.385542
SQQQ,2026-01-08 00:50:00+00:00,65.3805,65.39,65.3805,65.39,1880.0,9.0,65.389329
SQQQ,2026-01-08 00:51:00+00:00,65.3999,65.3999,65.3908,65.3908,407.0,5.0,65.396153
SQQQ,2026-01-08 00:52:00+00:00,65.3999,65.4,65.3901,65.4,1462.0,11.0,65.398996
SQQQ,2026-01-08 00:53:00+00:00,65.42,65.42,65.42,65.42,145.0,4.0,65.42
SQQQ,2026-01-08 00:54:00+00:00,65.4007,65.41,65.4,65.4,675.0,11.0,65.402777
SQQQ,2026-01-08 00:55:00+00:00,65.39,65.41,65.39,65.41,1320.0,8.0,65.399923
SQQQ,2026-01-08 00:56:00+00:00,65.41,65.42,65.41,65.4104,1214.0,5.0,65.410864
SQQQ,2026-01-08 00:57:00+00:00,65.4,65.4,65.39,65.39,1518.0,9.0,65.394444
SQQQ,2026-01-08 00:58:00+00:00,65.39,65.39,65.38,65.3802,2779.0,21.0,65.383129
SQQQ,2026-01-08 00:59:00+00:00,65.3801,65.3899,65.3503,65.37,6665.0,30.0,65.371621
SQQQ,2026-01-08 09:00:00+00:00,65.68,65.86,65.68,65.86,4548.0,36.0,65.764541
SQQQ,2026-01-08 09:01:00+00:00,65.86,65.88,65.83,65.83,2472.0,28.0,65.855225
SQQQ,2026-01-08 09:02:00+00:00,65.84,65.85,65.8,65.8,2236.0,31.0,65.831815
SQQQ,2026-01-08 09:03:00+00:00,65.75,65.77,65.75,65.76,1272.0,35.0,65.763297
SQQQ,2026-01-08 09:04:00+00:00,65.72,65.75,65.72,65.75,2067.0,18.0,65.741562
SQQQ,2026-01-08 09:06:00+00:00,65.81,65.82,65.81,65.82,684.0,11.0,65.814915
SQQQ,2026-01-08 09:09:00+00:00,65.81,65.81,65.81,65.81,359.0,4.0,65.81
SQQQ,2026-01-08 09:10:00+00:00,65.81,65.83,65.8,65.83,939.0,23.0,65.812
SQQQ,2026-01-08 09:11:00+00:00,65.83,65.84,65.82,65.82,7218.0,59.0,65.831868
SQQQ,2026-01-08 09:12:00+00:00,65.8,65.8,65.8,65.8,5660.0,27.0,65.8
SQQQ,2026-01-08 09:13:00+00:00,65.8,65.8,65.78,65.8,4562.0,65.0,65.792751
SQQQ,2026-01-08 09:14:00+00:00,65.8,65.81,65.79,65.81,1457.0,11.0,65.79415
SQQQ,2026-01-08 09:15:00+00:00,65.81,65.89,65.81,65.89,1718.0,31.0,65.839
SQQQ,2026-01-08 09:16:00+00:00,65.88,65.88,65.87,65.88,4721.0,38.0,65.879471
SQQQ,2026-01-08 09:17:00+00:00,65.89,65.91,65.89,65.89,3307.0,40.0,65.904647
SQQQ,2026-01-08 09:18:00+00:00,65.93,65.96,65.93,65.96,1127.0,21.0,65.946111
SQQQ,2026-01-08 09:19:00+00:00,65.98,65.98,65.98,65.98,903.0,21.0,65.98
SQQQ,2026-01-08 09:20:00+00:00,65.93,65.96,65.92,65.94,6990.0,65.0,65.934349
SQQQ,2026-01-08 09:21:00+00:00,65.95,65.96,65.95,65.95,1427.0,20.0,65.9525
SQQQ,2026-01-08 09:22:00+00:00,65.96,65.98,65.94,65.94,3257.0,32.0,65.960876
SQQQ,2026-01-08 09:23:00+00:00,65.95,65.95,65.94,65.95,3249.0,32.0,65.949637
SQQQ,2026-01-08 09:24:00+00:00,65.92,65.92,65.89,65.89,10354.0,49.0,65.901468
SQQQ,2026-01-08 09:25:00+00:00,65.88,65.88,65.86,65.86,775.0,12.0,65.876
SQQQ,2026-01-08 09:26:00+00:00,65.88,65.88,65.87,65.88,720.0,11.0,65.874
SQQQ,2026-01-08 09:27:00+00:00,65.885,65.9,65.885,65.9,878.0,19.0,65.89
SQQQ,2026-01-08 09:30:00+00:00,65.93,65.94,65.93,65.94,695.0,13.0,65.936
SQQQ,2026-01-08 09:31:00+00:00,65.93,65.93,65.91,65.91,549.0,9.0,65.924709
SQQQ,2026-01-08 09:32:00+00:00,65.92,65.92,65.92,65.92,1306.0,21.0,65.92
SQQQ,2026-01-08 09:33:00+00:00,65.93,65.93,65.93,65.93,336.0,7.0,65.93
SQQQ,2026-01-08 09:34:00+00:00,65.92,65.92,65.915,65.915,605.0,3.0,65.919167
SQQQ,2026-01-08 09:35:00+00:00,65.895,65.95,65.895,65.95,4597.0,47.0,65.91244
SQQQ,2026-01-08 09:36:00+00:00,65.97,65.97,65.97,65.97,467.0,9.0,65.97
SQQQ,2026-01-08 09:37:00+00:00,65.97,66.0,65.97,65.99,7510.0,58.0,65.99575
SQQQ,2026-01-08 09:38:00+00:00,65.97,65.99,65.97,65.99,2485.0,30.0,65.98888
SQQQ,2026-01-08 09:40:00+00:00,66.01,66.01,66.0,66.01,2175.0,26.0,66.009451
SQQQ,2026-01-08 09:41:00+00:00,65.99,65.99,65.99,65.99,621.0,14.0,65.99
SQQQ,2026-01-08 09:42:00+00:00,65.98,66.0,65.98,66.0,2055.0,22.0,65.988493
SQQQ,2026-01-08 09:43:00+00:00,65.99,65.99,65.99,65.99,310.0,7.0,65.99
SQQQ,2026-01-08 09:44:00+00:00,66.0,66.01,66.0,66.01,1789.0,19.0,66.006866
SQQQ,2026-01-08 09:45:00+00:00,65.99,65.99,65.99,65.99,265.0,6.0,65.99
SQQQ,2026-01-08 09:46:00+00:00,66.035,66.05,66.03,66.05,2133.0,23.0,66.033963
SQQQ,2026-01-08 09:47:00+00:00,66.06,66.06,66.03,66.05,2890.0,43.0,66.048
SQQQ,2026-01-08 09:48:00+00:00,66.03,66.03,66.0,66.0,5000.0,43.0,66.015118
SQQQ,2026-01-08 09:49:00+00:00,65.99,66.02,65.99,66.02,1531.0,16.0,65.999266
SQQQ,2026-01-08 09:50:00+00:00,66.04,66.05,66.04,66.05,882.0,9.0,66.044193
SQQQ,2026-01-08 09:51:00+00:00,66.04,66.04,66.02,66.02,630.0,8.0,66.035238
SQQQ,2026-01-08 09:52:00+00:00,66.03,66.04,66.03,66.04,2663.0,25.0,66.031627
SQQQ,2026-01-08 09:53:00+00:00,66.0,66.0,66.0,66.0,376.0,9.0,66.0
SQQQ,2026-01-08 09:54:00+00:00,66.02,66.02,66.0,66.02,5670.0,41.0,66.018197
SQQQ,2026-01-08 09:55:00+00:00,66.0,66.0,65.98,65.98,6843.0,53.0,65.990163
SQQQ,2026-01-08 09:56:00+00:00,66.01,66.01,66.01,66.01,379.0,11.0,66.01
SQQQ,2026-01-08 09:57:00+00:00,65.99,65.99,65.97,65.97,8230.0,82.0,65.979896
SQQQ,2026-01-08 09:58:00+00:00,65.98,65.98,65.93,65.95,4774.0,57.0,65.945443
SQQQ,2026-01-08 09:59:00+00:00,65.97,65.97,65.94,65.94,2418.0,32.0,65.953077
SQQQ,2026-01-08 10:00:00+00:00,65.94,65.96,65.94,65.94,3977.0,29.0,65.944664
SQQQ,2026-01-08 10:01:00+00:00,65.96,66.04,65.96,66.04,2430.0,39.0,66.002105
SQQQ,2026-01-08 10:03:00+00:00,66.0,66.0,65.99,65.99,3593.0,17.0,65.999412
SQQQ,2026-01-08 10:04:00+00:00,66.0,66.01,66.0,66.01,1218.0,11.0,66.006832
SQQQ,2026-01-08 10:05:00+00:00,66.02,66.02,66.0,66.0,1745.0,14.0,66.005634
SQQQ,2026-01-08 10:06:00+00:00,66.0,66.01,65.98,66.0,3338.0,14.0,66.000317
SQQQ,2026-01-08 10:07:00+00:00,66.03,66.03,66.0,66.0,616.0,7.0,66.009615
SQQQ,2026-01-08 10:08:00+00:00,66.03,66.03,66.03,66.03,664.0,6.0,66.03
SQQQ,2026-01-08 10:09:00+00:00,66.06,66.06,66.06,66.06,558.0,14.0,66.06
SQQQ,2026-01-08 10:10:00+00:00,66.07,66.09,66.07,66.08,2927.0,43.0,66.079464
SQQQ,2026-01-08 10:11:00+00:00,66.12,66.12,66.11,66.12,4615.0,52.0,66.116621
SQQQ,2026-01-08 10:12:00+00:00,66.12,66.12,66.1,66.1,3539.0,36.0,66.107083
SQQQ,2026-01-08 10:13:00+00:00,66.1,66.12,66.1,66.1,1466.0,19.0,66.108333
SQQQ,2026-01-08 10:14:00+00:00,66.09,66.1,66.08,66.08,9570.0,66.0,66.088805
SQQQ,2026-01-08 10:15:00+00:00,66.07,66.07,66.07,66.07,4021.0,27.0,66.07
SQQQ,2026-01-08 10:16:00+00:00,66.08,66.09,66.08,66.09,805.0,14.0,66.086
SQQQ,2026-01-08 10:20:00+00:00,66.09,66.12,66.08,66.12,1320.0,14.0,66.099672
SQQQ,2026-01-08 10:21:00+00:00,66.09,66.09,66.09,66.09,611.0,8.0,66.09
SQQQ,2026-01-08 10:23:00+00:00,66.06,66.06,66.06,66.06,215.0,3.0,66.06
SQQQ,2026-01-08 10:24:00+00:00,66.06,66.06,66.03,66.03,6412.0,75.0,66.057215
SQQQ,2026-01-08 10:26:00+00:00,66.08,66.08,66.08,66.08,265.0,4.0,66.08
SQQQ,2026-01-08 10:27:00+00:00,66.09,66.09,66.09,66.09,324.0,7.0,66.09
SQQQ,2026-01-08 10:28:00+00:00,66.09,66.09,66.09,66.09,291.0,3.0,66.09
SQQQ,2026-01-08 10:29:00+00:00,66.09,66.09,66.09,66.09,501.0,10.0,66.09
SQQQ,2026-01-08 10:30:00+00:00,66.11,66.11,66.06,66.06,4265.0,27.0,66.07198
SQQQ,2026-01-08 10:31:00+00:00,66.07,66.07,66.07,66.07,405.0,10.0,66.07
SQQQ,2026-01-08 10:32:00+00:00,66.05,66.05,66.03,66.03,3024.0,10.0,66.032759
SQQQ,2026-01-08 10:33:00+00:00,66.01,66.01,65.99,66.01,4001.0,34.0,66.007419
SQQQ,2026-01-08 10:34:00+00:00,66.02,66.02,66.0,66.0,251.0,4.0,66.01
SQQQ,2026-01-08 10:35:00+00:00,65.98,65.98,65.98,65.98,926.0,16.0,65.98
SQQQ,2026-01-08 10:37:00+00:00,66.03,66.03,66.0,66.0,3435.0,25.0,66.020193
SQQQ,2026-01-08 10:38:00+00:00,65.99,65.99,65.96,65.96,998.0,22.0,65.974815
SQQQ,2026-01-08 10:39:00+00:00,65.96,65.97,65.96,65.97,786.0,14.0,65.965624
SQQQ,2026-01-08 10:40:00+00:00,65.96,65.97,65.96,65.97,2711.0,36.0,65.96951
SQQQ,2026-01-08 10:41:00+00:00,65.97,65.97,65.94,65.94,1447.0,26.0,65.951429
SQQQ,2026-01-08 10:42:00+00:00,65.94,65.94,65.94,65.94,350.0,9.0,65.94
SQQQ,2026-01-08 10:43:00+00:00,65.96,65.96,65.95,65.95,2930.0,31.0,65.957283
SQQQ,2026-01-08 10:44:00+00:00,65.95,65.95,65.95,65.95,250.0,2.0,65.95
SQQQ,2026-01-08 10:45:00+00:00,65.96,65.99,65.96,65.99,1190.0,15.0,65.972973
SQQQ,2026-01-08 10:46:00+00:00,65.98,65.98,65.98,65.98,1181.0,18.0,65.98
SQQQ,2026-01-08 10:47:00+00:00,66.01,66.01,66.01,66.01,480.0,4.0,66.01
SQQQ,2026-01-08 10:48:00+00:00,66.04,66.04,66.04,66.04,801.0,17.0,66.04
SQQQ,2026-01-08 10:50:00+00:00,66.0,66.0,66.0,66.0,475.0,9.0,66.0
SQQQ,2026-01-08 10:51:00+00:00,66.0,66.01,66.0,66.01,480.0,6.0,66.0075
SQQQ,2026-01-08 10:53:00+00:00,65.94,65.95,65.94,65.95,1003.0,18.0,65.944695
SQQQ,2026-01-08 10:54:00+00:00,65.93,65.96,65.93,65.95,2920.0,38.0,65.93744
SQQQ,2026-01-08 10:55:00+00:00,65.95,65.96,65.95,65.96,1953.0,28.0,65.951961
SQQQ,2026-01-08 10:56:00+00:00,65.96,65.96,65.96,65.96,521.0,10.0,65.96
SQQQ,2026-01-08 10:57:00+00:00,65.94,65.94,65.89,65.9,3072.0,60.0,65.90375
SQQQ,2026-01-08 10:58:00+00:00,65.92,65.92,65.92,65.92,881.0,18.0,65.92
SQQQ,2026-01-08 11:01:00+00:00,65.9,65.9,65.9,65.9,760.0,10.0,65.9
SQQQ,2026-01-08 11:02:00+00:00,65.89,65.89,65.86,65.88,7298.0,77.0,65.878822
SQQQ,2026-01-08 11:04:00+00:00,65.87,65.87,65.87,65.87,600.0,11.0,65.87
SQQQ,2026-01-08 11:05:00+00:00,65.88,65.88,65.87,65.87,2075.0,25.0,65.876889
SQQQ,2026-01-08 11:06:00+00:00,65.86,65.86,65.85,65.86,1988.0,40.0,65.858544
SQQQ,2026-01-08 11:07:00+00:00,65.86,65.89,65.86,65.89,405.0,10.0,65.869836
SQQQ,2026-01-08 11:09:00+00:00,65.95,65.95,65.95,65.95,1571.0,28.0,65.95
SQQQ,2026-01-08 11:10:00+00:00,65.96,65.96,65.95,65.95,979.0,14.0,65.953226
SQQQ,2026-01-08 11:12:00+00:00,65.92,65.92,65.92,65.92,403.0,7.0,65.92
SQQQ,2026-01-08 11:13:00+00:00,65.9,65.9,65.9,65.9,1236.0,18.0,65.9
SQQQ,2026-01-08 11:14:00+00:00,65.9,65.91,65.9,65.91,1081.0,15.0,65.908542
SQQQ,2026-01-08 11:25:00+00:00,65.86,65.86,65.84,65.84,1210.0,19.0,65.848832
SQQQ,2026-01-08 11:26:00+00:00,65.82,65.82,65.82,65.82,1414.0,27.0,65.82
SQQQ,2026-01-08 11:27:00+00:00,65.8,65.8,65.8,65.8,665.0,14.0,65.8
SQQQ,2026-01-08 11:28:00+00:00,65.83,65.83,65.83,65.83,619.0,7.0,65.83
SQQQ,2026-01-08 11:30:00+00:00,65.88,65.9,65.88,65.9,1190.0,24.0,65.896226
SQQQ,2026-01-08 11:31:00+00:00,65.88,66.13,65.85,65.9,101276.0,912.0,65.986977
SQQQ,2026-01-08 11:32:00+00:00,65.88,65.9,65.79,65.79,3476.0,43.0,65.855768
SQQQ,2026-01-08 11:33:00+00:00,65.82,65.82,65.82,65.82,743.0,9.0,65.82
SQQQ,2026-01-08 11:34:00+00:00,65.81,65.81,65.81,65.81,1133.0,5.0,65.81
SQQQ,2026-01-08 11:35:00+00:00,65.83,65.83,65.83,65.83,382.0,9.0,65.83
SQQQ,2026-01-08 11:36:00+00:00,65.84,65.84,65.84,65.84,608.0,16.0,65.84
SQQQ,2026-01-08 11:37:00+00:00,65.84,65.86,65.83,65.86,1202.0,9.0,65.83367
SQQQ,2026-01-08 11:38:00+00:00,65.86,65.88,65.86,65.88,557.0,14.0,65.871667
SQQQ,2026-01-08 11:39:00+00:00,65.91,65.92,65.9,65.92,886.0,21.0,65.913333
SQQQ,2026-01-08 11:40:00+00:00,65.88,65.88,65.88,65.88,249.0,7.0,65.88
SQQQ,2026-01-08 11:41:00+00:00,65.85,65.85,65.85,65.85,386.0,9.0,65.85
SQQQ,2026-01-08 11:44:00+00:00,65.85,65.88,65.85,65.88,850.0,17.0,65.864
SQQQ,2026-01-08 11:46:00+00:00,65.88,65.88,65.88,65.88,356.0,9.0,65.88
SQQQ,2026-01-08 11:49:00+00:00,65.89,65.89,65.89,65.89,696.0,19.0,65.89
SQQQ,2026-01-08 11:50:00+00:00,65.87,65.87,65.86,65.86,795.0,14.0,65.8625
SQQQ,2026-01-08 11:51:00+00:00,65.84,65.84,65.84,65.84,623.0,13.0,65.84
SQQQ,2026-01-08 11:52:00+00:00,65.81,65.85,65.81,65.85,1077.0,16.0,65.819227
SQQQ,2026-01-08 11:53:00+00:00,65.8,65.81,65.8,65.81,1244.0,30.0,65.803333
SQQQ,2026-01-08 11:54:00+00:00,65.81,65.81,65.81,65.81,180.0,3.0,65.81
SQQQ,2026-01-08 11:59:00+00:00,65.92,65.92,65.92,65.92,236.0,7.0,65.92
SQQQ,2026-01-08 12:00:00+00:00,65.9,65.96,65.88,65.96,24371.0,206.0,65.923223
SQQQ,2026-01-08 12:01:00+00:00,65.96,65.96,65.96,65.96,376.0,8.0,65.96
SQQQ,2026-01-08 12:02:00+00:00,65.94,65.98,65.94,65.98,3265.0,36.0,65.956868
SQQQ,2026-01-08 12:03:00+00:00,65.99,66.02,65.99,66.02,3453.0,48.0,66.001754
SQQQ,2026-01-08 12:04:00+00:00,66.05,66.08,66.05,66.05,2767.0,26.0,66.05413
SQQQ,2026-01-08 12:05:00+00:00,66.06,66.06,65.989,66.02,5869.0,36.0,66.023458
SQQQ,2026-01-08 12:06:00+00:00,66.02,66.02,66.0,66.0,2234.0,26.0,66.006669
SQQQ,2026-01-08 12:07:00+00:00,66.01,66.05,66.01,66.05,844.0,13.0,66.04
SQQQ,2026-01-08 12:08:00+00:00,66.05,66.08,66.05,66.08,3143.0,42.0,66.055128
SQQQ,2026-01-08 12:09:00+00:00,66.03,66.03,66.03,66.03,443.0,16.0,66.03
SQQQ,2026-01-08 12:10:00+00:00,66.0,66.02,66.0,66.02,1231.0,19.0,66.002857
SQQQ,2026-01-08 12:11:00+00:00,66.01,66.01,65.98,65.98,3495.0,17.0,65.999217
SQQQ,2026-01-08 12:12:00+00:00,65.98,65.99,65.98,65.98,1638.0,27.0,65.9808
SQQQ,2026-01-08 12:13:00+00:00,65.98,65.98,65.98,65.98,995.0,13.0,65.98
SQQQ,2026-01-08 12:14:00+00:00,66.01,66.02,66.01,66.01,1942.0,21.0,66.012
SQQQ,2026-01-08 12:15:00+00:00,65.97,65.97,65.95,65.95,1262.0,17.0,65.960526
SQQQ,2026-01-08 12:18:00+00:00,65.94,65.96,65.93,65.96,565.0,12.0,65.943333
SQQQ,2026-01-08 12:19:00+00:00,65.95,65.95,65.95,65.95,967.0,8.0,65.95
SQQQ,2026-01-08 12:20:00+00:00,65.98,65.98,65.95,65.95,1469.0,25.0,65.971
SQQQ,2026-01-08 12:21:00+00:00,65.95,65.95,65.94,65.94,2434.0,37.0,65.947738
SQQQ,2026-01-08 12:22:00+00:00,65.94,65.94,65.93,65.93,2880.0,20.0,65.939192
SQQQ,2026-01-08 12:23:00+00:00,65.92,65.93,65.9,65.9,2328.0,48.0,65.919336
SQQQ,2026-01-08 12:24:00+00:00,65.9,65.9,65.88,65.88,918.0,15.0,65.892857
SQQQ,2026-01-08 12:25:00+00:00,65.89,65.89,65.89,65.89,251.0,5.0,65.89
SQQQ,2026-01-08 12:26:00+00:00,65.88,65.91,65.88,65.91,3472.0,19.0,65.9
SQQQ,2026-01-08 12:27:00+00:00,65.88,65.88,65.86,65.86,441.0,8.0,65.873333
SQQQ,2026-01-08 12:28:00+00:00,65.88,65.88,65.87,65.87,1555.0,21.0,65.87375
SQQQ,2026-01-08 12:29:00+00:00,65.88,65.88,65.86,65.87,1240.0,17.0,65.873333
SQQQ,2026-01-08 12:30:00+00:00,65.88,65.89,65.87,65.88,1473.0,24.0,65.88
SQQQ,2026-01-08 12:31:00+00:00,65.9,65.95,65.9,65.95,2217.0,29.0,65.934756
SQQQ,2026-01-08 12:32:00+00:00,65.98,65.98,65.97,65.98,3236.0,29.0,65.979591
SQQQ,2026-01-08 12:33:00+00:00,65.98,65.98,65.96,65.97,1712.0,28.0,65.968571
SQQQ,2026-01-08 12:34:00+00:00,65.97,66.0,65.97,65.98,2069.0,34.0,65.980758
SQQQ,2026-01-08 12:35:00+00:00,65.97,66.01,65.97,66.01,1907.0,27.0,65.98888
SQQQ,2026-01-08 12:36:00+00:00,65.98,66.0,65.98,66.0,1441.0,26.0,65.98381
SQQQ,2026-01-08 12:37:00+00:00,65.99,66.01,65.99,66.01,1982.0,31.0,65.999167
SQQQ,2026-01-08 12:38:00+00:00,66.0,66.011,66.0,66.01,18500.0,93.0,66.009315
SQQQ,2026-01-08 12:39:00+00:00,66.01,66.02,66.01,66.02,572.0,11.0,66.013333
SQQQ,2026-01-08 12:40:00+00:00,66.01,66.02,65.99,65.99,1746.0,29.0,66.0
SQQQ,2026-01-08 12:41:00+00:00,65.97,65.97,65.97,65.97,849.0,18.0,65.97
SQQQ,2026-01-08 12:42:00+00:00,65.96,65.99,65.96,65.99,1200.0,18.0,65.971484
SQQQ,2026-01-08 12:43:00+00:00,66.0,66.01,66.0,66.01,1447.0,29.0,66.00625
SQQQ,2026-01-08 12:44:00+00:00,65.98,66.01,65.98,66.01,1436.0,25.0,65.99125
SQQQ,2026-01-08 12:45:00+00:00,66.0,66.02,66.0,66.02,575.0,9.0,66.012
SQQQ,2026-01-08 12:46:00+00:00,66.01,66.01,65.98,65.98,1566.0,27.0,66.00326
SQQQ,2026-01-08 12:47:00+00:00,65.97,65.97,65.97,65.97,226.0,5.0,65.97
SQQQ,2026-01-08 12:48:00+00:00,65.94,65.97,65.94,65.97,880.0,12.0,65.96
SQQQ,2026-01-08 12:49:00+00:00,65.94,65.94,65.93,65.93,806.0,11.0,65.933846
SQQQ,2026-01-08 12:50:00+00:00,65.93,65.93,65.93,65.93,410.0,5.0,65.93
SQQQ,2026-01-08 12:51:00+00:00,65.9,65.9,65.88,65.88,2286.0,28.0,65.890576
SQQQ,2026-01-08 12:52:00+00:00,65.88,65.88,65.88,65.88,1460.0,17.0,65.88
SQQQ,2026-01-08 12:54:00+00:00,65.87,65.89,65.86,65.89,3051.0,29.0,65.875
SQQQ,2026-01-08 12:55:00+00:00,65.87,65.87,65.86,65.86,915.0,19.0,65.867849
SQQQ,2026-01-08 12:56:00+00:00,65.87,65.87,65.87,65.87,120.0,3.0,65.87
SQQQ,2026-01-08 12:57:00+00:00,65.87,65.87,65.87,65.87,162.0,4.0,65.87
SQQQ,2026-01-08 12:58:00+00:00,65.92,65.92,65.92,65.92,881.0,28.0,65.92
SQQQ,2026-01-08 12:59:00+00:00,65.93,65.93,65.92,65.92,705.0,11.0,65.9275
SQQQ,2026-01-08 13:00:00+00:00,65.94,66.11,65.75,65.97,208189.0,949.0,65.971409
SQQQ,2026-01-08 13:01:00+00:00,65.71,66.65,65.69,65.95,311704.0,1809.0,66.201807
SQQQ,2026-01-08 13:02:00+00:00,65.94,66.645,65.71,65.96,30225.0,153.0,66.070293
SQQQ,2026-01-08 13:03:00+00:00,65.96,65.97,65.94,65.96,1512.0,24.0,65.954016
SQQQ,2026-01-08 13:04:00+00:00,65.96,65.96,65.95,65.96,2786.0,29.0,65.954167
SQQQ,2026-01-08 13:05:00+00:00,65.96,65.96,65.95,65.96,2473.0,50.0,65.956445
SQQQ,2026-01-08 13:06:00+00:00,65.9693,65.9693,65.93,65.93,3076.0,27.0,65.953574
SQQQ,2026-01-08 13:07:00+00:00,65.92,65.93,65.9,65.9,3282.0,27.0,65.916109
SQQQ,2026-01-08 13:08:00+00:00,65.88,65.9,65.87,65.9,3474.0,21.0,65.883416
SQQQ,2026-01-08 13:09:00+00:00,65.9,65.92,65.899,65.9091,1330.0,20.0,65.905793
SQQQ,2026-01-08 13:10:00+00:00,65.92,65.92,65.87,65.9,7580.0,46.0,65.879837
SQQQ,2026-01-08 13:11:00+00:00,65.87,65.87,65.84,65.84,8918.0,29.0,65.853671
SQQQ,2026-01-08 13:12:00+00:00,65.8302,65.8302,65.79,65.8,14586.0,87.0,65.804343
SQQQ,2026-01-08 13:13:00+00:00,65.81,65.82,65.81,65.81,5166.0,30.0,65.811385
SQQQ,2026-01-08 13:14:00+00:00,65.81,65.8197,65.81,65.81,2068.0,17.0,65.811421
SQQQ,2026-01-08 13:15:00+00:00,65.81,65.84,65.8,65.84,7674.0,32.0,65.807207
SQQQ,2026-01-08 13:16:00+00:00,65.84,65.8805,65.84,65.8805,3693.0,37.0,65.861947
SQQQ,2026-01-08 13:17:00+00:00,65.88,65.88,65.7616,65.77,11218.0,121.0,65.813885
SQQQ,2026-01-08 13:18:00+00:00,65.77,65.77,65.69,65.6902,21331.0,118.0,65.730696
SQQQ,2026-01-08 13:19:00+00:00,65.69,65.71,65.68,65.71,5128.0,54.0,65.697616
SQQQ,2026-01-08 13:20:00+00:00,65.7,65.7,65.61,65.63,15679.0,133.0,65.665853
SQQQ,2026-01-08 13:21:00+00:00,65.61,65.67,65.61,65.67,16163.0,81.0,65.631369
SQQQ,2026-01-08 13:22:00+00:00,65.675,65.695,65.6397,65.6397,3525.0,54.0,65.675591
SQQQ,2026-01-08 13:23:00+00:00,65.64,65.66,65.61,65.66,3633.0,33.0,65.632724
SQQQ,2026-01-08 13:24:00+00:00,65.65,65.67,65.64,65.66,10473.0,56.0,65.651417
SQQQ,2026-01-08 13:25:00+00:00,65.66,65.6616,65.65,65.6616,3301.0,28.0,65.65899
SQQQ,2026-01-08 13:26:00+00:00,65.68,65.69,65.67,65.68,3506.0,39.0,65.680985
SQQQ,2026-01-08 13:27:00+00:00,65.67,65.69,65.6598,65.66,13230.0,36.0,65.665351
SQQQ,2026-01-08 13:28:00+00:00,65.65,65.68,65.63,65.63,19770.0,72.0,65.652516
SQQQ,2026-01-08 13:29:00+00:00,65.63,65.6825,65.63,65.6825,20029.0,43.0,65.639157
SQQQ,2026-01-08 13:30:00+00:00,65.63,65.63,65.5497,65.59,56039.0,101.0,65.606466
SQQQ,2026-01-08 13:31:00+00:00,65.5976,65.68,65.59,65.68,6995.0,55.0,65.653593
SQQQ,2026-01-08 13:32:00+00:00,65.67,65.75,65.67,65.72,7371.0,53.0,65.714437
SQQQ,2026-01-08 13:33:00+00:00,65.7201,65.78,65.72,65.76,7089.0,60.0,65.763408
SQQQ,2026-01-08 13:34:00+00:00,65.7684,65.79,65.74,65.75,9666.0,75.0,65.767329
SQQQ,2026-01-08 13:35:00+00:00,65.74,65.74,65.71,65.71,4823.0,40.0,65.721877
SQQQ,2026-01-08 13:36:00+00:00,65.71,65.78,65.71,65.76,10076.0,72.0,65.748565
SQQQ,2026-01-08 13:37:00+00:00,65.76,65.76,65.74,65.74,5899.0,50.0,65.746703
SQQQ,2026-01-08 13:38:00+00:00,65.7284,65.74,65.7,65.71,4285.0,30.0,65.722261
SQQQ,2026-01-08 13:39:00+00:00,65.6799,65.69,65.66,65.69,2969.0,27.0,65.679423
SQQQ,2026-01-08 13:40:00+00:00,65.68,65.71,65.68,65.7,9900.0,59.0,65.697793
SQQQ,2026-01-08 13:41:00+00:00,65.7,65.7,65.64,65.65,5848.0,52.0,65.67539
SQQQ,2026-01-08 13:42:00+00:00,65.64,65.67,65.64,65.64,4093.0,40.0,65.649524
SQQQ,2026-01-08 13:43:00+00:00,65.65,65.69,65.64,65.65,3417.0,29.0,65.665313
SQQQ,2026-01-08 13:44:00+00:00,65.66,65.7,65.65,65.69,6054.0,42.0,65.68367
SQQQ,2026-01-08 13:45:00+00:00,65.69,65.72,65.69,65.7,3741.0,37.0,65.701283
SQQQ,2026-01-08 13:46:00+00:00,65.73,65.75,65.7,65.72,11850.0,82.0,65.73745
SQQQ,2026-01-08 13:47:00+00:00,65.71,65.75,65.71,65.74,4753.0,37.0,65.727592
SQQQ,2026-01-08 13:48:00+00:00,65.74,65.75,65.72,65.72,41020.0,143.0,65.728422
SQQQ,2026-01-08 13:49:00+00:00,65.72,65.74,65.7,65.74,5778.0,40.0,65.709531
SQQQ,2026-01-08 13:50:00+00:00,65.73,65.76,65.73,65.74,5616.0,44.0,65.744088
SQQQ,2026-01-08 13:51:00+00:00,65.75,65.75,65.74,65.75,2848.0,27.0,65.748868
SQQQ,2026-01-08 13:52:00+00:00,65.75,65.76,65.72,65.72,5356.0,27.0,65.748284
SQQQ,2026-01-08 13:53:00+00:00,65.71,65.73,65.7097,65.73,1727.0,17.0,65.716834
SQQQ,2026-01-08 13:54:00+00:00,65.729,65.7403,65.71,65.7403,4053.0,35.0,65.729582
SQQQ,2026-01-08 13:55:00+00:00,65.74,65.76,65.74,65.76,3667.0,40.0,65.751587
SQQQ,2026-01-08 13:56:00+00:00,65.76,65.77,65.72,65.73,7641.0,35.0,65.747924
SQQQ,2026-01-08 13:57:00+00:00,65.74,65.75,65.73,65.75,6100.0,32.0,65.742334
SQQQ,2026-01-08 13:58:00+00:00,65.735,65.74,65.73,65.7397,5633.0,37.0,65.739257
SQQQ,2026-01-08 13:59:00+00:00,65.73,65.73,65.675,65.679,15788.0,65.0,65.691416
SQQQ,2026-01-08 14:00:00+00:00,65.69,65.82,65.69,65.81,52113.0,217.0,65.778562
SQQQ,2026-01-08 14:01:00+00:00,65.795,65.8,65.74,65.76,5525.0,35.0,65.786689
SQQQ,2026-01-08 14:02:00+00:00,65.75,65.75,65.7,65.73,7889.0,42.0,65.729451
SQQQ,2026-01-08 14:03:00+00:00,65.72,65.74,65.72,65.74,3989.0,25.0,65.738686
SQQQ,2026-01-08 14:04:00+00:00,65.72,65.73,65.61,65.68,21287.0,182.0,65.652037
SQQQ,2026-01-08 14:05:00+00:00,65.69,65.72,65.67,65.67,9943.0,46.0,65.709896
SQQQ,2026-01-08 14:06:00+00:00,65.67,65.68,65.65,65.66,4073.0,35.0,65.661169
SQQQ,2026-01-08 14:07:00+00:00,65.66,65.68,65.66,65.68,5229.0,47.0,65.668594
SQQQ,2026-01-08 14:08:00+00:00,65.66,65.69,65.66,65.67,7055.0,60.0,65.672871
SQQQ,2026-01-08 14:09:00+00:00,65.69,65.71,65.65,65.65,7407.0,50.0,65.683024
SQQQ,2026-01-08 14:10:00+00:00,65.65,65.66,65.61,65.61,4163.0,42.0,65.628724
SQQQ,2026-01-08 14:11:00+00:00,65.62,65.63,65.6,65.63,10360.0,58.0,65.60987
SQQQ,2026-01-08 14:12:00+00:00,65.6484,65.69,65.6484,65.68,6607.0,47.0,65.679142
SQQQ,2026-01-08 14:13:00+00:00,65.69,65.69,65.68,65.69,2096.0,28.0,65.6875
SQQQ,2026-01-08 14:14:00+00:00,65.7,65.73,65.7,65.7201,11188.0,43.0,65.711777
SQQQ,2026-01-08 14:15:00+00:00,65.72,65.78,65.71,65.76,17259.0,90.0,65.744207
SQQQ,2026-01-08 14:16:00+00:00,65.75,65.75,65.71,65.72,5151.0,30.0,65.733513
SQQQ,2026-01-08 14:17:00+00:00,65.72,65.75,65.715,65.72,2484.0,26.0,65.735621
SQQQ,2026-01-08 14:18:00+00:00,65.715,65.73,65.69,65.69,3053.0,28.0,65.716098
SQQQ,2026-01-08 14:19:00+00:00,65.7,65.77,65.7,65.77,6790.0,45.0,65.737849
SQQQ,2026-01-08 14:20:00+00:00,65.77,65.78,65.75,65.77,4306.0,35.0,65.765315
SQQQ,2026-01-08 14:21:00+00:00,65.7794,65.8,65.76,65.76,7510.0,58.0,65.780575
SQQQ,2026-01-08 14:22:00+00:00,65.76,65.785,65.745,65.78,1779.0,21.0,65.764371
SQQQ,2026-01-08 14:23:00+00:00,65.76,65.7713,65.76,65.77,6064.0,37.0,65.764655
SQQQ,2026-01-08 14:24:00+00:00,65.77,65.84,65.77,65.83,25041.0,107.0,65.808859
SQQQ,2026-01-08 14:25:00+00:00,65.83,65.83,65.77,65.77,25155.0,80.0,65.814583
SQQQ,2026-01-08 14:26:00+00:00,65.78,65.8116,65.7784,65.8116,7337.0,43.0,65.786304
SQQQ,2026-01-08 14:27:00+00:00,65.82,65.82,65.77,65.78,18566.0,74.0,65.786264
SQQQ,2026-01-08 14:28:00+00:00,65.78,65.83,65.75,65.83,16860.0,88.0,65.778071
SQQQ,2026-01-08 14:29:00+00:00,65.83,65.86,65.77,65.79,12980.0,64.0,65.814861
SQQQ,2026-01-08 14:30:00+00:00,65.78,66.07,65.66,65.99,795389.0,2756.0,65.908223
SQQQ,2026-01-08 14:31:00+00:00,66.01,66.17,65.98,66.1392,527819.0,2296.0,66.073671
SQQQ,2026-01-08 14:32:00+00:00,66.13,66.2,65.9508,66.09,387886.0,1783.0,66.076424
SQQQ,2026-01-08 14:33:00+00:00,66.08,66.26,65.98,66.19,398428.0,1703.0,66.126214
SQQQ,2026-01-08 14:34:00+00:00,66.19,66.485,66.15,66.37,412792.0,2082.0,66.361975
SQQQ,2026-01-08 14:35:00+00:00,66.39,66.43,66.26,66.375,666071.0,2964.0,66.366586
SQQQ,2026-01-08 14:36:00+00:00,66.37,66.45,66.285,66.4,448622.0,1933.0,66.377169
SQQQ,2026-01-08 14:37:00+00:00,66.4,66.42,66.2216,66.34,277945.0,1344.0,66.335996
SQQQ,2026-01-08 14:38:00+00:00,66.35,66.605,66.34,66.53,438417.0,1863.0,66.509265
SQQQ,2026-01-08 14:39:00+00:00,66.52,66.61,66.3899,66.6,244878.0,1141.0,66.478271
SQQQ,2026-01-08 14:40:00+00:00,66.6,66.69,66.49,66.4945,428372.0,1969.0,66.602872
SQQQ,2026-01-08 14:41:00+00:00,66.49,66.6206,66.44,66.6,245111.0,1126.0,66.539476
SQQQ,2026-01-08 14:42:00+00:00,66.61,66.99,66.565,66.92,566267.0,2971.0,66.783334
SQQQ,2026-01-08 14:43:00+00:00,66.91,67.02,66.86,67.01,479536.0,2216.0,66.92878
SQQQ,2026-01-08 14:44:00+00:00,67.01,67.09,66.96,67.035,326931.0,1682.0,67.039177
SQQQ,2026-01-08 14:45:00+00:00,67.025,67.2199,67.025,67.06,594636.0,2959.0,67.120848
SQQQ,2026-01-08 14:46:00+00:00,67.06,67.1265,66.79,66.79,462108.0,1898.0,66.93865
SQQQ,2026-01-08 14:47:00+00:00,66.78,66.78,66.62,66.6583,383465.0,1529.0,66.679141
SQQQ,2026-01-08 14:48:00+00:00,66.65,66.86,66.63,66.7974,292730.0,1057.0,66.757934
SQQQ,2026-01-08 14:49:00+00:00,66.8,66.8469,66.695,66.81,176278.0,1005.0,66.764439
SQQQ,2026-01-08 14:50:00+00:00,66.82,66.99,66.82,66.92,284855.0,1388.0,66.901297
SQQQ,2026-01-08 14:51:00+00:00,66.93,67.0499,66.88,66.94,286544.0,1393.0,66.973682
SQQQ,2026-01-08 14:52:00+00:00,66.945,66.97,66.68,66.7354,288938.0,1355.0,66.792928
SQQQ,2026-01-08 14:53:00+00:00,66.73,66.91,66.7,66.83,163112.0,927.0,66.783405
SQQQ,2026-01-08 14:54:00+00:00,66.825,66.85,66.6506,66.81,299380.0,1533.0,66.748584
SQQQ,2026-01-08 14:55:00+00:00,66.81,66.905,66.756,66.8799,148901.0,901.0,66.828414
SQQQ,2026-01-08 14:56:00+00:00,66.87,67.01,66.8588,67.005,167834.0,893.0,66.951843
SQQQ,2026-01-08 14:57:00+00:00,67.01,67.1599,66.9627,66.9627,224802.0,1147.0,67.051625
SQQQ,2026-01-08 14:58:00+00:00,66.98,67.0201,66.9101,67.0071,153197.0,909.0,66.965026
SQQQ,2026-01-08 14:59:00+00:00,67.0001,67.19,66.99,67.1801,148544.0,884.0,67.094526
SQQQ,2026-01-08 15:00:00+00:00,67.17,67.295,67.12,67.2606,372823.0,1934.0,67.226142
SQQQ,2026-01-08 15:01:00+00:00,67.27,67.37,67.235,67.2901,217787.0,1258.0,67.302716
SQQQ,2026-01-08 15:02:00+00:00,67.3,67.408,67.23,67.31,195274.0,1285.0,67.343448
SQQQ,2026-01-08 15:03:00+00:00,67.325,67.4202,67.255,67.28,164522.0,935.0,67.338075
SQQQ,2026-01-08 15:04:00+00:00,67.29,67.35,67.08,67.12,250330.0,1130.0,67.230549
SQQQ,2026-01-08 15:05:00+00:00,67.12,67.17,66.835,66.91,342342.0,1451.0,67.015017
SQQQ,2026-01-08 15:06:00+00:00,66.91,67.01,66.805,66.96,261935.0,1220.0,66.900899
SQQQ,2026-01-08 15:07:00+00:00,66.96,66.97,66.77,66.78,169551.0,894.0,66.858934
SQQQ,2026-01-08 15:08:00+00:00,66.7899,66.82,66.59,66.65,233377.0,1279.0,66.701446
SQQQ,2026-01-08 15:09:00+00:00,66.645,66.7199,66.575,66.6032,217758.0,899.0,66.638488
SQQQ,2026-01-08 15:10:00+00:00,66.6,66.68,66.5913,66.63,134720.0,744.0,66.632722
SQQQ,2026-01-08 15:11:00+00:00,66.63,66.78,66.63,66.73,174930.0,860.0,66.721685
SQQQ,2026-01-08 15:12:00+00:00,66.72,66.73,66.57,66.59,155692.0,848.0,66.620118
SQQQ,2026-01-08 15:13:00+00:00,66.6,66.6803,66.58,66.66,114089.0,634.0,66.623882
SQQQ,2026-01-08 15:14:00+00:00,66.66,66.685,66.57,66.6,96268.0,554.0,66.637534
SQQQ,2026-01-08 15:15:00+00:00,66.59,66.665,66.5846,66.59,97935.0,506.0,66.624027
SQQQ,2026-01-08 15:16:00+00:00,66.59,66.61,66.48,66.525,246577.0,1234.0,66.541388
SQQQ,2026-01-08 15:17:00+00:00,66.5377,66.68,66.52,66.6402,134126.0,670.0,66.606844
SQQQ,2026-01-08 15:18:00+00:00,66.63,66.63,66.44,66.47,104091.0,521.0,66.551651
SQQQ,2026-01-08 15:19:00+00:00,66.47,66.554,66.44,66.5457,115977.0,555.0,66.485086
SQQQ,2026-01-08 15:20:00+00:00,66.54,66.58,66.51,66.56,72264.0,402.0,66.542673
SQQQ,2026-01-08 15:21:00+00:00,66.56,66.59,66.47,66.5784,135355.0,477.0,66.516888
SQQQ,2026-01-08 15:22:00+00:00,66.58,66.64,66.52,66.61,94418.0,588.0,66.585921
SQQQ,2026-01-08 15:23:00+00:00,66.604,66.61,66.52,66.55,49894.0,316.0,66.569643
SQQQ,2026-01-08 15:24:00+00:00,66.54,66.56,66.4,66.486,123207.0,621.0,66.497939
SQQQ,2026-01-08 15:25:00+00:00,66.5,66.5001,66.42,66.5,53489.0,359.0,66.467142
SQQQ,2026-01-08 15:26:00+00:00,66.49,66.5607,66.47,66.49,67807.0,387.0,66.511629
SQQQ,2026-01-08 15:27:00+00:00,66.49,66.58,66.47,66.535,69443.0,407.0,66.527916
SQQQ,2026-01-08 15:28:00+00:00,66.54,66.54,66.33,66.4084,131935.0,688.0,66.413253
SQQQ,2026-01-08 15:29:00+00:00,66.412,66.495,66.412,66.45,62946.0,355.0,66.466215
SQQQ,2026-01-08 15:30:00+00:00,66.4699,66.6099,66.44,66.5287,126607.0,582.0,66.524025
SQQQ,2026-01-08 15:31:00+00:00,66.55,66.57,66.44,66.4599,55577.0,369.0,66.504265
SQQQ,2026-01-08 15:32:00+00:00,66.46,66.51,66.39,66.475,81574.0,534.0,66.446189
SQQQ,2026-01-08 15:33:00+00:00,66.48,66.63,66.48,66.5897,69186.0,436.0,66.556963
SQQQ,2026-01-08 15:34:00+00:00,66.585,66.7099,66.58,66.69,144547.0,558.0,66.668792
SQQQ,2026-01-08 15:35:00+00:00,66.69,66.7701,66.67,66.7698,193439.0,669.0,66.725573
SQQQ,2026-01-08 15:36:00+00:00,66.76,66.95,66.7545,66.9201,230800.0,920.0,66.885564
SQQQ,2026-01-08 15:37:00+00:00,66.9207,67.0,66.91,66.96,240665.0,735.0,66.954314
SQQQ,2026-01-08 15:38:00+00:00,66.97,67.0001,66.8538,66.93,164045.0,642.0,66.908173
SQQQ,2026-01-08 15:39:00+00:00,66.9229,66.93,66.6712,66.72,157674.0,582.0,66.757037
SQQQ,2026-01-08 15:40:00+00:00,66.72,66.8,66.6407,66.65,114305.0,544.0,66.724727
SQQQ,2026-01-08 15:41:00+00:00,66.64,66.64,66.485,66.5,147401.0,734.0,66.526215
SQQQ,2026-01-08 15:42:00+00:00,66.5001,66.67,66.45,66.58,140713.0,480.0,66.593254
SQQQ,2026-01-08 15:43:00+00:00,66.565,66.5927,66.47,66.51,56871.0,362.0,66.556393
SQQQ,2026-01-08 15:44:00+00:00,66.509,66.59,66.48,66.5675,63247.0,386.0,66.517143
SQQQ,2026-01-08 15:45:00+00:00,66.56,66.6,66.51,66.58,69731.0,425.0,66.550586
SQQQ,2026-01-08 15:46:00+00:00,66.59,66.7,66.57,66.68,64508.0,458.0,66.651732
SQQQ,2026-01-08 15:47:00+00:00,66.68,66.81,66.65,66.78,128578.0,452.0,66.73847
SQQQ,2026-01-08 15:48:00+00:00,66.79,66.84,66.7325,66.7575,76342.0,491.0,66.799869
SQQQ,2026-01-08 15:49:00+00:00,66.758,66.83,66.72,66.7999,108827.0,387.0,66.787343
SQQQ,2026-01-08 15:50:00+00:00,66.78,66.835,66.73,66.78,57646.0,383.0,66.785493
SQQQ,2026-01-08 15:51:00+00:00,66.7602,66.92,66.76,66.865,123048.0,496.0,66.860801
SQQQ,2026-01-08 15:52:00+00:00,66.87,66.93,66.84,66.885,78798.0,448.0,66.891595
SQQQ,2026-01-08 15:53:00+00:00,66.8825,66.995,66.8825,66.9513,66765.0,419.0,66.953526
SQQQ,2026-01-08 15:54:00+00:00,66.956,67.0982,66.94,67.07,89794.0,562.0,67.013332
SQQQ,2026-01-08 15:55:00+00:00,67.07,67.08,66.96,66.9925,107656.0,623.0,67.032696
SQQQ,2026-01-08 15:56:00+00:00,67.0009,67.1199,67.0,67.0294,75796.0,539.0,67.066062
SQQQ,2026-01-08 15:57:00+00:00,67.03,67.045,66.8898,66.92,126578.0,568.0,66.952674
SQQQ,2026-01-08 15:58:00+00:00,66.905,66.905,66.61,66.63,119351.0,597.0,66.737425
SQQQ,2026-01-08 15:59:00+00:00,66.61,66.61,66.5499,66.5512,83854.0,441.0,66.571368
SQQQ,2026-01-08 16:00:00+00:00,66.55,66.68,66.5485,66.6,117651.0,536.0,66.616931
SQQQ,2026-01-08 16:01:00+00:00,66.597,66.7193,66.58,66.63,74941.0,436.0,66.643347
SQQQ,2026-01-08 16:02:00+00:00,66.63,66.67,66.6,66.67,74230.0,345.0,66.637419
SQQQ,2026-01-08 16:03:00+00:00,66.6799,66.71,66.64,66.65,62067.0,377.0,66.672526
SQQQ,2026-01-08 16:04:00+00:00,66.655,66.67,66.6,66.62,68253.0,348.0,66.622359
SQQQ,2026-01-08 16:05:00+00:00,66.63,66.795,66.62,66.752,87635.0,446.0,66.727004
SQQQ,2026-01-08 16:06:00+00:00,66.76,66.76,66.62,66.695,63533.0,306.0,66.682361
SQQQ,2026-01-08 16:07:00+00:00,66.7,66.81,66.67,66.8,68876.0,374.0,66.726583
SQQQ,2026-01-08 16:08:00+00:00,66.805,66.9,66.805,66.9,59141.0,387.0,66.859261
SQQQ,2026-01-08 16:09:00+00:00,66.92,66.94,66.88,66.88,104836.0,389.0,66.916904
SQQQ,2026-01-08 16:10:00+00:00,66.8794,66.985,66.85,66.94,137045.0,534.0,66.942073
SQQQ,2026-01-08 16:11:00+00:00,66.933,66.95,66.83,66.8328,73088.0,374.0,66.875842
SQQQ,2026-01-08 16:12:00+00:00,66.83,66.83,66.725,66.73,54425.0,338.0,66.759711
SQQQ,2026-01-08 16:13:00+00:00,66.73,66.96,66.71,66.9,65001.0,400.0,66.847681
SQQQ,2026-01-08 16:14:00+00:00,66.9,66.9399,66.87,66.93,26295.0,236.0,66.898375
SQQQ,2026-01-08 16:15:00+00:00,66.95,66.9956,66.9,66.98,67187.0,434.0,66.940332
SQQQ,2026-01-08 16:16:00+00:00,66.98,67.09,66.9799,67.01,115843.0,646.0,67.01232
SQQQ,2026-01-08 16:17:00+00:00,67.015,67.0209,66.9,66.9301,88008.0,430.0,66.97146
SQQQ,2026-01-08 16:18:00+00:00,66.94,66.975,66.82,66.91,141255.0,713.0,66.88895
SQQQ,2026-01-08 16:19:00+00:00,66.9,66.9701,66.8725,66.88,53662.0,337.0,66.912427
SQQQ,2026-01-08 16:20:00+00:00,66.86,66.86,66.7424,66.75,69647.0,439.0,66.786
SQQQ,2026-01-08 16:21:00+00:00,66.75,66.755,66.67,66.7,142304.0,495.0,66.698348
SQQQ,2026-01-08 16:22:00+00:00,66.7,66.8,66.7,66.785,51504.0,408.0,66.756375
SQQQ,2026-01-08 16:23:00+00:00,66.77,66.8651,66.71,66.845,58487.0,328.0,66.782093
SQQQ,2026-01-08 16:24:00+00:00,66.85,66.95,66.84,66.92,91642.0,400.0,66.905138
SQQQ,2026-01-08 16:25:00+00:00,66.91,67.03,66.9,66.91,72107.0,450.0,66.955492
SQQQ,2026-01-08 16:26:00+00:00,66.91,66.935,66.8,66.8623,71038.0,357.0,66.867237
SQQQ,2026-01-08 16:27:00+00:00,66.86,66.99,66.86,66.99,105126.0,313.0,66.970092
SQQQ,2026-01-08 16:28:00+00:00,66.97,67.03,66.944,66.9594,51989.0,386.0,66.978224
SQQQ,2026-01-08 16:29:00+00:00,66.97,67.0356,66.95,67.015,33024.0,266.0,66.98964
SQQQ,2026-01-08 16:30:00+00:00,67.02,67.12,66.9823,66.985,133931.0,752.0,67.060086
SQQQ,2026-01-08 16:31:00+00:00,67.0,67.0676,66.95,66.98,54511.0,379.0,67.019387
SQQQ,2026-01-08 16:32:00+00:00,66.98,67.06,66.9301,67.0,54669.0,359.0,66.998472
SQQQ,2026-01-08 16:33:00+00:00,67.01,67.03,66.98,67.005,40475.0,271.0,66.998871
SQQQ,2026-01-08 16:34:00+00:00,67.005,67.1056,66.99,67.07,45909.0,345.0,67.049284
SQQQ,2026-01-08 16:35:00+00:00,67.0814,67.2376,67.07,67.2077,148485.0,647.0,67.178969
SQQQ,2026-01-08 16:36:00+00:00,67.205,67.32,67.1745,67.285,112122.0,620.0,67.257714
SQQQ,2026-01-08 16:37:00+00:00,67.27,67.29,67.1916,67.21,87770.0,419.0,67.253776
SQQQ,2026-01-08 16:38:00+00:00,67.22,67.24,67.03,67.03,60792.0,425.0,67.117592
SQQQ,2026-01-08 16:39:00+00:00,67.0112,67.05,66.9401,67.02,81241.0,443.0,66.981411
SQQQ,2026-01-08 16:40:00+00:00,67.02,67.04,66.94,66.9501,82346.0,443.0,66.974897
SQQQ,2026-01-08 16:41:00+00:00,66.96,66.99,66.89,66.93,79834.0,400.0,66.930172
SQQQ,2026-01-08 16:42:00+00:00,66.91,66.95,66.83,66.84,45370.0,325.0,66.887658
SQQQ,2026-01-08 16:43:00+00:00,66.8299,66.8856,66.81,66.86,40065.0,334.0,66.854267
SQQQ,2026-01-08 16:44:00+00:00,66.84,66.86,66.81,66.84,26178.0,242.0,66.839182
SQQQ,2026-01-08 16:45:00+00:00,66.8227,66.84,66.71,66.7112,137649.0,489.0,66.743156
SQQQ,2026-01-08 16:46:00+00:00,66.715,66.726,66.615,66.69,114860.0,628.0,66.657626
SQQQ,2026-01-08 16:47:00+00:00,66.71,66.74,66.66,66.68,36737.0,325.0,66.702759
SQQQ,2026-01-08 16:48:00+00:00,66.69,66.71,66.62,66.6301,44298.0,285.0,66.657016
SQQQ,2026-01-08 16:49:00+00:00,66.635,66.75,66.62,66.6901,55565.0,346.0,66.706752
SQQQ,2026-01-08 16:50:00+00:00,66.68,66.74,66.67,66.7267,32231.0,232.0,66.704725
SQQQ,2026-01-08 16:51:00+00:00,66.735,66.81,66.735,66.8001,138884.0,572.0,66.776922
SQQQ,2026-01-08 16:52:00+00:00,66.81,66.95,66.81,66.93,105036.0,415.0,66.90891
SQQQ,2026-01-08 16:53:00+00:00,66.93,66.96,66.88,66.9363,67824.0,417.0,66.917276
SQQQ,2026-01-08 16:54:00+00:00,66.95,66.95,66.8667,66.88,55297.0,326.0,66.917257
SQQQ,2026-01-08 16:55:00+00:00,66.8799,66.94,66.81,66.825,38325.0,274.0,66.869973
SQQQ,2026-01-08 16:56:00+00:00,66.82,66.8499,66.77,66.8,37380.0,230.0,66.811827
SQQQ,2026-01-08 16:57:00+00:00,66.785,66.815,66.75,66.77,27966.0,215.0,66.778881
SQQQ,2026-01-08 16:58:00+00:00,66.76,66.78,66.715,66.73,93541.0,429.0,66.755934
SQQQ,2026-01-08 16:59:00+00:00,66.72,66.73,66.65,66.67,37857.0,239.0,66.691627
SQQQ,2026-01-08 17:00:00+00:00,66.6707,66.76,66.65,66.76,104955.0,424.0,66.694067
SQQQ,2026-01-08 17:01:00+00:00,66.75,66.8,66.74,66.774,68719.0,357.0,66.763758
SQQQ,2026-01-08 17:02:00+00:00,66.77,66.8468,66.73,66.8468,58624.0,285.0,66.774137
SQQQ,2026-01-08 17:03:00+00:00,66.835,66.866,66.81,66.85,41340.0,218.0,66.835968
SQQQ,2026-01-08 17:04:00+00:00,66.84,66.88,66.82,66.831,42705.0,234.0,66.848482
SQQQ,2026-01-08 17:05:00+00:00,66.83,66.89,66.83,66.87,35996.0,193.0,66.860592
SQQQ,2026-01-08 17:06:00+00:00,66.875,66.925,66.855,66.89,63060.0,282.0,66.89475
SQQQ,2026-01-08 17:07:00+00:00,66.895,66.9,66.84,66.865,51080.0,248.0,66.870871
SQQQ,2026-01-08 17:08:00+00:00,66.87,66.88,66.7802,66.83,60047.0,230.0,66.844127
SQQQ,2026-01-08 17:09:00+00:00,66.8399,66.8954,66.83,66.86,35040.0,191.0,66.864318
SQQQ,2026-01-08 17:10:00+00:00,66.865,66.9075,66.865,66.8997,33792.0,241.0,66.894812
SQQQ,2026-01-08 17:11:00+00:00,66.9099,66.915,66.87,66.87,26907.0,177.0,66.89115
SQQQ,2026-01-08 17:12:00+00:00,66.86,66.94,66.8435,66.92,56400.0,255.0,66.913347
SQQQ,2026-01-08 17:13:00+00:00,66.93,66.93,66.861,66.87,18716.0,169.0,66.890545
SQQQ,2026-01-08 17:14:00+00:00,66.87,66.87,66.7946,66.82,22868.0,186.0,66.831688
SQQQ,2026-01-08 17:15:00+00:00,66.82,66.87,66.805,66.83,27810.0,212.0,66.832311
SQQQ,2026-01-08 17:16:00+00:00,66.82,66.83,66.72,66.765,63870.0,237.0,66.742916
SQQQ,2026-01-08 17:17:00+00:00,66.76,66.8,66.74,66.7702,18770.0,156.0,66.765852
SQQQ,2026-01-08 17:18:00+00:00,66.77,66.7965,66.725,66.7275,22866.0,134.0,66.760578
SQQQ,2026-01-08 17:19:00+00:00,66.7373,66.74,66.64,66.6599,125344.0,385.0,66.686988
SQQQ,2026-01-08 17:20:00+00:00,66.65,66.6932,66.61,66.64,72333.0,371.0,66.647567
SQQQ,2026-01-08 17:21:00+00:00,66.6321,66.6493,66.6,66.62,51306.0,186.0,66.626728
SQQQ,2026-01-08 17:22:00+00:00,66.62,66.745,66.6,66.721,43996.0,287.0,66.666956
SQQQ,2026-01-08 17:23:00+00:00,66.7293,66.78,66.715,66.765,44183.0,264.0,66.745909
SQQQ,2026-01-08 17:24:00+00:00,66.77,66.7984,66.72,66.7984,45194.0,274.0,66.763955
SQQQ,2026-01-08 17:25:00+00:00,66.8,66.86,66.8,66.85,55239.0,311.0,66.836432
SQQQ,2026-01-08 17:26:00+00:00,66.88,66.97,66.88,66.9682,38604.0,311.0,66.934567
SQQQ,2026-01-08 17:27:00+00:00,66.9699,67.0,66.875,66.8899,74287.0,412.0,66.946459
SQQQ,2026-01-08 17:28:00+00:00,66.8913,66.92,66.86,66.88,29121.0,225.0,66.891384
SQQQ,2026-01-08 17:29:00+00:00,66.88,66.95,66.88,66.95,14816.0,163.0,66.915915
SQQQ,2026-01-08 17:30:00+00:00,66.93,66.94,66.81,66.8901,30971.0,250.0,66.872775
SQQQ,2026-01-08 17:31:00+00:00,66.881,66.91,66.775,66.8,42215.0,266.0,66.823564
SQQQ,2026-01-08 17:32:00+00:00,66.8,66.8,66.7,66.7,36732.0,254.0,66.751285
SQQQ,2026-01-08 17:33:00+00:00,66.7,66.74,66.7,66.715,19332.0,160.0,66.724106
SQQQ,2026-01-08 17:34:00+00:00,66.71,66.78,66.7,66.736,36938.0,252.0,66.753139
SQQQ,2026-01-08 17:35:00+00:00,66.74,66.75,66.69,66.71,19365.0,177.0,66.714342
SQQQ,2026-01-08 17:36:00+00:00,66.71,66.7289,66.695,66.715,26016.0,151.0,66.709279
SQQQ,2026-01-08 17:37:00+00:00,66.71,66.75,66.7,66.73,13181.0,132.0,66.73315
SQQQ,2026-01-08 17:38:00+00:00,66.724,66.77,66.724,66.75,20169.0,141.0,66.743489
SQQQ,2026-01-08 17:39:00+00:00,66.75,66.7673,66.71,66.71,18789.0,155.0,66.737128
SQQQ,2026-01-08 17:40:00+00:00,66.7,66.745,66.6935,66.706,18117.0,161.0,66.713832
SQQQ,2026-01-08 17:41:00+00:00,66.69,66.69,66.625,66.63,75206.0,287.0,66.654596
SQQQ,2026-01-08 17:42:00+00:00,66.6479,66.68,66.59,66.65,45226.0,308.0,66.630153
SQQQ,2026-01-08 17:43:00+00:00,66.6479,66.6899,66.6302,66.68,35824.0,186.0,66.652002
SQQQ,2026-01-08 17:44:00+00:00,66.675,66.6901,66.64,66.65,51110.0,187.0,66.674466
SQQQ,2026-01-08 17:45:00+00:00,66.64,66.64,66.6,66.6149,33832.0,229.0,66.619298
SQQQ,2026-01-08 17:46:00+00:00,66.62,66.65,66.58,66.626,27887.0,241.0,66.617883
SQQQ,2026-01-08 17:47:00+00:00,66.6282,66.63,66.58,66.59,15643.0,133.0,66.609636
SQQQ,2026-01-08 17:48:00+00:00,66.59,66.63,66.5856,66.61,26194.0,167.0,66.607954
SQQQ,2026-01-08 17:49:00+00:00,66.615,66.62,66.53,66.555,45890.0,261.0,66.556003
SQQQ,2026-01-08 17:50:00+00:00,66.556,66.556,66.495,66.51,61929.0,417.0,66.518608
SQQQ,2026-01-08 17:51:00+00:00,66.516,66.5273,66.475,66.52,36467.0,227.0,66.501652
SQQQ,2026-01-08 17:52:00+00:00,66.5,66.5,66.4235,66.45,37124.0,237.0,66.447885
SQQQ,2026-01-08 17:53:00+00:00,66.46,66.4899,66.4401,66.4411,17925.0,176.0,66.470601
SQQQ,2026-01-08 17:54:00+00:00,66.445,66.4774,66.43,66.4774,13528.0,166.0,66.462788
SQQQ,2026-01-08 17:55:00+00:00,66.47,66.5399,66.46,66.5172,39169.0,270.0,66.507464
SQQQ,2026-01-08 17:56:00+00:00,66.52,66.525,66.48,66.5089,22334.0,135.0,66.503119
SQQQ,2026-01-08 17:57:00+00:00,66.51,66.52,66.48,66.494,9606.0,140.0,66.496529
SQQQ,2026-01-08 17:58:00+00:00,66.5,66.6073,66.5,66.59,46910.0,346.0,66.561253
SQQQ,2026-01-08 17:59:00+00:00,66.6,66.62,66.565,66.6,77641.0,376.0,66.590704
SQQQ,2026-01-08 18:00:00+00:00,66.6,66.65,66.58,66.58,37951.0,251.0,66.621475
SQQQ,2026-01-08 18:01:00+00:00,66.58,66.61,66.5754,66.6,19505.0,181.0,66.59505
SQQQ,2026-01-08 18:02:00+00:00,66.6,66.695,66.6,66.695,31697.0,261.0,66.647306
SQQQ,2026-01-08 18:03:00+00:00,66.7,66.74,66.6922,66.7014,77496.0,296.0,66.719252
SQQQ,2026-01-08 18:04:00+00:00,66.7001,66.705,66.614,66.6822,82289.0,237.0,66.64334
SQQQ,2026-01-08 18:05:00+00:00,66.69,66.78,66.69,66.766,28931.0,241.0,66.731111
SQQQ,2026-01-08 18:06:00+00:00,66.77,66.8,66.74,66.77,26611.0,229.0,66.765714
SQQQ,2026-01-08 18:07:00+00:00,66.78,66.805,66.76,66.78,73447.0,227.0,66.791666
SQQQ,2026-01-08 18:08:00+00:00,66.78,66.86,66.78,66.83,143458.0,316.0,66.807999
SQQQ,2026-01-08 18:09:00+00:00,66.83,66.85,66.8,66.815,30403.0,205.0,66.832163
SQQQ,2026-01-08 18:10:00+00:00,66.805,66.86,66.79,66.855,23731.0,158.0,66.828403
SQQQ,2026-01-08 18:11:00+00:00,66.85,66.9666,66.85,66.91,66371.0,351.0,66.928941
SQQQ,2026-01-08 18:12:00+00:00,66.9,66.97,66.9,66.935,90347.0,357.0,66.938939
SQQQ,2026-01-08 18:13:00+00:00,66.93,67.04,66.93,67.03,53130.0,361.0,66.997429
SQQQ,2026-01-08 18:14:00+00:00,67.04,67.05,66.99,67.01,39083.0,256.0,67.018692
SQQQ,2026-01-08 18:15:00+00:00,67.01,67.06,66.9699,66.9723,51688.0,307.0,67.010834
SQQQ,2026-01-08 18:16:00+00:00,66.98,67.0,66.95,66.955,60790.0,269.0,66.981596
SQQQ,2026-01-08 18:17:00+00:00,66.96,66.96,66.83,66.8507,70845.0,373.0,66.909075
SQQQ,2026-01-08 18:18:00+00:00,66.865,66.9,66.8399,66.8399,20898.0,183.0,66.871061
SQQQ,2026-01-08 18:19:00+00:00,66.845,66.859,66.7473,66.7473,35289.0,223.0,66.790976
SQQQ,2026-01-08 18:20:00+00:00,66.73,66.7476,66.6801,66.71,33754.0,285.0,66.713064
SQQQ,2026-01-08 18:21:00+00:00,66.7,66.7901,66.7,66.7901,43155.0,256.0,66.732283
SQQQ,2026-01-08 18:22:00+00:00,66.785,66.9,66.78,66.89,63314.0,322.0,66.862102
SQQQ,2026-01-08 18:23:00+00:00,66.88,66.89,66.86,66.87,22275.0,197.0,66.877553
SQQQ,2026-01-08 18:24:00+00:00,66.8625,66.87,66.83,66.85,33644.0,184.0,66.857016
SQQQ,2026-01-08 18:25:00+00:00,66.85,66.89,66.838,66.8699,23413.0,192.0,66.866726
SQQQ,2026-01-08 18:26:00+00:00,66.87,66.9,66.79,66.82,35879.0,188.0,66.845089
SQQQ,2026-01-08 18:27:00+00:00,66.81,66.81,66.74,66.745,32855.0,198.0,66.779937
SQQQ,2026-01-08 18:28:00+00:00,66.745,66.77,66.7299,66.7597,17256.0,191.0,66.742209
SQQQ,2026-01-08 18:29:00+00:00,66.7599,66.79,66.7599,66.77,18593.0,157.0,66.76949
SQQQ,2026-01-08 18:30:00+00:00,66.7516,66.82,66.75,66.7527,69050.0,337.0,66.785642
SQQQ,2026-01-08 18:31:00+00:00,66.76,66.825,66.74,66.825,14092.0,137.0,66.770877
SQQQ,2026-01-08 18:32:00+00:00,66.8164,66.84,66.78,66.8198,41354.0,151.0,66.820497
SQQQ,2026-01-08 18:33:00+00:00,66.8001,66.83,66.794,66.82,11219.0,123.0,66.808607
SQQQ,2026-01-08 18:34:00+00:00,66.82,66.84,66.8011,66.835,16867.0,131.0,66.820187
SQQQ,2026-01-08 18:35:00+00:00,66.83,66.83,66.71,66.71,25345.0,159.0,66.768706
SQQQ,2026-01-08 18:36:00+00:00,66.7134,66.7313,66.7134,66.73,41854.0,127.0,66.7208
SQQQ,2026-01-08 18:37:00+00:00,66.7196,66.79,66.7196,66.7773,19501.0,119.0,66.751331
SQQQ,2026-01-08 18:38:00+00:00,66.7633,66.7988,66.7633,66.7756,9801.0,96.0,66.776149
SQQQ,2026-01-08 18:39:00+00:00,66.76,66.79,66.76,66.77,3952.0,80.0,66.767675
SQQQ,2026-01-08 18:40:00+00:00,66.78,66.8,66.7765,66.8,19190.0,107.0,66.78688
SQQQ,2026-01-08 18:41:00+00:00,66.79,66.8,66.74,66.76,16908.0,111.0,66.762812
SQQQ,2026-01-08 18:42:00+00:00,66.74,66.794,66.725,66.73,14644.0,115.0,66.754915
SQQQ,2026-01-08 18:43:00+00:00,66.73,66.7699,66.73,66.7699,5048.0,75.0,66.742527
SQQQ,2026-01-08 18:44:00+00:00,66.76,66.79,66.7572,66.7572,6688.0,70.0,66.770473
SQQQ,2026-01-08 18:45:00+00:00,66.75,66.82,66.75,66.81,12750.0,104.0,66.80024
SQQQ,2026-01-08 18:46:00+00:00,66.81,66.81,66.675,66.69,40267.0,199.0,66.734211
SQQQ,2026-01-08 18:47:00+00:00,66.7,66.7254,66.65,66.655,34664.0,159.0,66.685347
SQQQ,2026-01-08 18:48:00+00:00,66.66,66.6902,66.64,66.69,23980.0,87.0,66.671101
SQQQ,2026-01-08 18:49:00+00:00,66.685,66.72,66.685,66.71,22086.0,91.0,66.703949
SQQQ,2026-01-08 18:50:00+00:00,66.7,66.77,66.68,66.77,22000.0,134.0,66.719912
SQQQ,2026-01-08 18:51:00+00:00,66.75,66.83,66.73,66.8039,52378.0,148.0,66.798542
SQQQ,2026-01-08 18:52:00+00:00,66.81,66.89,66.81,66.88,46141.0,174.0,66.844102
SQQQ,2026-01-08 18:53:00+00:00,66.871,66.91,66.87,66.88,23798.0,126.0,66.889055
SQQQ,2026-01-08 18:54:00+00:00,66.88,66.94,66.8735,66.94,31447.0,127.0,66.906487
SQQQ,2026-01-08 18:55:00+00:00,66.95,66.97,66.9,66.965,34410.0,197.0,66.941116
SQQQ,2026-01-08 18:56:00+00:00,66.96,66.99,66.95,66.97,27778.0,134.0,66.970178
SQQQ,2026-01-08 18:57:00+00:00,66.98,67.0001,66.97,66.98,20852.0,135.0,66.987357
SQQQ,2026-01-08 18:58:00+00:00,66.99,67.01,66.97,66.99,20795.0,123.0,66.993396
SQQQ,2026-01-08 18:59:00+00:00,67.005,67.025,66.93,66.9702,55252.0,219.0,66.980029
SQQQ,2026-01-08 19:00:00+00:00,66.98,67.0,66.94,66.99,24625.0,125.0,66.973621
SQQQ,2026-01-08 19:01:00+00:00,66.99,67.01,66.97,66.97,17875.0,100.0,66.994625
SQQQ,2026-01-08 19:02:00+00:00,66.95,66.9669,66.8703,66.8771,61485.0,174.0,66.892302
SQQQ,2026-01-08 19:03:00+00:00,66.86,66.865,66.775,66.7813,30453.0,138.0,66.829536
SQQQ,2026-01-08 19:04:00+00:00,66.79,66.85,66.78,66.85,15221.0,77.0,66.824189
SQQQ,2026-01-08 19:05:00+00:00,66.855,66.86,66.79,66.79,32311.0,122.0,66.821267
SQQQ,2026-01-08 19:06:00+00:00,66.795,66.85,66.795,66.83,12726.0,77.0,66.828726
SQQQ,2026-01-08 19:07:00+00:00,66.84,66.8983,66.8344,66.8573,21047.0,106.0,66.856028
SQQQ,2026-01-08 19:08:00+00:00,66.855,66.87,66.835,66.8501,13618.0,56.0,66.856113
SQQQ,2026-01-08 19:09:00+00:00,66.8656,66.914,66.8201,66.914,14299.0,65.0,66.867946
SQQQ,2026-01-08 19:10:00+00:00,66.9065,67.0199,66.905,67.01,42222.0,223.0,66.983502
SQQQ,2026-01-08 19:11:00+00:00,67.0173,67.07,67.0144,67.044,72054.0,243.0,67.050252
SQQQ,2026-01-08 19:12:00+00:00,67.05,67.08,67.03,67.0425,21990.0,135.0,67.043254
SQQQ,2026-01-08 19:13:00+00:00,67.02,67.07,67.0101,67.0687,30620.0,128.0,67.052228
SQQQ,2026-01-08 19:14:00+00:00,67.07,67.11,67.07,67.094,62154.0,221.0,67.089507
SQQQ,2026-01-08 19:15:00+00:00,67.1033,67.22,67.0973,67.145,105400.0,413.0,67.171906
SQQQ,2026-01-08 19:16:00+00:00,67.14,67.23,67.14,67.195,79414.0,285.0,67.191709
SQQQ,2026-01-08 19:17:00+00:00,67.195,67.2,67.04,67.06,83428.0,342.0,67.126443
SQQQ,2026-01-08 19:18:00+00:00,67.06,67.07,67.0,67.06,42061.0,179.0,67.027185
SQQQ,2026-01-08 19:19:00+00:00,67.055,67.07,66.965,66.9699,20039.0,100.0,67.004134
SQQQ,2026-01-08 19:20:00+00:00,66.97,66.9733,66.86,66.86,35090.0,182.0,66.910877
SQQQ,2026-01-08 19:21:00+00:00,66.87,66.98,66.85,66.974,17486.0,116.0,66.915293
SQQQ,2026-01-08 19:22:00+00:00,66.98,66.997,66.94,66.9955,25391.0,137.0,66.980103
SQQQ,2026-01-08 19:23:00+00:00,66.995,67.06,66.99,67.025,20583.0,130.0,67.022864
SQQQ,2026-01-08 19:24:00+00:00,67.01,67.0369,66.97,67.01,14907.0,94.0,66.997509
SQQQ,2026-01-08 19:25:00+00:00,67.015,67.0656,67.01,67.0432,34361.0,140.0,67.034585
SQQQ,2026-01-08 19:26:00+00:00,67.04,67.05,67.02,67.03,31659.0,157.0,67.032762
SQQQ,2026-01-08 19:27:00+00:00,67.035,67.05,67.0,67.03,22276.0,93.0,67.020799
SQQQ,2026-01-08 19:28:00+00:00,67.025,67.043,67.0044,67.0385,19186.0,99.0,67.026752
SQQQ,2026-01-08 19:29:00+00:00,67.02,67.025,66.99,67.01,11551.0,51.0,67.007731
SQQQ,2026-01-08 19:30:00+00:00,67.0199,67.0199,66.94,66.96,17117.0,110.0,66.966763
SQQQ,2026-01-08 19:31:00+00:00,66.93,66.9419,66.89,66.9,21961.0,98.0,66.910408
SQQQ,2026-01-08 19:32:00+00:00,66.91,66.91,66.88,66.9,19137.0,117.0,66.891865
SQQQ,2026-01-08 19:33:00+00:00,66.9,66.93,66.875,66.93,6527.0,71.0,66.903222
SQQQ,2026-01-08 19:34:00+00:00,66.93,66.97,66.9199,66.97,8007.0,62.0,66.955438
SQQQ,2026-01-08 19:35:00+00:00,66.94,67.0,66.9346,66.9986,21224.0,97.0,66.97631
SQQQ,2026-01-08 19:36:00+00:00,67.0,67.0367,66.99,67.0299,35769.0,172.0,67.017749
SQQQ,2026-01-08 19:37:00+00:00,67.03,67.04,66.9999,67.04,17356.0,94.0,67.022517
SQQQ,2026-01-08 19:38:00+00:00,67.0288,67.0609,67.0154,67.0375,27545.0,103.0,67.040284
SQQQ,2026-01-08 19:39:00+00:00,67.0367,67.055,67.02,67.0544,22100.0,91.0,67.035016
SQQQ,2026-01-08 19:40:00+00:00,67.055,67.06,66.99,66.9901,12793.0,82.0,67.029857
SQQQ,2026-01-08 19:41:00+00:00,67.005,67.05,67.005,67.04,20216.0,95.0,67.037369
SQQQ,2026-01-08 19:42:00+00:00,67.04,67.06,67.0301,67.045,33985.0,98.0,67.047206
SQQQ,2026-01-08 19:43:00+00:00,67.04,67.1199,67.025,67.0938,47974.0,174.0,67.073429
SQQQ,2026-01-08 19:44:00+00:00,67.09,67.1,67.05,67.06,21438.0,117.0,67.072754
SQQQ,2026-01-08 19:45:00+00:00,67.06,67.0674,67.01,67.04,43148.0,191.0,67.038229
SQQQ,2026-01-08 19:46:00+00:00,67.0405,67.0544,67.014,67.0387,21756.0,99.0,67.034206
SQQQ,2026-01-08 19:47:00+00:00,67.03,67.08,67.01,67.07,19347.0,100.0,67.044913
SQQQ,2026-01-08 19:48:00+00:00,67.055,67.08,67.05,67.06,17982.0,74.0,67.066944
SQQQ,2026-01-08 19:49:00+00:00,67.06,67.06,66.99,66.995,13445.0,108.0,67.022293
SQQQ,2026-01-08 19:50:00+00:00,66.9965,67.015,66.975,66.975,20512.0,127.0,66.989998
SQQQ,2026-01-08 19:51:00+00:00,66.97,66.9801,66.94,66.94,16696.0,126.0,66.96117
SQQQ,2026-01-08 19:52:00+00:00,66.9402,66.9402,66.875,66.88,41993.0,119.0,66.921714
SQQQ,2026-01-08 19:53:00+00:00,66.8762,66.9,66.8635,66.9,11550.0,100.0,66.883991
SQQQ,2026-01-08 19:54:00+00:00,66.9,66.93,66.89,66.93,57539.0,114.0,66.913294
SQQQ,2026-01-08 19:55:00+00:00,66.9609,67.07,66.96,67.0481,64230.0,181.0,67.033439
SQQQ,2026-01-08 19:56:00+00:00,67.0401,67.0799,67.0399,67.07,41029.0,180.0,67.059031
SQQQ,2026-01-08 19:57:00+00:00,67.0693,67.085,67.05,67.06,28164.0,107.0,67.06336
SQQQ,2026-01-08 19:58:00+00:00,67.0588,67.06,66.98,67.02,48345.0,118.0,67.017166
SQQQ,2026-01-08 19:59:00+00:00,67.015,67.015,66.9511,66.9552,37859.0,163.0,66.980272
SQQQ,2026-01-08 20:00:00+00:00,66.96,67.0,66.95,66.99,22123.0,131.0,66.973458
SQQQ,2026-01-08 20:01:00+00:00,67.005,67.0056,66.97,66.985,14439.0,92.0,66.988849
SQQQ,2026-01-08 20:02:00+00:00,66.97,66.97,66.95,66.95,16198.0,65.0,66.959189
SQQQ,2026-01-08 20:03:00+00:00,66.94,66.94,66.88,66.93,46305.0,130.0,66.900803
SQQQ,2026-01-08 20:04:00+00:00,66.9201,66.94,66.905,66.93,28265.0,92.0,66.925855
SQQQ,2026-01-08 20:05:00+00:00,66.9299,66.99,66.92,66.97,30712.0,104.0,66.946625
SQQQ,2026-01-08 20:06:00+00:00,66.97,67.025,66.9686,66.995,43679.0,177.0,66.995882
SQQQ,2026-01-08 20:07:00+00:00,66.9895,67.0,66.96,66.9699,48978.0,132.0,66.987755
SQQQ,2026-01-08 20:08:00+00:00,66.9601,66.98,66.94,66.96,24202.0,115.0,66.957596
SQQQ,2026-01-08 20:09:00+00:00,66.9501,66.9501,66.9,66.92,18169.0,110.0,66.923126
SQQQ,2026-01-08 20:10:00+00:00,66.92,66.92,66.795,66.8,63767.0,302.0,66.853918
SQQQ,2026-01-08 20:11:00+00:00,66.8,66.9099,66.7927,66.89,42111.0,173.0,66.854864
SQQQ,2026-01-08 20:12:00+00:00,66.885,66.9,66.855,66.8601,26275.0,108.0,66.871447
SQQQ,2026-01-08 20:13:00+00:00,66.865,66.87,66.79,66.79,52394.0,197.0,66.826048
SQQQ,2026-01-08 20:14:00+00:00,66.795,66.83,66.795,66.8,25276.0,112.0,66.806052
SQQQ,2026-01-08 20:15:00+00:00,66.8,66.8073,66.77,66.78,32244.0,107.0,66.792393
SQQQ,2026-01-08 20:16:00+00:00,66.78,66.86,66.775,66.8591,14067.0,98.0,66.807563
SQQQ,2026-01-08 20:17:00+00:00,66.8637,66.89,66.8603,66.877,19529.0,88.0,66.871927
SQQQ,2026-01-08 20:18:00+00:00,66.8715,66.885,66.8301,66.85,26418.0,97.0,66.864161
SQQQ,2026-01-08 20:19:00+00:00,66.8446,66.9099,66.8446,66.88,33860.0,227.0,66.887578
SQQQ,2026-01-08 20:20:00+00:00,66.87,66.89,66.86,66.86,32356.0,144.0,66.873568
SQQQ,2026-01-08 20:21:00+00:00,66.86,66.92,66.86,66.9,12917.0,96.0,66.893213
SQQQ,2026-01-08 20:22:00+00:00,66.9,66.9074,66.875,66.885,11032.0,61.0,66.891659
SQQQ,2026-01-08 20:23:00+00:00,66.87,66.87,66.77,66.79,73384.0,224.0,66.810858
SQQQ,2026-01-08 20:24:00+00:00,66.7954,66.82,66.78,66.81,98595.0,351.0,66.801054
SQQQ,2026-01-08 20:25:00+00:00,66.8,66.8,66.735,66.7356,42990.0,158.0,66.759951
SQQQ,2026-01-08 20:26:00+00:00,66.74,66.75,66.7,66.7007,42067.0,156.0,66.723624
SQQQ,2026-01-08 20:27:00+00:00,66.7,66.7,66.64,66.66,30931.0,167.0,66.673035
SQQQ,2026-01-08 20:28:00+00:00,66.6501,66.6501,66.59,66.6145,76342.0,309.0,66.613507
SQQQ,2026-01-08 20:29:00+00:00,66.62,66.68,66.62,66.65,35684.0,209.0,66.647442
SQQQ,2026-01-08 20:30:00+00:00,66.64,66.64,66.56,66.6,92467.0,353.0,66.588217
SQQQ,2026-01-08 20:31:00+00:00,66.6,66.63,66.57,66.586,29363.0,187.0,66.603066
SQQQ,2026-01-08 20:32:00+00:00,66.5856,66.65,66.5846,66.645,25958.0,148.0,66.619682
SQQQ,2026-01-08 20:33:00+00:00,66.64,66.66,66.5833,66.595,83140.0,175.0,66.601466
SQQQ,2026-01-08 20:34:00+00:00,66.5903,66.5903,66.52,66.5207,98580.0,261.0,66.568675
SQQQ,2026-01-08 20:35:00+00:00,66.52,66.53,66.49,66.5199,74805.0,357.0,66.500456
SQQQ,2026-01-08 20:36:00+00:00,66.512,66.52,66.4701,66.51,62993.0,278.0,66.489116
SQQQ,2026-01-08 20:37:00+00:00,66.51,66.5399,66.5024,66.53,31611.0,167.0,66.513795
SQQQ,2026-01-08 20:38:00+00:00,66.52,66.53,66.495,66.5138,16317.0,84.0,66.508179
SQQQ,2026-01-08 20:39:00+00:00,66.516,66.61,66.516,66.6,32544.0,162.0,66.569426
SQQQ,2026-01-08 20:40:00+00:00,66.595,66.6354,66.56,66.625,48801.0,273.0,66.592646
SQQQ,2026-01-08 20:41:00+00:00,66.63,66.68,66.62,66.66,133799.0,298.0,66.660536
SQQQ,2026-01-08 20:42:00+00:00,66.665,66.6999,66.6599,66.67,35826.0,171.0,66.678514
SQQQ,2026-01-08 20:43:00+00:00,66.67,66.7153,66.67,66.7,25189.0,163.0,66.699105
SQQQ,2026-01-08 20:44:00+00:00,66.6876,66.7,66.61,66.62,54999.0,245.0,66.653386
SQQQ,2026-01-08 20:45:00+00:00,66.61,66.65,66.5638,66.6168,71184.0,286.0,66.609733
SQQQ,2026-01-08 20:46:00+00:00,66.615,66.616,66.585,66.6,21925.0,127.0,66.599083
SQQQ,2026-01-08 20:47:00+00:00,66.6,66.62,66.56,66.57,22539.0,122.0,66.592428
SQQQ,2026-01-08 20:48:00+00:00,66.57,66.6,66.56,66.565,8585.0,77.0,66.571419
SQQQ,2026-01-08 20:49:00+00:00,66.565,66.5652,66.525,66.555,10869.0,101.0,66.553005
SQQQ,2026-01-08 20:50:00+00:00,66.56,66.6879,66.56,66.63,91261.0,595.0,66.626348
SQQQ,2026-01-08 20:51:00+00:00,66.6321,66.65,66.63,66.645,33240.0,297.0,66.645252
SQQQ,2026-01-08 20:52:00+00:00,66.6565,66.6899,66.59,66.6,60519.0,750.0,66.63652
SQQQ,2026-01-08 20:53:00+00:00,66.61,66.62,66.495,66.51,99574.0,769.0,66.5476
SQQQ,2026-01-08 20:54:00+00:00,66.515,66.545,66.49,66.5246,118678.0,513.0,66.516577
SQQQ,2026-01-08 20:55:00+00:00,66.54,66.57,66.5,66.5201,46026.0,315.0,66.53568
SQQQ,2026-01-08 20:56:00+00:00,66.52,66.53,66.4699,66.49,48504.0,198.0,66.49056
SQQQ,2026-01-08 20:57:00+00:00,66.49,66.572,66.485,66.565,54855.0,213.0,66.547664
SQQQ,2026-01-08 20:58:00+00:00,66.56,66.56,66.53,66.53,55451.0,285.0,66.542551
SQQQ,2026-01-08 20:59:00+00:00,66.53,66.61,66.49,66.6,400539.0,1010.0,66.553955
SQQQ,2026-01-08 21:00:00+00:00,66.59,66.61,66.47,66.48,61704.0,164.0,66.556664
SQQQ,2026-01-08 21:01:00+00:00,66.489,66.5101,66.45,66.5101,16028.0,94.0,66.48925
SQQQ,2026-01-08 21:02:00+00:00,66.52,66.56,66.52,66.54,5706.0,40.0,66.533854
SQQQ,2026-01-08 21:03:00+00:00,66.54,66.57,66.54,66.57,5794.0,27.0,66.549377
SQQQ,2026-01-08 21:04:00+00:00,66.56,66.57,66.53,66.53,2858.0,37.0,66.549005
SQQQ,2026-01-08 21:05:00+00:00,66.5399,66.569,66.53,66.56,24082.0,81.0,66.558699
SQQQ,2026-01-08 21:06:00+00:00,66.56,66.56,66.55,66.551,15404.0,20.0,66.559823
SQQQ,2026-01-08 21:07:00+00:00,66.5599,66.59,66.5599,66.58,10379.0,36.0,66.564074
SQQQ,2026-01-08 21:08:00+00:00,66.55,66.56,66.5203,66.5203,3371.0,45.0,66.550317
SQQQ,2026-01-08 21:09:00+00:00,66.52,66.54,66.52,66.5376,717.0,14.0,66.531626
SQQQ,2026-01-08 21:10:00+00:00,66.56,66.57,66.56,66.57,6297.0,12.0,66.560244
SQQQ,2026-01-08 21:11:00+00:00,66.57,66.58,66.57,66.58,1830.0,26.0,66.573143
SQQQ,2026-01-08 21:12:00+00:00,66.58,66.58,66.55,66.55,2347.0,36.0,66.568648
SQQQ,2026-01-08 21:14:00+00:00,66.55,66.55,66.55,66.55,2046.0,10.0,66.55
SQQQ,2026-01-08 21:15:00+00:00,66.54,66.56,66.54,66.55,3000.0,16.0,66.548318
SQQQ,2026-01-08 21:16:00+00:00,66.56,66.5671,66.55,66.55,2040.0,16.0,66.555553
SQQQ,2026-01-08 21:18:00+00:00,66.56,66.58,66.56,66.57,2825.0,25.0,66.570007
SQQQ,2026-01-08 21:19:00+00:00,66.57,66.5702,66.57,66.5702,21604.0,40.0,66.570004
SQQQ,2026-01-08 21:20:00+00:00,66.58,66.58,66.57,66.57,10872.0,59.0,66.570855
SQQQ,2026-01-08 21:21:00+00:00,66.57,66.57,66.56,66.57,38184.0,85.0,66.569946
SQQQ,2026-01-08 21:22:00+00:00,66.55,66.55,66.5399,66.5399,774.0,11.0,66.54263
SQQQ,2026-01-08 21:24:00+00:00,66.5393,66.5393,66.5393,66.5393,279.0,5.0,66.5393
SQQQ,2026-01-08 21:25:00+00:00,66.55,66.55,66.54,66.54,18283.0,57.0,66.540562
SQQQ,2026-01-08 21:26:00+00:00,66.54,66.54,66.51,66.51,2681.0,27.0,66.530525
SQQQ,2026-01-08 21:27:00+00:00,66.5203,66.53,66.52,66.52,11668.0,23.0,66.529015
SQQQ,2026-01-08 21:28:00+00:00,66.5199,66.5199,66.49,66.5089,3942.0,33.0,66.499455
SQQQ,2026-01-08 21:29:00+00:00,66.5,66.5008,66.5,66.5008,1091.0,16.0,66.500551
SQQQ,2026-01-08 21:30:00+00:00,66.5,66.5,66.48,66.48,3095.0,30.0,66.493694
SQQQ,2026-01-08 21:31:00+00:00,66.46,66.46,66.4416,66.4416,2117.0,24.0,66.444421
SQQQ,2026-01-08 21:32:00+00:00,66.45,66.45,66.4306,66.4402,4917.0,16.0,66.441739
SQQQ,2026-01-08 21:33:00+00:00,66.44,66.44,66.43,66.44,2553.0,15.0,66.43871
SQQQ,2026-01-08 21:34:00+00:00,66.44,66.4484,66.42,66.42,2757.0,30.0,66.429246
SQQQ,2026-01-08 21:35:00+00:00,66.41,66.41,66.39,66.39,6891.0,56.0,66.399394
SQQQ,2026-01-08 21:36:00+00:00,66.399,66.4,66.37,66.37,4327.0,47.0,66.392877
SQQQ,2026-01-08 21:37:00+00:00,66.37,66.3816,66.36,66.3816,6938.0,68.0,66.368037
SQQQ,2026-01-08 21:38:00+00:00,66.37,66.3892,66.33,66.33,3551.0,59.0,66.355732
SQQQ,2026-01-08 21:39:00+00:00,66.33,66.33,66.27,66.27,15651.0,117.0,66.315907
SQQQ,2026-01-08 21:40:00+00:00,66.2703,66.2703,66.21,66.22,11018.0,98.0,66.235708
SQQQ,2026-01-08 21:41:00+00:00,66.22,66.27,66.22,66.27,9420.0,89.0,66.232061
SQQQ,2026-01-08 21:42:00+00:00,66.25,66.25,66.21,66.2201,5019.0,35.0,66.221392
SQQQ,2026-01-08 21:43:00+00:00,66.21,66.2299,66.15,66.15,8922.0,67.0,66.187643
SQQQ,2026-01-08 21:44:00+00:00,66.19,66.23,66.19,66.2208,4984.0,27.0,66.208955
SQQQ,2026-01-08 21:45:00+00:00,66.23,66.24,66.23,66.23,3004.0,23.0,66.235343
SQQQ,2026-01-08 21:46:00+00:00,66.22,66.24,66.22,66.23,1541.0,14.0,66.232415
SQQQ,2026-01-08 21:47:00+00:00,66.23,66.2398,66.23,66.23,1079.0,15.0,66.231441
SQQQ,2026-01-08 21:48:00+00:00,66.25,66.25,66.24,66.24,1221.0,25.0,66.245295
SQQQ,2026-01-08 21:49:00+00:00,66.25,66.26,66.23,66.24,6361.0,77.0,66.250424
SQQQ,2026-01-08 21:50:00+00:00,66.23,66.24,66.23,66.23,5781.0,68.0,66.230179
SQQQ,2026-01-08 21:51:00+00:00,66.23,66.24,66.23,66.2301,1567.0,32.0,66.235333
SQQQ,2026-01-08 21:52:00+00:00,66.23,66.23,66.23,66.23,620.0,11.0,66.23
SQQQ,2026-01-08 21:53:00+00:00,66.21,66.2287,66.21,66.22,2999.0,29.0,66.214901
SQQQ,2026-01-08 21:54:00+00:00,66.21,66.26,66.21,66.26,4213.0,30.0,66.232626
SQQQ,2026-01-08 21:55:00+00:00,66.3,66.35,66.3,66.34,10395.0,55.0,66.324323
SQQQ,2026-01-08 21:56:00+00:00,66.35,66.35,66.33,66.34,919.0,31.0,66.337643
SQQQ,2026-01-08 21:57:00+00:00,66.35,66.42,66.35,66.42,10395.0,79.0,66.381327
SQQQ,2026-01-08 21:58:00+00:00,66.42,66.42,66.34,66.34,4664.0,35.0,66.401484
SQQQ,2026-01-08 21:59:00+00:00,66.36,66.38,66.36,66.38,555.0,16.0,66.37
SQQQ,2026-01-08 22:01:00+00:00,66.3507,66.3507,66.3507,66.3507,1074.0,6.0,66.3507
SQQQ,2026-01-08 22:02:00+00:00,66.38,66.39,66.38,66.39,386.0,13.0,66.386667
SQQQ,2026-01-08 22:05:00+00:00,66.4,66.4,66.35,66.35,2351.0,23.0,66.371905
SQQQ,2026-01-08 22:06:00+00:00,66.38,66.38,66.38,66.38,348.0,5.0,66.38
SQQQ,2026-01-08 22:07:00+00:00,66.381,66.381,66.37,66.37,844.0,4.0,66.3755
SQQQ,2026-01-08 22:09:00+00:00,66.37,66.4,66.37,66.4,821.0,5.0,66.38875
SQQQ,2026-01-08 22:10:00+00:00,66.4,66.42,66.4,66.4,1637.0,25.0,66.406154
SQQQ,2026-01-08 22:11:00+00:00,66.41,66.42,66.41,66.42,220.0,2.0,66.415455
SQQQ,2026-01-08 22:13:00+00:00,66.42,66.44,66.42,66.44,754.0,12.0,66.431601
SQQQ,2026-01-08 22:15:00+00:00,66.4368,66.4368,66.41,66.41,2633.0,10.0,66.412776
SQQQ,2026-01-08 22:16:00+00:00,66.411,66.4296,66.41,66.4296,1544.0,12.0,66.412498
SQQQ,2026-01-08 22:17:00+00:00,66.42,66.42,66.42,66.42,252.0,3.0,66.42
SQQQ,2026-01-08 22:18:00+00:00,66.42,66.42,66.42,66.42,453.0,8.0,66.42
SQQQ,2026-01-08 22:19:00+00:00,66.41,66.41,66.41,66.41,5713.0,9.0,66.41
SQQQ,2026-01-08 22:20:00+00:00,66.41,66.43,66.401,66.401,3107.0,9.0,66.418355
SQQQ,2026-01-08 22:22:00+00:00,66.4,66.4,66.4,66.4,236.0,2.0,66.4
SQQQ,2026-01-08 22:23:00+00:00,66.41,66.41,66.41,66.41,150.0,2.0,66.41
SQQQ,2026-01-08 22:25:00+00:00,66.41,66.41,66.33,66.38,2664.0,24.0,66.366093
SQQQ,2026-01-08 22:26:00+00:00,66.3798,66.3798,66.3798,66.3798,510.0,2.0,66.3798
SQQQ,2026-01-08 22:28:00+00:00,66.36,66.36,66.36,66.36,221.0,5.0,66.36
SQQQ,2026-01-08 22:29:00+00:00,66.35,66.35,66.35,66.35,188.0,5.0,66.35
SQQQ,2026-01-08 22:30:00+00:00,66.4,66.4,66.4,66.4,100.0,1.0,66.4
SQQQ,2026-01-08 22:31:00+00:00,66.39,66.39,66.39,66.39,106.0,3.0,66.39
SQQQ,2026-01-08 22:34:00+00:00,66.3816,66.3816,66.3816,66.3816,151.0,4.0,66.3816
SQQQ,2026-01-08 22:35:00+00:00,66.38,66.38,66.38,66.38,296.0,6.0,66.38
SQQQ,2026-01-08 22:36:00+00:00,66.3796,66.3796,66.3796,66.3796,560.0,2.0,66.3796
SQQQ,2026-01-08 22:37:00+00:00,66.37,66.37,66.37,66.37,1460.0,5.0,66.37
SQQQ,2026-01-08 22:38:00+00:00,66.36,66.3601,66.36,66.3601,2977.0,8.0,66.360031
SQQQ,2026-01-08 22:42:00+00:00,66.3601,66.37,66.25,66.28,8391.0,52.0,66.318994
SQQQ,2026-01-08 22:43:00+00:00,66.32,66.32,66.32,66.32,219.0,7.0,66.32
SQQQ,2026-01-08 22:44:00+00:00,66.3,66.3,66.3,66.3,259.0,7.0,66.3
SQQQ,2026-01-08 22:45:00+00:00,66.2583,66.2583,66.25,66.25,505.0,7.0,66.255533
SQQQ,2026-01-08 22:46:00+00:00,66.26,66.26,66.25,66.26,1151.0,17.0,66.256208
SQQQ,2026-01-08 22:48:00+00:00,66.27,66.27,66.27,66.27,153.0,5.0,66.27
SQQQ,2026-01-08 22:52:00+00:00,66.2218,66.2218,66.2218,66.2218,194.0,11.0,66.2218
SQQQ,2026-01-08 22:53:00+00:00,66.221,66.221,66.22,66.22,410.0,7.0,66.220333
SQQQ,2026-01-08 22:54:00+00:00,66.23,66.23,66.23,66.23,180.0,7.0,66.23
SQQQ,2026-01-08 22:55:00+00:00,66.3,66.3,66.29,66.29,1000.0,11.0,66.297778
SQQQ,2026-01-08 22:56:00+00:00,66.29,66.29,66.29,66.29,1300.0,7.0,66.29
SQQQ,2026-01-08 22:57:00+00:00,66.2701,66.2701,66.2701,66.2701,550.0,2.0,66.2701
SQQQ,2026-01-08 22:58:00+00:00,66.27,66.27,66.27,66.27,2575.0,16.0,66.27
SQQQ,2026-01-08 23:00:00+00:00,66.32,66.34,66.3,66.31,2816.0,10.0,66.320545
SQQQ,2026-01-08 23:01:00+00:00,66.31,66.31,66.29,66.29,4783.0,22.0,66.292629
SQQQ,2026-01-08 23:03:00+00:00,66.3201,66.33,66.32,66.32,801.0,3.0,66.323783
SQQQ,2026-01-08 23:04:00+00:00,66.3089,66.35,66.3089,66.35,1258.0,7.0,66.321501
SQQQ,2026-01-08 23:06:00+00:00,66.3408,66.35,66.3299,66.3299,3339.0,7.0,66.336999
SQQQ,2026-01-08 23:07:00+00:00,66.32,66.32,66.3108,66.3108,210.0,2.0,66.315619
SQQQ,2026-01-08 23:08:00+00:00,66.31,66.31,66.31,66.31,148.0,4.0,66.31
SQQQ,2026-01-08 23:09:00+00:00,66.3,66.3,66.3,66.3,309.0,3.0,66.3
SQQQ,2026-01-08 23:10:00+00:00,66.36,66.36,66.36,66.36,345.0,5.0,66.36
SQQQ,2026-01-08 23:11:00+00:00,66.3694,66.3694,66.3694,66.3694,2024.0,4.0,66.3694
SQQQ,2026-01-08 23:12:00+00:00,66.3501,66.3501,66.3501,66.3501,177.0,4.0,66.3501
SQQQ,2026-01-08 23:13:00+00:00,66.38,66.38,66.38,66.38,309.0,6.0,66.38
SQQQ,2026-01-08 23:14:00+00:00,66.37,66.39,66.37,66.381,1232.0,7.0,66.377667
SQQQ,2026-01-08 23:15:00+00:00,66.3807,66.4,66.3807,66.4,2374.0,13.0,66.39877
SQQQ,2026-01-08 23:16:00+00:00,66.4,66.4,66.399,66.4,6102.0,10.0,66.39931
SQQQ,2026-01-08 23:18:00+00:00,66.41,66.41,66.41,66.41,210.0,4.0,66.41
SQQQ,2026-01-08 23:20:00+00:00,66.4,66.4,66.3804,66.3804,3073.0,5.0,66.386933
SQQQ,2026-01-08 23:21:00+00:00,66.38,66.391,66.38,66.391,930.0,3.0,66.381833
SQQQ,2026-01-08 23:22:00+00:00,66.42,66.42,66.42,66.42,3152.0,8.0,66.42
SQQQ,2026-01-08 23:24:00+00:00,66.42,66.44,66.42,66.44,6787.0,23.0,66.43
SQQQ,2026-01-08 23:25:00+00:00,66.4864,66.4864,66.4864,66.4864,619.0,9.0,66.4864
SQQQ,2026-01-08 23:27:00+00:00,66.46,66.47,66.46,66.47,860.0,4.0,66.464725
SQQQ,2026-01-08 23:28:00+00:00,66.4688,66.48,66.4688,66.48,1260.0,15.0,66.475289
SQQQ,2026-01-08 23:29:00+00:00,66.4902,66.5,66.4902,66.5,1885.0,10.0,66.497266
SQQQ,2026-01-08 23:30:00+00:00,66.4968,66.5,66.48,66.49,6773.0,59.0,66.489761
SQQQ,2026-01-08 23:31:00+00:00,66.49,66.49,66.49,66.49,4800.0,10.0,66.49
SQQQ,2026-01-08 23:32:00+00:00,66.49,66.4998,66.4803,66.4998,1062.0,9.0,66.490366
SQQQ,2026-01-08 23:33:00+00:00,66.49,66.5,66.49,66.5,1206.0,10.0,66.493442
SQQQ,2026-01-08 23:34:00+00:00,66.49,66.53,66.48,66.53,9366.0,52.0,66.507578
SQQQ,2026-01-08 23:35:00+00:00,66.53,66.53,66.52,66.53,774.0,8.0,66.528571
SQQQ,2026-01-08 23:36:00+00:00,66.53,66.53,66.53,66.53,229.0,7.0,66.53
SQQQ,2026-01-08 23:37:00+00:00,66.53,66.54,66.53,66.54,2326.0,26.0,66.539545
SQQQ,2026-01-08 23:38:00+00:00,66.54,66.54,66.54,66.54,200.0,1.0,66.54
SQQQ,2026-01-08 23:39:00+00:00,66.55,66.58,66.55,66.56,5563.0,43.0,66.562905
SQQQ,2026-01-08 23:41:00+00:00,66.5703,66.58,66.57,66.57,1923.0,12.0,66.571973
SQQQ,2026-01-08 23:42:00+00:00,66.56,66.56,66.54,66.54,1316.0,14.0,66.550769
SQQQ,2026-01-08 23:43:00+00:00,66.5511,66.56,66.5511,66.56,787.0,10.0,66.55555
SQQQ,2026-01-08 23:44:00+00:00,66.57,66.58,66.57,66.58,1470.0,16.0,66.576708
SQQQ,2026-01-08 23:45:00+00:00,66.5768,66.58,66.5768,66.58,716.0,13.0,66.57936
SQQQ,2026-01-08 23:46:00+00:00,66.57,66.58,66.57,66.58,3204.0,17.0,66.579355
SQQQ,2026-01-08 23:47:00+00:00,66.57,66.57,66.56,66.57,856.0,11.0,66.56625
SQQQ,2026-01-08 23:48:00+00:00,66.5691,66.5691,66.52,66.5468,2211.0,11.0,66.537425
SQQQ,2026-01-08 23:49:00+00:00,66.56,66.56,66.56,66.56,515.0,7.0,66.56
SQQQ,2026-01-08 23:50:00+00:00,66.58,66.6,66.58,66.6,2612.0,27.0,66.59276
SQQQ,2026-01-08 23:51:00+00:00,66.59,66.59,66.59,66.59,114.0,4.0,66.59
SQQQ,2026-01-08 23:52:00+00:00,66.6,66.64,66.6,66.64,9942.0,60.0,66.606791
SQQQ,2026-01-08 23:53:00+00:00,66.63,66.63,66.62,66.6224,2981.0,8.0,66.628591
SQQQ,2026-01-08 23:54:00+00:00,66.65,66.65,66.6397,66.6397,4027.0,17.0,66.642294
SQQQ,2026-01-08 23:55:00+00:00,66.64,66.64,66.64,66.64,160.0,3.0,66.64
SQQQ,2026-01-08 23:56:00+00:00,66.64,66.6401,66.64,66.6401,711.0,9.0,66.640017
SQQQ,2026-01-08 23:57:00+00:00,66.64,66.6497,66.64,66.64,5578.0,13.0,66.640898
SQQQ,2026-01-08 23:58:00+00:00,66.65,66.66,66.65,66.66,2336.0,41.0,66.654118
SQQQ,2026-01-08 23:59:00+00:00,66.66,66.67,66.66,66.66,2650.0,9.0,66.661939
SQQQ,2026-01-09 00:00:00+00:00,66.6601,66.68,66.66,66.68,4583.0,42.0,66.662365
SQQQ,2026-01-09 00:01:00+00:00,66.6,66.6,66.58,66.58,1164.0,7.0,66.581818
SQQQ,2026-01-09 00:02:00+00:00,66.6,66.6,66.6,66.6,462.0,6.0,66.6
SQQQ,2026-01-09 00:04:00+00:00,66.62,66.6384,66.62,66.6384,810.0,5.0,66.629771
SQQQ,2026-01-09 00:05:00+00:00,66.64,66.64,66.6306,66.64,970.0,5.0,66.636867
SQQQ,2026-01-09 00:06:00+00:00,66.6,66.6,66.6,66.6,100.0,1.0,66.6
SQQQ,2026-01-09 00:07:00+00:00,66.6,66.6,66.6,66.6,612.0,4.0,66.6
SQQQ,2026-01-09 00:08:00+00:00,66.6,66.6013,66.6,66.6013,1215.0,5.0,66.601182
SQQQ,2026-01-09 00:10:00+00:00,66.6475,66.65,66.6475,66.65,1640.0,4.0,66.648269
SQQQ,2026-01-09 00:12:00+00:00,66.6194,66.6194,66.6194,66.6194,315.0,3.0,66.6194
SQQQ,2026-01-09 00:14:00+00:00,66.58,66.58,66.58,66.58,685.0,10.0,66.58
SQQQ,2026-01-09 00:15:00+00:00,66.589,66.589,66.589,66.589,1153.0,2.0,66.589
SQQQ,2026-01-09 00:16:00+00:00,66.56,66.56,66.56,66.56,226.0,8.0,66.56
SQQQ,2026-01-09 00:17:00+00:00,66.5616,66.5616,66.5602,66.5607,3141.0,9.0,66.561265
SQQQ,2026-01-09 00:18:00+00:00,66.58,66.58,66.58,66.58,1044.0,6.0,66.58
SQQQ,2026-01-09 00:20:00+00:00,66.57,66.57,66.57,66.57,406.0,9.0,66.57
SQQQ,2026-01-09 00:21:00+00:00,66.56,66.56,66.54,66.54,2282.0,9.0,66.546364
SQQQ,2026-01-09 00:22:00+00:00,66.51,66.52,66.51,66.5107,3048.0,10.0,66.512414
SQQQ,2026-01-09 00:23:00+00:00,66.51,66.51,66.51,66.51,1421.0,4.0,66.51
SQQQ,2026-01-09 00:24:00+00:00,66.56,66.56,66.56,66.56,410.0,5.0,66.56
SQQQ,2026-01-09 00:26:00+00:00,66.61,66.65,66.61,66.65,3334.0,13.0,66.613602
SQQQ,2026-01-09 00:27:00+00:00,66.6593,66.66,66.64,66.64,3663.0,15.0,66.656476
SQQQ,2026-01-09 00:29:00+00:00,66.6,66.6,66.5893,66.5893,1532.0,4.0,66.596854
SQQQ,2026-01-09 00:30:00+00:00,66.55,66.55,66.55,66.55,537.0,5.0,66.55
SQQQ,2026-01-09 00:31:00+00:00,66.56,66.56,66.56,66.56,100.0,1.0,66.56
SQQQ,2026-01-09 00:32:00+00:00,66.55,66.55,66.5198,66.52,683.0,9.0,66.53495
SQQQ,2026-01-09 00:34:00+00:00,66.5402,66.5402,66.5402,66.5402,181.0,5.0,66.5402
SQQQ,2026-01-09 00:36:00+00:00,66.55,66.55,66.55,66.55,133.0,7.0,66.55
SQQQ,2026-01-09 00:37:00+00:00,66.52,66.52,66.52,66.52,618.0,5.0,66.52
SQQQ,2026-01-09 00:38:00+00:00,66.52,66.52,66.5101,66.5101,2222.0,7.0,66.511
SQQQ,2026-01-09 00:39:00+00:00,66.52,66.52,66.5107,66.5107,2503.0,3.0,66.512558
SQQQ,2026-01-09 00:40:00+00:00,66.51,66.5494,66.51,66.5494,1323.0,10.0,66.542833
SQQQ,2026-01-09 00:41:00+00:00,66.5405,66.5405,66.5405,66.5405,373.0,6.0,66.5405
SQQQ,2026-01-09 00:42:00+00:00,66.5397,66.56,66.5187,66.5187,971.0,9.0,66.54679
SQQQ,2026-01-09 00:43:00+00:00,66.51,66.5303,66.51,66.5303,936.0,5.0,66.520802
SQQQ,2026-01-09 00:44:00+00:00,66.53,66.53,66.51,66.51,531.0,13.0,66.5175
SQQQ,2026-01-09 00:45:00+00:00,66.52,66.5203,66.52,66.5203,551.0,5.0,66.520136
SQQQ,2026-01-09 00:46:00+00:00,66.53,66.53,66.53,66.53,206.0,7.0,66.53
SQQQ,2026-01-09 00:47:00+00:00,66.55,66.57,66.55,66.57,1328.0,13.0,66.568182
SQQQ,2026-01-09 00:48:00+00:00,66.58,66.58,66.57,66.57,230.0,4.0,66.575
SQQQ,2026-01-09 00:50:00+00:00,66.57,66.57,66.57,66.57,515.0,7.0,66.57
SQQQ,2026-01-09 00:51:00+00:00,66.58,66.59,66.58,66.59,1390.0,11.0,66.581246
SQQQ,2026-01-09 00:52:00+00:00,66.6,66.6,66.6,66.6,1207.0,7.0,66.6
SQQQ,2026-01-09 00:53:00+00:00,66.62,66.64,66.62,66.64,548.0,5.0,66.635
SQQQ,2026-01-09 00:54:00+00:00,66.6301,66.64,66.6301,66.64,1152.0,11.0,66.6355
SQQQ,2026-01-09 00:55:00+00:00,66.66,66.6958,66.66,66.6804,7201.0,71.0,66.670132
SQQQ,2026-01-09 00:56:00+00:00,66.671,66.7,66.67,66.7,1489.0,13.0,66.674
SQQQ,2026-01-09 00:57:00+00:00,66.68,66.68,66.68,66.68,321.0,7.0,66.68
SQQQ,2026-01-09 00:58:00+00:00,66.7,66.71,66.7,66.71,4569.0,27.0,66.707739
SQQQ,2026-01-09 00:59:00+00:00,66.7,66.7102,66.7,66.7102,3409.0,12.0,66.703279
SQQQ,2026-01-09 09:00:00+00:00,66.65,66.66,66.65,66.65,968.0,15.0,66.65125
SQQQ,2026-01-09 09:01:00+00:00,66.64,66.69,66.63,66.69,7216.0,49.0,66.645211
SQQQ,2026-01-09 09:02:00+00:00,66.7,66.71,66.69,66.69,2394.0,28.0,66.698486
SQQQ,2026-01-09 09:03:00+00:00,66.69,66.69,66.69,66.69,1278.0,9.0,66.69
SQQQ,2026-01-09 09:04:00+00:00,66.74,66.74,66.74,66.74,568.0,17.0,66.74
SQQQ,2026-01-09 09:05:00+00:00,66.71,66.71,66.65,66.65,345.0,7.0,66.67
SQQQ,2026-01-09 09:06:00+00:00,66.68,66.69,66.68,66.69,210.0,3.0,66.685
SQQQ,2026-01-09 09:07:00+00:00,66.7,66.7,66.7,66.7,257.0,7.0,66.7
SQQQ,2026-01-09 09:08:00+00:00,66.72,66.72,66.72,66.72,611.0,15.0,66.72
SQQQ,2026-01-09 09:09:00+00:00,66.72,66.72,66.72,66.72,206.0,5.0,66.72
SQQQ,2026-01-09 09:11:00+00:00,66.7,66.71,66.69,66.71,1145.0,16.0,66.7025
SQQQ,2026-01-09 09:13:00+00:00,66.7,66.72,66.7,66.72,201.0,3.0,66.71
SQQQ,2026-01-09 09:14:00+00:00,66.72,66.72,66.68,66.68,575.0,16.0,66.6975
SQQQ,2026-01-09 09:15:00+00:00,66.66,66.67,66.64,66.66,1192.0,27.0,66.65594
SQQQ,2026-01-09 09:16:00+00:00,66.64,66.64,66.64,66.64,167.0,6.0,66.64
SQQQ,2026-01-09 09:17:00+00:00,66.62,66.62,66.62,66.62,423.0,12.0,66.62
SQQQ,2026-01-09 09:18:00+00:00,66.66,66.66,66.66,66.66,238.0,4.0,66.66
SQQQ,2026-01-09 09:20:00+00:00,66.6,66.64,66.59,66.64,2005.0,29.0,66.610247
SQQQ,2026-01-09 09:21:00+00:00,66.65,66.65,66.65,66.65,593.0,7.0,66.65
SQQQ,2026-01-09 09:22:00+00:00,66.63,66.63,66.63,66.63,250.0,4.0,66.63
SQQQ,2026-01-09 09:23:00+00:00,66.61,66.61,66.59,66.59,890.0,11.0,66.6
SQQQ,2026-01-09 09:24:00+00:00,66.58,66.58,66.58,66.58,387.0,10.0,66.58
SQQQ,2026-01-09 09:26:00+00:00,66.56,66.56,66.53,66.53,1088.0,14.0,66.551813
SQQQ,2026-01-09 09:27:00+00:00,66.53,66.53,66.53,66.53,400.0,2.0,66.53
SQQQ,2026-01-09 09:28:00+00:00,66.52,66.52,66.51,66.51,1493.0,37.0,66.51099
SQQQ,2026-01-09 09:29:00+00:00,66.51,66.51,66.49,66.5,972.0,14.0,66.501429
SQQQ,2026-01-09 09:30:00+00:00,66.48,66.48,66.42,66.42,1693.0,24.0,66.448264
SQQQ,2026-01-09 09:31:00+00:00,66.4,66.4,66.38,66.39,9311.0,80.0,66.387483
SQQQ,2026-01-09 09:32:00+00:00,66.37,66.37,66.35,66.35,2306.0,21.0,66.351176
SQQQ,2026-01-09 09:34:00+00:00,66.37,66.37,66.34,66.34,2909.0,20.0,66.360376
SQQQ,2026-01-09 09:35:00+00:00,66.33,66.36,66.33,66.36,1366.0,11.0,66.348311
SQQQ,2026-01-09 09:36:00+00:00,66.35,66.35,66.32,66.32,633.0,9.0,66.327317
SQQQ,2026-01-09 09:37:00+00:00,66.32,66.32,66.3,66.3,754.0,8.0,66.314286
SQQQ,2026-01-09 09:38:00+00:00,66.3,66.32,66.29,66.32,1943.0,18.0,66.302133
SQQQ,2026-01-09 09:39:00+00:00,66.33,66.33,66.32,66.32,3897.0,42.0,66.32078
SQQQ,2026-01-09 09:40:00+00:00,66.32,66.36,66.32,66.33,4228.0,30.0,66.332999
SQQQ,2026-01-09 09:41:00+00:00,66.35,66.38,66.33,66.36,3811.0,44.0,66.346997
SQQQ,2026-01-09 09:42:00+00:00,66.37,66.37,66.34,66.34,473.0,5.0,66.3575
SQQQ,2026-01-09 09:43:00+00:00,66.315,66.35,66.31,66.35,3105.0,27.0,66.317429
SQQQ,2026-01-09 09:44:00+00:00,66.37,66.39,66.37,66.39,804.0,10.0,66.381429
SQQQ,2026-01-09 09:45:00+00:00,66.35,66.37,66.35,66.37,939.0,13.0,66.3575
SQQQ,2026-01-09 09:46:00+00:00,66.35,66.35,66.3,66.3,2006.0,27.0,66.321627
SQQQ,2026-01-09 09:47:00+00:00,66.31,66.31,66.28,66.29,1628.0,25.0,66.291905
SQQQ,2026-01-09 09:48:00+00:00,66.28,66.31,66.27,66.31,1344.0,20.0,66.284861
SQQQ,2026-01-09 09:49:00+00:00,66.33,66.35,66.33,66.33,3463.0,21.0,66.346497
SQQQ,2026-01-09 09:50:00+00:00,66.36,66.36,66.36,66.36,340.0,2.0,66.36
SQQQ,2026-01-09 09:51:00+00:00,66.36,66.36,66.36,66.36,626.0,11.0,66.36
SQQQ,2026-01-09 09:52:00+00:00,66.37,66.37,66.37,66.37,409.0,13.0,66.37
SQQQ,2026-01-09 09:53:00+00:00,66.33,66.33,66.3,66.3,874.0,15.0,66.32
SQQQ,2026-01-09 09:54:00+00:00,66.3,66.32,66.28,66.3,3170.0,33.0,66.289366
SQQQ,2026-01-09 09:55:00+00:00,66.31,66.31,66.31,66.31,1000.0,12.0,66.31
SQQQ,2026-01-09 09:56:00+00:00,66.31,66.31,66.31,66.31,356.0,8.0,66.31
SQQQ,2026-01-09 09:57:00+00:00,66.3,66.32,66.29,66.29,3583.0,57.0,66.306283
SQQQ,2026-01-09 09:58:00+00:00,66.29,66.29,66.29,66.29,700.0,11.0,66.29
SQQQ,2026-01-09 09:59:00+00:00,66.28,66.28,66.28,66.28,253.0,8.0,66.28
SQQQ,2026-01-09 10:00:00+00:00,66.26,66.28,66.23,66.23,1835.0,28.0,66.252767
SQQQ,2026-01-09 10:01:00+00:00,66.26,66.28,66.26,66.28,365.0,9.0,66.27
SQQQ,2026-01-09 10:02:00+00:00,66.3,66.3,66.25,66.25,802.0,19.0,66.269685
SQQQ,2026-01-09 10:03:00+00:00,66.25,66.26,66.25,66.26,2698.0,29.0,66.256104
SQQQ,2026-01-09 10:04:00+00:00,66.26,66.26,66.26,66.26,329.0,6.0,66.26
SQQQ,2026-01-09 10:05:00+00:00,66.31,66.32,66.29,66.29,1595.0,23.0,66.305
SQQQ,2026-01-09 10:06:00+00:00,66.28,66.28,66.28,66.28,366.0,6.0,66.28
SQQQ,2026-01-09 10:07:00+00:00,66.28,66.32,66.28,66.3,1702.0,28.0,66.293636
SQQQ,2026-01-09 10:09:00+00:00,66.28,66.28,66.28,66.28,1450.0,17.0,66.28
SQQQ,2026-01-09 10:10:00+00:00,66.28,66.28,66.28,66.28,133.0,3.0,66.28
SQQQ,2026-01-09 10:14:00+00:00,66.27,66.29,66.24,66.29,6091.0,58.0,66.271967
SQQQ,2026-01-09 10:15:00+00:00,66.27,66.27,66.27,66.27,1065.0,13.0,66.27
SQQQ,2026-01-09 10:16:00+00:00,66.26,66.26,66.24,66.24,672.0,8.0,66.244878
SQQQ,2026-01-09 10:17:00+00:00,66.24,66.24,66.24,66.24,177.0,3.0,66.24
SQQQ,2026-01-09 10:18:00+00:00,66.24,66.25,66.24,66.25,1948.0,20.0,66.24065
SQQQ,2026-01-09 10:19:00+00:00,66.25,66.25,66.25,66.25,200.0,3.0,66.25
SQQQ,2026-01-09 10:20:00+00:00,66.25,66.25,66.25,66.25,455.0,11.0,66.25
SQQQ,2026-01-09 10:21:00+00:00,66.22,66.22,66.2,66.2,562.0,19.0,66.207042
SQQQ,2026-01-09 10:22:00+00:00,66.2,66.21,66.19,66.2,1550.0,40.0,66.199
SQQQ,2026-01-09 10:23:00+00:00,66.2,66.21,66.2,66.21,1220.0,12.0,66.20505
SQQQ,2026-01-09 10:24:00+00:00,66.2,66.2,66.2,66.2,474.0,11.0,66.2
SQQQ,2026-01-09 10:25:00+00:00,66.19,66.19,66.19,66.19,539.0,8.0,66.19
SQQQ,2026-01-09 10:26:00+00:00,66.18,66.2,66.18,66.2,797.0,11.0,66.184225
SQQQ,2026-01-09 10:27:00+00:00,66.2,66.2,66.2,66.2,414.0,8.0,66.2
SQQQ,2026-01-09 10:28:00+00:00,66.2,66.22,66.2,66.22,676.0,7.0,66.203279
SQQQ,2026-01-09 10:30:00+00:00,66.23,66.23,66.23,66.23,393.0,8.0,66.23
SQQQ,2026-01-09 10:31:00+00:00,66.25,66.25,66.25,66.25,345.0,7.0,66.25
SQQQ,2026-01-09 10:32:00+00:00,66.22,66.24,66.22,66.24,876.0,21.0,66.235
SQQQ,2026-01-09 10:33:00+00:00,66.2,66.21,66.2,66.21,661.0,5.0,66.201575
SQQQ,2026-01-09 10:35:00+00:00,66.21,66.21,66.21,66.21,4704.0,47.0,66.21
SQQQ,2026-01-09 10:36:00+00:00,66.22,66.25,66.22,66.25,1496.0,29.0,66.238571
SQQQ,2026-01-09 10:37:00+00:00,66.24,66.24,66.24,66.24,285.0,10.0,66.24
SQQQ,2026-01-09 10:38:00+00:00,66.23,66.25,66.23,66.25,4475.0,53.0,66.231997
SQQQ,2026-01-09 10:39:00+00:00,66.24,66.25,66.22,66.24,2813.0,32.0,66.231772
SQQQ,2026-01-09 10:40:00+00:00,66.25,66.25,66.25,66.25,807.0,15.0,66.25
SQQQ,2026-01-09 10:43:00+00:00,66.25,66.26,66.25,66.26,758.0,10.0,66.255
SQQQ,2026-01-09 10:44:00+00:00,66.26,66.26,66.26,66.26,807.0,13.0,66.26
SQQQ,2026-01-09 10:45:00+00:00,66.26,66.26,66.26,66.26,1897.0,20.0,66.26
SQQQ,2026-01-09 10:46:00+00:00,66.25,66.25,66.24,66.24,474.0,10.0,66.243333
SQQQ,2026-01-09 10:47:00+00:00,66.23,66.23,66.22,66.22,771.0,11.0,66.223478
SQQQ,2026-01-09 10:48:00+00:00,66.21,66.22,66.21,66.22,4299.0,21.0,66.218726
SQQQ,2026-01-09 10:49:00+00:00,66.21,66.21,66.2,66.2,1166.0,14.0,66.20297
SQQQ,2026-01-09 10:50:00+00:00,66.21,66.21,66.2,66.2,765.0,8.0,66.203077
SQQQ,2026-01-09 10:51:00+00:00,66.2,66.2,66.2,66.2,500.0,9.0,66.2
SQQQ,2026-01-09 10:53:00+00:00,66.26,66.26,66.25,66.25,943.0,18.0,66.256
SQQQ,2026-01-09 10:55:00+00:00,66.22,66.22,66.22,66.22,200.0,1.0,66.22
SQQQ,2026-01-09 10:56:00+00:00,66.22,66.22,66.22,66.22,277.0,3.0,66.22
SQQQ,2026-01-09 10:57:00+00:00,66.22,66.22,66.22,66.22,410.0,7.0,66.22
SQQQ,2026-01-09 10:58:00+00:00,66.22,66.22,66.22,66.22,495.0,10.0,66.22
SQQQ,2026-01-09 11:00:00+00:00,66.2,66.24,66.2,66.24,2249.0,31.0,66.225814
SQQQ,2026-01-09 11:01:00+00:00,66.27,66.28,66.27,66.28,596.0,14.0,66.275
SQQQ,2026-01-09 11:02:00+00:00,66.29,66.29,66.29,66.29,271.0,3.0,66.29
SQQQ,2026-01-09 11:04:00+00:00,66.27,66.27,66.25,66.25,1422.0,27.0,66.260526
SQQQ,2026-01-09 11:05:00+00:00,66.24,66.24,66.21,66.21,1003.0,15.0,66.2225
SQQQ,2026-01-09 11:06:00+00:00,66.21,66.21,66.21,66.21,311.0,4.0,66.21
SQQQ,2026-01-09 11:08:00+00:00,66.24,66.24,66.22,66.22,1276.0,18.0,66.228
SQQQ,2026-01-09 11:09:00+00:00,66.22,66.26,66.21,66.26,2047.0,18.0,66.214467
SQQQ,2026-01-09 11:10:00+00:00,66.27,66.27,66.27,66.27,1554.0,17.0,66.27
SQQQ,2026-01-09 11:11:00+00:00,66.23,66.23,66.23,66.23,449.0,7.0,66.23
SQQQ,2026-01-09 11:12:00+00:00,66.23,66.23,66.23,66.23,1228.0,19.0,66.23
SQQQ,2026-01-09 11:16:00+00:00,66.26,66.28,66.26,66.28,1133.0,13.0,66.267129
SQQQ,2026-01-09 11:17:00+00:00,66.26,66.26,66.25,66.26,956.0,19.0,66.258322
SQQQ,2026-01-09 11:18:00+00:00,66.26,66.26,66.23,66.23,1197.0,9.0,66.253333
SQQQ,2026-01-09 11:19:00+00:00,66.22,66.23,66.2,66.2,757.0,16.0,66.214545
SQQQ,2026-01-09 11:20:00+00:00,66.2,66.21,66.19,66.21,2246.0,35.0,66.200639
SQQQ,2026-01-09 11:22:00+00:00,66.16,66.16,66.16,66.16,2216.0,58.0,66.16
SQQQ,2026-01-09 11:23:00+00:00,66.15,66.15,66.15,66.15,413.0,7.0,66.15
SQQQ,2026-01-09 11:24:00+00:00,66.16,66.16,66.15,66.15,838.0,16.0,66.158
SQQQ,2026-01-09 11:25:00+00:00,66.15,66.15,66.11,66.12,2546.0,46.0,66.138211
SQQQ,2026-01-09 11:26:00+00:00,66.11,66.11,66.08,66.08,1585.0,25.0,66.093
SQQQ,2026-01-09 11:28:00+00:00,66.11,66.11,66.11,66.11,452.0,17.0,66.11
SQQQ,2026-01-09 11:29:00+00:00,66.1,66.1,66.1,66.1,591.0,15.0,66.1
SQQQ,2026-01-09 11:30:00+00:00,66.1,66.1,66.09,66.09,1516.0,38.0,66.098717
SQQQ,2026-01-09 11:31:00+00:00,66.08,66.11,66.08,66.11,3496.0,45.0,66.099526
SQQQ,2026-01-09 11:32:00+00:00,66.09,66.09,66.07,66.07,659.0,19.0,66.083333
SQQQ,2026-01-09 11:33:00+00:00,66.07,66.07,66.07,66.07,663.0,19.0,66.07
SQQQ,2026-01-09 11:34:00+00:00,66.04,66.04,66.01,66.02,3390.0,60.0,66.024587
SQQQ,2026-01-09 11:35:00+00:00,66.0,66.01,66.0,66.01,6821.0,98.0,66.00966
SQQQ,2026-01-09 11:36:00+00:00,66.01,66.01,66.01,66.01,5444.0,51.0,66.01
SQQQ,2026-01-09 11:37:00+00:00,66.0,66.02,66.0,66.02,2749.0,65.0,66.007602
SQQQ,2026-01-09 11:38:00+00:00,66.03,66.04,66.02,66.02,1153.0,19.0,66.029802
SQQQ,2026-01-09 11:39:00+00:00,66.02,66.02,66.0,66.0,2804.0,53.0,66.010181
SQQQ,2026-01-09 11:40:00+00:00,65.99,66.0,65.99,66.0,2098.0,34.0,65.998913
SQQQ,2026-01-09 11:41:00+00:00,66.0,66.01,66.0,66.01,991.0,21.0,66.003333
SQQQ,2026-01-09 11:42:00+00:00,66.04,66.04,65.95,65.96,3948.0,65.0,65.960862
SQQQ,2026-01-09 11:43:00+00:00,65.98,65.98,65.98,65.98,533.0,12.0,65.98
SQQQ,2026-01-09 11:44:00+00:00,65.99,65.99,65.97,65.97,1557.0,23.0,65.9725
SQQQ,2026-01-09 11:45:00+00:00,65.96,65.96,65.96,65.96,394.0,10.0,65.96
SQQQ,2026-01-09 11:46:00+00:00,65.99,66.0,65.99,66.0,1119.0,16.0,65.995714
SQQQ,2026-01-09 11:47:00+00:00,66.01,66.05,66.01,66.02,557.0,9.0,66.022
SQQQ,2026-01-09 11:49:00+00:00,66.05,66.06,66.05,66.06,1027.0,14.0,66.055604
SQQQ,2026-01-09 11:50:00+00:00,66.05,66.07,66.05,66.06,911.0,16.0,66.058592
SQQQ,2026-01-09 11:51:00+00:00,66.07,66.07,66.07,66.07,526.0,16.0,66.07
SQQQ,2026-01-09 11:52:00+00:00,66.05,66.05,66.05,66.05,1082.0,15.0,66.05
SQQQ,2026-01-09 11:54:00+00:00,66.07,66.07,66.07,66.07,496.0,8.0,66.07
SQQQ,2026-01-09 11:55:00+00:00,66.09,66.11,66.09,66.1,681.0,8.0,66.098182
SQQQ,2026-01-09 11:56:00+00:00,66.12,66.12,66.1,66.1,306.0,9.0,66.11
SQQQ,2026-01-09 11:57:00+00:00,66.12,66.12,66.11,66.11,1457.0,15.0,66.112502
SQQQ,2026-01-09 11:58:00+00:00,66.14,66.14,66.14,66.14,235.0,4.0,66.14
SQQQ,2026-01-09 12:00:00+00:00,66.15,66.17,66.13,66.14,4337.0,65.0,66.14176
SQQQ,2026-01-09 12:01:00+00:00,66.13,66.16,66.13,66.16,2157.0,26.0,66.15
SQQQ,2026-01-09 12:02:00+00:00,66.13,66.13,66.09,66.09,2456.0,65.0,66.11078
SQQQ,2026-01-09 12:03:00+00:00,66.11,66.11,66.11,66.11,514.0,12.0,66.11
SQQQ,2026-01-09 12:04:00+00:00,66.12,66.12,66.1,66.12,1296.0,20.0,66.115062
SQQQ,2026-01-09 12:05:00+00:00,66.11,66.11,66.08,66.08,1822.0,17.0,66.091748
SQQQ,2026-01-09 12:06:00+00:00,66.08,66.08,66.05,66.08,3720.0,49.0,66.075664
SQQQ,2026-01-09 12:07:00+00:00,66.09,66.09,66.08,66.09,1901.0,23.0,66.088307
SQQQ,2026-01-09 12:08:00+00:00,66.09,66.12,66.09,66.12,2243.0,13.0,66.097342
SQQQ,2026-01-09 12:09:00+00:00,66.11,66.13,66.1,66.13,1675.0,22.0,66.11086
SQQQ,2026-01-09 12:10:00+00:00,66.14,66.17,66.14,66.17,896.0,17.0,66.158
SQQQ,2026-01-09 12:11:00+00:00,66.16,66.16,66.16,66.16,854.0,13.0,66.16
SQQQ,2026-01-09 12:12:00+00:00,66.16,66.16,66.14,66.14,1117.0,16.0,66.153258
SQQQ,2026-01-09 12:13:00+00:00,66.15,66.16,66.14,66.14,1709.0,33.0,66.154867
SQQQ,2026-01-09 12:14:00+00:00,66.16,66.17,66.16,66.17,626.0,5.0,66.166
SQQQ,2026-01-09 12:15:00+00:00,66.17,66.21,66.17,66.21,2309.0,26.0,66.196863
SQQQ,2026-01-09 12:16:00+00:00,66.21,66.21,66.2,66.2,1190.0,16.0,66.20375
SQQQ,2026-01-09 12:17:00+00:00,66.19,66.2,66.19,66.2,2093.0,29.0,66.199366
SQQQ,2026-01-09 12:18:00+00:00,66.17,66.22,66.17,66.22,1098.0,17.0,66.201667
SQQQ,2026-01-09 12:19:00+00:00,66.21,66.23,66.21,66.23,630.0,8.0,66.216667
SQQQ,2026-01-09 12:20:00+00:00,66.24,66.24,66.24,66.24,294.0,4.0,66.24
SQQQ,2026-01-09 12:21:00+00:00,66.26,66.26,66.21,66.21,2907.0,32.0,66.232321
SQQQ,2026-01-09 12:22:00+00:00,66.21,66.21,66.21,66.21,612.0,8.0,66.21
SQQQ,2026-01-09 12:24:00+00:00,66.22,66.22,66.22,66.22,1025.0,3.0,66.22
SQQQ,2026-01-09 12:25:00+00:00,66.2,66.21,66.2,66.21,4226.0,17.0,66.200489
SQQQ,2026-01-09 12:26:00+00:00,66.2,66.2,66.2,66.2,406.0,6.0,66.2
SQQQ,2026-01-09 12:27:00+00:00,66.2,66.24,66.2,66.24,8453.0,24.0,66.204836
SQQQ,2026-01-09 12:28:00+00:00,66.25,66.29,66.25,66.29,3064.0,30.0,66.280038
SQQQ,2026-01-09 12:29:00+00:00,66.28,66.28,66.26,66.26,3967.0,21.0,66.278048
SQQQ,2026-01-09 12:30:00+00:00,66.27,66.27,66.27,66.27,500.0,11.0,66.27
SQQQ,2026-01-09 12:31:00+00:00,66.26,66.27,66.26,66.26,703.0,5.0,66.261558
SQQQ,2026-01-09 12:32:00+00:00,66.28,66.3,66.28,66.29,8437.0,43.0,66.28989
SQQQ,2026-01-09 12:33:00+00:00,66.31,66.32,66.29,66.29,12017.0,50.0,66.31017
SQQQ,2026-01-09 12:34:00+00:00,66.29,66.31,66.28,66.3,17230.0,45.0,66.291913
SQQQ,2026-01-09 12:35:00+00:00,66.3,66.31,66.29,66.31,1170.0,11.0,66.300526
SQQQ,2026-01-09 12:36:00+00:00,66.3,66.31,66.3,66.31,8214.0,13.0,66.309878
SQQQ,2026-01-09 12:37:00+00:00,66.31,66.35,66.31,66.33,22557.0,95.0,66.333387
SQQQ,2026-01-09 12:38:00+00:00,66.32,66.33,66.32,66.33,450.0,10.0,66.3225
SQQQ,2026-01-09 12:39:00+00:00,66.31,66.31,66.31,66.31,668.0,11.0,66.31
SQQQ,2026-01-09 12:40:00+00:00,66.3,66.32,66.28,66.28,1181.0,10.0,66.300189
SQQQ,2026-01-09 12:42:00+00:00,66.27,66.27,66.26,66.26,460.0,4.0,66.265556
SQQQ,2026-01-09 12:43:00+00:00,66.28,66.28,66.27,66.27,429.0,9.0,66.273333
SQQQ,2026-01-09 12:44:00+00:00,66.27,66.27,66.24,66.24,9208.0,71.0,66.253074
SQQQ,2026-01-09 12:45:00+00:00,66.24,66.24,66.23,66.23,626.0,7.0,66.236
SQQQ,2026-01-09 12:46:00+00:00,66.22,66.22,66.18,66.19,6499.0,34.0,66.195222
SQQQ,2026-01-09 12:47:00+00:00,66.19,66.19,66.14,66.14,2314.0,20.0,66.169811
SQQQ,2026-01-09 12:48:00+00:00,66.16,66.16,66.16,66.16,200.0,1.0,66.16
SQQQ,2026-01-09 12:49:00+00:00,66.15,66.15,66.13,66.14,2743.0,29.0,66.14691
SQQQ,2026-01-09 12:50:00+00:00,66.14,66.14,66.11,66.11,1678.0,27.0,66.135385
SQQQ,2026-01-09 12:51:00+00:00,66.13,66.13,66.13,66.13,2971.0,17.0,66.13
SQQQ,2026-01-09 12:52:00+00:00,66.1,66.14,66.1,66.14,243.0,8.0,66.12
SQQQ,2026-01-09 12:53:00+00:00,66.15,66.18,66.15,66.18,1527.0,10.0,66.17786
SQQQ,2026-01-09 12:54:00+00:00,66.19,66.19,66.18,66.18,2718.0,18.0,66.1804
SQQQ,2026-01-09 12:56:00+00:00,66.14,66.14,66.13,66.13,3496.0,24.0,66.130926
SQQQ,2026-01-09 12:57:00+00:00,66.11,66.11,66.11,66.11,620.0,14.0,66.11
SQQQ,2026-01-09 12:58:00+00:00,66.1,66.1,66.1,66.1,356.0,5.0,66.1
SQQQ,2026-01-09 12:59:00+00:00,66.1,66.1,66.1,66.1,671.0,7.0,66.1
SQQQ,2026-01-09 13:00:00+00:00,66.16,66.73,65.97,66.1116,178718.0,874.0,66.236053
SQQQ,2026-01-09 13:01:00+00:00,66.65,66.82,66.07,66.09,69273.0,570.0,66.592051
SQQQ,2026-01-09 13:02:00+00:00,66.1,66.72,66.01,66.15,14860.0,102.0,66.350866
SQQQ,2026-01-09 13:03:00+00:00,66.15,66.2,66.15,66.2,2972.0,34.0,66.193394
SQQQ,2026-01-09 13:04:00+00:00,66.1999,66.2,66.17,66.17,1670.0,12.0,66.194358
SQQQ,2026-01-09 13:05:00+00:00,66.18,66.21,66.18,66.2,1114.0,14.0,66.199483
SQQQ,2026-01-09 13:06:00+00:00,66.16,66.16,66.13,66.13,1438.0,23.0,66.143583
SQQQ,2026-01-09 13:07:00+00:00,66.13,66.14,66.13,66.13,655.0,15.0,66.131818
SQQQ,2026-01-09 13:08:00+00:00,66.14,66.16,66.11,66.11,2077.0,24.0,66.127097
SQQQ,2026-01-09 13:09:00+00:00,66.11,66.12,66.1,66.1098,2597.0,26.0,66.110619
SQQQ,2026-01-09 13:10:00+00:00,66.1216,66.13,66.11,66.13,9078.0,74.0,66.127857
SQQQ,2026-01-09 13:11:00+00:00,66.13,66.22,66.12,66.17,15050.0,111.0,66.158693
SQQQ,2026-01-09 13:12:00+00:00,66.17,66.17,66.11,66.11,7345.0,30.0,66.145248
SQQQ,2026-01-09 13:13:00+00:00,66.1,66.14,66.1,66.13,789.0,6.0,66.12169
SQQQ,2026-01-09 13:14:00+00:00,66.14,66.15,66.14,66.14,1679.0,21.0,66.145544
SQQQ,2026-01-09 13:15:00+00:00,66.15,66.22,66.15,66.22,7473.0,43.0,66.198527
SQQQ,2026-01-09 13:16:00+00:00,66.22,66.26,66.22,66.26,5075.0,51.0,66.245159
SQQQ,2026-01-09 13:17:00+00:00,66.26,66.26,66.18,66.18,4745.0,44.0,66.228144
SQQQ,2026-01-09 13:18:00+00:00,66.18,66.18,66.14,66.16,8361.0,78.0,66.161104
SQQQ,2026-01-09 13:19:00+00:00,66.17,66.17,66.13,66.15,1265.0,14.0,66.152222
SQQQ,2026-01-09 13:20:00+00:00,66.15,66.18,66.11,66.12,5617.0,53.0,66.161111
SQQQ,2026-01-09 13:21:00+00:00,66.12,66.15,66.09,66.15,10580.0,46.0,66.109317
SQQQ,2026-01-09 13:22:00+00:00,66.15,66.19,66.15,66.17,8254.0,62.0,66.172542
SQQQ,2026-01-09 13:23:00+00:00,66.15,66.19,66.15,66.19,1886.0,13.0,66.173977
SQQQ,2026-01-09 13:24:00+00:00,66.1884,66.23,66.18,66.22,25393.0,129.0,66.201911
SQQQ,2026-01-09 13:25:00+00:00,66.23,66.26,66.23,66.25,6423.0,53.0,66.251413
SQQQ,2026-01-09 13:26:00+00:00,66.2482,66.26,66.21,66.21,20553.0,80.0,66.250351
SQQQ,2026-01-09 13:27:00+00:00,66.2,66.22,66.18,66.18,11976.0,47.0,66.200173
SQQQ,2026-01-09 13:28:00+00:00,66.18,66.2,66.13,66.14,6703.0,26.0,66.162081
SQQQ,2026-01-09 13:29:00+00:00,66.15,66.19,66.14,66.14,1899.0,13.0,66.148912
SQQQ,2026-01-09 13:30:00+00:00,66.14,66.17,65.78,66.0409,92695.0,474.0,66.003813
SQQQ,2026-01-09 13:31:00+00:00,66.04,66.1197,66.0,66.0201,27692.0,87.0,66.059445
SQQQ,2026-01-09 13:32:00+00:00,66.03,66.19,66.03,66.11,13793.0,61.0,66.094664
SQQQ,2026-01-09 13:33:00+00:00,66.09,66.14,66.06,66.08,29509.0,168.0,66.092777
SQQQ,2026-01-09 13:34:00+00:00,66.06,66.06,65.85,65.85,81795.0,294.0,66.008707
SQQQ,2026-01-09 13:35:00+00:00,65.85,65.86,65.69,65.69,119107.0,468.0,65.785914
SQQQ,2026-01-09 13:36:00+00:00,65.7,65.79,65.68,65.74,96467.0,333.0,65.725012
SQQQ,2026-01-09 13:37:00+00:00,65.74,65.78,65.71,65.77,50455.0,210.0,65.741924
SQQQ,2026-01-09 13:38:00+00:00,65.77,65.79,65.76,65.78,23598.0,163.0,65.775055
SQQQ,2026-01-09 13:39:00+00:00,65.78,65.79,65.76,65.79,24247.0,139.0,65.781822
SQQQ,2026-01-09 13:40:00+00:00,65.78,65.8,65.73,65.75,58531.0,224.0,65.755924
SQQQ,2026-01-09 13:41:00+00:00,65.76,65.78,65.75,65.7514,18464.0,118.0,65.764888
SQQQ,2026-01-09 13:42:00+00:00,65.759,65.77,65.71,65.71,33702.0,142.0,65.736256
SQQQ,2026-01-09 13:43:00+00:00,65.71,65.79,65.69,65.79,77153.0,323.0,65.725924
SQQQ,2026-01-09 13:44:00+00:00,65.7903,65.7903,65.75,65.77,11540.0,90.0,65.774895
SQQQ,2026-01-09 13:45:00+00:00,65.74,65.76,65.7,65.75,9529.0,68.0,65.732681
SQQQ,2026-01-09 13:46:00+00:00,65.74,65.76,65.74,65.75,9528.0,67.0,65.750159
SQQQ,2026-01-09 13:47:00+00:00,65.74,65.79,65.72,65.78,14276.0,98.0,65.756637
SQQQ,2026-01-09 13:48:00+00:00,65.7812,65.8,65.77,65.8,7475.0,58.0,65.786091
SQQQ,2026-01-09 13:49:00+00:00,65.78,65.79,65.74,65.79,21844.0,110.0,65.768163
SQQQ,2026-01-09 13:50:00+00:00,65.79,65.86,65.77,65.8284,19895.0,138.0,65.824265
SQQQ,2026-01-09 13:51:00+00:00,65.81,65.83,65.75,65.8,20041.0,130.0,65.79377
SQQQ,2026-01-09 13:52:00+00:00,65.82,65.85,65.75,65.75,9514.0,74.0,65.804213
SQQQ,2026-01-09 13:53:00+00:00,65.74,65.825,65.73,65.77,5396.0,53.0,65.785376
SQQQ,2026-01-09 13:54:00+00:00,65.77,65.78,65.74,65.74,5743.0,45.0,65.751365
SQQQ,2026-01-09 13:55:00+00:00,65.74,65.7511,65.74,65.75,5090.0,27.0,65.744967
SQQQ,2026-01-09 13:56:00+00:00,65.77,65.77,65.72,65.73,3865.0,54.0,65.737243
SQQQ,2026-01-09 13:57:00+00:00,65.72,65.74,65.71,65.7277,4087.0,49.0,65.725776
SQQQ,2026-01-09 13:58:00+00:00,65.74,65.75,65.7,65.71,28780.0,71.0,65.711944
SQQQ,2026-01-09 13:59:00+00:00,65.7,65.74,65.68,65.7,65431.0,140.0,65.690601
SQQQ,2026-01-09 14:00:00+00:00,65.69,65.69,65.65,65.65,37336.0,199.0,65.676731
SQQQ,2026-01-09 14:01:00+00:00,65.65,65.67,65.6,65.63,69334.0,238.0,65.632395
SQQQ,2026-01-09 14:02:00+00:00,65.61,65.64,65.585,65.63,69071.0,212.0,65.611719
SQQQ,2026-01-09 14:03:00+00:00,65.61,65.61,65.55,65.59,27296.0,183.0,65.576453
SQQQ,2026-01-09 14:04:00+00:00,65.6,65.67,65.6,65.65,7356.0,53.0,65.637401
SQQQ,2026-01-09 14:05:00+00:00,65.65,65.73,65.65,65.73,16391.0,108.0,65.669661
SQQQ,2026-01-09 14:06:00+00:00,65.73,65.75,65.68,65.75,19104.0,115.0,65.719767
SQQQ,2026-01-09 14:07:00+00:00,65.75,65.765,65.71,65.7278,13003.0,83.0,65.739058
SQQQ,2026-01-09 14:08:00+00:00,65.72,65.79,65.72,65.7599,14860.0,82.0,65.756947
SQQQ,2026-01-09 14:09:00+00:00,65.76,65.76,65.74,65.76,7063.0,46.0,65.747382
SQQQ,2026-01-09 14:10:00+00:00,65.76,65.76,65.72,65.75,8428.0,72.0,65.734885
SQQQ,2026-01-09 14:11:00+00:00,65.77,65.945,65.76,65.941,29511.0,160.0,65.854368
SQQQ,2026-01-09 14:12:00+00:00,65.95,66.0916,65.93,66.07,55228.0,285.0,66.014929
SQQQ,2026-01-09 14:13:00+00:00,66.05,66.06,65.93,65.98,43910.0,203.0,65.971165
SQQQ,2026-01-09 14:14:00+00:00,65.97,66.01,65.96,65.96,24775.0,127.0,65.979465
SQQQ,2026-01-09 14:15:00+00:00,65.99,66.005,65.94,66.0,28042.0,124.0,65.982751
SQQQ,2026-01-09 14:16:00+00:00,65.95,66.03,65.94,66.02,30834.0,168.0,65.979032
SQQQ,2026-01-09 14:17:00+00:00,66.01,66.1,66.0,66.1,64246.0,192.0,66.064878
SQQQ,2026-01-09 14:18:00+00:00,66.1,66.25,66.09,66.23,140973.0,294.0,66.166778
SQQQ,2026-01-09 14:19:00+00:00,66.2401,66.29,66.19,66.23,99744.0,337.0,66.23609
SQQQ,2026-01-09 14:20:00+00:00,66.25,66.31,66.23,66.27,174834.0,439.0,66.280281
SQQQ,2026-01-09 14:21:00+00:00,66.2601,66.275,66.22,66.23,24736.0,194.0,66.246014
SQQQ,2026-01-09 14:22:00+00:00,66.23,66.48,66.23,66.44,193351.0,637.0,66.344116
SQQQ,2026-01-09 14:23:00+00:00,66.43,66.43,66.33,66.34,56037.0,220.0,66.380231
SQQQ,2026-01-09 14:24:00+00:00,66.3401,66.35,66.29,66.29,15256.0,99.0,66.330146
SQQQ,2026-01-09 14:25:00+00:00,66.25,66.31,66.24,66.3,26547.0,152.0,66.271475
SQQQ,2026-01-09 14:26:00+00:00,66.31,66.39,66.3,66.3597,31685.0,103.0,66.32865
SQQQ,2026-01-09 14:27:00+00:00,66.36,66.38,66.345,66.36,16781.0,77.0,66.36264
SQQQ,2026-01-09 14:28:00+00:00,66.37,66.4696,66.3493,66.3493,9219.0,79.0,66.420654
SQQQ,2026-01-09 14:29:00+00:00,66.38,66.4,66.36,66.38,40921.0,67.0,66.390419
SQQQ,2026-01-09 14:30:00+00:00,66.38,66.765,66.37,66.61,689497.0,2820.0,66.570066
SQQQ,2026-01-09 14:31:00+00:00,66.62,66.83,66.59,66.73,432440.0,1955.0,66.71639
SQQQ,2026-01-09 14:32:00+00:00,66.72,66.865,66.635,66.7,520271.0,2445.0,66.754711
SQQQ,2026-01-09 14:33:00+00:00,66.7,66.7,66.51,66.565,363602.0,2059.0,66.607942
SQQQ,2026-01-09 14:34:00+00:00,66.58,66.76,66.54,66.66,240306.0,1375.0,66.667196
SQQQ,2026-01-09 14:35:00+00:00,66.66,66.68,66.37,66.44,505617.0,2396.0,66.500971
SQQQ,2026-01-09 14:36:00+00:00,66.44,66.44,66.24,66.29,462372.0,2124.0,66.29116
SQQQ,2026-01-09 14:37:00+00:00,66.28,66.34,65.98,66.0,330964.0,1717.0,66.177271
SQQQ,2026-01-09 14:38:00+00:00,65.99,66.03,65.7799,65.9697,457106.0,2737.0,65.910141
SQQQ,2026-01-09 14:39:00+00:00,65.96,66.05,65.94,66.0399,241233.0,1077.0,65.998155
SQQQ,2026-01-09 14:40:00+00:00,66.04,66.19,65.98,65.9901,253548.0,1298.0,66.080607
SQQQ,2026-01-09 14:41:00+00:00,66.01,66.075,65.875,66.05,215273.0,1070.0,65.971349
SQQQ,2026-01-09 14:42:00+00:00,66.03,66.11,65.95,65.985,126175.0,725.0,66.021523
SQQQ,2026-01-09 14:43:00+00:00,65.98,66.065,65.88,66.05,125770.0,812.0,65.961213
SQQQ,2026-01-09 14:44:00+00:00,66.04,66.208,65.93,66.065,221606.0,1275.0,66.076835
SQQQ,2026-01-09 14:45:00+00:00,66.06,66.19,65.9601,66.06,209298.0,1460.0,66.052096
SQQQ,2026-01-09 14:46:00+00:00,66.05,66.18,65.98,66.16,234893.0,1151.0,66.054305
SQQQ,2026-01-09 14:47:00+00:00,66.16,66.175,65.94,65.99,149123.0,1012.0,66.068394
SQQQ,2026-01-09 14:48:00+00:00,65.98,66.56,65.97,66.56,414110.0,2554.0,66.361554
SQQQ,2026-01-09 14:49:00+00:00,66.57,66.67,66.38,66.42,224607.0,1358.0,66.514847
SQQQ,2026-01-09 14:50:00+00:00,66.42,66.43,66.22,66.265,314639.0,1950.0,66.346055
SQQQ,2026-01-09 14:51:00+00:00,66.25,66.44,66.175,66.39,174263.0,1314.0,66.3268
SQQQ,2026-01-09 14:52:00+00:00,66.39,66.585,66.38,66.455,166576.0,1187.0,66.47164
SQQQ,2026-01-09 14:53:00+00:00,66.48,66.495,66.085,66.095,241689.0,1317.0,66.267136
SQQQ,2026-01-09 14:54:00+00:00,66.095,66.22,66.03,66.2,102626.0,733.0,66.125308
SQQQ,2026-01-09 14:55:00+00:00,66.195,66.355,66.18,66.21,124143.0,909.0,66.25219
SQQQ,2026-01-09 14:56:00+00:00,66.21,66.53,66.17,66.36,194808.0,1456.0,66.389576
SQQQ,2026-01-09 14:57:00+00:00,66.34,66.42,66.26,66.335,89388.0,649.0,66.340322
SQQQ,2026-01-09 14:58:00+00:00,66.335,66.35,66.22,66.23,73752.0,550.0,66.287015
SQQQ,2026-01-09 14:59:00+00:00,66.22,66.27,66.13,66.205,75576.0,468.0,66.190692
SQQQ,2026-01-09 15:00:00+00:00,66.18,66.43,66.02,66.39,138055.0,1090.0,66.235174
SQQQ,2026-01-09 15:01:00+00:00,66.38,66.44,66.26,66.39,114406.0,756.0,66.346424
SQQQ,2026-01-09 15:02:00+00:00,66.39,66.44,66.07,66.1,188483.0,1377.0,66.196823
SQQQ,2026-01-09 15:03:00+00:00,66.09,66.315,66.0,66.26,242826.0,1631.0,66.147882
SQQQ,2026-01-09 15:04:00+00:00,66.27,66.395,66.21,66.37,85134.0,791.0,66.29072
SQQQ,2026-01-09 15:05:00+00:00,66.3799,66.5,66.33,66.435,202350.0,1165.0,66.427844
SQQQ,2026-01-09 15:06:00+00:00,66.43,66.7,66.39,66.6821,231935.0,1344.0,66.51795
SQQQ,2026-01-09 15:07:00+00:00,66.67,66.79,66.62,66.6801,211095.0,1134.0,66.710944
SQQQ,2026-01-09 15:08:00+00:00,66.69,67.115,66.675,66.9301,358171.0,2368.0,66.929745
SQQQ,2026-01-09 15:09:00+00:00,66.9473,67.02,66.875,66.9179,216516.0,1111.0,66.926356
SQQQ,2026-01-09 15:10:00+00:00,66.92,66.9395,66.7,66.72,134114.0,981.0,66.810137
SQQQ,2026-01-09 15:11:00+00:00,66.7,66.7521,66.58,66.66,187439.0,935.0,66.650264
SQQQ,2026-01-09 15:12:00+00:00,66.64,66.69,66.28,66.288,279725.0,1642.0,66.471213
SQQQ,2026-01-09 15:13:00+00:00,66.285,66.29,66.11,66.24,210898.0,1145.0,66.192211
SQQQ,2026-01-09 15:14:00+00:00,66.24,66.29,66.08,66.1,122029.0,787.0,66.175899
SQQQ,2026-01-09 15:15:00+00:00,66.1,66.13,66.0,66.045,234525.0,1624.0,66.057938
SQQQ,2026-01-09 15:16:00+00:00,66.04,66.079,65.94,66.02,151125.0,1042.0,66.008131
SQQQ,2026-01-09 15:17:00+00:00,66.0199,66.211,66.0197,66.12,151012.0,942.0,66.148736
SQQQ,2026-01-09 15:18:00+00:00,66.11,66.15,66.03,66.035,97767.0,663.0,66.077483
SQQQ,2026-01-09 15:19:00+00:00,66.03,66.05,65.94,65.9499,105114.0,741.0,66.0004
SQQQ,2026-01-09 15:20:00+00:00,65.94,66.025,65.91,65.9541,112502.0,724.0,65.963944
SQQQ,2026-01-09 15:21:00+00:00,65.945,66.07,65.9,65.95,156686.0,841.0,65.943766
SQQQ,2026-01-09 15:22:00+00:00,65.945,65.97,65.59,65.67,690241.0,3041.0,65.735503
SQQQ,2026-01-09 15:23:00+00:00,65.67,65.757,65.64,65.66,141576.0,823.0,65.68261
SQQQ,2026-01-09 15:24:00+00:00,65.65,65.73,65.65,65.705,131280.0,746.0,65.683647
SQQQ,2026-01-09 15:25:00+00:00,65.7,65.71,65.61,65.65,104624.0,696.0,65.662303
SQQQ,2026-01-09 15:26:00+00:00,65.6397,65.64,65.47,65.53,228742.0,1510.0,65.544272
SQQQ,2026-01-09 15:27:00+00:00,65.52,65.52,65.35,65.4003,298067.0,1418.0,65.415339
SQQQ,2026-01-09 15:28:00+00:00,65.41,65.42,65.24,65.31,332473.0,1363.0,65.302199
SQQQ,2026-01-09 15:29:00+00:00,65.3,65.3296,65.255,65.3,326200.0,1563.0,65.292055
SQQQ,2026-01-09 15:30:00+00:00,65.29,65.47,65.24,65.33,415198.0,1678.0,65.342244
SQQQ,2026-01-09 15:31:00+00:00,65.34,65.35,65.2,65.22,269455.0,1158.0,65.272202
SQQQ,2026-01-09 15:32:00+00:00,65.2,65.27,65.155,65.17,204874.0,989.0,65.218066
SQQQ,2026-01-09 15:33:00+00:00,65.17,65.27,65.17,65.21,140994.0,637.0,65.218892
SQQQ,2026-01-09 15:34:00+00:00,65.21,65.26,65.1014,65.21,316223.0,1646.0,65.179688
SQQQ,2026-01-09 15:35:00+00:00,65.2059,65.26,65.18,65.205,199057.0,1024.0,65.212407
SQQQ,2026-01-09 15:36:00+00:00,65.2099,65.26,65.2,65.21,92457.0,624.0,65.232259
SQQQ,2026-01-09 15:37:00+00:00,65.21,65.3899,65.21,65.3899,102111.0,714.0,65.287225
SQQQ,2026-01-09 15:38:00+00:00,65.37,65.37,65.29,65.35,80113.0,600.0,65.334994
SQQQ,2026-01-09 15:39:00+00:00,65.35,65.4,65.3117,65.385,183698.0,681.0,65.356933
SQQQ,2026-01-09 15:40:00+00:00,65.39,65.5699,65.345,65.5324,395028.0,1054.0,65.452094
SQQQ,2026-01-09 15:41:00+00:00,65.54,65.62,65.51,65.5999,252772.0,893.0,65.570656
SQQQ,2026-01-09 15:42:00+00:00,65.6,65.71,65.6,65.6874,255020.0,905.0,65.659523
SQQQ,2026-01-09 15:43:00+00:00,65.69,65.75,65.59,65.7229,215051.0,799.0,65.677646
SQQQ,2026-01-09 15:44:00+00:00,65.7201,65.86,65.7201,65.8585,137935.0,833.0,65.800262
SQQQ,2026-01-09 15:45:00+00:00,65.86,66.0,65.83,65.8727,290282.0,1493.0,65.895012
SQQQ,2026-01-09 15:46:00+00:00,65.87,65.94,65.79,65.83,179162.0,996.0,65.864391
SQQQ,2026-01-09 15:47:00+00:00,65.84,65.91,65.72,65.7401,113295.0,705.0,65.779987
SQQQ,2026-01-09 15:48:00+00:00,65.72,65.9699,65.7199,65.95,111584.0,677.0,65.84415
SQQQ,2026-01-09 15:49:00+00:00,65.95,65.962,65.9,65.91,104658.0,486.0,65.927805
SQQQ,2026-01-09 15:50:00+00:00,65.92,65.93,65.77,65.779,64820.0,511.0,65.834261
SQQQ,2026-01-09 15:51:00+00:00,65.76,65.79,65.63,65.72,198145.0,965.0,65.685374
SQQQ,2026-01-09 15:52:00+00:00,65.715,65.83,65.64,65.83,49751.0,371.0,65.744378
SQQQ,2026-01-09 15:53:00+00:00,65.83,65.88,65.765,65.84,204051.0,779.0,65.842037
SQQQ,2026-01-09 15:54:00+00:00,65.83,65.91,65.8,65.8804,71617.0,444.0,65.868719
SQQQ,2026-01-09 15:55:00+00:00,65.885,65.97,65.8688,65.92,87220.0,549.0,65.924299
SQQQ,2026-01-09 15:56:00+00:00,65.915,65.915,65.7022,65.7022,77580.0,620.0,65.826615
SQQQ,2026-01-09 15:57:00+00:00,65.72,65.8,65.7,65.73,70670.0,450.0,65.732902
SQQQ,2026-01-09 15:58:00+00:00,65.72,65.785,65.68,65.6959,43197.0,300.0,65.725005
SQQQ,2026-01-09 15:59:00+00:00,65.68,65.7,65.585,65.6,57590.0,376.0,65.644547
SQQQ,2026-01-09 16:00:00+00:00,65.59,65.61,65.49,65.52,121486.0,678.0,65.531847
SQQQ,2026-01-09 16:01:00+00:00,65.51,65.55,65.475,65.475,47019.0,377.0,65.511138
SQQQ,2026-01-09 16:02:00+00:00,65.47,65.47,65.3,65.3,176968.0,752.0,65.375301
SQQQ,2026-01-09 16:03:00+00:00,65.3,65.42,65.286,65.39,80820.0,438.0,65.362359
SQQQ,2026-01-09 16:04:00+00:00,65.38,65.455,65.3707,65.39,76219.0,410.0,65.413302
SQQQ,2026-01-09 16:05:00+00:00,65.387,65.41,65.35,65.37,91677.0,422.0,65.379908
SQQQ,2026-01-09 16:06:00+00:00,65.36,65.38,65.2746,65.28,284898.0,765.0,65.304646
SQQQ,2026-01-09 16:07:00+00:00,65.28,65.34,65.26,65.27,52028.0,358.0,65.305615
SQQQ,2026-01-09 16:08:00+00:00,65.27,65.275,65.1399,65.16,132075.0,924.0,65.18843
SQQQ,2026-01-09 16:09:00+00:00,65.16,65.16,65.03,65.06,180945.0,1241.0,65.081538
SQQQ,2026-01-09 16:10:00+00:00,65.06,65.15,65.05,65.105,125596.0,779.0,65.083021
SQQQ,2026-01-09 16:11:00+00:00,65.1,65.115,65.055,65.085,112449.0,577.0,65.077518
SQQQ,2026-01-09 16:12:00+00:00,65.085,65.23,65.085,65.1704,151809.0,688.0,65.159533
SQQQ,2026-01-09 16:13:00+00:00,65.18,65.19,64.96,64.98,304171.0,1535.0,65.070912
SQQQ,2026-01-09 16:14:00+00:00,64.9778,65.025,64.94,65.015,127743.0,695.0,64.981906
SQQQ,2026-01-09 16:15:00+00:00,65.0,65.12,64.98,65.05,150843.0,765.0,65.054524
SQQQ,2026-01-09 16:16:00+00:00,65.055,65.1099,65.04,65.1,55955.0,380.0,65.07758
SQQQ,2026-01-09 16:17:00+00:00,65.101,65.12,65.079,65.09,186715.0,552.0,65.098399
SQQQ,2026-01-09 16:18:00+00:00,65.0988,65.13,65.07,65.1,61362.0,439.0,65.096997
SQQQ,2026-01-09 16:19:00+00:00,65.1,65.11,65.03,65.05,223133.0,493.0,65.063511
SQQQ,2026-01-09 16:20:00+00:00,65.05,65.09,65.04,65.06,80586.0,386.0,65.06382
SQQQ,2026-01-09 16:21:00+00:00,65.0662,65.08,65.0101,65.02,115627.0,455.0,65.056929
SQQQ,2026-01-09 16:22:00+00:00,65.02,65.14,65.02,65.13,96940.0,583.0,65.100591
SQQQ,2026-01-09 16:23:00+00:00,65.13,65.16,65.11,65.14,70469.0,381.0,65.132264
SQQQ,2026-01-09 16:24:00+00:00,65.14,65.14,65.0616,65.09,61457.0,347.0,65.094383
SQQQ,2026-01-09 16:25:00+00:00,65.09,65.15,65.09,65.15,54836.0,294.0,65.12176
SQQQ,2026-01-09 16:26:00+00:00,65.145,65.205,65.12,65.16,48973.0,327.0,65.158266
SQQQ,2026-01-09 16:27:00+00:00,65.15,65.2,65.12,65.165,149937.0,331.0,65.156502
SQQQ,2026-01-09 16:28:00+00:00,65.17,65.255,65.15,65.225,80461.0,385.0,65.21437
SQQQ,2026-01-09 16:29:00+00:00,65.225,65.2427,65.19,65.22,93132.0,440.0,65.219367
SQQQ,2026-01-09 16:30:00+00:00,65.24,65.27,65.18,65.2,100799.0,513.0,65.222097
SQQQ,2026-01-09 16:31:00+00:00,65.1973,65.26,65.12,65.25,181039.0,580.0,65.221477
SQQQ,2026-01-09 16:32:00+00:00,65.28,65.3072,65.2106,65.215,127846.0,585.0,65.269179
SQQQ,2026-01-09 16:33:00+00:00,65.215,65.27,65.175,65.27,52564.0,369.0,65.219713
SQQQ,2026-01-09 16:34:00+00:00,65.28,65.32,65.26,65.28,54242.0,400.0,65.286405
SQQQ,2026-01-09 16:35:00+00:00,65.28,65.36,65.2639,65.29,72305.0,399.0,65.317795
SQQQ,2026-01-09 16:36:00+00:00,65.285,65.305,65.22,65.2584,91270.0,501.0,65.26391
SQQQ,2026-01-09 16:37:00+00:00,65.24,65.29,65.225,65.24,54084.0,334.0,65.25836
SQQQ,2026-01-09 16:38:00+00:00,65.23,65.255,65.19,65.25,65869.0,313.0,65.22718
SQQQ,2026-01-09 16:39:00+00:00,65.245,65.26,65.2,65.205,43611.0,303.0,65.235783
SQQQ,2026-01-09 16:40:00+00:00,65.205,65.3,65.1901,65.2003,33220.0,281.0,65.234329
SQQQ,2026-01-09 16:41:00+00:00,65.2,65.2599,65.17,65.2599,49033.0,322.0,65.210179
SQQQ,2026-01-09 16:42:00+00:00,65.25,65.3,65.225,65.275,95304.0,516.0,65.268534
SQQQ,2026-01-09 16:43:00+00:00,65.27,65.27,65.205,65.205,49072.0,299.0,65.226994
SQQQ,2026-01-09 16:44:00+00:00,65.22,65.22,65.125,65.18,79279.0,312.0,65.164872
SQQQ,2026-01-09 16:45:00+00:00,65.19,65.19,65.1226,65.1299,105558.0,324.0,65.151656
SQQQ,2026-01-09 16:46:00+00:00,65.12,65.15,65.1,65.11,142343.0,539.0,65.125861
SQQQ,2026-01-09 16:47:00+00:00,65.125,65.16,65.1116,65.145,57255.0,216.0,65.143074
SQQQ,2026-01-09 16:48:00+00:00,65.145,65.15,64.99,64.99,321936.0,1048.0,65.035004
SQQQ,2026-01-09 16:49:00+00:00,64.99,65.0,64.95,64.97,200633.0,488.0,64.971075
SQQQ,2026-01-09 16:50:00+00:00,64.9751,64.9751,64.865,64.88,146768.0,785.0,64.915151
SQQQ,2026-01-09 16:51:00+00:00,64.8701,64.9499,64.87,64.89,82266.0,440.0,64.912997
SQQQ,2026-01-09 16:52:00+00:00,64.8833,64.9,64.83,64.835,58564.0,437.0,64.871371
SQQQ,2026-01-09 16:53:00+00:00,64.84,64.87,64.8,64.84,253875.0,976.0,64.832124
SQQQ,2026-01-09 16:54:00+00:00,64.84,64.85,64.805,64.83,162215.0,532.0,64.824408
SQQQ,2026-01-09 16:55:00+00:00,64.825,64.87,64.8,64.865,63009.0,363.0,64.821593
SQQQ,2026-01-09 16:56:00+00:00,64.865,64.87,64.7946,64.8,91975.0,520.0,64.818145
SQQQ,2026-01-09 16:57:00+00:00,64.7929,64.87,64.78,64.87,67195.0,373.0,64.821538
SQQQ,2026-01-09 16:58:00+00:00,64.87,64.89,64.82,64.8499,59229.0,279.0,64.857296
SQQQ,2026-01-09 16:59:00+00:00,64.8579,64.87,64.83,64.87,35169.0,213.0,64.855095
SQQQ,2026-01-09 17:00:00+00:00,64.865,64.9499,64.8475,64.919,86018.0,412.0,64.902113
SQQQ,2026-01-09 17:01:00+00:00,64.95,64.95,64.875,64.885,57612.0,284.0,64.903961
SQQQ,2026-01-09 17:02:00+00:00,64.88,64.9,64.86,64.9,34864.0,214.0,64.87764
SQQQ,2026-01-09 17:03:00+00:00,64.89,64.89,64.75,64.765,115580.0,610.0,64.812603
SQQQ,2026-01-09 17:04:00+00:00,64.7652,64.7899,64.74,64.7606,73550.0,340.0,64.75772
SQQQ,2026-01-09 17:05:00+00:00,64.76,64.79,64.7401,64.775,42826.0,286.0,64.765807
SQQQ,2026-01-09 17:06:00+00:00,64.77,64.7999,64.76,64.78,140589.0,334.0,64.779468
SQQQ,2026-01-09 17:07:00+00:00,64.78,64.82,64.7601,64.7881,39278.0,244.0,64.790854
SQQQ,2026-01-09 17:08:00+00:00,64.775,64.826,64.7726,64.8,47977.0,236.0,64.806468
SQQQ,2026-01-09 17:09:00+00:00,64.815,64.8199,64.785,64.7899,40901.0,182.0,64.79996
SQQQ,2026-01-09 17:10:00+00:00,64.785,64.88,64.78,64.86,49820.0,306.0,64.83594
SQQQ,2026-01-09 17:11:00+00:00,64.8584,64.9,64.8584,64.895,40393.0,268.0,64.887707
SQQQ,2026-01-09 17:12:00+00:00,64.89,64.91,64.87,64.885,41078.0,237.0,64.890572
SQQQ,2026-01-09 17:13:00+00:00,64.89,64.92,64.84,64.8599,73547.0,316.0,64.869377
SQQQ,2026-01-09 17:14:00+00:00,64.85,64.85,64.8211,64.8399,25320.0,133.0,64.838329
SQQQ,2026-01-09 17:15:00+00:00,64.83,64.9291,64.83,64.92,33638.0,195.0,64.885133
SQQQ,2026-01-09 17:16:00+00:00,64.91,64.9678,64.9001,64.9418,52308.0,275.0,64.941695
SQQQ,2026-01-09 17:17:00+00:00,64.945,64.9599,64.9221,64.9354,37547.0,166.0,64.9408
SQQQ,2026-01-09 17:18:00+00:00,64.94,65.035,64.94,65.0334,77480.0,338.0,64.998797
SQQQ,2026-01-09 17:19:00+00:00,65.03,65.045,65.0,65.04,55071.0,246.0,65.021425
SQQQ,2026-01-09 17:20:00+00:00,65.04,65.04,64.93,64.9701,86315.0,310.0,64.967624
SQQQ,2026-01-09 17:21:00+00:00,64.98,65.04,64.976,65.02,41843.0,218.0,65.012288
SQQQ,2026-01-09 17:22:00+00:00,65.01,65.025,64.94,64.94,52207.0,218.0,64.986524
SQQQ,2026-01-09 17:23:00+00:00,64.9451,64.955,64.88,64.8801,99423.0,416.0,64.913838
SQQQ,2026-01-09 17:24:00+00:00,64.875,64.875,64.82,64.839,71111.0,359.0,64.8411
SQQQ,2026-01-09 17:25:00+00:00,64.84,64.86,64.79,64.7959,63904.0,328.0,64.820985
SQQQ,2026-01-09 17:26:00+00:00,64.79,64.8201,64.7899,64.8,54934.0,237.0,64.803395
SQQQ,2026-01-09 17:27:00+00:00,64.8,64.8645,64.799,64.807,43409.0,216.0,64.837928
SQQQ,2026-01-09 17:28:00+00:00,64.81,64.82,64.7659,64.804,41805.0,229.0,64.787479
SQQQ,2026-01-09 17:29:00+00:00,64.81,64.86,64.81,64.8341,32501.0,180.0,64.840026
SQQQ,2026-01-09 17:30:00+00:00,64.835,64.88,64.835,64.86,44473.0,247.0,64.855857
SQQQ,2026-01-09 17:31:00+00:00,64.86,64.895,64.845,64.85,71009.0,267.0,64.870428
SQQQ,2026-01-09 17:32:00+00:00,64.84,64.87,64.8147,64.82,37699.0,220.0,64.835621
SQQQ,2026-01-09 17:33:00+00:00,64.81,64.815,64.78,64.78,72159.0,323.0,64.799012
SQQQ,2026-01-09 17:34:00+00:00,64.7799,64.79,64.745,64.769,70042.0,386.0,64.76569
SQQQ,2026-01-09 17:35:00+00:00,64.77,64.8,64.76,64.795,27314.0,189.0,64.779145
SQQQ,2026-01-09 17:36:00+00:00,64.79,64.85,64.79,64.845,60834.0,220.0,64.824219
SQQQ,2026-01-09 17:37:00+00:00,64.84,64.8423,64.8,64.825,38282.0,219.0,64.821564
SQQQ,2026-01-09 17:38:00+00:00,64.825,64.84,64.7627,64.7799,38942.0,228.0,64.791595
SQQQ,2026-01-09 17:39:00+00:00,64.775,64.83,64.775,64.82,38546.0,183.0,64.80964
SQQQ,2026-01-09 17:40:00+00:00,64.82,64.88,64.82,64.87,52082.0,308.0,64.852599
SQQQ,2026-01-09 17:41:00+00:00,64.872,64.8799,64.84,64.85,59607.0,293.0,64.859347
SQQQ,2026-01-09 17:42:00+00:00,64.84,64.8673,64.82,64.8454,48141.0,216.0,64.844391
SQQQ,2026-01-09 17:43:00+00:00,64.84,64.91,64.84,64.905,37029.0,211.0,64.876748
SQQQ,2026-01-09 17:44:00+00:00,64.895,64.8999,64.84,64.86,36400.0,155.0,64.876186
SQQQ,2026-01-09 17:45:00+00:00,64.86,64.8999,64.8299,64.84,40449.0,218.0,64.8649
SQQQ,2026-01-09 17:46:00+00:00,64.8399,64.89,64.8327,64.88,31897.0,136.0,64.869905
SQQQ,2026-01-09 17:47:00+00:00,64.87,64.87,64.75,64.7546,116573.0,491.0,64.77967
SQQQ,2026-01-09 17:48:00+00:00,64.76,64.77,64.72,64.74,115295.0,546.0,64.742721
SQQQ,2026-01-09 17:49:00+00:00,64.74,64.78,64.74,64.78,52818.0,238.0,64.765536
SQQQ,2026-01-09 17:50:00+00:00,64.764,64.78,64.74,64.765,54598.0,254.0,64.760593
SQQQ,2026-01-09 17:51:00+00:00,64.76,64.7699,64.68,64.7,110114.0,674.0,64.720893
SQQQ,2026-01-09 17:52:00+00:00,64.705,64.79,64.7,64.78,64312.0,276.0,64.752107
SQQQ,2026-01-09 17:53:00+00:00,64.7899,64.7953,64.7601,64.7701,33806.0,148.0,64.783035
SQQQ,2026-01-09 17:54:00+00:00,64.77,64.7899,64.76,64.765,27884.0,204.0,64.771047
SQQQ,2026-01-09 17:55:00+00:00,64.77,64.8,64.7508,64.79,76049.0,281.0,64.776371
SQQQ,2026-01-09 17:56:00+00:00,64.78,64.79,64.72,64.7371,34678.0,198.0,64.754007
SQQQ,2026-01-09 17:57:00+00:00,64.7398,64.7398,64.675,64.68,63328.0,371.0,64.693131
SQQQ,2026-01-09 17:58:00+00:00,64.6854,64.7,64.66,64.69,51475.0,264.0,64.681862
SQQQ,2026-01-09 17:59:00+00:00,64.685,64.76,64.675,64.751,72596.0,312.0,64.732317
SQQQ,2026-01-09 18:00:00+00:00,64.76,64.84,64.76,64.82,77908.0,338.0,64.798349
SQQQ,2026-01-09 18:01:00+00:00,64.82,64.845,64.77,64.8341,78511.0,297.0,64.812156
SQQQ,2026-01-09 18:02:00+00:00,64.85,64.89,64.8401,64.87,84047.0,347.0,64.862288
SQQQ,2026-01-09 18:03:00+00:00,64.88,64.89,64.8211,64.845,53620.0,227.0,64.851384
SQQQ,2026-01-09 18:04:00+00:00,64.84,64.8897,64.84,64.875,75729.0,269.0,64.861526
SQQQ,2026-01-09 18:05:00+00:00,64.87,64.88,64.81,64.8299,41441.0,198.0,64.848012
SQQQ,2026-01-09 18:06:00+00:00,64.81,64.8484,64.8,64.8,37621.0,181.0,64.823262
SQQQ,2026-01-09 18:07:00+00:00,64.81,64.8397,64.78,64.8397,45428.0,234.0,64.803089
SQQQ,2026-01-09 18:08:00+00:00,64.84,64.975,64.84,64.9618,75814.0,422.0,64.916097
SQQQ,2026-01-09 18:09:00+00:00,64.96,65.01,64.9598,65.0026,171909.0,548.0,64.98323
SQQQ,2026-01-09 18:10:00+00:00,65.005,65.005,64.951,65.0,90805.0,345.0,64.980936
SQQQ,2026-01-09 18:11:00+00:00,65.0098,65.01,64.97,64.97,38238.0,203.0,64.99064
SQQQ,2026-01-09 18:12:00+00:00,64.9801,65.02,64.95,65.01,53187.0,256.0,64.995951
SQQQ,2026-01-09 18:13:00+00:00,65.01,65.04,64.97,64.98,59447.0,320.0,65.007433
SQQQ,2026-01-09 18:14:00+00:00,64.97,65.005,64.965,64.99,62537.0,407.0,64.983066
SQQQ,2026-01-09 18:15:00+00:00,64.9967,65.0373,64.9837,64.9837,26318.0,166.0,65.010133
SQQQ,2026-01-09 18:16:00+00:00,64.98,65.0099,64.95,64.98,81924.0,299.0,64.976235
SQQQ,2026-01-09 18:17:00+00:00,64.9897,65.0201,64.9838,65.01,36584.0,193.0,65.00559
SQQQ,2026-01-09 18:18:00+00:00,65.0,65.02,64.97,64.99,27066.0,178.0,64.99146
SQQQ,2026-01-09 18:19:00+00:00,64.9961,65.02,64.9801,64.9801,26909.0,139.0,65.001564
SQQQ,2026-01-09 18:20:00+00:00,64.99,65.02,64.97,65.0,31741.0,210.0,64.997428
SQQQ,2026-01-09 18:21:00+00:00,65.0,65.02,64.9638,65.01,19216.0,146.0,64.991691
SQQQ,2026-01-09 18:22:00+00:00,65.015,65.03,65.0,65.015,25649.0,107.0,65.006231
SQQQ,2026-01-09 18:23:00+00:00,65.01,65.01,64.97,64.975,54929.0,190.0,64.988092
SQQQ,2026-01-09 18:24:00+00:00,64.98,65.02,64.98,65.02,29035.0,157.0,64.997376
SQQQ,2026-01-09 18:25:00+00:00,65.0,65.025,65.0,65.01,13329.0,99.0,65.012381
SQQQ,2026-01-09 18:26:00+00:00,65.02,65.069,65.01,65.02,40105.0,210.0,65.034595
SQQQ,2026-01-09 18:27:00+00:00,65.025,65.0363,65.0041,65.0127,32338.0,157.0,65.016274
SQQQ,2026-01-09 18:28:00+00:00,65.02,65.03,64.95,64.95,75995.0,253.0,64.988801
SQQQ,2026-01-09 18:29:00+00:00,64.9432,64.9435,64.86,64.8687,139231.0,529.0,64.899825
SQQQ,2026-01-09 18:30:00+00:00,64.87,64.87,64.795,64.8067,52518.0,250.0,64.829358
SQQQ,2026-01-09 18:31:00+00:00,64.8053,64.8399,64.7801,64.8101,57174.0,213.0,64.810073
SQQQ,2026-01-09 18:32:00+00:00,64.81,64.8199,64.78,64.78,55297.0,183.0,64.793744
SQQQ,2026-01-09 18:33:00+00:00,64.79,64.7964,64.775,64.7801,22623.0,168.0,64.783634
SQQQ,2026-01-09 18:34:00+00:00,64.785,64.7866,64.71,64.73,58011.0,298.0,64.743674
SQQQ,2026-01-09 18:35:00+00:00,64.735,64.735,64.615,64.62,98778.0,590.0,64.665822
SQQQ,2026-01-09 18:36:00+00:00,64.61,64.65,64.58,64.6399,97667.0,502.0,64.613732
SQQQ,2026-01-09 18:37:00+00:00,64.64,64.64,64.55,64.55,48745.0,393.0,64.590683
SQQQ,2026-01-09 18:38:00+00:00,64.54,64.56,64.53,64.55,84970.0,278.0,64.548491
SQQQ,2026-01-09 18:39:00+00:00,64.55,64.57,64.535,64.55,58944.0,290.0,64.548415
SQQQ,2026-01-09 18:40:00+00:00,64.54,64.5401,64.5,64.52,143856.0,737.0,64.515488
SQQQ,2026-01-09 18:41:00+00:00,64.5167,64.52,64.48,64.4996,67799.0,414.0,64.503353
SQQQ,2026-01-09 18:42:00+00:00,64.49,64.5,64.47,64.495,76714.0,243.0,64.486218
SQQQ,2026-01-09 18:43:00+00:00,64.49,64.6,64.49,64.6,76163.0,350.0,64.56399
SQQQ,2026-01-09 18:44:00+00:00,64.5907,64.64,64.5875,64.6354,71881.0,356.0,64.609141
SQQQ,2026-01-09 18:45:00+00:00,64.635,64.64,64.6,64.61,48725.0,229.0,64.622621
SQQQ,2026-01-09 18:46:00+00:00,64.61,64.6359,64.5802,64.5999,30942.0,182.0,64.603428
SQQQ,2026-01-09 18:47:00+00:00,64.6,64.6401,64.6,64.62,66003.0,268.0,64.625796
SQQQ,2026-01-09 18:48:00+00:00,64.62,64.625,64.55,64.55,71999.0,304.0,64.586313
SQQQ,2026-01-09 18:49:00+00:00,64.55,64.5666,64.53,64.55,72772.0,222.0,64.545818
SQQQ,2026-01-09 18:50:00+00:00,64.545,64.5895,64.53,64.53,61216.0,242.0,64.559449
SQQQ,2026-01-09 18:51:00+00:00,64.53,64.54,64.5159,64.53,62300.0,215.0,64.524592
SQQQ,2026-01-09 18:52:00+00:00,64.53,64.545,64.52,64.52,37364.0,146.0,64.529635
SQQQ,2026-01-09 18:53:00+00:00,64.52,64.555,64.52,64.5241,43157.0,208.0,64.538426
SQQQ,2026-01-09 18:54:00+00:00,64.52,64.53,64.5,64.5173,32517.0,182.0,64.513645
SQQQ,2026-01-09 18:55:00+00:00,64.52,64.5364,64.505,64.505,46170.0,182.0,64.519219
SQQQ,2026-01-09 18:56:00+00:00,64.5,64.515,64.4827,64.5,71342.0,318.0,64.500317
SQQQ,2026-01-09 18:57:00+00:00,64.5,64.5,64.42,64.425,108128.0,584.0,64.447506
SQQQ,2026-01-09 18:58:00+00:00,64.4299,64.46,64.4227,64.4559,42300.0,239.0,64.435936
SQQQ,2026-01-09 18:59:00+00:00,64.45,64.47,64.4438,64.455,47710.0,226.0,64.454439
SQQQ,2026-01-09 19:00:00+00:00,64.46,64.525,64.46,64.52,56883.0,268.0,64.504339
SQQQ,2026-01-09 19:01:00+00:00,64.52,64.5398,64.5,64.5101,50628.0,182.0,64.521055
SQQQ,2026-01-09 19:02:00+00:00,64.525,64.53,64.5,64.5,47775.0,163.0,64.51671
SQQQ,2026-01-09 19:03:00+00:00,64.5,64.51,64.48,64.5,37135.0,189.0,64.492777
SQQQ,2026-01-09 19:04:00+00:00,64.49,64.51,64.4701,64.5,28889.0,139.0,64.489342
SQQQ,2026-01-09 19:05:00+00:00,64.5,64.525,64.4901,64.5,55811.0,180.0,64.506044
SQQQ,2026-01-09 19:06:00+00:00,64.5,64.5394,64.5,64.525,26835.0,138.0,64.517893
SQQQ,2026-01-09 19:07:00+00:00,64.53,64.5386,64.52,64.5299,31174.0,151.0,64.527396
SQQQ,2026-01-09 19:08:00+00:00,64.525,64.5614,64.525,64.55,32786.0,184.0,64.555088
SQQQ,2026-01-09 19:09:00+00:00,64.5499,64.5499,64.5,64.5126,59604.0,239.0,64.514971
SQQQ,2026-01-09 19:10:00+00:00,64.515,64.5499,64.5,64.5499,21803.0,138.0,64.529849
SQQQ,2026-01-09 19:11:00+00:00,64.545,64.545,64.47,64.495,98023.0,406.0,64.509476
SQQQ,2026-01-09 19:12:00+00:00,64.4998,64.52,64.485,64.5101,26957.0,135.0,64.496779
SQQQ,2026-01-09 19:13:00+00:00,64.5199,64.53,64.51,64.51,14110.0,102.0,64.524605
SQQQ,2026-01-09 19:14:00+00:00,64.515,64.52,64.5,64.52,15404.0,107.0,64.510389
SQQQ,2026-01-09 19:15:00+00:00,64.515,64.52,64.49,64.5,36080.0,140.0,64.504159
SQQQ,2026-01-09 19:16:00+00:00,64.49,64.5,64.4701,64.4701,44755.0,158.0,64.490446
SQQQ,2026-01-09 19:17:00+00:00,64.479,64.48,64.45,64.45,31849.0,183.0,64.466783
SQQQ,2026-01-09 19:18:00+00:00,64.455,64.455,64.43,64.435,43603.0,191.0,64.437797
SQQQ,2026-01-09 19:19:00+00:00,64.44,64.4501,64.43,64.45,38225.0,176.0,64.442363
SQQQ,2026-01-09 19:20:00+00:00,64.445,64.4699,64.44,64.4699,16694.0,112.0,64.449888
SQQQ,2026-01-09 19:21:00+00:00,64.47,64.47,64.44,64.4528,52532.0,213.0,64.455624
SQQQ,2026-01-09 19:22:00+00:00,64.4501,64.485,64.45,64.48,42729.0,166.0,64.468646
SQQQ,2026-01-09 19:23:00+00:00,64.47,64.48,64.45,64.4555,28609.0,135.0,64.471088
SQQQ,2026-01-09 19:24:00+00:00,64.455,64.46,64.44,64.4588,32255.0,108.0,64.451129
SQQQ,2026-01-09 19:25:00+00:00,64.4783,64.5,64.4699,64.475,30983.0,163.0,64.481418
SQQQ,2026-01-09 19:26:00+00:00,64.4754,64.4999,64.4603,64.4855,18759.0,123.0,64.480455
SQQQ,2026-01-09 19:27:00+00:00,64.48,64.48,64.44,64.455,35681.0,163.0,64.458405
SQQQ,2026-01-09 19:28:00+00:00,64.4599,64.4708,64.45,64.4699,28220.0,102.0,64.46387
SQQQ,2026-01-09 19:29:00+00:00,64.4778,64.5,64.4701,64.487,14247.0,84.0,64.489065
SQQQ,2026-01-09 19:30:00+00:00,64.49,64.5,64.46,64.4859,32061.0,151.0,64.475746
SQQQ,2026-01-09 19:31:00+00:00,64.485,64.505,64.475,64.5,30190.0,173.0,64.49208
SQQQ,2026-01-09 19:32:00+00:00,64.4978,64.5016,64.4844,64.495,23771.0,139.0,64.495182
SQQQ,2026-01-09 19:33:00+00:00,64.49,64.52,64.48,64.52,23112.0,122.0,64.493854
SQQQ,2026-01-09 19:34:00+00:00,64.5234,64.53,64.51,64.515,26991.0,114.0,64.519402
SQQQ,2026-01-09 19:35:00+00:00,64.521,64.53,64.47,64.475,38521.0,194.0,64.512499
SQQQ,2026-01-09 19:36:00+00:00,64.48,64.5099,64.48,64.5,22384.0,94.0,64.497363
SQQQ,2026-01-09 19:37:00+00:00,64.5,64.5,64.46,64.4701,31021.0,148.0,64.480867
SQQQ,2026-01-09 19:38:00+00:00,64.475,64.4861,64.46,64.465,27623.0,125.0,64.472837
SQQQ,2026-01-09 19:39:00+00:00,64.47,64.48,64.46,64.475,18343.0,135.0,64.468921
SQQQ,2026-01-09 19:40:00+00:00,64.47,64.495,64.46,64.49,14324.0,107.0,64.477413
SQQQ,2026-01-09 19:41:00+00:00,64.4982,64.5045,64.4858,64.4858,12143.0,121.0,64.495073
SQQQ,2026-01-09 19:42:00+00:00,64.48,64.489,64.46,64.47,26636.0,115.0,64.474541
SQQQ,2026-01-09 19:43:00+00:00,64.47,64.47,64.4429,64.45,57156.0,183.0,64.455058
SQQQ,2026-01-09 19:44:00+00:00,64.45,64.4659,64.45,64.465,20397.0,126.0,64.456493
SQQQ,2026-01-09 19:45:00+00:00,64.465,64.4864,64.46,64.46,20446.0,113.0,64.475861
SQQQ,2026-01-09 19:46:00+00:00,64.4699,64.47,64.41,64.41,77944.0,356.0,64.439629
SQQQ,2026-01-09 19:47:00+00:00,64.425,64.44,64.4101,64.4101,45225.0,187.0,64.42703
SQQQ,2026-01-09 19:48:00+00:00,64.41,64.44,64.39,64.42,69408.0,468.0,64.411972
SQQQ,2026-01-09 19:49:00+00:00,64.42,64.44,64.4145,64.44,34762.0,208.0,64.424605
SQQQ,2026-01-09 19:50:00+00:00,64.43,64.43,64.38,64.42,66823.0,274.0,64.407548
SQQQ,2026-01-09 19:51:00+00:00,64.42,64.44,64.4,64.4,22127.0,120.0,64.420751
SQQQ,2026-01-09 19:52:00+00:00,64.4079,64.41,64.3846,64.39,48497.0,254.0,64.39628
SQQQ,2026-01-09 19:53:00+00:00,64.4,64.41,64.395,64.4,26311.0,146.0,64.403175
SQQQ,2026-01-09 19:54:00+00:00,64.4,64.45,64.4,64.445,37461.0,182.0,64.43102
SQQQ,2026-01-09 19:55:00+00:00,64.4459,64.519,64.445,64.4865,88850.0,299.0,64.485625
SQQQ,2026-01-09 19:56:00+00:00,64.485,64.52,64.4739,64.495,35509.0,207.0,64.489985
SQQQ,2026-01-09 19:57:00+00:00,64.49,64.5173,64.4868,64.5173,14638.0,120.0,64.501393
SQQQ,2026-01-09 19:58:00+00:00,64.515,64.52,64.4827,64.485,48862.0,215.0,64.499635
SQQQ,2026-01-09 19:59:00+00:00,64.48,64.52,64.47,64.52,22429.0,140.0,64.501354
SQQQ,2026-01-09 20:00:00+00:00,64.53,64.55,64.52,64.525,32942.0,221.0,64.536389
SQQQ,2026-01-09 20:01:00+00:00,64.5227,64.5227,64.43,64.447,39435.0,255.0,64.47699
SQQQ,2026-01-09 20:02:00+00:00,64.44,64.445,64.42,64.4201,53851.0,128.0,64.43111
SQQQ,2026-01-09 20:03:00+00:00,64.4255,64.4299,64.3901,64.4273,47489.0,222.0,64.407481
SQQQ,2026-01-09 20:04:00+00:00,64.43,64.45,64.43,64.45,32277.0,124.0,64.438544
SQQQ,2026-01-09 20:05:00+00:00,64.4461,64.4665,64.44,64.4427,36300.0,149.0,64.451484
SQQQ,2026-01-09 20:06:00+00:00,64.45,64.45,64.413,64.4159,14391.0,92.0,64.437524
SQQQ,2026-01-09 20:07:00+00:00,64.42,64.4299,64.37,64.375,91670.0,344.0,64.396288
SQQQ,2026-01-09 20:08:00+00:00,64.375,64.4199,64.361,64.39,42026.0,216.0,64.382497
SQQQ,2026-01-09 20:09:00+00:00,64.385,64.4,64.38,64.395,34548.0,145.0,64.387354
SQQQ,2026-01-09 20:10:00+00:00,64.3953,64.41,64.3801,64.41,38442.0,156.0,64.392646
SQQQ,2026-01-09 20:11:00+00:00,64.4,64.4361,64.4,64.405,28186.0,117.0,64.415864
SQQQ,2026-01-09 20:12:00+00:00,64.41,64.41,64.39,64.405,35330.0,159.0,64.404571
SQQQ,2026-01-09 20:13:00+00:00,64.41,64.44,64.4,64.43,38399.0,205.0,64.426112
SQQQ,2026-01-09 20:14:00+00:00,64.421,64.4399,64.42,64.42,24230.0,98.0,64.426285
SQQQ,2026-01-09 20:15:00+00:00,64.43,64.44,64.417,64.4199,23598.0,143.0,64.426402
SQQQ,2026-01-09 20:16:00+00:00,64.41,64.41,64.38,64.395,41845.0,204.0,64.396217
SQQQ,2026-01-09 20:17:00+00:00,64.4,64.42,64.3868,64.3886,20624.0,115.0,64.397986
SQQQ,2026-01-09 20:18:00+00:00,64.3879,64.4,64.37,64.38,48679.0,205.0,64.384459
SQQQ,2026-01-09 20:19:00+00:00,64.39,64.3927,64.36,64.382,33232.0,182.0,64.376781
SQQQ,2026-01-09 20:20:00+00:00,64.38,64.38,64.36,64.375,32564.0,185.0,64.374585
SQQQ,2026-01-09 20:21:00+00:00,64.38,64.39,64.3101,64.32,87725.0,511.0,64.344596
SQQQ,2026-01-09 20:22:00+00:00,64.315,64.32,64.29,64.3,109569.0,474.0,64.302895
SQQQ,2026-01-09 20:23:00+00:00,64.295,64.31,64.295,64.3,38118.0,237.0,64.303665
SQQQ,2026-01-09 20:24:00+00:00,64.295,64.3284,64.29,64.3163,31024.0,171.0,64.310974
SQQQ,2026-01-09 20:25:00+00:00,64.315,64.33,64.27,64.325,80026.0,433.0,64.305666
SQQQ,2026-01-09 20:26:00+00:00,64.325,64.35,64.325,64.3334,34522.0,185.0,64.337913
SQQQ,2026-01-09 20:27:00+00:00,64.34,64.36,64.34,64.3501,53521.0,229.0,64.346888
SQQQ,2026-01-09 20:28:00+00:00,64.3578,64.39,64.3568,64.38,33529.0,192.0,64.367844
SQQQ,2026-01-09 20:29:00+00:00,64.375,64.42,64.375,64.4197,81757.0,321.0,64.397955
SQQQ,2026-01-09 20:30:00+00:00,64.42,64.44,64.39,64.41,95061.0,478.0,64.418551
SQQQ,2026-01-09 20:31:00+00:00,64.4199,64.42,64.37,64.38,41590.0,347.0,64.385108
SQQQ,2026-01-09 20:32:00+00:00,64.38,64.42,64.375,64.4101,59166.0,303.0,64.399335
SQQQ,2026-01-09 20:33:00+00:00,64.415,64.43,64.41,64.4199,28650.0,181.0,64.41834
SQQQ,2026-01-09 20:34:00+00:00,64.415,64.42,64.38,64.38,51359.0,270.0,64.397985
SQQQ,2026-01-09 20:35:00+00:00,64.39,64.445,64.39,64.4396,52070.0,286.0,64.418833
SQQQ,2026-01-09 20:36:00+00:00,64.43,64.45,64.4127,64.425,44687.0,204.0,64.430849
SQQQ,2026-01-09 20:37:00+00:00,64.427,64.45,64.42,64.45,25563.0,160.0,64.429902
SQQQ,2026-01-09 20:38:00+00:00,64.4479,64.45,64.43,64.45,25274.0,159.0,64.441406
SQQQ,2026-01-09 20:39:00+00:00,64.45,64.46,64.43,64.45,38959.0,235.0,64.445783
SQQQ,2026-01-09 20:40:00+00:00,64.44,64.4699,64.431,64.46,42852.0,272.0,64.454273
SQQQ,2026-01-09 20:41:00+00:00,64.455,64.475,64.45,64.4599,60550.0,152.0,64.456804
SQQQ,2026-01-09 20:42:00+00:00,64.4506,64.5068,64.44,64.5,94979.0,317.0,64.474428
SQQQ,2026-01-09 20:43:00+00:00,64.495,64.5052,64.46,64.48,31897.0,236.0,64.480156
SQQQ,2026-01-09 20:44:00+00:00,64.485,64.489,64.45,64.455,36394.0,211.0,64.467886
SQQQ,2026-01-09 20:45:00+00:00,64.46,64.48,64.43,64.465,61863.0,285.0,64.4563
SQQQ,2026-01-09 20:46:00+00:00,64.475,64.5,64.465,64.465,87703.0,409.0,64.478715
SQQQ,2026-01-09 20:47:00+00:00,64.46,64.48,64.45,64.454,47910.0,266.0,64.458769
SQQQ,2026-01-09 20:48:00+00:00,64.455,64.465,64.445,64.4538,29300.0,194.0,64.455304
SQQQ,2026-01-09 20:49:00+00:00,64.46,64.47,64.45,64.4581,17434.0,231.0,64.463732
SQQQ,2026-01-09 20:50:00+00:00,64.455,64.5014,64.4535,64.5014,102706.0,606.0,64.4801
SQQQ,2026-01-09 20:51:00+00:00,64.5016,64.56,64.5016,64.5218,130921.0,530.0,64.537786
SQQQ,2026-01-09 20:52:00+00:00,64.52,64.55,64.5121,64.525,89103.0,436.0,64.527261
SQQQ,2026-01-09 20:53:00+00:00,64.52,64.5598,64.49,64.55,70413.0,393.0,64.526229
SQQQ,2026-01-09 20:54:00+00:00,64.545,64.61,64.49,64.52,274824.0,1155.0,64.552927
SQQQ,2026-01-09 20:55:00+00:00,64.525,64.59,64.525,64.55,109784.0,622.0,64.566061
SQQQ,2026-01-09 20:56:00+00:00,64.56,64.59,64.56,64.585,138292.0,513.0,64.577844
SQQQ,2026-01-09 20:57:00+00:00,64.58,64.6,64.54,64.55,115547.0,525.0,64.568138
SQQQ,2026-01-09 20:58:00+00:00,64.56,64.57,64.515,64.54,181501.0,675.0,64.537969
SQQQ,2026-01-09 20:59:00+00:00,64.545,64.685,64.54,64.6793,492654.0,1354.0,64.598516
SQQQ,2026-01-09 21:00:00+00:00,64.67,64.72,64.63,64.691,113339.0,350.0,64.677817
SQQQ,2026-01-09 21:01:00+00:00,64.7,64.7,64.65,64.66,23483.0,89.0,64.669733
SQQQ,2026-01-09 21:02:00+00:00,64.66,64.6702,64.65,64.6701,25679.0,74.0,64.668313
SQQQ,2026-01-09 21:03:00+00:00,64.67,64.67,64.62,64.63,12710.0,61.0,64.646171
SQQQ,2026-01-09 21:04:00+00:00,64.63,64.66,64.63,64.65,10346.0,83.0,64.647098
SQQQ,2026-01-09 21:05:00+00:00,64.66,64.66,64.63,64.65,22095.0,63.0,64.640498
SQQQ,2026-01-09 21:06:00+00:00,64.64,64.651,64.64,64.65,8562.0,24.0,64.648232
SQQQ,2026-01-09 21:07:00+00:00,64.66,64.68,64.6,64.6102,12499.0,93.0,64.634325
SQQQ,2026-01-09 21:08:00+00:00,64.62,64.6407,64.62,64.6407,4592.0,27.0,64.628963
SQQQ,2026-01-09 21:09:00+00:00,64.64,64.64,64.63,64.64,4348.0,27.0,64.638327
SQQQ,2026-01-09 21:10:00+00:00,64.64,64.65,64.64,64.64,4277.0,49.0,64.645848
SQQQ,2026-01-09 21:11:00+00:00,64.6309,64.66,64.6309,64.655,7769.0,44.0,64.650633
SQQQ,2026-01-09 21:12:00+00:00,64.6594,64.6703,64.65,64.6703,6717.0,38.0,64.668402
SQQQ,2026-01-09 21:13:00+00:00,64.65,64.65,64.64,64.65,9849.0,21.0,64.643139
SQQQ,2026-01-09 21:14:00+00:00,64.6502,64.66,64.6502,64.66,1538.0,13.0,64.658492
SQQQ,2026-01-09 21:15:00+00:00,64.67,64.69,64.6424,64.6424,6157.0,36.0,64.668458
SQQQ,2026-01-09 21:16:00+00:00,64.64,64.64,64.64,64.64,949.0,22.0,64.64
SQQQ,2026-01-09 21:17:00+00:00,64.621,64.625,64.62,64.62,4229.0,22.0,64.621414
SQQQ,2026-01-09 21:18:00+00:00,64.61,64.64,64.61,64.64,7617.0,22.0,64.632658
SQQQ,2026-01-09 21:19:00+00:00,64.631,64.631,64.63,64.63,3837.0,23.0,64.630026
SQQQ,2026-01-09 21:20:00+00:00,64.6303,64.6303,64.63,64.63,1727.0,17.0,64.630281
SQQQ,2026-01-09 21:21:00+00:00,64.64,64.66,64.63,64.66,7695.0,43.0,64.645908
SQQQ,2026-01-09 21:22:00+00:00,64.67,64.67,64.66,64.67,2925.0,25.0,64.669617
SQQQ,2026-01-09 21:23:00+00:00,64.65,64.65,64.65,64.65,2110.0,14.0,64.65
SQQQ,2026-01-09 21:24:00+00:00,64.6516,64.6578,64.65,64.6501,1529.0,10.0,64.650754
SQQQ,2026-01-09 21:25:00+00:00,64.6533,64.68,64.6533,64.68,1909.0,19.0,64.664628
SQQQ,2026-01-09 21:26:00+00:00,64.67,64.67,64.66,64.66,1259.0,9.0,64.664129
SQQQ,2026-01-09 21:27:00+00:00,64.67,64.67,64.65,64.6502,12129.0,31.0,64.660069
SQQQ,2026-01-09 21:28:00+00:00,64.651,64.66,64.65,64.66,9909.0,10.0,64.65276
SQQQ,2026-01-09 21:29:00+00:00,64.6501,64.66,64.6501,64.66,3241.0,11.0,64.650704
SQQQ,2026-01-09 21:30:00+00:00,64.66,64.67,64.66,64.6617,1752.0,18.0,64.661974
SQQQ,2026-01-09 21:31:00+00:00,64.67,64.6816,64.67,64.6816,6158.0,14.0,64.679294
SQQQ,2026-01-09 21:32:00+00:00,64.68,64.6897,64.68,64.6802,2252.0,7.0,64.682705
SQQQ,2026-01-09 21:33:00+00:00,64.6801,64.6801,64.6801,64.6801,295.0,5.0,64.6801
SQQQ,2026-01-09 21:34:00+00:00,64.69,64.69,64.68,64.69,4580.0,34.0,64.689761
SQQQ,2026-01-09 21:35:00+00:00,64.69,64.71,64.69,64.7093,10393.0,65.0,64.701672
SQQQ,2026-01-09 21:36:00+00:00,64.7003,64.71,64.68,64.68,6351.0,46.0,64.704751
SQQQ,2026-01-09 21:37:00+00:00,64.7,64.71,64.695,64.7015,2461.0,11.0,64.701786
SQQQ,2026-01-09 21:38:00+00:00,64.7,64.7,64.6918,64.7,1509.0,8.0,64.699453
SQQQ,2026-01-09 21:39:00+00:00,64.7,64.71,64.69,64.69,4239.0,41.0,64.707554
SQQQ,2026-01-09 21:40:00+00:00,64.6818,64.6818,64.67,64.67,5182.0,17.0,64.676462
SQQQ,2026-01-09 21:41:00+00:00,64.68,64.68,64.68,64.68,2245.0,13.0,64.68
SQQQ,2026-01-09 21:42:00+00:00,64.69,64.7,64.69,64.69,5372.0,43.0,64.695213
SQQQ,2026-01-09 21:43:00+00:00,64.7,64.7013,64.7,64.7013,4826.0,42.0,64.70021
SQQQ,2026-01-09 21:44:00+00:00,64.71,64.71,64.71,64.71,2529.0,30.0,64.71
SQQQ,2026-01-09 21:45:00+00:00,64.72,64.73,64.7116,64.7116,28215.0,88.0,64.720004
SQQQ,2026-01-09 21:46:00+00:00,64.71,64.72,64.71,64.72,923.0,14.0,64.716026
SQQQ,2026-01-09 21:47:00+00:00,64.72,64.72,64.72,64.72,1562.0,9.0,64.72
SQQQ,2026-01-09 21:49:00+00:00,64.7101,64.7101,64.6996,64.6996,2360.0,12.0,64.704551
SQQQ,2026-01-09 21:50:00+00:00,64.7,64.7,64.7,64.7,1750.0,8.0,64.7
SQQQ,2026-01-09 21:51:00+00:00,64.68,64.68,64.67,64.68,3614.0,22.0,64.67347
SQQQ,2026-01-09 21:53:00+00:00,64.67,64.67,64.67,64.67,354.0,7.0,64.67
SQQQ,2026-01-09 21:54:00+00:00,64.66,64.66,64.66,64.66,567.0,8.0,64.66
SQQQ,2026-01-09 21:55:00+00:00,64.68,64.6803,64.68,64.6803,388.0,7.0,64.680161
SQQQ,2026-01-09 21:56:00+00:00,64.69,64.7,64.68,64.68,1064.0,11.0,64.690507
SQQQ,2026-01-09 21:57:00+00:00,64.67,64.67,64.67,64.67,1572.0,17.0,64.67
SQQQ,2026-01-09 21:58:00+00:00,64.67,64.67,64.66,64.6618,2283.0,10.0,64.669198
SQQQ,2026-01-09 21:59:00+00:00,64.66,64.66,64.66,64.66,2468.0,21.0,64.66
SQQQ,2026-01-09 22:00:00+00:00,64.66,64.66,64.65,64.65,2100.0,24.0,64.650563
SQQQ,2026-01-09 22:01:00+00:00,64.65,64.65,64.65,64.65,3384.0,48.0,64.65
SQQQ,2026-01-09 22:02:00+00:00,64.6432,64.6432,64.6432,64.6432,332.0,11.0,64.6432
SQQQ,2026-01-09 22:03:00+00:00,64.6436,64.6436,64.64,64.64,806.0,11.0,64.64095
SQQQ,2026-01-09 22:04:00+00:00,64.65,64.67,64.65,64.66,1902.0,18.0,64.6621
SQQQ,2026-01-09 22:05:00+00:00,64.66,64.6716,64.66,64.6716,997.0,10.0,64.667859
SQQQ,2026-01-09 22:06:00+00:00,64.67,64.68,64.67,64.6797,15243.0,13.0,64.679409
SQQQ,2026-01-09 22:07:00+00:00,64.6797,64.6797,64.6793,64.6793,427.0,5.0,64.6795
SQQQ,2026-01-09 22:08:00+00:00,64.6782,64.6782,64.6782,64.6782,105.0,2.0,64.6782
SQQQ,2026-01-09 22:10:00+00:00,64.6701,64.6701,64.67,64.67,1442.0,16.0,64.670083
SQQQ,2026-01-09 22:14:00+00:00,64.67,64.67,64.67,64.67,215.0,5.0,64.67
SQQQ,2026-01-09 22:16:00+00:00,64.67,64.67,64.67,64.67,305.0,6.0,64.67
SQQQ,2026-01-09 22:17:00+00:00,64.67,64.67,64.66,64.6618,427.0,7.0,64.663933
SQQQ,2026-01-09 22:18:00+00:00,64.6608,64.6608,64.6601,64.6601,212.0,5.0,64.66045
SQQQ,2026-01-09 22:19:00+00:00,64.6684,64.6684,64.66,64.66,1741.0,13.0,64.662161
SQQQ,2026-01-09 22:20:00+00:00,64.66,64.66,64.66,64.66,362.0,8.0,64.66
SQQQ,2026-01-09 22:21:00+00:00,64.6498,64.65,64.6401,64.6484,624.0,8.0,64.647836
SQQQ,2026-01-09 22:22:00+00:00,64.64,64.641,64.64,64.641,700.0,5.0,64.640333
SQQQ,2026-01-09 22:23:00+00:00,64.6498,64.6498,64.6498,64.6498,203.0,2.0,64.6498
SQQQ,2026-01-09 22:24:00+00:00,64.65,64.65,64.64,64.65,1101.0,5.0,64.64545
SQQQ,2026-01-09 22:26:00+00:00,64.6497,64.6497,64.6497,64.6497,201.0,2.0,64.6497
SQQQ,2026-01-09 22:28:00+00:00,64.64,64.64,64.63,64.64,1653.0,26.0,64.639216
SQQQ,2026-01-09 22:29:00+00:00,64.63,64.63,64.63,64.63,840.0,4.0,64.63
SQQQ,2026-01-09 22:30:00+00:00,64.63,64.65,64.63,64.65,789.0,12.0,64.64626
SQQQ,2026-01-09 22:31:00+00:00,64.63,64.63,64.63,64.63,215.0,4.0,64.63
SQQQ,2026-01-09 22:33:00+00:00,64.65,64.65,64.65,64.65,206.0,6.0,64.65
SQQQ,2026-01-09 22:34:00+00:00,64.6499,64.65,64.6334,64.65,3885.0,12.0,64.638627
SQQQ,2026-01-09 22:38:00+00:00,64.65,64.65,64.65,64.65,2001.0,5.0,64.65
SQQQ,2026-01-09 22:40:00+00:00,64.63,64.63,64.63,64.63,11604.0,48.0,64.63
SQQQ,2026-01-09 22:42:00+00:00,64.62,64.62,64.61,64.6108,5092.0,12.0,64.611339
SQQQ,2026-01-09 22:43:00+00:00,64.6132,64.6252,64.6,64.6252,1060.0,6.0,64.609794
SQQQ,2026-01-09 22:44:00+00:00,64.6,64.6,64.56,64.58,12263.0,107.0,64.579263
SQQQ,2026-01-09 22:45:00+00:00,64.58,64.58,64.58,64.58,105.0,1.0,64.58
SQQQ,2026-01-09 22:46:00+00:00,64.5819,64.5819,64.5819,64.5819,106.0,3.0,64.5819
SQQQ,2026-01-09 22:47:00+00:00,64.58,64.58,64.58,64.58,584.0,9.0,64.58
SQQQ,2026-01-09 22:48:00+00:00,64.62,64.62,64.62,64.62,103.0,4.0,64.62
SQQQ,2026-01-09 22:49:00+00:00,64.6,64.6,64.6,64.6,605.0,4.0,64.6
SQQQ,2026-01-09 22:51:00+00:00,64.6,64.6001,64.6,64.6001,2175.0,13.0,64.600016
SQQQ,2026-01-09 22:53:00+00:00,64.5802,64.5802,64.5802,64.5802,457.0,4.0,64.5802
SQQQ,2026-01-09 22:55:00+00:00,64.6,64.6,64.6,64.6,152.0,6.0,64.6
SQQQ,2026-01-09 22:57:00+00:00,64.6,64.6,64.6,64.6,132.0,7.0,64.6
SQQQ,2026-01-09 23:00:00+00:00,64.5904,64.61,64.5904,64.61,457.0,5.0,64.599106
SQQQ,2026-01-09 23:02:00+00:00,64.5811,64.5811,64.5801,64.5801,514.0,6.0,64.580856
SQQQ,2026-01-09 23:03:00+00:00,64.58,64.58,64.58,64.58,1157.0,20.0,64.58
SQQQ,2026-01-09 23:08:00+00:00,64.58,64.6,64.58,64.6,1000.0,8.0,64.591111
SQQQ,2026-01-09 23:10:00+00:00,64.58,64.58,64.58,64.58,300.0,6.0,64.58
SQQQ,2026-01-09 23:11:00+00:00,64.5892,64.5892,64.5892,64.5892,120.0,2.0,64.5892
SQQQ,2026-01-09 23:12:00+00:00,64.59,64.59,64.59,64.59,115.0,2.0,64.59
SQQQ,2026-01-09 23:15:00+00:00,64.59,64.59,64.58,64.59,670.0,26.0,64.587778
SQQQ,2026-01-09 23:16:00+00:00,64.5813,64.5813,64.5813,64.5813,101.0,2.0,64.5813
SQQQ,2026-01-09 23:18:00+00:00,64.59,64.59,64.59,64.59,366.0,5.0,64.59
SQQQ,2026-01-09 23:20:00+00:00,64.5818,64.5818,64.5818,64.5818,2848.0,8.0,64.5818
SQQQ,2026-01-09 23:21:00+00:00,64.5898,64.5898,64.5898,64.5898,213.0,7.0,64.5898
SQQQ,2026-01-09 23:24:00+00:00,64.59,64.59,64.59,64.59,124.0,5.0,64.59
SQQQ,2026-01-09 23:25:00+00:00,64.5802,64.5802,64.5802,64.5802,160.0,4.0,64.5802
SQQQ,2026-01-09 23:26:00+00:00,64.5897,64.5897,64.5897,64.5897,406.0,5.0,64.5897
SQQQ,2026-01-09 23:31:00+00:00,64.59,64.59,64.5899,64.5899,505.0,3.0,64.58995
SQQQ,2026-01-09 23:32:00+00:00,64.58,64.5801,64.58,64.5801,6727.0,39.0,64.580045
SQQQ,2026-01-09 23:33:00+00:00,64.5703,64.58,64.5703,64.58,413.0,7.0,64.575843
SQQQ,2026-01-09 23:34:00+00:00,64.56,64.5601,64.55,64.55,880.0,31.0,64.553589
SQQQ,2026-01-09 23:35:00+00:00,64.5501,64.58,64.5501,64.58,1405.0,7.0,64.57467
SQQQ,2026-01-09 23:36:00+00:00,64.5515,64.5515,64.5515,64.5515,230.0,4.0,64.5515
SQQQ,2026-01-09 23:39:00+00:00,64.55,64.55,64.55,64.55,350.0,1.0,64.55
SQQQ,2026-01-09 23:42:00+00:00,64.57,64.57,64.57,64.57,632.0,6.0,64.57
SQQQ,2026-01-09 23:43:00+00:00,64.57,64.5701,64.57,64.5701,250.0,2.0,64.57006
SQQQ,2026-01-09 23:44:00+00:00,64.5703,64.5703,64.5703,64.5703,1547.0,1.0,64.5703
SQQQ,2026-01-09 23:46:00+00:00,64.58,64.58,64.58,64.58,196.0,5.0,64.58
SQQQ,2026-01-09 23:47:00+00:00,64.5708,64.5708,64.5708,64.5708,140.0,4.0,64.5708
SQQQ,2026-01-09 23:53:00+00:00,64.58,64.58,64.58,64.58,134.0,2.0,64.58
SQQQ,2026-01-09 23:57:00+00:00,64.59,64.6,64.59,64.59,5952.0,14.0,64.594689
SQQQ,2026-01-09 23:59:00+00:00,64.59,64.59,64.58,64.58,594.0,5.0,64.585551
SQQQ,2026-01-10 00:03:00+00:00,64.5998,64.5998,64.59,64.59,4634.0,19.0,64.590233
SQQQ,2026-01-10 00:11:00+00:00,64.58,64.58,64.58,64.58,551.0,2.0,64.58
SQQQ,2026-01-10 00:14:00+00:00,64.5801,64.59,64.58,64.59,1989.0,5.0,64.588992
SQQQ,2026-01-10 00:15:00+00:00,64.61,64.61,64.61,64.61,497.0,6.0,64.61
SQQQ,2026-01-10 00:16:00+00:00,64.6,64.6,64.6,64.6,134.0,3.0,64.6
SQQQ,2026-01-10 00:17:00+00:00,64.59,64.59,64.59,64.59,125.0,3.0,64.59
SQQQ,2026-01-10 00:18:00+00:00,64.5994,64.5994,64.59,64.59,1512.0,6.0,64.590972
SQQQ,2026-01-10 00:19:00+00:00,64.59,64.59,64.59,64.59,221.0,1.0,64.59
SQQQ,2026-01-10 00:21:00+00:00,64.59,64.59,64.59,64.59,3005.0,3.0,64.59
SQQQ,2026-01-10 00:22:00+00:00,64.58,64.58,64.58,64.58,279.0,2.0,64.58
SQQQ,2026-01-10 00:24:00+00:00,64.58,64.58,64.58,64.58,3204.0,3.0,64.58
SQQQ,2026-01-10 00:25:00+00:00,64.57,64.57,64.5692,64.5692,1696.0,7.0,64.569596
SQQQ,2026-01-10 00:27:00+00:00,64.56,64.56,64.55,64.55,1631.0,8.0,64.555845
SQQQ,2026-01-10 00:30:00+00:00,64.56,64.56,64.5599,64.5599,555.0,4.0,64.559921
SQQQ,2026-01-10 00:31:00+00:00,64.55,64.5516,64.55,64.55,3759.0,6.0,64.551287
SQQQ,2026-01-10 00:33:00+00:00,64.55,64.56,64.55,64.56,791.0,7.0,64.553816
SQQQ,2026-01-10 00:34:00+00:00,64.56,64.56,64.56,64.56,222.0,3.0,64.56
SQQQ,2026-01-10 00:36:00+00:00,64.55,64.55,64.55,64.55,1171.0,7.0,64.55
SQQQ,2026-01-10 00:37:00+00:00,64.55,64.55,64.54,64.54,1749.0,23.0,64.541333
SQQQ,2026-01-10 00:38:00+00:00,64.53,64.53,64.5282,64.53,3749.0,16.0,64.529794
SQQQ,2026-01-10 00:39:00+00:00,64.5064,64.52,64.5064,64.52,2949.0,10.0,64.510026
SQQQ,2026-01-10 00:40:00+00:00,64.51,64.52,64.51,64.52,443.0,7.0,64.51375
SQQQ,2026-01-10 00:41:00+00:00,64.5033,64.5206,64.5033,64.5206,1053.0,12.0,64.516214
SQQQ,2026-01-10 00:43:00+00:00,64.5204,64.5204,64.5204,64.5204,143.0,1.0,64.5204
SQQQ,2026-01-10 00:44:00+00:00,64.52,64.52,64.52,64.52,1100.0,9.0,64.52
SQQQ,2026-01-10 00:45:00+00:00,64.5185,64.52,64.5185,64.52,1260.0,21.0,64.519856
SQQQ,2026-01-10 00:46:00+00:00,64.51,64.5493,64.51,64.5493,1030.0,10.0,64.514761
SQQQ,2026-01-10 00:47:00+00:00,64.508,64.508,64.5,64.5,703.0,18.0,64.504868
SQQQ,2026-01-10 00:48:00+00:00,64.4896,64.4896,64.4802,64.4802,5525.0,24.0,64.480383
SQQQ,2026-01-10 00:49:00+00:00,64.49,64.49,64.49,64.49,2725.0,5.0,64.49
SQQQ,2026-01-10 00:51:00+00:00,64.48,64.48,64.48,64.48,454.0,11.0,64.48
SQQQ,2026-01-10 00:52:00+00:00,64.4799,64.4998,64.4799,64.4998,6123.0,10.0,64.480248
SQQQ,2026-01-10 00:53:00+00:00,64.5,64.5,64.5,64.5,2868.0,7.0,64.5
SQQQ,2026-01-10 00:54:00+00:00,64.4999,64.4999,64.49,64.4981,1659.0,14.0,64.497039
SQQQ,2026-01-10 00:55:00+00:00,64.48,64.4994,64.48,64.48,1238.0,10.0,64.488053
SQQQ,2026-01-10 00:56:00+00:00,64.48,64.4998,64.4782,64.48,1249.0,12.0,64.48108
SQQQ,2026-01-10 00:57:00+00:00,64.47,64.4928,64.46,64.48,2199.0,33.0,64.47804
SQQQ,2026-01-10 00:58:00+00:00,64.5,64.5,64.47,64.47,1306.0,10.0,64.494545
SQQQ,2026-01-10 00:59:00+00:00,64.4997,64.4997,64.4498,64.4498,2517.0,37.0,64.472771
SQQQ,2026-01-12 09:00:00+00:00,66.7,66.7,65.82,66.66,18651.0,212.0,66.627571
SQQQ,2026-01-12 09:01:00+00:00,66.65,66.65,66.58,66.59,3978.0,44.0,66.597222
SQQQ,2026-01-12 09:02:00+00:00,66.57,66.57,66.53,66.54,3268.0,44.0,66.549231
SQQQ,2026-01-12 09:03:00+00:00,66.57,66.59,66.57,66.59,6078.0,41.0,66.58
SQQQ,2026-01-12 09:04:00+00:00,66.6,66.6,66.54,66.55,5894.0,36.0,66.546841
SQQQ,2026-01-12 09:05:00+00:00,66.52,66.54,66.52,66.54,1270.0,26.0,66.535776
SQQQ,2026-01-12 09:06:00+00:00,66.53,66.54,66.51,66.51,4394.0,52.0,66.520125
SQQQ,2026-01-12 09:07:00+00:00,66.51,66.51,66.46,66.47,2008.0,36.0,66.49
SQQQ,2026-01-12 09:08:00+00:00,66.47,66.5,66.45,66.45,4059.0,60.0,66.476095
SQQQ,2026-01-12 09:09:00+00:00,66.45,66.45,66.45,66.45,2888.0,23.0,66.45
SQQQ,2026-01-12 09:10:00+00:00,66.43,66.51,66.43,66.51,2430.0,39.0,66.484602
SQQQ,2026-01-12 09:11:00+00:00,66.4,66.4,66.39,66.39,989.0,20.0,66.398571
SQQQ,2026-01-12 09:12:00+00:00,66.4,66.43,66.4,66.43,4663.0,26.0,66.415029
SQQQ,2026-01-12 09:13:00+00:00,66.43,66.43,66.42,66.42,537.0,12.0,66.426667
SQQQ,2026-01-12 09:14:00+00:00,66.45,66.45,66.42,66.44,3188.0,46.0,66.440193
SQQQ,2026-01-12 09:15:00+00:00,66.42,66.48,66.4,66.48,6685.0,74.0,66.423324
SQQQ,2026-01-12 09:16:00+00:00,66.5,66.5,66.44,66.44,657.0,14.0,66.47
SQQQ,2026-01-12 09:17:00+00:00,66.41,66.41,66.41,66.41,199.0,9.0,66.41
SQQQ,2026-01-12 09:18:00+00:00,66.42,66.43,66.42,66.43,662.0,9.0,66.4225
SQQQ,2026-01-12 09:19:00+00:00,66.44,66.44,66.42,66.42,212.0,4.0,66.43
SQQQ,2026-01-12 09:20:00+00:00,66.43,66.45,66.43,66.45,852.0,15.0,66.445
SQQQ,2026-01-12 09:21:00+00:00,66.44,66.44,66.44,66.44,1230.0,25.0,66.44
SQQQ,2026-01-12 09:22:00+00:00,66.47,66.47,66.45,66.45,1636.0,20.0,66.461429
SQQQ,2026-01-12 09:23:00+00:00,66.45,66.47,66.45,66.47,818.0,12.0,66.454286
SQQQ,2026-01-12 09:24:00+00:00,66.49,66.6,66.48,66.58,11279.0,99.0,66.52548
SQQQ,2026-01-12 09:25:00+00:00,66.56,66.57,66.56,66.57,1676.0,30.0,66.566318
SQQQ,2026-01-12 09:26:00+00:00,66.56,66.56,66.56,66.56,305.0,12.0,66.56
SQQQ,2026-01-12 09:27:00+00:00,66.55,66.55,66.55,66.55,257.0,17.0,66.55
SQQQ,2026-01-12 09:28:00+00:00,66.54,66.57,66.54,66.57,1433.0,23.0,66.552762
SQQQ,2026-01-12 09:30:00+00:00,66.58,66.58,66.54,66.54,831.0,8.0,66.552759
SQQQ,2026-01-12 09:31:00+00:00,66.58,66.58,66.54,66.54,1071.0,18.0,66.56289
SQQQ,2026-01-12 09:32:00+00:00,66.59,66.59,66.58,66.58,2784.0,22.0,66.581304
SQQQ,2026-01-12 09:33:00+00:00,66.62,66.62,66.61,66.62,741.0,20.0,66.616667
SQQQ,2026-01-12 09:34:00+00:00,66.62,66.64,66.59,66.59,2805.0,52.0,66.627059
SQQQ,2026-01-12 09:36:00+00:00,66.63,66.63,66.62,66.62,997.0,18.0,66.627143
SQQQ,2026-01-12 09:37:00+00:00,66.61,66.62,66.61,66.61,1075.0,16.0,66.612857
SQQQ,2026-01-12 09:39:00+00:00,66.57,66.59,66.57,66.59,1550.0,25.0,66.572
SQQQ,2026-01-12 09:41:00+00:00,66.6,66.62,66.6,66.62,2129.0,32.0,66.61
SQQQ,2026-01-12 09:42:00+00:00,66.56,66.56,66.56,66.56,272.0,11.0,66.56
SQQQ,2026-01-12 09:43:00+00:00,66.54,66.54,66.54,66.54,165.0,7.0,66.54
SQQQ,2026-01-12 09:44:00+00:00,66.55,66.58,66.55,66.58,694.0,10.0,66.559036
SQQQ,2026-01-12 09:45:00+00:00,66.57,66.57,66.57,66.57,334.0,12.0,66.57
SQQQ,2026-01-12 09:46:00+00:00,66.5,66.51,66.5,66.51,529.0,16.0,66.506667
SQQQ,2026-01-12 09:47:00+00:00,66.51,66.53,66.51,66.53,2487.0,25.0,66.525498
SQQQ,2026-01-12 09:48:00+00:00,66.55,66.55,66.55,66.55,113.0,3.0,66.55
SQQQ,2026-01-12 09:50:00+00:00,66.53,66.55,66.52,66.52,4011.0,41.0,66.534059
SQQQ,2026-01-12 09:53:00+00:00,66.48,66.48,66.48,66.48,809.0,12.0,66.48
SQQQ,2026-01-12 09:54:00+00:00,66.47,66.47,66.42,66.44,8752.0,90.0,66.444165
SQQQ,2026-01-12 09:55:00+00:00,66.4,66.47,66.4,66.45,2850.0,45.0,66.446937
SQQQ,2026-01-12 09:56:00+00:00,66.44,66.44,66.44,66.44,848.0,21.0,66.44
SQQQ,2026-01-12 09:57:00+00:00,66.39,66.39,66.38,66.38,1621.0,17.0,66.3884
SQQQ,2026-01-12 09:58:00+00:00,66.38,66.4,66.37,66.4,1737.0,30.0,66.385267
SQQQ,2026-01-12 09:59:00+00:00,66.4,66.4,66.4,66.4,344.0,6.0,66.4
SQQQ,2026-01-12 10:00:00+00:00,66.4,66.4,66.4,66.4,385.0,6.0,66.4
SQQQ,2026-01-12 10:01:00+00:00,66.42,66.42,66.4,66.4,1091.0,13.0,66.410506
SQQQ,2026-01-12 10:03:00+00:00,66.49,66.5,66.47,66.47,6294.0,53.0,66.488203
SQQQ,2026-01-12 10:04:00+00:00,66.45,66.45,66.45,66.45,2381.0,12.0,66.45
SQQQ,2026-01-12 10:05:00+00:00,66.44,66.46,66.44,66.46,1045.0,10.0,66.445
SQQQ,2026-01-12 10:06:00+00:00,66.46,66.46,66.44,66.44,1045.0,17.0,66.448333
SQQQ,2026-01-12 10:08:00+00:00,66.46,66.47,66.46,66.47,505.0,6.0,66.462049
SQQQ,2026-01-12 10:10:00+00:00,66.45,66.45,66.45,66.45,305.0,3.0,66.45
SQQQ,2026-01-12 10:12:00+00:00,66.48,66.48,66.47,66.47,708.0,18.0,66.475
SQQQ,2026-01-12 10:14:00+00:00,66.48,66.48,66.48,66.48,1050.0,12.0,66.48
SQQQ,2026-01-12 10:16:00+00:00,66.48,66.48,66.48,66.48,1250.0,17.0,66.48
SQQQ,2026-01-12 10:17:00+00:00,66.46,66.46,66.46,66.46,1232.0,13.0,66.46
SQQQ,2026-01-12 10:18:00+00:00,66.43,66.43,66.37,66.37,13440.0,95.0,66.423543
SQQQ,2026-01-12 10:19:00+00:00,66.37,66.37,66.36,66.37,1806.0,22.0,66.368929
SQQQ,2026-01-12 10:20:00+00:00,66.36,66.4,66.36,66.4,850.0,15.0,66.38
SQQQ,2026-01-12 10:21:00+00:00,66.44,66.44,66.43,66.43,698.0,17.0,66.436667
SQQQ,2026-01-12 10:22:00+00:00,66.405,66.41,66.405,66.41,233.0,4.0,66.4075
SQQQ,2026-01-12 10:23:00+00:00,66.43,66.46,66.43,66.46,707.0,13.0,66.44
SQQQ,2026-01-12 10:24:00+00:00,66.46,66.46,66.41,66.41,1070.0,13.0,66.450805
SQQQ,2026-01-12 10:25:00+00:00,66.39,66.39,66.39,66.39,134.0,2.0,66.39
SQQQ,2026-01-12 10:27:00+00:00,66.4,66.4,66.39,66.39,1177.0,17.0,66.398127
SQQQ,2026-01-12 10:28:00+00:00,66.39,66.39,66.38,66.38,604.0,7.0,66.3875
SQQQ,2026-01-12 10:29:00+00:00,66.36,66.36,66.36,66.36,349.0,8.0,66.36
SQQQ,2026-01-12 10:30:00+00:00,66.34,66.34,66.28,66.29,1368.0,38.0,66.301159
SQQQ,2026-01-12 10:31:00+00:00,66.31,66.31,66.3,66.3,822.0,16.0,66.303333
SQQQ,2026-01-12 10:32:00+00:00,66.29,66.29,66.29,66.29,1197.0,10.0,66.29
SQQQ,2026-01-12 10:34:00+00:00,66.27,66.27,66.25,66.25,2772.0,46.0,66.255079
SQQQ,2026-01-12 10:36:00+00:00,66.29,66.29,66.29,66.29,784.0,22.0,66.29
SQQQ,2026-01-12 10:37:00+00:00,66.26,66.28,66.25,66.28,4402.0,34.0,66.263471
SQQQ,2026-01-12 10:38:00+00:00,66.31,66.31,66.28,66.28,1396.0,18.0,66.284
SQQQ,2026-01-12 10:39:00+00:00,66.26,66.26,66.26,66.26,623.0,14.0,66.26
SQQQ,2026-01-12 10:41:00+00:00,66.25,66.25,66.24,66.24,1633.0,25.0,66.247835
SQQQ,2026-01-12 10:43:00+00:00,66.26,66.26,66.26,66.26,766.0,21.0,66.26
SQQQ,2026-01-12 10:48:00+00:00,66.28,66.28,66.28,66.28,5221.0,29.0,66.28
SQQQ,2026-01-12 10:49:00+00:00,66.29,66.29,66.29,66.29,121.0,4.0,66.29
SQQQ,2026-01-12 10:50:00+00:00,66.31,66.33,66.31,66.33,642.0,22.0,66.32
SQQQ,2026-01-12 10:51:00+00:00,66.32,66.32,66.32,66.32,1813.0,28.0,66.32
SQQQ,2026-01-12 10:53:00+00:00,66.32,66.32,66.32,66.32,1006.0,17.0,66.32
SQQQ,2026-01-12 10:55:00+00:00,66.32,66.33,66.32,66.33,1186.0,17.0,66.322241
SQQQ,2026-01-12 10:57:00+00:00,66.35,66.35,66.35,66.35,610.0,7.0,66.35
SQQQ,2026-01-12 10:58:00+00:00,66.37,66.38,66.35,66.35,2387.0,22.0,66.370457
SQQQ,2026-01-12 10:59:00+00:00,66.34,66.34,66.33,66.33,412.0,11.0,66.335
SQQQ,2026-01-12 11:00:00+00:00,66.33,66.33,66.33,66.33,711.0,17.0,66.33
SQQQ,2026-01-12 11:01:00+00:00,66.32,66.32,66.27,66.27,2493.0,46.0,66.29906
SQQQ,2026-01-12 11:02:00+00:00,66.26,66.3,66.26,66.3,1595.0,23.0,66.287237
SQQQ,2026-01-12 11:04:00+00:00,66.32,66.32,66.32,66.32,673.0,14.0,66.32
SQQQ,2026-01-12 11:05:00+00:00,66.3,66.3,66.3,66.3,1187.0,22.0,66.3
SQQQ,2026-01-12 11:06:00+00:00,66.25,66.25,66.25,66.25,389.0,10.0,66.25
SQQQ,2026-01-12 11:07:00+00:00,66.26,66.26,66.26,66.26,324.0,7.0,66.26
SQQQ,2026-01-12 11:08:00+00:00,66.27,66.27,66.26,66.26,1220.0,16.0,66.263774
SQQQ,2026-01-12 11:09:00+00:00,66.26,66.26,66.26,66.26,1729.0,16.0,66.26
SQQQ,2026-01-12 11:10:00+00:00,66.2,66.2,66.2,66.2,558.0,36.0,66.2
SQQQ,2026-01-12 11:11:00+00:00,66.16,66.2,66.16,66.2,5033.0,44.0,66.19565
SQQQ,2026-01-12 11:12:00+00:00,66.16,66.18,66.16,66.18,466.0,11.0,66.17
SQQQ,2026-01-12 11:13:00+00:00,66.17,66.17,66.17,66.17,282.0,8.0,66.17
SQQQ,2026-01-12 11:14:00+00:00,66.17,66.18,66.17,66.18,661.0,14.0,66.176
SQQQ,2026-01-12 11:15:00+00:00,66.18,66.18,66.18,66.18,1516.0,26.0,66.18
SQQQ,2026-01-12 11:17:00+00:00,66.18,66.18,66.18,66.18,442.0,8.0,66.18
SQQQ,2026-01-12 11:19:00+00:00,66.22,66.22,66.22,66.22,424.0,12.0,66.22
SQQQ,2026-01-12 11:20:00+00:00,66.24,66.25,66.24,66.25,920.0,9.0,66.247561
SQQQ,2026-01-12 11:21:00+00:00,66.26,66.26,66.26,66.26,123.0,6.0,66.26
SQQQ,2026-01-12 11:23:00+00:00,66.26,66.26,66.26,66.26,637.0,12.0,66.26
SQQQ,2026-01-12 11:25:00+00:00,66.25,66.25,66.25,66.25,305.0,4.0,66.25
SQQQ,2026-01-12 11:26:00+00:00,66.26,66.26,66.26,66.26,221.0,6.0,66.26
SQQQ,2026-01-12 11:30:00+00:00,66.3,66.3,66.29,66.29,711.0,17.0,66.295
SQQQ,2026-01-12 11:31:00+00:00,66.29,66.29,66.29,66.29,694.0,19.0,66.29
SQQQ,2026-01-12 11:32:00+00:00,66.29,66.29,66.29,66.29,1617.0,22.0,66.29
SQQQ,2026-01-12 11:33:00+00:00,66.3,66.3,66.3,66.3,127.0,3.0,66.3
SQQQ,2026-01-12 11:34:00+00:00,66.26,66.26,66.26,66.26,582.0,11.0,66.26
SQQQ,2026-01-12 11:35:00+00:00,66.28,66.28,66.28,66.28,224.0,5.0,66.28
SQQQ,2026-01-12 11:36:00+00:00,66.305,66.305,66.305,66.305,242.0,9.0,66.305
SQQQ,2026-01-12 11:38:00+00:00,66.26,66.26,66.26,66.26,480.0,11.0,66.26
SQQQ,2026-01-12 11:41:00+00:00,66.26,66.26,66.26,66.26,388.0,6.0,66.26
SQQQ,2026-01-12 11:42:00+00:00,66.25,66.26,66.25,66.26,8110.0,41.0,66.259202
SQQQ,2026-01-12 11:43:00+00:00,66.24,66.26,66.24,66.26,1815.0,36.0,66.256667
SQQQ,2026-01-12 11:45:00+00:00,66.28,66.28,66.25,66.25,976.0,17.0,66.268
SQQQ,2026-01-12 11:46:00+00:00,66.24,66.24,66.23,66.23,1422.0,27.0,66.233726
SQQQ,2026-01-12 11:47:00+00:00,66.25,66.25,66.25,66.25,127.0,4.0,66.25
SQQQ,2026-01-12 11:48:00+00:00,66.29,66.3,66.29,66.3,1070.0,17.0,66.298333
SQQQ,2026-01-12 11:50:00+00:00,66.28,66.28,66.28,66.28,279.0,5.0,66.28
SQQQ,2026-01-12 11:53:00+00:00,66.29,66.3,66.28,66.3,3469.0,53.0,66.291535
SQQQ,2026-01-12 11:54:00+00:00,66.28,66.28,66.28,66.28,1130.0,17.0,66.28
SQQQ,2026-01-12 11:55:00+00:00,66.28,66.3,66.28,66.3,1261.0,27.0,66.286667
SQQQ,2026-01-12 11:58:00+00:00,66.29,66.29,66.29,66.29,460.0,6.0,66.29
SQQQ,2026-01-12 12:00:00+00:00,66.26,66.27,66.23,66.25,53139.0,304.0,66.25161
SQQQ,2026-01-12 12:01:00+00:00,66.25,66.281,66.24,66.24,9773.0,102.0,66.263639
SQQQ,2026-01-12 12:02:00+00:00,66.25,66.25,66.23,66.23,36571.0,198.0,66.247823
SQQQ,2026-01-12 12:03:00+00:00,66.23,66.23,66.2,66.2,9357.0,51.0,66.202279
SQQQ,2026-01-12 12:04:00+00:00,66.17,66.17,66.15,66.15,2989.0,31.0,66.1625
SQQQ,2026-01-12 12:05:00+00:00,66.131,66.131,66.12,66.13,12082.0,93.0,66.121571
SQQQ,2026-01-12 12:06:00+00:00,66.111,66.13,66.1,66.1,9113.0,58.0,66.111215
SQQQ,2026-01-12 12:07:00+00:00,66.08,66.1,66.071,66.1,6360.0,70.0,66.080677
SQQQ,2026-01-12 12:08:00+00:00,66.1,66.13,66.09,66.13,17724.0,94.0,66.100181
SQQQ,2026-01-12 12:09:00+00:00,66.131,66.17,66.12,66.17,10901.0,79.0,66.134943
SQQQ,2026-01-12 12:10:00+00:00,66.15,66.15,66.1,66.11,16032.0,104.0,66.112559
SQQQ,2026-01-12 12:11:00+00:00,66.12,66.12,66.1,66.11,5305.0,46.0,66.107691
SQQQ,2026-01-12 12:12:00+00:00,66.101,66.101,66.09,66.09,4553.0,53.0,66.096372
SQQQ,2026-01-12 12:13:00+00:00,66.08,66.12,66.08,66.12,3976.0,49.0,66.100645
SQQQ,2026-01-12 12:14:00+00:00,66.12,66.16,66.12,66.13,14291.0,113.0,66.140488
SQQQ,2026-01-12 12:15:00+00:00,66.14,66.14,66.12,66.12,1019.0,18.0,66.124
SQQQ,2026-01-12 12:16:00+00:00,66.12,66.12,66.12,66.12,1343.0,17.0,66.12
SQQQ,2026-01-12 12:17:00+00:00,66.111,66.12,66.111,66.12,1901.0,28.0,66.119358
SQQQ,2026-01-12 12:18:00+00:00,66.101,66.11,66.1,66.1,1006.0,15.0,66.10175
SQQQ,2026-01-12 12:19:00+00:00,66.1,66.13,66.08,66.12,3966.0,39.0,66.100294
SQQQ,2026-01-12 12:20:00+00:00,66.12,66.12,66.08,66.12,13036.0,84.0,66.113029
SQQQ,2026-01-12 12:21:00+00:00,66.12,66.12,66.1,66.1,1048.0,18.0,66.1148
SQQQ,2026-01-12 12:22:00+00:00,66.11,66.13,66.11,66.11,1866.0,13.0,66.119014
SQQQ,2026-01-12 12:23:00+00:00,66.11,66.11,66.081,66.09,1785.0,26.0,66.100957
SQQQ,2026-01-12 12:24:00+00:00,66.08,66.1,66.08,66.1,1484.0,15.0,66.089286
SQQQ,2026-01-12 12:25:00+00:00,66.1,66.18,66.1,66.16,50753.0,200.0,66.148545
SQQQ,2026-01-12 12:26:00+00:00,66.16,66.18,66.14,66.14,6581.0,40.0,66.153857
SQQQ,2026-01-12 12:27:00+00:00,66.14,66.14,66.1,66.1,864.0,12.0,66.115
SQQQ,2026-01-12 12:28:00+00:00,66.11,66.11,66.11,66.11,2409.0,24.0,66.11
SQQQ,2026-01-12 12:29:00+00:00,66.11,66.14,66.11,66.14,7096.0,27.0,66.132749
SQQQ,2026-01-12 12:30:00+00:00,66.15,66.15,66.1,66.1,29728.0,107.0,66.124342
SQQQ,2026-01-12 12:31:00+00:00,66.1,66.1,66.08,66.08,3714.0,53.0,66.087277
SQQQ,2026-01-12 12:32:00+00:00,66.06,66.09,66.06,66.08,9063.0,68.0,66.074896
SQQQ,2026-01-12 12:33:00+00:00,66.07,66.07,66.07,66.07,246.0,6.0,66.07
SQQQ,2026-01-12 12:34:00+00:00,66.05,66.06,66.02,66.03,7268.0,92.0,66.048818
SQQQ,2026-01-12 12:35:00+00:00,66.03,66.03,66.02,66.02,24544.0,112.0,66.028087
SQQQ,2026-01-12 12:36:00+00:00,66.04,66.06,66.04,66.06,20326.0,92.0,66.051653
SQQQ,2026-01-12 12:37:00+00:00,66.06,66.07,66.03,66.031,18194.0,111.0,66.056128
SQQQ,2026-01-12 12:38:00+00:00,66.04,66.04,66.03,66.03,4524.0,38.0,66.033642
SQQQ,2026-01-12 12:39:00+00:00,66.06,66.13,66.06,66.11,18818.0,112.0,66.109651
SQQQ,2026-01-12 12:40:00+00:00,66.12,66.13,66.1,66.11,7729.0,46.0,66.114245
SQQQ,2026-01-12 12:41:00+00:00,66.1,66.1,66.1,66.1,375.0,11.0,66.1
SQQQ,2026-01-12 12:42:00+00:00,66.08,66.09,66.06,66.06,1701.0,24.0,66.073271
SQQQ,2026-01-12 12:43:00+00:00,66.06,66.08,66.04,66.05,5476.0,53.0,66.05574
SQQQ,2026-01-12 12:44:00+00:00,66.06,66.06,66.05,66.05,3513.0,34.0,66.055625
SQQQ,2026-01-12 12:45:00+00:00,66.05,66.07,66.04,66.07,6931.0,40.0,66.049843
SQQQ,2026-01-12 12:46:00+00:00,66.07,66.09,66.07,66.07,9624.0,45.0,66.077729
SQQQ,2026-01-12 12:47:00+00:00,66.07,66.09,66.07,66.07,7239.0,60.0,66.073119
SQQQ,2026-01-12 12:48:00+00:00,66.05,66.05,66.041,66.05,5677.0,41.0,66.04607
SQQQ,2026-01-12 12:49:00+00:00,66.05,66.05,66.02,66.02,2697.0,36.0,66.039757
SQQQ,2026-01-12 12:50:00+00:00,66.01,66.01,65.97,65.97,25113.0,162.0,65.99869
SQQQ,2026-01-12 12:51:00+00:00,65.97,65.99,65.95,65.95,8764.0,57.0,65.975209
SQQQ,2026-01-12 12:52:00+00:00,65.95,65.95,65.949,65.95,4315.0,41.0,65.949973
SQQQ,2026-01-12 12:53:00+00:00,65.95,65.95,65.94,65.95,5141.0,43.0,65.948694
SQQQ,2026-01-12 12:54:00+00:00,65.95,65.97,65.95,65.95,6571.0,47.0,65.955834
SQQQ,2026-01-12 12:55:00+00:00,65.93,65.93,65.92,65.92,2897.0,49.0,65.927273
SQQQ,2026-01-12 12:56:00+00:00,65.93,65.96,65.93,65.96,940.0,23.0,65.946667
SQQQ,2026-01-12 12:57:00+00:00,65.96,65.96,65.95,65.95,1165.0,21.0,65.952
SQQQ,2026-01-12 12:58:00+00:00,65.96,65.96,65.96,65.96,120.0,3.0,65.96
SQQQ,2026-01-12 12:59:00+00:00,65.98,66.0,65.97,65.97,1297.0,22.0,65.978182
SQQQ,2026-01-12 13:00:00+00:00,66.24,66.65,65.92,65.98,586723.0,2152.0,66.123814
SQQQ,2026-01-12 13:01:00+00:00,65.98,66.81,65.97,65.97,31179.0,298.0,66.264504
SQQQ,2026-01-12 13:02:00+00:00,66.52,66.62,65.96,66.0,33270.0,150.0,66.134181
SQQQ,2026-01-12 13:03:00+00:00,66.19,66.88,66.0198,66.18,209083.0,1410.0,66.428164
SQQQ,2026-01-12 13:04:00+00:00,66.01,66.01,65.97,65.97,4479.0,39.0,65.992589
SQQQ,2026-01-12 13:05:00+00:00,65.99,66.0,65.95,65.95,5795.0,57.0,65.964241
SQQQ,2026-01-12 13:06:00+00:00,65.96,65.96,65.9418,65.95,5854.0,61.0,65.956308
SQQQ,2026-01-12 13:07:00+00:00,65.95,65.981,65.92,65.981,6733.0,66.0,65.95418
SQQQ,2026-01-12 13:08:00+00:00,65.9703,66.06,65.9703,66.06,42865.0,172.0,66.033311
SQQQ,2026-01-12 13:09:00+00:00,66.0516,66.15,66.0516,66.15,37252.0,160.0,66.118975
SQQQ,2026-01-12 13:10:00+00:00,66.1501,66.1501,66.1,66.14,25336.0,146.0,66.130606
SQQQ,2026-01-12 13:11:00+00:00,66.13,66.13,66.07,66.07,8255.0,59.0,66.11574
SQQQ,2026-01-12 13:12:00+00:00,66.07,66.13,66.05,66.13,9815.0,78.0,66.092214
SQQQ,2026-01-12 13:13:00+00:00,66.13,66.14,66.12,66.12,5550.0,39.0,66.130618
SQQQ,2026-01-12 13:14:00+00:00,66.14,66.1401,66.13,66.1401,20474.0,81.0,66.139901
SQQQ,2026-01-12 13:15:00+00:00,66.1313,66.1313,66.08,66.08,3051.0,35.0,66.100486
SQQQ,2026-01-12 13:16:00+00:00,66.07,66.07,66.04,66.05,16362.0,115.0,66.040268
SQQQ,2026-01-12 13:17:00+00:00,66.03,66.031,65.97,65.98,62502.0,117.0,66.017512
SQQQ,2026-01-12 13:18:00+00:00,65.98,66.0,65.98,65.9998,2788.0,38.0,65.990069
SQQQ,2026-01-12 13:19:00+00:00,65.98,65.98,65.95,65.96,9857.0,63.0,65.959773
SQQQ,2026-01-12 13:20:00+00:00,65.96,65.96,65.94,65.95,3883.0,43.0,65.956801
SQQQ,2026-01-12 13:21:00+00:00,65.94,65.96,65.9018,65.96,8115.0,97.0,65.929684
SQQQ,2026-01-12 13:22:00+00:00,65.97,66.0,65.97,65.97,5852.0,60.0,65.99351
SQQQ,2026-01-12 13:23:00+00:00,65.97,65.98,65.96,65.98,17617.0,52.0,65.978697
SQQQ,2026-01-12 13:24:00+00:00,65.99,66.0501,65.99,66.04,16817.0,123.0,66.017454
SQQQ,2026-01-12 13:25:00+00:00,66.02,66.03,66.02,66.02,4965.0,59.0,66.020742
SQQQ,2026-01-12 13:26:00+00:00,66.01,66.01,65.98,65.98,4709.0,40.0,66.005262
SQQQ,2026-01-12 13:27:00+00:00,65.9802,65.99,65.97,65.97,8560.0,38.0,65.987643
SQQQ,2026-01-12 13:28:00+00:00,65.97,65.97,65.95,65.9516,8203.0,47.0,65.959785
SQQQ,2026-01-12 13:29:00+00:00,65.97,65.9884,65.9604,65.9725,18517.0,106.0,65.979025
SQQQ,2026-01-12 13:30:00+00:00,65.96,65.99,65.96,65.99,4198.0,47.0,65.970384
SQQQ,2026-01-12 13:31:00+00:00,65.98,66.08,65.98,66.05,24080.0,96.0,66.027198
SQQQ,2026-01-12 13:32:00+00:00,66.06,66.06,66.04,66.05,3887.0,21.0,66.044616
SQQQ,2026-01-12 13:33:00+00:00,66.04,66.0401,66.0,66.0,3150.0,39.0,66.025193
SQQQ,2026-01-12 13:34:00+00:00,65.99,66.01,65.9801,66.0016,1374.0,32.0,65.994703
SQQQ,2026-01-12 13:35:00+00:00,65.98,65.99,65.98,65.99,9730.0,44.0,65.984082
SQQQ,2026-01-12 13:36:00+00:00,65.99,66.0401,65.99,66.04,3734.0,28.0,66.016586
SQQQ,2026-01-12 13:37:00+00:00,66.04,66.06,66.04,66.0598,7596.0,27.0,66.050884
SQQQ,2026-01-12 13:38:00+00:00,66.05,66.05,66.01,66.03,2114.0,24.0,66.0302
SQQQ,2026-01-12 13:39:00+00:00,66.0102,66.0102,66.0,66.0,4189.0,25.0,66.007798
SQQQ,2026-01-12 13:40:00+00:00,65.99,66.0,65.97,65.98,3220.0,46.0,65.991794
SQQQ,2026-01-12 13:41:00+00:00,65.98,66.07,65.98,66.07,20982.0,54.0,66.057465
SQQQ,2026-01-12 13:42:00+00:00,66.08,66.09,66.02,66.08,9514.0,79.0,66.057641
SQQQ,2026-01-12 13:43:00+00:00,66.07,66.07,66.02,66.02,7734.0,63.0,66.049658
SQQQ,2026-01-12 13:44:00+00:00,66.02,66.0203,66.02,66.02,3138.0,30.0,66.020025
SQQQ,2026-01-12 13:45:00+00:00,66.04,66.04,66.039,66.04,3173.0,19.0,66.039665
SQQQ,2026-01-12 13:46:00+00:00,66.04,66.07,66.03,66.04,5737.0,53.0,66.047311
SQQQ,2026-01-12 13:47:00+00:00,66.0316,66.04,66.01,66.02,3610.0,19.0,66.02252
SQQQ,2026-01-12 13:48:00+00:00,66.07,66.07,66.0297,66.0516,5074.0,36.0,66.051619
SQQQ,2026-01-12 13:49:00+00:00,66.0499,66.07,66.0418,66.06,1860.0,22.0,66.054228
SQQQ,2026-01-12 13:50:00+00:00,66.05,66.07,66.05,66.06,29496.0,55.0,66.068158
SQQQ,2026-01-12 13:51:00+00:00,66.03,66.04,66.02,66.02,2904.0,26.0,66.023096
SQQQ,2026-01-12 13:52:00+00:00,66.02,66.02,65.97,66.0,19070.0,115.0,65.987184
SQQQ,2026-01-12 13:53:00+00:00,65.999,66.01,65.99,65.99,26022.0,81.0,66.001896
SQQQ,2026-01-12 13:54:00+00:00,65.99,66.01,65.99,66.01,4072.0,40.0,65.99748
SQQQ,2026-01-12 13:55:00+00:00,66.0,66.01,65.95,65.96,7814.0,80.0,65.964656
SQQQ,2026-01-12 13:56:00+00:00,65.97,65.97,65.94,65.94,13960.0,88.0,65.957924
SQQQ,2026-01-12 13:57:00+00:00,65.95,65.951,65.94,65.95,6538.0,37.0,65.945935
SQQQ,2026-01-12 13:58:00+00:00,65.97,66.0,65.97,66.0,2529.0,22.0,65.985662
SQQQ,2026-01-12 13:59:00+00:00,66.0003,66.03,65.9999,66.03,9773.0,41.0,66.004446
SQQQ,2026-01-12 14:00:00+00:00,66.04,66.06,66.04,66.04,7353.0,57.0,66.049171
SQQQ,2026-01-12 14:01:00+00:00,66.04,66.07,66.04,66.07,7316.0,34.0,66.059611
SQQQ,2026-01-12 14:02:00+00:00,66.05,66.05,66.04,66.0418,3585.0,23.0,66.040879
SQQQ,2026-01-12 14:03:00+00:00,66.04,66.04,66.0,66.02,5435.0,36.0,66.023252
SQQQ,2026-01-12 14:04:00+00:00,66.03,66.06,66.02,66.05,5636.0,27.0,66.043909
SQQQ,2026-01-12 14:05:00+00:00,66.05,66.1,66.0499,66.081,34818.0,68.0,66.084794
SQQQ,2026-01-12 14:06:00+00:00,66.08,66.1202,65.96,66.01,64827.0,311.0,66.016633
SQQQ,2026-01-12 14:07:00+00:00,66.02,66.09,66.02,66.09,4853.0,40.0,66.055825
SQQQ,2026-01-12 14:08:00+00:00,66.0898,66.0901,66.07,66.07,3198.0,19.0,66.085637
SQQQ,2026-01-12 14:09:00+00:00,66.0484,66.05,66.01,66.01,859.0,32.0,66.04104
SQQQ,2026-01-12 14:10:00+00:00,66.02,66.06,66.02,66.06,2700.0,28.0,66.0298
SQQQ,2026-01-12 14:11:00+00:00,66.06,66.06,66.0496,66.05,2743.0,29.0,66.051974
SQQQ,2026-01-12 14:12:00+00:00,66.06,66.07,66.0204,66.0204,7238.0,38.0,66.059437
SQQQ,2026-01-12 14:13:00+00:00,66.04,66.051,66.03,66.04,5120.0,29.0,66.04256
SQQQ,2026-01-12 14:14:00+00:00,66.03,66.07,66.03,66.06,6678.0,37.0,66.054983
SQQQ,2026-01-12 14:15:00+00:00,66.07,66.07,66.0321,66.07,4622.0,45.0,66.055373
SQQQ,2026-01-12 14:16:00+00:00,66.08,66.1703,66.08,66.15,27971.0,167.0,66.143151
SQQQ,2026-01-12 14:17:00+00:00,66.15,66.15,66.08,66.08,17986.0,107.0,66.127409
SQQQ,2026-01-12 14:18:00+00:00,66.07,66.11,66.06,66.09,10452.0,79.0,66.081105
SQQQ,2026-01-12 14:19:00+00:00,66.09,66.1,66.08,66.1,5970.0,36.0,66.094473
SQQQ,2026-01-12 14:20:00+00:00,66.0896,66.1,66.0882,66.0882,3470.0,43.0,66.090562
SQQQ,2026-01-12 14:21:00+00:00,66.08,66.09,66.04,66.09,3257.0,32.0,66.070779
SQQQ,2026-01-12 14:22:00+00:00,66.0797,66.1115,66.07,66.1115,4018.0,28.0,66.083976
SQQQ,2026-01-12 14:23:00+00:00,66.09,66.13,66.09,66.1,5048.0,29.0,66.116369
SQQQ,2026-01-12 14:24:00+00:00,66.12,66.19,66.12,66.18,18400.0,63.0,66.16002
SQQQ,2026-01-12 14:25:00+00:00,66.17,66.17,66.09,66.15,16424.0,66.0,66.124462
SQQQ,2026-01-12 14:26:00+00:00,66.1298,66.1882,66.12,66.17,9387.0,49.0,66.149449
SQQQ,2026-01-12 14:27:00+00:00,66.17,66.23,66.16,66.22,294050.0,546.0,66.189094
SQQQ,2026-01-12 14:28:00+00:00,66.21,66.21,66.09,66.1,26752.0,167.0,66.115765
SQQQ,2026-01-12 14:29:00+00:00,66.11,66.13,66.0,66.04,38165.0,240.0,66.067545
SQQQ,2026-01-12 14:30:00+00:00,66.03,66.04,65.65,65.69,633220.0,3488.0,65.853621
SQQQ,2026-01-12 14:31:00+00:00,65.68,65.755,65.39,65.44,468961.0,2421.0,65.588279
SQQQ,2026-01-12 14:32:00+00:00,65.44,65.48,65.23,65.4,360800.0,1801.0,65.338701
SQQQ,2026-01-12 14:33:00+00:00,65.41,65.465,65.3,65.38,342052.0,1750.0,65.396406
SQQQ,2026-01-12 14:34:00+00:00,65.378,65.4,65.19,65.2199,226613.0,1383.0,65.292401
SQQQ,2026-01-12 14:35:00+00:00,65.22,65.29,65.12,65.17,381754.0,1743.0,65.196893
SQQQ,2026-01-12 14:36:00+00:00,65.1768,65.19,65.01,65.13,314775.0,1473.0,65.081457
SQQQ,2026-01-12 14:37:00+00:00,65.14,65.25,65.11,65.195,217969.0,1810.0,65.173146
SQQQ,2026-01-12 14:38:00+00:00,65.19,65.2099,65.06,65.07,241253.0,1185.0,65.109285
SQQQ,2026-01-12 14:39:00+00:00,65.07,65.115,64.98,65.045,272951.0,1514.0,65.043058
SQQQ,2026-01-12 14:40:00+00:00,65.03,65.23,65.0,65.18,341391.0,1552.0,65.146753
SQQQ,2026-01-12 14:41:00+00:00,65.19,65.28,65.0578,65.09,265386.0,1594.0,65.138
SQQQ,2026-01-12 14:42:00+00:00,65.08,65.15,65.035,65.08,245895.0,1303.0,65.073798
SQQQ,2026-01-12 14:43:00+00:00,65.09,65.11,64.96,65.1,371773.0,1587.0,65.038181
SQQQ,2026-01-12 14:44:00+00:00,65.1,65.275,65.08,65.25,351923.0,1938.0,65.189574
SQQQ,2026-01-12 14:45:00+00:00,65.25,65.39,65.1301,65.295,539127.0,2272.0,65.265569
SQQQ,2026-01-12 14:46:00+00:00,65.29,65.38,65.22,65.235,268519.0,1412.0,65.328836
SQQQ,2026-01-12 14:47:00+00:00,65.24,65.3201,65.195,65.2694,199135.0,1260.0,65.267817
SQQQ,2026-01-12 14:48:00+00:00,65.275,65.35,65.2101,65.217,244399.0,1363.0,65.302101
SQQQ,2026-01-12 14:49:00+00:00,65.22,65.25,65.1,65.13,170883.0,982.0,65.158765
SQQQ,2026-01-12 14:50:00+00:00,65.115,65.15,64.85,64.865,335871.0,1566.0,64.991417
SQQQ,2026-01-12 14:51:00+00:00,64.865,64.9,64.72,64.8145,288414.0,1543.0,64.798894
SQQQ,2026-01-12 14:52:00+00:00,64.82,64.93,64.82,64.915,198072.0,1010.0,64.870002
SQQQ,2026-01-12 14:53:00+00:00,64.92,64.93,64.82,64.85,127920.0,827.0,64.880956
SQQQ,2026-01-12 14:54:00+00:00,64.85,64.96,64.78,64.94,152954.0,833.0,64.864755
SQQQ,2026-01-12 14:55:00+00:00,64.95,64.975,64.89,64.94,149968.0,710.0,64.9332
SQQQ,2026-01-12 14:56:00+00:00,64.94,64.95,64.78,64.8,105292.0,577.0,64.859532
SQQQ,2026-01-12 14:57:00+00:00,64.785,64.8811,64.77,64.8489,59775.0,418.0,64.825218
SQQQ,2026-01-12 14:58:00+00:00,64.8501,64.92,64.815,64.9,89265.0,491.0,64.851035
SQQQ,2026-01-12 14:59:00+00:00,64.9001,64.9774,64.85,64.9,185727.0,821.0,64.904247
SQQQ,2026-01-12 15:00:00+00:00,64.9,64.995,64.88,64.9393,178388.0,920.0,64.934735
SQQQ,2026-01-12 15:01:00+00:00,64.93,64.9667,64.88,64.885,70730.0,481.0,64.916989
SQQQ,2026-01-12 15:02:00+00:00,64.89,65.015,64.85,64.9379,347459.0,1476.0,64.955627
SQQQ,2026-01-12 15:03:00+00:00,64.9308,65.09,64.93,64.985,179213.0,1014.0,65.035124
SQQQ,2026-01-12 15:04:00+00:00,64.98,65.1014,64.93,65.085,154257.0,673.0,65.046967
SQQQ,2026-01-12 15:05:00+00:00,65.08,65.12,64.99,65.05,170143.0,907.0,65.063449
SQQQ,2026-01-12 15:06:00+00:00,65.055,65.145,65.0,65.01,130675.0,653.0,65.093286
SQQQ,2026-01-12 15:07:00+00:00,65.01,65.11,65.0,65.055,163159.0,632.0,65.061405
SQQQ,2026-01-12 15:08:00+00:00,65.06,65.0813,65.01,65.0499,63390.0,405.0,65.047755
SQQQ,2026-01-12 15:09:00+00:00,65.0411,65.055,64.98,65.04,86284.0,465.0,65.002449
SQQQ,2026-01-12 15:10:00+00:00,65.04,65.12,64.993,65.05,398598.0,1587.0,65.059807
SQQQ,2026-01-12 15:11:00+00:00,65.05,65.06,65.0007,65.015,89080.0,557.0,65.036868
SQQQ,2026-01-12 15:12:00+00:00,65.02,65.0863,64.875,64.875,197155.0,945.0,64.965885
SQQQ,2026-01-12 15:13:00+00:00,64.874,65.0082,64.874,64.9974,140849.0,686.0,64.94493
SQQQ,2026-01-12 15:14:00+00:00,64.99,65.01,64.8526,64.8627,90689.0,470.0,64.929713
SQQQ,2026-01-12 15:15:00+00:00,64.87,64.94,64.865,64.8973,71952.0,475.0,64.889207
SQQQ,2026-01-12 15:16:00+00:00,64.8888,64.97,64.83,64.95,128949.0,676.0,64.892233
SQQQ,2026-01-12 15:17:00+00:00,64.9501,65.02,64.92,64.95,79449.0,406.0,64.973026
SQQQ,2026-01-12 15:18:00+00:00,64.93,65.01,64.92,64.92,67474.0,469.0,64.97404
SQQQ,2026-01-12 15:19:00+00:00,64.92,64.9201,64.82,64.865,72290.0,427.0,64.880686
SQQQ,2026-01-12 15:20:00+00:00,64.88,64.9,64.82,64.8434,67557.0,493.0,64.859268
SQQQ,2026-01-12 15:21:00+00:00,64.845,64.915,64.8199,64.835,53708.0,399.0,64.864794
SQQQ,2026-01-12 15:22:00+00:00,64.83,64.89,64.7999,64.815,114386.0,599.0,64.828581
SQQQ,2026-01-12 15:23:00+00:00,64.82,64.92,64.8,64.8,88957.0,432.0,64.86484
SQQQ,2026-01-12 15:24:00+00:00,64.79,64.79,64.67,64.77,295140.0,1106.0,64.749804
SQQQ,2026-01-12 15:25:00+00:00,64.762,64.79,64.66,64.6701,76296.0,552.0,64.732111
SQQQ,2026-01-12 15:26:00+00:00,64.67,64.82,64.67,64.8,79373.0,484.0,64.765289
SQQQ,2026-01-12 15:27:00+00:00,64.805,64.81,64.76,64.78,64676.0,365.0,64.780768
SQQQ,2026-01-12 15:28:00+00:00,64.78,64.8184,64.729,64.75,70888.0,391.0,64.767315
SQQQ,2026-01-12 15:29:00+00:00,64.7525,64.78,64.7006,64.76,50358.0,362.0,64.747856
SQQQ,2026-01-12 15:30:00+00:00,64.75,64.905,64.75,64.8899,109014.0,544.0,64.833704
SQQQ,2026-01-12 15:31:00+00:00,64.88,64.915,64.82,64.885,101915.0,427.0,64.879
SQQQ,2026-01-12 15:32:00+00:00,64.88,64.9613,64.86,64.9399,115498.0,527.0,64.917165
SQQQ,2026-01-12 15:33:00+00:00,64.97,65.07,64.93,65.0699,121739.0,708.0,64.999904
SQQQ,2026-01-12 15:34:00+00:00,65.05,65.08,64.9899,64.9899,90105.0,483.0,65.037256
SQQQ,2026-01-12 15:35:00+00:00,64.98,64.98,64.85,64.875,62929.0,412.0,64.930786
SQQQ,2026-01-12 15:36:00+00:00,64.87,65.06,64.865,65.06,53308.0,394.0,64.967507
SQQQ,2026-01-12 15:37:00+00:00,65.05,65.055,64.965,64.975,38794.0,328.0,65.012096
SQQQ,2026-01-12 15:38:00+00:00,64.98,65.01,64.915,64.9873,61427.0,283.0,64.960028
SQQQ,2026-01-12 15:39:00+00:00,64.9899,65.015,64.89,64.9004,38139.0,287.0,64.954299
SQQQ,2026-01-12 15:40:00+00:00,64.9008,64.97,64.8985,64.9207,39533.0,287.0,64.925562
SQQQ,2026-01-12 15:41:00+00:00,64.94,65.0,64.895,65.0,45551.0,263.0,64.950828
SQQQ,2026-01-12 15:42:00+00:00,64.975,65.02,64.96,64.98,39818.0,293.0,64.985002
SQQQ,2026-01-12 15:43:00+00:00,64.985,65.1,64.965,65.0601,69400.0,485.0,65.048742
SQQQ,2026-01-12 15:44:00+00:00,65.05,65.1,64.97,65.005,60162.0,389.0,65.029762
SQQQ,2026-01-12 15:45:00+00:00,65.01,65.17,65.01,65.1101,129546.0,581.0,65.11966
SQQQ,2026-01-12 15:46:00+00:00,65.1155,65.14,65.06,65.08,54604.0,340.0,65.104869
SQQQ,2026-01-12 15:47:00+00:00,65.07,65.0801,64.9326,64.9803,54482.0,388.0,65.003741
SQQQ,2026-01-12 15:48:00+00:00,64.98,65.0699,64.98,65.0046,26987.0,191.0,65.022085
SQQQ,2026-01-12 15:49:00+00:00,65.0199,65.0263,64.925,64.94,51075.0,226.0,64.967984
SQQQ,2026-01-12 15:50:00+00:00,64.95,65.04,64.95,64.975,74385.0,364.0,64.993777
SQQQ,2026-01-12 15:51:00+00:00,64.98,65.025,64.955,64.995,43446.0,291.0,64.98068
SQQQ,2026-01-12 15:52:00+00:00,64.97,65.0,64.94,64.96,53853.0,227.0,64.954203
SQQQ,2026-01-12 15:53:00+00:00,64.97,64.98,64.88,64.89,50369.0,334.0,64.914479
SQQQ,2026-01-12 15:54:00+00:00,64.89,64.91,64.82,64.855,67394.0,329.0,64.854513
SQQQ,2026-01-12 15:55:00+00:00,64.84,64.875,64.84,64.855,73479.0,281.0,64.854856
SQQQ,2026-01-12 15:56:00+00:00,64.855,64.89,64.8,64.875,47777.0,302.0,64.833276
SQQQ,2026-01-12 15:57:00+00:00,64.88,64.9,64.83,64.8554,34549.0,210.0,64.867969
SQQQ,2026-01-12 15:58:00+00:00,64.845,64.86,64.8,64.8,67983.0,320.0,64.836285
SQQQ,2026-01-12 15:59:00+00:00,64.8099,64.8099,64.76,64.7998,54602.0,312.0,64.780259
SQQQ,2026-01-12 16:00:00+00:00,64.795,64.9,64.795,64.8437,78095.0,481.0,64.858838
SQQQ,2026-01-12 16:01:00+00:00,64.85,64.8501,64.77,64.8,62937.0,280.0,64.804337
SQQQ,2026-01-12 16:02:00+00:00,64.7932,64.8189,64.764,64.7759,54359.0,178.0,64.786516
SQQQ,2026-01-12 16:03:00+00:00,64.7699,64.805,64.75,64.7966,37571.0,287.0,64.772209
SQQQ,2026-01-12 16:04:00+00:00,64.795,64.8385,64.785,64.7993,39890.0,214.0,64.808472
SQQQ,2026-01-12 16:05:00+00:00,64.8,64.815,64.75,64.76,57027.0,271.0,64.783128
SQQQ,2026-01-12 16:06:00+00:00,64.76,64.78,64.74,64.765,43857.0,241.0,64.760627
SQQQ,2026-01-12 16:07:00+00:00,64.76,64.7699,64.725,64.725,74063.0,275.0,64.743241
SQQQ,2026-01-12 16:08:00+00:00,64.74,64.7679,64.74,64.755,26666.0,149.0,64.75302
SQQQ,2026-01-12 16:09:00+00:00,64.755,64.7599,64.71,64.725,22281.0,194.0,64.720786
SQQQ,2026-01-12 16:10:00+00:00,64.72,64.72,64.63,64.64,108611.0,687.0,64.677695
SQQQ,2026-01-12 16:11:00+00:00,64.65,64.72,64.645,64.68,102472.0,402.0,64.688047
SQQQ,2026-01-12 16:12:00+00:00,64.67,64.71,64.65,64.6845,48938.0,349.0,64.676434
SQQQ,2026-01-12 16:13:00+00:00,64.69,64.7,64.644,64.65,26413.0,192.0,64.670046
SQQQ,2026-01-12 16:14:00+00:00,64.6599,64.67,64.56,64.5699,118992.0,630.0,64.610651
SQQQ,2026-01-12 16:15:00+00:00,64.57,64.59,64.52,64.525,90335.0,568.0,64.560445
SQQQ,2026-01-12 16:16:00+00:00,64.5201,64.54,64.47,64.5386,172850.0,880.0,64.505848
SQQQ,2026-01-12 16:17:00+00:00,64.5359,64.5398,64.47,64.51,82651.0,333.0,64.505432
SQQQ,2026-01-12 16:18:00+00:00,64.515,64.5276,64.48,64.5,50802.0,305.0,64.509409
SQQQ,2026-01-12 16:19:00+00:00,64.51,64.56,64.51,64.54,53145.0,229.0,64.541315
SQQQ,2026-01-12 16:20:00+00:00,64.54,64.565,64.49,64.545,82618.0,410.0,64.525995
SQQQ,2026-01-12 16:21:00+00:00,64.545,64.608,64.535,64.605,69403.0,391.0,64.579756
SQQQ,2026-01-12 16:22:00+00:00,64.6099,64.6601,64.595,64.65,79453.0,430.0,64.640457
SQQQ,2026-01-12 16:23:00+00:00,64.65,64.6519,64.61,64.62,50640.0,331.0,64.628619
SQQQ,2026-01-12 16:24:00+00:00,64.6199,64.64,64.59,64.59,22070.0,177.0,64.609364
SQQQ,2026-01-12 16:25:00+00:00,64.59,64.65,64.5899,64.6167,49536.0,339.0,64.616987
SQQQ,2026-01-12 16:26:00+00:00,64.615,64.7,64.6001,64.64,58274.0,318.0,64.655004
SQQQ,2026-01-12 16:27:00+00:00,64.65,64.6867,64.645,64.66,27621.0,177.0,64.667517
SQQQ,2026-01-12 16:28:00+00:00,64.66,64.67,64.6124,64.62,26337.0,183.0,64.641389
SQQQ,2026-01-12 16:29:00+00:00,64.6197,64.655,64.6099,64.61,38616.0,194.0,64.638647
SQQQ,2026-01-12 16:30:00+00:00,64.605,64.64,64.5812,64.59,31940.0,190.0,64.611354
SQQQ,2026-01-12 16:31:00+00:00,64.592,64.6471,64.5629,64.6418,34295.0,206.0,64.59842
SQQQ,2026-01-12 16:32:00+00:00,64.6499,64.6663,64.61,64.61,12366.0,168.0,64.639275
SQQQ,2026-01-12 16:33:00+00:00,64.62,64.665,64.61,64.61,15689.0,167.0,64.629177
SQQQ,2026-01-12 16:34:00+00:00,64.6,64.609,64.57,64.585,30927.0,195.0,64.586503
SQQQ,2026-01-12 16:35:00+00:00,64.58,64.61,64.55,64.56,21818.0,199.0,64.579868
SQQQ,2026-01-12 16:36:00+00:00,64.575,64.6165,64.55,64.5501,30538.0,220.0,64.576329
SQQQ,2026-01-12 16:37:00+00:00,64.546,64.58,64.54,64.5679,25375.0,151.0,64.559694
SQQQ,2026-01-12 16:38:00+00:00,64.56,64.61,64.545,64.585,22492.0,164.0,64.579432
SQQQ,2026-01-12 16:39:00+00:00,64.585,64.6171,64.5775,64.5972,37392.0,173.0,64.599782
SQQQ,2026-01-12 16:40:00+00:00,64.59,64.5966,64.53,64.58,39146.0,246.0,64.567872
SQQQ,2026-01-12 16:41:00+00:00,64.5799,64.64,64.57,64.615,23286.0,161.0,64.607047
SQQQ,2026-01-12 16:42:00+00:00,64.625,64.6672,64.6237,64.655,32390.0,201.0,64.642469
SQQQ,2026-01-12 16:43:00+00:00,64.66,64.6699,64.6313,64.6313,49103.0,189.0,64.649031
SQQQ,2026-01-12 16:44:00+00:00,64.64,64.675,64.64,64.67,34918.0,250.0,64.665873
SQQQ,2026-01-12 16:45:00+00:00,64.68,64.7165,64.67,64.6723,45854.0,250.0,64.693832
SQQQ,2026-01-12 16:46:00+00:00,64.69,64.69,64.59,64.5946,34991.0,237.0,64.622747
SQQQ,2026-01-12 16:47:00+00:00,64.59,64.72,64.59,64.72,50085.0,284.0,64.665342
SQQQ,2026-01-12 16:48:00+00:00,64.72,64.74,64.69,64.74,93954.0,401.0,64.708138
SQQQ,2026-01-12 16:49:00+00:00,64.74,64.74,64.5999,64.605,95407.0,415.0,64.637852
SQQQ,2026-01-12 16:50:00+00:00,64.605,64.605,64.54,64.5405,133798.0,502.0,64.583874
SQQQ,2026-01-12 16:51:00+00:00,64.54,64.6,64.53,64.555,45683.0,269.0,64.57114
SQQQ,2026-01-12 16:52:00+00:00,64.5561,64.5573,64.51,64.515,22069.0,179.0,64.527022
SQQQ,2026-01-12 16:53:00+00:00,64.51,64.525,64.4936,64.4936,36803.0,277.0,64.50798
SQQQ,2026-01-12 16:54:00+00:00,64.495,64.5166,64.44,64.46,104210.0,651.0,64.470768
SQQQ,2026-01-12 16:55:00+00:00,64.455,64.475,64.43,64.46,39859.0,323.0,64.460474
SQQQ,2026-01-12 16:56:00+00:00,64.45,64.4599,64.4201,64.4399,41523.0,305.0,64.43798
SQQQ,2026-01-12 16:57:00+00:00,64.4399,64.4399,64.4027,64.4101,98410.0,584.0,64.419478
SQQQ,2026-01-12 16:58:00+00:00,64.41,64.48,64.4073,64.43,54063.0,339.0,64.441892
SQQQ,2026-01-12 16:59:00+00:00,64.43,64.47,64.43,64.465,46616.0,193.0,64.444093
SQQQ,2026-01-12 17:00:00+00:00,64.47,64.53,64.465,64.505,60482.0,316.0,64.501653
SQQQ,2026-01-12 17:01:00+00:00,64.51,64.51,64.41,64.41,31324.0,224.0,64.457855
SQQQ,2026-01-12 17:02:00+00:00,64.42,64.43,64.39,64.415,42412.0,370.0,64.408979
SQQQ,2026-01-12 17:03:00+00:00,64.41,64.43,64.41,64.415,11814.0,129.0,64.417869
SQQQ,2026-01-12 17:04:00+00:00,64.415,64.43,64.3801,64.43,98149.0,293.0,64.402832
SQQQ,2026-01-12 17:05:00+00:00,64.44,64.455,64.42,64.44,58781.0,214.0,64.438362
SQQQ,2026-01-12 17:06:00+00:00,64.435,64.4444,64.41,64.44,25153.0,175.0,64.428705
SQQQ,2026-01-12 17:07:00+00:00,64.445,64.49,64.43,64.4811,107570.0,249.0,64.471986
SQQQ,2026-01-12 17:08:00+00:00,64.485,64.52,64.485,64.5018,77049.0,204.0,64.51304
SQQQ,2026-01-12 17:09:00+00:00,64.49,64.53,64.49,64.51,17294.0,126.0,64.506855
SQQQ,2026-01-12 17:10:00+00:00,64.51,64.51,64.43,64.44,47376.0,244.0,64.460426
SQQQ,2026-01-12 17:11:00+00:00,64.42,64.42,64.37,64.4,95915.0,491.0,64.389849
SQQQ,2026-01-12 17:12:00+00:00,64.4014,64.45,64.3959,64.43,33687.0,181.0,64.4193
SQQQ,2026-01-12 17:13:00+00:00,64.435,64.4599,64.415,64.455,32453.0,191.0,64.436231
SQQQ,2026-01-12 17:14:00+00:00,64.4509,64.4559,64.3911,64.4009,29478.0,237.0,64.420871
SQQQ,2026-01-12 17:15:00+00:00,64.405,64.455,64.4,64.445,23163.0,119.0,64.428352
SQQQ,2026-01-12 17:16:00+00:00,64.44,64.4856,64.43,64.445,24134.0,189.0,64.458776
SQQQ,2026-01-12 17:17:00+00:00,64.45,64.495,64.445,64.48,61904.0,256.0,64.476515
SQQQ,2026-01-12 17:18:00+00:00,64.49,64.51,64.4799,64.51,15567.0,147.0,64.500004
SQQQ,2026-01-12 17:19:00+00:00,64.52,64.52,64.48,64.4801,36474.0,166.0,64.494312
SQQQ,2026-01-12 17:20:00+00:00,64.4901,64.5,64.47,64.47,17944.0,129.0,64.485694
SQQQ,2026-01-12 17:21:00+00:00,64.45,64.46,64.43,64.435,23678.0,173.0,64.443619
SQQQ,2026-01-12 17:22:00+00:00,64.44,64.46,64.4246,64.4246,49913.0,206.0,64.435953
SQQQ,2026-01-12 17:23:00+00:00,64.42,64.425,64.395,64.425,25917.0,217.0,64.41058
SQQQ,2026-01-12 17:24:00+00:00,64.415,64.5,64.415,64.5,21088.0,137.0,64.458513
SQQQ,2026-01-12 17:25:00+00:00,64.51,64.5487,64.51,64.525,36528.0,218.0,64.527018
SQQQ,2026-01-12 17:26:00+00:00,64.52,64.52,64.4931,64.5101,37942.0,167.0,64.509735
SQQQ,2026-01-12 17:27:00+00:00,64.5166,64.5401,64.49,64.52,22633.0,130.0,64.523344
SQQQ,2026-01-12 17:28:00+00:00,64.52,64.53,64.46,64.46,26562.0,146.0,64.499137
SQQQ,2026-01-12 17:29:00+00:00,64.4759,64.48,64.45,64.45,6495.0,114.0,64.465715
SQQQ,2026-01-12 17:30:00+00:00,64.45,64.4899,64.45,64.47,27424.0,136.0,64.468109
SQQQ,2026-01-12 17:31:00+00:00,64.47,64.495,64.4655,64.49,19496.0,115.0,64.477426
SQQQ,2026-01-12 17:32:00+00:00,64.49,64.53,64.49,64.515,10795.0,110.0,64.51648
SQQQ,2026-01-12 17:33:00+00:00,64.52,64.55,64.52,64.545,17208.0,141.0,64.53652
SQQQ,2026-01-12 17:34:00+00:00,64.545,64.55,64.5201,64.5398,53444.0,163.0,64.540977
SQQQ,2026-01-12 17:35:00+00:00,64.53,64.55,64.51,64.53,35700.0,142.0,64.537428
SQQQ,2026-01-12 17:36:00+00:00,64.53,64.5569,64.53,64.5569,28373.0,149.0,64.540887
SQQQ,2026-01-12 17:37:00+00:00,64.55,64.5799,64.51,64.52,33535.0,197.0,64.558423
SQQQ,2026-01-12 17:38:00+00:00,64.52,64.5766,64.52,64.5699,8294.0,66.0,64.556481
SQQQ,2026-01-12 17:39:00+00:00,64.56,64.62,64.553,64.61,36917.0,223.0,64.590266
SQQQ,2026-01-12 17:40:00+00:00,64.605,64.63,64.57,64.5714,28178.0,226.0,64.607305
SQQQ,2026-01-12 17:41:00+00:00,64.57,64.57,64.49,64.5,58212.0,216.0,64.527996
SQQQ,2026-01-12 17:42:00+00:00,64.5,64.53,64.48,64.5,21180.0,141.0,64.496796
SQQQ,2026-01-12 17:43:00+00:00,64.5,64.5,64.455,64.48,18535.0,168.0,64.476814
SQQQ,2026-01-12 17:44:00+00:00,64.475,64.485,64.4693,64.4759,9849.0,80.0,64.476595
SQQQ,2026-01-12 17:45:00+00:00,64.4841,64.49,64.445,64.445,20039.0,117.0,64.469488
SQQQ,2026-01-12 17:46:00+00:00,64.45,64.45,64.41,64.4334,35801.0,259.0,64.42629
SQQQ,2026-01-12 17:47:00+00:00,64.44,64.44,64.405,64.41,28152.0,143.0,64.429731
SQQQ,2026-01-12 17:48:00+00:00,64.408,64.4488,64.3866,64.395,35893.0,233.0,64.411543
SQQQ,2026-01-12 17:49:00+00:00,64.3926,64.4201,64.38,64.4,53136.0,165.0,64.408218
SQQQ,2026-01-12 17:50:00+00:00,64.4,64.47,64.39,64.465,39701.0,185.0,64.432815
SQQQ,2026-01-12 17:51:00+00:00,64.4646,64.47,64.43,64.45,15798.0,153.0,64.45558
SQQQ,2026-01-12 17:52:00+00:00,64.45,64.45,64.395,64.41,23360.0,151.0,64.420063
SQQQ,2026-01-12 17:53:00+00:00,64.415,64.43,64.415,64.425,13340.0,91.0,64.424923
SQQQ,2026-01-12 17:54:00+00:00,64.425,64.44,64.38,64.3946,42416.0,178.0,64.420133
SQQQ,2026-01-12 17:55:00+00:00,64.39,64.43,64.39,64.4257,53451.0,142.0,64.403956
SQQQ,2026-01-12 17:56:00+00:00,64.42,64.425,64.3901,64.41,29331.0,101.0,64.412436
SQQQ,2026-01-12 17:57:00+00:00,64.41,64.4255,64.39,64.41,14625.0,133.0,64.40876
SQQQ,2026-01-12 17:58:00+00:00,64.4059,64.4099,64.3808,64.405,26588.0,121.0,64.389814
SQQQ,2026-01-12 17:59:00+00:00,64.405,64.4151,64.4,64.4151,10716.0,76.0,64.406999
SQQQ,2026-01-12 18:00:00+00:00,64.405,64.4299,64.405,64.4199,22230.0,87.0,64.420109
SQQQ,2026-01-12 18:01:00+00:00,64.4178,64.4178,64.37,64.37,62445.0,349.0,64.387065
SQQQ,2026-01-12 18:02:00+00:00,64.3759,64.3799,64.33,64.3499,58991.0,442.0,64.353523
SQQQ,2026-01-12 18:03:00+00:00,64.345,64.355,64.33,64.345,18407.0,148.0,64.344236
SQQQ,2026-01-12 18:04:00+00:00,64.3414,64.3581,64.33,64.34,20619.0,124.0,64.343139
SQQQ,2026-01-12 18:05:00+00:00,64.33,64.33,64.26,64.285,154425.0,843.0,64.295324
SQQQ,2026-01-12 18:06:00+00:00,64.28,64.315,64.26,64.3044,71682.0,286.0,64.296772
SQQQ,2026-01-12 18:07:00+00:00,64.3026,64.315,64.238,64.285,78085.0,501.0,64.273793
SQQQ,2026-01-12 18:08:00+00:00,64.28,64.31,64.26,64.2733,45510.0,221.0,64.285384
SQQQ,2026-01-12 18:09:00+00:00,64.28,64.29,64.27,64.2773,46709.0,202.0,64.279135
SQQQ,2026-01-12 18:10:00+00:00,64.275,64.28,64.26,64.265,48206.0,218.0,64.271296
SQQQ,2026-01-12 18:11:00+00:00,64.2696,64.28,64.26,64.27,9817.0,122.0,64.266594
SQQQ,2026-01-12 18:12:00+00:00,64.26,64.2976,64.26,64.2954,18667.0,106.0,64.284339
SQQQ,2026-01-12 18:13:00+00:00,64.291,64.3,64.275,64.29,34150.0,209.0,64.288599
SQQQ,2026-01-12 18:14:00+00:00,64.295,64.2999,64.28,64.28,14528.0,112.0,64.290679
SQQQ,2026-01-12 18:15:00+00:00,64.28,64.3079,64.2799,64.2899,19956.0,142.0,64.292283
SQQQ,2026-01-12 18:16:00+00:00,64.29,64.34,64.287,64.34,17657.0,180.0,64.319565
SQQQ,2026-01-12 18:17:00+00:00,64.34,64.35,64.32,64.325,34213.0,176.0,64.340402
SQQQ,2026-01-12 18:18:00+00:00,64.33,64.335,64.3013,64.3101,20277.0,130.0,64.315684
SQQQ,2026-01-12 18:19:00+00:00,64.3199,64.3199,64.28,64.295,30468.0,157.0,64.296342
SQQQ,2026-01-12 18:20:00+00:00,64.2946,64.297,64.26,64.275,15925.0,116.0,64.276442
SQQQ,2026-01-12 18:21:00+00:00,64.27,64.27,64.22,64.2399,54475.0,346.0,64.241393
SQQQ,2026-01-12 18:22:00+00:00,64.23,64.2497,64.2,64.24,48478.0,447.0,64.215525
SQQQ,2026-01-12 18:23:00+00:00,64.24,64.24,64.1946,64.1993,74879.0,309.0,64.208078
SQQQ,2026-01-12 18:24:00+00:00,64.2008,64.2187,64.19,64.215,41651.0,152.0,64.202867
SQQQ,2026-01-12 18:25:00+00:00,64.22,64.25,64.22,64.238,28346.0,194.0,64.229705
SQQQ,2026-01-12 18:26:00+00:00,64.24,64.27,64.23,64.2359,43023.0,178.0,64.251305
SQQQ,2026-01-12 18:27:00+00:00,64.24,64.25,64.23,64.245,10658.0,99.0,64.241282
SQQQ,2026-01-12 18:28:00+00:00,64.2459,64.2459,64.22,64.245,34710.0,173.0,64.225925
SQQQ,2026-01-12 18:29:00+00:00,64.245,64.26,64.235,64.24,11314.0,92.0,64.248163
SQQQ,2026-01-12 18:30:00+00:00,64.23,64.245,64.2246,64.2301,32752.0,130.0,64.227731
SQQQ,2026-01-12 18:31:00+00:00,64.23,64.2419,64.2299,64.235,18773.0,135.0,64.235281
SQQQ,2026-01-12 18:32:00+00:00,64.2399,64.28,64.2399,64.2642,23639.0,153.0,64.265811
SQQQ,2026-01-12 18:33:00+00:00,64.265,64.3,64.26,64.2999,73431.0,198.0,64.278455
SQQQ,2026-01-12 18:34:00+00:00,64.2937,64.308,64.2931,64.295,24744.0,132.0,64.299171
SQQQ,2026-01-12 18:35:00+00:00,64.29,64.315,64.29,64.2901,24333.0,152.0,64.302461
SQQQ,2026-01-12 18:36:00+00:00,64.295,64.3251,64.2901,64.3131,33228.0,134.0,64.311173
SQQQ,2026-01-12 18:37:00+00:00,64.3199,64.3199,64.28,64.2845,21192.0,124.0,64.29475
SQQQ,2026-01-12 18:38:00+00:00,64.285,64.2999,64.2746,64.2765,18015.0,114.0,64.287456
SQQQ,2026-01-12 18:39:00+00:00,64.275,64.29,64.275,64.29,16234.0,137.0,64.281421
SQQQ,2026-01-12 18:40:00+00:00,64.29,64.32,64.2825,64.315,12263.0,127.0,64.299309
SQQQ,2026-01-12 18:41:00+00:00,64.31,64.31,64.28,64.28,15749.0,89.0,64.287228
SQQQ,2026-01-12 18:42:00+00:00,64.29,64.325,64.29,64.32,19267.0,95.0,64.309969
SQQQ,2026-01-12 18:43:00+00:00,64.3163,64.3163,64.28,64.28,12795.0,99.0,64.300561
SQQQ,2026-01-12 18:44:00+00:00,64.28,64.3071,64.275,64.3,14115.0,87.0,64.296081
SQQQ,2026-01-12 18:45:00+00:00,64.3,64.32,64.3,64.3,10901.0,124.0,64.310075
SQQQ,2026-01-12 18:46:00+00:00,64.31,64.32,64.3,64.3,8464.0,78.0,64.309768
SQQQ,2026-01-12 18:47:00+00:00,64.305,64.305,64.27,64.2799,17682.0,106.0,64.279536
SQQQ,2026-01-12 18:48:00+00:00,64.28,64.28,64.245,64.27,32976.0,193.0,64.264675
SQQQ,2026-01-12 18:49:00+00:00,64.28,64.29,64.26,64.279,21884.0,93.0,64.273114
SQQQ,2026-01-12 18:50:00+00:00,64.265,64.265,64.23,64.2459,28945.0,132.0,64.24092
SQQQ,2026-01-12 18:51:00+00:00,64.25,64.29,64.2499,64.285,22297.0,113.0,64.269954
SQQQ,2026-01-12 18:52:00+00:00,64.2801,64.33,64.28,64.33,28438.0,159.0,64.306997
SQQQ,2026-01-12 18:53:00+00:00,64.33,64.34,64.3101,64.33,29947.0,144.0,64.32661
SQQQ,2026-01-12 18:54:00+00:00,64.3232,64.35,64.3126,64.3473,23788.0,117.0,64.339151
SQQQ,2026-01-12 18:55:00+00:00,64.349,64.3563,64.3236,64.3299,24662.0,144.0,64.336257
SQQQ,2026-01-12 18:56:00+00:00,64.325,64.36,64.325,64.345,35850.0,136.0,64.347129
SQQQ,2026-01-12 18:57:00+00:00,64.34,64.3454,64.32,64.3258,11955.0,86.0,64.330259
SQQQ,2026-01-12 18:58:00+00:00,64.33,64.34,64.33,64.34,12767.0,62.0,64.334093
SQQQ,2026-01-12 18:59:00+00:00,64.335,64.34,64.325,64.3384,7584.0,71.0,64.332382
SQQQ,2026-01-12 19:00:00+00:00,64.335,64.3901,64.335,64.375,87211.0,329.0,64.367017
SQQQ,2026-01-12 19:01:00+00:00,64.37,64.3801,64.36,64.3782,18229.0,132.0,64.370779
SQQQ,2026-01-12 19:02:00+00:00,64.3759,64.42,64.3721,64.42,54762.0,221.0,64.406632
SQQQ,2026-01-12 19:03:00+00:00,64.4252,64.4254,64.39,64.41,34625.0,211.0,64.409154
SQQQ,2026-01-12 19:04:00+00:00,64.415,64.42,64.405,64.4199,15591.0,144.0,64.413025
SQQQ,2026-01-12 19:05:00+00:00,64.42,64.45,64.37,64.385,85860.0,364.0,64.422707
SQQQ,2026-01-12 19:06:00+00:00,64.38,64.42,64.38,64.42,7594.0,86.0,64.395209
SQQQ,2026-01-12 19:07:00+00:00,64.4,64.4,64.374,64.3825,38629.0,134.0,64.384683
SQQQ,2026-01-12 19:08:00+00:00,64.38,64.4,64.36,64.3601,12061.0,98.0,64.380352
SQQQ,2026-01-12 19:09:00+00:00,64.3659,64.3659,64.32,64.32,23517.0,119.0,64.342408
SQQQ,2026-01-12 19:10:00+00:00,64.3352,64.3459,64.3249,64.33,18103.0,81.0,64.335038
SQQQ,2026-01-12 19:11:00+00:00,64.335,64.34,64.3117,64.3341,13924.0,97.0,64.332276
SQQQ,2026-01-12 19:12:00+00:00,64.3399,64.345,64.32,64.32,13397.0,118.0,64.335777
SQQQ,2026-01-12 19:13:00+00:00,64.315,64.33,64.3,64.3098,12165.0,105.0,64.31703
SQQQ,2026-01-12 19:14:00+00:00,64.3199,64.325,64.305,64.3069,8259.0,69.0,64.312348
SQQQ,2026-01-12 19:15:00+00:00,64.315,64.32,64.3,64.31,21096.0,157.0,64.311805
SQQQ,2026-01-12 19:16:00+00:00,64.32,64.34,64.2999,64.3059,71305.0,194.0,64.303462
SQQQ,2026-01-12 19:17:00+00:00,64.295,64.31,64.29,64.298,10878.0,74.0,64.297663
SQQQ,2026-01-12 19:18:00+00:00,64.29,64.29,64.2341,64.2446,100113.0,321.0,64.252703
SQQQ,2026-01-12 19:19:00+00:00,64.245,64.26,64.23,64.235,119770.0,163.0,64.248533
SQQQ,2026-01-12 19:20:00+00:00,64.238,64.265,64.21,64.21,61458.0,240.0,64.233444
SQQQ,2026-01-12 19:21:00+00:00,64.21,64.25,64.21,64.24,9308.0,154.0,64.231096
SQQQ,2026-01-12 19:22:00+00:00,64.235,64.2566,64.235,64.245,15362.0,146.0,64.244441
SQQQ,2026-01-12 19:23:00+00:00,64.245,64.25,64.21,64.215,41163.0,188.0,64.240847
SQQQ,2026-01-12 19:24:00+00:00,64.215,64.225,64.205,64.206,24098.0,153.0,64.214128
SQQQ,2026-01-12 19:25:00+00:00,64.2099,64.23,64.2,64.2001,28631.0,226.0,64.208558
SQQQ,2026-01-12 19:26:00+00:00,64.2,64.205,64.19,64.195,35597.0,228.0,64.195561
SQQQ,2026-01-12 19:27:00+00:00,64.19,64.19,64.151,64.18,69752.0,417.0,64.176171
SQQQ,2026-01-12 19:28:00+00:00,64.185,64.1999,64.165,64.1846,24407.0,161.0,64.178943
SQQQ,2026-01-12 19:29:00+00:00,64.1749,64.2,64.1749,64.1938,17858.0,85.0,64.185272
SQQQ,2026-01-12 19:30:00+00:00,64.2,64.2028,64.1601,64.165,33636.0,220.0,64.175251
SQQQ,2026-01-12 19:31:00+00:00,64.1727,64.18,64.07,64.085,229181.0,1036.0,64.122414
SQQQ,2026-01-12 19:32:00+00:00,64.09,64.1446,64.09,64.1399,71071.0,264.0,64.116024
SQQQ,2026-01-12 19:33:00+00:00,64.12,64.1397,64.1,64.1088,25413.0,231.0,64.11799
SQQQ,2026-01-12 19:34:00+00:00,64.1099,64.1179,64.085,64.095,40764.0,163.0,64.097438
SQQQ,2026-01-12 19:35:00+00:00,64.09,64.1175,64.0859,64.09,29060.0,198.0,64.104575
SQQQ,2026-01-12 19:36:00+00:00,64.095,64.1059,64.06,64.0618,30468.0,215.0,64.07816
SQQQ,2026-01-12 19:37:00+00:00,64.06,64.099,64.05,64.08,49525.0,262.0,64.072003
SQQQ,2026-01-12 19:38:00+00:00,64.085,64.11,64.085,64.1,26131.0,173.0,64.101486
SQQQ,2026-01-12 19:39:00+00:00,64.11,64.12,64.1,64.11,28359.0,156.0,64.110334
SQQQ,2026-01-12 19:40:00+00:00,64.11,64.13,64.1,64.105,18177.0,169.0,64.112863
SQQQ,2026-01-12 19:41:00+00:00,64.1001,64.14,64.1,64.1301,18523.0,126.0,64.109494
SQQQ,2026-01-12 19:42:00+00:00,64.135,64.14,64.0979,64.105,31178.0,140.0,64.112076
SQQQ,2026-01-12 19:43:00+00:00,64.11,64.14,64.1093,64.1373,15677.0,121.0,64.121434
SQQQ,2026-01-12 19:44:00+00:00,64.1345,64.1397,64.1117,64.125,10074.0,96.0,64.127135
SQQQ,2026-01-12 19:45:00+00:00,64.12,64.1259,64.095,64.12,18803.0,140.0,64.1103
SQQQ,2026-01-12 19:46:00+00:00,64.12,64.13,64.105,64.115,9212.0,87.0,64.11756
SQQQ,2026-01-12 19:47:00+00:00,64.105,64.11,64.0843,64.095,13962.0,147.0,64.095871
SQQQ,2026-01-12 19:48:00+00:00,64.0941,64.11,64.08,64.0975,19884.0,129.0,64.101149
SQQQ,2026-01-12 19:49:00+00:00,64.1,64.1101,64.1,64.105,16355.0,109.0,64.106556
SQQQ,2026-01-12 19:50:00+00:00,64.1061,64.13,64.105,64.11,7530.0,81.0,64.114316
SQQQ,2026-01-12 19:51:00+00:00,64.115,64.1151,64.09,64.09,15677.0,166.0,64.105874
SQQQ,2026-01-12 19:52:00+00:00,64.09,64.14,64.09,64.1268,14170.0,134.0,64.125367
SQQQ,2026-01-12 19:53:00+00:00,64.14,64.14,64.115,64.12,7827.0,101.0,64.124291
SQQQ,2026-01-12 19:54:00+00:00,64.1159,64.12,64.1,64.12,15797.0,83.0,64.11246
SQQQ,2026-01-12 19:55:00+00:00,64.125,64.135,64.105,64.105,7232.0,90.0,64.120357
SQQQ,2026-01-12 19:56:00+00:00,64.1006,64.115,64.095,64.1,27700.0,144.0,64.103323
SQQQ,2026-01-12 19:57:00+00:00,64.1,64.1,64.06,64.075,30419.0,193.0,64.081648
SQQQ,2026-01-12 19:58:00+00:00,64.075,64.08,64.0598,64.06,26107.0,232.0,64.068812
SQQQ,2026-01-12 19:59:00+00:00,64.055,64.065,64.05,64.0501,20448.0,171.0,64.057121
SQQQ,2026-01-12 20:00:00+00:00,64.06,64.0701,64.03,64.055,43077.0,333.0,64.046532
SQQQ,2026-01-12 20:01:00+00:00,64.05,64.07,64.04,64.045,90590.0,237.0,64.050414
SQQQ,2026-01-12 20:02:00+00:00,64.04,64.1,64.03,64.095,25609.0,232.0,64.072344
SQQQ,2026-01-12 20:03:00+00:00,64.1,64.125,64.094,64.115,43531.0,223.0,64.107051
SQQQ,2026-01-12 20:04:00+00:00,64.1167,64.14,64.11,64.1259,29030.0,166.0,64.125465
SQQQ,2026-01-12 20:05:00+00:00,64.13,64.15,64.12,64.1284,13930.0,123.0,64.137914
SQQQ,2026-01-12 20:06:00+00:00,64.1228,64.13,64.12,64.13,13370.0,105.0,64.124714
SQQQ,2026-01-12 20:07:00+00:00,64.13,64.13,64.095,64.1048,25654.0,174.0,64.109751
SQQQ,2026-01-12 20:08:00+00:00,64.105,64.1394,64.1041,64.1144,13681.0,122.0,64.119138
SQQQ,2026-01-12 20:09:00+00:00,64.119,64.1497,64.119,64.1497,14387.0,106.0,64.136761
SQQQ,2026-01-12 20:10:00+00:00,64.15,64.18,64.15,64.16,64069.0,317.0,64.160552
SQQQ,2026-01-12 20:11:00+00:00,64.155,64.1699,64.13,64.13,17377.0,119.0,64.152661
SQQQ,2026-01-12 20:12:00+00:00,64.13,64.15,64.11,64.1401,31113.0,122.0,64.128458
SQQQ,2026-01-12 20:13:00+00:00,64.145,64.1705,64.145,64.1705,21122.0,173.0,64.162096
SQQQ,2026-01-12 20:14:00+00:00,64.1614,64.19,64.15,64.155,18982.0,153.0,64.168858
SQQQ,2026-01-12 20:15:00+00:00,64.155,64.2001,64.155,64.1961,18481.0,163.0,64.182026
SQQQ,2026-01-12 20:16:00+00:00,64.2,64.21,64.19,64.205,51476.0,250.0,64.198922
SQQQ,2026-01-12 20:17:00+00:00,64.1965,64.21,64.16,64.1806,42084.0,241.0,64.178278
SQQQ,2026-01-12 20:18:00+00:00,64.1852,64.22,64.1801,64.215,20624.0,146.0,64.203248
SQQQ,2026-01-12 20:19:00+00:00,64.2197,64.2201,64.205,64.215,39354.0,158.0,64.216901
SQQQ,2026-01-12 20:20:00+00:00,64.21,64.23,64.19,64.2201,39892.0,234.0,64.209356
SQQQ,2026-01-12 20:21:00+00:00,64.22,64.27,64.215,64.2299,63380.0,293.0,64.239292
SQQQ,2026-01-12 20:22:00+00:00,64.225,64.2699,64.215,64.265,61208.0,234.0,64.245446
SQQQ,2026-01-12 20:23:00+00:00,64.2641,64.27,64.245,64.2501,16327.0,128.0,64.256175
SQQQ,2026-01-12 20:24:00+00:00,64.255,64.2561,64.2428,64.245,24049.0,169.0,64.249811
SQQQ,2026-01-12 20:25:00+00:00,64.255,64.2602,64.24,64.255,14983.0,109.0,64.251772
SQQQ,2026-01-12 20:26:00+00:00,64.25,64.255,64.2101,64.245,31967.0,208.0,64.231207
SQQQ,2026-01-12 20:27:00+00:00,64.2425,64.2486,64.2101,64.2199,30550.0,138.0,64.227641
SQQQ,2026-01-12 20:28:00+00:00,64.22,64.23,64.21,64.23,26976.0,126.0,64.221617
SQQQ,2026-01-12 20:29:00+00:00,64.235,64.2399,64.21,64.23,48761.0,125.0,64.216249
SQQQ,2026-01-12 20:30:00+00:00,64.24,64.285,64.24,64.265,93504.0,387.0,64.259921
SQQQ,2026-01-12 20:31:00+00:00,64.27,64.29,64.27,64.28,29405.0,109.0,64.277476
SQQQ,2026-01-12 20:32:00+00:00,64.28,64.28,64.22,64.2441,38481.0,201.0,64.249872
SQQQ,2026-01-12 20:33:00+00:00,64.25,64.255,64.2101,64.2199,16408.0,182.0,64.232346
SQQQ,2026-01-12 20:34:00+00:00,64.2103,64.24,64.2,64.24,32147.0,191.0,64.218337
SQQQ,2026-01-12 20:35:00+00:00,64.25,64.2999,64.25,64.2899,50422.0,231.0,64.278677
SQQQ,2026-01-12 20:36:00+00:00,64.285,64.29,64.2646,64.28,128850.0,195.0,64.279168
SQQQ,2026-01-12 20:37:00+00:00,64.285,64.285,64.2418,64.2599,40919.0,174.0,64.258758
SQQQ,2026-01-12 20:38:00+00:00,64.255,64.28,64.2506,64.265,35763.0,188.0,64.269105
SQQQ,2026-01-12 20:39:00+00:00,64.265,64.305,64.265,64.299,39113.0,197.0,64.288828
SQQQ,2026-01-12 20:40:00+00:00,64.3,64.325,64.2841,64.32,20247.0,161.0,64.306171
SQQQ,2026-01-12 20:41:00+00:00,64.3199,64.3559,64.31,64.35,128879.0,330.0,64.335599
SQQQ,2026-01-12 20:42:00+00:00,64.36,64.36,64.3201,64.346,29229.0,200.0,64.339906
SQQQ,2026-01-12 20:43:00+00:00,64.345,64.345,64.3,64.305,92073.0,266.0,64.325591
SQQQ,2026-01-12 20:44:00+00:00,64.32,64.34,64.31,64.31,23964.0,150.0,64.330855
SQQQ,2026-01-12 20:45:00+00:00,64.32,64.355,64.32,64.324,35783.0,224.0,64.339842
SQQQ,2026-01-12 20:46:00+00:00,64.3297,64.33,64.29,64.32,34375.0,213.0,64.310474
SQQQ,2026-01-12 20:47:00+00:00,64.315,64.325,64.25,64.25,65646.0,252.0,64.269258
SQQQ,2026-01-12 20:48:00+00:00,64.25,64.2701,64.235,64.265,38153.0,254.0,64.253458
SQQQ,2026-01-12 20:49:00+00:00,64.27,64.2899,64.27,64.2859,86219.0,299.0,64.276031
SQQQ,2026-01-12 20:50:00+00:00,64.29,64.48,64.29,64.4146,204391.0,1018.0,64.406331
SQQQ,2026-01-12 20:51:00+00:00,64.41,64.445,64.3831,64.4326,167655.0,663.0,64.410317
SQQQ,2026-01-12 20:52:00+00:00,64.4269,64.445,64.4,64.4004,131947.0,794.0,64.424292
SQQQ,2026-01-12 20:53:00+00:00,64.4,64.4,64.35,64.3599,139661.0,1040.0,64.371961
SQQQ,2026-01-12 20:54:00+00:00,64.355,64.42,64.335,64.3565,350763.0,1294.0,64.35679
SQQQ,2026-01-12 20:55:00+00:00,64.37,64.43,64.37,64.415,78813.0,568.0,64.399844
SQQQ,2026-01-12 20:56:00+00:00,64.42,64.47,64.42,64.4272,77487.0,387.0,64.443322
SQQQ,2026-01-12 20:57:00+00:00,64.43,64.475,64.4201,64.435,125483.0,444.0,64.445438
SQQQ,2026-01-12 20:58:00+00:00,64.44,64.4751,64.425,64.4724,185000.0,523.0,64.455826
SQQQ,2026-01-12 20:59:00+00:00,64.47,64.53,64.4101,64.525,428609.0,1263.0,64.475752
SQQQ,2026-01-12 21:00:00+00:00,64.525,64.54,64.49,64.5,252697.0,59.0,64.510521
SQQQ,2026-01-12 21:01:00+00:00,64.48,64.49,64.47,64.47,6266.0,41.0,64.48314
SQQQ,2026-01-12 21:02:00+00:00,64.471,64.5101,64.471,64.51,11724.0,106.0,64.4932
SQQQ,2026-01-12 21:03:00+00:00,64.5103,64.5192,64.49,64.49,4544.0,42.0,64.502877
SQQQ,2026-01-12 21:04:00+00:00,64.51,64.5184,64.49,64.49,8922.0,64.0,64.498512
SQQQ,2026-01-12 21:05:00+00:00,64.5,64.5,64.4844,64.49,10563.0,22.0,64.496117
SQQQ,2026-01-12 21:06:00+00:00,64.49,64.5,64.49,64.5,11644.0,18.0,64.496659
SQQQ,2026-01-12 21:07:00+00:00,64.48,64.48,64.46,64.46,6104.0,24.0,64.470085
SQQQ,2026-01-12 21:08:00+00:00,64.4618,64.47,64.45,64.45,5333.0,16.0,64.462094
SQQQ,2026-01-12 21:09:00+00:00,64.46,64.48,64.44,64.475,17896.0,41.0,64.458906
SQQQ,2026-01-12 21:10:00+00:00,64.48,64.49,64.48,64.4816,12111.0,38.0,64.480783
SQQQ,2026-01-12 21:11:00+00:00,64.481,64.5099,64.481,64.501,8673.0,18.0,64.498555
SQQQ,2026-01-12 21:12:00+00:00,64.4999,64.5,64.4999,64.5,402.0,15.0,64.49995
SQQQ,2026-01-12 21:13:00+00:00,64.4803,64.5,64.4793,64.4793,3052.0,19.0,64.490308
SQQQ,2026-01-12 21:14:00+00:00,64.46,64.46,64.45,64.45,828.0,14.0,64.455
SQQQ,2026-01-12 21:15:00+00:00,64.47,64.5,64.47,64.5,6133.0,21.0,64.47939
SQQQ,2026-01-12 21:16:00+00:00,64.5,64.51,64.5,64.51,2861.0,17.0,64.509046
SQQQ,2026-01-12 21:17:00+00:00,64.51,64.51,64.4916,64.5,1720.0,13.0,64.503023
SQQQ,2026-01-12 21:18:00+00:00,64.4932,64.5002,64.49,64.5,5217.0,16.0,64.499676
SQQQ,2026-01-12 21:19:00+00:00,64.49,64.4997,64.49,64.4997,2750.0,9.0,64.497433
SQQQ,2026-01-12 21:20:00+00:00,64.5,64.5,64.4992,64.5,1529.0,12.0,64.499903
SQQQ,2026-01-12 21:21:00+00:00,64.49,64.5007,64.49,64.5,2069.0,31.0,64.499518
SQQQ,2026-01-12 21:22:00+00:00,64.49,64.49,64.45,64.45,669.0,15.0,64.45726
SQQQ,2026-01-12 21:23:00+00:00,64.45,64.45,64.45,64.45,2607.0,16.0,64.45
SQQQ,2026-01-12 21:24:00+00:00,64.44,64.44,64.43,64.44,2026.0,16.0,64.439213
SQQQ,2026-01-12 21:25:00+00:00,64.43,64.43,64.4,64.4,2247.0,48.0,64.410389
SQQQ,2026-01-12 21:26:00+00:00,64.3795,64.38,64.37,64.38,2135.0,28.0,64.373567
SQQQ,2026-01-12 21:27:00+00:00,64.36,64.3816,64.36,64.3816,5861.0,15.0,64.362512
SQQQ,2026-01-12 21:28:00+00:00,64.4,64.4,64.3982,64.3984,1193.0,16.0,64.399022
SQQQ,2026-01-12 21:29:00+00:00,64.39,64.39,64.38,64.38,2581.0,15.0,64.385645
SQQQ,2026-01-12 21:30:00+00:00,64.39,64.39,64.39,64.39,634.0,11.0,64.39
SQQQ,2026-01-12 21:31:00+00:00,64.41,64.41,64.41,64.41,226.0,9.0,64.41
SQQQ,2026-01-12 21:32:00+00:00,64.4184,64.42,64.41,64.41,6919.0,20.0,64.418645
SQQQ,2026-01-12 21:33:00+00:00,64.41,64.41,64.4,64.4,1723.0,9.0,64.400593
SQQQ,2026-01-12 21:34:00+00:00,64.4,64.4,64.3832,64.3997,1369.0,9.0,64.398111
SQQQ,2026-01-12 21:35:00+00:00,64.41,64.4182,64.4082,64.4082,4766.0,14.0,64.411038
SQQQ,2026-01-12 21:36:00+00:00,64.42,64.42,64.42,64.42,192.0,10.0,64.42
SQQQ,2026-01-12 21:37:00+00:00,64.4199,64.4199,64.4199,64.4199,457.0,13.0,64.4199
SQQQ,2026-01-12 21:38:00+00:00,64.43,64.43,64.43,64.43,238.0,8.0,64.43
SQQQ,2026-01-12 21:39:00+00:00,64.43,64.43,64.43,64.43,711.0,8.0,64.43
SQQQ,2026-01-12 21:40:00+00:00,64.43,64.43,64.42,64.42,539.0,9.0,64.422222
SQQQ,2026-01-12 21:41:00+00:00,64.4392,64.4392,64.43,64.43,680.0,3.0,64.437667
SQQQ,2026-01-12 21:42:00+00:00,64.43,64.43,64.42,64.42,1188.0,11.0,64.425409
SQQQ,2026-01-12 21:43:00+00:00,64.42,64.4201,64.42,64.4201,1958.0,18.0,64.420033
SQQQ,2026-01-12 21:44:00+00:00,64.4012,64.4012,64.4012,64.4012,215.0,6.0,64.4012
SQQQ,2026-01-12 21:46:00+00:00,64.4,64.5503,64.4,64.53,72029.0,161.0,64.513691
SQQQ,2026-01-12 21:47:00+00:00,64.5416,64.5416,64.5,64.5094,8086.0,35.0,64.523354
SQQQ,2026-01-12 21:48:00+00:00,64.4997,64.4998,64.48,64.48,2154.0,9.0,64.48738
SQQQ,2026-01-12 21:49:00+00:00,64.491,64.52,64.4794,64.52,22662.0,46.0,64.490995
SQQQ,2026-01-12 21:50:00+00:00,64.56,64.58,64.56,64.571,9205.0,74.0,64.563051
SQQQ,2026-01-12 21:51:00+00:00,64.57,64.61,64.57,64.6,7636.0,148.0,64.597535
SQQQ,2026-01-12 21:52:00+00:00,64.6,64.6493,64.6,64.6394,6910.0,94.0,64.632648
SQQQ,2026-01-12 21:53:00+00:00,64.65,64.66,64.6401,64.6499,8520.0,99.0,64.6561
SQQQ,2026-01-12 21:54:00+00:00,64.6406,64.65,64.63,64.63,5773.0,36.0,64.634817
SQQQ,2026-01-12 21:55:00+00:00,64.63,64.65,64.62,64.65,10502.0,66.0,64.623064
SQQQ,2026-01-12 21:56:00+00:00,64.64,64.649,64.6399,64.64,51520.0,92.0,64.640035
SQQQ,2026-01-12 21:57:00+00:00,64.59,64.59,64.5899,64.5899,10714.0,23.0,64.589998
SQQQ,2026-01-12 21:58:00+00:00,64.5898,64.6101,64.5898,64.6101,9944.0,23.0,64.598291
SQQQ,2026-01-12 21:59:00+00:00,64.61,64.62,64.6,64.6168,7646.0,48.0,64.612022
SQQQ,2026-01-12 22:00:00+00:00,64.59,64.6171,64.59,64.6171,1163.0,21.0,64.609378
SQQQ,2026-01-12 22:01:00+00:00,64.62,64.62,64.5917,64.61,10458.0,7.0,64.619434
SQQQ,2026-01-12 22:02:00+00:00,64.6,64.6,64.58,64.58,7159.0,16.0,64.590336
SQQQ,2026-01-12 22:04:00+00:00,64.59,64.59,64.58,64.5804,4071.0,6.0,64.58054
SQQQ,2026-01-12 22:05:00+00:00,64.61,64.61,64.61,64.61,531.0,5.0,64.61
SQQQ,2026-01-12 22:06:00+00:00,64.58,64.58,64.58,64.58,209.0,5.0,64.58
SQQQ,2026-01-12 22:07:00+00:00,64.6,64.6,64.59,64.59,615.0,15.0,64.593333
SQQQ,2026-01-12 22:08:00+00:00,64.59,64.6,64.58,64.6,1068.0,12.0,64.58696
SQQQ,2026-01-12 22:09:00+00:00,64.5715,64.5715,64.5715,64.5715,775.0,24.0,64.5715
SQQQ,2026-01-12 22:10:00+00:00,64.57,64.57,64.57,64.57,616.0,6.0,64.57
SQQQ,2026-01-12 22:11:00+00:00,64.5724,64.5724,64.5724,64.5724,110.0,2.0,64.5724
SQQQ,2026-01-12 22:12:00+00:00,64.58,64.58,64.5716,64.5716,2580.0,7.0,64.573299
SQQQ,2026-01-12 22:13:00+00:00,64.5717,64.5818,64.5702,64.5818,4489.0,10.0,64.577002
SQQQ,2026-01-12 22:14:00+00:00,64.59,64.59,64.59,64.59,203.0,3.0,64.59
SQQQ,2026-01-12 22:15:00+00:00,64.58,64.58,64.57,64.57,14089.0,52.0,64.579923
SQQQ,2026-01-12 22:18:00+00:00,64.58,64.58,64.57,64.57,1556.0,7.0,64.570676
SQQQ,2026-01-12 22:19:00+00:00,64.57,64.58,64.57,64.58,1199.0,31.0,64.572391
SQQQ,2026-01-12 22:21:00+00:00,64.59,64.59,64.5738,64.58,2343.0,9.0,64.588441
SQQQ,2026-01-12 22:23:00+00:00,64.57,64.5864,64.57,64.58,1164.0,6.0,64.575424
SQQQ,2026-01-12 22:24:00+00:00,64.57,64.57,64.57,64.57,1284.0,20.0,64.57
SQQQ,2026-01-12 22:25:00+00:00,64.57,64.57,64.57,64.57,955.0,12.0,64.57
SQQQ,2026-01-12 22:26:00+00:00,64.58,64.58,64.58,64.58,542.0,10.0,64.58
SQQQ,2026-01-12 22:27:00+00:00,64.56,64.56,64.56,64.56,105.0,5.0,64.56
SQQQ,2026-01-12 22:28:00+00:00,64.5706,64.5706,64.57,64.57,706.0,4.0,64.570171
SQQQ,2026-01-12 22:30:00+00:00,64.57,64.57,64.57,64.57,492.0,6.0,64.57
SQQQ,2026-01-12 22:32:00+00:00,64.5502,64.5502,64.5502,64.5502,2303.0,3.0,64.5502
SQQQ,2026-01-12 22:34:00+00:00,64.55,64.55,64.55,64.55,860.0,10.0,64.55
SQQQ,2026-01-12 22:35:00+00:00,64.5307,64.5307,64.5307,64.5307,1675.0,2.0,64.5307
SQQQ,2026-01-12 22:36:00+00:00,64.56,64.56,64.56,64.56,285.0,3.0,64.56
SQQQ,2026-01-12 22:39:00+00:00,64.5343,64.5591,64.5343,64.5497,2697.0,11.0,64.536793
SQQQ,2026-01-12 22:40:00+00:00,64.5484,64.55,64.54,64.54,1547.0,10.0,64.547683
SQQQ,2026-01-12 22:41:00+00:00,64.5495,64.5495,64.5495,64.5495,300.0,1.0,64.5495
SQQQ,2026-01-12 22:42:00+00:00,64.54,64.54,64.54,64.54,480.0,2.0,64.54
SQQQ,2026-01-12 22:43:00+00:00,64.54,64.54,64.54,64.54,358.0,8.0,64.54
SQQQ,2026-01-12 22:44:00+00:00,64.5495,64.5495,64.54,64.5401,935.0,6.0,64.544526
SQQQ,2026-01-12 22:46:00+00:00,64.54,64.54,64.54,64.54,105.0,2.0,64.54
SQQQ,2026-01-12 22:47:00+00:00,64.54,64.5497,64.54,64.54,907.0,6.0,64.542853
SQQQ,2026-01-12 22:48:00+00:00,64.54,64.55,64.54,64.5492,2112.0,8.0,64.545202
SQQQ,2026-01-12 22:49:00+00:00,64.55,64.55,64.55,64.55,200.0,1.0,64.55
SQQQ,2026-01-12 22:52:00+00:00,64.55,64.55,64.55,64.55,107.0,6.0,64.55
SQQQ,2026-01-12 22:54:00+00:00,64.55,64.55,64.545,64.545,1091.0,4.0,64.54557
SQQQ,2026-01-12 22:55:00+00:00,64.54,64.54,64.54,64.54,414.0,4.0,64.54
SQQQ,2026-01-12 22:56:00+00:00,64.54,64.54,64.54,64.54,203.0,4.0,64.54
SQQQ,2026-01-12 22:57:00+00:00,64.5394,64.5397,64.5394,64.5397,256.0,8.0,64.53955
SQQQ,2026-01-12 22:59:00+00:00,64.5303,64.5303,64.5303,64.5303,186.0,4.0,64.5303
SQQQ,2026-01-12 23:00:00+00:00,64.54,64.63,64.54,64.63,9456.0,94.0,64.566572
SQQQ,2026-01-12 23:01:00+00:00,64.63,64.6399,64.62,64.6399,1897.0,22.0,64.635199
SQQQ,2026-01-12 23:02:00+00:00,64.64,64.72,64.64,64.7101,22743.0,132.0,64.69201
SQQQ,2026-01-12 23:03:00+00:00,64.72,64.74,64.72,64.74,41532.0,150.0,64.738426
SQQQ,2026-01-12 23:04:00+00:00,64.75,64.77,64.74,64.76,24583.0,93.0,64.7515
SQQQ,2026-01-12 23:05:00+00:00,64.75,64.75,64.71,64.72,11865.0,25.0,64.719765
SQQQ,2026-01-12 23:06:00+00:00,64.7393,64.7393,64.7393,64.7393,1187.0,11.0,64.7393
SQQQ,2026-01-12 23:07:00+00:00,64.73,64.73,64.7232,64.7232,1747.0,17.0,64.728543
SQQQ,2026-01-12 23:08:00+00:00,64.73,64.77,64.73,64.76,8178.0,43.0,64.748645
SQQQ,2026-01-12 23:09:00+00:00,64.77,64.78,64.7503,64.7503,3573.0,36.0,64.770593
SQQQ,2026-01-12 23:10:00+00:00,64.73,64.73,64.72,64.7201,12692.0,32.0,64.721635
SQQQ,2026-01-12 23:11:00+00:00,64.72,64.73,64.72,64.73,765.0,12.0,64.722857
SQQQ,2026-01-12 23:12:00+00:00,64.73,64.73,64.71,64.71,2873.0,13.0,64.712143
SQQQ,2026-01-12 23:13:00+00:00,64.6811,64.7,64.66,64.7,4662.0,25.0,64.665839
SQQQ,2026-01-12 23:14:00+00:00,64.6901,64.699,64.68,64.68,1498.0,19.0,64.6858
SQQQ,2026-01-12 23:15:00+00:00,64.68,64.7,64.66,64.66,11566.0,41.0,64.679565
SQQQ,2026-01-12 23:16:00+00:00,64.6502,64.6502,64.64,64.64,3296.0,6.0,64.642187
SQQQ,2026-01-12 23:17:00+00:00,64.65,64.65,64.65,64.65,803.0,6.0,64.65
SQQQ,2026-01-12 23:18:00+00:00,64.6401,64.67,64.64,64.67,6188.0,25.0,64.660029
SQQQ,2026-01-12 23:19:00+00:00,64.64,64.66,64.64,64.6509,14552.0,24.0,64.651198
SQQQ,2026-01-12 23:20:00+00:00,64.66,64.66,64.64,64.64,1760.0,11.0,64.654465
SQQQ,2026-01-12 23:21:00+00:00,64.64,64.65,64.63,64.63,880.0,10.0,64.644737
SQQQ,2026-01-12 23:22:00+00:00,64.6336,64.65,64.6301,64.65,3062.0,10.0,64.634151
SQQQ,2026-01-12 23:23:00+00:00,64.6403,64.6403,64.6403,64.6403,236.0,5.0,64.6403
SQQQ,2026-01-12 23:24:00+00:00,64.65,64.65,64.6494,64.6494,486.0,9.0,64.6498
SQQQ,2026-01-12 23:25:00+00:00,64.65,64.65,64.6402,64.65,1204.0,8.0,64.64706
SQQQ,2026-01-12 23:27:00+00:00,64.66,64.66,64.66,64.66,308.0,5.0,64.66
SQQQ,2026-01-12 23:28:00+00:00,64.67,64.68,64.67,64.68,1167.0,19.0,64.677778
SQQQ,2026-01-12 23:29:00+00:00,64.6898,64.7,64.6898,64.7,1455.0,28.0,64.692148
SQQQ,2026-01-12 23:30:00+00:00,64.7,64.73,64.7,64.73,9328.0,26.0,64.710547
SQQQ,2026-01-12 23:31:00+00:00,64.72,64.73,64.72,64.73,2892.0,4.0,64.725366
SQQQ,2026-01-12 23:32:00+00:00,64.72,64.72,64.69,64.69,2242.0,13.0,64.708247
SQQQ,2026-01-12 23:33:00+00:00,64.69,64.69,64.6899,64.6899,455.0,5.0,64.68995
SQQQ,2026-01-12 23:34:00+00:00,64.7,64.7,64.7,64.7,791.0,14.0,64.7
SQQQ,2026-01-12 23:36:00+00:00,64.7,64.7,64.7,64.7,831.0,12.0,64.7
SQQQ,2026-01-12 23:37:00+00:00,64.709,64.72,64.709,64.72,624.0,5.0,64.715131
SQQQ,2026-01-12 23:39:00+00:00,64.7,64.72,64.7,64.72,15157.0,22.0,64.70635
SQQQ,2026-01-12 23:40:00+00:00,64.73,64.79,64.73,64.7801,16113.0,57.0,64.771703
SQQQ,2026-01-12 23:41:00+00:00,64.77,64.77,64.75,64.7536,3883.0,12.0,64.759437
SQQQ,2026-01-12 23:42:00+00:00,64.7584,64.77,64.7584,64.7618,1810.0,7.0,64.766968
SQQQ,2026-01-12 23:43:00+00:00,64.7616,64.77,64.7518,64.7518,932.0,12.0,64.7558
SQQQ,2026-01-12 23:44:00+00:00,64.7408,64.7716,64.7408,64.7716,763.0,8.0,64.7628
SQQQ,2026-01-12 23:45:00+00:00,64.7701,64.8,64.7701,64.8,7757.0,67.0,64.789718
SQQQ,2026-01-12 23:46:00+00:00,64.81,64.81,64.8,64.8,1360.0,24.0,64.805585
SQQQ,2026-01-12 23:47:00+00:00,64.8,64.86,64.8,64.85,12689.0,65.0,64.839229
SQQQ,2026-01-12 23:48:00+00:00,64.821,64.85,64.8204,64.85,3393.0,17.0,64.829877
SQQQ,2026-01-12 23:49:00+00:00,64.8497,64.88,64.84,64.8705,7689.0,48.0,64.858982
SQQQ,2026-01-12 23:50:00+00:00,64.87,64.88,64.87,64.87,5114.0,30.0,64.872415
SQQQ,2026-01-12 23:51:00+00:00,64.84,64.89,64.84,64.88,4452.0,49.0,64.867366
SQQQ,2026-01-12 23:52:00+00:00,64.881,64.8897,64.88,64.88,3046.0,23.0,64.881811
SQQQ,2026-01-12 23:53:00+00:00,64.8784,64.88,64.87,64.88,3550.0,9.0,64.873669
SQQQ,2026-01-12 23:54:00+00:00,64.89,64.91,64.89,64.91,8943.0,52.0,64.894678
SQQQ,2026-01-12 23:55:00+00:00,64.91,64.93,64.91,64.93,4790.0,44.0,64.92062
SQQQ,2026-01-12 23:56:00+00:00,64.92,64.92,64.89,64.89,1630.0,14.0,64.894444
SQQQ,2026-01-12 23:57:00+00:00,64.9095,64.9199,64.8922,64.9199,4366.0,28.0,64.909461
SQQQ,2026-01-12 23:58:00+00:00,64.93,64.93,64.91,64.9224,8017.0,63.0,64.924262
SQQQ,2026-01-12 23:59:00+00:00,64.9135,64.9135,64.9135,64.9135,480.0,94.0,64.9135
SQQQ,2026-01-13 00:00:00+00:00,64.95,64.97,64.9409,64.96,12778.0,352.0,64.950904
SQQQ,2026-01-13 00:01:00+00:00,64.9501,64.99,64.9501,64.97,11773.0,598.0,64.97824
SQQQ,2026-01-13 00:02:00+00:00,64.92,64.95,64.92,64.94,19548.0,89.0,64.936177
SQQQ,2026-01-13 00:03:00+00:00,64.93,64.96,64.93,64.96,5398.0,18.0,64.945138
SQQQ,2026-01-13 00:04:00+00:00,64.99,65.02,64.99,64.99,18504.0,165.0,65.003707
SQQQ,2026-01-13 00:05:00+00:00,64.9717,64.9717,64.9537,64.9537,1113.0,18.0,64.960607
SQQQ,2026-01-13 00:06:00+00:00,64.96,64.9797,64.96,64.97,4960.0,28.0,64.974006
SQQQ,2026-01-13 00:07:00+00:00,64.9601,64.9601,64.9601,64.9601,481.0,26.0,64.9601
SQQQ,2026-01-13 00:08:00+00:00,64.9702,64.98,64.97,64.97,1038.0,30.0,64.972284
SQQQ,2026-01-13 00:09:00+00:00,64.98,64.9995,64.98,64.989,7407.0,16.0,64.990178
SQQQ,2026-01-13 00:10:00+00:00,64.97,64.98,64.9697,64.98,1174.0,12.0,64.971667
SQQQ,2026-01-13 00:11:00+00:00,64.97,64.97,64.95,64.9692,11390.0,87.0,64.955711
SQQQ,2026-01-13 00:12:00+00:00,64.9684,64.98,64.9684,64.98,4854.0,111.0,64.973288
SQQQ,2026-01-13 00:13:00+00:00,64.98,64.99,64.96,64.96,11936.0,86.0,64.970323
SQQQ,2026-01-13 00:14:00+00:00,64.98,64.98,64.9775,64.9775,1542.0,153.0,64.979722
SQQQ,2026-01-13 00:15:00+00:00,64.99,64.99,64.98,64.99,1464.0,26.0,64.988475
SQQQ,2026-01-13 00:16:00+00:00,64.96,64.96,64.94,64.96,1804.0,114.0,64.958026
SQQQ,2026-01-13 00:17:00+00:00,64.9511,64.96,64.9511,64.96,2717.0,182.0,64.959623
SQQQ,2026-01-13 00:18:00+00:00,64.96,64.96,64.96,64.96,452.0,13.0,64.96
SQQQ,2026-01-13 00:19:00+00:00,64.95,64.95,64.9163,64.93,1772.0,106.0,64.933158
SQQQ,2026-01-13 00:21:00+00:00,64.95,64.95,64.9226,64.9226,1844.0,68.0,64.931841
SQQQ,2026-01-13 00:22:00+00:00,64.91,64.95,64.91,64.95,482.0,59.0,64.926
SQQQ,2026-01-13 00:23:00+00:00,64.93,64.93,64.93,64.93,1269.0,161.0,64.93
SQQQ,2026-01-13 00:24:00+00:00,64.94,64.9701,64.94,64.9701,2798.0,218.0,64.950094
SQQQ,2026-01-13 00:25:00+00:00,64.97,64.97,64.9409,64.97,6011.0,184.0,64.950908
SQQQ,2026-01-13 00:26:00+00:00,64.98,64.98,64.97,64.97,1384.0,130.0,64.975525
SQQQ,2026-01-13 00:27:00+00:00,64.96,64.96,64.9501,64.9501,4075.0,196.0,64.957396
SQQQ,2026-01-13 00:28:00+00:00,64.97,64.97,64.97,64.97,1705.0,295.0,64.97
SQQQ,2026-01-13 00:29:00+00:00,64.97,65.0,64.97,65.0,17808.0,722.0,64.984683
SQQQ,2026-01-13 00:30:00+00:00,65.0,65.01,64.99,65.01,19992.0,714.0,64.999827
SQQQ,2026-01-13 00:31:00+00:00,65.0016,65.04,64.9946,65.0,6741.0,770.0,65.014283
SQQQ,2026-01-13 00:32:00+00:00,65.0,65.04,65.0,65.03,14921.0,634.0,65.00868
SQQQ,2026-01-13 00:33:00+00:00,65.04,65.0654,65.04,65.0654,13299.0,527.0,65.051895
SQQQ,2026-01-13 00:34:00+00:00,65.06,65.06,65.03,65.0401,2699.0,22.0,65.042277
SQQQ,2026-01-13 00:35:00+00:00,65.05,65.06,65.02,65.0303,3480.0,14.0,65.043966
SQQQ,2026-01-13 00:36:00+00:00,65.05,65.05,65.05,65.05,453.0,8.0,65.05
SQQQ,2026-01-13 00:37:00+00:00,65.04,65.04,65.04,65.04,2210.0,11.0,65.04
SQQQ,2026-01-13 00:38:00+00:00,65.03,65.06,65.03,65.06,6887.0,29.0,65.047548
SQQQ,2026-01-13 00:40:00+00:00,65.05,65.0518,65.04,65.04,3697.0,10.0,65.049434
SQQQ,2026-01-13 00:41:00+00:00,65.05,65.0684,65.05,65.0668,3329.0,15.0,65.059249
SQQQ,2026-01-13 00:42:00+00:00,65.05,65.0696,65.05,65.0502,10111.0,17.0,65.051762
SQQQ,2026-01-13 00:43:00+00:00,65.0502,65.0568,65.05,65.0568,3952.0,11.0,65.055541
SQQQ,2026-01-13 00:45:00+00:00,65.05,65.05,65.02,65.02,6542.0,8.0,65.023225
SQQQ,2026-01-13 00:46:00+00:00,65.03,65.03,65.0,65.0199,10194.0,26.0,65.009462
SQQQ,2026-01-13 00:47:00+00:00,65.0101,65.03,65.0101,65.03,1493.0,12.0,65.022769
SQQQ,2026-01-13 00:48:00+00:00,65.02,65.02,65.02,65.02,2365.0,5.0,65.02
SQQQ,2026-01-13 00:49:00+00:00,65.0104,65.02,65.0104,65.0118,3258.0,7.0,65.018112
SQQQ,2026-01-13 00:50:00+00:00,65.01,65.04,65.0019,65.04,14834.0,24.0,65.017281
SQQQ,2026-01-13 00:51:00+00:00,65.0402,65.0502,65.0402,65.0502,3383.0,17.0,65.043258
SQQQ,2026-01-13 00:52:00+00:00,65.05,65.06,65.05,65.06,2564.0,16.0,65.058414
SQQQ,2026-01-13 00:53:00+00:00,65.04,65.07,65.04,65.0532,4089.0,32.0,65.056212
SQQQ,2026-01-13 00:54:00+00:00,65.069,65.07,65.069,65.07,8214.0,11.0,65.069694
SQQQ,2026-01-13 00:55:00+00:00,65.0499,65.06,65.0499,65.0599,9153.0,17.0,65.053024
SQQQ,2026-01-13 00:56:00+00:00,65.05,65.0518,65.05,65.0501,3165.0,14.0,65.0501
SQQQ,2026-01-13 00:57:00+00:00,65.05,65.06,65.05,65.06,11897.0,20.0,65.058927
SQQQ,2026-01-13 00:58:00+00:00,65.06,65.06,65.05,65.05,9831.0,21.0,65.055551
SQQQ,2026-01-13 00:59:00+00:00,65.0251,65.05,65.02,65.0309,10685.0,37.0,65.033737
SQQQ,2026-01-13 09:00:00+00:00,64.84,64.84,64.78,64.78,12200.0,97.0,64.823913
SQQQ,2026-01-13 09:01:00+00:00,64.77,64.78,64.76,64.77,2781.0,20.0,64.769805
SQQQ,2026-01-13 09:02:00+00:00,64.78,64.78,64.77,64.77,1167.0,9.0,64.778095
SQQQ,2026-01-13 09:03:00+00:00,64.73,64.73,64.69,64.7,2059.0,16.0,64.70504
SQQQ,2026-01-13 09:04:00+00:00,64.7,64.75,64.68,64.75,64320.0,115.0,64.706326
SQQQ,2026-01-13 09:05:00+00:00,64.74,64.76,64.73,64.73,5613.0,29.0,64.745856
SQQQ,2026-01-13 09:06:00+00:00,64.73,64.75,64.73,64.74,1260.0,11.0,64.741589
SQQQ,2026-01-13 09:07:00+00:00,64.75,64.75,64.73,64.73,1280.0,15.0,64.74
SQQQ,2026-01-13 09:08:00+00:00,64.72,64.74,64.72,64.74,1274.0,10.0,64.734889
SQQQ,2026-01-13 09:09:00+00:00,64.78,64.78,64.78,64.78,462.0,8.0,64.78
SQQQ,2026-01-13 09:12:00+00:00,64.73,64.74,64.7,64.7,1592.0,35.0,64.718495
SQQQ,2026-01-13 09:13:00+00:00,64.71,64.71,64.71,64.71,1239.0,13.0,64.71
SQQQ,2026-01-13 09:14:00+00:00,64.71,64.71,64.71,64.71,610.0,4.0,64.71
SQQQ,2026-01-13 09:15:00+00:00,64.7,64.7,64.7,64.7,363.0,16.0,64.7
SQQQ,2026-01-13 09:16:00+00:00,64.7,64.7,64.7,64.7,1709.0,7.0,64.7
SQQQ,2026-01-13 09:17:00+00:00,64.69,64.69,64.69,64.69,542.0,9.0,64.69
SQQQ,2026-01-13 09:18:00+00:00,64.68,64.68,64.65,64.67,1489.0,23.0,64.668944
SQQQ,2026-01-13 09:19:00+00:00,64.66,64.66,64.66,64.66,264.0,35.0,64.66
SQQQ,2026-01-13 09:21:00+00:00,64.68,64.69,64.68,64.69,619.0,11.0,64.685
SQQQ,2026-01-13 09:22:00+00:00,64.67,64.67,64.67,64.67,312.0,8.0,64.67
SQQQ,2026-01-13 09:23:00+00:00,64.68,64.68,64.68,64.68,224.0,10.0,64.68
SQQQ,2026-01-13 09:24:00+00:00,64.71,64.71,64.71,64.71,147.0,9.0,64.71
SQQQ,2026-01-13 09:25:00+00:00,64.71,64.71,64.71,64.71,100.0,1.0,64.71
SQQQ,2026-01-13 09:27:00+00:00,64.72,64.72,64.72,64.72,157.0,3.0,64.72
SQQQ,2026-01-13 09:28:00+00:00,64.72,64.72,64.72,64.72,349.0,6.0,64.72
SQQQ,2026-01-13 09:30:00+00:00,64.73,64.73,64.73,64.73,1644.0,11.0,64.73
SQQQ,2026-01-13 09:33:00+00:00,64.72,64.73,64.72,64.73,600.0,6.0,64.722
SQQQ,2026-01-13 09:34:00+00:00,64.73,64.73,64.73,64.73,100.0,1.0,64.73
SQQQ,2026-01-13 09:35:00+00:00,64.74,64.76,64.74,64.76,222.0,6.0,64.75
SQQQ,2026-01-13 09:37:00+00:00,64.78,64.79,64.78,64.79,859.0,12.0,64.784249
SQQQ,2026-01-13 09:38:00+00:00,64.77,64.77,64.77,64.77,204.0,5.0,64.77
SQQQ,2026-01-13 09:39:00+00:00,64.77,64.78,64.77,64.78,5676.0,31.0,64.771008
SQQQ,2026-01-13 09:40:00+00:00,64.79,64.79,64.79,64.79,835.0,6.0,64.79
SQQQ,2026-01-13 09:41:00+00:00,64.8,64.8,64.8,64.8,3418.0,31.0,64.8
SQQQ,2026-01-13 09:42:00+00:00,64.81,64.82,64.81,64.82,3059.0,24.0,64.819327
SQQQ,2026-01-13 09:43:00+00:00,64.86,64.92,64.86,64.92,4620.0,48.0,64.910878
SQQQ,2026-01-13 09:44:00+00:00,64.92,64.94,64.92,64.93,1399.0,25.0,64.936426
SQQQ,2026-01-13 09:45:00+00:00,64.92,64.93,64.92,64.93,1450.0,18.0,64.921538
SQQQ,2026-01-13 09:46:00+00:00,64.91,64.91,64.89,64.89,3778.0,28.0,64.893717
SQQQ,2026-01-13 09:47:00+00:00,64.87,64.87,64.87,64.87,176.0,7.0,64.87
SQQQ,2026-01-13 09:48:00+00:00,64.84,64.84,64.83,64.83,3230.0,31.0,64.83877
SQQQ,2026-01-13 09:52:00+00:00,64.79,64.79,64.79,64.79,3038.0,27.0,64.79
SQQQ,2026-01-13 09:54:00+00:00,64.8,64.8,64.8,64.8,204.0,2.0,64.8
SQQQ,2026-01-13 09:55:00+00:00,64.82,64.82,64.82,64.82,2672.0,8.0,64.82
SQQQ,2026-01-13 09:57:00+00:00,64.8,64.81,64.8,64.81,4594.0,12.0,64.807122
SQQQ,2026-01-13 09:58:00+00:00,64.81,64.81,64.78,64.78,3951.0,14.0,64.783661
SQQQ,2026-01-13 10:00:00+00:00,64.81,64.81,64.81,64.81,167.0,6.0,64.81
SQQQ,2026-01-13 10:01:00+00:00,64.81,64.81,64.81,64.81,2670.0,9.0,64.81
SQQQ,2026-01-13 10:02:00+00:00,64.83,64.83,64.8,64.8,455.0,5.0,64.8075
SQQQ,2026-01-13 10:04:00+00:00,64.84,64.87,64.84,64.87,703.0,5.0,64.855714
SQQQ,2026-01-13 10:05:00+00:00,64.88,64.9,64.87,64.87,737.0,9.0,64.881408
SQQQ,2026-01-13 10:06:00+00:00,64.9,64.9,64.9,64.9,114.0,6.0,64.9
SQQQ,2026-01-13 10:07:00+00:00,64.89,64.89,64.89,64.89,121.0,2.0,64.89
SQQQ,2026-01-13 10:09:00+00:00,64.94,64.94,64.94,64.94,117.0,6.0,64.94
SQQQ,2026-01-13 10:10:00+00:00,64.96,64.98,64.96,64.97,1287.0,13.0,64.966667
SQQQ,2026-01-13 10:11:00+00:00,64.95,64.96,64.95,64.95,1705.0,12.0,64.956134
SQQQ,2026-01-13 10:12:00+00:00,64.92,64.93,64.92,64.93,1046.0,14.0,64.923792
SQQQ,2026-01-13 10:13:00+00:00,65.0,65.0,65.0,65.0,1392.0,29.0,65.0
SQQQ,2026-01-13 10:14:00+00:00,65.0,65.07,65.0,65.07,2841.0,42.0,65.054864
SQQQ,2026-01-13 10:15:00+00:00,65.07,65.1,65.06,65.09,6941.0,58.0,65.078855
SQQQ,2026-01-13 10:16:00+00:00,65.09,65.09,65.07,65.07,1382.0,24.0,65.079
SQQQ,2026-01-13 10:17:00+00:00,65.07,65.07,65.05,65.05,1634.0,14.0,65.064801
SQQQ,2026-01-13 10:18:00+00:00,65.05,65.05,65.04,65.04,726.0,13.0,65.041667
SQQQ,2026-01-13 10:19:00+00:00,65.04,65.04,65.02,65.02,2912.0,38.0,65.037209
SQQQ,2026-01-13 10:20:00+00:00,65.02,65.02,65.01,65.01,376.0,6.0,65.013333
SQQQ,2026-01-13 10:21:00+00:00,64.99,65.01,64.99,65.0,1215.0,10.0,64.995833
SQQQ,2026-01-13 10:23:00+00:00,65.01,65.02,65.01,65.02,545.0,8.0,65.012
SQQQ,2026-01-13 10:24:00+00:00,65.0,65.0,64.98,64.98,481.0,6.0,64.99
SQQQ,2026-01-13 10:25:00+00:00,65.01,65.01,65.01,65.01,309.0,5.0,65.01
SQQQ,2026-01-13 10:27:00+00:00,65.02,65.02,65.02,65.02,231.0,5.0,65.02
SQQQ,2026-01-13 10:29:00+00:00,65.03,65.03,65.02,65.03,777.0,12.0,65.028333
SQQQ,2026-01-13 10:31:00+00:00,65.01,65.01,65.01,65.01,553.0,8.0,65.01
SQQQ,2026-01-13 10:32:00+00:00,65.01,65.01,65.01,65.01,323.0,13.0,65.01
SQQQ,2026-01-13 10:34:00+00:00,64.99,64.99,64.99,64.99,400.0,5.0,64.99
SQQQ,2026-01-13 10:35:00+00:00,65.0,65.0,64.99,64.99,327.0,5.0,64.996667
SQQQ,2026-01-13 10:36:00+00:00,64.97,64.97,64.97,64.97,1352.0,8.0,64.97
SQQQ,2026-01-13 10:37:00+00:00,64.97,64.97,64.96,64.96,1168.0,19.0,64.961111
SQQQ,2026-01-13 10:38:00+00:00,64.95,64.95,64.93,64.93,1515.0,20.0,64.946494
SQQQ,2026-01-13 10:42:00+00:00,64.99,65.02,64.99,65.02,1876.0,32.0,65.007258
SQQQ,2026-01-13 10:43:00+00:00,65.01,65.02,65.01,65.01,2681.0,22.0,65.018182
SQQQ,2026-01-13 10:44:00+00:00,65.01,65.02,65.01,65.02,509.0,8.0,65.013333
SQQQ,2026-01-13 10:45:00+00:00,65.02,65.02,65.02,65.02,1893.0,18.0,65.02
SQQQ,2026-01-13 10:46:00+00:00,65.02,65.02,65.02,65.02,290.0,7.0,65.02
SQQQ,2026-01-13 10:47:00+00:00,65.01,65.01,65.0,65.0,720.0,12.0,65.006
SQQQ,2026-01-13 10:48:00+00:00,65.02,65.02,65.02,65.02,190.0,3.0,65.02
SQQQ,2026-01-13 10:49:00+00:00,65.03,65.03,65.03,65.03,6812.0,42.0,65.03
SQQQ,2026-01-13 10:50:00+00:00,65.02,65.02,65.02,65.02,330.0,4.0,65.02
SQQQ,2026-01-13 10:53:00+00:00,65.02,65.04,65.02,65.04,1551.0,16.0,65.038653
SQQQ,2026-01-13 10:55:00+00:00,65.06,65.06,65.03,65.03,5029.0,55.0,65.053916
SQQQ,2026-01-13 10:57:00+00:00,65.06,65.06,65.06,65.06,426.0,4.0,65.06
SQQQ,2026-01-13 10:58:00+00:00,65.06,65.06,65.04,65.04,400.0,4.0,65.05
SQQQ,2026-01-13 10:59:00+00:00,65.06,65.06,65.06,65.06,15723.0,78.0,65.06
SQQQ,2026-01-13 11:01:00+00:00,65.06,65.06,65.06,65.06,135.0,4.0,65.06
SQQQ,2026-01-13 11:02:00+00:00,65.06,65.06,65.04,65.04,920.0,6.0,65.046813
SQQQ,2026-01-13 11:04:00+00:00,65.0,65.0,65.0,65.0,785.0,8.0,65.0
SQQQ,2026-01-13 11:05:00+00:00,65.0,65.0,65.0,65.0,245.0,6.0,65.0
SQQQ,2026-01-13 11:06:00+00:00,64.98,64.99,64.98,64.99,3226.0,38.0,64.986415
SQQQ,2026-01-13 11:07:00+00:00,64.96,64.96,64.96,64.96,1213.0,13.0,64.96
SQQQ,2026-01-13 11:08:00+00:00,64.93,64.93,64.93,64.93,228.0,5.0,64.93
SQQQ,2026-01-13 11:09:00+00:00,64.93,64.94,64.92,64.94,2262.0,18.0,64.92463
SQQQ,2026-01-13 11:10:00+00:00,64.95,64.95,64.95,64.95,118.0,2.0,64.95
SQQQ,2026-01-13 11:13:00+00:00,65.0,65.0,65.0,65.0,143.0,4.0,65.0
SQQQ,2026-01-13 11:15:00+00:00,65.02,65.02,65.02,65.02,315.0,4.0,65.02
SQQQ,2026-01-13 11:16:00+00:00,65.02,65.02,65.02,65.02,135.0,3.0,65.02
SQQQ,2026-01-13 11:17:00+00:00,65.0,65.01,65.0,65.01,715.0,11.0,65.001667
SQQQ,2026-01-13 11:18:00+00:00,65.0,65.0,65.0,65.0,654.0,12.0,65.0
SQQQ,2026-01-13 11:20:00+00:00,64.97,65.0,64.97,65.0,10654.0,100.0,64.988155
SQQQ,2026-01-13 11:21:00+00:00,64.99,65.0,64.99,64.99,14209.0,107.0,64.990236
SQQQ,2026-01-13 11:22:00+00:00,64.96,64.96,64.95,64.96,1508.0,25.0,64.957335
SQQQ,2026-01-13 11:23:00+00:00,64.95,64.97,64.95,64.97,3053.0,28.0,64.953467
SQQQ,2026-01-13 11:24:00+00:00,64.99,65.0,64.96,64.96,888.0,19.0,64.986
SQQQ,2026-01-13 11:25:00+00:00,64.97,64.97,64.97,64.97,101.0,2.0,64.97
SQQQ,2026-01-13 11:27:00+00:00,64.97,64.97,64.97,64.97,557.0,9.0,64.97
SQQQ,2026-01-13 11:28:00+00:00,64.97,64.98,64.97,64.98,2105.0,27.0,64.975031
SQQQ,2026-01-13 11:29:00+00:00,64.98,64.98,64.98,64.98,280.0,7.0,64.98
SQQQ,2026-01-13 11:30:00+00:00,65.0,65.01,65.0,65.01,981.0,16.0,65.007843
SQQQ,2026-01-13 11:31:00+00:00,65.04,65.04,65.04,65.04,745.0,9.0,65.04
SQQQ,2026-01-13 11:32:00+00:00,65.03,65.07,65.03,65.05,2961.0,30.0,65.05037
SQQQ,2026-01-13 11:33:00+00:00,65.07,65.11,65.07,65.11,1708.0,23.0,65.08359
SQQQ,2026-01-13 11:34:00+00:00,65.09,65.1,65.09,65.1,401.0,7.0,65.093333
SQQQ,2026-01-13 11:36:00+00:00,65.1,65.1,65.1,65.1,600.0,10.0,65.1
SQQQ,2026-01-13 11:37:00+00:00,65.09,65.09,65.09,65.09,368.0,9.0,65.09
SQQQ,2026-01-13 11:39:00+00:00,65.05,65.05,65.05,65.05,4442.0,52.0,65.05
SQQQ,2026-01-13 11:41:00+00:00,65.05,65.05,65.03,65.03,3454.0,38.0,65.031737
SQQQ,2026-01-13 11:42:00+00:00,65.02,65.02,65.02,65.02,217.0,1.0,65.02
SQQQ,2026-01-13 11:44:00+00:00,65.04,65.08,65.04,65.08,2147.0,29.0,65.052511
SQQQ,2026-01-13 11:46:00+00:00,65.03,65.03,65.03,65.03,466.0,8.0,65.03
SQQQ,2026-01-13 11:47:00+00:00,65.04,65.04,65.04,65.04,365.0,9.0,65.04
SQQQ,2026-01-13 11:48:00+00:00,65.07,65.07,65.03,65.05,12205.0,78.0,65.056302
SQQQ,2026-01-13 11:49:00+00:00,65.04,65.06,65.04,65.04,1361.0,15.0,65.041988
SQQQ,2026-01-13 11:50:00+00:00,65.06,65.06,65.05,65.05,4244.0,64.0,65.050407
SQQQ,2026-01-13 11:51:00+00:00,65.05,65.05,65.01,65.02,7552.0,51.0,65.042281
SQQQ,2026-01-13 11:52:00+00:00,65.07,65.07,65.06,65.06,1986.0,31.0,65.068342
SQQQ,2026-01-13 11:53:00+00:00,65.05,65.05,65.05,65.05,1060.0,8.0,65.05
SQQQ,2026-01-13 11:54:00+00:00,65.03,65.03,64.99,64.99,2321.0,28.0,65.003949
SQQQ,2026-01-13 11:55:00+00:00,64.98,64.98,64.94,64.94,3663.0,39.0,64.959475
SQQQ,2026-01-13 11:56:00+00:00,64.93,64.93,64.93,64.93,292.0,13.0,64.93
SQQQ,2026-01-13 11:57:00+00:00,64.93,64.94,64.93,64.94,1953.0,28.0,64.939167
SQQQ,2026-01-13 11:58:00+00:00,64.91,64.91,64.91,64.91,659.0,19.0,64.91
SQQQ,2026-01-13 11:59:00+00:00,64.91,64.92,64.9,64.9,2620.0,26.0,64.90369
SQQQ,2026-01-13 12:00:00+00:00,64.9,64.97,64.9,64.95,5447.0,71.0,64.953215
SQQQ,2026-01-13 12:01:00+00:00,64.93,64.94,64.9,64.9,2845.0,36.0,64.933704
SQQQ,2026-01-13 12:02:00+00:00,64.88,64.889,64.88,64.889,2336.0,36.0,64.881125
SQQQ,2026-01-13 12:03:00+00:00,64.88,64.94,64.88,64.93,1950.0,22.0,64.895
SQQQ,2026-01-13 12:04:00+00:00,64.93,64.93,64.92,64.92,1007.0,11.0,64.92342
SQQQ,2026-01-13 12:06:00+00:00,64.87,64.9,64.87,64.89,2407.0,21.0,64.894338
SQQQ,2026-01-13 12:07:00+00:00,64.89,64.91,64.89,64.9,1409.0,15.0,64.9025
SQQQ,2026-01-13 12:08:00+00:00,64.91,64.91,64.91,64.91,300.0,3.0,64.91
SQQQ,2026-01-13 12:09:00+00:00,64.91,64.91,64.871,64.871,1721.0,8.0,64.88
SQQQ,2026-01-13 12:10:00+00:00,64.879,64.879,64.85,64.85,3618.0,37.0,64.860434
SQQQ,2026-01-13 12:11:00+00:00,64.87,64.87,64.87,64.87,538.0,9.0,64.87
SQQQ,2026-01-13 12:12:00+00:00,64.86,64.87,64.86,64.87,1185.0,11.0,64.864118
SQQQ,2026-01-13 12:13:00+00:00,64.88,64.88,64.86,64.86,990.0,14.0,64.868378
SQQQ,2026-01-13 12:14:00+00:00,64.87,64.87,64.87,64.87,140.0,2.0,64.87
SQQQ,2026-01-13 12:15:00+00:00,64.83,64.83,64.82,64.82,500.0,8.0,64.823356
SQQQ,2026-01-13 12:16:00+00:00,64.8,64.82,64.8,64.82,1458.0,32.0,64.802273
SQQQ,2026-01-13 12:17:00+00:00,64.85,64.85,64.82,64.82,1508.0,16.0,64.845
SQQQ,2026-01-13 12:18:00+00:00,64.86,64.86,64.86,64.86,2153.0,24.0,64.86
SQQQ,2026-01-13 12:20:00+00:00,64.84,64.84,64.84,64.84,150.0,2.0,64.84
SQQQ,2026-01-13 12:21:00+00:00,64.82,64.82,64.82,64.82,3155.0,15.0,64.82
SQQQ,2026-01-13 12:22:00+00:00,64.811,64.811,64.811,64.811,119.0,5.0,64.811
SQQQ,2026-01-13 12:23:00+00:00,64.82,64.83,64.81,64.83,8163.0,42.0,64.826893
SQQQ,2026-01-13 12:24:00+00:00,64.82,64.82,64.81,64.81,3412.0,31.0,64.819637
SQQQ,2026-01-13 12:25:00+00:00,64.82,64.82,64.82,64.82,222.0,4.0,64.82
SQQQ,2026-01-13 12:26:00+00:00,64.81,64.81,64.8,64.8,7897.0,64.0,64.806472
SQQQ,2026-01-13 12:27:00+00:00,64.79,64.79,64.781,64.781,521.0,9.0,64.7882
SQQQ,2026-01-13 12:28:00+00:00,64.79,64.79,64.78,64.78,3152.0,30.0,64.781722
SQQQ,2026-01-13 12:29:00+00:00,64.78,64.78,64.77,64.78,5060.0,26.0,64.770409
SQQQ,2026-01-13 12:30:00+00:00,64.771,64.8,64.77,64.8,2548.0,19.0,64.791211
SQQQ,2026-01-13 12:31:00+00:00,64.81,64.82,64.79,64.79,693.0,9.0,64.803338
SQQQ,2026-01-13 12:32:00+00:00,64.82,64.82,64.81,64.81,910.0,7.0,64.818896
SQQQ,2026-01-13 12:33:00+00:00,64.8,64.8,64.78,64.78,2106.0,23.0,64.791206
SQQQ,2026-01-13 12:34:00+00:00,64.8,64.8,64.8,64.8,2630.0,13.0,64.8
SQQQ,2026-01-13 12:35:00+00:00,64.8,64.8,64.8,64.8,300.0,3.0,64.8
SQQQ,2026-01-13 12:36:00+00:00,64.8,64.8,64.8,64.8,565.0,8.0,64.8
SQQQ,2026-01-13 12:37:00+00:00,64.8,64.8,64.79,64.79,4768.0,30.0,64.798717
SQQQ,2026-01-13 12:38:00+00:00,64.79,64.79,64.79,64.79,376.0,7.0,64.79
SQQQ,2026-01-13 12:39:00+00:00,64.77,64.77,64.76,64.76,4421.0,41.0,64.76948
SQQQ,2026-01-13 12:40:00+00:00,64.78,64.78,64.78,64.78,1278.0,16.0,64.78
SQQQ,2026-01-13 12:41:00+00:00,64.76,64.76,64.76,64.76,822.0,17.0,64.76
SQQQ,2026-01-13 12:42:00+00:00,64.77,64.77,64.77,64.77,108.0,3.0,64.77
SQQQ,2026-01-13 12:46:00+00:00,64.78,64.78,64.78,64.78,407.0,4.0,64.78
SQQQ,2026-01-13 12:47:00+00:00,64.79,64.79,64.79,64.79,214.0,3.0,64.79
SQQQ,2026-01-13 12:48:00+00:00,64.8,64.8,64.8,64.8,1173.0,14.0,64.8
SQQQ,2026-01-13 12:49:00+00:00,64.81,64.82,64.8,64.82,3008.0,11.0,64.815125
SQQQ,2026-01-13 12:50:00+00:00,64.83,64.83,64.79,64.79,7169.0,41.0,64.793188
SQQQ,2026-01-13 12:51:00+00:00,64.79,64.84,64.79,64.84,18667.0,57.0,64.824496
SQQQ,2026-01-13 12:52:00+00:00,64.83,64.83,64.81,64.81,3918.0,22.0,64.825017
SQQQ,2026-01-13 12:53:00+00:00,64.83,64.83,64.82,64.82,413.0,4.0,64.825
SQQQ,2026-01-13 12:54:00+00:00,64.85,64.88,64.85,64.88,3619.0,28.0,64.852059
SQQQ,2026-01-13 12:55:00+00:00,64.88,64.93,64.88,64.93,21487.0,107.0,64.898192
SQQQ,2026-01-13 12:56:00+00:00,64.94,64.96,64.94,64.95,2133.0,24.0,64.948378
SQQQ,2026-01-13 12:57:00+00:00,64.94,64.95,64.92,64.92,2143.0,24.0,64.942438
SQQQ,2026-01-13 12:58:00+00:00,64.92,64.97,64.92,64.97,2918.0,18.0,64.948943
SQQQ,2026-01-13 12:59:00+00:00,64.97,64.97,64.96,64.96,390.0,7.0,64.965
SQQQ,2026-01-13 13:00:00+00:00,64.89,65.11,64.66,64.92,212794.0,894.0,64.86032
SQQQ,2026-01-13 13:01:00+00:00,64.84,65.04,64.68,64.89,135641.0,870.0,64.843881
SQQQ,2026-01-13 13:02:00+00:00,64.81,65.06,64.67,64.71,31005.0,159.0,64.805832
SQQQ,2026-01-13 13:03:00+00:00,64.81,64.87,64.76,64.86,3597.0,32.0,64.822759
SQQQ,2026-01-13 13:04:00+00:00,64.8502,64.8502,64.84,64.8411,8688.0,21.0,64.84929
SQQQ,2026-01-13 13:05:00+00:00,64.84,64.86,64.84,64.86,9951.0,39.0,64.845618
SQQQ,2026-01-13 13:06:00+00:00,64.8696,64.88,64.8695,64.88,1316.0,15.0,64.873961
SQQQ,2026-01-13 13:07:00+00:00,64.8498,64.8502,64.84,64.84,2677.0,29.0,64.843122
SQQQ,2026-01-13 13:08:00+00:00,64.84,64.8495,64.84,64.84,2370.0,17.0,64.840826
SQQQ,2026-01-13 13:09:00+00:00,64.85,64.88,64.85,64.86,2079.0,16.0,64.858718
SQQQ,2026-01-13 13:10:00+00:00,64.8602,64.8616,64.85,64.8597,2447.0,15.0,64.857836
SQQQ,2026-01-13 13:11:00+00:00,64.87,64.8715,64.83,64.83,6933.0,36.0,64.851503
SQQQ,2026-01-13 13:12:00+00:00,64.8401,64.89,64.8401,64.89,3717.0,15.0,64.876735
SQQQ,2026-01-13 13:13:00+00:00,64.88,64.89,64.88,64.89,6826.0,42.0,64.887057
SQQQ,2026-01-13 13:14:00+00:00,64.9,64.9,64.8898,64.8898,864.0,10.0,64.89582
SQQQ,2026-01-13 13:15:00+00:00,64.8912,64.93,64.8912,64.92,1578.0,22.0,64.908974
SQQQ,2026-01-13 13:16:00+00:00,64.92,64.95,64.92,64.93,7936.0,42.0,64.933778
SQQQ,2026-01-13 13:17:00+00:00,64.93,64.94,64.93,64.93,2948.0,25.0,64.936624
SQQQ,2026-01-13 13:18:00+00:00,64.95,64.95,64.93,64.95,8814.0,37.0,64.940433
SQQQ,2026-01-13 13:19:00+00:00,64.9597,64.98,64.94,64.94,7674.0,24.0,64.960272
SQQQ,2026-01-13 13:20:00+00:00,64.9597,64.98,64.94,64.97,16044.0,55.0,64.95732
SQQQ,2026-01-13 13:21:00+00:00,64.96,64.98,64.91,64.98,10159.0,76.0,64.955824
SQQQ,2026-01-13 13:22:00+00:00,64.98,64.98,64.92,64.93,5181.0,35.0,64.947771
SQQQ,2026-01-13 13:23:00+00:00,64.9297,64.97,64.9203,64.96,13284.0,57.0,64.954687
SQQQ,2026-01-13 13:24:00+00:00,64.97,64.98,64.9597,64.96,2733.0,29.0,64.967908
SQQQ,2026-01-13 13:25:00+00:00,64.96,64.96,64.9218,64.9218,2613.0,17.0,64.94529
SQQQ,2026-01-13 13:26:00+00:00,64.93,64.93,64.88,64.89,16921.0,110.0,64.907642
SQQQ,2026-01-13 13:27:00+00:00,64.87,64.8818,64.8597,64.8818,16662.0,50.0,64.870954
SQQQ,2026-01-13 13:28:00+00:00,64.89,64.9,64.84,64.84,5404.0,41.0,64.884804
SQQQ,2026-01-13 13:29:00+00:00,64.84,64.88,64.81,64.8623,19508.0,61.0,64.833149
SQQQ,2026-01-13 13:30:00+00:00,64.82,64.84,64.1,64.1391,333830.0,1610.0,64.383635
SQQQ,2026-01-13 13:31:00+00:00,64.11,64.2,63.87,63.8803,62309.0,742.0,64.051625
SQQQ,2026-01-13 13:32:00+00:00,63.87,63.94,63.82,63.86,106398.0,368.0,63.875993
SQQQ,2026-01-13 13:33:00+00:00,63.8701,64.12,63.87,64.06,205664.0,663.0,63.997036
SQQQ,2026-01-13 13:34:00+00:00,64.04,64.15,64.02,64.03,77124.0,340.0,64.063446
SQQQ,2026-01-13 13:35:00+00:00,64.0385,64.07,63.92,63.97,93112.0,402.0,63.980684
SQQQ,2026-01-13 13:36:00+00:00,64.0,64.13,63.99,64.13,50320.0,336.0,64.087876
SQQQ,2026-01-13 13:37:00+00:00,64.13,64.26,64.11,64.17,53382.0,302.0,64.185561
SQQQ,2026-01-13 13:38:00+00:00,64.17,64.34,64.17,64.32,64198.0,272.0,64.245309
SQQQ,2026-01-13 13:39:00+00:00,64.32,64.4018,64.25,64.3,105672.0,294.0,64.365602
SQQQ,2026-01-13 13:40:00+00:00,64.3,64.3102,64.22,64.22,63406.0,243.0,64.260199
SQQQ,2026-01-13 13:41:00+00:00,64.23,64.27,64.2,64.2,86637.0,337.0,64.236406
SQQQ,2026-01-13 13:42:00+00:00,64.2,64.25,64.17,64.25,61322.0,273.0,64.215378
SQQQ,2026-01-13 13:43:00+00:00,64.25,64.2684,64.18,64.19,11556.0,112.0,64.213951
SQQQ,2026-01-13 13:44:00+00:00,64.19,64.24,64.1403,64.24,16418.0,133.0,64.186955
SQQQ,2026-01-13 13:45:00+00:00,64.25,64.28,64.2285,64.28,24639.0,177.0,64.252691
SQQQ,2026-01-13 13:46:00+00:00,64.27,64.33,64.27,64.32,22524.0,143.0,64.303348
SQQQ,2026-01-13 13:47:00+00:00,64.32,64.42,64.3,64.33,29217.0,189.0,64.352904
SQQQ,2026-01-13 13:48:00+00:00,64.35,64.39,64.33,64.35,18343.0,104.0,64.350619
SQQQ,2026-01-13 13:49:00+00:00,64.35,64.41,64.35,64.3683,21474.0,164.0,64.380671
SQQQ,2026-01-13 13:50:00+00:00,64.37,64.38,64.31,64.33,17451.0,120.0,64.347946
SQQQ,2026-01-13 13:51:00+00:00,64.3385,64.45,64.33,64.45,15647.0,98.0,64.361337
SQQQ,2026-01-13 13:52:00+00:00,64.45,64.57,64.45,64.56,29153.0,190.0,64.519539
SQQQ,2026-01-13 13:53:00+00:00,64.55,64.56,64.45,64.45,30858.0,154.0,64.504143
SQQQ,2026-01-13 13:54:00+00:00,64.4485,64.46,64.4,64.4102,24384.0,135.0,64.428788
SQQQ,2026-01-13 13:55:00+00:00,64.42,64.47,64.41,64.47,57652.0,106.0,64.428601
SQQQ,2026-01-13 13:56:00+00:00,64.49,64.54,64.48,64.4882,17479.0,122.0,64.518031
SQQQ,2026-01-13 13:57:00+00:00,64.42,64.47,64.41,64.47,35286.0,135.0,64.440566
SQQQ,2026-01-13 13:58:00+00:00,64.45,64.45,64.38,64.3883,6536.0,62.0,64.405603
SQQQ,2026-01-13 13:59:00+00:00,64.39,64.3996,64.36,64.3799,12142.0,60.0,64.382126
SQQQ,2026-01-13 14:00:00+00:00,64.4,64.45,64.37,64.39,11518.0,79.0,64.412251
SQQQ,2026-01-13 14:01:00+00:00,64.39,64.4,64.37,64.37,10735.0,76.0,64.38107
SQQQ,2026-01-13 14:02:00+00:00,64.37,64.41,64.37,64.39,7256.0,58.0,64.384242
SQQQ,2026-01-13 14:03:00+00:00,64.4,64.42,64.4,64.4,7568.0,49.0,64.409968
SQQQ,2026-01-13 14:04:00+00:00,64.39,64.39,64.36,64.36,4941.0,32.0,64.383382
SQQQ,2026-01-13 14:05:00+00:00,64.3798,64.41,64.36,64.4,7941.0,73.0,64.382724
SQQQ,2026-01-13 14:06:00+00:00,64.38,64.4,64.38,64.39,6567.0,54.0,64.390511
SQQQ,2026-01-13 14:07:00+00:00,64.39,64.4,64.38,64.38,11229.0,66.0,64.392922
SQQQ,2026-01-13 14:08:00+00:00,64.38,64.41,64.38,64.4,8385.0,52.0,64.392168
SQQQ,2026-01-13 14:09:00+00:00,64.39,64.39,64.37,64.37,16266.0,91.0,64.383767
SQQQ,2026-01-13 14:10:00+00:00,64.37,64.41,64.36,64.36,5074.0,45.0,64.383871
SQQQ,2026-01-13 14:11:00+00:00,64.36,64.36,64.33,64.34,16357.0,103.0,64.341215
SQQQ,2026-01-13 14:12:00+00:00,64.36,64.43,64.36,64.41,14379.0,96.0,64.404895
SQQQ,2026-01-13 14:13:00+00:00,64.41,64.41,64.39,64.3985,5700.0,31.0,64.400786
SQQQ,2026-01-13 14:14:00+00:00,64.37,64.38,64.3518,64.38,12673.0,49.0,64.376807
SQQQ,2026-01-13 14:15:00+00:00,64.38,64.39,64.37,64.38,4003.0,29.0,64.377429
SQQQ,2026-01-13 14:16:00+00:00,64.36,64.3983,64.35,64.38,10534.0,66.0,64.36918
SQQQ,2026-01-13 14:17:00+00:00,64.38,64.38,64.35,64.35,5116.0,31.0,64.359412
SQQQ,2026-01-13 14:18:00+00:00,64.35,64.35,64.29,64.29,15701.0,102.0,64.309707
SQQQ,2026-01-13 14:19:00+00:00,64.3,64.3185,64.2985,64.3185,10012.0,47.0,64.304722
SQQQ,2026-01-13 14:20:00+00:00,64.31,64.31,64.24,64.25,13156.0,96.0,64.285811
SQQQ,2026-01-13 14:21:00+00:00,64.25,64.28,64.24,64.28,16998.0,61.0,64.250316
SQQQ,2026-01-13 14:22:00+00:00,64.28,64.28,64.24,64.24,5285.0,42.0,64.257194
SQQQ,2026-01-13 14:23:00+00:00,64.23,64.2485,64.2203,64.24,12876.0,82.0,64.22984
SQQQ,2026-01-13 14:24:00+00:00,64.24,64.24,64.19,64.2,10936.0,93.0,64.211785
SQQQ,2026-01-13 14:25:00+00:00,64.19,64.2,64.15,64.18,19304.0,96.0,64.175442
SQQQ,2026-01-13 14:26:00+00:00,64.18,64.22,64.1717,64.2099,14704.0,72.0,64.198497
SQQQ,2026-01-13 14:27:00+00:00,64.21,64.32,64.2,64.31,29343.0,97.0,64.264958
SQQQ,2026-01-13 14:28:00+00:00,64.31,64.48,64.31,64.4395,31643.0,205.0,64.425119
SQQQ,2026-01-13 14:29:00+00:00,64.48,64.54,64.48,64.5105,38147.0,127.0,64.511885
SQQQ,2026-01-13 14:30:00+00:00,64.53,64.6701,64.33,64.355,341161.0,1958.0,64.55966
SQQQ,2026-01-13 14:31:00+00:00,64.36,64.57,64.3525,64.5098,219186.0,1175.0,64.495247
SQQQ,2026-01-13 14:32:00+00:00,64.5,64.63,64.42,64.54,199188.0,1201.0,64.539069
SQQQ,2026-01-13 14:33:00+00:00,64.525,64.54,64.33,64.4499,324778.0,1466.0,64.407012
SQQQ,2026-01-13 14:34:00+00:00,64.46,64.47,64.26,64.28,123747.0,781.0,64.353916
SQQQ,2026-01-13 14:35:00+00:00,64.28,64.39,64.205,64.24,220600.0,1049.0,64.286548
SQQQ,2026-01-13 14:36:00+00:00,64.23,64.34,64.22,64.24,139978.0,732.0,64.263362
SQQQ,2026-01-13 14:37:00+00:00,64.23,64.4,64.19,64.3094,188861.0,911.0,64.278959
SQQQ,2026-01-13 14:38:00+00:00,64.31,64.388,64.26,64.33,124873.0,715.0,64.313723
SQQQ,2026-01-13 14:39:00+00:00,64.33,64.34,64.08,64.085,199926.0,1032.0,64.1652
SQQQ,2026-01-13 14:40:00+00:00,64.09,64.1,63.91,64.0,246706.0,1591.0,63.999698
SQQQ,2026-01-13 14:41:00+00:00,64.0,64.04,63.87,63.87,175192.0,974.0,63.940074
SQQQ,2026-01-13 14:42:00+00:00,63.86,64.07,63.85,64.005,360146.0,1470.0,63.943392
SQQQ,2026-01-13 14:43:00+00:00,64.0099,64.445,63.99,64.29,522005.0,3202.0,64.25989
SQQQ,2026-01-13 14:44:00+00:00,64.29,64.37,64.11,64.22,265687.0,1434.0,64.255654
SQQQ,2026-01-13 14:45:00+00:00,64.235,64.34,64.2,64.33,272026.0,1478.0,64.273253
SQQQ,2026-01-13 14:46:00+00:00,64.33,64.33,64.185,64.24,215141.0,1258.0,64.270966
SQQQ,2026-01-13 14:47:00+00:00,64.24,64.3,64.15,64.26,111823.0,779.0,64.244373
SQQQ,2026-01-13 14:48:00+00:00,64.25,64.4306,64.2,64.4,355940.0,1340.0,64.328306
SQQQ,2026-01-13 14:49:00+00:00,64.39,64.47,64.33,64.34,290840.0,1138.0,64.420799
SQQQ,2026-01-13 14:50:00+00:00,64.34,64.42,64.205,64.41,335807.0,1285.0,64.284187
SQQQ,2026-01-13 14:51:00+00:00,64.41,64.5961,64.41,64.57,232167.0,1137.0,64.494937
SQQQ,2026-01-13 14:52:00+00:00,64.57,64.585,64.3216,64.355,151715.0,869.0,64.469255
SQQQ,2026-01-13 14:53:00+00:00,64.35,64.41,64.23,64.25,117715.0,721.0,64.311787
SQQQ,2026-01-13 14:54:00+00:00,64.25,64.505,64.24,64.48,202022.0,889.0,64.377871
SQQQ,2026-01-13 14:55:00+00:00,64.49,64.5,64.35,64.45,118301.0,700.0,64.428883
SQQQ,2026-01-13 14:56:00+00:00,64.45,64.455,64.313,64.4074,69540.0,445.0,64.392545
SQQQ,2026-01-13 14:57:00+00:00,64.41,64.51,64.39,64.44,209799.0,771.0,64.444025
SQQQ,2026-01-13 14:58:00+00:00,64.43,64.5399,64.4008,64.5075,87210.0,452.0,64.468672
SQQQ,2026-01-13 14:59:00+00:00,64.5197,64.55,64.4732,64.5409,139916.0,405.0,64.519483
SQQQ,2026-01-13 15:00:00+00:00,64.55,64.6,64.3901,64.4,198113.0,965.0,64.52267
SQQQ,2026-01-13 15:01:00+00:00,64.41,64.61,64.4,64.51,178007.0,885.0,64.524042
SQQQ,2026-01-13 15:02:00+00:00,64.52,64.91,64.51,64.865,310633.0,1861.0,64.743243
SQQQ,2026-01-13 15:03:00+00:00,64.865,64.95,64.7601,64.78,221878.0,1404.0,64.863341
SQQQ,2026-01-13 15:04:00+00:00,64.79,64.847,64.64,64.68,223135.0,1025.0,64.718675
SQQQ,2026-01-13 15:05:00+00:00,64.67,64.71,64.48,64.56,148420.0,918.0,64.597242
SQQQ,2026-01-13 15:06:00+00:00,64.56,64.71,64.5401,64.55,163261.0,779.0,64.633123
SQQQ,2026-01-13 15:07:00+00:00,64.55,64.7,64.5,64.6499,160484.0,836.0,64.624453
SQQQ,2026-01-13 15:08:00+00:00,64.65,64.73,64.63,64.71,98545.0,551.0,64.679911
SQQQ,2026-01-13 15:09:00+00:00,64.73,64.84,64.7001,64.7902,165638.0,696.0,64.777832
SQQQ,2026-01-13 15:10:00+00:00,64.81,64.835,64.76,64.785,93060.0,559.0,64.800279
SQQQ,2026-01-13 15:11:00+00:00,64.78,64.885,64.77,64.845,90045.0,631.0,64.828537
SQQQ,2026-01-13 15:12:00+00:00,64.83,64.865,64.73,64.82,118132.0,566.0,64.80521
SQQQ,2026-01-13 15:13:00+00:00,64.83,64.885,64.8,64.8601,94509.0,532.0,64.844495
SQQQ,2026-01-13 15:14:00+00:00,64.8589,64.93,64.8026,64.81,130235.0,690.0,64.86612
SQQQ,2026-01-13 15:15:00+00:00,64.81,65.0,64.81,64.91,172280.0,895.0,64.928673
SQQQ,2026-01-13 15:16:00+00:00,64.91,64.95,64.8806,64.93,75515.0,486.0,64.920298
SQQQ,2026-01-13 15:17:00+00:00,64.925,65.005,64.9,64.9801,89104.0,665.0,64.962621
SQQQ,2026-01-13 15:18:00+00:00,65.0,65.165,64.97,65.15,172149.0,1069.0,65.07181
SQQQ,2026-01-13 15:19:00+00:00,65.15,65.175,65.03,65.03,147835.0,865.0,65.093476
SQQQ,2026-01-13 15:20:00+00:00,65.0301,65.2,65.025,65.195,202344.0,897.0,65.095329
SQQQ,2026-01-13 15:21:00+00:00,65.19,65.35,65.15,65.29,273568.0,1235.0,65.24206
SQQQ,2026-01-13 15:22:00+00:00,65.29,65.31,65.14,65.16,193162.0,1094.0,65.228899
SQQQ,2026-01-13 15:23:00+00:00,65.16,65.295,65.15,65.27,122694.0,832.0,65.228762
SQQQ,2026-01-13 15:24:00+00:00,65.27,65.435,65.2401,65.37,317789.0,1575.0,65.371924
SQQQ,2026-01-13 15:25:00+00:00,65.37,65.45,65.33,65.38,239921.0,1065.0,65.395771
SQQQ,2026-01-13 15:26:00+00:00,65.38,65.46,65.29,65.41,189148.0,1205.0,65.369897
SQQQ,2026-01-13 15:27:00+00:00,65.42,65.54,65.35,65.525,340425.0,1316.0,65.438901
SQQQ,2026-01-13 15:28:00+00:00,65.521,65.525,65.3612,65.4,226453.0,1473.0,65.455058
SQQQ,2026-01-13 15:29:00+00:00,65.41,65.41,65.32,65.33,106148.0,779.0,65.376406
SQQQ,2026-01-13 15:30:00+00:00,65.34,65.4314,65.32,65.405,121441.0,938.0,65.376926
SQQQ,2026-01-13 15:31:00+00:00,65.41,65.435,65.325,65.41,110834.0,985.0,65.382817
SQQQ,2026-01-13 15:32:00+00:00,65.41,65.43,65.32,65.345,106924.0,791.0,65.384405
SQQQ,2026-01-13 15:33:00+00:00,65.355,65.4,65.2329,65.255,100245.0,686.0,65.292299
SQQQ,2026-01-13 15:34:00+00:00,65.26,65.38,65.18,65.3075,200472.0,958.0,65.23496
SQQQ,2026-01-13 15:35:00+00:00,65.315,65.35,65.19,65.1983,86445.0,426.0,65.298251
SQQQ,2026-01-13 15:36:00+00:00,65.19,65.1984,65.065,65.07,172163.0,879.0,65.129919
SQQQ,2026-01-13 15:37:00+00:00,65.08,65.305,65.0329,65.21,286451.0,1295.0,65.187323
SQQQ,2026-01-13 15:38:00+00:00,65.24,65.41,65.24,65.33,148754.0,601.0,65.34275
SQQQ,2026-01-13 15:39:00+00:00,65.335,65.3999,65.28,65.359,82526.0,404.0,65.334963
SQQQ,2026-01-13 15:40:00+00:00,65.36,65.4068,65.305,65.32,88420.0,471.0,65.354872
SQQQ,2026-01-13 15:41:00+00:00,65.339,65.479,65.339,65.45,145173.0,622.0,65.416699
SQQQ,2026-01-13 15:42:00+00:00,65.46,65.49,65.32,65.36,122248.0,516.0,65.427592
SQQQ,2026-01-13 15:43:00+00:00,65.37,65.43,65.34,65.37,90091.0,453.0,65.377205
SQQQ,2026-01-13 15:44:00+00:00,65.375,65.4,65.34,65.4,58120.0,315.0,65.374693
SQQQ,2026-01-13 15:45:00+00:00,65.4,65.41,65.3022,65.31,85424.0,429.0,65.361208
SQQQ,2026-01-13 15:46:00+00:00,65.3125,65.3601,65.265,65.3041,50748.0,384.0,65.318526
SQQQ,2026-01-13 15:47:00+00:00,65.3,65.33,65.26,65.2984,87709.0,470.0,65.301964
SQQQ,2026-01-13 15:48:00+00:00,65.3,65.5,65.28,65.49,178391.0,759.0,65.418596
SQQQ,2026-01-13 15:49:00+00:00,65.4828,65.57,65.48,65.53,209966.0,682.0,65.524835
SQQQ,2026-01-13 15:50:00+00:00,65.5488,65.5488,65.31,65.32,146302.0,734.0,65.395476
SQQQ,2026-01-13 15:51:00+00:00,65.33,65.34,65.2299,65.28,78230.0,526.0,65.295328
SQQQ,2026-01-13 15:52:00+00:00,65.27,65.34,65.25,65.27,48307.0,318.0,65.312424
SQQQ,2026-01-13 15:53:00+00:00,65.27,65.2885,65.22,65.2224,55235.0,334.0,65.249879
SQQQ,2026-01-13 15:54:00+00:00,65.22,65.22,64.98,64.99,154712.0,933.0,65.094098
SQQQ,2026-01-13 15:55:00+00:00,64.9928,65.065,64.96,64.9601,131932.0,585.0,65.003949
SQQQ,2026-01-13 15:56:00+00:00,64.96,64.967,64.88,64.935,98807.0,488.0,64.924566
SQQQ,2026-01-13 15:57:00+00:00,64.93,65.06,64.9,65.06,61946.0,432.0,64.985028
SQQQ,2026-01-13 15:58:00+00:00,65.055,65.07,64.88,64.8859,80157.0,425.0,64.964051
SQQQ,2026-01-13 15:59:00+00:00,64.88,64.9784,64.88,64.936,74373.0,434.0,64.929373
SQQQ,2026-01-13 16:00:00+00:00,64.935,64.97,64.86,64.92,99302.0,471.0,64.93133
SQQQ,2026-01-13 16:01:00+00:00,64.9,64.93,64.865,64.9,53429.0,359.0,64.898623
SQQQ,2026-01-13 16:02:00+00:00,64.91,65.0,64.8826,64.97,73735.0,398.0,64.959982
SQQQ,2026-01-13 16:03:00+00:00,64.9799,64.98,64.91,64.94,41232.0,305.0,64.94383
SQQQ,2026-01-13 16:04:00+00:00,64.9033,64.9887,64.885,64.9887,55259.0,330.0,64.922864
SQQQ,2026-01-13 16:05:00+00:00,64.97,65.034,64.93,64.96,37871.0,283.0,64.981226
SQQQ,2026-01-13 16:06:00+00:00,64.97,64.98,64.85,64.88,110752.0,337.0,64.892128
SQQQ,2026-01-13 16:07:00+00:00,64.888,65.0,64.87,64.99,76362.0,311.0,64.940124
SQQQ,2026-01-13 16:08:00+00:00,65.0,65.0,64.8699,64.88,106949.0,307.0,64.937409
SQQQ,2026-01-13 16:09:00+00:00,64.8799,64.935,64.8699,64.8899,44584.0,284.0,64.904344
SQQQ,2026-01-13 16:10:00+00:00,64.89,64.94,64.8301,64.9254,58832.0,348.0,64.879869
SQQQ,2026-01-13 16:11:00+00:00,64.93,64.9485,64.86,64.87,89129.0,290.0,64.891395
SQQQ,2026-01-13 16:12:00+00:00,64.865,64.9,64.83,64.845,49953.0,264.0,64.857903
SQQQ,2026-01-13 16:13:00+00:00,64.85,64.89,64.81,64.8368,40874.0,234.0,64.844811
SQQQ,2026-01-13 16:14:00+00:00,64.83,64.8863,64.82,64.875,67183.0,237.0,64.841682
SQQQ,2026-01-13 16:15:00+00:00,64.875,64.875,64.7942,64.7942,74573.0,382.0,64.815199
SQQQ,2026-01-13 16:16:00+00:00,64.81,64.81,64.73,64.77,146789.0,526.0,64.760792
SQQQ,2026-01-13 16:17:00+00:00,64.77,64.83,64.72,64.82,78190.0,436.0,64.752736
SQQQ,2026-01-13 16:18:00+00:00,64.8199,64.82,64.77,64.79,41102.0,261.0,64.792939
SQQQ,2026-01-13 16:19:00+00:00,64.78,64.82,64.77,64.787,17021.0,149.0,64.800536
SQQQ,2026-01-13 16:20:00+00:00,64.785,64.835,64.75,64.77,30429.0,255.0,64.806742
SQQQ,2026-01-13 16:21:00+00:00,64.77,64.815,64.74,64.7699,36744.0,277.0,64.783424
SQQQ,2026-01-13 16:22:00+00:00,64.77,64.855,64.7547,64.8459,25805.0,242.0,64.801524
SQQQ,2026-01-13 16:23:00+00:00,64.8401,64.855,64.785,64.79,38246.0,230.0,64.821835
SQQQ,2026-01-13 16:24:00+00:00,64.7901,64.87,64.79,64.8196,57088.0,370.0,64.830223
SQQQ,2026-01-13 16:25:00+00:00,64.83,64.9,64.8199,64.86,57167.0,355.0,64.857196
SQQQ,2026-01-13 16:26:00+00:00,64.87,64.9389,64.865,64.91,60015.0,349.0,64.903579
SQQQ,2026-01-13 16:27:00+00:00,64.9246,65.28,64.92,64.95,415735.0,2172.0,65.115656
SQQQ,2026-01-13 16:28:00+00:00,64.95,64.98,64.86,64.87,117086.0,595.0,64.912032
SQQQ,2026-01-13 16:29:00+00:00,64.8832,64.92,64.83,64.85,47068.0,372.0,64.876692
SQQQ,2026-01-13 16:30:00+00:00,64.87,64.94,64.79,64.79,121837.0,627.0,64.849039
SQQQ,2026-01-13 16:31:00+00:00,64.8,64.8172,64.67,64.682,124829.0,673.0,64.732852
SQQQ,2026-01-13 16:32:00+00:00,64.685,64.705,64.6326,64.6429,94615.0,510.0,64.662845
SQQQ,2026-01-13 16:33:00+00:00,64.645,64.66,64.595,64.64,77089.0,369.0,64.61763
SQQQ,2026-01-13 16:34:00+00:00,64.6301,64.6372,64.55,64.555,51668.0,330.0,64.582764
SQQQ,2026-01-13 16:35:00+00:00,64.55,64.5736,64.505,64.53,56058.0,348.0,64.542764
SQQQ,2026-01-13 16:36:00+00:00,64.52,64.54,64.5099,64.53,56474.0,404.0,64.520392
SQQQ,2026-01-13 16:37:00+00:00,64.534,64.58,64.52,64.54,108527.0,415.0,64.550277
SQQQ,2026-01-13 16:38:00+00:00,64.535,64.56,64.52,64.53,33429.0,255.0,64.536785
SQQQ,2026-01-13 16:39:00+00:00,64.5398,64.56,64.5,64.5,44057.0,359.0,64.514932
SQQQ,2026-01-13 16:40:00+00:00,64.5,64.56,64.47,64.5276,49844.0,445.0,64.511936
SQQQ,2026-01-13 16:41:00+00:00,64.5276,64.55,64.4701,64.4742,48874.0,393.0,64.51501
SQQQ,2026-01-13 16:42:00+00:00,64.48,64.48,64.35,64.35,142895.0,1010.0,64.403359
SQQQ,2026-01-13 16:43:00+00:00,64.3599,64.3599,64.31,64.3189,119429.0,1368.0,64.334904
SQQQ,2026-01-13 16:44:00+00:00,64.315,64.3899,64.3,64.36,125776.0,1128.0,64.350175
SQQQ,2026-01-13 16:45:00+00:00,64.36,64.3775,64.315,64.32,100002.0,957.0,64.335309
SQQQ,2026-01-13 16:46:00+00:00,64.33,64.38,64.29,64.31,50824.0,824.0,64.322379
SQQQ,2026-01-13 16:47:00+00:00,64.32,64.3306,64.2338,64.2699,64633.0,729.0,64.280569
SQQQ,2026-01-13 16:48:00+00:00,64.27,64.31,64.25,64.2999,62319.0,827.0,64.271861
SQQQ,2026-01-13 16:49:00+00:00,64.3,64.3,64.1937,64.195,197468.0,2057.0,64.241177
SQQQ,2026-01-13 16:50:00+00:00,64.195,64.2,64.1591,64.1591,66606.0,1381.0,64.172418
SQQQ,2026-01-13 16:51:00+00:00,64.165,64.1855,64.07,64.085,116559.0,1431.0,64.125123
SQQQ,2026-01-13 16:52:00+00:00,64.085,64.11,64.0599,64.075,71550.0,1464.0,64.085299
SQQQ,2026-01-13 16:53:00+00:00,64.079,64.115,64.055,64.09,87517.0,1373.0,64.093412
SQQQ,2026-01-13 16:54:00+00:00,64.09,64.095,64.045,64.045,68446.0,629.0,64.069177
SQQQ,2026-01-13 16:55:00+00:00,64.05,64.05,64.0,64.025,219772.0,2359.0,64.00855
SQQQ,2026-01-13 16:56:00+00:00,64.02,64.05,63.98,63.995,341474.0,2585.0,64.00423
SQQQ,2026-01-13 16:57:00+00:00,64.0,64.0464,63.98,64.03,214967.0,1814.0,64.026469
SQQQ,2026-01-13 16:58:00+00:00,64.03,64.045,64.0,64.01,103419.0,1482.0,64.022096
SQQQ,2026-01-13 16:59:00+00:00,64.0,64.1116,63.995,64.1116,106245.0,1411.0,64.060897
SQQQ,2026-01-13 17:00:00+00:00,64.12,64.13,64.075,64.1,111732.0,1322.0,64.102482
SQQQ,2026-01-13 17:01:00+00:00,64.1,64.14,64.0808,64.135,86367.0,1123.0,64.10232
SQQQ,2026-01-13 17:02:00+00:00,64.13,64.16,64.075,64.085,106669.0,820.0,64.124617
SQQQ,2026-01-13 17:03:00+00:00,64.08,64.11,64.045,64.05,43957.0,296.0,64.081386
SQQQ,2026-01-13 17:04:00+00:00,64.05,64.09,64.05,64.065,29166.0,307.0,64.067043
SQQQ,2026-01-13 17:05:00+00:00,64.06,64.07,64.04,64.055,56904.0,411.0,64.056377
SQQQ,2026-01-13 17:06:00+00:00,64.05,64.08,64.05,64.065,36639.0,362.0,64.068715
SQQQ,2026-01-13 17:07:00+00:00,64.065,64.08,64.0418,64.08,46985.0,329.0,64.059695
SQQQ,2026-01-13 17:08:00+00:00,64.0646,64.1,64.0646,64.08,25410.0,227.0,64.082818
SQQQ,2026-01-13 17:09:00+00:00,64.07,64.15,64.06,64.1403,40603.0,300.0,64.110126
SQQQ,2026-01-13 17:10:00+00:00,64.145,64.17,64.12,64.155,268756.0,449.0,64.150458
SQQQ,2026-01-13 17:11:00+00:00,64.15,64.19,64.1451,64.1699,51977.0,319.0,64.172263
SQQQ,2026-01-13 17:12:00+00:00,64.1699,64.19,64.145,64.15,69076.0,344.0,64.160199
SQQQ,2026-01-13 17:13:00+00:00,64.155,64.212,64.15,64.205,42609.0,222.0,64.195363
SQQQ,2026-01-13 17:14:00+00:00,64.2073,64.225,64.1935,64.22,53256.0,270.0,64.209916
SQQQ,2026-01-13 17:15:00+00:00,64.23,64.3411,64.21,64.3401,87368.0,577.0,64.283469
SQQQ,2026-01-13 17:16:00+00:00,64.345,64.445,64.345,64.4442,92976.0,471.0,64.382916
SQQQ,2026-01-13 17:17:00+00:00,64.45,64.58,64.45,64.55,164995.0,800.0,64.530754
SQQQ,2026-01-13 17:18:00+00:00,64.565,64.5729,64.49,64.5301,82855.0,341.0,64.533678
SQQQ,2026-01-13 17:19:00+00:00,64.535,64.5465,64.455,64.475,108156.0,424.0,64.508355
SQQQ,2026-01-13 17:20:00+00:00,64.49,64.52,64.47,64.49,39257.0,227.0,64.496444
SQQQ,2026-01-13 17:21:00+00:00,64.4901,64.515,64.43,64.435,40930.0,251.0,64.486792
SQQQ,2026-01-13 17:22:00+00:00,64.4315,64.4315,64.3101,64.32,122157.0,448.0,64.352912
SQQQ,2026-01-13 17:23:00+00:00,64.32,64.3365,64.29,64.3,42604.0,204.0,64.311207
SQQQ,2026-01-13 17:24:00+00:00,64.295,64.32,64.28,64.3,37013.0,242.0,64.291916
SQQQ,2026-01-13 17:25:00+00:00,64.305,64.47,64.305,64.46,67632.0,352.0,64.407425
SQQQ,2026-01-13 17:26:00+00:00,64.46,64.505,64.46,64.4901,147967.0,399.0,64.491272
SQQQ,2026-01-13 17:27:00+00:00,64.485,64.5,64.435,64.455,37574.0,232.0,64.464579
SQQQ,2026-01-13 17:28:00+00:00,64.455,64.49,64.4,64.42,33118.0,211.0,64.448858
SQQQ,2026-01-13 17:29:00+00:00,64.415,64.45,64.415,64.42,30695.0,140.0,64.426362
SQQQ,2026-01-13 17:30:00+00:00,64.41,64.415,64.335,64.34,81566.0,296.0,64.382683
SQQQ,2026-01-13 17:31:00+00:00,64.34,64.78,64.325,64.47,685968.0,3265.0,64.572231
SQQQ,2026-01-13 17:32:00+00:00,64.48,64.56,64.42,64.42,77071.0,456.0,64.481338
SQQQ,2026-01-13 17:33:00+00:00,64.4,64.46,64.38,64.435,35500.0,248.0,64.434411
SQQQ,2026-01-13 17:34:00+00:00,64.425,64.435,64.38,64.385,51725.0,260.0,64.416595
SQQQ,2026-01-13 17:35:00+00:00,64.395,64.47,64.37,64.46,43056.0,339.0,64.410781
SQQQ,2026-01-13 17:36:00+00:00,64.455,64.46,64.4025,64.45,20853.0,194.0,64.437815
SQQQ,2026-01-13 17:37:00+00:00,64.445,64.52,64.445,64.498,34774.0,225.0,64.488279
SQQQ,2026-01-13 17:38:00+00:00,64.5,64.5352,64.485,64.5,74326.0,283.0,64.504128
SQQQ,2026-01-13 17:39:00+00:00,64.46,64.55,64.45,64.53,59529.0,332.0,64.514611
SQQQ,2026-01-13 17:40:00+00:00,64.5368,64.56,64.51,64.55,37820.0,256.0,64.534691
SQQQ,2026-01-13 17:41:00+00:00,64.545,64.59,64.51,64.515,38427.0,266.0,64.55844
SQQQ,2026-01-13 17:42:00+00:00,64.52,64.5764,64.52,64.54,24900.0,198.0,64.546706
SQQQ,2026-01-13 17:43:00+00:00,64.535,64.6664,64.535,64.665,46915.0,276.0,64.589787
SQQQ,2026-01-13 17:44:00+00:00,64.6699,64.735,64.65,64.71,76632.0,408.0,64.703706
SQQQ,2026-01-13 17:45:00+00:00,64.71,64.7513,64.67,64.7192,75819.0,456.0,64.713515
SQQQ,2026-01-13 17:46:00+00:00,64.72,64.73,64.655,64.7,145626.0,435.0,64.696259
SQQQ,2026-01-13 17:47:00+00:00,64.7001,64.75,64.6318,64.65,97106.0,478.0,64.698564
SQQQ,2026-01-13 17:48:00+00:00,64.64,64.695,64.62,64.655,98798.0,442.0,64.642795
SQQQ,2026-01-13 17:49:00+00:00,64.65,64.65,64.5634,64.575,42106.0,259.0,64.612652
SQQQ,2026-01-13 17:50:00+00:00,64.58,64.73,64.56,64.725,139893.0,659.0,64.629086
SQQQ,2026-01-13 17:51:00+00:00,64.73,64.78,64.72,64.745,77787.0,360.0,64.742616
SQQQ,2026-01-13 17:52:00+00:00,64.75,64.8269,64.745,64.8101,64108.0,449.0,64.790407
SQQQ,2026-01-13 17:53:00+00:00,64.815,64.95,64.815,64.9399,155701.0,698.0,64.887907
SQQQ,2026-01-13 17:54:00+00:00,64.935,64.9763,64.89,64.895,124160.0,506.0,64.939174
SQQQ,2026-01-13 17:55:00+00:00,64.89,65.03,64.89,65.0041,156603.0,733.0,64.977021
SQQQ,2026-01-13 17:56:00+00:00,65.02,65.07,64.95,65.0575,119850.0,619.0,65.01618
SQQQ,2026-01-13 17:57:00+00:00,65.055,65.1067,65.04,65.0701,207979.0,642.0,65.079712
SQQQ,2026-01-13 17:58:00+00:00,65.0784,65.215,65.0598,65.17,98113.0,663.0,65.131993
SQQQ,2026-01-13 17:59:00+00:00,65.16,65.17,65.025,65.0792,88516.0,586.0,65.107192
SQQQ,2026-01-13 18:00:00+00:00,65.08,65.21,65.04,65.165,236007.0,1215.0,65.143994
SQQQ,2026-01-13 18:01:00+00:00,65.17,65.245,65.1416,65.1493,150502.0,637.0,65.190077
SQQQ,2026-01-13 18:02:00+00:00,65.13,65.21,65.12,65.16,108122.0,398.0,65.155211
SQQQ,2026-01-13 18:03:00+00:00,65.1699,65.26,65.155,65.2172,77381.0,486.0,65.215003
SQQQ,2026-01-13 18:04:00+00:00,65.215,65.2219,65.12,65.1799,106703.0,566.0,65.184799
SQQQ,2026-01-13 18:05:00+00:00,65.17,65.1974,65.115,65.1472,66468.0,405.0,65.149406
SQQQ,2026-01-13 18:06:00+00:00,65.14,65.14,64.97,64.9799,120047.0,521.0,65.052676
SQQQ,2026-01-13 18:07:00+00:00,64.9746,65.035,64.96,65.025,66739.0,296.0,64.994461
SQQQ,2026-01-13 18:08:00+00:00,65.03,65.145,65.03,65.125,74739.0,453.0,65.111085
SQQQ,2026-01-13 18:09:00+00:00,65.13,65.1301,65.08,65.095,52209.0,274.0,65.115084
SQQQ,2026-01-13 18:10:00+00:00,65.1,65.165,65.07,65.1146,37116.0,320.0,65.108455
SQQQ,2026-01-13 18:11:00+00:00,65.115,65.13,65.07,65.1101,73319.0,224.0,65.098063
SQQQ,2026-01-13 18:12:00+00:00,65.09,65.09,64.97,64.97,66926.0,328.0,65.049834
SQQQ,2026-01-13 18:13:00+00:00,64.9701,64.9799,64.94,64.955,38323.0,246.0,64.962109
SQQQ,2026-01-13 18:14:00+00:00,64.9599,64.97,64.87,64.8711,71848.0,332.0,64.910124
SQQQ,2026-01-13 18:15:00+00:00,64.87,64.9,64.825,64.8371,81857.0,278.0,64.859536
SQQQ,2026-01-13 18:16:00+00:00,64.835,64.96,64.83,64.92,75563.0,421.0,64.910571
SQQQ,2026-01-13 18:17:00+00:00,64.925,64.94,64.88,64.905,35535.0,221.0,64.91106
SQQQ,2026-01-13 18:18:00+00:00,64.91,64.91,64.85,64.86,21156.0,127.0,64.867612
SQQQ,2026-01-13 18:19:00+00:00,64.865,64.93,64.865,64.925,25912.0,203.0,64.910439
SQQQ,2026-01-13 18:20:00+00:00,64.925,65.01,64.91,65.0071,44754.0,322.0,64.972416
SQQQ,2026-01-13 18:21:00+00:00,65.0,65.14,64.9899,65.0999,65959.0,395.0,65.090836
SQQQ,2026-01-13 18:22:00+00:00,65.1,65.1199,65.05,65.055,32990.0,180.0,65.068217
SQQQ,2026-01-13 18:23:00+00:00,65.045,65.07,65.01,65.055,35976.0,238.0,65.047293
SQQQ,2026-01-13 18:24:00+00:00,65.06,65.105,65.05,65.095,41493.0,278.0,65.085446
SQQQ,2026-01-13 18:25:00+00:00,65.0888,65.1599,65.07,65.14,65339.0,352.0,65.116778
SQQQ,2026-01-13 18:26:00+00:00,65.14,65.145,65.03,65.035,66929.0,248.0,65.099058
SQQQ,2026-01-13 18:27:00+00:00,65.025,65.05,64.96,65.04,328338.0,855.0,64.99136
SQQQ,2026-01-13 18:28:00+00:00,65.03,65.065,65.01,65.06,23089.0,166.0,65.03243
SQQQ,2026-01-13 18:29:00+00:00,65.06,65.09,65.06,65.09,46350.0,164.0,65.07237
SQQQ,2026-01-13 18:30:00+00:00,65.1,65.145,65.07,65.105,31762.0,201.0,65.113413
SQQQ,2026-01-13 18:31:00+00:00,65.09,65.1003,65.02,65.045,25582.0,188.0,65.053389
SQQQ,2026-01-13 18:32:00+00:00,65.0318,65.04,64.96,64.98,25581.0,214.0,64.984581
SQQQ,2026-01-13 18:33:00+00:00,64.9735,65.025,64.97,65.0,25206.0,183.0,64.993063
SQQQ,2026-01-13 18:34:00+00:00,64.995,65.05,64.98,65.005,25567.0,230.0,65.020704
SQQQ,2026-01-13 18:35:00+00:00,65.005,65.01,64.92,64.92,36797.0,231.0,64.960598
SQQQ,2026-01-13 18:36:00+00:00,64.915,64.95,64.874,64.93,70927.0,320.0,64.899984
SQQQ,2026-01-13 18:37:00+00:00,64.9299,64.94,64.9065,64.9258,22005.0,130.0,64.927858
SQQQ,2026-01-13 18:38:00+00:00,64.92,64.93,64.91,64.92,10895.0,95.0,64.918802
SQQQ,2026-01-13 18:39:00+00:00,64.92,64.94,64.91,64.925,43723.0,139.0,64.922953
SQQQ,2026-01-13 18:40:00+00:00,64.9286,64.98,64.92,64.9769,23105.0,145.0,64.947842
SQQQ,2026-01-13 18:41:00+00:00,64.99,65.07,64.99,65.07,62856.0,297.0,65.025775
SQQQ,2026-01-13 18:42:00+00:00,65.0699,65.0727,65.0,65.05,30437.0,174.0,65.039164
SQQQ,2026-01-13 18:43:00+00:00,65.0547,65.13,65.045,65.13,58612.0,286.0,65.089518
SQQQ,2026-01-13 18:44:00+00:00,65.13,65.17,65.105,65.15,106710.0,256.0,65.146097
SQQQ,2026-01-13 18:45:00+00:00,65.15,65.17,65.0701,65.0875,58162.0,234.0,65.115902
SQQQ,2026-01-13 18:46:00+00:00,65.0835,65.1208,65.075,65.12,30304.0,159.0,65.092494
SQQQ,2026-01-13 18:47:00+00:00,65.11,65.12,65.05,65.11,66546.0,204.0,65.084687
SQQQ,2026-01-13 18:48:00+00:00,65.1199,65.13,65.075,65.075,32730.0,151.0,65.101156
SQQQ,2026-01-13 18:49:00+00:00,65.09,65.2099,65.09,65.1765,55599.0,249.0,65.150561
SQQQ,2026-01-13 18:50:00+00:00,65.18,65.34,65.18,65.32,103532.0,620.0,65.266866
SQQQ,2026-01-13 18:51:00+00:00,65.32,65.355,65.2925,65.3132,60412.0,347.0,65.321753
SQQQ,2026-01-13 18:52:00+00:00,65.31,65.365,65.2837,65.31,52759.0,302.0,65.328592
SQQQ,2026-01-13 18:53:00+00:00,65.296,65.3,65.21,65.26,48351.0,246.0,65.23902
SQQQ,2026-01-13 18:54:00+00:00,65.2551,65.2799,65.245,65.25,32848.0,224.0,65.257086
SQQQ,2026-01-13 18:55:00+00:00,65.26,65.36,65.21,65.355,43540.0,282.0,65.304162
SQQQ,2026-01-13 18:56:00+00:00,65.355,65.395,65.35,65.38,79147.0,392.0,65.37995
SQQQ,2026-01-13 18:57:00+00:00,65.378,65.39,65.34,65.36,85705.0,296.0,65.374282
SQQQ,2026-01-13 18:58:00+00:00,65.36,65.36,65.27,65.305,33512.0,248.0,65.305303
SQQQ,2026-01-13 18:59:00+00:00,65.3001,65.36,65.3001,65.35,26700.0,206.0,65.342322
SQQQ,2026-01-13 19:00:00+00:00,65.34,65.34,65.25,65.2674,60730.0,417.0,65.299416
SQQQ,2026-01-13 19:01:00+00:00,65.255,65.35,65.255,65.341,35289.0,246.0,65.320045
SQQQ,2026-01-13 19:02:00+00:00,65.34,65.3673,65.3338,65.35,35310.0,220.0,65.354123
SQQQ,2026-01-13 19:03:00+00:00,65.35,65.44,65.34,65.405,113639.0,454.0,65.391338
SQQQ,2026-01-13 19:04:00+00:00,65.414,65.42,65.3799,65.4,45177.0,226.0,65.401086
SQQQ,2026-01-13 19:05:00+00:00,65.39,65.47,65.371,65.395,54032.0,401.0,65.423422
SQQQ,2026-01-13 19:06:00+00:00,65.405,65.461,65.3825,65.4,76438.0,273.0,65.403308
SQQQ,2026-01-13 19:07:00+00:00,65.4,65.415,65.325,65.387,44700.0,266.0,65.376112
SQQQ,2026-01-13 19:08:00+00:00,65.3899,65.395,65.34,65.35,56164.0,253.0,65.356799
SQQQ,2026-01-13 19:09:00+00:00,65.35,65.4573,65.35,65.4501,49017.0,258.0,65.424915
SQQQ,2026-01-13 19:10:00+00:00,65.46,65.48,65.4341,65.455,55162.0,263.0,65.457803
SQQQ,2026-01-13 19:11:00+00:00,65.455,65.46,65.4,65.4399,36124.0,191.0,65.425894
SQQQ,2026-01-13 19:12:00+00:00,65.43,65.43,65.3501,65.43,38207.0,212.0,65.408538
SQQQ,2026-01-13 19:13:00+00:00,65.415,65.4371,65.36,65.36,78468.0,304.0,65.396867
SQQQ,2026-01-13 19:14:00+00:00,65.36,65.44,65.35,65.422,40729.0,214.0,65.397904
SQQQ,2026-01-13 19:15:00+00:00,65.42,65.4325,65.34,65.345,31636.0,194.0,65.371523
SQQQ,2026-01-13 19:16:00+00:00,65.35,65.42,65.16,65.2301,295938.0,1315.0,65.277929
SQQQ,2026-01-13 19:17:00+00:00,65.245,65.34,65.23,65.33,44994.0,322.0,65.303154
SQQQ,2026-01-13 19:18:00+00:00,65.345,65.355,65.3,65.3,39751.0,323.0,65.338099
SQQQ,2026-01-13 19:19:00+00:00,65.29,65.29,65.22,65.25,26569.0,276.0,65.246019
SQQQ,2026-01-13 19:20:00+00:00,65.2499,65.3,65.22,65.22,44093.0,301.0,65.26686
SQQQ,2026-01-13 19:21:00+00:00,65.2232,65.24,65.17,65.17,53931.0,274.0,65.193063
SQQQ,2026-01-13 19:22:00+00:00,65.165,65.25,65.13,65.25,32245.0,319.0,65.177896
SQQQ,2026-01-13 19:23:00+00:00,65.225,65.27,65.215,65.24,32831.0,196.0,65.244301
SQQQ,2026-01-13 19:24:00+00:00,65.24,65.3001,65.2,65.2588,30062.0,228.0,65.266233
SQQQ,2026-01-13 19:25:00+00:00,65.25,65.31,65.25,65.2868,50902.0,193.0,65.28653
SQQQ,2026-01-13 19:26:00+00:00,65.28,65.34,65.23,65.23,50399.0,217.0,65.300372
SQQQ,2026-01-13 19:27:00+00:00,65.225,65.255,65.1504,65.1715,23218.0,209.0,65.195595
SQQQ,2026-01-13 19:28:00+00:00,65.175,65.19,65.1299,65.1727,20204.0,183.0,65.1638
SQQQ,2026-01-13 19:29:00+00:00,65.175,65.1901,65.14,65.14,53686.0,175.0,65.180148
SQQQ,2026-01-13 19:30:00+00:00,65.16,65.18,65.15,65.15,48759.0,193.0,65.159966
SQQQ,2026-01-13 19:31:00+00:00,65.14,65.22,65.13,65.187,43966.0,266.0,65.170716
SQQQ,2026-01-13 19:32:00+00:00,65.1765,65.22,65.1765,65.2061,23713.0,132.0,65.20077
SQQQ,2026-01-13 19:33:00+00:00,65.21,65.2501,65.21,65.22,53029.0,275.0,65.230306
SQQQ,2026-01-13 19:34:00+00:00,65.2,65.25,65.18,65.245,36164.0,206.0,65.217844
SQQQ,2026-01-13 19:35:00+00:00,65.245,65.25,65.2099,65.22,27606.0,128.0,65.224263
SQQQ,2026-01-13 19:36:00+00:00,65.2202,65.26,65.16,65.1801,29916.0,196.0,65.216695
SQQQ,2026-01-13 19:37:00+00:00,65.19,65.24,65.19,65.24,15523.0,121.0,65.222902
SQQQ,2026-01-13 19:38:00+00:00,65.2302,65.2779,65.23,65.26,46675.0,272.0,65.251539
SQQQ,2026-01-13 19:39:00+00:00,65.24,65.2568,65.2,65.2,23155.0,153.0,65.235773
SQQQ,2026-01-13 19:40:00+00:00,65.1848,65.22,65.17,65.2047,17222.0,143.0,65.194975
SQQQ,2026-01-13 19:41:00+00:00,65.21,65.21,65.14,65.15,16449.0,171.0,65.163257
SQQQ,2026-01-13 19:42:00+00:00,65.145,65.1466,65.11,65.125,25694.0,174.0,65.128291
SQQQ,2026-01-13 19:43:00+00:00,65.14,65.19,65.13,65.155,19662.0,148.0,65.158561
SQQQ,2026-01-13 19:44:00+00:00,65.15,65.225,65.15,65.225,35415.0,180.0,65.184175
SQQQ,2026-01-13 19:45:00+00:00,65.22,65.26,65.215,65.22,38450.0,211.0,65.235935
SQQQ,2026-01-13 19:46:00+00:00,65.214,65.26,65.205,65.24,25670.0,126.0,65.22985
SQQQ,2026-01-13 19:47:00+00:00,65.2501,65.32,65.24,65.2958,45725.0,258.0,65.284324
SQQQ,2026-01-13 19:48:00+00:00,65.29,65.31,65.26,65.305,30166.0,190.0,65.288438
SQQQ,2026-01-13 19:49:00+00:00,65.285,65.2901,65.25,65.2532,17001.0,125.0,65.263643
SQQQ,2026-01-13 19:50:00+00:00,65.255,65.265,65.19,65.19,45636.0,230.0,65.215535
SQQQ,2026-01-13 19:51:00+00:00,65.19,65.2299,65.09,65.1241,45887.0,255.0,65.133439
SQQQ,2026-01-13 19:52:00+00:00,65.127,65.17,65.12,65.145,31549.0,181.0,65.141254
SQQQ,2026-01-13 19:53:00+00:00,65.115,65.1274,65.0871,65.11,55733.0,140.0,65.105852
SQQQ,2026-01-13 19:54:00+00:00,65.12,65.17,65.0941,65.109,15083.0,102.0,65.124283
SQQQ,2026-01-13 19:55:00+00:00,65.102,65.1156,65.035,65.045,37216.0,197.0,65.069916
SQQQ,2026-01-13 19:56:00+00:00,65.055,65.08,65.03,65.03,45254.0,227.0,65.063439
SQQQ,2026-01-13 19:57:00+00:00,65.0206,65.1055,65.0127,65.1055,21585.0,188.0,65.059258
SQQQ,2026-01-13 19:58:00+00:00,65.105,65.19,65.1001,65.16,38834.0,211.0,65.157374
SQQQ,2026-01-13 19:59:00+00:00,65.1713,65.2,65.16,65.16,20601.0,127.0,65.187238
SQQQ,2026-01-13 20:00:00+00:00,65.16,65.27,65.16,65.235,41225.0,246.0,65.216618
SQQQ,2026-01-13 20:01:00+00:00,65.225,65.25,65.203,65.24,34477.0,201.0,65.227185
SQQQ,2026-01-13 20:02:00+00:00,65.24,65.32,65.24,65.2699,87550.0,331.0,65.282594
SQQQ,2026-01-13 20:03:00+00:00,65.2701,65.295,65.2201,65.24,44376.0,181.0,65.261106
SQQQ,2026-01-13 20:04:00+00:00,65.245,65.275,65.24,65.255,17587.0,124.0,65.256291
SQQQ,2026-01-13 20:05:00+00:00,65.2601,65.2701,65.23,65.235,36212.0,222.0,65.254662
SQQQ,2026-01-13 20:06:00+00:00,65.24,65.24,65.19,65.19,28689.0,161.0,65.20847
SQQQ,2026-01-13 20:07:00+00:00,65.19,65.2145,65.18,65.18,26044.0,152.0,65.197782
SQQQ,2026-01-13 20:08:00+00:00,65.17,65.2271,65.1675,65.21,19094.0,148.0,65.193553
SQQQ,2026-01-13 20:09:00+00:00,65.2,65.2162,65.1943,65.2162,11975.0,78.0,65.204623
SQQQ,2026-01-13 20:10:00+00:00,65.24,65.33,65.24,65.33,55083.0,350.0,65.276617
SQQQ,2026-01-13 20:11:00+00:00,65.312,65.3362,65.29,65.3,39765.0,236.0,65.310944
SQQQ,2026-01-13 20:12:00+00:00,65.3,65.3268,65.29,65.31,18611.0,97.0,65.310494
SQQQ,2026-01-13 20:13:00+00:00,65.32,65.3553,65.32,65.33,37497.0,278.0,65.338617
SQQQ,2026-01-13 20:14:00+00:00,65.32,65.34,65.3,65.34,20178.0,180.0,65.315143
SQQQ,2026-01-13 20:15:00+00:00,65.34,65.35,65.28,65.28,33508.0,225.0,65.311063
SQQQ,2026-01-13 20:16:00+00:00,65.28,65.3,65.265,65.27,21092.0,182.0,65.279619
SQQQ,2026-01-13 20:17:00+00:00,65.27,65.34,65.26,65.325,29741.0,206.0,65.288106
SQQQ,2026-01-13 20:18:00+00:00,65.3244,65.3254,65.3,65.3146,19392.0,158.0,65.31012
SQQQ,2026-01-13 20:19:00+00:00,65.31,65.315,65.275,65.275,18428.0,115.0,65.292228
SQQQ,2026-01-13 20:20:00+00:00,65.28,65.34,65.275,65.32,34121.0,193.0,65.310611
SQQQ,2026-01-13 20:21:00+00:00,65.33,65.3801,65.33,65.36,155191.0,501.0,65.357008
SQQQ,2026-01-13 20:22:00+00:00,65.36,65.37,65.3,65.3199,58674.0,239.0,65.316321
SQQQ,2026-01-13 20:23:00+00:00,65.31,65.36,65.301,65.31,38578.0,169.0,65.329269
SQQQ,2026-01-13 20:24:00+00:00,65.3108,65.3199,65.28,65.3132,30971.0,198.0,65.301894
SQQQ,2026-01-13 20:25:00+00:00,65.32,65.36,65.3154,65.3499,42918.0,197.0,65.337017
SQQQ,2026-01-13 20:26:00+00:00,65.34,65.4099,65.3337,65.385,80269.0,279.0,65.382314
SQQQ,2026-01-13 20:27:00+00:00,65.3721,65.455,65.37,65.42,138299.0,406.0,65.42831
SQQQ,2026-01-13 20:28:00+00:00,65.41,65.42,65.375,65.385,44710.0,162.0,65.392636
SQQQ,2026-01-13 20:29:00+00:00,65.4,65.44,65.4,65.44,86157.0,188.0,65.409019
SQQQ,2026-01-13 20:30:00+00:00,65.44,65.48,65.42,65.465,65072.0,364.0,65.45214
SQQQ,2026-01-13 20:31:00+00:00,65.465,65.4874,65.4528,65.4769,64294.0,284.0,65.477013
SQQQ,2026-01-13 20:32:00+00:00,65.4799,65.52,65.47,65.5,111433.0,631.0,65.498255
SQQQ,2026-01-13 20:33:00+00:00,65.5055,65.62,65.4901,65.595,123325.0,764.0,65.565035
SQQQ,2026-01-13 20:34:00+00:00,65.59,65.619,65.53,65.55,117787.0,523.0,65.564581
SQQQ,2026-01-13 20:35:00+00:00,65.5469,65.6,65.5401,65.595,62103.0,352.0,65.572288
SQQQ,2026-01-13 20:36:00+00:00,65.58,65.58,65.52,65.54,66850.0,352.0,65.537156
SQQQ,2026-01-13 20:37:00+00:00,65.545,65.55,65.42,65.4575,53130.0,387.0,65.459328
SQQQ,2026-01-13 20:38:00+00:00,65.46,65.47,65.41,65.41,26450.0,201.0,65.442063
SQQQ,2026-01-13 20:39:00+00:00,65.415,65.42,65.39,65.4,42607.0,246.0,65.40574
SQQQ,2026-01-13 20:40:00+00:00,65.39,65.39,65.32,65.325,68146.0,393.0,65.343115
SQQQ,2026-01-13 20:41:00+00:00,65.32,65.4099,65.3,65.375,89884.0,399.0,65.373927
SQQQ,2026-01-13 20:42:00+00:00,65.3875,65.39,65.305,65.3165,46436.0,280.0,65.350142
SQQQ,2026-01-13 20:43:00+00:00,65.315,65.36,65.315,65.33,38511.0,203.0,65.340662
SQQQ,2026-01-13 20:44:00+00:00,65.33,65.36,65.31,65.315,26209.0,165.0,65.332366
SQQQ,2026-01-13 20:45:00+00:00,65.32,65.38,65.315,65.3495,44850.0,304.0,65.353827
SQQQ,2026-01-13 20:46:00+00:00,65.3401,65.345,65.3,65.32,27065.0,200.0,65.322925
SQQQ,2026-01-13 20:47:00+00:00,65.3,65.3079,65.2102,65.2394,61271.0,340.0,65.251666
SQQQ,2026-01-13 20:48:00+00:00,65.245,65.29,65.235,65.27,147337.0,390.0,65.270146
SQQQ,2026-01-13 20:49:00+00:00,65.265,65.27,65.235,65.2565,37014.0,209.0,65.250878
SQQQ,2026-01-13 20:50:00+00:00,65.26,65.3,65.13,65.145,150416.0,936.0,65.214363
SQQQ,2026-01-13 20:51:00+00:00,65.14,65.22,65.14,65.1869,98862.0,568.0,65.195446
SQQQ,2026-01-13 20:52:00+00:00,65.18,65.1894,65.09,65.1,69354.0,477.0,65.121631
SQQQ,2026-01-13 20:53:00+00:00,65.09,65.12,65.06,65.1033,126450.0,616.0,65.083933
SQQQ,2026-01-13 20:54:00+00:00,65.11,65.13,64.98,64.981,184104.0,867.0,65.052207
SQQQ,2026-01-13 20:55:00+00:00,64.98,65.01,64.94,64.985,169523.0,969.0,64.971643
SQQQ,2026-01-13 20:56:00+00:00,64.98,65.031,64.9601,64.9601,70940.0,477.0,65.007238
SQQQ,2026-01-13 20:57:00+00:00,64.96,64.97,64.9016,64.915,92371.0,427.0,64.932038
SQQQ,2026-01-13 20:58:00+00:00,64.91,64.9787,64.8912,64.96,114280.0,434.0,64.933861
SQQQ,2026-01-13 20:59:00+00:00,64.96,64.97,64.8254,64.87,222700.0,884.0,64.874757
SQQQ,2026-01-13 21:00:00+00:00,64.87,64.87,64.74,64.76,73917.0,122.0,64.831863
SQQQ,2026-01-13 21:01:00+00:00,64.77,64.7891,64.74,64.7582,15640.0,78.0,64.75442
SQQQ,2026-01-13 21:02:00+00:00,64.7582,64.7999,64.75,64.75,6577.0,48.0,64.782415
SQQQ,2026-01-13 21:03:00+00:00,64.77,64.7718,64.72,64.72,9344.0,45.0,64.725413
SQQQ,2026-01-13 21:04:00+00:00,64.7201,64.76,64.7201,64.76,3103.0,45.0,64.747391
SQQQ,2026-01-13 21:05:00+00:00,64.77,64.77,64.7502,64.7515,12582.0,34.0,64.767932
SQQQ,2026-01-13 21:06:00+00:00,64.75,64.7591,64.74,64.74,4208.0,31.0,64.750849
SQQQ,2026-01-13 21:07:00+00:00,64.7311,64.78,64.7311,64.76,3547.0,26.0,64.761805
SQQQ,2026-01-13 21:08:00+00:00,64.7418,64.76,64.74,64.76,3107.0,18.0,64.749005
SQQQ,2026-01-13 21:09:00+00:00,64.76,64.81,64.76,64.81,17491.0,22.0,64.807019
SQQQ,2026-01-13 21:10:00+00:00,64.81,64.81,64.7998,64.7998,874.0,22.0,64.80592
SQQQ,2026-01-13 21:11:00+00:00,64.78,64.85,64.78,64.82,1632.0,32.0,64.817424
SQQQ,2026-01-13 21:12:00+00:00,64.829,64.83,64.8282,64.83,3351.0,16.0,64.829378
SQQQ,2026-01-13 21:13:00+00:00,64.8302,64.8302,64.8282,64.83,2779.0,20.0,64.829498
SQQQ,2026-01-13 21:14:00+00:00,64.83,64.84,64.8282,64.8282,3782.0,19.0,64.830225
SQQQ,2026-01-13 21:15:00+00:00,64.84,64.84,64.83,64.83,1204.0,25.0,64.831431
SQQQ,2026-01-13 21:16:00+00:00,64.84,64.84,64.81,64.81,1592.0,17.0,64.818852
SQQQ,2026-01-13 21:17:00+00:00,64.8098,64.82,64.8,64.82,4242.0,50.0,64.809154
SQQQ,2026-01-13 21:18:00+00:00,64.82,64.82,64.82,64.82,271.0,4.0,64.82
SQQQ,2026-01-13 21:19:00+00:00,64.81,64.83,64.81,64.83,19917.0,16.0,64.815354
SQQQ,2026-01-13 21:20:00+00:00,64.8117,64.8117,64.81,64.81,1013.0,10.0,64.810378
SQQQ,2026-01-13 21:21:00+00:00,64.82,64.82,64.82,64.82,150.0,2.0,64.82
SQQQ,2026-01-13 21:22:00+00:00,64.8197,64.828,64.8197,64.8201,16693.0,33.0,64.82014
SQQQ,2026-01-13 21:23:00+00:00,64.82,64.8303,64.82,64.82,5203.0,12.0,64.821219
SQQQ,2026-01-13 21:24:00+00:00,64.84,64.84,64.83,64.84,1130.0,14.0,64.837895
SQQQ,2026-01-13 21:25:00+00:00,64.86,64.86,64.86,64.86,512.0,24.0,64.86
SQQQ,2026-01-13 21:26:00+00:00,64.8198,64.8198,64.8,64.8015,3752.0,16.0,64.803165
SQQQ,2026-01-13 21:27:00+00:00,64.8098,64.81,64.8,64.8,65065.0,49.0,64.800115
SQQQ,2026-01-13 21:28:00+00:00,64.7801,64.7885,64.78,64.78,1310.0,7.0,64.780702
SQQQ,2026-01-13 21:30:00+00:00,64.81,64.81,64.81,64.81,262.0,4.0,64.81
SQQQ,2026-01-13 21:31:00+00:00,64.84,64.85,64.84,64.85,723.0,13.0,64.846667
SQQQ,2026-01-13 21:32:00+00:00,64.84,64.84,64.82,64.83,386.0,6.0,64.83
SQQQ,2026-01-13 21:33:00+00:00,64.83,64.83,64.82,64.82,2153.0,17.0,64.82828
SQQQ,2026-01-13 21:34:00+00:00,64.831,64.85,64.83,64.85,8505.0,7.0,64.830601
SQQQ,2026-01-13 21:35:00+00:00,64.85,64.85,64.85,64.85,395.0,11.0,64.85
SQQQ,2026-01-13 21:38:00+00:00,64.85,64.85,64.85,64.85,168.0,6.0,64.85
SQQQ,2026-01-13 21:39:00+00:00,64.8595,64.86,64.8595,64.86,873.0,13.0,64.859897
SQQQ,2026-01-13 21:40:00+00:00,64.87,64.87,64.86,64.86,607.0,11.0,64.862611
SQQQ,2026-01-13 21:41:00+00:00,64.87,64.87,64.87,64.87,1405.0,14.0,64.87
SQQQ,2026-01-13 21:42:00+00:00,64.87,64.9095,64.87,64.9095,1274.0,33.0,64.892
SQQQ,2026-01-13 21:43:00+00:00,64.91,64.9109,64.9,64.9001,65189.0,30.0,64.901007
SQQQ,2026-01-13 21:44:00+00:00,64.92,64.92,64.92,64.92,133.0,3.0,64.92
SQQQ,2026-01-13 21:45:00+00:00,64.93,64.9397,64.93,64.9397,1191.0,13.0,64.934717
SQQQ,2026-01-13 21:47:00+00:00,64.93,64.93,64.93,64.93,251.0,9.0,64.93
SQQQ,2026-01-13 21:48:00+00:00,64.9297,64.9297,64.89,64.8901,4391.0,20.0,64.900047
SQQQ,2026-01-13 21:49:00+00:00,64.9,64.9182,64.9,64.9182,837.0,13.0,64.90928
SQQQ,2026-01-13 21:50:00+00:00,64.9095,64.9095,64.9095,64.9095,536.0,10.0,64.9095
SQQQ,2026-01-13 21:51:00+00:00,64.91,64.91,64.91,64.91,153.0,4.0,64.91
SQQQ,2026-01-13 21:52:00+00:00,64.9199,64.9199,64.9199,64.9199,109.0,5.0,64.9199
SQQQ,2026-01-13 21:54:00+00:00,64.8902,64.8902,64.89,64.89,2331.0,13.0,64.890036
SQQQ,2026-01-13 21:55:00+00:00,64.88,64.91,64.88,64.91,1828.0,31.0,64.900961
SQQQ,2026-01-13 21:56:00+00:00,64.9297,64.9297,64.9017,64.91,1728.0,22.0,64.913757
SQQQ,2026-01-13 21:57:00+00:00,64.9,64.9,64.9,64.9,227.0,7.0,64.9
SQQQ,2026-01-13 21:58:00+00:00,64.92,64.93,64.9105,64.93,3376.0,25.0,64.920799
SQQQ,2026-01-13 21:59:00+00:00,64.92,64.9297,64.92,64.9285,1340.0,13.0,64.927787
SQQQ,2026-01-13 22:00:00+00:00,64.93,64.93,64.91,64.92,3881.0,54.0,64.927859
SQQQ,2026-01-13 22:01:00+00:00,64.88,64.89,64.88,64.89,677.0,10.0,64.886516
SQQQ,2026-01-13 22:03:00+00:00,64.89,64.89,64.89,64.89,627.0,5.0,64.89
SQQQ,2026-01-13 22:04:00+00:00,64.92,64.92,64.92,64.92,220.0,3.0,64.92
SQQQ,2026-01-13 22:06:00+00:00,64.92,64.92,64.92,64.92,782.0,10.0,64.92
SQQQ,2026-01-13 22:08:00+00:00,64.9,64.9002,64.89,64.89,1579.0,13.0,64.898697
SQQQ,2026-01-13 22:09:00+00:00,64.9,64.9,64.9,64.9,461.0,5.0,64.9
SQQQ,2026-01-13 22:10:00+00:00,64.9,64.9,64.9,64.9,203.0,2.0,64.9
SQQQ,2026-01-13 22:12:00+00:00,64.8901,64.8901,64.8901,64.8901,555.0,8.0,64.8901
SQQQ,2026-01-13 22:13:00+00:00,64.89,64.89,64.89,64.89,402.0,9.0,64.89
SQQQ,2026-01-13 22:14:00+00:00,64.87,64.87,64.87,64.87,335.0,3.0,64.87
SQQQ,2026-01-13 22:15:00+00:00,64.9,64.9,64.8801,64.9,867.0,7.0,64.890871
SQQQ,2026-01-13 22:16:00+00:00,64.9,64.9,64.9,64.9,216.0,4.0,64.9
SQQQ,2026-01-13 22:17:00+00:00,64.9,64.91,64.9,64.91,1472.0,12.0,64.900829
SQQQ,2026-01-13 22:21:00+00:00,64.9292,64.9292,64.9292,64.9292,252.0,4.0,64.9292
SQQQ,2026-01-13 22:22:00+00:00,64.91,64.91,64.91,64.91,187.0,5.0,64.91
SQQQ,2026-01-13 22:23:00+00:00,64.91,64.91,64.91,64.91,945.0,10.0,64.91
SQQQ,2026-01-13 22:25:00+00:00,64.9015,64.9015,64.9015,64.9015,324.0,6.0,64.9015
SQQQ,2026-01-13 22:26:00+00:00,64.93,64.93,64.93,64.93,770.0,9.0,64.93
SQQQ,2026-01-13 22:28:00+00:00,64.92,64.9201,64.92,64.92,3224.0,8.0,64.920003
SQQQ,2026-01-13 22:29:00+00:00,64.93,64.93,64.92,64.92,1413.0,8.0,64.927283
SQQQ,2026-01-13 22:30:00+00:00,64.92,64.92,64.92,64.92,750.0,4.0,64.92
SQQQ,2026-01-13 22:31:00+00:00,64.9,64.9123,64.9,64.9123,942.0,12.0,64.909584
SQQQ,2026-01-13 22:33:00+00:00,64.8785,64.88,64.8785,64.88,335.0,7.0,64.879486
SQQQ,2026-01-13 22:34:00+00:00,64.8946,64.8946,64.8946,64.8946,235.0,5.0,64.8946
SQQQ,2026-01-13 22:35:00+00:00,64.88,64.88,64.88,64.88,210.0,2.0,64.88
SQQQ,2026-01-13 22:36:00+00:00,64.9277,64.9277,64.9277,64.9277,1005.0,2.0,64.9277
SQQQ,2026-01-13 22:37:00+00:00,64.88,64.88,64.88,64.88,495.0,3.0,64.88
SQQQ,2026-01-13 22:38:00+00:00,64.9207,64.9207,64.9207,64.9207,160.0,3.0,64.9207
SQQQ,2026-01-13 22:40:00+00:00,64.9,64.94,64.9,64.94,10851.0,18.0,64.939339
SQQQ,2026-01-13 22:42:00+00:00,64.9499,64.95,64.9499,64.95,400.0,3.0,64.94995
SQQQ,2026-01-13 22:46:00+00:00,64.94,64.94,64.94,64.94,200.0,8.0,64.94
SQQQ,2026-01-13 22:47:00+00:00,64.9498,64.9498,64.93,64.93,1221.0,13.0,64.938643
SQQQ,2026-01-13 22:49:00+00:00,64.94,64.94,64.94,64.94,613.0,6.0,64.94
SQQQ,2026-01-13 22:56:00+00:00,64.92,64.92,64.9,64.9,462.0,9.0,64.911919
SQQQ,2026-01-13 22:58:00+00:00,64.94,64.94,64.91,64.91,1402.0,5.0,64.937857
SQQQ,2026-01-13 22:59:00+00:00,64.9,64.92,64.9,64.92,502.0,6.0,64.904808
SQQQ,2026-01-13 23:00:00+00:00,64.87,64.89,64.82,64.82,1813.0,31.0,64.863051
SQQQ,2026-01-13 23:01:00+00:00,64.82,64.87,64.82,64.87,690.0,6.0,64.85
SQQQ,2026-01-13 23:02:00+00:00,64.87,64.88,64.87,64.88,349.0,5.0,64.873333
SQQQ,2026-01-13 23:03:00+00:00,64.86,64.86,64.86,64.86,326.0,5.0,64.86
SQQQ,2026-01-13 23:04:00+00:00,64.86,64.86,64.86,64.86,102.0,2.0,64.86
SQQQ,2026-01-13 23:05:00+00:00,64.85,64.85,64.85,64.85,366.0,11.0,64.85
SQQQ,2026-01-13 23:06:00+00:00,64.82,64.83,64.82,64.83,1440.0,8.0,64.822308
SQQQ,2026-01-13 23:07:00+00:00,64.83,64.83,64.83,64.83,1683.0,8.0,64.83
SQQQ,2026-01-13 23:09:00+00:00,64.82,64.82,64.82,64.82,255.0,2.0,64.82
SQQQ,2026-01-13 23:10:00+00:00,64.85,64.8601,64.85,64.8601,902.0,5.0,64.858549
SQQQ,2026-01-13 23:11:00+00:00,64.8701,64.8701,64.8616,64.8616,514.0,16.0,64.86795
SQQQ,2026-01-13 23:12:00+00:00,64.89,64.9601,64.89,64.95,5108.0,29.0,64.941545
SQQQ,2026-01-13 23:13:00+00:00,64.911,64.911,64.911,64.911,306.0,6.0,64.911
SQQQ,2026-01-13 23:15:00+00:00,64.891,64.92,64.891,64.92,464.0,6.0,64.903808
SQQQ,2026-01-13 23:17:00+00:00,64.9195,64.92,64.9031,64.92,1261.0,8.0,64.91685
SQQQ,2026-01-13 23:18:00+00:00,64.96,64.961,64.96,64.96,593.0,9.0,64.960182
SQQQ,2026-01-13 23:21:00+00:00,64.91,64.91,64.91,64.91,827.0,4.0,64.91
SQQQ,2026-01-13 23:23:00+00:00,64.9203,64.9374,64.9203,64.9374,913.0,6.0,64.932528
SQQQ,2026-01-13 23:25:00+00:00,64.939,64.939,64.93,64.93,308.0,4.0,64.936
SQQQ,2026-01-13 23:26:00+00:00,64.9497,64.9497,64.9497,64.9497,300.0,1.0,64.9497
SQQQ,2026-01-13 23:27:00+00:00,64.9423,64.97,64.9423,64.97,402.0,13.0,64.95615
SQQQ,2026-01-13 23:28:00+00:00,64.98,64.99,64.98,64.99,2975.0,21.0,64.981948
SQQQ,2026-01-13 23:30:00+00:00,64.97,64.97,64.97,64.97,179.0,7.0,64.97
SQQQ,2026-01-13 23:31:00+00:00,64.941,64.949,64.94,64.9487,655.0,7.0,64.946067
SQQQ,2026-01-13 23:32:00+00:00,64.95,64.9685,64.95,64.9685,837.0,7.0,64.952342
SQQQ,2026-01-13 23:33:00+00:00,64.969,64.969,64.969,64.969,105.0,2.0,64.969
SQQQ,2026-01-13 23:34:00+00:00,64.9391,64.949,64.9391,64.949,420.0,4.0,64.944451
SQQQ,2026-01-13 23:35:00+00:00,64.95,64.9695,64.95,64.9695,401.0,3.0,64.964625
SQQQ,2026-01-13 23:36:00+00:00,64.9516,64.96,64.9308,64.9308,1251.0,6.0,64.9496
SQQQ,2026-01-13 23:38:00+00:00,64.9236,64.9236,64.9236,64.9236,101.0,2.0,64.9236
SQQQ,2026-01-13 23:39:00+00:00,64.92,64.9282,64.92,64.9282,1097.0,9.0,64.9241
SQQQ,2026-01-13 23:40:00+00:00,64.8903,64.8903,64.8903,64.8903,619.0,7.0,64.8903
SQQQ,2026-01-13 23:42:00+00:00,64.93,64.93,64.929,64.929,540.0,5.0,64.929632
SQQQ,2026-01-13 23:43:00+00:00,64.91,64.91,64.8911,64.9002,36288.0,23.0,64.905347
SQQQ,2026-01-13 23:44:00+00:00,64.92,64.92,64.92,64.92,210.0,6.0,64.92
SQQQ,2026-01-13 23:45:00+00:00,64.93,64.93,64.93,64.93,157.0,5.0,64.93
SQQQ,2026-01-13 23:46:00+00:00,64.97,64.97,64.97,64.97,938.0,18.0,64.97
SQQQ,2026-01-13 23:47:00+00:00,64.96,64.96,64.96,64.96,501.0,3.0,64.96
SQQQ,2026-01-13 23:48:00+00:00,64.95,64.95,64.94,64.94,300.0,2.0,64.943333
SQQQ,2026-01-13 23:49:00+00:00,64.94,64.94,64.94,64.94,182.0,4.0,64.94
SQQQ,2026-01-13 23:50:00+00:00,64.95,64.9501,64.9498,64.9501,609.0,10.0,64.949982
SQQQ,2026-01-13 23:51:00+00:00,64.96,64.98,64.96,64.98,633.0,7.0,64.976639
SQQQ,2026-01-13 23:52:00+00:00,64.96,64.96,64.96,64.96,239.0,5.0,64.96
SQQQ,2026-01-13 23:53:00+00:00,64.9498,64.9498,64.94,64.94,606.0,6.0,64.943267
SQQQ,2026-01-13 23:54:00+00:00,64.9515,64.9515,64.9515,64.9515,145.0,4.0,64.9515
SQQQ,2026-01-13 23:59:00+00:00,64.9577,64.9577,64.9577,64.9577,134.0,2.0,64.9577
SQQQ,2026-01-14 00:00:00+00:00,64.98,65.01,64.97,64.97,4289.0,39.0,64.990349
SQQQ,2026-01-14 00:01:00+00:00,64.95,64.95,64.94,64.94,203.0,5.0,64.945
SQQQ,2026-01-14 00:02:00+00:00,64.9,64.9,64.8396,64.8396,6177.0,27.0,64.851008
SQQQ,2026-01-14 00:04:00+00:00,64.94,64.94,64.94,64.94,578.0,12.0,64.94
SQQQ,2026-01-14 00:05:00+00:00,64.82,64.8469,64.82,64.8469,1372.0,32.0,64.830455
SQQQ,2026-01-14 00:06:00+00:00,64.8483,64.8672,64.8483,64.8672,2023.0,11.0,64.862233
SQQQ,2026-01-14 00:07:00+00:00,64.88,64.88,64.88,64.88,129.0,6.0,64.88
SQQQ,2026-01-14 00:09:00+00:00,64.8484,64.8484,64.84,64.84,3089.0,4.0,64.8428
SQQQ,2026-01-14 00:10:00+00:00,64.86,64.86,64.86,64.86,501.0,3.0,64.86
SQQQ,2026-01-14 00:11:00+00:00,64.84,64.84,64.8,64.8,5009.0,40.0,64.803369
SQQQ,2026-01-14 00:12:00+00:00,64.8,64.8098,64.76,64.76,65160.0,62.0,64.799364
SQQQ,2026-01-14 00:13:00+00:00,64.76,64.7764,64.76,64.7764,1707.0,20.0,64.768747
SQQQ,2026-01-14 00:14:00+00:00,64.77,64.8104,64.7664,64.81,1967.0,23.0,64.774113
SQQQ,2026-01-14 00:15:00+00:00,64.78,64.7885,64.78,64.7885,247.0,6.0,64.78425
SQQQ,2026-01-14 00:16:00+00:00,64.79,64.79,64.79,64.79,380.0,4.0,64.79
SQQQ,2026-01-14 00:18:00+00:00,64.8,64.8,64.8,64.8,303.0,8.0,64.8
SQQQ,2026-01-14 00:19:00+00:00,64.7985,64.7985,64.7985,64.7985,266.0,7.0,64.7985
SQQQ,2026-01-14 00:20:00+00:00,64.79,64.79,64.7503,64.7503,6627.0,22.0,64.778269
SQQQ,2026-01-14 00:21:00+00:00,64.75,64.76,64.75,64.76,582.0,18.0,64.755
SQQQ,2026-01-14 00:22:00+00:00,64.78,64.78,64.78,64.78,204.0,5.0,64.78
SQQQ,2026-01-14 00:23:00+00:00,64.77,64.7736,64.77,64.7736,375.0,7.0,64.7724
SQQQ,2026-01-14 00:24:00+00:00,64.78,64.78,64.78,64.78,213.0,4.0,64.78
SQQQ,2026-01-14 00:25:00+00:00,64.76,64.76,64.76,64.76,1900.0,6.0,64.76
SQQQ,2026-01-14 00:26:00+00:00,64.77,64.77,64.77,64.77,575.0,8.0,64.77
SQQQ,2026-01-14 00:27:00+00:00,64.75,64.75,64.74,64.74,4327.0,22.0,64.749254
SQQQ,2026-01-14 00:29:00+00:00,64.75,64.75,64.75,64.75,206.0,5.0,64.75
SQQQ,2026-01-14 00:30:00+00:00,64.74,64.7431,64.7318,64.7431,1854.0,21.0,64.736088
SQQQ,2026-01-14 00:32:00+00:00,64.76,64.8,64.76,64.8,2661.0,9.0,64.775533
SQQQ,2026-01-14 00:33:00+00:00,64.77,64.77,64.7685,64.7685,1718.0,9.0,64.769824
SQQQ,2026-01-14 00:34:00+00:00,64.78,64.78,64.78,64.78,120.0,2.0,64.78
SQQQ,2026-01-14 00:35:00+00:00,64.8,64.8,64.8,64.8,333.0,4.0,64.8
SQQQ,2026-01-14 00:38:00+00:00,64.7817,64.7817,64.7817,64.7817,111.0,5.0,64.7817
SQQQ,2026-01-14 00:39:00+00:00,64.78,64.78,64.78,64.78,5028.0,2.0,64.78
SQQQ,2026-01-14 00:40:00+00:00,64.78,64.8,64.78,64.8,24608.0,16.0,64.788877
SQQQ,2026-01-14 00:41:00+00:00,64.8,64.8,64.8,64.8,279.0,7.0,64.8
SQQQ,2026-01-14 00:42:00+00:00,64.82,64.82,64.82,64.82,218.0,5.0,64.82
SQQQ,2026-01-14 00:50:00+00:00,64.79,64.79,64.79,64.79,956.0,15.0,64.79
SQQQ,2026-01-14 00:51:00+00:00,64.8,64.81,64.8,64.8,6138.0,9.0,64.800167
SQQQ,2026-01-14 00:52:00+00:00,64.79,64.79,64.79,64.79,385.0,13.0,64.79
SQQQ,2026-01-14 00:53:00+00:00,64.78,64.78,64.77,64.77,967.0,17.0,64.772222
SQQQ,2026-01-14 00:54:00+00:00,64.7697,64.7697,64.76,64.76,642.0,11.0,64.766467
SQQQ,2026-01-14 00:55:00+00:00,64.76,64.76,64.75,64.75,1364.0,13.0,64.757519
SQQQ,2026-01-14 00:56:00+00:00,64.76,64.77,64.76,64.77,711.0,4.0,64.762101
SQQQ,2026-01-14 00:57:00+00:00,64.78,64.78,64.78,64.78,112.0,3.0,64.78
SQQQ,2026-01-14 00:58:00+00:00,64.78,64.78,64.78,64.78,155.0,7.0,64.78
SQQQ,2026-01-14 00:59:00+00:00,64.7895,64.84,64.7801,64.84,8528.0,25.0,64.799413
SQQQ,2026-01-14 09:00:00+00:00,65.3,65.3,65.2,65.2,4615.0,75.0,65.21675
SQQQ,2026-01-14 09:01:00+00:00,65.17,65.17,65.17,65.17,295.0,8.0,65.17
SQQQ,2026-01-14 09:02:00+00:00,65.17,65.17,65.17,65.17,343.0,8.0,65.17
SQQQ,2026-01-14 09:03:00+00:00,65.15,65.17,65.13,65.17,23263.0,110.0,65.139268
SQQQ,2026-01-14 09:06:00+00:00,65.18,65.18,65.18,65.18,627.0,4.0,65.18
SQQQ,2026-01-14 09:08:00+00:00,65.14,65.14,65.14,65.14,753.0,14.0,65.14
SQQQ,2026-01-14 09:10:00+00:00,65.11,65.11,65.07,65.07,1900.0,29.0,65.10503
SQQQ,2026-01-14 09:11:00+00:00,65.06,65.12,65.06,65.12,811.0,6.0,65.09
SQQQ,2026-01-14 09:15:00+00:00,65.09,65.09,65.09,65.09,271.0,4.0,65.09
SQQQ,2026-01-14 09:18:00+00:00,65.08,65.08,65.08,65.08,166.0,4.0,65.08
SQQQ,2026-01-14 09:19:00+00:00,65.08,65.1,65.08,65.09,4103.0,20.0,65.093696
SQQQ,2026-01-14 09:20:00+00:00,65.09,65.09,65.08,65.09,4280.0,35.0,65.088684
SQQQ,2026-01-14 09:21:00+00:00,65.09,65.09,65.09,65.09,364.0,7.0,65.09
SQQQ,2026-01-14 09:22:00+00:00,65.08,65.08,65.08,65.08,436.0,7.0,65.08
SQQQ,2026-01-14 09:24:00+00:00,65.11,65.11,65.11,65.11,102.0,2.0,65.11
SQQQ,2026-01-14 09:25:00+00:00,65.12,65.12,65.12,65.12,231.0,6.0,65.12
SQQQ,2026-01-14 09:26:00+00:00,65.11,65.11,65.11,65.11,120.0,2.0,65.11
SQQQ,2026-01-14 09:28:00+00:00,65.18,65.18,65.18,65.18,1700.0,5.0,65.18
SQQQ,2026-01-14 09:29:00+00:00,65.18,65.18,65.18,65.18,1981.0,24.0,65.18
SQQQ,2026-01-14 09:32:00+00:00,65.19,65.19,65.19,65.19,663.0,7.0,65.19
SQQQ,2026-01-14 09:33:00+00:00,65.18,65.18,65.18,65.18,710.0,5.0,65.18
SQQQ,2026-01-14 09:37:00+00:00,65.15,65.15,65.15,65.15,443.0,7.0,65.15
SQQQ,2026-01-14 09:38:00+00:00,65.16,65.2,65.16,65.18,4303.0,34.0,65.181429
SQQQ,2026-01-14 09:43:00+00:00,65.24,65.26,65.24,65.26,3003.0,43.0,65.253086
SQQQ,2026-01-14 09:44:00+00:00,65.27,65.27,65.27,65.27,336.0,9.0,65.27
SQQQ,2026-01-14 09:45:00+00:00,65.25,65.25,65.25,65.25,1765.0,19.0,65.25
SQQQ,2026-01-14 09:49:00+00:00,65.27,65.28,65.27,65.27,5179.0,21.0,65.270207
SQQQ,2026-01-14 09:51:00+00:00,65.29,65.31,65.29,65.31,688.0,16.0,65.295
SQQQ,2026-01-14 09:53:00+00:00,65.29,65.29,65.29,65.29,345.0,5.0,65.29
SQQQ,2026-01-14 09:54:00+00:00,65.3,65.3,65.27,65.27,699.0,9.0,65.28043
SQQQ,2026-01-14 09:56:00+00:00,65.24,65.24,65.24,65.24,266.0,2.0,65.24
SQQQ,2026-01-14 09:59:00+00:00,65.28,65.28,65.27,65.27,312.0,7.0,65.275
SQQQ,2026-01-14 10:01:00+00:00,65.3,65.32,65.3,65.31,1199.0,15.0,65.31125
SQQQ,2026-01-14 10:03:00+00:00,65.33,65.33,65.33,65.33,530.0,7.0,65.33
SQQQ,2026-01-14 10:05:00+00:00,65.33,65.33,65.33,65.33,200.0,2.0,65.33
SQQQ,2026-01-14 10:07:00+00:00,65.33,65.33,65.33,65.33,3638.0,28.0,65.33
SQQQ,2026-01-14 10:11:00+00:00,65.31,65.31,65.31,65.31,294.0,9.0,65.31
SQQQ,2026-01-14 10:12:00+00:00,65.31,65.31,65.31,65.31,309.0,6.0,65.31
SQQQ,2026-01-14 10:13:00+00:00,65.38,65.42,65.38,65.4,2374.0,58.0,65.403595
SQQQ,2026-01-14 10:15:00+00:00,65.44,65.47,65.44,65.47,1264.0,23.0,65.452195
SQQQ,2026-01-14 10:16:00+00:00,65.46,65.46,65.46,65.46,496.0,11.0,65.46
SQQQ,2026-01-14 10:17:00+00:00,65.46,65.46,65.46,65.46,510.0,6.0,65.46
SQQQ,2026-01-14 10:18:00+00:00,65.44,65.44,65.44,65.44,205.0,3.0,65.44
SQQQ,2026-01-14 10:19:00+00:00,65.48,65.5,65.48,65.5,1454.0,46.0,65.495
SQQQ,2026-01-14 10:20:00+00:00,65.54,65.6,65.54,65.56,6821.0,84.0,65.578208
SQQQ,2026-01-14 10:21:00+00:00,65.57,65.71,65.57,65.71,19626.0,126.0,65.672658
SQQQ,2026-01-14 10:22:00+00:00,65.72,65.82,65.72,65.78,8444.0,108.0,65.775495
SQQQ,2026-01-14 10:23:00+00:00,65.8,65.9,65.8,65.86,7471.0,75.0,65.866432
SQQQ,2026-01-14 10:24:00+00:00,65.87,65.88,65.79,65.79,4006.0,43.0,65.859846
SQQQ,2026-01-14 10:25:00+00:00,65.88,65.88,65.88,65.88,970.0,30.0,65.88
SQQQ,2026-01-14 10:26:00+00:00,65.85,65.9,65.85,65.9,1378.0,39.0,65.868179
SQQQ,2026-01-14 10:27:00+00:00,65.88,65.96,65.88,65.96,2899.0,81.0,65.928037
SQQQ,2026-01-14 10:28:00+00:00,65.94,65.94,65.85,65.85,8398.0,84.0,65.860788
SQQQ,2026-01-14 10:29:00+00:00,65.84,65.87,65.84,65.87,606.0,12.0,65.846818
SQQQ,2026-01-14 10:30:00+00:00,65.89,65.89,65.85,65.85,4894.0,60.0,65.859689
SQQQ,2026-01-14 10:31:00+00:00,65.88,65.95,65.87,65.95,971.0,23.0,65.9
SQQQ,2026-01-14 10:32:00+00:00,65.93,65.93,65.89,65.89,2337.0,35.0,65.906171
SQQQ,2026-01-14 10:33:00+00:00,65.87,65.96,65.87,65.95,6249.0,66.0,65.889386
SQQQ,2026-01-14 10:34:00+00:00,65.99,66.11,65.99,66.04,17067.0,184.0,66.01853
SQQQ,2026-01-14 10:35:00+00:00,66.1,66.1,66.08,66.08,5080.0,67.0,66.0875
SQQQ,2026-01-14 10:36:00+00:00,66.07,66.07,66.0,66.02,9960.0,96.0,66.036632
SQQQ,2026-01-14 10:37:00+00:00,66.03,66.04,66.0,66.04,3488.0,40.0,66.030318
SQQQ,2026-01-14 10:38:00+00:00,66.03,66.03,66.0,66.0,640.0,12.0,66.02
SQQQ,2026-01-14 10:39:00+00:00,65.98,65.98,65.95,65.95,659.0,22.0,65.965
SQQQ,2026-01-14 10:40:00+00:00,65.93,65.93,65.91,65.93,2271.0,46.0,65.925968
SQQQ,2026-01-14 10:41:00+00:00,65.94,65.98,65.94,65.98,2196.0,38.0,65.953333
SQQQ,2026-01-14 10:42:00+00:00,65.97,65.97,65.97,65.97,763.0,16.0,65.97
SQQQ,2026-01-14 10:43:00+00:00,65.99,66.0,65.99,66.0,1901.0,24.0,65.997033
SQQQ,2026-01-14 10:44:00+00:00,66.0,66.01,66.0,66.01,716.0,15.0,66.004
SQQQ,2026-01-14 10:46:00+00:00,66.05,66.05,66.05,66.05,800.0,17.0,66.05
SQQQ,2026-01-14 10:47:00+00:00,66.11,66.11,66.11,66.11,1236.0,42.0,66.11
SQQQ,2026-01-14 10:48:00+00:00,66.09,66.09,66.06,66.06,1639.0,30.0,66.07
SQQQ,2026-01-14 10:49:00+00:00,66.06,66.17,66.05,66.17,4816.0,91.0,66.087019
SQQQ,2026-01-14 10:50:00+00:00,66.17,66.17,66.15,66.16,2282.0,57.0,66.161667
SQQQ,2026-01-14 10:51:00+00:00,66.17,66.17,66.16,66.16,588.0,19.0,66.165
SQQQ,2026-01-14 10:52:00+00:00,66.16,66.32,66.16,66.29,25316.0,257.0,66.27266
SQQQ,2026-01-14 10:53:00+00:00,66.27,66.29,66.22,66.23,5176.0,80.0,66.258235
SQQQ,2026-01-14 10:54:00+00:00,66.23,66.24,66.19,66.19,7171.0,63.0,66.203382
SQQQ,2026-01-14 10:55:00+00:00,66.18,66.19,66.1,66.1,1239.0,31.0,66.168
SQQQ,2026-01-14 10:56:00+00:00,66.1,66.11,66.1,66.11,433.0,12.0,66.105
SQQQ,2026-01-14 10:57:00+00:00,66.09,66.09,66.08,66.08,854.0,13.0,66.081642
SQQQ,2026-01-14 10:59:00+00:00,66.1,66.13,66.1,66.12,2531.0,24.0,66.107724
SQQQ,2026-01-14 11:01:00+00:00,66.19,66.25,66.19,66.24,5880.0,80.0,66.219449
SQQQ,2026-01-14 11:02:00+00:00,66.23,66.23,66.21,66.21,3322.0,70.0,66.226875
SQQQ,2026-01-14 11:03:00+00:00,66.21,66.21,66.17,66.17,1961.0,30.0,66.179474
SQQQ,2026-01-14 11:04:00+00:00,66.23,66.23,66.22,66.22,944.0,13.0,66.225
SQQQ,2026-01-14 11:05:00+00:00,66.24,66.25,66.23,66.23,3635.0,27.0,66.23921
SQQQ,2026-01-14 11:06:00+00:00,66.21,66.28,66.21,66.28,3355.0,49.0,66.2455
SQQQ,2026-01-14 11:07:00+00:00,66.27,66.27,66.27,66.27,613.0,18.0,66.27
SQQQ,2026-01-14 11:08:00+00:00,66.21,66.24,66.2,66.24,3252.0,41.0,66.236641
SQQQ,2026-01-14 11:09:00+00:00,66.24,66.24,66.22,66.22,1256.0,25.0,66.228108
SQQQ,2026-01-14 11:11:00+00:00,66.15,66.15,66.15,66.15,974.0,31.0,66.15
SQQQ,2026-01-14 11:12:00+00:00,66.11,66.11,66.11,66.11,1393.0,31.0,66.11
SQQQ,2026-01-14 11:13:00+00:00,66.14,66.16,66.14,66.15,2684.0,33.0,66.143478
SQQQ,2026-01-14 11:14:00+00:00,66.13,66.13,66.13,66.13,760.0,16.0,66.13
SQQQ,2026-01-14 11:15:00+00:00,66.12,66.12,66.12,66.12,397.0,13.0,66.12
SQQQ,2026-01-14 11:16:00+00:00,66.09,66.09,66.09,66.09,215.0,6.0,66.09
SQQQ,2026-01-14 11:18:00+00:00,66.1,66.12,66.1,66.12,1265.0,29.0,66.116
SQQQ,2026-01-14 11:19:00+00:00,66.11,66.12,66.11,66.11,2630.0,39.0,66.112198
SQQQ,2026-01-14 11:21:00+00:00,66.02,66.03,66.02,66.03,1748.0,19.0,66.022706
SQQQ,2026-01-14 11:23:00+00:00,66.04,66.04,65.99,65.99,2425.0,35.0,66.026402
SQQQ,2026-01-14 11:24:00+00:00,66.0,66.0,65.97,65.97,638.0,12.0,65.981029
SQQQ,2026-01-14 11:25:00+00:00,65.96,65.96,65.94,65.94,1006.0,37.0,65.949091
SQQQ,2026-01-14 11:26:00+00:00,65.94,65.95,65.94,65.95,774.0,16.0,65.9425
SQQQ,2026-01-14 11:27:00+00:00,65.98,65.98,65.95,65.95,776.0,16.0,65.968
SQQQ,2026-01-14 11:29:00+00:00,65.97,65.97,65.97,65.97,359.0,13.0,65.97
SQQQ,2026-01-14 11:30:00+00:00,65.9,65.91,65.9,65.91,441.0,19.0,65.905652
SQQQ,2026-01-14 11:31:00+00:00,65.96,65.96,65.96,65.96,328.0,10.0,65.96
SQQQ,2026-01-14 11:32:00+00:00,65.95,65.96,65.95,65.96,619.0,22.0,65.956667
SQQQ,2026-01-14 11:33:00+00:00,65.96,65.96,65.96,65.96,1061.0,11.0,65.96
SQQQ,2026-01-14 11:34:00+00:00,65.97,65.97,65.97,65.97,409.0,9.0,65.97
SQQQ,2026-01-14 11:36:00+00:00,65.99,66.01,65.99,66.01,579.0,29.0,65.99722
SQQQ,2026-01-14 11:37:00+00:00,66.01,66.01,65.98,65.98,981.0,14.0,65.992308
SQQQ,2026-01-14 11:38:00+00:00,65.97,65.97,65.97,65.97,105.0,2.0,65.97
SQQQ,2026-01-14 11:40:00+00:00,66.01,66.01,66.0,66.0,10330.0,56.0,66.002632
SQQQ,2026-01-14 11:42:00+00:00,66.0,66.01,66.0,66.01,5219.0,23.0,66.000402
SQQQ,2026-01-14 11:43:00+00:00,66.05,66.06,66.03,66.05,7441.0,51.0,66.043129
SQQQ,2026-01-14 11:44:00+00:00,66.03,66.06,66.03,66.05,9614.0,65.0,66.053041
SQQQ,2026-01-14 11:45:00+00:00,66.04,66.05,66.04,66.05,1715.0,23.0,66.043729
SQQQ,2026-01-14 11:46:00+00:00,66.03,66.03,66.03,66.03,977.0,20.0,66.03
SQQQ,2026-01-14 11:47:00+00:00,66.03,66.03,65.98,65.98,2734.0,34.0,66.009573
SQQQ,2026-01-14 11:48:00+00:00,65.99,65.99,65.97,65.97,986.0,14.0,65.975
SQQQ,2026-01-14 11:49:00+00:00,65.97,65.97,65.97,65.97,732.0,16.0,65.97
SQQQ,2026-01-14 11:50:00+00:00,66.0,66.06,66.0,66.06,27091.0,184.0,66.028384
SQQQ,2026-01-14 11:51:00+00:00,66.06,66.06,66.03,66.03,1109.0,15.0,66.047027
SQQQ,2026-01-14 11:52:00+00:00,66.02,66.02,66.02,66.02,169.0,7.0,66.02
SQQQ,2026-01-14 11:53:00+00:00,66.02,66.03,66.02,66.03,741.0,15.0,66.0275
SQQQ,2026-01-14 11:54:00+00:00,66.04,66.04,66.04,66.04,351.0,9.0,66.04
SQQQ,2026-01-14 11:55:00+00:00,66.01,66.01,66.01,66.01,545.0,8.0,66.01
SQQQ,2026-01-14 11:56:00+00:00,65.98,65.98,65.98,65.98,1238.0,21.0,65.98
SQQQ,2026-01-14 11:57:00+00:00,66.0,66.08,66.0,66.08,6293.0,32.0,66.02
SQQQ,2026-01-14 11:58:00+00:00,66.1,66.11,66.08,66.08,1866.0,38.0,66.09
SQQQ,2026-01-14 11:59:00+00:00,66.08,66.08,66.08,66.08,197.0,9.0,66.08
SQQQ,2026-01-14 12:00:00+00:00,66.08,66.18,66.04,66.15,25128.0,300.0,66.091029
SQQQ,2026-01-14 12:01:00+00:00,66.15,66.36,66.14,66.351,45498.0,383.0,66.211043
SQQQ,2026-01-14 12:02:00+00:00,66.36,66.37,66.18,66.18,7476.0,110.0,66.221822
SQQQ,2026-01-14 12:03:00+00:00,66.23,66.26,66.22,66.26,1462.0,33.0,66.235714
SQQQ,2026-01-14 12:04:00+00:00,66.26,66.26,66.24,66.26,1215.0,27.0,66.256884
SQQQ,2026-01-14 12:05:00+00:00,66.18,66.2,66.15,66.15,1771.0,20.0,66.180406
SQQQ,2026-01-14 12:06:00+00:00,66.13,66.13,66.11,66.12,2166.0,29.0,66.116337
SQQQ,2026-01-14 12:07:00+00:00,66.13,66.13,66.07,66.07,1046.0,12.0,66.097603
SQQQ,2026-01-14 12:09:00+00:00,66.1,66.11,66.1,66.11,2133.0,19.0,66.101172
SQQQ,2026-01-14 12:10:00+00:00,66.1,66.1,66.09,66.09,10810.0,52.0,66.095108
SQQQ,2026-01-14 12:11:00+00:00,66.08,66.11,66.08,66.11,7766.0,44.0,66.097542
SQQQ,2026-01-14 12:13:00+00:00,66.07,66.07,66.04,66.07,12014.0,54.0,66.05602
SQQQ,2026-01-14 12:14:00+00:00,66.04,66.04,66.01,66.02,17103.0,61.0,66.02101
SQQQ,2026-01-14 12:15:00+00:00,66.01,66.02,66.01,66.01,7142.0,68.0,66.01506
SQQQ,2026-01-14 12:16:00+00:00,66.0,66.0,66.0,66.0,734.0,17.0,66.0
SQQQ,2026-01-14 12:17:00+00:00,65.99,65.99,65.98,65.99,3018.0,17.0,65.98963
SQQQ,2026-01-14 12:18:00+00:00,66.0,66.0,65.99,66.0,5807.0,46.0,65.999782
SQQQ,2026-01-14 12:19:00+00:00,66.0,66.0,65.99,65.99,2776.0,30.0,65.991837
SQQQ,2026-01-14 12:20:00+00:00,65.95,65.95,65.91,65.92,7364.0,63.0,65.944482
SQQQ,2026-01-14 12:21:00+00:00,65.92,65.92,65.85,65.85,1345.0,30.0,65.882025
SQQQ,2026-01-14 12:22:00+00:00,65.85,65.86,65.84,65.84,2936.0,29.0,65.848598
SQQQ,2026-01-14 12:23:00+00:00,65.83,65.83,65.8,65.8,2305.0,50.0,65.818219
SQQQ,2026-01-14 12:24:00+00:00,65.82,65.84,65.81,65.81,2887.0,28.0,65.837886
SQQQ,2026-01-14 12:25:00+00:00,65.84,65.84,65.82,65.82,616.0,15.0,65.826667
SQQQ,2026-01-14 12:26:00+00:00,65.82,65.82,65.82,65.82,535.0,8.0,65.82
SQQQ,2026-01-14 12:27:00+00:00,65.85,65.86,65.84,65.85,2195.0,32.0,65.85
SQQQ,2026-01-14 12:29:00+00:00,65.84,65.84,65.84,65.84,642.0,8.0,65.84
SQQQ,2026-01-14 12:30:00+00:00,65.84,65.85,65.831,65.84,1842.0,22.0,65.840077
SQQQ,2026-01-14 12:31:00+00:00,65.81,65.81,65.78,65.8,64602.0,77.0,65.799941
SQQQ,2026-01-14 12:32:00+00:00,65.81,65.81,65.8,65.8,775.0,11.0,65.802857
SQQQ,2026-01-14 12:33:00+00:00,65.8,65.81,65.77,65.77,4279.0,33.0,65.786486
SQQQ,2026-01-14 12:34:00+00:00,65.77,65.77,65.77,65.77,5627.0,28.0,65.77
SQQQ,2026-01-14 12:35:00+00:00,65.77,65.77,65.76,65.76,598.0,9.0,65.767268
SQQQ,2026-01-14 12:36:00+00:00,65.76,65.77,65.76,65.77,283.0,7.0,65.765
SQQQ,2026-01-14 12:37:00+00:00,65.8,65.8,65.8,65.8,400.0,6.0,65.8
SQQQ,2026-01-14 12:38:00+00:00,65.79,65.8,65.79,65.79,432.0,7.0,65.795
SQQQ,2026-01-14 12:39:00+00:00,65.81,65.82,65.79,65.79,1607.0,11.0,65.80875
SQQQ,2026-01-14 12:41:00+00:00,65.82,65.82,65.8,65.8,1863.0,23.0,65.805
SQQQ,2026-01-14 12:42:00+00:00,65.77,65.79,65.77,65.79,970.0,12.0,65.7825
SQQQ,2026-01-14 12:43:00+00:00,65.8,65.81,65.8,65.8,671.0,7.0,65.801754
SQQQ,2026-01-14 12:44:00+00:00,65.82,65.82,65.8,65.81,1302.0,13.0,65.807797
SQQQ,2026-01-14 12:45:00+00:00,65.8,65.8,65.771,65.771,321.0,6.0,65.790333
SQQQ,2026-01-14 12:46:00+00:00,65.81,65.85,65.81,65.83,711.0,13.0,65.826667
SQQQ,2026-01-14 12:47:00+00:00,65.84,65.85,65.84,65.84,1161.0,16.0,65.847
SQQQ,2026-01-14 12:48:00+00:00,65.83,65.84,65.83,65.84,579.0,9.0,65.833891
SQQQ,2026-01-14 12:49:00+00:00,65.83,65.84,65.83,65.84,779.0,12.0,65.836667
SQQQ,2026-01-14 12:50:00+00:00,65.84,65.85,65.84,65.84,3653.0,23.0,65.845072
SQQQ,2026-01-14 12:51:00+00:00,65.82,65.83,65.82,65.83,1492.0,21.0,65.820952
SQQQ,2026-01-14 12:52:00+00:00,65.85,65.86,65.85,65.86,653.0,11.0,65.855
SQQQ,2026-01-14 12:54:00+00:00,65.82,65.82,65.8,65.8,1664.0,13.0,65.814042
SQQQ,2026-01-14 12:55:00+00:00,65.81,65.81,65.79,65.79,931.0,19.0,65.807143
SQQQ,2026-01-14 12:56:00+00:00,65.81,65.82,65.81,65.82,515.0,6.0,65.817619
SQQQ,2026-01-14 12:57:00+00:00,65.81,65.81,65.78,65.78,1583.0,6.0,65.796197
SQQQ,2026-01-14 12:58:00+00:00,65.79,65.8,65.79,65.8,1419.0,13.0,65.794572
SQQQ,2026-01-14 12:59:00+00:00,65.8,65.8,65.78,65.78,1589.0,24.0,65.784458
SQQQ,2026-01-14 13:00:00+00:00,66.15,66.3769,65.07,65.77,275149.0,1999.0,65.932873
SQQQ,2026-01-14 13:01:00+00:00,65.29,65.84,65.05,65.8185,61462.0,408.0,65.335414
SQQQ,2026-01-14 13:02:00+00:00,65.3,66.22,65.13,65.81,78303.0,391.0,65.487692
SQQQ,2026-01-14 13:03:00+00:00,65.8,65.86,65.14,65.86,17118.0,101.0,65.688813
SQQQ,2026-01-14 13:04:00+00:00,65.8785,65.91,65.8785,65.89,5424.0,52.0,65.896009
SQQQ,2026-01-14 13:05:00+00:00,65.9,65.92,65.87,65.88,3458.0,44.0,65.883735
SQQQ,2026-01-14 13:06:00+00:00,65.9,65.93,65.8902,65.93,5079.0,37.0,65.912415
SQQQ,2026-01-14 13:07:00+00:00,65.91,65.92,65.89,65.9,7605.0,41.0,65.896219
SQQQ,2026-01-14 13:08:00+00:00,65.92,65.95,65.9198,65.92,5801.0,54.0,65.930806
SQQQ,2026-01-14 13:09:00+00:00,65.89,65.89,65.8015,65.8015,3035.0,32.0,65.836569
SQQQ,2026-01-14 13:10:00+00:00,65.81,65.81,65.78,65.7901,3360.0,43.0,65.800291
SQQQ,2026-01-14 13:11:00+00:00,65.79,65.87,65.79,65.8316,1869.0,34.0,65.832822
SQQQ,2026-01-14 13:12:00+00:00,65.8201,65.84,65.8201,65.84,2254.0,24.0,65.829954
SQQQ,2026-01-14 13:13:00+00:00,65.83,65.85,65.83,65.84,877.0,14.0,65.845188
SQQQ,2026-01-14 13:14:00+00:00,65.85,65.88,65.85,65.8713,792.0,17.0,65.860233
SQQQ,2026-01-14 13:15:00+00:00,65.8897,65.91,65.88,65.9,6478.0,42.0,65.89556
SQQQ,2026-01-14 13:16:00+00:00,65.89,65.89,65.79,65.82,8918.0,77.0,65.851585
SQQQ,2026-01-14 13:17:00+00:00,65.8215,65.8215,65.78,65.78,1973.0,16.0,65.791038
SQQQ,2026-01-14 13:18:00+00:00,65.77,65.79,65.74,65.78,5676.0,63.0,65.769854
SQQQ,2026-01-14 13:19:00+00:00,65.79,65.84,65.79,65.84,3577.0,25.0,65.823437
SQQQ,2026-01-14 13:20:00+00:00,65.84,65.84,65.78,65.78,1778.0,30.0,65.800019
SQQQ,2026-01-14 13:21:00+00:00,65.7718,65.99,65.76,65.77,68596.0,376.0,65.877602
SQQQ,2026-01-14 13:22:00+00:00,65.79,65.79,65.71,65.71,4583.0,60.0,65.750922
SQQQ,2026-01-14 13:23:00+00:00,65.7,65.74,65.7,65.7185,1596.0,37.0,65.720538
SQQQ,2026-01-14 13:24:00+00:00,65.71,65.71,65.69,65.71,8253.0,72.0,65.699448
SQQQ,2026-01-14 13:25:00+00:00,65.72,65.72,65.7,65.72,1922.0,31.0,65.709495
SQQQ,2026-01-14 13:26:00+00:00,65.73,65.781,65.73,65.781,3643.0,43.0,65.756337
SQQQ,2026-01-14 13:27:00+00:00,65.75,65.76,65.75,65.7505,2036.0,21.0,65.751351
SQQQ,2026-01-14 13:28:00+00:00,65.74,65.74,65.7,65.7,2167.0,38.0,65.713756
SQQQ,2026-01-14 13:29:00+00:00,65.711,65.719,65.67,65.67,11315.0,38.0,65.687037
SQQQ,2026-01-14 13:30:00+00:00,65.66,65.85,65.62,65.81,19639.0,105.0,65.76075
SQQQ,2026-01-14 13:31:00+00:00,65.81,65.88,65.8,65.86,10923.0,86.0,65.850968
SQQQ,2026-01-14 13:32:00+00:00,65.86,65.86,65.82,65.83,10284.0,39.0,65.835597
SQQQ,2026-01-14 13:33:00+00:00,65.81,65.9301,65.81,65.9301,11221.0,77.0,65.886801
SQQQ,2026-01-14 13:34:00+00:00,65.93,65.96,65.87,65.88,26236.0,109.0,65.926049
SQQQ,2026-01-14 13:35:00+00:00,65.91,65.95,65.8999,65.9315,7666.0,46.0,65.939518
SQQQ,2026-01-14 13:36:00+00:00,65.9397,65.94,65.86,65.9,25131.0,128.0,65.897263
SQQQ,2026-01-14 13:37:00+00:00,65.92,65.95,65.91,65.91,7231.0,64.0,65.931168
SQQQ,2026-01-14 13:38:00+00:00,65.9313,65.9313,65.8802,65.9194,2872.0,43.0,65.896934
SQQQ,2026-01-14 13:39:00+00:00,65.9,65.92,65.87,65.89,3166.0,35.0,65.89457
SQQQ,2026-01-14 13:40:00+00:00,65.9,65.9,65.85,65.89,3393.0,33.0,65.887103
SQQQ,2026-01-14 13:41:00+00:00,65.9,65.9099,65.89,65.9099,903.0,19.0,65.899163
SQQQ,2026-01-14 13:42:00+00:00,65.9,65.92,65.89,65.9,22379.0,44.0,65.900734
SQQQ,2026-01-14 13:43:00+00:00,65.85,65.9,65.85,65.9,2190.0,30.0,65.863132
SQQQ,2026-01-14 13:44:00+00:00,65.91,66.03,65.9,66.03,50238.0,218.0,65.957623
SQQQ,2026-01-14 13:45:00+00:00,66.05,66.13,65.99,65.99,22735.0,132.0,66.079194
SQQQ,2026-01-14 13:46:00+00:00,66.0002,66.05,66.0,66.01,4977.0,51.0,66.021825
SQQQ,2026-01-14 13:47:00+00:00,66.01,66.07,66.01,66.04,45955.0,120.0,66.057002
SQQQ,2026-01-14 13:48:00+00:00,66.05,66.11,66.05,66.1096,6539.0,60.0,66.082318
SQQQ,2026-01-14 13:49:00+00:00,66.06,66.11,66.06,66.06,14699.0,94.0,66.070674
SQQQ,2026-01-14 13:50:00+00:00,66.06,66.07,66.0,66.0,49734.0,108.0,66.057084
SQQQ,2026-01-14 13:51:00+00:00,66.0115,66.03,65.97,65.99,8963.0,82.0,66.006805
SQQQ,2026-01-14 13:52:00+00:00,65.99,65.99,65.93,65.96,1374.0,30.0,65.952727
SQQQ,2026-01-14 13:53:00+00:00,65.9614,65.99,65.95,65.95,3130.0,34.0,65.967106
SQQQ,2026-01-14 13:54:00+00:00,65.95,65.96,65.94,65.9502,7431.0,26.0,65.951408
SQQQ,2026-01-14 13:55:00+00:00,65.94,65.96,65.93,65.96,1270.0,26.0,65.941343
