raw_symbol,instrument_id,date
QQQ,6348,2018-05-01
QQQ,6350,2018-05-02
QQQ,6352,2018-05-03
QQQ,6356,2018-05-04
QQQ,6356,2018-05-05
QQQ,6356,2018-05-06
QQQ,6355,2018-05-07
QQQ,6355,2018-05-08
QQQ,6356,2018-05-09
QQQ,6358,2018-05-10
QQQ,6359,2018-05-11
QQQ,6359,2018-05-12
QQQ,6359,2018-05-13
QQQ,6357,2018-05-14
QQQ,6358,2018-05-15
QQQ,6359,2018-05-16
QQQ,6363,2018-05-17
QQQ,6363,2018-05-18
QQQ,6363,2018-05-19
QQQ,6363,2018-05-20
QQQ,6362,2018-05-21
QQQ,6360,2018-05-22
QQQ,6361,2018-05-23
QQQ,6370,2018-05-24
QQQ,6370,2018-05-25
QQQ,6370,2018-05-26
QQQ,6370,2018-05-27
QQQ,6370,2018-05-28
QQQ,6369,2018-05-29
QQQ,6367,2018-05-30
QQQ,6368,2018-05-31
QQQ,6369,2018-06-01
QQQ,6369,2018-06-02
QQQ,6369,2018-06-03
QQQ,6364,2018-06-04
QQQ,6365,2018-06-05
QQQ,6363,2018-06-06
QQQ,6357,2018-06-07
QQQ,6360,2018-06-08
QQQ,6360,2018-06-09
QQQ,6360,2018-06-10
QQQ,6358,2018-06-11
QQQ,6358,2018-06-12
QQQ,6360,2018-06-13
QQQ,6364,2018-06-14
QQQ,6365,2018-06-15
QQQ,6365,2018-06-16
QQQ,6365,2018-06-17
QQQ,6369,2018-06-18
QQQ,6369,2018-06-19
QQQ,6371,2018-06-20
QQQ,6378,2018-06-21
QQQ,6382,2018-06-22
QQQ,6382,2018-06-23
QQQ,6382,2018-06-24
QQQ,6380,2018-06-25
QQQ,6380,2018-06-26
QQQ,6387,2018-06-27
QQQ,6394,2018-06-28
QQQ,6395,2018-06-29
QQQ,6395,2018-06-30
QQQ,6395,2018-07-01
QQQ,6389,2018-07-02
QQQ,6390,2018-07-03
QQQ,6390,2018-07-04
QQQ,6391,2018-07-05
QQQ,6392,2018-07-06
QQQ,6392,2018-07-07
QQQ,6392,2018-07-08
QQQ,6390,2018-07-09
QQQ,6391,2018-07-10
QQQ,6393,2018-07-11
QQQ,6395,2018-07-12
QQQ,6397,2018-07-13
QQQ,6397,2018-07-14
QQQ,6397,2018-07-15
QQQ,6397,2018-07-16
QQQ,6397,2018-07-17
QQQ,6401,2018-07-18
QQQ,6407,2018-07-19
QQQ,6405,2018-07-20
QQQ,6405,2018-07-21
QQQ,6405,2018-07-22
QQQ,6404,2018-07-23
QQQ,6408,2018-07-24
QQQ,6421,2018-07-25
QQQ,6427,2018-07-26
QQQ,6433,2018-07-27
QQQ,6433,2018-07-28
QQQ,6433,2018-07-29
QQQ,6435,2018-07-30
QQQ,6432,2018-07-31
QQQ,6430,2018-08-01
QQQ,6434,2018-08-02
QQQ,6436,2018-08-03
QQQ,6436,2018-08-04
QQQ,6436,2018-08-05
QQQ,6432,2018-08-06
QQQ,6432,2018-08-07
QQQ,6439,2018-08-08
QQQ,6443,2018-08-09
QQQ,6446,2018-08-10
QQQ,6446,2018-08-11
QQQ,6446,2018-08-12
QQQ,6451,2018-08-13
QQQ,6451,2018-08-14
QQQ,6450,2018-08-15
QQQ,6436,2018-08-16
QQQ,6436,2018-08-17
QQQ,6436,2018-08-18
QQQ,6436,2018-08-19
QQQ,6436,2018-08-20
QQQ,6434,2018-08-21
QQQ,6435,2018-08-22
QQQ,6435,2018-08-23
QQQ,6433,2018-08-24
QQQ,6433,2018-08-25
QQQ,6433,2018-08-26
QQQ,6428,2018-08-27
QQQ,6428,2018-08-28
QQQ,6430,2018-08-29
QQQ,6432,2018-08-30
QQQ,6431,2018-08-31
QQQ,6431,2018-09-01
QQQ,6431,2018-09-02
QQQ,6431,2018-09-03
QQQ,6426,2018-09-04
QQQ,6424,2018-09-05
QQQ,6428,2018-09-06
QQQ,6427,2018-09-07
QQQ,6427,2018-09-08
QQQ,6427,2018-09-09
QQQ,6425,2018-09-10
QQQ,6425,2018-09-11
QQQ,6436,2018-09-12
QQQ,6440,2018-09-13
QQQ,6443,2018-09-14
QQQ,6443,2018-09-15
QQQ,6443,2018-09-16
QQQ,6440,2018-09-17
QQQ,6438,2018-09-18
QQQ,6439,2018-09-19
QQQ,6443,2018-09-20
QQQ,6444,2018-09-21
QQQ,6444,2018-09-22
QQQ,6444,2018-09-23
QQQ,6444,2018-09-24
QQQ,6442,2018-09-25
QQQ,6448,2018-09-26
QQQ,6451,2018-09-27
QQQ,6458,2018-09-28
QQQ,6458,2018-09-29
QQQ,6458,2018-09-30
QQQ,6457,2018-10-01
QQQ,6452,2018-10-02
QQQ,6452,2018-10-03
QQQ,6458,2018-10-04
QQQ,6463,2018-10-05
QQQ,6463,2018-10-06
QQQ,6463,2018-10-07
QQQ,6462,2018-10-08
QQQ,6462,2018-10-09
QQQ,6461,2018-10-10
QQQ,6467,2018-10-11
QQQ,6465,2018-10-12
QQQ,6465,2018-10-13
QQQ,6465,2018-10-14
QQQ,6468,2018-10-15
QQQ,6470,2018-10-16
QQQ,6472,2018-10-17
QQQ,6472,2018-10-18
QQQ,6471,2018-10-19
QQQ,6471,2018-10-20
QQQ,6471,2018-10-21
QQQ,6469,2018-10-22
QQQ,6473,2018-10-23
QQQ,6474,2018-10-24
QQQ,6475,2018-10-25
QQQ,6477,2018-10-26
QQQ,6477,2018-10-27
QQQ,6477,2018-10-28
QQQ,6479,2018-10-29
QQQ,6482,2018-10-30
QQQ,6488,2018-10-31
QQQ,6484,2018-11-01
QQQ,6489,2018-11-02
QQQ,6489,2018-11-03
QQQ,6489,2018-11-04
QQQ,6487,2018-11-05
QQQ,6485,2018-11-06
QQQ,6483,2018-11-07
QQQ,6483,2018-11-08
QQQ,6485,2018-11-09
QQQ,6485,2018-11-10
QQQ,6485,2018-11-11
QQQ,6476,2018-11-12
QQQ,6476,2018-11-13
QQQ,6476,2018-11-14
QQQ,6485,2018-11-15
QQQ,6482,2018-11-16
QQQ,6482,2018-11-17
QQQ,6482,2018-11-18
QQQ,6482,2018-11-19
QQQ,6481,2018-11-20
QQQ,6484,2018-11-21
QQQ,6484,2018-11-22
QQQ,6482,2018-11-23
QQQ,6482,2018-11-24
QQQ,6482,2018-11-25
QQQ,6484,2018-11-26
QQQ,6480,2018-11-27
QQQ,6480,2018-11-28
QQQ,6484,2018-11-29
QQQ,6484,2018-11-30
QQQ,6484,2018-12-01
QQQ,6484,2018-12-02
QQQ,6482,2018-12-03
QQQ,6482,2018-12-04
QQQ,6482,2018-12-05
QQQ,6488,2018-12-06
QQQ,6486,2018-12-07
QQQ,6486,2018-12-08
QQQ,6486,2018-12-09
QQQ,6485,2018-12-10
QQQ,6491,2018-12-11
QQQ,6493,2018-12-12
QQQ,6493,2018-12-13
QQQ,6494,2018-12-14
QQQ,6494,2018-12-15
QQQ,6494,2018-12-16
QQQ,6483,2018-12-17
QQQ,6483,2018-12-18
QQQ,6484,2018-12-19
QQQ,6473,2018-12-20
QQQ,6470,2018-12-21
QQQ,6470,2018-12-22
QQQ,6470,2018-12-23
QQQ,6469,2018-12-24
QQQ,6469,2018-12-25
QQQ,6470,2018-12-26
QQQ,6471,2018-12-27
QQQ,6468,2018-12-28
QQQ,6468,2018-12-29
QQQ,6468,2018-12-30
QQQ,6468,2018-12-31
QQQ,6468,2019-01-01
QQQ,6463,2019-01-02
QQQ,6464,2019-01-03
QQQ,6464,2019-01-04
QQQ,6464,2019-01-05
QQQ,6464,2019-01-06
QQQ,6464,2019-01-07
QQQ,6463,2019-01-08
QQQ,6464,2019-01-09
QQQ,6464,2019-01-10
QQQ,6459,2019-01-11
QQQ,6459,2019-01-12
QQQ,6459,2019-01-13
QQQ,6456,2019-01-14
QQQ,6455,2019-01-15
QQQ,6455,2019-01-16
QQQ,6453,2019-01-17
QQQ,6453,2019-01-18
QQQ,6453,2019-01-19
QQQ,6453,2019-01-20
QQQ,6453,2019-01-21
QQQ,6445,2019-01-22
QQQ,6448,2019-01-23
QQQ,6447,2019-01-24
QQQ,6447,2019-01-25
QQQ,6447,2019-01-26
QQQ,6447,2019-01-27
QQQ,6444,2019-01-28
QQQ,6444,2019-01-29
QQQ,6449,2019-01-30
QQQ,6451,2019-01-31
QQQ,6449,2019-02-01
QQQ,6449,2019-02-02
QQQ,6449,2019-02-03
QQQ,6450,2019-02-04
QQQ,6450,2019-02-05
QQQ,6450,2019-02-06
QQQ,6452,2019-02-07
QQQ,6448,2019-02-08
QQQ,6448,2019-02-09
QQQ,6448,2019-02-10
QQQ,6449,2019-02-11
QQQ,6447,2019-02-12
QQQ,6446,2019-02-13
QQQ,6448,2019-02-14
QQQ,6447,2019-02-15
QQQ,6447,2019-02-16
QQQ,6447,2019-02-17
QQQ,6447,2019-02-18
QQQ,6446,2019-02-19
QQQ,6444,2019-02-20
QQQ,6429,2019-02-21
QQQ,6430,2019-02-22
QQQ,6430,2019-02-23
QQQ,6430,2019-02-24
QQQ,6429,2019-02-25
QQQ,6429,2019-02-26
QQQ,6431,2019-02-27
QQQ,6438,2019-02-28
QQQ,6434,2019-03-01
QQQ,6434,2019-03-02
QQQ,6434,2019-03-03
QQQ,6431,2019-03-04
QQQ,6431,2019-03-05
QQQ,6439,2019-03-06
QQQ,6446,2019-03-07
QQQ,6444,2019-03-08
QQQ,6444,2019-03-09
QQQ,6444,2019-03-10
QQQ,6444,2019-03-11
QQQ,6444,2019-03-12
QQQ,6451,2019-03-13
QQQ,6448,2019-03-14
QQQ,6439,2019-03-15
QQQ,6439,2019-03-16
QQQ,6439,2019-03-17
QQQ,6440,2019-03-18
QQQ,6438,2019-03-19
QQQ,6440,2019-03-20
QQQ,6443,2019-03-21
QQQ,6444,2019-03-22
QQQ,6444,2019-03-23
QQQ,6444,2019-03-24
QQQ,6447,2019-03-25
QQQ,6446,2019-03-26
QQQ,6444,2019-03-27
QQQ,6444,2019-03-28
QQQ,6445,2019-03-29
QQQ,6445,2019-03-30
QQQ,6445,2019-03-31
QQQ,6440,2019-04-01
QQQ,6440,2019-04-02
QQQ,6447,2019-04-03
QQQ,6450,2019-04-04
QQQ,6449,2019-04-05
QQQ,6449,2019-04-06
QQQ,6449,2019-04-07
QQQ,6445,2019-04-08
QQQ,6448,2019-04-09
QQQ,6451,2019-04-10
QQQ,6454,2019-04-11
QQQ,6455,2019-04-12
QQQ,6455,2019-04-13
QQQ,6455,2019-04-14
QQQ,6450,2019-04-15
QQQ,6457,2019-04-16
QQQ,6460,2019-04-17
QQQ,6463,2019-04-18
QQQ,6463,2019-04-19
QQQ,6463,2019-04-20
QQQ,6463,2019-04-21
QQQ,6461,2019-04-22
QQQ,6461,2019-04-23
QQQ,6461,2019-04-24
QQQ,6458,2019-04-25
QQQ,6456,2019-04-26
QQQ,6456,2019-04-27
QQQ,6456,2019-04-28
QQQ,6456,2019-04-29
QQQ,6455,2019-04-30
QQQ,6452,2019-05-01
QQQ,6452,2019-05-02
QQQ,6454,2019-05-03
QQQ,6454,2019-05-04
QQQ,6454,2019-05-05
QQQ,6455,2019-05-06
QQQ,6454,2019-05-07
QQQ,6458,2019-05-08
QQQ,6472,2019-05-09
QQQ,6476,2019-05-10
QQQ,6476,2019-05-11
QQQ,6476,2019-05-12
QQQ,6477,2019-05-13
QQQ,6479,2019-05-14
QQQ,6474,2019-05-15
QQQ,6479,2019-05-16
QQQ,6479,2019-05-17
QQQ,6479,2019-05-18
QQQ,6479,2019-05-19
QQQ,6480,2019-05-20
QQQ,6483,2019-05-21
QQQ,6484,2019-05-22
QQQ,6488,2019-05-23
QQQ,6487,2019-05-24
QQQ,6487,2019-05-25
QQQ,6487,2019-05-26
QQQ,6487,2019-05-27
QQQ,6488,2019-05-28
QQQ,6488,2019-05-29
QQQ,6489,2019-05-30
QQQ,6489,2019-05-31
QQQ,6489,2019-06-01
QQQ,6489,2019-06-02
QQQ,6487,2019-06-03
QQQ,6487,2019-06-04
QQQ,6489,2019-06-05
QQQ,6495,2019-06-06
QQQ,6496,2019-06-07
QQQ,6496,2019-06-08
QQQ,6496,2019-06-09
QQQ,6498,2019-06-10
QQQ,6497,2019-06-11
QQQ,6499,2019-06-12
QQQ,6499,2019-06-13
QQQ,6499,2019-06-14
QQQ,6499,2019-06-15
QQQ,6499,2019-06-16
QQQ,6498,2019-06-17
QQQ,6498,2019-06-18
QQQ,6500,2019-06-19
QQQ,6509,2019-06-20
QQQ,6513,2019-06-21
QQQ,6513,2019-06-22
QQQ,6513,2019-06-23
QQQ,6503,2019-06-24
QQQ,6508,2019-06-25
QQQ,6511,2019-06-26
QQQ,6516,2019-06-27
QQQ,6515,2019-06-28
QQQ,6515,2019-06-29
QQQ,6515,2019-06-30
QQQ,6517,2019-07-01
QQQ,6513,2019-07-02
QQQ,6515,2019-07-03
QQQ,6515,2019-07-04
QQQ,6516,2019-07-05
QQQ,6516,2019-07-06
QQQ,6516,2019-07-07
QQQ,6513,2019-07-08
QQQ,6513,2019-07-09
QQQ,6511,2019-07-10
QQQ,6511,2019-07-11
QQQ,6510,2019-07-12
QQQ,6510,2019-07-13
QQQ,6510,2019-07-14
QQQ,6512,2019-07-15
QQQ,6516,2019-07-16
QQQ,6519,2019-07-17
QQQ,6528,2019-07-18
QQQ,6528,2019-07-19
QQQ,6528,2019-07-20
QQQ,6528,2019-07-21
QQQ,6525,2019-07-22
QQQ,6525,2019-07-23
QQQ,6530,2019-07-24
QQQ,6533,2019-07-25
QQQ,6533,2019-07-26
QQQ,6533,2019-07-27
QQQ,6533,2019-07-28
QQQ,6528,2019-07-29
QQQ,6527,2019-07-30
QQQ,6533,2019-07-31
QQQ,6534,2019-08-01
QQQ,6534,2019-08-02
QQQ,6534,2019-08-03
QQQ,6534,2019-08-04
QQQ,6536,2019-08-05
QQQ,6534,2019-08-06
QQQ,6534,2019-08-07
QQQ,6534,2019-08-08
QQQ,6535,2019-08-09
QQQ,6535,2019-08-10
QQQ,6535,2019-08-11
QQQ,6532,2019-08-12
QQQ,6531,2019-08-13
QQQ,6533,2019-08-14
QQQ,6534,2019-08-15
QQQ,6534,2019-08-16
QQQ,6534,2019-08-17
QQQ,6534,2019-08-18
QQQ,6536,2019-08-19
QQQ,6538,2019-08-20
QQQ,6532,2019-08-21
QQQ,6529,2019-08-22
QQQ,6527,2019-08-23
QQQ,6527,2019-08-24
QQQ,6527,2019-08-25
QQQ,6526,2019-08-26
QQQ,6526,2019-08-27
QQQ,6526,2019-08-28
QQQ,6524,2019-08-29
QQQ,6520,2019-08-30
QQQ,6520,2019-08-31
QQQ,6520,2019-09-01
QQQ,6520,2019-09-02
QQQ,6519,2019-09-03
QQQ,6516,2019-09-04
QQQ,6517,2019-09-05
QQQ,6515,2019-09-06
QQQ,6515,2019-09-07
QQQ,6515,2019-09-08
QQQ,6518,2019-09-09
QQQ,6513,2019-09-10
QQQ,6516,2019-09-11
QQQ,6512,2019-09-12
QQQ,6513,2019-09-13
QQQ,6513,2019-09-14
QQQ,6513,2019-09-15
QQQ,6512,2019-09-16
QQQ,6514,2019-09-17
QQQ,6515,2019-09-18
QQQ,6524,2019-09-19
QQQ,6523,2019-09-20
QQQ,6523,2019-09-21
QQQ,6523,2019-09-22
QQQ,6514,2019-09-23
QQQ,6512,2019-09-24
QQQ,6521,2019-09-25
QQQ,6525,2019-09-26
QQQ,6526,2019-09-27
QQQ,6526,2019-09-28
QQQ,6526,2019-09-29
QQQ,6524,2019-09-30
QQQ,6527,2019-10-01
QQQ,6526,2019-10-02
QQQ,6530,2019-10-03
QQQ,6532,2019-10-04
QQQ,6532,2019-10-05
QQQ,6532,2019-10-06
QQQ,6528,2019-10-07
QQQ,6529,2019-10-08
QQQ,6528,2019-10-09
QQQ,6530,2019-10-10
QQQ,6530,2019-10-11
QQQ,6530,2019-10-12
QQQ,6530,2019-10-13
QQQ,6528,2019-10-14
QQQ,6527,2019-10-15
QQQ,6531,2019-10-16
QQQ,6531,2019-10-17
QQQ,6532,2019-10-18
QQQ,6532,2019-10-19
QQQ,6532,2019-10-20
QQQ,6530,2019-10-21
QQQ,6529,2019-10-22
QQQ,6527,2019-10-23
QQQ,6535,2019-10-24
QQQ,6546,2019-10-25
QQQ,6546,2019-10-26
QQQ,6546,2019-10-27
QQQ,6537,2019-10-28
QQQ,6538,2019-10-29
QQQ,6537,2019-10-30
QQQ,6539,2019-10-31
QQQ,6541,2019-11-01
QQQ,6541,2019-11-02
QQQ,6541,2019-11-03
QQQ,6541,2019-11-04
QQQ,6547,2019-11-05
QQQ,6547,2019-11-06
QQQ,6559,2019-11-07
QQQ,6562,2019-11-08
QQQ,6562,2019-11-09
QQQ,6562,2019-11-10
QQQ,6559,2019-11-11
QQQ,6559,2019-11-12
QQQ,6553,2019-11-13
QQQ,6559,2019-11-14
QQQ,6562,2019-11-15
QQQ,6562,2019-11-16
QQQ,6562,2019-11-17
QQQ,6560,2019-11-18
QQQ,6558,2019-11-19
QQQ,6559,2019-11-20
QQQ,6560,2019-11-21
QQQ,6563,2019-11-22
QQQ,6563,2019-11-23
QQQ,6563,2019-11-24
QQQ,6563,2019-11-25
QQQ,6563,2019-11-26
QQQ,6564,2019-11-27
QQQ,6564,2019-11-28
QQQ,6564,2019-11-29
QQQ,6564,2019-11-30
QQQ,6564,2019-12-01
QQQ,6564,2019-12-02
QQQ,6563,2019-12-03
QQQ,6566,2019-12-04
QQQ,6566,2019-12-05
QQQ,6565,2019-12-06
QQQ,6565,2019-12-07
QQQ,6565,2019-12-08
QQQ,6566,2019-12-09
QQQ,6565,2019-12-10
QQQ,6568,2019-12-11
QQQ,6572,2019-12-12
QQQ,6575,2019-12-13
QQQ,6575,2019-12-14
QQQ,6575,2019-12-15
QQQ,6573,2019-12-16
QQQ,6571,2019-12-17
QQQ,6571,2019-12-18
QQQ,6568,2019-12-19
QQQ,6564,2019-12-20
QQQ,6564,2019-12-21
QQQ,6564,2019-12-22
QQQ,6562,2019-12-23
QQQ,6562,2019-12-24
QQQ,6562,2019-12-25
QQQ,6558,2019-12-26
QQQ,6562,2019-12-27
QQQ,6562,2019-12-28
QQQ,6562,2019-12-29
QQQ,6556,2019-12-30
QQQ,6554,2019-12-31
QQQ,6554,2020-01-01
QQQ,6553,2020-01-02
QQQ,6555,2020-01-03
QQQ,6555,2020-01-04
QQQ,6555,2020-01-05
QQQ,6556,2020-01-06
QQQ,6553,2020-01-07
QQQ,6554,2020-01-08
QQQ,6555,2020-01-09
QQQ,6557,2020-01-10
QQQ,6557,2020-01-11
QQQ,6557,2020-01-12
QQQ,6558,2020-01-13
QQQ,6559,2020-01-14
QQQ,6556,2020-01-15
QQQ,6556,2020-01-16
QQQ,6557,2020-01-17
QQQ,6557,2020-01-18
QQQ,6557,2020-01-19
QQQ,6557,2020-01-20
QQQ,6553,2020-01-21
QQQ,6555,2020-01-22
QQQ,6555,2020-01-23
QQQ,6557,2020-01-24
QQQ,6557,2020-01-25
QQQ,6557,2020-01-26
QQQ,6555,2020-01-27
QQQ,6556,2020-01-28
QQQ,6559,2020-01-29
QQQ,6562,2020-01-30
QQQ,6562,2020-01-31
QQQ,6562,2020-02-01
QQQ,6562,2020-02-02
QQQ,6565,2020-02-03
QQQ,6564,2020-02-04
QQQ,6569,2020-02-05
QQQ,6572,2020-02-06
QQQ,6577,2020-02-07
QQQ,6577,2020-02-08
QQQ,6577,2020-02-09
QQQ,6571,2020-02-10
QQQ,6572,2020-02-11
QQQ,6574,2020-02-12
QQQ,6577,2020-02-13
QQQ,6574,2020-02-14
QQQ,6574,2020-02-15
QQQ,6574,2020-02-16
QQQ,6574,2020-02-17
QQQ,6539,2020-02-18
QQQ,6541,2020-02-19
QQQ,6543,2020-02-20
QQQ,6545,2020-02-21
QQQ,6545,2020-02-22
QQQ,6545,2020-02-23
QQQ,6547,2020-02-24
QQQ,6548,2020-02-25
QQQ,6549,2020-02-26
QQQ,6564,2020-02-27
QQQ,6572,2020-02-28
QQQ,6572,2020-02-29
QQQ,6572,2020-03-01
QQQ,6568,2020-03-02
QQQ,6570,2020-03-03
QQQ,6570,2020-03-04
QQQ,6565,2020-03-05
QQQ,6561,2020-03-06
QQQ,6561,2020-03-07
QQQ,6561,2020-03-08
QQQ,6561,2020-03-09
QQQ,6559,2020-03-10
QQQ,6560,2020-03-11
QQQ,6561,2020-03-12
QQQ,6557,2020-03-13
QQQ,6557,2020-03-14
QQQ,6557,2020-03-15
QQQ,6554,2020-03-16
QQQ,6555,2020-03-17
QQQ,6561,2020-03-18
QQQ,6560,2020-03-19
QQQ,6560,2020-03-20
QQQ,6560,2020-03-21
QQQ,6560,2020-03-22
QQQ,6557,2020-03-23
QQQ,6558,2020-03-24
QQQ,6554,2020-03-25
QQQ,6552,2020-03-26
QQQ,6548,2020-03-27
QQQ,6548,2020-03-28
QQQ,6548,2020-03-29
QQQ,6538,2020-03-30
QQQ,6529,2020-03-31
QQQ,6527,2020-04-01
QQQ,6527,2020-04-02
QQQ,6530,2020-04-03
QQQ,6530,2020-04-04
QQQ,6530,2020-04-05
QQQ,6529,2020-04-06
QQQ,6530,2020-04-07
QQQ,6532,2020-04-08
QQQ,6535,2020-04-09
QQQ,6535,2020-04-10
QQQ,6535,2020-04-11
QQQ,6535,2020-04-12
QQQ,6536,2020-04-13
QQQ,6536,2020-04-14
QQQ,6534,2020-04-15
QQQ,6534,2020-04-16
QQQ,6532,2020-04-17
QQQ,6532,2020-04-18
QQQ,6532,2020-04-19
QQQ,6530,2020-04-20
QQQ,6524,2020-04-21
QQQ,6525,2020-04-22
QQQ,6525,2020-04-23
QQQ,6531,2020-04-24
QQQ,6531,2020-04-25
QQQ,6531,2020-04-26
QQQ,6531,2020-04-27
QQQ,6530,2020-04-28
QQQ,6531,2020-04-29
QQQ,6532,2020-04-30
QQQ,6537,2020-05-01
QQQ,6537,2020-05-02
QQQ,6537,2020-05-03
QQQ,6537,2020-05-04
QQQ,6535,2020-05-05
QQQ,6539,2020-05-06
QQQ,6536,2020-05-07
QQQ,6540,2020-05-08
QQQ,6540,2020-05-09
QQQ,6540,2020-05-10
QQQ,6537,2020-05-11
QQQ,6535,2020-05-12
QQQ,6535,2020-05-13
QQQ,6536,2020-05-14
QQQ,6542,2020-05-15
QQQ,6542,2020-05-16
QQQ,6542,2020-05-17
QQQ,6544,2020-05-18
QQQ,6542,2020-05-19
QQQ,6535,2020-05-20
QQQ,6538,2020-05-21
QQQ,6539,2020-05-22
QQQ,6539,2020-05-23
QQQ,6539,2020-05-24
QQQ,6539,2020-05-25
QQQ,6539,2020-05-26
QQQ,6541,2020-05-27
QQQ,6532,2020-05-28
QQQ,6534,2020-05-29
QQQ,6534,2020-05-30
QQQ,6534,2020-05-31
QQQ,6533,2020-06-01
QQQ,6530,2020-06-02
QQQ,6541,2020-06-03
QQQ,6548,2020-06-04
QQQ,6554,2020-06-05
QQQ,6554,2020-06-06
QQQ,6554,2020-06-07
QQQ,6550,2020-06-08
QQQ,6551,2020-06-09
QQQ,6552,2020-06-10
QQQ,6555,2020-06-11
QQQ,6562,2020-06-12
QQQ,6562,2020-06-13
QQQ,6562,2020-06-14
QQQ,6560,2020-06-15
QQQ,6561,2020-06-16
QQQ,6560,2020-06-17
QQQ,6572,2020-06-18
QQQ,6578,2020-06-19
QQQ,6578,2020-06-20
QQQ,6578,2020-06-21
QQQ,6579,2020-06-22
QQQ,6580,2020-06-23
QQQ,6584,2020-06-24
QQQ,6590,2020-06-25
QQQ,6598,2020-06-26
QQQ,6598,2020-06-27
QQQ,6598,2020-06-28
QQQ,6597,2020-06-29
QQQ,6594,2020-06-30
QQQ,6601,2020-07-01
QQQ,6600,2020-07-02
QQQ,6600,2020-07-03
QQQ,6600,2020-07-04
QQQ,6600,2020-07-05
QQQ,6598,2020-07-06
QQQ,6599,2020-07-07
QQQ,6602,2020-07-08
QQQ,6603,2020-07-09
QQQ,6606,2020-07-10
QQQ,6606,2020-07-11
QQQ,6606,2020-07-12
QQQ,6607,2020-07-13
QQQ,6610,2020-07-14
QQQ,6616,2020-07-15
QQQ,6618,2020-07-16
QQQ,6622,2020-07-17
QQQ,6622,2020-07-18
QQQ,6622,2020-07-19
QQQ,6624,2020-07-20
QQQ,6625,2020-07-21
QQQ,6630,2020-07-22
QQQ,6634,2020-07-23
QQQ,6643,2020-07-24
QQQ,6643,2020-07-25
QQQ,6643,2020-07-26
QQQ,6643,2020-07-27
QQQ,6643,2020-07-28
QQQ,6645,2020-07-29
QQQ,6652,2020-07-30
QQQ,6655,2020-07-31
QQQ,6655,2020-08-01
QQQ,6655,2020-08-02
QQQ,6653,2020-08-03
QQQ,6655,2020-08-04
QQQ,6658,2020-08-05
QQQ,6660,2020-08-06
QQQ,6666,2020-08-07
QQQ,6666,2020-08-08
QQQ,6666,2020-08-09
QQQ,6666,2020-08-10
QQQ,6663,2020-08-11
QQQ,6667,2020-08-12
QQQ,6671,2020-08-13
QQQ,6679,2020-08-14
QQQ,6679,2020-08-15
QQQ,6679,2020-08-16
QQQ,6676,2020-08-17
QQQ,6671,2020-08-18
QQQ,6675,2020-08-19
QQQ,6680,2020-08-20
QQQ,6685,2020-08-21
QQQ,6685,2020-08-22
QQQ,6685,2020-08-23
QQQ,6684,2020-08-24
QQQ,6684,2020-08-25
QQQ,6686,2020-08-26
QQQ,6691,2020-08-27
QQQ,6694,2020-08-28
QQQ,6694,2020-08-29
QQQ,6694,2020-08-30
QQQ,6691,2020-08-31
QQQ,6690,2020-09-01
QQQ,6693,2020-09-02
QQQ,6698,2020-09-03
QQQ,6704,2020-09-04
QQQ,6704,2020-09-05
QQQ,6704,2020-09-06
QQQ,6704,2020-09-07
QQQ,6702,2020-09-08
QQQ,6703,2020-09-09
QQQ,6706,2020-09-10
QQQ,6713,2020-09-11
QQQ,6713,2020-09-12
QQQ,6713,2020-09-13
QQQ,6717,2020-09-14
QQQ,6718,2020-09-15
QQQ,6729,2020-09-16
QQQ,6741,2020-09-17
QQQ,6751,2020-09-18
QQQ,6751,2020-09-19
QQQ,6751,2020-09-20
QQQ,6762,2020-09-21
QQQ,6764,2020-09-22
QQQ,6774,2020-09-23
QQQ,6780,2020-09-24
QQQ,6794,2020-09-25
QQQ,6794,2020-09-26
QQQ,6794,2020-09-27
QQQ,6786,2020-09-28
QQQ,6787,2020-09-29
QQQ,6789,2020-09-30
QQQ,6801,2020-10-01
QQQ,6810,2020-10-02
QQQ,6810,2020-10-03
QQQ,6810,2020-10-04
QQQ,6813,2020-10-05
QQQ,6815,2020-10-06
QQQ,6821,2020-10-07
QQQ,6832,2020-10-08
QQQ,6841,2020-10-09
QQQ,6841,2020-10-10
QQQ,6841,2020-10-11
QQQ,6843,2020-10-12
QQQ,6842,2020-10-13
QQQ,6839,2020-10-14
QQQ,6850,2020-10-15
QQQ,6859,2020-10-16
QQQ,6859,2020-10-17
QQQ,6859,2020-10-18
QQQ,6856,2020-10-19
QQQ,6859,2020-10-20
QQQ,6868,2020-10-21
QQQ,6870,2020-10-22
QQQ,6876,2020-10-23
QQQ,6876,2020-10-24
QQQ,6876,2020-10-25
QQQ,6872,2020-10-26
QQQ,6879,2020-10-27
QQQ,6889,2020-10-28
QQQ,6897,2020-10-29
QQQ,6906,2020-10-30
QQQ,6906,2020-10-31
QQQ,6906,2020-11-01
QQQ,6896,2020-11-02
QQQ,6899,2020-11-03
QQQ,6897,2020-11-04
QQQ,6898,2020-11-05
QQQ,6901,2020-11-06
QQQ,6901,2020-11-07
QQQ,6901,2020-11-08
QQQ,6900,2020-11-09
QQQ,6904,2020-11-10
QQQ,6903,2020-11-11
QQQ,6907,2020-11-12
QQQ,6916,2020-11-13
QQQ,6916,2020-11-14
QQQ,6916,2020-11-15
QQQ,6921,2020-11-16
QQQ,6923,2020-11-17
QQQ,6924,2020-11-18
QQQ,6940,2020-11-19
QQQ,6949,2020-11-20
QQQ,6949,2020-11-21
QQQ,6949,2020-11-22
QQQ,6961,2020-11-23
QQQ,6963,2020-11-24
QQQ,6968,2020-11-25
QQQ,6968,2020-11-26
QQQ,6973,2020-11-27
QQQ,6973,2020-11-28
QQQ,6973,2020-11-29
QQQ,6981,2020-11-30
QQQ,6983,2020-12-01
QQQ,6990,2020-12-02
QQQ,6999,2020-12-03
QQQ,6998,2020-12-04
QQQ,6998,2020-12-05
QQQ,6998,2020-12-06
QQQ,7002,2020-12-07
QQQ,7010,2020-12-08
QQQ,7018,2020-12-09
QQQ,7031,2020-12-10
QQQ,7041,2020-12-11
QQQ,7041,2020-12-12
QQQ,7041,2020-12-13
QQQ,7040,2020-12-14
QQQ,7045,2020-12-15
QQQ,7042,2020-12-16
QQQ,7042,2020-12-17
QQQ,7050,2020-12-18
QQQ,7050,2020-12-19
QQQ,7050,2020-12-20
QQQ,7053,2020-12-21
QQQ,7053,2020-12-22
QQQ,7059,2020-12-23
QQQ,7055,2020-12-24
QQQ,7055,2020-12-25
QQQ,7055,2020-12-26
QQQ,7055,2020-12-27
QQQ,7056,2020-12-28
QQQ,7059,2020-12-29
QQQ,7058,2020-12-30
QQQ,7058,2020-12-31
QQQ,7058,2021-01-01
QQQ,7058,2021-01-02
QQQ,7058,2021-01-03
QQQ,7065,2021-01-04
QQQ,7069,2021-01-05
QQQ,7072,2021-01-06
QQQ,7081,2021-01-07
QQQ,7097,2021-01-08
QQQ,7097,2021-01-09
QQQ,7097,2021-01-10
QQQ,7100,2021-01-11
QQQ,7112,2021-01-12
QQQ,7123,2021-01-13
QQQ,7131,2021-01-14
QQQ,7144,2021-01-15
QQQ,7144,2021-01-16
QQQ,7144,2021-01-17
QQQ,7144,2021-01-18
QQQ,7146,2021-01-19
QQQ,7148,2021-01-20
QQQ,7149,2021-01-21
QQQ,7155,2021-01-22
QQQ,7155,2021-01-23
QQQ,7155,2021-01-24
QQQ,7165,2021-01-25
QQQ,7179,2021-01-26
QQQ,7188,2021-01-27
QQQ,7199,2021-01-28
QQQ,7215,2021-01-29
QQQ,7215,2021-01-30
QQQ,7215,2021-01-31
QQQ,7223,2021-02-01
QQQ,7230,2021-02-02
QQQ,7232,2021-02-03
QQQ,7249,2021-02-04
QQQ,7270,2021-02-05
QQQ,7270,2021-02-06
QQQ,7270,2021-02-07
QQQ,7279,2021-02-08
QQQ,7289,2021-02-09
QQQ,7296,2021-02-10
QQQ,7301,2021-02-11
QQQ,7306,2021-02-12
QQQ,7306,2021-02-13
QQQ,7306,2021-02-14
QQQ,7306,2021-02-15
QQQ,7305,2021-02-16
QQQ,7319,2021-02-17
QQQ,7325,2021-02-18
QQQ,7332,2021-02-19
QQQ,7332,2021-02-20
QQQ,7332,2021-02-21
QQQ,7333,2021-02-22
QQQ,7340,2021-02-23
QQQ,7348,2021-02-24
QQQ,7360,2021-02-25
QQQ,7372,2021-02-26
QQQ,7372,2021-02-27
QQQ,7372,2021-02-28
QQQ,7403,2021-03-01
QQQ,7420,2021-03-02
QQQ,7429,2021-03-03
QQQ,7441,2021-03-04
QQQ,7462,2021-03-05
QQQ,7462,2021-03-06
QQQ,7462,2021-03-07
QQQ,7469,2021-03-08
QQQ,7469,2021-03-09
QQQ,7480,2021-03-10
QQQ,7491,2021-03-11
QQQ,7504,2021-03-12
QQQ,7504,2021-03-13
QQQ,7504,2021-03-14
QQQ,7520,2021-03-15
QQQ,7526,2021-03-16
QQQ,7537,2021-03-17
QQQ,7563,2021-03-18
QQQ,7578,2021-03-19
QQQ,7578,2021-03-20
QQQ,7578,2021-03-21
QQQ,7583,2021-03-22
QQQ,7591,2021-03-23
QQQ,7607,2021-03-24
QQQ,7625,2021-03-25
QQQ,7642,2021-03-26
QQQ,7642,2021-03-27
QQQ,7642,2021-03-28
QQQ,7666,2021-03-29
QQQ,7677,2021-03-30
QQQ,7680,2021-03-31
QQQ,7690,2021-04-01
QQQ,7690,2021-04-02
QQQ,7690,2021-04-03
QQQ,7690,2021-04-04
QQQ,7709,2021-04-05
QQQ,7711,2021-04-06
QQQ,7711,2021-04-07
QQQ,7712,2021-04-08
QQQ,7721,2021-04-09
QQQ,7721,2021-04-10
QQQ,7721,2021-04-11
QQQ,7731,2021-04-12
QQQ,7733,2021-04-13
QQQ,7736,2021-04-14
QQQ,7745,2021-04-15
QQQ,7757,2021-04-16
QQQ,7757,2021-04-17
QQQ,7757,2021-04-18
QQQ,7778,2021-04-19
QQQ,7780,2021-04-20
QQQ,7784,2021-04-21
QQQ,7809,2021-04-22
QQQ,7806,2021-04-23
QQQ,7806,2021-04-24
QQQ,7806,2021-04-25
QQQ,7825,2021-04-26
QQQ,7828,2021-04-27
QQQ,7832,2021-04-28
QQQ,7841,2021-04-29
QQQ,7852,2021-04-30
QQQ,7852,2021-05-01
QQQ,7852,2021-05-02
QQQ,7867,2021-05-03
QQQ,7871,2021-05-04
QQQ,7874,2021-05-05
QQQ,7884,2021-05-06
QQQ,7892,2021-05-07
QQQ,7892,2021-05-08
QQQ,7892,2021-05-09
QQQ,7908,2021-05-10
QQQ,7916,2021-05-11
QQQ,7918,2021-05-12
QQQ,7933,2021-05-13
QQQ,7951,2021-05-14
QQQ,7951,2021-05-15
QQQ,7951,2021-05-16
QQQ,7953,2021-05-17
QQQ,7965,2021-05-18
QQQ,7968,2021-05-19
QQQ,7975,2021-05-20
QQQ,7983,2021-05-21
QQQ,7983,2021-05-22
QQQ,7983,2021-05-23
QQQ,7986,2021-05-24
QQQ,7987,2021-05-25
QQQ,8000,2021-05-26
QQQ,8005,2021-05-27
QQQ,8014,2021-05-28
QQQ,8014,2021-05-29
QQQ,8014,2021-05-30
QQQ,8014,2021-05-31
QQQ,8011,2021-06-01
QQQ,8011,2021-06-02
QQQ,8009,2021-06-03
QQQ,8008,2021-06-04
QQQ,8008,2021-06-05
QQQ,8008,2021-06-06
QQQ,8013,2021-06-07
QQQ,8017,2021-06-08
QQQ,8020,2021-06-09
QQQ,8023,2021-06-10
QQQ,8024,2021-06-11
QQQ,8024,2021-06-12
QQQ,8024,2021-06-13
QQQ,8027,2021-06-14
QQQ,8029,2021-06-15
QQQ,8032,2021-06-16
QQQ,8045,2021-06-17
QQQ,8054,2021-06-18
QQQ,8054,2021-06-19
QQQ,8054,2021-06-20
QQQ,8056,2021-06-21
QQQ,8053,2021-06-22
QQQ,8062,2021-06-23
QQQ,8070,2021-06-24
QQQ,8071,2021-06-25
QQQ,8071,2021-06-26
QQQ,8071,2021-06-27
QQQ,8071,2021-06-28
QQQ,8088,2021-06-29
QQQ,8086,2021-06-30
QQQ,8090,2021-07-01
QQQ,8088,2021-07-02
QQQ,8088,2021-07-03
QQQ,8088,2021-07-04
QQQ,8088,2021-07-05
QQQ,8092,2021-07-06
QQQ,8095,2021-07-07
QQQ,8100,2021-07-08
QQQ,8109,2021-07-09
QQQ,8109,2021-07-10
QQQ,8109,2021-07-11
QQQ,8110,2021-07-12
QQQ,8118,2021-07-13
QQQ,8128,2021-07-14
QQQ,8132,2021-07-15
QQQ,8142,2021-07-16
QQQ,8142,2021-07-17
QQQ,8142,2021-07-18
QQQ,8140,2021-07-19
QQQ,8146,2021-07-20
QQQ,8147,2021-07-21
QQQ,8156,2021-07-22
QQQ,8157,2021-07-23
QQQ,8157,2021-07-24
QQQ,8157,2021-07-25
QQQ,8156,2021-07-26
QQQ,8162,2021-07-27
QQQ,8172,2021-07-28
QQQ,8179,2021-07-29
QQQ,8189,2021-07-30
QQQ,8189,2021-07-31
QQQ,8189,2021-08-01
QQQ,8187,2021-08-02
QQQ,8189,2021-08-03
QQQ,8196,2021-08-04
QQQ,8206,2021-08-05
QQQ,8209,2021-08-06
QQQ,8209,2021-08-07
QQQ,8209,2021-08-08
QQQ,8211,2021-08-09
QQQ,8216,2021-08-10
QQQ,8224,2021-08-11
QQQ,8225,2021-08-12
QQQ,8237,2021-08-13
QQQ,8237,2021-08-14
QQQ,8237,2021-08-15
QQQ,8240,2021-08-16
QQQ,8241,2021-08-17
QQQ,8246,2021-08-18
QQQ,8251,2021-08-19
QQQ,8249,2021-08-20
QQQ,8249,2021-08-21
QQQ,8249,2021-08-22
QQQ,8252,2021-08-23
QQQ,8251,2021-08-24
QQQ,8251,2021-08-25
QQQ,8254,2021-08-26
QQQ,8250,2021-08-27
QQQ,8250,2021-08-28
QQQ,8250,2021-08-29
QQQ,8253,2021-08-30
QQQ,8256,2021-08-31
QQQ,8258,2021-09-01
QQQ,8259,2021-09-02
QQQ,8258,2021-09-03
QQQ,8258,2021-09-04
QQQ,8258,2021-09-05
QQQ,8258,2021-09-06
QQQ,8258,2021-09-07
QQQ,8259,2021-09-08
QQQ,8267,2021-09-09
QQQ,8272,2021-09-10
QQQ,8272,2021-09-11
QQQ,8272,2021-09-12
QQQ,8276,2021-09-13
QQQ,8283,2021-09-14
QQQ,8286,2021-09-15
QQQ,8295,2021-09-16
QQQ,8301,2021-09-17
QQQ,8301,2021-09-18
QQQ,8301,2021-09-19
QQQ,8296,2021-09-20
QQQ,8307,2021-09-21
QQQ,8312,2021-09-22
QQQ,8319,2021-09-23
QQQ,8329,2021-09-24
QQQ,8329,2021-09-25
QQQ,8329,2021-09-26
QQQ,8332,2021-09-27
QQQ,8341,2021-09-28
QQQ,8349,2021-09-29
QQQ,8364,2021-09-30
QQQ,8369,2021-10-01
QQQ,8369,2021-10-02
QQQ,8369,2021-10-03
QQQ,8374,2021-10-04
QQQ,8382,2021-10-05
QQQ,8368,2021-10-06
QQQ,8378,2021-10-07
QQQ,8380,2021-10-08
QQQ,8380,2021-10-09
QQQ,8380,2021-10-10
QQQ,8384,2021-10-11
QQQ,8390,2021-10-12
QQQ,8394,2021-10-13
QQQ,8404,2021-10-14
QQQ,8402,2021-10-15
QQQ,8402,2021-10-16
QQQ,8402,2021-10-17
QQQ,8405,2021-10-18
QQQ,8406,2021-10-19
QQQ,8411,2021-10-20
QQQ,8417,2021-10-21
QQQ,8424,2021-10-22
QQQ,8424,2021-10-23
QQQ,8424,2021-10-24
QQQ,8427,2021-10-25
QQQ,8433,2021-10-26
QQQ,8445,2021-10-27
QQQ,8458,2021-10-28
QQQ,8462,2021-10-29
QQQ,8462,2021-10-30
QQQ,8462,2021-10-31
QQQ,8465,2021-11-01
QQQ,8471,2021-11-02
QQQ,8482,2021-11-03
QQQ,8498,2021-11-04
QQQ,8509,2021-11-05
QQQ,8509,2021-11-06
QQQ,8509,2021-11-07
QQQ,8509,2021-11-08
QQQ,8525,2021-11-09
QQQ,8536,2021-11-10
QQQ,8542,2021-11-11
QQQ,8552,2021-11-12
QQQ,8552,2021-11-13
QQQ,8552,2021-11-14
QQQ,8549,2021-11-15
QQQ,8559,2021-11-16
QQQ,8571,2021-11-17
QQQ,8580,2021-11-18
QQQ,8586,2021-11-19
QQQ,8586,2021-11-20
QQQ,8586,2021-11-21
QQQ,8594,2021-11-22
QQQ,8591,2021-11-23
QQQ,8598,2021-11-24
QQQ,8598,2021-11-25
QQQ,8606,2021-11-26
QQQ,8606,2021-11-27
QQQ,8606,2021-11-28
QQQ,8614,2021-11-29
QQQ,8616,2021-11-30
QQQ,8620,2021-12-01
QQQ,8628,2021-12-02
QQQ,8632,2021-12-03
QQQ,8632,2021-12-04
QQQ,8632,2021-12-05
QQQ,8631,2021-12-06
QQQ,8638,2021-12-07
QQQ,8648,2021-12-08
QQQ,8657,2021-12-09
QQQ,8668,2021-12-10
QQQ,8668,2021-12-11
QQQ,8668,2021-12-12
QQQ,8678,2021-12-13
QQQ,8686,2021-12-14
QQQ,8696,2021-12-15
QQQ,8701,2021-12-16
QQQ,8714,2021-12-17
QQQ,8714,2021-12-18
QQQ,8714,2021-12-19
QQQ,8720,2021-12-20
QQQ,8726,2021-12-21
QQQ,8727,2021-12-22
QQQ,8725,2021-12-23
QQQ,8725,2021-12-24
QQQ,8725,2021-12-25
QQQ,8725,2021-12-26
QQQ,8736,2021-12-27
QQQ,8733,2021-12-28
QQQ,8734,2021-12-29
QQQ,8743,2021-12-30
QQQ,8747,2021-12-31
QQQ,8747,2022-01-01
QQQ,8747,2022-01-02
QQQ,8752,2022-01-03
QQQ,8753,2022-01-04
QQQ,8757,2022-01-05
QQQ,8762,2022-01-06
QQQ,8767,2022-01-07
QQQ,8767,2022-01-08
QQQ,8767,2022-01-09
QQQ,8782,2022-01-10
QQQ,8788,2022-01-11
QQQ,8795,2022-01-12
QQQ,8802,2022-01-13
QQQ,8811,2022-01-14
QQQ,8811,2022-01-15
QQQ,8811,2022-01-16
QQQ,8811,2022-01-17
QQQ,8807,2022-01-18
QQQ,8806,2022-01-19
QQQ,8821,2022-01-20
QQQ,8830,2022-01-21
QQQ,8830,2022-01-22
QQQ,8830,2022-01-23
QQQ,8841,2022-01-24
QQQ,8839,2022-01-25
QQQ,8841,2022-01-26
QQQ,8847,2022-01-27
QQQ,8850,2022-01-28
QQQ,8850,2022-01-29
QQQ,8850,2022-01-30
QQQ,8860,2022-01-31
QQQ,8864,2022-02-01
QQQ,8863,2022-02-02
QQQ,8869,2022-02-03
QQQ,8879,2022-02-04
QQQ,8879,2022-02-05
QQQ,8879,2022-02-06
QQQ,8889,2022-02-07
QQQ,8895,2022-02-08
QQQ,8899,2022-02-09
QQQ,8911,2022-02-10
QQQ,8917,2022-02-11
QQQ,8917,2022-02-12
QQQ,8917,2022-02-13
QQQ,8917,2022-02-14
QQQ,8916,2022-02-15
QQQ,8918,2022-02-16
QQQ,8925,2022-02-17
QQQ,8924,2022-02-18
QQQ,8924,2022-02-19
QQQ,8924,2022-02-20
QQQ,8924,2022-02-21
QQQ,8927,2022-02-22
QQQ,8932,2022-02-23
QQQ,8944,2022-02-24
QQQ,8947,2022-02-25
QQQ,8947,2022-02-26
QQQ,8947,2022-02-27
QQQ,8945,2022-02-28
QQQ,8945,2022-03-01
QQQ,8942,2022-03-02
QQQ,8944,2022-03-03
QQQ,8951,2022-03-04
QQQ,8951,2022-03-05
QQQ,8951,2022-03-06
QQQ,8955,2022-03-07
QQQ,8957,2022-03-08
QQQ,8958,2022-03-09
QQQ,8960,2022-03-10
QQQ,8961,2022-03-11
QQQ,8961,2022-03-12
QQQ,8961,2022-03-13
QQQ,8972,2022-03-14
QQQ,8970,2022-03-15
QQQ,8974,2022-03-16
QQQ,8986,2022-03-17
QQQ,8986,2022-03-18
QQQ,8986,2022-03-19
QQQ,8986,2022-03-20
QQQ,8991,2022-03-21
QQQ,8990,2022-03-22
QQQ,8993,2022-03-23
QQQ,9001,2022-03-24
QQQ,9004,2022-03-25
QQQ,9004,2022-03-26
QQQ,9004,2022-03-27
QQQ,9007,2022-03-28
QQQ,9006,2022-03-29
QQQ,9006,2022-03-30
QQQ,9010,2022-03-31
QQQ,9009,2022-04-01
QQQ,9009,2022-04-02
QQQ,9009,2022-04-03
QQQ,9014,2022-04-04
QQQ,9012,2022-04-05
QQQ,9016,2022-04-06
QQQ,9019,2022-04-07
QQQ,9014,2022-04-08
QQQ,9014,2022-04-09
QQQ,9014,2022-04-10
QQQ,9011,2022-04-11
QQQ,9014,2022-04-12
QQQ,9010,2022-04-13
QQQ,9017,2022-04-14
QQQ,9017,2022-04-15
QQQ,9017,2022-04-16
QQQ,9017,2022-04-17
QQQ,9023,2022-04-18
QQQ,9024,2022-04-19
QQQ,9021,2022-04-20
QQQ,9027,2022-04-21
QQQ,9030,2022-04-22
QQQ,9030,2022-04-23
QQQ,9030,2022-04-24
QQQ,9030,2022-04-25
QQQ,9026,2022-04-26
QQQ,9036,2022-04-27
QQQ,9034,2022-04-28
QQQ,9033,2022-04-29
QQQ,9033,2022-04-30
QQQ,9033,2022-05-01
QQQ,9032,2022-05-02
QQQ,9026,2022-05-03
QQQ,9028,2022-05-04
QQQ,9030,2022-05-05
QQQ,9033,2022-05-06
QQQ,9033,2022-05-07
QQQ,9033,2022-05-08
QQQ,9036,2022-05-09
QQQ,9040,2022-05-10
QQQ,9040,2022-05-11
QQQ,9043,2022-05-12
QQQ,9043,2022-05-13
QQQ,9043,2022-05-14
QQQ,9043,2022-05-15
QQQ,9040,2022-05-16
QQQ,9042,2022-05-17
QQQ,9042,2022-05-18
QQQ,9044,2022-05-19
QQQ,9041,2022-05-20
QQQ,9041,2022-05-21
QQQ,9041,2022-05-22
QQQ,9043,2022-05-23
QQQ,9046,2022-05-24
QQQ,9046,2022-05-25
QQQ,9042,2022-05-26
QQQ,9041,2022-05-27
QQQ,9041,2022-05-28
QQQ,9041,2022-05-29
QQQ,9041,2022-05-30
QQQ,9045,2022-05-31
QQQ,9042,2022-06-01
QQQ,9045,2022-06-02
QQQ,9047,2022-06-03
QQQ,9047,2022-06-04
QQQ,9047,2022-06-05
QQQ,9044,2022-06-06
QQQ,9048,2022-06-07
QQQ,9046,2022-06-08
QQQ,9047,2022-06-09
QQQ,9046,2022-06-10
QQQ,9046,2022-06-11
QQQ,9046,2022-06-12
QQQ,9044,2022-06-13
QQQ,9044,2022-06-14
QQQ,9047,2022-06-15
QQQ,9053,2022-06-16
QQQ,9056,2022-06-17
QQQ,9056,2022-06-18
QQQ,9056,2022-06-19
QQQ,9056,2022-06-20
QQQ,9058,2022-06-21
QQQ,9061,2022-06-22
QQQ,9067,2022-06-23
QQQ,9069,2022-06-24
QQQ,9069,2022-06-25
QQQ,9069,2022-06-26
QQQ,9068,2022-06-27
QQQ,9071,2022-06-28
QQQ,9075,2022-06-29
QQQ,9076,2022-06-30
QQQ,9075,2022-07-01
QQQ,9075,2022-07-02
QQQ,9075,2022-07-03
QQQ,9075,2022-07-04
QQQ,9076,2022-07-05
QQQ,9082,2022-07-06
QQQ,9075,2022-07-07
QQQ,9075,2022-07-08
QQQ,9075,2022-07-09
QQQ,9075,2022-07-10
QQQ,9072,2022-07-11
QQQ,9071,2022-07-12
QQQ,9071,2022-07-13
QQQ,9072,2022-07-14
QQQ,9073,2022-07-15
QQQ,9073,2022-07-16
QQQ,9073,2022-07-17
QQQ,9071,2022-07-18
QQQ,9070,2022-07-19
QQQ,9067,2022-07-20
QQQ,9065,2022-07-21
QQQ,9064,2022-07-22
QQQ,9064,2022-07-23
QQQ,9064,2022-07-24
QQQ,9062,2022-07-25
QQQ,9062,2022-07-26
QQQ,9058,2022-07-27
QQQ,9062,2022-07-28
QQQ,9059,2022-07-29
QQQ,9059,2022-07-30
QQQ,9059,2022-07-31
QQQ,9055,2022-08-01
QQQ,9050,2022-08-02
QQQ,9049,2022-08-03
QQQ,9044,2022-08-04
QQQ,9043,2022-08-05
QQQ,9043,2022-08-06
QQQ,9043,2022-08-07
QQQ,9049,2022-08-08
QQQ,9062,2022-08-09
QQQ,9059,2022-08-10
QQQ,9063,2022-08-11
QQQ,9066,2022-08-12
QQQ,9066,2022-08-13
QQQ,9066,2022-08-14
QQQ,9062,2022-08-15
QQQ,9056,2022-08-16
QQQ,9054,2022-08-17
QQQ,9053,2022-08-18
QQQ,9053,2022-08-19
QQQ,9053,2022-08-20
QQQ,9053,2022-08-21
QQQ,9056,2022-08-22
QQQ,9043,2022-08-23
QQQ,9049,2022-08-24
QQQ,9050,2022-08-25
QQQ,9049,2022-08-26
QQQ,9049,2022-08-27
QQQ,9049,2022-08-28
QQQ,9051,2022-08-29
QQQ,9053,2022-08-30
QQQ,9049,2022-08-31
QQQ,9044,2022-09-01
QQQ,9042,2022-09-02
QQQ,9042,2022-09-03
QQQ,9042,2022-09-04
QQQ,9042,2022-09-05
QQQ,9039,2022-09-06
QQQ,9039,2022-09-07
QQQ,9046,2022-09-08
QQQ,9046,2022-09-09
QQQ,9046,2022-09-10
QQQ,9046,2022-09-11
QQQ,9048,2022-09-12
QQQ,9043,2022-09-13
QQQ,9042,2022-09-14
QQQ,9045,2022-09-15
QQQ,9048,2022-09-16
QQQ,9048,2022-09-17
QQQ,9048,2022-09-18
QQQ,9040,2022-09-19
QQQ,9043,2022-09-20
QQQ,9042,2022-09-21
QQQ,9046,2022-09-22
QQQ,9045,2022-09-23
QQQ,9045,2022-09-24
QQQ,9045,2022-09-25
QQQ,9045,2022-09-26
QQQ,9044,2022-09-27
QQQ,9046,2022-09-28
QQQ,9051,2022-09-29
QQQ,9056,2022-09-30
QQQ,9056,2022-10-01
QQQ,9056,2022-10-02
QQQ,9047,2022-10-03
QQQ,9044,2022-10-04
QQQ,9042,2022-10-05
QQQ,9038,2022-10-06
QQQ,9033,2022-10-07
QQQ,9033,2022-10-08
QQQ,9033,2022-10-09
QQQ,9030,2022-10-10
QQQ,9032,2022-10-11
QQQ,9031,2022-10-12
QQQ,9033,2022-10-13
QQQ,9032,2022-10-14
QQQ,9032,2022-10-15
QQQ,9032,2022-10-16
QQQ,9025,2022-10-17
QQQ,9022,2022-10-18
QQQ,9022,2022-10-19
QQQ,9019,2022-10-20
QQQ,9016,2022-10-21
QQQ,9016,2022-10-22
QQQ,9016,2022-10-23
QQQ,9010,2022-10-24
QQQ,8999,2022-10-25
QQQ,8998,2022-10-26
QQQ,8993,2022-10-27
QQQ,8987,2022-10-28
QQQ,8987,2022-10-29
QQQ,8987,2022-10-30
QQQ,8981,2022-10-31
QQQ,8976,2022-11-01
QQQ,8975,2022-11-02
QQQ,8977,2022-11-03
QQQ,8973,2022-11-04
QQQ,8973,2022-11-05
QQQ,8973,2022-11-06
QQQ,8969,2022-11-07
QQQ,8970,2022-11-08
QQQ,8969,2022-11-09
QQQ,8973,2022-11-10
QQQ,8967,2022-11-11
QQQ,8967,2022-11-12
QQQ,8967,2022-11-13
QQQ,8962,2022-11-14
QQQ,8959,2022-11-15
QQQ,8958,2022-11-16
QQQ,8961,2022-11-17
QQQ,8957,2022-11-18
QQQ,8957,2022-11-19
QQQ,8957,2022-11-20
QQQ,8955,2022-11-21
QQQ,8956,2022-11-22
QQQ,8942,2022-11-23
QQQ,8942,2022-11-24
QQQ,8944,2022-11-25
QQQ,8944,2022-11-26
QQQ,8944,2022-11-27
QQQ,8944,2022-11-28
QQQ,8939,2022-11-29
QQQ,8933,2022-11-30
QQQ,8929,2022-12-01
QQQ,8919,2022-12-02
QQQ,8919,2022-12-03
QQQ,8919,2022-12-04
QQQ,8916,2022-12-05
QQQ,8915,2022-12-06
QQQ,8916,2022-12-07
QQQ,8908,2022-12-08
QQQ,8901,2022-12-09
QQQ,8901,2022-12-10
QQQ,8901,2022-12-11
QQQ,8892,2022-12-12
QQQ,8888,2022-12-13
QQQ,8888,2022-12-14
QQQ,8870,2022-12-15
QQQ,8848,2022-12-16
QQQ,8848,2022-12-17
QQQ,8848,2022-12-18
QQQ,8829,2022-12-19
QQQ,8827,2022-12-20
QQQ,8821,2022-12-21
QQQ,8804,2022-12-22
QQQ,8789,2022-12-23
QQQ,8789,2022-12-24
QQQ,8789,2022-12-25
QQQ,8789,2022-12-26
QQQ,8773,2022-12-27
QQQ,8763,2022-12-28
QQQ,8759,2022-12-29
QQQ,8747,2022-12-30
QQQ,8747,2022-12-31
QQQ,8747,2023-01-01
QQQ,8747,2023-01-02
QQQ,8734,2023-01-03
QQQ,8729,2023-01-04
QQQ,8726,2023-01-05
QQQ,8724,2023-01-06
QQQ,8724,2023-01-07
QQQ,8724,2023-01-08
QQQ,8719,2023-01-09
QQQ,8718,2023-01-10
QQQ,8723,2023-01-11
QQQ,8720,2023-01-12
QQQ,8712,2023-01-13
QQQ,8712,2023-01-14
QQQ,8712,2023-01-15
QQQ,8712,2023-01-16
QQQ,8696,2023-01-17
QQQ,8695,2023-01-18
QQQ,8699,2023-01-19
QQQ,8700,2023-01-20
QQQ,8700,2023-01-21
QQQ,8700,2023-01-22
QQQ,8697,2023-01-23
QQQ,8695,2023-01-24
QQQ,8695,2023-01-25
QQQ,8699,2023-01-26
QQQ,8694,2023-01-27
QQQ,8694,2023-01-28
QQQ,8694,2023-01-29
QQQ,8689,2023-01-30
QQQ,8687,2023-01-31
QQQ,8685,2023-02-01
QQQ,8683,2023-02-02
QQQ,8676,2023-02-03
QQQ,8676,2023-02-04
QQQ,8676,2023-02-05
QQQ,8673,2023-02-06
QQQ,8675,2023-02-07
QQQ,8675,2023-02-08
QQQ,8675,2023-02-09
QQQ,8677,2023-02-10
QQQ,8677,2023-02-11
QQQ,8677,2023-02-12
QQQ,8674,2023-02-13
QQQ,8673,2023-02-14
QQQ,8667,2023-02-15
QQQ,8657,2023-02-16
QQQ,8656,2023-02-17
QQQ,8656,2023-02-18
QQQ,8656,2023-02-19
QQQ,8656,2023-02-20
QQQ,8651,2023-02-21
QQQ,8647,2023-02-22
QQQ,8644,2023-02-23
QQQ,8644,2023-02-24
QQQ,8644,2023-02-25
QQQ,8644,2023-02-26
QQQ,8635,2023-02-27
QQQ,8634,2023-02-28
QQQ,8636,2023-03-01
QQQ,8632,2023-03-02
QQQ,8630,2023-03-03
QQQ,8630,2023-03-04
QQQ,8630,2023-03-05
QQQ,8623,2023-03-06
QQQ,8619,2023-03-07
QQQ,8611,2023-03-08
QQQ,8613,2023-03-09
QQQ,8608,2023-03-10
QQQ,8608,2023-03-11
QQQ,8608,2023-03-12
QQQ,8586,2023-03-13
QQQ,8589,2023-03-14
QQQ,8584,2023-03-15
QQQ,8577,2023-03-16
QQQ,8579,2023-03-17
QQQ,8579,2023-03-18
QQQ,8579,2023-03-19
QQQ,8574,2023-03-20
QQQ,8573,2023-03-21
QQQ,8577,2023-03-22
QQQ,8578,2023-03-23
QQQ,8575,2023-03-24
QQQ,8575,2023-03-25
QQQ,8575,2023-03-26
QQQ,8567,2023-03-27
QQQ,8565,2023-03-28
QQQ,8566,2023-03-29
QQQ,8570,2023-03-30
QQQ,8550,2023-03-31
QQQ,8550,2023-04-01
QQQ,8550,2023-04-02
QQQ,8555,2023-04-03
QQQ,8555,2023-04-04
QQQ,8553,2023-04-05
QQQ,8550,2023-04-06
QQQ,8550,2023-04-07
QQQ,8550,2023-04-08
QQQ,8550,2023-04-09
QQQ,8547,2023-04-10
QQQ,8547,2023-04-11
QQQ,8547,2023-04-12
QQQ,8545,2023-04-13
QQQ,8542,2023-04-14
QQQ,8542,2023-04-15
QQQ,8542,2023-04-16
QQQ,8533,2023-04-17
QQQ,8535,2023-04-18
QQQ,8532,2023-04-19
QQQ,8535,2023-04-20
QQQ,8534,2023-04-21
QQQ,8534,2023-04-22
QQQ,8534,2023-04-23
QQQ,8530,2023-04-24
QQQ,8522,2023-04-25
QQQ,8520,2023-04-26
QQQ,8514,2023-04-27
QQQ,8509,2023-04-28
QQQ,8509,2023-04-29
QQQ,8509,2023-04-30
QQQ,8504,2023-05-01
QQQ,8503,2023-05-02
QQQ,8496,2023-05-03
QQQ,8497,2023-05-04
QQQ,8492,2023-05-05
QQQ,8492,2023-05-06
QQQ,8492,2023-05-07
QQQ,8492,2023-05-08
QQQ,8490,2023-05-09
QQQ,8487,2023-05-10
QQQ,8492,2023-05-11
QQQ,8493,2023-05-12
QQQ,8493,2023-05-13
QQQ,8493,2023-05-14
QQQ,8489,2023-05-15
QQQ,8488,2023-05-16
QQQ,8489,2023-05-17
QQQ,8487,2023-05-18
QQQ,8487,2023-05-19
QQQ,8487,2023-05-20
QQQ,8487,2023-05-21
QQQ,8488,2023-05-22
QQQ,8490,2023-05-23
QQQ,8488,2023-05-24
QQQ,8491,2023-05-25
QQQ,8491,2023-05-26
QQQ,8491,2023-05-27
QQQ,8491,2023-05-28
QQQ,8491,2023-05-29
QQQ,8484,2023-05-30
QQQ,8483,2023-05-31
QQQ,8477,2023-06-01
QQQ,8474,2023-06-02
QQQ,8474,2023-06-03
QQQ,8474,2023-06-04
QQQ,8472,2023-06-05
QQQ,8468,2023-06-06
QQQ,8467,2023-06-07
QQQ,8465,2023-06-08
QQQ,8444,2023-06-09
QQQ,8444,2023-06-10
QQQ,8444,2023-06-11
QQQ,8448,2023-06-12
QQQ,8450,2023-06-13
QQQ,8453,2023-06-14
QQQ,8450,2023-06-15
QQQ,8441,2023-06-16
QQQ,8441,2023-06-17
QQQ,8441,2023-06-18
QQQ,8441,2023-06-19
QQQ,8428,2023-06-20
QQQ,8431,2023-06-21
QQQ,8433,2023-06-22
QQQ,8432,2023-06-23
QQQ,8432,2023-06-24
QQQ,8432,2023-06-25
QQQ,8415,2023-06-26
QQQ,8418,2023-06-27
QQQ,8426,2023-06-28
QQQ,8432,2023-06-29
QQQ,8436,2023-06-30
QQQ,8436,2023-07-01
QQQ,8436,2023-07-02
QQQ,8430,2023-07-03
QQQ,8430,2023-07-04
QQQ,8427,2023-07-05
QQQ,8424,2023-07-06
QQQ,8421,2023-07-07
QQQ,8421,2023-07-08
QQQ,8421,2023-07-09
QQQ,8414,2023-07-10
QQQ,8412,2023-07-11
QQQ,8408,2023-07-12
QQQ,8410,2023-07-13
QQQ,8410,2023-07-14
QQQ,8410,2023-07-15
QQQ,8410,2023-07-16
QQQ,8408,2023-07-17
QQQ,8408,2023-07-18
QQQ,8407,2023-07-19
QQQ,8405,2023-07-20
QQQ,8402,2023-07-21
QQQ,8402,2023-07-22
QQQ,8402,2023-07-23
QQQ,8398,2023-07-24
QQQ,8396,2023-07-25
QQQ,8393,2023-07-26
QQQ,8392,2023-07-27
QQQ,8389,2023-07-28
QQQ,8389,2023-07-29
QQQ,8389,2023-07-30
QQQ,8386,2023-07-31
QQQ,8390,2023-08-01
QQQ,8386,2023-08-02
QQQ,8387,2023-08-03
QQQ,8384,2023-08-04
QQQ,8384,2023-08-05
QQQ,8384,2023-08-06
QQQ,8378,2023-08-07
QQQ,8379,2023-08-08
QQQ,8380,2023-08-09
QQQ,8380,2023-08-10
QQQ,8375,2023-08-11
QQQ,8375,2023-08-12
QQQ,8375,2023-08-13
QQQ,8370,2023-08-14
QQQ,8371,2023-08-15
QQQ,8367,2023-08-16
QQQ,8370,2023-08-17
QQQ,8369,2023-08-18
QQQ,8369,2023-08-19
QQQ,8369,2023-08-20
QQQ,8373,2023-08-21
QQQ,8379,2023-08-22
QQQ,8382,2023-08-23
QQQ,8373,2023-08-24
QQQ,8370,2023-08-25
QQQ,8370,2023-08-26
QQQ,8370,2023-08-27
QQQ,8362,2023-08-28
QQQ,8360,2023-08-29
QQQ,8362,2023-08-30
QQQ,8360,2023-08-31
QQQ,8351,2023-09-01
QQQ,8351,2023-09-02
QQQ,8351,2023-09-03
QQQ,8351,2023-09-04
QQQ,8351,2023-09-05
QQQ,8350,2023-09-06
QQQ,8346,2023-09-07
QQQ,8345,2023-09-08
QQQ,8345,2023-09-09
QQQ,8345,2023-09-10
QQQ,8343,2023-09-11
QQQ,8348,2023-09-12
QQQ,8348,2023-09-13
QQQ,8349,2023-09-14
QQQ,8353,2023-09-15
QQQ,8353,2023-09-16
QQQ,8353,2023-09-17
QQQ,8358,2023-09-18
QQQ,8362,2023-09-19
QQQ,8369,2023-09-20
QQQ,8372,2023-09-21
QQQ,8374,2023-09-22
QQQ,8374,2023-09-23
QQQ,8374,2023-09-24
QQQ,8366,2023-09-25
QQQ,8359,2023-09-26
QQQ,8366,2023-09-27
QQQ,8376,2023-09-28
QQQ,8376,2023-09-29
QQQ,8376,2023-09-30
QQQ,8376,2023-10-01
QQQ,8386,2023-10-02
QQQ,8385,2023-10-03
QQQ,8386,2023-10-04
QQQ,8386,2023-10-05
QQQ,8388,2023-10-06
QQQ,8388,2023-10-07
QQQ,8388,2023-10-08
QQQ,8384,2023-10-09
QQQ,8381,2023-10-10
QQQ,8385,2023-10-11
QQQ,8383,2023-10-12
QQQ,8380,2023-10-13
QQQ,8380,2023-10-14
QQQ,8380,2023-10-15
QQQ,8368,2023-10-16
QQQ,8365,2023-10-17
QQQ,8361,2023-10-18
QQQ,8372,2023-10-19
QQQ,8365,2023-10-20
QQQ,8365,2023-10-21
QQQ,8365,2023-10-22
QQQ,8360,2023-10-23
QQQ,8356,2023-10-24
QQQ,8353,2023-10-25
QQQ,8356,2023-10-26
QQQ,8362,2023-10-27
QQQ,8362,2023-10-28
QQQ,8362,2023-10-29
QQQ,8354,2023-10-30
QQQ,8351,2023-10-31
QQQ,8350,2023-11-01
QQQ,8353,2023-11-02
QQQ,8352,2023-11-03
QQQ,8352,2023-11-04
QQQ,8352,2023-11-05
QQQ,8344,2023-11-06
QQQ,8343,2023-11-07
QQQ,8341,2023-11-08
QQQ,8343,2023-11-09
QQQ,8340,2023-11-10
QQQ,8340,2023-11-11
QQQ,8340,2023-11-12
QQQ,8334,2023-11-13
QQQ,8334,2023-11-14
QQQ,8335,2023-11-15
QQQ,8330,2023-11-16
QQQ,8326,2023-11-17
QQQ,8326,2023-11-18
QQQ,8326,2023-11-19
QQQ,8330,2023-11-20
QQQ,8330,2023-11-21
QQQ,8332,2023-11-22
QQQ,8332,2023-11-23
QQQ,8330,2023-11-24
QQQ,8330,2023-11-25
QQQ,8330,2023-11-26
QQQ,8329,2023-11-27
QQQ,13340,2023-11-28
QQQ,13340,2023-11-29
QQQ,13340,2023-11-30
QQQ,13340,2023-12-01
QQQ,13340,2023-12-02
QQQ,13340,2023-12-03
QQQ,13340,2023-12-04
QQQ,13340,2023-12-05
QQQ,13340,2023-12-06
QQQ,13340,2023-12-07
QQQ,13340,2023-12-08
QQQ,13340,2023-12-09
QQQ,13340,2023-12-10
QQQ,13340,2023-12-11
QQQ,13340,2023-12-12
QQQ,13340,2023-12-13
QQQ,13340,2023-12-14
QQQ,13340,2023-12-15
QQQ,13340,2023-12-16
QQQ,13340,2023-12-17
QQQ,13340,2023-12-18
QQQ,13340,2023-12-19
QQQ,13340,2023-12-20
QQQ,13340,2023-12-21
QQQ,13340,2023-12-22
QQQ,13340,2023-12-23
QQQ,13340,2023-12-24
QQQ,13340,2023-12-25
QQQ,13340,2023-12-26
QQQ,13340,2023-12-27
QQQ,13340,2023-12-28
QQQ,13340,2023-12-29
QQQ,13340,2023-12-30
QQQ,13340,2023-12-31
QQQ,13340,2024-01-01
QQQ,13340,2024-01-02
QQQ,13340,2024-01-03
QQQ,13340,2024-01-04
QQQ,13340,2024-01-05
QQQ,13340,2024-01-06
QQQ,13340,2024-01-07
QQQ,13340,2024-01-08
QQQ,13340,2024-01-09
QQQ,13340,2024-01-10
QQQ,13340,2024-01-11
QQQ,13340,2024-01-12
QQQ,13340,2024-01-13
QQQ,13340,2024-01-14
QQQ,13340,2024-01-15
QQQ,13340,2024-01-16
QQQ,13340,2024-01-17
QQQ,13340,2024-01-18
QQQ,13340,2024-01-19
QQQ,13340,2024-01-20
QQQ,13340,2024-01-21
QQQ,13340,2024-01-22
QQQ,13340,2024-01-23
QQQ,13340,2024-01-24
QQQ,13340,2024-01-25
QQQ,13340,2024-01-26
QQQ,13340,2024-01-27
QQQ,13340,2024-01-28
QQQ,13340,2024-01-29
QQQ,13340,2024-01-30
QQQ,13340,2024-01-31
QQQ,13340,2024-02-01
QQQ,13340,2024-02-02
QQQ,13340,2024-02-03
QQQ,13340,2024-02-04
QQQ,13340,2024-02-05
QQQ,13340,2024-02-06
QQQ,13340,2024-02-07
QQQ,13340,2024-02-08
QQQ,13340,2024-02-09
QQQ,13340,2024-02-10
QQQ,13340,2024-02-11
QQQ,13340,2024-02-12
QQQ,13340,2024-02-13
QQQ,13340,2024-02-14
QQQ,13340,2024-02-15
QQQ,13340,2024-02-16
QQQ,13340,2024-02-17
QQQ,13340,2024-02-18
QQQ,13340,2024-02-19
QQQ,13340,2024-02-20
QQQ,13340,2024-02-21
QQQ,13340,2024-02-22
QQQ,13340,2024-02-23
QQQ,13340,2024-02-24
QQQ,13340,2024-02-25
QQQ,13340,2024-02-26
QQQ,13340,2024-02-27
QQQ,13340,2024-02-28
QQQ,13340,2024-02-29
QQQ,13340,2024-03-01
QQQ,13340,2024-03-02
QQQ,13340,2024-03-03
QQQ,13340,2024-03-04
QQQ,13340,2024-03-05
QQQ,13340,2024-03-06
QQQ,13340,2024-03-07
QQQ,13340,2024-03-08
QQQ,13340,2024-03-09
QQQ,13340,2024-03-10
QQQ,13340,2024-03-11
QQQ,13340,2024-03-12
QQQ,13340,2024-03-13
QQQ,13340,2024-03-14
QQQ,13340,2024-03-15
QQQ,13340,2024-03-16
QQQ,13340,2024-03-17
QQQ,13340,2024-03-18
QQQ,13340,2024-03-19
QQQ,13340,2024-03-20
QQQ,13340,2024-03-21
QQQ,13340,2024-03-22
QQQ,13340,2024-03-23
QQQ,13340,2024-03-24
QQQ,13340,2024-03-25
QQQ,13340,2024-03-26
QQQ,13340,2024-03-27
QQQ,13340,2024-03-28
QQQ,13340,2024-03-29
QQQ,13340,2024-03-30
QQQ,13340,2024-03-31
QQQ,13340,2024-04-01
QQQ,13340,2024-04-02
QQQ,13340,2024-04-03
QQQ,13340,2024-04-04
QQQ,13340,2024-04-05
QQQ,13340,2024-04-06
QQQ,13340,2024-04-07
QQQ,13340,2024-04-08
QQQ,13340,2024-04-09
QQQ,13340,2024-04-10
QQQ,13340,2024-04-11
QQQ,13340,2024-04-12
QQQ,13340,2024-04-13
QQQ,13340,2024-04-14
QQQ,13340,2024-04-15
QQQ,13340,2024-04-16
QQQ,13340,2024-04-17
QQQ,13340,2024-04-18
QQQ,13340,2024-04-19
QQQ,13340,2024-04-20
QQQ,13340,2024-04-21
QQQ,13340,2024-04-22
QQQ,13340,2024-04-23
QQQ,13340,2024-04-24
QQQ,13340,2024-04-25
QQQ,13340,2024-04-26
QQQ,13340,2024-04-27
QQQ,13340,2024-04-28
QQQ,13340,2024-04-29
QQQ,13340,2024-04-30
QQQ,13340,2024-05-01
QQQ,13340,2024-05-02
QQQ,13340,2024-05-03
QQQ,13340,2024-05-04
QQQ,13340,2024-05-05
QQQ,13340,2024-05-06
QQQ,13340,2024-05-07
QQQ,13340,2024-05-08
QQQ,13340,2024-05-09
QQQ,13340,2024-05-10
QQQ,13340,2024-05-11
QQQ,13340,2024-05-12
QQQ,13340,2024-05-13
QQQ,13340,2024-05-14
QQQ,13340,2024-05-15
QQQ,13340,2024-05-16
QQQ,13340,2024-05-17
QQQ,13340,2024-05-18
QQQ,13340,2024-05-19
QQQ,13340,2024-05-20
QQQ,13340,2024-05-21
QQQ,13340,2024-05-22
QQQ,13340,2024-05-23
QQQ,13340,2024-05-24
QQQ,13340,2024-05-25
QQQ,13340,2024-05-26
QQQ,13340,2024-05-27
QQQ,13340,2024-05-28
QQQ,13340,2024-05-29
QQQ,13340,2024-05-30
QQQ,13340,2024-05-31
QQQ,13340,2024-06-01
QQQ,13340,2024-06-02
QQQ,13340,2024-06-03
QQQ,13340,2024-06-04
QQQ,13340,2024-06-05
QQQ,13340,2024-06-06
QQQ,13340,2024-06-07
QQQ,13340,2024-06-08
QQQ,13340,2024-06-09
QQQ,13340,2024-06-10
QQQ,13340,2024-06-11
QQQ,13340,2024-06-12
QQQ,13340,2024-06-13
QQQ,13340,2024-06-14
QQQ,13340,2024-06-15
QQQ,13340,2024-06-16
QQQ,13340,2024-06-17
QQQ,13340,2024-06-18
QQQ,13340,2024-06-19
QQQ,13340,2024-06-20
QQQ,13340,2024-06-21
QQQ,13340,2024-06-22
QQQ,13340,2024-06-23
QQQ,13340,2024-06-24
QQQ,13340,2024-06-25
QQQ,13340,2024-06-26
QQQ,13340,2024-06-27
QQQ,13340,2024-06-28
QQQ,13340,2024-06-29
QQQ,13340,2024-06-30
QQQ,13340,2024-07-01
QQQ,13340,2024-07-02
QQQ,13340,2024-07-03
QQQ,13340,2024-07-04
QQQ,13340,2024-07-05
QQQ,13340,2024-07-06
QQQ,13340,2024-07-07
QQQ,13340,2024-07-08
QQQ,13340,2024-07-09
QQQ,13340,2024-07-10
QQQ,13340,2024-07-11
QQQ,13340,2024-07-12
QQQ,13340,2024-07-13
QQQ,13340,2024-07-14
QQQ,13340,2024-07-15
QQQ,13340,2024-07-16
QQQ,13340,2024-07-17
QQQ,13340,2024-07-18
QQQ,13340,2024-07-19
QQQ,13340,2024-07-20
QQQ,13340,2024-07-21
QQQ,13340,2024-07-22
QQQ,13340,2024-07-23
QQQ,13340,2024-07-24
QQQ,13340,2024-07-25
QQQ,13340,2024-07-26
QQQ,13340,2024-07-27
QQQ,13340,2024-07-28
QQQ,13340,2024-07-29
QQQ,13340,2024-07-30
QQQ,13340,2024-07-31
QQQ,13340,2024-08-01
QQQ,13340,2024-08-02
QQQ,13340,2024-08-03
QQQ,13340,2024-08-04
QQQ,13340,2024-08-05
QQQ,13340,2024-08-06
QQQ,13340,2024-08-07
QQQ,13340,2024-08-08
QQQ,13340,2024-08-09
QQQ,13340,2024-08-10
QQQ,13340,2024-08-11
QQQ,13340,2024-08-12
QQQ,13340,2024-08-13
QQQ,13340,2024-08-14
QQQ,13340,2024-08-15
QQQ,13340,2024-08-16
QQQ,13340,2024-08-17
QQQ,13340,2024-08-18
QQQ,13340,2024-08-19
QQQ,13340,2024-08-20
QQQ,13340,2024-08-21
QQQ,13340,2024-08-22
QQQ,13340,2024-08-23
QQQ,13340,2024-08-24
QQQ,13340,2024-08-25
QQQ,13340,2024-08-26
QQQ,13340,2024-08-27
QQQ,13340,2024-08-28
QQQ,13340,2024-08-29
QQQ,13340,2024-08-30
QQQ,13340,2024-08-31
QQQ,13340,2024-09-01
QQQ,13340,2024-09-02
QQQ,13340,2024-09-03
QQQ,13340,2024-09-04
QQQ,13340,2024-09-05
QQQ,13340,2024-09-06
QQQ,13340,2024-09-07
QQQ,13340,2024-09-08
QQQ,13340,2024-09-09
QQQ,13340,2024-09-10
QQQ,13340,2024-09-11
QQQ,13340,2024-09-12
QQQ,13340,2024-09-13
QQQ,13340,2024-09-14
QQQ,13340,2024-09-15
QQQ,13340,2024-09-16
QQQ,13340,2024-09-17
QQQ,13340,2024-09-18
QQQ,13340,2024-09-19
QQQ,13340,2024-09-20
QQQ,13340,2024-09-21
QQQ,13340,2024-09-22
QQQ,13340,2024-09-23
QQQ,13340,2024-09-24
QQQ,13340,2024-09-25
QQQ,13340,2024-09-26
QQQ,13340,2024-09-27
QQQ,13340,2024-09-28
QQQ,13340,2024-09-29
QQQ,13340,2024-09-30
QQQ,13340,2024-10-01
QQQ,13340,2024-10-02
QQQ,13340,2024-10-03
QQQ,13340,2024-10-04
QQQ,13340,2024-10-05
QQQ,13340,2024-10-06
QQQ,13340,2024-10-07
QQQ,13340,2024-10-08
QQQ,13340,2024-10-09
QQQ,13340,2024-10-10
QQQ,13340,2024-10-11
QQQ,13340,2024-10-12
QQQ,13340,2024-10-13
QQQ,13340,2024-10-14
QQQ,13340,2024-10-15
QQQ,13340,2024-10-16
QQQ,13340,2024-10-17
QQQ,13340,2024-10-18
QQQ,13340,2024-10-19
QQQ,13340,2024-10-20
QQQ,13340,2024-10-21
QQQ,13340,2024-10-22
QQQ,13340,2024-10-23
QQQ,13340,2024-10-24
QQQ,13340,2024-10-25
QQQ,13340,2024-10-26
QQQ,13340,2024-10-27
QQQ,13340,2024-10-28
QQQ,13340,2024-10-29
QQQ,13340,2024-10-30
QQQ,13340,2024-10-31
QQQ,13340,2024-11-01
QQQ,13340,2024-11-02
QQQ,13340,2024-11-03
QQQ,13340,2024-11-04
QQQ,13340,2024-11-05
QQQ,13340,2024-11-06
QQQ,13340,2024-11-07
QQQ,13340,2024-11-08
QQQ,13340,2024-11-09
QQQ,13340,2024-11-10
QQQ,13340,2024-11-11
QQQ,13340,2024-11-12
QQQ,13340,2024-11-13
QQQ,13340,2024-11-14
QQQ,13340,2024-11-15
QQQ,13340,2024-11-16
QQQ,13340,2024-11-17
QQQ,13340,2024-11-18
QQQ,13340,2024-11-19
QQQ,13340,2024-11-20
QQQ,13340,2024-11-21
QQQ,13340,2024-11-22
QQQ,13340,2024-11-23
QQQ,13340,2024-11-24
QQQ,13340,2024-11-25
QQQ,13340,2024-11-26
QQQ,13340,2024-11-27
QQQ,13340,2024-11-28
QQQ,13340,2024-11-29
QQQ,13340,2024-11-30
QQQ,13340,2024-12-01
QQQ,13340,2024-12-02
QQQ,13340,2024-12-03
QQQ,13340,2024-12-04
QQQ,13340,2024-12-05
QQQ,13340,2024-12-06
QQQ,13340,2024-12-07
QQQ,13340,2024-12-08
QQQ,13340,2024-12-09
QQQ,13340,2024-12-10
QQQ,13340,2024-12-11
QQQ,13340,2024-12-12
QQQ,13340,2024-12-13
QQQ,13340,2024-12-14
QQQ,13340,2024-12-15
QQQ,13340,2024-12-16
QQQ,13340,2024-12-17
QQQ,13340,2024-12-18
QQQ,13340,2024-12-19
QQQ,13340,2024-12-20
QQQ,13340,2024-12-21
QQQ,13340,2024-12-22
QQQ,13340,2024-12-23
QQQ,13340,2024-12-24
QQQ,13340,2024-12-25
QQQ,13340,2024-12-26
QQQ,13340,2024-12-27
QQQ,13340,2024-12-28
QQQ,13340,2024-12-29
QQQ,13340,2024-12-30
QQQ,13340,2024-12-31
QQQ,13340,2025-01-01
QQQ,13340,2025-01-02
QQQ,13340,2025-01-03
QQQ,13340,2025-01-04
QQQ,13340,2025-01-05
QQQ,13340,2025-01-06
QQQ,13340,2025-01-07
QQQ,13340,2025-01-08
QQQ,13340,2025-01-09
QQQ,13340,2025-01-10
QQQ,13340,2025-01-11
QQQ,13340,2025-01-12
QQQ,13340,2025-01-13
QQQ,13340,2025-01-14
QQQ,13340,2025-01-15
QQQ,13340,2025-01-16
QQQ,13340,2025-01-17
QQQ,13340,2025-01-18
QQQ,13340,2025-01-19
QQQ,13340,2025-01-20
QQQ,13340,2025-01-21
QQQ,13340,2025-01-22
QQQ,13340,2025-01-23
QQQ,13340,2025-01-24
QQQ,13340,2025-01-25
QQQ,13340,2025-01-26
QQQ,13340,2025-01-27
QQQ,13340,2025-01-28
QQQ,13340,2025-01-29
QQQ,13340,2025-01-30
QQQ,13340,2025-01-31
QQQ,13340,2025-02-01
QQQ,13340,2025-02-02
QQQ,13340,2025-02-03
QQQ,13340,2025-02-04
QQQ,13340,2025-02-05
QQQ,13340,2025-02-06
QQQ,13340,2025-02-07
QQQ,13340,2025-02-08
QQQ,13340,2025-02-09
QQQ,13340,2025-02-10
QQQ,13340,2025-02-11
QQQ,13340,2025-02-12
QQQ,13340,2025-02-13
QQQ,13340,2025-02-14
QQQ,13340,2025-02-15
QQQ,13340,2025-02-16
QQQ,13340,2025-02-17
QQQ,13340,2025-02-18
QQQ,13340,2025-02-19
QQQ,13340,2025-02-20
QQQ,13340,2025-02-21
QQQ,13340,2025-02-22
QQQ,13340,2025-02-23
QQQ,13340,2025-02-24
QQQ,13340,2025-02-25
QQQ,13340,2025-02-26
QQQ,13340,2025-02-27
QQQ,13340,2025-02-28
QQQ,13340,2025-03-01
QQQ,13340,2025-03-02
QQQ,13340,2025-03-03
QQQ,13340,2025-03-04
QQQ,13340,2025-03-05
QQQ,13340,2025-03-06
QQQ,13340,2025-03-07
QQQ,13340,2025-03-08
QQQ,13340,2025-03-09
QQQ,13340,2025-03-10
QQQ,13340,2025-03-11
QQQ,13340,2025-03-12
QQQ,13340,2025-03-13
QQQ,13340,2025-03-14
QQQ,13340,2025-03-15
QQQ,13340,2025-03-16
QQQ,13340,2025-03-17
QQQ,13340,2025-03-18
QQQ,13340,2025-03-19
QQQ,13340,2025-03-20
QQQ,13340,2025-03-21
QQQ,13340,2025-03-22
QQQ,13340,2025-03-23
QQQ,13340,2025-03-24
QQQ,13340,2025-03-25
QQQ,13340,2025-03-26
QQQ,13340,2025-03-27
QQQ,13340,2025-03-28
QQQ,13340,2025-03-29
QQQ,13340,2025-03-30
QQQ,13340,2025-03-31
QQQ,13340,2025-04-01
QQQ,13340,2025-04-02
QQQ,13340,2025-04-03
QQQ,13340,2025-04-04
QQQ,13340,2025-04-05
QQQ,13340,2025-04-06
QQQ,13340,2025-04-07
QQQ,13340,2025-04-08
QQQ,13340,2025-04-09
QQQ,13340,2025-04-10
QQQ,13340,2025-04-11
QQQ,13340,2025-04-12
QQQ,13340,2025-04-13
QQQ,13340,2025-04-14
QQQ,13340,2025-04-15
QQQ,13340,2025-04-16
QQQ,13340,2025-04-17
QQQ,13340,2025-04-18
QQQ,13340,2025-04-19
QQQ,13340,2025-04-20
QQQ,13340,2025-04-21
QQQ,13340,2025-04-22
QQQ,13340,2025-04-23
QQQ,13340,2025-04-24
QQQ,13340,2025-04-25
QQQ,13340,2025-04-26
QQQ,13340,2025-04-27
QQQ,13340,2025-04-28
QQQ,13340,2025-04-29
QQQ,13340,2025-04-30
QQQ,13340,2025-05-01
QQQ,13340,2025-05-02
QQQ,13340,2025-05-03
QQQ,13340,2025-05-04
QQQ,13340,2025-05-05
QQQ,13340,2025-05-06
QQQ,13340,2025-05-07
QQQ,13340,2025-05-08
QQQ,13340,2025-05-09
QQQ,13340,2025-05-10
QQQ,13340,2025-05-11
QQQ,13340,2025-05-12
QQQ,13340,2025-05-13
QQQ,13340,2025-05-14
QQQ,13340,2025-05-15
QQQ,13340,2025-05-16
QQQ,13340,2025-05-17
QQQ,13340,2025-05-18
QQQ,13340,2025-05-19
QQQ,13340,2025-05-20
QQQ,13340,2025-05-21
QQQ,13340,2025-05-22
QQQ,13340,2025-05-23
QQQ,13340,2025-05-24
QQQ,13340,2025-05-25
QQQ,13340,2025-05-26
QQQ,13340,2025-05-27
QQQ,13340,2025-05-28
QQQ,13340,2025-05-29
QQQ,13340,2025-05-30
QQQ,13340,2025-05-31
QQQ,13340,2025-06-01
QQQ,13340,2025-06-02
QQQ,13340,2025-06-03
QQQ,13340,2025-06-04
QQQ,13340,2025-06-05
QQQ,13340,2025-06-06
QQQ,13340,2025-06-07
QQQ,13340,2025-06-08
QQQ,13340,2025-06-09
QQQ,13340,2025-06-10
QQQ,13340,2025-06-11
QQQ,13340,2025-06-12
QQQ,13340,2025-06-13
QQQ,13340,2025-06-14
QQQ,13340,2025-06-15
QQQ,13340,2025-06-16
QQQ,13340,2025-06-17
QQQ,13340,2025-06-18
QQQ,13340,2025-06-19
QQQ,13340,2025-06-20
QQQ,13340,2025-06-21
QQQ,13340,2025-06-22
QQQ,13340,2025-06-23
QQQ,13340,2025-06-24
QQQ,13340,2025-06-25
QQQ,13340,2025-06-26
QQQ,13340,2025-06-27
QQQ,13340,2025-06-28
QQQ,13340,2025-06-29
QQQ,13340,2025-06-30
QQQ,13340,2025-07-01
QQQ,13340,2025-07-02
QQQ,13340,2025-07-03
QQQ,13340,2025-07-04
QQQ,13340,2025-07-05
QQQ,13340,2025-07-06
QQQ,13340,2025-07-07
QQQ,13340,2025-07-08
QQQ,13340,2025-07-09
QQQ,13340,2025-07-10
QQQ,13340,2025-07-11
QQQ,13340,2025-07-12
QQQ,13340,2025-07-13
QQQ,13340,2025-07-14
QQQ,13340,2025-07-15
QQQ,13340,2025-07-16
QQQ,13340,2025-07-17
QQQ,13340,2025-07-18
QQQ,13340,2025-07-19
QQQ,13340,2025-07-20
QQQ,13340,2025-07-21
QQQ,13340,2025-07-22
QQQ,13340,2025-07-23
QQQ,13340,2025-07-24
QQQ,13340,2025-07-25
QQQ,13340,2025-07-26
QQQ,13340,2025-07-27
QQQ,13340,2025-07-28
QQQ,13340,2025-07-29
QQQ,13340,2025-07-30
QQQ,13340,2025-07-31
QQQ,13340,2025-08-01
QQQ,13340,2025-08-02
QQQ,13340,2025-08-03
QQQ,13340,2025-08-04
QQQ,13340,2025-08-05
QQQ,13340,2025-08-06
QQQ,13340,2025-08-07
QQQ,13340,2025-08-08
QQQ,13340,2025-08-09
QQQ,13340,2025-08-10
QQQ,13340,2025-08-11
QQQ,13340,2025-08-12
QQQ,13340,2025-08-13
QQQ,13340,2025-08-14
QQQ,13340,2025-08-15
QQQ,13340,2025-08-16
QQQ,13340,2025-08-17
QQQ,13340,2025-08-18
QQQ,13340,2025-08-19
QQQ,13340,2025-08-20
QQQ,13340,2025-08-21
QQQ,13340,2025-08-22
QQQ,13340,2025-08-23
QQQ,13340,2025-08-24
QQQ,13340,2025-08-25
QQQ,13340,2025-08-26
QQQ,13340,2025-08-27
QQQ,13340,2025-08-28
QQQ,13340,2025-08-29
QQQ,13340,2025-08-30
QQQ,13340,2025-08-31
QQQ,13340,2025-09-01
QQQ,13340,2025-09-02
QQQ,13340,2025-09-03
QQQ,13340,2025-09-04
QQQ,13340,2025-09-05
QQQ,13340,2025-09-06
QQQ,13340,2025-09-07
QQQ,13340,2025-09-08
QQQ,13340,2025-09-09
QQQ,13340,2025-09-10
QQQ,13340,2025-09-11
QQQ,13340,2025-09-12
QQQ,13340,2025-09-13
QQQ,13340,2025-09-14
QQQ,13340,2025-09-15
QQQ,13340,2025-09-16
QQQ,13340,2025-09-17
QQQ,13340,2025-09-18
QQQ,13340,2025-09-19
QQQ,13340,2025-09-20
QQQ,13340,2025-09-21
QQQ,13340,2025-09-22
QQQ,13340,2025-09-23
QQQ,13340,2025-09-24
QQQ,13340,2025-09-25
QQQ,13340,2025-09-26
QQQ,13340,2025-09-27
QQQ,13340,2025-09-28
QQQ,13340,2025-09-29
QQQ,13340,2025-09-30
QQQ,13340,2025-10-01
QQQ,13340,2025-10-02
QQQ,13340,2025-10-03
QQQ,13340,2025-10-04
QQQ,13340,2025-10-05
QQQ,13340,2025-10-06
QQQ,13340,2025-10-07
QQQ,13340,2025-10-08
QQQ,13340,2025-10-09
QQQ,13340,2025-10-10
QQQ,13340,2025-10-11
QQQ,13340,2025-10-12
QQQ,13340,2025-10-13
QQQ,13340,2025-10-14
QQQ,13340,2025-10-15
QQQ,13340,2025-10-16
QQQ,13340,2025-10-17
QQQ,13340,2025-10-18
QQQ,13340,2025-10-19
QQQ,13340,2025-10-20
QQQ,13340,2025-10-21
QQQ,13340,2025-10-22
QQQ,13340,2025-10-23
QQQ,13340,2025-10-24
QQQ,13340,2025-10-25
QQQ,13340,2025-10-26
QQQ,13340,2025-10-27
QQQ,13340,2025-10-28
QQQ,13340,2025-10-29
QQQ,13340,2025-10-30
QQQ,13340,2025-10-31
QQQ,13340,2025-11-01
QQQ,13340,2025-11-02
QQQ,13340,2025-11-03
QQQ,13340,2025-11-04
QQQ,13340,2025-11-05
QQQ,13340,2025-11-06
QQQ,13340,2025-11-07
QQQ,13340,2025-11-08
QQQ,13340,2025-11-09
QQQ,13340,2025-11-10
QQQ,13340,2025-11-11
QQQ,13340,2025-11-12
QQQ,13340,2025-11-13
QQQ,13340,2025-11-14
QQQ,13340,2025-11-15
QQQ,13340,2025-11-16
QQQ,13340,2025-11-17
QQQ,13340,2025-11-18
QQQ,13340,2025-11-19
QQQ,13340,2025-11-20
QQQ,13340,2025-11-21
QQQ,13340,2025-11-22
QQQ,13340,2025-11-23
QQQ,13340,2025-11-24
QQQ,13340,2025-11-25
QQQ,13340,2025-11-26
QQQ,13340,2025-11-27
QQQ,13340,2025-11-28
QQQ,13340,2025-11-29
QQQ,13340,2025-11-30
QQQ,13340,2025-12-01
QQQ,13340,2025-12-02
QQQ,13340,2025-12-03
QQQ,13340,2025-12-04
QQQ,13340,2025-12-05
QQQ,13340,2025-12-06
QQQ,13340,2025-12-07
QQQ,13340,2025-12-08
QQQ,13340,2025-12-09
QQQ,13340,2025-12-10
QQQ,13340,2025-12-11
QQQ,13340,2025-12-12
QQQ,13340,2025-12-13
QQQ,13340,2025-12-14
QQQ,13340,2025-12-15
QQQ,13340,2025-12-16
QQQ,13340,2025-12-17
QQQ,13340,2025-12-18
QQQ,13340,2025-12-19
QQQ,13340,2025-12-20
QQQ,13340,2025-12-21
QQQ,13340,2025-12-22
QQQ,13340,2025-12-23
QQQ,13340,2025-12-24
QQQ,13340,2025-12-25
QQQ,13340,2025-12-26
QQQ,13340,2025-12-27
QQQ,13340,2025-12-28
QQQ,13340,2025-12-29
QQQ,13340,2025-12-30
QQQ,13340,2025-12-31
QQQ,13340,2026-01-01
QQQ,13340,2026-01-02
QQQ,13340,2026-01-03
QQQ,13340,2026-01-04
QQQ,13340,2026-01-05
QQQ,13340,2026-01-06
QQQ,13340,2026-01-07
QQQ,13340,2026-01-08
QQQ,13340,2026-01-09
QQQ,13340,2026-01-10
QQQ,13340,2026-01-11
QQQ,13340,2026-01-12
QQQ,13340,2026-01-13
QQQ,13340,2026-01-14
TQQQ,7609,2018-05-01
TQQQ,7612,2018-05-02
TQQQ,7616,2018-05-03
TQQQ,7620,2018-05-04
TQQQ,7620,2018-05-05
TQQQ,7620,2018-05-06
TQQQ,7619,2018-05-07
TQQQ,7619,2018-05-08
TQQQ,7620,2018-05-09
TQQQ,7622,2018-05-10
TQQQ,7624,2018-05-11
TQQQ,7624,2018-05-12
TQQQ,7624,2018-05-13
TQQQ,7615,2018-05-14
TQQQ,7616,2018-05-15
TQQQ,7620,2018-05-16
TQQQ,7626,2018-05-17
TQQQ,7626,2018-05-18
TQQQ,7626,2018-05-19
TQQQ,7626,2018-05-20
TQQQ,7624,2018-05-21
TQQQ,7621,2018-05-22
TQQQ,7623,2018-05-23
TQQQ,7633,2018-05-24
TQQQ,7634,2018-05-25
TQQQ,7634,2018-05-26
TQQQ,7634,2018-05-27
TQQQ,7634,2018-05-28
TQQQ,7630,2018-05-29
TQQQ,7628,2018-05-30
TQQQ,7631,2018-05-31
TQQQ,7631,2018-06-01
TQQQ,7631,2018-06-02
TQQQ,7631,2018-06-03
TQQQ,7627,2018-06-04
TQQQ,7627,2018-06-05
TQQQ,7625,2018-06-06
TQQQ,7619,2018-06-07
TQQQ,7622,2018-06-08
TQQQ,7622,2018-06-09
TQQQ,7622,2018-06-10
TQQQ,7619,2018-06-11
TQQQ,7619,2018-06-12
TQQQ,7623,2018-06-13
TQQQ,7627,2018-06-14
TQQQ,7628,2018-06-15
TQQQ,7628,2018-06-16
TQQQ,7628,2018-06-17
TQQQ,7632,2018-06-18
TQQQ,7633,2018-06-19
TQQQ,7634,2018-06-20
TQQQ,7642,2018-06-21
TQQQ,7647,2018-06-22
TQQQ,7647,2018-06-23
TQQQ,7647,2018-06-24
TQQQ,7647,2018-06-25
TQQQ,7646,2018-06-26
TQQQ,7655,2018-06-27
TQQQ,7665,2018-06-28
TQQQ,7666,2018-06-29
TQQQ,7666,2018-06-30
TQQQ,7666,2018-07-01
TQQQ,7659,2018-07-02
TQQQ,7661,2018-07-03
TQQQ,7661,2018-07-04
TQQQ,7662,2018-07-05
TQQQ,7663,2018-07-06
TQQQ,7663,2018-07-07
TQQQ,7663,2018-07-08
TQQQ,7661,2018-07-09
TQQQ,7662,2018-07-10
TQQQ,7663,2018-07-11
TQQQ,7664,2018-07-12
TQQQ,7666,2018-07-13
TQQQ,7666,2018-07-14
TQQQ,7666,2018-07-15
TQQQ,7666,2018-07-16
TQQQ,7668,2018-07-17
TQQQ,7674,2018-07-18
TQQQ,7680,2018-07-19
TQQQ,7679,2018-07-20
TQQQ,7679,2018-07-21
TQQQ,7679,2018-07-22
TQQQ,7677,2018-07-23
TQQQ,7682,2018-07-24
TQQQ,7695,2018-07-25
TQQQ,7701,2018-07-26
TQQQ,7709,2018-07-27
TQQQ,7709,2018-07-28
TQQQ,7709,2018-07-29
TQQQ,7711,2018-07-30
TQQQ,7710,2018-07-31
TQQQ,7703,2018-08-01
TQQQ,7708,2018-08-02
TQQQ,7709,2018-08-03
TQQQ,7709,2018-08-04
TQQQ,7709,2018-08-05
TQQQ,7705,2018-08-06
TQQQ,7705,2018-08-07
TQQQ,7713,2018-08-08
TQQQ,7719,2018-08-09
TQQQ,7724,2018-08-10
TQQQ,7724,2018-08-11
TQQQ,7724,2018-08-12
TQQQ,7729,2018-08-13
TQQQ,7730,2018-08-14
TQQQ,7728,2018-08-15
TQQQ,7715,2018-08-16
TQQQ,7716,2018-08-17
TQQQ,7716,2018-08-18
TQQQ,7716,2018-08-19
TQQQ,7716,2018-08-20
TQQQ,7715,2018-08-21
TQQQ,7715,2018-08-22
TQQQ,7714,2018-08-23
TQQQ,7712,2018-08-24
TQQQ,7712,2018-08-25
TQQQ,7712,2018-08-26
TQQQ,7709,2018-08-27
TQQQ,7709,2018-08-28
TQQQ,7712,2018-08-29
TQQQ,7712,2018-08-30
TQQQ,7710,2018-08-31
TQQQ,7710,2018-09-01
TQQQ,7710,2018-09-02
TQQQ,7710,2018-09-03
TQQQ,7705,2018-09-04
TQQQ,7704,2018-09-05
TQQQ,7708,2018-09-06
TQQQ,7707,2018-09-07
TQQQ,7707,2018-09-08
TQQQ,7707,2018-09-09
TQQQ,7703,2018-09-10
TQQQ,7703,2018-09-11
TQQQ,7719,2018-09-12
TQQQ,7723,2018-09-13
TQQQ,7728,2018-09-14
TQQQ,7728,2018-09-15
TQQQ,7728,2018-09-16
TQQQ,7724,2018-09-17
TQQQ,7723,2018-09-18
TQQQ,7724,2018-09-19
TQQQ,7728,2018-09-20
TQQQ,7730,2018-09-21
TQQQ,7730,2018-09-22
TQQQ,7730,2018-09-23
TQQQ,7731,2018-09-24
TQQQ,7729,2018-09-25
TQQQ,7736,2018-09-26
TQQQ,7741,2018-09-27
TQQQ,7748,2018-09-28
TQQQ,7748,2018-09-29
TQQQ,7748,2018-09-30
TQQQ,7748,2018-10-01
TQQQ,7745,2018-10-02
TQQQ,7745,2018-10-03
TQQQ,7751,2018-10-04
TQQQ,7756,2018-10-05
TQQQ,7756,2018-10-06
TQQQ,7756,2018-10-07
TQQQ,7755,2018-10-08
TQQQ,7756,2018-10-09
TQQQ,7756,2018-10-10
TQQQ,7762,2018-10-11
TQQQ,7764,2018-10-12
TQQQ,7764,2018-10-13
TQQQ,7764,2018-10-14
TQQQ,7768,2018-10-15
TQQQ,7769,2018-10-16
TQQQ,7772,2018-10-17
TQQQ,7771,2018-10-18
TQQQ,7771,2018-10-19
TQQQ,7771,2018-10-20
TQQQ,7771,2018-10-21
TQQQ,7767,2018-10-22
TQQQ,7772,2018-10-23
TQQQ,7771,2018-10-24
TQQQ,7773,2018-10-25
TQQQ,7776,2018-10-26
TQQQ,7776,2018-10-27
TQQQ,7776,2018-10-28
TQQQ,7778,2018-10-29
TQQQ,7781,2018-10-30
TQQQ,7787,2018-10-31
TQQQ,7781,2018-11-01
TQQQ,7787,2018-11-02
TQQQ,7787,2018-11-03
TQQQ,7787,2018-11-04
TQQQ,7784,2018-11-05
TQQQ,7783,2018-11-06
TQQQ,7781,2018-11-07
TQQQ,7781,2018-11-08
TQQQ,7785,2018-11-09
TQQQ,7785,2018-11-10
TQQQ,7785,2018-11-11
TQQQ,7774,2018-11-12
TQQQ,7773,2018-11-13
TQQQ,7772,2018-11-14
TQQQ,7781,2018-11-15
TQQQ,7780,2018-11-16
TQQQ,7780,2018-11-17
TQQQ,7780,2018-11-18
TQQQ,7778,2018-11-19
TQQQ,7779,2018-11-20
TQQQ,7782,2018-11-21
TQQQ,7782,2018-11-22
TQQQ,7780,2018-11-23
TQQQ,7780,2018-11-24
TQQQ,7780,2018-11-25
TQQQ,7782,2018-11-26
TQQQ,7778,2018-11-27
TQQQ,7778,2018-11-28
TQQQ,7782,2018-11-29
TQQQ,7782,2018-11-30
TQQQ,7782,2018-12-01
TQQQ,7782,2018-12-02
TQQQ,7782,2018-12-03
TQQQ,7782,2018-12-04
TQQQ,7782,2018-12-05
TQQQ,7786,2018-12-06
TQQQ,7784,2018-12-07
TQQQ,7784,2018-12-08
TQQQ,7784,2018-12-09
TQQQ,7783,2018-12-10
TQQQ,7790,2018-12-11
TQQQ,7791,2018-12-12
TQQQ,7790,2018-12-13
TQQQ,7791,2018-12-14
TQQQ,7791,2018-12-15
TQQQ,7791,2018-12-16
TQQQ,7779,2018-12-17
TQQQ,7780,2018-12-18
TQQQ,7781,2018-12-19
TQQQ,7772,2018-12-20
TQQQ,7769,2018-12-21
TQQQ,7769,2018-12-22
TQQQ,7769,2018-12-23
TQQQ,7769,2018-12-24
TQQQ,7769,2018-12-25
TQQQ,7770,2018-12-26
TQQQ,7770,2018-12-27
TQQQ,7763,2018-12-28
TQQQ,7763,2018-12-29
TQQQ,7763,2018-12-30
TQQQ,7760,2018-12-31
TQQQ,7760,2019-01-01
TQQQ,7752,2019-01-02
TQQQ,7753,2019-01-03
TQQQ,7756,2019-01-04
TQQQ,7756,2019-01-05
TQQQ,7756,2019-01-06
TQQQ,7757,2019-01-07
TQQQ,7756,2019-01-08
TQQQ,7759,2019-01-09
TQQQ,7756,2019-01-10
TQQQ,7750,2019-01-11
TQQQ,7750,2019-01-12
TQQQ,7750,2019-01-13
TQQQ,7748,2019-01-14
TQQQ,7747,2019-01-15
TQQQ,7757,2019-01-16
TQQQ,7755,2019-01-17
TQQQ,7755,2019-01-18
TQQQ,7755,2019-01-19
TQQQ,7755,2019-01-20
TQQQ,7755,2019-01-21
TQQQ,7747,2019-01-22
TQQQ,7750,2019-01-23
TQQQ,7750,2019-01-24
TQQQ,7750,2019-01-25
TQQQ,7750,2019-01-26
TQQQ,7750,2019-01-27
TQQQ,7747,2019-01-28
TQQQ,7747,2019-01-29
TQQQ,7752,2019-01-30
TQQQ,7754,2019-01-31
TQQQ,7753,2019-02-01
TQQQ,7753,2019-02-02
TQQQ,7753,2019-02-03
TQQQ,7754,2019-02-04
TQQQ,7754,2019-02-05
TQQQ,7755,2019-02-06
TQQQ,7757,2019-02-07
TQQQ,7754,2019-02-08
TQQQ,7754,2019-02-09
TQQQ,7754,2019-02-10
TQQQ,7755,2019-02-11
TQQQ,7753,2019-02-12
TQQQ,7752,2019-02-13
TQQQ,7755,2019-02-14
TQQQ,7753,2019-02-15
TQQQ,7753,2019-02-16
TQQQ,7753,2019-02-17
TQQQ,7753,2019-02-18
TQQQ,7752,2019-02-19
TQQQ,7750,2019-02-20
TQQQ,7733,2019-02-21
TQQQ,7733,2019-02-22
TQQQ,7733,2019-02-23
TQQQ,7733,2019-02-24
TQQQ,7732,2019-02-25
TQQQ,7733,2019-02-26
TQQQ,7733,2019-02-27
TQQQ,7740,2019-02-28
TQQQ,7735,2019-03-01
TQQQ,7735,2019-03-02
TQQQ,7735,2019-03-03
TQQQ,7732,2019-03-04
TQQQ,7732,2019-03-05
TQQQ,7740,2019-03-06
TQQQ,7748,2019-03-07
TQQQ,7746,2019-03-08
TQQQ,7746,2019-03-09
TQQQ,7746,2019-03-10
TQQQ,7746,2019-03-11
TQQQ,7745,2019-03-12
TQQQ,7752,2019-03-13
TQQQ,7749,2019-03-14
TQQQ,7740,2019-03-15
TQQQ,7740,2019-03-16
TQQQ,7740,2019-03-17
TQQQ,7743,2019-03-18
TQQQ,7744,2019-03-19
TQQQ,7746,2019-03-20
TQQQ,7747,2019-03-21
TQQQ,7748,2019-03-22
TQQQ,7748,2019-03-23
TQQQ,7748,2019-03-24
TQQQ,7751,2019-03-25
TQQQ,7749,2019-03-26
TQQQ,7750,2019-03-27
TQQQ,7750,2019-03-28
TQQQ,7751,2019-03-29
TQQQ,7751,2019-03-30
TQQQ,7751,2019-03-31
TQQQ,7745,2019-04-01
TQQQ,7744,2019-04-02
TQQQ,7752,2019-04-03
TQQQ,7757,2019-04-04
TQQQ,7756,2019-04-05
TQQQ,7756,2019-04-06
TQQQ,7756,2019-04-07
TQQQ,7752,2019-04-08
TQQQ,7755,2019-04-09
TQQQ,7758,2019-04-10
TQQQ,7762,2019-04-11
TQQQ,7763,2019-04-12
TQQQ,7763,2019-04-13
TQQQ,7763,2019-04-14
TQQQ,7757,2019-04-15
TQQQ,7763,2019-04-16
TQQQ,7767,2019-04-17
TQQQ,7772,2019-04-18
TQQQ,7772,2019-04-19
TQQQ,7772,2019-04-20
TQQQ,7772,2019-04-21
TQQQ,7773,2019-04-22
TQQQ,7773,2019-04-23
TQQQ,7774,2019-04-24
TQQQ,7772,2019-04-25
TQQQ,7770,2019-04-26
TQQQ,7770,2019-04-27
TQQQ,7770,2019-04-28
TQQQ,7769,2019-04-29
TQQQ,7768,2019-04-30
TQQQ,7767,2019-05-01
TQQQ,7769,2019-05-02
TQQQ,7774,2019-05-03
TQQQ,7774,2019-05-04
TQQQ,7774,2019-05-05
TQQQ,7775,2019-05-06
TQQQ,7773,2019-05-07
TQQQ,7779,2019-05-08
TQQQ,7795,2019-05-09
TQQQ,7801,2019-05-10
TQQQ,7801,2019-05-11
TQQQ,7801,2019-05-12
TQQQ,7802,2019-05-13
TQQQ,7804,2019-05-14
TQQQ,7799,2019-05-15
TQQQ,7803,2019-05-16
TQQQ,7801,2019-05-17
TQQQ,7801,2019-05-18
TQQQ,7801,2019-05-19
TQQQ,7800,2019-05-20
TQQQ,7804,2019-05-21
TQQQ,7806,2019-05-22
TQQQ,7811,2019-05-23
TQQQ,7810,2019-05-24
TQQQ,7810,2019-05-25
TQQQ,7810,2019-05-26
TQQQ,7810,2019-05-27
TQQQ,7812,2019-05-28
TQQQ,7812,2019-05-29
TQQQ,7813,2019-05-30
TQQQ,7813,2019-05-31
TQQQ,7813,2019-06-01
TQQQ,7813,2019-06-02
TQQQ,7811,2019-06-03
TQQQ,7812,2019-06-04
TQQQ,7814,2019-06-05
TQQQ,7820,2019-06-06
TQQQ,7822,2019-06-07
TQQQ,7822,2019-06-08
TQQQ,7822,2019-06-09
TQQQ,7823,2019-06-10
TQQQ,7822,2019-06-11
TQQQ,7825,2019-06-12
TQQQ,7825,2019-06-13
TQQQ,7824,2019-06-14
TQQQ,7824,2019-06-15
TQQQ,7824,2019-06-16
TQQQ,7821,2019-06-17
TQQQ,7822,2019-06-18
TQQQ,7824,2019-06-19
TQQQ,7832,2019-06-20
TQQQ,7836,2019-06-21
TQQQ,7836,2019-06-22
TQQQ,7836,2019-06-23
TQQQ,7828,2019-06-24
TQQQ,7835,2019-06-25
TQQQ,7839,2019-06-26
TQQQ,7845,2019-06-27
TQQQ,7845,2019-06-28
TQQQ,7845,2019-06-29
TQQQ,7845,2019-06-30
TQQQ,7847,2019-07-01
TQQQ,7844,2019-07-02
TQQQ,7846,2019-07-03
TQQQ,7846,2019-07-04
TQQQ,7848,2019-07-05
TQQQ,7848,2019-07-06
TQQQ,7848,2019-07-07
TQQQ,7842,2019-07-08
TQQQ,7843,2019-07-09
TQQQ,7841,2019-07-10
TQQQ,7841,2019-07-11
TQQQ,7841,2019-07-12
TQQQ,7841,2019-07-13
TQQQ,7841,2019-07-14
TQQQ,7843,2019-07-15
TQQQ,7847,2019-07-16
TQQQ,7850,2019-07-17
TQQQ,7858,2019-07-18
TQQQ,7858,2019-07-19
TQQQ,7858,2019-07-20
TQQQ,7858,2019-07-21
TQQQ,7856,2019-07-22
TQQQ,7856,2019-07-23
TQQQ,7861,2019-07-24
TQQQ,7866,2019-07-25
TQQQ,7868,2019-07-26
TQQQ,7868,2019-07-27
TQQQ,7868,2019-07-28
TQQQ,7866,2019-07-29
TQQQ,7866,2019-07-30
TQQQ,7872,2019-07-31
TQQQ,7875,2019-08-01
TQQQ,7872,2019-08-02
TQQQ,7872,2019-08-03
TQQQ,7872,2019-08-04
TQQQ,7875,2019-08-05
TQQQ,7873,2019-08-06
TQQQ,7873,2019-08-07
TQQQ,7874,2019-08-08
TQQQ,7874,2019-08-09
TQQQ,7874,2019-08-10
TQQQ,7874,2019-08-11
TQQQ,7870,2019-08-12
TQQQ,7869,2019-08-13
TQQQ,7872,2019-08-14
TQQQ,7872,2019-08-15
TQQQ,7872,2019-08-16
TQQQ,7872,2019-08-17
TQQQ,7872,2019-08-18
TQQQ,7874,2019-08-19
TQQQ,7877,2019-08-20
TQQQ,7872,2019-08-21
TQQQ,7869,2019-08-22
TQQQ,7867,2019-08-23
TQQQ,7867,2019-08-24
TQQQ,7867,2019-08-25
TQQQ,7866,2019-08-26
TQQQ,7866,2019-08-27
TQQQ,7866,2019-08-28
TQQQ,7864,2019-08-29
TQQQ,7860,2019-08-30
TQQQ,7860,2019-08-31
TQQQ,7860,2019-09-01
TQQQ,7860,2019-09-02
TQQQ,7861,2019-09-03
TQQQ,7858,2019-09-04
TQQQ,7858,2019-09-05
TQQQ,7857,2019-09-06
TQQQ,7857,2019-09-07
TQQQ,7857,2019-09-08
TQQQ,7860,2019-09-09
TQQQ,7855,2019-09-10
TQQQ,7859,2019-09-11
TQQQ,7857,2019-09-12
TQQQ,7860,2019-09-13
TQQQ,7860,2019-09-14
TQQQ,7860,2019-09-15
TQQQ,7861,2019-09-16
TQQQ,7863,2019-09-17
TQQQ,7865,2019-09-18
TQQQ,7874,2019-09-19
TQQQ,7873,2019-09-20
TQQQ,7873,2019-09-21
TQQQ,7873,2019-09-22
TQQQ,7871,2019-09-23
TQQQ,7871,2019-09-24
TQQQ,7882,2019-09-25
TQQQ,7885,2019-09-26
TQQQ,7885,2019-09-27
TQQQ,7885,2019-09-28
TQQQ,7885,2019-09-29
TQQQ,7884,2019-09-30
TQQQ,7889,2019-10-01
TQQQ,7888,2019-10-02
TQQQ,7891,2019-10-03
TQQQ,7895,2019-10-04
TQQQ,7895,2019-10-05
TQQQ,7895,2019-10-06
TQQQ,7890,2019-10-07
TQQQ,7893,2019-10-08
TQQQ,7892,2019-10-09
TQQQ,7898,2019-10-10
TQQQ,7898,2019-10-11
TQQQ,7898,2019-10-12
TQQQ,7898,2019-10-13
TQQQ,7895,2019-10-14
TQQQ,7894,2019-10-15
TQQQ,7898,2019-10-16
TQQQ,7899,2019-10-17
TQQQ,7901,2019-10-18
TQQQ,7901,2019-10-19
TQQQ,7901,2019-10-20
TQQQ,7899,2019-10-21
TQQQ,7898,2019-10-22
TQQQ,7896,2019-10-23
TQQQ,7902,2019-10-24
TQQQ,7913,2019-10-25
TQQQ,7913,2019-10-26
TQQQ,7913,2019-10-27
TQQQ,7906,2019-10-28
TQQQ,7907,2019-10-29
TQQQ,7906,2019-10-30
TQQQ,7909,2019-10-31
TQQQ,7912,2019-11-01
TQQQ,7912,2019-11-02
TQQQ,7912,2019-11-03
TQQQ,7913,2019-11-04
TQQQ,7918,2019-11-05
TQQQ,7919,2019-11-06
TQQQ,7934,2019-11-07
TQQQ,7936,2019-11-08
TQQQ,7936,2019-11-09
TQQQ,7936,2019-11-10
TQQQ,7932,2019-11-11
TQQQ,7932,2019-11-12
TQQQ,7926,2019-11-13
TQQQ,7934,2019-11-14
TQQQ,7933,2019-11-15
TQQQ,7933,2019-11-16
TQQQ,7933,2019-11-17
TQQQ,7931,2019-11-18
TQQQ,7928,2019-11-19
TQQQ,7930,2019-11-20
TQQQ,7930,2019-11-21
TQQQ,7931,2019-11-22
TQQQ,7931,2019-11-23
TQQQ,7931,2019-11-24
TQQQ,7930,2019-11-25
TQQQ,7930,2019-11-26
TQQQ,7931,2019-11-27
TQQQ,7931,2019-11-28
TQQQ,7932,2019-11-29
TQQQ,7932,2019-11-30
TQQQ,7932,2019-12-01
TQQQ,7934,2019-12-02
TQQQ,7933,2019-12-03
TQQQ,7936,2019-12-04
TQQQ,7935,2019-12-05
TQQQ,7933,2019-12-06
TQQQ,7933,2019-12-07
TQQQ,7933,2019-12-08
TQQQ,7937,2019-12-09
TQQQ,7936,2019-12-10
TQQQ,7939,2019-12-11
TQQQ,7943,2019-12-12
TQQQ,7948,2019-12-13
TQQQ,7948,2019-12-14
TQQQ,7948,2019-12-15
TQQQ,7941,2019-12-16
TQQQ,7939,2019-12-17
TQQQ,7941,2019-12-18
TQQQ,7939,2019-12-19
TQQQ,7938,2019-12-20
TQQQ,7938,2019-12-21
TQQQ,7938,2019-12-22
TQQQ,7935,2019-12-23
TQQQ,7935,2019-12-24
TQQQ,7935,2019-12-25
TQQQ,7932,2019-12-26
TQQQ,7936,2019-12-27
TQQQ,7936,2019-12-28
TQQQ,7936,2019-12-29
TQQQ,7931,2019-12-30
TQQQ,7928,2019-12-31
TQQQ,7928,2020-01-01
TQQQ,7923,2020-01-02
TQQQ,7925,2020-01-03
TQQQ,7925,2020-01-04
TQQQ,7925,2020-01-05
TQQQ,7928,2020-01-06
TQQQ,7925,2020-01-07
TQQQ,7926,2020-01-08
TQQQ,7927,2020-01-09
TQQQ,7931,2020-01-10
TQQQ,7931,2020-01-11
TQQQ,7931,2020-01-12
TQQQ,7932,2020-01-13
TQQQ,7935,2020-01-14
TQQQ,7932,2020-01-15
TQQQ,7934,2020-01-16
TQQQ,7937,2020-01-17
TQQQ,7937,2020-01-18
TQQQ,7937,2020-01-19
TQQQ,7937,2020-01-20
TQQQ,7932,2020-01-21
TQQQ,7934,2020-01-22
TQQQ,7933,2020-01-23
TQQQ,7935,2020-01-24
TQQQ,7935,2020-01-25
TQQQ,7935,2020-01-26
TQQQ,7933,2020-01-27
TQQQ,7934,2020-01-28
TQQQ,7937,2020-01-29
TQQQ,7939,2020-01-30
TQQQ,7940,2020-01-31
TQQQ,7940,2020-02-01
TQQQ,7940,2020-02-02
TQQQ,7943,2020-02-03
TQQQ,7942,2020-02-04
TQQQ,7947,2020-02-05
TQQQ,7951,2020-02-06
TQQQ,7955,2020-02-07
TQQQ,7955,2020-02-08
TQQQ,7955,2020-02-09
TQQQ,7949,2020-02-10
TQQQ,7950,2020-02-11
TQQQ,7952,2020-02-12
TQQQ,7957,2020-02-13
TQQQ,7954,2020-02-14
TQQQ,7954,2020-02-15
TQQQ,7954,2020-02-16
TQQQ,7954,2020-02-17
TQQQ,7911,2020-02-18
TQQQ,7909,2020-02-19
TQQQ,7911,2020-02-20
TQQQ,7914,2020-02-21
TQQQ,7914,2020-02-22
TQQQ,7914,2020-02-23
TQQQ,7916,2020-02-24
TQQQ,7918,2020-02-25
TQQQ,7918,2020-02-26
TQQQ,7933,2020-02-27
TQQQ,7935,2020-02-28
TQQQ,7935,2020-02-29
TQQQ,7935,2020-03-01
TQQQ,7931,2020-03-02
TQQQ,7933,2020-03-03
TQQQ,7933,2020-03-04
TQQQ,7928,2020-03-05
TQQQ,7924,2020-03-06
TQQQ,7924,2020-03-07
TQQQ,7924,2020-03-08
TQQQ,7924,2020-03-09
TQQQ,7920,2020-03-10
TQQQ,7921,2020-03-11
TQQQ,7921,2020-03-12
TQQQ,7915,2020-03-13
TQQQ,7915,2020-03-14
TQQQ,7915,2020-03-15
TQQQ,7916,2020-03-16
TQQQ,7917,2020-03-17
TQQQ,7920,2020-03-18
TQQQ,7919,2020-03-19
TQQQ,7919,2020-03-20
TQQQ,7919,2020-03-21
TQQQ,7919,2020-03-22
TQQQ,7916,2020-03-23
TQQQ,7914,2020-03-24
TQQQ,7910,2020-03-25
TQQQ,7907,2020-03-26
TQQQ,7904,2020-03-27
TQQQ,7904,2020-03-28
TQQQ,7904,2020-03-29
TQQQ,7891,2020-03-30
TQQQ,7882,2020-03-31
TQQQ,7878,2020-04-01
TQQQ,7879,2020-04-02
TQQQ,7880,2020-04-03
TQQQ,7880,2020-04-04
TQQQ,7880,2020-04-05
TQQQ,7879,2020-04-06
TQQQ,7880,2020-04-07
TQQQ,7882,2020-04-08
TQQQ,7885,2020-04-09
TQQQ,7885,2020-04-10
TQQQ,7885,2020-04-11
TQQQ,7885,2020-04-12
TQQQ,7883,2020-04-13
TQQQ,7883,2020-04-14
TQQQ,7881,2020-04-15
TQQQ,7884,2020-04-16
TQQQ,7880,2020-04-17
TQQQ,7880,2020-04-18
TQQQ,7880,2020-04-19
TQQQ,7878,2020-04-20
TQQQ,7872,2020-04-21
TQQQ,7873,2020-04-22
TQQQ,7873,2020-04-23
TQQQ,7879,2020-04-24
TQQQ,7879,2020-04-25
TQQQ,7879,2020-04-26
TQQQ,7879,2020-04-27
TQQQ,7878,2020-04-28
TQQQ,7879,2020-04-29
TQQQ,7879,2020-04-30
TQQQ,7883,2020-05-01
TQQQ,7883,2020-05-02
TQQQ,7883,2020-05-03
TQQQ,7883,2020-05-04
TQQQ,7882,2020-05-05
TQQQ,7887,2020-05-06
TQQQ,7884,2020-05-07
TQQQ,7892,2020-05-08
TQQQ,7892,2020-05-09
TQQQ,7892,2020-05-10
TQQQ,7896,2020-05-11
TQQQ,7894,2020-05-12
TQQQ,7894,2020-05-13
TQQQ,7895,2020-05-14
TQQQ,7899,2020-05-15
TQQQ,7899,2020-05-16
TQQQ,7899,2020-05-17
TQQQ,7898,2020-05-18
TQQQ,7897,2020-05-19
TQQQ,7890,2020-05-20
TQQQ,7894,2020-05-21
TQQQ,7895,2020-05-22
TQQQ,7895,2020-05-23
TQQQ,7895,2020-05-24
TQQQ,7895,2020-05-25
TQQQ,7894,2020-05-26
TQQQ,7894,2020-05-27
TQQQ,7886,2020-05-28
TQQQ,7888,2020-05-29
TQQQ,7888,2020-05-30
TQQQ,7888,2020-05-31
TQQQ,7887,2020-06-01
TQQQ,7882,2020-06-02
TQQQ,7893,2020-06-03
TQQQ,7900,2020-06-04
TQQQ,7906,2020-06-05
TQQQ,7906,2020-06-06
TQQQ,7906,2020-06-07
TQQQ,7902,2020-06-08
TQQQ,7902,2020-06-09
TQQQ,7904,2020-06-10
TQQQ,7908,2020-06-11
TQQQ,7916,2020-06-12
TQQQ,7916,2020-06-13
TQQQ,7916,2020-06-14
TQQQ,7914,2020-06-15
TQQQ,7915,2020-06-16
TQQQ,7913,2020-06-17
TQQQ,7925,2020-06-18
TQQQ,7931,2020-06-19
TQQQ,7931,2020-06-20
TQQQ,7931,2020-06-21
TQQQ,7931,2020-06-22
TQQQ,7932,2020-06-23
TQQQ,7938,2020-06-24
TQQQ,7945,2020-06-25
TQQQ,7955,2020-06-26
TQQQ,7955,2020-06-27
TQQQ,7955,2020-06-28
TQQQ,7954,2020-06-29
TQQQ,7952,2020-06-30
TQQQ,7958,2020-07-01
TQQQ,7957,2020-07-02
TQQQ,7957,2020-07-03
TQQQ,7957,2020-07-04
TQQQ,7957,2020-07-05
TQQQ,7956,2020-07-06
TQQQ,7957,2020-07-07
TQQQ,7959,2020-07-08
TQQQ,7960,2020-07-09
TQQQ,7963,2020-07-10
TQQQ,7963,2020-07-11
TQQQ,7963,2020-07-12
TQQQ,7964,2020-07-13
TQQQ,7967,2020-07-14
TQQQ,7973,2020-07-15
TQQQ,7977,2020-07-16
TQQQ,7982,2020-07-17
TQQQ,7982,2020-07-18
TQQQ,7982,2020-07-19
TQQQ,7985,2020-07-20
TQQQ,7986,2020-07-21
TQQQ,7991,2020-07-22
TQQQ,7994,2020-07-23
TQQQ,8003,2020-07-24
TQQQ,8003,2020-07-25
TQQQ,8003,2020-07-26
TQQQ,8003,2020-07-27
TQQQ,8002,2020-07-28
TQQQ,8004,2020-07-29
TQQQ,8011,2020-07-30
TQQQ,8014,2020-07-31
TQQQ,8014,2020-08-01
TQQQ,8014,2020-08-02
TQQQ,8006,2020-08-03
TQQQ,8005,2020-08-04
TQQQ,8013,2020-08-05
TQQQ,8014,2020-08-06
TQQQ,8022,2020-08-07
TQQQ,8022,2020-08-08
TQQQ,8022,2020-08-09
TQQQ,8022,2020-08-10
TQQQ,8019,2020-08-11
TQQQ,8023,2020-08-12
TQQQ,8027,2020-08-13
TQQQ,8036,2020-08-14
TQQQ,8036,2020-08-15
TQQQ,8036,2020-08-16
TQQQ,8033,2020-08-17
TQQQ,8030,2020-08-18
TQQQ,8034,2020-08-19
TQQQ,8039,2020-08-20
TQQQ,8043,2020-08-21
TQQQ,8043,2020-08-22
TQQQ,8043,2020-08-23
TQQQ,8036,2020-08-24
TQQQ,8035,2020-08-25
TQQQ,8037,2020-08-26
TQQQ,8041,2020-08-27
TQQQ,8045,2020-08-28
TQQQ,8045,2020-08-29
TQQQ,8045,2020-08-30
TQQQ,8042,2020-08-31
TQQQ,8043,2020-09-01
TQQQ,8048,2020-09-02
TQQQ,8053,2020-09-03
TQQQ,8062,2020-09-04
TQQQ,8062,2020-09-05
TQQQ,8062,2020-09-06
TQQQ,8062,2020-09-07
TQQQ,8062,2020-09-08
TQQQ,8063,2020-09-09
TQQQ,8068,2020-09-10
TQQQ,8076,2020-09-11
TQQQ,8076,2020-09-12
TQQQ,8076,2020-09-13
TQQQ,8080,2020-09-14
TQQQ,8082,2020-09-15
TQQQ,8095,2020-09-16
TQQQ,8114,2020-09-17
TQQQ,8123,2020-09-18
TQQQ,8123,2020-09-19
TQQQ,8123,2020-09-20
TQQQ,8134,2020-09-21
TQQQ,8136,2020-09-22
TQQQ,8147,2020-09-23
TQQQ,8153,2020-09-24
TQQQ,8169,2020-09-25
TQQQ,8169,2020-09-26
TQQQ,8169,2020-09-27
TQQQ,8148,2020-09-28
TQQQ,8149,2020-09-29
TQQQ,8152,2020-09-30
TQQQ,8166,2020-10-01
TQQQ,8174,2020-10-02
TQQQ,8174,2020-10-03
TQQQ,8174,2020-10-04
TQQQ,8182,2020-10-05
TQQQ,8185,2020-10-06
TQQQ,8192,2020-10-07
TQQQ,8205,2020-10-08
TQQQ,8216,2020-10-09
TQQQ,8216,2020-10-10
TQQQ,8216,2020-10-11
TQQQ,8217,2020-10-12
TQQQ,8219,2020-10-13
TQQQ,8216,2020-10-14
TQQQ,8228,2020-10-15
TQQQ,8238,2020-10-16
TQQQ,8238,2020-10-17
TQQQ,8238,2020-10-18
TQQQ,8236,2020-10-19
TQQQ,8237,2020-10-20
TQQQ,8251,2020-10-21
TQQQ,8255,2020-10-22
TQQQ,8261,2020-10-23
TQQQ,8261,2020-10-24
TQQQ,8261,2020-10-25
TQQQ,8259,2020-10-26
TQQQ,8266,2020-10-27
TQQQ,8277,2020-10-28
TQQQ,8286,2020-10-29
TQQQ,8292,2020-10-30
TQQQ,8292,2020-10-31
TQQQ,8292,2020-11-01
TQQQ,8290,2020-11-02
TQQQ,8293,2020-11-03
TQQQ,8291,2020-11-04
TQQQ,8295,2020-11-05
TQQQ,8296,2020-11-06
TQQQ,8296,2020-11-07
TQQQ,8296,2020-11-08
TQQQ,8298,2020-11-09
TQQQ,8304,2020-11-10
TQQQ,8304,2020-11-11
TQQQ,8308,2020-11-12
TQQQ,8317,2020-11-13
TQQQ,8317,2020-11-14
TQQQ,8317,2020-11-15
TQQQ,8322,2020-11-16
TQQQ,8326,2020-11-17
TQQQ,8327,2020-11-18
TQQQ,8344,2020-11-19
TQQQ,8356,2020-11-20
TQQQ,8356,2020-11-21
TQQQ,8356,2020-11-22
TQQQ,8367,2020-11-23
TQQQ,8371,2020-11-24
TQQQ,8379,2020-11-25
TQQQ,8379,2020-11-26
TQQQ,8388,2020-11-27
TQQQ,8388,2020-11-28
TQQQ,8388,2020-11-29
TQQQ,8397,2020-11-30
TQQQ,8398,2020-12-01
TQQQ,8406,2020-12-02
TQQQ,8416,2020-12-03
TQQQ,8418,2020-12-04
TQQQ,8418,2020-12-05
TQQQ,8418,2020-12-06
TQQQ,8421,2020-12-07
TQQQ,8432,2020-12-08
TQQQ,8444,2020-12-09
TQQQ,8457,2020-12-10
TQQQ,8472,2020-12-11
TQQQ,8472,2020-12-12
TQQQ,8472,2020-12-13
TQQQ,8473,2020-12-14
TQQQ,8481,2020-12-15
TQQQ,8481,2020-12-16
TQQQ,8485,2020-12-17
TQQQ,8497,2020-12-18
TQQQ,8497,2020-12-19
TQQQ,8497,2020-12-20
TQQQ,8497,2020-12-21
TQQQ,8496,2020-12-22
TQQQ,8502,2020-12-23
TQQQ,8498,2020-12-24
TQQQ,8498,2020-12-25
TQQQ,8498,2020-12-26
TQQQ,8498,2020-12-27
TQQQ,8499,2020-12-28
TQQQ,8499,2020-12-29
TQQQ,8500,2020-12-30
TQQQ,8499,2020-12-31
TQQQ,8499,2021-01-01
TQQQ,8499,2021-01-02
TQQQ,8499,2021-01-03
TQQQ,8510,2021-01-04
TQQQ,8516,2021-01-05
TQQQ,8520,2021-01-06
TQQQ,8530,2021-01-07
TQQQ,8547,2021-01-08
TQQQ,8547,2021-01-09
TQQQ,8547,2021-01-10
TQQQ,8552,2021-01-11
TQQQ,8564,2021-01-12
TQQQ,8572,2021-01-13
TQQQ,8583,2021-01-14
TQQQ,8598,2021-01-15
TQQQ,8598,2021-01-16
TQQQ,8598,2021-01-17
TQQQ,8598,2021-01-18
TQQQ,8598,2021-01-19
TQQQ,8600,2021-01-20
TQQQ,8602,2021-01-21
TQQQ,8612,2021-01-22
TQQQ,8612,2021-01-23
TQQQ,8612,2021-01-24
TQQQ,8623,2021-01-25
TQQQ,8640,2021-01-26
TQQQ,8653,2021-01-27
TQQQ,8665,2021-01-28
TQQQ,8685,2021-01-29
TQQQ,8685,2021-01-30
TQQQ,8685,2021-01-31
TQQQ,8695,2021-02-01
TQQQ,8703,2021-02-02
TQQQ,8710,2021-02-03
TQQQ,8728,2021-02-04
TQQQ,8758,2021-02-05
TQQQ,8758,2021-02-06
TQQQ,8758,2021-02-07
TQQQ,8766,2021-02-08
TQQQ,8779,2021-02-09
TQQQ,8790,2021-02-10
TQQQ,8799,2021-02-11
TQQQ,8807,2021-02-12
TQQQ,8807,2021-02-13
TQQQ,8807,2021-02-14
TQQQ,8807,2021-02-15
TQQQ,8807,2021-02-16
TQQQ,8823,2021-02-17
TQQQ,8828,2021-02-18
TQQQ,8837,2021-02-19
TQQQ,8837,2021-02-20
TQQQ,8837,2021-02-21
TQQQ,8839,2021-02-22
TQQQ,8847,2021-02-23
TQQQ,8857,2021-02-24
TQQQ,8869,2021-02-25
TQQQ,8884,2021-02-26
TQQQ,8884,2021-02-27
TQQQ,8884,2021-02-28
TQQQ,8913,2021-03-01
TQQQ,8931,2021-03-02
TQQQ,8939,2021-03-03
TQQQ,8952,2021-03-04
TQQQ,8977,2021-03-05
TQQQ,8977,2021-03-06
TQQQ,8977,2021-03-07
TQQQ,8989,2021-03-08
TQQQ,8989,2021-03-09
TQQQ,9002,2021-03-10
TQQQ,9016,2021-03-11
TQQQ,9032,2021-03-12
TQQQ,9032,2021-03-13
TQQQ,9032,2021-03-14
TQQQ,9049,2021-03-15
TQQQ,9057,2021-03-16
TQQQ,9068,2021-03-17
TQQQ,9090,2021-03-18
TQQQ,9107,2021-03-19
TQQQ,9107,2021-03-20
TQQQ,9107,2021-03-21
TQQQ,9119,2021-03-22
TQQQ,9129,2021-03-23
TQQQ,9144,2021-03-24
TQQQ,9167,2021-03-25
TQQQ,9190,2021-03-26
TQQQ,9190,2021-03-27
TQQQ,9190,2021-03-28
TQQQ,9220,2021-03-29
TQQQ,9234,2021-03-30
TQQQ,9235,2021-03-31
TQQQ,9249,2021-04-01
TQQQ,9249,2021-04-02
TQQQ,9249,2021-04-03
TQQQ,9249,2021-04-04
TQQQ,9270,2021-04-05
TQQQ,9272,2021-04-06
TQQQ,9272,2021-04-07
TQQQ,9273,2021-04-08
TQQQ,9286,2021-04-09
TQQQ,9286,2021-04-10
TQQQ,9286,2021-04-11
TQQQ,9298,2021-04-12
TQQQ,9300,2021-04-13
TQQQ,9303,2021-04-14
TQQQ,9313,2021-04-15
TQQQ,9325,2021-04-16
TQQQ,9325,2021-04-17
TQQQ,9325,2021-04-18
TQQQ,9353,2021-04-19
TQQQ,9355,2021-04-20
TQQQ,9358,2021-04-21
TQQQ,9387,2021-04-22
TQQQ,9383,2021-04-23
TQQQ,9383,2021-04-24
TQQQ,9383,2021-04-25
TQQQ,9404,2021-04-26
TQQQ,9407,2021-04-27
TQQQ,9410,2021-04-28
TQQQ,9420,2021-04-29
TQQQ,9434,2021-04-30
TQQQ,9434,2021-05-01
TQQQ,9434,2021-05-02
TQQQ,9454,2021-05-03
TQQQ,9458,2021-05-04
TQQQ,9461,2021-05-05
TQQQ,9476,2021-05-06
TQQQ,9487,2021-05-07
TQQQ,9487,2021-05-08
TQQQ,9487,2021-05-09
TQQQ,9506,2021-05-10
TQQQ,9515,2021-05-11
TQQQ,9518,2021-05-12
TQQQ,9540,2021-05-13
TQQQ,9559,2021-05-14
TQQQ,9559,2021-05-15
TQQQ,9559,2021-05-16
TQQQ,9561,2021-05-17
TQQQ,9573,2021-05-18
TQQQ,9578,2021-05-19
TQQQ,9586,2021-05-20
TQQQ,9594,2021-05-21
TQQQ,9594,2021-05-22
TQQQ,9594,2021-05-23
TQQQ,9597,2021-05-24
TQQQ,9598,2021-05-25
TQQQ,9612,2021-05-26
TQQQ,9617,2021-05-27
TQQQ,9626,2021-05-28
TQQQ,9626,2021-05-29
TQQQ,9626,2021-05-30
TQQQ,9626,2021-05-31
TQQQ,9624,2021-06-01
TQQQ,9622,2021-06-02
TQQQ,9620,2021-06-03
TQQQ,9619,2021-06-04
TQQQ,9619,2021-06-05
TQQQ,9619,2021-06-06
TQQQ,9626,2021-06-07
TQQQ,9630,2021-06-08
TQQQ,9634,2021-06-09
TQQQ,9636,2021-06-10
TQQQ,9638,2021-06-11
TQQQ,9638,2021-06-12
TQQQ,9638,2021-06-13
TQQQ,9643,2021-06-14
TQQQ,9645,2021-06-15
TQQQ,9649,2021-06-16
TQQQ,9662,2021-06-17
TQQQ,9672,2021-06-18
TQQQ,9672,2021-06-19
TQQQ,9672,2021-06-20
TQQQ,9673,2021-06-21
TQQQ,9669,2021-06-22
TQQQ,9682,2021-06-23
TQQQ,9691,2021-06-24
TQQQ,9692,2021-06-25
TQQQ,9692,2021-06-26
TQQQ,9692,2021-06-27
TQQQ,9694,2021-06-28
TQQQ,9711,2021-06-29
TQQQ,9717,2021-06-30
TQQQ,9720,2021-07-01
TQQQ,9720,2021-07-02
TQQQ,9720,2021-07-03
TQQQ,9720,2021-07-04
TQQQ,9720,2021-07-05
TQQQ,9725,2021-07-06
TQQQ,9731,2021-07-07
TQQQ,9736,2021-07-08
TQQQ,9750,2021-07-09
TQQQ,9750,2021-07-10
TQQQ,9750,2021-07-11
TQQQ,9750,2021-07-12
TQQQ,9759,2021-07-13
TQQQ,9774,2021-07-14
TQQQ,9776,2021-07-15
TQQQ,9784,2021-07-16
TQQQ,9784,2021-07-17
TQQQ,9784,2021-07-18
TQQQ,9783,2021-07-19
TQQQ,9790,2021-07-20
TQQQ,9796,2021-07-21
TQQQ,9803,2021-07-22
TQQQ,9810,2021-07-23
TQQQ,9810,2021-07-24
TQQQ,9810,2021-07-25
TQQQ,9805,2021-07-26
TQQQ,9815,2021-07-27
TQQQ,9830,2021-07-28
TQQQ,9842,2021-07-29
TQQQ,9850,2021-07-30
TQQQ,9850,2021-07-31
TQQQ,9850,2021-08-01
TQQQ,9850,2021-08-02
TQQQ,9850,2021-08-03
TQQQ,9858,2021-08-04
TQQQ,9868,2021-08-05
TQQQ,9874,2021-08-06
TQQQ,9874,2021-08-07
TQQQ,9874,2021-08-08
TQQQ,9878,2021-08-09
TQQQ,9882,2021-08-10
TQQQ,9887,2021-08-11
TQQQ,9889,2021-08-12
TQQQ,9898,2021-08-13
TQQQ,9898,2021-08-14
TQQQ,9898,2021-08-15
TQQQ,9896,2021-08-16
TQQQ,9899,2021-08-17
TQQQ,9904,2021-08-18
TQQQ,9910,2021-08-19
TQQQ,9911,2021-08-20
TQQQ,9911,2021-08-21
TQQQ,9911,2021-08-22
TQQQ,9914,2021-08-23
TQQQ,9909,2021-08-24
TQQQ,9914,2021-08-25
TQQQ,9920,2021-08-26
TQQQ,9916,2021-08-27
TQQQ,9916,2021-08-28
TQQQ,9916,2021-08-29
TQQQ,9920,2021-08-30
TQQQ,9922,2021-08-31
TQQQ,9927,2021-09-01
TQQQ,9923,2021-09-02
TQQQ,9926,2021-09-03
TQQQ,9926,2021-09-04
TQQQ,9926,2021-09-05
TQQQ,9926,2021-09-06
TQQQ,9926,2021-09-07
TQQQ,9927,2021-09-08
TQQQ,9941,2021-09-09
TQQQ,9944,2021-09-10
TQQQ,9944,2021-09-11
TQQQ,9944,2021-09-12
TQQQ,9949,2021-09-13
TQQQ,9957,2021-09-14
TQQQ,9958,2021-09-15
TQQQ,9966,2021-09-16
TQQQ,9969,2021-09-17
TQQQ,9969,2021-09-18
TQQQ,9969,2021-09-19
TQQQ,9968,2021-09-20
TQQQ,9981,2021-09-21
TQQQ,9991,2021-09-22
TQQQ,9998,2021-09-23
TQQQ,10007,2021-09-24
TQQQ,10007,2021-09-25
TQQQ,10007,2021-09-26
TQQQ,10009,2021-09-27
TQQQ,10023,2021-09-28
TQQQ,10035,2021-09-29
TQQQ,10046,2021-09-30
TQQQ,10059,2021-10-01
TQQQ,10059,2021-10-02
TQQQ,10059,2021-10-03
TQQQ,10065,2021-10-04
TQQQ,10071,2021-10-05
TQQQ,10049,2021-10-06
TQQQ,10063,2021-10-07
TQQQ,10065,2021-10-08
TQQQ,10065,2021-10-09
TQQQ,10065,2021-10-10
TQQQ,10066,2021-10-11
TQQQ,10072,2021-10-12
TQQQ,10075,2021-10-13
TQQQ,10086,2021-10-14
TQQQ,10085,2021-10-15
TQQQ,10085,2021-10-16
TQQQ,10085,2021-10-17
TQQQ,10085,2021-10-18
TQQQ,10088,2021-10-19
TQQQ,10092,2021-10-20
TQQQ,10102,2021-10-21
TQQQ,10105,2021-10-22
TQQQ,10105,2021-10-23
TQQQ,10105,2021-10-24
TQQQ,10108,2021-10-25
TQQQ,10115,2021-10-26
TQQQ,10129,2021-10-27
TQQQ,10145,2021-10-28
TQQQ,10148,2021-10-29
TQQQ,10148,2021-10-30
TQQQ,10148,2021-10-31
TQQQ,10151,2021-11-01
TQQQ,10161,2021-11-02
TQQQ,10173,2021-11-03
TQQQ,10188,2021-11-04
TQQQ,10200,2021-11-05
TQQQ,10200,2021-11-06
TQQQ,10200,2021-11-07
TQQQ,10205,2021-11-08
TQQQ,10226,2021-11-09
TQQQ,10238,2021-11-10
TQQQ,10245,2021-11-11
TQQQ,10255,2021-11-12
TQQQ,10255,2021-11-13
TQQQ,10255,2021-11-14
TQQQ,10255,2021-11-15
TQQQ,10268,2021-11-16
TQQQ,10283,2021-11-17
TQQQ,10294,2021-11-18
TQQQ,10301,2021-11-19
TQQQ,10301,2021-11-20
TQQQ,10301,2021-11-21
TQQQ,10310,2021-11-22
TQQQ,10307,2021-11-23
TQQQ,10314,2021-11-24
TQQQ,10314,2021-11-25
TQQQ,10322,2021-11-26
TQQQ,10322,2021-11-27
TQQQ,10322,2021-11-28
TQQQ,10333,2021-11-29
TQQQ,10338,2021-11-30
TQQQ,10341,2021-12-01
TQQQ,10349,2021-12-02
TQQQ,10354,2021-12-03
TQQQ,10354,2021-12-04
TQQQ,10354,2021-12-05
TQQQ,10353,2021-12-06
TQQQ,10359,2021-12-07
TQQQ,10371,2021-12-08
TQQQ,10384,2021-12-09
TQQQ,10395,2021-12-10
TQQQ,10395,2021-12-11
TQQQ,10395,2021-12-12
TQQQ,10408,2021-12-13
TQQQ,10418,2021-12-14
TQQQ,10430,2021-12-15
TQQQ,10440,2021-12-16
TQQQ,10454,2021-12-17
TQQQ,10454,2021-12-18
TQQQ,10454,2021-12-19
TQQQ,10464,2021-12-20
TQQQ,10471,2021-12-21
TQQQ,10474,2021-12-22
TQQQ,10474,2021-12-23
TQQQ,10474,2021-12-24
TQQQ,10474,2021-12-25
TQQQ,10474,2021-12-26
TQQQ,10488,2021-12-27
TQQQ,10485,2021-12-28
TQQQ,10488,2021-12-29
TQQQ,10499,2021-12-30
TQQQ,10508,2021-12-31
TQQQ,10508,2022-01-01
TQQQ,10508,2022-01-02
TQQQ,10515,2022-01-03
TQQQ,10516,2022-01-04
TQQQ,10522,2022-01-05
TQQQ,10528,2022-01-06
TQQQ,10533,2022-01-07
TQQQ,10533,2022-01-08
TQQQ,10533,2022-01-09
TQQQ,10548,2022-01-10
TQQQ,10561,2022-01-11
TQQQ,10568,2022-01-12
TQQQ,10575,2022-01-13
TQQQ,10586,2022-01-14
TQQQ,10586,2022-01-15
TQQQ,10586,2022-01-16
TQQQ,10586,2022-01-17
TQQQ,10582,2022-01-18
TQQQ,10584,2022-01-19
TQQQ,10601,2022-01-20
TQQQ,10613,2022-01-21
TQQQ,10613,2022-01-22
TQQQ,10613,2022-01-23
TQQQ,10628,2022-01-24
TQQQ,10629,2022-01-25
TQQQ,10636,2022-01-26
TQQQ,10644,2022-01-27
TQQQ,10648,2022-01-28
TQQQ,10648,2022-01-29
TQQQ,10648,2022-01-30
TQQQ,10664,2022-01-31
TQQQ,10668,2022-02-01
TQQQ,10667,2022-02-02
TQQQ,10673,2022-02-03
TQQQ,10686,2022-02-04
TQQQ,10686,2022-02-05
TQQQ,10686,2022-02-06
TQQQ,10702,2022-02-07
TQQQ,10709,2022-02-08
TQQQ,10712,2022-02-09
TQQQ,10724,2022-02-10
TQQQ,10732,2022-02-11
TQQQ,10732,2022-02-12
TQQQ,10732,2022-02-13
TQQQ,10732,2022-02-14
TQQQ,10736,2022-02-15
TQQQ,10738,2022-02-16
TQQQ,10745,2022-02-17
TQQQ,10743,2022-02-18
TQQQ,10743,2022-02-19
TQQQ,10743,2022-02-20
TQQQ,10743,2022-02-21
TQQQ,10747,2022-02-22
TQQQ,10752,2022-02-23
TQQQ,10766,2022-02-24
TQQQ,10767,2022-02-25
TQQQ,10767,2022-02-26
TQQQ,10767,2022-02-27
TQQQ,10768,2022-02-28
TQQQ,10770,2022-03-01
TQQQ,10764,2022-03-02
TQQQ,10766,2022-03-03
TQQQ,10773,2022-03-04
TQQQ,10773,2022-03-05
TQQQ,10773,2022-03-06
TQQQ,10777,2022-03-07
TQQQ,10779,2022-03-08
TQQQ,10778,2022-03-09
TQQQ,10781,2022-03-10
TQQQ,10781,2022-03-11
TQQQ,10781,2022-03-12
TQQQ,10781,2022-03-13
TQQQ,10791,2022-03-14
TQQQ,10789,2022-03-15
TQQQ,10793,2022-03-16
TQQQ,10802,2022-03-17
TQQQ,10802,2022-03-18
TQQQ,10802,2022-03-19
TQQQ,10802,2022-03-20
TQQQ,10807,2022-03-21
TQQQ,10807,2022-03-22
TQQQ,10812,2022-03-23
TQQQ,10821,2022-03-24
TQQQ,10824,2022-03-25
TQQQ,10824,2022-03-26
TQQQ,10824,2022-03-27
TQQQ,10831,2022-03-28
TQQQ,10832,2022-03-29
TQQQ,10835,2022-03-30
TQQQ,10842,2022-03-31
TQQQ,10844,2022-04-01
TQQQ,10844,2022-04-02
TQQQ,10844,2022-04-03
TQQQ,10852,2022-04-04
TQQQ,10850,2022-04-05
TQQQ,10854,2022-04-06
TQQQ,10856,2022-04-07
TQQQ,10851,2022-04-08
TQQQ,10851,2022-04-09
TQQQ,10851,2022-04-10
TQQQ,10846,2022-04-11
TQQQ,10850,2022-04-12
TQQQ,10845,2022-04-13
TQQQ,10851,2022-04-14
TQQQ,10851,2022-04-15
TQQQ,10851,2022-04-16
TQQQ,10851,2022-04-17
TQQQ,10856,2022-04-18
TQQQ,10857,2022-04-19
TQQQ,10858,2022-04-20
TQQQ,10864,2022-04-21
TQQQ,10871,2022-04-22
TQQQ,10871,2022-04-23
TQQQ,10871,2022-04-24
TQQQ,10871,2022-04-25
TQQQ,10867,2022-04-26
TQQQ,10877,2022-04-27
TQQQ,10877,2022-04-28
TQQQ,10878,2022-04-29
TQQQ,10878,2022-04-30
TQQQ,10878,2022-05-01
TQQQ,10881,2022-05-02
TQQQ,10873,2022-05-03
TQQQ,10877,2022-05-04
TQQQ,10882,2022-05-05
TQQQ,10886,2022-05-06
TQQQ,10886,2022-05-07
TQQQ,10886,2022-05-08
TQQQ,10889,2022-05-09
TQQQ,10894,2022-05-10
TQQQ,10894,2022-05-11
TQQQ,10897,2022-05-12
TQQQ,10897,2022-05-13
TQQQ,10897,2022-05-14
TQQQ,10897,2022-05-15
TQQQ,10895,2022-05-16
TQQQ,10898,2022-05-17
TQQQ,10902,2022-05-18
TQQQ,10903,2022-05-19
TQQQ,10900,2022-05-20
TQQQ,10900,2022-05-21
TQQQ,10900,2022-05-22
TQQQ,10902,2022-05-23
TQQQ,10904,2022-05-24
TQQQ,10904,2022-05-25
TQQQ,10899,2022-05-26
TQQQ,10899,2022-05-27
TQQQ,10899,2022-05-28
TQQQ,10899,2022-05-29
TQQQ,10899,2022-05-30
TQQQ,10903,2022-05-31
TQQQ,10902,2022-06-01
TQQQ,10905,2022-06-02
TQQQ,10907,2022-06-03
TQQQ,10907,2022-06-04
TQQQ,10907,2022-06-05
TQQQ,10906,2022-06-06
TQQQ,10910,2022-06-07
TQQQ,10908,2022-06-08
TQQQ,10909,2022-06-09
TQQQ,10905,2022-06-10
TQQQ,10905,2022-06-11
TQQQ,10905,2022-06-12
TQQQ,10902,2022-06-13
TQQQ,10902,2022-06-14
TQQQ,10904,2022-06-15
TQQQ,10912,2022-06-16
TQQQ,10914,2022-06-17
TQQQ,10914,2022-06-18
TQQQ,10914,2022-06-19
TQQQ,10914,2022-06-20
TQQQ,10916,2022-06-21
TQQQ,10919,2022-06-22
TQQQ,10924,2022-06-23
TQQQ,10926,2022-06-24
TQQQ,10926,2022-06-25
TQQQ,10926,2022-06-26
TQQQ,10927,2022-06-27
TQQQ,10930,2022-06-28
TQQQ,10931,2022-06-29
TQQQ,10932,2022-06-30
TQQQ,10932,2022-07-01
TQQQ,10932,2022-07-02
TQQQ,10932,2022-07-03
TQQQ,10932,2022-07-04
TQQQ,10932,2022-07-05
TQQQ,10937,2022-07-06
TQQQ,10930,2022-07-07
TQQQ,10930,2022-07-08
TQQQ,10930,2022-07-09
TQQQ,10930,2022-07-10
TQQQ,10927,2022-07-11
TQQQ,10927,2022-07-12
TQQQ,10927,2022-07-13
TQQQ,10926,2022-07-14
TQQQ,10926,2022-07-15
TQQQ,10926,2022-07-16
TQQQ,10926,2022-07-17
TQQQ,10923,2022-07-18
TQQQ,10922,2022-07-19
TQQQ,10919,2022-07-20
TQQQ,10916,2022-07-21
TQQQ,10915,2022-07-22
TQQQ,10915,2022-07-23
TQQQ,10915,2022-07-24
TQQQ,10913,2022-07-25
TQQQ,10913,2022-07-26
TQQQ,10909,2022-07-27
TQQQ,10913,2022-07-28
TQQQ,10910,2022-07-29
TQQQ,10910,2022-07-30
TQQQ,10910,2022-07-31
TQQQ,10907,2022-08-01
TQQQ,10908,2022-08-02
TQQQ,10907,2022-08-03
TQQQ,10905,2022-08-04
TQQQ,10904,2022-08-05
TQQQ,10904,2022-08-06
TQQQ,10904,2022-08-07
TQQQ,10910,2022-08-08
TQQQ,10923,2022-08-09
TQQQ,10920,2022-08-10
TQQQ,10923,2022-08-11
TQQQ,10925,2022-08-12
TQQQ,10925,2022-08-13
TQQQ,10925,2022-08-14
TQQQ,10922,2022-08-15
TQQQ,10918,2022-08-16
TQQQ,10915,2022-08-17
TQQQ,10913,2022-08-18
TQQQ,10913,2022-08-19
TQQQ,10913,2022-08-20
TQQQ,10913,2022-08-21
TQQQ,10917,2022-08-22
TQQQ,10904,2022-08-23
TQQQ,10909,2022-08-24
TQQQ,10908,2022-08-25
TQQQ,10907,2022-08-26
TQQQ,10907,2022-08-27
TQQQ,10907,2022-08-28
TQQQ,10906,2022-08-29
TQQQ,10906,2022-08-30
TQQQ,10902,2022-08-31
TQQQ,10898,2022-09-01
TQQQ,10896,2022-09-02
TQQQ,10896,2022-09-03
TQQQ,10896,2022-09-04
TQQQ,10896,2022-09-05
TQQQ,10892,2022-09-06
TQQQ,10892,2022-09-07
TQQQ,10899,2022-09-08
TQQQ,10897,2022-09-09
TQQQ,10897,2022-09-10
TQQQ,10897,2022-09-11
TQQQ,10899,2022-09-12
TQQQ,10896,2022-09-13
TQQQ,10897,2022-09-14
TQQQ,10901,2022-09-15
TQQQ,10904,2022-09-16
TQQQ,10904,2022-09-17
TQQQ,10904,2022-09-18
TQQQ,10898,2022-09-19
TQQQ,10901,2022-09-20
TQQQ,10900,2022-09-21
TQQQ,10904,2022-09-22
TQQQ,10903,2022-09-23
TQQQ,10903,2022-09-24
TQQQ,10903,2022-09-25
TQQQ,10900,2022-09-26
TQQQ,10899,2022-09-27
TQQQ,10901,2022-09-28
TQQQ,10907,2022-09-29
TQQQ,10913,2022-09-30
TQQQ,10913,2022-10-01
TQQQ,10913,2022-10-02
TQQQ,10905,2022-10-03
TQQQ,10902,2022-10-04
TQQQ,10902,2022-10-05
TQQQ,10897,2022-10-06
TQQQ,10893,2022-10-07
TQQQ,10893,2022-10-08
TQQQ,10893,2022-10-09
TQQQ,10886,2022-10-10
TQQQ,10888,2022-10-11
TQQQ,10889,2022-10-12
TQQQ,10895,2022-10-13
TQQQ,10895,2022-10-14
TQQQ,10895,2022-10-15
TQQQ,10895,2022-10-16
TQQQ,10886,2022-10-17
TQQQ,10882,2022-10-18
TQQQ,10881,2022-10-19
TQQQ,10876,2022-10-20
TQQQ,10869,2022-10-21
TQQQ,10869,2022-10-22
TQQQ,10869,2022-10-23
TQQQ,10861,2022-10-24
TQQQ,10849,2022-10-25
TQQQ,10849,2022-10-26
TQQQ,10847,2022-10-27
TQQQ,10843,2022-10-28
TQQQ,10843,2022-10-29
TQQQ,10843,2022-10-30
TQQQ,10834,2022-10-31
TQQQ,10827,2022-11-01
TQQQ,10826,2022-11-02
TQQQ,10829,2022-11-03
TQQQ,10825,2022-11-04
TQQQ,10825,2022-11-05
TQQQ,10825,2022-11-06
TQQQ,10820,2022-11-07
TQQQ,10820,2022-11-08
TQQQ,10824,2022-11-09
TQQQ,10833,2022-11-10
TQQQ,10827,2022-11-11
TQQQ,10827,2022-11-12
TQQQ,10827,2022-11-13
TQQQ,10824,2022-11-14
TQQQ,10819,2022-11-15
TQQQ,10818,2022-11-16
TQQQ,10821,2022-11-17
TQQQ,10814,2022-11-18
TQQQ,10814,2022-11-19
TQQQ,10814,2022-11-20
TQQQ,10808,2022-11-21
TQQQ,10809,2022-11-22
TQQQ,10797,2022-11-23
TQQQ,10797,2022-11-24
TQQQ,10799,2022-11-25
TQQQ,10799,2022-11-26
TQQQ,10799,2022-11-27
TQQQ,10799,2022-11-28
TQQQ,10793,2022-11-29
TQQQ,10787,2022-11-30
TQQQ,10781,2022-12-01
TQQQ,10766,2022-12-02
TQQQ,10766,2022-12-03
TQQQ,10766,2022-12-04
TQQQ,10763,2022-12-05
TQQQ,10763,2022-12-06
TQQQ,10761,2022-12-07
TQQQ,10757,2022-12-08
TQQQ,10751,2022-12-09
TQQQ,10751,2022-12-10
TQQQ,10751,2022-12-11
TQQQ,10736,2022-12-12
TQQQ,10729,2022-12-13
TQQQ,10729,2022-12-14
TQQQ,10707,2022-12-15
TQQQ,10684,2022-12-16
TQQQ,10684,2022-12-17
TQQQ,10684,2022-12-18
TQQQ,10661,2022-12-19
TQQQ,10659,2022-12-20
TQQQ,10649,2022-12-21
TQQQ,10626,2022-12-22
TQQQ,10611,2022-12-23
TQQQ,10611,2022-12-24
TQQQ,10611,2022-12-25
TQQQ,10611,2022-12-26
TQQQ,10593,2022-12-27
TQQQ,10577,2022-12-28
TQQQ,10573,2022-12-29
TQQQ,10558,2022-12-30
TQQQ,10558,2022-12-31
TQQQ,10558,2023-01-01
TQQQ,10558,2023-01-02
TQQQ,10544,2023-01-03
TQQQ,10539,2023-01-04
TQQQ,10534,2023-01-05
TQQQ,10533,2023-01-06
TQQQ,10533,2023-01-07
TQQQ,10533,2023-01-08
TQQQ,10528,2023-01-09
TQQQ,10525,2023-01-10
TQQQ,10530,2023-01-11
TQQQ,10526,2023-01-12
TQQQ,10518,2023-01-13
TQQQ,10518,2023-01-14
TQQQ,10518,2023-01-15
TQQQ,10518,2023-01-16
TQQQ,10498,2023-01-17
TQQQ,10497,2023-01-18
TQQQ,10502,2023-01-19
TQQQ,10503,2023-01-20
TQQQ,10503,2023-01-21
TQQQ,10503,2023-01-22
TQQQ,10501,2023-01-23
TQQQ,10499,2023-01-24
TQQQ,10496,2023-01-25
TQQQ,10497,2023-01-26
TQQQ,10491,2023-01-27
TQQQ,10491,2023-01-28
TQQQ,10491,2023-01-29
TQQQ,10487,2023-01-30
TQQQ,10486,2023-01-31
TQQQ,10483,2023-02-01
TQQQ,10482,2023-02-02
TQQQ,10472,2023-02-03
TQQQ,10472,2023-02-04
TQQQ,10472,2023-02-05
TQQQ,10470,2023-02-06
TQQQ,10472,2023-02-07
TQQQ,10474,2023-02-08
TQQQ,10473,2023-02-09
TQQQ,10475,2023-02-10
TQQQ,10475,2023-02-11
TQQQ,10475,2023-02-12
TQQQ,10469,2023-02-13
TQQQ,10468,2023-02-14
TQQQ,10463,2023-02-15
TQQQ,10454,2023-02-16
TQQQ,10451,2023-02-17
TQQQ,10451,2023-02-18
TQQQ,10451,2023-02-19
TQQQ,10451,2023-02-20
TQQQ,10447,2023-02-21
TQQQ,10445,2023-02-22
TQQQ,10441,2023-02-23
TQQQ,10441,2023-02-24
TQQQ,10441,2023-02-25
TQQQ,10441,2023-02-26
TQQQ,10432,2023-02-27
TQQQ,10432,2023-02-28
TQQQ,10427,2023-03-01
TQQQ,10424,2023-03-02
TQQQ,10422,2023-03-03
TQQQ,10422,2023-03-04
TQQQ,10422,2023-03-05
TQQQ,10415,2023-03-06
TQQQ,10410,2023-03-07
TQQQ,10403,2023-03-08
TQQQ,10404,2023-03-09
TQQQ,10397,2023-03-10
TQQQ,10397,2023-03-11
TQQQ,10397,2023-03-12
TQQQ,10375,2023-03-13
TQQQ,10375,2023-03-14
TQQQ,10371,2023-03-15
TQQQ,10364,2023-03-16
TQQQ,10363,2023-03-17
TQQQ,10363,2023-03-18
TQQQ,10363,2023-03-19
TQQQ,10359,2023-03-20
TQQQ,10358,2023-03-21
TQQQ,10362,2023-03-22
TQQQ,10361,2023-03-23
TQQQ,10359,2023-03-24
TQQQ,10359,2023-03-25
TQQQ,10359,2023-03-26
TQQQ,10343,2023-03-27
TQQQ,10338,2023-03-28
TQQQ,10337,2023-03-29
TQQQ,10343,2023-03-30
TQQQ,10320,2023-03-31
TQQQ,10320,2023-04-01
TQQQ,10320,2023-04-02
TQQQ,10320,2023-04-03
TQQQ,10319,2023-04-04
TQQQ,10317,2023-04-05
TQQQ,10314,2023-04-06
TQQQ,10314,2023-04-07
TQQQ,10314,2023-04-08
TQQQ,10314,2023-04-09
TQQQ,10311,2023-04-10
TQQQ,10308,2023-04-11
TQQQ,10305,2023-04-12
TQQQ,10303,2023-04-13
TQQQ,10299,2023-04-14
TQQQ,10299,2023-04-15
TQQQ,10299,2023-04-16
TQQQ,10291,2023-04-17
TQQQ,10294,2023-04-18
TQQQ,10291,2023-04-19
TQQQ,10294,2023-04-20
TQQQ,10293,2023-04-21
TQQQ,10293,2023-04-22
TQQQ,10293,2023-04-23
TQQQ,10283,2023-04-24
TQQQ,10274,2023-04-25
TQQQ,10273,2023-04-26
TQQQ,10268,2023-04-27
TQQQ,10265,2023-04-28
TQQQ,10265,2023-04-29
TQQQ,10265,2023-04-30
TQQQ,10258,2023-05-01
TQQQ,10257,2023-05-02
TQQQ,10250,2023-05-03
TQQQ,10251,2023-05-04
TQQQ,10248,2023-05-05
TQQQ,10248,2023-05-06
TQQQ,10248,2023-05-07
TQQQ,10248,2023-05-08
TQQQ,10242,2023-05-09
TQQQ,10238,2023-05-10
TQQQ,10243,2023-05-11
TQQQ,10242,2023-05-12
TQQQ,10242,2023-05-13
TQQQ,10242,2023-05-14
TQQQ,10238,2023-05-15
TQQQ,10238,2023-05-16
TQQQ,10239,2023-05-17
TQQQ,10238,2023-05-18
TQQQ,10237,2023-05-19
TQQQ,10237,2023-05-20
TQQQ,10237,2023-05-21
TQQQ,10239,2023-05-22
TQQQ,10241,2023-05-23
TQQQ,10236,2023-05-24
TQQQ,10239,2023-05-25
TQQQ,10234,2023-05-26
TQQQ,10234,2023-05-27
TQQQ,10234,2023-05-28
TQQQ,10234,2023-05-29
TQQQ,10224,2023-05-30
TQQQ,10222,2023-05-31
TQQQ,10216,2023-06-01
TQQQ,10210,2023-06-02
TQQQ,10210,2023-06-03
TQQQ,10210,2023-06-04
TQQQ,10205,2023-06-05
TQQQ,10201,2023-06-06
TQQQ,10201,2023-06-07
TQQQ,10198,2023-06-08
TQQQ,10170,2023-06-09
TQQQ,10170,2023-06-10
TQQQ,10170,2023-06-11
TQQQ,10170,2023-06-12
TQQQ,10169,2023-06-13
TQQQ,10172,2023-06-14
TQQQ,10175,2023-06-15
TQQQ,10166,2023-06-16
TQQQ,10166,2023-06-17
TQQQ,10166,2023-06-18
TQQQ,10166,2023-06-19
TQQQ,10147,2023-06-20
TQQQ,10145,2023-06-21
TQQQ,10146,2023-06-22
TQQQ,10145,2023-06-23
TQQQ,10145,2023-06-24
TQQQ,10145,2023-06-25
TQQQ,10128,2023-06-26
TQQQ,10130,2023-06-27
TQQQ,10138,2023-06-28
TQQQ,10144,2023-06-29
TQQQ,10148,2023-06-30
TQQQ,10148,2023-07-01
TQQQ,10148,2023-07-02
TQQQ,10140,2023-07-03
TQQQ,10140,2023-07-04
TQQQ,10136,2023-07-05
TQQQ,10133,2023-07-06
TQQQ,10128,2023-07-07
TQQQ,10128,2023-07-08
TQQQ,10128,2023-07-09
TQQQ,10120,2023-07-10
TQQQ,10119,2023-07-11
TQQQ,10116,2023-07-12
TQQQ,10118,2023-07-13
TQQQ,10115,2023-07-14
TQQQ,10115,2023-07-15
TQQQ,10115,2023-07-16
TQQQ,10113,2023-07-17
TQQQ,10113,2023-07-18
TQQQ,10112,2023-07-19
TQQQ,10110,2023-07-20
TQQQ,10106,2023-07-21
TQQQ,10106,2023-07-22
TQQQ,10106,2023-07-23
TQQQ,10099,2023-07-24
TQQQ,10097,2023-07-25
TQQQ,10094,2023-07-26
TQQQ,10093,2023-07-27
TQQQ,10089,2023-07-28
TQQQ,10089,2023-07-29
TQQQ,10089,2023-07-30
TQQQ,10088,2023-07-31
TQQQ,10091,2023-08-01
TQQQ,10085,2023-08-02
TQQQ,10086,2023-08-03
TQQQ,10084,2023-08-04
TQQQ,10084,2023-08-05
TQQQ,10084,2023-08-06
TQQQ,10079,2023-08-07
TQQQ,10081,2023-08-08
TQQQ,10082,2023-08-09
TQQQ,10085,2023-08-10
TQQQ,10082,2023-08-11
TQQQ,10082,2023-08-12
TQQQ,10082,2023-08-13
TQQQ,10075,2023-08-14
TQQQ,10075,2023-08-15
TQQQ,10071,2023-08-16
TQQQ,10076,2023-08-17
TQQQ,10074,2023-08-18
TQQQ,10074,2023-08-19
TQQQ,10074,2023-08-20
TQQQ,10082,2023-08-21
TQQQ,10085,2023-08-22
TQQQ,10087,2023-08-23
TQQQ,10078,2023-08-24
TQQQ,10075,2023-08-25
TQQQ,10075,2023-08-26
TQQQ,10075,2023-08-27
TQQQ,10067,2023-08-28
TQQQ,10065,2023-08-29
TQQQ,10067,2023-08-30
TQQQ,10065,2023-08-31
TQQQ,10058,2023-09-01
TQQQ,10058,2023-09-02
TQQQ,10058,2023-09-03
TQQQ,10058,2023-09-04
TQQQ,10055,2023-09-05
TQQQ,10054,2023-09-06
TQQQ,10051,2023-09-07
TQQQ,10050,2023-09-08
TQQQ,10050,2023-09-09
TQQQ,10050,2023-09-10
TQQQ,10047,2023-09-11
TQQQ,10051,2023-09-12
TQQQ,10050,2023-09-13
TQQQ,10053,2023-09-14
TQQQ,10060,2023-09-15
TQQQ,10060,2023-09-16
TQQQ,10060,2023-09-17
TQQQ,10064,2023-09-18
TQQQ,10070,2023-09-19
TQQQ,10077,2023-09-20
TQQQ,10082,2023-09-21
TQQQ,10083,2023-09-22
TQQQ,10083,2023-09-23
TQQQ,10083,2023-09-24
TQQQ,10076,2023-09-25
TQQQ,10067,2023-09-26
TQQQ,10073,2023-09-27
TQQQ,10080,2023-09-28
TQQQ,10080,2023-09-29
TQQQ,10080,2023-09-30
TQQQ,10080,2023-10-01
TQQQ,10090,2023-10-02
TQQQ,10091,2023-10-03
TQQQ,10092,2023-10-04
TQQQ,10092,2023-10-05
TQQQ,10094,2023-10-06
TQQQ,10094,2023-10-07
TQQQ,10094,2023-10-08
TQQQ,10090,2023-10-09
TQQQ,10087,2023-10-10
TQQQ,10092,2023-10-11
TQQQ,10085,2023-10-12
TQQQ,10082,2023-10-13
TQQQ,10082,2023-10-14
TQQQ,10082,2023-10-15
TQQQ,10071,2023-10-16
TQQQ,10065,2023-10-17
TQQQ,10061,2023-10-18
TQQQ,10071,2023-10-19
TQQQ,10065,2023-10-20
TQQQ,10065,2023-10-21
TQQQ,10065,2023-10-22
TQQQ,10058,2023-10-23
TQQQ,10053,2023-10-24
TQQQ,10047,2023-10-25
TQQQ,10048,2023-10-26
TQQQ,10052,2023-10-27
TQQQ,10052,2023-10-28
TQQQ,10052,2023-10-29
TQQQ,10044,2023-10-30
TQQQ,10041,2023-10-31
TQQQ,10041,2023-11-01
TQQQ,10044,2023-11-02
TQQQ,10043,2023-11-03
TQQQ,10043,2023-11-04
TQQQ,10043,2023-11-05
TQQQ,10038,2023-11-06
TQQQ,10037,2023-11-07
TQQQ,10034,2023-11-08
TQQQ,10036,2023-11-09
TQQQ,10031,2023-11-10
TQQQ,10031,2023-11-11
TQQQ,10031,2023-11-12
TQQQ,10025,2023-11-13
TQQQ,10026,2023-11-14
TQQQ,10026,2023-11-15
TQQQ,10022,2023-11-16
TQQQ,10016,2023-11-17
TQQQ,10016,2023-11-18
TQQQ,10016,2023-11-19
TQQQ,10020,2023-11-20
TQQQ,10017,2023-11-21
TQQQ,10018,2023-11-22
TQQQ,10018,2023-11-23
TQQQ,10016,2023-11-24
TQQQ,10016,2023-11-25
TQQQ,10016,2023-11-26
TQQQ,10017,2023-11-27
TQQQ,16131,2023-11-28
TQQQ,16131,2023-11-29
TQQQ,16131,2023-11-30
TQQQ,16131,2023-12-01
TQQQ,16131,2023-12-02
TQQQ,16131,2023-12-03
TQQQ,16131,2023-12-04
TQQQ,16131,2023-12-05
TQQQ,16131,2023-12-06
TQQQ,16131,2023-12-07
TQQQ,16131,2023-12-08
TQQQ,16131,2023-12-09
TQQQ,16131,2023-12-10
TQQQ,16131,2023-12-11
TQQQ,16131,2023-12-12
TQQQ,16131,2023-12-13
TQQQ,16131,2023-12-14
TQQQ,16131,2023-12-15
TQQQ,16131,2023-12-16
TQQQ,16131,2023-12-17
TQQQ,16131,2023-12-18
TQQQ,16131,2023-12-19
TQQQ,16131,2023-12-20
TQQQ,16131,2023-12-21
TQQQ,16131,2023-12-22
TQQQ,16131,2023-12-23
TQQQ,16131,2023-12-24
TQQQ,16131,2023-12-25
TQQQ,16131,2023-12-26
TQQQ,16131,2023-12-27
TQQQ,16131,2023-12-28
TQQQ,16131,2023-12-29
TQQQ,16131,2023-12-30
TQQQ,16131,2023-12-31
TQQQ,16131,2024-01-01
TQQQ,16131,2024-01-02
TQQQ,16131,2024-01-03
TQQQ,16131,2024-01-04
TQQQ,16131,2024-01-05
TQQQ,16131,2024-01-06
TQQQ,16131,2024-01-07
TQQQ,16131,2024-01-08
TQQQ,16131,2024-01-09
TQQQ,16131,2024-01-10
TQQQ,16131,2024-01-11
TQQQ,16131,2024-01-12
TQQQ,16131,2024-01-13
TQQQ,16131,2024-01-14
TQQQ,16131,2024-01-15
TQQQ,16131,2024-01-16
TQQQ,16131,2024-01-17
TQQQ,16131,2024-01-18
TQQQ,16131,2024-01-19
TQQQ,16131,2024-01-20
TQQQ,16131,2024-01-21
TQQQ,16131,2024-01-22
TQQQ,16131,2024-01-23
TQQQ,16131,2024-01-24
TQQQ,16131,2024-01-25
TQQQ,16131,2024-01-26
TQQQ,16131,2024-01-27
TQQQ,16131,2024-01-28
TQQQ,16131,2024-01-29
TQQQ,16131,2024-01-30
TQQQ,16131,2024-01-31
TQQQ,16131,2024-02-01
TQQQ,16131,2024-02-02
TQQQ,16131,2024-02-03
TQQQ,16131,2024-02-04
TQQQ,16131,2024-02-05
TQQQ,16131,2024-02-06
TQQQ,16131,2024-02-07
TQQQ,16131,2024-02-08
TQQQ,16131,2024-02-09
TQQQ,16131,2024-02-10
TQQQ,16131,2024-02-11
TQQQ,16131,2024-02-12
TQQQ,16131,2024-02-13
TQQQ,16131,2024-02-14
TQQQ,16131,2024-02-15
TQQQ,16131,2024-02-16
TQQQ,16131,2024-02-17
TQQQ,16131,2024-02-18
TQQQ,16131,2024-02-19
TQQQ,16131,2024-02-20
TQQQ,16131,2024-02-21
TQQQ,16131,2024-02-22
TQQQ,16131,2024-02-23
TQQQ,16131,2024-02-24
TQQQ,16131,2024-02-25
TQQQ,16131,2024-02-26
TQQQ,16131,2024-02-27
TQQQ,16131,2024-02-28
TQQQ,16131,2024-02-29
TQQQ,16131,2024-03-01
TQQQ,16131,2024-03-02
TQQQ,16131,2024-03-03
TQQQ,16131,2024-03-04
TQQQ,16131,2024-03-05
TQQQ,16131,2024-03-06
TQQQ,16131,2024-03-07
TQQQ,16131,2024-03-08
TQQQ,16131,2024-03-09
TQQQ,16131,2024-03-10
TQQQ,16131,2024-03-11
TQQQ,16131,2024-03-12
TQQQ,16131,2024-03-13
TQQQ,16131,2024-03-14
TQQQ,16131,2024-03-15
TQQQ,16131,2024-03-16
TQQQ,16131,2024-03-17
TQQQ,16131,2024-03-18
TQQQ,16131,2024-03-19
TQQQ,16131,2024-03-20
TQQQ,16131,2024-03-21
TQQQ,16131,2024-03-22
TQQQ,16131,2024-03-23
TQQQ,16131,2024-03-24
TQQQ,16131,2024-03-25
TQQQ,16131,2024-03-26
TQQQ,16131,2024-03-27
TQQQ,16131,2024-03-28
TQQQ,16131,2024-03-29
TQQQ,16131,2024-03-30
TQQQ,16131,2024-03-31
TQQQ,16131,2024-04-01
TQQQ,16131,2024-04-02
TQQQ,16131,2024-04-03
TQQQ,16131,2024-04-04
TQQQ,16131,2024-04-05
TQQQ,16131,2024-04-06
TQQQ,16131,2024-04-07
TQQQ,16131,2024-04-08
TQQQ,16131,2024-04-09
TQQQ,16131,2024-04-10
TQQQ,16131,2024-04-11
TQQQ,16131,2024-04-12
TQQQ,16131,2024-04-13
TQQQ,16131,2024-04-14
TQQQ,16131,2024-04-15
TQQQ,16131,2024-04-16
TQQQ,16131,2024-04-17
TQQQ,16131,2024-04-18
TQQQ,16131,2024-04-19
TQQQ,16131,2024-04-20
TQQQ,16131,2024-04-21
TQQQ,16131,2024-04-22
TQQQ,16131,2024-04-23
TQQQ,16131,2024-04-24
TQQQ,16131,2024-04-25
TQQQ,16131,2024-04-26
TQQQ,16131,2024-04-27
TQQQ,16131,2024-04-28
TQQQ,16131,2024-04-29
TQQQ,16131,2024-04-30
TQQQ,16131,2024-05-01
TQQQ,16131,2024-05-02
TQQQ,16131,2024-05-03
TQQQ,16131,2024-05-04
TQQQ,16131,2024-05-05
TQQQ,16131,2024-05-06
TQQQ,16131,2024-05-07
TQQQ,16131,2024-05-08
TQQQ,16131,2024-05-09
TQQQ,16131,2024-05-10
TQQQ,16131,2024-05-11
TQQQ,16131,2024-05-12
TQQQ,16131,2024-05-13
TQQQ,16131,2024-05-14
TQQQ,16131,2024-05-15
TQQQ,16131,2024-05-16
TQQQ,16131,2024-05-17
TQQQ,16131,2024-05-18
TQQQ,16131,2024-05-19
TQQQ,16131,2024-05-20
TQQQ,16131,2024-05-21
TQQQ,16131,2024-05-22
TQQQ,16131,2024-05-23
TQQQ,16131,2024-05-24
TQQQ,16131,2024-05-25
TQQQ,16131,2024-05-26
TQQQ,16131,2024-05-27
TQQQ,16131,2024-05-28
TQQQ,16131,2024-05-29
TQQQ,16131,2024-05-30
TQQQ,16131,2024-05-31
TQQQ,16131,2024-06-01
TQQQ,16131,2024-06-02
TQQQ,16131,2024-06-03
TQQQ,16131,2024-06-04
TQQQ,16131,2024-06-05
TQQQ,16131,2024-06-06
TQQQ,16131,2024-06-07
TQQQ,16131,2024-06-08
TQQQ,16131,2024-06-09
TQQQ,16131,2024-06-10
TQQQ,16131,2024-06-11
TQQQ,16131,2024-06-12
TQQQ,16131,2024-06-13
TQQQ,16131,2024-06-14
TQQQ,16131,2024-06-15
TQQQ,16131,2024-06-16
TQQQ,16131,2024-06-17
TQQQ,16131,2024-06-18
TQQQ,16131,2024-06-19
TQQQ,16131,2024-06-20
TQQQ,16131,2024-06-21
TQQQ,16131,2024-06-22
TQQQ,16131,2024-06-23
TQQQ,16131,2024-06-24
TQQQ,16131,2024-06-25
TQQQ,16131,2024-06-26
TQQQ,16131,2024-06-27
TQQQ,16131,2024-06-28
TQQQ,16131,2024-06-29
TQQQ,16131,2024-06-30
TQQQ,16131,2024-07-01
TQQQ,16131,2024-07-02
TQQQ,16131,2024-07-03
TQQQ,16131,2024-07-04
TQQQ,16131,2024-07-05
TQQQ,16131,2024-07-06
TQQQ,16131,2024-07-07
TQQQ,16131,2024-07-08
TQQQ,16131,2024-07-09
TQQQ,16131,2024-07-10
TQQQ,16131,2024-07-11
TQQQ,16131,2024-07-12
TQQQ,16131,2024-07-13
TQQQ,16131,2024-07-14
TQQQ,16131,2024-07-15
TQQQ,16131,2024-07-16
TQQQ,16131,2024-07-17
TQQQ,16131,2024-07-18
TQQQ,16131,2024-07-19
TQQQ,16131,2024-07-20
TQQQ,16131,2024-07-21
TQQQ,16131,2024-07-22
TQQQ,16131,2024-07-23
TQQQ,16131,2024-07-24
TQQQ,16131,2024-07-25
TQQQ,16131,2024-07-26
TQQQ,16131,2024-07-27
TQQQ,16131,2024-07-28
TQQQ,16131,2024-07-29
TQQQ,16131,2024-07-30
TQQQ,16131,2024-07-31
TQQQ,16131,2024-08-01
TQQQ,16131,2024-08-02
TQQQ,16131,2024-08-03
TQQQ,16131,2024-08-04
TQQQ,16131,2024-08-05
TQQQ,16131,2024-08-06
TQQQ,16131,2024-08-07
TQQQ,16131,2024-08-08
TQQQ,16131,2024-08-09
TQQQ,16131,2024-08-10
TQQQ,16131,2024-08-11
TQQQ,16131,2024-08-12
TQQQ,16131,2024-08-13
TQQQ,16131,2024-08-14
TQQQ,16131,2024-08-15
TQQQ,16131,2024-08-16
TQQQ,16131,2024-08-17
TQQQ,16131,2024-08-18
TQQQ,16131,2024-08-19
TQQQ,16131,2024-08-20
TQQQ,16131,2024-08-21
TQQQ,16131,2024-08-22
TQQQ,16131,2024-08-23
TQQQ,16131,2024-08-24
TQQQ,16131,2024-08-25
TQQQ,16131,2024-08-26
TQQQ,16131,2024-08-27
TQQQ,16131,2024-08-28
TQQQ,16131,2024-08-29
TQQQ,16131,2024-08-30
TQQQ,16131,2024-08-31
TQQQ,16131,2024-09-01
TQQQ,16131,2024-09-02
TQQQ,16131,2024-09-03
TQQQ,16131,2024-09-04
TQQQ,16131,2024-09-05
TQQQ,16131,2024-09-06
TQQQ,16131,2024-09-07
TQQQ,16131,2024-09-08
TQQQ,16131,2024-09-09
TQQQ,16131,2024-09-10
TQQQ,16131,2024-09-11
TQQQ,16131,2024-09-12
TQQQ,16131,2024-09-13
TQQQ,16131,2024-09-14
TQQQ,16131,2024-09-15
TQQQ,16131,2024-09-16
TQQQ,16131,2024-09-17
TQQQ,16131,2024-09-18
TQQQ,16131,2024-09-19
TQQQ,16131,2024-09-20
TQQQ,16131,2024-09-21
TQQQ,16131,2024-09-22
TQQQ,16131,2024-09-23
TQQQ,16131,2024-09-24
TQQQ,16131,2024-09-25
TQQQ,16131,2024-09-26
TQQQ,16131,2024-09-27
TQQQ,16131,2024-09-28
TQQQ,16131,2024-09-29
TQQQ,16131,2024-09-30
TQQQ,16131,2024-10-01
TQQQ,16131,2024-10-02
TQQQ,16131,2024-10-03
TQQQ,16131,2024-10-04
TQQQ,16131,2024-10-05
TQQQ,16131,2024-10-06
TQQQ,16131,2024-10-07
TQQQ,16131,2024-10-08
TQQQ,16131,2024-10-09
TQQQ,16131,2024-10-10
TQQQ,16131,2024-10-11
TQQQ,16131,2024-10-12
TQQQ,16131,2024-10-13
TQQQ,16131,2024-10-14
TQQQ,16131,2024-10-15
TQQQ,16131,2024-10-16
TQQQ,16131,2024-10-17
TQQQ,16131,2024-10-18
TQQQ,16131,2024-10-19
TQQQ,16131,2024-10-20
TQQQ,16131,2024-10-21
TQQQ,16131,2024-10-22
TQQQ,16131,2024-10-23
TQQQ,16131,2024-10-24
TQQQ,16131,2024-10-25
TQQQ,16131,2024-10-26
TQQQ,16131,2024-10-27
TQQQ,16131,2024-10-28
TQQQ,16131,2024-10-29
TQQQ,16131,2024-10-30
TQQQ,16131,2024-10-31
TQQQ,16131,2024-11-01
TQQQ,16131,2024-11-02
TQQQ,16131,2024-11-03
TQQQ,16131,2024-11-04
TQQQ,16131,2024-11-05
TQQQ,16131,2024-11-06
TQQQ,16131,2024-11-07
TQQQ,16131,2024-11-08
TQQQ,16131,2024-11-09
TQQQ,16131,2024-11-10
TQQQ,16131,2024-11-11
TQQQ,16131,2024-11-12
TQQQ,16131,2024-11-13
TQQQ,16131,2024-11-14
TQQQ,16131,2024-11-15
TQQQ,16131,2024-11-16
TQQQ,16131,2024-11-17
TQQQ,16131,2024-11-18
TQQQ,16131,2024-11-19
TQQQ,16131,2024-11-20
TQQQ,16131,2024-11-21
TQQQ,16131,2024-11-22
TQQQ,16131,2024-11-23
TQQQ,16131,2024-11-24
TQQQ,16131,2024-11-25
TQQQ,16131,2024-11-26
TQQQ,16131,2024-11-27
TQQQ,16131,2024-11-28
TQQQ,16131,2024-11-29
TQQQ,16131,2024-11-30
TQQQ,16131,2024-12-01
TQQQ,16131,2024-12-02
TQQQ,16131,2024-12-03
TQQQ,16131,2024-12-04
TQQQ,16131,2024-12-05
TQQQ,16131,2024-12-06
TQQQ,16131,2024-12-07
TQQQ,16131,2024-12-08
TQQQ,16131,2024-12-09
TQQQ,16131,2024-12-10
TQQQ,16131,2024-12-11
TQQQ,16131,2024-12-12
TQQQ,16131,2024-12-13
TQQQ,16131,2024-12-14
TQQQ,16131,2024-12-15
TQQQ,16131,2024-12-16
TQQQ,16131,2024-12-17
TQQQ,16131,2024-12-18
TQQQ,16131,2024-12-19
TQQQ,16131,2024-12-20
TQQQ,16131,2024-12-21
TQQQ,16131,2024-12-22
TQQQ,16131,2024-12-23
TQQQ,16131,2024-12-24
TQQQ,16131,2024-12-25
TQQQ,16131,2024-12-26
TQQQ,16131,2024-12-27
TQQQ,16131,2024-12-28
TQQQ,16131,2024-12-29
TQQQ,16131,2024-12-30
TQQQ,16131,2024-12-31
TQQQ,16131,2025-01-01
TQQQ,16131,2025-01-02
TQQQ,16131,2025-01-03
TQQQ,16131,2025-01-04
TQQQ,16131,2025-01-05
TQQQ,16131,2025-01-06
TQQQ,16131,2025-01-07
TQQQ,16131,2025-01-08
TQQQ,16131,2025-01-09
TQQQ,16131,2025-01-10
TQQQ,16131,2025-01-11
TQQQ,16131,2025-01-12
TQQQ,16131,2025-01-13
TQQQ,16131,2025-01-14
TQQQ,16131,2025-01-15
TQQQ,16131,2025-01-16
TQQQ,16131,2025-01-17
TQQQ,16131,2025-01-18
TQQQ,16131,2025-01-19
TQQQ,16131,2025-01-20
TQQQ,16131,2025-01-21
TQQQ,16131,2025-01-22
TQQQ,16131,2025-01-23
TQQQ,16131,2025-01-24
TQQQ,16131,2025-01-25
TQQQ,16131,2025-01-26
TQQQ,16131,2025-01-27
TQQQ,16131,2025-01-28
TQQQ,16131,2025-01-29
TQQQ,16131,2025-01-30
TQQQ,16131,2025-01-31
TQQQ,16131,2025-02-01
TQQQ,16131,2025-02-02
TQQQ,16131,2025-02-03
TQQQ,16131,2025-02-04
TQQQ,16131,2025-02-05
TQQQ,16131,2025-02-06
TQQQ,16131,2025-02-07
TQQQ,16131,2025-02-08
TQQQ,16131,2025-02-09
TQQQ,16131,2025-02-10
TQQQ,16131,2025-02-11
TQQQ,16131,2025-02-12
TQQQ,16131,2025-02-13
TQQQ,16131,2025-02-14
TQQQ,16131,2025-02-15
TQQQ,16131,2025-02-16
TQQQ,16131,2025-02-17
TQQQ,16131,2025-02-18
TQQQ,16131,2025-02-19
TQQQ,16131,2025-02-20
TQQQ,16131,2025-02-21
TQQQ,16131,2025-02-22
TQQQ,16131,2025-02-23
TQQQ,16131,2025-02-24
TQQQ,16131,2025-02-25
TQQQ,16131,2025-02-26
TQQQ,16131,2025-02-27
TQQQ,16131,2025-02-28
TQQQ,16131,2025-03-01
TQQQ,16131,2025-03-02
TQQQ,16131,2025-03-03
TQQQ,16131,2025-03-04
TQQQ,16131,2025-03-05
TQQQ,16131,2025-03-06
TQQQ,16131,2025-03-07
TQQQ,16131,2025-03-08
TQQQ,16131,2025-03-09
TQQQ,16131,2025-03-10
TQQQ,16131,2025-03-11
TQQQ,16131,2025-03-12
TQQQ,16131,2025-03-13
TQQQ,16131,2025-03-14
TQQQ,16131,2025-03-15
TQQQ,16131,2025-03-16
TQQQ,16131,2025-03-17
TQQQ,16131,2025-03-18
TQQQ,16131,2025-03-19
TQQQ,16131,2025-03-20
TQQQ,16131,2025-03-21
TQQQ,16131,2025-03-22
TQQQ,16131,2025-03-23
TQQQ,16131,2025-03-24
TQQQ,16131,2025-03-25
TQQQ,16131,2025-03-26
TQQQ,16131,2025-03-27
TQQQ,16131,2025-03-28
TQQQ,16131,2025-03-29
TQQQ,16131,2025-03-30
TQQQ,16131,2025-03-31
TQQQ,16131,2025-04-01
TQQQ,16131,2025-04-02
TQQQ,16131,2025-04-03
TQQQ,16131,2025-04-04
TQQQ,16131,2025-04-05
TQQQ,16131,2025-04-06
TQQQ,16131,2025-04-07
TQQQ,16131,2025-04-08
TQQQ,16131,2025-04-09
TQQQ,16131,2025-04-10
TQQQ,16131,2025-04-11
TQQQ,16131,2025-04-12
TQQQ,16131,2025-04-13
TQQQ,16131,2025-04-14
TQQQ,16131,2025-04-15
TQQQ,16131,2025-04-16
TQQQ,16131,2025-04-17
TQQQ,16131,2025-04-18
TQQQ,16131,2025-04-19
TQQQ,16131,2025-04-20
TQQQ,16131,2025-04-21
TQQQ,16131,2025-04-22
TQQQ,16131,2025-04-23
TQQQ,16131,2025-04-24
TQQQ,16131,2025-04-25
TQQQ,16131,2025-04-26
TQQQ,16131,2025-04-27
TQQQ,16131,2025-04-28
TQQQ,16131,2025-04-29
TQQQ,16131,2025-04-30
TQQQ,16131,2025-05-01
TQQQ,16131,2025-05-02
TQQQ,16131,2025-05-03
TQQQ,16131,2025-05-04
TQQQ,16131,2025-05-05
TQQQ,16131,2025-05-06
TQQQ,16131,2025-05-07
TQQQ,16131,2025-05-08
TQQQ,16131,2025-05-09
TQQQ,16131,2025-05-10
TQQQ,16131,2025-05-11
TQQQ,16131,2025-05-12
TQQQ,16131,2025-05-13
TQQQ,16131,2025-05-14
TQQQ,16131,2025-05-15
TQQQ,16131,2025-05-16
TQQQ,16131,2025-05-17
TQQQ,16131,2025-05-18
TQQQ,16131,2025-05-19
TQQQ,16131,2025-05-20
TQQQ,16131,2025-05-21
TQQQ,16131,2025-05-22
TQQQ,16131,2025-05-23
TQQQ,16131,2025-05-24
TQQQ,16131,2025-05-25
TQQQ,16131,2025-05-26
TQQQ,16131,2025-05-27
TQQQ,16131,2025-05-28
TQQQ,16131,2025-05-29
TQQQ,16131,2025-05-30
TQQQ,16131,2025-05-31
TQQQ,16131,2025-06-01
TQQQ,16131,2025-06-02
TQQQ,16131,2025-06-03
TQQQ,16131,2025-06-04
TQQQ,16131,2025-06-05
TQQQ,16131,2025-06-06
TQQQ,16131,2025-06-07
TQQQ,16131,2025-06-08
TQQQ,16131,2025-06-09
TQQQ,16131,2025-06-10
TQQQ,16131,2025-06-11
TQQQ,16131,2025-06-12
TQQQ,16131,2025-06-13
TQQQ,16131,2025-06-14
TQQQ,16131,2025-06-15
TQQQ,16131,2025-06-16
TQQQ,16131,2025-06-17
TQQQ,16131,2025-06-18
TQQQ,16131,2025-06-19
TQQQ,16131,2025-06-20
TQQQ,16131,2025-06-21
TQQQ,16131,2025-06-22
TQQQ,16131,2025-06-23
TQQQ,16131,2025-06-24
TQQQ,16131,2025-06-25
TQQQ,16131,2025-06-26
TQQQ,16131,2025-06-27
TQQQ,16131,2025-06-28
TQQQ,16131,2025-06-29
TQQQ,16131,2025-06-30
TQQQ,16131,2025-07-01
TQQQ,16131,2025-07-02
TQQQ,16131,2025-07-03
TQQQ,16131,2025-07-04
TQQQ,16131,2025-07-05
TQQQ,16131,2025-07-06
TQQQ,16131,2025-07-07
TQQQ,16131,2025-07-08
TQQQ,16131,2025-07-09
TQQQ,16131,2025-07-10
TQQQ,16131,2025-07-11
TQQQ,16131,2025-07-12
TQQQ,16131,2025-07-13
TQQQ,16131,2025-07-14
TQQQ,16131,2025-07-15
TQQQ,16131,2025-07-16
TQQQ,16131,2025-07-17
TQQQ,16131,2025-07-18
TQQQ,16131,2025-07-19
TQQQ,16131,2025-07-20
TQQQ,16131,2025-07-21
TQQQ,16131,2025-07-22
TQQQ,16131,2025-07-23
TQQQ,16131,2025-07-24
TQQQ,16131,2025-07-25
TQQQ,16131,2025-07-26
TQQQ,16131,2025-07-27
TQQQ,16131,2025-07-28
TQQQ,16131,2025-07-29
TQQQ,16131,2025-07-30
TQQQ,16131,2025-07-31
TQQQ,16131,2025-08-01
TQQQ,16131,2025-08-02
TQQQ,16131,2025-08-03
TQQQ,16131,2025-08-04
TQQQ,16131,2025-08-05
TQQQ,16131,2025-08-06
TQQQ,16131,2025-08-07
TQQQ,16131,2025-08-08
TQQQ,16131,2025-08-09
TQQQ,16131,2025-08-10
TQQQ,16131,2025-08-11
TQQQ,16131,2025-08-12
TQQQ,16131,2025-08-13
TQQQ,16131,2025-08-14
TQQQ,16131,2025-08-15
TQQQ,16131,2025-08-16
TQQQ,16131,2025-08-17
TQQQ,16131,2025-08-18
TQQQ,16131,2025-08-19
TQQQ,16131,2025-08-20
TQQQ,16131,2025-08-21
TQQQ,16131,2025-08-22
TQQQ,16131,2025-08-23
TQQQ,16131,2025-08-24
TQQQ,16131,2025-08-25
TQQQ,16131,2025-08-26
TQQQ,16131,2025-08-27
TQQQ,16131,2025-08-28
TQQQ,16131,2025-08-29
TQQQ,16131,2025-08-30
TQQQ,16131,2025-08-31
TQQQ,16131,2025-09-01
TQQQ,16131,2025-09-02
TQQQ,16131,2025-09-03
TQQQ,16131,2025-09-04
TQQQ,16131,2025-09-05
TQQQ,16131,2025-09-06
TQQQ,16131,2025-09-07
TQQQ,16131,2025-09-08
TQQQ,16131,2025-09-09
TQQQ,16131,2025-09-10
TQQQ,16131,2025-09-11
TQQQ,16131,2025-09-12
TQQQ,16131,2025-09-13
TQQQ,16131,2025-09-14
TQQQ,16131,2025-09-15
TQQQ,16131,2025-09-16
TQQQ,16131,2025-09-17
TQQQ,16131,2025-09-18
TQQQ,16131,2025-09-19
TQQQ,16131,2025-09-20
TQQQ,16131,2025-09-21
TQQQ,16131,2025-09-22
TQQQ,16131,2025-09-23
TQQQ,16131,2025-09-24
TQQQ,16131,2025-09-25
TQQQ,16131,2025-09-26
TQQQ,16131,2025-09-27
TQQQ,16131,2025-09-28
TQQQ,16131,2025-09-29
TQQQ,16131,2025-09-30
TQQQ,16131,2025-10-01
TQQQ,16131,2025-10-02
TQQQ,16131,2025-10-03
TQQQ,16131,2025-10-04
TQQQ,16131,2025-10-05
TQQQ,16131,2025-10-06
TQQQ,16131,2025-10-07
TQQQ,16131,2025-10-08
TQQQ,16131,2025-10-09
TQQQ,16131,2025-10-10
TQQQ,16131,2025-10-11
TQQQ,16131,2025-10-12
TQQQ,16131,2025-10-13
TQQQ,16131,2025-10-14
TQQQ,16131,2025-10-15
TQQQ,16131,2025-10-16
TQQQ,16131,2025-10-17
TQQQ,16131,2025-10-18
TQQQ,16131,2025-10-19
TQQQ,16131,2025-10-20
TQQQ,16131,2025-10-21
TQQQ,16131,2025-10-22
TQQQ,16131,2025-10-23
TQQQ,16131,2025-10-24
TQQQ,16131,2025-10-25
TQQQ,16131,2025-10-26
TQQQ,16131,2025-10-27
TQQQ,16131,2025-10-28
TQQQ,16131,2025-10-29
TQQQ,16131,2025-10-30
TQQQ,16131,2025-10-31
TQQQ,16131,2025-11-01
TQQQ,16131,2025-11-02
TQQQ,16131,2025-11-03
TQQQ,16131,2025-11-04
TQQQ,16131,2025-11-05
TQQQ,16131,2025-11-06
TQQQ,16131,2025-11-07
TQQQ,16131,2025-11-08
TQQQ,16131,2025-11-09
TQQQ,16131,2025-11-10
TQQQ,16131,2025-11-11
TQQQ,16131,2025-11-12
TQQQ,16131,2025-11-13
TQQQ,16131,2025-11-14
TQQQ,16131,2025-11-15
TQQQ,16131,2025-11-16
TQQQ,16131,2025-11-17
TQQQ,16131,2025-11-18
TQQQ,16131,2025-11-19
TQQQ,16131,2025-11-20
TQQQ,16131,2025-11-21
TQQQ,16131,2025-11-22
TQQQ,16131,2025-11-23
TQQQ,16131,2025-11-24
TQQQ,16131,2025-11-25
TQQQ,16131,2025-11-26
TQQQ,16131,2025-11-27
TQQQ,16131,2025-11-28
TQQQ,16131,2025-11-29
TQQQ,16131,2025-11-30
TQQQ,16131,2025-12-01
TQQQ,16131,2025-12-02
TQQQ,16131,2025-12-03
TQQQ,16131,2025-12-04
TQQQ,16131,2025-12-05
TQQQ,16131,2025-12-06
TQQQ,16131,2025-12-07
TQQQ,16131,2025-12-08
TQQQ,16131,2025-12-09
TQQQ,16131,2025-12-10
TQQQ,16131,2025-12-11
TQQQ,16131,2025-12-12
TQQQ,16131,2025-12-13
TQQQ,16131,2025-12-14
TQQQ,16131,2025-12-15
TQQQ,16131,2025-12-16
TQQQ,16131,2025-12-17
TQQQ,16131,2025-12-18
TQQQ,16131,2025-12-19
TQQQ,16131,2025-12-20
TQQQ,16131,2025-12-21
TQQQ,16131,2025-12-22
TQQQ,16131,2025-12-23
TQQQ,16131,2025-12-24
TQQQ,16131,2025-12-25
TQQQ,16131,2025-12-26
TQQQ,16131,2025-12-27
TQQQ,16131,2025-12-28
TQQQ,16131,2025-12-29
TQQQ,16131,2025-12-30
TQQQ,16131,2025-12-31
TQQQ,16131,2026-01-01
TQQQ,16131,2026-01-02
TQQQ,16131,2026-01-03
TQQQ,16131,2026-01-04
TQQQ,16131,2026-01-05
TQQQ,16131,2026-01-06
TQQQ,16131,2026-01-07
TQQQ,16131,2026-01-08
TQQQ,16131,2026-01-09
TQQQ,16131,2026-01-10
TQQQ,16131,2026-01-11
TQQQ,16131,2026-01-12
TQQQ,16131,2026-01-13
TQQQ,16131,2026-01-14
SQQQ,7188,2018-05-01
SQQQ,7191,2018-05-02
SQQQ,7195,2018-05-03
SQQQ,7200,2018-05-04
SQQQ,7200,2018-05-05
SQQQ,7200,2018-05-06
SQQQ,7199,2018-05-07
SQQQ,7199,2018-05-08
SQQQ,7200,2018-05-09
SQQQ,7200,2018-05-10
SQQQ,7201,2018-05-11
SQQQ,7201,2018-05-12
SQQQ,7201,2018-05-13
SQQQ,7192,2018-05-14
SQQQ,7193,2018-05-15
SQQQ,7196,2018-05-16
SQQQ,7202,2018-05-17
SQQQ,7202,2018-05-18
SQQQ,7202,2018-05-19
SQQQ,7202,2018-05-20
SQQQ,7200,2018-05-21
SQQQ,7197,2018-05-22
SQQQ,7198,2018-05-23
SQQQ,7207,2018-05-24
SQQQ,7207,2018-05-25
SQQQ,7207,2018-05-26
SQQQ,7207,2018-05-27
SQQQ,7207,2018-05-28
SQQQ,7204,2018-05-29
SQQQ,7202,2018-05-30
SQQQ,7203,2018-05-31
SQQQ,7204,2018-06-01
SQQQ,7204,2018-06-02
SQQQ,7204,2018-06-03
SQQQ,7199,2018-06-04
SQQQ,7199,2018-06-05
SQQQ,7197,2018-06-06
SQQQ,7191,2018-06-07
SQQQ,7194,2018-06-08
SQQQ,7194,2018-06-09
SQQQ,7194,2018-06-10
SQQQ,7191,2018-06-11
SQQQ,7191,2018-06-12
SQQQ,7193,2018-06-13
SQQQ,7197,2018-06-14
SQQQ,7198,2018-06-15
SQQQ,7198,2018-06-16
SQQQ,7198,2018-06-17
SQQQ,7202,2018-06-18
SQQQ,7202,2018-06-19
SQQQ,7203,2018-06-20
SQQQ,7211,2018-06-21
SQQQ,7216,2018-06-22
SQQQ,7216,2018-06-23
SQQQ,7216,2018-06-24
SQQQ,7216,2018-06-25
SQQQ,7215,2018-06-26
SQQQ,7222,2018-06-27
SQQQ,7230,2018-06-28
SQQQ,7231,2018-06-29
SQQQ,7231,2018-06-30
SQQQ,7231,2018-07-01
SQQQ,7225,2018-07-02
SQQQ,7226,2018-07-03
SQQQ,7226,2018-07-04
SQQQ,7227,2018-07-05
SQQQ,7228,2018-07-06
SQQQ,7228,2018-07-07
SQQQ,7228,2018-07-08
SQQQ,7226,2018-07-09
SQQQ,7227,2018-07-10
SQQQ,7229,2018-07-11
SQQQ,7231,2018-07-12
SQQQ,7233,2018-07-13
SQQQ,7233,2018-07-14
SQQQ,7233,2018-07-15
SQQQ,7233,2018-07-16
SQQQ,7233,2018-07-17
SQQQ,7238,2018-07-18
SQQQ,7243,2018-07-19
SQQQ,7242,2018-07-20
SQQQ,7242,2018-07-21
SQQQ,7242,2018-07-22
SQQQ,7240,2018-07-23
SQQQ,7244,2018-07-24
SQQQ,7257,2018-07-25
SQQQ,7263,2018-07-26
SQQQ,7271,2018-07-27
SQQQ,7271,2018-07-28
SQQQ,7271,2018-07-29
SQQQ,7273,2018-07-30
SQQQ,7270,2018-07-31
SQQQ,7266,2018-08-01
SQQQ,7271,2018-08-02
SQQQ,7273,2018-08-03
SQQQ,7273,2018-08-04
SQQQ,7273,2018-08-05
SQQQ,7269,2018-08-06
SQQQ,7269,2018-08-07
SQQQ,7276,2018-08-08
SQQQ,7282,2018-08-09
SQQQ,7286,2018-08-10
SQQQ,7286,2018-08-11
SQQQ,7286,2018-08-12
SQQQ,7291,2018-08-13
SQQQ,7292,2018-08-14
SQQQ,7290,2018-08-15
SQQQ,7277,2018-08-16
SQQQ,7278,2018-08-17
SQQQ,7278,2018-08-18
SQQQ,7278,2018-08-19
SQQQ,7278,2018-08-20
SQQQ,7277,2018-08-21
SQQQ,7277,2018-08-22
SQQQ,7276,2018-08-23
SQQQ,7274,2018-08-24
SQQQ,7274,2018-08-25
SQQQ,7274,2018-08-26
SQQQ,7268,2018-08-27
SQQQ,7268,2018-08-28
SQQQ,7271,2018-08-29
SQQQ,7273,2018-08-30
SQQQ,7272,2018-08-31
SQQQ,7272,2018-09-01
SQQQ,7272,2018-09-02
SQQQ,7272,2018-09-03
SQQQ,7267,2018-09-04
SQQQ,7266,2018-09-05
SQQQ,7270,2018-09-06
SQQQ,7269,2018-09-07
SQQQ,7269,2018-09-08
SQQQ,7269,2018-09-09
SQQQ,7265,2018-09-10
SQQQ,7265,2018-09-11
SQQQ,7277,2018-09-12
SQQQ,7281,2018-09-13
SQQQ,7286,2018-09-14
SQQQ,7286,2018-09-15
SQQQ,7286,2018-09-16
SQQQ,7283,2018-09-17
SQQQ,7282,2018-09-18
SQQQ,7283,2018-09-19
SQQQ,7287,2018-09-20
SQQQ,7289,2018-09-21
SQQQ,7289,2018-09-22
SQQQ,7289,2018-09-23
SQQQ,7290,2018-09-24
SQQQ,7287,2018-09-25
SQQQ,7293,2018-09-26
SQQQ,7297,2018-09-27
SQQQ,7304,2018-09-28
SQQQ,7304,2018-09-29
SQQQ,7304,2018-09-30
SQQQ,7304,2018-10-01
SQQQ,7301,2018-10-02
SQQQ,7301,2018-10-03
SQQQ,7307,2018-10-04
SQQQ,7312,2018-10-05
SQQQ,7312,2018-10-06
SQQQ,7312,2018-10-07
SQQQ,7311,2018-10-08
SQQQ,7311,2018-10-09
SQQQ,7310,2018-10-10
SQQQ,7316,2018-10-11
SQQQ,7318,2018-10-12
SQQQ,7318,2018-10-13
SQQQ,7318,2018-10-14
SQQQ,7322,2018-10-15
SQQQ,7323,2018-10-16
SQQQ,7326,2018-10-17
SQQQ,7326,2018-10-18
SQQQ,7325,2018-10-19
SQQQ,7325,2018-10-20
SQQQ,7325,2018-10-21
SQQQ,7323,2018-10-22
SQQQ,7328,2018-10-23
SQQQ,7327,2018-10-24
SQQQ,7328,2018-10-25
SQQQ,7331,2018-10-26
SQQQ,7331,2018-10-27
SQQQ,7331,2018-10-28
SQQQ,7333,2018-10-29
SQQQ,7336,2018-10-30
SQQQ,7342,2018-10-31
SQQQ,7336,2018-11-01
SQQQ,7341,2018-11-02
SQQQ,7341,2018-11-03
SQQQ,7341,2018-11-04
SQQQ,7339,2018-11-05
SQQQ,7337,2018-11-06
SQQQ,7335,2018-11-07
SQQQ,7335,2018-11-08
SQQQ,7339,2018-11-09
SQQQ,7339,2018-11-10
SQQQ,7339,2018-11-11
SQQQ,7330,2018-11-12
SQQQ,7330,2018-11-13
SQQQ,7329,2018-11-14
SQQQ,7338,2018-11-15
SQQQ,7335,2018-11-16
SQQQ,7335,2018-11-17
SQQQ,7335,2018-11-18
SQQQ,7333,2018-11-19
SQQQ,7333,2018-11-20
SQQQ,7336,2018-11-21
SQQQ,7336,2018-11-22
SQQQ,7334,2018-11-23
SQQQ,7334,2018-11-24
SQQQ,7334,2018-11-25
SQQQ,7336,2018-11-26
SQQQ,7332,2018-11-27
SQQQ,7332,2018-11-28
SQQQ,7336,2018-11-29
SQQQ,7336,2018-11-30
SQQQ,7336,2018-12-01
SQQQ,7336,2018-12-02
SQQQ,7334,2018-12-03
SQQQ,7334,2018-12-04
SQQQ,7334,2018-12-05
SQQQ,7338,2018-12-06
SQQQ,7335,2018-12-07
SQQQ,7335,2018-12-08
SQQQ,7335,2018-12-09
SQQQ,7333,2018-12-10
SQQQ,7340,2018-12-11
SQQQ,7340,2018-12-12
SQQQ,7339,2018-12-13
SQQQ,7340,2018-12-14
SQQQ,7340,2018-12-15
SQQQ,7340,2018-12-16
SQQQ,7328,2018-12-17
SQQQ,7329,2018-12-18
SQQQ,7330,2018-12-19
SQQQ,7321,2018-12-20
SQQQ,7318,2018-12-21
SQQQ,7318,2018-12-22
SQQQ,7318,2018-12-23
SQQQ,7317,2018-12-24
SQQQ,7317,2018-12-25
SQQQ,7318,2018-12-26
SQQQ,7319,2018-12-27
SQQQ,7315,2018-12-28
SQQQ,7315,2018-12-29
SQQQ,7315,2018-12-30
SQQQ,7312,2018-12-31
SQQQ,7312,2019-01-01
SQQQ,7305,2019-01-02
SQQQ,7306,2019-01-03
SQQQ,7306,2019-01-04
SQQQ,7306,2019-01-05
SQQQ,7306,2019-01-06
SQQQ,7306,2019-01-07
SQQQ,7305,2019-01-08
SQQQ,7307,2019-01-09
SQQQ,7305,2019-01-10
SQQQ,7300,2019-01-11
SQQQ,7300,2019-01-12
SQQQ,7300,2019-01-13
SQQQ,7297,2019-01-14
SQQQ,7296,2019-01-15
SQQQ,7306,2019-01-16
SQQQ,7305,2019-01-17
SQQQ,7305,2019-01-18
SQQQ,7305,2019-01-19
SQQQ,7305,2019-01-20
SQQQ,7305,2019-01-21
SQQQ,7297,2019-01-22
SQQQ,7300,2019-01-23
SQQQ,7300,2019-01-24
SQQQ,7300,2019-01-25
SQQQ,7300,2019-01-26
SQQQ,7300,2019-01-27
SQQQ,7297,2019-01-28
SQQQ,7297,2019-01-29
SQQQ,7302,2019-01-30
SQQQ,7304,2019-01-31
SQQQ,7301,2019-02-01
SQQQ,7301,2019-02-02
SQQQ,7301,2019-02-03
SQQQ,7302,2019-02-04
SQQQ,7302,2019-02-05
SQQQ,7303,2019-02-06
SQQQ,7305,2019-02-07
SQQQ,7302,2019-02-08
SQQQ,7302,2019-02-09
SQQQ,7302,2019-02-10
SQQQ,7303,2019-02-11
SQQQ,7301,2019-02-12
SQQQ,7300,2019-02-13
SQQQ,7302,2019-02-14
SQQQ,7300,2019-02-15
SQQQ,7300,2019-02-16
SQQQ,7300,2019-02-17
SQQQ,7300,2019-02-18
SQQQ,7299,2019-02-19
SQQQ,7297,2019-02-20
SQQQ,7280,2019-02-21
SQQQ,7281,2019-02-22
SQQQ,7281,2019-02-23
SQQQ,7281,2019-02-24
SQQQ,7280,2019-02-25
SQQQ,7281,2019-02-26
SQQQ,7282,2019-02-27
SQQQ,7290,2019-02-28
SQQQ,7285,2019-03-01
SQQQ,7285,2019-03-02
SQQQ,7285,2019-03-03
SQQQ,7282,2019-03-04
SQQQ,7281,2019-03-05
SQQQ,7289,2019-03-06
SQQQ,7296,2019-03-07
SQQQ,7294,2019-03-08
SQQQ,7294,2019-03-09
SQQQ,7294,2019-03-10
SQQQ,7294,2019-03-11
SQQQ,7294,2019-03-12
SQQQ,7301,2019-03-13
SQQQ,7298,2019-03-14
SQQQ,7289,2019-03-15
SQQQ,7289,2019-03-16
SQQQ,7289,2019-03-17
SQQQ,7290,2019-03-18
SQQQ,7289,2019-03-19
SQQQ,7290,2019-03-20
SQQQ,7293,2019-03-21
SQQQ,7294,2019-03-22
SQQQ,7294,2019-03-23
SQQQ,7294,2019-03-24
SQQQ,7297,2019-03-25
SQQQ,7295,2019-03-26
SQQQ,7293,2019-03-27
SQQQ,7294,2019-03-28
SQQQ,7295,2019-03-29
SQQQ,7295,2019-03-30
SQQQ,7295,2019-03-31
SQQQ,7289,2019-04-01
SQQQ,7289,2019-04-02
SQQQ,7297,2019-04-03
SQQQ,7302,2019-04-04
SQQQ,7301,2019-04-05
SQQQ,7301,2019-04-06
SQQQ,7301,2019-04-07
SQQQ,7297,2019-04-08
SQQQ,7300,2019-04-09
SQQQ,7303,2019-04-10
SQQQ,7307,2019-04-11
SQQQ,7308,2019-04-12
SQQQ,7308,2019-04-13
SQQQ,7308,2019-04-14
SQQQ,7303,2019-04-15
SQQQ,7309,2019-04-16
SQQQ,7312,2019-04-17
SQQQ,7317,2019-04-18
SQQQ,7317,2019-04-19
SQQQ,7317,2019-04-20
SQQQ,7317,2019-04-21
SQQQ,7318,2019-04-22
SQQQ,7318,2019-04-23
SQQQ,7319,2019-04-24
SQQQ,7317,2019-04-25
SQQQ,7315,2019-04-26
SQQQ,7315,2019-04-27
SQQQ,7315,2019-04-28
SQQQ,7315,2019-04-29
SQQQ,7315,2019-04-30
SQQQ,7312,2019-05-01
SQQQ,7312,2019-05-02
SQQQ,7317,2019-05-03
SQQQ,7317,2019-05-04
SQQQ,7317,2019-05-05
SQQQ,7318,2019-05-06
SQQQ,7317,2019-05-07
SQQQ,7323,2019-05-08
SQQQ,7338,2019-05-09
SQQQ,7344,2019-05-10
SQQQ,7344,2019-05-11
SQQQ,7344,2019-05-12
SQQQ,7345,2019-05-13
SQQQ,7347,2019-05-14
SQQQ,7342,2019-05-15
SQQQ,7346,2019-05-16
SQQQ,7344,2019-05-17
SQQQ,7344,2019-05-18
SQQQ,7344,2019-05-19
SQQQ,7344,2019-05-20
SQQQ,7348,2019-05-21
SQQQ,7349,2019-05-22
SQQQ,7354,2019-05-23
SQQQ,7353,2019-05-24
SQQQ,7353,2019-05-25
SQQQ,7353,2019-05-26
SQQQ,7353,2019-05-27
SQQQ,7354,2019-05-28
SQQQ,7354,2019-05-29
SQQQ,7355,2019-05-30
SQQQ,7355,2019-05-31
SQQQ,7355,2019-06-01
SQQQ,7355,2019-06-02
SQQQ,7353,2019-06-03
SQQQ,7353,2019-06-04
SQQQ,7355,2019-06-05
SQQQ,7361,2019-06-06
SQQQ,7363,2019-06-07
SQQQ,7363,2019-06-08
SQQQ,7363,2019-06-09
SQQQ,7364,2019-06-10
SQQQ,7363,2019-06-11
SQQQ,7366,2019-06-12
SQQQ,7366,2019-06-13
SQQQ,7365,2019-06-14
SQQQ,7365,2019-06-15
SQQQ,7365,2019-06-16
SQQQ,7362,2019-06-17
SQQQ,7362,2019-06-18
SQQQ,7364,2019-06-19
SQQQ,7372,2019-06-20
SQQQ,7376,2019-06-21
SQQQ,7376,2019-06-22
SQQQ,7376,2019-06-23
SQQQ,7368,2019-06-24
SQQQ,7375,2019-06-25
SQQQ,7379,2019-06-26
SQQQ,7384,2019-06-27
SQQQ,7385,2019-06-28
SQQQ,7385,2019-06-29
SQQQ,7385,2019-06-30
SQQQ,7387,2019-07-01
SQQQ,7384,2019-07-02
SQQQ,7386,2019-07-03
SQQQ,7386,2019-07-04
SQQQ,7388,2019-07-05
SQQQ,7388,2019-07-06
SQQQ,7388,2019-07-07
SQQQ,7384,2019-07-08
SQQQ,7384,2019-07-09
SQQQ,7382,2019-07-10
SQQQ,7382,2019-07-11
SQQQ,7384,2019-07-12
SQQQ,7384,2019-07-13
SQQQ,7384,2019-07-14
SQQQ,7386,2019-07-15
SQQQ,7390,2019-07-16
SQQQ,7393,2019-07-17
SQQQ,7402,2019-07-18
SQQQ,7402,2019-07-19
SQQQ,7402,2019-07-20
SQQQ,7402,2019-07-21
SQQQ,7400,2019-07-22
SQQQ,7400,2019-07-23
SQQQ,7405,2019-07-24
SQQQ,7409,2019-07-25
SQQQ,7411,2019-07-26
SQQQ,7411,2019-07-27
SQQQ,7411,2019-07-28
SQQQ,7409,2019-07-29
SQQQ,7408,2019-07-30
SQQQ,7414,2019-07-31
SQQQ,7416,2019-08-01
SQQQ,7413,2019-08-02
SQQQ,7413,2019-08-03
SQQQ,7413,2019-08-04
SQQQ,7416,2019-08-05
SQQQ,7414,2019-08-06
SQQQ,7414,2019-08-07
SQQQ,7414,2019-08-08
SQQQ,7415,2019-08-09
SQQQ,7415,2019-08-10
SQQQ,7415,2019-08-11
SQQQ,7411,2019-08-12
SQQQ,7410,2019-08-13
SQQQ,7413,2019-08-14
SQQQ,7413,2019-08-15
SQQQ,7413,2019-08-16
SQQQ,7413,2019-08-17
SQQQ,7413,2019-08-18
SQQQ,7415,2019-08-19
SQQQ,7418,2019-08-20
SQQQ,7413,2019-08-21
SQQQ,7410,2019-08-22
SQQQ,7408,2019-08-23
SQQQ,7408,2019-08-24
SQQQ,7408,2019-08-25
SQQQ,7407,2019-08-26
SQQQ,7407,2019-08-27
SQQQ,7407,2019-08-28
SQQQ,7405,2019-08-29
SQQQ,7401,2019-08-30
SQQQ,7401,2019-08-31
SQQQ,7401,2019-09-01
SQQQ,7401,2019-09-02
SQQQ,7402,2019-09-03
SQQQ,7399,2019-09-04
SQQQ,7399,2019-09-05
SQQQ,7397,2019-09-06
SQQQ,7397,2019-09-07
SQQQ,7397,2019-09-08
SQQQ,7400,2019-09-09
SQQQ,7395,2019-09-10
SQQQ,7399,2019-09-11
SQQQ,7397,2019-09-12
SQQQ,7398,2019-09-13
SQQQ,7398,2019-09-14
SQQQ,7398,2019-09-15
SQQQ,7399,2019-09-16
SQQQ,7401,2019-09-17
SQQQ,7403,2019-09-18
SQQQ,7412,2019-09-19
SQQQ,7411,2019-09-20
SQQQ,7411,2019-09-21
SQQQ,7411,2019-09-22
SQQQ,7409,2019-09-23
SQQQ,7409,2019-09-24
SQQQ,7419,2019-09-25
SQQQ,7422,2019-09-26
SQQQ,7422,2019-09-27
SQQQ,7422,2019-09-28
SQQQ,7422,2019-09-29
SQQQ,7421,2019-09-30
SQQQ,7425,2019-10-01
SQQQ,7424,2019-10-02
SQQQ,7427,2019-10-03
SQQQ,7429,2019-10-04
SQQQ,7429,2019-10-05
SQQQ,7429,2019-10-06
SQQQ,7425,2019-10-07
SQQQ,7428,2019-10-08
SQQQ,7427,2019-10-09
SQQQ,7432,2019-10-10
SQQQ,7432,2019-10-11
SQQQ,7432,2019-10-12
SQQQ,7432,2019-10-13
SQQQ,7429,2019-10-14
SQQQ,7428,2019-10-15
SQQQ,7432,2019-10-16
SQQQ,7433,2019-10-17
SQQQ,7434,2019-10-18
SQQQ,7434,2019-10-19
SQQQ,7434,2019-10-20
SQQQ,7432,2019-10-21
SQQQ,7431,2019-10-22
SQQQ,7429,2019-10-23
SQQQ,7435,2019-10-24
SQQQ,7446,2019-10-25
SQQQ,7446,2019-10-26
SQQQ,7446,2019-10-27
SQQQ,7439,2019-10-28
SQQQ,7440,2019-10-29
SQQQ,7439,2019-10-30
SQQQ,7442,2019-10-31
SQQQ,7445,2019-11-01
SQQQ,7445,2019-11-02
SQQQ,7445,2019-11-03
SQQQ,7446,2019-11-04
SQQQ,7451,2019-11-05
SQQQ,7452,2019-11-06
SQQQ,7465,2019-11-07
SQQQ,7468,2019-11-08
SQQQ,7468,2019-11-09
SQQQ,7468,2019-11-10
SQQQ,7464,2019-11-11
SQQQ,7464,2019-11-12
SQQQ,7458,2019-11-13
SQQQ,7465,2019-11-14
SQQQ,7467,2019-11-15
SQQQ,7467,2019-11-16
SQQQ,7467,2019-11-17
SQQQ,7465,2019-11-18
SQQQ,7462,2019-11-19
SQQQ,7464,2019-11-20
SQQQ,7466,2019-11-21
SQQQ,7468,2019-11-22
SQQQ,7468,2019-11-23
SQQQ,7468,2019-11-24
SQQQ,7467,2019-11-25
SQQQ,7467,2019-11-26
SQQQ,7468,2019-11-27
SQQQ,7468,2019-11-28
SQQQ,7469,2019-11-29
SQQQ,7469,2019-11-30
SQQQ,7469,2019-12-01
SQQQ,7469,2019-12-02
SQQQ,7468,2019-12-03
SQQQ,7471,2019-12-04
SQQQ,7470,2019-12-05
SQQQ,7468,2019-12-06
SQQQ,7468,2019-12-07
SQQQ,7468,2019-12-08
SQQQ,7469,2019-12-09
SQQQ,7468,2019-12-10
SQQQ,7471,2019-12-11
SQQQ,7475,2019-12-12
SQQQ,7481,2019-12-13
SQQQ,7481,2019-12-14
SQQQ,7481,2019-12-15
SQQQ,7475,2019-12-16
SQQQ,7473,2019-12-17
SQQQ,7474,2019-12-18
SQQQ,7472,2019-12-19
SQQQ,7471,2019-12-20
SQQQ,7471,2019-12-21
SQQQ,7471,2019-12-22
SQQQ,7468,2019-12-23
SQQQ,7468,2019-12-24
SQQQ,7468,2019-12-25
SQQQ,7465,2019-12-26
SQQQ,7469,2019-12-27
SQQQ,7469,2019-12-28
SQQQ,7469,2019-12-29
SQQQ,7462,2019-12-30
SQQQ,7460,2019-12-31
SQQQ,7460,2020-01-01
SQQQ,7455,2020-01-02
SQQQ,7457,2020-01-03
SQQQ,7457,2020-01-04
SQQQ,7457,2020-01-05
SQQQ,7460,2020-01-06
SQQQ,7457,2020-01-07
SQQQ,7458,2020-01-08
SQQQ,7459,2020-01-09
SQQQ,7461,2020-01-10
SQQQ,7461,2020-01-11
SQQQ,7461,2020-01-12
SQQQ,7462,2020-01-13
SQQQ,7465,2020-01-14
SQQQ,7463,2020-01-15
SQQQ,7463,2020-01-16
SQQQ,7465,2020-01-17
SQQQ,7465,2020-01-18
SQQQ,7465,2020-01-19
SQQQ,7465,2020-01-20
SQQQ,7460,2020-01-21
SQQQ,7462,2020-01-22
SQQQ,7461,2020-01-23
SQQQ,7464,2020-01-24
SQQQ,7464,2020-01-25
SQQQ,7464,2020-01-26
SQQQ,7462,2020-01-27
SQQQ,7463,2020-01-28
SQQQ,7466,2020-01-29
SQQQ,7468,2020-01-30
SQQQ,7469,2020-01-31
SQQQ,7469,2020-02-01
SQQQ,7469,2020-02-02
SQQQ,7472,2020-02-03
SQQQ,7471,2020-02-04
SQQQ,7476,2020-02-05
SQQQ,7480,2020-02-06
SQQQ,7484,2020-02-07
SQQQ,7484,2020-02-08
SQQQ,7484,2020-02-09
SQQQ,7478,2020-02-10
SQQQ,7479,2020-02-11
SQQQ,7481,2020-02-12
SQQQ,7485,2020-02-13
SQQQ,7482,2020-02-14
SQQQ,7482,2020-02-15
SQQQ,7482,2020-02-16
SQQQ,7482,2020-02-17
SQQQ,7440,2020-02-18
SQQQ,7442,2020-02-19
SQQQ,7444,2020-02-20
SQQQ,7446,2020-02-21
SQQQ,7446,2020-02-22
SQQQ,7446,2020-02-23
SQQQ,7448,2020-02-24
SQQQ,7450,2020-02-25
SQQQ,7450,2020-02-26
SQQQ,7465,2020-02-27
SQQQ,7473,2020-02-28
SQQQ,7473,2020-02-29
SQQQ,7473,2020-03-01
SQQQ,7469,2020-03-02
SQQQ,7471,2020-03-03
SQQQ,7471,2020-03-04
SQQQ,7466,2020-03-05
SQQQ,7462,2020-03-06
SQQQ,7462,2020-03-07
SQQQ,7462,2020-03-08
SQQQ,7462,2020-03-09
SQQQ,7459,2020-03-10
SQQQ,7460,2020-03-11
SQQQ,7460,2020-03-12
SQQQ,7454,2020-03-13
SQQQ,7454,2020-03-14
SQQQ,7454,2020-03-15
SQQQ,7456,2020-03-16
SQQQ,7457,2020-03-17
SQQQ,7463,2020-03-18
SQQQ,7462,2020-03-19
SQQQ,7462,2020-03-20
SQQQ,7462,2020-03-21
SQQQ,7462,2020-03-22
SQQQ,7459,2020-03-23
SQQQ,7460,2020-03-24
SQQQ,7456,2020-03-25
SQQQ,7453,2020-03-26
SQQQ,7450,2020-03-27
SQQQ,7450,2020-03-28
SQQQ,7450,2020-03-29
SQQQ,7437,2020-03-30
SQQQ,7428,2020-03-31
SQQQ,7425,2020-04-01
SQQQ,7426,2020-04-02
SQQQ,7427,2020-04-03
SQQQ,7427,2020-04-04
SQQQ,7427,2020-04-05
SQQQ,7426,2020-04-06
SQQQ,7427,2020-04-07
SQQQ,7429,2020-04-08
SQQQ,7432,2020-04-09
SQQQ,7432,2020-04-10
SQQQ,7432,2020-04-11
SQQQ,7432,2020-04-12
SQQQ,7430,2020-04-13
SQQQ,7430,2020-04-14
SQQQ,7428,2020-04-15
SQQQ,7428,2020-04-16
SQQQ,7425,2020-04-17
SQQQ,7425,2020-04-18
SQQQ,7425,2020-04-19
SQQQ,7423,2020-04-20
SQQQ,7417,2020-04-21
SQQQ,7418,2020-04-22
SQQQ,7418,2020-04-23
SQQQ,7424,2020-04-24
SQQQ,7424,2020-04-25
SQQQ,7424,2020-04-26
SQQQ,7424,2020-04-27
SQQQ,7423,2020-04-28
SQQQ,7424,2020-04-29
SQQQ,7424,2020-04-30
SQQQ,7428,2020-05-01
SQQQ,7428,2020-05-02
SQQQ,7428,2020-05-03
SQQQ,7428,2020-05-04
SQQQ,7427,2020-05-05
SQQQ,7432,2020-05-06
SQQQ,7429,2020-05-07
SQQQ,7433,2020-05-08
SQQQ,7433,2020-05-09
SQQQ,7433,2020-05-10
SQQQ,7436,2020-05-11
SQQQ,7435,2020-05-12
SQQQ,7435,2020-05-13
SQQQ,7436,2020-05-14
SQQQ,7441,2020-05-15
SQQQ,7441,2020-05-16
SQQQ,7441,2020-05-17
SQQQ,7441,2020-05-18
SQQQ,7439,2020-05-19
SQQQ,7432,2020-05-20
SQQQ,7436,2020-05-21
SQQQ,7437,2020-05-22
SQQQ,7437,2020-05-23
SQQQ,7437,2020-05-24
SQQQ,7437,2020-05-25
SQQQ,7436,2020-05-26
SQQQ,7436,2020-05-27
SQQQ,7428,2020-05-28
SQQQ,7429,2020-05-29
SQQQ,7429,2020-05-30
SQQQ,7429,2020-05-31
SQQQ,7427,2020-06-01
SQQQ,7423,2020-06-02
SQQQ,7434,2020-06-03
SQQQ,7441,2020-06-04
SQQQ,7448,2020-06-05
SQQQ,7448,2020-06-06
SQQQ,7448,2020-06-07
SQQQ,7444,2020-06-08
SQQQ,7445,2020-06-09
SQQQ,7446,2020-06-10
SQQQ,7451,2020-06-11
SQQQ,7459,2020-06-12
SQQQ,7459,2020-06-13
SQQQ,7459,2020-06-14
SQQQ,7457,2020-06-15
SQQQ,7459,2020-06-16
SQQQ,7457,2020-06-17
SQQQ,7469,2020-06-18
SQQQ,7476,2020-06-19
SQQQ,7476,2020-06-20
SQQQ,7476,2020-06-21
SQQQ,7476,2020-06-22
SQQQ,7477,2020-06-23
SQQQ,7481,2020-06-24
SQQQ,7487,2020-06-25
SQQQ,7497,2020-06-26
SQQQ,7497,2020-06-27
SQQQ,7497,2020-06-28
SQQQ,7497,2020-06-29
SQQQ,7495,2020-06-30
SQQQ,7502,2020-07-01
SQQQ,7501,2020-07-02
SQQQ,7501,2020-07-03
SQQQ,7501,2020-07-04
SQQQ,7501,2020-07-05
SQQQ,7500,2020-07-06
SQQQ,7501,2020-07-07
SQQQ,7503,2020-07-08
SQQQ,7504,2020-07-09
SQQQ,7507,2020-07-10
SQQQ,7507,2020-07-11
SQQQ,7507,2020-07-12
SQQQ,7508,2020-07-13
SQQQ,7511,2020-07-14
SQQQ,7517,2020-07-15
SQQQ,7520,2020-07-16
SQQQ,7525,2020-07-17
SQQQ,7525,2020-07-18
SQQQ,7525,2020-07-19
SQQQ,7528,2020-07-20
SQQQ,7529,2020-07-21
SQQQ,7534,2020-07-22
SQQQ,7536,2020-07-23
SQQQ,7545,2020-07-24
SQQQ,7545,2020-07-25
SQQQ,7545,2020-07-26
SQQQ,7545,2020-07-27
SQQQ,7545,2020-07-28
SQQQ,7547,2020-07-29
SQQQ,7554,2020-07-30
SQQQ,7557,2020-07-31
SQQQ,7557,2020-08-01
SQQQ,7557,2020-08-02
SQQQ,7551,2020-08-03
SQQQ,7553,2020-08-04
SQQQ,7557,2020-08-05
SQQQ,7558,2020-08-06
SQQQ,7565,2020-08-07
SQQQ,7565,2020-08-08
SQQQ,7565,2020-08-09
SQQQ,7564,2020-08-10
SQQQ,7562,2020-08-11
SQQQ,7566,2020-08-12
SQQQ,7571,2020-08-13
SQQQ,7580,2020-08-14
SQQQ,7580,2020-08-15
SQQQ,7580,2020-08-16
SQQQ,7577,2020-08-17
SQQQ,7571,2020-08-18
SQQQ,7575,2020-08-19
SQQQ,7580,2020-08-20
SQQQ,7585,2020-08-21
SQQQ,7585,2020-08-22
SQQQ,7585,2020-08-23
SQQQ,7578,2020-08-24
SQQQ,7578,2020-08-25
SQQQ,7580,2020-08-26
SQQQ,7584,2020-08-27
SQQQ,7588,2020-08-28
SQQQ,7588,2020-08-29
SQQQ,7588,2020-08-30
SQQQ,7585,2020-08-31
SQQQ,7586,2020-09-01
SQQQ,7591,2020-09-02
SQQQ,7596,2020-09-03
SQQQ,7605,2020-09-04
SQQQ,7605,2020-09-05
SQQQ,7605,2020-09-06
SQQQ,7605,2020-09-07
SQQQ,7605,2020-09-08
SQQQ,7606,2020-09-09
SQQQ,7610,2020-09-10
SQQQ,7618,2020-09-11
SQQQ,7618,2020-09-12
SQQQ,7618,2020-09-13
SQQQ,7622,2020-09-14
SQQQ,7624,2020-09-15
SQQQ,7636,2020-09-16
SQQQ,7649,2020-09-17
SQQQ,7658,2020-09-18
SQQQ,7658,2020-09-19
SQQQ,7658,2020-09-20
SQQQ,7670,2020-09-21
SQQQ,7672,2020-09-22
SQQQ,7683,2020-09-23
SQQQ,7689,2020-09-24
SQQQ,7703,2020-09-25
SQQQ,7703,2020-09-26
SQQQ,7703,2020-09-27
SQQQ,7682,2020-09-28
SQQQ,7683,2020-09-29
SQQQ,7686,2020-09-30
SQQQ,7698,2020-10-01
SQQQ,7705,2020-10-02
SQQQ,7705,2020-10-03
SQQQ,7705,2020-10-04
SQQQ,7712,2020-10-05
SQQQ,7715,2020-10-06
SQQQ,7721,2020-10-07
SQQQ,7732,2020-10-08
SQQQ,7742,2020-10-09
SQQQ,7742,2020-10-10
SQQQ,7742,2020-10-11
SQQQ,7743,2020-10-12
SQQQ,7744,2020-10-13
SQQQ,7741,2020-10-14
SQQQ,7752,2020-10-15
SQQQ,7761,2020-10-16
SQQQ,7761,2020-10-17
SQQQ,7761,2020-10-18
SQQQ,7758,2020-10-19
SQQQ,7760,2020-10-20
SQQQ,7772,2020-10-21
SQQQ,7775,2020-10-22
SQQQ,7781,2020-10-23
SQQQ,7781,2020-10-24
SQQQ,7781,2020-10-25
SQQQ,7779,2020-10-26
SQQQ,7786,2020-10-27
SQQQ,7797,2020-10-28
SQQQ,7805,2020-10-29
SQQQ,7811,2020-10-30
SQQQ,7811,2020-10-31
SQQQ,7811,2020-11-01
SQQQ,7803,2020-11-02
SQQQ,7806,2020-11-03
SQQQ,7804,2020-11-04
SQQQ,7808,2020-11-05
SQQQ,7809,2020-11-06
SQQQ,7809,2020-11-07
SQQQ,7809,2020-11-08
SQQQ,7811,2020-11-09
SQQQ,7815,2020-11-10
SQQQ,7814,2020-11-11
SQQQ,7818,2020-11-12
SQQQ,7828,2020-11-13
SQQQ,7828,2020-11-14
SQQQ,7828,2020-11-15
SQQQ,7833,2020-11-16
SQQQ,7837,2020-11-17
SQQQ,7838,2020-11-18
SQQQ,7854,2020-11-19
SQQQ,7866,2020-11-20
SQQQ,7866,2020-11-21
SQQQ,7866,2020-11-22
SQQQ,7878,2020-11-23
SQQQ,7880,2020-11-24
SQQQ,7888,2020-11-25
SQQQ,7888,2020-11-26
SQQQ,7895,2020-11-27
SQQQ,7895,2020-11-28
SQQQ,7895,2020-11-29
SQQQ,7904,2020-11-30
SQQQ,7905,2020-12-01
SQQQ,7912,2020-12-02
SQQQ,7922,2020-12-03
SQQQ,7924,2020-12-04
SQQQ,7924,2020-12-05
SQQQ,7924,2020-12-06
SQQQ,7927,2020-12-07
SQQQ,7936,2020-12-08
SQQQ,7949,2020-12-09
SQQQ,7962,2020-12-10
SQQQ,7975,2020-12-11
SQQQ,7975,2020-12-12
SQQQ,7975,2020-12-13
SQQQ,7976,2020-12-14
SQQQ,7984,2020-12-15
SQQQ,7982,2020-12-16
SQQQ,7986,2020-12-17
SQQQ,7994,2020-12-18
SQQQ,7994,2020-12-19
SQQQ,7994,2020-12-20
SQQQ,7994,2020-12-21
SQQQ,7993,2020-12-22
SQQQ,7999,2020-12-23
SQQQ,7995,2020-12-24
SQQQ,7995,2020-12-25
SQQQ,7995,2020-12-26
SQQQ,7995,2020-12-27
SQQQ,7996,2020-12-28
SQQQ,7999,2020-12-29
SQQQ,8000,2020-12-30
SQQQ,8003,2020-12-31
SQQQ,8003,2021-01-01
SQQQ,8003,2021-01-02
SQQQ,8003,2021-01-03
SQQQ,8012,2021-01-04
SQQQ,8018,2021-01-05
SQQQ,8021,2021-01-06
SQQQ,8030,2021-01-07
SQQQ,8046,2021-01-08
SQQQ,8046,2021-01-09
SQQQ,8046,2021-01-10
SQQQ,8051,2021-01-11
SQQQ,8062,2021-01-12
SQQQ,8070,2021-01-13
SQQQ,8079,2021-01-14
SQQQ,8094,2021-01-15
SQQQ,8094,2021-01-16
SQQQ,8094,2021-01-17
SQQQ,8094,2021-01-18
SQQQ,8095,2021-01-19
SQQQ,8097,2021-01-20
SQQQ,8099,2021-01-21
SQQQ,8107,2021-01-22
SQQQ,8107,2021-01-23
SQQQ,8107,2021-01-24
SQQQ,8119,2021-01-25
SQQQ,8135,2021-01-26
SQQQ,8145,2021-01-27
SQQQ,8156,2021-01-28
SQQQ,8175,2021-01-29
SQQQ,8175,2021-01-30
SQQQ,8175,2021-01-31
SQQQ,8185,2021-02-01
SQQQ,8192,2021-02-02
SQQQ,8196,2021-02-03
SQQQ,8214,2021-02-04
SQQQ,8243,2021-02-05
SQQQ,8243,2021-02-06
SQQQ,8243,2021-02-07
SQQQ,8251,2021-02-08
SQQQ,8264,2021-02-09
SQQQ,8272,2021-02-10
SQQQ,8280,2021-02-11
SQQQ,8286,2021-02-12
SQQQ,8286,2021-02-13
SQQQ,8286,2021-02-14
SQQQ,8286,2021-02-15
SQQQ,8286,2021-02-16
SQQQ,8301,2021-02-17
SQQQ,8307,2021-02-18
SQQQ,8316,2021-02-19
SQQQ,8316,2021-02-20
SQQQ,8316,2021-02-21
SQQQ,8318,2021-02-22
SQQQ,8326,2021-02-23
SQQQ,8336,2021-02-24
SQQQ,8348,2021-02-25
SQQQ,8361,2021-02-26
SQQQ,8361,2021-02-27
SQQQ,8361,2021-02-28
SQQQ,8390,2021-03-01
SQQQ,8408,2021-03-02
SQQQ,8417,2021-03-03
SQQQ,8430,2021-03-04
SQQQ,8451,2021-03-05
SQQQ,8451,2021-03-06
SQQQ,8451,2021-03-07
SQQQ,8462,2021-03-08
SQQQ,8462,2021-03-09
SQQQ,8475,2021-03-10
SQQQ,8489,2021-03-11
SQQQ,8504,2021-03-12
SQQQ,8504,2021-03-13
SQQQ,8504,2021-03-14
SQQQ,8521,2021-03-15
SQQQ,8528,2021-03-16
SQQQ,8539,2021-03-17
SQQQ,8562,2021-03-18
SQQQ,8577,2021-03-19
SQQQ,8577,2021-03-20
SQQQ,8577,2021-03-21
SQQQ,8587,2021-03-22
SQQQ,8595,2021-03-23
SQQQ,8610,2021-03-24
SQQQ,8631,2021-03-25
SQQQ,8650,2021-03-26
SQQQ,8650,2021-03-27
SQQQ,8650,2021-03-28
SQQQ,8678,2021-03-29
SQQQ,8692,2021-03-30
SQQQ,8694,2021-03-31
SQQQ,8708,2021-04-01
SQQQ,8708,2021-04-02
SQQQ,8708,2021-04-03
SQQQ,8708,2021-04-04
SQQQ,8729,2021-04-05
SQQQ,8730,2021-04-06
SQQQ,8729,2021-04-07
SQQQ,8730,2021-04-08
SQQQ,8742,2021-04-09
SQQQ,8742,2021-04-10
SQQQ,8742,2021-04-11
SQQQ,8754,2021-04-12
SQQQ,8756,2021-04-13
SQQQ,8759,2021-04-14
SQQQ,8769,2021-04-15
SQQQ,8781,2021-04-16
SQQQ,8781,2021-04-17
SQQQ,8781,2021-04-18
SQQQ,8805,2021-04-19
SQQQ,8807,2021-04-20
SQQQ,8810,2021-04-21
SQQQ,8838,2021-04-22
SQQQ,8834,2021-04-23
SQQQ,8834,2021-04-24
SQQQ,8834,2021-04-25
SQQQ,8855,2021-04-26
SQQQ,8858,2021-04-27
SQQQ,8861,2021-04-28
SQQQ,8872,2021-04-29
SQQQ,8886,2021-04-30
SQQQ,8886,2021-05-01
SQQQ,8886,2021-05-02
SQQQ,8906,2021-05-03
SQQQ,8910,2021-05-04
SQQQ,8913,2021-05-05
SQQQ,8928,2021-05-06
SQQQ,8936,2021-05-07
SQQQ,8936,2021-05-08
SQQQ,8936,2021-05-09
SQQQ,8955,2021-05-10
SQQQ,8963,2021-05-11
SQQQ,8968,2021-05-12
SQQQ,8985,2021-05-13
SQQQ,9003,2021-05-14
SQQQ,9003,2021-05-15
SQQQ,9003,2021-05-16
SQQQ,9005,2021-05-17
SQQQ,9017,2021-05-18
SQQQ,9021,2021-05-19
SQQQ,9029,2021-05-20
SQQQ,9037,2021-05-21
SQQQ,9037,2021-05-22
SQQQ,9037,2021-05-23
SQQQ,9040,2021-05-24
SQQQ,9041,2021-05-25
SQQQ,9055,2021-05-26
SQQQ,9060,2021-05-27
SQQQ,9069,2021-05-28
SQQQ,9069,2021-05-29
SQQQ,9069,2021-05-30
SQQQ,9069,2021-05-31
SQQQ,9067,2021-06-01
SQQQ,9068,2021-06-02
SQQQ,9066,2021-06-03
SQQQ,9065,2021-06-04
SQQQ,9065,2021-06-05
SQQQ,9065,2021-06-06
SQQQ,9072,2021-06-07
SQQQ,9076,2021-06-08
SQQQ,9079,2021-06-09
SQQQ,9082,2021-06-10
SQQQ,9088,2021-06-11
SQQQ,9088,2021-06-12
SQQQ,9088,2021-06-13
SQQQ,9093,2021-06-14
SQQQ,9096,2021-06-15
SQQQ,9103,2021-06-16
SQQQ,9117,2021-06-17
SQQQ,9127,2021-06-18
SQQQ,9127,2021-06-19
SQQQ,9127,2021-06-20
SQQQ,9129,2021-06-21
SQQQ,9126,2021-06-22
SQQQ,9136,2021-06-23
SQQQ,9144,2021-06-24
SQQQ,9145,2021-06-25
SQQQ,9145,2021-06-26
SQQQ,9145,2021-06-27
SQQQ,9145,2021-06-28
SQQQ,9162,2021-06-29
SQQQ,9166,2021-06-30
SQQQ,9170,2021-07-01
SQQQ,9170,2021-07-02
SQQQ,9170,2021-07-03
SQQQ,9170,2021-07-04
SQQQ,9170,2021-07-05
SQQQ,9175,2021-07-06
SQQQ,9181,2021-07-07
SQQQ,9186,2021-07-08
SQQQ,9199,2021-07-09
SQQQ,9199,2021-07-10
SQQQ,9199,2021-07-11
SQQQ,9197,2021-07-12
SQQQ,9206,2021-07-13
SQQQ,9220,2021-07-14
SQQQ,9222,2021-07-15
SQQQ,9229,2021-07-16
SQQQ,9229,2021-07-17
SQQQ,9229,2021-07-18
SQQQ,9227,2021-07-19
SQQQ,9235,2021-07-20
SQQQ,9240,2021-07-21
SQQQ,9247,2021-07-22
SQQQ,9254,2021-07-23
SQQQ,9254,2021-07-24
SQQQ,9254,2021-07-25
SQQQ,9252,2021-07-26
SQQQ,9260,2021-07-27
SQQQ,9273,2021-07-28
SQQQ,9282,2021-07-29
SQQQ,9294,2021-07-30
SQQQ,9294,2021-07-31
SQQQ,9294,2021-08-01
SQQQ,9294,2021-08-02
SQQQ,9293,2021-08-03
SQQQ,9301,2021-08-04
SQQQ,9311,2021-08-05
SQQQ,9317,2021-08-06
SQQQ,9317,2021-08-07
SQQQ,9317,2021-08-08
SQQQ,9320,2021-08-09
SQQQ,9324,2021-08-10
SQQQ,9328,2021-08-11
SQQQ,9327,2021-08-12
SQQQ,9339,2021-08-13
SQQQ,9339,2021-08-14
SQQQ,9339,2021-08-15
SQQQ,9337,2021-08-16
SQQQ,9340,2021-08-17
SQQQ,9345,2021-08-18
SQQQ,9350,2021-08-19
SQQQ,9349,2021-08-20
SQQQ,9349,2021-08-21
SQQQ,9349,2021-08-22
SQQQ,9352,2021-08-23
SQQQ,9350,2021-08-24
SQQQ,9353,2021-08-25
SQQQ,9359,2021-08-26
SQQQ,9355,2021-08-27
SQQQ,9355,2021-08-28
SQQQ,9355,2021-08-29
SQQQ,9360,2021-08-30
SQQQ,9362,2021-08-31
SQQQ,9367,2021-09-01
SQQQ,9363,2021-09-02
SQQQ,9366,2021-09-03
SQQQ,9366,2021-09-04
SQQQ,9366,2021-09-05
SQQQ,9366,2021-09-06
SQQQ,9366,2021-09-07
SQQQ,9367,2021-09-08
SQQQ,9377,2021-09-09
SQQQ,9377,2021-09-10
SQQQ,9377,2021-09-11
SQQQ,9377,2021-09-12
SQQQ,9382,2021-09-13
SQQQ,9390,2021-09-14
SQQQ,9392,2021-09-15
SQQQ,9400,2021-09-16
SQQQ,9406,2021-09-17
SQQQ,9406,2021-09-18
SQQQ,9406,2021-09-19
SQQQ,9404,2021-09-20
SQQQ,9416,2021-09-21
SQQQ,9424,2021-09-22
SQQQ,9431,2021-09-23
SQQQ,9440,2021-09-24
SQQQ,9440,2021-09-25
SQQQ,9440,2021-09-26
SQQQ,9440,2021-09-27
SQQQ,9454,2021-09-28
SQQQ,9463,2021-09-29
SQQQ,9478,2021-09-30
SQQQ,9488,2021-10-01
SQQQ,9488,2021-10-02
SQQQ,9488,2021-10-03
SQQQ,9494,2021-10-04
SQQQ,9499,2021-10-05
SQQQ,9482,2021-10-06
SQQQ,9495,2021-10-07
SQQQ,9497,2021-10-08
SQQQ,9497,2021-10-09
SQQQ,9497,2021-10-10
SQQQ,9501,2021-10-11
SQQQ,9507,2021-10-12
SQQQ,9510,2021-10-13
SQQQ,9522,2021-10-14
SQQQ,9521,2021-10-15
SQQQ,9521,2021-10-16
SQQQ,9521,2021-10-17
SQQQ,9525,2021-10-18
SQQQ,9528,2021-10-19
SQQQ,9532,2021-10-20
SQQQ,9541,2021-10-21
SQQQ,9544,2021-10-22
SQQQ,9544,2021-10-23
SQQQ,9544,2021-10-24
SQQQ,9548,2021-10-25
SQQQ,9555,2021-10-26
SQQQ,9567,2021-10-27
SQQQ,9582,2021-10-28
SQQQ,9588,2021-10-29
SQQQ,9588,2021-10-30
SQQQ,9588,2021-10-31
SQQQ,9594,2021-11-01
SQQQ,9600,2021-11-02
SQQQ,9612,2021-11-03
SQQQ,9628,2021-11-04
SQQQ,9641,2021-11-05
SQQQ,9641,2021-11-06
SQQQ,9641,2021-11-07
SQQQ,9643,2021-11-08
SQQQ,9663,2021-11-09
SQQQ,9675,2021-11-10
SQQQ,9681,2021-11-11
SQQQ,9691,2021-11-12
SQQQ,9691,2021-11-13
SQQQ,9691,2021-11-14
SQQQ,9689,2021-11-15
SQQQ,9702,2021-11-16
SQQQ,9716,2021-11-17
SQQQ,9727,2021-11-18
SQQQ,9734,2021-11-19
SQQQ,9734,2021-11-20
SQQQ,9734,2021-11-21
SQQQ,9741,2021-11-22
SQQQ,9738,2021-11-23
SQQQ,9745,2021-11-24
SQQQ,9745,2021-11-25
SQQQ,9753,2021-11-26
SQQQ,9753,2021-11-27
SQQQ,9753,2021-11-28
SQQQ,9763,2021-11-29
SQQQ,9768,2021-11-30
SQQQ,9771,2021-12-01
SQQQ,9779,2021-12-02
SQQQ,9783,2021-12-03
SQQQ,9783,2021-12-04
SQQQ,9783,2021-12-05
SQQQ,9785,2021-12-06
SQQQ,9792,2021-12-07
SQQQ,9802,2021-12-08
SQQQ,9817,2021-12-09
SQQQ,9827,2021-12-10
SQQQ,9827,2021-12-11
SQQQ,9827,2021-12-12
SQQQ,9838,2021-12-13
SQQQ,9847,2021-12-14
SQQQ,9857,2021-12-15
SQQQ,9866,2021-12-16
SQQQ,9879,2021-12-17
SQQQ,9879,2021-12-18
SQQQ,9879,2021-12-19
SQQQ,9889,2021-12-20
SQQQ,9896,2021-12-21
SQQQ,9899,2021-12-22
SQQQ,9897,2021-12-23
SQQQ,9897,2021-12-24
SQQQ,9897,2021-12-25
SQQQ,9897,2021-12-26
SQQQ,9911,2021-12-27
SQQQ,9908,2021-12-28
SQQQ,9911,2021-12-29
SQQQ,9920,2021-12-30
SQQQ,9926,2021-12-31
SQQQ,9926,2022-01-01
SQQQ,9926,2022-01-02
SQQQ,9934,2022-01-03
SQQQ,9935,2022-01-04
SQQQ,9941,2022-01-05
SQQQ,9947,2022-01-06
SQQQ,9952,2022-01-07
SQQQ,9952,2022-01-08
SQQQ,9952,2022-01-09
SQQQ,9967,2022-01-10
SQQQ,9979,2022-01-11
SQQQ,9986,2022-01-12
SQQQ,9993,2022-01-13
SQQQ,10002,2022-01-14
SQQQ,10002,2022-01-15
SQQQ,10002,2022-01-16
SQQQ,10002,2022-01-17
SQQQ,9998,2022-01-18
SQQQ,10000,2022-01-19
SQQQ,10017,2022-01-20
SQQQ,10027,2022-01-21
SQQQ,10027,2022-01-22
SQQQ,10027,2022-01-23
SQQQ,10039,2022-01-24
SQQQ,10040,2022-01-25
SQQQ,10047,2022-01-26
SQQQ,10053,2022-01-27
SQQQ,10055,2022-01-28
SQQQ,10055,2022-01-29
SQQQ,10055,2022-01-30
SQQQ,10067,2022-01-31
SQQQ,10071,2022-02-01
SQQQ,10070,2022-02-02
SQQQ,10076,2022-02-03
SQQQ,10088,2022-02-04
SQQQ,10088,2022-02-05
SQQQ,10088,2022-02-06
SQQQ,10102,2022-02-07
SQQQ,10109,2022-02-08
SQQQ,10113,2022-02-09
SQQQ,10125,2022-02-10
SQQQ,10133,2022-02-11
SQQQ,10133,2022-02-12
SQQQ,10133,2022-02-13
SQQQ,10133,2022-02-14
SQQQ,10137,2022-02-15
SQQQ,10139,2022-02-16
SQQQ,10146,2022-02-17
SQQQ,10144,2022-02-18
SQQQ,10144,2022-02-19
SQQQ,10144,2022-02-20
SQQQ,10144,2022-02-21
SQQQ,10147,2022-02-22
SQQQ,10152,2022-02-23
SQQQ,10166,2022-02-24
SQQQ,10167,2022-02-25
SQQQ,10167,2022-02-26
SQQQ,10167,2022-02-27
SQQQ,10170,2022-02-28
SQQQ,10172,2022-03-01
SQQQ,10167,2022-03-02
SQQQ,10169,2022-03-03
SQQQ,10176,2022-03-04
SQQQ,10176,2022-03-05
SQQQ,10176,2022-03-06
SQQQ,10180,2022-03-07
SQQQ,10182,2022-03-08
SQQQ,10180,2022-03-09
SQQQ,10183,2022-03-10
SQQQ,10183,2022-03-11
SQQQ,10183,2022-03-12
SQQQ,10183,2022-03-13
SQQQ,10193,2022-03-14
SQQQ,10191,2022-03-15
SQQQ,10195,2022-03-16
SQQQ,10204,2022-03-17
SQQQ,10204,2022-03-18
SQQQ,10204,2022-03-19
SQQQ,10204,2022-03-20
SQQQ,10209,2022-03-21
SQQQ,10209,2022-03-22
SQQQ,10213,2022-03-23
SQQQ,10222,2022-03-24
SQQQ,10225,2022-03-25
SQQQ,10225,2022-03-26
SQQQ,10225,2022-03-27
SQQQ,10230,2022-03-28
SQQQ,10228,2022-03-29
SQQQ,10230,2022-03-30
SQQQ,10237,2022-03-31
SQQQ,10236,2022-04-01
SQQQ,10236,2022-04-02
SQQQ,10236,2022-04-03
SQQQ,10243,2022-04-04
SQQQ,10241,2022-04-05
SQQQ,10245,2022-04-06
SQQQ,10247,2022-04-07
SQQQ,10242,2022-04-08
SQQQ,10242,2022-04-09
SQQQ,10242,2022-04-10
SQQQ,10239,2022-04-11
SQQQ,10242,2022-04-12
SQQQ,10237,2022-04-13
SQQQ,10243,2022-04-14
SQQQ,10243,2022-04-15
SQQQ,10243,2022-04-16
SQQQ,10243,2022-04-17
SQQQ,10248,2022-04-18
SQQQ,10249,2022-04-19
SQQQ,10249,2022-04-20
SQQQ,10255,2022-04-21
SQQQ,10262,2022-04-22
SQQQ,10262,2022-04-23
SQQQ,10262,2022-04-24
SQQQ,10262,2022-04-25
SQQQ,10258,2022-04-26
SQQQ,10268,2022-04-27
SQQQ,10268,2022-04-28
SQQQ,10269,2022-04-29
SQQQ,10269,2022-04-30
SQQQ,10269,2022-05-01
SQQQ,10270,2022-05-02
SQQQ,10265,2022-05-03
SQQQ,10268,2022-05-04
SQQQ,10272,2022-05-05
SQQQ,10276,2022-05-06
SQQQ,10276,2022-05-07
SQQQ,10276,2022-05-08
SQQQ,10279,2022-05-09
SQQQ,10283,2022-05-10
SQQQ,10283,2022-05-11
SQQQ,10286,2022-05-12
SQQQ,10286,2022-05-13
SQQQ,10286,2022-05-14
SQQQ,10286,2022-05-15
SQQQ,10284,2022-05-16
SQQQ,10286,2022-05-17
SQQQ,10290,2022-05-18
SQQQ,10291,2022-05-19
SQQQ,10288,2022-05-20
SQQQ,10288,2022-05-21
SQQQ,10288,2022-05-22
SQQQ,10290,2022-05-23
SQQQ,10292,2022-05-24
SQQQ,10292,2022-05-25
SQQQ,10286,2022-05-26
SQQQ,10285,2022-05-27
SQQQ,10285,2022-05-28
SQQQ,10285,2022-05-29
SQQQ,10285,2022-05-30
SQQQ,10289,2022-05-31
SQQQ,10288,2022-06-01
SQQQ,10291,2022-06-02
SQQQ,10293,2022-06-03
SQQQ,10293,2022-06-04
SQQQ,10293,2022-06-05
SQQQ,10290,2022-06-06
SQQQ,10294,2022-06-07
SQQQ,10292,2022-06-08
SQQQ,10294,2022-06-09
SQQQ,10293,2022-06-10
SQQQ,10293,2022-06-11
SQQQ,10293,2022-06-12
SQQQ,10290,2022-06-13
SQQQ,10290,2022-06-14
SQQQ,10295,2022-06-15
SQQQ,10302,2022-06-16
SQQQ,10304,2022-06-17
SQQQ,10304,2022-06-18
SQQQ,10304,2022-06-19
SQQQ,10304,2022-06-20
SQQQ,10306,2022-06-21
SQQQ,10309,2022-06-22
SQQQ,10315,2022-06-23
SQQQ,10317,2022-06-24
SQQQ,10317,2022-06-25
SQQQ,10317,2022-06-26
SQQQ,10318,2022-06-27
SQQQ,10321,2022-06-28
SQQQ,10322,2022-06-29
SQQQ,10323,2022-06-30
SQQQ,10322,2022-07-01
SQQQ,10322,2022-07-02
SQQQ,10322,2022-07-03
SQQQ,10322,2022-07-04
SQQQ,10323,2022-07-05
SQQQ,10329,2022-07-06
SQQQ,10322,2022-07-07
SQQQ,10322,2022-07-08
SQQQ,10322,2022-07-09
SQQQ,10322,2022-07-10
SQQQ,10319,2022-07-11
SQQQ,10319,2022-07-12
SQQQ,10319,2022-07-13
SQQQ,10318,2022-07-14
SQQQ,10319,2022-07-15
SQQQ,10319,2022-07-16
SQQQ,10319,2022-07-17
SQQQ,10316,2022-07-18
SQQQ,10315,2022-07-19
SQQQ,10312,2022-07-20
SQQQ,10310,2022-07-21
SQQQ,10309,2022-07-22
SQQQ,10309,2022-07-23
SQQQ,10309,2022-07-24
SQQQ,10307,2022-07-25
SQQQ,10307,2022-07-26
SQQQ,10303,2022-07-27
SQQQ,10307,2022-07-28
SQQQ,10304,2022-07-29
SQQQ,10304,2022-07-30
SQQQ,10304,2022-07-31
SQQQ,10301,2022-08-01
SQQQ,10302,2022-08-02
SQQQ,10300,2022-08-03
SQQQ,10295,2022-08-04
SQQQ,10294,2022-08-05
SQQQ,10294,2022-08-06
SQQQ,10294,2022-08-07
SQQQ,10300,2022-08-08
SQQQ,10312,2022-08-09
SQQQ,10309,2022-08-10
SQQQ,10313,2022-08-11
SQQQ,10315,2022-08-12
SQQQ,10315,2022-08-13
SQQQ,10315,2022-08-14
SQQQ,10312,2022-08-15
SQQQ,10308,2022-08-16
SQQQ,10305,2022-08-17
SQQQ,10303,2022-08-18
SQQQ,10303,2022-08-19
SQQQ,10303,2022-08-20
SQQQ,10303,2022-08-21
SQQQ,10306,2022-08-22
SQQQ,10293,2022-08-23
SQQQ,10298,2022-08-24
SQQQ,10297,2022-08-25
SQQQ,10296,2022-08-26
SQQQ,10296,2022-08-27
SQQQ,10296,2022-08-28
SQQQ,10295,2022-08-29
SQQQ,10298,2022-08-30
SQQQ,10294,2022-08-31
SQQQ,10289,2022-09-01
SQQQ,10287,2022-09-02
SQQQ,10287,2022-09-03
SQQQ,10287,2022-09-04
SQQQ,10287,2022-09-05
SQQQ,10283,2022-09-06
SQQQ,10283,2022-09-07
SQQQ,10290,2022-09-08
SQQQ,10288,2022-09-09
SQQQ,10288,2022-09-10
SQQQ,10288,2022-09-11
SQQQ,10290,2022-09-12
SQQQ,10286,2022-09-13
SQQQ,10285,2022-09-14
SQQQ,10288,2022-09-15
SQQQ,10291,2022-09-16
SQQQ,10291,2022-09-17
SQQQ,10291,2022-09-18
SQQQ,10285,2022-09-19
SQQQ,10288,2022-09-20
SQQQ,10287,2022-09-21
SQQQ,10291,2022-09-22
SQQQ,10290,2022-09-23
SQQQ,10290,2022-09-24
SQQQ,10290,2022-09-25
SQQQ,10288,2022-09-26
SQQQ,10288,2022-09-27
SQQQ,10290,2022-09-28
SQQQ,10294,2022-09-29
SQQQ,10299,2022-09-30
SQQQ,10299,2022-10-01
SQQQ,10299,2022-10-02
SQQQ,10290,2022-10-03
SQQQ,10287,2022-10-04
SQQQ,10286,2022-10-05
SQQQ,10281,2022-10-06
SQQQ,10277,2022-10-07
SQQQ,10277,2022-10-08
SQQQ,10277,2022-10-09
SQQQ,10272,2022-10-10
SQQQ,10274,2022-10-11
SQQQ,10276,2022-10-12
SQQQ,10280,2022-10-13
SQQQ,10280,2022-10-14
SQQQ,10280,2022-10-15
SQQQ,10280,2022-10-16
SQQQ,10272,2022-10-17
SQQQ,10268,2022-10-18
SQQQ,10267,2022-10-19
SQQQ,10265,2022-10-20
SQQQ,10258,2022-10-21
SQQQ,10258,2022-10-22
SQQQ,10258,2022-10-23
SQQQ,10250,2022-10-24
SQQQ,10239,2022-10-25
SQQQ,10238,2022-10-26
SQQQ,10236,2022-10-27
SQQQ,10232,2022-10-28
SQQQ,10232,2022-10-29
SQQQ,10232,2022-10-30
SQQQ,10226,2022-10-31
SQQQ,10221,2022-11-01
SQQQ,10220,2022-11-02
SQQQ,10223,2022-11-03
SQQQ,10220,2022-11-04
SQQQ,10220,2022-11-05
SQQQ,10220,2022-11-06
SQQQ,10216,2022-11-07
SQQQ,10216,2022-11-08
SQQQ,10220,2022-11-09
SQQQ,10224,2022-11-10
SQQQ,10219,2022-11-11
SQQQ,10219,2022-11-12
SQQQ,10219,2022-11-13
SQQQ,10216,2022-11-14
SQQQ,10212,2022-11-15
SQQQ,10211,2022-11-16
SQQQ,10214,2022-11-17
SQQQ,10210,2022-11-18
SQQQ,10210,2022-11-19
SQQQ,10210,2022-11-20
SQQQ,10207,2022-11-21
SQQQ,10208,2022-11-22
SQQQ,10194,2022-11-23
SQQQ,10194,2022-11-24
SQQQ,10196,2022-11-25
SQQQ,10196,2022-11-26
SQQQ,10196,2022-11-27
SQQQ,10196,2022-11-28
SQQQ,10190,2022-11-29
SQQQ,10184,2022-11-30
SQQQ,10178,2022-12-01
SQQQ,10168,2022-12-02
SQQQ,10168,2022-12-03
SQQQ,10168,2022-12-04
SQQQ,10165,2022-12-05
SQQQ,10166,2022-12-06
SQQQ,10164,2022-12-07
SQQQ,10158,2022-12-08
SQQQ,10152,2022-12-09
SQQQ,10152,2022-12-10
SQQQ,10152,2022-12-11
SQQQ,10137,2022-12-12
SQQQ,10133,2022-12-13
SQQQ,10133,2022-12-14
SQQQ,10113,2022-12-15
SQQQ,10090,2022-12-16
SQQQ,10090,2022-12-17
SQQQ,10090,2022-12-18
SQQQ,10067,2022-12-19
SQQQ,10065,2022-12-20
SQQQ,10055,2022-12-21
SQQQ,10032,2022-12-22
SQQQ,10017,2022-12-23
SQQQ,10017,2022-12-24
SQQQ,10017,2022-12-25
SQQQ,10017,2022-12-26
SQQQ,9999,2022-12-27
SQQQ,9983,2022-12-28
SQQQ,9979,2022-12-29
SQQQ,9964,2022-12-30
SQQQ,9964,2022-12-31
SQQQ,9964,2023-01-01
SQQQ,9964,2023-01-02
SQQQ,9950,2023-01-03
SQQQ,9944,2023-01-04
SQQQ,9939,2023-01-05
SQQQ,9937,2023-01-06
SQQQ,9937,2023-01-07
SQQQ,9937,2023-01-08
SQQQ,9932,2023-01-09
SQQQ,9929,2023-01-10
SQQQ,9934,2023-01-11
SQQQ,9931,2023-01-12
SQQQ,9924,2023-01-13
SQQQ,9924,2023-01-14
SQQQ,9924,2023-01-15
SQQQ,9924,2023-01-16
SQQQ,9904,2023-01-17
SQQQ,9903,2023-01-18
SQQQ,9908,2023-01-19
SQQQ,9909,2023-01-20
SQQQ,9909,2023-01-21
SQQQ,9909,2023-01-22
SQQQ,9907,2023-01-23
SQQQ,9906,2023-01-24
SQQQ,9902,2023-01-25
SQQQ,9906,2023-01-26
SQQQ,9903,2023-01-27
SQQQ,9903,2023-01-28
SQQQ,9903,2023-01-29
SQQQ,9899,2023-01-30
SQQQ,9897,2023-01-31
SQQQ,9894,2023-02-01
SQQQ,9893,2023-02-02
SQQQ,9884,2023-02-03
SQQQ,9884,2023-02-04
SQQQ,9884,2023-02-05
SQQQ,9881,2023-02-06
SQQQ,9883,2023-02-07
SQQQ,9884,2023-02-08
SQQQ,9883,2023-02-09
SQQQ,9885,2023-02-10
SQQQ,9885,2023-02-11
SQQQ,9885,2023-02-12
SQQQ,9879,2023-02-13
SQQQ,9878,2023-02-14
SQQQ,9872,2023-02-15
SQQQ,9863,2023-02-16
SQQQ,9860,2023-02-17
SQQQ,9860,2023-02-18
SQQQ,9860,2023-02-19
SQQQ,9860,2023-02-20
SQQQ,9855,2023-02-21
SQQQ,9852,2023-02-22
SQQQ,9849,2023-02-23
SQQQ,9849,2023-02-24
SQQQ,9849,2023-02-25
SQQQ,9849,2023-02-26
SQQQ,9839,2023-02-27
SQQQ,9839,2023-02-28
SQQQ,9837,2023-03-01
SQQQ,9834,2023-03-02
SQQQ,9832,2023-03-03
SQQQ,9832,2023-03-04
SQQQ,9832,2023-03-05
SQQQ,9825,2023-03-06
SQQQ,9820,2023-03-07
SQQQ,9813,2023-03-08
SQQQ,9815,2023-03-09
SQQQ,9810,2023-03-10
SQQQ,9810,2023-03-11
SQQQ,9810,2023-03-12
SQQQ,9788,2023-03-13
SQQQ,9791,2023-03-14
SQQQ,9787,2023-03-15
SQQQ,9780,2023-03-16
SQQQ,9779,2023-03-17
SQQQ,9779,2023-03-18
SQQQ,9779,2023-03-19
SQQQ,9775,2023-03-20
SQQQ,9774,2023-03-21
SQQQ,9778,2023-03-22
SQQQ,9777,2023-03-23
SQQQ,9774,2023-03-24
SQQQ,9774,2023-03-25
SQQQ,9774,2023-03-26
SQQQ,9761,2023-03-27
SQQQ,9755,2023-03-28
SQQQ,9756,2023-03-29
SQQQ,9761,2023-03-30
SQQQ,9742,2023-03-31
SQQQ,9742,2023-04-01
SQQQ,9742,2023-04-02
SQQQ,9742,2023-04-03
SQQQ,9741,2023-04-04
SQQQ,9739,2023-04-05
SQQQ,9736,2023-04-06
SQQQ,9736,2023-04-07
SQQQ,9736,2023-04-08
SQQQ,9736,2023-04-09
SQQQ,9733,2023-04-10
SQQQ,9730,2023-04-11
SQQQ,9727,2023-04-12
SQQQ,9725,2023-04-13
SQQQ,9722,2023-04-14
SQQQ,9722,2023-04-15
SQQQ,9722,2023-04-16
SQQQ,9714,2023-04-17
SQQQ,9716,2023-04-18
SQQQ,9713,2023-04-19
SQQQ,9716,2023-04-20
SQQQ,9715,2023-04-21
SQQQ,9715,2023-04-22
SQQQ,9715,2023-04-23
SQQQ,9712,2023-04-24
SQQQ,9704,2023-04-25
SQQQ,9702,2023-04-26
SQQQ,9697,2023-04-27
SQQQ,9694,2023-04-28
SQQQ,9694,2023-04-29
SQQQ,9694,2023-04-30
SQQQ,9685,2023-05-01
SQQQ,9684,2023-05-02
SQQQ,9677,2023-05-03
SQQQ,9678,2023-05-04
SQQQ,9674,2023-05-05
SQQQ,9674,2023-05-06
SQQQ,9674,2023-05-07
SQQQ,9674,2023-05-08
SQQQ,9672,2023-05-09
SQQQ,9671,2023-05-10
SQQQ,9675,2023-05-11
SQQQ,9674,2023-05-12
SQQQ,9674,2023-05-13
SQQQ,9674,2023-05-14
SQQQ,9670,2023-05-15
SQQQ,9671,2023-05-16
SQQQ,9672,2023-05-17
SQQQ,9671,2023-05-18
SQQQ,9670,2023-05-19
SQQQ,9670,2023-05-20
SQQQ,9670,2023-05-21
SQQQ,9672,2023-05-22
SQQQ,9674,2023-05-23
SQQQ,9669,2023-05-24
SQQQ,9672,2023-05-25
SQQQ,9671,2023-05-26
SQQQ,9671,2023-05-27
SQQQ,9671,2023-05-28
SQQQ,9671,2023-05-29
SQQQ,9661,2023-05-30
SQQQ,9660,2023-05-31
SQQQ,9654,2023-06-01
SQQQ,9649,2023-06-02
SQQQ,9649,2023-06-03
SQQQ,9649,2023-06-04
SQQQ,9644,2023-06-05
SQQQ,9640,2023-06-06
SQQQ,9640,2023-06-07
SQQQ,9639,2023-06-08
SQQQ,9612,2023-06-09
SQQQ,9612,2023-06-10
SQQQ,9612,2023-06-11
SQQQ,9612,2023-06-12
SQQQ,9611,2023-06-13
SQQQ,9614,2023-06-14
SQQQ,9610,2023-06-15
SQQQ,9601,2023-06-16
SQQQ,9601,2023-06-17
SQQQ,9601,2023-06-18
SQQQ,9601,2023-06-19
SQQQ,9586,2023-06-20
SQQQ,9584,2023-06-21
SQQQ,9585,2023-06-22
SQQQ,9584,2023-06-23
SQQQ,9584,2023-06-24
SQQQ,9584,2023-06-25
SQQQ,9566,2023-06-26
SQQQ,9569,2023-06-27
SQQQ,9577,2023-06-28
SQQQ,9582,2023-06-29
SQQQ,9586,2023-06-30
SQQQ,9586,2023-07-01
SQQQ,9586,2023-07-02
SQQQ,9580,2023-07-03
SQQQ,9580,2023-07-04
SQQQ,9577,2023-07-05
SQQQ,9574,2023-07-06
SQQQ,9570,2023-07-07
SQQQ,9570,2023-07-08
SQQQ,9570,2023-07-09
SQQQ,9562,2023-07-10
SQQQ,9561,2023-07-11
SQQQ,9557,2023-07-12
SQQQ,9559,2023-07-13
SQQQ,9556,2023-07-14
SQQQ,9556,2023-07-15
SQQQ,9556,2023-07-16
SQQQ,9554,2023-07-17
SQQQ,9554,2023-07-18
SQQQ,9553,2023-07-19
SQQQ,9551,2023-07-20
SQQQ,9547,2023-07-21
SQQQ,9547,2023-07-22
SQQQ,9547,2023-07-23
SQQQ,9540,2023-07-24
SQQQ,9538,2023-07-25
SQQQ,9535,2023-07-26
SQQQ,9535,2023-07-27
SQQQ,9531,2023-07-28
SQQQ,9531,2023-07-29
SQQQ,9531,2023-07-30
SQQQ,9530,2023-07-31
SQQQ,9535,2023-08-01
SQQQ,9529,2023-08-02
SQQQ,9530,2023-08-03
SQQQ,9527,2023-08-04
SQQQ,9527,2023-08-05
SQQQ,9527,2023-08-06
SQQQ,9522,2023-08-07
SQQQ,9523,2023-08-08
SQQQ,9524,2023-08-09
SQQQ,9525,2023-08-10
SQQQ,9520,2023-08-11
SQQQ,9520,2023-08-12
SQQQ,9520,2023-08-13
SQQQ,9513,2023-08-14
SQQQ,9513,2023-08-15
SQQQ,9509,2023-08-16
SQQQ,9514,2023-08-17
SQQQ,9512,2023-08-18
SQQQ,9512,2023-08-19
SQQQ,9512,2023-08-20
SQQQ,9520,2023-08-21
SQQQ,9526,2023-08-22
SQQQ,9528,2023-08-23
SQQQ,9519,2023-08-24
SQQQ,9516,2023-08-25
SQQQ,9516,2023-08-26
SQQQ,9516,2023-08-27
SQQQ,9507,2023-08-28
SQQQ,9505,2023-08-29
SQQQ,9507,2023-08-30
SQQQ,9505,2023-08-31
SQQQ,9497,2023-09-01
SQQQ,9497,2023-09-02
SQQQ,9497,2023-09-03
SQQQ,9497,2023-09-04
SQQQ,9494,2023-09-05
SQQQ,9493,2023-09-06
SQQQ,9490,2023-09-07
SQQQ,9489,2023-09-08
SQQQ,9489,2023-09-09
SQQQ,9489,2023-09-10
SQQQ,9487,2023-09-11
SQQQ,9490,2023-09-12
SQQQ,9489,2023-09-13
SQQQ,9492,2023-09-14
SQQQ,9499,2023-09-15
SQQQ,9499,2023-09-16
SQQQ,9499,2023-09-17
SQQQ,9503,2023-09-18
SQQQ,9509,2023-09-19
SQQQ,9516,2023-09-20
SQQQ,9521,2023-09-21
SQQQ,9522,2023-09-22
SQQQ,9522,2023-09-23
SQQQ,9522,2023-09-24
SQQQ,9514,2023-09-25
SQQQ,9507,2023-09-26
SQQQ,9513,2023-09-27
SQQQ,9519,2023-09-28
SQQQ,9519,2023-09-29
SQQQ,9519,2023-09-30
SQQQ,9519,2023-10-01
SQQQ,9529,2023-10-02
SQQQ,9530,2023-10-03
SQQQ,9530,2023-10-04
SQQQ,9530,2023-10-05
SQQQ,9532,2023-10-06
SQQQ,9532,2023-10-07
SQQQ,9532,2023-10-08
SQQQ,9528,2023-10-09
SQQQ,9525,2023-10-10
SQQQ,9529,2023-10-11
SQQQ,9524,2023-10-12
SQQQ,9521,2023-10-13
SQQQ,9521,2023-10-14
SQQQ,9521,2023-10-15
SQQQ,9510,2023-10-16
SQQQ,9505,2023-10-17
SQQQ,9501,2023-10-18
SQQQ,9511,2023-10-19
SQQQ,9506,2023-10-20
SQQQ,9506,2023-10-21
SQQQ,9506,2023-10-22
SQQQ,9499,2023-10-23
SQQQ,9494,2023-10-24
SQQQ,9489,2023-10-25
SQQQ,9491,2023-10-26
SQQQ,9495,2023-10-27
SQQQ,9495,2023-10-28
SQQQ,9495,2023-10-29
SQQQ,9487,2023-10-30
SQQQ,9485,2023-10-31
SQQQ,9485,2023-11-01
SQQQ,9489,2023-11-02
SQQQ,9488,2023-11-03
SQQQ,9488,2023-11-04
SQQQ,9488,2023-11-05
SQQQ,9483,2023-11-06
SQQQ,9481,2023-11-07
SQQQ,9478,2023-11-08
SQQQ,9480,2023-11-09
SQQQ,9476,2023-11-10
SQQQ,9476,2023-11-11
SQQQ,9476,2023-11-12
SQQQ,9470,2023-11-13
SQQQ,9471,2023-11-14
SQQQ,9471,2023-11-15
SQQQ,9467,2023-11-16
SQQQ,9460,2023-11-17
SQQQ,9460,2023-11-18
SQQQ,9460,2023-11-19
SQQQ,9464,2023-11-20
SQQQ,9461,2023-11-21
SQQQ,9462,2023-11-22
SQQQ,9462,2023-11-23
SQQQ,9460,2023-11-24
SQQQ,9460,2023-11-25
SQQQ,9460,2023-11-26
SQQQ,9461,2023-11-27
SQQQ,15165,2023-11-28
SQQQ,15165,2023-11-29
SQQQ,15165,2023-11-30
SQQQ,15165,2023-12-01
SQQQ,15165,2023-12-02
SQQQ,15165,2023-12-03
SQQQ,15165,2023-12-04
SQQQ,15165,2023-12-05
SQQQ,15165,2023-12-06
SQQQ,15165,2023-12-07
SQQQ,15165,2023-12-08
SQQQ,15165,2023-12-09
SQQQ,15165,2023-12-10
SQQQ,15165,2023-12-11
SQQQ,15165,2023-12-12
SQQQ,15165,2023-12-13
SQQQ,15165,2023-12-14
SQQQ,15165,2023-12-15
SQQQ,15165,2023-12-16
SQQQ,15165,2023-12-17
SQQQ,15165,2023-12-18
SQQQ,15165,2023-12-19
SQQQ,15165,2023-12-20
SQQQ,15165,2023-12-21
SQQQ,15165,2023-12-22
SQQQ,15165,2023-12-23
SQQQ,15165,2023-12-24
SQQQ,15165,2023-12-25
SQQQ,15165,2023-12-26
SQQQ,15165,2023-12-27
SQQQ,15165,2023-12-28
SQQQ,15165,2023-12-29
SQQQ,15165,2023-12-30
SQQQ,15165,2023-12-31
SQQQ,15165,2024-01-01
SQQQ,15165,2024-01-02
SQQQ,15165,2024-01-03
SQQQ,15165,2024-01-04
SQQQ,15165,2024-01-05
SQQQ,15165,2024-01-06
SQQQ,15165,2024-01-07
SQQQ,15165,2024-01-08
SQQQ,15165,2024-01-09
SQQQ,15165,2024-01-10
SQQQ,15165,2024-01-11
SQQQ,15165,2024-01-12
SQQQ,15165,2024-01-13
SQQQ,15165,2024-01-14
SQQQ,15165,2024-01-15
SQQQ,15165,2024-01-16
SQQQ,15165,2024-01-17
SQQQ,15165,2024-01-18
SQQQ,15165,2024-01-19
SQQQ,15165,2024-01-20
SQQQ,15165,2024-01-21
SQQQ,15165,2024-01-22
SQQQ,15165,2024-01-23
SQQQ,15165,2024-01-24
SQQQ,15165,2024-01-25
SQQQ,15165,2024-01-26
SQQQ,15165,2024-01-27
SQQQ,15165,2024-01-28
SQQQ,15165,2024-01-29
SQQQ,15165,2024-01-30
SQQQ,15165,2024-01-31
SQQQ,15165,2024-02-01
SQQQ,15165,2024-02-02
SQQQ,15165,2024-02-03
SQQQ,15165,2024-02-04
SQQQ,15165,2024-02-05
SQQQ,15165,2024-02-06
SQQQ,15165,2024-02-07
SQQQ,15165,2024-02-08
SQQQ,15165,2024-02-09
SQQQ,15165,2024-02-10
SQQQ,15165,2024-02-11
SQQQ,15165,2024-02-12
SQQQ,15165,2024-02-13
SQQQ,15165,2024-02-14
SQQQ,15165,2024-02-15
SQQQ,15165,2024-02-16
SQQQ,15165,2024-02-17
SQQQ,15165,2024-02-18
SQQQ,15165,2024-02-19
SQQQ,15165,2024-02-20
SQQQ,15165,2024-02-21
SQQQ,15165,2024-02-22
SQQQ,15165,2024-02-23
SQQQ,15165,2024-02-24
SQQQ,15165,2024-02-25
SQQQ,15165,2024-02-26
SQQQ,15165,2024-02-27
SQQQ,15165,2024-02-28
SQQQ,15165,2024-02-29
SQQQ,15165,2024-03-01
SQQQ,15165,2024-03-02
SQQQ,15165,2024-03-03
SQQQ,15165,2024-03-04
SQQQ,15165,2024-03-05
SQQQ,15165,2024-03-06
SQQQ,15165,2024-03-07
SQQQ,15165,2024-03-08
SQQQ,15165,2024-03-09
SQQQ,15165,2024-03-10
SQQQ,15165,2024-03-11
SQQQ,15165,2024-03-12
SQQQ,15165,2024-03-13
SQQQ,15165,2024-03-14
SQQQ,15165,2024-03-15
SQQQ,15165,2024-03-16
SQQQ,15165,2024-03-17
SQQQ,15165,2024-03-18
SQQQ,15165,2024-03-19
SQQQ,15165,2024-03-20
SQQQ,15165,2024-03-21
SQQQ,15165,2024-03-22
SQQQ,15165,2024-03-23
SQQQ,15165,2024-03-24
SQQQ,15165,2024-03-25
SQQQ,15165,2024-03-26
SQQQ,15165,2024-03-27
SQQQ,15165,2024-03-28
SQQQ,15165,2024-03-29
SQQQ,15165,2024-03-30
SQQQ,15165,2024-03-31
SQQQ,15165,2024-04-01
SQQQ,15165,2024-04-02
SQQQ,15165,2024-04-03
SQQQ,15165,2024-04-04
SQQQ,15165,2024-04-05
SQQQ,15165,2024-04-06
SQQQ,15165,2024-04-07
SQQQ,15165,2024-04-08
SQQQ,15165,2024-04-09
SQQQ,15165,2024-04-10
SQQQ,15165,2024-04-11
SQQQ,15165,2024-04-12
SQQQ,15165,2024-04-13
SQQQ,15165,2024-04-14
SQQQ,15165,2024-04-15
SQQQ,15165,2024-04-16
SQQQ,15165,2024-04-17
SQQQ,15165,2024-04-18
SQQQ,15165,2024-04-19
SQQQ,15165,2024-04-20
SQQQ,15165,2024-04-21
SQQQ,15165,2024-04-22
SQQQ,15165,2024-04-23
SQQQ,15165,2024-04-24
SQQQ,15165,2024-04-25
SQQQ,15165,2024-04-26
SQQQ,15165,2024-04-27
SQQQ,15165,2024-04-28
SQQQ,15165,2024-04-29
SQQQ,15165,2024-04-30
SQQQ,15165,2024-05-01
SQQQ,15165,2024-05-02
SQQQ,15165,2024-05-03
SQQQ,15165,2024-05-04
SQQQ,15165,2024-05-05
SQQQ,15165,2024-05-06
SQQQ,15165,2024-05-07
SQQQ,15165,2024-05-08
SQQQ,15165,2024-05-09
SQQQ,15165,2024-05-10
SQQQ,15165,2024-05-11
SQQQ,15165,2024-05-12
SQQQ,15165,2024-05-13
SQQQ,15165,2024-05-14
SQQQ,15165,2024-05-15
SQQQ,15165,2024-05-16
SQQQ,15165,2024-05-17
SQQQ,15165,2024-05-18
SQQQ,15165,2024-05-19
SQQQ,15165,2024-05-20
SQQQ,15165,2024-05-21
SQQQ,15165,2024-05-22
SQQQ,15165,2024-05-23
SQQQ,15165,2024-05-24
SQQQ,15165,2024-05-25
SQQQ,15165,2024-05-26
SQQQ,15165,2024-05-27
SQQQ,15165,2024-05-28
SQQQ,15165,2024-05-29
SQQQ,15165,2024-05-30
SQQQ,15165,2024-05-31
SQQQ,15165,2024-06-01
SQQQ,15165,2024-06-02
SQQQ,15165,2024-06-03
SQQQ,15165,2024-06-04
SQQQ,15165,2024-06-05
SQQQ,15165,2024-06-06
SQQQ,15165,2024-06-07
SQQQ,15165,2024-06-08
SQQQ,15165,2024-06-09
SQQQ,15165,2024-06-10
SQQQ,15165,2024-06-11
SQQQ,15165,2024-06-12
SQQQ,15165,2024-06-13
SQQQ,15165,2024-06-14
SQQQ,15165,2024-06-15
SQQQ,15165,2024-06-16
SQQQ,15165,2024-06-17
SQQQ,15165,2024-06-18
SQQQ,15165,2024-06-19
SQQQ,15165,2024-06-20
SQQQ,15165,2024-06-21
SQQQ,15165,2024-06-22
SQQQ,15165,2024-06-23
SQQQ,15165,2024-06-24
SQQQ,15165,2024-06-25
SQQQ,15165,2024-06-26
SQQQ,15165,2024-06-27
SQQQ,15165,2024-06-28
SQQQ,15165,2024-06-29
SQQQ,15165,2024-06-30
SQQQ,15165,2024-07-01
SQQQ,15165,2024-07-02
SQQQ,15165,2024-07-03
SQQQ,15165,2024-07-04
SQQQ,15165,2024-07-05
SQQQ,15165,2024-07-06
SQQQ,15165,2024-07-07
SQQQ,15165,2024-07-08
SQQQ,15165,2024-07-09
SQQQ,15165,2024-07-10
SQQQ,15165,2024-07-11
SQQQ,15165,2024-07-12
SQQQ,15165,2024-07-13
SQQQ,15165,2024-07-14
SQQQ,15165,2024-07-15
SQQQ,15165,2024-07-16
SQQQ,15165,2024-07-17
SQQQ,15165,2024-07-18
SQQQ,15165,2024-07-19
SQQQ,15165,2024-07-20
SQQQ,15165,2024-07-21
SQQQ,15165,2024-07-22
SQQQ,15165,2024-07-23
SQQQ,15165,2024-07-24
SQQQ,15165,2024-07-25
SQQQ,15165,2024-07-26
SQQQ,15165,2024-07-27
SQQQ,15165,2024-07-28
SQQQ,15165,2024-07-29
SQQQ,15165,2024-07-30
SQQQ,15165,2024-07-31
SQQQ,15165,2024-08-01
SQQQ,15165,2024-08-02
SQQQ,15165,2024-08-03
SQQQ,15165,2024-08-04
SQQQ,15165,2024-08-05
SQQQ,15165,2024-08-06
SQQQ,15165,2024-08-07
SQQQ,15165,2024-08-08
SQQQ,15165,2024-08-09
SQQQ,15165,2024-08-10
SQQQ,15165,2024-08-11
SQQQ,15165,2024-08-12
SQQQ,15165,2024-08-13
SQQQ,15165,2024-08-14
SQQQ,15165,2024-08-15
SQQQ,15165,2024-08-16
SQQQ,15165,2024-08-17
SQQQ,15165,2024-08-18
SQQQ,15165,2024-08-19
SQQQ,15165,2024-08-20
SQQQ,15165,2024-08-21
SQQQ,15165,2024-08-22
SQQQ,15165,2024-08-23
SQQQ,15165,2024-08-24
SQQQ,15165,2024-08-25
SQQQ,15165,2024-08-26
SQQQ,15165,2024-08-27
SQQQ,15165,2024-08-28
SQQQ,15165,2024-08-29
SQQQ,15165,2024-08-30
SQQQ,15165,2024-08-31
SQQQ,15165,2024-09-01
SQQQ,15165,2024-09-02
SQQQ,15165,2024-09-03
SQQQ,15165,2024-09-04
SQQQ,15165,2024-09-05
SQQQ,15165,2024-09-06
SQQQ,15165,2024-09-07
SQQQ,15165,2024-09-08
SQQQ,15165,2024-09-09
SQQQ,15165,2024-09-10
SQQQ,15165,2024-09-11
SQQQ,15165,2024-09-12
SQQQ,15165,2024-09-13
SQQQ,15165,2024-09-14
SQQQ,15165,2024-09-15
SQQQ,15165,2024-09-16
SQQQ,15165,2024-09-17
SQQQ,15165,2024-09-18
SQQQ,15165,2024-09-19
SQQQ,15165,2024-09-20
SQQQ,15165,2024-09-21
SQQQ,15165,2024-09-22
SQQQ,15165,2024-09-23
SQQQ,15165,2024-09-24
SQQQ,15165,2024-09-25
SQQQ,15165,2024-09-26
SQQQ,15165,2024-09-27
SQQQ,15165,2024-09-28
SQQQ,15165,2024-09-29
SQQQ,15165,2024-09-30
SQQQ,15165,2024-10-01
SQQQ,15165,2024-10-02
SQQQ,15165,2024-10-03
SQQQ,15165,2024-10-04
SQQQ,15165,2024-10-05
SQQQ,15165,2024-10-06
SQQQ,15165,2024-10-07
SQQQ,15165,2024-10-08
SQQQ,15165,2024-10-09
SQQQ,15165,2024-10-10
SQQQ,15165,2024-10-11
SQQQ,15165,2024-10-12
SQQQ,15165,2024-10-13
SQQQ,15165,2024-10-14
SQQQ,15165,2024-10-15
SQQQ,15165,2024-10-16
SQQQ,15165,2024-10-17
SQQQ,15165,2024-10-18
SQQQ,15165,2024-10-19
SQQQ,15165,2024-10-20
SQQQ,15165,2024-10-21
SQQQ,15165,2024-10-22
SQQQ,15165,2024-10-23
SQQQ,15165,2024-10-24
SQQQ,15165,2024-10-25
SQQQ,15165,2024-10-26
SQQQ,15165,2024-10-27
SQQQ,15165,2024-10-28
SQQQ,15165,2024-10-29
SQQQ,15165,2024-10-30
SQQQ,15165,2024-10-31
SQQQ,15165,2024-11-01
SQQQ,15165,2024-11-02
SQQQ,15165,2024-11-03
SQQQ,15165,2024-11-04
SQQQ,15165,2024-11-05
SQQQ,15165,2024-11-06
SQQQ,15165,2024-11-07
SQQQ,15165,2024-11-08
SQQQ,15165,2024-11-09
SQQQ,15165,2024-11-10
SQQQ,15165,2024-11-11
SQQQ,15165,2024-11-12
SQQQ,15165,2024-11-13
SQQQ,15165,2024-11-14
SQQQ,15165,2024-11-15
SQQQ,15165,2024-11-16
SQQQ,15165,2024-11-17
SQQQ,15165,2024-11-18
SQQQ,15165,2024-11-19
SQQQ,15165,2024-11-20
SQQQ,15165,2024-11-21
SQQQ,15165,2024-11-22
SQQQ,15165,2024-11-23
SQQQ,15165,2024-11-24
SQQQ,15165,2024-11-25
SQQQ,15165,2024-11-26
SQQQ,15165,2024-11-27
SQQQ,15165,2024-11-28
SQQQ,15165,2024-11-29
SQQQ,15165,2024-11-30
SQQQ,15165,2024-12-01
SQQQ,15165,2024-12-02
SQQQ,15165,2024-12-03
SQQQ,15165,2024-12-04
SQQQ,15165,2024-12-05
SQQQ,15165,2024-12-06
SQQQ,15165,2024-12-07
SQQQ,15165,2024-12-08
SQQQ,15165,2024-12-09
SQQQ,15165,2024-12-10
SQQQ,15165,2024-12-11
SQQQ,15165,2024-12-12
SQQQ,15165,2024-12-13
SQQQ,15165,2024-12-14
SQQQ,15165,2024-12-15
SQQQ,15165,2024-12-16
SQQQ,15165,2024-12-17
SQQQ,15165,2024-12-18
SQQQ,15165,2024-12-19
SQQQ,15165,2024-12-20
SQQQ,15165,2024-12-21
SQQQ,15165,2024-12-22
SQQQ,15165,2024-12-23
SQQQ,15165,2024-12-24
SQQQ,15165,2024-12-25
SQQQ,15165,2024-12-26
SQQQ,15165,2024-12-27
SQQQ,15165,2024-12-28
SQQQ,15165,2024-12-29
SQQQ,15165,2024-12-30
SQQQ,15165,2024-12-31
SQQQ,15165,2025-01-01
SQQQ,15165,2025-01-02
SQQQ,15165,2025-01-03
SQQQ,15165,2025-01-04
SQQQ,15165,2025-01-05
SQQQ,15165,2025-01-06
SQQQ,15165,2025-01-07
SQQQ,15165,2025-01-08
SQQQ,15165,2025-01-09
SQQQ,15165,2025-01-10
SQQQ,15165,2025-01-11
SQQQ,15165,2025-01-12
SQQQ,15165,2025-01-13
SQQQ,15165,2025-01-14
SQQQ,15165,2025-01-15
SQQQ,15165,2025-01-16
SQQQ,15165,2025-01-17
SQQQ,15165,2025-01-18
SQQQ,15165,2025-01-19
SQQQ,15165,2025-01-20
SQQQ,15165,2025-01-21
SQQQ,15165,2025-01-22
SQQQ,15165,2025-01-23
SQQQ,15165,2025-01-24
SQQQ,15165,2025-01-25
SQQQ,15165,2025-01-26
SQQQ,15165,2025-01-27
SQQQ,15165,2025-01-28
SQQQ,15165,2025-01-29
SQQQ,15165,2025-01-30
SQQQ,15165,2025-01-31
SQQQ,15165,2025-02-01
SQQQ,15165,2025-02-02
SQQQ,15165,2025-02-03
SQQQ,15165,2025-02-04
SQQQ,15165,2025-02-05
SQQQ,15165,2025-02-06
SQQQ,15165,2025-02-07
SQQQ,15165,2025-02-08
SQQQ,15165,2025-02-09
SQQQ,15165,2025-02-10
SQQQ,15165,2025-02-11
SQQQ,15165,2025-02-12
SQQQ,15165,2025-02-13
SQQQ,15165,2025-02-14
SQQQ,15165,2025-02-15
SQQQ,15165,2025-02-16
SQQQ,15165,2025-02-17
SQQQ,15165,2025-02-18
SQQQ,15165,2025-02-19
SQQQ,15165,2025-02-20
SQQQ,15165,2025-02-21
SQQQ,15165,2025-02-22
SQQQ,15165,2025-02-23
SQQQ,15165,2025-02-24
SQQQ,15165,2025-02-25
SQQQ,15165,2025-02-26
SQQQ,15165,2025-02-27
SQQQ,15165,2025-02-28
SQQQ,15165,2025-03-01
SQQQ,15165,2025-03-02
SQQQ,15165,2025-03-03
SQQQ,15165,2025-03-04
SQQQ,15165,2025-03-05
SQQQ,15165,2025-03-06
SQQQ,15165,2025-03-07
SQQQ,15165,2025-03-08
SQQQ,15165,2025-03-09
SQQQ,15165,2025-03-10
SQQQ,15165,2025-03-11
SQQQ,15165,2025-03-12
SQQQ,15165,2025-03-13
SQQQ,15165,2025-03-14
SQQQ,15165,2025-03-15
SQQQ,15165,2025-03-16
SQQQ,15165,2025-03-17
SQQQ,15165,2025-03-18
SQQQ,15165,2025-03-19
SQQQ,15165,2025-03-20
SQQQ,15165,2025-03-21
SQQQ,15165,2025-03-22
SQQQ,15165,2025-03-23
SQQQ,15165,2025-03-24
SQQQ,15165,2025-03-25
SQQQ,15165,2025-03-26
SQQQ,15165,2025-03-27
SQQQ,15165,2025-03-28
SQQQ,15165,2025-03-29
SQQQ,15165,2025-03-30
SQQQ,15165,2025-03-31
SQQQ,15165,2025-04-01
SQQQ,15165,2025-04-02
SQQQ,15165,2025-04-03
SQQQ,15165,2025-04-04
SQQQ,15165,2025-04-05
SQQQ,15165,2025-04-06
SQQQ,15165,2025-04-07
SQQQ,15165,2025-04-08
SQQQ,15165,2025-04-09
SQQQ,15165,2025-04-10
SQQQ,15165,2025-04-11
SQQQ,15165,2025-04-12
SQQQ,15165,2025-04-13
SQQQ,15165,2025-04-14
SQQQ,15165,2025-04-15
SQQQ,15165,2025-04-16
SQQQ,15165,2025-04-17
SQQQ,15165,2025-04-18
SQQQ,15165,2025-04-19
SQQQ,15165,2025-04-20
SQQQ,15165,2025-04-21
SQQQ,15165,2025-04-22
SQQQ,15165,2025-04-23
SQQQ,15165,2025-04-24
SQQQ,15165,2025-04-25
SQQQ,15165,2025-04-26
SQQQ,15165,2025-04-27
SQQQ,15165,2025-04-28
SQQQ,15165,2025-04-29
SQQQ,15165,2025-04-30
SQQQ,15165,2025-05-01
SQQQ,15165,2025-05-02
SQQQ,15165,2025-05-03
SQQQ,15165,2025-05-04
SQQQ,15165,2025-05-05
SQQQ,15165,2025-05-06
SQQQ,15165,2025-05-07
SQQQ,15165,2025-05-08
SQQQ,15165,2025-05-09
SQQQ,15165,2025-05-10
SQQQ,15165,2025-05-11
SQQQ,15165,2025-05-12
SQQQ,15165,2025-05-13
SQQQ,15165,2025-05-14
SQQQ,15165,2025-05-15
SQQQ,15165,2025-05-16
SQQQ,15165,2025-05-17
SQQQ,15165,2025-05-18
SQQQ,15165,2025-05-19
SQQQ,15165,2025-05-20
SQQQ,15165,2025-05-21
SQQQ,15165,2025-05-22
SQQQ,15165,2025-05-23
SQQQ,15165,2025-05-24
SQQQ,15165,2025-05-25
SQQQ,15165,2025-05-26
SQQQ,15165,2025-05-27
SQQQ,15165,2025-05-28
SQQQ,15165,2025-05-29
SQQQ,15165,2025-05-30
SQQQ,15165,2025-05-31
SQQQ,15165,2025-06-01
SQQQ,15165,2025-06-02
SQQQ,15165,2025-06-03
SQQQ,15165,2025-06-04
SQQQ,15165,2025-06-05
SQQQ,15165,2025-06-06
SQQQ,15165,2025-06-07
SQQQ,15165,2025-06-08
SQQQ,15165,2025-06-09
SQQQ,15165,2025-06-10
SQQQ,15165,2025-06-11
SQQQ,15165,2025-06-12
SQQQ,15165,2025-06-13
SQQQ,15165,2025-06-14
SQQQ,15165,2025-06-15
SQQQ,15165,2025-06-16
SQQQ,15165,2025-06-17
SQQQ,15165,2025-06-18
SQQQ,15165,2025-06-19
SQQQ,15165,2025-06-20
SQQQ,15165,2025-06-21
SQQQ,15165,2025-06-22
SQQQ,15165,2025-06-23
SQQQ,15165,2025-06-24
SQQQ,15165,2025-06-25
SQQQ,15165,2025-06-26
SQQQ,15165,2025-06-27
SQQQ,15165,2025-06-28
SQQQ,15165,2025-06-29
SQQQ,15165,2025-06-30
SQQQ,15165,2025-07-01
SQQQ,15165,2025-07-02
SQQQ,15165,2025-07-03
SQQQ,15165,2025-07-04
SQQQ,15165,2025-07-05
SQQQ,15165,2025-07-06
SQQQ,15165,2025-07-07
SQQQ,15165,2025-07-08
SQQQ,15165,2025-07-09
SQQQ,15165,2025-07-10
SQQQ,15165,2025-07-11
SQQQ,15165,2025-07-12
SQQQ,15165,2025-07-13
SQQQ,15165,2025-07-14
SQQQ,15165,2025-07-15
SQQQ,15165,2025-07-16
SQQQ,15165,2025-07-17
SQQQ,15165,2025-07-18
SQQQ,15165,2025-07-19
SQQQ,15165,2025-07-20
SQQQ,15165,2025-07-21
SQQQ,15165,2025-07-22
SQQQ,15165,2025-07-23
SQQQ,15165,2025-07-24
SQQQ,15165,2025-07-25
SQQQ,15165,2025-07-26
SQQQ,15165,2025-07-27
SQQQ,15165,2025-07-28
SQQQ,15165,2025-07-29
SQQQ,15165,2025-07-30
SQQQ,15165,2025-07-31
SQQQ,15165,2025-08-01
SQQQ,15165,2025-08-02
SQQQ,15165,2025-08-03
SQQQ,15165,2025-08-04
SQQQ,15165,2025-08-05
SQQQ,15165,2025-08-06
SQQQ,15165,2025-08-07
SQQQ,15165,2025-08-08
SQQQ,15165,2025-08-09
SQQQ,15165,2025-08-10
SQQQ,15165,2025-08-11
SQQQ,15165,2025-08-12
SQQQ,15165,2025-08-13
SQQQ,15165,2025-08-14
SQQQ,15165,2025-08-15
SQQQ,15165,2025-08-16
SQQQ,15165,2025-08-17
SQQQ,15165,2025-08-18
SQQQ,15165,2025-08-19
SQQQ,15165,2025-08-20
SQQQ,15165,2025-08-21
SQQQ,15165,2025-08-22
SQQQ,15165,2025-08-23
SQQQ,15165,2025-08-24
SQQQ,15165,2025-08-25
SQQQ,15165,2025-08-26
SQQQ,15165,2025-08-27
SQQQ,15165,2025-08-28
SQQQ,15165,2025-08-29
SQQQ,15165,2025-08-30
SQQQ,15165,2025-08-31
SQQQ,15165,2025-09-01
SQQQ,15165,2025-09-02
SQQQ,15165,2025-09-03
SQQQ,15165,2025-09-04
SQQQ,15165,2025-09-05
SQQQ,15165,2025-09-06
SQQQ,15165,2025-09-07
SQQQ,15165,2025-09-08
SQQQ,15165,2025-09-09
SQQQ,15165,2025-09-10
SQQQ,15165,2025-09-11
SQQQ,15165,2025-09-12
SQQQ,15165,2025-09-13
SQQQ,15165,2025-09-14
SQQQ,15165,2025-09-15
SQQQ,15165,2025-09-16
SQQQ,15165,2025-09-17
SQQQ,15165,2025-09-18
SQQQ,15165,2025-09-19
SQQQ,15165,2025-09-20
SQQQ,15165,2025-09-21
SQQQ,15165,2025-09-22
SQQQ,15165,2025-09-23
SQQQ,15165,2025-09-24
SQQQ,15165,2025-09-25
SQQQ,15165,2025-09-26
SQQQ,15165,2025-09-27
SQQQ,15165,2025-09-28
SQQQ,15165,2025-09-29
SQQQ,15165,2025-09-30
SQQQ,15165,2025-10-01
SQQQ,15165,2025-10-02
SQQQ,15165,2025-10-03
SQQQ,15165,2025-10-04
SQQQ,15165,2025-10-05
SQQQ,15165,2025-10-06
SQQQ,15165,2025-10-07
SQQQ,15165,2025-10-08
SQQQ,15165,2025-10-09
SQQQ,15165,2025-10-10
SQQQ,15165,2025-10-11
SQQQ,15165,2025-10-12
SQQQ,15165,2025-10-13
SQQQ,15165,2025-10-14
SQQQ,15165,2025-10-15
SQQQ,15165,2025-10-16
SQQQ,15165,2025-10-17
SQQQ,15165,2025-10-18
SQQQ,15165,2025-10-19
SQQQ,15165,2025-10-20
SQQQ,15165,2025-10-21
SQQQ,15165,2025-10-22
SQQQ,15165,2025-10-23
SQQQ,15165,2025-10-24
SQQQ,15165,2025-10-25
SQQQ,15165,2025-10-26
SQQQ,15165,2025-10-27
SQQQ,15165,2025-10-28
SQQQ,15165,2025-10-29
SQQQ,15165,2025-10-30
SQQQ,15165,2025-10-31
SQQQ,15165,2025-11-01
SQQQ,15165,2025-11-02
SQQQ,15165,2025-11-03
SQQQ,15165,2025-11-04
SQQQ,15165,2025-11-05
SQQQ,15165,2025-11-06
SQQQ,15165,2025-11-07
SQQQ,15165,2025-11-08
SQQQ,15165,2025-11-09
SQQQ,15165,2025-11-10
SQQQ,15165,2025-11-11
SQQQ,15165,2025-11-12
SQQQ,15165,2025-11-13
SQQQ,15165,2025-11-14
SQQQ,15165,2025-11-15
SQQQ,15165,2025-11-16
SQQQ,15165,2025-11-17
SQQQ,15165,2025-11-18
SQQQ,15165,2025-11-19
SQQQ,15165,2025-11-20
SQQQ,15165,2025-11-21
SQQQ,15165,2025-11-22
SQQQ,15165,2025-11-23
SQQQ,15165,2025-11-24
SQQQ,15165,2025-11-25
SQQQ,15165,2025-11-26
SQQQ,15165,2025-11-27
SQQQ,15165,2025-11-28
SQQQ,15165,2025-11-29
SQQQ,15165,2025-11-30
SQQQ,15165,2025-12-01
SQQQ,15165,2025-12-02
SQQQ,15165,2025-12-03
SQQQ,15165,2025-12-04
SQQQ,15165,2025-12-05
SQQQ,15165,2025-12-06
SQQQ,15165,2025-12-07
SQQQ,15165,2025-12-08
SQQQ,15165,2025-12-09
SQQQ,15165,2025-12-10
SQQQ,15165,2025-12-11
SQQQ,15165,2025-12-12
SQQQ,15165,2025-12-13
SQQQ,15165,2025-12-14
SQQQ,15165,2025-12-15
SQQQ,15165,2025-12-16
SQQQ,15165,2025-12-17
SQQQ,15165,2025-12-18
SQQQ,15165,2025-12-19
SQQQ,15165,2025-12-20
SQQQ,15165,2025-12-21
SQQQ,15165,2025-12-22
SQQQ,15165,2025-12-23
SQQQ,15165,2025-12-24
SQQQ,15165,2025-12-25
SQQQ,15165,2025-12-26
SQQQ,15165,2025-12-27
SQQQ,15165,2025-12-28
SQQQ,15165,2025-12-29
SQQQ,15165,2025-12-30
SQQQ,15165,2025-12-31
SQQQ,15165,2026-01-01
SQQQ,15165,2026-01-02
SQQQ,15165,2026-01-03
SQQQ,15165,2026-01-04
SQQQ,15165,2026-01-05
SQQQ,15165,2026-01-06
SQQQ,15165,2026-01-07
SQQQ,15165,2026-01-08
SQQQ,15165,2026-01-09
SQQQ,15165,2026-01-10
SQQQ,15165,2026-01-11
SQQQ,15165,2026-01-12
SQQQ,15165,2026-01-13
SQQQ,15165,2026-01-14
