datetime,ticker,open,high,low,close,volume,vwap,transactions
2026-02-03 04:00:00-05:00,QQQ,629.34,629.84,629.15,629.78,8076.0,629.5178,125
2026-02-03 04:01:00-05:00,QQQ,629.68,629.83,629.67,629.8,1925.0,629.7496,38
2026-02-03 04:02:00-05:00,QQQ,629.81,629.87,629.71,629.73,1796.0,629.8197,34
2026-02-03 04:03:00-05:00,QQQ,629.67,629.67,629.46,629.61,2718.0,629.5213,40
2026-02-03 04:04:00-05:00,QQQ,629.59,629.66,629.55,629.66,1178.0,629.6086,28
2026-02-03 04:05:00-05:00,QQQ,629.97,630.1,629.96,630.1,3864.0,629.9972,107
2026-02-03 04:06:00-05:00,QQQ,630.09,630.1,629.85,629.85,2874.0,630.0352,67
2026-02-03 04:07:00-05:00,QQQ,629.88,629.92,629.88,629.92,555.0,629.9184,18
2026-02-03 04:08:00-05:00,QQQ,630.0,630.0,629.93,629.93,1325.0,629.9431,28
2026-02-03 04:09:00-05:00,QQQ,629.86,629.89,629.83,629.89,1581.0,629.8595,28
2026-02-03 04:10:00-05:00,QQQ,629.6,629.6,629.45,629.58,2346.0,629.4911,34
2026-02-03 04:11:00-05:00,QQQ,629.57,629.6,629.52,629.52,1992.0,629.5703,52
2026-02-03 04:12:00-05:00,QQQ,629.42,629.48,629.42,629.48,807.0,629.449,12
2026-02-03 04:13:00-05:00,QQQ,629.44,629.44,629.34,629.34,335.0,629.4044,16
2026-02-03 04:14:00-05:00,QQQ,629.45,629.45,629.35,629.36,1897.0,629.3827,28
2026-02-03 04:15:00-05:00,QQQ,629.33,629.35,629.33,629.35,744.0,629.336,13
2026-02-03 04:16:00-05:00,QQQ,629.38,629.57,629.36,629.57,2469.0,629.456,32
2026-02-03 04:17:00-05:00,QQQ,629.55,629.58,629.5,629.57,1255.0,629.5404,26
2026-02-03 04:18:00-05:00,QQQ,629.52,629.52,629.51,629.51,497.0,629.5037,17
2026-02-03 04:19:00-05:00,QQQ,629.48,629.55,629.48,629.55,294.0,629.5156,10
2026-02-03 04:20:00-05:00,QQQ,629.46,629.57,629.4,629.51,3238.0,629.4898,48
2026-02-03 04:21:00-05:00,QQQ,629.46,629.59,629.36,629.57,2178.0,629.5102,22
2026-02-03 04:22:00-05:00,QQQ,629.52,629.58,629.43,629.46,3635.0,629.5013,47
2026-02-03 04:23:00-05:00,QQQ,629.44,629.46,629.25,629.25,1462.0,629.3824,28
2026-02-03 04:24:00-05:00,QQQ,629.27,629.36,629.19,629.22,1139.0,629.2535,23
2026-02-03 04:25:00-05:00,QQQ,629.06,629.08,628.95,628.97,3921.0,629.0136,75
2026-02-03 04:26:00-05:00,QQQ,628.97,629.18,628.94,629.14,3923.0,629.0877,62
2026-02-03 04:27:00-05:00,QQQ,629.14,629.18,629.04,629.04,919.0,629.1069,15
2026-02-03 04:28:00-05:00,QQQ,629.04,629.13,629.04,629.1,2356.0,629.0831,31
2026-02-03 04:29:00-05:00,QQQ,629.14,629.17,629.04,629.04,2054.0,629.0926,31
2026-02-03 04:30:00-05:00,QQQ,629.11,629.11,628.99,629.04,1992.0,629.0436,25
2026-02-03 04:31:00-05:00,QQQ,629.01,629.24,629.01,629.24,1254.0,629.1689,21
2026-02-03 04:32:00-05:00,QQQ,629.18,629.32,629.18,629.32,2078.0,629.2987,43
2026-02-03 04:33:00-05:00,QQQ,629.32,629.35,629.3,629.34,706.0,629.3315,25
2026-02-03 04:34:00-05:00,QQQ,629.41,629.42,629.27,629.31,1056.0,629.3448,29
2026-02-03 04:35:00-05:00,QQQ,629.26,629.26,629.21,629.21,471.0,629.2226,14
2026-02-03 04:36:00-05:00,QQQ,629.13,629.13,629.05,629.05,657.0,629.074,18
2026-02-03 04:37:00-05:00,QQQ,629.13,629.17,629.08,629.08,1612.0,629.1149,26
2026-02-03 04:38:00-05:00,QQQ,628.96,629.02,628.96,629.02,747.0,629.0043,27
2026-02-03 04:39:00-05:00,QQQ,628.95,629.05,628.92,629.05,589.0,629.015,17
2026-02-03 04:40:00-05:00,QQQ,629.06,629.13,629.03,629.13,1214.0,629.0933,24
2026-02-03 04:41:00-05:00,QQQ,629.14,629.18,629.09,629.09,678.0,629.1226,20
2026-02-03 04:42:00-05:00,QQQ,629.09,629.31,629.09,629.23,2954.0,629.1929,42
2026-02-03 04:43:00-05:00,QQQ,629.14,629.19,629.13,629.16,653.0,629.1479,18
2026-02-03 04:44:00-05:00,QQQ,629.14,629.16,629.14,629.16,286.0,629.1428,7
2026-02-03 04:45:00-05:00,QQQ,629.17,629.22,629.17,629.22,1387.0,629.1983,24
2026-02-03 04:46:00-05:00,QQQ,629.15,629.15,629.06,629.06,727.0,629.0956,17
2026-02-03 04:47:00-05:00,QQQ,629.06,629.12,629.06,629.11,1187.0,629.1033,16
2026-02-03 04:48:00-05:00,QQQ,629.19,629.23,629.19,629.23,1557.0,629.1995,18
2026-02-03 04:49:00-05:00,QQQ,629.27,629.27,629.26,629.27,685.0,629.2684,8
2026-02-03 04:50:00-05:00,QQQ,629.28,629.3,629.28,629.3,164.0,629.2834,5
2026-02-03 04:51:00-05:00,QQQ,629.32,629.37,629.32,629.37,2426.0,629.3537,29
2026-02-03 04:52:00-05:00,QQQ,629.37,629.37,629.36,629.36,755.0,629.3656,17
2026-02-03 04:53:00-05:00,QQQ,629.33,629.34,629.33,629.34,1044.0,629.3318,17
2026-02-03 04:54:00-05:00,QQQ,629.26,629.26,629.16,629.16,974.0,629.2101,19
2026-02-03 04:55:00-05:00,QQQ,629.12,629.13,629.02,629.02,599.0,629.1088,11
2026-02-03 04:56:00-05:00,QQQ,629.0,629.07,628.97,629.06,3336.0,629.0485,34
2026-02-03 04:57:00-05:00,QQQ,629.02,629.03,628.97,628.97,1570.0,629.0041,28
2026-02-03 04:58:00-05:00,QQQ,629.04,629.1,628.98,629.02,3564.0,629.0297,47
2026-02-03 04:59:00-05:00,QQQ,629.03,629.18,629.03,629.14,2747.0,629.0662,24
2026-02-03 05:00:00-05:00,QQQ,629.22,629.32,629.17,629.32,3761.0,629.2436,36
2026-02-03 05:01:00-05:00,QQQ,629.24,629.24,629.14,629.14,210.0,629.2018,7
2026-02-03 05:02:00-05:00,QQQ,629.24,629.3,629.24,629.3,451.0,629.257,12
2026-02-03 05:03:00-05:00,QQQ,629.39,629.45,629.34,629.4,1130.0,629.3989,20
2026-02-03 05:04:00-05:00,QQQ,629.4,629.48,629.39,629.43,1040.0,629.4537,17
2026-02-03 05:05:00-05:00,QQQ,629.46,629.64,629.46,629.6,1519.0,629.5712,32
2026-02-03 05:06:00-05:00,QQQ,629.54,629.56,629.5,629.52,654.0,629.5254,15
2026-02-03 05:07:00-05:00,QQQ,629.47,629.52,629.47,629.52,502.0,629.4784,11
2026-02-03 05:08:00-05:00,QQQ,629.54,629.56,629.49,629.55,1885.0,629.5445,27
2026-02-03 05:10:00-05:00,QQQ,629.55,629.67,629.48,629.48,2733.0,629.5823,51
2026-02-03 05:11:00-05:00,QQQ,629.46,629.48,629.46,629.47,655.0,629.4708,11
2026-02-03 05:12:00-05:00,QQQ,629.49,629.49,629.47,629.47,257.0,629.4788,8
2026-02-03 05:13:00-05:00,QQQ,629.52,629.52,629.49,629.5,514.0,629.5016,10
2026-02-03 05:14:00-05:00,QQQ,629.43,629.44,629.43,629.44,733.0,629.4354,11
2026-02-03 05:15:00-05:00,QQQ,629.44,629.44,629.44,629.44,1532.0,629.4389,14
2026-02-03 05:16:00-05:00,QQQ,629.56,629.57,629.54,629.56,1802.0,629.5553,28
2026-02-03 05:17:00-05:00,QQQ,629.48,629.48,629.48,629.48,137.0,629.4788,5
2026-02-03 05:18:00-05:00,QQQ,629.46,629.46,629.46,629.46,212.0,629.4596,6
2026-02-03 05:19:00-05:00,QQQ,629.2,629.29,629.2,629.29,1929.0,629.2507,18
2026-02-03 05:20:00-05:00,QQQ,629.33,629.33,629.28,629.28,383.0,629.292,13
2026-02-03 05:22:00-05:00,QQQ,629.28,629.28,629.2,629.2,840.0,629.235,13
2026-02-03 05:23:00-05:00,QQQ,629.2,629.3,629.2,629.3,414.0,629.2509,11
2026-02-03 05:25:00-05:00,QQQ,629.15,629.15,629.15,629.15,165.0,629.1657,7
2026-02-03 05:26:00-05:00,QQQ,629.19,629.25,629.19,629.25,565.0,629.2178,7
2026-02-03 05:27:00-05:00,QQQ,629.21,629.21,629.2,629.2,286.0,629.1943,16
2026-02-03 05:28:00-05:00,QQQ,629.3,629.31,629.19,629.19,1416.0,629.2426,20
2026-02-03 05:29:00-05:00,QQQ,629.21,629.23,629.21,629.23,730.0,629.2142,11
2026-02-03 05:30:00-05:00,QQQ,629.22,629.22,629.12,629.12,1274.0,629.1597,24
2026-02-03 05:31:00-05:00,QQQ,629.11,629.11,629.1,629.1,473.0,629.1062,12
2026-02-03 05:32:00-05:00,QQQ,629.03,629.11,629.03,629.11,3676.0,629.0771,50
2026-02-03 05:33:00-05:00,QQQ,629.13,629.14,629.05,629.07,3378.0,629.0976,45
2026-02-03 05:34:00-05:00,QQQ,629.01,629.05,628.94,628.94,1190.0,629.0,30
2026-02-03 05:35:00-05:00,QQQ,628.99,629.0,628.8,628.8,777.0,628.9418,35
2026-02-03 05:36:00-05:00,QQQ,628.85,628.87,628.84,628.84,2274.0,628.8503,28
2026-02-03 05:37:00-05:00,QQQ,628.78,628.9,628.78,628.9,328.0,628.8234,13
2026-02-03 05:38:00-05:00,QQQ,628.9,628.9,628.9,628.9,123.0,628.8946,4
2026-02-03 05:39:00-05:00,QQQ,628.91,628.94,628.9,628.9,1235.0,628.9102,20
2026-02-03 05:40:00-05:00,QQQ,628.75,628.87,628.69,628.77,2675.0,628.7773,51
2026-02-03 05:41:00-05:00,QQQ,628.62,628.62,628.62,628.62,516.0,628.6338,25
2026-02-03 05:42:00-05:00,QQQ,628.74,628.74,628.64,628.68,4439.0,628.6878,34
2026-02-03 05:43:00-05:00,QQQ,628.77,628.77,628.69,628.69,673.0,628.754,15
2026-02-03 05:44:00-05:00,QQQ,628.73,628.76,628.65,628.76,1045.0,628.7028,21
2026-02-03 05:45:00-05:00,QQQ,628.63,628.71,628.63,628.71,5133.0,628.6336,52
2026-02-03 05:46:00-05:00,QQQ,628.69,628.79,628.69,628.79,777.0,628.7467,20
2026-02-03 05:47:00-05:00,QQQ,628.8,628.83,628.77,628.79,1518.0,628.8059,26
2026-02-03 05:48:00-05:00,QQQ,628.81,628.84,628.74,628.84,968.0,628.81,31
2026-02-03 05:49:00-05:00,QQQ,628.86,628.88,628.86,628.88,445.0,628.8578,13
2026-02-03 05:50:00-05:00,QQQ,628.81,628.91,628.81,628.91,493.0,628.8657,15
2026-02-03 05:51:00-05:00,QQQ,628.84,628.84,628.78,628.8,915.0,628.8042,15
2026-02-03 05:52:00-05:00,QQQ,628.88,628.88,628.65,628.76,14975.0,628.7629,363
2026-02-03 05:53:00-05:00,QQQ,628.8,628.9,628.8,628.89,1933.0,628.8428,42
2026-02-03 05:54:00-05:00,QQQ,628.98,629.0,628.95,629.0,713.0,628.9855,16
2026-02-03 05:55:00-05:00,QQQ,629.0,629.0,629.0,629.0,77.0,628.9995,8
2026-02-03 05:56:00-05:00,QQQ,628.9,628.9,628.9,628.9,253.0,628.8987,6
2026-02-03 05:59:00-05:00,QQQ,628.94,628.95,628.94,628.95,331.0,628.9442,13
2026-02-03 06:00:00-05:00,QQQ,628.77,628.79,628.77,628.79,249.0,628.7985,19
2026-02-03 06:01:00-05:00,QQQ,628.74,628.75,628.66,628.75,343.0,628.7383,14
2026-02-03 06:02:00-05:00,QQQ,628.95,628.95,628.94,628.94,724.0,628.9452,14
2026-02-03 06:03:00-05:00,QQQ,628.89,628.89,628.85,628.85,686.0,628.8671,16
2026-02-03 06:04:00-05:00,QQQ,628.63,628.66,628.6,628.65,1710.0,628.6338,20
2026-02-03 06:05:00-05:00,QQQ,628.67,628.75,628.53,628.75,1073.0,628.6156,31
2026-02-03 06:06:00-05:00,QQQ,628.78,628.79,628.69,628.7,2989.0,628.7195,44
2026-02-03 06:07:00-05:00,QQQ,628.7,628.7,628.64,628.64,487.0,628.6878,15
2026-02-03 06:08:00-05:00,QQQ,628.72,628.72,628.7,628.7,155.0,628.7249,6
2026-02-03 06:09:00-05:00,QQQ,628.65,628.65,628.56,628.56,371.0,628.6073,15
2026-02-03 06:10:00-05:00,QQQ,628.52,628.65,628.46,628.52,2215.0,628.5071,48
2026-02-03 06:11:00-05:00,QQQ,628.53,628.57,628.49,628.57,1004.0,628.554,28
2026-02-03 06:12:00-05:00,QQQ,628.6,628.76,628.6,628.73,1757.0,628.6463,36
2026-02-03 06:13:00-05:00,QQQ,628.75,628.88,628.75,628.88,421.0,628.8182,19
2026-02-03 06:14:00-05:00,QQQ,628.87,628.9,628.82,628.82,744.0,628.8603,17
2026-02-03 06:15:00-05:00,QQQ,628.81,628.84,628.78,628.84,1213.0,628.8282,26
2026-02-03 06:16:00-05:00,QQQ,628.83,628.83,628.83,628.83,81.0,628.8256,8
2026-02-03 06:17:00-05:00,QQQ,628.83,628.89,628.76,628.76,737.0,628.7926,17
2026-02-03 06:18:00-05:00,QQQ,628.78,628.78,628.71,628.71,1767.0,628.7281,27
2026-02-03 06:19:00-05:00,QQQ,628.73,628.8,628.73,628.79,1373.0,628.771,14
2026-02-03 06:20:00-05:00,QQQ,628.81,628.94,628.81,628.94,294.0,628.8537,24
2026-02-03 06:21:00-05:00,QQQ,628.97,629.02,628.91,628.91,2361.0,628.9897,33
2026-02-03 06:24:00-05:00,QQQ,628.84,628.86,628.79,628.79,450.0,628.8122,18
2026-02-03 06:25:00-05:00,QQQ,628.77,628.85,628.77,628.83,896.0,628.8269,13
2026-02-03 06:26:00-05:00,QQQ,628.81,628.82,628.74,628.74,1084.0,628.7781,23
2026-02-03 06:27:00-05:00,QQQ,628.6,628.6,628.52,628.53,1333.0,628.5456,39
2026-02-03 06:28:00-05:00,QQQ,628.53,628.61,628.53,628.61,1352.0,628.5636,22
2026-02-03 06:29:00-05:00,QQQ,628.64,628.64,628.63,628.63,367.0,628.625,12
2026-02-03 06:30:00-05:00,QQQ,628.62,628.68,628.53,628.53,2282.0,628.6154,38
2026-02-03 06:31:00-05:00,QQQ,628.51,628.52,628.38,628.42,1680.0,628.4326,48
2026-02-03 06:32:00-05:00,QQQ,628.4,628.56,628.38,628.56,1530.0,628.5165,18
2026-02-03 06:33:00-05:00,QQQ,628.55,628.55,628.45,628.46,2065.0,628.4986,33
2026-02-03 06:34:00-05:00,QQQ,628.43,628.52,628.35,628.52,3314.0,628.4547,40
2026-02-03 06:35:00-05:00,QQQ,628.57,628.58,628.45,628.45,1715.0,628.5502,38
2026-02-03 06:36:00-05:00,QQQ,628.43,628.52,628.43,628.52,4553.0,628.4915,83
2026-02-03 06:37:00-05:00,QQQ,628.51,628.51,628.39,628.39,1413.0,628.4572,36
2026-02-03 06:38:00-05:00,QQQ,628.43,628.48,628.43,628.48,1601.0,628.4612,43
2026-02-03 06:39:00-05:00,QQQ,628.45,628.47,628.43,628.45,2686.0,628.4455,52
2026-02-03 06:40:00-05:00,QQQ,628.48,628.56,628.48,628.56,551.0,628.5356,21
2026-02-03 06:41:00-05:00,QQQ,628.56,628.74,628.52,628.68,2813.0,628.623,77
2026-02-03 06:42:00-05:00,QQQ,628.67,628.77,628.67,628.76,4109.0,628.7492,53
2026-02-03 06:43:00-05:00,QQQ,628.79,628.82,628.78,628.82,390.0,628.7967,15
2026-02-03 06:44:00-05:00,QQQ,628.8,628.81,628.74,628.77,1312.0,628.7789,29
2026-02-03 06:45:00-05:00,QQQ,628.81,628.82,628.81,628.81,475.0,628.8055,15
2026-02-03 06:46:00-05:00,QQQ,628.86,629.04,628.86,628.93,2014.0,628.9434,41
2026-02-03 06:47:00-05:00,QQQ,628.97,628.97,628.82,628.82,323.0,628.9148,13
2026-02-03 06:48:00-05:00,QQQ,628.82,628.82,628.74,628.77,938.0,628.7618,16
2026-02-03 06:50:00-05:00,QQQ,628.57,628.6,628.57,628.6,817.0,628.5889,12
2026-02-03 06:51:00-05:00,QQQ,628.62,628.63,628.55,628.58,1276.0,628.6059,21
2026-02-03 06:52:00-05:00,QQQ,628.59,628.68,628.59,628.63,2470.0,628.6418,23
2026-02-03 06:53:00-05:00,QQQ,628.6,628.6,628.59,628.6,338.0,628.5972,10
2026-02-03 06:54:00-05:00,QQQ,628.75,628.75,628.74,628.75,572.0,628.7396,15
2026-02-03 06:55:00-05:00,QQQ,628.85,628.87,628.83,628.84,1465.0,628.847,30
2026-02-03 06:56:00-05:00,QQQ,628.93,628.94,628.88,628.88,987.0,628.9031,27
2026-02-03 06:57:00-05:00,QQQ,628.89,628.93,628.83,628.86,1794.0,628.8842,30
2026-02-03 06:58:00-05:00,QQQ,628.83,628.83,628.6,628.68,5478.0,628.7305,90
2026-02-03 06:59:00-05:00,QQQ,628.73,628.73,628.62,628.62,2356.0,628.6935,28
2026-02-03 07:00:00-05:00,QQQ,628.62,628.84,628.47,628.52,3896.0,628.6482,94
2026-02-03 07:01:00-05:00,QQQ,628.51,628.64,628.26,628.26,3991.0,628.4961,81
2026-02-03 07:02:00-05:00,QQQ,628.24,628.25,628.07,628.11,2883.0,628.1312,83
2026-02-03 07:03:00-05:00,QQQ,628.27,628.38,628.25,628.38,886.0,628.3072,33
2026-02-03 07:04:00-05:00,QQQ,628.41,628.44,628.33,628.33,714.0,628.3503,16
2026-02-03 07:05:00-05:00,QQQ,628.4,628.46,628.32,628.44,2345.0,628.3959,42
2026-02-03 07:06:00-05:00,QQQ,628.43,628.83,628.43,628.75,3086.0,628.6708,70
2026-02-03 07:07:00-05:00,QQQ,628.74,628.84,628.74,628.76,896.0,628.7726,17
2026-02-03 07:08:00-05:00,QQQ,628.85,628.85,628.85,628.85,461.0,628.8521,18
2026-02-03 07:09:00-05:00,QQQ,628.88,628.91,628.84,628.85,1105.0,628.8827,19
2026-02-03 07:10:00-05:00,QQQ,628.839,628.839,628.83,628.83,164.0,628.8285,19
2026-02-03 07:11:00-05:00,QQQ,628.88,628.94,628.88,628.94,654.0,628.9125,19
2026-02-03 07:12:00-05:00,QQQ,628.94,628.99,628.92,628.99,7967.0,628.9809,71
2026-02-03 07:13:00-05:00,QQQ,629.0,629.11,629.0,629.06,6795.0,629.0303,74
2026-02-03 07:14:00-05:00,QQQ,629.12,629.16,628.99,629.16,1977.0,629.0699,53
2026-02-03 07:15:00-05:00,QQQ,629.16,629.18,629.05,629.1,1050.0,629.1219,30
2026-02-03 07:16:00-05:00,QQQ,629.07,629.07,628.97,628.97,967.0,629.0413,19
2026-02-03 07:17:00-05:00,QQQ,629.08,629.08,628.99,629.03,1443.0,629.0135,20
2026-02-03 07:18:00-05:00,QQQ,628.94,629.05,628.94,629.01,3201.0,629.0027,71
2026-02-03 07:19:00-05:00,QQQ,628.98,629.3,628.98,629.3,3144.0,629.0926,82
2026-02-03 07:20:00-05:00,QQQ,629.27,629.31,629.18,629.29,1374.0,629.2405,32
2026-02-03 07:21:00-05:00,QQQ,629.28,629.35,629.26,629.3,1331.0,629.3035,43
2026-02-03 07:22:00-05:00,QQQ,629.3,629.32,629.24,629.24,4706.0,629.2757,83
2026-02-03 07:23:00-05:00,QQQ,629.23,629.24,629.04,629.17,5216.0,629.1142,73
2026-02-03 07:24:00-05:00,QQQ,629.13,629.24,629.1,629.15,4250.0,629.2034,50
2026-02-03 07:25:00-05:00,QQQ,629.2,629.36,629.19,629.26,2424.0,629.2773,74
2026-02-03 07:26:00-05:00,QQQ,629.21,629.36,629.21,629.35,1924.0,629.32,41
2026-02-03 07:27:00-05:00,QQQ,629.38,629.45,629.36,629.44,3402.0,629.403,74
2026-02-03 07:28:00-05:00,QQQ,629.41,629.59,629.41,629.56,4294.0,629.5482,89
2026-02-03 07:29:00-05:00,QQQ,629.54,629.56,629.49,629.55,2204.0,629.5272,42
2026-02-03 07:30:00-05:00,QQQ,629.57,629.6,629.46,629.49,2601.0,629.5369,50
2026-02-03 07:31:00-05:00,QQQ,629.46,629.65,629.46,629.55,3035.0,629.6048,85
2026-02-03 07:32:00-05:00,QQQ,629.53,629.62,629.53,629.61,2013.0,629.5997,50
2026-02-03 07:33:00-05:00,QQQ,629.65,629.76,629.59,629.6,3632.0,629.6961,119
2026-02-03 07:34:00-05:00,QQQ,629.53,629.69,629.52,629.6,6441.0,629.6348,151
2026-02-03 07:35:00-05:00,QQQ,629.62,629.62,629.53,629.53,1993.0,629.5721,61
2026-02-03 07:36:00-05:00,QQQ,629.54,629.63,629.53,629.59,3687.0,629.5774,90
2026-02-03 07:37:00-05:00,QQQ,629.65,629.75,629.61,629.65,9690.0,629.6961,218
2026-02-03 07:38:00-05:00,QQQ,629.65,629.65,629.53,629.62,5278.0,629.6048,114
2026-02-03 07:39:00-05:00,QQQ,629.69,629.71,629.58,629.58,1501.0,629.6761,36
2026-02-03 07:40:00-05:00,QQQ,629.62,629.62,629.59,629.6,941.0,629.612,44
2026-02-03 07:41:00-05:00,QQQ,629.59,629.68,629.52,629.52,3115.0,629.6199,91
2026-02-03 07:42:00-05:00,QQQ,629.51,629.52,629.48,629.49,928.0,629.5011,36
2026-02-03 07:44:00-05:00,QQQ,629.54,629.58,629.48,629.51,9427.0,629.5625,130
2026-02-03 07:45:00-05:00,QQQ,629.53,629.65,629.53,629.64,615.0,629.6076,21
2026-02-03 07:46:00-05:00,QQQ,629.62,629.72,629.52,629.56,3481.0,629.6112,101
2026-02-03 07:47:00-05:00,QQQ,629.54,629.61,629.54,629.59,546.0,629.5696,31
2026-02-03 07:48:00-05:00,QQQ,629.59,629.71,629.59,629.6,1359.0,629.6498,54
2026-02-03 07:49:00-05:00,QQQ,629.59,629.69,629.58,629.66,920.0,629.6215,32
2026-02-03 07:50:00-05:00,QQQ,629.621,629.74,629.55,629.55,1373.0,629.6573,38
2026-02-03 07:51:00-05:00,QQQ,629.59,629.59,629.5,629.5,625.0,629.5456,43
2026-02-03 07:52:00-05:00,QQQ,629.44,629.53,629.42,629.5,1123.0,629.4578,40
2026-02-03 07:53:00-05:00,QQQ,629.51,629.51,629.48,629.5,474.0,629.4997,25
2026-02-03 07:54:00-05:00,QQQ,629.5,629.5,629.45,629.45,798.0,629.4865,29
2026-02-03 07:55:00-05:00,QQQ,629.4,629.4,629.38,629.38,485.0,629.4116,24
2026-02-03 07:56:00-05:00,QQQ,629.5,629.5,629.41,629.41,754.0,629.464,31
2026-02-03 07:57:00-05:00,QQQ,629.45,629.49,629.44,629.49,8483.0,629.4633,126
2026-02-03 07:58:00-05:00,QQQ,629.48,629.53,629.43,629.44,4892.0,629.4701,88
2026-02-03 07:59:00-05:00,QQQ,629.4,629.4,629.37,629.4,907.0,629.3813,24
2026-02-03 08:00:00-05:00,QQQ,628.6784,630.53,628.11,629.48,128544.0,629.5199,3124
2026-02-03 08:01:00-05:00,QQQ,629.42,630.4,628.82,629.46,7732.0,629.6418,601
2026-02-03 08:02:00-05:00,QQQ,629.47,629.82,628.55,629.43,10775.0,629.4143,253
2026-02-03 08:03:00-05:00,QQQ,629.36,629.52,629.36,629.52,2381.0,629.4086,69
2026-02-03 08:04:00-05:00,QQQ,629.48,629.48,629.365,629.365,1405.0,629.4225,44
2026-02-03 08:05:00-05:00,QQQ,629.46,629.51,629.39,629.51,1780.0,629.4208,67
2026-02-03 08:06:00-05:00,QQQ,629.55,630.0,629.41,629.71,7471.0,629.6923,250
2026-02-03 08:07:00-05:00,QQQ,629.72,629.73,629.69,629.7,1060.0,629.7107,37
2026-02-03 08:08:00-05:00,QQQ,629.75,629.79,629.7,629.7,7541.0,629.7543,116
2026-02-03 08:09:00-05:00,QQQ,629.7091,629.8,629.58,629.78,3480.0,629.5617,98
2026-02-03 08:10:00-05:00,QQQ,629.78,629.85,629.76,629.8,2690.0,629.6101,90
2026-02-03 08:11:00-05:00,QQQ,629.8,629.9,629.8,629.86,3027.0,629.861,80
2026-02-03 08:12:00-05:00,QQQ,629.76,629.92,629.76,629.91,5564.0,629.8878,105
2026-02-03 08:13:00-05:00,QQQ,629.9,629.92,629.81,629.82,2138.0,629.8743,74
2026-02-03 08:14:00-05:00,QQQ,629.74,629.74,629.6,629.6,1616.0,629.6746,72
2026-02-03 08:15:00-05:00,QQQ,629.64,629.725,629.6107,629.68,4074.0,629.6609,68
2026-02-03 08:16:00-05:00,QQQ,629.67,629.81,629.63,629.76,2658.0,629.762,72
2026-02-03 08:17:00-05:00,QQQ,629.74,629.74,629.6,629.63,1721.0,629.6747,57
2026-02-03 08:18:00-05:00,QQQ,629.68,629.82,629.68,629.82,10604.0,629.7283,111
2026-02-03 08:19:00-05:00,QQQ,629.83,629.83,629.74,629.76,1980.0,629.7801,64
2026-02-03 08:20:00-05:00,QQQ,629.75,629.75,629.61,629.61,2294.0,629.6577,76
2026-02-03 08:21:00-05:00,QQQ,629.59,629.59,629.52,629.52,2763.0,629.5295,74
2026-02-03 08:22:00-05:00,QQQ,629.5,629.52,629.37,629.44,3970.0,629.4803,87
2026-02-03 08:23:00-05:00,QQQ,629.38,629.46,629.33,629.41,5764.0,629.3754,136
2026-02-03 08:24:00-05:00,QQQ,629.37,629.4,629.29,629.32,8689.0,629.3446,140
2026-02-03 08:25:00-05:00,QQQ,629.32,629.4,629.31,629.37,3875.0,629.3592,92
2026-02-03 08:26:00-05:00,QQQ,629.35,629.7238,629.35,629.7238,6030.0,629.4825,134
2026-02-03 08:27:00-05:00,QQQ,629.6828,629.69,629.64,629.69,5486.0,629.659,74
2026-02-03 08:28:00-05:00,QQQ,629.68,629.68,629.67,629.67,741.0,629.6789,46
2026-02-03 08:29:00-05:00,QQQ,629.69,629.69,629.61,629.65,3921.0,629.6353,70
2026-02-03 08:30:00-05:00,QQQ,629.65,629.69,629.51,629.51,5109.0,629.5875,112
2026-02-03 08:31:00-05:00,QQQ,629.49,629.61,629.49,629.51,4303.0,629.5265,104
2026-02-03 08:32:00-05:00,QQQ,629.5,629.761,629.5,629.761,6940.0,629.6615,124
2026-02-03 08:33:00-05:00,QQQ,629.78,629.83,629.6,629.6,4626.0,629.7628,92
2026-02-03 08:34:00-05:00,QQQ,629.5,629.67,629.44,629.67,5255.0,629.5196,116
2026-02-03 08:35:00-05:00,QQQ,629.72,629.72,629.34,629.34,2164.0,629.5489,72
2026-02-03 08:36:00-05:00,QQQ,629.36,629.5,629.36,629.42,1051.0,629.4185,48
2026-02-03 08:37:00-05:00,QQQ,629.45,629.45,629.36,629.4,1363.0,629.3936,50
2026-02-03 08:38:00-05:00,QQQ,629.45,629.5,629.37,629.39,1284.0,629.4598,47
2026-02-03 08:39:00-05:00,QQQ,629.44,629.48,629.37,629.48,1394.0,629.4276,58
2026-02-03 08:40:00-05:00,QQQ,629.5,629.5384,629.32,629.32,4200.0,629.4225,118
2026-02-03 08:41:00-05:00,QQQ,629.29,629.35,629.2,629.3406,3774.0,629.2762,121
2026-02-03 08:42:00-05:00,QQQ,629.32,629.37,629.28,629.3,2569.0,629.3319,97
2026-02-03 08:43:00-05:00,QQQ,629.28,629.35,629.2599,629.2599,5837.0,629.2983,84
2026-02-03 08:44:00-05:00,QQQ,629.28,629.29,629.21,629.2821,4622.0,629.2567,103
2026-02-03 08:45:00-05:00,QQQ,629.25,629.34,629.23,629.33,4720.0,629.2915,118
2026-02-03 08:46:00-05:00,QQQ,629.36,629.44,629.33,629.3401,5735.0,629.3923,143
2026-02-03 08:47:00-05:00,QQQ,629.3446,629.3899,629.29,629.31,4372.0,629.2634,120
2026-02-03 08:48:00-05:00,QQQ,629.35,629.4,629.3,629.33,10224.0,629.3434,182
2026-02-03 08:49:00-05:00,QQQ,629.36,629.4,629.3508,629.39,5331.0,629.3802,105
2026-02-03 08:50:00-05:00,QQQ,629.37,629.37,629.13,629.15,15286.0,629.2058,226
2026-02-03 08:51:00-05:00,QQQ,629.14,629.14,629.08,629.0896,7268.0,629.1097,154
2026-02-03 08:52:00-05:00,QQQ,629.08,629.17,629.08,629.15,4964.0,629.1318,105
2026-02-03 08:53:00-05:00,QQQ,629.16,629.23,629.14,629.21,5101.0,629.1871,109
2026-02-03 08:54:00-05:00,QQQ,629.21,629.21,629.11,629.17,4150.0,629.1519,101
2026-02-03 08:55:00-05:00,QQQ,629.17,629.22,629.07,629.22,11694.0,629.1385,200
2026-02-03 08:56:00-05:00,QQQ,629.28,629.28,629.02,629.06,13272.0,629.0838,126
2026-02-03 08:57:00-05:00,QQQ,629.07,629.08,628.95,628.99,3227.0,629.0417,142
2026-02-03 08:58:00-05:00,QQQ,628.9846,629.17,628.9846,629.17,3473.0,629.066,104
2026-02-03 08:59:00-05:00,QQQ,629.18,629.19,629.05,629.06,5673.0,629.1233,93
2026-02-03 09:00:00-05:00,QQQ,629.05,629.07,628.89,628.96,6198.0,629.0106,141
2026-02-03 09:01:00-05:00,QQQ,628.92,629.24,628.92,629.24,5376.0,629.0864,126
2026-02-03 09:02:00-05:00,QQQ,629.23,629.23,629.12,629.18,3005.0,629.1799,99
2026-02-03 09:03:00-05:00,QQQ,629.2,629.28,629.2,629.2,2938.0,629.2481,85
2026-02-03 09:04:00-05:00,QQQ,629.19,629.23,629.0862,629.13,3476.0,629.1549,80
2026-02-03 09:05:00-05:00,QQQ,629.09,629.1,628.97,629.07,4674.0,629.0362,118
2026-02-03 09:06:00-05:00,QQQ,629.08,629.08,628.78,628.8911,7016.0,628.9239,160
2026-02-03 09:07:00-05:00,QQQ,628.88,629.06,628.88,629.05,3037.0,628.9315,96
2026-02-03 09:08:00-05:00,QQQ,629.03,629.04,628.86,628.9,2294.0,628.9135,85
2026-02-03 09:09:00-05:00,QQQ,628.87,628.93,628.8299,628.86,6379.0,628.8908,120
2026-02-03 09:10:00-05:00,QQQ,628.85,628.89,628.76,628.83,8448.0,628.8484,146
2026-02-03 09:11:00-05:00,QQQ,628.85,628.92,628.82,628.85,4152.0,628.857,112
2026-02-03 09:12:00-05:00,QQQ,628.86,628.9,628.8,628.81,2668.0,628.8445,81
2026-02-03 09:13:00-05:00,QQQ,628.83,628.89,628.8,628.8,5452.0,628.8453,112
2026-02-03 09:14:00-05:00,QQQ,628.83,628.84,628.76,628.84,5092.0,628.81,106
2026-02-03 09:15:00-05:00,QQQ,628.8,628.81,628.56,628.57,9363.0,628.6927,232
2026-02-03 09:16:00-05:00,QQQ,628.55,628.62,628.4,628.52,15145.0,628.4982,301
2026-02-03 09:17:00-05:00,QQQ,628.58,628.6,628.42,628.6,13641.0,628.494,203
2026-02-03 09:18:00-05:00,QQQ,628.61,628.62,628.53,628.56,4575.0,628.5682,126
2026-02-03 09:19:00-05:00,QQQ,628.54,628.56,628.45,628.48,12978.0,628.4977,107
2026-02-03 09:20:00-05:00,QQQ,628.48,628.58,628.42,628.54,6783.0,628.5322,165
2026-02-03 09:21:00-05:00,QQQ,628.54,628.71,628.54,628.64,14667.0,628.6896,190
2026-02-03 09:22:00-05:00,QQQ,628.67,628.67,628.57,628.6,3027.0,628.6049,80
2026-02-03 09:23:00-05:00,QQQ,628.62,628.6846,628.54,628.551,3403.0,628.61,90
2026-02-03 09:24:00-05:00,QQQ,628.59,628.61,628.5,628.5,2950.0,628.5573,87
2026-02-03 09:25:00-05:00,QQQ,628.5,628.68,628.43,628.46,4037.0,628.552,159
2026-02-03 09:26:00-05:00,QQQ,628.47,628.5254,628.34,628.49,4560.0,628.445,113
2026-02-03 09:27:00-05:00,QQQ,628.41,628.54,628.37,628.51,5327.0,628.4351,104
2026-02-03 09:28:00-05:00,QQQ,628.55,628.69,628.3704,628.42,4026.0,628.5131,105
2026-02-03 09:29:00-05:00,QQQ,628.25,628.26,628.12,628.25,18097.0,628.2263,166
2026-02-03 09:30:00-05:00,QQQ,628.3,628.7,627.56,628.54,713192.0,628.0338,11948
2026-02-03 09:31:00-05:00,QQQ,628.41,628.56,627.07,627.17,349055.0,627.8766,4704
2026-02-03 09:32:00-05:00,QQQ,627.22,627.48,626.92,627.0001,522281.0,627.2098,6919
2026-02-03 09:33:00-05:00,QQQ,627.01,627.1205,626.43,626.4799,283424.0,626.7759,5077
2026-02-03 09:34:00-05:00,QQQ,626.45,626.9,625.96,626.84,349781.0,626.2881,5969
2026-02-03 09:35:00-05:00,QQQ,626.86,627.26,626.46,626.68,305910.0,626.7868,4442
2026-02-03 09:36:00-05:00,QQQ,626.68,626.81,626.27,626.62,268724.0,626.5488,3728
2026-02-03 09:37:00-05:00,QQQ,626.65,626.67,625.79,626.0499,324674.0,626.0977,4542
2026-02-03 09:38:00-05:00,QQQ,626.03,626.11,625.37,625.8301,272865.0,625.7051,3971
2026-02-03 09:39:00-05:00,QQQ,625.86,625.89,625.28,625.51,159363.0,625.553,2473
2026-02-03 09:40:00-05:00,QQQ,625.51,625.956,625.46,625.59,311828.0,625.6548,4471
2026-02-03 09:41:00-05:00,QQQ,625.58,625.58,624.85,625.15,331195.0,625.1759,4947
2026-02-03 09:42:00-05:00,QQQ,625.16,625.39,624.71,625.07,305898.0,625.076,4336
2026-02-03 09:43:00-05:00,QQQ,625.09,629.98,623.19,623.74,585287.0,623.8133,8835
2026-02-03 09:44:00-05:00,QQQ,623.74,624.06,623.51,623.8899,254216.0,623.7999,4612
2026-02-03 09:45:00-05:00,QQQ,623.87,624.38,623.61,624.095,282846.0,624.0262,4917
2026-02-03 09:46:00-05:00,QQQ,624.11,624.6,623.91,624.45,226652.0,624.2328,4192
2026-02-03 09:47:00-05:00,QQQ,624.46,625.295,624.34,624.97,276491.0,624.9095,4823
2026-02-03 09:48:00-05:00,QQQ,624.98,625.3,624.84,625.14,268252.0,625.0988,3650
2026-02-03 09:49:00-05:00,QQQ,625.14,625.27,624.58,625.0006,262693.0,624.9356,4091
2026-02-03 09:50:00-05:00,QQQ,624.98,624.99,624.2307,624.3,222548.0,624.6228,3811
2026-02-03 09:51:00-05:00,QQQ,624.3,624.35,623.72,623.92,281884.0,624.7703,3742
2026-02-03 09:52:00-05:00,QQQ,623.97,624.54,623.76,624.51,219922.0,624.1357,3971
2026-02-03 09:53:00-05:00,QQQ,624.53,624.53,623.97,624.29,166754.0,624.1893,2983
2026-02-03 09:54:00-05:00,QQQ,624.31,624.34,623.08,623.09,243612.0,623.7149,4628
2026-02-03 09:55:00-05:00,QQQ,623.07,623.26,622.56,622.59,494365.0,622.8235,7581
2026-02-03 09:56:00-05:00,QQQ,622.6,622.69,621.97,621.98,269559.0,622.3056,5173
2026-02-03 09:57:00-05:00,QQQ,622.0,622.16,621.44,621.49,365419.0,621.8923,6007
2026-02-03 09:58:00-05:00,QQQ,621.49,621.53,621.06,621.4,472308.0,621.3128,6317
2026-02-03 09:59:00-05:00,QQQ,621.39,621.45,620.7415,620.96,311802.0,621.095,4972
2026-02-03 10:00:00-05:00,QQQ,620.98,621.3,620.03,620.43,567105.0,620.6463,7904
2026-02-03 10:01:00-05:00,QQQ,620.44,620.54,619.92,620.02,373826.0,620.1337,5914
2026-02-03 10:02:00-05:00,QQQ,619.97,620.24,619.49,619.52,382914.0,619.971,5552
2026-02-03 10:03:00-05:00,QQQ,619.495,620.89,619.35,620.8,389507.0,620.0016,5978
2026-02-03 10:04:00-05:00,QQQ,620.77,621.2511,620.43,620.43,362428.0,620.9583,6256
2026-02-03 10:05:00-05:00,QQQ,620.42,621.06,620.38,620.68,233100.0,620.7436,4593
2026-02-03 10:06:00-05:00,QQQ,620.65,620.65,619.7,619.87,258264.0,620.0533,4620
2026-02-03 10:07:00-05:00,QQQ,619.85,619.85,619.03,619.14,350326.0,619.3334,6021
2026-02-03 10:08:00-05:00,QQQ,619.17,619.895,618.94,619.75,393908.0,619.3626,6515
2026-02-03 10:09:00-05:00,QQQ,619.78,620.29,619.5,620.29,368032.0,619.9409,5654
2026-02-03 10:10:00-05:00,QQQ,620.3,620.45,619.96,620.04,384583.0,620.2234,5967
2026-02-03 10:11:00-05:00,QQQ,620.03,620.13,619.39,619.58,292516.0,619.8399,4875
2026-02-03 10:12:00-05:00,QQQ,619.59,619.62,619.05,619.06,265149.0,619.2872,4700
2026-02-03 10:13:00-05:00,QQQ,619.02,619.36,618.64,618.79,374092.0,618.9092,6335
2026-02-03 10:14:00-05:00,QQQ,618.78,619.21,618.51,619.08,278603.0,618.8522,5039
2026-02-03 10:15:00-05:00,QQQ,619.07,619.26,618.82,619.15,208313.0,619.0204,4554
2026-02-03 10:16:00-05:00,QQQ,619.14,620.04,618.89,619.73,321420.0,619.6032,5689
2026-02-03 10:17:00-05:00,QQQ,619.71,619.7299,619.1,619.48,202946.0,619.4247,4200
2026-02-03 10:18:00-05:00,QQQ,619.46,619.63,619.22,619.23,281058.0,619.4467,5148
2026-02-03 10:19:00-05:00,QQQ,619.22,619.69,619.03,619.6,265544.0,619.4412,4796
2026-02-03 10:20:00-05:00,QQQ,619.59,620.18,619.47,620.165,611689.0,619.7957,6573
2026-02-03 10:21:00-05:00,QQQ,620.17,620.32,619.57,619.5712,291728.0,620.0121,5776
2026-02-03 10:22:00-05:00,QQQ,619.55,619.58,618.86,618.86,249243.0,619.1689,5753
2026-02-03 10:23:00-05:00,QQQ,618.86,619.15,618.143,618.365,389893.0,618.5382,7574
2026-02-03 10:24:00-05:00,QQQ,618.35,618.38,617.24,617.28,424838.0,617.5996,8469
2026-02-03 10:25:00-05:00,QQQ,617.26,618.33,617.08,618.31,333535.0,617.6626,6175
2026-02-03 10:26:00-05:00,QQQ,618.34,619.29,618.29,618.97,335664.0,618.8454,6375
2026-02-03 10:27:00-05:00,QQQ,618.97,619.43,618.64,619.1901,222319.0,619.045,4816
2026-02-03 10:28:00-05:00,QQQ,619.2,619.29,618.93,619.25,194488.0,619.1044,4294
2026-02-03 10:29:00-05:00,QQQ,619.23,619.38,618.68,618.92,159826.0,618.9718,3901
2026-02-03 10:30:00-05:00,QQQ,618.9,619.22,618.51,618.61,234715.0,618.8405,4902
2026-02-03 10:31:00-05:00,QQQ,618.605,618.83,618.29,618.46,228183.0,618.5909,4416
2026-02-03 10:32:00-05:00,QQQ,618.47,619.31,618.24,619.21,293357.0,618.5815,5279
2026-02-03 10:33:00-05:00,QQQ,619.209,619.29,618.33,618.34,183043.0,618.928,3834
2026-02-03 10:34:00-05:00,QQQ,618.33,618.4,617.77,617.81,278836.0,617.9798,5536
2026-02-03 10:35:00-05:00,QQQ,617.8,617.9,617.39,617.48,219285.0,617.6547,4625
2026-02-03 10:36:00-05:00,QQQ,617.49,618.0999,617.35,617.77,197467.0,617.7745,4087
2026-02-03 10:37:00-05:00,QQQ,617.73,618.54,617.72,618.42,196309.0,618.1481,4161
2026-02-03 10:38:00-05:00,QQQ,618.43,618.8199,618.25,618.8199,174235.0,618.554,3904
2026-02-03 10:39:00-05:00,QQQ,618.77,618.96,618.55,618.93,159648.0,618.7355,4257
2026-02-03 10:40:00-05:00,QQQ,618.92,619.25,618.63,618.935,229283.0,618.9695,4335
2026-02-03 10:41:00-05:00,QQQ,618.92,619.0,618.45,618.58,186970.0,618.7355,4202
2026-02-03 10:42:00-05:00,QQQ,618.59,618.96,618.47,618.85,132851.0,618.6701,3177
2026-02-03 10:43:00-05:00,QQQ,618.87,618.93,618.52,618.68,113144.0,618.7217,2996
2026-02-03 10:44:00-05:00,QQQ,618.69,618.89,618.359,618.36,149404.0,618.6159,3470
2026-02-03 10:45:00-05:00,QQQ,618.35,618.42,617.74,618.05,483689.0,619.7443,4777
2026-02-03 10:46:00-05:00,QQQ,618.07,618.41,618.01,618.33,175692.0,618.1947,3394
2026-02-03 10:47:00-05:00,QQQ,618.4,619.49,618.39,619.35,339209.0,619.0933,6027
2026-02-03 10:48:00-05:00,QQQ,619.37,619.75,619.145,619.715,167983.0,619.4468,3623
2026-02-03 10:49:00-05:00,QQQ,619.7041,620.05,619.52,620.03,190619.0,619.7334,3478
2026-02-03 10:50:00-05:00,QQQ,619.99,620.63,619.96,620.62,259108.0,620.2575,4661
2026-02-03 10:51:00-05:00,QQQ,620.63,620.65,620.21,620.24,238486.0,620.4701,4149
2026-02-03 10:52:00-05:00,QQQ,620.25,620.27,619.32,619.4,239051.0,619.6619,4427
2026-02-03 10:53:00-05:00,QQQ,619.4,619.56,618.97,619.295,201497.0,619.291,3993
2026-02-03 10:54:00-05:00,QQQ,619.24,620.045,619.23,619.97,194751.0,619.6208,3992
2026-02-03 10:55:00-05:00,QQQ,619.9597,620.44,619.94,620.43,131974.0,620.1785,3169
2026-02-03 10:56:00-05:00,QQQ,620.44,620.82,620.28,620.74,180022.0,620.6207,3599
2026-02-03 10:57:00-05:00,QQQ,620.7,620.87,620.48,620.62,212230.0,620.6415,3560
2026-02-03 10:58:00-05:00,QQQ,620.63,620.95,620.32,620.42,155363.0,620.6382,3196
2026-02-03 10:59:00-05:00,QQQ,620.41,620.7,620.31,620.6,153419.0,620.5119,3466
2026-02-03 11:00:00-05:00,QQQ,620.63,620.66,620.2299,620.26,216287.0,620.4554,3758
2026-02-03 11:01:00-05:00,QQQ,620.25,620.42,620.12,620.24,142498.0,620.282,3123
2026-02-03 11:02:00-05:00,QQQ,620.22,620.36,619.8913,619.8913,159330.0,620.1423,3526
2026-02-03 11:03:00-05:00,QQQ,619.9001,619.9712,619.61,619.71,140683.0,619.7436,3319
2026-02-03 11:04:00-05:00,QQQ,619.75,619.86,619.42,619.4701,111022.0,619.592,3037
2026-02-03 11:05:00-05:00,QQQ,619.51,619.88,619.25,619.775,183056.0,619.536,3953
2026-02-03 11:06:00-05:00,QQQ,619.75,619.7692,619.32,619.35,124425.0,619.5233,3235
2026-02-03 11:07:00-05:00,QQQ,619.34,619.54,619.13,619.47,129309.0,619.3265,3169
2026-02-03 11:08:00-05:00,QQQ,619.46,619.62,619.255,619.5299,96787.0,619.4375,2923
2026-02-03 11:09:00-05:00,QQQ,619.5,619.6,618.98,619.08,112310.0,619.2767,3129
2026-02-03 11:10:00-05:00,QQQ,619.07,619.1,618.61,618.74,206167.0,618.7956,4500
2026-02-03 11:11:00-05:00,QQQ,618.75,619.11,618.7,618.99,129685.0,618.9306,3288
2026-02-03 11:12:00-05:00,QQQ,619.0,619.53,618.905,619.4599,102651.0,619.3265,3224
2026-02-03 11:13:00-05:00,QQQ,619.46,619.91,619.32,619.71,213972.0,619.5527,3344
2026-02-03 11:14:00-05:00,QQQ,619.73,619.77,618.99,619.04,133218.0,619.3401,3313
2026-02-03 11:15:00-05:00,QQQ,619.04,619.29,618.96,619.095,157274.0,619.083,3495
2026-02-03 11:16:00-05:00,QQQ,619.07,619.56,618.97,619.11,104366.0,619.2199,3094
2026-02-03 11:17:00-05:00,QQQ,619.1,619.52,618.9,618.92,93509.0,619.189,2951
2026-02-03 11:18:00-05:00,QQQ,618.93,619.25,618.9,618.96,92268.0,619.0711,2811
2026-02-03 11:19:00-05:00,QQQ,618.96,619.07,618.78,618.9865,114330.0,618.9176,3220
2026-02-03 11:20:00-05:00,QQQ,618.97,619.1841,618.8602,619.02,89294.0,618.9886,2754
2026-02-03 11:21:00-05:00,QQQ,619.0,619.14,618.72,618.79,91655.0,618.8889,2726
2026-02-03 11:22:00-05:00,QQQ,618.772,618.82,618.06,618.06,152716.0,618.4794,3557
2026-02-03 11:23:00-05:00,QQQ,618.05,618.09,617.61,617.95,201856.0,617.8778,4631
2026-02-03 11:24:00-05:00,QQQ,617.96,618.02,617.7851,617.88,523824.0,617.8914,3289
2026-02-03 11:25:00-05:00,QQQ,617.87,618.43,617.65,618.37,174727.0,618.0254,4024
2026-02-03 11:26:00-05:00,QQQ,618.37,618.68,618.21,618.285,112175.0,618.4069,2983
2026-02-03 11:27:00-05:00,QQQ,618.29,618.47,618.19,618.36,102507.0,618.3102,2906
2026-02-03 11:28:00-05:00,QQQ,618.36,618.45,617.955,618.03,80145.0,618.1826,2676
2026-02-03 11:29:00-05:00,QQQ,618.0,618.0,617.6301,617.68,113121.0,617.8499,3101
2026-02-03 11:30:00-05:00,QQQ,617.7,618.01,617.65,617.69,132491.0,617.815,3381
2026-02-03 11:31:00-05:00,QQQ,617.695,617.99,617.56,617.7,121435.0,617.7989,3303
2026-02-03 11:32:00-05:00,QQQ,617.69,617.87,617.63,617.845,111589.0,617.7499,3006
2026-02-03 11:33:00-05:00,QQQ,617.89,617.93,617.25,617.69,225520.0,617.5382,5018
2026-02-03 11:34:00-05:00,QQQ,617.69,618.21,617.69,618.1348,179250.0,618.0109,4113
2026-02-03 11:35:00-05:00,QQQ,618.14,618.6,618.035,618.25,140030.0,618.366,3535
2026-02-03 11:36:00-05:00,QQQ,618.24,618.48,618.07,618.11,158390.0,618.2605,3697
2026-02-03 11:37:00-05:00,QQQ,618.12,618.19,617.78,618.08,114177.0,617.9825,3290
2026-02-03 11:38:00-05:00,QQQ,618.07,618.19,617.83,617.92,84574.0,617.987,2549
2026-02-03 11:39:00-05:00,QQQ,617.92,618.01,617.61,618.01,102622.0,617.797,2812
2026-02-03 11:40:00-05:00,QQQ,618.0,618.4,617.9218,618.36,114560.0,618.1323,3073
2026-02-03 11:41:00-05:00,QQQ,618.34,618.41,617.79,617.95,114165.0,618.0738,2788
2026-02-03 11:42:00-05:00,QQQ,617.96,618.12,617.84,617.97,115136.0,618.0031,2895
2026-02-03 11:43:00-05:00,QQQ,617.98,618.19,617.81,617.84,89744.0,617.9831,2488
2026-02-03 11:44:00-05:00,QQQ,617.86,617.98,617.74,617.89,65537.0,617.8758,2400
2026-02-03 11:45:00-05:00,QQQ,617.86,618.09,617.73,617.885,78182.0,617.9347,2619
2026-02-03 11:46:00-05:00,QQQ,617.9,618.05,617.45,617.61,111620.0,617.6718,3143
2026-02-03 11:47:00-05:00,QQQ,617.6,618.39,617.48,618.39,96112.0,617.8638,3032
2026-02-03 11:48:00-05:00,QQQ,618.41,618.41,617.97,618.04,107983.0,618.1175,3017
2026-02-03 11:49:00-05:00,QQQ,618.05,618.335,617.96,618.065,185239.0,618.1182,3898
2026-02-03 11:50:00-05:00,QQQ,618.07,618.07,617.35,617.41,154107.0,617.683,3998
2026-02-03 11:51:00-05:00,QQQ,617.43,617.44,617.02,617.15,193831.0,617.2048,4572
2026-02-03 11:52:00-05:00,QQQ,617.13,617.82,617.11,617.81,174043.0,617.5307,3767
2026-02-03 11:53:00-05:00,QQQ,617.81,618.03,617.66,617.99,126415.0,617.9034,3282
2026-02-03 11:54:00-05:00,QQQ,618.0,618.14,617.73,617.86,100973.0,617.9576,2888
2026-02-03 11:55:00-05:00,QQQ,617.86,618.08,617.8,618.045,87964.0,617.9841,2699
2026-02-03 11:56:00-05:00,QQQ,618.04,618.18,617.9,618.17,117151.0,618.0206,3110
2026-02-03 11:57:00-05:00,QQQ,618.18,618.29,618.01,618.24,109858.0,618.1724,2943
2026-02-03 11:58:00-05:00,QQQ,618.24,618.26,617.74,617.74,103519.0,617.9315,3021
2026-02-03 11:59:00-05:00,QQQ,617.74,617.82,617.47,617.56,152292.0,617.6664,3592
2026-02-03 12:00:00-05:00,QQQ,617.57,617.63,617.26,617.5496,221522.0,617.4577,4655
2026-02-03 12:01:00-05:00,QQQ,617.54,617.7,617.32,617.33,116042.0,617.5096,2928
2026-02-03 12:02:00-05:00,QQQ,617.35,617.53,617.25,617.435,90685.0,617.3856,1706
2026-02-03 12:03:00-05:00,QQQ,617.44,617.54,617.3013,617.5101,113834.0,617.4205,1925
2026-02-03 12:04:00-05:00,QQQ,617.52,617.57,617.36,617.53,109299.0,617.46,2112
2026-02-03 12:05:00-05:00,QQQ,617.54,617.55,617.06,617.12,188864.0,617.224,3444
2026-02-03 12:06:00-05:00,QQQ,617.14,617.55,617.01,617.51,151693.0,617.2983,2817
2026-02-03 12:07:00-05:00,QQQ,617.54,617.56,617.22,617.23,160129.0,617.4573,1967
2026-02-03 12:08:00-05:00,QQQ,617.23,617.5,617.15,617.5,116559.0,617.2616,2364
2026-02-03 12:09:00-05:00,QQQ,617.5,617.69,617.41,617.63,109466.0,617.5368,2298
2026-02-03 12:10:00-05:00,QQQ,617.61,617.82,617.54,617.6701,124499.0,617.6518,2181
2026-02-03 12:11:00-05:00,QQQ,617.68,617.7,617.28,617.31,149660.0,617.4274,2813
2026-02-03 12:12:00-05:00,QQQ,617.32,617.33,615.42,615.425,798198.0,616.2422,13736
2026-02-03 12:13:00-05:00,QQQ,615.41,616.1,615.37,615.91,303579.0,615.7594,5058
2026-02-03 12:14:00-05:00,QQQ,615.93,616.2,615.48,615.83,256303.0,615.8418,4580
2026-02-03 12:15:00-05:00,QQQ,615.81,616.17,615.67,615.78,259351.0,615.9345,4266
2026-02-03 12:16:00-05:00,QQQ,615.77,616.06,615.64,615.89,170195.0,615.8574,3021
2026-02-03 12:17:00-05:00,QQQ,615.9,616.12,615.83,616.07,127471.0,615.9644,2493
2026-02-03 12:18:00-05:00,QQQ,616.09,616.68,616.0035,616.64,206614.0,616.3725,3447
2026-02-03 12:19:00-05:00,QQQ,616.66,616.68,615.92,615.92,170200.0,616.3687,3029
2026-02-03 12:20:00-05:00,QQQ,615.93,616.0,615.59,615.61,110667.0,615.8179,2260
2026-02-03 12:21:00-05:00,QQQ,615.59,616.48,615.54,616.3819,249565.0,615.9812,2871
2026-02-03 12:22:00-05:00,QQQ,616.39,616.39,616.05,616.27,74024.0,616.4187,1442
2026-02-03 12:23:00-05:00,QQQ,616.28,616.76,616.25,616.58,96285.0,616.5505,2109
2026-02-03 12:24:00-05:00,QQQ,616.61,616.73,616.46,616.59,107899.0,616.5728,1850
2026-02-03 12:25:00-05:00,QQQ,616.59,616.93,616.59,616.91,123592.0,616.7296,2204
2026-02-03 12:26:00-05:00,QQQ,616.93,616.95,616.47,616.49,124679.0,616.6505,1717
2026-02-03 12:27:00-05:00,QQQ,616.48,616.59,616.21,616.21,86304.0,616.447,1760
2026-02-03 12:28:00-05:00,QQQ,616.22,616.25,615.98,616.05,89689.0,616.0823,1855
2026-02-03 12:29:00-05:00,QQQ,616.05,616.09,615.71,615.72,107965.0,615.901,2137
2026-02-03 12:30:00-05:00,QQQ,615.68,615.87,615.27,615.36,164779.0,615.5663,2916
2026-02-03 12:31:00-05:00,QQQ,615.39,615.64,615.3,615.41,260653.0,615.4141,2413
2026-02-03 12:32:00-05:00,QQQ,615.43,615.55,615.22,615.4,172372.0,615.3568,2620
2026-02-03 12:33:00-05:00,QQQ,615.38,615.51,615.12,615.355,151790.0,615.3311,2496
2026-02-03 12:34:00-05:00,QQQ,615.33,615.5,614.82,614.84,184622.0,615.1139,5082
2026-02-03 12:35:00-05:00,QQQ,614.84,615.13,614.825,615.02,115964.0,615.0113,1994
2026-02-03 12:36:00-05:00,QQQ,615.03,615.08,614.445,614.61,147759.0,614.6795,2743
2026-02-03 12:37:00-05:00,QQQ,614.62,614.85,614.52,614.59,139206.0,614.6729,2277
2026-02-03 12:38:00-05:00,QQQ,614.59,614.77,614.47,614.61,146260.0,614.6262,2318
2026-02-03 12:39:00-05:00,QQQ,614.605,614.82,614.47,614.73,137864.0,614.7379,2479
2026-02-03 12:40:00-05:00,QQQ,614.72,614.72,614.23,614.2884,192561.0,614.427,3048
2026-02-03 12:41:00-05:00,QQQ,614.27,614.34,614.07,614.29,129073.0,614.2052,2384
2026-02-03 12:42:00-05:00,QQQ,614.3,614.56,614.12,614.12,141108.0,614.3461,2361
2026-02-03 12:43:00-05:00,QQQ,614.11,614.235,614.01,614.17,103148.0,614.1323,2145
2026-02-03 12:44:00-05:00,QQQ,614.2,614.465,614.11,614.32,149287.0,614.2513,2535
2026-02-03 12:45:00-05:00,QQQ,614.31,614.645,614.22,614.59,123858.0,614.3491,2236
2026-02-03 12:46:00-05:00,QQQ,614.56,615.04,614.48,614.75,193388.0,614.8278,2881
2026-02-03 12:47:00-05:00,QQQ,614.76,615.19,614.72,615.02,154716.0,614.9737,2619
2026-02-03 12:48:00-05:00,QQQ,615.0299,615.39,614.91,615.27,111792.0,615.172,2201
2026-02-03 12:49:00-05:00,QQQ,615.29,615.42,615.005,615.1,122094.0,615.1678,1915
2026-02-03 12:50:00-05:00,QQQ,615.14,615.55,615.0,615.54,89009.0,615.2895,1779
2026-02-03 12:51:00-05:00,QQQ,615.55,616.0,615.47,615.68,205687.0,615.684,2935
2026-02-03 12:52:00-05:00,QQQ,615.68,615.68,614.92,614.93,111789.0,615.2566,1835
2026-02-03 12:53:00-05:00,QQQ,614.91,615.14,614.725,615.08,99335.0,614.9499,1793
2026-02-03 12:54:00-05:00,QQQ,615.11,615.32,615.05,615.3,114197.0,615.2037,2162
2026-02-03 12:55:00-05:00,QQQ,615.31,615.46,615.06,615.1,78998.0,615.2347,1658
2026-02-03 12:56:00-05:00,QQQ,615.09,615.44,615.0,615.4,90231.0,615.2046,1841
2026-02-03 12:57:00-05:00,QQQ,615.3701,615.53,615.1,615.11,297679.0,615.4538,1943
2026-02-03 12:58:00-05:00,QQQ,615.1,615.45,615.05,615.34,96622.0,615.2809,1827
2026-02-03 12:59:00-05:00,QQQ,615.32,615.37,614.92,615.03,123500.0,615.1247,2116
2026-02-03 13:00:00-05:00,QQQ,614.99,615.1582,614.88,615.02,97016.0,615.0015,1729
2026-02-03 13:01:00-05:00,QQQ,615.02,615.41,614.93,615.01,117949.0,615.1947,2015
2026-02-03 13:02:00-05:00,QQQ,615.0,615.18,614.81,614.88,346642.0,614.7017,1636
2026-02-03 13:03:00-05:00,QQQ,614.9087,614.95,614.71,614.8,61692.0,614.804,1327
2026-02-03 13:04:00-05:00,QQQ,614.78,614.81,614.59,614.65,66663.0,614.6922,1512
2026-02-03 13:05:00-05:00,QQQ,614.65,614.79,614.51,614.69,90366.0,614.6461,1791
2026-02-03 13:06:00-05:00,QQQ,614.69,615.11,614.65,614.87,126021.0,614.8911,2157
2026-02-03 13:07:00-05:00,QQQ,614.87,615.76,614.84,615.49,411840.0,615.1817,5660
2026-02-03 13:08:00-05:00,QQQ,615.5,615.91,615.47,615.83,198989.0,615.6829,3153
2026-02-03 13:09:00-05:00,QQQ,615.82,615.91,615.22,615.29,180859.0,615.5683,2749
2026-02-03 13:10:00-05:00,QQQ,615.285,615.285,614.89,614.89,134445.0,615.0353,2153
2026-02-03 13:11:00-05:00,QQQ,614.88,615.01,614.705,614.83,121847.0,614.8677,1971
2026-02-03 13:12:00-05:00,QQQ,614.83,614.96,614.47,614.49,100301.0,614.7003,1809
2026-02-03 13:13:00-05:00,QQQ,614.48,614.53,613.71,613.73,261133.0,614.1334,4926
2026-02-03 13:14:00-05:00,QQQ,613.74,613.79,613.57,613.73,175462.0,613.6724,2602
2026-02-03 13:15:00-05:00,QQQ,613.72,614.18,613.72,614.14,182671.0,614.0,2869
2026-02-03 13:16:00-05:00,QQQ,614.14,614.28,613.97,614.25,128213.0,614.1579,2009
2026-02-03 13:17:00-05:00,QQQ,614.25,614.29,613.91,613.965,87521.0,614.0526,1318
2026-02-03 13:18:00-05:00,QQQ,613.96,614.45,613.96,614.41,117279.0,614.238,1701
2026-02-03 13:19:00-05:00,QQQ,614.4,614.55,614.31,614.53,50258.0,614.4218,1151
2026-02-03 13:20:00-05:00,QQQ,614.5,614.52,613.93,614.02,115409.0,614.2389,1857
2026-02-03 13:21:00-05:00,QQQ,614.03,614.25,613.97,614.24,83224.0,614.1252,1462
2026-02-03 13:22:00-05:00,QQQ,614.2,614.51,614.16,614.255,182840.0,621.0234,1438
2026-02-03 13:23:00-05:00,QQQ,614.25,614.25,614.0,614.06,61593.0,614.1205,1236
2026-02-03 13:24:00-05:00,QQQ,614.03,614.05,613.79,613.83,48659.0,613.8913,1004
2026-02-03 13:25:00-05:00,QQQ,613.83,613.87,613.41,613.58,131633.0,613.6234,2156
2026-02-03 13:26:00-05:00,QQQ,613.59,613.64,613.41,613.59,88110.0,613.533,1544
2026-02-03 13:27:00-05:00,QQQ,613.57,613.58,613.3,613.51,157111.0,613.4679,2248
2026-02-03 13:28:00-05:00,QQQ,613.52,613.81,613.49,613.56,106521.0,613.661,1915
2026-02-03 13:29:00-05:00,QQQ,613.57,613.74,613.26,613.71,162136.0,613.4698,2732
2026-02-03 13:30:00-05:00,QQQ,613.67,613.68,613.03,613.19,194950.0,613.2489,3318
2026-02-03 13:31:00-05:00,QQQ,613.21,613.424,613.13,613.34,96066.0,613.2344,1724
2026-02-03 13:32:00-05:00,QQQ,613.34,613.64,613.09,613.1,94614.0,613.4214,1747
2026-02-03 13:33:00-05:00,QQQ,613.11,613.18,612.83,613.11,142464.0,613.0027,3218
2026-02-03 13:34:00-05:00,QQQ,613.11,613.235,612.96,613.16,115732.0,613.0688,1792
2026-02-03 13:35:00-05:00,QQQ,613.176,613.27,612.87,613.0,116800.0,613.0485,1968
2026-02-03 13:36:00-05:00,QQQ,613.04,613.179,612.71,612.7401,92528.0,612.9635,1846
2026-02-03 13:37:00-05:00,QQQ,612.72,613.095,612.7,613.03,125040.0,612.9319,1833
2026-02-03 13:38:00-05:00,QQQ,613.03,613.35,613.0,613.19,101450.0,613.1496,1752
2026-02-03 13:39:00-05:00,QQQ,613.18,613.47,613.09,613.42,97544.0,613.2704,1795
2026-02-03 13:40:00-05:00,QQQ,613.41,613.41,612.95,612.98,107957.0,613.1587,1704
2026-02-03 13:41:00-05:00,QQQ,612.98,613.31,612.88,613.0899,94476.0,613.0529,1528
2026-02-03 13:42:00-05:00,QQQ,613.09,613.13,612.52,612.532,99771.0,612.7443,1825
2026-02-03 13:43:00-05:00,QQQ,612.53,612.78,612.53,612.69,107808.0,612.6638,1594
2026-02-03 13:44:00-05:00,QQQ,612.69,612.89,612.69,612.6968,80234.0,612.7621,1437
2026-02-03 13:45:00-05:00,QQQ,612.68,612.691,612.42,612.44,93650.0,612.526,1855
2026-02-03 13:46:00-05:00,QQQ,612.45,612.65,612.39,612.48,102595.0,612.517,1978
2026-02-03 13:47:00-05:00,QQQ,612.5,612.82,612.49,612.74,97242.0,612.6527,1702
2026-02-03 13:48:00-05:00,QQQ,612.77,612.78,612.26,612.26,68433.0,612.4688,1507
2026-02-03 13:49:00-05:00,QQQ,612.28,612.64,612.26,612.6,105854.0,612.4877,1884
2026-02-03 13:50:00-05:00,QQQ,612.57,612.57,612.275,612.36,77273.0,612.4101,1277
2026-02-03 13:51:00-05:00,QQQ,612.38,612.42,612.2,612.42,287424.0,612.7977,1507
2026-02-03 13:52:00-05:00,QQQ,612.42,612.43,612.23,612.31,69864.0,612.3271,1331
2026-02-03 13:53:00-05:00,QQQ,612.32,612.49,612.15,612.15,121653.0,612.365,2226
2026-02-03 13:54:00-05:00,QQQ,612.15,612.24,612.07,612.1376,196276.0,619.5387,1779
2026-02-03 13:55:00-05:00,QQQ,612.14,612.6699,612.11,612.56,274585.0,612.475,2910
2026-02-03 13:56:00-05:00,QQQ,612.58,612.63,612.33,612.38,155544.0,612.5311,2008
2026-02-03 13:57:00-05:00,QQQ,612.41,612.42,611.97,611.98,105313.0,612.0979,3048
2026-02-03 13:58:00-05:00,QQQ,612.005,612.33,612.005,612.3,114702.0,612.1823,1739
2026-02-03 13:59:00-05:00,QQQ,612.31,612.33,611.61,611.61,186453.0,611.8911,3285
2026-02-03 14:00:00-05:00,QQQ,611.6,611.93,611.23,611.75,305353.0,611.5053,4507
2026-02-03 14:01:00-05:00,QQQ,611.74,611.74,611.51,611.53,105502.0,611.6145,1875
2026-02-03 14:02:00-05:00,QQQ,611.51,611.71,611.335,611.335,113924.0,611.5225,1991
2026-02-03 14:03:00-05:00,QQQ,611.33,611.39,611.0788,611.1,131197.0,611.2273,2676
2026-02-03 14:04:00-05:00,QQQ,611.11,611.29,611.11,611.27,104548.0,611.2244,1846
2026-02-03 14:05:00-05:00,QQQ,611.24,611.63,611.04,611.51,120943.0,611.347,2318
2026-02-03 14:06:00-05:00,QQQ,611.5,611.56,611.17,611.28,120588.0,611.3488,1989
2026-02-03 14:07:00-05:00,QQQ,611.295,611.37,611.0,611.06,152013.0,611.1394,2594
2026-02-03 14:08:00-05:00,QQQ,611.04,611.15,610.96,611.0487,164119.0,611.0439,3381
2026-02-03 14:09:00-05:00,QQQ,611.045,611.31,611.02,611.23,146932.0,611.1948,2694
2026-02-03 14:10:00-05:00,QQQ,611.21,611.62,611.14,611.57,205835.0,611.4128,3500
2026-02-03 14:11:00-05:00,QQQ,611.56,612.22,611.56,612.18,226802.0,611.8326,3607
2026-02-03 14:12:00-05:00,QQQ,612.19,612.885,612.0,612.84,268683.0,612.4648,4096
2026-02-03 14:13:00-05:00,QQQ,612.84,613.15,612.66,613.06,306968.0,612.9279,4059
2026-02-03 14:14:00-05:00,QQQ,613.07,613.55,613.04,613.48,380160.0,616.8564,3768
2026-02-03 14:15:00-05:00,QQQ,613.49,613.7,613.32,613.63,387968.0,613.5508,4126
2026-02-03 14:16:00-05:00,QQQ,613.63,613.78,613.26,613.52,216592.0,613.5494,3476
2026-02-03 14:17:00-05:00,QQQ,613.53,613.56,613.16,613.23,260936.0,613.412,3475
2026-02-03 14:18:00-05:00,QQQ,613.24,613.79,613.185,613.77,187332.0,613.5749,3065
2026-02-03 14:19:00-05:00,QQQ,613.77,614.06,613.66,613.81,191388.0,613.8895,3298
2026-02-03 14:20:00-05:00,QQQ,613.81,614.15,613.77,613.97,208436.0,613.9659,3169
2026-02-03 14:21:00-05:00,QQQ,613.98,614.355,613.92,614.31,225631.0,614.2186,3198
2026-02-03 14:22:00-05:00,QQQ,614.27,614.36,613.84,613.89,156089.0,613.993,2342
2026-02-03 14:23:00-05:00,QQQ,613.88,614.09,613.83,614.04,84622.0,613.9721,1600
2026-02-03 14:24:00-05:00,QQQ,614.04,614.21,613.4,613.495,161639.0,613.798,2371
2026-02-03 14:25:00-05:00,QQQ,613.5,613.66,612.52,612.55,241915.0,613.1622,3788
2026-02-03 14:26:00-05:00,QQQ,612.54,612.88,612.4,612.85,226376.0,612.6873,2752
2026-02-03 14:27:00-05:00,QQQ,612.83,613.34,612.64,613.2341,182974.0,612.8872,2634
2026-02-03 14:28:00-05:00,QQQ,613.22,613.41,613.02,613.4017,141291.0,613.1886,2181
2026-02-03 14:29:00-05:00,QQQ,613.402,613.49,612.61,612.84,171802.0,613.0262,2630
2026-02-03 14:30:00-05:00,QQQ,612.79,613.51,612.24,612.345,278726.0,612.804,4539
2026-02-03 14:31:00-05:00,QQQ,612.35,612.54,612.13,612.485,119510.0,612.3521,1868
2026-02-03 14:32:00-05:00,QQQ,612.49,613.08,612.44,612.5299,146745.0,612.6789,2199
2026-02-03 14:33:00-05:00,QQQ,612.53,613.12,612.53,612.77,99937.0,612.8179,1714
2026-02-03 14:34:00-05:00,QQQ,612.78,612.86,612.17,612.25,96956.0,612.3852,1781
2026-02-03 14:35:00-05:00,QQQ,612.21,612.69,612.13,612.54,106156.0,612.463,1664
2026-02-03 14:36:00-05:00,QQQ,612.6,612.83,612.4,612.51,61483.0,612.6168,1255
2026-02-03 14:37:00-05:00,QQQ,612.5,612.845,612.2,612.84,123721.0,612.4618,1693
2026-02-03 14:38:00-05:00,QQQ,612.84,613.04,612.53,612.77,94034.0,612.7866,1623
2026-02-03 14:39:00-05:00,QQQ,612.79,612.85,612.53,612.58,72216.0,612.672,1219
2026-02-03 14:40:00-05:00,QQQ,612.56,612.68,612.22,612.58,114078.0,612.4785,1833
2026-02-03 14:41:00-05:00,QQQ,612.57,612.81,612.53,612.72,84183.0,612.6922,1456
2026-02-03 14:42:00-05:00,QQQ,612.69,612.92,612.58,612.7,90571.0,612.6914,1720
2026-02-03 14:43:00-05:00,QQQ,612.7,612.7,612.03,612.25,142187.0,612.399,2147
2026-02-03 14:44:00-05:00,QQQ,612.26,612.3051,612.05,612.198,65573.0,612.1833,1242
2026-02-03 14:45:00-05:00,QQQ,612.21,612.32,611.843,612.0459,104309.0,612.0448,2108
2026-02-03 14:46:00-05:00,QQQ,612.06,612.14,611.64,611.77,96291.0,611.827,1859
2026-02-03 14:47:00-05:00,QQQ,611.74,612.02,611.7,611.82,79658.0,611.8566,1390
2026-02-03 14:48:00-05:00,QQQ,611.86,611.98,611.73,611.95,66405.0,611.8563,1172
2026-02-03 14:49:00-05:00,QQQ,611.99,612.18,611.71,611.74,99921.0,611.9643,1720
2026-02-03 14:50:00-05:00,QQQ,611.7,612.16,611.6699,612.02,91343.0,611.998,1655
2026-02-03 14:51:00-05:00,QQQ,611.98,612.09,611.44,611.67,155180.0,611.6423,2714
2026-02-03 14:52:00-05:00,QQQ,611.68,611.88,611.5,611.57,203530.0,611.6676,2129
2026-02-03 14:53:00-05:00,QQQ,611.58,612.49,611.35,611.98,256177.0,612.0635,4037
2026-02-03 14:54:00-05:00,QQQ,611.98,612.4,611.85,612.37,105775.0,612.0474,1708
2026-02-03 14:55:00-05:00,QQQ,612.41,612.69,612.31,612.67,164295.0,612.507,2190
2026-02-03 14:56:00-05:00,QQQ,612.6801,613.285,612.6801,613.25,136474.0,612.7259,1765
2026-02-03 14:57:00-05:00,QQQ,613.26,613.26,612.93,613.15,90640.0,613.1297,1478
2026-02-03 14:58:00-05:00,QQQ,613.13,613.47,613.1,613.4,106920.0,613.3188,2040
2026-02-03 14:59:00-05:00,QQQ,613.39,613.65,613.23,613.35,149199.0,613.4352,2570
2026-02-03 15:00:00-05:00,QQQ,613.33,613.6,613.18,613.345,125866.0,613.3399,2020
2026-02-03 15:01:00-05:00,QQQ,613.35,613.48,612.79,612.79,242728.0,613.2977,2561
2026-02-03 15:02:00-05:00,QQQ,612.78,612.94,612.59,612.63,168926.0,612.7229,2567
2026-02-03 15:03:00-05:00,QQQ,612.62,612.8,612.55,612.77,187604.0,620.1401,1285
2026-02-03 15:04:00-05:00,QQQ,612.79,612.88,612.63,612.66,74420.0,612.7699,1406
2026-02-03 15:05:00-05:00,QQQ,612.64,612.95,612.58,612.81,87168.0,612.7859,1442
2026-02-03 15:06:00-05:00,QQQ,612.81,613.03,612.76,612.95,110780.0,612.914,1692
2026-02-03 15:07:00-05:00,QQQ,612.96,613.14,612.93,612.97,99340.0,613.0165,1707
2026-02-03 15:08:00-05:00,QQQ,612.98,612.99,612.55,612.65,88838.0,612.7459,1690
2026-02-03 15:09:00-05:00,QQQ,612.65,612.73,612.45,612.71,99761.0,612.5995,1672
2026-02-03 15:10:00-05:00,QQQ,612.715,612.97,612.64,612.86,97512.0,612.8441,1683
2026-02-03 15:11:00-05:00,QQQ,612.87,612.91,612.67,612.84,81419.0,612.8114,1340
2026-02-03 15:12:00-05:00,QQQ,612.84,612.885,612.27,612.28,103515.0,612.658,1922
2026-02-03 15:13:00-05:00,QQQ,612.29,612.64,612.21,612.61,127515.0,612.3652,2226
2026-02-03 15:14:00-05:00,QQQ,612.62,613.2,612.48,613.17,103553.0,612.8907,2088
2026-02-03 15:15:00-05:00,QQQ,613.15,613.15,612.55,612.66,103090.0,612.7733,2001
2026-02-03 15:16:00-05:00,QQQ,612.67,613.02,612.62,612.96,95153.0,612.8849,1698
2026-02-03 15:17:00-05:00,QQQ,612.96,613.22,612.92,613.17,105133.0,613.0668,1906
2026-02-03 15:18:00-05:00,QQQ,613.17,613.69,613.09,613.69,270766.0,618.2884,2559
2026-02-03 15:19:00-05:00,QQQ,613.7,613.83,613.33,613.36,188759.0,613.6856,3221
2026-02-03 15:20:00-05:00,QQQ,613.33,613.41,612.7701,612.84,199203.0,613.0721,3100
2026-02-03 15:21:00-05:00,QQQ,612.85,613.05,612.75,613.0,212333.0,612.9043,1844
2026-02-03 15:22:00-05:00,QQQ,613.0,613.06,612.755,613.01,84775.0,612.9359,1391
2026-02-03 15:23:00-05:00,QQQ,613.02,613.49,612.89,613.41,105214.0,613.2357,1896
2026-02-03 15:24:00-05:00,QQQ,613.425,613.605,613.29,613.6,110425.0,613.4585,1830
2026-02-03 15:25:00-05:00,QQQ,613.6,613.7497,613.58,613.68,96583.0,613.6629,1639
2026-02-03 15:26:00-05:00,QQQ,613.68,613.775,613.57,613.73,82425.0,613.6958,1427
2026-02-03 15:27:00-05:00,QQQ,613.74,613.93,613.65,613.93,90818.0,613.7575,1585
2026-02-03 15:28:00-05:00,QQQ,613.92,613.9899,613.6,613.6,135350.0,613.8183,2188
2026-02-03 15:29:00-05:00,QQQ,613.61,613.825,613.59,613.685,364060.0,613.7545,1815
2026-02-03 15:30:00-05:00,QQQ,613.69,614.3,613.66,614.3,202252.0,614.0304,2916
2026-02-03 15:31:00-05:00,QQQ,614.3,614.55,614.225,614.55,209991.0,614.3236,2869
2026-02-03 15:32:00-05:00,QQQ,614.55,614.96,614.53,614.685,165825.0,614.7288,2562
2026-02-03 15:33:00-05:00,QQQ,614.69,614.99,614.69,614.9698,162759.0,614.7916,2258
2026-02-03 15:34:00-05:00,QQQ,614.965,615.33,614.96,615.26,138605.0,615.1757,2062
2026-02-03 15:35:00-05:00,QQQ,615.28,615.36,615.12,615.34,149203.0,615.2815,2380
2026-02-03 15:36:00-05:00,QQQ,615.35,615.51,615.08,615.38,140526.0,615.3131,2172
2026-02-03 15:37:00-05:00,QQQ,615.4,615.41,615.07,615.12,148898.0,615.2717,2512
2026-02-03 15:38:00-05:00,QQQ,615.11,615.89,615.1,615.86,154795.0,615.5525,2449
2026-02-03 15:39:00-05:00,QQQ,615.86,615.87,615.6,615.79,111811.0,615.7264,1782
2026-02-03 15:40:00-05:00,QQQ,615.795,615.82,615.39,615.42,226532.0,615.4856,2819
2026-02-03 15:41:00-05:00,QQQ,615.41,615.43,614.75,614.81,154517.0,615.1167,2541
2026-02-03 15:42:00-05:00,QQQ,614.81,615.24,614.7,615.0552,115878.0,614.9426,2126
2026-02-03 15:43:00-05:00,QQQ,615.06,615.08,614.865,614.99,129446.0,614.9924,2364
2026-02-03 15:44:00-05:00,QQQ,615.0,615.25,615.0,615.15,93112.0,615.1029,1961
2026-02-03 15:45:00-05:00,QQQ,615.17,615.33,615.0,615.24,114711.0,615.1521,2137
2026-02-03 15:46:00-05:00,QQQ,615.24,615.56,615.21,615.558,103689.0,615.3898,1873
2026-02-03 15:47:00-05:00,QQQ,615.56,615.71,615.3,615.42,128530.0,615.5112,2168
2026-02-03 15:48:00-05:00,QQQ,615.415,615.54,615.18,615.19,163969.0,615.3935,2375
2026-02-03 15:49:00-05:00,QQQ,615.2,615.6,615.2,615.585,268321.0,615.3703,2615
2026-02-03 15:50:00-05:00,QQQ,615.59,616.13,615.59,615.86,321000.0,615.9178,4608
2026-02-03 15:51:00-05:00,QQQ,615.88,615.92,615.42,615.53,179193.0,615.6659,2643
2026-02-03 15:52:00-05:00,QQQ,615.54,615.55,615.27,615.55,291069.0,615.4108,4509
2026-02-03 15:53:00-05:00,QQQ,615.57,615.87,615.45,615.52,219720.0,615.5923,3715
2026-02-03 15:54:00-05:00,QQQ,615.51,616.09,615.47,615.94,383877.0,615.7444,4903
2026-02-03 15:55:00-05:00,QQQ,615.94,616.4,615.76,616.25,393840.0,616.1426,5866
2026-02-03 15:56:00-05:00,QQQ,616.26,616.29,615.98,616.22,360864.0,618.9843,3916
2026-02-03 15:57:00-05:00,QQQ,616.23,616.39,616.13,616.19,417379.0,616.2705,5442
2026-02-03 15:58:00-05:00,QQQ,616.19,616.55,616.17,616.55,732794.0,616.4087,7076
2026-02-03 15:59:00-05:00,QQQ,616.55,616.77,616.38,616.45,2499714.0,617.3833,18452
2026-02-03 16:00:00-05:00,QQQ,616.48,616.92,616.26,616.8103,82657.0,616.5539,593
2026-02-03 16:01:00-05:00,QQQ,616.85,616.86,616.43,616.71,37974.0,616.6357,260
2026-02-03 16:02:00-05:00,QQQ,616.73,617.0,616.67,616.92,29265.0,616.8586,197
2026-02-03 16:03:00-05:00,QQQ,616.88,617.0,616.7,616.86,50957.0,616.8486,488
2026-02-03 16:04:00-05:00,QQQ,616.87,617.04,616.86,617.0,52717.0,616.9812,427
2026-02-03 16:05:00-05:00,QQQ,616.9902,617.09,616.8,616.87,16450.0,616.9277,175
2026-02-03 16:06:00-05:00,QQQ,616.81,616.81,616.32,616.37,16022.0,616.4733,183
2026-02-03 16:07:00-05:00,QQQ,616.35,616.57,616.24,616.55,147565.0,616.5148,413
2026-02-03 16:08:00-05:00,QQQ,616.54,616.62,616.45,616.6,61855.0,616.538,551
2026-02-03 16:09:00-05:00,QQQ,616.57,616.63,616.45,616.569,15361.0,616.5686,152
2026-02-03 16:10:00-05:00,QQQ,616.53,616.65,616.5,616.63,6212.0,616.5684,109
2026-02-03 16:11:00-05:00,QQQ,616.64,616.69,616.55,616.59,53903.0,616.5987,269
2026-02-03 16:12:00-05:00,QQQ,616.6,616.63,616.43,616.43,2403607.0,616.4346,85
2026-02-03 16:13:00-05:00,QQQ,616.519,616.519,616.35,616.35,121727.0,616.4976,137
2026-02-03 16:14:00-05:00,QQQ,616.35,616.57,616.33,616.49,49633.0,616.4391,201
2026-02-03 16:15:00-05:00,QQQ,616.56,617.23,616.11,616.2,127888.0,616.673,1143
2026-02-03 16:16:00-05:00,QQQ,616.19,616.19,615.72,615.76,84494.0,615.8912,484
2026-02-03 16:17:00-05:00,QQQ,615.73,615.73,615.2,615.25,40919.0,615.4786,419
2026-02-03 16:18:00-05:00,QQQ,615.28,615.35,615.02,615.05,35171.0,615.2255,352
2026-02-03 16:19:00-05:00,QQQ,615.0198,615.35,614.9,615.28,41159.0,615.0561,324
2026-02-03 16:20:00-05:00,QQQ,615.32,615.4,615.161,615.24,57544.0,615.2642,439
2026-02-03 16:21:00-05:00,QQQ,615.22,615.35,615.04,615.32,34538.0,615.1866,259
2026-02-03 16:22:00-05:00,QQQ,615.39,615.73,615.35,615.64,92041.0,615.548,584
2026-02-03 16:23:00-05:00,QQQ,615.69,615.81,615.6,615.79,11211.0,615.7205,125
2026-02-03 16:24:00-05:00,QQQ,615.8262,615.9701,615.65,615.69,25850.0,615.854,256
2026-02-03 16:25:00-05:00,QQQ,615.73,615.75,615.6,615.71,12101.0,615.6716,123
2026-02-03 16:26:00-05:00,QQQ,615.74,615.86,615.65,615.86,12229.0,615.7128,88
2026-02-03 16:27:00-05:00,QQQ,615.88,615.94,615.82,615.93,4240.0,615.8667,64
2026-02-03 16:28:00-05:00,QQQ,615.93,616.0,615.8892,615.8892,7759.0,615.9466,83
2026-02-03 16:29:00-05:00,QQQ,615.89,615.97,615.8,615.93,22909.0,615.8792,152
2026-02-03 16:30:00-05:00,QQQ,615.96,615.98,615.63,615.64,12355.0,615.7277,114
2026-02-03 16:31:00-05:00,QQQ,615.69,615.69,615.5016,615.6,13881.0,615.6039,162
2026-02-03 16:32:00-05:00,QQQ,615.6,615.68,615.54,615.61,6863.0,615.6363,75
2026-02-03 16:33:00-05:00,QQQ,615.621,615.65,615.45,615.48,11673.0,615.5254,171
2026-02-03 16:34:00-05:00,QQQ,615.52,615.57,615.48,615.51,6290.0,615.5119,93
2026-02-03 16:35:00-05:00,QQQ,615.52,615.55,615.3815,615.5,3188.0,615.4856,101
2026-02-03 16:36:00-05:00,QQQ,615.6,615.7,615.49,615.56,6502.0,615.6105,132
2026-02-03 16:37:00-05:00,QQQ,615.43,615.6,615.43,615.6,3371.0,615.5142,66
2026-02-03 16:38:00-05:00,QQQ,615.44,615.49,615.38,615.4306,1509.0,615.4261,65
2026-02-03 16:39:00-05:00,QQQ,615.38,615.43,615.35,615.41,8338.0,615.3844,92
2026-02-03 16:40:00-05:00,QQQ,615.44,615.45,615.42,615.42,866.0,615.4385,53
2026-02-03 16:41:00-05:00,QQQ,615.4231,615.72,615.4231,615.5,35321.0,615.5751,351
2026-02-03 16:42:00-05:00,QQQ,615.51,615.8,615.51,615.69,8786.0,615.6846,83
2026-02-03 16:43:00-05:00,QQQ,615.66,615.69,615.6,615.69,6000.0,615.6477,83
2026-02-03 16:44:00-05:00,QQQ,615.661,615.75,615.63,615.69,11996.0,615.6748,103
2026-02-03 16:45:00-05:00,QQQ,615.68,615.78,615.6151,615.67,9625.0,615.751,79
2026-02-03 16:46:00-05:00,QQQ,615.67,615.7,615.6,615.66,18315.0,615.6356,126
2026-02-03 16:47:00-05:00,QQQ,615.66,615.66,615.55,615.55,3137.0,615.6185,69
2026-02-03 16:48:00-05:00,QQQ,615.55,615.57,615.54,615.54,1731.0,615.5439,39
2026-02-03 16:49:00-05:00,QQQ,615.52,615.55,615.4,615.42,6060.0,615.4534,100
2026-02-03 16:50:00-05:00,QQQ,615.42,615.4546,615.37,615.43,4141.0,615.406,64
2026-02-03 16:51:00-05:00,QQQ,615.5,615.67,615.5,615.67,5227.0,615.5235,97
2026-02-03 16:52:00-05:00,QQQ,615.68,615.7249,615.67,615.72,6103.0,615.7015,54
2026-02-03 16:53:00-05:00,QQQ,615.62,615.64,615.43,615.43,6001.0,615.6017,44
2026-02-03 16:54:00-05:00,QQQ,615.5,615.51,615.48,615.48,743.0,615.4889,33
2026-02-03 16:55:00-05:00,QQQ,615.61,615.74,615.6,615.7103,3024.0,615.6911,51
2026-02-03 16:56:00-05:00,QQQ,615.711,615.73,615.65,615.66,4047.0,615.7019,71
2026-02-03 16:57:00-05:00,QQQ,615.6,615.6,615.5,615.56,7467.0,615.5376,99
2026-02-03 16:58:00-05:00,QQQ,615.56,615.82,615.56,615.82,1361.0,615.7439,37
2026-02-03 16:59:00-05:00,QQQ,615.73,615.89,615.7,615.7,3983.0,615.7527,68
2026-02-03 17:00:00-05:00,QQQ,615.69,615.83,615.69,615.79,1049.0,615.7808,25
2026-02-03 17:01:00-05:00,QQQ,615.76,615.84,615.7363,615.84,1567.0,615.7777,34
2026-02-03 17:02:00-05:00,QQQ,615.78,615.843,615.78,615.84,670.0,615.8222,47
2026-02-03 17:03:00-05:00,QQQ,615.85,615.85,615.85,615.85,96.0,615.8224,20
2026-02-03 17:04:00-05:00,QQQ,615.78,615.8,615.77,615.8,531.0,615.7842,45
2026-02-03 17:05:00-05:00,QQQ,615.78,615.78,615.72,615.74,1609.0,615.7445,48
2026-02-03 17:06:00-05:00,QQQ,615.81,615.83,615.68,615.68,567.0,615.8025,22
2026-02-03 17:07:00-05:00,QQQ,615.6978,615.82,615.6978,615.82,421.0,615.7859,29
2026-02-03 17:08:00-05:00,QQQ,615.77,615.8478,615.75,615.7501,2190.0,615.7524,57
2026-02-03 17:09:00-05:00,QQQ,615.78,615.79,615.69,615.71,2315.0,615.7395,72
2026-02-03 17:10:00-05:00,QQQ,615.74,615.74,615.65,615.7,1893.0,615.6877,67
2026-02-03 17:11:00-05:00,QQQ,615.7,615.7,615.65,615.65,947.0,615.6896,33
2026-02-03 17:12:00-05:00,QQQ,615.58,615.7,615.58,615.64,930.0,615.6285,50
2026-02-03 17:13:00-05:00,QQQ,615.5617,615.58,615.52,615.58,1127.0,615.5492,66
2026-02-03 17:14:00-05:00,QQQ,615.55,615.55,615.45,615.46,1066.0,615.4972,48
2026-02-03 17:15:00-05:00,QQQ,615.4746,615.48,615.45,615.48,1064.0,615.4637,33
2026-02-03 17:16:00-05:00,QQQ,615.45,615.48,615.44,615.48,2139.0,615.4684,43
2026-02-03 17:17:00-05:00,QQQ,615.46,615.46,615.45,615.45,761.0,615.4579,36
2026-02-03 17:18:00-05:00,QQQ,615.45,615.45,615.41,615.42,14702.0,615.4337,157
2026-02-03 17:19:00-05:00,QQQ,615.34,615.42,615.3,615.3013,5683.0,615.3421,75
2026-02-03 17:20:00-05:00,QQQ,615.35,615.35,615.29,615.29,1842.0,615.3094,57
2026-02-03 17:21:00-05:00,QQQ,615.25,615.25,615.16,615.18,5040.0,615.2106,98
2026-02-03 17:22:00-05:00,QQQ,615.15,615.21,615.05,615.21,6804.0,615.1528,91
2026-02-03 17:23:00-05:00,QQQ,615.22,615.37,615.22,615.35,2066.0,615.293,45
2026-02-03 17:24:00-05:00,QQQ,615.29,615.36,615.21,615.21,3220.0,615.2289,46
2026-02-03 17:25:00-05:00,QQQ,615.29,615.32,615.25,615.3,1157.0,615.2899,26
2026-02-03 17:26:00-05:00,QQQ,615.3002,615.45,615.29,615.41,13675.0,615.3842,120
2026-02-03 17:27:00-05:00,QQQ,615.44,615.44,615.35,615.36,680.0,615.3708,32
2026-02-03 17:28:00-05:00,QQQ,615.4,615.4,615.25,615.25,1205.0,615.3162,31
2026-02-03 17:29:00-05:00,QQQ,615.3,615.3,615.3,615.3,150.0,615.3032,22
2026-02-03 17:30:00-05:00,QQQ,615.34,615.35,615.3,615.35,354.0,615.3273,23
2026-02-03 17:31:00-05:00,QQQ,615.39,615.45,615.03,615.31,6712.0,615.3567,76
2026-02-03 17:32:00-05:00,QQQ,615.44,615.44,615.3,615.31,523.0,615.3496,34
2026-02-03 17:33:00-05:00,QQQ,615.3,615.3,615.2799,615.3,1961.0,615.286,34
2026-02-03 17:34:00-05:00,QQQ,615.3193,615.3193,615.3193,615.3193,249.0,615.3278,15
2026-02-03 17:35:00-05:00,QQQ,615.35,615.3694,615.35,615.3507,961.0,615.3542,29
2026-02-03 17:36:00-05:00,QQQ,615.35,615.35,615.25,615.26,1657.0,615.3193,47
2026-02-03 17:37:00-05:00,QQQ,615.27,615.27,615.27,615.27,171.0,615.2691,26
2026-02-03 17:38:00-05:00,QQQ,615.28,615.28,615.2396,615.24,1776.0,615.2567,41
2026-02-03 17:39:00-05:00,QQQ,615.21,615.22,615.2,615.2,4305.0,615.2106,44
2026-02-03 17:40:00-05:00,QQQ,615.2098,615.2098,615.2,615.2,1405.0,615.2046,26
2026-02-03 17:41:00-05:00,QQQ,615.3096,615.3096,615.3096,615.3096,171.0,615.2783,21
2026-02-03 17:42:00-05:00,QQQ,615.22,615.22,615.21,615.21,616.0,615.2129,27
2026-02-03 17:43:00-05:00,QQQ,615.15,615.15,615.1295,615.15,1045.0,615.1472,44
2026-02-03 17:44:00-05:00,QQQ,615.08,615.11,615.0,615.0,5629.0,615.0719,149
2026-02-03 17:45:00-05:00,QQQ,615.07,615.07,615.0,615.01,2862.0,615.0357,36
2026-02-03 17:46:00-05:00,QQQ,615.03,615.1,615.01,615.1,1415.0,615.0697,51
2026-02-03 17:47:00-05:00,QQQ,615.04,615.12,615.0,615.02,6743.0,615.0391,133
2026-02-03 17:48:00-05:00,QQQ,615.04,615.04,615.04,615.04,157.0,615.0527,21
2026-02-03 17:49:00-05:00,QQQ,615.08,615.08,615.04,615.04,1351.0,615.0587,33
2026-02-03 17:50:00-05:00,QQQ,615.12,615.12,615.05,615.11,4197.0,615.0673,52
2026-02-03 17:51:00-05:00,QQQ,615.12,615.12,615.02,615.02,3466.0,615.0692,56
2026-02-03 17:52:00-05:00,QQQ,615.09,615.15,615.05,615.05,10572.0,615.1426,66
2026-02-03 17:53:00-05:00,QQQ,615.16,615.16,615.16,615.16,110.0,615.1359,16
2026-02-03 17:54:00-05:00,QQQ,615.08,615.08,614.9,615.0,5238.0,615.0106,128
2026-02-03 17:55:00-05:00,QQQ,615.0,615.0799,615.0,615.0799,6430.0,615.0035,88
2026-02-03 17:56:00-05:00,QQQ,615.01,615.07,615.0,615.07,5894.0,615.0018,31
2026-02-03 17:57:00-05:00,QQQ,615.09,615.1,615.07,615.1,455.0,615.0907,20
2026-02-03 17:58:00-05:00,QQQ,615.11,615.17,615.0,615.04,4510.0,615.1031,65
2026-02-03 17:59:00-05:00,QQQ,615.0,615.0,615.0,615.0,1318.0,615.0047,38
2026-02-03 18:00:00-05:00,QQQ,615.0,615.2,614.9,614.99,20047.0,615.0515,131
2026-02-03 18:01:00-05:00,QQQ,614.93,615.4,614.92,615.37,16355.0,615.2744,119
2026-02-03 18:02:00-05:00,QQQ,615.38,615.48,615.35,615.48,6379.0,615.392,67
2026-02-03 18:03:00-05:00,QQQ,615.48,615.48,615.06,615.07,2746.0,615.1183,41
2026-02-03 18:04:00-05:00,QQQ,615.1,615.3,615.08,615.3,3276.0,615.2324,48
2026-02-03 18:05:00-05:00,QQQ,615.29,615.29,615.2485,615.25,1044.0,615.2565,26
2026-02-03 18:06:00-05:00,QQQ,615.25,615.25,614.45,614.68,14619.0,614.7873,216
2026-02-03 18:07:00-05:00,QQQ,614.64,614.71,614.57,614.57,10104.0,614.647,58
2026-02-03 18:08:00-05:00,QQQ,614.7,614.7,614.63,614.63,2618.0,614.6846,21
2026-02-03 18:09:00-05:00,QQQ,614.66,614.9,614.66,614.71,1134.0,614.7257,35
2026-02-03 18:10:00-05:00,QQQ,614.93,615.19,614.93,615.02,2084.0,615.0852,54
2026-02-03 18:11:00-05:00,QQQ,615.0915,615.12,615.09,615.12,1968.0,615.113,28
2026-02-03 18:12:00-05:00,QQQ,615.06,615.13,615.01,615.13,4186.0,615.0737,47
2026-02-03 18:13:00-05:00,QQQ,615.23,615.65,615.23,615.65,21549.0,615.5561,112
2026-02-03 18:14:00-05:00,QQQ,615.5745,615.83,615.5745,615.81,3845.0,615.7126,56
2026-02-03 18:15:00-05:00,QQQ,615.8496,616.0007,615.82,616.0007,9485.0,615.9375,97
2026-02-03 18:16:00-05:00,QQQ,616.0,616.27,616.0,616.23,30424.0,616.1068,140
2026-02-03 18:17:00-05:00,QQQ,616.2051,616.2051,616.09,616.13,6069.0,616.1673,53
2026-02-03 18:18:00-05:00,QQQ,616.08,616.16,615.96,616.16,1344.0,616.0275,36
2026-02-03 18:19:00-05:00,QQQ,616.24,616.24,615.9201,615.9201,590.0,616.1,36
2026-02-03 18:20:00-05:00,QQQ,615.96,615.96,615.6,615.6,7497.0,615.821,64
2026-02-03 18:21:00-05:00,QQQ,615.64,615.64,615.45,615.45,3247.0,615.5223,47
2026-02-03 18:22:00-05:00,QQQ,615.45,615.4999,615.43,615.46,699.0,615.4528,24
2026-02-03 18:23:00-05:00,QQQ,615.4,615.4,615.3309,615.4,1097.0,615.3722,34
2026-02-03 18:24:00-05:00,QQQ,615.5,615.5,615.43,615.5,942.0,615.473,20
2026-02-03 18:25:00-05:00,QQQ,615.569,615.569,615.569,615.569,266.0,615.6581,22
2026-02-03 18:27:00-05:00,QQQ,615.41,615.43,615.41,615.43,1114.0,615.4337,43
2026-02-03 18:28:00-05:00,QQQ,615.3194,615.3194,615.0119,615.0119,1308.0,615.2187,54
2026-02-03 18:29:00-05:00,QQQ,615.08,615.16,615.08,615.16,421.0,615.1168,21
2026-02-03 18:30:00-05:00,QQQ,615.2,615.22,615.13,615.22,6618.0,615.1935,34
2026-02-03 18:31:00-05:00,QQQ,615.2408,615.29,615.23,615.28,593.0,615.2503,34
2026-02-03 18:32:00-05:00,QQQ,615.1,615.2217,614.98,615.2,4721.0,615.1099,61
2026-02-03 18:33:00-05:00,QQQ,615.27,615.27,615.19,615.19,771.0,615.2124,24
2026-02-03 18:34:00-05:00,QQQ,615.2024,615.2024,614.97,615.03,1338.0,615.0473,42
2026-02-03 18:35:00-05:00,QQQ,615.05,615.1,615.05,615.1,650.0,615.0781,26
2026-02-03 18:36:00-05:00,QQQ,615.0908,615.1604,615.0908,615.13,2146.0,615.1448,39
2026-02-03 18:37:00-05:00,QQQ,615.071,615.08,615.03,615.03,892.0,615.0647,22
2026-02-03 18:38:00-05:00,QQQ,615.0119,615.0635,615.0,615.062,1406.0,615.0424,26
2026-02-03 18:40:00-05:00,QQQ,615.181,615.22,615.14,615.2123,733.0,615.1828,21
2026-02-03 18:41:00-05:00,QQQ,615.1908,615.22,615.17,615.18,489.0,615.1851,15
2026-02-03 18:43:00-05:00,QQQ,615.22,615.22,615.14,615.14,345.0,615.1831,30
2026-02-03 18:44:00-05:00,QQQ,615.1,615.27,615.1,615.27,368.0,615.1654,34
2026-02-03 18:45:00-05:00,QQQ,615.1433,615.1433,615.1433,615.1433,182.0,615.1513,21
2026-02-03 18:46:00-05:00,QQQ,615.15,615.15,615.15,615.15,122.0,615.1507,12
2026-02-03 18:47:00-05:00,QQQ,615.25,615.31,615.25,615.31,471.0,615.273,32
2026-02-03 18:48:00-05:00,QQQ,615.49,615.6409,615.49,615.6409,1914.0,615.5583,57
2026-02-03 18:49:00-05:00,QQQ,615.65,615.65,615.65,615.65,133.0,615.6319,18
2026-02-03 18:50:00-05:00,QQQ,615.65,615.65,615.65,615.65,309.0,615.6373,18
2026-02-03 18:51:00-05:00,QQQ,615.6807,615.69,615.62,615.62,4460.0,615.6806,41
2026-02-03 18:52:00-05:00,QQQ,615.58,615.6919,615.58,615.6919,537.0,615.6255,14
2026-02-03 18:53:00-05:00,QQQ,615.68,615.72,615.68,615.72,946.0,615.702,22
2026-02-03 18:54:00-05:00,QQQ,615.74,615.76,615.7346,615.76,1742.0,615.7421,19
2026-02-03 18:55:00-05:00,QQQ,615.75,615.8,615.75,615.79,353.0,615.7691,24
2026-02-03 18:56:00-05:00,QQQ,615.7207,615.7207,615.69,615.69,516.0,615.7033,32
2026-02-03 18:57:00-05:00,QQQ,615.69,615.85,615.69,615.82,1434.0,615.8052,35
2026-02-03 18:58:00-05:00,QQQ,615.85,616.0762,615.85,616.0762,3356.0,616.009,70
2026-02-03 18:59:00-05:00,QQQ,616.0975,616.0975,615.92,615.92,791.0,615.9975,35
2026-02-03 19:00:00-05:00,QQQ,616.0,616.1,615.75,615.75,1426.0,615.9809,48
2026-02-03 19:01:00-05:00,QQQ,615.27,615.29,615.21,615.21,1857.0,615.2686,63
2026-02-03 19:02:00-05:00,QQQ,615.23,615.4299,615.15,615.4299,611.0,615.257,29
2026-02-03 19:03:00-05:00,QQQ,615.5,615.5,615.5,615.5,338.0,615.4812,28
2026-02-03 19:04:00-05:00,QQQ,615.47,615.47,615.46,615.47,2236.0,615.4687,23
2026-02-03 19:05:00-05:00,QQQ,615.55,615.55,615.55,615.55,1858.0,615.5517,27
2026-02-03 19:06:00-05:00,QQQ,615.62,615.62,615.62,615.62,144.0,615.6242,21
2026-02-03 19:07:00-05:00,QQQ,615.8,615.84,615.79,615.84,10519.0,615.8387,41
2026-02-03 19:08:00-05:00,QQQ,615.8,615.82,615.8,615.82,760.0,615.8033,17
2026-02-03 19:09:00-05:00,QQQ,615.81,615.81,615.71,615.71,140.0,615.7566,18
2026-02-03 19:12:00-05:00,QQQ,615.63,615.65,615.61,615.65,996.0,615.6232,24
2026-02-03 19:13:00-05:00,QQQ,615.36,615.36,615.36,615.36,227.0,615.3929,36
2026-02-03 19:14:00-05:00,QQQ,615.411,615.42,615.4,615.4,1085.0,615.4101,15
2026-02-03 19:15:00-05:00,QQQ,615.4,615.621,615.4,615.621,1566.0,615.579,37
2026-02-03 19:16:00-05:00,QQQ,615.65,616.02,615.65,616.02,1705.0,615.8183,48
2026-02-03 19:17:00-05:00,QQQ,616.09,616.1099,615.93,615.93,1237.0,616.0626,31
2026-02-03 19:18:00-05:00,QQQ,615.98,616.01,615.871,615.89,3409.0,615.9439,34
2026-02-03 19:19:00-05:00,QQQ,615.88,616.09,615.88,616.02,1369.0,615.9796,35
2026-02-03 19:20:00-05:00,QQQ,616.09,616.09,616.03,616.09,653.0,616.0749,21
2026-02-03 19:21:00-05:00,QQQ,616.01,616.01,616.01,616.01,153.0,616.0152,22
2026-02-03 19:22:00-05:00,QQQ,616.0,616.0,615.9174,616.0,2900.0,615.9675,31
2026-02-03 19:23:00-05:00,QQQ,615.97,615.97,615.83,615.83,951.0,615.8788,24
2026-02-03 19:24:00-05:00,QQQ,615.86,615.86,615.8,615.8,373.0,615.824,31
2026-02-03 19:25:00-05:00,QQQ,615.9,615.94,615.89,615.94,660.0,615.9,24
2026-02-03 19:26:00-05:00,QQQ,615.82,615.82,615.49,615.5,2074.0,615.6182,61
2026-02-03 19:27:00-05:00,QQQ,615.45,615.45,615.34,615.36,1225.0,615.3798,36
2026-02-03 19:28:00-05:00,QQQ,615.39,615.54,615.39,615.48,490.0,615.4704,24
2026-02-03 19:29:00-05:00,QQQ,615.31,615.4,615.3,615.38,797.0,615.3283,47
2026-02-03 19:30:00-05:00,QQQ,615.52,615.62,615.52,615.62,679.0,615.5511,21
2026-02-03 19:32:00-05:00,QQQ,615.67,615.67,615.67,615.67,385.0,615.6792,27
2026-02-03 19:33:00-05:00,QQQ,615.78,615.78,615.78,615.78,149.0,615.7819,25
2026-02-03 19:34:00-05:00,QQQ,615.83,615.88,615.7,615.88,503.0,615.8154,28
2026-02-03 19:35:00-05:00,QQQ,615.9,615.9,615.9,615.9,266.0,615.8995,22
2026-02-03 19:36:00-05:00,QQQ,615.9077,615.92,615.9077,615.92,180.0,615.902,33
2026-02-03 19:37:00-05:00,QQQ,615.81,615.87,615.81,615.87,953.0,615.8167,42
2026-02-03 19:38:00-05:00,QQQ,615.71,615.71,615.6888,615.6888,354.0,615.7006,22
2026-02-03 19:39:00-05:00,QQQ,615.7,615.7,615.7,615.7,187.0,615.707,16
2026-02-03 19:40:00-05:00,QQQ,615.72,615.72,615.61,615.63,1531.0,615.632,21
2026-02-03 19:41:00-05:00,QQQ,615.67,615.691,615.61,615.61,228.0,615.6418,27
2026-02-03 19:42:00-05:00,QQQ,615.5677,615.5677,615.5677,615.5677,177.0,615.5874,29
2026-02-03 19:43:00-05:00,QQQ,615.5,615.5,615.25,615.25,942.0,615.3349,48
2026-02-03 19:44:00-05:00,QQQ,615.36,615.36,615.29,615.3046,1151.0,615.3061,25
2026-02-03 19:45:00-05:00,QQQ,615.48,615.5,615.48,615.5,688.0,615.4738,19
2026-02-03 19:46:00-05:00,QQQ,615.51,615.51,615.47,615.47,464.0,615.4949,28
2026-02-03 19:47:00-05:00,QQQ,615.49,615.5,615.4599,615.4599,365.0,615.4846,20
2026-02-03 19:48:00-05:00,QQQ,615.3,615.3001,615.12,615.14,1811.0,615.2472,57
2026-02-03 19:49:00-05:00,QQQ,615.15,615.2,615.15,615.2,217.0,615.1615,21
2026-02-03 19:50:00-05:00,QQQ,615.11,615.11,615.04,615.1,395.0,615.0902,30
2026-02-03 19:51:00-05:00,QQQ,615.14,615.14,615.031,615.06,560.0,615.0757,34
2026-02-03 19:52:00-05:00,QQQ,615.151,615.2,615.08,615.08,357.0,615.1593,21
2026-02-03 19:53:00-05:00,QQQ,615.03,615.06,614.99,615.0301,2443.0,615.0181,88
2026-02-03 19:54:00-05:00,QQQ,614.99,614.99,614.81,614.8618,2977.0,614.8736,91
2026-02-03 19:55:00-05:00,QQQ,614.92,615.08,614.92,615.01,4876.0,615.0443,39
2026-02-03 19:56:00-05:00,QQQ,615.08,615.12,615.05,615.11,2460.0,615.1021,32
2026-02-03 19:57:00-05:00,QQQ,615.11,615.1291,615.01,615.05,1263.0,615.0781,25
2026-02-03 19:58:00-05:00,QQQ,615.0,615.02,614.9683,614.9683,694.0,615.005,35
2026-02-03 19:59:00-05:00,QQQ,614.95,614.95,614.7562,614.84,21420.0,614.8423,112
2026-02-04 04:00:00-05:00,QQQ,615.99,616.01,615.79,615.88,8229.0,615.8854,151
2026-02-04 04:01:00-05:00,QQQ,615.81,616.52,615.81,616.49,6243.0,616.104,93
2026-02-04 04:02:00-05:00,QQQ,616.6,616.6,616.18,616.19,1817.0,616.4574,67
2026-02-04 04:03:00-05:00,QQQ,616.31,616.32,616.14,616.18,5493.0,616.2689,90
2026-02-04 04:04:00-05:00,QQQ,616.15,616.35,616.11,616.3,2647.0,616.2515,49
2026-02-04 04:05:00-05:00,QQQ,616.3,616.43,616.19,616.19,5903.0,616.3411,71
2026-02-04 04:06:00-05:00,QQQ,616.22,616.53,616.22,616.52,3066.0,616.4263,70
2026-02-04 04:07:00-05:00,QQQ,616.49,616.49,616.35,616.4,2669.0,616.4081,53
2026-02-04 04:08:00-05:00,QQQ,616.37,616.47,616.33,616.47,3153.0,616.4214,57
2026-02-04 04:09:00-05:00,QQQ,616.37,616.37,616.37,616.37,479.0,616.3617,15
2026-02-04 04:10:00-05:00,QQQ,616.16,616.23,616.11,616.23,923.0,616.1613,22
2026-02-04 04:11:00-05:00,QQQ,616.23,616.25,616.16,616.19,1077.0,616.2185,32
2026-02-04 04:12:00-05:00,QQQ,616.2,616.2,615.94,615.94,1436.0,616.1449,45
2026-02-04 04:13:00-05:00,QQQ,616.06,616.06,615.5,615.81,6992.0,615.7773,147
2026-02-04 04:14:00-05:00,QQQ,615.82,615.82,615.63,615.74,966.0,615.7237,29
2026-02-04 04:15:00-05:00,QQQ,615.74,615.78,615.57,615.61,2657.0,615.6412,61
2026-02-04 04:16:00-05:00,QQQ,615.67,615.72,615.5,615.61,2394.0,615.6396,54
2026-02-04 04:17:00-05:00,QQQ,615.57,615.57,615.21,615.36,3095.0,615.3404,90
2026-02-04 04:18:00-05:00,QQQ,615.37,615.37,614.84,614.96,5288.0,615.1112,199
2026-02-04 04:19:00-05:00,QQQ,615.0,615.21,614.89,614.94,9736.0,615.1251,170
2026-02-04 04:20:00-05:00,QQQ,615.0,615.0,614.52,614.54,4046.0,614.739,111
2026-02-04 04:21:00-05:00,QQQ,614.57,614.99,614.5,614.66,7235.0,614.7462,119
2026-02-04 04:22:00-05:00,QQQ,614.68,615.16,614.68,615.07,1113.0,614.8742,32
2026-02-04 04:23:00-05:00,QQQ,615.04,615.04,614.77,614.78,1745.0,614.9412,38
2026-02-04 04:24:00-05:00,QQQ,614.78,614.78,614.58,614.61,2302.0,614.6759,48
2026-02-04 04:25:00-05:00,QQQ,614.55,614.74,614.42,614.74,2908.0,614.5342,55
2026-02-04 04:26:00-05:00,QQQ,614.73,615.01,614.73,614.88,3185.0,614.8847,66
2026-02-04 04:27:00-05:00,QQQ,614.88,614.89,614.79,614.84,749.0,614.8104,17
2026-02-04 04:28:00-05:00,QQQ,614.78,614.8,614.65,614.8,1343.0,614.6943,36
2026-02-04 04:29:00-05:00,QQQ,614.88,615.07,614.88,615.0,592.0,614.995,24
2026-02-04 04:30:00-05:00,QQQ,615.01,615.3,615.01,615.19,2297.0,615.1974,60
2026-02-04 04:31:00-05:00,QQQ,614.95,614.96,614.91,614.92,390.0,614.9539,40
2026-02-04 04:32:00-05:00,QQQ,615.14,615.18,615.13,615.13,1263.0,615.143,44
2026-02-04 04:33:00-05:00,QQQ,615.29,615.37,615.28,615.28,1523.0,615.2881,13
2026-02-04 04:34:00-05:00,QQQ,615.21,615.25,615.08,615.08,848.0,615.2104,23
2026-02-04 04:35:00-05:00,QQQ,615.21,615.25,615.21,615.25,285.0,615.1231,29
2026-02-04 04:36:00-05:00,QQQ,615.12,615.12,615.01,615.01,902.0,615.1057,22
2026-02-04 04:37:00-05:00,QQQ,615.11,615.13,614.93,614.93,1748.0,615.0928,27
2026-02-04 04:38:00-05:00,QQQ,614.81,615.08,614.71,615.08,10508.0,614.7694,98
2026-02-04 04:39:00-05:00,QQQ,615.19,615.19,614.96,614.99,1452.0,615.1438,17
2026-02-04 04:40:00-05:00,QQQ,615.09,615.09,614.91,614.91,941.0,614.9419,22
2026-02-04 04:41:00-05:00,QQQ,614.99,615.18,614.99,615.02,1085.0,615.0897,33
2026-02-04 04:42:00-05:00,QQQ,614.88,614.88,614.55,614.74,3883.0,614.6853,95
2026-02-04 04:43:00-05:00,QQQ,614.61,614.72,614.61,614.68,1562.0,614.672,35
2026-02-04 04:44:00-05:00,QQQ,614.65,614.78,614.39,614.78,6445.0,614.544,141
2026-02-04 04:45:00-05:00,QQQ,614.88,615.19,614.88,615.14,7592.0,615.0657,85
2026-02-04 04:46:00-05:00,QQQ,615.09,615.1,615.03,615.03,2445.0,615.0846,27
2026-02-04 04:47:00-05:00,QQQ,615.15,615.15,615.0,615.0,1224.0,615.0838,28
2026-02-04 04:48:00-05:00,QQQ,614.97,614.97,614.87,614.91,819.0,614.9405,21
2026-02-04 04:49:00-05:00,QQQ,614.97,615.0,614.84,615.0,1093.0,614.9259,29
2026-02-04 04:50:00-05:00,QQQ,614.9,614.95,614.72,614.72,745.0,614.863,27
2026-02-04 04:51:00-05:00,QQQ,614.72,614.8,614.67,614.77,1542.0,614.7461,33
2026-02-04 04:52:00-05:00,QQQ,614.82,614.96,614.78,614.78,567.0,614.8664,17
2026-02-04 04:53:00-05:00,QQQ,614.93,615.0,614.73,614.92,1913.0,614.8706,45
2026-02-04 04:54:00-05:00,QQQ,615.0,615.11,614.89,615.0,2059.0,614.9855,50
2026-02-04 04:55:00-05:00,QQQ,615.04,615.18,615.04,615.16,858.0,615.1043,32
2026-02-04 04:56:00-05:00,QQQ,615.08,615.2,615.01,615.2,1122.0,615.1,35
2026-02-04 04:57:00-05:00,QQQ,615.21,615.5,615.21,615.5,2447.0,615.3821,56
2026-02-04 04:58:00-05:00,QQQ,615.51,615.55,615.48,615.49,1602.0,615.5166,40
2026-02-04 04:59:00-05:00,QQQ,615.45,615.51,615.44,615.51,1414.0,615.4652,21
2026-02-04 05:00:00-05:00,QQQ,615.46,615.53,615.34,615.49,5822.0,615.3964,60
2026-02-04 05:01:00-05:00,QQQ,615.47,615.6,615.34,615.37,2339.0,615.4335,55
2026-02-04 05:02:00-05:00,QQQ,615.33,615.52,615.33,615.49,908.0,615.4157,22
2026-02-04 05:03:00-05:00,QQQ,615.56,615.78,615.56,615.78,2677.0,615.6324,65
2026-02-04 05:04:00-05:00,QQQ,615.82,616.15,615.8,616.1,3706.0,615.9184,90
2026-02-04 05:05:00-05:00,QQQ,616.08,616.08,616.01,616.08,1003.0,616.0584,28
2026-02-04 05:06:00-05:00,QQQ,616.08,616.33,616.08,616.26,2578.0,616.2607,64
2026-02-04 05:07:00-05:00,QQQ,616.29,616.35,616.18,616.22,2905.0,616.2407,57
2026-02-04 05:08:00-05:00,QQQ,616.25,616.29,616.08,616.1,5802.0,616.2409,51
2026-02-04 05:09:00-05:00,QQQ,616.19,616.19,616.04,616.04,1405.0,616.0708,28
2026-02-04 05:10:00-05:00,QQQ,615.93,615.93,615.77,615.86,987.0,615.8654,36
2026-02-04 05:11:00-05:00,QQQ,615.87,615.93,615.82,615.9,1796.0,615.8788,24
2026-02-04 05:12:00-05:00,QQQ,615.93,616.04,615.93,615.99,1272.0,615.995,34
2026-02-04 05:13:00-05:00,QQQ,616.07,616.1,615.99,616.1,1417.0,616.0364,44
2026-02-04 05:14:00-05:00,QQQ,615.93,615.98,615.87,615.88,822.0,615.9237,18
2026-02-04 05:15:00-05:00,QQQ,615.95,616.02,615.9,615.94,1958.0,615.9514,50
2026-02-04 05:16:00-05:00,QQQ,615.95,616.09,615.95,616.09,764.0,616.0166,30
2026-02-04 05:17:00-05:00,QQQ,616.14,616.3,616.06,616.15,1139.0,616.206,36
2026-02-04 05:18:00-05:00,QQQ,616.2,616.29,616.2,616.27,1274.0,616.2433,35
2026-02-04 05:19:00-05:00,QQQ,616.31,616.41,616.27,616.4,3132.0,616.3308,76
2026-02-04 05:20:00-05:00,QQQ,616.45,616.51,616.4,616.41,10137.0,616.4497,81
2026-02-04 05:21:00-05:00,QQQ,616.36,616.48,616.35,616.48,2182.0,616.3907,49
2026-02-04 05:22:00-05:00,QQQ,616.53,616.53,616.39,616.4,556.0,616.4561,30
2026-02-04 05:23:00-05:00,QQQ,616.35,616.39,616.35,616.39,420.0,616.3798,18
2026-02-04 05:24:00-05:00,QQQ,616.41,616.41,616.27,616.33,1101.0,616.325,27
2026-02-04 05:25:00-05:00,QQQ,616.32,616.41,616.25,616.27,3018.0,616.3006,64
2026-02-04 05:26:00-05:00,QQQ,616.4,616.43,616.38,616.41,5936.0,616.3994,66
2026-02-04 05:27:00-05:00,QQQ,616.31,616.31,616.25,616.3,515.0,616.2899,21
2026-02-04 05:28:00-05:00,QQQ,616.26,616.41,616.17,616.41,2888.0,616.2784,44
2026-02-04 05:29:00-05:00,QQQ,616.39,616.5,616.39,616.5,2831.0,616.4821,43
2026-02-04 05:30:00-05:00,QQQ,616.5,616.85,616.5,616.74,2005.0,616.7273,42
2026-02-04 05:31:00-05:00,QQQ,616.8,616.8,616.7,616.71,1311.0,616.7545,27
2026-02-04 05:32:00-05:00,QQQ,616.64,616.66,616.63,616.66,274.0,616.6471,16
2026-02-04 05:33:00-05:00,QQQ,616.67,616.67,616.67,616.67,204.0,616.6667,9
2026-02-04 05:34:00-05:00,QQQ,616.69,617.0,616.69,617.0,2597.0,616.8611,42
2026-02-04 05:35:00-05:00,QQQ,616.96,617.0,616.67,616.67,2299.0,616.9129,48
2026-02-04 05:36:00-05:00,QQQ,616.64,616.78,616.64,616.72,2177.0,616.7145,44
2026-02-04 05:37:00-05:00,QQQ,616.71,616.71,616.49,616.49,1628.0,616.5674,50
2026-02-04 05:38:00-05:00,QQQ,616.39,616.39,616.37,616.37,189.0,616.3829,5
2026-02-04 05:39:00-05:00,QQQ,616.34,616.35,616.33,616.35,612.0,616.3486,14
2026-02-04 05:40:00-05:00,QQQ,616.49,616.53,616.49,616.52,732.0,616.5029,19
2026-02-04 05:41:00-05:00,QQQ,616.36,616.5,616.36,616.5,1164.0,616.4222,25
2026-02-04 05:42:00-05:00,QQQ,616.41,616.43,616.36,616.42,3194.0,616.3865,47
2026-02-04 05:43:00-05:00,QQQ,616.35,616.47,616.35,616.47,1795.0,616.3818,24
2026-02-04 05:44:00-05:00,QQQ,616.46,616.46,616.35,616.43,3022.0,616.389,43
2026-02-04 05:45:00-05:00,QQQ,616.45,616.45,616.36,616.36,1423.0,616.4039,13
2026-02-04 05:46:00-05:00,QQQ,616.3,616.31,616.3,616.31,379.0,616.3149,20
2026-02-04 05:47:00-05:00,QQQ,616.34,616.5,616.32,616.5,1238.0,616.3765,27
2026-02-04 05:48:00-05:00,QQQ,616.36,616.36,616.33,616.33,468.0,616.3344,12
2026-02-04 05:49:00-05:00,QQQ,616.42,616.5,616.42,616.42,670.0,616.4367,17
2026-02-04 05:50:00-05:00,QQQ,616.65,616.75,616.64,616.72,4072.0,616.6914,63
2026-02-04 05:51:00-05:00,QQQ,616.79,616.83,616.71,616.8,3837.0,616.7905,29
2026-02-04 05:52:00-05:00,QQQ,616.87,616.88,616.72,616.75,5014.0,616.7825,80
2026-02-04 05:53:00-05:00,QQQ,616.76,616.79,616.74,616.74,1509.0,616.759,18
2026-02-04 05:54:00-05:00,QQQ,616.69,616.8,616.69,616.75,847.0,616.7643,14
2026-02-04 05:55:00-05:00,QQQ,616.75,616.85,616.75,616.77,2095.0,616.761,34
2026-02-04 05:56:00-05:00,QQQ,616.75,616.88,616.75,616.76,1531.0,616.7821,40
2026-02-04 05:57:00-05:00,QQQ,616.74,616.8,616.74,616.8,2391.0,616.77,39
2026-02-04 05:58:00-05:00,QQQ,616.69,616.75,616.66,616.75,616.0,616.7007,15
2026-02-04 05:59:00-05:00,QQQ,616.77,617.12,616.61,616.61,4928.0,616.8036,100
2026-02-04 06:00:00-05:00,QQQ,616.67,616.78,616.55,616.55,1778.0,616.6907,37
2026-02-04 06:01:00-05:00,QQQ,616.78,616.8,616.78,616.78,690.0,616.7764,15
2026-02-04 06:02:00-05:00,QQQ,616.81,616.84,616.75,616.84,517.0,616.8153,11
2026-02-04 06:03:00-05:00,QQQ,616.81,616.81,616.7,616.7,779.0,616.7521,17
2026-02-04 06:04:00-05:00,QQQ,616.75,616.75,616.75,616.75,55.0,616.7433,8
2026-02-04 06:05:00-05:00,QQQ,616.74,616.78,616.74,616.78,410.0,616.75,8
2026-02-04 06:06:00-05:00,QQQ,616.83,616.83,616.74,616.74,271.0,616.7943,11
2026-02-04 06:07:00-05:00,QQQ,616.79,616.8,616.75,616.75,6314.0,616.7566,36
2026-02-04 06:08:00-05:00,QQQ,616.8,616.8,616.65,616.66,1038.0,616.6845,29
2026-02-04 06:09:00-05:00,QQQ,616.65,616.65,616.52,616.55,906.0,616.5932,21
2026-02-04 06:10:00-05:00,QQQ,616.5,616.5,616.35,616.35,2344.0,616.3817,43
2026-02-04 06:11:00-05:00,QQQ,616.39,616.46,616.35,616.46,825.0,616.4139,19
2026-02-04 06:12:00-05:00,QQQ,616.51,616.52,616.41,616.42,1447.0,616.4574,26
2026-02-04 06:13:00-05:00,QQQ,616.43,616.51,616.43,616.45,976.0,616.4519,18
2026-02-04 06:14:00-05:00,QQQ,616.45,616.57,616.45,616.52,2640.0,616.5074,65
2026-02-04 06:15:00-05:00,QQQ,616.54,616.65,616.54,616.65,539.0,616.6308,9
2026-02-04 06:16:00-05:00,QQQ,616.67,616.85,616.67,616.79,2016.0,616.7922,33
2026-02-04 06:17:00-05:00,QQQ,616.51,616.55,616.43,616.46,2975.0,616.5064,72
2026-02-04 06:18:00-05:00,QQQ,616.49,616.5,616.49,616.49,226.0,616.4895,10
2026-02-04 06:19:00-05:00,QQQ,616.73,616.73,616.68,616.73,1519.0,616.7128,30
2026-02-04 06:20:00-05:00,QQQ,616.72,616.72,616.62,616.62,316.0,616.6629,12
2026-02-04 06:21:00-05:00,QQQ,616.78,616.78,616.62,616.62,1126.0,616.6903,19
2026-02-04 06:22:00-05:00,QQQ,616.68,616.72,616.67,616.7,679.0,616.6953,19
2026-02-04 06:23:00-05:00,QQQ,616.69,616.8,616.68,616.8,2990.0,616.7285,47
2026-02-04 06:24:00-05:00,QQQ,616.72,616.85,616.72,616.85,713.0,616.8208,12
2026-02-04 06:25:00-05:00,QQQ,616.88,616.88,616.88,616.88,241.0,616.8568,14
2026-02-04 06:26:00-05:00,QQQ,616.71,616.77,616.66,616.77,3407.0,616.6964,22
2026-02-04 06:27:00-05:00,QQQ,616.81,616.87,616.81,616.82,2159.0,616.8447,36
2026-02-04 06:28:00-05:00,QQQ,616.81,616.84,616.73,616.73,947.0,616.8079,31
2026-02-04 06:29:00-05:00,QQQ,616.63,616.64,616.62,616.63,1342.0,616.6246,27
2026-02-04 06:30:00-05:00,QQQ,616.67,616.67,616.55,616.62,1910.0,616.618,32
2026-02-04 06:31:00-05:00,QQQ,616.7,616.79,616.7,616.78,1464.0,616.7393,32
2026-02-04 06:32:00-05:00,QQQ,616.76,616.85,616.76,616.85,474.0,616.7748,11
2026-02-04 06:33:00-05:00,QQQ,616.74,616.85,616.73,616.85,375.0,616.7871,15
2026-02-04 06:34:00-05:00,QQQ,616.94,616.96,616.94,616.96,272.0,616.9284,9
2026-02-04 06:35:00-05:00,QQQ,616.91,617.07,616.88,617.05,4605.0,617.0013,78
2026-02-04 06:36:00-05:00,QQQ,617.08,617.26,617.04,617.26,2524.0,617.1746,44
2026-02-04 06:37:00-05:00,QQQ,617.22,617.22,617.15,617.15,663.0,617.1666,20
2026-02-04 06:38:00-05:00,QQQ,617.22,617.3,617.22,617.25,4435.0,617.2525,55
2026-02-04 06:39:00-05:00,QQQ,617.25,617.29,617.19,617.19,8603.0,617.2345,66
2026-02-04 06:40:00-05:00,QQQ,617.18,617.19,617.13,617.13,592.0,617.1587,12
2026-02-04 06:41:00-05:00,QQQ,617.1,617.16,617.1,617.1,6643.0,617.1021,24
2026-02-04 06:42:00-05:00,QQQ,617.07,617.07,617.07,617.07,96.0,617.071,9
2026-02-04 06:43:00-05:00,QQQ,617.03,617.03,616.94,617.01,1373.0,616.9975,49
2026-02-04 06:44:00-05:00,QQQ,617.01,617.01,616.94,616.94,801.0,616.9564,26
2026-02-04 06:45:00-05:00,QQQ,616.95,617.09,616.95,616.96,1362.0,617.0147,31
2026-02-04 06:46:00-05:00,QQQ,617.14,617.17,616.96,616.96,5522.0,617.1448,33
2026-02-04 06:47:00-05:00,QQQ,616.99,616.99,616.8,616.82,455.0,616.8579,26
2026-02-04 06:48:00-05:00,QQQ,616.85,617.03,616.83,616.99,1662.0,616.8837,39
2026-02-04 06:49:00-05:00,QQQ,616.9,616.97,616.89,616.9,1572.0,616.9172,33
2026-02-04 06:50:00-05:00,QQQ,617.05,617.35,617.01,617.31,8830.0,617.2612,132
2026-02-04 06:51:00-05:00,QQQ,617.2,617.33,617.2,617.23,843.0,617.2752,25
2026-02-04 06:52:00-05:00,QQQ,617.11,617.12,617.09,617.1,442.0,617.1068,13
2026-02-04 06:53:00-05:00,QQQ,617.0,617.03,616.99,617.03,921.0,617.0097,13
2026-02-04 06:54:00-05:00,QQQ,617.07,617.19,617.07,617.18,952.0,617.1425,17
2026-02-04 06:55:00-05:00,QQQ,617.23,617.29,617.17,617.21,1099.0,617.2283,16
2026-02-04 06:56:00-05:00,QQQ,617.31,617.38,617.31,617.37,1067.0,617.3397,30
2026-02-04 06:57:00-05:00,QQQ,617.38,617.38,617.16,617.16,3279.0,617.1956,45
2026-02-04 06:58:00-05:00,QQQ,617.23,617.32,617.23,617.32,1131.0,617.2589,21
2026-02-04 06:59:00-05:00,QQQ,617.37,617.37,617.19,617.19,482.0,617.3195,11
2026-02-04 07:00:00-05:00,QQQ,617.17,617.4,617.07,617.4,6923.0,617.2598,120
2026-02-04 07:01:00-05:00,QQQ,617.44,617.62,617.42,617.54,4983.0,617.5207,80
2026-02-04 07:02:00-05:00,QQQ,617.5,617.51,617.25,617.3,3440.0,617.4709,47
2026-02-04 07:03:00-05:00,QQQ,617.25,617.26,617.04,617.04,2832.0,617.179,45
2026-02-04 07:04:00-05:00,QQQ,617.0,617.12,616.98,616.98,1608.0,617.0532,46
2026-02-04 07:05:00-05:00,QQQ,616.99,617.05,616.63,616.63,4519.0,616.8973,94
2026-02-04 07:06:00-05:00,QQQ,616.75,616.81,616.66,616.77,2189.0,616.7551,53
2026-02-04 07:07:00-05:00,QQQ,616.66,616.66,616.5,616.61,3600.0,616.5853,89
2026-02-04 07:08:00-05:00,QQQ,616.62,616.62,616.38,616.39,1625.0,616.4346,42
2026-02-04 07:09:00-05:00,QQQ,616.46,616.74,616.46,616.74,1285.0,616.5742,36
2026-02-04 07:10:00-05:00,QQQ,616.75,616.75,616.54,616.7,1954.0,616.6652,39
2026-02-04 07:11:00-05:00,QQQ,616.64,616.7,616.59,616.59,1099.0,616.6319,22
2026-02-04 07:12:00-05:00,QQQ,616.58,616.65,616.54,616.63,1891.0,616.6076,29
2026-02-04 07:13:00-05:00,QQQ,616.7,616.72,616.64,616.64,1204.0,616.6869,25
2026-02-04 07:14:00-05:00,QQQ,616.74,616.87,616.74,616.87,739.0,616.8009,20
2026-02-04 07:15:00-05:00,QQQ,616.94,616.98,616.84,616.84,3045.0,616.898,47
2026-02-04 07:16:00-05:00,QQQ,616.88,616.93,616.88,616.92,1037.0,616.9138,20
2026-02-04 07:17:00-05:00,QQQ,616.93,616.93,616.83,616.91,1617.0,616.8883,35
2026-02-04 07:18:00-05:00,QQQ,616.75,616.91,616.74,616.91,829.0,616.8574,34
2026-02-04 07:19:00-05:00,QQQ,616.97,616.98,616.84,616.84,640.0,616.8877,31
2026-02-04 07:20:00-05:00,QQQ,616.83,616.89,616.74,616.78,2204.0,616.7926,89
2026-02-04 07:21:00-05:00,QQQ,616.7,616.86,616.69,616.85,942.0,616.7635,27
2026-02-04 07:22:00-05:00,QQQ,616.89,616.9,616.75,616.75,1786.0,616.8452,45
2026-02-04 07:23:00-05:00,QQQ,616.7,616.7,616.6,616.6,387.0,616.6501,34
2026-02-04 07:24:00-05:00,QQQ,616.54,616.57,616.51,616.51,485.0,616.5404,32
2026-02-04 07:25:00-05:00,QQQ,616.5,616.51,616.38,616.47,6664.0,616.4384,117
2026-02-04 07:26:00-05:00,QQQ,616.32,616.38,616.11,616.11,8630.0,616.1991,188
2026-02-04 07:27:00-05:00,QQQ,616.08,616.15,615.92,616.09,6371.0,616.0687,176
2026-02-04 07:28:00-05:00,QQQ,616.09,616.17,616.08,616.08,2733.0,616.1293,47
2026-02-04 07:29:00-05:00,QQQ,616.1,616.28,616.1,616.22,2604.0,616.1642,41
2026-02-04 07:30:00-05:00,QQQ,616.22,616.22,616.15,616.15,482.0,616.1926,14
2026-02-04 07:31:00-05:00,QQQ,616.22,616.4,616.19,616.4,3318.0,616.2808,51
2026-02-04 07:32:00-05:00,QQQ,616.5,616.52,616.3,616.45,2943.0,616.4182,53
2026-02-04 07:33:00-05:00,QQQ,616.41,616.41,616.31,616.34,934.0,616.3646,26
2026-02-04 07:34:00-05:00,QQQ,616.49,616.59,616.49,616.59,3527.0,616.5115,50
2026-02-04 07:35:00-05:00,QQQ,616.59,616.59,616.5,616.5,619.0,616.5242,18
2026-02-04 07:36:00-05:00,QQQ,616.3,616.3,616.08,616.08,2861.0,616.1919,60
2026-02-04 07:37:00-05:00,QQQ,616.05,616.06,615.9,615.9,5840.0,615.994,91
2026-02-04 07:38:00-05:00,QQQ,615.84,615.86,615.69,615.74,13222.0,615.7657,95
2026-02-04 07:39:00-05:00,QQQ,615.58,615.67,615.5,615.62,5044.0,615.5909,108
2026-02-04 07:40:00-05:00,QQQ,615.66,615.66,615.53,615.53,257.0,615.5653,22
2026-02-04 07:41:00-05:00,QQQ,615.5,615.77,615.49,615.77,3060.0,615.6159,85
2026-02-04 07:42:00-05:00,QQQ,615.69,615.76,615.59,615.64,12412.0,615.7121,51
2026-02-04 07:43:00-05:00,QQQ,615.69,615.78,615.58,615.78,17468.0,615.6705,264
2026-02-04 07:44:00-05:00,QQQ,615.76,615.79,615.76,615.79,209.0,615.7715,14
2026-02-04 07:45:00-05:00,QQQ,615.75,615.82,615.54,615.54,3537.0,615.7286,57
2026-02-04 07:46:00-05:00,QQQ,615.55,615.92,615.55,615.92,3941.0,615.8501,52
2026-02-04 07:47:00-05:00,QQQ,615.93,616.06,615.92,615.93,3619.0,615.9717,55
2026-02-04 07:48:00-05:00,QQQ,615.86,615.87,615.86,615.87,344.0,615.8671,10
2026-02-04 07:49:00-05:00,QQQ,615.65,615.65,615.64,615.64,425.0,615.6654,23
2026-02-04 07:50:00-05:00,QQQ,615.57,615.57,615.57,615.57,840.0,615.5727,20
2026-02-04 07:51:00-05:00,QQQ,615.79,615.79,615.66,615.66,839.0,615.749,22
2026-02-04 07:52:00-05:00,QQQ,615.63,615.63,615.57,615.57,888.0,615.6064,18
2026-02-04 07:53:00-05:00,QQQ,615.55,615.55,615.38,615.47,3049.0,615.4516,70
2026-02-04 07:54:00-05:00,QQQ,615.47,615.68,615.46,615.67,5447.0,615.6482,57
2026-02-04 07:55:00-05:00,QQQ,615.75,615.8,615.55,615.55,5849.0,615.7374,74
2026-02-04 07:56:00-05:00,QQQ,615.52,615.72,615.51,615.72,1172.0,615.5312,18
2026-02-04 07:57:00-05:00,QQQ,615.67,615.8,615.67,615.79,2360.0,615.7181,37
2026-02-04 07:58:00-05:00,QQQ,615.8,615.8,615.7,615.75,580.0,615.7321,22
2026-02-04 08:00:00-05:00,QQQ,617.11,618.14,614.59,615.27,171967.0,616.3574,4662
2026-02-04 08:01:00-05:00,QQQ,616.33,617.81,615.35,615.64,10437.0,616.3728,633
2026-02-04 08:02:00-05:00,QQQ,615.61,616.982,615.54,615.68,33913.0,617.0884,202
2026-02-04 08:03:00-05:00,QQQ,615.6585,615.7,615.5708,615.7,4505.0,615.6694,77
2026-02-04 08:04:00-05:00,QQQ,615.56,618.01,615.21,615.21,6189.0,616.1652,319
2026-02-04 08:05:00-05:00,QQQ,615.16,615.36,615.01,615.09,4131.0,615.1704,147
2026-02-04 08:06:00-05:00,QQQ,615.09,615.3,615.08,615.191,3397.0,615.2253,78
2026-02-04 08:07:00-05:00,QQQ,615.17,615.31,615.1,615.3,10176.0,615.2052,94
2026-02-04 08:08:00-05:00,QQQ,615.31,615.33,615.14,615.22,10356.0,615.2792,93
2026-02-04 08:09:00-05:00,QQQ,615.19,615.19,614.9611,615.0,7301.0,615.0349,231
2026-02-04 08:10:00-05:00,QQQ,614.95,615.05,614.83,614.8599,17038.0,614.9888,263
2026-02-04 08:11:00-05:00,QQQ,614.84,614.94,614.76,614.85,6305.0,614.8533,128
2026-02-04 08:12:00-05:00,QQQ,614.84,615.05,614.83,615.05,2644.0,614.9533,54
2026-02-04 08:13:00-05:00,QQQ,615.09,615.2364,615.09,615.2364,6158.0,615.1585,80
2026-02-04 08:14:00-05:00,QQQ,615.16,615.25,615.15,615.23,1119.0,615.2021,56
2026-02-04 08:15:00-05:00,QQQ,615.11,615.25,615.05,615.08,5233.0,615.1464,67
2026-02-04 08:16:00-05:00,QQQ,615.27,615.45,615.27,615.45,2088.0,615.7209,57
2026-02-04 08:17:00-05:00,QQQ,615.43,615.6,615.37,615.42,10493.0,615.4952,94
2026-02-04 08:18:00-05:00,QQQ,615.4659,615.57,615.27,615.27,4234.0,615.488,64
2026-02-04 08:19:00-05:00,QQQ,615.23,615.48,615.23,615.23,2348.0,615.3486,55
2026-02-04 08:20:00-05:00,QQQ,615.3,615.32,615.13,615.29,6882.0,615.2676,128
2026-02-04 08:21:00-05:00,QQQ,615.39,615.41,615.21,615.38,10827.0,615.3837,97
2026-02-04 08:22:00-05:00,QQQ,615.33,615.37,614.94,614.94,4062.0,615.1565,112
2026-02-04 08:23:00-05:00,QQQ,615.155,615.155,614.97,615.09,2123.0,615.0076,49
2026-02-04 08:24:00-05:00,QQQ,614.97,615.05,614.67,615.05,6805.0,614.866,163
2026-02-04 08:25:00-05:00,QQQ,615.08,615.32,615.08,615.22,4412.0,615.2675,95
2026-02-04 08:26:00-05:00,QQQ,615.23,615.42,615.21,615.3,3776.0,615.3676,80
2026-02-04 08:27:00-05:00,QQQ,615.1,615.23,615.1,615.23,2804.0,615.1716,67
2026-02-04 08:28:00-05:00,QQQ,615.25,615.3,615.15,615.15,11505.0,615.2471,90
2026-02-04 08:29:00-05:00,QQQ,615.2,615.27,615.18,615.27,2367.0,615.2345,41
2026-02-04 08:30:00-05:00,QQQ,615.25,615.3,614.85,615.12,3998.0,615.0411,116
2026-02-04 08:31:00-05:00,QQQ,615.15,615.2008,615.05,615.08,6483.0,615.1213,65
2026-02-04 08:32:00-05:00,QQQ,615.01,615.1,614.98,615.04,3886.0,615.0276,113
2026-02-04 08:33:00-05:00,QQQ,614.99,615.09,614.8,615.09,3028.0,614.9281,93
2026-02-04 08:34:00-05:00,QQQ,615.05,615.83,614.8,615.43,37521.0,615.2322,388
2026-02-04 08:35:00-05:00,QQQ,615.37,615.5,614.96,615.02,5923.0,615.1305,135
2026-02-04 08:36:00-05:00,QQQ,615.01,615.41,614.9,615.03,17394.0,615.0725,212
2026-02-04 08:37:00-05:00,QQQ,615.01,615.23,614.94,615.18,10314.0,615.0213,146
2026-02-04 08:38:00-05:00,QQQ,615.22,615.25,614.9,615.11,16522.0,615.1231,241
2026-02-04 08:39:00-05:00,QQQ,615.05,615.19,615.03,615.1,3852.0,615.1082,92
2026-02-04 08:40:00-05:00,QQQ,615.06,615.4,614.96,615.33,12332.0,615.2418,142
2026-02-04 08:41:00-05:00,QQQ,615.4,615.54,615.32,615.32,9010.0,615.3857,130
2026-02-04 08:42:00-05:00,QQQ,615.21,615.33,615.18,615.32,6181.0,615.2191,96
2026-02-04 08:43:00-05:00,QQQ,615.41,615.46,615.33,615.33,309.0,615.3936,33
2026-02-04 08:44:00-05:00,QQQ,615.31,615.31,615.2,615.2,1229.0,615.26,54
2026-02-04 08:45:00-05:00,QQQ,615.12,615.15,614.81,614.81,7110.0,614.9247,160
2026-02-04 08:46:00-05:00,QQQ,614.83,614.87,614.72,614.81,16127.0,614.781,188
2026-02-04 08:47:00-05:00,QQQ,614.74,614.8,614.54,614.54,5130.0,614.6918,145
2026-02-04 08:48:00-05:00,QQQ,614.56,614.6,614.41,614.43,9605.0,614.4933,175
2026-02-04 08:49:00-05:00,QQQ,614.4438,614.47,614.26,614.26,18885.0,614.3874,222
2026-02-04 08:50:00-05:00,QQQ,614.21,614.28,614.1,614.17,12402.0,614.184,163
2026-02-04 08:51:00-05:00,QQQ,614.2,614.71,614.05,614.67,26648.0,614.3192,254
2026-02-04 08:52:00-05:00,QQQ,614.6302,614.66,614.105,614.57,6795.0,614.5432,100
2026-02-04 08:53:00-05:00,QQQ,614.6,614.64,614.54,614.57,2295.0,614.6033,62
2026-02-04 08:54:00-05:00,QQQ,614.5784,614.62,614.44,614.44,4666.0,614.5887,61
2026-02-04 08:55:00-05:00,QQQ,614.439,614.665,614.36,614.49,4334.0,614.4561,74
2026-02-04 08:56:00-05:00,QQQ,614.47,614.58,614.37,614.44,8865.0,614.4362,119
2026-02-04 08:57:00-05:00,QQQ,614.44,614.65,614.44,614.6,6698.0,614.5701,99
2026-02-04 08:58:00-05:00,QQQ,614.6,614.6,614.48,614.48,14442.0,614.5503,131
2026-02-04 08:59:00-05:00,QQQ,614.54,614.55,614.3934,614.41,3132.0,614.4251,88
2026-02-04 09:00:00-05:00,QQQ,614.37,614.37,614.19,614.29,10879.0,614.2717,167
2026-02-04 09:01:00-05:00,QQQ,614.36,614.42,614.2,614.237,5961.0,614.2764,98
2026-02-04 09:02:00-05:00,QQQ,614.39,614.42,614.12,614.42,10465.0,614.218,149
2026-02-04 09:03:00-05:00,QQQ,614.37,614.42,614.08,614.08,3785.0,614.207,94
2026-02-04 09:04:00-05:00,QQQ,614.12,614.12,613.88,613.9235,17223.0,613.9411,397
2026-02-04 09:05:00-05:00,QQQ,613.95,614.09,613.92,613.92,8604.0,614.026,128
2026-02-04 09:06:00-05:00,QQQ,613.91,613.94,613.7,613.78,8933.0,613.7805,199
2026-02-04 09:07:00-05:00,QQQ,613.79,613.79,613.6,613.6,4983.0,613.7154,140
2026-02-04 09:08:00-05:00,QQQ,613.66,613.77,613.6292,613.6292,3549.0,613.7082,104
2026-02-04 09:09:00-05:00,QQQ,613.62,613.91,613.6,613.91,7613.0,613.7834,151
2026-02-04 09:10:00-05:00,QQQ,613.64,614.23,613.64,614.07,15264.0,614.0147,145
2026-02-04 09:11:00-05:00,QQQ,614.14,614.22,614.08,614.22,6390.0,614.1421,101
2026-02-04 09:12:00-05:00,QQQ,614.16,614.28,614.15,614.24,4199.0,614.2347,72
2026-02-04 09:13:00-05:00,QQQ,614.22,614.25,614.0,614.07,2620.0,614.1514,114
2026-02-04 09:14:00-05:00,QQQ,614.0901,614.22,614.0901,614.19,5138.0,614.1685,84
2026-02-04 09:15:00-05:00,QQQ,614.2,614.23,614.08,614.14,1460.0,614.1652,59
2026-02-04 09:16:00-05:00,QQQ,614.19,614.21,614.07,614.1,4705.0,614.1158,99
2026-02-04 09:17:00-05:00,QQQ,614.08,614.1,613.9,613.99,8562.0,614.0205,114
2026-02-04 09:18:00-05:00,QQQ,613.95,614.16,613.94,614.09,16509.0,614.0855,114
2026-02-04 09:19:00-05:00,QQQ,614.14,614.18,614.01,614.01,5908.0,614.1459,98
2026-02-04 09:20:00-05:00,QQQ,613.99,614.01,613.85,613.95,3345.0,613.9567,100
2026-02-04 09:21:00-05:00,QQQ,613.95,614.1,613.83,613.84,3320.0,613.9718,103
2026-02-04 09:22:00-05:00,QQQ,613.91,614.26,613.9,614.19,1944.0,614.0266,64
2026-02-04 09:23:00-05:00,QQQ,614.2296,614.4803,614.21,614.4803,4867.0,614.3545,101
2026-02-04 09:24:00-05:00,QQQ,614.48,614.57,614.4,614.4313,15072.0,614.5375,125
2026-02-04 09:25:00-05:00,QQQ,614.34,614.61,614.33,614.61,5862.0,614.4711,157
2026-02-04 09:26:00-05:00,QQQ,614.61,614.69,614.445,614.69,13437.0,614.619,195
2026-02-04 09:27:00-05:00,QQQ,614.64,615.06,614.64,614.6496,12259.0,614.8195,242
2026-02-04 09:28:00-05:00,QQQ,614.64,615.1,614.64,614.93,17626.0,614.899,218
2026-02-04 09:29:00-05:00,QQQ,615.01,615.15,614.97,614.97,13784.0,615.0425,143
2026-02-04 09:30:00-05:00,QQQ,615.02,615.07,613.08,613.22,746430.0,614.276,12753
2026-02-04 09:31:00-05:00,QQQ,613.19,613.19,611.85,612.12,443901.0,612.3181,6954
2026-02-04 09:32:00-05:00,QQQ,612.11,612.24,611.29,612.19,353886.0,611.7082,5576
2026-02-04 09:33:00-05:00,QQQ,612.185,612.97,611.76,612.14,345680.0,612.4009,5401
2026-02-04 09:34:00-05:00,QQQ,612.13,613.055,611.72,612.622,241631.0,612.5239,4237
2026-02-04 09:35:00-05:00,QQQ,612.62,614.15,612.07,614.04,402925.0,613.0485,6385
2026-02-04 09:36:00-05:00,QQQ,614.05,614.99,613.76,613.86,372128.0,614.3341,5289
2026-02-04 09:37:00-05:00,QQQ,613.77,614.35,612.95,613.38,300627.0,613.6155,4115
2026-02-04 09:38:00-05:00,QQQ,613.39,614.57,613.25,613.88,317404.0,613.9441,4662
2026-02-04 09:39:00-05:00,QQQ,613.9,614.38,613.6,614.25,266030.0,613.9782,3902
2026-02-04 09:40:00-05:00,QQQ,614.25,614.28,613.09,613.13,275212.0,613.7508,4363
2026-02-04 09:41:00-05:00,QQQ,613.09,614.64,612.87,613.87,205005.0,613.7559,3830
2026-02-04 09:42:00-05:00,QQQ,613.85,614.77,613.48,614.77,192146.0,614.0312,3482
2026-02-04 09:43:00-05:00,QQQ,614.76,615.1,614.0,614.06,198944.0,614.7095,4407
2026-02-04 09:44:00-05:00,QQQ,614.08,614.18,613.76,613.78,111024.0,613.9638,3069
2026-02-04 09:45:00-05:00,QQQ,613.78,614.03,612.81,613.13,204014.0,613.5157,4938
2026-02-04 09:46:00-05:00,QQQ,613.09,613.55,612.92,613.35,164864.0,613.1727,3758
2026-02-04 09:47:00-05:00,QQQ,613.26,614.05,613.1,613.19,136924.0,613.6093,3603
2026-02-04 09:48:00-05:00,QQQ,613.22,614.7,613.21,614.45,187509.0,614.2512,4367
2026-02-04 09:49:00-05:00,QQQ,614.42,614.62,613.56,614.06,195901.0,614.1046,4822
2026-02-04 09:50:00-05:00,QQQ,614.075,614.35,612.79,612.82,356688.0,613.6664,7187
2026-02-04 09:51:00-05:00,QQQ,612.84,613.34,612.53,612.76,181690.0,612.9351,4463
2026-02-04 09:52:00-05:00,QQQ,612.8,612.85,612.21,612.38,271961.0,612.4938,5729
2026-02-04 09:53:00-05:00,QQQ,612.4,612.44,611.64,611.64,259941.0,611.974,5845
2026-02-04 09:54:00-05:00,QQQ,611.64,613.08,611.5935,613.02,224412.0,612.3154,4548
2026-02-04 09:55:00-05:00,QQQ,613.05,613.26,612.33,612.42,235627.0,612.9909,4275
2026-02-04 09:56:00-05:00,QQQ,612.47,612.47,611.64,611.8201,167292.0,611.9748,3806
2026-02-04 09:57:00-05:00,QQQ,611.84,611.92,611.15,611.28,182667.0,611.336,4013
2026-02-04 09:58:00-05:00,QQQ,611.28,611.32,610.33,610.38,278595.0,610.7629,5537
2026-02-04 09:59:00-05:00,QQQ,610.42,610.8,610.2101,610.42,180242.0,610.4198,4227
2026-02-04 10:00:00-05:00,QQQ,610.33,610.36,609.2475,609.4,420311.0,609.7318,11005
2026-02-04 10:01:00-05:00,QQQ,609.405,609.46,608.86,609.0,500332.0,609.084,7975
2026-02-04 10:02:00-05:00,QQQ,608.99,609.06,608.29,608.92,478160.0,608.6615,7281
2026-02-04 10:03:00-05:00,QQQ,608.95,609.87,608.83,609.52,391386.0,609.414,6491
2026-02-04 10:04:00-05:00,QQQ,609.54,609.73,608.98,609.31,512326.0,609.2696,5337
2026-02-04 10:05:00-05:00,QQQ,609.32,610.45,609.315,609.8436,583223.0,610.0565,9325
2026-02-04 10:06:00-05:00,QQQ,609.85,610.0475,609.48,609.5,280640.0,609.7634,5647
2026-02-04 10:07:00-05:00,QQQ,609.47,611.04,609.44,610.65,392320.0,610.2862,7336
2026-02-04 10:08:00-05:00,QQQ,610.66,611.19,610.46,610.91,340991.0,610.8564,5615
2026-02-04 10:09:00-05:00,QQQ,610.9,611.77,610.79,611.51,364666.0,611.4282,5891
2026-02-04 10:10:00-05:00,QQQ,611.52,611.82,610.67,610.92,253819.0,611.2576,4783
2026-02-04 10:11:00-05:00,QQQ,610.92,612.0,610.64,611.46,375693.0,611.2883,6221
2026-02-04 10:12:00-05:00,QQQ,611.47,611.981665,610.58,610.76,291488.0,611.3815,5032
2026-02-04 10:13:00-05:00,QQQ,610.72,611.81,610.491,611.24,285376.0,611.1069,5704
2026-02-04 10:14:00-05:00,QQQ,611.26,611.35,610.42,611.01,252770.0,610.8388,5031
2026-02-04 10:15:00-05:00,QQQ,611.02,611.49,610.8,611.17,283893.0,611.1582,8851
2026-02-04 10:16:00-05:00,QQQ,611.18,611.34,610.583,610.83,154824.0,610.9436,6590
2026-02-04 10:17:00-05:00,QQQ,610.86,610.87,610.35,610.671,216965.0,610.3911,3853
2026-02-04 10:18:00-05:00,QQQ,610.67,611.27,610.07,610.73,233442.0,610.5701,4784
2026-02-04 10:19:00-05:00,QQQ,610.7519,610.81,610.2,610.43,190451.0,610.517,3829
2026-02-04 10:20:00-05:00,QQQ,610.42,611.46,610.29,610.79,253865.0,610.9815,5257
2026-02-04 10:21:00-05:00,QQQ,610.84,611.59,610.51,611.55,331977.0,611.1869,5704
2026-02-04 10:22:00-05:00,QQQ,611.56,611.71,610.55,610.57,241289.0,611.0385,4911
2026-02-04 10:23:00-05:00,QQQ,610.56,612.36,610.36,612.06,367887.0,611.5792,6846
2026-02-04 10:24:00-05:00,QQQ,612.05,612.5,611.9,612.06,304487.0,612.2563,5071
2026-02-04 10:25:00-05:00,QQQ,612.07,612.87,611.82,612.63,242513.0,612.335,4776
2026-02-04 10:26:00-05:00,QQQ,612.67,613.14,611.715,611.75,268327.0,612.5692,5235
2026-02-04 10:27:00-05:00,QQQ,611.78,612.36,611.42,611.48,154955.0,611.9364,3614
2026-02-04 10:28:00-05:00,QQQ,611.48,611.79,611.18,611.34,121714.0,611.4447,3252
2026-02-04 10:29:00-05:00,QQQ,611.31,611.86,611.21,611.72,107599.0,611.5379,2927
2026-02-04 10:30:00-05:00,QQQ,611.73,611.97,610.89,611.02,188976.0,611.4777,4161
2026-02-04 10:31:00-05:00,QQQ,611.05,611.12,610.41,610.77,419372.0,610.8324,5474
2026-02-04 10:32:00-05:00,QQQ,610.73,611.2,610.56,610.72,219710.0,610.7903,4039
2026-02-04 10:33:00-05:00,QQQ,610.77,610.88,610.22,610.3014,169557.0,610.5025,3551
2026-02-04 10:34:00-05:00,QQQ,610.27,610.27,609.7,609.93,243413.0,609.9188,5299
2026-02-04 10:35:00-05:00,QQQ,609.92,610.09,609.365,609.48,231623.0,609.7509,4498
2026-02-04 10:36:00-05:00,QQQ,609.47,609.69,608.9769,609.58,284969.0,609.2673,5436
2026-02-04 10:37:00-05:00,QQQ,609.59,609.6,608.86,609.08,263353.0,609.2457,4716
2026-02-04 10:38:00-05:00,QQQ,609.09,611.3,608.61,611.23,524607.0,609.6622,9154
2026-02-04 10:39:00-05:00,QQQ,611.18,611.9,610.53,610.53,393588.0,611.1599,6744
2026-02-04 10:40:00-05:00,QQQ,610.61,611.63,610.08,611.44,296712.0,611.0375,5616
2026-02-04 10:41:00-05:00,QQQ,611.46,612.26,611.14,611.3,221848.0,611.81,4629
2026-02-04 10:42:00-05:00,QQQ,611.34,611.71,610.95,610.95,191174.0,611.2974,4258
2026-02-04 10:43:00-05:00,QQQ,610.93,610.995,610.12,610.6,173230.0,610.5508,3811
2026-02-04 10:44:00-05:00,QQQ,610.64,611.25,610.49,610.81,169831.0,610.8093,3515
2026-02-04 10:45:00-05:00,QQQ,610.835,611.06,610.39,610.39,244481.0,610.6268,3856
2026-02-04 10:46:00-05:00,QQQ,610.41,610.42,609.46,610.18,195025.0,609.8457,4557
2026-02-04 10:47:00-05:00,QQQ,610.18,610.6,609.68,609.73,127844.0,610.3347,3176
2026-02-04 10:48:00-05:00,QQQ,609.7,610.12,609.53,609.93,118019.0,609.8082,2916
2026-02-04 10:49:00-05:00,QQQ,609.92,610.02,609.43,609.71,89492.0,609.6978,2853
2026-02-04 10:50:00-05:00,QQQ,609.67,610.19,609.38,609.54,127809.0,609.8171,3383
2026-02-04 10:51:00-05:00,QQQ,609.5,609.87,609.29,609.6,108762.0,609.57,3004
2026-02-04 10:52:00-05:00,QQQ,609.62,610.14,609.59,609.98,99622.0,609.9036,2828
2026-02-04 10:53:00-05:00,QQQ,609.89,610.51,609.37,609.41,124295.0,609.9954,3213
2026-02-04 10:54:00-05:00,QQQ,609.42,610.05,609.37,609.9401,244843.0,609.6992,2640
2026-02-04 10:55:00-05:00,QQQ,609.93,610.3999,609.87,610.04,130365.0,610.0557,2919
2026-02-04 10:56:00-05:00,QQQ,609.96,610.19,609.13,609.17,85023.0,609.6757,2709
2026-02-04 10:57:00-05:00,QQQ,609.18,609.45,609.0,609.005,136588.0,609.1382,3597
2026-02-04 10:58:00-05:00,QQQ,609.04,610.02,608.9,610.0135,158229.0,609.4722,3653
2026-02-04 10:59:00-05:00,QQQ,610.01,610.08,609.12,609.39,146551.0,609.6008,3345
2026-02-04 11:00:00-05:00,QQQ,609.41,609.85,608.91,608.9599,204022.0,609.4335,4699
2026-02-04 11:01:00-05:00,QQQ,608.94,609.04,608.52,608.545,197665.0,608.7605,4393
2026-02-04 11:02:00-05:00,QQQ,608.54,608.55,607.65,607.68,329763.0,607.9966,8687
2026-02-04 11:03:00-05:00,QQQ,607.67,607.92,607.53,607.7857,343949.0,607.7308,5604
2026-02-04 11:04:00-05:00,QQQ,607.77,607.95,607.44,607.47,230569.0,607.7157,4987
2026-02-04 11:05:00-05:00,QQQ,607.47,607.68,607.31,607.32,179359.0,607.4508,4389
2026-02-04 11:06:00-05:00,QQQ,607.35,608.3,607.35,607.89,311165.0,607.8185,5208
2026-02-04 11:07:00-05:00,QQQ,607.91,608.03,607.37,607.37,146444.0,607.662,3580
2026-02-04 11:08:00-05:00,QQQ,607.36,607.8,607.27,607.2905,151809.0,607.4937,4058
2026-02-04 11:09:00-05:00,QQQ,607.33,607.44,606.975,607.3,230618.0,607.164,6087
2026-02-04 11:10:00-05:00,QQQ,607.27,607.5,606.98,607.42,258882.0,607.3029,5006
2026-02-04 11:11:00-05:00,QQQ,607.4,607.78,607.2,607.64,214581.0,607.4804,4726
2026-02-04 11:12:00-05:00,QQQ,607.64,608.99,607.49,608.8416,313920.0,608.3749,6059
2026-02-04 11:13:00-05:00,QQQ,608.85,609.13,608.5,608.73,144436.0,608.8248,3811
2026-02-04 11:14:00-05:00,QQQ,608.69,608.85,608.36,608.4199,229704.0,608.5557,4506
2026-02-04 11:15:00-05:00,QQQ,608.42,608.92,608.41,608.72,196560.0,608.6415,4109
2026-02-04 11:16:00-05:00,QQQ,608.69,608.77,607.6,607.74,204958.0,608.2157,4264
2026-02-04 11:17:00-05:00,QQQ,607.74,607.89,607.26,607.45,170106.0,607.5831,3783
2026-02-04 11:18:00-05:00,QQQ,607.49,607.66,607.21,607.41,164697.0,607.4331,3822
2026-02-04 11:19:00-05:00,QQQ,607.42,607.54,606.72,606.995,186483.0,607.0107,4395
2026-02-04 11:20:00-05:00,QQQ,606.96,607.62,606.89,607.46,278463.0,607.2088,4701
2026-02-04 11:21:00-05:00,QQQ,607.45,607.66,606.8957,606.93,100122.0,607.2549,3027
2026-02-04 11:22:00-05:00,QQQ,606.94,607.27,606.85,607.24,110017.0,607.0619,3285
2026-02-04 11:23:00-05:00,QQQ,607.22,608.01,607.07,607.89,166030.0,607.661,3933
2026-02-04 11:24:00-05:00,QQQ,607.89,608.47,607.79,608.39,153721.0,608.2024,3496
2026-02-04 11:25:00-05:00,QQQ,608.41,608.61,608.0601,608.23,175168.0,608.3968,3936
2026-02-04 11:26:00-05:00,QQQ,608.21,609.03,608.13,608.77,205783.0,608.7316,4361
2026-02-04 11:27:00-05:00,QQQ,608.8,609.06,608.74,608.98,136224.0,608.9331,3491
2026-02-04 11:28:00-05:00,QQQ,608.95,609.02,608.36,608.59,82376.0,608.6664,2651
2026-02-04 11:29:00-05:00,QQQ,608.62,609.04,608.58,608.86,89459.0,608.8022,2618
2026-02-04 11:30:00-05:00,QQQ,608.91,609.01,607.98,608.11,157473.0,608.4265,3730
2026-02-04 11:31:00-05:00,QQQ,608.11,608.39,607.99,608.11,101267.0,608.1884,2993
2026-02-04 11:32:00-05:00,QQQ,608.1,608.47,608.01,608.111,137821.0,608.1824,3519
2026-02-04 11:33:00-05:00,QQQ,608.12,608.25,607.43,607.43,146599.0,607.9153,3739
2026-02-04 11:34:00-05:00,QQQ,607.42,607.57,607.23,607.27,96414.0,607.3629,3116
2026-02-04 11:35:00-05:00,QQQ,607.29,607.66,607.09,607.55,132654.0,607.4152,3868
2026-02-04 11:36:00-05:00,QQQ,607.55,607.62,606.97,607.02,119904.0,607.3023,3309
2026-02-04 11:37:00-05:00,QQQ,607.01,607.31,606.83,606.95,112767.0,607.0029,3108
2026-02-04 11:38:00-05:00,QQQ,606.96,607.59,606.7,606.83,183323.0,607.0367,4281
2026-02-04 11:39:00-05:00,QQQ,606.85,607.18,606.608,606.63,103872.0,606.8591,3127
2026-02-04 11:40:00-05:00,QQQ,606.6,606.73,605.86,605.86,208917.0,606.2652,5996
2026-02-04 11:41:00-05:00,QQQ,605.86,606.04,605.76,605.76,174210.0,605.8913,4368
2026-02-04 11:42:00-05:00,QQQ,605.75,606.03,605.72,605.73,151017.0,605.8436,3880
2026-02-04 11:43:00-05:00,QQQ,605.73,605.76,605.3,605.38,173031.0,605.5572,4156
2026-02-04 11:44:00-05:00,QQQ,605.41,605.5,605.104,605.19,131409.0,605.3011,3640
2026-02-04 11:45:00-05:00,QQQ,605.19,605.24,605.03,605.12,140675.0,605.1375,3583
2026-02-04 11:46:00-05:00,QQQ,605.09,605.32,604.79,604.85,263431.0,605.0466,8057
2026-02-04 11:47:00-05:00,QQQ,604.85,605.01,604.7101,604.93,201969.0,604.842,4502
2026-02-04 11:48:00-05:00,QQQ,604.94,605.19,604.51,604.56,189530.0,604.8297,4508
2026-02-04 11:49:00-05:00,QQQ,604.565,604.62,604.2799,604.56,223054.0,604.4603,4837
2026-02-04 11:50:00-05:00,QQQ,604.56,604.99,604.33,604.41,263056.0,604.6969,5007
2026-02-04 11:51:00-05:00,QQQ,604.43,604.585,603.97,604.5,204304.0,604.3163,5612
2026-02-04 11:52:00-05:00,QQQ,604.49,605.13,604.41,605.065,226465.0,604.9284,4499
2026-02-04 11:53:00-05:00,QQQ,605.07,605.12,604.6,604.82,191475.0,604.9165,4262
2026-02-04 11:54:00-05:00,QQQ,604.84,605.32,604.59,605.315,238298.0,604.9791,4902
2026-02-04 11:55:00-05:00,QQQ,605.32,606.17,605.23,605.742847,276726.0,605.796,5227
2026-02-04 11:56:00-05:00,QQQ,605.72,605.985,605.4,605.87,125427.0,605.7571,3317
2026-02-04 11:57:00-05:00,QQQ,605.88,606.41,605.88,606.3219,172137.0,606.2266,4333
2026-02-04 11:58:00-05:00,QQQ,606.33,606.47,606.08,606.23,131993.0,606.284,3662
2026-02-04 11:59:00-05:00,QQQ,606.25,606.76,606.24,606.59,136062.0,606.5514,3943
2026-02-04 12:00:00-05:00,QQQ,606.58,606.65,606.045,606.25,256651.0,606.2733,4795
2026-02-04 12:01:00-05:00,QQQ,606.28,606.6,606.11,606.51,230429.0,606.4442,4065
2026-02-04 12:02:00-05:00,QQQ,606.53,606.71,606.27,606.46,135892.0,606.2004,2428
2026-02-04 12:03:00-05:00,QQQ,606.45,607.09,606.38,606.66,188084.0,606.7707,2871
2026-02-04 12:04:00-05:00,QQQ,606.71,606.98,606.54,606.8,101487.0,606.7066,1833
2026-02-04 12:05:00-05:00,QQQ,606.82,607.01,606.57,606.62,111958.0,606.8151,2159
2026-02-04 12:06:00-05:00,QQQ,606.64,606.65,606.14,606.37,151389.0,606.3661,2757
2026-02-04 12:07:00-05:00,QQQ,606.37,606.56,605.91,606.07,173640.0,606.1652,3342
2026-02-04 12:08:00-05:00,QQQ,606.08,606.55,606.07,606.34,104995.0,606.2949,2355
2026-02-04 12:09:00-05:00,QQQ,606.35,606.71,606.1,606.14,151465.0,606.417,2628
2026-02-04 12:10:00-05:00,QQQ,606.15,606.26,605.52,605.61,186595.0,605.8462,2870
2026-02-04 12:11:00-05:00,QQQ,605.595,605.91,605.31,605.86,279223.0,605.532,3534
2026-02-04 12:12:00-05:00,QQQ,605.89,606.14,605.68,606.07,126590.0,605.8803,2419
2026-02-04 12:13:00-05:00,QQQ,606.04,606.55,605.99,606.35,89740.0,606.3361,2115
2026-02-04 12:14:00-05:00,QQQ,606.35,606.67,606.34,606.4401,90892.0,606.5273,1935
2026-02-04 12:15:00-05:00,QQQ,606.44,606.73,606.1,606.31,201369.0,606.5641,2224
2026-02-04 12:16:00-05:00,QQQ,606.33,606.33,605.53,605.58,138032.0,606.0257,2284
2026-02-04 12:17:00-05:00,QQQ,605.57,605.88,605.41,605.48,110687.0,605.6576,2334
2026-02-04 12:18:00-05:00,QQQ,605.48,605.8,605.35,605.3934,65110.0,605.5622,1789
2026-02-04 12:19:00-05:00,QQQ,605.38,605.615,605.2143,605.26,73966.0,605.3879,1532
2026-02-04 12:20:00-05:00,QQQ,605.24,605.45,604.98,605.41,154843.0,605.2217,3316
2026-02-04 12:21:00-05:00,QQQ,605.39,605.74,605.17,605.58,132132.0,605.4454,2601
2026-02-04 12:22:00-05:00,QQQ,605.61,605.63,604.88,604.91,101111.0,605.1822,2198
2026-02-04 12:23:00-05:00,QQQ,604.92,605.21,604.8,605.04,90790.0,605.0482,2023
2026-02-04 12:24:00-05:00,QQQ,605.09,605.35,604.95,605.09,91685.0,605.4113,1690
2026-02-04 12:25:00-05:00,QQQ,605.1,605.3,604.85,605.11,91879.0,605.0935,2170
2026-02-04 12:26:00-05:00,QQQ,605.09,605.16,604.58,604.61,144497.0,605.0029,2342
2026-02-04 12:27:00-05:00,QQQ,604.63,604.64,602.93,603.71,734660.0,603.4366,12969
2026-02-04 12:28:00-05:00,QQQ,603.7,604.08,603.09,603.22,222145.0,603.6444,4296
2026-02-04 12:29:00-05:00,QQQ,603.23,603.29,602.66,603.0,190596.0,603.0017,3916
2026-02-04 12:30:00-05:00,QQQ,603.0,603.14,602.475,602.7,225702.0,602.7815,4832
2026-02-04 12:31:00-05:00,QQQ,602.7,604.14,602.61,603.84,357185.0,603.5628,6485
2026-02-04 12:32:00-05:00,QQQ,603.81,604.4,602.86,603.005,199762.0,603.6923,3657
2026-02-04 12:33:00-05:00,QQQ,603.0,603.51,602.87,603.24,145674.0,603.2265,3125
2026-02-04 12:34:00-05:00,QQQ,603.285,603.38,602.56,602.88,172668.0,602.8703,3659
2026-02-04 12:35:00-05:00,QQQ,602.87,602.87,602.26,602.26,117931.0,602.5604,2545
2026-02-04 12:36:00-05:00,QQQ,602.26,602.46,601.97,602.04,156537.0,602.2166,4069
2026-02-04 12:37:00-05:00,QQQ,602.03,602.08,601.6,601.62,153005.0,601.8135,2804
2026-02-04 12:38:00-05:00,QQQ,601.6,601.62,601.34,601.44,193036.0,601.4689,3298
2026-02-04 12:39:00-05:00,QQQ,601.46,601.66,601.24,601.24,149715.0,601.4579,3219
2026-02-04 12:40:00-05:00,QQQ,601.24,601.34,600.83,601.32,295507.0,601.0649,6061
2026-02-04 12:41:00-05:00,QQQ,601.33,601.97,601.27,601.91,333389.0,601.4197,4372
2026-02-04 12:42:00-05:00,QQQ,601.86,601.97,601.14,601.2747,179192.0,601.6514,3373
2026-02-04 12:43:00-05:00,QQQ,601.29,601.54,601.07,601.285,110902.0,601.3164,2581
2026-02-04 12:44:00-05:00,QQQ,601.24,602.19,601.16,602.08,208987.0,601.7417,3970
2026-02-04 12:45:00-05:00,QQQ,602.06,602.35,601.47,601.53,166274.0,602.018,3297
2026-02-04 12:46:00-05:00,QQQ,601.525,601.82,601.28,601.79,160278.0,601.5572,2941
2026-02-04 12:47:00-05:00,QQQ,601.76,601.79,601.37,601.38,77286.0,601.5117,2169
2026-02-04 12:48:00-05:00,QQQ,601.35,601.53,600.92,600.96,127395.0,601.2531,3191
2026-02-04 12:49:00-05:00,QQQ,601.0,601.16,600.8,601.12,156617.0,600.9738,3098
2026-02-04 12:50:00-05:00,QQQ,601.12,601.12,600.47,600.78,271264.0,601.0698,4135
2026-02-04 12:51:00-05:00,QQQ,600.77,601.32,600.71,601.12,274306.0,601.0197,4931
2026-02-04 12:52:00-05:00,QQQ,601.1,601.85,601.01,601.625,248890.0,601.6313,3783
2026-02-04 12:53:00-05:00,QQQ,601.63,601.91,601.4001,601.51,170557.0,601.6932,2710
2026-02-04 12:54:00-05:00,QQQ,601.52,602.09,601.52,601.95,565729.0,601.9269,2323
2026-02-04 12:55:00-05:00,QQQ,601.95,602.69,601.93,602.665,168753.0,602.2974,3411
2026-02-04 12:56:00-05:00,QQQ,602.67,602.7,602.05,602.1,192738.0,602.1413,2566
2026-02-04 12:57:00-05:00,QQQ,602.13,602.62,601.97,602.541,119953.0,602.2776,2614
2026-02-04 12:58:00-05:00,QQQ,602.53,602.89,602.48,602.58,152110.0,602.7167,3182
2026-02-04 12:59:00-05:00,QQQ,602.57,602.73,602.28,602.69,143543.0,602.4995,3118
2026-02-04 13:00:00-05:00,QQQ,602.68,603.02,602.02,602.14,288411.0,602.4033,5014
2026-02-04 13:01:00-05:00,QQQ,602.15,602.45,601.78,601.89,147623.0,602.0973,2881
2026-02-04 13:02:00-05:00,QQQ,601.88,602.1,601.63,601.66,105956.0,601.834,2213
2026-02-04 13:03:00-05:00,QQQ,601.69,602.1,601.53,601.91,132889.0,601.8364,2294
2026-02-04 13:04:00-05:00,QQQ,601.93,602.4,601.81,602.38,224393.0,602.0378,3469
2026-02-04 13:05:00-05:00,QQQ,602.39,602.88,602.3,602.86,180133.0,602.6688,3225
2026-02-04 13:06:00-05:00,QQQ,602.87,603.2,602.63,603.01,165270.0,602.9814,2652
2026-02-04 13:07:00-05:00,QQQ,603.01,603.21,602.89,603.05,133647.0,603.0661,2338
2026-02-04 13:08:00-05:00,QQQ,603.05,603.3,602.69,602.92,138324.0,603.0097,2524
2026-02-04 13:09:00-05:00,QQQ,602.915,602.915,601.41,601.42,281492.0,601.8756,4340
2026-02-04 13:10:00-05:00,QQQ,601.41,601.991,601.35,601.8,147258.0,601.6294,2449
2026-02-04 13:11:00-05:00,QQQ,601.82,602.02,601.63,601.784,108957.0,601.8052,1831
2026-02-04 13:12:00-05:00,QQQ,601.7791,601.87,601.45,601.67,101055.0,601.603,1832
2026-02-04 13:13:00-05:00,QQQ,601.66,602.35,601.52,602.19,102655.0,602.0028,2170
2026-02-04 13:14:00-05:00,QQQ,602.11,602.405,602.01,602.1,90980.0,602.1959,1763
2026-02-04 13:15:00-05:00,QQQ,602.07,602.51,601.96,602.06,110384.0,602.2793,2640
2026-02-04 13:16:00-05:00,QQQ,602.09,602.09,601.74,601.7601,82197.0,601.9022,1808
2026-02-04 13:17:00-05:00,QQQ,601.75,602.07,601.75,601.82,63546.0,601.9107,1560
2026-02-04 13:18:00-05:00,QQQ,601.824,602.1,601.76,601.76,71639.0,601.9228,1806
2026-02-04 13:19:00-05:00,QQQ,601.74,601.87,601.51,601.64,79707.0,601.6777,1635
2026-02-04 13:20:00-05:00,QQQ,601.65,601.97,601.6,601.69,80082.0,601.7631,1506
2026-02-04 13:21:00-05:00,QQQ,601.71,602.03,601.5,601.98,126703.0,601.7385,2170
2026-02-04 13:22:00-05:00,QQQ,601.99,602.51,601.81,602.47,198457.0,602.25,3189
2026-02-04 13:23:00-05:00,QQQ,602.495,602.81,602.38,602.71,90261.0,602.5776,1970
2026-02-04 13:24:00-05:00,QQQ,602.73,602.98,602.61,602.965,103937.0,602.7856,1973
2026-02-04 13:25:00-05:00,QQQ,602.97,603.76,602.97,603.7493,210325.0,603.4707,3536
2026-02-04 13:26:00-05:00,QQQ,603.75,604.12,603.58,604.02,136665.0,603.886,2139
2026-02-04 13:27:00-05:00,QQQ,604.02,604.35,603.97,604.065,170184.0,604.1371,2777
2026-02-04 13:28:00-05:00,QQQ,604.06,604.36,604.01,604.22,169494.0,604.1758,2707
2026-02-04 13:29:00-05:00,QQQ,604.22,604.53,604.12,604.34,147254.0,604.3666,2274
2026-02-04 13:30:00-05:00,QQQ,604.31,604.37,603.12,603.41,217918.0,603.6045,3777
2026-02-04 13:31:00-05:00,QQQ,603.37,603.78,603.25,603.43,125915.0,603.5388,2591
2026-02-04 13:32:00-05:00,QQQ,603.39,603.535,602.36,602.46,147401.0,602.8653,2482
2026-02-04 13:33:00-05:00,QQQ,602.42,602.5797,602.19,602.42,132293.0,602.3857,2335
2026-02-04 13:34:00-05:00,QQQ,602.42,602.75,602.18,602.67,146612.0,602.5165,2362
2026-02-04 13:35:00-05:00,QQQ,602.7,603.43,602.64,602.73,106482.0,603.0163,2172
2026-02-04 13:36:00-05:00,QQQ,602.74,603.06,602.48,603.05,91982.0,602.7282,2050
2026-02-04 13:37:00-05:00,QQQ,603.06,603.2,602.86,603.02,71803.0,603.0319,1548
2026-02-04 13:38:00-05:00,QQQ,603.02,603.13,602.66,602.92,109829.0,602.8515,1671
2026-02-04 13:39:00-05:00,QQQ,602.92,603.21,602.535,603.16,104268.0,602.8723,1812
2026-02-04 13:40:00-05:00,QQQ,603.14,603.27,602.82,603.02,68635.0,603.0283,1537
2026-02-04 13:41:00-05:00,QQQ,603.0,603.2087,602.81,603.0999,76325.0,603.058,1405
2026-02-04 13:42:00-05:00,QQQ,603.12,604.25,603.05,604.1,190511.0,603.52,2982
2026-02-04 13:43:00-05:00,QQQ,604.09,604.12,603.365,603.43,210537.0,603.671,2655
2026-02-04 13:44:00-05:00,QQQ,603.43,603.53,603.01,603.03,72642.0,603.2233,1559
2026-02-04 13:45:00-05:00,QQQ,603.01,603.02,602.6,602.65,104746.0,602.7717,1771
2026-02-04 13:46:00-05:00,QQQ,602.66,603.11,602.57,602.95,70031.0,602.8177,1288
2026-02-04 13:47:00-05:00,QQQ,602.97,603.06,602.62,602.64,81970.0,602.8422,1517
2026-02-04 13:48:00-05:00,QQQ,602.65,602.85,602.48,602.83,139125.0,602.7675,1887
2026-02-04 13:49:00-05:00,QQQ,602.85,603.22,602.47,602.47,108398.0,602.9316,2068
2026-02-04 13:50:00-05:00,QQQ,602.46,602.51,601.81,601.84,152357.0,602.1566,2399
2026-02-04 13:51:00-05:00,QQQ,601.86,602.03,601.71,601.89,86895.0,601.8508,1542
2026-02-04 13:52:00-05:00,QQQ,601.89,602.66,601.8,602.62,108422.0,602.2783,1589
2026-02-04 13:53:00-05:00,QQQ,602.63,603.05,602.485,603.04,98018.0,602.7887,1796
2026-02-04 13:54:00-05:00,QQQ,603.01,603.6,602.94,603.39,152385.0,603.3402,2340
2026-02-04 13:55:00-05:00,QQQ,603.41,603.973,603.38,603.87,137643.0,603.7022,2072
2026-02-04 13:56:00-05:00,QQQ,603.87,604.33,603.8346,604.2,124440.0,604.1616,1981
2026-02-04 13:57:00-05:00,QQQ,604.2,604.63,604.13,604.59,129089.0,604.4789,2064
2026-02-04 13:58:00-05:00,QQQ,604.63,604.72,604.1909,604.44,141249.0,604.394,2247
2026-02-04 13:59:00-05:00,QQQ,604.4,604.45,603.57,603.87,153955.0,603.8738,2424
2026-02-04 14:00:00-05:00,QQQ,603.85,604.06,603.54,603.62,170569.0,603.6666,2281
2026-02-04 14:01:00-05:00,QQQ,603.62,603.95,603.436,603.56,112313.0,603.6429,1718
2026-02-04 14:02:00-05:00,QQQ,603.56,604.22,603.54,604.11,128445.0,603.9695,1644
2026-02-04 14:03:00-05:00,QQQ,604.15,604.3,603.985,604.02,71354.0,604.1546,1497
2026-02-04 14:04:00-05:00,QQQ,604.08,604.08,603.19,603.24,284583.0,603.5931,4658
2026-02-04 14:05:00-05:00,QQQ,603.26,603.26,602.44,603.035,252194.0,602.8015,4649
2026-02-04 14:06:00-05:00,QQQ,602.97,603.16,602.72,602.85,325590.0,607.2106,2656
2026-02-04 14:07:00-05:00,QQQ,602.81,602.87,602.48,602.56,101977.0,602.615,1990
2026-02-04 14:08:00-05:00,QQQ,602.56,603.1888,602.49,603.15,89010.0,602.8528,1765
2026-02-04 14:09:00-05:00,QQQ,603.17,603.66,603.08,603.431721,332701.0,603.9488,2182
2026-02-04 14:10:00-05:00,QQQ,603.46,603.72,603.31,603.5,68641.0,603.544,1317
2026-02-04 14:11:00-05:00,QQQ,603.49,603.7559,603.35,603.65,78177.0,603.5586,1439
2026-02-04 14:12:00-05:00,QQQ,603.65,603.8299,603.49,603.6399,58425.0,603.6463,1296
2026-02-04 14:13:00-05:00,QQQ,603.56,603.88,603.48,603.67,67460.0,603.7047,1451
2026-02-04 14:14:00-05:00,QQQ,603.65,603.74,603.22,603.43,84850.0,603.5267,1537
2026-02-04 14:15:00-05:00,QQQ,603.41,603.83,603.37,603.62,90890.0,603.6141,1664
2026-02-04 14:16:00-05:00,QQQ,603.6,603.84,603.45,603.57,75956.0,603.5894,1499
2026-02-04 14:17:00-05:00,QQQ,603.56,603.7692,603.48,603.6101,66119.0,603.5914,1398
2026-02-04 14:18:00-05:00,QQQ,603.62,604.37,603.58,604.37,166558.0,604.0236,2534
2026-02-04 14:19:00-05:00,QQQ,604.38,604.65,603.86,603.92,247639.0,604.3564,3166
2026-02-04 14:20:00-05:00,QQQ,603.91,604.41,603.87,604.1851,151138.0,604.1583,2711
2026-02-04 14:21:00-05:00,QQQ,604.18,604.18,603.2,603.23,145041.0,603.6613,2439
2026-02-04 14:22:00-05:00,QQQ,603.22,603.47,603.07,603.39,193294.0,603.2319,2717
2026-02-04 14:23:00-05:00,QQQ,603.39,603.66,603.175,603.35,81230.0,603.4483,1555
2026-02-04 14:24:00-05:00,QQQ,603.36,604.26,603.32,604.01,119427.0,603.8071,2086
2026-02-04 14:25:00-05:00,QQQ,603.99,604.4,603.96,604.22,167175.0,604.2392,2572
2026-02-04 14:26:00-05:00,QQQ,604.21,604.27,603.71,604.16,132513.0,604.0861,2364
2026-02-04 14:27:00-05:00,QQQ,604.15,604.45,604.1,604.43,211958.0,610.1967,1667
2026-02-04 14:28:00-05:00,QQQ,604.49,604.58,604.25,604.5,88993.0,604.4247,1521
2026-02-04 14:29:00-05:00,QQQ,604.53,604.92,604.46,604.83,204772.0,604.7077,3132
2026-02-04 14:30:00-05:00,QQQ,604.82,605.56,604.75,605.16,264318.0,605.2213,3843
2026-02-04 14:31:00-05:00,QQQ,605.23,605.63,605.21,605.55,165567.0,605.4884,2688
2026-02-04 14:32:00-05:00,QQQ,605.58,605.71,605.31,605.665,185446.0,605.5447,2766
2026-02-04 14:33:00-05:00,QQQ,605.67,605.71,605.38,605.67,226476.0,605.5565,2926
2026-02-04 14:34:00-05:00,QQQ,605.67,605.8312,605.59,605.78,180109.0,605.7407,2811
2026-02-04 14:35:00-05:00,QQQ,605.8,606.085,605.3,605.53,204201.0,605.6907,2931
2026-02-04 14:36:00-05:00,QQQ,605.49,605.65,605.18,605.35,155828.0,605.4109,2261
2026-02-04 14:37:00-05:00,QQQ,605.34,605.74,605.18,605.6549,126913.0,605.4234,1783
2026-02-04 14:38:00-05:00,QQQ,605.7,605.73,605.38,605.54,91641.0,605.5686,1581
2026-02-04 14:39:00-05:00,QQQ,605.54,605.75,605.48,605.52,90993.0,605.5079,1554
2026-02-04 14:40:00-05:00,QQQ,605.52,605.93,605.435,605.86,165832.0,605.6197,2624
2026-02-04 14:41:00-05:00,QQQ,605.87,606.36,605.82,606.23,188570.0,606.1382,2944
2026-02-04 14:42:00-05:00,QQQ,606.23,606.63,606.2,606.44,132752.0,606.4005,2238
2026-02-04 14:43:00-05:00,QQQ,606.45,606.81,606.39,606.755,299669.0,610.0165,2531
2026-02-04 14:44:00-05:00,QQQ,606.79,606.79,606.17,606.35,149820.0,606.4325,2083
2026-02-04 14:45:00-05:00,QQQ,606.35,606.45,606.02,606.29,149693.0,606.2556,2405
2026-02-04 14:46:00-05:00,QQQ,606.28,607.5,606.26,607.24,319137.0,606.6471,3804
2026-02-04 14:47:00-05:00,QQQ,607.27,607.27,606.68,606.7799,190082.0,606.9675,2755
2026-02-04 14:48:00-05:00,QQQ,606.79,608.95,606.66,608.1799,604267.0,607.7555,8545
2026-02-04 14:49:00-05:00,QQQ,608.2,608.26,607.22,607.315,287835.0,607.5642,4612
2026-02-04 14:50:00-05:00,QQQ,607.31,607.479,606.98,607.17,201007.0,607.285,3461
2026-02-04 14:51:00-05:00,QQQ,607.2,607.95,607.18,607.57,214417.0,607.6635,3246
2026-02-04 14:52:00-05:00,QQQ,607.56,608.17,607.5,608.11,181224.0,607.9635,2758
2026-02-04 14:53:00-05:00,QQQ,608.12,608.4,608.08,608.22,174317.0,608.1896,2539
2026-02-04 14:54:00-05:00,QQQ,608.21,608.22,607.61,607.62,222115.0,607.873,3350
2026-02-04 14:55:00-05:00,QQQ,607.63,607.87,607.35,607.84,205498.0,607.5934,3114
2026-02-04 14:56:00-05:00,QQQ,607.85,608.15,607.74,608.11,130811.0,607.9788,1794
2026-02-04 14:57:00-05:00,QQQ,608.13,608.52,608.09,608.36,119493.0,608.3345,2082
2026-02-04 14:58:00-05:00,QQQ,608.38,608.55,608.3,608.41,154605.0,608.4325,2258
2026-02-04 14:59:00-05:00,QQQ,608.42,608.48,608.11,608.315,191646.0,608.2951,2864
2026-02-04 15:00:00-05:00,QQQ,608.31,608.63,607.68,607.71,315342.0,608.2506,4387
2026-02-04 15:01:00-05:00,QQQ,607.71,607.82,607.315,607.36,290308.0,607.531,4131
2026-02-04 15:02:00-05:00,QQQ,607.37,607.5,607.04,607.11,233746.0,607.2623,3309
2026-02-04 15:03:00-05:00,QQQ,607.12,607.64,607.12,607.62,212543.0,607.4438,3089
2026-02-04 15:04:00-05:00,QQQ,607.63,607.69,607.22,607.32,142560.0,607.4646,2298
2026-02-04 15:05:00-05:00,QQQ,607.31,607.5,607.19,607.31,112518.0,607.3763,1897
2026-02-04 15:06:00-05:00,QQQ,607.3,607.56,607.27,607.45,90676.0,607.4082,1557
2026-02-04 15:07:00-05:00,QQQ,607.52,607.52,607.24,607.3189,62747.0,607.3655,1215
2026-02-04 15:08:00-05:00,QQQ,607.33,607.58,607.28,607.42,66543.0,607.4219,1219
2026-02-04 15:09:00-05:00,QQQ,607.43,607.835,607.43,607.77,113680.0,607.6298,1732
2026-02-04 15:10:00-05:00,QQQ,607.77,607.94,607.442,607.47,201072.0,612.2022,1672
2026-02-04 15:11:00-05:00,QQQ,607.45,607.48,606.64,606.675,145118.0,607.0661,2340
2026-02-04 15:12:00-05:00,QQQ,606.67,606.73,606.31,606.5535,176001.0,606.4705,2289
2026-02-04 15:13:00-05:00,QQQ,606.56,606.61,606.23,606.54,237103.0,606.4087,2018
2026-02-04 15:14:00-05:00,QQQ,606.55,606.9,606.53,606.89,115812.0,606.8165,1438
2026-02-04 15:15:00-05:00,QQQ,606.9,607.1601,606.79,607.14,117044.0,606.8636,1396
2026-02-04 15:16:00-05:00,QQQ,607.13,607.2,606.43,606.64,108618.0,606.7718,1654
2026-02-04 15:17:00-05:00,QQQ,606.67,606.93,606.6,606.9,80277.0,606.7738,1141
2026-02-04 15:18:00-05:00,QQQ,606.94,607.09,606.68,606.75,64629.0,606.9006,1187
2026-02-04 15:19:00-05:00,QQQ,606.755,607.11,606.75,606.95,67554.0,606.9932,1166
2026-02-04 15:20:00-05:00,QQQ,606.94,607.01,606.5801,606.59,99575.0,606.7413,1571
2026-02-04 15:21:00-05:00,QQQ,606.63,607.1291,606.5088,606.97,194385.0,611.929,1581
2026-02-04 15:22:00-05:00,QQQ,606.97,607.355,606.91,607.16,116869.0,607.1686,1973
2026-02-04 15:23:00-05:00,QQQ,607.18,607.54,607.11,607.48,153276.0,607.3278,2259
2026-02-04 15:24:00-05:00,QQQ,607.49,607.66,607.37,607.48,85164.0,607.5323,1595
2026-02-04 15:25:00-05:00,QQQ,607.49,607.54,607.04,607.23,77929.0,607.2232,1459
2026-02-04 15:26:00-05:00,QQQ,607.22,607.53,607.19,607.48,103774.0,607.3615,1910
2026-02-04 15:27:00-05:00,QQQ,607.47,607.91,607.45,607.62,87822.0,607.7486,1759
2026-02-04 15:28:00-05:00,QQQ,607.63,607.71,607.4,607.62,110252.0,607.4532,1703
2026-02-04 15:29:00-05:00,QQQ,607.61,607.67,607.08,607.19,129245.0,607.4946,1734
2026-02-04 15:30:00-05:00,QQQ,607.18,607.3699,606.94,607.02,126248.0,607.1101,2186
2026-02-04 15:31:00-05:00,QQQ,607.01,607.3,606.86,606.8973,102205.0,607.0144,1789
2026-02-04 15:32:00-05:00,QQQ,606.91,606.98,606.7,606.93,96682.0,606.8724,1558
2026-02-04 15:33:00-05:00,QQQ,606.945,607.46,606.945,607.3565,98818.0,607.3116,1756
2026-02-04 15:34:00-05:00,QQQ,607.37,607.64,607.26,607.305,119164.0,607.4501,1869
2026-02-04 15:35:00-05:00,QQQ,607.33,607.42,607.03,607.04,104196.0,607.2849,1543
2026-02-04 15:36:00-05:00,QQQ,607.06,607.47,606.95,607.4,283785.0,607.2355,2028
2026-02-04 15:37:00-05:00,QQQ,607.39,607.79,607.3,607.79,121057.0,607.5019,1820
2026-02-04 15:38:00-05:00,QQQ,607.79,607.92,607.57,607.82,192982.0,607.7231,2855
2026-02-04 15:39:00-05:00,QQQ,607.82,607.86,607.52,607.83,79876.0,607.7346,1519
2026-02-04 15:40:00-05:00,QQQ,607.83,608.03,607.74,607.995,144108.0,607.8784,2505
2026-02-04 15:41:00-05:00,QQQ,608.0,608.0,607.6,607.64,86355.0,607.7864,1835
2026-02-04 15:42:00-05:00,QQQ,607.66,607.91,607.52,607.78,118739.0,607.7267,2112
2026-02-04 15:43:00-05:00,QQQ,607.78,608.13,607.63,607.65,155974.0,607.8984,2532
2026-02-04 15:44:00-05:00,QQQ,607.66,607.69,607.27,607.345,177352.0,607.4091,3307
2026-02-04 15:45:00-05:00,QQQ,607.34,607.3605,607.15,607.2,188162.0,607.2453,3328
2026-02-04 15:46:00-05:00,QQQ,607.2,607.29,606.87,607.26,191634.0,607.0712,3312
2026-02-04 15:47:00-05:00,QQQ,607.28,607.93,607.28,607.73,179952.0,607.67,3272
2026-02-04 15:48:00-05:00,QQQ,607.7201,607.8799,607.52,607.82,122202.0,607.7095,2478
2026-02-04 15:49:00-05:00,QQQ,607.835,607.84,607.61,607.76,110305.0,607.7105,2219
2026-02-04 15:50:00-05:00,QQQ,607.79,608.02,606.97,606.97,324687.0,607.3338,6051
2026-02-04 15:51:00-05:00,QQQ,606.97,607.09,606.53,606.66,213739.0,606.7787,3775
2026-02-04 15:52:00-05:00,QQQ,606.66,606.77,606.36,606.77,225177.0,606.5326,4017
2026-02-04 15:53:00-05:00,QQQ,606.79,606.94,606.35,606.49,175985.0,606.6134,3390
2026-02-04 15:54:00-05:00,QQQ,606.48,606.57,605.71,605.85,369029.0,608.9222,4774
2026-02-04 15:55:00-05:00,QQQ,605.84,606.0735,605.52,605.76,445419.0,608.3092,5636
2026-02-04 15:56:00-05:00,QQQ,605.77,605.77,605.21,605.4999,547584.0,609.6011,5170
2026-02-04 15:57:00-05:00,QQQ,605.47,605.71,605.33,605.63,334925.0,605.5796,4308
2026-02-04 15:58:00-05:00,QQQ,605.62,605.79,605.42,605.75,317296.0,605.6094,4428
2026-02-04 15:59:00-05:00,QQQ,605.75,605.975,605.45,605.62,1331359.0,608.1901,11776
2026-02-04 16:00:00-05:00,QQQ,605.48,606.51,605.37,606.2,98771.0,605.9696,902
2026-02-04 16:01:00-05:00,QQQ,606.15,606.63,605.5,605.5,42322.0,606.1779,571
2026-02-04 16:02:00-05:00,QQQ,606.29,607.13,603.9,604.0,226657.0,605.7854,2042
2026-02-04 16:03:00-05:00,QQQ,604.04,604.3,602.85,603.06,174596.0,603.2884,2237
2026-02-04 16:04:00-05:00,QQQ,603.02,604.59,602.76,603.5,335095.0,611.6734,1791
2026-02-04 16:05:00-05:00,QQQ,603.63,605.35,603.5,605.29,158250.0,604.4735,1501
2026-02-04 16:06:00-05:00,QQQ,605.22,606.07,605.22,605.46,80565.0,605.5846,1329
2026-02-04 16:07:00-05:00,QQQ,605.28,605.84,604.53,604.99,56082.0,605.3697,1000
2026-02-04 16:08:00-05:00,QQQ,604.93,606.36,604.68,606.31,216830.0,605.2323,1079
2026-02-04 16:09:00-05:00,QQQ,606.29,606.9,605.78,606.34,80530.0,606.2716,2099
2026-02-04 16:10:00-05:00,QQQ,606.28,606.86,605.78,606.3384,96382.0,606.5396,1796
2026-02-04 16:11:00-05:00,QQQ,606.36,606.78,606.26,606.3,43570.0,606.4612,819
2026-02-04 16:12:00-05:00,QQQ,606.46,606.5,606.04,606.4,920040.0,605.8256,405
2026-02-04 16:13:00-05:00,QQQ,606.35,607.27,605.91,607.0,62676.0,606.4435,1147
2026-02-04 16:14:00-05:00,QQQ,607.04,607.22,606.84,606.84,73997.0,607.0147,776
2026-02-04 16:15:00-05:00,QQQ,606.9,607.11,606.56,606.56,42745.0,606.8613,609
2026-02-04 16:16:00-05:00,QQQ,606.55,606.55,605.64,605.78,46400.0,606.1374,824
2026-02-04 16:17:00-05:00,QQQ,605.85,606.5,605.8,606.5,5802.0,606.1393,205
2026-02-04 16:18:00-05:00,QQQ,606.32,606.77,606.32,606.6784,6606.0,606.6363,211
2026-02-04 16:19:00-05:00,QQQ,606.4926,606.67,606.4926,606.54,16025.0,606.5638,302
2026-02-04 16:20:00-05:00,QQQ,606.59,606.7,606.04,606.1,15632.0,606.5049,338
2026-02-04 16:21:00-05:00,QQQ,606.03,606.04,605.7,606.04,19619.0,605.9038,399
2026-02-04 16:22:00-05:00,QQQ,606.1801,606.26,605.81,605.9112,5346.0,606.0725,84
2026-02-04 16:23:00-05:00,QQQ,605.91,606.0316,605.82,605.8399,5282.0,605.922,144
2026-02-04 16:24:00-05:00,QQQ,605.98,606.33,605.98,606.2709,12327.0,606.1318,193
2026-02-04 16:25:00-05:00,QQQ,606.4426,606.4621,606.2892,606.32,1793.0,606.3908,121
2026-02-04 16:26:00-05:00,QQQ,606.31,606.4,605.9106,606.4,3274.0,606.2213,144
2026-02-04 16:27:00-05:00,QQQ,606.42,606.75,606.39,606.72,9001.0,606.5515,191
2026-02-04 16:28:00-05:00,QQQ,606.7829,607.07,606.71,606.8326,7065.0,606.9006,167
2026-02-04 16:29:00-05:00,QQQ,606.98,606.98,606.82,606.85,5986.0,606.8948,184
2026-02-04 16:30:00-05:00,QQQ,606.74,607.25,606.61,607.23,11165.0,606.8522,329
2026-02-04 16:31:00-05:00,QQQ,607.25,608.25,607.25,608.25,23428.0,607.7828,566
2026-02-04 16:32:00-05:00,QQQ,608.24,608.65,607.99,608.65,19975.0,608.2681,438
2026-02-04 16:33:00-05:00,QQQ,608.6,609.57,608.49,609.48,62057.0,608.943,1048
2026-02-04 16:34:00-05:00,QQQ,609.42,609.899,609.37,609.899,87743.0,609.5942,1262
2026-02-04 16:35:00-05:00,QQQ,609.88,610.08,609.7,609.7,97449.0,609.9176,1407
2026-02-04 16:36:00-05:00,QQQ,609.72,609.79,609.03,609.05,81514.0,609.4046,1091
2026-02-04 16:37:00-05:00,QQQ,609.05,609.38,609.0,609.201,9540.0,609.2376,182
2026-02-04 16:38:00-05:00,QQQ,609.19,609.93,609.06,609.81,19244.0,609.4966,300
2026-02-04 16:39:00-05:00,QQQ,609.8006,609.8006,609.16,609.5,14177.0,609.5173,334
2026-02-04 16:40:00-05:00,QQQ,609.49,609.76,609.36,609.68,116379.0,615.6566,425
2026-02-04 16:41:00-05:00,QQQ,609.6,609.7108,609.53,609.57,8120.0,609.5664,185
2026-02-04 16:42:00-05:00,QQQ,609.5,609.9,609.1301,609.3324,24196.0,609.4169,601
2026-02-04 16:43:00-05:00,QQQ,609.32,609.34,609.08,609.19,34535.0,609.2638,542
2026-02-04 16:44:00-05:00,QQQ,609.18,609.49,609.17,609.49,11052.0,609.2375,220
2026-02-04 16:45:00-05:00,QQQ,609.3857,609.3857,609.11,609.21,21844.0,609.1604,390
2026-02-04 16:46:00-05:00,QQQ,609.26,609.6056,609.24,609.5,4374.0,609.4183,85
2026-02-04 16:47:00-05:00,QQQ,609.5135,609.69,609.0,609.69,138233.0,609.3751,1825
2026-02-04 16:48:00-05:00,QQQ,609.72,609.89,608.99,609.17,204796.0,609.5173,1251
2026-02-04 16:49:00-05:00,QQQ,609.2,609.37,608.69,609.0,200567.0,608.9961,1122
2026-02-04 16:50:00-05:00,QQQ,608.94,608.94,608.48,608.6,21616.0,608.6591,280
2026-02-04 16:51:00-05:00,QQQ,608.62,608.85,608.45,608.8,30610.0,608.629,323
2026-02-04 16:52:00-05:00,QQQ,608.96,609.49,608.89,609.421,23768.0,609.2408,224
2026-02-04 16:53:00-05:00,QQQ,609.29,609.29,608.83,609.12,8524.0,609.1135,133
2026-02-04 16:54:00-05:00,QQQ,609.13,609.5,609.13,609.4,13293.0,609.3717,182
2026-02-04 16:55:00-05:00,QQQ,609.38,609.39,609.19,609.37,31452.0,609.3057,511
2026-02-04 16:56:00-05:00,QQQ,609.44,609.44,608.93,608.93,61855.0,609.2106,655
2026-02-04 16:57:00-05:00,QQQ,609.0,609.0,608.56,608.56,35486.0,608.6747,382
2026-02-04 16:58:00-05:00,QQQ,608.55,609.0,608.54,608.55,20400.0,608.7045,253
2026-02-04 16:59:00-05:00,QQQ,608.5,608.5,608.33,608.4,33058.0,608.4783,513
2026-02-04 17:00:00-05:00,QQQ,608.5387,608.61,608.3784,608.47,2613.0,608.4766,62
2026-02-04 17:01:00-05:00,QQQ,608.545,608.75,608.44,608.54,3485.0,608.5377,106
2026-02-04 17:02:00-05:00,QQQ,608.45,608.7138,608.42,608.56,1607.0,607.3199,51
2026-02-04 17:03:00-05:00,QQQ,608.5,608.68,608.5,608.65,2476.0,608.6351,61
2026-02-04 17:04:00-05:00,QQQ,608.64,608.64,608.46,608.46,3752.0,608.5188,92
2026-02-04 17:05:00-05:00,QQQ,608.57,608.6,608.45,608.45,896.0,608.5071,39
2026-02-04 17:06:00-05:00,QQQ,608.45,608.61,608.32,608.43,29654.0,608.5575,140
2026-02-04 17:07:00-05:00,QQQ,608.38,608.5,608.29,608.29,6133.0,608.3484,138
2026-02-04 17:08:00-05:00,QQQ,608.29,608.29,607.96,608.15,6130.0,608.1604,183
2026-02-04 17:09:00-05:00,QQQ,608.29,608.29,608.17,608.17,10607.0,608.2505,162
2026-02-04 17:10:00-05:00,QQQ,608.16,608.16,607.93,608.0,1740.0,608.0058,77
2026-02-04 17:11:00-05:00,QQQ,607.86,608.0,607.73,607.8,9542.0,607.8195,168
2026-02-04 17:12:00-05:00,QQQ,607.9,607.99,607.73,607.75,8753.0,607.8005,119
2026-02-04 17:13:00-05:00,QQQ,607.74,607.9,607.74,607.8,4649.0,607.804,108
2026-02-04 17:14:00-05:00,QQQ,607.8,608.1,607.8,608.0,4832.0,607.9781,109
2026-02-04 17:15:00-05:00,QQQ,607.9,608.1,607.9,607.91,3737.0,607.9774,77
2026-02-04 17:16:00-05:00,QQQ,607.95,607.99,607.85,607.91,24681.0,607.9418,346
2026-02-04 17:17:00-05:00,QQQ,607.9,608.0,607.85,607.99,17642.0,607.9213,178
2026-02-04 17:18:00-05:00,QQQ,607.959,608.0,607.9118,607.99,7120.0,607.9895,95
2026-02-04 17:19:00-05:00,QQQ,608.05,608.07,607.97,608.0,15368.0,608.0078,183
2026-02-04 17:20:00-05:00,QQQ,608.03,608.16,608.0,608.0,12923.0,608.1024,161
2026-02-04 17:21:00-05:00,QQQ,608.01,608.08,607.91,607.97,7189.0,607.9786,102
2026-02-04 17:22:00-05:00,QQQ,607.94,607.96,607.78,607.78,9238.0,607.8823,152
2026-02-04 17:23:00-05:00,QQQ,607.82,607.99,607.75,607.88,18711.0,607.7427,192
2026-02-04 17:24:00-05:00,QQQ,607.89,607.94,607.8,607.8,6667.0,607.8411,117
2026-02-04 17:25:00-05:00,QQQ,607.8,607.8,607.71,607.71,8866.0,607.7488,172
2026-02-04 17:26:00-05:00,QQQ,607.7,607.71,607.62,607.71,4064.0,607.6612,121
2026-02-04 17:27:00-05:00,QQQ,607.73,607.75,607.73,607.7499,815.0,607.743,47
2026-02-04 17:28:00-05:00,QQQ,607.74,607.77,607.6,607.7,8574.0,607.6951,121
2026-02-04 17:29:00-05:00,QQQ,607.72,607.82,607.67,607.67,5765.0,607.6835,78
2026-02-04 17:30:00-05:00,QQQ,607.74,607.74,607.62,607.74,703.0,607.6854,42
2026-02-04 17:31:00-05:00,QQQ,607.71,607.75,607.7,607.7,2229.0,607.7069,41
2026-02-04 17:32:00-05:00,QQQ,607.75,607.75,607.75,607.75,191.0,607.7607,24
2026-02-04 17:33:00-05:00,QQQ,607.73,607.78,607.61,607.61,1544.0,607.7118,58
2026-02-04 17:34:00-05:00,QQQ,607.6,607.7,607.56,607.69,1330.0,607.6404,65
2026-02-04 17:35:00-05:00,QQQ,607.78,607.78,607.7,607.7176,566.0,607.7065,14
2026-02-04 17:36:00-05:00,QQQ,607.62,607.718,607.57,607.57,772.0,607.5931,30
2026-02-04 17:37:00-05:00,QQQ,607.66,607.66,607.61,607.61,381.0,607.631,28
2026-02-04 17:38:00-05:00,QQQ,607.58,607.58,607.55,607.55,2349.0,607.5583,46
2026-02-04 17:39:00-05:00,QQQ,607.5506,607.56,607.49,607.5,13846.0,607.5443,88
2026-02-04 17:40:00-05:00,QQQ,607.37,607.42,606.49,606.7211,5630.0,607.0983,247
2026-02-04 17:41:00-05:00,QQQ,606.81,606.99,606.76,606.99,4865.0,606.9252,112
2026-02-04 17:42:00-05:00,QQQ,606.99,606.99,606.86,606.86,2121.0,606.945,45
2026-02-04 17:43:00-05:00,QQQ,606.99,606.99,606.76,606.85,2745.0,606.8233,62
2026-02-04 17:44:00-05:00,QQQ,606.8382,607.0,606.8111,607.0,3924.0,606.951,74
2026-02-04 17:45:00-05:00,QQQ,607.02,607.02,607.02,607.02,145.0,607.0707,21
2026-02-04 17:46:00-05:00,QQQ,607.03,607.22,607.03,607.22,392.0,607.1675,15
2026-02-04 17:47:00-05:00,QQQ,607.14,607.14,607.14,607.14,125.0,607.1349,20
2026-02-04 17:48:00-05:00,QQQ,607.02,607.1,606.91,607.09,2011.0,606.983,71
2026-02-04 17:49:00-05:00,QQQ,607.07,607.16,607.07,607.15,2432.0,607.1062,42
2026-02-04 17:50:00-05:00,QQQ,607.15,607.2,607.15,607.2,912.0,607.1593,36
2026-02-04 17:51:00-05:00,QQQ,607.14,607.14,607.08,607.08,458.0,607.1252,31
2026-02-04 17:52:00-05:00,QQQ,607.1,607.19,607.1,607.19,637.0,607.117,33
2026-02-04 17:53:00-05:00,QQQ,607.07,607.15,607.0,607.15,997.0,607.0471,36
2026-02-04 17:54:00-05:00,QQQ,607.01,607.2,607.01,607.19,1067.0,607.1001,30
2026-02-04 17:55:00-05:00,QQQ,607.15,607.15,607.15,607.15,190.0,607.1452,28
2026-02-04 17:56:00-05:00,QQQ,607.1,607.15,607.1,607.14,592.0,607.1273,25
2026-02-04 17:57:00-05:00,QQQ,607.12,607.12,606.9454,606.9454,11430.0,607.0803,46
2026-02-04 17:58:00-05:00,QQQ,607.15,607.15,607.15,607.15,240.0,607.0755,27
2026-02-04 17:59:00-05:00,QQQ,606.94,607.0695,606.89,607.0425,1518.0,607.0341,49
2026-02-04 18:00:00-05:00,QQQ,607.07,607.63,607.07,607.35,15184.0,607.3699,108
2026-02-04 18:01:00-05:00,QQQ,607.26,607.55,607.26,607.55,11952.0,607.4831,108
2026-02-04 18:02:00-05:00,QQQ,607.48,607.71,607.48,607.65,3689.0,607.6074,54
2026-02-04 18:03:00-05:00,QQQ,607.7,608.1,607.7,608.1,19178.0,607.9228,156
2026-02-04 18:04:00-05:00,QQQ,608.1,608.21,608.1,608.2,9758.0,608.1753,87
2026-02-04 18:05:00-05:00,QQQ,608.25,608.44,608.23,608.27,8941.0,608.2797,82
2026-02-04 18:06:00-05:00,QQQ,608.266,608.266,607.7,607.7,4115.0,608.0048,82
2026-02-04 18:07:00-05:00,QQQ,607.68,607.73,607.489,607.489,9585.0,607.6924,61
2026-02-04 18:08:00-05:00,QQQ,607.42,607.53,607.2088,607.2088,3888.0,607.3705,35
2026-02-04 18:09:00-05:00,QQQ,607.16,607.3414,607.13,607.3414,5689.0,607.1816,52
2026-02-04 18:10:00-05:00,QQQ,607.67,607.94,607.67,607.9015,4276.0,607.8975,49
2026-02-04 18:11:00-05:00,QQQ,608.1,608.15,608.1,608.14,1359.0,608.1368,28
2026-02-04 18:12:00-05:00,QQQ,608.08,608.08,608.01,608.01,558.0,608.0438,35
2026-02-04 18:13:00-05:00,QQQ,607.81,607.81,607.7588,607.7588,871.0,607.7871,23
2026-02-04 18:14:00-05:00,QQQ,607.62,607.62,607.4,607.42,1265.0,607.446,35
2026-02-04 18:15:00-05:00,QQQ,607.44,607.72,607.38,607.72,8653.0,607.4512,49
2026-02-04 18:16:00-05:00,QQQ,607.6932,607.83,607.6932,607.83,417.0,607.7728,23
2026-02-04 18:17:00-05:00,QQQ,607.72,607.85,607.72,607.76,695.0,607.7677,23
2026-02-04 18:18:00-05:00,QQQ,607.81,607.81,607.75,607.75,1543.0,607.7699,31
2026-02-04 18:19:00-05:00,QQQ,607.64,607.64,607.5,607.5284,1202.0,607.543,30
2026-02-04 18:20:00-05:00,QQQ,607.6189,607.7,607.58,607.68,2567.0,607.6473,37
2026-02-04 18:21:00-05:00,QQQ,607.69,607.69,607.62,607.69,1232.0,607.6356,30
2026-02-04 18:22:00-05:00,QQQ,607.8,607.8,607.72,607.72,1139.0,607.7266,20
2026-02-04 18:23:00-05:00,QQQ,607.65,607.65,607.6,607.61,6613.0,607.6403,26
2026-02-04 18:24:00-05:00,QQQ,607.55,607.58,607.3281,607.3281,1595.0,607.5091,30
2026-02-04 18:25:00-05:00,QQQ,607.31,607.31,607.31,607.31,286.0,607.3597,31
2026-02-04 18:26:00-05:00,QQQ,607.49,607.49,607.49,607.49,205.0,607.5332,15
2026-02-04 18:27:00-05:00,QQQ,607.67,607.83,607.67,607.83,959.0,607.7513,30
2026-02-04 18:28:00-05:00,QQQ,607.88,607.96,607.88,607.96,687.0,607.9292,19
2026-02-04 18:29:00-05:00,QQQ,607.91,608.0,607.87,608.0,4509.0,607.9438,36
2026-02-04 18:30:00-05:00,QQQ,608.0,608.24,607.98,608.24,4671.0,608.0273,71
2026-02-04 18:31:00-05:00,QQQ,608.27,608.5777,608.27,608.5777,6660.0,608.3176,80
2026-02-04 18:32:00-05:00,QQQ,608.62,608.62,608.48,608.48,3586.0,608.524,33
2026-02-04 18:33:00-05:00,QQQ,608.47,608.47,608.0512,608.06,1137.0,608.1951,35
2026-02-04 18:34:00-05:00,QQQ,608.25,608.26,608.08,608.08,421.0,608.1946,23
2026-02-04 18:35:00-05:00,QQQ,608.23,608.23,608.17,608.17,461.0,608.211,20
2026-02-04 18:36:00-05:00,QQQ,607.949,607.97,607.949,607.9699,1400.0,607.9715,40
2026-02-04 18:37:00-05:00,QQQ,607.87,607.87,607.74,607.75,1389.0,607.7664,47
2026-02-04 18:38:00-05:00,QQQ,607.7211,607.8,607.62,607.62,1993.0,607.7532,37
2026-02-04 18:39:00-05:00,QQQ,607.67,607.7276,607.62,607.63,1684.0,607.64,31
2026-02-04 18:40:00-05:00,QQQ,607.59,607.59,607.39,607.45,2446.0,607.4731,50
2026-02-04 18:41:00-05:00,QQQ,607.44,607.44,607.27,607.28,10043.0,607.2956,53
2026-02-04 18:42:00-05:00,QQQ,607.28,607.5,607.28,607.5,1352.0,607.4535,21
2026-02-04 18:43:00-05:00,QQQ,607.79,607.85,607.72,607.73,5596.0,607.8134,25
2026-02-04 18:44:00-05:00,QQQ,607.73,607.74,607.61,607.61,7653.0,607.7272,36
2026-02-04 18:45:00-05:00,QQQ,607.57,607.58,607.54,607.56,2562.0,607.5641,38
2026-02-04 18:46:00-05:00,QQQ,607.71,607.71,607.59,607.59,1635.0,607.6459,30
2026-02-04 18:47:00-05:00,QQQ,607.4724,607.74,607.4724,607.6726,1052.0,607.6193,32
2026-02-04 18:49:00-05:00,QQQ,607.73,607.8,607.73,607.7694,1828.0,607.7945,34
2026-02-04 18:50:00-05:00,QQQ,607.97,608.13,607.97,608.08,3084.0,608.0413,40
2026-02-04 18:51:00-05:00,QQQ,607.9271,607.9271,607.9271,607.9271,134.0,607.8601,29
2026-02-04 18:52:00-05:00,QQQ,607.9,607.9,607.7701,607.78,864.0,607.8345,27
2026-02-04 18:53:00-05:00,QQQ,607.7887,607.9,607.76,607.9,2170.0,607.8534,27
2026-02-04 18:54:00-05:00,QQQ,607.88,607.88,607.749,607.75,4118.0,607.8689,25
2026-02-04 18:55:00-05:00,QQQ,607.62,607.62,607.62,607.62,191.0,607.6528,32
2026-02-04 18:56:00-05:00,QQQ,607.4577,607.4577,606.77,606.77,14936.0,607.0571,234
2026-02-04 18:57:00-05:00,QQQ,606.89,607.1656,606.88,607.04,1330.0,607.0419,40
2026-02-04 18:58:00-05:00,QQQ,607.15,607.1577,607.1,607.12,1968.0,607.1418,25
2026-02-04 18:59:00-05:00,QQQ,607.22,607.22,607.18,607.19,2020.0,607.1927,39
2026-02-04 19:00:00-05:00,QQQ,607.1792,607.1792,606.95,606.95,1470.0,607.0255,34
2026-02-04 19:01:00-05:00,QQQ,606.9,606.91,606.7,606.71,2792.0,606.795,60
2026-02-04 19:02:00-05:00,QQQ,606.71,606.72,606.49,606.61,7848.0,606.6124,129
2026-02-04 19:03:00-05:00,QQQ,606.64,606.78,606.53,606.76,13409.0,606.5864,55
2026-02-04 19:04:00-05:00,QQQ,606.94,606.97,606.85,606.8501,11152.0,606.95,54
2026-02-04 19:05:00-05:00,QQQ,606.8,607.03,606.78,607.03,2766.0,606.8464,41
2026-02-04 19:06:00-05:00,QQQ,607.0393,607.27,607.0393,607.27,3771.0,607.1599,47
2026-02-04 19:07:00-05:00,QQQ,607.15,607.15,607.15,607.15,241.0,607.1561,19
2026-02-04 19:08:00-05:00,QQQ,607.2589,607.2589,607.13,607.13,1502.0,607.2188,22
2026-02-04 19:09:00-05:00,QQQ,607.11,607.22,607.11,607.2093,1023.0,607.1524,27
2026-02-04 19:10:00-05:00,QQQ,607.17,607.4581,607.17,607.4581,250.0,607.2991,25
2026-02-04 19:11:00-05:00,QQQ,607.44,607.44,607.3895,607.3895,509.0,607.4035,19
2026-02-04 19:12:00-05:00,QQQ,607.31,607.32,607.28,607.28,941.0,607.3062,31
2026-02-04 19:13:00-05:00,QQQ,607.17,607.36,607.17,607.28,1408.0,607.2771,33
2026-02-04 19:14:00-05:00,QQQ,607.32,607.32,607.27,607.29,465.0,607.2862,24
2026-02-04 19:15:00-05:00,QQQ,607.39,607.6,607.34,607.6,1445.0,607.488,44
2026-02-04 19:16:00-05:00,QQQ,607.59,607.75,607.59,607.75,412.0,607.7128,35
2026-02-04 19:17:00-05:00,QQQ,607.66,607.66,607.62,607.62,397.0,607.6324,28
2026-02-04 19:18:00-05:00,QQQ,607.5777,607.65,607.5777,607.65,220.0,607.6147,14
2026-02-04 19:19:00-05:00,QQQ,607.65,607.81,607.65,607.8,1910.0,607.7044,26
2026-02-04 19:20:00-05:00,QQQ,607.8,607.8,607.8,607.8,222.0,607.8014,29
2026-02-04 19:21:00-05:00,QQQ,607.74,607.74,607.6112,607.74,534.0,607.6615,27
2026-02-04 19:22:00-05:00,QQQ,607.71,608.02,607.71,608.0,3900.0,607.9521,72
2026-02-04 19:23:00-05:00,QQQ,608.0,608.11,608.0,608.11,1837.0,608.0185,33
2026-02-04 19:25:00-05:00,QQQ,608.06,608.4,608.06,608.4,2604.0,608.1961,67
2026-02-04 19:26:00-05:00,QQQ,608.36,608.365,608.36,608.365,1366.0,608.3604,38
2026-02-04 19:27:00-05:00,QQQ,608.4,608.5,608.35,608.41,3798.0,608.4423,64
2026-02-04 19:28:00-05:00,QQQ,608.47,608.47,608.34,608.34,850.0,608.4074,34
2026-02-04 19:29:00-05:00,QQQ,608.47,608.6,608.47,608.58,757.0,608.5535,39
2026-02-04 19:30:00-05:00,QQQ,608.51,608.51,608.32,608.36,629.0,608.4255,32
2026-02-04 19:31:00-05:00,QQQ,608.2907,608.2907,608.23,608.2609,744.0,608.254,20
2026-02-04 19:32:00-05:00,QQQ,608.3007,608.3007,608.3007,608.3007,374.0,608.2988,14
2026-02-04 19:33:00-05:00,QQQ,608.28,608.28,608.1808,608.1808,620.0,608.2235,14
2026-02-04 19:34:00-05:00,QQQ,608.3454,608.37,608.3454,608.37,461.0,608.3555,21
2026-02-04 19:35:00-05:00,QQQ,608.44,608.47,608.44,608.47,386.0,608.4484,21
2026-02-04 19:36:00-05:00,QQQ,608.45,608.46,608.45,608.46,445.0,608.448,20
2026-02-04 19:37:00-05:00,QQQ,608.35,608.36,608.35,608.36,229.0,608.358,19
2026-02-04 19:38:00-05:00,QQQ,608.44,608.72,608.44,608.72,1322.0,608.5881,41
2026-02-04 19:39:00-05:00,QQQ,608.61,608.6913,608.61,608.6492,889.0,608.6371,27
2026-02-04 19:40:00-05:00,QQQ,608.7,608.8,608.7,608.73,1980.0,608.7479,40
2026-02-04 19:41:00-05:00,QQQ,608.82,608.82,608.78,608.78,677.0,608.7991,29
2026-02-04 19:42:00-05:00,QQQ,608.78,608.78,608.78,608.78,249.0,608.8004,26
2026-02-04 19:43:00-05:00,QQQ,608.85,609.0,608.85,608.97,5516.0,608.9619,72
2026-02-04 19:44:00-05:00,QQQ,608.92,608.97,608.88,608.88,1722.0,608.919,36
2026-02-04 19:45:00-05:00,QQQ,608.84,608.905,608.68,608.72,1357.0,608.7838,39
2026-02-04 19:46:00-05:00,QQQ,608.71,608.71,608.71,608.71,319.0,608.7293,28
2026-02-04 19:47:00-05:00,QQQ,608.79,608.79,608.6293,608.7,1019.0,608.6984,37
2026-02-04 19:48:00-05:00,QQQ,608.7401,608.83,608.7401,608.79,501.0,608.7814,24
2026-02-04 19:49:00-05:00,QQQ,608.8,608.82,608.8,608.82,228.0,608.8119,19
2026-02-04 19:50:00-05:00,QQQ,608.9105,608.9105,608.88,608.88,557.0,608.8934,18
2026-02-04 19:51:00-05:00,QQQ,608.89,608.89,608.66,608.66,1205.0,608.7368,40
2026-02-04 19:52:00-05:00,QQQ,608.66,608.66,608.5,608.54,483.0,608.5448,28
2026-02-04 19:53:00-05:00,QQQ,608.53,608.53,608.45,608.45,967.0,608.4684,22
2026-02-04 19:54:00-05:00,QQQ,608.44,608.46,608.37,608.37,1765.0,608.4127,27
2026-02-04 19:55:00-05:00,QQQ,608.4015,608.5,608.39,608.43,3239.0,608.4418,44
2026-02-04 19:56:00-05:00,QQQ,608.4687,608.66,608.4687,608.6,726.0,608.5827,28
2026-02-04 19:57:00-05:00,QQQ,608.57,608.6318,608.45,608.4805,13465.0,608.5412,68
2026-02-04 19:58:00-05:00,QQQ,608.47,608.53,608.47,608.48,4208.0,608.4885,31
2026-02-04 19:59:00-05:00,QQQ,608.42,608.46,608.31,608.32,7562.0,608.375,78
2026-02-05 04:00:00-05:00,QQQ,608.0,608.0,605.65,606.29,7195.0,606.216,214
2026-02-05 04:01:00-05:00,QQQ,606.32,606.75,606.31,606.7,13937.0,606.4989,232
2026-02-05 04:02:00-05:00,QQQ,606.6,606.77,606.6,606.72,3699.0,606.6515,64
2026-02-05 04:03:00-05:00,QQQ,606.74,606.82,606.2,606.22,4429.0,606.5175,114
2026-02-05 04:04:00-05:00,QQQ,606.01,606.23,605.88,605.89,4170.0,606.0546,91
2026-02-05 04:05:00-05:00,QQQ,605.87,605.87,605.42,605.45,2112.0,605.5764,80
2026-02-05 04:06:00-05:00,QQQ,605.53,605.83,605.44,605.6,3978.0,605.6019,87
2026-02-05 04:07:00-05:00,QQQ,605.65,605.75,605.52,605.57,2683.0,605.6925,52
2026-02-05 04:08:00-05:00,QQQ,605.58,606.21,605.58,606.13,3318.0,605.8677,65
2026-02-05 04:09:00-05:00,QQQ,606.14,606.16,605.61,605.78,7797.0,605.8698,114
2026-02-05 04:10:00-05:00,QQQ,605.69,605.76,605.37,605.38,2650.0,605.593,64
2026-02-05 04:11:00-05:00,QQQ,605.57,605.57,605.34,605.34,6431.0,605.475,74
2026-02-05 04:12:00-05:00,QQQ,605.37,605.82,605.31,605.82,1996.0,605.6128,46
2026-02-05 04:13:00-05:00,QQQ,605.82,606.05,605.82,605.93,3142.0,605.9404,63
2026-02-05 04:14:00-05:00,QQQ,605.87,605.92,605.87,605.89,425.0,605.901,11
2026-02-05 04:15:00-05:00,QQQ,605.83,605.83,605.48,605.48,2080.0,605.6176,53
2026-02-05 04:16:00-05:00,QQQ,605.62,606.06,605.61,606.01,3387.0,605.8708,57
2026-02-05 04:17:00-05:00,QQQ,605.98,605.98,605.7,605.82,2436.0,605.8175,40
2026-02-05 04:18:00-05:00,QQQ,605.6,605.81,605.6,605.81,374.0,605.6914,13
2026-02-05 04:19:00-05:00,QQQ,605.75,605.88,605.75,605.86,590.0,605.7839,11
2026-02-05 04:20:00-05:00,QQQ,605.88,606.26,605.88,606.24,1127.0,606.0669,35
2026-02-05 04:21:00-05:00,QQQ,606.27,606.42,606.23,606.42,1324.0,606.289,36
2026-02-05 04:22:00-05:00,QQQ,606.38,606.42,606.38,606.41,545.0,606.398,20
2026-02-05 04:23:00-05:00,QQQ,606.49,606.6,606.49,606.6,1754.0,606.5555,102
2026-02-05 04:24:00-05:00,QQQ,606.65,606.75,606.57,606.71,8077.0,606.6987,82
2026-02-05 04:25:00-05:00,QQQ,606.75,607.1,606.75,607.1,2070.0,606.9627,40
2026-02-05 04:26:00-05:00,QQQ,607.0,607.2,607.0,607.14,1448.0,607.1345,44
2026-02-05 04:27:00-05:00,QQQ,607.25,607.41,607.24,607.41,1602.0,607.2809,36
2026-02-05 04:28:00-05:00,QQQ,607.4,607.4,607.19,607.19,4253.0,607.3803,54
2026-02-05 04:29:00-05:00,QQQ,607.32,607.55,607.3,607.53,2034.0,607.3943,55
2026-02-05 04:30:00-05:00,QQQ,607.52,607.71,607.52,607.6,6143.0,607.578,69
2026-02-05 04:31:00-05:00,QQQ,607.68,608.08,607.68,608.08,2161.0,607.8934,64
2026-02-05 04:32:00-05:00,QQQ,608.09,608.09,607.76,607.91,1996.0,607.9787,45
2026-02-05 04:33:00-05:00,QQQ,608.0,608.0,607.79,607.82,2673.0,607.9302,54
2026-02-05 04:34:00-05:00,QQQ,607.89,607.9,607.78,607.79,864.0,607.8266,35
2026-02-05 04:35:00-05:00,QQQ,607.83,607.83,607.5,607.5,1246.0,607.5803,42
2026-02-05 04:36:00-05:00,QQQ,607.45,607.45,607.24,607.32,822.0,607.3502,21
2026-02-05 04:37:00-05:00,QQQ,607.26,607.33,607.17,607.17,1143.0,607.2442,44
2026-02-05 04:38:00-05:00,QQQ,607.1,607.12,607.01,607.12,1804.0,607.0821,43
2026-02-05 04:39:00-05:00,QQQ,607.05,607.05,606.82,606.87,825.0,606.8957,36
2026-02-05 04:40:00-05:00,QQQ,606.9,606.95,606.89,606.95,315.0,606.8931,18
2026-02-05 04:41:00-05:00,QQQ,606.75,606.99,606.75,606.89,722.0,606.9065,10
2026-02-05 04:42:00-05:00,QQQ,606.82,606.85,606.71,606.71,474.0,606.7912,23
2026-02-05 04:43:00-05:00,QQQ,606.72,606.73,606.55,606.55,3202.0,606.6823,81
2026-02-05 04:44:00-05:00,QQQ,606.61,606.72,606.52,606.64,2423.0,606.6113,39
2026-02-05 04:45:00-05:00,QQQ,606.58,606.62,606.44,606.44,2873.0,606.5248,54
2026-02-05 04:46:00-05:00,QQQ,606.77,606.77,606.61,606.74,2101.0,606.7168,28
2026-02-05 04:47:00-05:00,QQQ,606.78,606.78,606.78,606.78,226.0,606.7575,13
2026-02-05 04:48:00-05:00,QQQ,606.71,606.73,606.26,606.26,2755.0,606.5474,60
2026-02-05 04:49:00-05:00,QQQ,606.31,606.4,606.08,606.4,1937.0,606.2142,57
2026-02-05 04:50:00-05:00,QQQ,606.53,606.73,606.53,606.73,5134.0,606.674,52
2026-02-05 04:51:00-05:00,QQQ,606.75,606.86,606.63,606.63,1914.0,606.7594,29
2026-02-05 04:52:00-05:00,QQQ,606.62,606.79,606.5,606.79,3458.0,606.5975,51
2026-02-05 04:53:00-05:00,QQQ,606.77,606.87,606.63,606.87,2550.0,606.753,35
2026-02-05 04:54:00-05:00,QQQ,607.0,607.07,607.0,607.0,3437.0,607.0088,36
2026-02-05 04:55:00-05:00,QQQ,606.97,607.05,606.96,607.05,485.0,607.0013,8
2026-02-05 04:56:00-05:00,QQQ,607.23,607.23,606.93,607.0,1890.0,607.0518,39
2026-02-05 04:57:00-05:00,QQQ,606.76,606.76,606.51,606.72,1446.0,606.6505,43
2026-02-05 04:58:00-05:00,QQQ,606.65,606.65,606.57,606.62,1533.0,606.6204,31
2026-02-05 04:59:00-05:00,QQQ,606.64,606.64,606.55,606.58,2362.0,606.6261,20
2026-02-05 05:00:00-05:00,QQQ,606.63,606.63,606.45,606.62,1066.0,606.5274,25
2026-02-05 05:01:00-05:00,QQQ,606.84,606.9,606.84,606.9,1987.0,606.8788,29
2026-02-05 05:02:00-05:00,QQQ,606.9,606.9,606.69,606.84,3282.0,606.8223,38
2026-02-05 05:03:00-05:00,QQQ,606.83,606.98,606.82,606.82,4439.0,606.8845,65
2026-02-05 05:04:00-05:00,QQQ,606.83,606.83,606.69,606.74,2450.0,606.7792,42
2026-02-05 05:05:00-05:00,QQQ,606.84,606.84,606.78,606.78,898.0,606.7954,24
2026-02-05 05:06:00-05:00,QQQ,606.74,606.74,606.39,606.39,4075.0,606.5048,55
2026-02-05 05:07:00-05:00,QQQ,606.42,606.54,606.42,606.44,925.0,606.4894,24
2026-02-05 05:08:00-05:00,QQQ,606.5,606.56,606.35,606.56,5845.0,606.4853,100
2026-02-05 05:09:00-05:00,QQQ,606.5,606.67,606.49,606.67,2797.0,606.6257,35
2026-02-05 05:10:00-05:00,QQQ,606.7,607.08,606.7,607.08,1533.0,607.0094,38
2026-02-05 05:11:00-05:00,QQQ,607.14,607.28,607.1,607.28,1273.0,607.2384,40
2026-02-05 05:12:00-05:00,QQQ,607.27,607.44,607.27,607.44,3161.0,607.374,76
2026-02-05 05:13:00-05:00,QQQ,607.4,607.89,607.29,607.58,3745.0,607.4494,86
2026-02-05 05:14:00-05:00,QQQ,607.56,607.67,607.51,607.6,2999.0,607.6072,49
2026-02-05 05:15:00-05:00,QQQ,607.78,607.91,607.78,607.82,3591.0,607.836,59
2026-02-05 05:16:00-05:00,QQQ,607.8,607.81,607.6,607.68,1291.0,607.6869,34
2026-02-05 05:17:00-05:00,QQQ,607.5,607.63,607.42,607.6,2552.0,607.4882,46
2026-02-05 05:18:00-05:00,QQQ,607.63,607.65,607.63,607.65,273.0,607.6675,14
2026-02-05 05:19:00-05:00,QQQ,607.8,607.8,607.8,607.8,237.0,607.7674,13
2026-02-05 05:20:00-05:00,QQQ,607.79,607.86,607.73,607.73,1122.0,607.786,28
2026-02-05 05:21:00-05:00,QQQ,607.8,608.05,607.8,608.01,1755.0,607.9358,52
2026-02-05 05:22:00-05:00,QQQ,607.87,607.87,607.67,607.68,1589.0,607.709,34
2026-02-05 05:23:00-05:00,QQQ,607.7,607.7,607.57,607.57,548.0,607.6247,17
2026-02-05 05:24:00-05:00,QQQ,607.76,607.85,607.69,607.85,1920.0,607.7618,40
2026-02-05 05:25:00-05:00,QQQ,607.83,607.87,607.81,607.85,1093.0,607.8335,21
2026-02-05 05:26:00-05:00,QQQ,607.85,607.88,607.8,607.8,425.0,607.8392,10
2026-02-05 05:27:00-05:00,QQQ,607.96,608.0,607.83,607.93,4124.0,607.9311,74
2026-02-05 05:28:00-05:00,QQQ,607.91,607.92,607.81,607.88,1896.0,607.8754,38
2026-02-05 05:29:00-05:00,QQQ,607.91,607.91,607.79,607.9,499.0,607.8307,15
2026-02-05 05:30:00-05:00,QQQ,607.89,607.93,607.87,607.87,1041.0,607.9162,27
2026-02-05 05:31:00-05:00,QQQ,607.84,607.94,607.58,607.58,1895.0,607.7886,50
2026-02-05 05:32:00-05:00,QQQ,607.56,607.56,607.44,607.44,2341.0,607.5077,59
2026-02-05 05:33:00-05:00,QQQ,607.41,607.51,607.17,607.26,2398.0,607.3437,52
2026-02-05 05:34:00-05:00,QQQ,607.14,607.29,607.0,607.0,2302.0,607.1635,59
2026-02-05 05:35:00-05:00,QQQ,607.0,607.08,606.98,607.08,780.0,607.0315,23
2026-02-05 05:36:00-05:00,QQQ,607.1,607.38,607.0,607.08,14431.0,607.0872,277
2026-02-05 05:37:00-05:00,QQQ,606.99,606.99,606.66,606.66,3899.0,606.7801,86
2026-02-05 05:38:00-05:00,QQQ,606.53,606.65,606.5,606.57,2126.0,606.5795,54
2026-02-05 05:39:00-05:00,QQQ,606.62,606.63,606.53,606.63,349.0,606.627,14
2026-02-05 05:40:00-05:00,QQQ,606.62,606.83,606.49,606.83,2881.0,606.5882,48
2026-02-05 05:41:00-05:00,QQQ,607.03,607.03,606.95,607.02,3015.0,607.0001,40
2026-02-05 05:42:00-05:00,QQQ,607.03,607.1,607.03,607.1,592.0,607.0718,10
2026-02-05 05:43:00-05:00,QQQ,607.18,607.18,607.11,607.12,492.0,607.1381,20
2026-02-05 05:44:00-05:00,QQQ,607.01,607.01,606.73,606.73,996.0,606.8789,32
2026-02-05 05:45:00-05:00,QQQ,606.81,606.82,606.7,606.75,1004.0,606.7561,20
2026-02-05 05:46:00-05:00,QQQ,606.73,606.74,606.66,606.71,1871.0,606.7245,42
2026-02-05 05:47:00-05:00,QQQ,606.95,607.13,606.95,606.98,1928.0,607.0238,44
2026-02-05 05:48:00-05:00,QQQ,606.81,606.83,606.61,606.83,2302.0,606.7118,45
2026-02-05 05:49:00-05:00,QQQ,606.94,606.94,606.94,606.94,146.0,606.9467,8
2026-02-05 05:50:00-05:00,QQQ,606.82,606.91,606.82,606.9,253.0,606.8781,6
2026-02-05 05:51:00-05:00,QQQ,606.94,607.01,606.91,606.91,1164.0,606.9689,22
2026-02-05 05:52:00-05:00,QQQ,606.92,607.01,606.9,606.9,1042.0,606.9566,12
2026-02-05 05:53:00-05:00,QQQ,606.9,606.9,606.77,606.77,1237.0,606.8498,34
2026-02-05 05:54:00-05:00,QQQ,606.73,606.77,606.6,606.6,1719.0,606.6971,26
2026-02-05 05:55:00-05:00,QQQ,606.62,606.73,606.62,606.73,1133.0,606.6737,21
2026-02-05 05:56:00-05:00,QQQ,606.79,606.79,606.66,606.66,379.0,606.7093,16
2026-02-05 05:57:00-05:00,QQQ,606.73,606.73,606.68,606.68,203.0,606.7078,7
2026-02-05 05:58:00-05:00,QQQ,606.7,606.7,606.69,606.69,642.0,606.6957,21
2026-02-05 05:59:00-05:00,QQQ,606.6,606.67,606.6,606.67,1336.0,606.6125,20
2026-02-05 06:00:00-05:00,QQQ,606.5,606.5,606.22,606.34,2395.0,606.3497,76
2026-02-05 06:01:00-05:00,QQQ,606.37,606.7,606.37,606.6,1042.0,606.4952,27
2026-02-05 06:02:00-05:00,QQQ,606.53,606.56,606.39,606.39,1492.0,606.468,26
2026-02-05 06:03:00-05:00,QQQ,606.28,606.28,606.16,606.22,2457.0,606.2079,52
2026-02-05 06:04:00-05:00,QQQ,606.18,606.3,606.18,606.23,258.0,606.2472,12
2026-02-05 06:05:00-05:00,QQQ,606.2,606.37,606.2,606.31,1294.0,606.3014,24
2026-02-05 06:06:00-05:00,QQQ,606.25,606.52,606.25,606.4,591.0,606.4451,18
2026-02-05 06:07:00-05:00,QQQ,606.46,606.51,606.39,606.39,2148.0,606.4271,30
2026-02-05 06:08:00-05:00,QQQ,606.5,606.5,606.42,606.42,518.0,606.4368,11
2026-02-05 06:09:00-05:00,QQQ,606.44,606.75,606.44,606.75,3513.0,606.6201,63
2026-02-05 06:10:00-05:00,QQQ,606.65,606.65,606.5,606.5,691.0,606.611,29
2026-02-05 06:11:00-05:00,QQQ,606.69,606.76,606.61,606.76,491.0,606.6982,18
2026-02-05 06:12:00-05:00,QQQ,606.75,606.78,606.55,606.67,2674.0,606.6576,35
2026-02-05 06:13:00-05:00,QQQ,606.69,606.69,606.66,606.67,1237.0,606.6722,14
2026-02-05 06:14:00-05:00,QQQ,606.72,606.72,606.56,606.56,973.0,606.6537,28
2026-02-05 06:15:00-05:00,QQQ,606.89,606.95,606.75,606.75,1439.0,606.8976,32
2026-02-05 06:16:00-05:00,QQQ,606.68,606.86,606.68,606.79,2131.0,606.794,40
2026-02-05 06:17:00-05:00,QQQ,606.77,607.11,606.77,607.08,6194.0,606.9573,112
2026-02-05 06:18:00-05:00,QQQ,607.05,607.05,606.89,606.89,2818.0,606.9898,33
2026-02-05 06:19:00-05:00,QQQ,606.85,606.86,606.77,606.78,1375.0,606.7971,44
2026-02-05 06:20:00-05:00,QQQ,606.7,606.87,606.7,606.87,204.0,606.7859,16
2026-02-05 06:21:00-05:00,QQQ,606.89,607.16,606.89,607.12,2084.0,607.0006,40
2026-02-05 06:22:00-05:00,QQQ,607.12,607.18,607.09,607.18,1719.0,607.1157,34
2026-02-05 06:23:00-05:00,QQQ,607.27,607.39,607.19,607.2,4859.0,607.3014,70
2026-02-05 06:24:00-05:00,QQQ,607.29,607.29,607.14,607.14,4110.0,607.2036,55
2026-02-05 06:25:00-05:00,QQQ,607.0,607.0,606.82,606.88,1214.0,606.8843,38
2026-02-05 06:26:00-05:00,QQQ,607.01,607.11,607.01,607.11,305.0,607.0428,10
2026-02-05 06:27:00-05:00,QQQ,606.92,606.92,606.58,606.64,3447.0,606.6957,83
2026-02-05 06:28:00-05:00,QQQ,606.71,606.73,606.51,606.59,3032.0,606.6001,70
2026-02-05 06:29:00-05:00,QQQ,606.58,606.64,606.37,606.43,1463.0,606.4596,36
2026-02-05 06:30:00-05:00,QQQ,606.41,606.62,606.28,606.28,2481.0,606.4132,58
2026-02-05 06:31:00-05:00,QQQ,606.15,606.31,606.06,606.31,2163.0,606.1402,53
2026-02-05 06:32:00-05:00,QQQ,606.23,606.23,605.7,605.77,11496.0,606.0769,257
2026-02-05 06:33:00-05:00,QQQ,605.71,605.9,605.58,605.84,15285.0,605.7243,201
2026-02-05 06:34:00-05:00,QQQ,605.89,606.08,605.73,605.89,3395.0,605.9166,57
2026-02-05 06:35:00-05:00,QQQ,606.0,606.21,605.91,605.91,1912.0,605.9813,34
2026-02-05 06:36:00-05:00,QQQ,605.92,606.31,605.9,606.28,2614.0,606.0794,45
2026-02-05 06:37:00-05:00,QQQ,606.34,606.34,606.21,606.26,1378.0,606.2481,25
2026-02-05 06:38:00-05:00,QQQ,606.28,606.38,606.14,606.14,4412.0,606.3332,64
2026-02-05 06:39:00-05:00,QQQ,606.2,606.23,606.19,606.23,967.0,606.1967,19
2026-02-05 06:40:00-05:00,QQQ,605.96,605.97,605.79,605.82,5166.0,605.8733,88
2026-02-05 06:41:00-05:00,QQQ,606.02,606.36,606.02,606.36,2307.0,606.1888,44
2026-02-05 06:42:00-05:00,QQQ,606.28,606.43,606.28,606.38,1057.0,606.3864,24
2026-02-05 06:43:00-05:00,QQQ,606.39,606.39,605.99,606.0,4963.0,606.0762,65
2026-02-05 06:44:00-05:00,QQQ,606.0,606.09,605.94,606.03,11286.0,606.0075,75
2026-02-05 06:45:00-05:00,QQQ,606.1,606.1,606.1,606.1,255.0,606.123,7
2026-02-05 06:46:00-05:00,QQQ,606.23,606.49,606.23,606.48,3265.0,606.4055,42
2026-02-05 06:47:00-05:00,QQQ,606.32,606.32,606.0,606.03,1610.0,606.1239,41
2026-02-05 06:48:00-05:00,QQQ,606.03,606.34,606.03,606.34,1139.0,606.1942,29
2026-02-05 06:49:00-05:00,QQQ,606.42,606.42,606.28,606.28,1184.0,606.3854,29
2026-02-05 06:50:00-05:00,QQQ,606.35,606.35,606.27,606.3,666.0,606.3082,9
2026-02-05 06:51:00-05:00,QQQ,606.25,606.26,606.13,606.13,829.0,606.2037,24
2026-02-05 06:52:00-05:00,QQQ,606.2,606.29,606.2,606.2,4492.0,606.2189,47
2026-02-05 06:53:00-05:00,QQQ,606.24,606.39,606.24,606.35,1172.0,606.321,27
2026-02-05 06:54:00-05:00,QQQ,606.34,606.35,606.12,606.18,1840.0,606.2256,29
2026-02-05 06:55:00-05:00,QQQ,606.11,606.43,606.11,606.41,2994.0,606.347,41
2026-02-05 06:56:00-05:00,QQQ,606.41,606.59,606.41,606.55,2167.0,606.5532,42
2026-02-05 06:57:00-05:00,QQQ,606.51,606.57,606.51,606.53,1492.0,606.544,35
2026-02-05 06:58:00-05:00,QQQ,606.52,606.59,606.45,606.55,663.0,606.5279,27
2026-02-05 06:59:00-05:00,QQQ,606.45,606.56,606.34,606.47,550.0,606.4846,24
2026-02-05 07:00:00-05:00,QQQ,606.59,606.6,606.0,606.11,4418.0,606.2479,107
2026-02-05 07:01:00-05:00,QQQ,606.0,606.38,605.9,606.38,14612.0,606.0035,114
2026-02-05 07:02:00-05:00,QQQ,606.39,606.66,606.36,606.53,4024.0,606.4927,72
2026-02-05 07:03:00-05:00,QQQ,606.56,607.01,606.55,606.99,23096.0,606.8567,277
2026-02-05 07:04:00-05:00,QQQ,607.0,607.15,606.97,606.97,1918.0,607.0673,54
2026-02-05 07:05:00-05:00,QQQ,607.03,607.17,606.97,607.14,3130.0,607.0854,57
2026-02-05 07:06:00-05:00,QQQ,606.74,607.1,606.74,607.06,3854.0,606.9053,65
2026-02-05 07:07:00-05:00,QQQ,607.04,607.04,606.6,606.6,2406.0,606.8113,61
2026-02-05 07:08:00-05:00,QQQ,606.539,606.68,606.42,606.68,1749.0,606.5476,46
2026-02-05 07:09:00-05:00,QQQ,606.54,606.54,606.48,606.52,1731.0,606.5286,31
2026-02-05 07:10:00-05:00,QQQ,606.64,606.64,606.51,606.51,726.0,606.5436,20
2026-02-05 07:11:00-05:00,QQQ,606.71,606.71,606.52,606.52,314.0,606.4989,30
2026-02-05 07:12:00-05:00,QQQ,606.39,606.62,606.33,606.57,2516.0,606.5196,35
2026-02-05 07:13:00-05:00,QQQ,606.67,606.75,606.63,606.66,1327.0,606.6897,33
2026-02-05 07:14:00-05:00,QQQ,606.68,606.79,606.66,606.74,2805.0,606.7361,54
2026-02-05 07:15:00-05:00,QQQ,606.79,606.89,606.77,606.8,12219.0,606.8561,81
2026-02-05 07:16:00-05:00,QQQ,606.8,606.8,606.48,606.55,3950.0,606.6965,46
2026-02-05 07:17:00-05:00,QQQ,606.42,606.42,606.29,606.32,2618.0,606.3507,58
2026-02-05 07:18:00-05:00,QQQ,606.22,606.22,605.7,605.73,19665.0,605.9138,201
2026-02-05 07:19:00-05:00,QQQ,605.629,605.629,605.22,605.22,11254.0,605.4029,183
2026-02-05 07:20:00-05:00,QQQ,605.21,605.22,604.79,605.1,10056.0,605.0538,304
2026-02-05 07:21:00-05:00,QQQ,605.3,605.3,604.66,604.66,18661.0,605.0481,195
2026-02-05 07:22:00-05:00,QQQ,604.6,604.8,604.23,604.34,24645.0,604.4579,268
2026-02-05 07:23:00-05:00,QQQ,604.38,604.38,603.48,603.56,19379.0,603.8746,263
2026-02-05 07:24:00-05:00,QQQ,603.62,604.0,603.23,603.25,27348.0,603.6005,342
2026-02-05 07:25:00-05:00,QQQ,603.1,603.93,602.98,603.89,25993.0,603.4023,448
2026-02-05 07:26:00-05:00,QQQ,603.8,604.03,603.45,603.62,11556.0,603.6907,180
2026-02-05 07:27:00-05:00,QQQ,603.67,603.97,603.54,603.78,9399.0,603.8556,102
2026-02-05 07:28:00-05:00,QQQ,603.78,604.03,603.58,603.9,20012.0,603.8092,216
2026-02-05 07:29:00-05:00,QQQ,604.0,604.0,603.48,603.53,19835.0,603.7852,182
2026-02-05 07:30:00-05:00,QQQ,603.52,603.81,602.9,603.7,24291.0,603.4039,223
2026-02-05 07:31:00-05:00,QQQ,603.64,603.7,602.94,602.94,29033.0,603.3895,341
2026-02-05 07:32:00-05:00,QQQ,603.01,603.32,602.89,602.89,15753.0,603.0943,256
2026-02-05 07:33:00-05:00,QQQ,602.87,602.87,602.4,602.6,29683.0,602.5655,328
2026-02-05 07:34:00-05:00,QQQ,602.66,602.68,601.99,601.99,39648.0,602.2362,589
2026-02-05 07:35:00-05:00,QQQ,602.075,602.11,601.35,601.42,19687.0,601.6176,344
2026-02-05 07:36:00-05:00,QQQ,601.41,601.52,601.11,601.46,16423.0,601.3231,259
2026-02-05 07:37:00-05:00,QQQ,601.52,602.26,601.3,602.08,23927.0,601.9374,267
2026-02-05 07:38:00-05:00,QQQ,602.06,602.42,601.841,601.92,16500.0,602.1495,295
2026-02-05 07:39:00-05:00,QQQ,601.92,602.06,601.64,601.75,12337.0,601.8352,191
2026-02-05 07:40:00-05:00,QQQ,601.78,601.87,601.3,601.87,5920.0,601.7402,135
2026-02-05 07:41:00-05:00,QQQ,602.0,602.06,601.65,601.76,6940.0,601.8471,99
2026-02-05 07:42:00-05:00,QQQ,601.661,601.69,600.8,600.85,32912.0,601.3312,522
2026-02-05 07:43:00-05:00,QQQ,600.91,601.01,600.05,600.37,22149.0,600.6507,601
2026-02-05 07:44:00-05:00,QQQ,600.44,600.81,599.8,600.69,117153.0,600.1023,3566
2026-02-05 07:45:00-05:00,QQQ,600.69,601.04,600.21,600.321,29935.0,600.4203,378
2026-02-05 07:46:00-05:00,QQQ,600.28,600.45,599.25,599.27,25578.0,599.9994,472
2026-02-05 07:47:00-05:00,QQQ,599.27,599.56,599.09,599.28,58225.0,599.3646,479
2026-02-05 07:48:00-05:00,QQQ,599.33,599.4,598.75,599.04,27201.0,599.0019,550
2026-02-05 07:49:00-05:00,QQQ,599.08,599.57,598.93,599.27,18487.0,599.225,223
2026-02-05 07:50:00-05:00,QQQ,599.4,600.19,599.38,599.52,27975.0,599.9145,365
2026-02-05 07:51:00-05:00,QQQ,599.56,600.31,599.52,600.17,25955.0,600.1348,463
2026-02-05 07:52:00-05:00,QQQ,600.27,600.35,599.81,600.35,12527.0,600.0421,260
2026-02-05 07:53:00-05:00,QQQ,600.29,600.64,600.21,600.56,45519.0,600.5122,431
2026-02-05 07:54:00-05:00,QQQ,600.5,600.77,600.33,600.53,56832.0,600.5635,573
2026-02-05 07:55:00-05:00,QQQ,600.47,600.68,599.36,599.52,27394.0,599.7256,481
2026-02-05 07:56:00-05:00,QQQ,599.55,600.265,599.55,600.11,8471.0,599.9254,149
2026-02-05 07:57:00-05:00,QQQ,600.09,600.42,599.95,600.3,19124.0,600.2161,291
2026-02-05 07:58:00-05:00,QQQ,600.32,600.5,600.2,600.43,19832.0,600.4458,225
2026-02-05 07:59:00-05:00,QQQ,600.5,601.0,600.4,600.74,35361.0,600.7828,402
2026-02-05 08:00:00-05:00,QQQ,605.74,608.74,598.76,601.0,407597.0,603.4222,7353
2026-02-05 08:01:00-05:00,QQQ,600.96,608.72,600.78,601.2,51932.0,602.6571,1601
2026-02-05 08:02:00-05:00,QQQ,601.14,607.53,599.3203,601.02,16136.0,602.1866,373
2026-02-05 08:03:00-05:00,QQQ,601.14,601.315,600.87,600.87,19575.0,601.1137,225
2026-02-05 08:04:00-05:00,QQQ,600.9999,600.9999,600.28,600.3601,12957.0,600.673,258
2026-02-05 08:05:00-05:00,QQQ,600.55,601.2,600.44,601.15,15359.0,600.8934,235
2026-02-05 08:06:00-05:00,QQQ,601.22,608.72,600.95,601.19,32780.0,602.5135,656
2026-02-05 08:07:00-05:00,QQQ,601.25,601.75,601.1823,601.71,16515.0,601.55,275
2026-02-05 08:08:00-05:00,QQQ,601.75,601.85,601.38,601.7,15543.0,601.5642,229
2026-02-05 08:09:00-05:00,QQQ,601.72,601.78,601.61,601.73,14387.0,601.7152,201
2026-02-05 08:10:00-05:00,QQQ,601.72,601.89,601.18,601.18,24921.0,601.7118,283
2026-02-05 08:11:00-05:00,QQQ,601.3,601.675,601.0,601.0,9461.0,601.2573,196
2026-02-05 08:12:00-05:00,QQQ,601.04,601.27,600.73,601.19,9568.0,600.9948,185
2026-02-05 08:13:00-05:00,QQQ,601.2,601.55,601.2,601.21,7919.0,601.4363,149
2026-02-05 08:14:00-05:00,QQQ,601.01,601.1119,600.9,601.0811,6742.0,601.02,125
2026-02-05 08:15:00-05:00,QQQ,601.07,601.28,600.66,600.66,19471.0,601.0757,283
2026-02-05 08:16:00-05:00,QQQ,600.655,600.9783,600.55,600.81,9629.0,600.8008,183
2026-02-05 08:17:00-05:00,QQQ,600.81,601.42,600.67,601.36,14183.0,601.1099,157
2026-02-05 08:18:00-05:00,QQQ,601.39,601.5,601.0,601.06,10570.0,601.2754,184
2026-02-05 08:19:00-05:00,QQQ,601.22,601.22,600.605,600.66,9371.0,600.8724,183
2026-02-05 08:20:00-05:00,QQQ,600.63,601.16,600.62,601.11,24059.0,600.9547,235
2026-02-05 08:21:00-05:00,QQQ,601.12,601.47,600.95,601.15,7967.0,601.282,172
2026-02-05 08:22:00-05:00,QQQ,601.12,601.19,600.645,601.02,4415.0,601.0702,126
2026-02-05 08:23:00-05:00,QQQ,601.14,601.14,600.721,600.8,5801.0,600.8781,150
2026-02-05 08:24:00-05:00,QQQ,600.8,601.41,600.71,601.15,5987.0,601.0999,151
2026-02-05 08:25:00-05:00,QQQ,601.13,601.2,600.82,600.85,4839.0,600.9911,151
2026-02-05 08:26:00-05:00,QQQ,600.77,600.88,600.735,600.76,23700.0,600.8193,167
2026-02-05 08:27:00-05:00,QQQ,600.8195,601.07,600.72,600.7597,6877.0,600.9172,112
2026-02-05 08:28:00-05:00,QQQ,600.7211,600.85,600.52,600.7,3538.0,600.7185,151
2026-02-05 08:29:00-05:00,QQQ,600.7738,600.83,600.49,600.82,6887.0,600.6209,186
2026-02-05 08:30:00-05:00,QQQ,600.85,601.0,600.05,600.08,77621.0,600.5089,734
2026-02-05 08:31:00-05:00,QQQ,600.28,601.26,600.16,601.22,45980.0,600.4111,385
2026-02-05 08:32:00-05:00,QQQ,601.36,602.0,601.36,601.94,49163.0,601.8432,620
2026-02-05 08:33:00-05:00,QQQ,602.0,602.12,601.54,601.61,25245.0,601.9317,407
2026-02-05 08:34:00-05:00,QQQ,601.65,602.06,601.59,602.0101,18745.0,601.7235,308
2026-02-05 08:35:00-05:00,QQQ,602.0,602.24,601.66,602.08,9447.0,601.9678,172
2026-02-05 08:36:00-05:00,QQQ,602.13,602.24,601.67,602.09,20530.0,601.971,258
2026-02-05 08:37:00-05:00,QQQ,602.19,602.33,602.12,602.272,11275.0,602.2404,209
2026-02-05 08:38:00-05:00,QQQ,602.26,602.64,601.84,601.99,35887.0,602.1914,502
2026-02-05 08:39:00-05:00,QQQ,601.96,601.96,601.35,601.35,16170.0,601.6817,290
2026-02-05 08:40:00-05:00,QQQ,601.38,601.65,601.3,601.4,14109.0,601.4187,192
2026-02-05 08:41:00-05:00,QQQ,601.39,601.855,601.25,601.72,10400.0,601.366,112
2026-02-05 08:42:00-05:00,QQQ,601.73,601.87,601.211,601.2125,7361.0,601.674,166
2026-02-05 08:43:00-05:00,QQQ,601.2,601.57,601.17,601.52,10815.0,601.3331,160
2026-02-05 08:44:00-05:00,QQQ,601.72,601.74,601.26,601.3129,6591.0,601.5198,116
2026-02-05 08:45:00-05:00,QQQ,601.25,601.51,601.2,601.37,5117.0,601.3514,130
2026-02-05 08:46:00-05:00,QQQ,601.32,601.34,601.06,601.22,21498.0,601.2116,200
2026-02-05 08:47:00-05:00,QQQ,601.25,601.25,601.0807,601.13,7701.0,601.1607,145
2026-02-05 08:48:00-05:00,QQQ,601.0405,601.23,600.86,600.86,12479.0,601.055,290
2026-02-05 08:49:00-05:00,QQQ,600.88,601.04,600.7,600.82,14347.0,600.813,230
2026-02-05 08:50:00-05:00,QQQ,600.83,600.99,600.12,600.16,27321.0,600.6366,516
2026-02-05 08:51:00-05:00,QQQ,600.16,600.49,599.94,600.38,75559.0,600.134,919
2026-02-05 08:52:00-05:00,QQQ,600.33,601.0,600.33,600.92,24046.0,600.8272,219
2026-02-05 08:53:00-05:00,QQQ,600.9,601.19,600.89,601.12,10508.0,601.0681,162
2026-02-05 08:54:00-05:00,QQQ,601.13,601.38,601.0,601.0,6610.0,601.1945,144
2026-02-05 08:55:00-05:00,QQQ,600.99,601.04,600.8,600.93,11454.0,600.8751,217
2026-02-05 08:56:00-05:00,QQQ,600.83,600.9,600.42,600.43,19211.0,600.7621,222
2026-02-05 08:57:00-05:00,QQQ,600.53,600.55,600.1,600.37,12364.0,600.318,202
2026-02-05 08:58:00-05:00,QQQ,600.35,600.35,600.08,600.13,17137.0,600.1698,182
2026-02-05 08:59:00-05:00,QQQ,600.11,600.37,600.11,600.18,7630.0,600.2569,137
2026-02-05 09:00:00-05:00,QQQ,600.17,600.73,599.43,600.19,50361.0,600.11,843
2026-02-05 09:01:00-05:00,QQQ,600.41,601.5,600.41,601.45,37513.0,601.1607,474
2026-02-05 09:02:00-05:00,QQQ,601.41,601.86,601.33,601.6,32027.0,601.6884,445
2026-02-05 09:03:00-05:00,QQQ,601.61,601.77,601.22,601.2508,18868.0,601.4397,267
2026-02-05 09:04:00-05:00,QQQ,601.29,601.58,601.18,601.36,20912.0,601.4617,193
2026-02-05 09:05:00-05:00,QQQ,601.32,601.46,601.19,601.19,12032.0,601.3827,195
2026-02-05 09:06:00-05:00,QQQ,601.23,601.57,601.0,601.48,19855.0,601.3035,221
2026-02-05 09:07:00-05:00,QQQ,601.51,601.51,601.02,601.16,4040.0,601.2521,110
2026-02-05 09:08:00-05:00,QQQ,601.17,601.18,600.93,601.18,8833.0,601.0287,143
2026-02-05 09:09:00-05:00,QQQ,601.1,601.1,600.74,600.79,5684.0,600.8385,147
2026-02-05 09:10:00-05:00,QQQ,600.7634,600.9,600.54,600.66,28914.0,600.6386,272
2026-02-05 09:11:00-05:00,QQQ,600.51,600.77,600.45,600.57,18900.0,600.551,217
2026-02-05 09:12:00-05:00,QQQ,600.51,600.85,600.48,600.51,9247.0,600.5826,197
2026-02-05 09:13:00-05:00,QQQ,600.46,600.46,600.11,600.23,24584.0,600.2493,270
2026-02-05 09:14:00-05:00,QQQ,600.25,600.33,600.0415,600.0415,9264.0,600.1638,199
2026-02-05 09:15:00-05:00,QQQ,600.1,600.41,600.01,600.1,15548.0,600.179,147
2026-02-05 09:16:00-05:00,QQQ,600.11,600.15,599.6816,599.6816,18640.0,599.9904,490
2026-02-05 09:17:00-05:00,QQQ,599.61,599.93,599.5,599.86,15514.0,599.7189,210
2026-02-05 09:18:00-05:00,QQQ,599.84,599.84,599.41,599.64,17850.0,599.6122,328
2026-02-05 09:19:00-05:00,QQQ,599.63,600.41,599.63,599.86,41707.0,600.0461,443
2026-02-05 09:20:00-05:00,QQQ,599.8,599.84,599.47,599.63,15726.0,599.6405,270
2026-02-05 09:21:00-05:00,QQQ,599.64,599.68,599.17,599.17,9787.0,599.4976,283
2026-02-05 09:22:00-05:00,QQQ,599.25,599.62,599.14,599.62,8571.0,599.391,205
2026-02-05 09:23:00-05:00,QQQ,599.59,599.86,599.541,599.86,7962.0,599.6383,169
2026-02-05 09:24:00-05:00,QQQ,599.88,599.96,599.66,599.71,18267.0,599.8569,249
2026-02-05 09:25:00-05:00,QQQ,599.78,600.19,599.5,599.52,24982.0,599.8946,377
2026-02-05 09:26:00-05:00,QQQ,599.54,599.6798,599.41,599.45,23702.0,599.6273,193
2026-02-05 09:27:00-05:00,QQQ,599.54,599.72,599.429,599.58,21020.0,599.5442,323
2026-02-05 09:28:00-05:00,QQQ,599.6,600.28,599.6,600.12,27895.0,599.9849,388
2026-02-05 09:29:00-05:00,QQQ,600.1,600.41,600.0,600.23,31403.0,600.2337,289
2026-02-05 09:30:00-05:00,QQQ,600.21,600.23,598.31,598.83,1309425.0,599.3757,25640
2026-02-05 09:31:00-05:00,QQQ,598.81,599.56,597.96,597.975,657118.0,598.8387,11579
2026-02-05 09:32:00-05:00,QQQ,598.02,599.96,597.35,599.0,698368.0,598.6098,10081
2026-02-05 09:33:00-05:00,QQQ,598.97,600.04,598.48,598.73,427624.0,599.2338,7352
2026-02-05 09:34:00-05:00,QQQ,598.75,601.26,598.47,601.21,541034.0,600.0942,9123
2026-02-05 09:35:00-05:00,QQQ,601.25,602.07,600.59,600.8653,551286.0,601.3442,8984
2026-02-05 09:36:00-05:00,QQQ,600.87,601.24,600.33,600.46,507268.0,600.7696,7980
2026-02-05 09:37:00-05:00,QQQ,600.4387,602.25,599.88,602.15,501769.0,601.0682,8387
2026-02-05 09:38:00-05:00,QQQ,602.12,603.19,602.05,602.955,362113.0,602.777,6251
2026-02-05 09:39:00-05:00,QQQ,602.99,603.41,602.75,603.35,443643.0,603.1339,6898
2026-02-05 09:40:00-05:00,QQQ,603.39,603.8,602.62,603.78,581235.0,603.0991,9473
2026-02-05 09:41:00-05:00,QQQ,603.87,604.05,602.24,602.27,447940.0,603.2351,6072
2026-02-05 09:42:00-05:00,QQQ,602.285,603.47,601.95,602.71,443486.0,602.6666,7061
2026-02-05 09:43:00-05:00,QQQ,602.71,603.82,602.585,603.569,289608.0,603.3409,5284
2026-02-05 09:44:00-05:00,QQQ,603.53,604.215,603.39,603.69,321411.0,603.8137,6216
2026-02-05 09:45:00-05:00,QQQ,603.66,604.0,603.09,603.65,358542.0,603.5001,6828
2026-02-05 09:46:00-05:00,QQQ,603.68,604.15,603.11,603.75,415879.0,603.6396,7255
2026-02-05 09:47:00-05:00,QQQ,603.71,604.31,603.39,603.5,332145.0,603.8293,6223
2026-02-05 09:48:00-05:00,QQQ,603.51,604.23,602.79,602.83,325328.0,603.5967,6805
2026-02-05 09:49:00-05:00,QQQ,602.78,604.1,602.72,604.02,354289.0,603.3891,5981
2026-02-05 09:50:00-05:00,QQQ,603.94,604.81,603.5,604.14,273100.0,604.2803,5686
2026-02-05 09:51:00-05:00,QQQ,604.19,604.39,602.71,602.98,304506.0,603.5467,5831
2026-02-05 09:52:00-05:00,QQQ,603.03,603.5,602.4843,603.05,228663.0,602.9648,5054
2026-02-05 09:53:00-05:00,QQQ,603.06,603.96,602.71,602.79,186056.0,603.3588,4329
2026-02-05 09:54:00-05:00,QQQ,602.8,603.25,601.97,602.48,388617.0,603.1592,5254
2026-02-05 09:55:00-05:00,QQQ,602.48,602.77,601.4,601.71,324748.0,601.9184,6430
2026-02-05 09:56:00-05:00,QQQ,601.63,601.64,600.96,601.115,223706.0,601.231,5067
2026-02-05 09:57:00-05:00,QQQ,601.09,601.54,600.61,600.89,344890.0,601.0159,7130
2026-02-05 09:58:00-05:00,QQQ,600.9575,601.18,600.44,600.5,357633.0,600.8776,7666
2026-02-05 09:59:00-05:00,QQQ,600.46,600.55,599.95,600.21,430201.0,600.2033,10156
2026-02-05 10:00:00-05:00,QQQ,600.22,601.03,599.01,599.09,648464.0,599.8653,12602
2026-02-05 10:01:00-05:00,QQQ,599.08,599.2,598.27,598.52,344822.0,598.7613,7295
2026-02-05 10:02:00-05:00,QQQ,598.5,599.35,598.18,598.87,346611.0,598.6494,6745
2026-02-05 10:03:00-05:00,QQQ,598.84,599.03,598.13,598.35,306069.0,598.6459,6169
2026-02-05 10:04:00-05:00,QQQ,598.37,598.97,598.04,598.62,294928.0,598.4328,6473
2026-02-05 10:05:00-05:00,QQQ,598.67,598.81,597.89,598.08,361886.0,598.2361,8728
2026-02-05 10:06:00-05:00,QQQ,598.09,598.62,597.71,597.74,246134.0,598.1336,5603
2026-02-05 10:07:00-05:00,QQQ,597.72,597.96,597.44,597.56,256239.0,597.6644,5593
2026-02-05 10:08:00-05:00,QQQ,597.56,597.92,597.12,597.45,340833.0,597.5196,6206
2026-02-05 10:09:00-05:00,QQQ,597.44,598.38,597.32,597.9,255362.0,597.8711,5113
2026-02-05 10:10:00-05:00,QQQ,597.8935,598.53,597.1,597.17,304167.0,597.8285,6166
2026-02-05 10:11:00-05:00,QQQ,597.2,597.3,596.5,596.56,396470.0,596.876,7963
2026-02-05 10:12:00-05:00,QQQ,596.56,596.75,596.04,596.07,355200.0,596.4055,6126
2026-02-05 10:13:00-05:00,QQQ,596.1,596.18,595.8,595.9,384202.0,595.9759,7078
2026-02-05 10:14:00-05:00,QQQ,595.89,595.96,595.08,595.13,318878.0,595.5218,6363
2026-02-05 10:15:00-05:00,QQQ,595.12,595.85,594.92,595.71,586507.0,595.3703,10792
2026-02-05 10:16:00-05:00,QQQ,595.69,597.24,595.63,596.53,548445.0,596.7203,9083
2026-02-05 10:17:00-05:00,QQQ,596.57,597.46,596.29,596.72,293458.0,596.8984,6331
2026-02-05 10:18:00-05:00,QQQ,596.72,597.18,596.4,596.5,349483.0,596.8274,5575
2026-02-05 10:19:00-05:00,QQQ,596.49,597.16,596.22,597.07,295717.0,596.8452,5462
2026-02-05 10:20:00-05:00,QQQ,597.04,597.19,596.47,596.55,260433.0,596.8012,5916
2026-02-05 10:21:00-05:00,QQQ,596.55,596.96,596.05,596.58,314674.0,596.3798,6093
2026-02-05 10:22:00-05:00,QQQ,596.55,597.58,596.01,596.11,340452.0,596.6842,7110
2026-02-05 10:23:00-05:00,QQQ,596.07,596.54,595.61,595.79,213205.0,596.0352,5444
2026-02-05 10:24:00-05:00,QQQ,595.75,596.49,595.64,596.2197,197825.0,596.404,4643
2026-02-05 10:25:00-05:00,QQQ,596.19,597.62,596.13,596.41,374623.0,597.0184,9098
2026-02-05 10:26:00-05:00,QQQ,596.402,596.44,595.39,595.39,256914.0,595.8265,10102
2026-02-05 10:27:00-05:00,QQQ,595.38,595.8,595.1,595.29,240892.0,595.4295,6044
2026-02-05 10:28:00-05:00,QQQ,595.3,596.74,595.28,595.72,233254.0,596.0254,5227
2026-02-05 10:29:00-05:00,QQQ,595.72,595.8,595.35,595.59,165838.0,595.5759,4484
2026-02-05 10:30:00-05:00,QQQ,595.58,596.75,595.51,596.34,398145.0,596.3461,6917
2026-02-05 10:31:00-05:00,QQQ,596.34,596.49,595.39,595.3996,255606.0,596.1274,6160
2026-02-05 10:32:00-05:00,QQQ,595.41,595.55,595.03,595.13,147323.0,595.1815,4229
2026-02-05 10:33:00-05:00,QQQ,595.15,595.74,594.99,595.4,259937.0,595.3598,7268
2026-02-05 10:34:00-05:00,QQQ,595.4,595.85,595.01,595.32,245081.0,595.3574,5571
2026-02-05 10:35:00-05:00,QQQ,595.35,595.99,595.24,595.485,341939.0,595.6189,6514
2026-02-05 10:36:00-05:00,QQQ,595.39,595.8,595.27,595.65,134829.0,595.5503,3929
2026-02-05 10:37:00-05:00,QQQ,595.69,596.35,595.45,596.21,304205.0,596.0227,6262
2026-02-05 10:38:00-05:00,QQQ,596.22,597.05,595.97,596.97,288949.0,596.679,5990
2026-02-05 10:39:00-05:00,QQQ,596.95,597.84,596.94,597.74,307280.0,597.4864,6188
2026-02-05 10:40:00-05:00,QQQ,597.71,597.74,596.64,597.36,367115.0,597.1672,7878
2026-02-05 10:41:00-05:00,QQQ,597.35,597.48,596.84,597.36,233736.0,597.1381,5768
2026-02-05 10:42:00-05:00,QQQ,597.37,598.54,597.35,598.22,352501.0,598.1693,6365
2026-02-05 10:43:00-05:00,QQQ,598.19,598.445,597.55,597.68,235980.0,598.1226,5287
2026-02-05 10:44:00-05:00,QQQ,597.67,598.53,597.67,598.02,218132.0,598.1827,4819
2026-02-05 10:45:00-05:00,QQQ,597.97,598.34,596.6,596.6,904089.0,602.5061,6592
2026-02-05 10:46:00-05:00,QQQ,596.59,596.74,595.86,596.1081,243441.0,596.2677,5326
2026-02-05 10:47:00-05:00,QQQ,596.1,596.4991,595.97,595.98,159631.0,596.1991,4055
2026-02-05 10:48:00-05:00,QQQ,596.0,596.17,595.55,595.59,211507.0,595.9799,4304
2026-02-05 10:49:00-05:00,QQQ,595.6,595.85,595.41,595.82,209249.0,595.6292,4645
2026-02-05 10:50:00-05:00,QQQ,595.82,596.6,595.77,596.165,372316.0,596.2118,6518
2026-02-05 10:51:00-05:00,QQQ,596.09,597.08,595.92,596.71,209792.0,596.3945,4661
2026-02-05 10:52:00-05:00,QQQ,596.71,596.73,596.012,596.21,247413.0,596.2377,4689
2026-02-05 10:53:00-05:00,QQQ,596.19,597.47,596.09,596.5,261091.0,596.7324,5343
2026-02-05 10:54:00-05:00,QQQ,596.53,597.1,596.03,596.12,187611.0,596.4819,4257
2026-02-05 10:55:00-05:00,QQQ,596.1,596.57,596.01,596.51,152881.0,596.2678,3772
2026-02-05 10:56:00-05:00,QQQ,596.46,596.99,596.15,596.3,165271.0,596.5853,3959
2026-02-05 10:57:00-05:00,QQQ,596.3,596.32,595.4,595.51,210791.0,595.7437,4704
2026-02-05 10:58:00-05:00,QQQ,595.52,596.77,595.385,596.23,219432.0,595.9831,4635
2026-02-05 10:59:00-05:00,QQQ,596.23,596.97,596.03,596.95,154555.0,596.4257,3789
2026-02-05 11:00:00-05:00,QQQ,596.96,597.22,596.55,597.0699,317821.0,596.9441,6679
2026-02-05 11:01:00-05:00,QQQ,597.05,597.37,596.85,597.08,172567.0,597.0697,4627
2026-02-05 11:02:00-05:00,QQQ,597.1,597.34,596.58,596.855,295014.0,596.4263,4393
2026-02-05 11:03:00-05:00,QQQ,596.82,596.88,596.04,596.155,210796.0,596.4654,4581
2026-02-05 11:04:00-05:00,QQQ,596.16,596.435,595.76,595.78,251849.0,596.1147,4430
2026-02-05 11:05:00-05:00,QQQ,595.77,596.03,595.71,595.79,138912.0,595.8674,3925
2026-02-05 11:06:00-05:00,QQQ,595.78,596.36,595.54,595.7101,260409.0,595.9878,5268
2026-02-05 11:07:00-05:00,QQQ,595.7,596.05,595.35,595.41,159206.0,595.6817,4044
2026-02-05 11:08:00-05:00,QQQ,595.39,595.62,595.16,595.18,130964.0,595.3657,3669
2026-02-05 11:09:00-05:00,QQQ,595.19,595.65,595.06,595.14,176315.0,595.2928,3912
2026-02-05 11:10:00-05:00,QQQ,595.1,596.39,595.07,595.7,346819.0,595.8264,6147
2026-02-05 11:11:00-05:00,QQQ,595.67,595.95,595.34,595.43,176601.0,595.6133,4281
2026-02-05 11:12:00-05:00,QQQ,595.39,595.79,595.35,595.74,217699.0,595.5992,4737
2026-02-05 11:13:00-05:00,QQQ,595.72,595.77,595.15,595.39,276784.0,595.5289,4046
2026-02-05 11:14:00-05:00,QQQ,595.35,595.52,594.76,594.97,265583.0,595.1248,7181
2026-02-05 11:15:00-05:00,QQQ,594.96,596.98,594.91,596.83,450156.0,596.0814,7960
2026-02-05 11:16:00-05:00,QQQ,596.83,597.45,596.67,597.4299,213264.0,597.0031,5055
2026-02-05 11:17:00-05:00,QQQ,597.46,597.89,597.3,597.58,305106.0,597.5692,5779
2026-02-05 11:18:00-05:00,QQQ,597.6,598.04,597.38,597.72,212092.0,597.6921,4781
2026-02-05 11:19:00-05:00,QQQ,597.73,598.2,597.72,597.96,266695.0,598.0041,5273
2026-02-05 11:20:00-05:00,QQQ,597.95,598.71,597.88,598.01,445645.0,598.1665,6150
2026-02-05 11:21:00-05:00,QQQ,598.04,598.49,597.96,598.37,183859.0,598.2279,4299
2026-02-05 11:22:00-05:00,QQQ,598.34,599.42,598.34,599.27,362488.0,599.1077,6250
2026-02-05 11:23:00-05:00,QQQ,599.28,599.51,598.112,598.12,266633.0,598.8852,4865
2026-02-05 11:24:00-05:00,QQQ,598.11,599.29,598.095,599.265,272469.0,598.4954,5037
2026-02-05 11:25:00-05:00,QQQ,599.3,599.66,598.8,598.815,294093.0,599.3139,6106
2026-02-05 11:26:00-05:00,QQQ,598.82,599.38,598.79,599.18,220293.0,599.0724,5211
2026-02-05 11:27:00-05:00,QQQ,599.18,599.96,599.18,599.71,192819.0,599.5823,5002
2026-02-05 11:28:00-05:00,QQQ,599.72,600.41,599.72,600.308,262999.0,600.1301,5866
2026-02-05 11:29:00-05:00,QQQ,600.33,600.55,600.12,600.45,326833.0,600.3438,5820
2026-02-05 11:30:00-05:00,QQQ,600.45,601.13,600.45,600.8042,426557.0,600.8202,6900
2026-02-05 11:31:00-05:00,QQQ,600.84,600.975,600.235,600.48,270873.0,600.5941,5254
2026-02-05 11:32:00-05:00,QQQ,600.52,601.02,600.24,600.32,284583.0,600.5699,5252
2026-02-05 11:33:00-05:00,QQQ,600.32,601.27,600.25,601.2099,281465.0,600.803,5590
2026-02-05 11:34:00-05:00,QQQ,601.2,601.53,600.93,601.33,199427.0,601.2682,4413
2026-02-05 11:35:00-05:00,QQQ,601.33,601.37,600.67,600.95,186131.0,600.9511,4045
2026-02-05 11:36:00-05:00,QQQ,600.99,601.485,600.65,600.66,257642.0,601.0929,5418
2026-02-05 11:37:00-05:00,QQQ,600.65,601.15,600.64,600.87,126914.0,600.9182,3432
2026-02-05 11:38:00-05:00,QQQ,600.86,601.46,600.54,601.29,169568.0,601.1456,4197
2026-02-05 11:39:00-05:00,QQQ,601.28,601.43,600.67,600.76,154360.0,600.9897,3743
2026-02-05 11:40:00-05:00,QQQ,600.76,601.34,600.39,600.58,166131.0,600.6609,4002
2026-02-05 11:41:00-05:00,QQQ,600.57,600.64,600.02,600.42,250242.0,600.316,4919
2026-02-05 11:42:00-05:00,QQQ,600.46,601.08,600.44,600.83,207467.0,600.9222,3587
2026-02-05 11:43:00-05:00,QQQ,600.8198,601.35,600.59,600.59,174665.0,600.9965,3677
2026-02-05 11:44:00-05:00,QQQ,600.58,600.94,600.34,600.54,92371.0,600.5756,2890
2026-02-05 11:45:00-05:00,QQQ,600.53,600.5665,599.8407,599.86,168136.0,600.184,3704
2026-02-05 11:46:00-05:00,QQQ,599.85,599.89,599.41,599.69,175967.0,599.6364,3584
2026-02-05 11:47:00-05:00,QQQ,599.69,599.75,599.285,599.34,98004.0,599.5054,2832
2026-02-05 11:48:00-05:00,QQQ,599.4,599.71,599.3,599.48,84245.0,599.5406,2519
2026-02-05 11:49:00-05:00,QQQ,599.45,600.53,599.27,600.46,167221.0,600.029,3484
2026-02-05 11:50:00-05:00,QQQ,600.46,601.19,600.46,601.02,149421.0,600.929,3297
2026-02-05 11:51:00-05:00,QQQ,600.97,601.67,600.84,601.07,181197.0,601.3285,3830
2026-02-05 11:52:00-05:00,QQQ,601.03,601.73,601.02,601.55,125445.0,601.4474,2863
2026-02-05 11:53:00-05:00,QQQ,601.57,601.73,601.34,601.57,119018.0,601.5392,2992
2026-02-05 11:54:00-05:00,QQQ,601.6,601.94,601.43,601.7,108451.0,601.7395,2940
2026-02-05 11:55:00-05:00,QQQ,601.73,602.31,601.72,602.04,179272.0,601.9878,3458
2026-02-05 11:56:00-05:00,QQQ,602.06,602.1,600.71,601.39,176412.0,601.1769,3599
2026-02-05 11:57:00-05:00,QQQ,601.39,601.61,601.16,601.36,71511.0,601.3689,2342
2026-02-05 11:58:00-05:00,QQQ,601.43,601.6,601.04,601.185,68958.0,601.3233,2264
2026-02-05 11:59:00-05:00,QQQ,601.12,601.71,600.94,601.6727,92918.0,601.4369,2454
2026-02-05 12:00:00-05:00,QQQ,601.65,601.77,600.5,600.68,187774.0,601.0186,2535
2026-02-05 12:01:00-05:00,QQQ,600.69,600.9,600.55,600.72,137960.0,600.7803,1741
2026-02-05 12:02:00-05:00,QQQ,600.66,601.01,600.64,600.69,55715.0,600.825,1317
2026-02-05 12:03:00-05:00,QQQ,600.66,600.8,600.11,600.25,90351.0,600.5322,1862
2026-02-05 12:04:00-05:00,QQQ,600.17,600.17,599.573,600.03,141047.0,599.8132,2512
2026-02-05 12:05:00-05:00,QQQ,600.01,600.37,599.83,600.29,83348.0,600.1292,1624
2026-02-05 12:06:00-05:00,QQQ,600.21,600.76,600.03,600.04,77615.0,600.4519,1680
2026-02-05 12:07:00-05:00,QQQ,600.0,600.55,599.76,600.39,71898.0,600.1385,1616
2026-02-05 12:08:00-05:00,QQQ,600.39,600.49,600.07,600.1344,44208.0,600.2379,1159
2026-02-05 12:09:00-05:00,QQQ,600.18,600.24,599.84,600.04,57146.0,600.0109,1536
2026-02-05 12:10:00-05:00,QQQ,600.03,600.24,599.62,599.63,63415.0,599.9757,1369
2026-02-05 12:11:00-05:00,QQQ,599.76,600.53,599.6701,599.6901,94265.0,600.1213,1883
2026-02-05 12:12:00-05:00,QQQ,599.73,599.75,599.4001,599.625,75837.0,599.5909,1567
2026-02-05 12:13:00-05:00,QQQ,599.625,600.21,599.613,599.91,89951.0,600.0109,1754
2026-02-05 12:14:00-05:00,QQQ,599.93,600.54,599.92,600.285,104335.0,600.2254,1362
2026-02-05 12:15:00-05:00,QQQ,600.29,600.37,599.835,600.08,74846.0,600.1158,1586
2026-02-05 12:16:00-05:00,QQQ,600.08,600.43,599.93,600.17,81947.0,600.1617,1773
2026-02-05 12:17:00-05:00,QQQ,600.18,600.28,599.76,600.04,60528.0,599.9782,1242
2026-02-05 12:18:00-05:00,QQQ,600.04,600.36,599.86,600.26,48500.0,600.1168,1210
2026-02-05 12:19:00-05:00,QQQ,600.24,600.325,599.8,599.89,59647.0,600.0104,1465
2026-02-05 12:20:00-05:00,QQQ,599.8,600.14,599.1,599.3,102143.0,599.5005,1925
2026-02-05 12:21:00-05:00,QQQ,599.29,599.51,599.071,599.37,76616.0,599.3067,1672
2026-02-05 12:22:00-05:00,QQQ,599.39,600.22,599.3416,599.99,96290.0,599.9232,2146
2026-02-05 12:23:00-05:00,QQQ,599.98,600.84,599.88,600.77,123261.0,600.4624,2551
2026-02-05 12:24:00-05:00,QQQ,600.81,601.63,600.77,601.63,184436.0,601.1823,3092
2026-02-05 12:25:00-05:00,QQQ,601.64,602.09,601.62,602.07,145536.0,601.8626,2945
2026-02-05 12:26:00-05:00,QQQ,602.1,602.45,602.09,602.175,170404.0,602.2852,2504
2026-02-05 12:27:00-05:00,QQQ,602.2,602.43,601.93,602.235,151519.0,602.1588,2235
2026-02-05 12:28:00-05:00,QQQ,602.28,602.5,601.98,602.21,120634.0,602.2862,2200
2026-02-05 12:29:00-05:00,QQQ,602.16,602.2,601.65,601.86,103706.0,601.9039,1709
2026-02-05 12:30:00-05:00,QQQ,601.88,602.37,601.81,601.94,115894.0,602.0736,2245
2026-02-05 12:31:00-05:00,QQQ,601.9411,602.035,601.2,601.2,118060.0,601.7765,2135
2026-02-05 12:32:00-05:00,QQQ,601.18,601.97,601.17,601.89,257773.0,601.1875,2399
2026-02-05 12:33:00-05:00,QQQ,601.9,601.901,601.1533,601.33,96428.0,601.3838,1785
2026-02-05 12:34:00-05:00,QQQ,601.4,601.53,600.98,601.075,78992.0,601.1734,1724
2026-02-05 12:35:00-05:00,QQQ,601.05,601.46,600.8459,601.4,93879.0,601.125,1934
2026-02-05 12:36:00-05:00,QQQ,601.42,601.96,601.37,601.79,79922.0,601.7083,1772
2026-02-05 12:37:00-05:00,QQQ,601.76,602.0,601.36,601.89,131082.0,601.7078,1811
2026-02-05 12:38:00-05:00,QQQ,601.87,602.05,601.56,601.93,62706.0,601.8254,1175
2026-02-05 12:39:00-05:00,QQQ,601.92,601.955,601.63,601.73,59969.0,601.8142,1196
2026-02-05 12:40:00-05:00,QQQ,601.74,602.7199,601.57,602.64,158956.0,602.3281,2762
2026-02-05 12:41:00-05:00,QQQ,602.64,602.81,602.06,602.31,89987.0,602.445,1728
2026-02-05 12:42:00-05:00,QQQ,602.2716,602.41,602.0,602.1,71586.0,602.1731,1373
2026-02-05 12:43:00-05:00,QQQ,602.13,602.36,601.7,602.17,78717.0,602.0965,1614
2026-02-05 12:44:00-05:00,QQQ,602.12,602.16,601.62,602.15,72543.0,601.9024,1420
2026-02-05 12:45:00-05:00,QQQ,602.16,602.7,601.97,602.7,87396.0,602.3554,1753
2026-02-05 12:46:00-05:00,QQQ,602.74,603.022,602.5,603.02,86732.0,602.7973,1800
2026-02-05 12:47:00-05:00,QQQ,603.01,603.05,602.13,602.35,138355.0,602.642,2227
2026-02-05 12:48:00-05:00,QQQ,602.39,602.47,601.19,601.22,140844.0,601.7312,2476
2026-02-05 12:49:00-05:00,QQQ,601.2,601.49,600.96,601.2,131621.0,601.1965,2293
2026-02-05 12:50:00-05:00,QQQ,601.17,601.22,600.52,601.0399,147520.0,600.9258,2769
2026-02-05 12:51:00-05:00,QQQ,601.03,601.81,600.9601,601.3582,133019.0,601.3678,2571
2026-02-05 12:52:00-05:00,QQQ,601.39,601.69,601.0511,601.11,110262.0,601.3091,2036
2026-02-05 12:53:00-05:00,QQQ,601.15,601.69,601.15,601.48,109599.0,601.4097,2003
2026-02-05 12:54:00-05:00,QQQ,601.524,601.66,600.93,600.96,60825.0,601.213,1494
2026-02-05 12:55:00-05:00,QQQ,600.89,601.0,600.58,600.87,107442.0,600.8091,1919
2026-02-05 12:56:00-05:00,QQQ,600.88,601.11,600.66,601.04,76905.0,600.8584,1612
2026-02-05 12:57:00-05:00,QQQ,601.02,601.07,600.615,600.7,73016.0,600.7723,1404
2026-02-05 12:58:00-05:00,QQQ,600.69,600.78,600.17,600.48,139460.0,600.4303,2512
2026-02-05 12:59:00-05:00,QQQ,600.49,600.78,600.38,600.5,660648.0,600.4152,1501
2026-02-05 13:00:00-05:00,QQQ,600.55,601.2,600.45,601.07,240083.0,602.9164,2561
2026-02-05 13:01:00-05:00,QQQ,601.1,601.65,600.97,601.645,431080.0,604.351,2530
2026-02-05 13:02:00-05:00,QQQ,601.64,601.75,601.45,601.63,124001.0,601.6304,2245
2026-02-05 13:03:00-05:00,QQQ,601.67,601.67,601.16,601.2504,312335.0,604.15,1797
2026-02-05 13:04:00-05:00,QQQ,601.2875,601.44,600.82,600.92,58274.0,601.2093,1364
2026-02-05 13:05:00-05:00,QQQ,600.89,600.89,600.45,600.51,64533.0,600.656,1331
2026-02-05 13:06:00-05:00,QQQ,600.495,600.72,600.23,600.47,95784.0,600.4387,1541
2026-02-05 13:07:00-05:00,QQQ,600.47,600.77,600.21,600.28,66637.0,600.4401,1437
2026-02-05 13:08:00-05:00,QQQ,600.27,600.56,600.125,600.16,94639.0,600.282,1711
2026-02-05 13:09:00-05:00,QQQ,600.15,600.36,599.95,600.13,179894.0,600.6253,2440
2026-02-05 13:10:00-05:00,QQQ,600.1,600.37,599.69,599.69,103315.0,599.9935,1930
2026-02-05 13:11:00-05:00,QQQ,599.6901,600.3,599.62,600.26,281759.0,599.9409,4081
2026-02-05 13:12:00-05:00,QQQ,600.26,600.83,600.18,600.75,208354.0,600.5017,3858
2026-02-05 13:13:00-05:00,QQQ,600.76,600.77,600.21,600.21,76743.0,600.4473,1524
2026-02-05 13:14:00-05:00,QQQ,600.19,600.53,600.17,600.28,72389.0,600.3318,1486
2026-02-05 13:15:00-05:00,QQQ,600.264,600.46,600.0989,600.28,60548.0,600.2588,1169
2026-02-05 13:16:00-05:00,QQQ,600.26,600.59,599.83,599.86,106469.0,600.1541,1842
2026-02-05 13:17:00-05:00,QQQ,599.85,600.26,599.84,599.99,74199.0,600.0,1323
2026-02-05 13:18:00-05:00,QQQ,599.99,600.06,599.71,599.92,75382.0,599.874,1556
2026-02-05 13:19:00-05:00,QQQ,599.94,600.33,599.85,599.895,116429.0,600.0668,1824
2026-02-05 13:20:00-05:00,QQQ,599.9002,600.12,599.41,599.465,119786.0,599.7212,1850
2026-02-05 13:21:00-05:00,QQQ,599.47,599.7864,599.3,599.5,82906.0,599.5579,1515
2026-02-05 13:22:00-05:00,QQQ,599.48,599.6199,599.08,599.18,116642.0,599.3209,2049
2026-02-05 13:23:00-05:00,QQQ,599.17,599.18,598.76,599.07,144613.0,599.0237,2925
2026-02-05 13:24:00-05:00,QQQ,599.07,599.38,598.9,599.18,88073.0,599.1469,1704
2026-02-05 13:25:00-05:00,QQQ,599.24,599.31,598.9205,598.9661,103566.0,599.2032,1521
2026-02-05 13:26:00-05:00,QQQ,598.98,599.66,598.95,599.53,108758.0,599.3662,2105
2026-02-05 13:27:00-05:00,QQQ,599.55,599.85,599.24,599.42,105463.0,599.6245,1574
2026-02-05 13:28:00-05:00,QQQ,599.5,599.62,599.11,599.265,93516.0,599.3179,1276
2026-02-05 13:29:00-05:00,QQQ,599.25,599.33,599.07,599.31,68636.0,599.2236,1072
2026-02-05 13:30:00-05:00,QQQ,599.27,599.83,599.23,599.63,96284.0,599.5638,1837
2026-02-05 13:31:00-05:00,QQQ,599.61,600.26,599.54,600.0,90997.0,600.0139,1888
2026-02-05 13:32:00-05:00,QQQ,600.04,600.04,599.5512,599.58,76807.0,599.8452,1343
2026-02-05 13:33:00-05:00,QQQ,599.52,599.86,599.34,599.34,58952.0,599.6059,1159
2026-02-05 13:34:00-05:00,QQQ,599.34,599.68,599.2,599.68,60646.0,599.3818,1288
2026-02-05 13:35:00-05:00,QQQ,599.65,599.67,599.25,599.29,55810.0,599.4811,1038
2026-02-05 13:36:00-05:00,QQQ,599.28,599.45,599.1723,599.22,50951.0,599.2837,1079
2026-02-05 13:37:00-05:00,QQQ,599.2,599.75,599.13,599.3,196997.0,599.6111,1382
2026-02-05 13:38:00-05:00,QQQ,599.34,599.42,598.975,599.0,251977.0,599.398,1337
2026-02-05 13:39:00-05:00,QQQ,598.995,599.03,598.78,598.92,183368.0,602.6484,1457
2026-02-05 13:40:00-05:00,QQQ,598.87,598.875,598.53,598.575,122227.0,598.6572,1767
2026-02-05 13:41:00-05:00,QQQ,598.58,598.9499,598.35,598.9,164654.0,598.6293,2478
2026-02-05 13:42:00-05:00,QQQ,598.88,599.0,598.69,598.94,79986.0,598.8476,1389
2026-02-05 13:43:00-05:00,QQQ,598.95,599.24,598.6,598.78,108034.0,598.8733,1612
2026-02-05 13:44:00-05:00,QQQ,598.75,599.16,598.66,598.84,72843.0,598.9327,1239
2026-02-05 13:45:00-05:00,QQQ,598.82,599.13,598.75,598.86,66810.0,598.905,1091
2026-02-05 13:46:00-05:00,QQQ,598.85,598.87,598.4,598.42,75904.0,598.6163,1362
2026-02-05 13:47:00-05:00,QQQ,598.42,598.58,598.22,598.3,100353.0,598.5442,1388
2026-02-05 13:48:00-05:00,QQQ,598.25,598.42,598.14,598.26,85837.0,598.273,1444
2026-02-05 13:49:00-05:00,QQQ,598.25,598.51,598.18,598.37,73251.0,598.3649,1256
2026-02-05 13:50:00-05:00,QQQ,598.3,598.3,597.92,597.95,90465.0,598.0943,2030
2026-02-05 13:51:00-05:00,QQQ,597.95,598.24,597.78,598.1113,101486.0,597.9582,1884
2026-02-05 13:52:00-05:00,QQQ,598.1,598.21,597.8,597.8007,50024.0,598.0253,1054
2026-02-05 13:53:00-05:00,QQQ,597.84,597.93,597.59,597.84,71074.0,597.7785,1490
2026-02-05 13:54:00-05:00,QQQ,597.82,598.1,597.765,597.98,73379.0,597.93,1384
2026-02-05 13:55:00-05:00,QQQ,597.99,598.0,597.59,597.66,59451.0,597.7386,1217
2026-02-05 13:56:00-05:00,QQQ,597.63,598.03,597.6014,597.95,76081.0,597.8327,1252
2026-02-05 13:57:00-05:00,QQQ,597.95,598.46,597.95,598.24,131693.0,598.2691,1789
2026-02-05 13:58:00-05:00,QQQ,598.23,598.49,598.09,598.29,115645.0,598.2945,1637
2026-02-05 13:59:00-05:00,QQQ,598.31,598.83,598.29,598.52,122867.0,598.5849,1844
2026-02-05 14:00:00-05:00,QQQ,598.5,598.75,598.21,598.72,184830.0,598.51,2485
2026-02-05 14:01:00-05:00,QQQ,598.69,598.78,598.16,598.2399,82786.0,598.4068,1314
2026-02-05 14:02:00-05:00,QQQ,598.27,598.69,598.26,598.69,160352.0,598.4575,1838
2026-02-05 14:03:00-05:00,QQQ,598.67,599.31,598.66,599.26,167547.0,599.0506,2442
2026-02-05 14:04:00-05:00,QQQ,599.27,599.58,599.1,599.13,198811.0,599.3602,2547
2026-02-05 14:05:00-05:00,QQQ,599.11,599.46,599.01,599.35,98052.0,599.2325,1652
2026-02-05 14:06:00-05:00,QQQ,599.33,599.87,599.28,599.66,148711.0,599.6348,2348
2026-02-05 14:07:00-05:00,QQQ,599.66,599.96,599.265,599.29,116921.0,599.6949,1808
2026-02-05 14:08:00-05:00,QQQ,599.27,599.58,599.135,599.5,94304.0,599.3286,1547
2026-02-05 14:09:00-05:00,QQQ,599.48,599.83,599.41,599.83,67390.0,599.6624,1275
2026-02-05 14:10:00-05:00,QQQ,599.84,600.28,599.78,600.19,136874.0,599.9332,2247
2026-02-05 14:11:00-05:00,QQQ,600.22,600.68,600.12,600.68,173319.0,600.3758,2771
2026-02-05 14:12:00-05:00,QQQ,600.68,601.1,600.38,601.0399,158787.0,600.8288,2500
2026-02-05 14:13:00-05:00,QQQ,601.05,601.33,600.93,601.055,120668.0,601.125,1859
2026-02-05 14:14:00-05:00,QQQ,601.06,601.23,600.89,600.97,122492.0,601.0846,1790
2026-02-05 14:15:00-05:00,QQQ,600.98,601.12,600.78,600.98,113302.0,600.9493,1821
2026-02-05 14:16:00-05:00,QQQ,600.98,601.44,600.96,601.27,185166.0,601.2065,2805
2026-02-05 14:17:00-05:00,QQQ,601.27,601.55,601.14,601.54,84682.0,601.3387,1522
2026-02-05 14:18:00-05:00,QQQ,601.54,601.72,601.44,601.57,118357.0,601.5672,1649
2026-02-05 14:19:00-05:00,QQQ,601.61,601.71,601.53,601.62,62863.0,601.6103,1202
2026-02-05 14:20:00-05:00,QQQ,601.64,601.67,601.37,601.54,108636.0,601.5316,1254
2026-02-05 14:21:00-05:00,QQQ,601.56,601.86,601.38,601.421433,137277.0,601.5788,1672
2026-02-05 14:22:00-05:00,QQQ,601.4,601.56,601.27,601.54,429118.0,601.45,1912
2026-02-05 14:23:00-05:00,QQQ,601.55,601.85,601.42,601.59,143302.0,601.6469,1983
2026-02-05 14:24:00-05:00,QQQ,601.62,601.64,601.36,601.37,78904.0,601.4946,1313
2026-02-05 14:25:00-05:00,QQQ,601.41,601.41,600.4667,600.5,202674.0,600.7633,2537
2026-02-05 14:26:00-05:00,QQQ,600.53,600.7,600.31,600.41,182445.0,600.5019,2330
2026-02-05 14:27:00-05:00,QQQ,600.39,600.59,600.12,600.165,108754.0,600.3548,1754
2026-02-05 14:28:00-05:00,QQQ,600.17,600.43,600.1087,600.36,120970.0,600.2918,1990
2026-02-05 14:29:00-05:00,QQQ,600.35,600.46,599.95,600.07,100512.0,600.1695,1747
2026-02-05 14:30:00-05:00,QQQ,600.07,600.07,599.2286,599.32,219790.0,599.4829,3225
2026-02-05 14:31:00-05:00,QQQ,599.33,599.46,599.02,599.07,320672.0,599.7349,1996
2026-02-05 14:32:00-05:00,QQQ,599.08,599.08,598.21,598.275,209792.0,598.6214,3058
2026-02-05 14:33:00-05:00,QQQ,598.25,598.73,598.09,598.37,171265.0,598.4906,2451
2026-02-05 14:34:00-05:00,QQQ,598.33,599.05,598.31,599.03,116323.0,598.7443,1809
2026-02-05 14:35:00-05:00,QQQ,599.03,599.21,598.72,599.05,126934.0,599.0067,1936
2026-02-05 14:36:00-05:00,QQQ,599.03,599.32,598.59,598.73,127763.0,598.9072,1897
2026-02-05 14:37:00-05:00,QQQ,598.72,599.11,598.55,598.9,67506.0,598.8098,1242
2026-02-05 14:38:00-05:00,QQQ,598.88,599.55,598.8,599.24,155172.0,599.2408,2199
2026-02-05 14:39:00-05:00,QQQ,599.2161,599.26,598.85,598.88,85214.0,599.0515,1234
2026-02-05 14:40:00-05:00,QQQ,598.89,599.0,598.54,598.545,86276.0,598.7698,1336
2026-02-05 14:41:00-05:00,QQQ,598.52,598.78,598.2601,598.62,141773.0,598.4486,2032
2026-02-05 14:42:00-05:00,QQQ,598.64,598.88,598.34,598.34,94330.0,598.6361,1450
2026-02-05 14:43:00-05:00,QQQ,598.34,598.88,598.305,598.778,102717.0,598.6176,1462
2026-02-05 14:44:00-05:00,QQQ,598.79,598.89,598.43,598.45,76413.0,598.6044,1496
2026-02-05 14:45:00-05:00,QQQ,598.45,598.86,598.41,598.47,80919.0,598.6374,1487
2026-02-05 14:46:00-05:00,QQQ,598.49,598.63,598.15,598.15,102923.0,598.3662,1715
2026-02-05 14:47:00-05:00,QQQ,598.18,598.36,598.04,598.19,84801.0,598.2039,1335
2026-02-05 14:48:00-05:00,QQQ,598.18,598.53,598.12,598.23,62951.0,598.3436,1109
2026-02-05 14:49:00-05:00,QQQ,598.22,598.42,598.22,598.34,68397.0,598.3825,1087
2026-02-05 14:50:00-05:00,QQQ,598.37,598.46,597.95,598.17,70442.0,598.1499,1497
2026-02-05 14:51:00-05:00,QQQ,598.13,598.37,598.0248,598.06,63703.0,598.2048,1195
2026-02-05 14:52:00-05:00,QQQ,598.08,598.205,597.85,597.92,112464.0,597.9918,1718
2026-02-05 14:53:00-05:00,QQQ,597.91,598.17,597.91,598.04,66112.0,598.0159,1332
2026-02-05 14:54:00-05:00,QQQ,598.05,598.67,597.88,598.17,137363.0,598.2375,2354
2026-02-05 14:55:00-05:00,QQQ,598.2,598.58,598.12,598.36,148173.0,598.3924,2307
2026-02-05 14:56:00-05:00,QQQ,598.35,598.59,598.08,598.16,85656.0,598.371,1549
2026-02-05 14:57:00-05:00,QQQ,598.17,598.42,598.1,598.23,94156.0,598.2838,1547
2026-02-05 14:58:00-05:00,QQQ,598.25,598.56,598.18,598.55,259979.0,601.2467,1697
2026-02-05 14:59:00-05:00,QQQ,598.55,598.91,598.55,598.74,151180.0,598.7191,2381
2026-02-05 15:00:00-05:00,QQQ,598.8,598.8,598.35,598.54,122721.0,598.5252,2032
2026-02-05 15:01:00-05:00,QQQ,598.55,599.21,598.5,599.21,158048.0,598.8991,2670
2026-02-05 15:02:00-05:00,QQQ,599.22,599.44,599.04,599.29,184325.0,599.26,2810
2026-02-05 15:03:00-05:00,QQQ,599.25,599.28,599.03,599.22,97766.0,599.1789,1736
2026-02-05 15:04:00-05:00,QQQ,599.23,599.4434,599.21,599.4434,115129.0,599.2967,2161
2026-02-05 15:05:00-05:00,QQQ,599.4,599.54,599.14,599.21,133684.0,599.3888,2174
2026-02-05 15:06:00-05:00,QQQ,599.24,599.83,599.06,599.71,219293.0,599.4911,2901
2026-02-05 15:07:00-05:00,QQQ,599.72,600.5,599.69,600.46,213321.0,600.144,3240
2026-02-05 15:08:00-05:00,QQQ,600.48,600.63,600.4,600.5,259738.0,600.481,3279
2026-02-05 15:09:00-05:00,QQQ,600.53,600.88,600.48,600.77,206149.0,600.6869,2199
2026-02-05 15:10:00-05:00,QQQ,600.74,601.02,600.472,601.0,161555.0,600.7508,2758
2026-02-05 15:11:00-05:00,QQQ,601.0,601.105,600.43,600.5,162508.0,600.835,2679
2026-02-05 15:12:00-05:00,QQQ,600.52,600.57,599.98,600.02,209601.0,600.2263,3580
2026-02-05 15:13:00-05:00,QQQ,600.0101,600.08,599.58,599.86,209904.0,599.8121,3394
2026-02-05 15:14:00-05:00,QQQ,599.83,599.97,599.62,599.635,230390.0,599.827,3029
2026-02-05 15:15:00-05:00,QQQ,599.65,599.73,598.61,598.72,441749.0,602.1215,3376
2026-02-05 15:16:00-05:00,QQQ,598.7,598.99,598.6535,598.66,179079.0,598.7924,2793
2026-02-05 15:17:00-05:00,QQQ,598.64,598.93,598.49,598.7,314758.0,598.6268,2821
2026-02-05 15:18:00-05:00,QQQ,598.69,599.0,598.64,598.9499,248492.0,601.6431,2560
2026-02-05 15:19:00-05:00,QQQ,598.95,598.95,598.31,598.39,179825.0,598.6406,2781
2026-02-05 15:20:00-05:00,QQQ,598.36,598.47,598.06,598.0801,103218.0,598.2833,1838
2026-02-05 15:21:00-05:00,QQQ,598.09,598.1,597.69,597.76,162922.0,597.8785,2779
2026-02-05 15:22:00-05:00,QQQ,597.76,598.16,597.3435,597.4396,231830.0,597.6881,3684
2026-02-05 15:23:00-05:00,QQQ,597.42,597.64,597.16,597.36,134664.0,597.4086,2150
2026-02-05 15:24:00-05:00,QQQ,597.37,597.73,597.26,597.4,176995.0,597.5465,2701
2026-02-05 15:25:00-05:00,QQQ,597.39,597.5,596.98,597.063,124102.0,597.1836,2920
2026-02-05 15:26:00-05:00,QQQ,597.07,597.24,596.99,597.19,127105.0,597.1332,2167
2026-02-05 15:27:00-05:00,QQQ,597.19,597.46,597.04,597.23,209042.0,601.3607,1826
2026-02-05 15:28:00-05:00,QQQ,597.21,597.43,597.06,597.16,154981.0,597.2661,2162
2026-02-05 15:29:00-05:00,QQQ,597.14,597.25,596.84,597.0,166510.0,597.0413,2698
2026-02-05 15:30:00-05:00,QQQ,596.98,597.46,596.8,597.31,206448.0,597.1111,2876
2026-02-05 15:31:00-05:00,QQQ,597.299,597.3,596.67,596.81,295731.0,597.0553,3175
2026-02-05 15:32:00-05:00,QQQ,596.78,596.84,596.58,596.77,278894.0,596.6837,3636
2026-02-05 15:33:00-05:00,QQQ,596.77,597.135,596.7,597.12,165268.0,596.9875,2553
2026-02-05 15:34:00-05:00,QQQ,597.14,597.39,596.71,596.77,177481.0,597.0235,2323
2026-02-05 15:35:00-05:00,QQQ,596.78,596.89,596.48,596.76,250214.0,596.6676,3246
2026-02-05 15:36:00-05:00,QQQ,596.72,596.97,596.57,596.83,209265.0,596.7737,2886
2026-02-05 15:37:00-05:00,QQQ,596.84,597.235,596.81,596.975,204966.0,597.0488,2696
2026-02-05 15:38:00-05:00,QQQ,596.962,596.99,596.77,596.83,167142.0,596.9374,2188
2026-02-05 15:39:00-05:00,QQQ,596.82,597.22,596.815,597.1,148169.0,597.0578,2682
2026-02-05 15:40:00-05:00,QQQ,597.12,597.89,597.01,597.53,304310.0,597.5584,4175
2026-02-05 15:41:00-05:00,QQQ,597.54,597.65,597.24,597.24,135051.0,597.4314,2117
2026-02-05 15:42:00-05:00,QQQ,597.26,597.5,597.11,597.21,139455.0,597.3287,2307
2026-02-05 15:43:00-05:00,QQQ,597.23,597.26,596.43,596.455,209538.0,596.9274,2885
2026-02-05 15:44:00-05:00,QQQ,596.44,596.51,596.18,596.44,179379.0,596.3487,2900
2026-02-05 15:45:00-05:00,QQQ,596.44,596.59,596.095,596.36,209843.0,596.4416,2967
2026-02-05 15:46:00-05:00,QQQ,596.35,596.512,596.15,596.18,123606.0,596.33,2062
2026-02-05 15:47:00-05:00,QQQ,596.19,596.22,595.98,596.09,193901.0,596.0735,3605
2026-02-05 15:48:00-05:00,QQQ,596.11,596.28,595.99,596.1,123209.0,596.1351,2506
2026-02-05 15:49:00-05:00,QQQ,596.11,596.45,595.99,596.35,157542.0,596.2559,3158
2026-02-05 15:50:00-05:00,QQQ,596.36,596.86,596.04,596.07,539500.0,599.8996,6109
2026-02-05 15:51:00-05:00,QQQ,596.07,596.08,595.56,595.87,227310.0,595.7744,3767
2026-02-05 15:52:00-05:00,QQQ,595.86,595.86,595.29,595.6,301968.0,595.5497,4991
2026-02-05 15:53:00-05:00,QQQ,595.58,596.04,595.43,596.01,272937.0,595.7433,4684
2026-02-05 15:54:00-05:00,QQQ,596.0,596.64,595.85,596.6,395591.0,596.1506,5872
2026-02-05 15:55:00-05:00,QQQ,596.58,596.985,596.4,596.96,348538.0,599.3526,4234
2026-02-05 15:56:00-05:00,QQQ,596.97,597.28,596.8587,597.2,343538.0,599.6017,4316
2026-02-05 15:57:00-05:00,QQQ,597.21,597.63,597.1,597.495,294063.0,597.3846,5440
2026-02-05 15:58:00-05:00,QQQ,597.49,597.57,597.16,597.2808,371956.0,597.3068,5758
2026-02-05 15:59:00-05:00,QQQ,597.28,597.505,596.98,597.04,817959.0,597.2449,9526
2026-02-05 16:00:00-05:00,QQQ,597.03,598.01,596.52,597.66,101056.0,597.4001,1146
2026-02-05 16:01:00-05:00,QQQ,597.72,598.62,596.7,597.2503,92767.0,597.3335,1419
2026-02-05 16:02:00-05:00,QQQ,597.64,597.7,596.04,596.07,72528.0,596.9764,745
2026-02-05 16:03:00-05:00,QQQ,595.99,598.98,595.79,595.9,193595.0,596.393,2121
2026-02-05 16:04:00-05:00,QQQ,595.84,596.33,595.26,595.4,37741.0,595.872,852
2026-02-05 16:05:00-05:00,QQQ,595.43,595.6,594.95,594.96,109793.0,595.2057,2029
2026-02-05 16:06:00-05:00,QQQ,595.12,595.83,595.06,595.75,48865.0,595.3314,1004
2026-02-05 16:07:00-05:00,QQQ,595.72,597.2023,595.22,595.31,156024.0,596.817,752
2026-02-05 16:08:00-05:00,QQQ,595.29,595.64,595.16,595.5917,88216.0,595.3324,1072
2026-02-05 16:09:00-05:00,QQQ,595.6,596.06,595.57,595.95,19884.0,596.0065,332
2026-02-05 16:10:00-05:00,QQQ,595.94,596.57,595.94,596.47,60292.0,596.2241,735
2026-02-05 16:11:00-05:00,QQQ,596.51,596.7,596.44,596.61,1347875.0,597.1961,526
2026-02-05 16:12:00-05:00,QQQ,596.65,597.0,596.59,596.59,157988.0,596.796,804
2026-02-05 16:13:00-05:00,QQQ,596.6,596.7383,596.54,596.66,7459.0,596.6307,221
2026-02-05 16:14:00-05:00,QQQ,596.68,596.68,595.99,596.24,37941.0,596.2713,818
2026-02-05 16:15:00-05:00,QQQ,596.26,596.39,595.73,595.99,16108.0,596.1586,268
2026-02-05 16:16:00-05:00,QQQ,595.96,596.43,595.86,595.9,32727.0,596.0462,404
2026-02-05 16:17:00-05:00,QQQ,595.87,595.99,595.54,595.61,9409.0,595.798,247
2026-02-05 16:18:00-05:00,QQQ,595.63,595.89,595.44,595.57,23144.0,595.62,440
2026-02-05 16:19:00-05:00,QQQ,595.54,595.54,594.48,594.69,47531.0,594.7879,1160
2026-02-05 16:20:00-05:00,QQQ,594.63,594.74,594.15,594.7,49871.0,594.5511,1098
2026-02-05 16:21:00-05:00,QQQ,594.72,594.8299,594.61,594.81,15751.0,594.7319,264
2026-02-05 16:22:00-05:00,QQQ,594.7,594.9,594.62,594.76,14032.0,594.7885,253
2026-02-05 16:23:00-05:00,QQQ,594.85,594.91,594.6,594.62,26075.0,594.7195,159
2026-02-05 16:24:00-05:00,QQQ,594.7,594.92,594.6601,594.661,10651.0,594.7933,215
2026-02-05 16:25:00-05:00,QQQ,594.66,595.22,594.64,595.0,32271.0,594.8758,353
2026-02-05 16:26:00-05:00,QQQ,594.99,595.2,594.78,594.78,11258.0,595.0565,231
2026-02-05 16:27:00-05:00,QQQ,594.85,594.96,594.81,594.92,3006.0,594.8947,155
2026-02-05 16:28:00-05:00,QQQ,594.9025,595.15,594.8,594.8,10135.0,595.0256,238
2026-02-05 16:29:00-05:00,QQQ,594.81,594.83,594.6,594.78,10912.0,594.758,282
2026-02-05 16:30:00-05:00,QQQ,594.71,594.77,594.51,594.53,5593.0,594.6156,195
2026-02-05 16:31:00-05:00,QQQ,594.58,594.61,594.301,594.35,22105.0,594.428,422
2026-02-05 16:32:00-05:00,QQQ,594.42,594.64,594.37,594.5204,24086.0,594.4514,452
2026-02-05 16:33:00-05:00,QQQ,594.45,594.5,593.73,593.79,18732.0,594.042,1053
2026-02-05 16:34:00-05:00,QQQ,593.79,593.85,593.18,593.2044,29373.0,593.4106,688
2026-02-05 16:35:00-05:00,QQQ,593.28,593.6,593.17,593.53,89510.0,593.4495,748
2026-02-05 16:36:00-05:00,QQQ,593.56,593.68,592.94,592.99,139681.0,602.3271,837
2026-02-05 16:37:00-05:00,QQQ,592.97,593.04,592.73,593.01,90823.0,592.9921,797
2026-02-05 16:38:00-05:00,QQQ,593.0,593.22,592.91,592.98,64054.0,593.063,584
2026-02-05 16:39:00-05:00,QQQ,592.95,593.04,592.5,592.58,29049.0,592.7428,426
2026-02-05 16:40:00-05:00,QQQ,592.59,592.69,592.4,592.58,44643.0,592.5221,743
2026-02-05 16:41:00-05:00,QQQ,592.59,592.65,592.1,592.2951,50378.0,592.3491,561
2026-02-05 16:42:00-05:00,QQQ,592.31,592.94,592.31,592.81,134279.0,602.5823,566
2026-02-05 16:43:00-05:00,QQQ,592.78,593.03,592.78,592.88,27649.0,592.9364,380
2026-02-05 16:44:00-05:00,QQQ,592.92,592.92,592.71,592.76,124524.0,603.3808,325
2026-02-05 16:45:00-05:00,QQQ,592.83,593.3195,592.72,593.079,25312.0,592.847,453
2026-02-05 16:46:00-05:00,QQQ,593.1007,593.1007,592.76,593.0,9179.0,592.6362,289
2026-02-05 16:47:00-05:00,QQQ,592.99,593.19,592.99,593.12,20081.0,593.0762,263
2026-02-05 16:48:00-05:00,QQQ,593.1,593.16,592.64,592.65,66428.0,592.885,544
2026-02-05 16:49:00-05:00,QQQ,592.65,592.66,592.09,592.09,26133.0,592.4493,310
2026-02-05 16:50:00-05:00,QQQ,592.1,592.45,592.1,592.45,12366.0,592.2981,182
2026-02-05 16:51:00-05:00,QQQ,592.4179,592.66,592.33,592.33,14108.0,592.5449,290
2026-02-05 16:52:00-05:00,QQQ,592.48,592.48,592.0,592.37,34070.0,592.2583,479
2026-02-05 16:53:00-05:00,QQQ,592.38,592.65,592.29,592.37,77659.0,592.4501,826
2026-02-05 16:54:00-05:00,QQQ,592.23,592.29,592.04,592.18,23725.0,592.1638,388
2026-02-05 16:55:00-05:00,QQQ,592.34,592.42,592.1,592.23,51038.0,592.3166,636
2026-02-05 16:56:00-05:00,QQQ,592.15,592.25,591.43,591.43,38961.0,591.8278,1065
2026-02-05 16:57:00-05:00,QQQ,591.48,592.2187,591.47,592.12,21899.0,591.807,248
2026-02-05 16:58:00-05:00,QQQ,592.1,592.11,591.82,591.82,34490.0,592.0071,471
2026-02-05 16:59:00-05:00,QQQ,591.97,592.09,591.83,591.88,7698.0,591.9899,163
2026-02-05 17:00:00-05:00,QQQ,591.85,591.95,591.8,591.9,2537.0,591.8568,108
2026-02-05 17:01:00-05:00,QQQ,591.96,591.96,591.56,591.68,10751.0,591.7499,272
2026-02-05 17:02:00-05:00,QQQ,591.66,591.7668,591.47,591.58,9345.0,591.6269,201
2026-02-05 17:03:00-05:00,QQQ,591.58,591.6,591.25,591.25,11942.0,591.3936,407
2026-02-05 17:04:00-05:00,QQQ,591.23,591.33,591.17,591.17,7344.0,591.2053,225
2026-02-05 17:05:00-05:00,QQQ,591.1973,591.35,590.9,591.0,41923.0,591.1769,1652
2026-02-05 17:06:00-05:00,QQQ,591.0,591.0989,590.8,590.8,13544.0,590.8691,195
2026-02-05 17:07:00-05:00,QQQ,590.82,590.85,590.7,590.81,18356.0,590.7935,275
2026-02-05 17:08:00-05:00,QQQ,590.77,590.82,590.64,590.74,14432.0,590.7525,242
2026-02-05 17:09:00-05:00,QQQ,590.75,591.39,590.7,591.22,36819.0,591.0296,502
2026-02-05 17:10:00-05:00,QQQ,591.2,591.49,591.17,591.46,19241.0,591.3376,400
2026-02-05 17:11:00-05:00,QQQ,591.33,591.45,591.02,591.3,7644.0,590.5986,147
2026-02-05 17:12:00-05:00,QQQ,591.21,591.29,590.87,590.87,13890.0,591.1373,228
2026-02-05 17:13:00-05:00,QQQ,590.86,590.91,590.6,590.6,7309.0,590.7698,243
2026-02-05 17:14:00-05:00,QQQ,590.66,590.71,590.56,590.6493,7007.0,590.663,169
2026-02-05 17:15:00-05:00,QQQ,590.6,590.693,590.5,590.54,4502.0,590.434,210
2026-02-05 17:16:00-05:00,QQQ,590.54,590.66,590.54,590.5999,23479.0,590.6413,159
2026-02-05 17:17:00-05:00,QQQ,590.55,590.66,590.5002,590.52,31906.0,590.5766,293
2026-02-05 17:18:00-05:00,QQQ,590.55,590.92,590.45,590.66,49866.0,590.6249,516
2026-02-05 17:19:00-05:00,QQQ,590.89,590.91,590.75,590.77,46736.0,590.86,200
2026-02-05 17:20:00-05:00,QQQ,590.75,590.94,590.65,590.9,83927.0,590.6988,247
2026-02-05 17:21:00-05:00,QQQ,590.9,590.99,590.895,590.99,16350.0,590.9128,142
2026-02-05 17:22:00-05:00,QQQ,590.94,590.98,590.88,590.9492,10788.0,590.9061,95
2026-02-05 17:23:00-05:00,QQQ,590.9,590.99,590.87,590.99,4854.0,590.9442,115
2026-02-05 17:24:00-05:00,QQQ,590.98,591.0117,590.9,591.0117,6865.0,590.9466,103
2026-02-05 17:25:00-05:00,QQQ,591.02,591.2833,590.97,591.2833,4187.0,591.0335,111
2026-02-05 17:26:00-05:00,QQQ,591.25,591.29,591.0603,591.2,5427.0,591.174,94
2026-02-05 17:27:00-05:00,QQQ,591.1577,591.45,591.1577,591.45,5626.0,591.2985,117
2026-02-05 17:28:00-05:00,QQQ,591.4,591.67,591.34,591.51,3500.0,591.5097,110
2026-02-05 17:29:00-05:00,QQQ,591.6,591.65,591.4,591.4,2302.0,591.5415,112
2026-02-05 17:30:00-05:00,QQQ,591.44,591.65,591.4,591.6,5010.0,591.4903,104
2026-02-05 17:31:00-05:00,QQQ,591.65,591.77,591.0,591.0,37799.0,591.232,344
2026-02-05 17:32:00-05:00,QQQ,591.77,591.77,591.309,591.45,2699.0,591.5802,90
2026-02-05 17:33:00-05:00,QQQ,591.4,591.4,591.13,591.31,35784.0,591.2843,101
2026-02-05 17:34:00-05:00,QQQ,591.31,591.33,590.99,591.0,15887.0,591.1307,225
2026-02-05 17:35:00-05:00,QQQ,590.96,591.0,590.88,590.88,6847.0,590.948,123
2026-02-05 17:36:00-05:00,QQQ,590.88,590.88,590.7723,590.78,6524.0,590.7967,123
2026-02-05 17:37:00-05:00,QQQ,590.79,590.85,590.72,590.72,3761.0,590.7982,102
2026-02-05 17:38:00-05:00,QQQ,590.73,590.85,590.7,590.85,4245.0,590.74,123
2026-02-05 17:39:00-05:00,QQQ,590.75,590.8,590.75,590.8,1521.0,590.781,57
2026-02-05 17:40:00-05:00,QQQ,590.79,590.8,590.55,590.55,5748.0,590.6763,155
2026-02-05 17:41:00-05:00,QQQ,590.6,590.7,590.6,590.6501,2762.0,590.6575,94
2026-02-05 17:42:00-05:00,QQQ,590.6,590.65,590.44,590.45,3617.0,590.5076,142
2026-02-05 17:43:00-05:00,QQQ,590.45,590.52,590.34,590.4,4146.0,590.4204,130
2026-02-05 17:44:00-05:00,QQQ,590.4,590.65,590.3999,590.5,5734.0,590.4762,145
2026-02-05 17:45:00-05:00,QQQ,590.64,590.64,590.29,590.29,7829.0,590.407,141
2026-02-05 17:46:00-05:00,QQQ,590.49,590.63,590.3,590.5013,6070.0,590.458,94
2026-02-05 17:47:00-05:00,QQQ,590.55,590.59,590.45,590.5,43676.0,590.5424,80
2026-02-05 17:48:00-05:00,QQQ,590.31,590.96,590.31,590.94,10809.0,590.6818,138
2026-02-05 17:49:00-05:00,QQQ,590.835,591.07,590.77,591.01,22742.0,590.9732,296
2026-02-05 17:50:00-05:00,QQQ,591.07,591.07,590.93,591.0,5419.0,591.0116,93
2026-02-05 17:51:00-05:00,QQQ,590.97,591.06,590.97,591.0,6856.0,590.9985,113
2026-02-05 17:52:00-05:00,QQQ,591.0,591.0,590.91,590.91,12822.0,590.9867,123
2026-02-05 17:53:00-05:00,QQQ,590.941,591.07,590.91,590.9101,1631.0,590.9518,160
2026-02-05 17:54:00-05:00,QQQ,590.95,591.0845,590.91,591.0845,3749.0,590.9985,59
2026-02-05 17:55:00-05:00,QQQ,591.03,591.06,590.91,591.0045,5613.0,590.9982,118
2026-02-05 17:56:00-05:00,QQQ,591.0,591.1,590.9962,591.0,3259.0,591.0157,88
2026-02-05 17:57:00-05:00,QQQ,591.0,591.019,590.9,590.91,7241.0,590.9453,172
2026-02-05 17:58:00-05:00,QQQ,590.91,591.06,590.81,591.06,4687.0,590.9224,113
2026-02-05 17:59:00-05:00,QQQ,591.0,591.1,590.57,591.1,13807.0,590.9174,237
2026-02-05 18:00:00-05:00,QQQ,591.2,592.33,591.1,592.23,55375.0,591.9231,453
2026-02-05 18:01:00-05:00,QQQ,592.26,592.34,591.12,591.5,10762.0,591.645,173
2026-02-05 18:02:00-05:00,QQQ,591.47,591.79,591.3543,591.7,7145.0,591.6047,85
2026-02-05 18:03:00-05:00,QQQ,591.72,592.4,591.72,592.2,11212.0,592.0228,112
2026-02-05 18:04:00-05:00,QQQ,592.2188,592.4392,592.02,592.31,34184.0,592.1993,142
2026-02-05 18:05:00-05:00,QQQ,592.44,592.61,592.2731,592.39,9755.0,592.401,114
2026-02-05 18:06:00-05:00,QQQ,592.54,592.91,592.4805,592.66,19580.0,592.6956,147
2026-02-05 18:07:00-05:00,QQQ,592.77,592.88,592.65,592.75,4378.0,592.7647,75
2026-02-05 18:08:00-05:00,QQQ,592.86,592.86,592.2,592.46,4568.0,592.4917,75
2026-02-05 18:09:00-05:00,QQQ,592.501,592.59,592.32,592.59,3777.0,592.4685,67
2026-02-05 18:10:00-05:00,QQQ,592.3531,592.49,592.34,592.46,3373.0,592.4598,44
2026-02-05 18:11:00-05:00,QQQ,592.21,592.26,591.77,591.98,15611.0,592.0569,120
2026-02-05 18:12:00-05:00,QQQ,592.07,592.2508,592.07,592.21,815.0,592.1713,65
2026-02-05 18:13:00-05:00,QQQ,592.05,592.3,592.05,592.27,4105.0,592.206,48
2026-02-05 18:14:00-05:00,QQQ,592.11,592.16,591.89,592.16,3373.0,592.0272,66
2026-02-05 18:15:00-05:00,QQQ,592.17,592.25,592.07,592.08,3287.0,592.2052,41
2026-02-05 18:16:00-05:00,QQQ,592.25,592.25,592.0,592.07,1983.0,592.1015,60
2026-02-05 18:17:00-05:00,QQQ,592.07,592.07,591.7402,591.7402,3615.0,591.9579,92
2026-02-05 18:18:00-05:00,QQQ,591.69,591.69,591.53,591.61,2395.0,591.624,45
2026-02-05 18:19:00-05:00,QQQ,591.69,591.72,591.47,591.47,3680.0,591.6276,80
2026-02-05 18:20:00-05:00,QQQ,591.45,591.45,590.8,591.02,20056.0,590.9608,236
2026-02-05 18:21:00-05:00,QQQ,591.02,591.08,590.61,590.61,16384.0,590.8007,129
2026-02-05 18:22:00-05:00,QQQ,590.67,590.79,590.38,590.38,9060.0,590.5744,158
2026-02-05 18:23:00-05:00,QQQ,590.42,590.42,590.26,590.261,8335.0,590.3257,137
2026-02-05 18:24:00-05:00,QQQ,590.28,590.81,590.28,590.53,4836.0,590.4834,78
2026-02-05 18:25:00-05:00,QQQ,590.63,591.0,590.6204,591.0,3532.0,590.7665,48
2026-02-05 18:26:00-05:00,QQQ,590.9928,591.12,590.82,590.9284,7337.0,591.0584,78
2026-02-05 18:27:00-05:00,QQQ,590.85,591.06,590.83,591.06,1585.0,590.9488,48
2026-02-05 18:28:00-05:00,QQQ,591.14,591.38,591.14,591.38,13608.0,591.2618,57
2026-02-05 18:29:00-05:00,QQQ,591.34,591.85,591.34,591.85,13782.0,591.6892,112
2026-02-05 18:30:00-05:00,QQQ,591.88,591.92,591.59,591.74,4342.0,591.7764,87
2026-02-05 18:31:00-05:00,QQQ,591.8188,591.8188,591.45,591.6108,7474.0,591.6457,76
2026-02-05 18:32:00-05:00,QQQ,591.55,591.55,591.33,591.33,565.0,591.4679,55
2026-02-05 18:33:00-05:00,QQQ,591.27,591.3,591.19,591.29,5607.0,591.2605,71
2026-02-05 18:34:00-05:00,QQQ,591.29,591.29,590.8,590.9408,3060.0,590.9726,100
2026-02-05 18:35:00-05:00,QQQ,590.95,591.0,590.6,590.6,2394.0,590.8453,115
2026-02-05 18:36:00-05:00,QQQ,590.43,590.5,590.12,590.31,17489.0,590.3454,247
2026-02-05 18:37:00-05:00,QQQ,590.42,590.42,590.06,590.1,19390.0,590.1682,226
2026-02-05 18:38:00-05:00,QQQ,590.12,590.27,590.03,590.12,5549.0,590.1248,90
2026-02-05 18:39:00-05:00,QQQ,590.1,590.5006,590.03,590.425,15194.0,590.1713,76
2026-02-05 18:40:00-05:00,QQQ,590.12,590.58,590.05,590.5011,3228.0,590.2632,73
2026-02-05 18:41:00-05:00,QQQ,590.42,590.43,590.19,590.19,1528.0,590.303,65
2026-02-05 18:42:00-05:00,QQQ,590.21,590.38,589.99,590.01,16861.0,590.0672,1531
2026-02-05 18:43:00-05:00,QQQ,590.19,590.28,589.9367,589.96,7545.0,590.2005,170
2026-02-05 18:44:00-05:00,QQQ,590.19,590.33,589.93,590.07,5481.0,590.19,107
2026-02-05 18:45:00-05:00,QQQ,590.01,590.11,589.64,589.69,7117.0,589.8421,176
2026-02-05 18:46:00-05:00,QQQ,589.63,589.77,589.49,589.6,17717.0,589.5331,217
2026-02-05 18:47:00-05:00,QQQ,589.57,589.83,589.56,589.58,4233.0,589.6527,101
2026-02-05 18:48:00-05:00,QQQ,589.77,589.92,589.71,589.92,5598.0,589.8631,75
2026-02-05 18:49:00-05:00,QQQ,590.0,590.17,589.92,590.13,4989.0,590.0737,69
2026-02-05 18:50:00-05:00,QQQ,589.8,590.16,589.64,590.16,2805.0,590.0295,63
2026-02-05 18:51:00-05:00,QQQ,590.0,590.18,589.99,590.1,5958.0,590.0937,65
2026-02-05 18:52:00-05:00,QQQ,589.96,590.06,589.17,589.2008,30155.0,589.3742,345
2026-02-05 18:53:00-05:00,QQQ,589.2,589.48,589.08,589.08,8200.0,589.3209,110
2026-02-05 18:54:00-05:00,QQQ,589.09,589.209,588.88,588.88,17476.0,588.965,353
2026-02-05 18:55:00-05:00,QQQ,588.88,589.62,588.75,589.48,19108.0,589.0044,195
2026-02-05 18:56:00-05:00,QQQ,589.34,589.6,589.27,589.56,4482.0,589.5085,69
2026-02-05 18:57:00-05:00,QQQ,589.58,589.79,589.4261,589.72,12777.0,589.7648,120
2026-02-05 18:58:00-05:00,QQQ,589.68,589.68,589.51,589.68,5180.0,589.6146,77
2026-02-05 18:59:00-05:00,QQQ,589.6799,589.81,589.65,589.7,4827.0,589.7268,66
2026-02-05 19:00:00-05:00,QQQ,589.56,589.699,589.39,589.39,2274.0,589.4915,105
2026-02-05 19:01:00-05:00,QQQ,589.31,589.31,588.7,589.09,8011.0,588.9487,173
2026-02-05 19:02:00-05:00,QQQ,589.1,589.1,588.78,588.82,1755.0,588.9094,68
2026-02-05 19:03:00-05:00,QQQ,588.75,588.81,588.5162,588.63,6641.0,588.7407,136
2026-02-05 19:04:00-05:00,QQQ,588.6,588.6391,588.36,588.38,14862.0,588.4095,129
2026-02-05 19:05:00-05:00,QQQ,588.36,588.57,588.04,588.08,4124.0,588.3524,163
2026-02-05 19:06:00-05:00,QQQ,588.0102,588.34,587.89,588.3,7406.0,588.0567,444
2026-02-05 19:07:00-05:00,QQQ,588.44,588.7887,588.2,588.7887,19231.0,588.3318,133
2026-02-05 19:08:00-05:00,QQQ,588.62,588.62,588.32,588.4895,2423.0,588.4629,71
2026-02-05 19:09:00-05:00,QQQ,588.4,588.4,587.97,588.23,22930.0,588.0705,173
2026-02-05 19:10:00-05:00,QQQ,588.29,588.7,588.29,588.7,2389.0,588.3994,71
2026-02-05 19:11:00-05:00,QQQ,588.7082,588.7082,588.42,588.53,6135.0,588.5269,75
2026-02-05 19:12:00-05:00,QQQ,588.51,588.54,588.31,588.31,5673.0,588.4795,90
2026-02-05 19:13:00-05:00,QQQ,588.35,588.35,588.1,588.18,1379.0,588.2103,81
2026-02-05 19:14:00-05:00,QQQ,588.21,588.21,587.88,588.01,6586.0,588.0233,174
2026-02-05 19:15:00-05:00,QQQ,587.94,588.04,587.56,587.7985,5268.0,587.7154,174
2026-02-05 19:16:00-05:00,QQQ,587.76,587.78,587.44,587.67,12887.0,587.5364,177
2026-02-05 19:17:00-05:00,QQQ,587.61,588.51,587.61,588.51,18472.0,588.1351,143
2026-02-05 19:18:00-05:00,QQQ,588.4699,589.06,588.43,589.06,39603.0,588.8454,247
2026-02-05 19:19:00-05:00,QQQ,589.07,589.1,588.8,588.8,6174.0,588.9613,112
2026-02-05 19:20:00-05:00,QQQ,588.91,589.35,588.87,589.0,27991.0,589.1742,160
2026-02-05 19:21:00-05:00,QQQ,588.88,589.58,588.78,589.29,16313.0,589.3444,145
2026-02-05 19:22:00-05:00,QQQ,589.24,589.55,589.24,589.55,5061.0,589.4614,90
2026-02-05 19:23:00-05:00,QQQ,589.55,589.66,589.32,589.56,15477.0,589.5757,146
2026-02-05 19:24:00-05:00,QQQ,589.62,590.09,589.62,590.03,17440.0,589.9565,187
2026-02-05 19:25:00-05:00,QQQ,590.0,590.25,589.92,590.18,24969.0,590.1115,149
2026-02-05 19:26:00-05:00,QQQ,590.2,590.33,590.16,590.1997,10898.0,590.2231,106
2026-02-05 19:27:00-05:00,QQQ,590.2,590.6,590.18,590.22,11270.0,590.3633,126
2026-02-05 19:28:00-05:00,QQQ,590.16,590.28,590.04,590.14,6765.0,590.134,119
2026-02-05 19:29:00-05:00,QQQ,590.07,590.53,590.07,590.51,6206.0,590.2911,79
2026-02-05 19:30:00-05:00,QQQ,590.55,590.89,590.55,590.89,14307.0,590.7319,154
2026-02-05 19:31:00-05:00,QQQ,590.76,590.76,590.4,590.4,4041.0,590.6882,78
2026-02-05 19:32:00-05:00,QQQ,590.38,590.38,589.93,589.93,11568.0,590.1427,155
2026-02-05 19:33:00-05:00,QQQ,590.1,590.63,589.99,590.54,9969.0,590.4239,73
2026-02-05 19:34:00-05:00,QQQ,590.63,590.79,590.6005,590.75,13171.0,590.6832,97
2026-02-05 19:35:00-05:00,QQQ,590.73,591.03,590.73,591.0,10589.0,590.9316,115
2026-02-05 19:36:00-05:00,QQQ,591.0,591.15,590.86,591.0,4293.0,591.0341,89
2026-02-05 19:37:00-05:00,QQQ,591.0,591.22,591.0,591.1,5716.0,591.1763,84
2026-02-05 19:38:00-05:00,QQQ,591.2,591.25,590.83,590.85,2821.0,591.0488,85
2026-02-05 19:39:00-05:00,QQQ,591.021,591.09,590.61,590.7693,6197.0,590.7162,79
2026-02-05 19:40:00-05:00,QQQ,590.77,591.09,590.34,590.4,10322.0,590.649,129
2026-02-05 19:41:00-05:00,QQQ,590.41,590.56,590.16,590.27,10683.0,590.3777,103
2026-02-05 19:42:00-05:00,QQQ,590.4255,590.71,590.23,590.51,11989.0,590.6076,92
2026-02-05 19:43:00-05:00,QQQ,590.51,590.58,590.35,590.39,11254.0,590.4593,93
2026-02-05 19:44:00-05:00,QQQ,590.3,590.6,590.15,590.571,2480.0,590.3292,56
2026-02-05 19:45:00-05:00,QQQ,590.53,590.77,590.5,590.51,9873.0,590.6258,85
2026-02-05 19:46:00-05:00,QQQ,590.71,590.9,590.71,590.83,9150.0,590.8192,63
2026-02-05 19:47:00-05:00,QQQ,590.58,590.58,590.16,590.16,6809.0,590.4447,83
2026-02-05 19:48:00-05:00,QQQ,590.24,590.32,590.14,590.14,9084.0,590.2184,84
2026-02-05 19:49:00-05:00,QQQ,590.22,590.22,590.06,590.08,3252.0,590.1271,69
2026-02-05 19:50:00-05:00,QQQ,590.27,590.48,590.27,590.31,1360.0,590.4066,43
2026-02-05 19:51:00-05:00,QQQ,590.5,590.5,590.15,590.21,2891.0,590.3523,66
2026-02-05 19:52:00-05:00,QQQ,590.34,590.34,590.07,590.15,8784.0,590.1466,93
2026-02-05 19:53:00-05:00,QQQ,590.01,590.54,589.9,590.52,9236.0,590.3297,179
2026-02-05 19:54:00-05:00,QQQ,590.551,590.62,590.4062,590.4062,3118.0,590.5528,49
2026-02-05 19:55:00-05:00,QQQ,590.49,590.6708,590.43,590.6708,2517.0,590.5445,47
2026-02-05 19:56:00-05:00,QQQ,590.67,590.73,590.51,590.6,9718.0,590.6576,77
2026-02-05 19:57:00-05:00,QQQ,590.68,590.68,590.43,590.57,3908.0,590.5625,60
2026-02-05 19:58:00-05:00,QQQ,590.57,591.13,590.57,591.13,13590.0,590.8577,89
2026-02-05 19:59:00-05:00,QQQ,591.12,591.4,591.12,591.26,8175.0,591.2857,113
2026-02-06 04:00:00-05:00,QQQ,596.0,596.5,594.6,596.02,13667.0,595.905,290
2026-02-06 04:01:00-05:00,QQQ,595.74,596.02,595.61,595.92,5397.0,595.8023,100
2026-02-06 04:02:00-05:00,QQQ,595.95,595.95,595.77,595.85,4036.0,595.8661,86
2026-02-06 04:03:00-05:00,QQQ,595.6,595.72,595.59,595.72,1517.0,595.6349,67
2026-02-06 04:04:00-05:00,QQQ,595.66,595.72,595.58,595.7,6365.0,595.6476,99
2026-02-06 04:05:00-05:00,QQQ,595.67,595.69,595.43,595.67,6410.0,595.5554,104
2026-02-06 04:06:00-05:00,QQQ,595.74,596.11,595.74,596.06,4908.0,596.0118,66
2026-02-06 04:07:00-05:00,QQQ,596.11,596.22,596.06,596.22,5529.0,596.1257,118
2026-02-06 04:08:00-05:00,QQQ,596.36,596.62,596.36,596.54,12859.0,596.466,143
2026-02-06 04:09:00-05:00,QQQ,596.61,596.97,596.6,596.88,19971.0,596.8288,215
2026-02-06 04:10:00-05:00,QQQ,596.9,597.12,596.75,597.12,16128.0,596.809,166
2026-02-06 04:11:00-05:00,QQQ,597.15,597.24,597.07,597.12,9028.0,597.163,107
2026-02-06 04:12:00-05:00,QQQ,597.3,597.4,597.2,597.4,3722.0,597.3075,68
2026-02-06 04:13:00-05:00,QQQ,597.37,597.57,597.29,597.49,12047.0,597.4496,168
2026-02-06 04:14:00-05:00,QQQ,597.5,597.75,597.45,597.75,7900.0,597.518,117
2026-02-06 04:15:00-05:00,QQQ,597.56,598.01,597.51,598.01,5356.0,597.7983,100
2026-02-06 04:16:00-05:00,QQQ,597.96,598.02,597.87,598.0,7652.0,597.9241,105
2026-02-06 04:17:00-05:00,QQQ,597.92,598.05,597.91,598.0,2929.0,597.9978,59
2026-02-06 04:18:00-05:00,QQQ,598.1,598.13,597.35,597.35,6058.0,597.8579,114
2026-02-06 04:19:00-05:00,QQQ,597.37,597.95,597.2,597.77,11225.0,597.6425,173
2026-02-06 04:20:00-05:00,QQQ,597.7,598.42,597.62,598.34,28172.0,598.0411,194
2026-02-06 04:21:00-05:00,QQQ,598.44,598.5,597.77,597.97,7200.0,598.0433,92
2026-02-06 04:22:00-05:00,QQQ,597.9,598.16,597.88,598.1,3370.0,598.0029,64
2026-02-06 04:23:00-05:00,QQQ,597.95,598.28,597.92,598.28,3126.0,598.094,40
2026-02-06 04:24:00-05:00,QQQ,598.26,598.85,598.25,598.76,9229.0,598.5702,131
2026-02-06 04:25:00-05:00,QQQ,598.76,598.82,598.61,598.75,3603.0,598.7108,66
2026-02-06 04:26:00-05:00,QQQ,598.89,599.15,598.83,599.13,4444.0,598.9853,104
2026-02-06 04:27:00-05:00,QQQ,599.0,599.09,598.78,599.09,6036.0,598.932,113
2026-02-06 04:28:00-05:00,QQQ,599.1,599.35,599.1,599.35,7070.0,599.2332,101
2026-02-06 04:29:00-05:00,QQQ,599.37,599.46,599.25,599.38,3794.0,599.3608,80
2026-02-06 04:30:00-05:00,QQQ,599.37,599.69,599.31,599.66,9305.0,599.4121,134
2026-02-06 04:31:00-05:00,QQQ,599.74,599.95,599.66,599.72,8053.0,599.7692,151
2026-02-06 04:32:00-05:00,QQQ,599.83,600.0,599.78,599.98,5725.0,599.8878,147
2026-02-06 04:33:00-05:00,QQQ,599.92,600.35,599.83,600.27,7577.0,600.0613,129
2026-02-06 04:34:00-05:00,QQQ,600.3,600.69,600.14,600.67,9689.0,600.4501,172
2026-02-06 04:35:00-05:00,QQQ,600.5,600.65,600.22,600.61,7148.0,600.406,120
2026-02-06 04:36:00-05:00,QQQ,600.64,600.68,600.27,600.3,7294.0,600.5262,87
2026-02-06 04:37:00-05:00,QQQ,600.34,600.44,600.13,600.38,5063.0,600.2802,90
2026-02-06 04:38:00-05:00,QQQ,600.3,600.76,600.28,600.74,7858.0,600.5059,110
2026-02-06 04:39:00-05:00,QQQ,600.69,600.82,600.59,600.59,6354.0,600.7022,90
2026-02-06 04:40:00-05:00,QQQ,600.74,600.79,600.55,600.75,4749.0,600.693,71
2026-02-06 04:41:00-05:00,QQQ,600.7,600.7,600.39,600.46,7915.0,600.5532,109
2026-02-06 04:42:00-05:00,QQQ,600.4,600.56,600.07,600.08,11282.0,600.2675,141
2026-02-06 04:43:00-05:00,QQQ,600.11,600.51,600.07,600.47,4808.0,600.2892,93
2026-02-06 04:44:00-05:00,QQQ,600.43,600.59,600.35,600.59,5564.0,600.4455,89
2026-02-06 04:45:00-05:00,QQQ,600.66,600.66,600.08,600.2,6301.0,600.3125,92
2026-02-06 04:46:00-05:00,QQQ,600.22,600.34,599.93,599.99,6597.0,600.1463,127
2026-02-06 04:47:00-05:00,QQQ,600.01,600.01,599.71,599.88,11864.0,599.8351,212
2026-02-06 04:48:00-05:00,QQQ,599.94,600.4,599.93,600.17,6326.0,600.1898,89
2026-02-06 04:49:00-05:00,QQQ,600.21,600.37,599.91,599.91,3502.0,600.1975,66
2026-02-06 04:50:00-05:00,QQQ,600.07,600.17,600.07,600.14,980.0,600.1418,23
2026-02-06 04:51:00-05:00,QQQ,600.09,600.16,600.02,600.16,13890.0,600.1186,86
2026-02-06 04:52:00-05:00,QQQ,600.19,600.21,600.06,600.17,3225.0,600.1764,53
2026-02-06 04:53:00-05:00,QQQ,600.22,600.42,600.22,600.42,786.0,600.3339,22
2026-02-06 04:54:00-05:00,QQQ,600.5,600.5,600.29,600.44,6708.0,600.3967,131
2026-02-06 04:55:00-05:00,QQQ,600.38,600.39,600.19,600.31,2401.0,600.3132,39
2026-02-06 04:56:00-05:00,QQQ,600.29,600.3,599.9,600.18,7454.0,600.1259,122
2026-02-06 04:57:00-05:00,QQQ,600.18,600.29,600.0,600.0,6679.0,600.1663,89
2026-02-06 04:58:00-05:00,QQQ,599.88,600.05,599.84,600.05,4235.0,599.9211,54
2026-02-06 04:59:00-05:00,QQQ,600.05,600.15,599.95,600.06,3932.0,600.0309,45
2026-02-06 05:00:00-05:00,QQQ,600.04,600.05,599.8,599.8,1649.0,599.9628,36
2026-02-06 05:01:00-05:00,QQQ,599.72,599.88,599.6,599.7,5234.0,599.7143,89
2026-02-06 05:02:00-05:00,QQQ,599.7,599.74,599.52,599.74,3427.0,599.6644,72
2026-02-06 05:03:00-05:00,QQQ,599.64,599.64,599.49,599.56,3950.0,599.5504,59
2026-02-06 05:04:00-05:00,QQQ,599.61,599.65,599.35,599.37,5557.0,599.4358,76
2026-02-06 05:05:00-05:00,QQQ,599.35,599.35,599.19,599.32,7684.0,599.2768,110
2026-02-06 05:06:00-05:00,QQQ,599.25,599.6,599.18,599.48,10143.0,599.3851,66
2026-02-06 05:07:00-05:00,QQQ,599.52,599.52,599.46,599.49,1076.0,599.4834,16
2026-02-06 05:08:00-05:00,QQQ,599.3,599.47,599.23,599.41,3901.0,599.4018,43
2026-02-06 05:09:00-05:00,QQQ,599.42,599.79,599.42,599.79,5926.0,599.5545,64
2026-02-06 05:10:00-05:00,QQQ,599.77,599.8,599.61,599.72,7752.0,599.7274,86
2026-02-06 05:11:00-05:00,QQQ,599.68,599.75,599.63,599.65,4238.0,599.6965,63
2026-02-06 05:12:00-05:00,QQQ,599.7,599.71,599.55,599.67,3043.0,599.6109,43
2026-02-06 05:13:00-05:00,QQQ,599.64,599.71,599.64,599.67,4804.0,599.6592,105
2026-02-06 05:14:00-05:00,QQQ,599.65,599.7,599.4,599.69,5408.0,599.5386,93
2026-02-06 05:15:00-05:00,QQQ,599.66,599.78,599.65,599.74,4192.0,599.7414,48
2026-02-06 05:16:00-05:00,QQQ,599.78,599.78,599.63,599.75,2073.0,599.6986,34
2026-02-06 05:17:00-05:00,QQQ,599.73,599.73,599.59,599.65,1773.0,599.6487,34
2026-02-06 05:18:00-05:00,QQQ,599.56,599.58,599.42,599.48,2267.0,599.4915,56
2026-02-06 05:19:00-05:00,QQQ,599.53,599.54,599.4,599.52,6764.0,599.4381,59
2026-02-06 05:20:00-05:00,QQQ,599.65,600.07,599.65,600.07,16462.0,599.9178,148
2026-02-06 05:21:00-05:00,QQQ,600.0,600.0,599.85,599.86,2665.0,599.9045,35
2026-02-06 05:22:00-05:00,QQQ,599.94,599.95,599.8,599.93,943.0,599.9055,24
2026-02-06 05:23:00-05:00,QQQ,599.69,599.7,599.5,599.52,3353.0,599.6065,35
2026-02-06 05:24:00-05:00,QQQ,599.64,599.64,599.44,599.49,2103.0,599.4954,28
2026-02-06 05:25:00-05:00,QQQ,599.55,599.6,599.42,599.51,1832.0,599.522,48
2026-02-06 05:26:00-05:00,QQQ,599.42,599.5,599.34,599.34,1123.0,599.4175,33
2026-02-06 05:27:00-05:00,QQQ,599.6,599.72,599.49,599.52,2834.0,599.5887,35
2026-02-06 05:28:00-05:00,QQQ,599.51,599.52,599.34,599.38,2795.0,599.4394,45
2026-02-06 05:29:00-05:00,QQQ,599.42,599.5,599.25,599.25,788.0,599.345,33
2026-02-06 05:30:00-05:00,QQQ,599.3,599.33,599.18,599.18,1890.0,599.2598,33
2026-02-06 05:31:00-05:00,QQQ,599.22,599.31,599.18,599.18,492.0,599.2362,25
2026-02-06 05:32:00-05:00,QQQ,599.16,599.37,599.12,599.37,1543.0,599.2441,22
2026-02-06 05:33:00-05:00,QQQ,599.32,599.41,599.27,599.41,1048.0,599.3127,16
2026-02-06 05:34:00-05:00,QQQ,599.5,599.56,599.38,599.56,1518.0,599.4954,33
2026-02-06 05:35:00-05:00,QQQ,599.57,599.69,599.55,599.69,986.0,599.6,32
2026-02-06 05:36:00-05:00,QQQ,599.77,599.82,599.68,599.82,2330.0,599.7519,47
2026-02-06 05:37:00-05:00,QQQ,599.87,599.88,599.77,599.77,2667.0,599.8291,48
2026-02-06 05:38:00-05:00,QQQ,599.78,599.79,599.71,599.71,901.0,599.753,26
2026-02-06 05:39:00-05:00,QQQ,599.81,599.81,599.81,599.81,95.0,599.7959,7
2026-02-06 05:40:00-05:00,QQQ,599.9,600.2,599.9,600.2,1421.0,600.0122,43
2026-02-06 05:41:00-05:00,QQQ,600.25,600.33,600.22,600.28,8092.0,600.2518,88
2026-02-06 05:42:00-05:00,QQQ,600.26,600.26,600.1,600.15,1224.0,600.1491,33
2026-02-06 05:43:00-05:00,QQQ,600.15,600.37,600.15,600.27,3761.0,600.2705,51
2026-02-06 05:44:00-05:00,QQQ,600.18,600.18,600.0,600.05,1893.0,600.0816,46
2026-02-06 05:45:00-05:00,QQQ,600.0,600.05,599.75,599.98,5145.0,599.9837,78
2026-02-06 05:46:00-05:00,QQQ,599.89,599.94,599.89,599.94,518.0,599.9224,6
2026-02-06 05:47:00-05:00,QQQ,600.0,600.27,599.94,600.27,2194.0,600.097,45
2026-02-06 05:48:00-05:00,QQQ,600.31,600.33,600.1,600.25,10726.0,600.2637,77
2026-02-06 05:49:00-05:00,QQQ,600.37,600.42,600.37,600.39,3426.0,600.3931,34
2026-02-06 05:50:00-05:00,QQQ,600.44,600.51,600.42,600.43,7333.0,600.4551,38
2026-02-06 05:51:00-05:00,QQQ,600.46,600.5,600.35,600.35,2201.0,600.4494,26
2026-02-06 05:52:00-05:00,QQQ,600.33,600.61,600.33,600.6,2018.0,600.5588,36
2026-02-06 05:53:00-05:00,QQQ,600.65,600.65,600.48,600.48,1976.0,600.5578,39
2026-02-06 05:54:00-05:00,QQQ,600.62,600.69,600.61,600.61,4519.0,600.6537,49
2026-02-06 05:55:00-05:00,QQQ,600.66,600.95,600.66,600.93,10346.0,600.8216,114
2026-02-06 05:56:00-05:00,QQQ,600.94,600.94,600.66,600.8,8370.0,600.8151,111
2026-02-06 05:57:00-05:00,QQQ,600.84,600.85,600.77,600.8,1773.0,600.8168,24
2026-02-06 05:58:00-05:00,QQQ,600.83,600.89,600.72,600.84,1892.0,600.8033,38
2026-02-06 05:59:00-05:00,QQQ,600.95,601.16,600.95,601.1,5303.0,601.055,97
2026-02-06 06:00:00-05:00,QQQ,601.07,601.68,601.06,601.64,6877.0,601.4166,142
2026-02-06 06:01:00-05:00,QQQ,601.63,601.89,601.51,601.85,4223.0,601.7407,63
2026-02-06 06:02:00-05:00,QQQ,601.89,601.95,601.84,601.84,5173.0,601.9075,92
2026-02-06 06:03:00-05:00,QQQ,601.86,601.86,601.6,601.79,10447.0,601.7149,133
2026-02-06 06:04:00-05:00,QQQ,601.61,601.64,601.47,601.47,1206.0,601.5611,33
2026-02-06 06:05:00-05:00,QQQ,601.6,601.8,601.46,601.8,2160.0,601.6123,46
2026-02-06 06:06:00-05:00,QQQ,601.82,601.84,601.5,601.51,3620.0,601.7447,70
2026-02-06 06:07:00-05:00,QQQ,601.47,601.47,601.17,601.29,3491.0,601.228,53
2026-02-06 06:08:00-05:00,QQQ,601.26,601.45,601.2,601.45,5801.0,601.292,80
2026-02-06 06:09:00-05:00,QQQ,601.33,601.46,601.31,601.36,9196.0,601.3887,69
2026-02-06 06:10:00-05:00,QQQ,601.5,601.69,601.5,601.65,1297.0,601.61,21
2026-02-06 06:11:00-05:00,QQQ,601.67,601.74,601.62,601.69,2970.0,601.6912,48
2026-02-06 06:12:00-05:00,QQQ,601.83,601.91,601.78,601.81,5654.0,601.858,75
2026-02-06 06:13:00-05:00,QQQ,601.82,601.84,601.38,601.48,16296.0,601.5506,193
2026-02-06 06:14:00-05:00,QQQ,601.42,601.89,601.38,601.81,3998.0,601.6419,72
2026-02-06 06:15:00-05:00,QQQ,601.84,601.84,601.61,601.61,4096.0,601.7614,66
2026-02-06 06:16:00-05:00,QQQ,601.64,601.66,601.52,601.6,12802.0,601.6011,115
2026-02-06 06:17:00-05:00,QQQ,601.66,601.8,601.63,601.63,7130.0,601.7077,46
2026-02-06 06:18:00-05:00,QQQ,601.6,601.7,601.6,601.7,4117.0,601.6382,42
2026-02-06 06:19:00-05:00,QQQ,601.7,601.8,601.6,601.75,6401.0,601.677,53
2026-02-06 06:20:00-05:00,QQQ,601.73,601.78,601.67,601.69,1138.0,601.7083,29
2026-02-06 06:21:00-05:00,QQQ,601.64,601.83,601.64,601.71,1669.0,601.7529,26
2026-02-06 06:22:00-05:00,QQQ,601.7,601.94,601.7,601.93,2735.0,601.8803,36
2026-02-06 06:23:00-05:00,QQQ,601.94,601.98,601.63,601.64,5924.0,601.8415,90
2026-02-06 06:24:00-05:00,QQQ,601.64,601.77,601.57,601.57,2558.0,601.6378,57
2026-02-06 06:25:00-05:00,QQQ,601.59,601.63,601.49,601.49,2414.0,601.5507,47
2026-02-06 06:26:00-05:00,QQQ,601.5,601.5,601.29,601.32,1946.0,601.4035,52
2026-02-06 06:27:00-05:00,QQQ,601.29,601.7,601.27,601.63,3301.0,601.4528,51
2026-02-06 06:28:00-05:00,QQQ,601.55,601.63,601.52,601.52,1357.0,601.5444,40
2026-02-06 06:29:00-05:00,QQQ,601.52,601.55,601.48,601.48,4077.0,601.5146,24
2026-02-06 06:30:00-05:00,QQQ,601.38,601.73,601.38,601.6,7583.0,601.6627,67
2026-02-06 06:31:00-05:00,QQQ,601.64,601.7,601.57,601.7,7320.0,601.6367,49
2026-02-06 06:32:00-05:00,QQQ,601.74,601.89,601.43,601.89,15193.0,601.6872,232
2026-02-06 06:33:00-05:00,QQQ,601.81,601.91,601.81,601.9,2118.0,601.8686,33
2026-02-06 06:34:00-05:00,QQQ,601.97,602.1,601.72,601.8,36222.0,601.9666,272
2026-02-06 06:35:00-05:00,QQQ,601.76,601.99,601.65,601.95,16298.0,601.7928,149
2026-02-06 06:36:00-05:00,QQQ,602.01,602.43,601.96,602.43,29032.0,602.2705,225
2026-02-06 06:37:00-05:00,QQQ,602.42,602.72,602.39,602.55,18038.0,602.474,209
2026-02-06 06:38:00-05:00,QQQ,602.56,602.56,602.3,602.31,24802.0,602.4061,235
2026-02-06 06:39:00-05:00,QQQ,602.29,602.32,602.22,602.25,7280.0,602.2538,68
2026-02-06 06:40:00-05:00,QQQ,602.2,602.55,602.15,602.53,8158.0,602.2546,74
2026-02-06 06:41:00-05:00,QQQ,602.44,602.45,602.39,602.45,8188.0,602.4081,69
2026-02-06 06:42:00-05:00,QQQ,602.45,602.56,602.27,602.45,5478.0,602.4322,76
2026-02-06 06:43:00-05:00,QQQ,602.4,602.5,602.24,602.24,3002.0,602.4144,48
2026-02-06 06:44:00-05:00,QQQ,602.25,602.33,602.18,602.18,2214.0,602.2429,33
2026-02-06 06:45:00-05:00,QQQ,602.21,602.26,602.09,602.16,1757.0,602.1914,48
2026-02-06 06:46:00-05:00,QQQ,602.17,602.26,602.06,602.09,10436.0,602.1655,77
2026-02-06 06:47:00-05:00,QQQ,602.11,602.19,602.06,602.11,3731.0,602.1362,67
2026-02-06 06:48:00-05:00,QQQ,602.26,602.39,602.21,602.39,3720.0,602.283,58
2026-02-06 06:49:00-05:00,QQQ,602.35,602.39,602.04,602.13,6611.0,602.1837,98
2026-02-06 06:50:00-05:00,QQQ,602.15,602.24,601.96,602.24,2264.0,602.0442,53
2026-02-06 06:51:00-05:00,QQQ,602.22,602.27,602.04,602.04,6054.0,602.1442,96
2026-02-06 06:52:00-05:00,QQQ,602.08,602.1,601.86,601.86,4346.0,601.9238,58
2026-02-06 06:53:00-05:00,QQQ,601.92,602.0,601.85,601.98,3790.0,601.9243,49
2026-02-06 06:54:00-05:00,QQQ,601.91,602.6,601.86,602.33,11350.0,602.1955,159
2026-02-06 06:55:00-05:00,QQQ,602.3,602.45,602.29,602.45,4893.0,602.3953,78
2026-02-06 06:56:00-05:00,QQQ,602.46,602.81,602.46,602.66,5945.0,602.6574,89
2026-02-06 06:57:00-05:00,QQQ,602.55,602.57,602.55,602.56,1154.0,602.564,26
2026-02-06 06:58:00-05:00,QQQ,602.52,602.92,602.51,602.81,26986.0,602.7881,237
2026-02-06 06:59:00-05:00,QQQ,602.82,602.82,602.52,602.52,4404.0,602.687,62
2026-02-06 07:00:00-05:00,QQQ,602.49,602.6,602.09,602.09,18115.0,602.3442,297
2026-02-06 07:01:00-05:00,QQQ,602.11,602.3,602.03,602.28,22463.0,602.1678,236
2026-02-06 07:02:00-05:00,QQQ,602.23,602.28,602.0,602.12,8007.0,602.1369,134
2026-02-06 07:03:00-05:00,QQQ,602.18,602.4,602.18,602.4,11689.0,602.2631,95
2026-02-06 07:04:00-05:00,QQQ,602.33,602.33,602.1,602.2,3578.0,602.2512,60
2026-02-06 07:05:00-05:00,QQQ,602.21,602.38,602.1,602.26,20042.0,602.2334,182
2026-02-06 07:06:00-05:00,QQQ,602.25,602.4,602.05,602.381,3952.0,602.2183,72
2026-02-06 07:07:00-05:00,QQQ,602.42,602.6,602.39,602.39,5651.0,602.527,115
2026-02-06 07:08:00-05:00,QQQ,602.46,602.56,602.0,602.0,35545.0,602.1642,270
2026-02-06 07:09:00-05:00,QQQ,601.99,601.99,601.88,601.9,11940.0,601.9238,113
2026-02-06 07:10:00-05:00,QQQ,601.92,601.92,601.65,601.83,15166.0,601.7917,359
2026-02-06 07:11:00-05:00,QQQ,601.87,601.94,601.66,601.69,3754.0,601.7915,86
2026-02-06 07:12:00-05:00,QQQ,601.68,601.69,601.48,601.48,27448.0,601.5957,339
2026-02-06 07:13:00-05:00,QQQ,601.57,601.6,601.3,601.309,5654.0,601.4951,101
2026-02-06 07:14:00-05:00,QQQ,601.21,601.4,601.15,601.23,6451.0,601.2675,139
2026-02-06 07:15:00-05:00,QQQ,601.14,601.26,600.86,600.921,7713.0,600.9937,199
2026-02-06 07:16:00-05:00,QQQ,600.95,601.56,600.92,601.56,13096.0,601.2567,173
2026-02-06 07:17:00-05:00,QQQ,601.68,601.68,601.38,601.4,7198.0,601.4584,96
2026-02-06 07:18:00-05:00,QQQ,601.38,601.38,601.21,601.32,3606.0,601.3054,74
2026-02-06 07:19:00-05:00,QQQ,601.23,601.28,601.08,601.27,4373.0,601.2271,69
2026-02-06 07:20:00-05:00,QQQ,601.3,601.51,601.22,601.24,6728.0,601.3229,80
2026-02-06 07:21:00-05:00,QQQ,601.16,601.34,601.11,601.34,4322.0,601.2099,98
2026-02-06 07:22:00-05:00,QQQ,601.4,601.49,601.2,601.22,2994.0,601.3894,67
2026-02-06 07:23:00-05:00,QQQ,601.39,601.39,601.2,601.25,1421.0,601.2912,25
2026-02-06 07:24:00-05:00,QQQ,601.18,601.3,601.04,601.3,1750.0,601.1414,40
2026-02-06 07:25:00-05:00,QQQ,601.17,601.17,601.02,601.1,2042.0,601.0819,56
2026-02-06 07:26:00-05:00,QQQ,601.1,601.16,600.97,601.1,4676.0,601.0674,105
2026-02-06 07:27:00-05:00,QQQ,601.02,601.08,600.9,600.94,3383.0,600.9795,52
2026-02-06 07:28:00-05:00,QQQ,601.11,601.24,601.08,601.08,5910.0,601.2012,67
2026-02-06 07:29:00-05:00,QQQ,601.09,601.09,600.96,601.07,3515.0,601.0169,52
2026-02-06 07:30:00-05:00,QQQ,601.04,601.04,600.88,601.04,8091.0,600.9658,119
2026-02-06 07:31:00-05:00,QQQ,601.19,601.43,601.19,601.41,11977.0,601.2549,76
2026-02-06 07:32:00-05:00,QQQ,601.44,601.67,601.4,601.58,7947.0,601.5303,126
2026-02-06 07:33:00-05:00,QQQ,601.4,601.4,601.26,601.26,1367.0,601.3376,39
2026-02-06 07:34:00-05:00,QQQ,601.19,601.19,600.8,600.8,3624.0,600.9866,67
2026-02-06 07:35:00-05:00,QQQ,600.67,600.67,600.53,600.55,1902.0,600.5979,60
2026-02-06 07:36:00-05:00,QQQ,600.63,600.85,600.63,600.8,6412.0,600.7179,76
2026-02-06 07:37:00-05:00,QQQ,600.88,600.88,600.7,600.7,2016.0,600.7762,44
2026-02-06 07:38:00-05:00,QQQ,600.68,601.02,600.67,600.881,5695.0,600.8355,106
2026-02-06 07:39:00-05:00,QQQ,600.88,600.94,600.63,600.71,3427.0,600.7198,61
2026-02-06 07:40:00-05:00,QQQ,600.6,601.11,600.58,601.07,8320.0,600.7841,139
2026-02-06 07:41:00-05:00,QQQ,601.1,601.35,601.04,601.35,6596.0,601.1156,92
2026-02-06 07:42:00-05:00,QQQ,601.24,601.4,601.24,601.35,12006.0,601.374,153
2026-02-06 07:43:00-05:00,QQQ,601.36,601.36,601.17,601.17,6370.0,601.2582,117
2026-02-06 07:44:00-05:00,QQQ,601.1,601.18,600.97,600.97,7973.0,601.0702,139
2026-02-06 07:45:00-05:00,QQQ,601.0,601.3,600.94,601.27,13829.0,601.0634,112
2026-02-06 07:46:00-05:00,QQQ,601.3,601.31,601.09,601.09,4837.0,601.1669,99
2026-02-06 07:47:00-05:00,QQQ,601.12,601.12,601.12,601.12,249.0,601.145,15
2026-02-06 07:48:00-05:00,QQQ,601.12,601.15,601.12,601.15,1787.0,601.1293,35
2026-02-06 07:49:00-05:00,QQQ,601.07,601.2,601.07,601.12,3355.0,601.1438,65
2026-02-06 07:50:00-05:00,QQQ,601.08,601.11,600.78,600.78,2488.0,600.9523,50
2026-02-06 07:51:00-05:00,QQQ,600.84,600.84,600.62,600.65,8928.0,600.7516,110
2026-02-06 07:52:00-05:00,QQQ,600.63,600.76,600.62,600.74,8590.0,600.6766,79
2026-02-06 07:53:00-05:00,QQQ,600.71,600.74,600.3,600.3,8860.0,600.5828,163
2026-02-06 07:54:00-05:00,QQQ,600.35,600.47,600.19,600.2,13987.0,600.2406,111
2026-02-06 07:55:00-05:00,QQQ,600.3,600.5,600.25,600.47,12663.0,600.3923,127
2026-02-06 07:56:00-05:00,QQQ,600.47,600.9,600.45,600.88,20687.0,600.6385,231
2026-02-06 07:57:00-05:00,QQQ,600.62,600.85,600.62,600.85,15797.0,600.8079,142
2026-02-06 07:58:00-05:00,QQQ,600.8,600.9,600.68,600.9,2257.0,600.7805,42
2026-02-06 07:59:00-05:00,QQQ,600.94,600.96,600.68,600.68,10177.0,600.8447,109
2026-02-06 08:00:00-05:00,QQQ,600.74,600.98,600.67,600.96,7939.0,600.8074,110
2026-02-06 08:01:00-05:00,QQQ,600.88,600.88,600.53,600.64,4360.0,600.659,74
2026-02-06 08:02:00-05:00,QQQ,600.63,600.64,600.42,600.5,4017.0,600.5046,78
2026-02-06 08:03:00-05:00,QQQ,600.55,600.58,600.3,600.32,13312.0,600.4724,164
2026-02-06 08:04:00-05:00,QQQ,600.46,600.46,600.3,600.39,2624.0,600.3842,76
2026-02-06 08:05:00-05:00,QQQ,600.42,600.45,600.29,600.3,7917.0,600.385,125
2026-02-06 08:06:00-05:00,QQQ,600.29,600.46,600.265,600.46,3551.0,600.3506,85
2026-02-06 08:07:00-05:00,QQQ,600.44,600.44,600.17,600.24,11127.0,600.2755,198
2026-02-06 08:08:00-05:00,QQQ,600.41,600.64,600.38,600.41,19828.0,600.5198,211
2026-02-06 08:09:00-05:00,QQQ,600.38,600.47,600.26,600.29,4624.0,600.3485,106
2026-02-06 08:10:00-05:00,QQQ,600.35,600.35,600.12,600.15,6676.0,600.2388,116
2026-02-06 08:11:00-05:00,QQQ,600.17,600.62,600.13,600.62,6352.0,600.3711,105
2026-02-06 08:12:00-05:00,QQQ,600.65,601.11,600.62,601.07,11372.0,600.8586,225
2026-02-06 08:13:00-05:00,QQQ,600.97,601.23,600.97,601.22,10368.0,601.1557,129
2026-02-06 08:14:00-05:00,QQQ,601.2,601.26,601.14,601.17,5452.0,601.2098,123
2026-02-06 08:15:00-05:00,QQQ,601.12,601.12,600.71,600.72,5914.0,600.7932,113
2026-02-06 08:16:00-05:00,QQQ,600.76,601.0,600.71,600.96,11046.0,600.8635,124
2026-02-06 08:17:00-05:00,QQQ,600.94,601.05,600.86,600.879,9335.0,600.9138,141
2026-02-06 08:18:00-05:00,QQQ,600.81,601.2,600.77,601.15,3350.0,600.9174,89
2026-02-06 08:19:00-05:00,QQQ,601.17,601.65,601.17,601.62,36928.0,601.4036,362
2026-02-06 08:20:00-05:00,QQQ,601.68,601.86,601.5,601.63,13660.0,601.7634,274
2026-02-06 08:21:00-05:00,QQQ,601.66,602.07,601.59,602.0401,20627.0,601.8094,212
2026-02-06 08:22:00-05:00,QQQ,602.07,602.16,601.915,602.05,25455.0,602.034,314
2026-02-06 08:23:00-05:00,QQQ,602.07,602.12,601.83,601.9072,6107.0,602.0101,114
2026-02-06 08:24:00-05:00,QQQ,601.93,602.21,601.75,602.13,10385.0,601.973,195
2026-02-06 08:25:00-05:00,QQQ,602.2,602.2899,601.92,601.99,9396.0,602.0546,161
2026-02-06 08:26:00-05:00,QQQ,601.95,601.9693,601.51,601.51,10632.0,601.7661,196
2026-02-06 08:27:00-05:00,QQQ,601.56,601.77,601.56,601.65,5763.0,601.6495,130
2026-02-06 08:28:00-05:00,QQQ,601.7,601.78,601.6,601.67,3437.0,601.7024,95
2026-02-06 08:29:00-05:00,QQQ,601.72,601.72,601.56,601.61,5322.0,601.6321,75
2026-02-06 08:30:00-05:00,QQQ,601.57,602.4,601.5626,602.19,11434.0,601.9854,196
2026-02-06 08:31:00-05:00,QQQ,602.21,602.3,602.011,602.05,15351.0,602.159,177
2026-02-06 08:32:00-05:00,QQQ,602.1,602.14,601.66,601.78,11243.0,601.9067,176
2026-02-06 08:33:00-05:00,QQQ,601.75,602.22,601.73,602.2,11346.0,601.9409,183
2026-02-06 08:34:00-05:00,QQQ,602.11,602.11,601.8,601.8,5230.0,601.9552,112
2026-02-06 08:35:00-05:00,QQQ,601.74,601.88,601.67,601.88,3727.0,601.7703,106
2026-02-06 08:36:00-05:00,QQQ,601.75,601.76,601.43,601.43,4378.0,601.6099,155
2026-02-06 08:37:00-05:00,QQQ,601.54,601.75,600.61,601.24,45381.0,601.3809,655
2026-02-06 08:38:00-05:00,QQQ,601.23,601.68,601.21,601.6,21177.0,601.5177,224
2026-02-06 08:39:00-05:00,QQQ,601.63,602.11,601.2,601.62,38165.0,601.6479,472
2026-02-06 08:40:00-05:00,QQQ,601.62,601.94,601.39,601.76,14893.0,601.6889,236
2026-02-06 08:41:00-05:00,QQQ,601.78,601.82,601.5,601.53,10171.0,601.7178,168
2026-02-06 08:42:00-05:00,QQQ,601.54,601.92,601.44,601.6795,6641.0,601.6723,162
2026-02-06 08:43:00-05:00,QQQ,601.63,601.72,601.39,601.39,15240.0,601.577,195
2026-02-06 08:44:00-05:00,QQQ,601.42,601.47,601.2,601.4,11008.0,601.3334,168
2026-02-06 08:45:00-05:00,QQQ,601.37,601.6,601.3,601.3733,17358.0,601.4421,274
2026-02-06 08:46:00-05:00,QQQ,601.38,601.5,601.24,601.48,17270.0,601.3634,188
2026-02-06 08:47:00-05:00,QQQ,601.5162,601.6,601.26,601.26,7448.0,601.4482,159
2026-02-06 08:48:00-05:00,QQQ,601.28,601.53,601.26,601.39,4631.0,601.3734,131
2026-02-06 08:49:00-05:00,QQQ,601.37,601.63,601.36,601.55,5115.0,601.4772,131
2026-02-06 08:50:00-05:00,QQQ,601.57,601.63,600.98,600.98,32154.0,601.3744,459
2026-02-06 08:51:00-05:00,QQQ,600.99,600.99,600.79,600.86,10592.0,600.8838,198
2026-02-06 08:52:00-05:00,QQQ,600.9,600.905,600.59,600.9,13738.0,600.7503,196
2026-02-06 08:53:00-05:00,QQQ,600.95,601.08,600.72,600.8288,9425.0,600.8832,159
2026-02-06 08:54:00-05:00,QQQ,600.99,601.08,600.9,600.93,10454.0,600.9853,116
2026-02-06 08:55:00-05:00,QQQ,600.91,601.19,600.91,601.1,7109.0,601.0646,112
2026-02-06 08:56:00-05:00,QQQ,601.12,601.13,600.77,600.919,8210.0,600.917,172
2026-02-06 08:57:00-05:00,QQQ,600.88,601.28,600.88,601.25,8263.0,601.1405,143
2026-02-06 08:58:00-05:00,QQQ,601.2,601.25,600.82,601.03,10823.0,601.0686,202
2026-02-06 08:59:00-05:00,QQQ,600.97,601.14,600.93,601.13,6207.0,601.0153,115
2026-02-06 09:00:00-05:00,QQQ,601.16,601.2,600.9,600.97,9968.0,601.0196,187
2026-02-06 09:01:00-05:00,QQQ,600.95,601.06,600.8,601.02,8364.0,600.9411,182
2026-02-06 09:02:00-05:00,QQQ,601.01,601.13,600.86,601.0,15491.0,600.9615,197
2026-02-06 09:03:00-05:00,QQQ,601.04,601.16,600.7099,600.72,7467.0,601.0096,183
2026-02-06 09:04:00-05:00,QQQ,600.74,600.96,600.6,600.95,16161.0,600.6868,256
2026-02-06 09:05:00-05:00,QQQ,600.97,601.12,600.92,601.11,7143.0,601.0328,138
2026-02-06 09:06:00-05:00,QQQ,601.03,601.1,600.75,601.04,15998.0,600.9034,213
2026-02-06 09:07:00-05:00,QQQ,601.06,601.21,600.88,601.16,8609.0,601.1143,203
2026-02-06 09:08:00-05:00,QQQ,601.17,601.47,601.1,601.39,11584.0,601.2681,243
2026-02-06 09:09:00-05:00,QQQ,601.41,601.57,601.26,601.26,20597.0,601.3751,295
2026-02-06 09:10:00-05:00,QQQ,601.28,601.28,600.98,601.14,9348.0,601.1277,218
2026-02-06 09:11:00-05:00,QQQ,601.13,601.29,601.13,601.17,8859.0,601.2194,209
2026-02-06 09:12:00-05:00,QQQ,601.19,601.29,601.13,601.15,4774.0,601.1881,131
2026-02-06 09:13:00-05:00,QQQ,601.18,601.19,600.93,600.93,4236.0,601.0571,154
2026-02-06 09:14:00-05:00,QQQ,600.9,601.0,600.76,601.0,5063.0,600.8547,189
2026-02-06 09:15:00-05:00,QQQ,601.09,601.09,600.8,600.87,13547.0,600.9643,239
2026-02-06 09:16:00-05:00,QQQ,600.88,600.9,600.78,600.9,3820.0,600.84,126
2026-02-06 09:17:00-05:00,QQQ,600.86,601.15,600.8,601.14,16936.0,600.9413,157
2026-02-06 09:18:00-05:00,QQQ,601.14,601.14,600.9,600.95,17655.0,601.0311,198
2026-02-06 09:19:00-05:00,QQQ,600.94,601.31,600.94,601.31,5912.0,601.1067,142
2026-02-06 09:20:00-05:00,QQQ,601.36,601.39,601.12,601.12,15509.0,601.2205,221
2026-02-06 09:21:00-05:00,QQQ,601.15,601.23,601.12,601.23,2646.0,601.1619,79
2026-02-06 09:22:00-05:00,QQQ,601.21,601.23,600.89,600.92,12367.0,601.045,229
2026-02-06 09:23:00-05:00,QQQ,600.91,601.11,600.909,601.05,6372.0,601.0053,142
2026-02-06 09:24:00-05:00,QQQ,601.05,601.21,601.0,601.03,7286.0,601.1004,136
2026-02-06 09:25:00-05:00,QQQ,600.99,601.04,600.65,600.6956,17710.0,600.798,394
2026-02-06 09:26:00-05:00,QQQ,600.67,600.87,600.6299,600.79,7878.0,600.7359,226
2026-02-06 09:27:00-05:00,QQQ,600.68,600.71,600.13,600.18,42612.0,600.4182,599
2026-02-06 09:28:00-05:00,QQQ,600.2,600.35,599.55,600.29,71435.0,600.1498,1250
2026-02-06 09:29:00-05:00,QQQ,600.35,600.76,600.15,600.21,54389.0,600.3436,391
2026-02-06 09:30:00-05:00,QQQ,600.19,600.42,599.25,599.68,1025033.0,599.8143,15665
2026-02-06 09:31:00-05:00,QQQ,599.71,600.56,599.3,600.07,544176.0,600.061,7863
2026-02-06 09:32:00-05:00,QQQ,600.06,601.9799,598.77,601.97,722721.0,599.9321,9904
2026-02-06 09:33:00-05:00,QQQ,601.99,602.84,601.96,602.76,570519.0,602.4252,8274
2026-02-06 09:34:00-05:00,QQQ,602.76,603.24,602.19,602.535,488507.0,602.7443,7477
2026-02-06 09:35:00-05:00,QQQ,602.54,602.88,602.07,602.55,392450.0,602.4462,5688
2026-02-06 09:36:00-05:00,QQQ,602.55,602.66,601.62,602.57,400498.0,602.1572,6147
2026-02-06 09:37:00-05:00,QQQ,602.54,603.0,602.16,602.98,399074.0,602.5914,6183
2026-02-06 09:38:00-05:00,QQQ,603.0,603.97,602.95,603.78,388054.0,603.6683,6450
2026-02-06 09:39:00-05:00,QQQ,603.78,604.11,603.58,603.87,385142.0,603.8161,6119
2026-02-06 09:40:00-05:00,QQQ,603.86,604.23,603.04,604.0,448161.0,603.7514,7103
2026-02-06 09:41:00-05:00,QQQ,604.01,604.21,602.31,602.4701,339588.0,603.2074,5449
2026-02-06 09:42:00-05:00,QQQ,602.51,602.96,602.28,602.6497,287143.0,602.5623,5539
2026-02-06 09:43:00-05:00,QQQ,602.66,603.53,602.54,603.425,303199.0,603.0293,5845
2026-02-06 09:44:00-05:00,QQQ,603.44,604.24,603.23,604.23,246004.0,603.6877,4864
2026-02-06 09:45:00-05:00,QQQ,604.23,604.61,604.1,604.3155,378715.0,604.3733,6278
2026-02-06 09:46:00-05:00,QQQ,604.33,604.74,603.51,604.04,343584.0,604.1556,6276
2026-02-06 09:47:00-05:00,QQQ,604.08,604.68,603.68,604.54,430790.0,603.9558,4918
2026-02-06 09:48:00-05:00,QQQ,604.55,604.77,604.16,604.62,231329.0,604.4341,4866
2026-02-06 09:49:00-05:00,QQQ,604.605,604.78,603.6,604.35,687259.0,604.1543,8739
2026-02-06 09:50:00-05:00,QQQ,604.36,604.69,604.0101,604.52,255865.0,604.4319,5531
2026-02-06 09:51:00-05:00,QQQ,604.56,605.51,604.505,605.38,368508.0,605.1365,6431
2026-02-06 09:52:00-05:00,QQQ,605.4,605.61,605.0,605.46,416497.0,605.6138,4845
2026-02-06 09:53:00-05:00,QQQ,605.48,605.52,604.28,604.35,427077.0,603.1255,5337
2026-02-06 09:54:00-05:00,QQQ,604.38,604.61,603.74,603.825,351920.0,604.1862,6154
2026-02-06 09:55:00-05:00,QQQ,603.83,603.83,602.82,603.17,399252.0,603.2326,7423
2026-02-06 09:56:00-05:00,QQQ,603.15,603.2,602.55,602.6099,408050.0,602.9976,5425
2026-02-06 09:57:00-05:00,QQQ,602.58,603.45,602.44,603.4,226225.0,602.9397,4391
2026-02-06 09:58:00-05:00,QQQ,603.4,603.47,602.35,602.86,141364.0,602.8904,3441
2026-02-06 09:59:00-05:00,QQQ,602.86,602.9,602.36,602.49,104121.0,602.5984,3136
2026-02-06 10:00:00-05:00,QQQ,602.41,602.71,601.83,602.22,253712.0,602.2036,5371
2026-02-06 10:01:00-05:00,QQQ,602.21,602.31,601.26,601.56,245189.0,601.7426,5101
2026-02-06 10:02:00-05:00,QQQ,601.58,601.98,601.2401,601.57,246314.0,601.6134,5021
2026-02-06 10:03:00-05:00,QQQ,601.53,601.85,601.01,601.04,233552.0,601.3473,4856
2026-02-06 10:04:00-05:00,QQQ,601.04,601.3,600.75,601.19,246708.0,601.0451,4799
2026-02-06 10:05:00-05:00,QQQ,601.2,602.33,601.03,601.38,452550.0,601.6308,6654
2026-02-06 10:06:00-05:00,QQQ,601.39,601.92,600.24,600.3,308532.0,600.7837,5423
2026-02-06 10:07:00-05:00,QQQ,600.29,601.12,600.14,601.0,363755.0,600.4816,6066
2026-02-06 10:08:00-05:00,QQQ,600.89,601.05,600.4207,600.94,226154.0,600.7122,4757
2026-02-06 10:09:00-05:00,QQQ,600.95,601.4,600.76,600.86,245816.0,601.0951,4661
2026-02-06 10:10:00-05:00,QQQ,600.89,602.05,600.89,601.93,264082.0,601.6209,5020
2026-02-06 10:11:00-05:00,QQQ,601.97,602.82,601.86,602.27,372813.0,602.457,6731
2026-02-06 10:12:00-05:00,QQQ,602.29,602.41,600.98,601.08,385764.0,601.8642,5699
2026-02-06 10:13:00-05:00,QQQ,601.07,601.27,600.31,600.65,326499.0,600.7985,6238
2026-02-06 10:14:00-05:00,QQQ,600.64,601.06,600.37,600.44,255353.0,600.6543,4905
2026-02-06 10:15:00-05:00,QQQ,600.43,600.96,600.2701,600.57,394943.0,600.5635,5684
2026-02-06 10:16:00-05:00,QQQ,600.55,601.44,599.77,601.43,379277.0,600.4651,11169
2026-02-06 10:17:00-05:00,QQQ,601.43,602.11,601.09,601.47,340120.0,601.6262,11135
2026-02-06 10:18:00-05:00,QQQ,601.5,602.47,600.96,602.29,287783.0,601.8615,5137
2026-02-06 10:19:00-05:00,QQQ,602.31,602.65,601.82,602.36,308679.0,602.3032,4744
2026-02-06 10:20:00-05:00,QQQ,602.38,602.67,602.17,602.19,183725.0,602.4293,4040
2026-02-06 10:21:00-05:00,QQQ,602.18,603.5568,602.12,603.06,345784.0,603.016,5991
2026-02-06 10:22:00-05:00,QQQ,603.13,603.63,603.05,603.46,196570.0,603.3969,4090
2026-02-06 10:23:00-05:00,QQQ,603.47,603.68,601.38,601.57,475342.0,602.2324,7946
2026-02-06 10:24:00-05:00,QQQ,601.59,602.2903,601.32,602.03,295036.0,601.7014,5148
2026-02-06 10:25:00-05:00,QQQ,602.01,603.32,601.77,603.2,266588.0,602.6484,5229
2026-02-06 10:26:00-05:00,QQQ,603.2,603.72,603.05,603.65,195584.0,603.2917,4324
2026-02-06 10:27:00-05:00,QQQ,603.66,603.73,602.87,603.13,180895.0,603.3393,3809
2026-02-06 10:28:00-05:00,QQQ,603.12,603.95,603.12,603.44,189517.0,603.6169,4292
2026-02-06 10:29:00-05:00,QQQ,603.38,603.69,603.1,603.65,176985.0,603.4703,3933
2026-02-06 10:30:00-05:00,QQQ,603.65,603.73,603.0,603.26,426194.0,603.3799,7124
2026-02-06 10:31:00-05:00,QQQ,603.255,603.31,602.58,603.02,399413.0,603.0162,4573
2026-02-06 10:32:00-05:00,QQQ,603.02,603.47,602.68,603.36,519078.0,603.0252,6716
2026-02-06 10:33:00-05:00,QQQ,603.36,604.06,603.15,603.99,243904.0,603.6296,5532
2026-02-06 10:34:00-05:00,QQQ,603.971,604.37,603.91,604.17,219941.0,604.0179,4131
2026-02-06 10:35:00-05:00,QQQ,604.17,604.37,603.75,604.28,173785.0,604.0985,4057
2026-02-06 10:36:00-05:00,QQQ,604.26,604.2868,603.62,603.79,164898.0,603.9975,3579
2026-02-06 10:37:00-05:00,QQQ,603.78,604.03,603.69,603.97,116385.0,603.8805,2934
2026-02-06 10:38:00-05:00,QQQ,603.94,604.13,603.8,603.99,132064.0,603.9832,3015
2026-02-06 10:39:00-05:00,QQQ,603.98,604.17,603.81,603.88,117214.0,603.9693,3010
2026-02-06 10:40:00-05:00,QQQ,603.92,604.23,603.71,604.0,114495.0,603.9721,3069
2026-02-06 10:41:00-05:00,QQQ,604.0,604.24,603.92,604.0,75406.0,604.055,2564
2026-02-06 10:42:00-05:00,QQQ,603.98,604.63,603.79,604.38,270774.0,604.2415,4903
2026-02-06 10:43:00-05:00,QQQ,604.41,604.69,604.01,604.25,149604.0,604.2778,3348
2026-02-06 10:44:00-05:00,QQQ,604.22,604.48,604.02,604.15,99168.0,604.2301,2575
2026-02-06 10:45:00-05:00,QQQ,604.18,604.54,604.1,604.33,111544.0,604.3165,2631
2026-02-06 10:46:00-05:00,QQQ,604.3602,604.93,604.3,604.9,122183.0,604.6179,3015
2026-02-06 10:47:00-05:00,QQQ,604.89,605.07,604.7137,605.0,124149.0,604.9005,3472
2026-02-06 10:48:00-05:00,QQQ,604.99,604.99,603.95,604.02,223438.0,604.4241,4699
2026-02-06 10:49:00-05:00,QQQ,604.03,604.3,603.78,603.85,260865.0,603.9872,5019
2026-02-06 10:50:00-05:00,QQQ,603.83,603.87,602.66,602.69,311161.0,603.1416,6598
2026-02-06 10:51:00-05:00,QQQ,602.67,603.16,602.62,602.9,302240.0,602.8318,6166
2026-02-06 10:52:00-05:00,QQQ,602.91,603.01,602.27,602.32,223189.0,602.7309,4955
2026-02-06 10:53:00-05:00,QQQ,602.31,602.4,602.15,602.17,215984.0,602.2781,4523
2026-02-06 10:54:00-05:00,QQQ,602.155,602.27,601.64,601.88,245476.0,601.9992,5465
2026-02-06 10:55:00-05:00,QQQ,601.86,602.88,601.68,602.87,213745.0,602.152,4663
2026-02-06 10:56:00-05:00,QQQ,602.91,603.28,602.6,602.98,203458.0,602.8975,3597
2026-02-06 10:57:00-05:00,QQQ,602.98,603.27,602.79,603.14,130114.0,602.9973,3270
2026-02-06 10:58:00-05:00,QQQ,603.16,603.48,602.87,603.04,246321.0,603.2332,4580
2026-02-06 10:59:00-05:00,QQQ,603.04,603.59,602.77,603.465,156707.0,603.2599,3421
2026-02-06 11:00:00-05:00,QQQ,603.46,603.6,603.1,603.32,147793.0,603.4013,3475
2026-02-06 11:01:00-05:00,QQQ,603.33,603.98,603.22,603.95,107004.0,603.5412,3142
2026-02-06 11:02:00-05:00,QQQ,603.94,604.43,603.72,604.27,215549.0,604.1164,4617
2026-02-06 11:03:00-05:00,QQQ,604.28,604.8,604.28,604.78,145741.0,604.5405,3687
2026-02-06 11:04:00-05:00,QQQ,604.79,605.01,604.55,604.98,156937.0,604.7329,3748
2026-02-06 11:05:00-05:00,QQQ,605.0,605.22,604.76,604.885,270895.0,604.66,4810
2026-02-06 11:06:00-05:00,QQQ,604.89,605.37,604.67,605.36,178016.0,604.9133,4094
2026-02-06 11:07:00-05:00,QQQ,605.37,605.85,605.35,605.63,285932.0,605.6619,5851
2026-02-06 11:08:00-05:00,QQQ,605.63,605.735,605.09,605.27,185889.0,605.4013,4185
2026-02-06 11:09:00-05:00,QQQ,605.26,605.52,605.22,605.44,157907.0,605.3763,3649
2026-02-06 11:10:00-05:00,QQQ,605.45,605.83,605.43,605.77,120083.0,605.6487,3195
2026-02-06 11:11:00-05:00,QQQ,605.77,605.945,605.36,605.9201,172627.0,605.6714,3820
2026-02-06 11:12:00-05:00,QQQ,605.92,605.97,605.69,605.71,125130.0,605.8325,3242
2026-02-06 11:13:00-05:00,QQQ,605.7,606.03,605.623,606.02,143854.0,605.8296,3603
2026-02-06 11:14:00-05:00,QQQ,605.995,606.09,605.86,606.0602,131836.0,605.9672,3288
2026-02-06 11:15:00-05:00,QQQ,606.04,606.23,605.93,606.03,179977.0,606.0667,3996
2026-02-06 11:16:00-05:00,QQQ,606.03,606.07,605.44,605.54,179511.0,605.7259,3949
2026-02-06 11:17:00-05:00,QQQ,605.55,605.61,605.38,605.515,122613.0,605.5099,3104
2026-02-06 11:18:00-05:00,QQQ,605.51,605.82,605.43,605.76,155799.0,605.6142,3453
2026-02-06 11:19:00-05:00,QQQ,605.78,605.84,605.65,605.795,183487.0,605.6639,2812
2026-02-06 11:20:00-05:00,QQQ,605.81,606.18,605.7,605.94,124742.0,605.976,3139
2026-02-06 11:21:00-05:00,QQQ,605.93,606.735,605.93,606.715,248395.0,606.4493,4427
2026-02-06 11:22:00-05:00,QQQ,606.71,606.85,606.22,606.26,321272.0,603.5197,4056
2026-02-06 11:23:00-05:00,QQQ,606.26,606.565,606.26,606.32,109204.0,606.1301,2917
2026-02-06 11:24:00-05:00,QQQ,606.35,606.3845,606.12,606.24,122206.0,606.2688,3181
2026-02-06 11:25:00-05:00,QQQ,606.24,606.28,605.823,605.89,132521.0,606.0786,3379
2026-02-06 11:26:00-05:00,QQQ,605.9,606.13,605.75,605.91,156224.0,605.928,3658
2026-02-06 11:27:00-05:00,QQQ,605.91,605.94,605.47,605.58,206199.0,605.6788,4256
2026-02-06 11:28:00-05:00,QQQ,605.57,605.85,605.46,605.81,148794.0,605.6296,3599
2026-02-06 11:29:00-05:00,QQQ,605.8,606.16,605.78,606.13,296764.0,605.9543,3701
2026-02-06 11:30:00-05:00,QQQ,606.12,606.5765,606.06,606.382,206749.0,606.3419,4319
2026-02-06 11:31:00-05:00,QQQ,606.38,606.41,606.11,606.26,138067.0,606.2342,3434
2026-02-06 11:32:00-05:00,QQQ,606.26,606.65,606.24,606.43,155167.0,606.4625,3514
2026-02-06 11:33:00-05:00,QQQ,606.42,606.65,606.34,606.64,155967.0,606.4793,3471
2026-02-06 11:34:00-05:00,QQQ,606.615,606.9,606.6,606.88,117795.0,606.7451,3165
2026-02-06 11:35:00-05:00,QQQ,606.88,607.17,606.79,607.07,271187.0,606.9877,5101
2026-02-06 11:36:00-05:00,QQQ,607.06,607.075,606.73,606.95,248480.0,606.8581,4986
2026-02-06 11:37:00-05:00,QQQ,606.93,606.94,606.61,606.76,162399.0,606.7699,3894
2026-02-06 11:38:00-05:00,QQQ,606.77,607.05,606.7,606.795,99170.0,606.8252,3192
2026-02-06 11:39:00-05:00,QQQ,606.7828,607.01,606.72,606.81,85507.0,606.8599,2458
2026-02-06 11:40:00-05:00,QQQ,606.8,607.1,606.67,607.02,101680.0,606.8835,3032
2026-02-06 11:41:00-05:00,QQQ,607.03,607.19,606.98,607.19,114266.0,607.1008,3065
2026-02-06 11:42:00-05:00,QQQ,607.18,607.23,606.81,606.935,188296.0,606.9752,4220
2026-02-06 11:43:00-05:00,QQQ,606.935,607.1,606.69,606.73,156350.0,606.8676,3389
2026-02-06 11:44:00-05:00,QQQ,606.71,606.765,606.21,606.5901,213427.0,606.4764,4541
2026-02-06 11:45:00-05:00,QQQ,606.61,606.87,606.53,606.63,219108.0,602.2155,3164
2026-02-06 11:46:00-05:00,QQQ,606.63,606.72,606.35,606.69,130584.0,606.5355,3303
2026-02-06 11:47:00-05:00,QQQ,606.69,606.74,606.38,606.43,65195.0,606.5024,2468
2026-02-06 11:48:00-05:00,QQQ,606.46,606.74,606.43,606.51,96051.0,606.5758,3003
2026-02-06 11:49:00-05:00,QQQ,606.5,606.72,606.4,606.7,124332.0,606.5155,3064
2026-02-06 11:50:00-05:00,QQQ,606.71,606.85,606.6134,606.8,109382.0,606.725,2927
2026-02-06 11:51:00-05:00,QQQ,606.8,606.935,606.69,606.8199,92735.0,606.8395,2628
2026-02-06 11:52:00-05:00,QQQ,606.83,606.9097,606.64,606.67,82934.0,606.7712,2689
2026-02-06 11:53:00-05:00,QQQ,606.69,606.965,606.59,606.8169,130000.0,606.7109,2517
2026-02-06 11:54:00-05:00,QQQ,606.82,606.89,606.585,606.71,86040.0,606.7017,2692
2026-02-06 11:55:00-05:00,QQQ,606.69,606.705,606.23,606.37,97033.0,606.4119,2763
2026-02-06 11:56:00-05:00,QQQ,606.38,606.45,606.03,606.17,102765.0,606.2354,2839
2026-02-06 11:57:00-05:00,QQQ,606.1699,606.2,605.8,605.82,95752.0,605.9386,2979
2026-02-06 11:58:00-05:00,QQQ,605.845,605.89,605.46,605.74,165880.0,605.6496,3889
2026-02-06 11:59:00-05:00,QQQ,605.73,606.06,605.71,606.01,116952.0,605.9333,2908
2026-02-06 12:00:00-05:00,QQQ,606.01,606.1,605.67,605.69,267187.0,605.8522,3858
2026-02-06 12:01:00-05:00,QQQ,605.71,606.16,605.7,606.16,106808.0,605.8849,2532
2026-02-06 12:02:00-05:00,QQQ,606.16,606.29,606.0,606.07,96250.0,606.1139,1587
2026-02-06 12:03:00-05:00,QQQ,606.1,606.39,605.97,606.3799,204256.0,601.6621,1624
2026-02-06 12:04:00-05:00,QQQ,606.385,606.66,606.3,606.66,191851.0,606.4189,2847
2026-02-06 12:05:00-05:00,QQQ,606.66,606.91,606.66,606.805,102767.0,606.7864,1985
2026-02-06 12:06:00-05:00,QQQ,606.81,606.95,606.71,606.85,299889.0,606.8777,1797
2026-02-06 12:07:00-05:00,QQQ,606.845,607.15,606.795,607.09,185095.0,606.9516,2604
2026-02-06 12:08:00-05:00,QQQ,607.1,607.24,606.95,607.03,86365.0,607.1079,1963
2026-02-06 12:09:00-05:00,QQQ,607.01,607.24,606.98,607.15,79827.0,607.0709,1819
2026-02-06 12:10:00-05:00,QQQ,607.15,607.32,607.13,607.3,101775.0,607.2552,1916
2026-02-06 12:11:00-05:00,QQQ,607.29,607.35,607.17,607.215,101750.0,607.2599,1909
2026-02-06 12:12:00-05:00,QQQ,607.21,607.28,606.62,606.75,174862.0,607.0122,2870
2026-02-06 12:13:00-05:00,QQQ,606.76,607.1,606.56,607.08,238016.0,602.6457,2568
2026-02-06 12:14:00-05:00,QQQ,607.06,607.2,606.97,607.02,87442.0,607.0614,1866
2026-02-06 12:15:00-05:00,QQQ,607.01,607.09,606.695,606.8,93348.0,606.8957,1983
2026-02-06 12:16:00-05:00,QQQ,606.81,606.945,606.67,606.89,74987.0,606.8092,1778
2026-02-06 12:17:00-05:00,QQQ,606.88,607.13,606.62,607.11,92459.0,606.8392,1874
2026-02-06 12:18:00-05:00,QQQ,607.09,607.23,606.96,607.23,58670.0,607.0567,1474
2026-02-06 12:19:00-05:00,QQQ,607.22,607.56,607.09,607.14,139418.0,607.3638,2468
2026-02-06 12:20:00-05:00,QQQ,607.15,607.155,606.98,607.03,154259.0,607.0769,2513
2026-02-06 12:21:00-05:00,QQQ,607.02,607.16,606.93,606.94,103081.0,607.0453,1994
2026-02-06 12:22:00-05:00,QQQ,606.955,607.05,606.77,607.0399,78394.0,606.8998,1704
2026-02-06 12:23:00-05:00,QQQ,607.05,607.12,606.9,606.98,84684.0,607.0404,1616
2026-02-06 12:24:00-05:00,QQQ,606.99,607.08,606.95,607.06,37132.0,607.0154,1223
2026-02-06 12:25:00-05:00,QQQ,607.075,607.28,607.05,607.18,67347.0,607.1502,1570
2026-02-06 12:26:00-05:00,QQQ,607.155,607.33,607.07,607.3199,83321.0,607.2045,1725
2026-02-06 12:27:00-05:00,QQQ,607.32,607.66,607.27,607.61,128652.0,607.4749,2245
2026-02-06 12:28:00-05:00,QQQ,607.6,607.732,607.43,607.57,133584.0,607.5851,2351
2026-02-06 12:29:00-05:00,QQQ,607.59,607.79,607.56,607.68,114944.0,607.6949,2124
2026-02-06 12:30:00-05:00,QQQ,607.69,607.84,607.625,607.81,98333.0,607.7657,1958
2026-02-06 12:31:00-05:00,QQQ,607.81,608.0799,607.81,608.0,107270.0,607.9207,2136
2026-02-06 12:32:00-05:00,QQQ,607.99,608.36,607.97,608.305,273971.0,604.0632,2875
2026-02-06 12:33:00-05:00,QQQ,608.29,608.3,608.055,608.22,148639.0,608.1614,2549
2026-02-06 12:34:00-05:00,QQQ,608.23,608.31,608.04,608.13,130818.0,608.1351,2218
2026-02-06 12:35:00-05:00,QQQ,608.13,608.13,607.48,607.49,218265.0,607.8146,3172
2026-02-06 12:36:00-05:00,QQQ,607.49,607.6301,607.24,607.32,180115.0,607.4664,2904
2026-02-06 12:37:00-05:00,QQQ,607.31,607.53,607.11,607.26,218386.0,607.3157,3628
2026-02-06 12:38:00-05:00,QQQ,607.28,607.3201,607.02,607.02,112543.0,607.1991,2103
2026-02-06 12:39:00-05:00,QQQ,607.01,607.205,606.91,607.13,119081.0,607.0677,2136
2026-02-06 12:40:00-05:00,QQQ,607.13,607.39,607.06,607.27,103211.0,607.2351,2097
2026-02-06 12:41:00-05:00,QQQ,607.27,607.78,607.27,607.72,122446.0,607.5788,2141
2026-02-06 12:42:00-05:00,QQQ,607.735,607.778,607.5903,607.6,62431.0,607.6645,1474
2026-02-06 12:43:00-05:00,QQQ,607.6,607.77,607.38,607.74,118933.0,607.545,2185
2026-02-06 12:44:00-05:00,QQQ,607.72,607.75,607.61,607.73,48257.0,607.6788,1303
2026-02-06 12:45:00-05:00,QQQ,607.74,608.0,607.72,607.87,99458.0,607.8847,1932
2026-02-06 12:46:00-05:00,QQQ,607.88,608.06,607.845,607.96,114267.0,607.9638,1955
2026-02-06 12:47:00-05:00,QQQ,607.95,608.03,607.9,607.95,123034.0,607.9597,1752
2026-02-06 12:48:00-05:00,QQQ,607.95,608.12,607.91,608.12,94234.0,607.9939,1717
2026-02-06 12:49:00-05:00,QQQ,608.13,608.2,607.9,608.0599,184491.0,608.0154,3030
2026-02-06 12:50:00-05:00,QQQ,608.07,608.15,607.92,607.925,94744.0,608.0763,1711
2026-02-06 12:51:00-05:00,QQQ,607.9,608.44,607.74,608.43,111247.0,608.0108,2198
2026-02-06 12:52:00-05:00,QQQ,608.44,608.62,608.24,608.27,199769.0,608.4115,3024
2026-02-06 12:53:00-05:00,QQQ,608.27,608.36,608.13,608.27,76946.0,608.2516,1576
2026-02-06 12:54:00-05:00,QQQ,608.27,608.37,608.06,608.1,142695.0,608.2403,2251
2026-02-06 12:55:00-05:00,QQQ,608.1,608.21,608.01,608.035,100883.0,608.1049,1828
2026-02-06 12:56:00-05:00,QQQ,608.035,608.35,608.035,608.28,105647.0,608.2115,1897
2026-02-06 12:57:00-05:00,QQQ,608.29,608.43,608.22,608.25,176385.0,608.2147,1695
2026-02-06 12:58:00-05:00,QQQ,608.25,608.4565,608.24,608.3799,108787.0,608.3415,2035
2026-02-06 12:59:00-05:00,QQQ,608.38,608.46,608.22,608.235,131209.0,608.3086,2203
2026-02-06 13:00:00-05:00,QQQ,608.25,608.685,608.24,608.55,153396.0,608.5599,2319
2026-02-06 13:01:00-05:00,QQQ,608.56,608.57,608.41,608.51,77459.0,608.4883,1717
2026-02-06 13:02:00-05:00,QQQ,608.505,608.76,608.47,608.55,105475.0,608.5802,1865
2026-02-06 13:03:00-05:00,QQQ,608.55,608.7901,608.51,608.735,95973.0,608.6485,1677
2026-02-06 13:04:00-05:00,QQQ,608.72,608.97,608.7,608.9101,114959.0,608.8597,1949
2026-02-06 13:05:00-05:00,QQQ,608.9,608.945,608.79,608.89,69527.0,608.8768,1591
2026-02-06 13:06:00-05:00,QQQ,608.89,608.99,608.83,608.88,114361.0,608.9077,1869
2026-02-06 13:07:00-05:00,QQQ,608.85,608.855,608.62,608.71,154336.0,608.6995,2228
2026-02-06 13:08:00-05:00,QQQ,608.72,608.76,608.3073,608.32,159438.0,608.503,2573
2026-02-06 13:09:00-05:00,QQQ,608.32,608.4765,608.24,608.4399,77348.0,608.3844,1573
2026-02-06 13:10:00-05:00,QQQ,608.43,608.58,608.3,608.32,110962.0,608.4355,2085
2026-02-06 13:11:00-05:00,QQQ,608.31,608.38,608.26,608.36,107259.0,608.3187,2185
2026-02-06 13:12:00-05:00,QQQ,608.35,608.74,608.35,608.58,99199.0,608.5915,1977
2026-02-06 13:13:00-05:00,QQQ,608.58,608.61,608.3,608.36,91340.0,608.4138,1813
2026-02-06 13:14:00-05:00,QQQ,608.36,608.49,608.32,608.36,88573.0,608.3822,1568
2026-02-06 13:15:00-05:00,QQQ,608.37,608.43,608.11,608.1501,89837.0,608.2904,1510
2026-02-06 13:16:00-05:00,QQQ,608.16,608.2335,607.96,608.195,141693.0,608.1114,2454
2026-02-06 13:17:00-05:00,QQQ,608.2,608.42,608.18,608.42,87752.0,608.2953,1681
2026-02-06 13:18:00-05:00,QQQ,608.425,608.575,608.38,608.49,78096.0,608.4987,1527
2026-02-06 13:19:00-05:00,QQQ,608.505,608.65,608.46,608.61,64831.0,608.5468,1363
2026-02-06 13:20:00-05:00,QQQ,608.61,608.65,608.42,608.61,84728.0,608.5423,1346
2026-02-06 13:21:00-05:00,QQQ,608.61,608.87,608.47,608.48,148693.0,608.6803,2789
2026-02-06 13:22:00-05:00,QQQ,608.48,608.59,608.45,608.48,98716.0,608.5065,1935
2026-02-06 13:23:00-05:00,QQQ,608.48,608.57,608.31,608.45,119525.0,608.4071,1883
2026-02-06 13:24:00-05:00,QQQ,608.4507,608.47,608.27,608.3,177980.0,608.3333,2142
2026-02-06 13:25:00-05:00,QQQ,608.29,608.34,608.09,608.16,66694.0,608.2114,1564
2026-02-06 13:26:00-05:00,QQQ,608.15,608.245,608.05,608.11,82871.0,608.1389,1660
2026-02-06 13:27:00-05:00,QQQ,608.1,608.17,607.97,608.02,161732.0,602.3205,1495
2026-02-06 13:28:00-05:00,QQQ,608.0125,608.07,607.82,607.9,188152.0,608.0444,2451
2026-02-06 13:29:00-05:00,QQQ,607.9,608.25,607.87,608.185,100563.0,608.111,1934
2026-02-06 13:30:00-05:00,QQQ,608.18,608.385,608.13,608.205,144850.0,608.252,2715
2026-02-06 13:31:00-05:00,QQQ,608.21,608.33,608.09,608.33,71300.0,608.1892,1755
2026-02-06 13:32:00-05:00,QQQ,608.32,608.34,608.21,608.2602,59452.0,608.2841,1616
2026-02-06 13:33:00-05:00,QQQ,608.27,608.385,608.19,608.205,97408.0,608.292,1940
2026-02-06 13:34:00-05:00,QQQ,608.2,608.24,607.98,608.02,114698.0,608.1068,1983
2026-02-06 13:35:00-05:00,QQQ,608.02,608.29,608.015,608.235,100991.0,608.2314,1455
2026-02-06 13:36:00-05:00,QQQ,608.22,608.26,608.15,608.17,66039.0,608.2157,1242
2026-02-06 13:37:00-05:00,QQQ,608.17,608.33,608.04,608.21,116496.0,608.1555,1837
2026-02-06 13:38:00-05:00,QQQ,608.21,608.51,608.09,608.38,111734.0,608.3305,1898
2026-02-06 13:39:00-05:00,QQQ,608.38,608.45,608.35,608.42,65720.0,608.4002,1244
2026-02-06 13:40:00-05:00,QQQ,608.425,608.5999,608.33,608.52,89108.0,608.4407,1671
2026-02-06 13:41:00-05:00,QQQ,608.53,608.55,608.28,608.32,52860.0,608.3821,1196
2026-02-06 13:42:00-05:00,QQQ,608.32,608.46,608.32,608.41,52817.0,608.389,1149
2026-02-06 13:43:00-05:00,QQQ,608.42,608.55,608.38,608.42,143619.0,608.4389,1385
2026-02-06 13:44:00-05:00,QQQ,608.415,608.43,608.23,608.33,73112.0,608.3497,1365
2026-02-06 13:45:00-05:00,QQQ,608.33,608.62,608.3,608.44,83955.0,608.4811,1576
2026-02-06 13:46:00-05:00,QQQ,608.44,608.45,608.28,608.3852,62595.0,608.3463,1262
2026-02-06 13:47:00-05:00,QQQ,608.38,608.57,608.38,608.495,57506.0,608.4711,1154
2026-02-06 13:48:00-05:00,QQQ,608.49,608.59,608.46,608.49,58454.0,608.5253,1159
2026-02-06 13:49:00-05:00,QQQ,608.485,608.54,608.42,608.495,99241.0,608.4835,1223
2026-02-06 13:50:00-05:00,QQQ,608.5,608.67,608.5,608.545,72829.0,608.5674,1315
2026-02-06 13:51:00-05:00,QQQ,608.535,608.58,608.39,608.4335,80042.0,608.5009,1302
2026-02-06 13:52:00-05:00,QQQ,608.43,608.55,608.3,608.51,69901.0,608.4442,1176
2026-02-06 13:53:00-05:00,QQQ,608.51,608.53,608.37,608.395,69006.0,608.4656,999
2026-02-06 13:54:00-05:00,QQQ,608.38,608.485,608.33,608.4,54971.0,608.3947,1044
2026-02-06 13:55:00-05:00,QQQ,608.4,608.47,608.335,608.367,95229.0,608.4131,1146
2026-02-06 13:56:00-05:00,QQQ,608.36,608.39,608.28,608.32,243381.0,608.3841,1047
2026-02-06 13:57:00-05:00,QQQ,608.31,608.38,608.21,608.325,60371.0,608.2885,1186
2026-02-06 13:58:00-05:00,QQQ,608.33,608.37,608.08,608.1303,114670.0,608.1931,1475
2026-02-06 13:59:00-05:00,QQQ,608.1301,608.148,608.01,608.07,101948.0,608.0785,1299
2026-02-06 14:00:00-05:00,QQQ,608.06,608.25,607.97,607.995,105606.0,608.0871,1581
2026-02-06 14:01:00-05:00,QQQ,608.01,608.24,608.0,608.21,64692.0,608.135,1220
2026-02-06 14:02:00-05:00,QQQ,608.212,608.42,608.21,608.35,113116.0,608.312,1540
2026-02-06 14:03:00-05:00,QQQ,608.34,608.37,608.255,608.29,58257.0,608.3068,1019
2026-02-06 14:04:00-05:00,QQQ,608.3,608.42,608.25,608.34,64501.0,608.3287,1110
2026-02-06 14:05:00-05:00,QQQ,608.35,608.48,608.17,608.175,83523.0,608.371,1333
2026-02-06 14:06:00-05:00,QQQ,608.18,608.28,608.12,608.24,47354.0,608.2042,894
2026-02-06 14:07:00-05:00,QQQ,608.245,608.305,608.18,608.3,60911.0,608.2541,1075
2026-02-06 14:08:00-05:00,QQQ,608.3,608.41,608.22,608.25,58093.0,608.3176,1115
2026-02-06 14:09:00-05:00,QQQ,608.25,608.29,608.09,608.23,57300.0,608.1817,1102
2026-02-06 14:10:00-05:00,QQQ,608.22,608.31,608.19,608.23,81173.0,608.2729,1174
2026-02-06 14:11:00-05:00,QQQ,608.23,608.325,608.19,608.24,37106.0,608.2476,858
2026-02-06 14:12:00-05:00,QQQ,608.225,608.25,607.91,607.9325,64317.0,608.0896,1198
2026-02-06 14:13:00-05:00,QQQ,607.93,608.02,607.88,607.97,54057.0,607.9582,1031
2026-02-06 14:14:00-05:00,QQQ,607.96,608.0,607.83,607.84,55698.0,607.9194,1196
2026-02-06 14:15:00-05:00,QQQ,607.84,608.045,607.84,607.95,78626.0,607.9573,1322
2026-02-06 14:16:00-05:00,QQQ,607.95,607.955,607.7246,607.73,137970.0,607.8477,1873
2026-02-06 14:17:00-05:00,QQQ,607.73,607.84,607.61,607.7,88162.0,607.7117,1492
2026-02-06 14:18:00-05:00,QQQ,607.71,607.91,607.67,607.77,91916.0,607.7557,1399
2026-02-06 14:19:00-05:00,QQQ,607.76,607.92,607.66,607.83,59398.0,607.7886,1048
2026-02-06 14:20:00-05:00,QQQ,607.82,608.05,607.8,607.835,61377.0,607.9453,1211
2026-02-06 14:21:00-05:00,QQQ,607.83,607.9,607.8,607.86,44949.0,607.8525,974
2026-02-06 14:22:00-05:00,QQQ,607.87,608.33,607.86,608.32,207103.0,602.6979,1742
2026-02-06 14:23:00-05:00,QQQ,608.32,608.56,608.23,608.45,113621.0,608.4105,1803
2026-02-06 14:24:00-05:00,QQQ,608.45,608.51,608.36,608.46,77462.0,608.4041,1395
2026-02-06 14:25:00-05:00,QQQ,608.45,608.535,608.385,608.48,63781.0,608.468,1274
2026-02-06 14:26:00-05:00,QQQ,608.48,608.54,608.41,608.5,47833.0,608.466,1080
2026-02-06 14:27:00-05:00,QQQ,608.5,608.54,608.32,608.32,124945.0,608.3827,1302
2026-02-06 14:28:00-05:00,QQQ,608.34,608.49,608.34,608.42,32407.0,608.4274,796
2026-02-06 14:29:00-05:00,QQQ,608.43,608.6199,608.43,608.57,42233.0,608.5378,1039
2026-02-06 14:30:00-05:00,QQQ,608.56,608.63,608.27,608.5,152283.0,608.4532,2341
2026-02-06 14:31:00-05:00,QQQ,608.5,608.57,608.42,608.48,44430.0,608.4969,972
2026-02-06 14:32:00-05:00,QQQ,608.47,608.58,608.43,608.57,53251.0,608.4977,1098
2026-02-06 14:33:00-05:00,QQQ,608.56,608.64,608.43,608.46,60191.0,608.5282,1143
2026-02-06 14:34:00-05:00,QQQ,608.45,608.46,608.32,608.32,68578.0,608.4243,1028
2026-02-06 14:35:00-05:00,QQQ,608.33,608.42,608.26,608.36,57115.0,608.3244,1030
2026-02-06 14:36:00-05:00,QQQ,608.34,608.425,608.27,608.41,46266.0,608.3481,933
2026-02-06 14:37:00-05:00,QQQ,608.42,608.42,608.2,608.3,55974.0,608.2945,1148
2026-02-06 14:38:00-05:00,QQQ,608.3,608.48,608.25,608.34,48243.0,608.3907,953
2026-02-06 14:39:00-05:00,QQQ,608.33,608.35,608.25,608.27,49738.0,608.3065,964
2026-02-06 14:40:00-05:00,QQQ,608.26,608.2601,608.1,608.12,70928.0,608.1784,1178
2026-02-06 14:41:00-05:00,QQQ,608.11,608.15,607.94,607.97,66142.0,608.0195,1354
2026-02-06 14:42:00-05:00,QQQ,607.975,608.02,607.84,607.95,52285.0,607.9471,1225
2026-02-06 14:43:00-05:00,QQQ,607.96,608.03,607.91,607.91,62020.0,607.9735,1165
2026-02-06 14:44:00-05:00,QQQ,607.92,607.96,607.83,607.875,59999.0,607.8996,1100
2026-02-06 14:45:00-05:00,QQQ,607.88,608.13,607.84,608.08,96874.0,608.0132,1638
2026-02-06 14:46:00-05:00,QQQ,608.06,608.27,608.015,608.23,64931.0,608.1654,1207
2026-02-06 14:47:00-05:00,QQQ,608.22,608.4,608.15,608.39,65936.0,608.2591,1143
2026-02-06 14:48:00-05:00,QQQ,608.39,608.5581,608.2418,608.55,76033.0,608.3899,1401
2026-02-06 14:49:00-05:00,QQQ,608.56,608.58,608.4,608.42,84619.0,608.4834,1377
2026-02-06 14:50:00-05:00,QQQ,608.41,608.44,608.18,608.39,82684.0,608.329,1565
2026-02-06 14:51:00-05:00,QQQ,608.38,608.39,608.31,608.35,37983.0,608.357,799
2026-02-06 14:52:00-05:00,QQQ,608.34,608.4099,608.27,608.39,109197.0,608.3777,1093
2026-02-06 14:53:00-05:00,QQQ,608.36,608.38,608.22,608.29,58958.0,608.3005,1161
2026-02-06 14:54:00-05:00,QQQ,608.29,608.32,608.19,608.24,58900.0,608.2545,933
2026-02-06 14:55:00-05:00,QQQ,608.24,608.29,608.01,608.02,102108.0,608.1547,1849
2026-02-06 14:56:00-05:00,QQQ,608.02,608.04,607.91,607.9799,61465.0,607.9842,1236
2026-02-06 14:57:00-05:00,QQQ,607.9301,608.125,607.77,607.82,90616.0,607.9624,1355
2026-02-06 14:58:00-05:00,QQQ,607.81,607.88,607.725,607.86,67315.0,607.8253,1208
2026-02-06 14:59:00-05:00,QQQ,607.85,607.85,607.6901,607.71,154598.0,600.7087,974
2026-02-06 15:00:00-05:00,QQQ,607.71,607.71,607.36,607.57,218795.0,607.5285,3512
2026-02-06 15:01:00-05:00,QQQ,607.57,607.8,607.54,607.8,130934.0,607.7093,1902
2026-02-06 15:02:00-05:00,QQQ,607.8,607.95,607.75,607.95,78922.0,607.8432,1282
2026-02-06 15:03:00-05:00,QQQ,607.95,608.09,607.91,608.04,101964.0,608.023,1446
2026-02-06 15:04:00-05:00,QQQ,608.05,608.11,608.02,608.0517,100815.0,608.0552,1337
2026-02-06 15:05:00-05:00,QQQ,608.06,608.44,608.03,608.4299,117062.0,608.2635,1427
2026-02-06 15:06:00-05:00,QQQ,608.43,608.48,608.32,608.34,110498.0,608.3754,1748
2026-02-06 15:07:00-05:00,QQQ,608.35,608.42,608.295,608.32,81133.0,608.3613,1406
2026-02-06 15:08:00-05:00,QQQ,608.33,608.39,608.29,608.35,58265.0,608.3352,1306
2026-02-06 15:09:00-05:00,QQQ,608.35,608.54,608.35,608.38,78827.0,608.4683,1296
2026-02-06 15:10:00-05:00,QQQ,608.385,608.39,608.2449,608.38,69828.0,608.3306,1182
2026-02-06 15:11:00-05:00,QQQ,608.38,608.47,608.24,608.3025,102787.0,608.3648,1872
2026-02-06 15:12:00-05:00,QQQ,608.3,608.39,608.26,608.305,204382.0,602.7098,1600
2026-02-06 15:13:00-05:00,QQQ,608.31,608.41,608.27,608.39,67134.0,608.3162,1151
2026-02-06 15:14:00-05:00,QQQ,608.38,608.43,608.35,608.37,74387.0,608.3916,1320
2026-02-06 15:15:00-05:00,QQQ,608.37,608.54,608.35,608.51,236062.0,603.5266,1430
2026-02-06 15:16:00-05:00,QQQ,608.51,608.55,608.4001,608.42,70462.0,608.4605,1492
2026-02-06 15:17:00-05:00,QQQ,608.41,608.54,608.39,608.45,110746.0,608.4707,1620
2026-02-06 15:18:00-05:00,QQQ,608.45,608.87,608.45,608.855,135928.0,608.6302,2001
2026-02-06 15:19:00-05:00,QQQ,608.85,608.86,608.695,608.82,98808.0,608.7667,1656
2026-02-06 15:20:00-05:00,QQQ,608.84,609.09,608.78,608.95,209526.0,608.9594,2948
2026-02-06 15:21:00-05:00,QQQ,608.93,608.94,608.71,608.81,151377.0,608.8136,2529
2026-02-06 15:22:00-05:00,QQQ,608.79,608.9001,608.73,608.85,135844.0,608.8108,1990
2026-02-06 15:23:00-05:00,QQQ,608.84,609.05,608.8,608.9498,218529.0,603.394,1908
2026-02-06 15:24:00-05:00,QQQ,608.95,608.995,608.84,608.86,86298.0,608.9126,1424
2026-02-06 15:25:00-05:00,QQQ,608.87,608.97,608.77,608.77,68614.0,608.8876,1221
2026-02-06 15:26:00-05:00,QQQ,608.7757,608.86,608.6905,608.84,184303.0,602.2911,1335
2026-02-06 15:27:00-05:00,QQQ,608.82,608.9,608.78,608.88,66301.0,608.8299,1104
2026-02-06 15:28:00-05:00,QQQ,608.89,608.995,608.83,608.83,94957.0,608.9227,1532
2026-02-06 15:29:00-05:00,QQQ,608.83,608.85,608.64,608.69,74291.0,608.7653,1216
2026-02-06 15:30:00-05:00,QQQ,608.69,608.69,608.48,608.64,130892.0,608.5654,1937
2026-02-06 15:31:00-05:00,QQQ,608.63,608.88,608.6,608.71,182647.0,608.7534,2251
2026-02-06 15:32:00-05:00,QQQ,608.7001,608.8,608.6276,608.71,134576.0,608.7179,1807
2026-02-06 15:33:00-05:00,QQQ,608.71,608.73,608.56,608.585,171458.0,601.7575,1277
2026-02-06 15:34:00-05:00,QQQ,608.59,608.695,608.55,608.56,173437.0,608.6095,1605
2026-02-06 15:35:00-05:00,QQQ,608.57,608.61,608.47,608.61,215346.0,603.1126,1718
2026-02-06 15:36:00-05:00,QQQ,608.6,608.6037,608.46,608.51,93167.0,608.5219,1535
2026-02-06 15:37:00-05:00,QQQ,608.515,608.67,608.51,608.665,142712.0,608.5871,1864
2026-02-06 15:38:00-05:00,QQQ,608.66,608.91,608.66,608.9,213828.0,608.7273,2419
2026-02-06 15:39:00-05:00,QQQ,608.895,608.94,608.81,608.92,107659.0,608.8793,1792
2026-02-06 15:40:00-05:00,QQQ,608.925,609.22,608.9,609.095,190851.0,609.0861,2838
2026-02-06 15:41:00-05:00,QQQ,609.095,609.24,609.085,609.21,188742.0,609.183,2758
2026-02-06 15:42:00-05:00,QQQ,609.21,609.68,609.2,609.48,397463.0,606.2894,3909
2026-02-06 15:43:00-05:00,QQQ,609.48,609.5,609.33,609.41,264503.0,609.4227,3258
2026-02-06 15:44:00-05:00,QQQ,609.4,609.665,609.39,609.66,235822.0,609.5409,3196
2026-02-06 15:45:00-05:00,QQQ,609.66,609.87,609.62,609.79,322942.0,605.7366,3001
2026-02-06 15:46:00-05:00,QQQ,609.8,610.105,609.73,610.02,266615.0,609.9143,4137
2026-02-06 15:47:00-05:00,QQQ,610.02,610.11,609.94,610.0999,299498.0,609.9957,2829
2026-02-06 15:48:00-05:00,QQQ,610.1,610.13,609.865,609.883391,294892.0,605.5253,2962
2026-02-06 15:49:00-05:00,QQQ,609.87,610.03,609.77,610.01,196911.0,609.8724,2659
2026-02-06 15:50:00-05:00,QQQ,610.01,610.68,609.89,610.63,613139.0,608.1677,7224
2026-02-06 15:51:00-05:00,QQQ,610.64,611.35,610.58,611.29,492856.0,611.0508,6711
2026-02-06 15:52:00-05:00,QQQ,611.3,611.41,610.98,611.03,475594.0,608.1857,5158
2026-02-06 15:53:00-05:00,QQQ,611.03,611.25,610.85,611.185,389285.0,611.0691,5327
2026-02-06 15:54:00-05:00,QQQ,611.19,611.2,610.86,610.97,574764.0,611.0193,7894
2026-02-06 15:55:00-05:00,QQQ,610.97,611.02,610.32,610.45,1066523.0,607.8316,9468
2026-02-06 15:56:00-05:00,QQQ,610.45,610.59,610.36,610.45,407025.0,610.4832,5654
2026-02-06 15:57:00-05:00,QQQ,610.44,610.68,610.26,610.53,388569.0,610.4871,5577
2026-02-06 15:58:00-05:00,QQQ,610.53,610.595,610.34,610.34,393462.0,610.4986,5387
2026-02-06 15:59:00-05:00,QQQ,610.35,610.63,609.55,609.63,1807604.0,609.3976,17043
2026-02-06 16:00:00-05:00,QQQ,609.61,609.89,609.1999,609.26,326991.0,605.6661,1135
2026-02-06 16:01:00-05:00,QQQ,609.32,610.0,609.32,609.79,59056.0,609.7156,532
2026-02-06 16:02:00-05:00,QQQ,609.79,609.88,609.39,609.42,52519.0,609.5309,291
2026-02-06 16:03:00-05:00,QQQ,609.4,609.49,609.31,609.36,320439.0,601.5488,364
2026-02-06 16:04:00-05:00,QQQ,609.34,609.5,609.22,609.48,166079.0,608.6261,253
2026-02-06 16:05:00-05:00,QQQ,609.4003,609.55,609.39,609.54,26169.0,609.4844,142
2026-02-06 16:06:00-05:00,QQQ,609.56,609.74,609.47,609.6099,92006.0,609.5292,437
2026-02-06 16:07:00-05:00,QQQ,609.58,609.59,609.41,609.44,18062.0,608.9496,122
2026-02-06 16:08:00-05:00,QQQ,609.42,609.45,609.31,609.37,20606.0,609.3664,147
2026-02-06 16:09:00-05:00,QQQ,609.35,609.35,609.19,609.19,23905.0,609.264,200
2026-02-06 16:10:00-05:00,QQQ,609.16,609.27,609.12,609.25,70246.0,609.2608,228
2026-02-06 16:11:00-05:00,QQQ,609.25,609.27,609.0807,609.15,102557.0,609.3904,245
2026-02-06 16:12:00-05:00,QQQ,609.15,609.21,609.07,609.14,113252.0,598.2564,85
2026-02-06 16:13:00-05:00,QQQ,609.17,609.25,609.04,609.0446,23627.0,609.137,168
2026-02-06 16:14:00-05:00,QQQ,609.04,609.28,609.02,609.14,1969026.0,609.9871,376
2026-02-06 16:15:00-05:00,QQQ,609.13,609.13,608.9562,608.98,10634.0,609.0258,99
2026-02-06 16:16:00-05:00,QQQ,608.97,609.0,608.87,608.93,15006.0,608.9356,118
2026-02-06 16:17:00-05:00,QQQ,608.999,609.1301,608.8901,609.1301,12340.0,609.0175,91
2026-02-06 16:18:00-05:00,QQQ,609.14,609.27,609.14,609.25,15314.0,609.1674,107
2026-02-06 16:19:00-05:00,QQQ,609.24,609.26,609.16,609.2,17786.0,609.2237,181
2026-02-06 16:20:00-05:00,QQQ,609.21,609.26,609.19,609.21,31215.0,609.232,144
2026-02-06 16:21:00-05:00,QQQ,609.23,609.23,609.13,609.16,6381.0,609.1603,64
2026-02-06 16:22:00-05:00,QQQ,609.14,609.14,608.96,608.96,26921.0,609.09,169
2026-02-06 16:23:00-05:00,QQQ,608.97,608.98,608.86,608.95,7984.0,608.8938,102
2026-02-06 16:24:00-05:00,QQQ,608.91,608.91,608.75,608.86,19393.0,608.8406,173
2026-02-06 16:25:00-05:00,QQQ,608.83,608.94,608.83,608.83,5366.0,608.844,72
2026-02-06 16:26:00-05:00,QQQ,608.82,608.85,608.8,608.81,4444.0,608.8104,42
2026-02-06 16:27:00-05:00,QQQ,608.82,608.82,608.71,608.77,2177.0,608.7561,52
2026-02-06 16:28:00-05:00,QQQ,608.76,608.8,608.68,608.8,30285.0,608.7365,241
2026-02-06 16:29:00-05:00,QQQ,608.83,608.83,608.7282,608.7282,7217.0,608.7918,81
2026-02-06 16:30:00-05:00,QQQ,608.72,608.77,608.67,608.73,12482.0,608.7145,134
2026-02-06 16:31:00-05:00,QQQ,608.7,608.7,608.6,608.6043,18850.0,608.76,155
2026-02-06 16:32:00-05:00,QQQ,608.62,608.65,608.52,608.55,29555.0,608.5823,241
2026-02-06 16:33:00-05:00,QQQ,608.56,608.67,608.56,608.65,4506.0,608.6246,77
2026-02-06 16:34:00-05:00,QQQ,608.67,608.7,608.64,608.66,16540.0,608.6664,150
2026-02-06 16:35:00-05:00,QQQ,608.69,608.8,608.65,608.74,7939.0,608.7169,105
2026-02-06 16:36:00-05:00,QQQ,608.67,608.76,608.64,608.73,6168.0,608.7265,69
2026-02-06 16:37:00-05:00,QQQ,608.77,608.79,608.7,608.7798,7787.0,608.7457,95
2026-02-06 16:38:00-05:00,QQQ,608.76,608.76,608.62,608.679,3842.0,608.6945,69
2026-02-06 16:39:00-05:00,QQQ,608.6527,608.681,608.6,608.6,6475.0,608.6481,95
2026-02-06 16:40:00-05:00,QQQ,608.58,608.7198,608.56,608.7198,15960.0,608.6014,136
2026-02-06 16:41:00-05:00,QQQ,608.68,608.76,608.65,608.65,9360.0,608.7277,135
2026-02-06 16:42:00-05:00,QQQ,608.63,608.63,608.5736,608.63,1929.0,608.613,40
2026-02-06 16:43:00-05:00,QQQ,608.61,608.61,608.5,608.5,16508.0,608.5219,127
2026-02-06 16:44:00-05:00,QQQ,608.5,608.7,608.44,608.7,20650.0,608.5976,174
2026-02-06 16:45:00-05:00,QQQ,608.67,608.67,608.61,608.61,4020.0,608.6505,47
2026-02-06 16:46:00-05:00,QQQ,608.54,608.59,608.5,608.5689,3976.0,608.5474,57
2026-02-06 16:47:00-05:00,QQQ,608.57,608.6,608.48,608.54,3161.0,608.5093,41
2026-02-06 16:48:00-05:00,QQQ,608.53,608.57,608.5,608.57,1948.0,608.5359,22
2026-02-06 16:49:00-05:00,QQQ,608.53,608.53,608.4,608.4,8799.0,608.4462,111
2026-02-06 16:50:00-05:00,QQQ,608.4,608.41,608.25,608.25,26538.0,608.2989,181
2026-02-06 16:51:00-05:00,QQQ,608.23,608.34,608.23,608.29,2598.0,608.3018,40
2026-02-06 16:52:00-05:00,QQQ,608.31,608.38,608.285,608.36,2337.0,608.333,46
2026-02-06 16:53:00-05:00,QQQ,608.37,608.49,608.37,608.49,10865.0,608.43,53
2026-02-06 16:54:00-05:00,QQQ,608.48,608.54,608.41,608.4199,17892.0,608.4816,110
2026-02-06 16:55:00-05:00,QQQ,608.41,608.5,608.31,608.5,13033.0,608.368,83
2026-02-06 16:56:00-05:00,QQQ,608.46,608.74,608.44,608.58,10133.0,608.5625,92
2026-02-06 16:57:00-05:00,QQQ,608.61,608.669,608.4596,608.46,10023.0,608.611,100
2026-02-06 16:58:00-05:00,QQQ,608.52,608.52,608.5,608.5,9112.0,608.5012,38
2026-02-06 16:59:00-05:00,QQQ,608.58,608.72,608.5332,608.68,22160.0,608.6501,122
2026-02-06 17:00:00-05:00,QQQ,608.69,608.79,608.68,608.75,2116.0,608.7372,53
2026-02-06 17:01:00-05:00,QQQ,608.76,608.99,608.76,608.82,2865.0,608.841,39
2026-02-06 17:02:00-05:00,QQQ,608.91,608.97,608.8,608.89,1621.0,608.8981,28
2026-02-06 17:03:00-05:00,QQQ,608.87,608.89,608.7,608.85,2423.0,608.8141,69
2026-02-06 17:04:00-05:00,QQQ,608.85,608.85,608.84,608.84,603.0,608.854,32
2026-02-06 17:05:00-05:00,QQQ,608.8532,608.99,608.83,608.97,2402.0,608.9604,54
2026-02-06 17:06:00-05:00,QQQ,608.99,609.13,608.98,609.08,10014.0,609.0344,166
2026-02-06 17:07:00-05:00,QQQ,609.0007,609.04,609.0,609.04,1912.0,609.0026,18
2026-02-06 17:08:00-05:00,QQQ,609.03,609.03,609.02,609.02,346.0,609.0236,15
2026-02-06 17:09:00-05:00,QQQ,608.97,608.9877,608.96,608.9877,291.0,608.9758,22
2026-02-06 17:10:00-05:00,QQQ,609.03,609.15,609.0,609.03,9214.0,609.0763,82
2026-02-06 17:11:00-05:00,QQQ,609.06,609.06,608.99,608.99,1533.0,606.8859,33
2026-02-06 17:12:00-05:00,QQQ,609.03,609.04,608.98,609.03,1971.0,608.9981,39
2026-02-06 17:13:00-05:00,QQQ,609.03,609.04,608.9807,608.9807,2774.0,609.0053,35
2026-02-06 17:14:00-05:00,QQQ,609.04,609.04,608.99,609.03,946.0,609.0263,16
2026-02-06 17:15:00-05:00,QQQ,609.01,609.01,608.97,608.97,2741.0,609.0022,40
2026-02-06 17:16:00-05:00,QQQ,609.01,609.01,609.0,609.01,2075.0,609.0082,45
2026-02-06 17:17:00-05:00,QQQ,609.01,609.01,609.01,609.01,880.0,609.009,24
2026-02-06 17:18:00-05:00,QQQ,609.01,609.07,608.95,608.96,3236.0,608.9914,73
2026-02-06 17:19:00-05:00,QQQ,608.94,608.94,608.9,608.9,7386.0,608.9203,187
2026-02-06 17:20:00-05:00,QQQ,608.93,608.93,608.79,608.8,5193.0,608.8641,68
2026-02-06 17:21:00-05:00,QQQ,608.75,608.82,608.7,608.7,2912.0,608.7307,48
2026-02-06 17:22:00-05:00,QQQ,608.85,608.85,608.7,608.7,1402.0,608.7263,52
2026-02-06 17:23:00-05:00,QQQ,608.79,608.83,608.79,608.83,2475.0,608.8189,45
2026-02-06 17:24:00-05:00,QQQ,608.75,608.8486,608.73,608.8486,2068.0,608.7893,24
2026-02-06 17:25:00-05:00,QQQ,608.8,608.8,608.8,608.8,1103.0,608.7979,25
2026-02-06 17:26:00-05:00,QQQ,608.8262,608.8262,608.75,608.75,244.0,608.7898,16
2026-02-06 17:27:00-05:00,QQQ,608.76,608.84,608.76,608.84,411.0,608.8072,19
2026-02-06 17:28:00-05:00,QQQ,608.84,608.85,608.76,608.76,2450.0,608.7941,27
2026-02-06 17:29:00-05:00,QQQ,608.76,608.85,608.76,608.85,1166.0,608.8151,22
2026-02-06 17:30:00-05:00,QQQ,608.77,608.78,608.739,608.78,2667.0,608.746,39
2026-02-06 17:31:00-05:00,QQQ,608.78,608.78,608.78,608.78,140.0,608.7823,14
2026-02-06 17:33:00-05:00,QQQ,608.7801,608.7801,608.7801,608.7801,246.0,608.7874,12
2026-02-06 17:34:00-05:00,QQQ,608.82,608.82,608.8,608.8,623.0,608.8083,18
2026-02-06 17:35:00-05:00,QQQ,608.84,608.8469,608.83,608.83,3204.0,608.8326,36
2026-02-06 17:36:00-05:00,QQQ,608.84,608.84,608.7,608.7,5704.0,608.824,81
2026-02-06 17:37:00-05:00,QQQ,608.76,608.76,608.67,608.67,771.0,608.7353,51
2026-02-06 17:38:00-05:00,QQQ,608.7989,608.7989,608.7499,608.7499,720.0,608.7609,21
2026-02-06 17:39:00-05:00,QQQ,608.7491,608.7491,608.7491,608.7491,506.0,608.7483,24
2026-02-06 17:40:00-05:00,QQQ,608.69,608.69,608.67,608.67,3047.0,608.6894,96
2026-02-06 17:41:00-05:00,QQQ,608.69,608.69,608.69,608.69,551.0,608.6987,62
2026-02-06 17:43:00-05:00,QQQ,608.75,608.75,608.7003,608.7003,2141.0,608.7476,52
2026-02-06 17:44:00-05:00,QQQ,608.7001,608.75,608.7001,608.75,743.0,608.7403,25
2026-02-06 17:45:00-05:00,QQQ,608.75,608.75,608.7475,608.75,3021.0,608.7498,30
2026-02-06 17:46:00-05:00,QQQ,608.75,608.75,608.75,608.75,143.0,608.7473,22
2026-02-06 17:47:00-05:00,QQQ,608.75,608.75,608.7,608.75,3708.0,608.7471,75
2026-02-06 17:48:00-05:00,QQQ,608.69,608.74,608.69,608.74,1397.0,608.7359,38
2026-02-06 17:49:00-05:00,QQQ,608.75,608.75,608.72,608.74,1989.0,608.7478,71
2026-02-06 17:50:00-05:00,QQQ,608.75,608.75,608.7,608.7,1423.0,608.7186,30
2026-02-06 17:51:00-05:00,QQQ,608.7,608.88,608.7,608.88,2466.0,608.7099,44
2026-02-06 17:52:00-05:00,QQQ,608.88,609.0,608.88,609.0,2113.0,608.97,40
2026-02-06 17:54:00-05:00,QQQ,608.9999,608.9999,608.9999,608.9999,420.0,608.9997,6
2026-02-06 17:55:00-05:00,QQQ,608.99,609.0,608.85,608.85,562.0,608.9166,40
2026-02-06 17:56:00-05:00,QQQ,608.78,608.78,608.75,608.75,594.0,608.759,33
2026-02-06 17:59:00-05:00,QQQ,608.84,608.84,608.84,608.84,195.0,608.8307,23
2026-02-06 18:00:00-05:00,QQQ,608.81,608.82,608.81,608.82,1413.0,608.8191,22
2026-02-06 18:01:00-05:00,QQQ,608.83,608.83,608.82,608.8207,4387.0,608.8289,31
2026-02-06 18:02:00-05:00,QQQ,608.83,608.83,608.8,608.8,286.0,608.8104,17
2026-02-06 18:03:00-05:00,QQQ,608.83,608.84,608.83,608.84,442.0,608.8367,20
2026-02-06 18:04:00-05:00,QQQ,608.8492,608.8492,608.8492,608.8492,560.0,608.8482,9
2026-02-06 18:05:00-05:00,QQQ,608.84,608.84,608.84,608.84,228.0,608.8334,21
2026-02-06 18:06:00-05:00,QQQ,608.84,608.85,608.84,608.85,407.0,608.845,19
2026-02-06 18:08:00-05:00,QQQ,608.84,608.85,608.84,608.85,4720.0,608.8497,32
2026-02-06 18:09:00-05:00,QQQ,608.92,608.92,608.92,608.92,79.0,608.9111,15
2026-02-06 18:10:00-05:00,QQQ,608.98,609.0,608.98,608.9964,2601.0,608.9952,31
2026-02-06 18:11:00-05:00,QQQ,609.0,609.02,609.0,609.02,1926.0,609.0045,44
2026-02-06 18:12:00-05:00,QQQ,609.04,609.23,609.04,609.23,1445.0,609.1516,28
2026-02-06 18:13:00-05:00,QQQ,609.02,609.21,609.02,609.2,486.0,609.1638,91
2026-02-06 18:14:00-05:00,QQQ,609.23,609.23,609.1601,609.18,1201.0,609.1668,11
2026-02-06 18:15:00-05:00,QQQ,609.23,609.23,608.84,608.84,3758.0,608.9987,59
2026-02-06 18:16:00-05:00,QQQ,609.23,609.23,609.23,609.23,142.0,609.2216,8
2026-02-06 18:18:00-05:00,QQQ,609.19,609.19,609.19,609.19,81.0,609.1568,10
2026-02-06 18:19:00-05:00,QQQ,609.19,609.19,609.19,609.19,508.0,609.1888,8
2026-02-06 18:20:00-05:00,QQQ,609.19,609.19,609.19,609.19,104.0,609.1877,5
2026-02-06 18:22:00-05:00,QQQ,609.15,609.19,609.15,609.19,321.0,609.1632,19
2026-02-06 18:23:00-05:00,QQQ,609.1,609.1,609.0155,609.1,387.0,609.0652,10
2026-02-06 18:24:00-05:00,QQQ,609.07,609.07,609.0,609.02,550.0,609.0298,33
2026-02-06 18:25:00-05:00,QQQ,609.01,609.1,609.0,609.1,889.0,609.018,21
2026-02-06 18:26:00-05:00,QQQ,609.01,609.01,609.01,609.01,137.0,609.0128,13
2026-02-06 18:28:00-05:00,QQQ,609.05,609.05,609.04,609.04,566.0,609.0444,13
2026-02-06 18:29:00-05:00,QQQ,609.04,609.04,609.01,609.04,682.0,609.0363,21
2026-02-06 18:30:00-05:00,QQQ,609.08,609.08,609.08,609.08,114.0,609.0759,13
2026-02-06 18:31:00-05:00,QQQ,609.03,609.03,609.03,609.03,232.0,609.0309,8
2026-02-06 18:33:00-05:00,QQQ,609.04,609.04,609.04,609.04,258.0,609.0394,10
2026-02-06 18:34:00-05:00,QQQ,609.03,609.08,609.02,609.08,799.0,609.0383,23
2026-02-06 18:35:00-05:00,QQQ,609.08,609.1,609.08,609.09,2457.0,609.0967,22
2026-02-06 18:36:00-05:00,QQQ,609.03,609.03,608.97,608.97,1114.0,608.9847,14
2026-02-06 18:38:00-05:00,QQQ,609.09,609.09,609.06,609.06,2727.0,609.0856,17
2026-02-06 18:39:00-05:00,QQQ,609.08,609.1,609.08,609.1,5449.0,609.0989,26
2026-02-06 18:40:00-05:00,QQQ,609.05,609.05,609.05,609.05,439.0,609.0497,6
2026-02-06 18:41:00-05:00,QQQ,609.1,609.1,609.1,609.1,371.0,609.0982,13
2026-02-06 18:43:00-05:00,QQQ,609.09,609.1,609.09,609.09,2316.0,609.0973,18
2026-02-06 18:44:00-05:00,QQQ,609.0999,609.1,609.09,609.1,1720.0,609.0969,19
2026-02-06 18:45:00-05:00,QQQ,609.09,609.1,609.08,609.1,371.0,609.0922,17
2026-02-06 18:46:00-05:00,QQQ,609.1,609.1,609.08,609.08,908.0,609.0924,20
2026-02-06 18:47:00-05:00,QQQ,609.07,609.1,609.07,609.1,4392.0,609.0993,34
2026-02-06 18:48:00-05:00,QQQ,609.1004,609.15,609.1004,609.15,284.0,609.126,14
2026-02-06 18:49:00-05:00,QQQ,609.15,609.15,609.15,609.15,969.0,609.1471,17
2026-02-06 18:50:00-05:00,QQQ,609.1,609.1,609.1,609.1,215.0,609.1182,40
2026-02-06 18:51:00-05:00,QQQ,609.1,609.1,609.1,609.1,314.0,609.105,28
2026-02-06 18:52:00-05:00,QQQ,609.11,609.11,609.11,609.11,189.0,609.1271,15
2026-02-06 18:53:00-05:00,QQQ,609.14,609.15,609.14,609.15,215.0,609.1425,11
2026-02-06 18:54:00-05:00,QQQ,609.14,609.14,609.14,609.14,411.0,609.1402,15
2026-02-06 18:55:00-05:00,QQQ,609.15,609.15,609.1,609.1,930.0,609.1404,17
2026-02-06 18:56:00-05:00,QQQ,609.1077,609.15,609.1077,609.15,1454.0,609.141,14
2026-02-06 18:57:00-05:00,QQQ,609.14,609.15,609.14,609.15,911.0,609.1458,22
2026-02-06 18:58:00-05:00,QQQ,609.15,609.15,609.13,609.13,153.0,609.1385,13
2026-02-06 18:59:00-05:00,QQQ,609.15,609.15,609.08,609.15,1169.0,609.1425,24
2026-02-06 19:00:00-05:00,QQQ,609.14,609.14,609.14,609.14,193.0,609.1431,29
2026-02-06 19:01:00-05:00,QQQ,609.15,609.15,609.15,609.15,1526.0,609.1495,21
2026-02-06 19:03:00-05:00,QQQ,609.12,609.12,609.12,609.12,223.0,609.121,6
2026-02-06 19:04:00-05:00,QQQ,609.15,609.15,609.1491,609.1491,1961.0,609.15,30
2026-02-06 19:05:00-05:00,QQQ,609.14,609.14,609.14,609.14,69.0,609.1397,15
2026-02-06 19:06:00-05:00,QQQ,609.14,609.15,609.1208,609.15,414.0,609.1376,16
2026-02-06 19:07:00-05:00,QQQ,609.15,609.15,609.15,609.15,87.0,609.1443,23
2026-02-06 19:08:00-05:00,QQQ,609.15,609.2,609.15,609.2,4763.0,609.1521,20
2026-02-06 19:09:00-05:00,QQQ,609.1739,609.1739,609.1739,609.1739,86.0,609.1879,14
2026-02-06 19:10:00-05:00,QQQ,609.18,609.18,609.18,609.18,86.0,609.1857,12
2026-02-06 19:11:00-05:00,QQQ,609.2,609.2,609.2,609.2,96.0,609.2003,10
2026-02-06 19:12:00-05:00,QQQ,609.2,609.2,609.2,609.2,148.0,609.2062,17
2026-02-06 19:13:00-05:00,QQQ,609.2468,609.2468,609.19,609.19,220.0,609.2141,13
2026-02-06 19:14:00-05:00,QQQ,609.23,609.23,609.23,609.23,69.0,609.2277,6
2026-02-06 19:17:00-05:00,QQQ,609.1993,609.1993,609.1993,609.1993,149.0,609.2142,16
2026-02-06 19:18:00-05:00,QQQ,609.18,609.2254,609.18,609.22,381.0,609.2101,27
2026-02-06 19:19:00-05:00,QQQ,609.23,609.23,609.226,609.226,417.0,609.2273,13
2026-02-06 19:20:00-05:00,QQQ,609.2,609.2,609.2,609.2,251.0,609.2001,4
2026-02-06 19:21:00-05:00,QQQ,609.21,609.23,609.21,609.23,772.0,609.2107,21
2026-02-06 19:22:00-05:00,QQQ,609.25,609.3,609.25,609.3,216.0,609.2643,14
2026-02-06 19:23:00-05:00,QQQ,609.3,609.3,609.23,609.23,369.0,609.2565,10
2026-02-06 19:24:00-05:00,QQQ,609.25,609.29,609.25,609.29,145.0,609.2741,13
2026-02-06 19:26:00-05:00,QQQ,609.3,609.36,609.25,609.33,627.0,609.2971,33
2026-02-06 19:27:00-05:00,QQQ,609.4,609.4,609.33,609.4,666.0,609.3893,9
2026-02-06 19:28:00-05:00,QQQ,609.34,609.4,609.34,609.4,584.0,609.3931,20
2026-02-06 19:29:00-05:00,QQQ,609.4,609.4,609.4,609.4,60.0,609.3958,7
2026-02-06 19:30:00-05:00,QQQ,609.37,609.41,609.37,609.41,479.0,609.3811,10
2026-02-06 19:31:00-05:00,QQQ,609.45,609.45,609.45,609.45,113.0,609.4432,10
2026-02-06 19:34:00-05:00,QQQ,609.4308,609.45,609.4308,609.45,203.0,609.4406,19
2026-02-06 19:35:00-05:00,QQQ,609.49,609.49,609.49,609.49,540.0,609.4671,64
2026-02-06 19:36:00-05:00,QQQ,609.4999,609.5,609.4995,609.5,892.0,609.499,25
2026-02-06 19:37:00-05:00,QQQ,609.4998,609.5,609.49,609.49,1500.0,609.494,19
2026-02-06 19:38:00-05:00,QQQ,609.49,609.5,609.49,609.49,1383.0,609.491,22
2026-02-06 19:39:00-05:00,QQQ,609.49,609.4902,609.49,609.4902,500.0,609.4903,24
2026-02-06 19:40:00-05:00,QQQ,609.49,609.53,609.49,609.53,311.0,609.504,24
2026-02-06 19:41:00-05:00,QQQ,609.54,609.55,609.54,609.55,218.0,609.5456,20
2026-02-06 19:42:00-05:00,QQQ,609.49,609.56,609.49,609.56,437.0,609.5173,23
2026-02-06 19:43:00-05:00,QQQ,609.51,609.51,609.51,609.51,161.0,609.5167,11
2026-02-06 19:44:00-05:00,QQQ,609.55,609.58,609.55,609.58,442.0,609.5614,18
2026-02-06 19:45:00-05:00,QQQ,609.5731,609.59,609.57,609.59,1437.0,609.5794,26
2026-02-06 19:46:00-05:00,QQQ,609.51,609.56,609.51,609.56,473.0,609.5367,32
2026-02-06 19:47:00-05:00,QQQ,609.5,609.54,609.5,609.5005,703.0,609.514,19
2026-02-06 19:48:00-05:00,QQQ,609.5,609.52,609.5,609.52,264.0,609.5107,14
2026-02-06 19:49:00-05:00,QQQ,609.52,609.54,609.52,609.54,465.0,609.5328,22
2026-02-06 19:50:00-05:00,QQQ,609.55,609.55,609.55,609.55,186.0,609.5451,16
2026-02-06 19:51:00-05:00,QQQ,609.56,609.56,609.49,609.49,1239.0,609.5332,35
2026-02-06 19:52:00-05:00,QQQ,609.5498,609.6,609.52,609.6,1471.0,609.5587,85
2026-02-06 19:53:00-05:00,QQQ,609.6,609.6,609.48,609.48,5795.0,609.4963,42
2026-02-06 19:54:00-05:00,QQQ,609.4999,609.55,609.4999,609.55,416.0,609.5104,19
2026-02-06 19:55:00-05:00,QQQ,609.48,609.48,609.45,609.45,388.0,609.4672,35
2026-02-06 19:56:00-05:00,QQQ,609.45,609.54,609.45,609.5,1081.0,609.5013,28
2026-02-06 19:57:00-05:00,QQQ,609.45,609.5266,609.45,609.5266,620.0,609.4895,31
2026-02-06 19:58:00-05:00,QQQ,609.54,609.54,609.54,609.54,479.0,609.5084,48
2026-02-06 19:59:00-05:00,QQQ,609.49,609.59,609.49,609.54,2353.0,609.5539,48
