datetime,ticker,open,high,low,close,volume,vwap,transactions
2026-02-03 04:00:00-05:00,SQQQ,63.96,63.96,63.83,63.86,16472.0,63.8961,115
2026-02-03 04:01:00-05:00,SQQQ,63.88,63.88,63.79,63.8,10708.0,63.8108,88
2026-02-03 04:02:00-05:00,SQQQ,63.81,63.82,63.8,63.81,2731.0,63.8077,45
2026-02-03 04:03:00-05:00,SQQQ,63.85,63.92,63.85,63.86,2561.0,63.8806,33
2026-02-03 04:04:00-05:00,SQQQ,63.88,63.88,63.85,63.86,1107.0,63.8654,22
2026-02-03 04:05:00-05:00,SQQQ,63.81,63.81,63.72,63.72,3080.0,63.7599,66
2026-02-03 04:06:00-05:00,SQQQ,63.72,63.75,63.72,63.75,4893.0,63.7289,56
2026-02-03 04:07:00-05:00,SQQQ,63.77,63.78,63.75,63.75,2679.0,63.7624,27
2026-02-03 04:08:00-05:00,SQQQ,63.77,63.78,63.75,63.78,2925.0,63.77,36
2026-02-03 04:09:00-05:00,SQQQ,63.81,63.81,63.8,63.8,4465.0,63.8009,39
2026-02-03 04:10:00-05:00,SQQQ,63.89,63.89,63.87,63.87,1196.0,63.8846,14
2026-02-03 04:11:00-05:00,SQQQ,63.86,63.93,63.86,63.92,3148.0,63.9043,20
2026-02-03 04:12:00-05:00,SQQQ,63.93,63.93,63.9,63.9,2230.0,63.9185,28
2026-02-03 04:13:00-05:00,SQQQ,63.91,63.96,63.91,63.96,1420.0,63.9484,16
2026-02-03 04:14:00-05:00,SQQQ,63.95,63.96,63.91,63.96,7328.0,63.9365,55
2026-02-03 04:15:00-05:00,SQQQ,63.95,63.96,63.94,63.95,2661.0,63.9538,36
2026-02-03 04:16:00-05:00,SQQQ,63.96,63.96,63.87,63.87,3452.0,63.9076,31
2026-02-03 04:17:00-05:00,SQQQ,63.88,63.92,63.88,63.88,10664.0,63.9018,72
2026-02-03 04:18:00-05:00,SQQQ,63.89,63.94,63.89,63.89,2727.0,63.9169,26
2026-02-03 04:19:00-05:00,SQQQ,63.92,63.92,63.88,63.88,1758.0,63.8957,23
2026-02-03 04:20:00-05:00,SQQQ,63.89,63.94,63.89,63.93,7760.0,63.9108,78
2026-02-03 04:21:00-05:00,SQQQ,63.94,63.94,63.89,63.91,5872.0,63.898,51
2026-02-03 04:22:00-05:00,SQQQ,63.92,63.93,63.89,63.91,2560.0,63.9152,28
2026-02-03 04:23:00-05:00,SQQQ,63.93,64.01,63.91,64.01,9561.0,63.9495,68
2026-02-03 04:24:00-05:00,SQQQ,64.0,64.03,63.96,64.03,2115.0,64.0068,34
2026-02-03 04:25:00-05:00,SQQQ,64.05,64.07,64.03,64.07,1289.0,64.0554,31
2026-02-03 04:26:00-05:00,SQQQ,64.07,64.09,64.01,64.04,8849.0,64.0727,65
2026-02-03 04:27:00-05:00,SQQQ,64.02,64.05,64.01,64.05,2193.0,64.0382,21
2026-02-03 04:28:00-05:00,SQQQ,64.03,64.04,64.03,64.04,1615.0,64.0325,20
2026-02-03 04:29:00-05:00,SQQQ,64.04,64.06,64.01,64.06,3421.0,64.0308,41
2026-02-03 04:30:00-05:00,SQQQ,64.03,64.06,64.03,64.06,3502.0,64.041,26
2026-02-03 04:31:00-05:00,SQQQ,64.04,64.06,64.0,64.0,5786.0,64.0135,36
2026-02-03 04:32:00-05:00,SQQQ,64.0,64.01,63.96,63.96,5350.0,63.986,42
2026-02-03 04:33:00-05:00,SQQQ,63.98,63.98,63.95,63.96,3300.0,63.9636,53
2026-02-03 04:34:00-05:00,SQQQ,63.95,63.95,63.95,63.95,155.0,63.9599,6
2026-02-03 04:35:00-05:00,SQQQ,64.01,64.03,63.98,64.0,2671.0,64.0007,31
2026-02-03 04:36:00-05:00,SQQQ,64.02,64.07,64.02,64.05,7537.0,64.0381,84
2026-02-03 04:37:00-05:00,SQQQ,64.04,64.05,64.02,64.05,2798.0,64.0375,50
2026-02-03 04:38:00-05:00,SQQQ,64.06,64.08,64.05,64.08,3184.0,64.0637,28
2026-02-03 04:39:00-05:00,SQQQ,64.08,64.09,64.06,64.07,1858.0,64.0774,34
2026-02-03 04:40:00-05:00,SQQQ,64.05,64.07,64.02,64.02,2390.0,64.0445,16
2026-02-03 04:41:00-05:00,SQQQ,64.02,64.06,64.02,64.04,3919.0,64.0383,22
2026-02-03 04:42:00-05:00,SQQQ,64.03,64.03,63.98,64.01,3091.0,64.0095,30
2026-02-03 04:43:00-05:00,SQQQ,64.02,64.02,63.99,64.0,2426.0,64.0077,34
2026-02-03 04:44:00-05:00,SQQQ,64.03,64.04,64.01,64.03,2348.0,64.0262,19
2026-02-03 04:45:00-05:00,SQQQ,64.02,64.02,63.99,64.01,4161.0,64.0033,57
2026-02-03 04:46:00-05:00,SQQQ,63.98,64.07,63.98,64.04,5531.0,64.042,51
2026-02-03 04:47:00-05:00,SQQQ,64.03,64.04,64.02,64.02,3167.0,64.0375,33
2026-02-03 04:48:00-05:00,SQQQ,64.03,64.03,63.99,63.99,5120.0,64.0103,52
2026-02-03 04:49:00-05:00,SQQQ,63.99,63.99,63.99,63.99,2765.0,63.9901,11
2026-02-03 04:50:00-05:00,SQQQ,63.98,63.98,63.98,63.98,377.0,63.9801,6
2026-02-03 04:51:00-05:00,SQQQ,63.99,63.99,63.97,63.97,1190.0,63.9716,11
2026-02-03 04:52:00-05:00,SQQQ,63.98,63.98,63.97,63.97,981.0,63.971,11
2026-02-03 04:53:00-05:00,SQQQ,63.96,63.97,63.96,63.97,803.0,63.965,12
2026-02-03 04:54:00-05:00,SQQQ,64.0,64.0,64.0,64.0,353.0,63.9991,5
2026-02-03 04:55:00-05:00,SQQQ,64.03,64.06,64.01,64.06,1111.0,64.0338,10
2026-02-03 04:56:00-05:00,SQQQ,64.09,64.09,64.05,64.07,2276.0,64.0672,12
2026-02-03 04:57:00-05:00,SQQQ,64.07,64.08,64.05,64.06,2186.0,64.0655,17
2026-02-03 04:58:00-05:00,SQQQ,64.06,64.07,64.05,64.07,2457.0,64.0594,21
2026-02-03 04:59:00-05:00,SQQQ,64.01,64.01,64.01,64.01,920.0,64.0157,15
2026-02-03 05:02:00-05:00,SQQQ,63.98,63.98,63.98,63.98,1121.0,63.9795,14
2026-02-03 05:03:00-05:00,SQQQ,63.98,63.98,63.98,63.98,121.0,63.9783,2
2026-02-03 05:04:00-05:00,SQQQ,63.95,63.95,63.93,63.93,1153.0,63.9318,16
2026-02-03 05:05:00-05:00,SQQQ,63.89,63.89,63.88,63.88,1012.0,63.8883,18
2026-02-03 05:06:00-05:00,SQQQ,63.91,63.92,63.9,63.92,1743.0,63.9091,12
2026-02-03 05:07:00-05:00,SQQQ,63.93,63.93,63.9,63.91,2220.0,63.9158,25
2026-02-03 05:09:00-05:00,SQQQ,63.93,63.93,63.9,63.92,18374.0,63.9131,113
2026-02-03 05:10:00-05:00,SQQQ,63.89,63.92,63.86,63.92,1586.0,63.8868,34
2026-02-03 05:11:00-05:00,SQQQ,63.94,63.94,63.94,63.94,1180.0,63.9397,9
2026-02-03 05:12:00-05:00,SQQQ,63.91,63.93,63.91,63.93,4183.0,63.9225,36
2026-02-03 05:13:00-05:00,SQQQ,63.91,63.91,63.9,63.9,500.0,63.9078,10
2026-02-03 05:14:00-05:00,SQQQ,63.93,63.94,63.93,63.94,3582.0,63.9395,5
2026-02-03 05:15:00-05:00,SQQQ,63.93,63.95,63.92,63.92,3549.0,63.9456,9
2026-02-03 05:16:00-05:00,SQQQ,63.9,63.9,63.9,63.9,279.0,63.9,4
2026-02-03 05:17:00-05:00,SQQQ,63.92,63.92,63.92,63.92,117.0,63.919,3
2026-02-03 05:18:00-05:00,SQQQ,63.92,63.92,63.92,63.92,121.0,63.92,3
2026-02-03 05:19:00-05:00,SQQQ,63.99,63.99,63.96,63.96,567.0,63.9802,10
2026-02-03 05:22:00-05:00,SQQQ,63.97,63.99,63.97,63.99,1336.0,63.9846,20
2026-02-03 05:23:00-05:00,SQQQ,64.0,64.0,64.0,64.0,2490.0,63.9996,30
2026-02-03 05:25:00-05:00,SQQQ,64.0,64.0,64.0,64.0,1101.0,64.0,5
2026-02-03 05:27:00-05:00,SQQQ,64.01,64.01,64.01,64.01,353.0,64.0032,5
2026-02-03 05:28:00-05:00,SQQQ,63.97,64.0,63.97,64.0,626.0,63.9858,12
2026-02-03 05:29:00-05:00,SQQQ,63.99,63.99,63.99,63.99,481.0,63.9879,11
2026-02-03 05:31:00-05:00,SQQQ,64.03,64.03,64.03,64.03,224.0,64.0212,7
2026-02-03 05:32:00-05:00,SQQQ,64.04,64.04,64.04,64.04,524.0,64.0428,19
2026-02-03 05:33:00-05:00,SQQQ,64.04,64.04,64.03,64.03,880.0,64.0409,13
2026-02-03 05:35:00-05:00,SQQQ,64.08,64.1,64.08,64.1,2095.0,64.0908,27
2026-02-03 05:38:00-05:00,SQQQ,64.11,64.11,64.1,64.1,1023.0,64.1015,24
2026-02-03 05:39:00-05:00,SQQQ,64.09,64.12,64.09,64.12,1276.0,64.1034,16
2026-02-03 05:40:00-05:00,SQQQ,64.15,64.15,64.15,64.15,136.0,64.1458,5
2026-02-03 05:41:00-05:00,SQQQ,64.14,64.17,64.14,64.17,503.0,64.1538,18
2026-02-03 05:42:00-05:00,SQQQ,64.16,64.16,64.15,64.16,551.0,64.1579,22
2026-02-03 05:43:00-05:00,SQQQ,64.16,64.16,64.15,64.15,1427.0,64.1508,41
2026-02-03 05:44:00-05:00,SQQQ,64.15,64.16,64.15,64.16,2742.0,64.1541,30
2026-02-03 05:46:00-05:00,SQQQ,64.15,64.15,64.15,64.15,273.0,64.1445,9
2026-02-03 05:47:00-05:00,SQQQ,64.11,64.11,64.11,64.11,155.0,64.1135,3
2026-02-03 05:49:00-05:00,SQQQ,64.11,64.11,64.1,64.1,2422.0,64.1101,12
2026-02-03 05:50:00-05:00,SQQQ,64.12,64.13,64.1,64.1,1563.0,64.1222,26
2026-02-03 05:51:00-05:00,SQQQ,64.1,64.12,64.1,64.12,5584.0,64.1022,8
2026-02-03 05:52:00-05:00,SQQQ,64.11,64.12,64.11,64.12,1090.0,64.1112,11
2026-02-03 05:53:00-05:00,SQQQ,64.11,64.12,64.09,64.09,1609.0,64.1041,19
2026-02-03 05:55:00-05:00,SQQQ,64.05,64.05,64.05,64.05,394.0,64.057,15
2026-02-03 05:59:00-05:00,SQQQ,64.09,64.1,64.09,64.1,582.0,64.095,9
2026-02-03 06:00:00-05:00,SQQQ,64.1,64.12,64.1,64.12,612.0,64.1138,11
2026-02-03 06:01:00-05:00,SQQQ,64.16,64.16,64.13,64.13,1249.0,64.1234,22
2026-02-03 06:02:00-05:00,SQQQ,64.06,64.1,64.06,64.1,11735.0,64.0631,47
2026-02-03 06:03:00-05:00,SQQQ,64.1,64.12,64.08,64.11,2451.0,64.1028,18
2026-02-03 06:04:00-05:00,SQQQ,64.16,64.18,64.15,64.16,2480.0,64.1655,28
2026-02-03 06:05:00-05:00,SQQQ,64.17,64.19,64.12,64.12,4819.0,64.1469,48
2026-02-03 06:06:00-05:00,SQQQ,64.13,64.16,64.13,64.15,1581.0,64.1452,18
2026-02-03 06:07:00-05:00,SQQQ,64.14,64.19,64.14,64.16,2872.0,64.1532,19
2026-02-03 06:08:00-05:00,SQQQ,64.17,64.17,64.14,64.15,1288.0,64.1588,11
2026-02-03 06:09:00-05:00,SQQQ,64.15,64.19,64.15,64.19,2013.0,64.1759,28
2026-02-03 06:10:00-05:00,SQQQ,64.2,64.22,64.19,64.21,25770.0,64.2155,173
2026-02-03 06:11:00-05:00,SQQQ,64.19,64.2,64.19,64.2,669.0,64.2006,21
2026-02-03 06:13:00-05:00,SQQQ,64.11,64.11,64.11,64.11,601.0,64.1116,11
2026-02-03 06:14:00-05:00,SQQQ,64.11,64.11,64.11,64.11,390.0,64.1069,6
2026-02-03 06:15:00-05:00,SQQQ,64.14,64.14,64.11,64.12,1562.0,64.1278,12
2026-02-03 06:16:00-05:00,SQQQ,64.11,64.11,64.11,64.11,244.0,64.1057,6
2026-02-03 06:17:00-05:00,SQQQ,64.13,64.14,64.1,64.14,2430.0,64.1247,19
2026-02-03 06:18:00-05:00,SQQQ,64.14,64.16,64.12,64.16,3761.0,64.1394,31
2026-02-03 06:19:00-05:00,SQQQ,64.15,64.15,64.15,64.15,415.0,64.1494,6
2026-02-03 06:20:00-05:00,SQQQ,64.1,64.1,64.08,64.08,890.0,64.0918,10
2026-02-03 06:21:00-05:00,SQQQ,64.06,64.09,64.06,64.08,1636.0,64.0758,16
2026-02-03 06:22:00-05:00,SQQQ,64.06,64.09,64.06,64.09,2358.0,64.0661,38
2026-02-03 06:23:00-05:00,SQQQ,64.08,64.12,64.07,64.12,2089.0,64.0904,40
2026-02-03 06:24:00-05:00,SQQQ,64.1,64.12,64.1,64.1,932.0,64.1095,14
2026-02-03 06:25:00-05:00,SQQQ,64.13,64.13,64.11,64.11,561.0,64.1193,4
2026-02-03 06:26:00-05:00,SQQQ,64.15,64.15,64.14,64.14,738.0,64.1444,9
2026-02-03 06:27:00-05:00,SQQQ,64.19,64.21,64.19,64.21,1678.0,64.2017,16
2026-02-03 06:28:00-05:00,SQQQ,64.2,64.2,64.18,64.19,1791.0,64.1879,23
2026-02-03 06:29:00-05:00,SQQQ,64.18,64.2,64.17,64.18,3224.0,64.1847,19
2026-02-03 06:30:00-05:00,SQQQ,64.19,64.21,64.16,64.21,4115.0,64.1874,26
2026-02-03 06:31:00-05:00,SQQQ,64.22,64.25,64.22,64.24,1872.0,64.236,28
2026-02-03 06:32:00-05:00,SQQQ,64.25,64.25,64.19,64.2,3608.0,64.2172,38
2026-02-03 06:33:00-05:00,SQQQ,64.21,64.24,64.2,64.24,3580.0,64.2226,30
2026-02-03 06:34:00-05:00,SQQQ,64.25,64.26,64.21,64.21,2293.0,64.2307,27
2026-02-03 06:35:00-05:00,SQQQ,64.21,64.24,64.2,64.24,2445.0,64.2197,18
2026-02-03 06:36:00-05:00,SQQQ,64.23,64.23,64.2,64.23,2865.0,64.2187,26
2026-02-03 06:37:00-05:00,SQQQ,64.21,64.26,64.21,64.24,2080.0,64.2368,20
2026-02-03 06:38:00-05:00,SQQQ,64.24,64.24,64.24,64.24,1330.0,64.2395,17
2026-02-03 06:39:00-05:00,SQQQ,64.24,64.24,64.2,64.23,2657.0,64.2329,28
2026-02-03 06:40:00-05:00,SQQQ,64.23,64.23,64.21,64.21,840.0,64.2167,7
2026-02-03 06:41:00-05:00,SQQQ,64.2,64.2,64.16,64.17,1673.0,64.1793,29
2026-02-03 06:42:00-05:00,SQQQ,64.15,64.15,64.13,64.13,3920.0,64.1368,37
2026-02-03 06:43:00-05:00,SQQQ,64.13,64.13,64.12,64.12,818.0,64.1249,7
2026-02-03 06:44:00-05:00,SQQQ,64.13,64.17,64.13,64.16,1346.0,64.1547,8
2026-02-03 06:45:00-05:00,SQQQ,64.12,64.14,64.11,64.11,2504.0,64.1227,27
2026-02-03 06:46:00-05:00,SQQQ,64.11,64.11,64.07,64.08,2030.0,64.0875,45
2026-02-03 06:47:00-05:00,SQQQ,64.1,64.11,64.08,64.11,1960.0,64.0967,18
2026-02-03 06:48:00-05:00,SQQQ,64.13,64.13,64.13,64.13,801.0,64.13,5
2026-02-03 06:49:00-05:00,SQQQ,64.15,64.15,64.15,64.15,190.0,64.1358,4
2026-02-03 06:50:00-05:00,SQQQ,64.18,64.18,64.18,64.18,211.0,64.1803,8
2026-02-03 06:51:00-05:00,SQQQ,64.18,64.2,64.18,64.19,1088.0,64.1919,22
2026-02-03 06:52:00-05:00,SQQQ,64.17,64.17,64.17,64.17,499.0,64.172,7
2026-02-03 06:53:00-05:00,SQQQ,64.19,64.2,64.18,64.18,865.0,64.1913,14
2026-02-03 06:54:00-05:00,SQQQ,64.13,64.13,64.13,64.13,505.0,64.1369,14
2026-02-03 06:55:00-05:00,SQQQ,64.1,64.1,64.1,64.1,230.0,64.1032,10
2026-02-03 06:56:00-05:00,SQQQ,64.09,64.12,64.09,64.12,661.0,64.1064,13
2026-02-03 06:57:00-05:00,SQQQ,64.1,64.1,64.1,64.1,350.0,64.1,7
2026-02-03 06:58:00-05:00,SQQQ,64.11,64.16,64.11,64.14,6063.0,64.1301,26
2026-02-03 06:59:00-05:00,SQQQ,64.15,64.19,64.135,64.19,3601.0,64.1587,31
2026-02-03 07:00:00-05:00,SQQQ,64.18,64.205,64.129,64.2,14106.0,64.1577,141
2026-02-03 07:01:00-05:00,SQQQ,64.21,64.28,64.195,64.28,2454.0,64.2408,39
2026-02-03 07:02:00-05:00,SQQQ,64.309,64.359,64.309,64.34,6130.0,64.3376,83
2026-02-03 07:03:00-05:00,SQQQ,64.31,64.31,64.27,64.27,1250.0,64.3024,33
2026-02-03 07:04:00-05:00,SQQQ,64.24,64.28,64.24,64.28,3355.0,64.26,53
2026-02-03 07:05:00-05:00,SQQQ,64.27,64.27,64.24,64.26,1341.0,64.2601,27
2026-02-03 07:06:00-05:00,SQQQ,64.2,64.2,64.12,64.14,4489.0,64.1811,73
2026-02-03 07:07:00-05:00,SQQQ,64.13,64.16,64.13,64.16,3247.0,64.1344,26
2026-02-03 07:08:00-05:00,SQQQ,64.11,64.11,64.1,64.11,1161.0,64.1038,28
2026-02-03 07:09:00-05:00,SQQQ,64.1,64.11,64.1,64.11,6787.0,64.1017,29
2026-02-03 07:10:00-05:00,SQQQ,64.12,64.13,64.12,64.13,493.0,64.1203,15
2026-02-03 07:11:00-05:00,SQQQ,64.11,64.11,64.1,64.1,12271.0,64.1007,85
2026-02-03 07:12:00-05:00,SQQQ,64.11,64.11,64.09,64.09,27860.0,64.0999,83
2026-02-03 07:13:00-05:00,SQQQ,64.08,64.1,64.06,64.07,27341.0,64.085,169
2026-02-03 07:14:00-05:00,SQQQ,64.08,64.11,64.05,64.05,7412.0,64.0762,52
2026-02-03 07:15:00-05:00,SQQQ,64.04,64.07,64.03,64.04,9133.0,64.0519,95
2026-02-03 07:16:00-05:00,SQQQ,64.07,64.1,64.07,64.1,870.0,64.0855,11
2026-02-03 07:17:00-05:00,SQQQ,64.09,64.09,64.05,64.09,1684.0,64.0827,21
2026-02-03 07:18:00-05:00,SQQQ,64.07,64.07,64.07,64.07,1629.0,64.0714,23
2026-02-03 07:19:00-05:00,SQQQ,64.09,64.09,64.0,64.0,6720.0,64.0359,109
2026-02-03 07:20:00-05:00,SQQQ,64.03,64.03,63.99,64.0,10330.0,64.0042,78
2026-02-03 07:21:00-05:00,SQQQ,63.99,64.0,63.98,63.99,3531.0,63.9903,55
2026-02-03 07:22:00-05:00,SQQQ,63.98,64.0,63.98,64.0,4555.0,63.996,32
2026-02-03 07:23:00-05:00,SQQQ,64.06,64.06,64.03,64.03,1044.0,64.0378,21
2026-02-03 07:24:00-05:00,SQQQ,64.03,64.04,64.03,64.03,1894.0,64.0353,40
2026-02-03 07:25:00-05:00,SQQQ,64.0,64.01,63.98,64.0,4599.0,63.997,64
2026-02-03 07:26:00-05:00,SQQQ,63.97,63.97,63.97,63.97,743.0,63.9709,15
2026-02-03 07:27:00-05:00,SQQQ,63.96,63.97,63.94,63.97,3599.0,63.9549,74
2026-02-03 07:28:00-05:00,SQQQ,63.93,63.939,63.9,63.9,6843.0,63.9054,74
2026-02-03 07:29:00-05:00,SQQQ,63.91,63.91,63.91,63.91,1054.0,63.9148,23
2026-02-03 07:30:00-05:00,SQQQ,63.91,63.91,63.89,63.91,6645.0,63.9002,50
2026-02-03 07:31:00-05:00,SQQQ,63.9,63.9,63.89,63.89,1842.0,63.8956,39
2026-02-03 07:32:00-05:00,SQQQ,63.92,63.92,63.88,63.88,3366.0,63.8858,52
2026-02-03 07:33:00-05:00,SQQQ,63.87,63.91,63.85,63.91,2077.0,63.8659,57
2026-02-03 07:34:00-05:00,SQQQ,63.91,63.93,63.88,63.89,3851.0,63.905,47
2026-02-03 07:35:00-05:00,SQQQ,63.9,63.92,63.9,63.91,4006.0,63.9086,40
2026-02-03 07:36:00-05:00,SQQQ,63.93,63.93,63.88,63.9,1590.0,63.9032,30
2026-02-03 07:37:00-05:00,SQQQ,63.88,63.88,63.86,63.87,7053.0,63.8671,70
2026-02-03 07:38:00-05:00,SQQQ,63.89,63.9,63.88,63.88,2727.0,63.8881,32
2026-02-03 07:39:00-05:00,SQQQ,63.88,63.89,63.86,63.87,4073.0,63.8768,56
2026-02-03 07:40:00-05:00,SQQQ,63.88,63.9,63.88,63.9,4667.0,63.8813,88
2026-02-03 07:41:00-05:00,SQQQ,63.89,63.92,63.88,63.92,5740.0,63.8898,70
2026-02-03 07:42:00-05:00,SQQQ,63.92,63.93,63.91,63.91,7673.0,63.917,89
2026-02-03 07:43:00-05:00,SQQQ,63.91,63.92,63.9,63.91,16189.0,63.9122,115
2026-02-03 07:44:00-05:00,SQQQ,63.9,63.9,63.9,63.9,475.0,63.9023,18
2026-02-03 07:45:00-05:00,SQQQ,63.88,63.88,63.87,63.87,1731.0,63.8824,50
2026-02-03 07:46:00-05:00,SQQQ,63.86,63.9,63.86,63.89,6762.0,63.8791,84
2026-02-03 07:47:00-05:00,SQQQ,63.91,63.91,63.87,63.88,6357.0,63.8838,55
2026-02-03 07:48:00-05:00,SQQQ,63.89,63.89,63.86,63.86,3772.0,63.8766,52
2026-02-03 07:49:00-05:00,SQQQ,63.87,63.88,63.86,63.86,4239.0,63.8699,42
2026-02-03 07:50:00-05:00,SQQQ,63.86,63.89,63.84,63.88,4785.0,63.8531,85
2026-02-03 07:51:00-05:00,SQQQ,63.89,63.92,63.88,63.92,3952.0,63.891,61
2026-02-03 07:52:00-05:00,SQQQ,63.93,63.94,63.89,63.9,4133.0,63.9142,49
2026-02-03 07:53:00-05:00,SQQQ,63.91,63.92,63.899,63.899,2733.0,63.9131,50
2026-02-03 07:54:00-05:00,SQQQ,63.91,63.91,63.91,63.91,1060.0,63.9117,14
2026-02-03 07:55:00-05:00,SQQQ,63.93,63.94,63.92,63.92,2150.0,63.9297,34
2026-02-03 07:56:00-05:00,SQQQ,63.91,63.94,63.91,63.93,1238.0,63.9327,18
2026-02-03 07:57:00-05:00,SQQQ,63.92,63.929,63.92,63.92,776.0,63.922,21
2026-02-03 07:58:00-05:00,SQQQ,63.93,63.94,63.9,63.91,2055.0,63.9187,39
2026-02-03 07:59:00-05:00,SQQQ,63.93,63.949,63.93,63.949,744.0,63.9371,15
2026-02-03 08:00:00-05:00,SQQQ,64.1301,64.35,63.75,63.93,155264.0,63.9929,972
2026-02-03 08:01:00-05:00,SQQQ,63.97,64.13,63.6,63.9104,65512.0,63.8571,412
2026-02-03 08:02:00-05:00,SQQQ,63.8,64.15,63.75,63.94,84921.0,63.9046,777
2026-02-03 08:03:00-05:00,SQQQ,63.8,63.97,63.6,63.91,78815.0,63.7641,692
2026-02-03 08:04:00-05:00,SQQQ,63.91,63.96,63.91,63.96,2843.0,63.9168,34
2026-02-03 08:05:00-05:00,SQQQ,63.77,64.11,63.69,63.9,13958.0,63.8974,114
2026-02-03 08:06:00-05:00,SQQQ,63.9,63.9,63.84,63.84,7968.0,63.8666,97
2026-02-03 08:07:00-05:00,SQQQ,63.84,63.8597,63.84,63.8406,5099.0,63.8501,47
2026-02-03 08:08:00-05:00,SQQQ,63.84,63.84,63.83,63.84,6583.0,63.8391,65
2026-02-03 08:09:00-05:00,SQQQ,63.84,63.88,63.82,63.82,6537.0,63.8407,89
2026-02-03 08:10:00-05:00,SQQQ,63.83,63.83,63.81,63.81,5764.0,63.8229,54
2026-02-03 08:11:00-05:00,SQQQ,63.81,63.82,63.79,63.81,15808.0,63.803,122
2026-02-03 08:12:00-05:00,SQQQ,63.83,63.83,63.8,63.8,9884.0,63.8079,85
2026-02-03 08:13:00-05:00,SQQQ,63.79,63.81,63.79,63.81,3581.0,63.8,56
2026-02-03 08:14:00-05:00,SQQQ,63.82,63.8783,63.82,63.87,6036.0,63.8552,66
2026-02-03 08:15:00-05:00,SQQQ,63.88,63.89,63.86,63.86,5566.0,63.8766,78
2026-02-03 08:16:00-05:00,SQQQ,63.86,63.86,63.8297,63.83,5836.0,63.8433,37
2026-02-03 08:17:00-05:00,SQQQ,63.84,63.89,63.8399,63.8731,9159.0,63.8526,66
2026-02-03 08:18:00-05:00,SQQQ,63.85,63.85,63.82,63.82,2371.0,63.8409,36
2026-02-03 08:19:00-05:00,SQQQ,63.82,63.8485,63.81,63.82,12290.0,63.8185,123
2026-02-03 08:20:00-05:00,SQQQ,63.83,63.88,63.83,63.88,7048.0,63.861,79
2026-02-03 08:21:00-05:00,SQQQ,63.88,63.93,63.88,63.93,7480.0,63.9127,74
2026-02-03 08:22:00-05:00,SQQQ,63.91,63.94,63.9,63.94,5623.0,63.9249,38
2026-02-03 08:23:00-05:00,SQQQ,63.94,63.97,63.94,63.95,12199.0,63.947,98
2026-02-03 08:24:00-05:00,SQQQ,63.95,63.97,63.94,63.96,4951.0,63.9608,57
2026-02-03 08:25:00-05:00,SQQQ,63.96,63.97,63.94,63.96,4268.0,63.9548,30
2026-02-03 08:26:00-05:00,SQQQ,63.95,63.95,63.84,63.84,7963.0,63.8979,88
2026-02-03 08:27:00-05:00,SQQQ,63.8596,63.87,63.85,63.85,2725.0,63.8559,25
2026-02-03 08:28:00-05:00,SQQQ,63.86,63.86,63.84,63.85,10284.0,63.8522,59
2026-02-03 08:29:00-05:00,SQQQ,63.86,63.8701,63.86,63.87,18362.0,63.869,77
2026-02-03 08:30:00-05:00,SQQQ,63.86,63.91,63.86,63.91,3422.0,63.8848,28
2026-02-03 08:31:00-05:00,SQQQ,63.9,63.9,63.88,63.9,7022.0,63.8903,40
2026-02-03 08:32:00-05:00,SQQQ,63.92,63.92,63.83,63.83,13025.0,63.8677,65
2026-02-03 08:33:00-05:00,SQQQ,63.82,63.88,63.82,63.88,1896.0,63.84,28
2026-02-03 08:34:00-05:00,SQQQ,63.9,63.93,63.86,63.86,6646.0,63.9193,40
2026-02-03 08:35:00-05:00,SQQQ,63.85,63.9686,63.84,63.9686,4792.0,63.8954,55
2026-02-03 08:36:00-05:00,SQQQ,63.93,63.9482,63.9,63.93,6646.0,63.9261,48
2026-02-03 08:37:00-05:00,SQQQ,63.9292,63.9504,63.92,63.93,7598.0,63.9317,43
2026-02-03 08:38:00-05:00,SQQQ,63.92,63.95,63.9099,63.95,4312.0,63.9212,45
2026-02-03 08:39:00-05:00,SQQQ,63.939,63.94,63.92,63.92,3378.0,63.9362,27
2026-02-03 08:40:00-05:00,SQQQ,63.91,63.96,63.9,63.96,11463.0,63.9288,57
2026-02-03 08:41:00-05:00,SQQQ,63.97,63.99,63.95,63.96,9254.0,63.9715,71
2026-02-03 08:42:00-05:00,SQQQ,63.96,63.98,63.95,63.98,16987.0,63.9689,83
2026-02-03 08:43:00-05:00,SQQQ,63.9799,63.99,63.96,63.99,4503.0,63.9749,34
2026-02-03 08:44:00-05:00,SQQQ,63.98,63.99,63.98,63.98,7794.0,63.9814,37
2026-02-03 08:45:00-05:00,SQQQ,63.99,63.99,63.95,63.96,3869.0,63.9629,42
2026-02-03 08:46:00-05:00,SQQQ,63.96,63.96,63.9296,63.95,3576.0,63.945,35
2026-02-03 08:47:00-05:00,SQQQ,63.95,63.97,63.94,63.96,5141.0,63.9526,27
2026-02-03 08:48:00-05:00,SQQQ,63.96,63.97,63.93,63.96,5929.0,63.9578,40
2026-02-03 08:49:00-05:00,SQQQ,63.95,63.95,63.9301,63.94,5074.0,63.9455,31
2026-02-03 08:50:00-05:00,SQQQ,63.96,64.02,63.96,64.01,40674.0,63.9997,143
2026-02-03 08:51:00-05:00,SQQQ,64.02,64.05,64.02,64.04,8595.0,64.0324,64
2026-02-03 08:52:00-05:00,SQQQ,64.04,64.04,64.0,64.0,7427.0,64.0232,50
2026-02-03 08:53:00-05:00,SQQQ,64.02,64.02,64.0,64.0,2975.0,64.0069,25
2026-02-03 08:54:00-05:00,SQQQ,64.0,64.03,64.0,64.01,2959.0,64.0186,21
2026-02-03 08:55:00-05:00,SQQQ,64.0,64.04,64.0,64.0,7011.0,64.0158,50
2026-02-03 08:56:00-05:00,SQQQ,64.03,64.05,64.03,64.04,2112.0,64.039,20
2026-02-03 08:57:00-05:00,SQQQ,64.04,64.08,64.0315,64.07,5960.0,64.0535,49
2026-02-03 08:58:00-05:00,SQQQ,64.06,64.06,64.01,64.01,897.0,64.0369,12
2026-02-03 08:59:00-05:00,SQQQ,64.0,64.04,64.0,64.04,5609.0,64.025,38
2026-02-03 09:00:00-05:00,SQQQ,64.04,64.08,64.04,64.08,4797.0,64.0613,49
2026-02-03 09:01:00-05:00,SQQQ,64.08,64.08,64.0,64.0,5553.0,64.0417,40
2026-02-03 09:02:00-05:00,SQQQ,64.01,64.02,63.99,64.01,2148.0,64.0068,23
2026-02-03 09:03:00-05:00,SQQQ,64.0,64.01,63.98,64.01,2875.0,63.9927,27
2026-02-03 09:04:00-05:00,SQQQ,64.01,64.03,64.0,64.03,2788.0,64.0179,32
2026-02-03 09:05:00-05:00,SQQQ,64.03,64.06,64.03,64.05,2940.0,64.0521,31
2026-02-03 09:06:00-05:00,SQQQ,64.04,64.12,64.04,64.1087,9875.0,64.0986,77
2026-02-03 09:07:00-05:00,SQQQ,64.1,64.1,64.0497,64.0497,3945.0,64.0821,46
2026-02-03 09:08:00-05:00,SQQQ,64.07,64.11,64.07,64.11,2183.0,64.0906,27
2026-02-03 09:09:00-05:00,SQQQ,64.09,64.1297,64.08,64.11,3403.0,64.0984,36
2026-02-03 09:10:00-05:00,SQQQ,64.11,64.13,64.1,64.1199,4294.0,64.109,46
2026-02-03 09:11:00-05:00,SQQQ,64.11,64.1201,64.0897,64.11,9177.0,64.1095,56
2026-02-03 09:12:00-05:00,SQQQ,64.1098,64.12,64.1,64.12,3263.0,64.1085,44
2026-02-03 09:13:00-05:00,SQQQ,64.12,64.13,64.11,64.13,3316.0,64.1233,27
2026-02-03 09:14:00-05:00,SQQQ,64.12,64.14,64.1199,64.1199,1974.0,64.1281,25
2026-02-03 09:15:00-05:00,SQQQ,64.1198,64.2,64.1198,64.2,71410.0,64.1531,143
2026-02-03 09:16:00-05:00,SQQQ,64.2,64.25,64.19,64.1999,25168.0,64.2142,168
2026-02-03 09:17:00-05:00,SQQQ,64.19,64.2405,64.19,64.19,27332.0,64.2199,151
2026-02-03 09:18:00-05:00,SQQQ,64.19,64.2013,64.18,64.1995,11284.0,64.1976,54
2026-02-03 09:19:00-05:00,SQQQ,64.2,64.24,64.19,64.23,10622.0,64.2201,92
2026-02-03 09:20:00-05:00,SQQQ,64.24,64.24,64.19,64.2002,9091.0,64.206,55
2026-02-03 09:21:00-05:00,SQQQ,64.2,64.2,64.15,64.18,5985.0,64.1714,50
2026-02-03 09:22:00-05:00,SQQQ,64.16,64.19,64.16,64.19,5025.0,64.1816,27
2026-02-03 09:23:00-05:00,SQQQ,64.18,64.2,64.17,64.2,3800.0,64.1858,43
2026-02-03 09:24:00-05:00,SQQQ,64.2,64.22,64.18,64.22,8887.0,64.2,56
2026-02-03 09:25:00-05:00,SQQQ,64.21,64.24,64.15,64.23,11797.0,64.2009,64
2026-02-03 09:26:00-05:00,SQQQ,64.2356,64.27,64.21,64.22,8403.0,64.2345,203
2026-02-03 09:27:00-05:00,SQQQ,64.23,64.26,64.19,64.2,19248.0,64.2392,261
2026-02-03 09:28:00-05:00,SQQQ,64.2,64.25,64.16,64.25,25738.0,64.2154,162
2026-02-03 09:29:00-05:00,SQQQ,64.26,64.34,64.26,64.32,19929.0,64.3079,176
2026-02-03 09:30:00-05:00,SQQQ,64.29,64.49,64.14,64.205,1003245.0,64.37,3772
2026-02-03 09:31:00-05:00,SQQQ,64.22,64.6412,64.19,64.61,389003.0,64.3842,2003
2026-02-03 09:32:00-05:00,SQQQ,64.6,64.685,64.52,64.6735,357277.0,64.5983,2166
2026-02-03 09:33:00-05:00,SQQQ,64.665,64.84,64.635,64.835,255585.0,64.7529,1464
2026-02-03 09:34:00-05:00,SQQQ,64.85,64.99,64.7018,64.7165,188059.0,64.8857,1231
2026-02-03 09:35:00-05:00,SQQQ,64.715,64.83,64.58,64.767,253456.0,64.7215,1559
2026-02-03 09:36:00-05:00,SQQQ,64.775,64.8907,64.74,64.77,270041.0,64.8138,1174
2026-02-03 09:37:00-05:00,SQQQ,64.78,65.04,64.77,64.965,310979.0,64.9689,1736
2026-02-03 09:38:00-05:00,SQQQ,64.9601,65.1798,64.94,65.0395,239239.0,65.0784,1521
2026-02-03 09:39:00-05:00,SQQQ,65.02,65.21,65.02,65.13,219110.0,65.1153,1229
2026-02-03 09:40:00-05:00,SQQQ,65.13,65.1498,65.0,65.11,302393.0,65.0809,1463
2026-02-03 09:41:00-05:00,SQQQ,65.11,65.33,65.11,65.24,370002.0,65.2334,1708
2026-02-03 09:42:00-05:00,SQQQ,65.24,65.37,65.1701,65.26,331711.0,65.2592,1521
2026-02-03 09:43:00-05:00,SQQQ,65.26,65.86,65.26,65.685,789308.0,65.6438,3302
2026-02-03 09:44:00-05:00,SQQQ,65.6801,65.75,65.58,65.6439,269954.0,65.6883,1479
2026-02-03 09:45:00-05:00,SQQQ,65.64,65.72,65.49,65.57,261023.0,65.5957,1555
2026-02-03 09:46:00-05:00,SQQQ,65.57,65.62,65.4128,65.45,240357.0,65.5025,1331
2026-02-03 09:47:00-05:00,SQQQ,65.45,65.49,65.1901,65.295,231877.0,65.318,1416
2026-02-03 09:48:00-05:00,SQQQ,65.28,65.3335,65.2,65.25,118489.0,65.2515,697
2026-02-03 09:49:00-05:00,SQQQ,65.265,65.4285,65.21,65.28,218746.0,65.3203,1126
2026-02-03 09:50:00-05:00,SQQQ,65.3,65.5258,65.3,65.5086,195005.0,65.408,954
2026-02-03 09:51:00-05:00,SQQQ,65.5,65.6899,65.5,65.629157,221937.0,65.6178,968
2026-02-03 09:52:00-05:00,SQQQ,65.61,65.67,65.43,65.4504,130195.0,65.538,677
2026-02-03 09:53:00-05:00,SQQQ,65.44,65.61,65.4321,65.51,132318.0,65.5285,719
2026-02-03 09:54:00-05:00,SQQQ,65.515,65.89,65.48,65.89,491859.0,65.7138,1954
2026-02-03 09:55:00-05:00,SQQQ,65.89,66.04,65.825,66.03,372850.0,65.9516,1473
2026-02-03 09:56:00-05:00,SQQQ,66.01,66.2225,66.0082,66.2201,237032.0,66.1286,1396
2026-02-03 09:57:00-05:00,SQQQ,66.22,66.39,66.1735,66.375,394427.0,66.2677,2240
2026-02-03 09:58:00-05:00,SQQQ,66.38,66.5103,66.37,66.405,318018.0,66.4449,1602
2026-02-03 09:59:00-05:00,SQQQ,66.42,66.61,66.39,66.55,276108.0,66.5043,1121
2026-02-03 10:00:00-05:00,SQQQ,66.55,66.82,66.44,66.71,486431.0,66.6358,2075
2026-02-03 10:01:00-05:00,SQQQ,66.7,66.87,66.68,66.85,284079.0,66.8041,1473
2026-02-03 10:02:00-05:00,SQQQ,66.85,67.0,66.7714,66.995,334685.0,66.8859,1706
2026-02-03 10:03:00-05:00,SQQQ,67.0,67.0486,66.56,66.595,377308.0,66.8375,2024
2026-02-03 10:04:00-05:00,SQQQ,66.6,66.7,66.4501,66.7,395947.0,66.5428,2160
2026-02-03 10:05:00-05:00,SQQQ,66.71,66.72,66.51,66.625,227875.0,66.6145,1234
2026-02-03 10:06:00-05:00,SQQQ,66.6603,66.94,66.6502,66.89,175003.0,66.8486,1089
2026-02-03 10:07:00-05:00,SQQQ,66.89,67.15,66.89,67.12,241566.0,67.0601,1467
2026-02-03 10:08:00-05:00,SQQQ,67.1,67.17,66.87,66.925,225254.0,67.0623,1238
2026-02-03 10:09:00-05:00,SQQQ,66.9,67.0,66.765,66.77,176293.0,66.8583,1035
2026-02-03 10:10:00-05:00,SQQQ,66.75,66.85,66.71,66.83,180028.0,66.7699,1184
2026-02-03 10:11:00-05:00,SQQQ,66.825,67.03,66.8065,66.975,190958.0,66.9074,1012
2026-02-03 10:12:00-05:00,SQQQ,66.97,67.138,66.97,67.138,266283.0,67.0694,1245
2026-02-03 10:13:00-05:00,SQQQ,67.14,67.2699,67.05,67.22,290353.0,67.1782,1620
2026-02-03 10:14:00-05:00,SQQQ,67.22,67.3,67.09,67.13,229415.0,67.1966,1207
2026-02-03 10:15:00-05:00,SQQQ,67.14,67.21,67.0701,67.105,177817.0,67.1449,903
2026-02-03 10:16:00-05:00,SQQQ,67.11,67.17,66.83,66.93,248217.0,66.9482,1230
2026-02-03 10:17:00-05:00,SQQQ,66.93,67.12,66.93,67.0,163980.0,67.021,837
2026-02-03 10:18:00-05:00,SQQQ,66.995,67.08,66.95,67.0701,287173.0,67.0045,1228
2026-02-03 10:19:00-05:00,SQQQ,67.08,67.14,66.94,66.96,225111.0,67.0282,975
2026-02-03 10:20:00-05:00,SQQQ,66.965,67.005,66.7828,66.785,256043.0,66.9094,1074
2026-02-03 10:21:00-05:00,SQQQ,66.79,66.97,66.74,66.96,133880.0,66.8331,869
2026-02-03 10:22:00-05:00,SQQQ,66.98,67.194,66.9706,67.19,139017.0,67.0972,830
2026-02-03 10:23:00-05:00,SQQQ,67.19,67.4165,67.115,67.34,338074.0,67.2985,1743
2026-02-03 10:24:00-05:00,SQQQ,67.35,67.7003,67.344,67.69,339988.0,67.5598,1887
2026-02-03 10:25:00-05:00,SQQQ,67.7,67.75,67.37,67.38,237247.0,67.5718,1389
2026-02-03 10:26:00-05:00,SQQQ,67.37,67.37,67.06,67.15,195231.0,67.2039,1190
2026-02-03 10:27:00-05:00,SQQQ,67.16,67.26,67.02,67.085,136527.0,67.1574,881
2026-02-03 10:28:00-05:00,SQQQ,67.08,67.16,67.07,67.08,144173.0,67.1237,701
2026-02-03 10:29:00-05:00,SQQQ,67.075,67.25,67.045,67.18,97834.0,67.1717,719
2026-02-03 10:30:00-05:00,SQQQ,67.19,67.3,67.09,67.2903,137377.0,67.2099,906
2026-02-03 10:31:00-05:00,SQQQ,67.28,67.37,67.21,67.325,98785.0,67.2879,705
2026-02-03 10:32:00-05:00,SQQQ,67.325,67.39,67.06,67.0835,159924.0,67.2903,857
2026-02-03 10:33:00-05:00,SQQQ,67.09,67.36,67.0701,67.36,106188.0,67.1539,622
2026-02-03 10:34:00-05:00,SQQQ,67.35,67.53,67.35,67.52,278830.0,67.4796,1123
2026-02-03 10:35:00-05:00,SQQQ,67.53,67.65,67.49,67.63,154501.0,67.5796,828
2026-02-03 10:36:00-05:00,SQQQ,67.62,67.665,67.4307,67.54,174873.0,67.5704,751
2026-02-03 10:37:00-05:00,SQQQ,67.54,67.54,67.3,67.35,120574.0,67.4059,580
2026-02-03 10:38:00-05:00,SQQQ,67.36,67.3887,67.21,67.2186,110292.0,67.3061,522
2026-02-03 10:39:00-05:00,SQQQ,67.2,67.2901,67.17,67.18,105462.0,67.2217,487
2026-02-03 10:40:00-05:00,SQQQ,67.195,67.26,67.075,67.17,149949.0,67.1581,802
2026-02-03 10:41:00-05:00,SQQQ,67.17,67.315,67.15,67.29,162635.0,67.2422,695
2026-02-03 10:42:00-05:00,SQQQ,67.275,67.315,67.17,67.2,53436.0,67.2534,362
2026-02-03 10:43:00-05:00,SQQQ,67.2,67.3,67.1728,67.25,83478.0,67.246,598
2026-02-03 10:44:00-05:00,SQQQ,67.25,67.35,67.19,67.35,88820.0,67.276,528
2026-02-03 10:45:00-05:00,SQQQ,67.36,67.54,67.33,67.4401,175842.0,67.4777,873
2026-02-03 10:46:00-05:00,SQQQ,67.44,67.4599,67.34,67.37,90901.0,67.4021,542
2026-02-03 10:47:00-05:00,SQQQ,67.34,67.34,67.0,67.04,212502.0,67.1306,1113
2026-02-03 10:48:00-05:00,SQQQ,67.045,67.1013,66.93,66.93,176774.0,67.0205,841
2026-02-03 10:49:00-05:00,SQQQ,66.93,66.985,66.83,66.84,184472.0,66.9194,848
2026-02-03 10:50:00-05:00,SQQQ,66.84,66.85,66.65,66.65,204689.0,66.7482,808
2026-02-03 10:51:00-05:00,SQQQ,66.65,66.77,66.6335,66.765,168854.0,66.691,880
2026-02-03 10:52:00-05:00,SQQQ,66.76,67.047,66.76,67.0201,133727.0,66.9482,829
2026-02-03 10:53:00-05:00,SQQQ,67.03,67.16,66.9801,67.06,126728.0,67.0658,495
2026-02-03 10:54:00-05:00,SQQQ,67.07,67.07,66.835,66.855,123198.0,66.9146,491
2026-02-03 10:55:00-05:00,SQQQ,66.84,66.855,66.7,66.7002,114463.0,66.7746,455
2026-02-03 10:56:00-05:00,SQQQ,66.71,66.75,66.5801,66.62,145466.0,66.6457,739
2026-02-03 10:57:00-05:00,SQQQ,66.62,66.69,66.57,66.64,72118.0,66.6416,522
2026-02-03 10:58:00-05:00,SQQQ,66.63,66.74,66.545,66.71,114102.0,66.6435,681
2026-02-03 10:59:00-05:00,SQQQ,66.71,66.745,66.63,66.6465,137665.0,66.6768,719
2026-02-03 11:00:00-05:00,SQQQ,66.65,66.77,66.64,66.76,157850.0,66.6999,1207
2026-02-03 11:01:00-05:00,SQQQ,66.76,66.8,66.715,66.7785,69780.0,66.7606,711
2026-02-03 11:02:00-05:00,SQQQ,66.78,66.88,66.735,66.8778,101908.0,66.8149,706
2026-02-03 11:03:00-05:00,SQQQ,66.89,66.9697,66.855,66.9301,128123.0,66.9153,856
2026-02-03 11:04:00-05:00,SQQQ,66.925,67.02,66.895,67.01,137699.0,66.9702,823
2026-02-03 11:05:00-05:00,SQQQ,67.0,67.07,66.8801,66.92,198109.0,66.9888,1140
2026-02-03 11:06:00-05:00,SQQQ,66.9199,67.05,66.9199,67.05,108010.0,66.9866,435
2026-02-03 11:07:00-05:00,SQQQ,67.04,67.11,67.0,67.02,103658.0,67.0628,561
2026-02-03 11:08:00-05:00,SQQQ,67.01,67.0699,66.96,66.9993,51167.0,67.0107,541
2026-02-03 11:09:00-05:00,SQQQ,66.9993,67.163,66.98,67.135,104353.0,67.0715,532
2026-02-03 11:10:00-05:00,SQQQ,67.14,67.27,67.13,67.24,241947.0,67.2191,803
2026-02-03 11:11:00-05:00,SQQQ,67.22,67.25,67.1226,67.155,92637.0,67.1809,651
2026-02-03 11:12:00-05:00,SQQQ,67.16,67.185,67.0,67.02,90448.0,67.0619,687
2026-02-03 11:13:00-05:00,SQQQ,67.01,67.0508,66.87,66.94,128043.0,66.9546,617
2026-02-03 11:14:00-05:00,SQQQ,66.94,67.1501,66.93,67.1501,77567.0,67.0495,435
2026-02-03 11:15:00-05:00,SQQQ,67.15,67.16,67.07,67.13,70505.0,67.1316,388
2026-02-03 11:16:00-05:00,SQQQ,67.135,67.165,66.98,67.12,84310.0,67.0806,523
2026-02-03 11:17:00-05:00,SQQQ,67.125,67.18,67.01,67.18,83790.0,67.1082,425
2026-02-03 11:18:00-05:00,SQQQ,67.1412,67.185,67.0803,67.18,51633.0,67.1438,287
2026-02-03 11:19:00-05:00,SQQQ,67.17,67.22,67.14,67.165,171511.0,67.1927,847
2026-02-03 11:20:00-05:00,SQQQ,67.17,67.195,67.1,67.15,83586.0,67.1687,392
2026-02-03 11:21:00-05:00,SQQQ,67.15,67.24,67.115,67.23,101928.0,67.1923,366
2026-02-03 11:22:00-05:00,SQQQ,67.23,67.445,67.2199,67.445,163176.0,67.3072,599
2026-02-03 11:23:00-05:00,SQQQ,67.45,67.58,67.4471,67.49,292294.0,67.517,994
2026-02-03 11:24:00-05:00,SQQQ,67.48,67.5399,67.461,67.51,145699.0,67.5062,566
2026-02-03 11:25:00-05:00,SQQQ,67.51,67.57,67.34,67.36,211284.0,67.484,867
2026-02-03 11:26:00-05:00,SQQQ,67.37,67.4,67.25,67.37,134795.0,67.3467,498
2026-02-03 11:27:00-05:00,SQQQ,67.375,67.41,67.32,67.35,125043.0,67.3705,512
2026-02-03 11:28:00-05:00,SQQQ,67.345,67.4707,67.33,67.45,74644.0,67.3873,366
2026-02-03 11:29:00-05:00,SQQQ,67.46,67.575,67.46,67.57,71551.0,67.5134,367
2026-02-03 11:30:00-05:00,SQQQ,67.56,67.57,67.47,67.57,102575.0,67.5214,444
2026-02-03 11:31:00-05:00,SQQQ,67.56,67.5999,67.475,67.565,100442.0,67.5259,474
2026-02-03 11:32:00-05:00,SQQQ,67.565,67.5743,67.5,67.5,122322.0,67.5325,458
2026-02-03 11:33:00-05:00,SQQQ,67.5,67.69,67.49,67.56,279557.0,67.625,1015
2026-02-03 11:34:00-05:00,SQQQ,67.56,67.56,67.405,67.42,85348.0,67.4626,480
2026-02-03 11:35:00-05:00,SQQQ,67.42,67.44,67.28,67.355,123145.0,67.3455,573
2026-02-03 11:36:00-05:00,SQQQ,67.395,67.4401,67.32,67.43,104534.0,67.3911,505
2026-02-03 11:37:00-05:00,SQQQ,67.435,67.53,67.4111,67.44,92218.0,67.4764,332
2026-02-03 11:38:00-05:00,SQQQ,67.4484,67.525,67.41,67.495,60406.0,67.4851,327
2026-02-03 11:39:00-05:00,SQQQ,67.5,67.5872,67.47,67.4701,98711.0,67.5309,398
2026-02-03 11:40:00-05:00,SQQQ,67.47,67.495,67.35,67.36,124290.0,67.4355,549
2026-02-03 11:41:00-05:00,SQQQ,67.353,67.52,67.35,67.48,61267.0,67.4406,291
2026-02-03 11:42:00-05:00,SQQQ,67.48,67.51,67.43,67.48,87691.0,67.4606,386
2026-02-03 11:43:00-05:00,SQQQ,67.47,67.5279,67.42,67.515,65575.0,67.4723,284
2026-02-03 11:44:00-05:00,SQQQ,67.5,67.54,67.475,67.49,53090.0,67.5082,308
2026-02-03 11:45:00-05:00,SQQQ,67.51,67.55,67.443,67.5,72218.0,67.4835,399
2026-02-03 11:46:00-05:00,SQQQ,67.505,67.63,67.45,67.5987,100756.0,67.5632,482
2026-02-03 11:47:00-05:00,SQQQ,67.59,67.63,67.3527,67.355,46074.0,67.5056,298
2026-02-03 11:48:00-05:00,SQQQ,67.34,67.47,67.335,67.45,55612.0,67.4296,307
2026-02-03 11:49:00-05:00,SQQQ,67.45,67.47,67.37,67.445,88088.0,67.4276,479
2026-02-03 11:50:00-05:00,SQQQ,67.45,67.67,67.45,67.66,110319.0,67.5587,524
2026-02-03 11:51:00-05:00,SQQQ,67.64,67.77,67.64,67.735,198668.0,67.7168,876
2026-02-03 11:52:00-05:00,SQQQ,67.73,67.7403,67.52,67.5299,183708.0,67.6197,664
2026-02-03 11:53:00-05:00,SQQQ,67.5173,67.5699,67.4599,67.47,106810.0,67.4982,396
2026-02-03 11:54:00-05:00,SQQQ,67.47,67.553,67.43,67.505,73656.0,67.491,317
2026-02-03 11:55:00-05:00,SQQQ,67.5222,67.5222,67.445,67.459,28273.0,67.4725,223
2026-02-03 11:56:00-05:00,SQQQ,67.44,67.5,67.41,67.41,45220.0,67.4679,263
2026-02-03 11:57:00-05:00,SQQQ,67.41,67.46,67.3735,67.3765,35918.0,67.4132,232
2026-02-03 11:58:00-05:00,SQQQ,67.39,67.54,67.39,67.54,39481.0,67.4664,258
2026-02-03 11:59:00-05:00,SQQQ,67.545,67.62,67.53,67.605,67620.0,67.5726,350
2026-02-03 12:00:00-05:00,SQQQ,67.6,67.69,67.59,67.61,103927.0,67.6379,560
2026-02-03 12:01:00-05:00,SQQQ,67.61,67.6786,67.5667,67.6786,57289.0,67.6162,314
2026-02-03 12:02:00-05:00,SQQQ,67.66,67.6901,67.62,67.645,46573.0,67.6595,277
2026-02-03 12:03:00-05:00,SQQQ,67.64,67.68,67.61,67.6301,77242.0,67.646,292
2026-02-03 12:04:00-05:00,SQQQ,67.62,67.66,67.6,67.6221,77570.0,67.6372,286
2026-02-03 12:05:00-05:00,SQQQ,67.62,67.75,67.615,67.74,117031.0,67.7032,495
2026-02-03 12:06:00-05:00,SQQQ,67.73,67.77,67.61,67.615,79353.0,67.6852,363
2026-02-03 12:07:00-05:00,SQQQ,67.61,67.7,67.6014,67.7,47099.0,67.6619,250
2026-02-03 12:08:00-05:00,SQQQ,67.71,67.7299,67.625,67.625,68908.0,67.7002,303
2026-02-03 12:09:00-05:00,SQQQ,67.61,67.645,67.57,67.5701,57985.0,67.605,290
2026-02-03 12:10:00-05:00,SQQQ,67.58,67.6086,67.5201,67.56,59561.0,67.5602,260
2026-02-03 12:11:00-05:00,SQQQ,67.56,67.687,67.5525,67.687,97548.0,67.6413,396
2026-02-03 12:12:00-05:00,SQQQ,67.68,68.2665,67.68,68.26,1059213.0,67.9635,4254
2026-02-03 12:13:00-05:00,SQQQ,68.25,68.28,68.06,68.12,325448.0,68.1377,1283
2026-02-03 12:14:00-05:00,SQQQ,68.1,68.2499,68.025,68.14,408970.0,68.153,989
2026-02-03 12:15:00-05:00,SQQQ,68.14,68.19,68.04,68.15,169074.0,68.1035,813
2026-02-03 12:16:00-05:00,SQQQ,68.16,68.19,68.07,68.13,72938.0,68.1201,446
2026-02-03 12:17:00-05:00,SQQQ,68.12,68.1375,68.055,68.065,97418.0,68.0977,498
2026-02-03 12:18:00-05:00,SQQQ,68.0599,68.08,67.885,67.885,176698.0,67.9893,707
2026-02-03 12:19:00-05:00,SQQQ,67.88,68.114,67.88,68.114,79808.0,67.9906,598
2026-02-03 12:20:00-05:00,SQQQ,68.11,68.21,68.09,68.21,76355.0,68.138,457
2026-02-03 12:21:00-05:00,SQQQ,68.22,68.23,67.94,67.9667,174387.0,68.1235,661
2026-02-03 12:22:00-05:00,SQQQ,67.9701,68.07,67.97,68.0,104402.0,68.011,470
2026-02-03 12:23:00-05:00,SQQQ,68.006,68.01,67.85,67.91,77926.0,67.9157,465
2026-02-03 12:24:00-05:00,SQQQ,67.91,67.94,67.86,67.9,73427.0,67.9025,348
2026-02-03 12:25:00-05:00,SQQQ,67.9,67.9,67.79,67.79,77597.0,67.8637,401
2026-02-03 12:26:00-05:00,SQQQ,67.7942,67.94,67.79,67.92,73151.0,67.89,337
2026-02-03 12:27:00-05:00,SQQQ,67.95,68.0207,67.909,68.0207,85504.0,67.957,308
2026-02-03 12:28:00-05:00,SQQQ,68.02,68.085,68.01,68.077,55489.0,68.056,349
2026-02-03 12:29:00-05:00,SQQQ,68.07,68.175,68.06,68.17,239459.0,68.12,530
2026-02-03 12:30:00-05:00,SQQQ,68.18,68.31,68.13,68.2988,140640.0,68.239,740
2026-02-03 12:31:00-05:00,SQQQ,68.28,68.3,68.195,68.265,107105.0,68.2687,483
2026-02-03 12:32:00-05:00,SQQQ,68.26,68.33,68.231,68.27,105653.0,68.2824,534
2026-02-03 12:33:00-05:00,SQQQ,68.2786,68.3599,68.2419,68.295,127044.0,68.3262,540
2026-02-03 12:34:00-05:00,SQQQ,68.3101,68.45,68.255,68.44,90803.0,68.3567,574
2026-02-03 12:35:00-05:00,SQQQ,68.45,68.45,68.36,68.39,94427.0,68.3956,529
2026-02-03 12:36:00-05:00,SQQQ,68.395,68.577,68.375,68.51,151524.0,68.5072,938
2026-02-03 12:37:00-05:00,SQQQ,68.51,68.54,68.4499,68.53,100692.0,68.4959,568
2026-02-03 12:38:00-05:00,SQQQ,68.52,68.56,68.47,68.53,68504.0,68.5199,860
2026-02-03 12:39:00-05:00,SQQQ,68.53,68.56,68.455,68.4802,96261.0,68.5184,648
2026-02-03 12:40:00-05:00,SQQQ,68.49,68.63,68.49,68.62,99652.0,68.5728,671
2026-02-03 12:41:00-05:00,SQQQ,68.625,68.68,68.61,68.6135,88377.0,68.644,530
2026-02-03 12:42:00-05:00,SQQQ,68.62,68.6793,68.53,68.66,101958.0,68.6096,495
2026-02-03 12:43:00-05:00,SQQQ,68.68,68.71,68.63,68.66,96734.0,68.6706,547
2026-02-03 12:44:00-05:00,SQQQ,68.6558,68.68,68.56,68.605,78426.0,68.6325,681
2026-02-03 12:45:00-05:00,SQQQ,68.61,68.64,68.52,68.5399,65003.0,68.5846,389
2026-02-03 12:46:00-05:00,SQQQ,68.5313,68.56,68.39,68.48,122029.0,68.4663,577
2026-02-03 12:47:00-05:00,SQQQ,68.47,68.48,68.33,68.395,251146.0,68.377,925
2026-02-03 12:48:00-05:00,SQQQ,68.395,68.43,68.29,68.3101,81852.0,68.349,460
2026-02-03 12:49:00-05:00,SQQQ,68.316,68.3999,68.28,68.3701,72093.0,68.3561,337
2026-02-03 12:50:00-05:00,SQQQ,68.365,68.4,68.225,68.233,90928.0,68.29,462
2026-02-03 12:51:00-05:00,SQQQ,68.225,68.255,68.0801,68.1887,133449.0,68.1454,691
2026-02-03 12:52:00-05:00,SQQQ,68.2,68.42,68.2,68.42,67119.0,68.2953,527
2026-02-03 12:53:00-05:00,SQQQ,68.4301,68.485,68.3601,68.3776,54789.0,68.4154,388
2026-02-03 12:54:00-05:00,SQQQ,68.37,68.38,68.3,68.3001,43117.0,68.3317,323
2026-02-03 12:55:00-05:00,SQQQ,68.29,68.3899,68.26,68.3651,38242.0,68.346,296
2026-02-03 12:56:00-05:00,SQQQ,68.37,68.4,68.28,68.28,45773.0,68.3398,311
2026-02-03 12:57:00-05:00,SQQQ,68.285,68.3674,68.233,68.36,59280.0,68.2843,330
2026-02-03 12:58:00-05:00,SQQQ,68.37,68.3845,68.27,68.2986,27139.0,68.2994,296
2026-02-03 12:59:00-05:00,SQQQ,68.31,68.42,68.2815,68.39,92202.0,68.3537,548
2026-02-03 13:00:00-05:00,SQQQ,68.4,68.4399,68.35,68.39,52121.0,68.3959,435
2026-02-03 13:01:00-05:00,SQQQ,68.375,68.4199,68.27,68.41,62173.0,68.3391,347
2026-02-03 13:02:00-05:00,SQQQ,68.3999,68.46,68.35,68.42,48611.0,68.4202,258
2026-02-03 13:03:00-05:00,SQQQ,68.42,68.48,68.415,68.47,38046.0,68.4543,256
2026-02-03 13:04:00-05:00,SQQQ,68.47,68.525,68.45,68.51,47763.0,68.4934,367
2026-02-03 13:05:00-05:00,SQQQ,68.5099,68.5558,68.465,68.5076,56235.0,68.5246,467
2026-02-03 13:06:00-05:00,SQQQ,68.5,68.5014,68.3801,68.435,44398.0,68.4429,267
2026-02-03 13:07:00-05:00,SQQQ,68.4399,68.455,68.161,68.245,238947.0,68.3279,981
2026-02-03 13:08:00-05:00,SQQQ,68.245,68.255,68.1299,68.16,228689.0,68.1716,605
2026-02-03 13:09:00-05:00,SQQQ,68.15,68.3325,68.125,68.3123,127559.0,68.2397,620
2026-02-03 13:10:00-05:00,SQQQ,68.325,68.43,68.325,68.43,131625.0,68.3786,522
2026-02-03 13:11:00-05:00,SQQQ,68.44,68.49,68.395,68.4574,60626.0,68.4507,406
2026-02-03 13:12:00-05:00,SQQQ,68.44,68.56,68.4115,68.55,62002.0,68.5075,357
2026-02-03 13:13:00-05:00,SQQQ,68.56,68.8,68.54,68.7911,247352.0,68.6652,1331
2026-02-03 13:14:00-05:00,SQQQ,68.79,68.845,68.78,68.79,192835.0,68.8107,902
2026-02-03 13:15:00-05:00,SQQQ,68.795,68.7984,68.66,68.67,190286.0,68.712,841
2026-02-03 13:16:00-05:00,SQQQ,68.67,68.7271,68.625,68.65,101298.0,68.663,543
2026-02-03 13:17:00-05:00,SQQQ,68.63,68.74,68.63,68.725,52020.0,68.7012,327
2026-02-03 13:18:00-05:00,SQQQ,68.725,68.725,68.58,68.58,55563.0,68.635,321
2026-02-03 13:19:00-05:00,SQQQ,68.5901,68.61,68.54,68.54,27692.0,68.5797,196
2026-02-03 13:20:00-05:00,SQQQ,68.555,68.73,68.55,68.71,111288.0,68.648,490
2026-02-03 13:21:00-05:00,SQQQ,68.695,68.71,68.63,68.63,84110.0,68.6772,422
2026-02-03 13:22:00-05:00,SQQQ,68.6477,68.65,68.56,68.63,60051.0,68.6001,336
2026-02-03 13:23:00-05:00,SQQQ,68.644,68.71,68.635,68.6982,30371.0,68.6713,193
2026-02-03 13:24:00-05:00,SQQQ,68.7,68.78,68.7,68.75,58885.0,68.7489,258
2026-02-03 13:25:00-05:00,SQQQ,68.78,68.89,68.7525,68.8401,101110.0,68.85,653
2026-02-03 13:26:00-05:00,SQQQ,68.84,68.89,68.83,68.845,79233.0,68.8484,413
2026-02-03 13:27:00-05:00,SQQQ,68.843,68.9299,68.843,68.87,63347.0,68.8846,399
2026-02-03 13:28:00-05:00,SQQQ,68.86,68.87,68.7706,68.8393,107640.0,68.8261,502
2026-02-03 13:29:00-05:00,SQQQ,68.86,68.9499,68.7925,68.8,199205.0,68.8754,764
2026-02-03 13:30:00-05:00,SQQQ,68.81,69.01,68.81,68.97,335110.0,68.9629,1524
2026-02-03 13:31:00-05:00,SQQQ,68.965,68.987,68.8999,68.9176,70507.0,68.9477,440
2026-02-03 13:32:00-05:00,SQQQ,68.915,68.99,68.8298,68.99,86532.0,68.9158,507
2026-02-03 13:33:00-05:00,SQQQ,68.995,69.08,68.96,68.99,101086.0,69.0287,614
2026-02-03 13:34:00-05:00,SQQQ,68.995,69.0345,68.96,68.98,139794.0,69.0026,577
2026-02-03 13:35:00-05:00,SQQQ,68.975,69.065,68.94,69.02,91481.0,69.0062,500
2026-02-03 13:36:00-05:00,SQQQ,69.01,69.11,68.97,69.11,151047.0,69.035,661
2026-02-03 13:37:00-05:00,SQQQ,69.11,69.11,68.99,69.01,78943.0,69.0576,439
2026-02-03 13:38:00-05:00,SQQQ,69.0048,69.0201,68.91,68.9501,94021.0,68.9773,409
2026-02-03 13:39:00-05:00,SQQQ,68.96,68.99,68.87,68.89,149462.0,68.9431,461
2026-02-03 13:40:00-05:00,SQQQ,68.9,69.04,68.9,69.03,86997.0,68.9744,570
2026-02-03 13:41:00-05:00,SQQQ,69.0258,69.0501,68.93,69.0,59236.0,68.9957,348
2026-02-03 13:42:00-05:00,SQQQ,68.99,69.17,68.99,69.17,77012.0,69.0804,504
2026-02-03 13:43:00-05:00,SQQQ,69.17,69.17,69.0901,69.12,53582.0,69.1313,362
2026-02-03 13:44:00-05:00,SQQQ,69.12,69.12,69.055,69.1095,42117.0,69.0957,242
2026-02-03 13:45:00-05:00,SQQQ,69.12,69.2,69.1199,69.199,110327.0,69.1707,528
2026-02-03 13:46:00-05:00,SQQQ,69.2,69.21,69.14,69.18,65537.0,69.181,387
2026-02-03 13:47:00-05:00,SQQQ,69.18,69.18,69.08,69.1,86257.0,69.1274,367
2026-02-03 13:48:00-05:00,SQQQ,69.095,69.257,69.095,69.25,70315.0,69.2081,510
2026-02-03 13:49:00-05:00,SQQQ,69.25,69.25,69.1319,69.1499,61766.0,69.1911,363
2026-02-03 13:50:00-05:00,SQQQ,69.16,69.25,69.16,69.215,49179.0,69.2143,330
2026-02-03 13:51:00-05:00,SQQQ,69.22,69.27,69.21,69.215,67491.0,69.2428,422
2026-02-03 13:52:00-05:00,SQQQ,69.2,69.2699,69.2,69.2445,57169.0,69.2316,308
2026-02-03 13:53:00-05:00,SQQQ,69.235,69.285,69.185,69.285,79589.0,69.2267,414
2026-02-03 13:54:00-05:00,SQQQ,69.27,69.315,69.269,69.3,83887.0,69.2854,441
2026-02-03 13:55:00-05:00,SQQQ,69.285,69.3009,69.1395,69.15,179735.0,69.217,683
2026-02-03 13:56:00-05:00,SQQQ,69.1405,69.23,69.14,69.214,62504.0,69.1801,379
2026-02-03 13:57:00-05:00,SQQQ,69.21,69.34,69.21,69.34,60715.0,69.3073,347
2026-02-03 13:58:00-05:00,SQQQ,69.3399,69.3399,69.234,69.255,51393.0,69.2834,299
2026-02-03 13:59:00-05:00,SQQQ,69.24,69.45,69.235,69.45,133709.0,69.3807,756
2026-02-03 14:00:00-05:00,SQQQ,69.455,69.57,69.3527,69.42,245994.0,69.4898,1439
2026-02-03 14:01:00-05:00,SQQQ,69.415,69.4893,69.415,69.48,67110.0,69.4599,546
2026-02-03 14:02:00-05:00,SQQQ,69.49,69.54,69.43,69.54,70073.0,69.4881,714
2026-02-03 14:03:00-05:00,SQQQ,69.55,69.6284,69.53,69.62,143099.0,69.575,972
2026-02-03 14:04:00-05:00,SQQQ,69.6087,69.6165,69.56,69.585,63402.0,69.5845,535
2026-02-03 14:05:00-05:00,SQQQ,69.57,69.6399,69.45,69.48,79540.0,69.5542,542
2026-02-03 14:06:00-05:00,SQQQ,69.471364,69.5901,69.4713,69.55,93364.0,69.533,534
2026-02-03 14:07:00-05:00,SQQQ,69.545,69.645,69.5392,69.6279,73596.0,69.5997,453
2026-02-03 14:08:00-05:00,SQQQ,69.63,69.66,69.6,69.63,78164.0,69.6342,632
2026-02-03 14:09:00-05:00,SQQQ,69.6379,69.6467,69.5599,69.58,64742.0,69.5917,639
2026-02-03 14:10:00-05:00,SQQQ,69.59,69.6,69.465,69.47,53448.0,69.5184,438
2026-02-03 14:11:00-05:00,SQQQ,69.46,69.46,69.2661,69.2661,128301.0,69.3717,814
2026-02-03 14:12:00-05:00,SQQQ,69.27,69.29,69.0601,69.07,191862.0,69.1994,1153
2026-02-03 14:13:00-05:00,SQQQ,69.0701,69.1228,68.98,69.01,230174.0,69.0477,1065
2026-02-03 14:14:00-05:00,SQQQ,69.0,69.0,68.84,68.87,325561.0,68.887,1277
2026-02-03 14:15:00-05:00,SQQQ,68.87,68.915,68.805,68.8427,222402.0,68.857,959
2026-02-03 14:16:00-05:00,SQQQ,68.85,68.9399,68.78,68.86,172412.0,68.847,701
2026-02-03 14:17:00-05:00,SQQQ,68.86,68.96,68.85,68.9499,141024.0,68.9095,720
2026-02-03 14:18:00-05:00,SQQQ,68.94,68.95,68.7724,68.7724,117539.0,68.8499,624
2026-02-03 14:19:00-05:00,SQQQ,68.78,68.81,68.69,68.775,142778.0,68.7528,691
2026-02-03 14:20:00-05:00,SQQQ,68.78,68.78,68.67,68.74,130973.0,68.7247,621
2026-02-03 14:21:00-05:00,SQQQ,68.72,68.73,68.61,68.6207,196175.0,68.6491,690
2026-02-03 14:22:00-05:00,SQQQ,68.615,68.7593,68.59,68.737,74646.0,68.681,445
2026-02-03 14:23:00-05:00,SQQQ,68.745,68.76,68.69,68.73,32716.0,68.7221,258
2026-02-03 14:24:00-05:00,SQQQ,68.715,68.89,68.65,68.877,90086.0,68.7702,402
2026-02-03 14:25:00-05:00,SQQQ,68.86,69.178,68.8162,69.17,165568.0,68.9934,812
2026-02-03 14:26:00-05:00,SQQQ,69.165,69.2,69.06,69.08,141669.0,69.1326,790
2026-02-03 14:27:00-05:00,SQQQ,69.075,69.12,68.9135,68.945,102333.0,69.0515,587
2026-02-03 14:28:00-05:00,SQQQ,68.95,69.01,68.89,68.9,121494.0,68.9336,513
2026-02-03 14:29:00-05:00,SQQQ,68.9,69.14,68.88,69.08,135851.0,69.0138,708
2026-02-03 14:30:00-05:00,SQQQ,69.08,69.26,68.86,69.23,343071.0,69.0823,1762
2026-02-03 14:31:00-05:00,SQQQ,69.24,69.295,69.17,69.1801,149361.0,69.228,645
2026-02-03 14:32:00-05:00,SQQQ,69.19,69.1983,68.995,69.17,124904.0,69.1202,735
2026-02-03 14:33:00-05:00,SQQQ,69.16,69.16,68.98,69.09,76152.0,69.0729,505
2026-02-03 14:34:00-05:00,SQQQ,69.09,69.28,69.07,69.26,97618.0,69.2104,563
2026-02-03 14:35:00-05:00,SQQQ,69.27,69.29,69.12,69.165,89600.0,69.1966,456
2026-02-03 14:36:00-05:00,SQQQ,69.15,69.2,69.08,69.17,67826.0,69.1384,351
2026-02-03 14:37:00-05:00,SQQQ,69.185,69.26,69.08,69.09,70487.0,69.1839,413
2026-02-03 14:38:00-05:00,SQQQ,69.05,69.16,69.015,69.095,73722.0,69.0753,452
2026-02-03 14:39:00-05:00,SQQQ,69.09,69.16,69.08,69.15,66435.0,69.1371,256
2026-02-03 14:40:00-05:00,SQQQ,69.16,69.26,69.13,69.15,106022.0,69.1679,470
2026-02-03 14:41:00-05:00,SQQQ,69.15,69.17,69.085,69.095,56846.0,69.1202,330
2026-02-03 14:42:00-05:00,SQQQ,69.11,69.15,69.055,69.12,79779.0,69.1208,389
2026-02-03 14:43:00-05:00,SQQQ,69.12,69.32,69.12,69.255,140585.0,69.2227,555
2026-02-03 14:44:00-05:00,SQQQ,69.25,69.3,69.232,69.28,39608.0,69.2782,259
2026-02-03 14:45:00-05:00,SQQQ,69.27,69.3799,69.23,69.31,69855.0,69.3233,367
2026-02-03 14:46:00-05:00,SQQQ,69.31,69.4499,69.295,69.4166,75254.0,69.3804,417
2026-02-03 14:47:00-05:00,SQQQ,69.4099,69.42,69.3228,69.39,77269.0,69.3729,344
2026-02-03 14:48:00-05:00,SQQQ,69.375,69.41,69.3462,69.3701,36711.0,69.3847,254
2026-02-03 14:49:00-05:00,SQQQ,69.33,69.4182,69.28,69.4135,226188.0,69.334,791
2026-02-03 14:50:00-05:00,SQQQ,69.43,69.44,69.2915,69.33,112619.0,69.3383,504
2026-02-03 14:51:00-05:00,SQQQ,69.335,69.505,69.31,69.445,209323.0,69.4498,855
2026-02-03 14:52:00-05:00,SQQQ,69.425,69.4825,69.38,69.46,160229.0,69.434,538
2026-02-03 14:53:00-05:00,SQQQ,69.47,69.535,69.18,69.34,592618.0,69.3105,2133
2026-02-03 14:54:00-05:00,SQQQ,69.33,69.3899,69.2,69.2,77537.0,69.3205,450
2026-02-03 14:55:00-05:00,SQQQ,69.2,69.23,69.12,69.123,89163.0,69.1804,635
2026-02-03 14:56:00-05:00,SQQQ,69.12,69.12,68.94,68.94,60216.0,68.9949,420
2026-02-03 14:57:00-05:00,SQQQ,68.95,69.035,68.94,68.98,103662.0,68.9857,426
2026-02-03 14:58:00-05:00,SQQQ,68.99,68.99,68.8716,68.89,68997.0,68.9094,451
2026-02-03 14:59:00-05:00,SQQQ,68.9,68.95,68.82,68.92,142793.0,68.9,667
2026-02-03 15:00:00-05:00,SQQQ,68.92,68.96,68.84,68.915,90203.0,68.9202,557
2026-02-03 15:01:00-05:00,SQQQ,68.92,69.08,68.88,69.08,123099.0,68.995,512
2026-02-03 15:02:00-05:00,SQQQ,69.09,69.15,69.05,69.1401,122290.0,69.1071,600
2026-02-03 15:03:00-05:00,SQQQ,69.14,69.1599,69.0821,69.0982,53078.0,69.127,314
2026-02-03 15:04:00-05:00,SQQQ,69.08,69.135,69.06,69.135,45633.0,69.0892,269
2026-02-03 15:05:00-05:00,SQQQ,69.14,69.15,69.03,69.08,74661.0,69.1183,320
2026-02-03 15:06:00-05:00,SQQQ,69.0785,69.09,69.02,69.04,48989.0,69.0489,378
2026-02-03 15:07:00-05:00,SQQQ,69.01,69.045,68.98,69.0297,51960.0,69.0202,294
2026-02-03 15:08:00-05:00,SQQQ,69.03,69.165,69.03,69.14,103216.0,69.107,454
2026-02-03 15:09:00-05:00,SQQQ,69.13,69.185,69.11,69.12,44106.0,69.1515,377
2026-02-03 15:10:00-05:00,SQQQ,69.115,69.135,69.04,69.07,122918.0,69.0704,875
2026-02-03 15:11:00-05:00,SQQQ,69.06,69.12,69.055,69.07,43631.0,69.0932,346
2026-02-03 15:12:00-05:00,SQQQ,69.07,69.25,69.06,69.25,76149.0,69.1547,412
2026-02-03 15:13:00-05:00,SQQQ,69.24,69.267,69.135,69.135,91829.0,69.2131,474
2026-02-03 15:14:00-05:00,SQQQ,69.14,69.18,68.9601,68.97,54013.0,69.0367,434
2026-02-03 15:15:00-05:00,SQQQ,68.99,69.16,68.99,69.12,66788.0,69.0956,485
2026-02-03 15:16:00-05:00,SQQQ,69.135,69.135,69.03,69.04,62425.0,69.0542,397
2026-02-03 15:17:00-05:00,SQQQ,69.03,69.0459,68.95,68.9823,48316.0,69.0003,402
2026-02-03 15:18:00-05:00,SQQQ,68.97,68.99,68.81,68.8177,100977.0,68.8876,582
2026-02-03 15:19:00-05:00,SQQQ,68.805,68.92,68.77,68.92,206062.0,68.8334,624
2026-02-03 15:20:00-05:00,SQQQ,68.92,69.0899,68.9,69.0798,82449.0,68.999,564
2026-02-03 15:21:00-05:00,SQQQ,69.075,69.1,69.01,69.02,93740.0,69.0493,323
2026-02-03 15:22:00-05:00,SQQQ,69.02,69.095,69.01,69.025,50894.0,69.0531,263
2026-02-03 15:23:00-05:00,SQQQ,69.02,69.05,68.88,68.89,31513.0,68.9737,279
2026-02-03 15:24:00-05:00,SQQQ,68.89,68.93,68.835,68.845,31118.0,68.8909,266
2026-02-03 15:25:00-05:00,SQQQ,68.84,68.8401,68.795,68.81,59221.0,68.823,224
2026-02-03 15:26:00-05:00,SQQQ,68.82,68.84,68.79,68.79,39103.0,68.8087,247
2026-02-03 15:27:00-05:00,SQQQ,68.7915,68.82,68.735,68.74,35638.0,68.7768,236
2026-02-03 15:28:00-05:00,SQQQ,68.76,68.83,68.7199,68.8275,130864.0,68.7608,502
2026-02-03 15:29:00-05:00,SQQQ,68.83,68.8301,68.773,68.81,22909.0,68.7985,161
2026-02-03 15:30:00-05:00,SQQQ,68.815,68.815,68.61,68.61,117553.0,68.6992,579
2026-02-03 15:31:00-05:00,SQQQ,68.62,68.645,68.54,68.54,80283.0,68.6043,602
2026-02-03 15:32:00-05:00,SQQQ,68.55,68.55,68.41,68.5,126456.0,68.4891,864
2026-02-03 15:33:00-05:00,SQQQ,68.49,68.49,68.4,68.4,95477.0,68.4561,481
2026-02-03 15:34:00-05:00,SQQQ,68.41,68.41,68.29,68.3145,208411.0,68.3223,596
2026-02-03 15:35:00-05:00,SQQQ,68.315,68.35,68.285,68.29,89813.0,68.3115,503
2026-02-03 15:36:00-05:00,SQQQ,68.29,68.37,68.235,68.28,96416.0,68.3027,583
2026-02-03 15:37:00-05:00,SQQQ,68.27,68.37,68.27,68.36,93455.0,68.309,487
2026-02-03 15:38:00-05:00,SQQQ,68.36,68.3601,68.1201,68.1201,107327.0,68.2346,544
2026-02-03 15:39:00-05:00,SQQQ,68.13,68.21,68.125,68.1495,126621.0,68.1806,487
2026-02-03 15:40:00-05:00,SQQQ,68.15,68.27,68.15,68.265,131457.0,68.2194,532
2026-02-03 15:41:00-05:00,SQQQ,68.27,68.46,68.2601,68.457,73357.0,68.3679,430
2026-02-03 15:42:00-05:00,SQQQ,68.46,68.485,68.325,68.3745,110631.0,68.4053,383
2026-02-03 15:43:00-05:00,SQQQ,68.38,68.43,68.3797,68.41,43140.0,68.4028,439
2026-02-03 15:44:00-05:00,SQQQ,68.4,68.4,68.32,68.35,114822.0,68.3627,619
2026-02-03 15:45:00-05:00,SQQQ,68.35,68.4,68.29,68.3201,101264.0,68.3449,646
2026-02-03 15:46:00-05:00,SQQQ,68.31,68.32,68.22,68.23,80671.0,68.2653,424
2026-02-03 15:47:00-05:00,SQQQ,68.22,68.3,68.18,68.27,53154.0,68.2389,425
2026-02-03 15:48:00-05:00,SQQQ,68.27,68.345,68.23,68.34,59889.0,68.2799,356
2026-02-03 15:49:00-05:00,SQQQ,68.33,68.33,68.2219,68.23,56471.0,68.2583,316
2026-02-03 15:50:00-05:00,SQQQ,68.22,68.22,68.04,68.135,208205.0,68.1216,983
2026-02-03 15:51:00-05:00,SQQQ,68.13,68.27,68.11,68.24,98721.0,68.1834,503
2026-02-03 15:52:00-05:00,SQQQ,68.235,68.31,68.23,68.23,82116.0,68.2749,651
2026-02-03 15:53:00-05:00,SQQQ,68.225,68.26,68.13,68.24,142649.0,68.2115,951
2026-02-03 15:54:00-05:00,SQQQ,68.24,68.25,68.07,68.11,229253.0,68.1578,932
2026-02-03 15:55:00-05:00,SQQQ,68.105,68.16,67.97,68.02,334918.0,68.0541,1097
2026-02-03 15:56:00-05:00,SQQQ,68.01,68.1,68.005,68.03,68907.0,68.0544,418
2026-02-03 15:57:00-05:00,SQQQ,68.02,68.05,67.9701,68.03,144714.0,68.0016,672
2026-02-03 15:58:00-05:00,SQQQ,68.03,68.035,67.9201,67.925,196165.0,67.9581,731
2026-02-03 15:59:00-05:00,SQQQ,67.925,67.97,67.86,67.95,385273.0,67.9164,1665
2026-02-03 16:00:00-05:00,SQQQ,67.96,68.01,67.81,67.84,73822.0,67.9007,217
2026-02-03 16:01:00-05:00,SQQQ,67.83,67.9483,67.83,67.8798,16247.0,67.8779,63
2026-02-03 16:02:00-05:00,SQQQ,67.88,67.88,67.77,67.83,22755.0,67.8149,72
2026-02-03 16:03:00-05:00,SQQQ,67.82,67.86,67.7918,67.7918,13712.0,67.8341,45
2026-02-03 16:04:00-05:00,SQQQ,67.79,67.79,67.78,67.78,2205.0,67.7833,38
2026-02-03 16:05:00-05:00,SQQQ,67.77,67.8405,67.77,67.82,13438.0,67.822,47
2026-02-03 16:06:00-05:00,SQQQ,67.85,67.99,67.85,67.99,13884.0,67.9125,87
2026-02-03 16:07:00-05:00,SQQQ,67.98,68.0,67.9391,67.9391,13928.0,67.9923,80
2026-02-03 16:08:00-05:00,SQQQ,67.92,67.95,67.9195,67.9195,972.0,67.9302,31
2026-02-03 16:09:00-05:00,SQQQ,67.93,67.96,67.92,67.96,5265.0,67.9414,27
2026-02-03 16:10:00-05:00,SQQQ,67.93,67.93,67.9,67.9,1430.0,67.9192,19
2026-02-03 16:11:00-05:00,SQQQ,67.9,67.93,67.9,67.93,3113.0,67.9189,32
2026-02-03 16:12:00-05:00,SQQQ,67.9,67.97,67.9,67.97,2123.0,67.941,22
2026-02-03 16:13:00-05:00,SQQQ,67.99,67.99,67.96,67.99,9996.0,67.9664,31
2026-02-03 16:14:00-05:00,SQQQ,67.95,67.96,67.93,67.96,4363.0,67.95,28
2026-02-03 16:15:00-05:00,SQQQ,67.92,68.07,67.72,68.07,22774.0,67.8924,175
2026-02-03 16:16:00-05:00,SQQQ,68.06,68.19,68.0402,68.1886,18107.0,68.125,110
2026-02-03 16:17:00-05:00,SQQQ,68.18,68.36,68.18,68.36,25306.0,68.2525,203
2026-02-03 16:18:00-05:00,SQQQ,68.36,68.43,68.3299,68.43,26769.0,68.395,120
2026-02-03 16:19:00-05:00,SQQQ,68.41,68.48,68.3407,68.3407,22165.0,68.4082,121
2026-02-03 16:20:00-05:00,SQQQ,68.35,68.38,68.32,68.37,9680.0,68.357,82
2026-02-03 16:21:00-05:00,SQQQ,68.38,68.43,68.33,68.36,14494.0,68.3686,104
2026-02-03 16:22:00-05:00,SQQQ,68.314,68.339,68.2,68.27,10874.0,68.2633,115
2026-02-03 16:23:00-05:00,SQQQ,68.2231,68.24,68.17,68.2,6575.0,68.2059,54
2026-02-03 16:24:00-05:00,SQQQ,68.18,68.22,68.14,68.22,13499.0,68.1825,72
2026-02-03 16:25:00-05:00,SQQQ,68.2,68.24,68.2,68.22,5898.0,68.2235,56
2026-02-03 16:26:00-05:00,SQQQ,68.21,68.23,68.1898,68.1898,3282.0,68.2096,34
2026-02-03 16:27:00-05:00,SQQQ,68.17,68.2,68.14,68.14,17169.0,68.158,45
2026-02-03 16:28:00-05:00,SQQQ,68.13,68.18,68.11,68.18,8584.0,68.1322,57
2026-02-03 16:29:00-05:00,SQQQ,68.18,68.18,68.14,68.14,4729.0,68.1623,42
2026-02-03 16:30:00-05:00,SQQQ,68.19,68.25,68.1803,68.25,5630.0,68.204,48
2026-02-03 16:31:00-05:00,SQQQ,68.2454,68.29,68.22,68.25,11108.0,68.2466,106
2026-02-03 16:32:00-05:00,SQQQ,68.28,68.29,68.24,68.24,6661.0,68.275,34
2026-02-03 16:33:00-05:00,SQQQ,68.26,68.31,68.26,68.28,3815.0,68.2934,44
2026-02-03 16:34:00-05:00,SQQQ,68.28,68.29,68.2631,68.2801,3196.0,68.2792,35
2026-02-03 16:35:00-05:00,SQQQ,68.28,68.32,68.26,68.28,5200.0,68.2833,42
2026-02-03 16:36:00-05:00,SQQQ,68.289,68.289,68.24,68.27,13270.0,68.2564,65
2026-02-03 16:37:00-05:00,SQQQ,68.28,68.29,68.26,68.26,984.0,68.2827,9
2026-02-03 16:38:00-05:00,SQQQ,68.3,68.3293,68.3,68.3097,1489.0,68.3118,24
2026-02-03 16:39:00-05:00,SQQQ,68.3127,68.33,68.3127,68.32,1778.0,68.3253,24
2026-02-03 16:40:00-05:00,SQQQ,68.31,68.31,68.2985,68.3,4618.0,68.3003,33
2026-02-03 16:41:00-05:00,SQQQ,68.319,68.3193,68.23,68.27,14114.0,68.2761,114
2026-02-03 16:42:00-05:00,SQQQ,68.23,68.23,68.18,68.2031,2837.0,68.2083,27
2026-02-03 16:43:00-05:00,SQQQ,68.2201,68.25,68.2201,68.24,46337.0,68.2256,35
2026-02-03 16:44:00-05:00,SQQQ,68.22,68.25,68.2197,68.25,1673.0,68.2234,16
2026-02-03 16:45:00-05:00,SQQQ,68.2,68.23,68.19,68.2131,10778.0,68.2028,38
2026-02-03 16:46:00-05:00,SQQQ,68.23,68.24,68.22,68.24,5140.0,68.2336,36
2026-02-03 16:47:00-05:00,SQQQ,68.24,68.24,68.23,68.23,2002.0,68.2376,19
2026-02-03 16:49:00-05:00,SQQQ,68.26,68.3,68.26,68.3,835.0,68.279,23
2026-02-03 16:50:00-05:00,SQQQ,68.32,68.32,68.2997,68.2997,2732.0,68.3087,32
2026-02-03 16:51:00-05:00,SQQQ,68.27,68.27,68.25,68.25,1018.0,68.2593,24
2026-02-03 16:52:00-05:00,SQQQ,68.21,68.2198,68.2,68.21,9343.0,68.2056,21
2026-02-03 16:53:00-05:00,SQQQ,68.29,68.29,68.26,68.28,7926.0,68.278,28
2026-02-03 16:54:00-05:00,SQQQ,68.27,68.28,68.27,68.28,2326.0,68.2752,17
2026-02-03 16:55:00-05:00,SQQQ,68.28,68.28,68.21,68.21,2020.0,68.2379,24
2026-02-03 16:56:00-05:00,SQQQ,68.21,68.22,68.21,68.2135,2403.0,68.2105,33
2026-02-03 16:57:00-05:00,SQQQ,68.25,68.27,68.25,68.26,3081.0,68.2557,35
2026-02-03 16:58:00-05:00,SQQQ,68.2,68.2,68.2,68.2,1822.0,68.2005,8
2026-02-03 16:59:00-05:00,SQQQ,68.179,68.18,68.14,68.145,1616.0,68.1637,21
2026-02-03 17:00:00-05:00,SQQQ,68.1357,68.22,68.13,68.22,4572.0,68.1544,28
2026-02-03 17:02:00-05:00,SQQQ,68.17,68.17,68.16,68.16,1213.0,68.169,12
2026-02-03 17:03:00-05:00,SQQQ,68.15,68.15,68.15,68.15,220.0,68.1664,6
2026-02-03 17:04:00-05:00,SQQQ,68.1758,68.1758,68.1758,68.1758,223.0,68.1825,7
2026-02-03 17:05:00-05:00,SQQQ,68.19,68.2,68.18,68.2,930.0,68.1947,10
2026-02-03 17:07:00-05:00,SQQQ,68.21,68.22,68.21,68.22,2098.0,68.2171,20
2026-02-03 17:08:00-05:00,SQQQ,68.2,68.2099,68.2,68.2099,2324.0,68.2084,5
2026-02-03 17:09:00-05:00,SQQQ,68.2105,68.2105,68.2105,68.2105,373.0,68.2108,12
2026-02-03 17:10:00-05:00,SQQQ,68.22,68.2493,68.22,68.2493,1359.0,68.2436,13
2026-02-03 17:11:00-05:00,SQQQ,68.2233,68.25,68.2203,68.25,4042.0,68.2357,4
2026-02-03 17:12:00-05:00,SQQQ,68.22,68.23,68.22,68.22,1600.0,68.2234,21
2026-02-03 17:13:00-05:00,SQQQ,68.25,68.25,68.25,68.25,616.0,68.2517,15
2026-02-03 17:14:00-05:00,SQQQ,68.3,68.31,68.26,68.31,2031.0,68.2972,26
2026-02-03 17:15:00-05:00,SQQQ,68.279,68.3,68.279,68.3,1318.0,68.2836,9
2026-02-03 17:16:00-05:00,SQQQ,68.31,68.31,68.31,68.31,1170.0,68.31,14
2026-02-03 17:17:00-05:00,SQQQ,68.33,68.33,68.33,68.33,1619.0,68.3286,15
2026-02-03 17:19:00-05:00,SQQQ,68.32,68.32,68.32,68.32,431.0,68.3244,18
2026-02-03 17:20:00-05:00,SQQQ,68.3467,68.35,68.3438,68.35,1691.0,68.348,23
2026-02-03 17:21:00-05:00,SQQQ,68.39,68.4,68.39,68.4,2098.0,68.3981,39
2026-02-03 17:22:00-05:00,SQQQ,68.4,68.4298,68.4,68.4,2803.0,68.4119,23
2026-02-03 17:23:00-05:00,SQQQ,68.38,68.3885,68.35,68.36,2027.0,68.3709,15
2026-02-03 17:24:00-05:00,SQQQ,68.3591,68.3933,68.3591,68.3933,844.0,68.3688,8
2026-02-03 17:25:00-05:00,SQQQ,68.3477,68.38,68.3477,68.3692,3650.0,68.3772,7
2026-02-03 17:26:00-05:00,SQQQ,68.34,68.34,68.31,68.31,741.0,68.328,13
2026-02-03 17:27:00-05:00,SQQQ,68.2877,68.3254,68.2877,68.3,6196.0,68.2997,13
2026-02-03 17:28:00-05:00,SQQQ,68.3598,68.3598,68.3598,68.3598,116.0,68.3573,5
2026-02-03 17:30:00-05:00,SQQQ,68.3,68.3845,68.3,68.36,620.0,68.3647,7
2026-02-03 17:31:00-05:00,SQQQ,68.35,68.35,68.35,68.35,292.0,68.3423,10
2026-02-03 17:35:00-05:00,SQQQ,68.38,68.38,68.38,68.38,527.0,68.38,2
2026-02-03 17:36:00-05:00,SQQQ,68.38,68.38,68.38,68.38,254.0,68.38,5
2026-02-03 17:37:00-05:00,SQQQ,68.3676,68.3676,68.35,68.35,560.0,68.3633,8
2026-02-03 17:38:00-05:00,SQQQ,68.3793,68.38,68.3793,68.38,1361.0,68.3759,10
2026-02-03 17:39:00-05:00,SQQQ,68.36,68.3669,68.36,68.3669,410.0,68.3637,11
2026-02-03 17:40:00-05:00,SQQQ,68.35,68.35,68.35,68.35,500.0,68.3577,13
2026-02-03 17:42:00-05:00,SQQQ,68.3799,68.3799,68.36,68.36,311.0,68.3664,4
2026-02-03 17:43:00-05:00,SQQQ,68.36,68.37,68.36,68.37,1363.0,68.3669,10
2026-02-03 17:44:00-05:00,SQQQ,68.38,68.38,68.3609,68.3609,1054.0,68.3676,11
2026-02-03 17:45:00-05:00,SQQQ,68.37,68.45,68.37,68.45,6881.0,68.4101,45
2026-02-03 17:46:00-05:00,SQQQ,68.45,68.45,68.42,68.43,2981.0,68.4312,14
2026-02-03 17:47:00-05:00,SQQQ,68.45,68.45,68.41,68.41,2973.0,68.4335,21
2026-02-03 17:48:00-05:00,SQQQ,68.4487,68.4487,68.4403,68.4482,1119.0,68.4423,8
2026-02-03 17:49:00-05:00,SQQQ,68.42,68.44,68.4172,68.4172,654.0,68.4238,13
2026-02-03 17:50:00-05:00,SQQQ,68.42,68.44,68.4162,68.42,8642.0,68.4379,11
2026-02-03 17:51:00-05:00,SQQQ,68.41,68.44,68.41,68.44,1658.0,68.4377,19
2026-02-03 17:52:00-05:00,SQQQ,68.45,68.45,68.41,68.4254,4831.0,68.4247,30
2026-02-03 17:53:00-05:00,SQQQ,68.43,68.45,68.43,68.45,683.0,68.4454,15
2026-02-03 17:54:00-05:00,SQQQ,68.4498,68.45,68.4401,68.4499,2370.0,68.4493,14
2026-02-03 17:55:00-05:00,SQQQ,68.45,68.45,68.44,68.44,6995.0,68.4469,23
2026-02-03 17:56:00-05:00,SQQQ,68.45,68.45,68.44,68.44,897.0,68.4448,19
2026-02-03 17:58:00-05:00,SQQQ,68.43,68.43,68.43,68.43,346.0,68.423,19
2026-02-03 17:59:00-05:00,SQQQ,68.45,68.45,68.45,68.45,1202.0,68.4497,14
2026-02-03 18:00:00-05:00,SQQQ,68.46,68.47,68.38,68.43,17707.0,68.4471,68
2026-02-03 18:01:00-05:00,SQQQ,68.45,68.45,68.3,68.319,30130.0,68.3529,61
2026-02-03 18:02:00-05:00,SQQQ,68.29,68.3,68.27,68.27,2708.0,68.288,22
2026-02-03 18:03:00-05:00,SQQQ,68.31,68.4,68.31,68.38,4395.0,68.3884,23
2026-02-03 18:04:00-05:00,SQQQ,68.4199,68.4199,68.339,68.339,3115.0,68.362,8
2026-02-03 18:05:00-05:00,SQQQ,68.34,68.35,68.34,68.348,3731.0,68.3485,8
2026-02-03 18:06:00-05:00,SQQQ,68.48,68.61,68.48,68.58,12260.0,68.5533,106
2026-02-03 18:07:00-05:00,SQQQ,68.57,68.58,68.5501,68.5501,3326.0,68.5628,19
2026-02-03 18:08:00-05:00,SQQQ,68.54,68.56,68.54,68.56,3071.0,68.545,12
2026-02-03 18:09:00-05:00,SQQQ,68.5393,68.5393,68.491,68.52,3642.0,68.5192,18
2026-02-03 18:10:00-05:00,SQQQ,68.46,68.46,68.37,68.37,1162.0,68.3892,12
2026-02-03 18:11:00-05:00,SQQQ,68.3982,68.43,68.3982,68.42,1481.0,68.4058,13
2026-02-03 18:12:00-05:00,SQQQ,68.3904,68.43,68.38,68.38,1724.0,68.3993,14
2026-02-03 18:13:00-05:00,SQQQ,68.32,68.32,68.2184,68.2388,3388.0,68.2463,35
2026-02-03 18:14:00-05:00,SQQQ,68.21,68.21,68.1669,68.1669,5008.0,68.1777,33
2026-02-03 18:15:00-05:00,SQQQ,68.16,68.16,68.1,68.1098,4802.0,68.121,58
2026-02-03 18:16:00-05:00,SQQQ,68.08,68.08,68.01,68.0101,13397.0,68.0201,26
2026-02-03 18:17:00-05:00,SQQQ,68.06,68.0601,68.04,68.04,8694.0,68.0498,25
2026-02-03 18:18:00-05:00,SQQQ,68.08,68.11,68.05,68.05,2800.0,68.0896,34
2026-02-03 18:19:00-05:00,SQQQ,68.05,68.05,68.05,68.05,427.0,68.0616,13
2026-02-03 18:20:00-05:00,SQQQ,68.19,68.2215,68.1702,68.2215,20129.0,68.1895,37
2026-02-03 18:21:00-05:00,SQQQ,68.21,68.279,68.21,68.279,8803.0,68.2279,31
2026-02-03 18:22:00-05:00,SQQQ,68.2631,68.297,68.2631,68.297,782.0,68.2835,17
2026-02-03 18:23:00-05:00,SQQQ,68.3,68.31,68.29,68.29,796.0,68.3041,13
2026-02-03 18:24:00-05:00,SQQQ,68.3,68.3,68.26,68.26,3488.0,68.2747,18
2026-02-03 18:25:00-05:00,SQQQ,68.23,68.23,68.15,68.15,283.0,68.1954,10
2026-02-03 18:26:00-05:00,SQQQ,68.22,68.22,68.21,68.2101,950.0,68.2117,8
2026-02-03 18:27:00-05:00,SQQQ,68.24,68.29,68.24,68.29,3490.0,68.2543,19
2026-02-03 18:28:00-05:00,SQQQ,68.28,68.4,68.28,68.4,2748.0,68.3121,43
2026-02-03 18:29:00-05:00,SQQQ,68.4066,68.4066,68.38,68.38,734.0,68.3864,8
2026-02-03 18:30:00-05:00,SQQQ,68.36,68.39,68.36,68.37,5658.0,68.3762,26
2026-02-03 18:31:00-05:00,SQQQ,68.359,68.39,68.359,68.39,1531.0,68.3633,7
2026-02-03 18:32:00-05:00,SQQQ,68.4,68.4,68.389,68.389,2115.0,68.3913,14
2026-02-03 18:34:00-05:00,SQQQ,68.4208,68.4208,68.42,68.42,503.0,68.4194,6
2026-02-03 18:36:00-05:00,SQQQ,68.3898,68.3898,68.37,68.37,424.0,68.3812,10
2026-02-03 18:37:00-05:00,SQQQ,68.4007,68.4007,68.4007,68.4007,387.0,68.4095,9
2026-02-03 18:38:00-05:00,SQQQ,68.42,68.42,68.42,68.42,1447.0,68.4184,12
2026-02-03 18:39:00-05:00,SQQQ,68.4,68.4,68.359,68.359,1551.0,68.3733,6
2026-02-03 18:40:00-05:00,SQQQ,68.37,68.37,68.37,68.37,429.0,68.3698,9
2026-02-03 18:41:00-05:00,SQQQ,68.3654,68.3654,68.3654,68.3654,720.0,68.3652,8
2026-02-03 18:42:00-05:00,SQQQ,68.3697,68.3697,68.34,68.34,650.0,68.3547,10
2026-02-03 18:44:00-05:00,SQQQ,68.39,68.39,68.34,68.34,759.0,68.3682,8
2026-02-03 18:45:00-05:00,SQQQ,68.4,68.4,68.4,68.4,168.0,68.396,6
2026-02-03 18:46:00-05:00,SQQQ,68.4,68.4,68.36,68.37,2360.0,68.3887,4
2026-02-03 18:47:00-05:00,SQQQ,68.35,68.35,68.3,68.3254,4746.0,68.3369,20
2026-02-03 18:48:00-05:00,SQQQ,68.3,68.3,68.19,68.2,2911.0,68.263,22
2026-02-03 18:49:00-05:00,SQQQ,68.22,68.22,68.22,68.22,686.0,68.2194,12
2026-02-03 18:50:00-05:00,SQQQ,68.213,68.213,68.213,68.213,160.0,68.2164,8
2026-02-03 18:51:00-05:00,SQQQ,68.25,68.25,68.25,68.25,832.0,68.2473,10
2026-02-03 18:52:00-05:00,SQQQ,68.22,68.22,68.22,68.22,588.0,68.2218,11
2026-02-03 18:53:00-05:00,SQQQ,68.2,68.2,68.1754,68.1754,1563.0,68.198,13
2026-02-03 18:54:00-05:00,SQQQ,68.1803,68.1864,68.1803,68.1864,752.0,68.1844,5
2026-02-03 18:55:00-05:00,SQQQ,68.1797,68.1797,68.1797,68.1797,848.0,68.18,12
2026-02-03 18:56:00-05:00,SQQQ,68.19,68.19,68.19,68.19,270.0,68.1979,6
2026-02-03 18:57:00-05:00,SQQQ,68.2,68.2,68.15,68.15,1277.0,68.1653,15
2026-02-03 18:58:00-05:00,SQQQ,68.12,68.12,68.08,68.1,4258.0,68.1106,23
2026-02-03 18:59:00-05:00,SQQQ,68.0783,68.12,68.0783,68.12,5311.0,68.1034,16
2026-02-03 19:00:00-05:00,SQQQ,68.24,68.24,68.24,68.24,210.0,68.1927,9
2026-02-03 19:01:00-05:00,SQQQ,68.2586,68.3,68.2586,68.3,313.0,68.2957,24
2026-02-03 19:02:00-05:00,SQQQ,68.35,68.35,68.29,68.29,1950.0,68.3179,18
2026-02-03 19:03:00-05:00,SQQQ,68.25,68.25,68.25,68.25,159.0,68.2594,6
2026-02-03 19:04:00-05:00,SQQQ,68.3,68.3,68.2554,68.26,395.0,68.2725,7
2026-02-03 19:05:00-05:00,SQQQ,68.26,68.26,68.2205,68.2205,1160.0,68.2532,11
2026-02-03 19:06:00-05:00,SQQQ,68.22,68.22,68.22,68.22,10016.0,68.22,5
2026-02-03 19:07:00-05:00,SQQQ,68.15,68.16,68.13,68.15,2978.0,68.1516,13
2026-02-03 19:08:00-05:00,SQQQ,68.1602,68.1602,68.1602,68.1602,500.0,68.1602,1
2026-02-03 19:09:00-05:00,SQQQ,68.18,68.18,68.18,68.18,295.0,68.1806,4
2026-02-03 19:11:00-05:00,SQQQ,68.3097,68.3097,68.3097,68.3097,2043.0,68.3098,5
2026-02-03 19:12:00-05:00,SQQQ,68.24,68.24,68.2,68.2,1333.0,68.232,7
2026-02-03 19:13:00-05:00,SQQQ,68.26,68.26,68.26,68.26,147.0,68.2672,3
2026-02-03 19:14:00-05:00,SQQQ,68.31,68.31,68.31,68.31,420.0,68.3116,8
2026-02-03 19:15:00-05:00,SQQQ,68.2,68.21,68.19,68.2,2948.0,68.2014,9
2026-02-03 19:16:00-05:00,SQQQ,68.2169,68.2169,68.1,68.1,3569.0,68.1337,19
2026-02-03 19:17:00-05:00,SQQQ,68.07,68.12,68.07,68.12,3007.0,68.1134,13
2026-02-03 19:18:00-05:00,SQQQ,68.1,68.15,68.0991,68.12,5598.0,68.1122,17
2026-02-03 19:19:00-05:00,SQQQ,68.0794,68.0794,68.0535,68.06,1484.0,68.0723,12
2026-02-03 19:20:00-05:00,SQQQ,68.07,68.08,68.054,68.06,2057.0,68.0675,20
2026-02-03 19:21:00-05:00,SQQQ,68.0903,68.0903,68.08,68.08,1730.0,68.083,10
2026-02-03 19:22:00-05:00,SQQQ,68.1,68.1,68.1,68.1,958.0,68.103,9
2026-02-03 19:23:00-05:00,SQQQ,68.16,68.16,68.16,68.16,1095.0,68.1578,8
2026-02-03 19:24:00-05:00,SQQQ,68.1431,68.16,68.1431,68.15,3948.0,68.1569,23
2026-02-03 19:25:00-05:00,SQQQ,68.12,68.12,68.11,68.12,1421.0,68.115,10
2026-02-03 19:26:00-05:00,SQQQ,68.16,68.26,68.16,68.26,1053.0,68.2104,12
2026-02-03 19:27:00-05:00,SQQQ,68.29,68.31,68.29,68.2946,1057.0,68.2988,10
2026-02-03 19:28:00-05:00,SQQQ,68.3,68.3,68.2504,68.29,5383.0,68.2767,23
2026-02-03 19:29:00-05:00,SQQQ,68.3,68.3,68.27,68.27,1451.0,68.2897,10
2026-02-03 19:30:00-05:00,SQQQ,68.209,68.24,68.209,68.24,4213.0,68.2324,17
2026-02-03 19:32:00-05:00,SQQQ,68.2,68.2199,68.2,68.2199,360.0,68.2017,9
2026-02-03 19:33:00-05:00,SQQQ,68.15,68.17,68.15,68.17,2568.0,68.1512,10
2026-02-03 19:34:00-05:00,SQQQ,68.17,68.17,68.16,68.16,699.0,68.1636,7
2026-02-03 19:35:00-05:00,SQQQ,68.12,68.1367,68.1107,68.1107,1033.0,68.1207,9
2026-02-03 19:36:00-05:00,SQQQ,68.14,68.14,68.1364,68.1364,823.0,68.1377,5
2026-02-03 19:37:00-05:00,SQQQ,68.1502,68.18,68.1502,68.18,577.0,68.1635,8
2026-02-03 19:39:00-05:00,SQQQ,68.21,68.21,68.189,68.19,2234.0,68.1954,11
2026-02-03 19:40:00-05:00,SQQQ,68.22,68.22,68.22,68.22,1451.0,68.2193,16
2026-02-03 19:41:00-05:00,SQQQ,68.22,68.23,68.22,68.23,245.0,68.2263,4
2026-02-03 19:42:00-05:00,SQQQ,68.26,68.26,68.26,68.26,787.0,68.2586,7
2026-02-03 19:43:00-05:00,SQQQ,68.26,68.34,68.26,68.33,3609.0,68.3227,21
2026-02-03 19:44:00-05:00,SQQQ,68.34,68.34,68.33,68.33,740.0,68.3349,6
2026-02-03 19:45:00-05:00,SQQQ,68.3,68.3,68.3,68.3,902.0,68.2972,5
2026-02-03 19:46:00-05:00,SQQQ,68.26,68.27,68.25,68.2664,1918.0,68.2585,11
2026-02-03 19:47:00-05:00,SQQQ,68.2696,68.27,68.2696,68.27,5720.0,68.2698,10
2026-02-03 19:48:00-05:00,SQQQ,68.3,68.4,68.3,68.39,3551.0,68.3246,25
2026-02-03 19:49:00-05:00,SQQQ,68.37,68.3996,68.37,68.39,556.0,68.3871,6
2026-02-03 19:50:00-05:00,SQQQ,68.4,68.419,68.4,68.41,4471.0,68.4087,14
2026-02-03 19:51:00-05:00,SQQQ,68.39,68.42,68.3862,68.3862,5055.0,68.3961,30
2026-02-03 19:52:00-05:00,SQQQ,68.37,68.41,68.37,68.41,9443.0,68.3845,22
2026-02-03 19:53:00-05:00,SQQQ,68.42,68.45,68.41,68.43,3703.0,68.4292,22
2026-02-03 19:54:00-05:00,SQQQ,68.45,68.4969,68.45,68.4785,3488.0,68.476,18
2026-02-03 19:55:00-05:00,SQQQ,68.4599,68.4599,68.4,68.42,4371.0,68.4171,18
2026-02-03 19:56:00-05:00,SQQQ,68.42,68.42,68.39,68.39,2018.0,68.3995,20
2026-02-03 19:57:00-05:00,SQQQ,68.399,68.4201,68.3903,68.4201,7331.0,68.4008,30
2026-02-03 19:58:00-05:00,SQQQ,68.4202,68.44,68.4201,68.44,7834.0,68.4236,33
2026-02-03 19:59:00-05:00,SQQQ,68.45,68.5,68.4401,68.5,3741.0,68.4786,36
2026-02-04 04:00:00-05:00,SQQQ,68.16,68.2,68.11,68.18,2250.0,68.1574,29
2026-02-04 04:01:00-05:00,SQQQ,68.17,68.17,67.96,67.98,2976.0,68.0605,55
2026-02-04 04:02:00-05:00,SQQQ,67.97,68.02,67.94,68.02,1668.0,67.991,31
2026-02-04 04:03:00-05:00,SQQQ,68.05,68.08,68.05,68.08,811.0,68.0583,17
2026-02-04 04:04:00-05:00,SQQQ,68.07,68.08,68.04,68.04,1726.0,68.0723,19
2026-02-04 04:05:00-05:00,SQQQ,68.01,68.07,67.99,68.07,2359.0,68.0177,28
2026-02-04 04:06:00-05:00,SQQQ,67.98,67.98,67.95,67.95,2114.0,67.9755,35
2026-02-04 04:07:00-05:00,SQQQ,67.98,68.02,67.98,68.02,10982.0,67.9922,87
2026-02-04 04:08:00-05:00,SQQQ,68.0,68.0,67.97,67.99,11446.0,67.999,52
2026-02-04 04:09:00-05:00,SQQQ,68.01,68.04,68.0,68.04,2757.0,68.0142,24
2026-02-04 04:10:00-05:00,SQQQ,68.09,68.11,68.04,68.04,1451.0,68.0678,21
2026-02-04 04:11:00-05:00,SQQQ,68.07,68.09,68.04,68.09,1746.0,68.0607,16
2026-02-04 04:12:00-05:00,SQQQ,68.09,68.11,68.09,68.11,5401.0,68.1083,33
2026-02-04 04:13:00-05:00,SQQQ,68.08,68.24,68.08,68.2,2171.0,68.1469,31
2026-02-04 04:14:00-05:00,SQQQ,68.18,68.23,68.18,68.23,1395.0,68.2142,20
2026-02-04 04:15:00-05:00,SQQQ,68.22,68.25,68.22,68.25,3658.0,68.2328,29
2026-02-04 04:16:00-05:00,SQQQ,68.23,68.29,68.22,68.26,2652.0,68.2572,34
2026-02-04 04:17:00-05:00,SQQQ,68.38,68.4,68.33,68.34,4528.0,68.3788,48
2026-02-04 04:18:00-05:00,SQQQ,68.34,68.5,68.34,68.49,5863.0,68.4387,97
2026-02-04 04:19:00-05:00,SQQQ,68.45,68.49,68.39,68.47,5091.0,68.4534,70
2026-02-04 04:20:00-05:00,SQQQ,68.45,68.6,68.45,68.6,4477.0,68.5234,80
2026-02-04 04:21:00-05:00,SQQQ,68.63,68.63,68.48,68.56,17559.0,68.5501,162
2026-02-04 04:22:00-05:00,SQQQ,68.56,68.58,68.42,68.48,1403.0,68.5125,39
2026-02-04 04:23:00-05:00,SQQQ,68.46,68.51,68.46,68.48,5315.0,68.4738,116
2026-02-04 04:24:00-05:00,SQQQ,68.54,68.61,68.52,68.6,3320.0,68.5625,37
2026-02-04 04:25:00-05:00,SQQQ,68.6,68.65,68.55,68.58,9245.0,68.6112,116
2026-02-04 04:26:00-05:00,SQQQ,68.54,68.54,68.48,68.51,13652.0,68.5003,66
2026-02-04 04:27:00-05:00,SQQQ,68.5,68.54,68.5,68.54,1564.0,68.515,32
2026-02-04 04:28:00-05:00,SQQQ,68.5,68.6,68.5,68.54,2718.0,68.5486,44
2026-02-04 04:29:00-05:00,SQQQ,68.51,68.51,68.44,68.48,19862.0,68.4563,76
2026-02-04 04:30:00-05:00,SQQQ,68.4,68.42,68.38,68.4,2910.0,68.4044,65
2026-02-04 04:31:00-05:00,SQQQ,68.47,68.51,68.47,68.51,1566.0,68.4908,20
2026-02-04 04:32:00-05:00,SQQQ,68.47,68.47,68.4,68.4,728.0,68.432,21
2026-02-04 04:33:00-05:00,SQQQ,68.38,68.38,68.38,68.38,550.0,68.38,7
2026-02-04 04:34:00-05:00,SQQQ,68.4,68.42,68.38,68.4,1710.0,68.3936,24
2026-02-04 04:35:00-05:00,SQQQ,68.44,68.46,68.44,68.46,682.0,68.4562,20
2026-02-04 04:36:00-05:00,SQQQ,68.43,68.46,68.43,68.46,333.0,68.448,4
2026-02-04 04:37:00-05:00,SQQQ,68.44,68.46,68.4,68.46,4062.0,68.4415,50
2026-02-04 04:38:00-05:00,SQQQ,68.55,68.56,68.45,68.45,5848.0,68.5117,77
2026-02-04 04:39:00-05:00,SQQQ,68.43,68.43,68.41,68.41,742.0,68.4245,14
2026-02-04 04:40:00-05:00,SQQQ,68.44,68.45,68.44,68.45,1053.0,68.4489,11
2026-02-04 04:41:00-05:00,SQQQ,68.46,68.48,68.41,68.48,2302.0,68.4564,22
2026-02-04 04:42:00-05:00,SQQQ,68.59,68.62,68.57,68.58,2131.0,68.5936,31
2026-02-04 04:43:00-05:00,SQQQ,68.6,68.6,68.57,68.57,1001.0,68.5779,19
2026-02-04 04:44:00-05:00,SQQQ,68.62,68.68,68.56,68.58,5938.0,68.6333,96
2026-02-04 04:45:00-05:00,SQQQ,68.54,68.54,68.41,68.43,4944.0,68.4498,57
2026-02-04 04:46:00-05:00,SQQQ,68.42,68.5,68.42,68.45,5805.0,68.4534,67
2026-02-04 04:47:00-05:00,SQQQ,68.43,68.47,68.42,68.46,3853.0,68.4415,31
2026-02-04 04:48:00-05:00,SQQQ,68.49,68.52,68.47,68.52,2981.0,68.4986,37
2026-02-04 04:49:00-05:00,SQQQ,68.47,68.53,68.47,68.49,4393.0,68.5043,33
2026-02-04 04:50:00-05:00,SQQQ,68.5,68.56,68.49,68.56,2003.0,68.5404,21
2026-02-04 04:51:00-05:00,SQQQ,68.59,68.59,68.53,68.57,3773.0,68.5562,34
2026-02-04 04:52:00-05:00,SQQQ,68.53,68.56,68.49,68.56,3540.0,68.5323,38
2026-02-04 04:53:00-05:00,SQQQ,68.54,68.54,68.48,68.49,3505.0,68.511,33
2026-02-04 04:54:00-05:00,SQQQ,68.45,68.52,68.43,68.52,1467.0,68.4808,15
2026-02-04 04:55:00-05:00,SQQQ,68.46,68.47,68.42,68.44,2889.0,68.444,27
2026-02-04 04:56:00-05:00,SQQQ,68.45,68.46,68.41,68.41,2217.0,68.4403,25
2026-02-04 04:57:00-05:00,SQQQ,68.4,68.4,68.3,68.3,6646.0,68.3506,75
2026-02-04 04:58:00-05:00,SQQQ,68.29,68.33,68.28,68.3,3123.0,68.3016,32
2026-02-04 04:59:00-05:00,SQQQ,68.31,68.34,68.31,68.33,1482.0,68.3256,25
2026-02-04 05:00:00-05:00,SQQQ,68.36,68.36,68.31,68.31,844.0,68.341,11
2026-02-04 05:01:00-05:00,SQQQ,68.32,68.35,68.29,68.35,4352.0,68.3231,61
2026-02-04 05:02:00-05:00,SQQQ,68.36,68.36,68.3,68.33,2021.0,68.3444,19
2026-02-04 05:03:00-05:00,SQQQ,68.29,68.29,68.2,68.2,4305.0,68.2389,58
2026-02-04 05:04:00-05:00,SQQQ,68.21,68.21,68.09,68.09,5290.0,68.1472,86
2026-02-04 05:05:00-05:00,SQQQ,68.11,68.14,68.1,68.11,5003.0,68.1128,82
2026-02-04 05:06:00-05:00,SQQQ,68.11,68.13,68.02,68.06,8832.0,68.06,120
2026-02-04 05:07:00-05:00,SQQQ,68.03,68.09,68.03,68.06,5266.0,68.0517,67
2026-02-04 05:08:00-05:00,SQQQ,68.06,68.08,68.03,68.05,1565.0,68.059,16
2026-02-04 05:09:00-05:00,SQQQ,68.1,68.12,68.1,68.12,1090.0,68.1088,10
2026-02-04 05:10:00-05:00,SQQQ,68.17,68.2,68.17,68.18,1604.0,68.1829,34
2026-02-04 05:11:00-05:00,SQQQ,68.16,68.19,68.16,68.19,609.0,68.1722,17
2026-02-04 05:12:00-05:00,SQQQ,68.15,68.15,68.15,68.15,352.0,68.1506,5
2026-02-04 05:13:00-05:00,SQQQ,68.13,68.13,68.09,68.09,1613.0,68.0993,22
2026-02-04 05:14:00-05:00,SQQQ,68.16,68.16,68.15,68.16,2314.0,68.1596,35
2026-02-04 05:15:00-05:00,SQQQ,68.17,68.19,68.15,68.16,1564.0,68.1628,19
2026-02-04 05:16:00-05:00,SQQQ,68.15,68.16,68.11,68.11,2682.0,68.141,20
2026-02-04 05:17:00-05:00,SQQQ,68.09,68.09,68.03,68.09,2461.0,68.0578,27
2026-02-04 05:18:00-05:00,SQQQ,68.05,68.07,68.05,68.05,3071.0,68.0597,23
2026-02-04 05:19:00-05:00,SQQQ,68.04,68.08,67.98,68.01,11377.0,68.0157,110
2026-02-04 05:20:00-05:00,SQQQ,68.0,68.01,67.96,68.0,3511.0,67.9972,43
2026-02-04 05:21:00-05:00,SQQQ,68.01,68.03,67.99,67.99,2088.0,68.0007,19
2026-02-04 05:22:00-05:00,SQQQ,67.99,68.01,67.95,68.01,2929.0,67.9824,36
2026-02-04 05:23:00-05:00,SQQQ,68.0,68.04,68.0,68.04,1871.0,68.0143,26
2026-02-04 05:24:00-05:00,SQQQ,68.03,68.05,68.01,68.04,4839.0,68.0269,44
2026-02-04 05:25:00-05:00,SQQQ,68.03,68.05,68.02,68.05,2171.0,68.0294,19
2026-02-04 05:26:00-05:00,SQQQ,68.04,68.04,67.99,68.02,2950.0,68.0141,31
2026-02-04 05:27:00-05:00,SQQQ,68.03,68.03,68.03,68.03,297.0,68.0323,6
2026-02-04 05:28:00-05:00,SQQQ,68.03,68.08,68.02,68.02,3271.0,68.0488,42
2026-02-04 05:29:00-05:00,SQQQ,68.0,68.0,67.97,67.97,1693.0,67.9881,18
2026-02-04 05:30:00-05:00,SQQQ,67.95,67.96,67.87,67.92,4238.0,67.911,87
2026-02-04 05:31:00-05:00,SQQQ,67.89,67.92,67.88,67.92,3324.0,67.8976,41
2026-02-04 05:32:00-05:00,SQQQ,67.94,67.94,67.94,67.94,417.0,67.9352,12
2026-02-04 05:33:00-05:00,SQQQ,67.91,67.91,67.91,67.91,279.0,67.9087,12
2026-02-04 05:34:00-05:00,SQQQ,67.87,67.87,67.82,67.83,4218.0,67.8509,67
2026-02-04 05:35:00-05:00,SQQQ,67.83,67.92,67.82,67.92,7991.0,67.8441,62
2026-02-04 05:36:00-05:00,SQQQ,67.95,67.95,67.88,67.92,1981.0,67.9082,28
2026-02-04 05:37:00-05:00,SQQQ,67.89,68.0,67.89,68.0,7386.0,67.943,59
2026-02-04 05:38:00-05:00,SQQQ,67.99,68.01,67.98,68.01,1321.0,67.9958,15
2026-02-04 05:39:00-05:00,SQQQ,68.04,68.04,68.0,68.0,329.0,68.025,5
2026-02-04 05:40:00-05:00,SQQQ,67.99,67.99,67.99,67.99,159.0,67.985,8
2026-02-04 05:41:00-05:00,SQQQ,67.99,68.0,67.98,68.0,1777.0,67.9887,13
2026-02-04 05:42:00-05:00,SQQQ,68.03,68.03,68.0,68.01,4238.0,68.0132,35
2026-02-04 05:43:00-05:00,SQQQ,68.02,68.03,68.02,68.02,797.0,68.0227,10
2026-02-04 05:44:00-05:00,SQQQ,67.99,68.03,67.98,68.0,5275.0,68.0122,29
2026-02-04 05:45:00-05:00,SQQQ,68.0,68.02,68.0,68.02,1090.0,68.0123,7
2026-02-04 05:46:00-05:00,SQQQ,68.04,68.05,68.02,68.02,1996.0,68.0332,26
2026-02-04 05:47:00-05:00,SQQQ,68.01,68.01,68.01,68.01,700.0,68.0102,14
2026-02-04 05:48:00-05:00,SQQQ,68.03,68.04,68.0,68.0,1621.0,68.0239,18
2026-02-04 05:49:00-05:00,SQQQ,67.98,67.98,67.97,67.97,850.0,67.9766,13
2026-02-04 05:50:00-05:00,SQQQ,67.98,67.98,67.89,67.89,2100.0,67.9207,36
2026-02-04 05:51:00-05:00,SQQQ,67.88,67.88,67.86,67.87,1807.0,67.8683,22
2026-02-04 05:52:00-05:00,SQQQ,67.87,67.91,67.87,67.91,2846.0,67.8876,32
2026-02-04 05:53:00-05:00,SQQQ,67.9,67.92,67.9,67.91,580.0,67.9086,8
2026-02-04 05:54:00-05:00,SQQQ,67.94,67.94,67.88,67.9,945.0,67.9044,9
2026-02-04 05:55:00-05:00,SQQQ,67.92,67.92,67.9,67.9,447.0,67.9045,8
2026-02-04 05:56:00-05:00,SQQQ,67.89,67.89,67.89,67.89,303.0,67.8968,7
2026-02-04 05:59:00-05:00,SQQQ,67.87,67.95,67.87,67.95,679.0,67.8873,14
2026-02-04 06:00:00-05:00,SQQQ,67.92,67.92,67.91,67.91,790.0,67.9127,10
2026-02-04 06:01:00-05:00,SQQQ,67.9,67.9,67.88,67.88,456.0,67.8963,5
2026-02-04 06:02:00-05:00,SQQQ,67.89,67.89,67.89,67.89,200.0,67.883,2
2026-02-04 06:04:00-05:00,SQQQ,67.9,67.9,67.89,67.9,831.0,67.8987,11
2026-02-04 06:05:00-05:00,SQQQ,67.88,67.88,67.87,67.87,554.0,67.8741,13
2026-02-04 06:06:00-05:00,SQQQ,67.91,67.91,67.91,67.91,725.0,67.9092,11
2026-02-04 06:08:00-05:00,SQQQ,67.89,67.93,67.88,67.93,1353.0,67.9168,12
2026-02-04 06:09:00-05:00,SQQQ,67.93,67.95,67.93,67.95,924.0,67.9402,12
2026-02-04 06:10:00-05:00,SQQQ,68.02,68.02,67.99,67.99,1912.0,67.9992,22
2026-02-04 06:11:00-05:00,SQQQ,68.02,68.03,68.0,68.0,1821.0,68.0205,38
2026-02-04 06:12:00-05:00,SQQQ,68.01,68.01,68.01,68.01,172.0,68.0068,4
2026-02-04 06:14:00-05:00,SQQQ,67.99,67.99,67.99,67.99,134.0,67.989,2
2026-02-04 06:15:00-05:00,SQQQ,67.96,67.96,67.94,67.94,432.0,67.9491,14
2026-02-04 06:16:00-05:00,SQQQ,67.9,67.9,67.87,67.89,1085.0,67.8827,29
2026-02-04 06:19:00-05:00,SQQQ,67.9,67.9,67.9,67.9,493.0,67.9028,10
2026-02-04 06:20:00-05:00,SQQQ,67.9,67.9,67.9,67.9,100.0,67.9,1
2026-02-04 06:21:00-05:00,SQQQ,67.89,67.94,67.89,67.92,6796.0,67.9369,60
2026-02-04 06:22:00-05:00,SQQQ,67.93,67.94,67.91,67.91,3594.0,67.9259,42
2026-02-04 06:23:00-05:00,SQQQ,67.9,67.92,67.88,67.88,2674.0,67.8988,27
2026-02-04 06:24:00-05:00,SQQQ,67.89,67.91,67.89,67.89,3552.0,67.898,38
2026-02-04 06:25:00-05:00,SQQQ,67.86,67.86,67.86,67.86,243.0,67.8549,8
2026-02-04 06:26:00-05:00,SQQQ,67.93,67.95,67.89,67.89,2150.0,67.9207,23
2026-02-04 06:28:00-05:00,SQQQ,67.87,67.87,67.87,67.87,794.0,67.8831,15
2026-02-04 06:29:00-05:00,SQQQ,67.91,67.94,67.91,67.94,1622.0,67.9236,33
2026-02-04 06:30:00-05:00,SQQQ,67.95,67.97,67.94,67.97,2197.0,67.9529,21
2026-02-04 06:31:00-05:00,SQQQ,67.91,67.91,67.88,67.89,3673.0,67.8982,50
2026-02-04 06:32:00-05:00,SQQQ,67.87,67.87,67.87,67.87,592.0,67.8701,5
2026-02-04 06:33:00-05:00,SQQQ,67.86,67.86,67.86,67.86,955.0,67.8619,10
2026-02-04 06:34:00-05:00,SQQQ,67.88,67.88,67.84,67.84,1765.0,67.8494,33
2026-02-04 06:35:00-05:00,SQQQ,67.8,67.8,67.8,67.8,1209.0,67.7979,41
2026-02-04 06:36:00-05:00,SQQQ,67.78,67.8,67.73,67.73,6356.0,67.7666,112
2026-02-04 06:37:00-05:00,SQQQ,67.74,67.74,67.73,67.73,1589.0,67.7359,32
2026-02-04 06:38:00-05:00,SQQQ,67.74,67.74,67.71,67.72,4232.0,67.7146,52
2026-02-04 06:39:00-05:00,SQQQ,67.73,67.73,67.73,67.73,727.0,67.7345,14
2026-02-04 06:40:00-05:00,SQQQ,67.73,67.73,67.72,67.72,2855.0,67.7271,47
2026-02-04 06:41:00-05:00,SQQQ,67.76,67.79,67.76,67.79,1660.0,67.7678,30
2026-02-04 06:42:00-05:00,SQQQ,67.76,67.76,67.76,67.76,387.0,67.7664,9
2026-02-04 06:43:00-05:00,SQQQ,67.8,67.82,67.8,67.8,1231.0,67.814,26
2026-02-04 06:44:00-05:00,SQQQ,67.79,67.83,67.78,67.83,1849.0,67.8222,14
2026-02-04 06:45:00-05:00,SQQQ,67.82,67.82,67.76,67.76,7671.0,67.789,86
2026-02-04 06:46:00-05:00,SQQQ,67.75,67.82,67.74,67.77,4309.0,67.7925,42
2026-02-04 06:47:00-05:00,SQQQ,67.78,67.87,67.77,67.85,2850.0,67.8193,39
2026-02-04 06:48:00-05:00,SQQQ,67.86,67.86,67.79,67.79,3979.0,67.8394,38
2026-02-04 06:49:00-05:00,SQQQ,67.83,67.83,67.78,67.78,3557.0,67.8172,22
2026-02-04 06:50:00-05:00,SQQQ,67.8,67.8,67.68,67.71,6893.0,67.7366,77
2026-02-04 06:51:00-05:00,SQQQ,67.73,67.75,67.7,67.73,2427.0,67.7183,31
2026-02-04 06:52:00-05:00,SQQQ,67.78,67.78,67.78,67.78,1039.0,67.7797,5
2026-02-04 06:53:00-05:00,SQQQ,67.78,67.81,67.78,67.78,1552.0,67.795,18
2026-02-04 06:54:00-05:00,SQQQ,67.79,67.79,67.74,67.75,2290.0,67.7469,19
2026-02-04 06:55:00-05:00,SQQQ,67.72,67.74,67.7,67.73,2165.0,67.7262,21
2026-02-04 06:56:00-05:00,SQQQ,67.72,67.74,67.67,67.67,2203.0,67.6921,23
2026-02-04 06:57:00-05:00,SQQQ,67.69,67.74,67.69,67.73,2084.0,67.7151,22
2026-02-04 06:58:00-05:00,SQQQ,67.73,67.73,67.69,67.69,2289.0,67.7111,34
2026-02-04 06:59:00-05:00,SQQQ,67.7,67.74,67.7,67.74,1930.0,67.7143,20
2026-02-04 07:00:00-05:00,SQQQ,67.74,67.77,67.65,67.66,7943.0,67.7115,93
2026-02-04 07:01:00-05:00,SQQQ,67.66,67.66,67.6,67.63,10887.0,67.6319,85
2026-02-04 07:02:00-05:00,SQQQ,67.63,67.71,67.63,67.71,2304.0,67.6531,26
2026-02-04 07:03:00-05:00,SQQQ,67.71,67.79,67.71,67.79,1467.0,67.7394,16
2026-02-04 07:04:00-05:00,SQQQ,67.8,67.8,67.78,67.78,908.0,67.7892,13
2026-02-04 07:05:00-05:00,SQQQ,67.8,67.9,67.79,67.89,3778.0,67.851,46
2026-02-04 07:06:00-05:00,SQQQ,67.88,67.92,67.87,67.87,3879.0,67.8947,50
2026-02-04 07:07:00-05:00,SQQQ,67.92,67.97,67.91,67.91,3393.0,67.9325,41
2026-02-04 07:08:00-05:00,SQQQ,67.949,68.01,67.949,68.0,3014.0,67.9899,37
2026-02-04 07:09:00-05:00,SQQQ,68.0,68.0,67.9,67.91,2344.0,67.9611,25
2026-02-04 07:10:00-05:00,SQQQ,67.9,67.9,67.89,67.9,508.0,67.8988,8
2026-02-04 07:11:00-05:00,SQQQ,67.93,67.94,67.9,67.929,1969.0,67.9253,16
2026-02-04 07:12:00-05:00,SQQQ,67.95,67.95,67.92,67.92,1255.0,67.9261,12
2026-02-04 07:13:00-05:00,SQQQ,67.9,67.92,67.9,67.92,1887.0,67.9106,19
2026-02-04 07:14:00-05:00,SQQQ,67.9,67.9,67.86,67.86,4251.0,67.8904,39
2026-02-04 07:15:00-05:00,SQQQ,67.84,67.86,67.84,67.86,1247.0,67.846,28
2026-02-04 07:16:00-05:00,SQQQ,67.85,67.85,67.8,67.81,1650.0,67.83,14
2026-02-04 07:17:00-05:00,SQQQ,67.84,67.88,67.83,67.88,2175.0,67.853,23
2026-02-04 07:18:00-05:00,SQQQ,67.89,67.89,67.84,67.84,3596.0,67.8639,33
2026-02-04 07:19:00-05:00,SQQQ,67.85,67.87,67.85,67.87,2262.0,67.8513,35
2026-02-04 07:20:00-05:00,SQQQ,67.87,67.89,67.84,67.89,1767.0,67.8694,13
2026-02-04 07:21:00-05:00,SQQQ,67.85,67.85,67.85,67.85,419.0,67.85,5
2026-02-04 07:23:00-05:00,SQQQ,67.93,67.93,67.93,67.93,531.0,67.9269,20
2026-02-04 07:24:00-05:00,SQQQ,67.93,67.93,67.93,67.93,816.0,67.9377,13
2026-02-04 07:25:00-05:00,SQQQ,67.989,68.0,67.989,68.0,490.0,67.9917,16
2026-02-04 07:26:00-05:00,SQQQ,68.01,68.03,68.01,68.02,870.0,68.0282,38
2026-02-04 07:27:00-05:00,SQQQ,68.12,68.16,68.1,68.11,13105.0,68.1448,87
2026-02-04 07:28:00-05:00,SQQQ,68.1,68.1,68.08,68.1,2787.0,68.0983,33
2026-02-04 07:29:00-05:00,SQQQ,68.1,68.1,68.06,68.07,4934.0,68.0746,38
2026-02-04 07:30:00-05:00,SQQQ,68.07,68.08,68.07,68.08,3056.0,68.0763,35
2026-02-04 07:31:00-05:00,SQQQ,68.06,68.06,67.98,67.98,4278.0,68.041,46
2026-02-04 07:32:00-05:00,SQQQ,67.96,68.02,67.96,67.99,1660.0,67.9794,13
2026-02-04 07:34:00-05:00,SQQQ,67.97,67.97,67.97,67.97,531.0,67.9619,10
2026-02-04 07:36:00-05:00,SQQQ,68.03,68.1,68.03,68.1,560.0,68.0699,8
2026-02-04 07:37:00-05:00,SQQQ,68.12,68.18,68.11,68.18,3333.0,68.1363,46
2026-02-04 07:38:00-05:00,SQQQ,68.18,68.23,68.17,68.23,4301.0,68.2044,61
2026-02-04 07:39:00-05:00,SQQQ,68.25,68.28,68.24,68.25,4735.0,68.2569,55
2026-02-04 07:40:00-05:00,SQQQ,68.249,68.33,68.249,68.31,2805.0,68.3034,33
2026-02-04 07:41:00-05:00,SQQQ,68.299,68.299,68.23,68.23,1557.0,68.2417,33
2026-02-04 07:42:00-05:00,SQQQ,68.26,68.28,68.25,68.25,2855.0,68.2552,27
2026-02-04 07:43:00-05:00,SQQQ,68.23,68.269,68.23,68.23,3648.0,68.2437,17
2026-02-04 07:44:00-05:00,SQQQ,68.23,68.23,68.2,68.21,3446.0,68.2184,42
2026-02-04 07:45:00-05:00,SQQQ,68.23,68.28,68.2,68.28,3205.0,68.2196,33
2026-02-04 07:46:00-05:00,SQQQ,68.28,68.28,68.26,68.26,521.0,68.2645,15
2026-02-04 07:47:00-05:00,SQQQ,68.16,68.16,68.11,68.13,1258.0,68.1291,19
2026-02-04 07:48:00-05:00,SQQQ,68.18,68.18,68.16,68.16,725.0,68.1764,6
2026-02-04 07:49:00-05:00,SQQQ,68.18,68.18,68.18,68.18,569.0,68.1839,11
2026-02-04 07:50:00-05:00,SQQQ,68.24,68.27,68.22,68.22,2081.0,68.2435,34
2026-02-04 07:51:00-05:00,SQQQ,68.22,68.22,68.2,68.2,800.0,68.2033,10
2026-02-04 07:52:00-05:00,SQQQ,68.25,68.261,68.25,68.261,552.0,68.2485,13
2026-02-04 07:53:00-05:00,SQQQ,68.28,68.34,68.28,68.31,4593.0,68.3125,53
2026-02-04 07:54:00-05:00,SQQQ,68.31,68.33,68.31,68.33,4143.0,68.3106,19
2026-02-04 07:55:00-05:00,SQQQ,68.2,68.22,68.2,68.2,1992.0,68.2107,26
2026-02-04 07:56:00-05:00,SQQQ,68.29,68.29,68.22,68.24,1024.0,68.2484,16
2026-02-04 07:57:00-05:00,SQQQ,68.23,68.23,68.19,68.21,2766.0,68.2145,36
2026-02-04 07:58:00-05:00,SQQQ,68.19,68.27,68.19,68.2,4675.0,68.2072,45
2026-02-04 07:59:00-05:00,SQQQ,68.19,68.27,68.19,68.26,4190.0,68.2586,32
2026-02-04 08:00:00-05:00,SQQQ,67.72,68.65,67.6001,68.34,173340.0,68.0256,1024
2026-02-04 08:01:00-05:00,SQQQ,68.15,68.34,67.42,68.05,44425.0,67.9012,387
2026-02-04 08:02:00-05:00,SQQQ,68.09,68.65,67.42,68.2,122654.0,67.7472,898
2026-02-04 08:03:00-05:00,SQQQ,68.25,68.26,67.46,67.99,10560.0,67.7803,60
2026-02-04 08:04:00-05:00,SQQQ,67.85,68.39,67.59,68.39,4429.0,68.1653,50
2026-02-04 08:05:00-05:00,SQQQ,68.41,68.44,68.32,68.4301,8553.0,68.3797,76
2026-02-04 08:06:00-05:00,SQQQ,68.43,68.44,68.3695,68.4,8871.0,68.3891,47
2026-02-04 08:07:00-05:00,SQQQ,68.41,68.43,68.3706,68.38,6272.0,68.4062,53
2026-02-04 08:08:00-05:00,SQQQ,68.369,68.42,68.369,68.4,4395.0,68.3925,40
2026-02-04 08:09:00-05:00,SQQQ,68.41,68.48,68.41,68.46,6258.0,68.4453,71
2026-02-04 08:10:00-05:00,SQQQ,68.48,68.51,68.45,68.51,13469.0,68.4803,112
2026-02-04 08:11:00-05:00,SQQQ,68.5,68.52,68.48,68.52,7866.0,68.491,63
2026-02-04 08:12:00-05:00,SQQQ,68.51,68.51,68.45,68.45,3165.0,68.4766,39
2026-02-04 08:13:00-05:00,SQQQ,68.39,68.4009,68.38,68.38,2716.0,68.3914,38
2026-02-04 08:14:00-05:00,SQQQ,68.4,68.4,68.4,68.4,515.0,68.4002,11
2026-02-04 08:15:00-05:00,SQQQ,68.39,68.44,68.38,68.39,5617.0,68.4109,50
2026-02-04 08:16:00-05:00,SQQQ,68.39,68.39,68.32,68.34,6941.0,68.3396,77
2026-02-04 08:17:00-05:00,SQQQ,68.3192,68.33,68.27,68.33,7945.0,68.2995,77
2026-02-04 08:18:00-05:00,SQQQ,68.33,68.37,68.28,68.36,10259.0,68.337,63
2026-02-04 08:19:00-05:00,SQQQ,68.36,68.39,68.32,68.39,5333.0,68.3486,50
2026-02-04 08:20:00-05:00,SQQQ,68.34,68.43,68.34,68.36,15244.0,68.3791,152
2026-02-04 08:21:00-05:00,SQQQ,68.34,68.361,68.32,68.361,4728.0,68.3436,41
2026-02-04 08:22:00-05:00,SQQQ,68.35,68.46,68.33,68.46,9075.0,68.3847,60
2026-02-04 08:23:00-05:00,SQQQ,68.46,68.47,68.44,68.45,11562.0,68.4502,88
2026-02-04 08:24:00-05:00,SQQQ,68.45,68.57,68.44,68.44,12564.0,68.4937,120
2026-02-04 08:25:00-05:00,SQQQ,68.36,68.4,68.35,68.39,6018.0,68.3896,64
2026-02-04 08:26:00-05:00,SQQQ,68.37,68.39,68.32,68.3805,7030.0,68.3633,39
2026-02-04 08:27:00-05:00,SQQQ,68.39,68.42,68.37,68.39,8736.0,68.395,49
2026-02-04 08:28:00-05:00,SQQQ,68.37,68.41,68.37,68.41,758.0,68.3764,10
2026-02-04 08:29:00-05:00,SQQQ,68.38,68.391,68.37,68.37,15818.0,68.3894,40
2026-02-04 08:30:00-05:00,SQQQ,68.36,68.5,68.36,68.43,63038.0,68.4492,106
2026-02-04 08:31:00-05:00,SQQQ,68.46,68.46,68.4,68.44,1367.0,68.4443,11
2026-02-04 08:32:00-05:00,SQQQ,68.44,68.48,68.44,68.4695,1770.0,68.4672,28
2026-02-04 08:33:00-05:00,SQQQ,68.49,68.52,68.45,68.4769,8107.0,68.4867,45
2026-02-04 08:34:00-05:00,SQQQ,68.46,68.54,68.2,68.32,78608.0,68.3296,238
2026-02-04 08:35:00-05:00,SQQQ,68.36,68.4769,68.34,68.47,5958.0,68.4162,49
2026-02-04 08:36:00-05:00,SQQQ,68.46,68.5,68.35,68.47,23038.0,68.4314,110
2026-02-04 08:37:00-05:00,SQQQ,68.49,68.49,68.39,68.42,2796.0,68.4224,28
2026-02-04 08:38:00-05:00,SQQQ,68.4,68.5,68.39,68.42,16160.0,68.4537,87
2026-02-04 08:39:00-05:00,SQQQ,68.46,68.46,68.4,68.43,4925.0,68.4298,29
2026-02-04 08:40:00-05:00,SQQQ,68.45,68.47,68.34,68.36,19740.0,68.3626,101
2026-02-04 08:41:00-05:00,SQQQ,68.33,68.3882,68.29,68.3882,14668.0,68.3219,70
2026-02-04 08:42:00-05:00,SQQQ,68.4,68.41,68.35,68.35,9783.0,68.3745,40
2026-02-04 08:43:00-05:00,SQQQ,68.35,68.38,68.3107,68.37,6021.0,68.3436,42
2026-02-04 08:44:00-05:00,SQQQ,68.36,68.38,68.36,68.38,2090.0,68.372,15
2026-02-04 08:45:00-05:00,SQQQ,68.42,68.53,68.42,68.52,56325.0,68.4902,144
2026-02-04 08:46:00-05:00,SQQQ,68.53,68.55,68.51,68.53,11954.0,68.5296,59
2026-02-04 08:47:00-05:00,SQQQ,68.56,68.6,68.54,68.6,9213.0,68.5781,86
2026-02-04 08:48:00-05:00,SQQQ,68.61,68.66,68.61,68.65,11955.0,68.6341,83
2026-02-04 08:49:00-05:00,SQQQ,68.6599,68.7399,68.64,68.7399,12277.0,68.6869,121
2026-02-04 08:50:00-05:00,SQQQ,68.7314,68.76,68.7021,68.73,10887.0,68.7375,106
2026-02-04 08:51:00-05:00,SQQQ,68.73,68.7887,68.57,68.58,18521.0,68.669,137
2026-02-04 08:52:00-05:00,SQQQ,68.6,68.66,68.6,68.61,5419.0,68.6141,52
2026-02-04 08:53:00-05:00,SQQQ,68.6096,68.62,68.6096,68.61,3868.0,68.61,31
2026-02-04 08:54:00-05:00,SQQQ,68.62,68.63,68.61,68.63,2777.0,68.6186,31
2026-02-04 08:55:00-05:00,SQQQ,68.68,68.68,68.62,68.62,9199.0,68.6613,58
2026-02-04 08:56:00-05:00,SQQQ,68.67,68.67,68.65,68.66,8771.0,68.6556,71
2026-02-04 08:57:00-05:00,SQQQ,68.65,68.67,68.59,68.59,7477.0,68.6248,63
2026-02-04 08:58:00-05:00,SQQQ,68.61,68.64,68.61,68.6391,8709.0,68.6225,41
2026-02-04 08:59:00-05:00,SQQQ,68.62,68.67,68.62,68.67,16157.0,68.6518,65
2026-02-04 09:00:00-05:00,SQQQ,68.71,68.75,68.66,68.7,7063.0,68.7027,73
2026-02-04 09:01:00-05:00,SQQQ,68.72,68.75,68.68,68.68,3232.0,68.7066,31
2026-02-04 09:02:00-05:00,SQQQ,68.7,68.75,68.66,68.68,6503.0,68.7104,52
2026-02-04 09:03:00-05:00,SQQQ,68.6895,68.7701,68.6768,68.7701,3365.0,68.7239,43
2026-02-04 09:04:00-05:00,SQQQ,68.7796,68.84,68.7796,68.82,9673.0,68.8185,115
2026-02-04 09:05:00-05:00,SQQQ,68.8215,68.8215,68.7764,68.82,8050.0,68.7934,66
2026-02-04 09:06:00-05:00,SQQQ,68.82,68.9,68.82,68.88,16230.0,68.8731,172
2026-02-04 09:07:00-05:00,SQQQ,68.88,68.93,68.88,68.93,11046.0,68.8944,84
2026-02-04 09:08:00-05:00,SQQQ,68.91,68.9393,68.88,68.9393,12461.0,68.8996,69
2026-02-04 09:09:00-05:00,SQQQ,68.92,68.92,68.83,68.83,17024.0,68.8742,90
2026-02-04 09:10:00-05:00,SQQQ,68.83,68.83,68.73,68.77,7731.0,68.7581,72
2026-02-04 09:11:00-05:00,SQQQ,68.76,68.79,68.74,68.74,19034.0,68.7545,138
2026-02-04 09:12:00-05:00,SQQQ,68.74,68.7403,68.7,68.72,14030.0,68.7254,48
2026-02-04 09:13:00-05:00,SQQQ,68.73,68.8,68.72,68.77,60595.0,68.7806,182
2026-02-04 09:14:00-05:00,SQQQ,68.7688,68.7688,68.72,68.74,2054.0,68.7429,27
2026-02-04 09:15:00-05:00,SQQQ,68.75,68.76,68.73,68.75,6880.0,68.7461,61
2026-02-04 09:16:00-05:00,SQQQ,68.75,68.77,68.72,68.77,2388.0,68.7344,24
2026-02-04 09:17:00-05:00,SQQQ,68.78,68.8215,68.78,68.82,5899.0,68.8017,65
2026-02-04 09:18:00-05:00,SQQQ,68.8192,68.83,68.74,68.74,5760.0,68.8031,61
2026-02-04 09:19:00-05:00,SQQQ,68.75,68.79,68.75,68.78,4786.0,68.7669,36
2026-02-04 09:20:00-05:00,SQQQ,68.8,68.84,68.79,68.8,7102.0,68.8027,44
2026-02-04 09:21:00-05:00,SQQQ,68.811,68.8691,68.77,68.869,5986.0,68.8396,38
2026-02-04 09:22:00-05:00,SQQQ,68.82,68.849,68.72,68.73,6134.0,68.7694,63
2026-02-04 09:23:00-05:00,SQQQ,68.74,68.74,68.65,68.65,31302.0,68.6718,110
2026-02-04 09:24:00-05:00,SQQQ,68.62,68.67,68.6,68.6533,7137.0,68.6311,64
2026-02-04 09:25:00-05:00,SQQQ,68.68,68.68,68.61,68.61,7800.0,68.6545,53
2026-02-04 09:26:00-05:00,SQQQ,68.581,68.61,68.56,68.5933,15166.0,68.5848,59
2026-02-04 09:27:00-05:00,SQQQ,68.58,68.5968,68.45,68.5968,16770.0,68.5153,91
2026-02-04 09:28:00-05:00,SQQQ,68.58,68.58,68.44,68.48,21206.0,68.5,97
2026-02-04 09:29:00-05:00,SQQQ,68.46,68.48,68.43,68.47,10812.0,68.4511,59
2026-02-04 09:30:00-05:00,SQQQ,68.46,69.1,68.44,69.05,639927.0,68.7156,3067
2026-02-04 09:31:00-05:00,SQQQ,69.07,69.51,69.055,69.4045,529618.0,69.3805,3521
2026-02-04 09:32:00-05:00,SQQQ,69.42,69.7,69.38,69.4,504326.0,69.5431,2941
2026-02-04 09:33:00-05:00,SQQQ,69.4,69.53,69.1309,69.4199,399391.0,69.3574,2394
2026-02-04 09:34:00-05:00,SQQQ,69.42,69.54,69.11,69.245,336439.0,69.3082,2164
2026-02-04 09:35:00-05:00,SQQQ,69.24,69.43,68.75,68.78,592701.0,69.1185,4028
2026-02-04 09:36:00-05:00,SQQQ,68.77,68.8697,68.47,68.845,546448.0,68.6889,3319
2026-02-04 09:37:00-05:00,SQQQ,68.86,69.13,68.68,69.0,368126.0,68.9076,2565
2026-02-04 09:38:00-05:00,SQQQ,68.99,69.04,68.6,68.83,470576.0,68.7717,3582
2026-02-04 09:39:00-05:00,SQQQ,68.825,68.915,68.67,68.7,364447.0,68.8015,2550
2026-02-04 09:40:00-05:00,SQQQ,68.71,69.08,68.7,69.0725,419547.0,68.8903,2929
2026-02-04 09:41:00-05:00,SQQQ,69.095,69.16,68.59,68.83,289545.0,68.8691,2272
2026-02-04 09:42:00-05:00,SQQQ,68.84,68.9606,68.53,68.54,261124.0,68.8073,2019
2026-02-04 09:43:00-05:00,SQQQ,68.54,68.78,68.44,68.7602,250303.0,68.5502,1724
2026-02-04 09:44:00-05:00,SQQQ,68.75,68.87,68.7143,68.87,228592.0,68.7974,1415
2026-02-04 09:45:00-05:00,SQQQ,68.87,69.19,68.78,69.09,406282.0,68.954,2667
2026-02-04 09:46:00-05:00,SQQQ,69.09,69.1499,68.94,68.99,304083.0,69.0612,2075
2026-02-04 09:47:00-05:00,SQQQ,69.03,69.08,68.78,69.0594,300619.0,68.9184,1869
2026-02-04 09:48:00-05:00,SQQQ,69.05,69.05,68.56,68.6401,267512.0,68.6891,1885
2026-02-04 09:49:00-05:00,SQQQ,68.65,68.925,68.587,68.7701,257407.0,68.7544,1899
2026-02-04 09:50:00-05:00,SQQQ,68.78,69.19,68.68,69.18,445763.0,68.9022,2857
2026-02-04 09:51:00-05:00,SQQQ,69.18,69.2792,69.01,69.2,274231.0,69.14,1768
2026-02-04 09:52:00-05:00,SQQQ,69.18,69.38,69.18,69.315,342034.0,69.2701,2491
2026-02-04 09:53:00-05:00,SQQQ,69.32,69.57,69.31,69.57,308763.0,69.4814,2242
2026-02-04 09:54:00-05:00,SQQQ,69.57,69.58,69.0903,69.11,324450.0,69.328,2042
2026-02-04 09:55:00-05:00,SQQQ,69.1,69.345,69.04,69.309,229417.0,69.1715,1523
2026-02-04 09:56:00-05:00,SQQQ,69.32,69.57,69.3,69.5,231367.0,69.4736,1440
2026-02-04 09:57:00-05:00,SQQQ,69.49,69.73,69.48,69.7,378623.0,69.6735,2060
2026-02-04 09:58:00-05:00,SQQQ,69.7,70.0,69.675,69.9899,380369.0,69.8741,2304
2026-02-04 09:59:00-05:00,SQQQ,69.98,70.04,69.845,69.98,295365.0,69.9755,2209
2026-02-04 10:00:00-05:00,SQQQ,70.0,70.37,70.0,70.3187,426973.0,70.2266,2521
2026-02-04 10:01:00-05:00,SQQQ,70.31,70.49,70.295,70.45,297805.0,70.4198,1844
2026-02-04 10:02:00-05:00,SQQQ,70.445,70.67,70.4213,70.47,313092.0,70.5516,2116
2026-02-04 10:03:00-05:00,SQQQ,70.47,70.495,70.15,70.2691,346548.0,70.2921,2051
2026-02-04 10:04:00-05:00,SQQQ,70.27,70.46,70.22,70.34,218503.0,70.3683,1282
2026-02-04 10:05:00-05:00,SQQQ,70.32,70.335,69.97,70.165,344073.0,70.0843,1955
2026-02-04 10:06:00-05:00,SQQQ,70.18,70.29,70.1,70.29,179960.0,70.1986,1510
2026-02-04 10:07:00-05:00,SQQQ,70.29,70.293,69.78,69.88,317879.0,69.9801,1990
2026-02-04 10:08:00-05:00,SQQQ,69.8893,69.96,69.7299,69.81,227244.0,69.8296,1725
2026-02-04 10:09:00-05:00,SQQQ,69.82,69.8501,69.53,69.61,195229.0,69.6242,1461
2026-02-04 10:10:00-05:00,SQQQ,69.61,69.89,69.51,69.79,292955.0,69.7116,1976
2026-02-04 10:11:00-05:00,SQQQ,69.7997,69.89,69.44,69.65,343303.0,69.6876,2246
2026-02-04 10:12:00-05:00,SQQQ,69.62,69.92,69.45,69.86,233619.0,69.679,1625
2026-02-04 10:13:00-05:00,SQQQ,69.87,69.94,69.52,69.68,238009.0,69.7361,1768
2026-02-04 10:14:00-05:00,SQQQ,69.69,69.97,69.67,69.77,226491.0,69.8115,1494
2026-02-04 10:15:00-05:00,SQQQ,69.77,69.85,69.62,69.72,178373.0,69.7392,1544
2026-02-04 10:16:00-05:00,SQQQ,69.73,69.91,69.67,69.83,155976.0,69.8046,1174
2026-02-04 10:17:00-05:00,SQQQ,69.825,69.994,69.825,69.899,192775.0,69.9037,1440
2026-02-04 10:18:00-05:00,SQQQ,69.9,70.08,69.7,69.8824,212899.0,69.9241,1633
2026-02-04 10:19:00-05:00,SQQQ,69.8601,70.04,69.85,69.98,195654.0,69.958,1233
2026-02-04 10:20:00-05:00,SQQQ,69.96,70.01,69.6217,69.85,193685.0,69.7785,1464
2026-02-04 10:21:00-05:00,SQQQ,69.84,69.94,69.59,69.59,187498.0,69.7254,1386
2026-02-04 10:22:00-05:00,SQQQ,69.59,69.92,69.55,69.92,187833.0,69.8006,1570
2026-02-04 10:23:00-05:00,SQQQ,69.92,69.99,69.33,69.4293,367293.0,69.6044,2539
2026-02-04 10:24:00-05:00,SQQQ,69.43,69.47,69.28,69.43,165401.0,69.3645,1323
2026-02-04 10:25:00-05:00,SQQQ,69.45,69.5,69.17,69.235,167687.0,69.3123,1455
2026-02-04 10:26:00-05:00,SQQQ,69.24,69.5376,69.08,69.515,291108.0,69.2663,1923
2026-02-04 10:27:00-05:00,SQQQ,69.53,69.635,69.33,69.63,168964.0,69.4737,1290
2026-02-04 10:28:00-05:00,SQQQ,69.61,69.72,69.52,69.6699,177466.0,69.6381,1170
2026-02-04 10:29:00-05:00,SQQQ,69.69,69.71,69.485,69.55,107243.0,69.5996,977
2026-02-04 10:30:00-05:00,SQQQ,69.53,69.8101,69.46,69.7891,273599.0,69.6395,1832
2026-02-04 10:31:00-05:00,SQQQ,69.76,69.97,69.75,69.8506,310939.0,69.8797,1937
2026-02-04 10:32:00-05:00,SQQQ,69.86,69.925,69.71,69.855,136995.0,69.8486,1224
2026-02-04 10:33:00-05:00,SQQQ,69.87,70.04,69.82,70.015,199424.0,69.9647,1243
2026-02-04 10:34:00-05:00,SQQQ,70.0292,70.205,70.02,70.135,325707.0,70.1426,2026
2026-02-04 10:35:00-05:00,SQQQ,70.14,70.32,70.09,70.27,272006.0,70.2028,1710
2026-02-04 10:36:00-05:00,SQQQ,70.28,70.45,70.22,70.26,300312.0,70.3584,1847
2026-02-04 10:37:00-05:00,SQQQ,70.25,70.4999,70.25,70.4187,202926.0,70.4183,1397
2026-02-04 10:38:00-05:00,SQQQ,70.42,70.5799,69.68,69.71,937598.0,70.2078,5981
2026-02-04 10:39:00-05:00,SQQQ,69.7101,69.92,69.48,69.91,295475.0,69.7395,2322
2026-02-04 10:40:00-05:00,SQQQ,69.92,70.075,69.57,69.64,361722.0,69.7548,2165
2026-02-04 10:41:00-05:00,SQQQ,69.62,69.74,69.37,69.675,381646.0,69.4931,1868
2026-02-04 10:42:00-05:00,SQQQ,69.68,69.79,69.55,69.79,165573.0,69.6644,1200
2026-02-04 10:43:00-05:00,SQQQ,69.7997,70.07,69.78,69.9235,160955.0,69.9372,1222
2026-02-04 10:44:00-05:00,SQQQ,69.915,69.955,69.7,69.84,167992.0,69.8512,1147
2026-02-04 10:45:00-05:00,SQQQ,69.85,69.98,69.7601,69.98,126731.0,69.8911,1077
2026-02-04 10:46:00-05:00,SQQQ,69.99,70.29,69.99,70.04,196108.0,70.1667,1394
2026-02-04 10:47:00-05:00,SQQQ,70.04,70.2194,69.911,70.2,129449.0,70.0832,889
2026-02-04 10:48:00-05:00,SQQQ,70.2,70.26,70.075,70.14,167948.0,70.1712,1131
2026-02-04 10:49:00-05:00,SQQQ,70.135,70.293,70.11,70.2,143269.0,70.1897,829
2026-02-04 10:50:00-05:00,SQQQ,70.22,70.315,70.07,70.2699,149742.0,70.1999,1146
2026-02-04 10:51:00-05:00,SQQQ,70.275,70.345,70.16,70.2365,135659.0,70.2577,983
2026-02-04 10:52:00-05:00,SQQQ,70.24,70.25,70.07,70.11,90123.0,70.1472,731
2026-02-04 10:53:00-05:00,SQQQ,70.15,70.31,69.95,70.3001,101147.0,70.1151,764
2026-02-04 10:54:00-05:00,SQQQ,70.3,70.32,70.1,70.14,79856.0,70.2328,582
2026-02-04 10:55:00-05:00,SQQQ,70.135,70.15,69.99,70.11,87336.0,70.0752,726
2026-02-04 10:56:00-05:00,SQQQ,70.09,70.39,70.05,70.38,95515.0,70.207,726
2026-02-04 10:57:00-05:00,SQQQ,70.38,70.45,70.305,70.448,159489.0,70.3934,981
2026-02-04 10:58:00-05:00,SQQQ,70.43,70.4692,70.11,70.11,256384.0,70.2835,1341
2026-02-04 10:59:00-05:00,SQQQ,70.1,70.4,70.09,70.32,235814.0,70.2705,849
2026-02-04 11:00:00-05:00,SQQQ,70.31,70.47,70.17,70.46,288167.0,70.3,1605
2026-02-04 11:01:00-05:00,SQQQ,70.4699,70.6,70.43,70.595,199409.0,70.5283,1415
2026-02-04 11:02:00-05:00,SQQQ,70.6,70.89,70.6,70.88,260627.0,70.7882,1960
2026-02-04 11:03:00-05:00,SQQQ,70.89,70.93,70.8,70.84,215148.0,70.8613,1431
2026-02-04 11:04:00-05:00,SQQQ,70.845,70.96,70.7924,70.96,187545.0,70.8739,1344
2026-02-04 11:05:00-05:00,SQQQ,70.95,71.0,70.89,70.995,185943.0,70.9553,1318
2026-02-04 11:06:00-05:00,SQQQ,70.995,70.995,70.6701,70.81,255577.0,70.8318,1546
2026-02-04 11:07:00-05:00,SQQQ,70.81,70.9835,70.765,70.98,127522.0,70.8754,962
2026-02-04 11:08:00-05:00,SQQQ,70.99,71.02,70.84,71.01,171639.0,70.9602,1442
2026-02-04 11:09:00-05:00,SQQQ,71.0,71.1199,70.965,71.01,191821.0,71.0495,1282
2026-02-04 11:10:00-05:00,SQQQ,71.01,71.11,70.94,70.9571,210147.0,71.0115,1289
2026-02-04 11:11:00-05:00,SQQQ,70.97,71.0483,70.84,70.9,160232.0,70.9477,970
2026-02-04 11:12:00-05:00,SQQQ,70.8955,70.94,70.4445,70.49,267060.0,70.611,1541
2026-02-04 11:13:00-05:00,SQQQ,70.47,70.61,70.39,70.52,204521.0,70.5016,1081
2026-02-04 11:14:00-05:00,SQQQ,70.54,70.6599,70.495,70.6399,207885.0,70.5889,1162
2026-02-04 11:15:00-05:00,SQQQ,70.62,70.63,70.47,70.53,153358.0,70.5606,918
2026-02-04 11:16:00-05:00,SQQQ,70.54,70.9,70.52,70.86,188305.0,70.7216,959
2026-02-04 11:17:00-05:00,SQQQ,70.86,71.0179,70.81,70.95,173740.0,70.9203,1188
2026-02-04 11:18:00-05:00,SQQQ,70.95,71.02,70.89,70.97,131528.0,70.9625,984
2026-02-04 11:19:00-05:00,SQQQ,70.95,71.198,70.925,71.1,204619.0,71.1132,1248
2026-02-04 11:20:00-05:00,SQQQ,71.11,71.13,70.8901,70.96,254028.0,71.0133,1611
2026-02-04 11:21:00-05:00,SQQQ,70.94,71.14,70.89,71.135,110103.0,71.0279,757
2026-02-04 11:22:00-05:00,SQQQ,71.125,71.15,71.02,71.02,122844.0,71.09,854
2026-02-04 11:23:00-05:00,SQQQ,71.025,71.08,70.765,70.81,216061.0,70.8759,1358
2026-02-04 11:24:00-05:00,SQQQ,70.81,70.84,70.62,70.645,146788.0,70.7052,973
2026-02-04 11:25:00-05:00,SQQQ,70.63,70.75,70.57,70.695,115612.0,70.6449,777
2026-02-04 11:26:00-05:00,SQQQ,70.705,70.72,70.43,70.5165,189902.0,70.5415,1226
2026-02-04 11:27:00-05:00,SQQQ,70.51,70.515,70.425,70.45,110883.0,70.4692,710
2026-02-04 11:28:00-05:00,SQQQ,70.44,70.65,70.44,70.58,133053.0,70.5863,600
2026-02-04 11:29:00-05:00,SQQQ,70.58,70.58,70.43,70.49,99195.0,70.4855,636
2026-02-04 11:30:00-05:00,SQQQ,70.48,70.76,70.45,70.73,199564.0,70.6303,1043
2026-02-04 11:31:00-05:00,SQQQ,70.74,70.77,70.65,70.74,95655.0,70.7125,609
2026-02-04 11:32:00-05:00,SQQQ,70.735,70.77,70.62,70.738,88297.0,70.714,534
2026-02-04 11:33:00-05:00,SQQQ,70.74,70.96,70.69,70.96,176711.0,70.7987,904
2026-02-04 11:34:00-05:00,SQQQ,70.955,71.03,70.91,71.0108,129901.0,70.9788,847
2026-02-04 11:35:00-05:00,SQQQ,71.01,71.07,70.89,70.92,134489.0,70.9672,943
2026-02-04 11:36:00-05:00,SQQQ,70.93,71.107,70.9,71.0901,117957.0,71.0179,692
2026-02-04 11:37:00-05:00,SQQQ,71.08,71.15,71.01,71.11,99910.0,71.1011,769
2026-02-04 11:38:00-05:00,SQQQ,71.12,71.2,70.91,71.16,164635.0,71.0913,1059
2026-02-04 11:39:00-05:00,SQQQ,71.15,71.24,71.05,71.2265,152948.0,71.1659,995
2026-02-04 11:40:00-05:00,SQQQ,71.23,71.48,71.2,71.477,176915.0,71.3465,1151
2026-02-04 11:41:00-05:00,SQQQ,71.4786,71.51,71.4101,71.51,159309.0,71.4779,1227
2026-02-04 11:42:00-05:00,SQQQ,71.52,71.53,71.43,71.5285,120706.0,71.4844,748
2026-02-04 11:43:00-05:00,SQQQ,71.53,71.6675,71.52,71.64,172866.0,71.5827,1068
2026-02-04 11:44:00-05:00,SQQQ,71.64,71.73,71.6,71.695,129683.0,71.6645,951
2026-02-04 11:45:00-05:00,SQQQ,71.705,71.76,71.68,71.73,89566.0,71.722,842
2026-02-04 11:46:00-05:00,SQQQ,71.74,71.8398,71.67,71.82,174454.0,71.7452,1022
2026-02-04 11:47:00-05:00,SQQQ,71.815,71.86,71.77,71.78,107072.0,71.8155,874
2026-02-04 11:48:00-05:00,SQQQ,71.78,71.925,71.71,71.91,138326.0,71.8201,955
2026-02-04 11:49:00-05:00,SQQQ,71.905,72.0,71.89,71.91,197747.0,71.96,1576
2026-02-04 11:50:00-05:00,SQQQ,71.91,71.9892,71.77,71.955,181784.0,71.8702,1222
2026-02-04 11:51:00-05:00,SQQQ,71.95,72.1,71.9,71.92,243030.0,72.0021,1584
2026-02-04 11:52:00-05:00,SQQQ,71.93,71.955,71.73,71.7499,124462.0,71.7994,984
2026-02-04 11:53:00-05:00,SQQQ,71.74,71.9,71.725,71.84,109965.0,71.8081,888
2026-02-04 11:54:00-05:00,SQQQ,71.81,71.9,71.66,71.66,160206.0,71.7691,1022
2026-02-04 11:55:00-05:00,SQQQ,71.66,71.6804,71.3701,71.515,181997.0,71.4894,1119
2026-02-04 11:56:00-05:00,SQQQ,71.52,71.63,71.44,71.465,154877.0,71.5211,987
2026-02-04 11:57:00-05:00,SQQQ,71.45,71.46,71.295,71.325,175005.0,71.3459,890
2026-02-04 11:58:00-05:00,SQQQ,71.32,71.41,71.275,71.3351,109788.0,71.3333,830
2026-02-04 11:59:00-05:00,SQQQ,71.345,71.35,71.1814,71.24,166146.0,71.2442,876
2026-02-04 12:00:00-05:00,SQQQ,71.25,71.41,71.22,71.357,212740.0,71.3452,1416
2026-02-04 12:01:00-05:00,SQQQ,71.34,71.38,71.24,71.26,183897.0,71.3194,1224
2026-02-04 12:02:00-05:00,SQQQ,71.25,71.3397,71.19,71.28,143924.0,71.2682,848
2026-02-04 12:03:00-05:00,SQQQ,71.28,71.31,71.07,71.22,155232.0,71.1755,1050
2026-02-04 12:04:00-05:00,SQQQ,71.2,71.25,71.105,71.1614,87679.0,71.184,637
2026-02-04 12:05:00-05:00,SQQQ,71.16,71.2381,71.1,71.2265,94010.0,71.1724,753
2026-02-04 12:06:00-05:00,SQQQ,71.22,71.38,71.22,71.305,219835.0,71.3182,1227
2026-02-04 12:07:00-05:00,SQQQ,71.31,71.46,71.249,71.41,311491.0,71.3956,1386
2026-02-04 12:08:00-05:00,SQQQ,71.41,71.41,71.2516,71.34,293153.0,71.3594,991
2026-02-04 12:09:00-05:00,SQQQ,71.33,71.4,71.2,71.3899,292587.0,71.3033,1092
2026-02-04 12:10:00-05:00,SQQQ,71.39,71.59,71.355,71.55,267222.0,71.4775,1332
2026-02-04 12:11:00-05:00,SQQQ,71.58,71.665,71.48,71.49,221709.0,71.6016,1213
2026-02-04 12:12:00-05:00,SQQQ,71.48,71.54,71.39,71.42,127730.0,71.4735,1053
2026-02-04 12:13:00-05:00,SQQQ,71.42,71.44,71.2525,71.32,111829.0,71.3332,812
2026-02-04 12:14:00-05:00,SQQQ,71.3,71.32,71.22,71.31,90569.0,71.2559,652
2026-02-04 12:15:00-05:00,SQQQ,71.29,71.4,71.2,71.33,127401.0,71.2858,940
2026-02-04 12:16:00-05:00,SQQQ,71.33,71.5801,71.33,71.58,155414.0,71.4974,897
2026-02-04 12:17:00-05:00,SQQQ,71.58,71.63,71.48,71.6201,109390.0,71.5567,742
2026-02-04 12:18:00-05:00,SQQQ,71.61,71.65,71.5,71.6497,122117.0,71.5847,729
2026-02-04 12:19:00-05:00,SQQQ,71.64,71.695,71.57,71.685,82149.0,71.6339,516
2026-02-04 12:20:00-05:00,SQQQ,71.685,71.77,71.6201,71.63,124038.0,71.701,728
2026-02-04 12:21:00-05:00,SQQQ,71.655,71.71,71.525,71.5701,103617.0,71.6167,665
2026-02-04 12:22:00-05:00,SQQQ,71.59,71.81,71.564,71.8035,118924.0,71.7125,760
2026-02-04 12:23:00-05:00,SQQQ,71.8,71.8371,71.7,71.75,106201.0,71.7604,693
2026-02-04 12:24:00-05:00,SQQQ,71.74,71.7801,71.67,71.73,56616.0,71.7251,510
2026-02-04 12:25:00-05:00,SQQQ,71.7407,71.8113,71.67,71.73,46905.0,71.7373,372
2026-02-04 12:26:00-05:00,SQQQ,71.75,71.9,71.72,71.9,69400.0,71.8127,631
2026-02-04 12:27:00-05:00,SQQQ,71.89,72.45,71.89,72.19,1228185.0,72.2756,6649
2026-02-04 12:28:00-05:00,SQQQ,72.2,72.4,72.075,72.3545,261490.0,72.2498,1987
2026-02-04 12:29:00-05:00,SQQQ,72.35,72.54,72.335,72.43,302687.0,72.4385,2043
2026-02-04 12:30:00-05:00,SQQQ,72.43,72.6,72.385,72.53,304264.0,72.5041,2386
2026-02-04 12:31:00-05:00,SQQQ,72.53,72.5507,72.04,72.145,441251.0,72.2438,3486
2026-02-04 12:32:00-05:00,SQQQ,72.15,72.47,71.965,72.415,279084.0,72.2095,1890
2026-02-04 12:33:00-05:00,SQQQ,72.43,72.47,72.26,72.34,122270.0,72.3644,1158
2026-02-04 12:34:00-05:00,SQQQ,72.32,72.57,72.3,72.46,248413.0,72.4632,1749
2026-02-04 12:35:00-05:00,SQQQ,72.46,72.67,72.46,72.67,174900.0,72.5658,1326
2026-02-04 12:36:00-05:00,SQQQ,72.67,72.7699,72.61,72.7699,171841.0,72.6697,1295
2026-02-04 12:37:00-05:00,SQQQ,72.73,72.8793,72.73,72.8777,240057.0,72.8127,1220
2026-02-04 12:38:00-05:00,SQQQ,72.88,72.9706,72.8799,72.945,198467.0,72.9271,1317
2026-02-04 12:39:00-05:00,SQQQ,72.94,73.0,72.86,72.9989,393808.0,72.9266,1719
2026-02-04 12:40:00-05:00,SQQQ,72.9911,73.14,72.97,72.97,306790.0,73.058,1977
2026-02-04 12:41:00-05:00,SQQQ,72.97,72.99,72.7623,72.785,229246.0,72.8943,1667
2026-02-04 12:42:00-05:00,SQQQ,72.8,73.03,72.768,72.995,199358.0,72.8405,1346
2026-02-04 12:43:00-05:00,SQQQ,72.99,73.0576,72.9,72.9901,180797.0,72.987,1040
2026-02-04 12:44:00-05:00,SQQQ,73.0,73.0376,72.69,72.72,183081.0,72.8599,1250
2026-02-04 12:45:00-05:00,SQQQ,72.73,72.93,72.64,72.91,203277.0,72.7693,1403
2026-02-04 12:46:00-05:00,SQQQ,72.92,72.99,72.82,72.82,215322.0,72.905,1491
2026-02-04 12:47:00-05:00,SQQQ,72.83,72.96,72.83,72.95,86693.0,72.9168,714
2026-02-04 12:48:00-05:00,SQQQ,72.97,73.11,72.915,73.095,183149.0,73.0005,1267
2026-02-04 12:49:00-05:00,SQQQ,73.09,73.15,73.03,73.06,137289.0,73.0991,888
2026-02-04 12:50:00-05:00,SQQQ,73.06,73.26,73.06,73.1499,216038.0,73.1972,1386
2026-02-04 12:51:00-05:00,SQQQ,73.17,73.185,72.98,73.0445,192663.0,73.0809,1174
2026-02-04 12:52:00-05:00,SQQQ,73.0401,73.08,72.81,72.88,202308.0,72.9178,1193
2026-02-04 12:53:00-05:00,SQQQ,72.885,72.95,72.79,72.92,161452.0,72.8538,1090
2026-02-04 12:54:00-05:00,SQQQ,72.92,72.92,72.725,72.77,154627.0,72.8076,1029
2026-02-04 12:55:00-05:00,SQQQ,72.76,72.76,72.53,72.54,213058.0,72.6578,1261
2026-02-04 12:56:00-05:00,SQQQ,72.53,72.73,72.53,72.72,151514.0,72.601,954
2026-02-04 12:57:00-05:00,SQQQ,72.72,72.76,72.56,72.58,148721.0,72.6678,971
2026-02-04 12:58:00-05:00,SQQQ,72.58,72.595,72.46,72.55,197846.0,72.5092,1528
2026-02-04 12:59:00-05:00,SQQQ,72.56,72.66,72.5111,72.53,99042.0,72.5796,936
2026-02-04 13:00:00-05:00,SQQQ,72.53,72.74,72.415,72.71,397813.0,72.6032,2400
2026-02-04 13:01:00-05:00,SQQQ,72.71,72.826525,72.6,72.79,189133.0,72.7273,1185
2026-02-04 13:02:00-05:00,SQQQ,72.797,72.88,72.725,72.87,118418.0,72.8047,823
2026-02-04 13:03:00-05:00,SQQQ,72.865,72.9099,72.73,72.785,128776.0,72.823,818
2026-02-04 13:04:00-05:00,SQQQ,72.78,72.81,72.63,72.63,167172.0,72.7318,1023
2026-02-04 13:05:00-05:00,SQQQ,72.625,72.65,72.4616,72.47,188284.0,72.5328,947
2026-02-04 13:06:00-05:00,SQQQ,72.49,72.54,72.36,72.41,125477.0,72.4259,1001
2026-02-04 13:07:00-05:00,SQQQ,72.43,72.46,72.3526,72.41,154007.0,72.3994,1072
2026-02-04 13:08:00-05:00,SQQQ,72.39,72.52,72.33,72.45,154710.0,72.4271,1221
2026-02-04 13:09:00-05:00,SQQQ,72.45,72.9498,72.45,72.94,317143.0,72.7737,1810
2026-02-04 13:10:00-05:00,SQQQ,72.95,72.96,72.76,72.82,174332.0,72.8686,1275
2026-02-04 13:11:00-05:00,SQQQ,72.81,72.87,72.75,72.8277,258555.0,72.8168,1427
2026-02-04 13:12:00-05:00,SQQQ,72.83,72.93,72.795,72.86,224616.0,72.8541,1157
2026-02-04 13:13:00-05:00,SQQQ,72.86,72.912,72.64,72.715,170437.0,72.7703,1108
2026-02-04 13:14:00-05:00,SQQQ,72.71,72.74,72.615,72.72,109021.0,72.6878,859
2026-02-04 13:15:00-05:00,SQQQ,72.72,72.77,72.58,72.73,336998.0,72.6738,1305
2026-02-04 13:16:00-05:00,SQQQ,72.73,72.84,72.73,72.83,105563.0,72.7916,797
2026-02-04 13:17:00-05:00,SQQQ,72.84,72.84,72.74,72.8101,237743.0,72.7626,1033
2026-02-04 13:18:00-05:00,SQQQ,72.81,72.83,72.73,72.83,279284.0,72.7617,1098
2026-02-04 13:19:00-05:00,SQQQ,72.84,72.9199,72.8099,72.87,93249.0,72.8654,632
2026-02-04 13:20:00-05:00,SQQQ,72.865,72.887,72.77,72.86,94397.0,72.8297,616
2026-02-04 13:21:00-05:00,SQQQ,72.85,72.915,72.74,72.75,184605.0,72.858,856
2026-02-04 13:22:00-05:00,SQQQ,72.76,72.81,72.59,72.6,158507.0,72.6871,1042
2026-02-04 13:23:00-05:00,SQQQ,72.6,72.6289,72.49,72.53,295036.0,72.5813,1298
2026-02-04 13:24:00-05:00,SQQQ,72.5099,72.55,72.4399,72.4399,253714.0,72.4975,1005
2026-02-04 13:25:00-05:00,SQQQ,72.43,72.43,72.17,72.18,355895.0,72.2513,1568
2026-02-04 13:26:00-05:00,SQQQ,72.18,72.23,72.05,72.08,353473.0,72.1237,1467
2026-02-04 13:27:00-05:00,SQQQ,72.085,72.1,71.98,72.07,363665.0,72.0405,1907
2026-02-04 13:28:00-05:00,SQQQ,72.0601,72.08,71.98,72.01,213078.0,72.0397,1122
2026-02-04 13:29:00-05:00,SQQQ,72.02,72.05,71.92,71.97,167161.0,71.9751,1009
2026-02-04 13:30:00-05:00,SQQQ,71.98,72.3879,71.97,72.27,369170.0,72.2436,2047
2026-02-04 13:31:00-05:00,SQQQ,72.3,72.3321,72.17,72.29,192298.0,72.2504,1188
2026-02-04 13:32:00-05:00,SQQQ,72.295,72.63,72.26,72.61,182397.0,72.502,1100
2026-02-04 13:33:00-05:00,SQQQ,72.62,72.6988,72.57,72.62,133986.0,72.6294,889
2026-02-04 13:34:00-05:00,SQQQ,72.61,72.69,72.51,72.53,157448.0,72.5775,1059
2026-02-04 13:35:00-05:00,SQQQ,72.52,72.54,72.29,72.52,126492.0,72.4209,1006
2026-02-04 13:36:00-05:00,SQQQ,72.5,72.59,72.41,72.41,130418.0,72.5136,775
2026-02-04 13:37:00-05:00,SQQQ,72.39,72.47,72.36,72.42,69732.0,72.4161,641
2026-02-04 13:38:00-05:00,SQQQ,72.4,72.53,72.385,72.45,99959.0,72.455,731
2026-02-04 13:39:00-05:00,SQQQ,72.45,72.58,72.36,72.377,114152.0,72.4616,737
2026-02-04 13:40:00-05:00,SQQQ,72.375,72.48,72.34,72.42,135838.0,72.4126,900
2026-02-04 13:41:00-05:00,SQQQ,72.42,72.48,72.355,72.4,78903.0,72.4007,610
2026-02-04 13:42:00-05:00,SQQQ,72.38,72.41,72.0,72.06,240477.0,72.2042,1470
2026-02-04 13:43:00-05:00,SQQQ,72.08,72.3,72.08,72.28,211039.0,72.1893,1173
2026-02-04 13:44:00-05:00,SQQQ,72.2801,72.41,72.25,72.41,120965.0,72.35,725
2026-02-04 13:45:00-05:00,SQQQ,72.42,72.56,72.42,72.54,115784.0,72.4982,749
2026-02-04 13:46:00-05:00,SQQQ,72.56,72.57,72.4,72.44,106673.0,72.495,655
2026-02-04 13:47:00-05:00,SQQQ,72.43,72.54,72.405,72.5299,130127.0,72.4727,650
2026-02-04 13:48:00-05:00,SQQQ,72.54,72.59,72.48,72.49,97534.0,72.544,615
2026-02-04 13:49:00-05:00,SQQQ,72.48,72.6,72.36,72.6,128275.0,72.4709,706
2026-02-04 13:50:00-05:00,SQQQ,72.6,72.81,72.59,72.81,135668.0,72.7181,941
2026-02-04 13:51:00-05:00,SQQQ,72.8,72.84,72.7466,72.79,126420.0,72.7989,620
2026-02-04 13:52:00-05:00,SQQQ,72.795,72.8269,72.54,72.5499,128240.0,72.6798,641
2026-02-04 13:53:00-05:00,SQQQ,72.55,72.59,72.42,72.42,92029.0,72.5067,645
2026-02-04 13:54:00-05:00,SQQQ,72.41,72.44,72.23,72.29,133083.0,72.3087,861
2026-02-04 13:55:00-05:00,SQQQ,72.29,72.29,72.11,72.14,168463.0,72.203,926
2026-02-04 13:56:00-05:00,SQQQ,72.13,72.15,71.985,72.0199,183461.0,72.0386,945
2026-02-04 13:57:00-05:00,SQQQ,72.02,72.04,71.88,71.895,139913.0,71.9373,903
2026-02-04 13:58:00-05:00,SQQQ,71.89,72.025,71.86,71.95,196739.0,71.9603,1023
2026-02-04 13:59:00-05:00,SQQQ,71.95,72.24,71.935,72.1399,180045.0,72.1501,1131
2026-02-04 14:00:00-05:00,SQQQ,72.14,72.245,72.0715,72.215,210256.0,72.1546,1371
2026-02-04 14:01:00-05:00,SQQQ,72.22,72.2799,72.11,72.24,132819.0,72.2135,908
2026-02-04 14:02:00-05:00,SQQQ,72.24,72.245,72.03,72.05,108547.0,72.0954,794
2026-02-04 14:03:00-05:00,SQQQ,72.04,72.1,71.99,72.075,98384.0,72.0427,675
2026-02-04 14:04:00-05:00,SQQQ,72.07,72.36,72.07,72.34,550147.0,72.2238,2798
2026-02-04 14:05:00-05:00,SQQQ,72.3465,72.605,72.3465,72.42,393569.0,72.4871,2843
2026-02-04 14:06:00-05:00,SQQQ,72.43,72.52,72.38,72.4899,198683.0,72.4563,1463
2026-02-04 14:07:00-05:00,SQQQ,72.49,72.605,72.48,72.57,171777.0,72.5513,1230
2026-02-04 14:08:00-05:00,SQQQ,72.57,72.6,72.37,72.37,158348.0,72.4863,1114
2026-02-04 14:09:00-05:00,SQQQ,72.37,72.395,72.21,72.27,213432.0,72.2868,1196
2026-02-04 14:10:00-05:00,SQQQ,72.26,72.31,72.18,72.26,111119.0,72.2405,860
2026-02-04 14:11:00-05:00,SQQQ,72.27,72.31,72.18,72.22,86013.0,72.2385,647
2026-02-04 14:12:00-05:00,SQQQ,72.21,72.26,72.155,72.22,120104.0,72.2118,722
2026-02-04 14:13:00-05:00,SQQQ,72.24,72.26,72.135,72.19,65356.0,72.1903,567
2026-02-04 14:14:00-05:00,SQQQ,72.2,72.34,72.18,72.28,128735.0,72.2605,806
2026-02-04 14:15:00-05:00,SQQQ,72.3,72.3,72.16,72.22,105959.0,72.2234,683
2026-02-04 14:16:00-05:00,SQQQ,72.22,72.275,72.15,72.23,123427.0,72.2266,867
2026-02-04 14:17:00-05:00,SQQQ,72.25,72.27,72.195,72.22,96318.0,72.2339,622
2026-02-04 14:18:00-05:00,SQQQ,72.23,72.23,71.97,71.97,129204.0,72.1064,802
2026-02-04 14:19:00-05:00,SQQQ,71.97,72.1399,71.8974,72.115,186587.0,72.0054,910
2026-02-04 14:20:00-05:00,SQQQ,72.1229,72.125,71.96,72.04,177996.0,72.0565,939
2026-02-04 14:21:00-05:00,SQQQ,72.04,72.35,72.04,72.345,171091.0,72.1903,921
2026-02-04 14:22:00-05:00,SQQQ,72.36,72.4,72.27,72.295,182039.0,72.3443,1152
2026-02-04 14:23:00-05:00,SQQQ,72.3,72.36,72.2,72.31,97174.0,72.2749,619
2026-02-04 14:24:00-05:00,SQQQ,72.305,72.32,72.01,72.09,141959.0,72.162,814
2026-02-04 14:25:00-05:00,SQQQ,72.1,72.115,71.955,72.0299,88640.0,72.0257,670
2026-02-04 14:26:00-05:00,SQQQ,72.02,72.18,72.01,72.04,194413.0,72.0953,974
2026-02-04 14:27:00-05:00,SQQQ,72.04,72.06,71.9405,71.9405,109559.0,72.0123,801
2026-02-04 14:28:00-05:00,SQQQ,71.94,72.01,71.9,71.92,82598.0,71.9558,594
2026-02-04 14:29:00-05:00,SQQQ,71.93,71.94,71.7934,71.82,290971.0,71.8486,1435
2026-02-04 14:30:00-05:00,SQQQ,71.82,71.85,71.58,71.7,368237.0,71.6935,1975
2026-02-04 14:31:00-05:00,SQQQ,71.69,71.69,71.55,71.58,202755.0,71.5977,1054
2026-02-04 14:32:00-05:00,SQQQ,71.5779,71.66,71.52,71.54,186306.0,71.5812,1024
2026-02-04 14:33:00-05:00,SQQQ,71.54,71.63,71.53,71.56,135447.0,71.5824,842
2026-02-04 14:34:00-05:00,SQQQ,71.54,71.555,71.485,71.5,163042.0,71.5164,994
2026-02-04 14:35:00-05:00,SQQQ,71.495,71.6535,71.4086,71.59,168720.0,71.5186,978
2026-02-04 14:36:00-05:00,SQQQ,71.6,71.7,71.5487,71.65,115202.0,71.6352,729
2026-02-04 14:37:00-05:00,SQQQ,71.65,71.7,71.52,71.55,108285.0,71.5955,613
2026-02-04 14:38:00-05:00,SQQQ,71.54,71.63,71.525,71.59,80201.0,71.5721,531
2026-02-04 14:39:00-05:00,SQQQ,71.5818,71.602,71.52,71.59,88303.0,71.5582,471
2026-02-04 14:40:00-05:00,SQQQ,71.58,71.62,71.46,71.4601,96749.0,71.5499,650
2026-02-04 14:41:00-05:00,SQQQ,71.47,71.49,71.32,71.35,154913.0,71.3772,854
2026-02-04 14:42:00-05:00,SQQQ,71.358,71.36,71.2251,71.29,133710.0,71.3017,703
2026-02-04 14:43:00-05:00,SQQQ,71.29,71.3,71.165,71.1799,142548.0,71.2201,738
2026-02-04 14:44:00-05:00,SQQQ,71.17,71.37,71.17,71.3281,129291.0,71.2848,676
2026-02-04 14:45:00-05:00,SQQQ,71.31,71.4299,71.285,71.33,155180.0,71.355,718
2026-02-04 14:46:00-05:00,SQQQ,71.33,71.345,70.94,71.02,272351.0,71.0769,1386
2026-02-04 14:47:00-05:00,SQQQ,71.02,71.22,71.0101,71.175,363757.0,71.1251,1476
2026-02-04 14:48:00-05:00,SQQQ,71.16,71.21,70.6302,70.72,1011160.0,70.8538,4814
2026-02-04 14:49:00-05:00,SQQQ,70.7,71.03,70.69,70.995,320128.0,70.8963,1883
2026-02-04 14:50:00-05:00,SQQQ,71.0,71.1,70.95,71.05,167212.0,71.0234,962
2026-02-04 14:51:00-05:00,SQQQ,71.035,71.06,70.79,70.915,236937.0,70.9009,1292
2026-02-04 14:52:00-05:00,SQQQ,70.92,70.93,70.715,70.73,169526.0,70.7813,1047
2026-02-04 14:53:00-05:00,SQQQ,70.73,70.745,70.64,70.685,236015.0,70.701,1159
2026-02-04 14:54:00-05:00,SQQQ,70.7,70.9,70.7,70.89,202091.0,70.7913,1058
2026-02-04 14:55:00-05:00,SQQQ,70.895,70.98,70.815,70.82,161408.0,70.9043,967
2026-02-04 14:56:00-05:00,SQQQ,70.8,70.85,70.72,70.73,109114.0,70.7793,729
2026-02-04 14:57:00-05:00,SQQQ,70.735,70.74,70.595,70.655,144461.0,70.6673,816
2026-02-04 14:58:00-05:00,SQQQ,70.645,70.6769,70.59,70.64,65715.0,70.6279,514
2026-02-04 14:59:00-05:00,SQQQ,70.62,70.7356,70.62,70.66,146747.0,70.6874,877
2026-02-04 15:00:00-05:00,SQQQ,70.66,70.87,70.565,70.8615,238023.0,70.677,1250
2026-02-04 15:01:00-05:00,SQQQ,70.86,71.0,70.84,70.99,145357.0,70.9355,873
2026-02-04 15:02:00-05:00,SQQQ,70.97,71.08,70.94,71.07,87270.0,71.013,634
2026-02-04 15:03:00-05:00,SQQQ,71.05,71.05,70.89,70.905,87745.0,70.9636,548
2026-02-04 15:04:00-05:00,SQQQ,70.89,71.03,70.87,71.005,111692.0,70.9445,534
2026-02-04 15:05:00-05:00,SQQQ,71.0,71.03,70.94,71.01,99248.0,70.9755,548
2026-02-04 15:06:00-05:00,SQQQ,71.0,71.02,70.91,70.95,100059.0,70.9659,531
2026-02-04 15:07:00-05:00,SQQQ,70.95,71.02,70.93,71.0,99653.0,70.984,518
2026-02-04 15:08:00-05:00,SQQQ,70.99,71.01,70.915,70.9701,83623.0,70.9706,575
2026-02-04 15:09:00-05:00,SQQQ,70.96,70.97,70.83,70.855,114023.0,70.8787,588
2026-02-04 15:10:00-05:00,SQQQ,70.83,70.95,70.7913,70.95,130772.0,70.8413,657
2026-02-04 15:11:00-05:00,SQQQ,70.9401,71.21,70.9401,71.2066,130862.0,71.0931,779
2026-02-04 15:12:00-05:00,SQQQ,71.205,71.32,71.19,71.245,186227.0,71.2803,954
2026-02-04 15:13:00-05:00,SQQQ,71.25,71.3599,71.235,71.25,159564.0,71.3115,924
2026-02-04 15:14:00-05:00,SQQQ,71.25,71.2613,71.14,71.14,150974.0,71.2011,533
2026-02-04 15:15:00-05:00,SQQQ,71.14,71.18,71.045,71.06,116873.0,71.106,664
2026-02-04 15:16:00-05:00,SQQQ,71.0465,71.29,71.04,71.215,83294.0,71.169,531
2026-02-04 15:17:00-05:00,SQQQ,71.21,71.225,71.13,71.14,58644.0,71.172,338
2026-02-04 15:18:00-05:00,SQQQ,71.115,71.2,71.07,71.17,55023.0,71.1345,418
2026-02-04 15:19:00-05:00,SQQQ,71.18,71.18,71.06,71.1001,68061.0,71.1008,465
2026-02-04 15:20:00-05:00,SQQQ,71.115,71.23,71.1,71.23,75257.0,71.1813,505
2026-02-04 15:21:00-05:00,SQQQ,71.2203,71.27,71.065,71.12,85727.0,71.1576,540
2026-02-04 15:22:00-05:00,SQQQ,71.11,71.12,70.99,71.05,117231.0,71.0456,651
2026-02-04 15:23:00-05:00,SQQQ,71.04,71.06,70.93,70.945,117796.0,70.9763,646
2026-02-04 15:24:00-05:00,SQQQ,70.94,70.98,70.88,70.95,80275.0,70.9245,546
2026-02-04 15:25:00-05:00,SQQQ,70.94,71.08,70.93,71.04,71787.0,71.0137,478
2026-02-04 15:26:00-05:00,SQQQ,71.03,71.035,70.93,70.94,124821.0,70.9771,656
2026-02-04 15:27:00-05:00,SQQQ,70.95,70.95,70.8,70.89,103697.0,70.8502,504
2026-02-04 15:28:00-05:00,SQQQ,70.885,70.965,70.87,70.88,69226.0,70.9186,464
2026-02-04 15:29:00-05:00,SQQQ,70.9,71.075,70.88,71.036,64850.0,70.9434,353
2026-02-04 15:30:00-05:00,SQQQ,71.04,71.1172,70.9871,71.08,97426.0,71.0474,572
2026-02-04 15:31:00-05:00,SQQQ,71.11,71.145,70.9901,71.1399,63973.0,71.0913,432
2026-02-04 15:32:00-05:00,SQQQ,71.13,71.19,71.11,71.12,105329.0,71.1418,589
2026-02-04 15:33:00-05:00,SQQQ,71.12,71.12,70.95,70.97,92301.0,71.0231,530
2026-02-04 15:34:00-05:00,SQQQ,70.965,71.015,70.895,71.0,105887.0,70.9527,577
2026-02-04 15:35:00-05:00,SQQQ,71.0,71.09,70.97,71.0886,111823.0,71.0042,593
2026-02-04 15:36:00-05:00,SQQQ,71.06,71.11,70.945,70.9771,97674.0,71.0228,586
2026-02-04 15:37:00-05:00,SQQQ,70.97,71.0,70.84,70.84,102371.0,70.9433,453
2026-02-04 15:38:00-05:00,SQQQ,70.84,70.91,70.791491,70.83,96450.0,70.8491,555
2026-02-04 15:39:00-05:00,SQQQ,70.83,70.93,70.815,70.83,59116.0,70.864,354
2026-02-04 15:40:00-05:00,SQQQ,70.82,70.8599,70.752,70.7635,104681.0,70.8168,560
2026-02-04 15:41:00-05:00,SQQQ,70.79,70.89,70.77,70.89,118767.0,70.8435,677
2026-02-04 15:42:00-05:00,SQQQ,70.88,70.92,70.8,70.84,79165.0,70.8729,559
2026-02-04 15:43:00-05:00,SQQQ,70.8399,70.88,70.723,70.88,86123.0,70.7807,483
2026-02-04 15:44:00-05:00,SQQQ,70.87,71.005,70.87,70.99,78198.0,70.9649,587
2026-02-04 15:45:00-05:00,SQQQ,71.0,71.0499,70.9715,71.04,104667.0,71.0167,524
2026-02-04 15:46:00-05:00,SQQQ,71.03,71.135,71.0001,71.0001,103402.0,71.079,601
2026-02-04 15:47:00-05:00,SQQQ,71.0,71.0,70.8,70.855,159332.0,70.8991,744
2026-02-04 15:48:00-05:00,SQQQ,70.86,70.925,70.815,70.8297,57268.0,70.866,391
2026-02-04 15:49:00-05:00,SQQQ,70.84,70.89,70.82,70.84,56217.0,70.8658,356
2026-02-04 15:50:00-05:00,SQQQ,70.83,71.11,70.78,71.0934,484494.0,70.9804,2502
2026-02-04 15:51:00-05:00,SQQQ,71.11,71.2499,71.08,71.215,235169.0,71.1759,1243
2026-02-04 15:52:00-05:00,SQQQ,71.21,71.3001,71.17,71.17,230839.0,71.245,1354
2026-02-04 15:53:00-05:00,SQQQ,71.165,71.31,71.12,71.27,250151.0,71.2213,1249
2026-02-04 15:54:00-05:00,SQQQ,71.27,71.5201,71.24,71.48,259997.0,71.4213,1339
2026-02-04 15:55:00-05:00,SQQQ,71.49,71.595,71.4,71.5,346008.0,71.496,1911
2026-02-04 15:56:00-05:00,SQQQ,71.51,71.685,71.51,71.6004,280257.0,71.6195,1372
2026-02-04 15:57:00-05:00,SQQQ,71.605,71.6401,71.53,71.56,323658.0,71.5683,1443
2026-02-04 15:58:00-05:00,SQQQ,71.555,71.6299,71.5024,71.51,266682.0,71.5575,993
2026-02-04 15:59:00-05:00,SQQQ,71.51,71.61,71.4307,71.54,1262330.0,71.5095,4034
2026-02-04 16:00:00-05:00,SQQQ,71.49,71.61,71.3,71.37,15671.0,71.4536,113
2026-02-04 16:01:00-05:00,SQQQ,71.37,71.4,71.2,71.35,19795.0,71.3463,107
2026-02-04 16:02:00-05:00,SQQQ,71.0049,72.15,71.0049,72.1304,61112.0,71.7074,482
2026-02-04 16:03:00-05:00,SQQQ,72.09,72.49,72.051,72.4507,35200.0,72.3666,351
2026-02-04 16:04:00-05:00,SQQQ,72.4362,72.58,71.95,72.31,59022.0,72.3516,398
2026-02-04 16:05:00-05:00,SQQQ,72.2838,72.3,71.63,71.7,26907.0,71.9477,279
2026-02-04 16:06:00-05:00,SQQQ,71.67,71.68,71.3977,71.63,214713.0,71.5707,389
2026-02-04 16:07:00-05:00,SQQQ,71.71,71.88,71.49,71.77,21498.0,71.7008,186
2026-02-04 16:08:00-05:00,SQQQ,71.77,71.86,71.32,71.32,50238.0,71.6587,201
2026-02-04 16:09:00-05:00,SQQQ,71.311,71.5,71.22,71.29,27156.0,71.3629,206
2026-02-04 16:10:00-05:00,SQQQ,71.32,71.4589,71.12,71.3,29933.0,71.2545,170
2026-02-04 16:11:00-05:00,SQQQ,71.3,71.33,71.15,71.28,20452.0,71.248,112
2026-02-04 16:12:00-05:00,SQQQ,71.27,71.4,71.26,71.279,15586.0,71.3166,114
2026-02-04 16:13:00-05:00,SQQQ,71.34,71.34,71.0,71.08,20131.0,71.0749,135
2026-02-04 16:14:00-05:00,SQQQ,71.03,71.12,71.0,71.11,8393.0,71.0504,69
2026-02-04 16:15:00-05:00,SQQQ,71.13,71.2499,71.06,71.2499,13535.0,71.1118,109
2026-02-04 16:16:00-05:00,SQQQ,71.29,71.57,71.24,71.509,23932.0,71.3787,161
2026-02-04 16:17:00-05:00,SQQQ,71.4769,71.5097,71.2464,71.2519,13318.0,71.364,80
2026-02-04 16:18:00-05:00,SQQQ,71.27,71.32,71.16,71.3,7499.0,71.2201,61
2026-02-04 16:19:00-05:00,SQQQ,71.3,71.3,71.18,71.22,8275.0,71.219,58
2026-02-04 16:20:00-05:00,SQQQ,71.22,71.39,71.1864,71.3857,5746.0,71.304,69
2026-02-04 16:21:00-05:00,SQQQ,71.37,71.54,71.35,71.4,19476.0,71.4667,116
2026-02-04 16:22:00-05:00,SQQQ,71.39,71.43,71.31,71.4,3612.0,71.3554,54
2026-02-04 16:23:00-05:00,SQQQ,71.45,71.48,71.4236,71.48,4214.0,71.4566,44
2026-02-04 16:24:00-05:00,SQQQ,71.3929,71.3929,71.29,71.31,12633.0,71.3385,91
2026-02-04 16:25:00-05:00,SQQQ,71.27,71.31,71.25,71.3,9122.0,71.2891,53
2026-02-04 16:26:00-05:00,SQQQ,71.31,71.44,71.3,71.3,3601.0,71.3548,48
2026-02-04 16:27:00-05:00,SQQQ,71.3,71.3,71.16,71.16,3249.0,71.2518,42
2026-02-04 16:28:00-05:00,SQQQ,71.12,71.17,71.06,71.1,8405.0,71.1348,53
2026-02-04 16:29:00-05:00,SQQQ,71.07,71.13,71.07,71.12,15660.0,71.1051,52
2026-02-04 16:30:00-05:00,SQQQ,71.15,71.19,70.95,70.95,13894.0,71.108,85
2026-02-04 16:31:00-05:00,SQQQ,70.9842,70.9842,70.62,70.62,33563.0,70.7274,200
2026-02-04 16:32:00-05:00,SQQQ,70.6,70.72,70.5,70.5,39874.0,70.6234,209
2026-02-04 16:33:00-05:00,SQQQ,70.49,70.52,70.17,70.2,35273.0,70.2951,209
2026-02-04 16:34:00-05:00,SQQQ,70.21,70.22,70.04,70.04,32376.0,70.1578,193
2026-02-04 16:35:00-05:00,SQQQ,70.03,70.1,69.98,70.1,44733.0,70.0332,246
2026-02-04 16:36:00-05:00,SQQQ,70.1,70.34,70.08,70.34,15214.0,70.222,139
2026-02-04 16:37:00-05:00,SQQQ,70.34,70.36,70.22,70.3,11248.0,70.2957,83
2026-02-04 16:38:00-05:00,SQQQ,70.289,70.289,70.03,70.0503,28863.0,70.0766,193
2026-02-04 16:39:00-05:00,SQQQ,70.08,70.29,70.08,70.15,5878.0,70.2,56
2026-02-04 16:40:00-05:00,SQQQ,70.15,70.21,70.0653,70.15,7075.0,70.1121,71
2026-02-04 16:41:00-05:00,SQQQ,70.12,70.18,70.08,70.14,23713.0,70.1407,72
2026-02-04 16:42:00-05:00,SQQQ,70.13,70.3,70.13,70.2,9950.0,70.2057,80
2026-02-04 16:43:00-05:00,SQQQ,70.2543,70.33,70.23,70.29,3046.0,70.2697,48
2026-02-04 16:44:00-05:00,SQQQ,70.3,70.3,70.2,70.2,108992.0,70.2382,227
2026-02-04 16:45:00-05:00,SQQQ,70.2,70.32,70.19,70.28,36633.0,70.272,86
2026-02-04 16:46:00-05:00,SQQQ,70.24,70.27,70.15,70.17,12370.0,70.2051,77
2026-02-04 16:47:00-05:00,SQQQ,70.18,70.23,70.12,70.13,24267.0,70.1762,114
2026-02-04 16:48:00-05:00,SQQQ,70.1198,70.32,70.05,70.28,32836.0,70.1892,173
2026-02-04 16:49:00-05:00,SQQQ,70.25,70.42,70.18,70.35,27937.0,70.2982,128
2026-02-04 16:50:00-05:00,SQQQ,70.37,70.51,70.37,70.4831,12351.0,70.4468,96
2026-02-04 16:51:00-05:00,SQQQ,70.53,70.55,70.39,70.39,13478.0,70.4813,84
2026-02-04 16:52:00-05:00,SQQQ,70.35,70.37,70.2,70.23,7411.0,70.2683,68
2026-02-04 16:53:00-05:00,SQQQ,70.24,70.3403,70.24,70.3403,2026.0,70.2859,41
2026-02-04 16:54:00-05:00,SQQQ,70.27,70.27,70.17,70.2,5451.0,70.2306,53
2026-02-04 16:55:00-05:00,SQQQ,70.25,70.26,70.25,70.26,1166.0,70.2388,37
2026-02-04 16:56:00-05:00,SQQQ,70.231,70.35,70.231,70.35,3870.0,70.3113,49
2026-02-04 16:57:00-05:00,SQQQ,70.35,70.4,70.34,70.4,3478.0,70.3797,84
2026-02-04 16:58:00-05:00,SQQQ,70.4613,70.5,70.3641,70.5,4070.0,70.4391,41
2026-02-04 16:59:00-05:00,SQQQ,70.54,70.57,70.49,70.5586,5022.0,70.5342,75
2026-02-04 17:00:00-05:00,SQQQ,70.529,70.529,70.39,70.51,4834.0,70.4896,13
2026-02-04 17:01:00-05:00,SQQQ,70.51,70.51,70.48,70.48,1813.0,70.4926,12
2026-02-04 17:02:00-05:00,SQQQ,70.51,70.51,70.51,70.51,462.0,70.5012,18
2026-02-04 17:03:00-05:00,SQQQ,70.51,70.56,70.51,70.53,4972.0,70.5491,25
2026-02-04 17:04:00-05:00,SQQQ,70.5287,70.53,70.51,70.53,2384.0,70.5245,17
2026-02-04 17:05:00-05:00,SQQQ,70.4993,70.5,70.4993,70.5,866.0,70.5021,12
2026-02-04 17:06:00-05:00,SQQQ,70.5,70.5,70.5,70.5,233.0,70.5133,8
2026-02-04 17:07:00-05:00,SQQQ,70.5261,70.6,70.5261,70.6,7206.0,70.5737,16
2026-02-04 17:08:00-05:00,SQQQ,70.6,70.7,70.6,70.6994,4154.0,70.6596,87
2026-02-04 17:09:00-05:00,SQQQ,70.66,70.68,70.65,70.68,4473.0,70.671,19
2026-02-04 17:10:00-05:00,SQQQ,70.68,70.68,70.66,70.68,1049.0,70.6692,19
2026-02-04 17:11:00-05:00,SQQQ,70.68,70.7653,70.66,70.76,2653.0,70.6864,32
2026-02-04 17:12:00-05:00,SQQQ,70.7795,70.7795,70.76,70.76,1922.0,70.7659,26
2026-02-04 17:13:00-05:00,SQQQ,70.75,70.75,70.74,70.74,5649.0,70.7414,17
2026-02-04 17:14:00-05:00,SQQQ,70.73,70.77,70.69,70.6911,19710.0,70.6946,34
2026-02-04 17:15:00-05:00,SQQQ,70.6296,70.6296,70.6296,70.6296,191.0,70.6474,7
2026-02-04 17:16:00-05:00,SQQQ,70.73,70.73,70.63,70.63,849.0,70.6645,15
2026-02-04 17:17:00-05:00,SQQQ,70.6742,70.6742,70.6742,70.6742,735.0,70.6849,9
2026-02-04 17:18:00-05:00,SQQQ,70.71,70.71,70.6415,70.66,4412.0,70.6545,20
2026-02-04 17:19:00-05:00,SQQQ,70.6912,70.6912,70.6516,70.68,1806.0,70.6822,12
2026-02-04 17:20:00-05:00,SQQQ,70.67,70.71,70.67,70.71,1388.0,70.6909,14
2026-02-04 17:21:00-05:00,SQQQ,70.7,70.72,70.7,70.72,974.0,70.7063,9
2026-02-04 17:22:00-05:00,SQQQ,70.73,70.74,70.65,70.74,2253.0,70.6986,36
2026-02-04 17:23:00-05:00,SQQQ,70.77,70.78,70.67,70.78,13321.0,70.6857,32
2026-02-04 17:24:00-05:00,SQQQ,70.7644,70.78,70.7631,70.78,2306.0,70.7678,17
2026-02-04 17:25:00-05:00,SQQQ,70.761,70.761,70.761,70.761,534.0,70.7635,16
2026-02-04 17:26:00-05:00,SQQQ,70.761,70.7637,70.761,70.7637,521.0,70.7726,16
2026-02-04 17:27:00-05:00,SQQQ,70.77,70.79,70.77,70.78,1693.0,70.7784,22
2026-02-04 17:28:00-05:00,SQQQ,70.78,70.78,70.7332,70.7332,1428.0,70.7611,24
2026-02-04 17:29:00-05:00,SQQQ,70.78,70.78,70.7792,70.7792,800.0,70.7757,19
2026-02-04 17:30:00-05:00,SQQQ,70.759,70.76,70.75,70.75,1066.0,70.7576,15
2026-02-04 17:31:00-05:00,SQQQ,70.76,70.76,70.76,70.76,732.0,70.7581,14
2026-02-04 17:32:00-05:00,SQQQ,70.75,70.7601,70.75,70.7601,961.0,70.7538,13
2026-02-04 17:33:00-05:00,SQQQ,70.7797,70.7797,70.75,70.75,557.0,70.7616,10
2026-02-04 17:34:00-05:00,SQQQ,70.78,70.8,70.7699,70.8,2894.0,70.7829,41
2026-02-04 17:35:00-05:00,SQQQ,70.81,70.81,70.81,70.81,663.0,70.8097,8
2026-02-04 17:36:00-05:00,SQQQ,70.79,70.79,70.79,70.79,467.0,70.7967,7
2026-02-04 17:37:00-05:00,SQQQ,70.79,70.8,70.771,70.771,1391.0,70.7854,15
2026-02-04 17:38:00-05:00,SQQQ,70.7701,70.7702,70.7701,70.7702,547.0,70.7727,14
2026-02-04 17:39:00-05:00,SQQQ,70.7799,70.79,70.7799,70.79,1700.0,70.7829,11
2026-02-04 17:40:00-05:00,SQQQ,70.8,70.87,70.8,70.87,1777.0,70.8434,41
2026-02-04 17:41:00-05:00,SQQQ,70.87,70.94,70.87,70.91,1041.0,70.9114,40
2026-02-04 17:42:00-05:00,SQQQ,70.98,71.0004,70.96,71.0004,2891.0,70.9835,38
2026-02-04 17:43:00-05:00,SQQQ,71.01,71.0944,71.01,71.0944,1044.0,71.0402,23
2026-02-04 17:44:00-05:00,SQQQ,71.08,71.1002,71.0759,71.1002,1795.0,71.0852,25
2026-02-04 17:45:00-05:00,SQQQ,71.1,71.1861,71.1,71.1861,3779.0,71.106,18
2026-02-04 17:46:00-05:00,SQQQ,71.13,71.1654,71.12,71.12,2969.0,71.1249,14
2026-02-04 17:47:00-05:00,SQQQ,71.1055,71.13,71.1046,71.1046,1311.0,71.123,9
2026-02-04 17:48:00-05:00,SQQQ,71.1,71.11,71.04,71.07,2805.0,71.0929,19
2026-02-04 17:49:00-05:00,SQQQ,71.02,71.04,71.0,71.0205,4234.0,71.0189,26
2026-02-04 17:50:00-05:00,SQQQ,71.0207,71.05,71.02,71.02,4602.0,71.0223,43
2026-02-04 17:51:00-05:00,SQQQ,71.08,71.08,71.02,71.02,1051.0,71.031,12
2026-02-04 17:52:00-05:00,SQQQ,71.0,71.01,71.0,71.01,838.0,71.0053,13
2026-02-04 17:53:00-05:00,SQQQ,71.0097,71.0106,70.9934,71.01,9182.0,71.0089,15
2026-02-04 17:54:00-05:00,SQQQ,71.01,71.01,70.99,71.0,2804.0,71.0,12
2026-02-04 17:56:00-05:00,SQQQ,70.9915,71.0,70.9915,71.0,3391.0,70.9997,17
2026-02-04 17:57:00-05:00,SQQQ,71.0,71.0,70.99,70.9998,966.0,70.9951,13
2026-02-04 17:58:00-05:00,SQQQ,70.9902,71.0,70.99,70.99,1295.0,70.9972,18
2026-02-04 17:59:00-05:00,SQQQ,71.01,71.01,71.01,71.01,125.0,71.0166,8
2026-02-04 18:00:00-05:00,SQQQ,71.0,71.03,70.96,71.0,4334.0,70.9857,33
2026-02-04 18:02:00-05:00,SQQQ,70.89,70.89,70.8313,70.8327,906.0,70.8613,16
2026-02-04 18:03:00-05:00,SQQQ,70.81,70.81,70.6504,70.6504,4158.0,70.7223,37
2026-02-04 18:04:00-05:00,SQQQ,70.67,70.67,70.61,70.61,1934.0,70.6411,37
2026-02-04 18:05:00-05:00,SQQQ,70.6099,70.6099,70.56,70.5999,3656.0,70.5925,33
2026-02-04 18:06:00-05:00,SQQQ,70.65,70.8,70.65,70.8,2060.0,70.6799,18
2026-02-04 18:07:00-05:00,SQQQ,70.8006,70.9,70.8,70.9,2826.0,70.8724,20
2026-02-04 18:08:00-05:00,SQQQ,70.89,70.9362,70.89,70.9301,2628.0,70.9008,8
2026-02-04 18:09:00-05:00,SQQQ,70.98,71.0,70.81,70.81,5336.0,70.9696,26
2026-02-04 18:10:00-05:00,SQQQ,70.79,70.81,70.7011,70.7011,3913.0,70.7401,40
2026-02-04 18:11:00-05:00,SQQQ,70.66,70.66,70.63,70.65,6020.0,70.6502,20
2026-02-04 18:12:00-05:00,SQQQ,70.6499,70.65,70.64,70.64,2137.0,70.6492,10
2026-02-04 18:13:00-05:00,SQQQ,70.69,70.79,70.69,70.79,1648.0,70.7495,18
2026-02-04 18:14:00-05:00,SQQQ,70.87,70.8901,70.87,70.8901,1559.0,70.8782,13
2026-02-04 18:15:00-05:00,SQQQ,70.87,70.92,70.8,70.8,1124.0,70.8805,17
2026-02-04 18:16:00-05:00,SQQQ,70.7956,70.7956,70.77,70.77,2901.0,70.7923,10
2026-02-04 18:17:00-05:00,SQQQ,70.7505,70.7505,70.75,70.75,448.0,70.7503,8
2026-02-04 18:18:00-05:00,SQQQ,70.77,70.83,70.7617,70.83,752.0,70.7732,9
2026-02-04 18:19:00-05:00,SQQQ,70.9,70.9,70.9,70.9,582.0,70.8921,6
2026-02-04 18:20:00-05:00,SQQQ,70.88,70.88,70.83,70.83,2194.0,70.8716,13
2026-02-04 18:21:00-05:00,SQQQ,70.81,70.81,70.81,70.81,886.0,70.8091,10
2026-02-04 18:22:00-05:00,SQQQ,70.8,70.8,70.76,70.76,1293.0,70.7832,12
2026-02-04 18:23:00-05:00,SQQQ,70.81,70.84,70.81,70.84,2619.0,70.8293,9
2026-02-04 18:24:00-05:00,SQQQ,70.84,70.9,70.84,70.9,1948.0,70.8927,15
2026-02-04 18:25:00-05:00,SQQQ,70.9362,70.9362,70.91,70.91,1201.0,70.9133,8
2026-02-04 18:26:00-05:00,SQQQ,70.8793,70.8793,70.8793,70.8793,386.0,70.8692,7
2026-02-04 18:27:00-05:00,SQQQ,70.7927,70.7927,70.75,70.77,1539.0,70.759,18
2026-02-04 18:28:00-05:00,SQQQ,70.73,70.73,70.7,70.7,951.0,70.7111,6
2026-02-04 18:30:00-05:00,SQQQ,70.7,70.73,70.6,70.6,5304.0,70.6869,25
2026-02-04 18:31:00-05:00,SQQQ,70.6146,70.6146,70.48,70.48,3882.0,70.5513,61
2026-02-04 18:32:00-05:00,SQQQ,70.48,70.53,70.48,70.5004,2517.0,70.5059,21
2026-02-04 18:33:00-05:00,SQQQ,70.5,70.6757,70.5,70.65,7031.0,70.5465,35
2026-02-04 18:34:00-05:00,SQQQ,70.63,70.68,70.58,70.68,1615.0,70.6349,15
2026-02-04 18:35:00-05:00,SQQQ,70.6,70.68,70.6,70.68,3520.0,70.6287,28
2026-02-04 18:36:00-05:00,SQQQ,70.6831,70.7,70.6831,70.7,543.0,70.6961,12
2026-02-04 18:37:00-05:00,SQQQ,70.721,70.721,70.721,70.721,399.0,70.7495,11
2026-02-04 18:38:00-05:00,SQQQ,70.76,70.8,70.76,70.8,1329.0,70.7888,18
2026-02-04 18:39:00-05:00,SQQQ,70.81,70.81,70.8,70.8,307.0,70.8006,5
2026-02-04 18:40:00-05:00,SQQQ,70.83,70.91,70.83,70.9,1839.0,70.8756,33
2026-02-04 18:41:00-05:00,SQQQ,70.9,70.9238,70.9,70.9236,4665.0,70.9108,26
2026-02-04 18:43:00-05:00,SQQQ,70.8,70.8,70.8,70.8,592.0,70.8016,8
2026-02-04 18:44:00-05:00,SQQQ,70.8,70.84,70.8,70.84,747.0,70.8059,11
2026-02-04 18:45:00-05:00,SQQQ,70.8701,70.8701,70.86,70.87,1073.0,70.8689,12
2026-02-04 18:46:00-05:00,SQQQ,70.85,70.88,70.85,70.88,615.0,70.8634,10
2026-02-04 18:47:00-05:00,SQQQ,70.8,70.8,70.8,70.8,6161.0,70.8,7
2026-02-04 18:48:00-05:00,SQQQ,70.83,70.84,70.82,70.82,993.0,70.8234,11
2026-02-04 18:49:00-05:00,SQQQ,70.79,70.79,70.78,70.78,1158.0,70.7812,12
2026-02-04 18:50:00-05:00,SQQQ,70.74,70.74,70.6901,70.6901,204.0,70.7148,5
2026-02-04 18:51:00-05:00,SQQQ,70.7105,70.79,70.7105,70.79,1314.0,70.738,12
2026-02-04 18:52:00-05:00,SQQQ,70.75,70.76,70.7395,70.7395,564.0,70.7507,12
2026-02-04 18:53:00-05:00,SQQQ,70.7598,70.7598,70.749,70.749,636.0,70.7547,10
2026-02-04 18:54:00-05:00,SQQQ,70.7641,70.77,70.7641,70.77,1677.0,70.7685,6
2026-02-04 18:55:00-05:00,SQQQ,70.82,70.8636,70.8,70.85,1344.0,70.8364,9
2026-02-04 18:56:00-05:00,SQQQ,70.98,71.08,70.98,71.08,8547.0,71.0238,60
2026-02-04 18:57:00-05:00,SQQQ,71.1417,71.1417,71.02,71.03,975.0,71.0527,8
2026-02-04 18:58:00-05:00,SQQQ,71.0236,71.0258,70.9903,70.9903,644.0,71.0132,9
2026-02-04 18:59:00-05:00,SQQQ,71.0,71.02,70.99,71.0,4285.0,70.9979,15
2026-02-04 19:00:00-05:00,SQQQ,71.1,71.1,71.0765,71.0765,249.0,71.0807,7
2026-02-04 19:01:00-05:00,SQQQ,71.1,71.15,71.1,71.15,1767.0,71.1109,24
2026-02-04 19:02:00-05:00,SQQQ,71.18,71.2,71.18,71.2,6865.0,71.1985,36
2026-02-04 19:03:00-05:00,SQQQ,71.19,71.25,71.19,71.2,2451.0,71.2199,8
2026-02-04 19:04:00-05:00,SQQQ,71.1,71.12,71.08,71.08,3405.0,71.0936,24
2026-02-04 19:05:00-05:00,SQQQ,71.12,71.12,71.12,71.12,1214.0,71.1186,8
2026-02-04 19:06:00-05:00,SQQQ,71.0,71.0385,71.0,71.02,5126.0,71.0089,10
2026-02-04 19:07:00-05:00,SQQQ,70.97,71.06,70.97,71.06,1595.0,71.0209,11
2026-02-04 19:08:00-05:00,SQQQ,71.0,71.0096,70.9694,70.9736,1892.0,70.9884,14
2026-02-04 19:09:00-05:00,SQQQ,70.98,70.98,70.98,70.98,197.0,70.9865,13
2026-02-04 19:10:00-05:00,SQQQ,70.95,70.95,70.9,70.9,1265.0,70.9447,6
2026-02-04 19:11:00-05:00,SQQQ,70.93,70.96,70.93,70.96,379.0,70.9611,7
2026-02-04 19:13:00-05:00,SQQQ,71.01,71.01,70.95,70.95,1718.0,70.9624,18
2026-02-04 19:14:00-05:00,SQQQ,70.95,70.95,70.9464,70.95,1271.0,70.9492,17
2026-02-04 19:15:00-05:00,SQQQ,70.9561,70.9561,70.88,70.88,5656.0,70.9051,29
2026-02-04 19:16:00-05:00,SQQQ,70.82,70.82,70.8,70.8,912.0,70.808,9
2026-02-04 19:17:00-05:00,SQQQ,70.84,70.8685,70.8308,70.8685,4725.0,70.8421,29
2026-02-04 19:18:00-05:00,SQQQ,70.85,70.87,70.85,70.85,3232.0,70.8563,12
2026-02-04 19:19:00-05:00,SQQQ,70.8,70.8,70.7701,70.79,3386.0,70.7955,9
2026-02-04 19:20:00-05:00,SQQQ,70.78,70.8,70.77,70.7996,3050.0,70.7936,14
2026-02-04 19:21:00-05:00,SQQQ,70.84,70.85,70.8099,70.81,5302.0,70.8288,19
2026-02-04 19:22:00-05:00,SQQQ,70.81,70.81,70.72,70.72,4744.0,70.7684,32
2026-02-04 19:23:00-05:00,SQQQ,70.67,70.67,70.6608,70.6608,492.0,70.6756,13
2026-02-04 19:24:00-05:00,SQQQ,70.72,70.72,70.72,70.72,270.0,70.7208,6
2026-02-04 19:25:00-05:00,SQQQ,70.7,70.7,70.6,70.6,2094.0,70.6649,26
2026-02-04 19:26:00-05:00,SQQQ,70.5954,70.6,70.57,70.6,4472.0,70.5799,19
2026-02-04 19:27:00-05:00,SQQQ,70.6254,70.6254,70.5304,70.5304,3487.0,70.5766,35
2026-02-04 19:28:00-05:00,SQQQ,70.57,70.57,70.54,70.57,2524.0,70.5545,14
2026-02-04 19:29:00-05:00,SQQQ,70.51,70.52,70.5,70.52,684.0,70.5154,14
2026-02-04 19:30:00-05:00,SQQQ,70.531,70.54,70.52,70.53,1393.0,70.5313,22
2026-02-04 19:31:00-05:00,SQQQ,70.5803,70.63,70.5803,70.6046,2003.0,70.6169,9
2026-02-04 19:32:00-05:00,SQQQ,70.59,70.61,70.59,70.61,1626.0,70.5967,10
2026-02-04 19:33:00-05:00,SQQQ,70.61,70.6303,70.61,70.6303,1421.0,70.6159,16
2026-02-04 19:34:00-05:00,SQQQ,70.6,70.6,70.5769,70.5769,1799.0,70.5873,9
2026-02-04 19:35:00-05:00,SQQQ,70.5497,70.57,70.5405,70.56,1043.0,70.5559,15
2026-02-04 19:38:00-05:00,SQQQ,70.56,70.6,70.5,70.5,10273.0,70.5527,45
2026-02-04 19:39:00-05:00,SQQQ,70.48,70.48,70.4701,70.4701,4094.0,70.4757,25
2026-02-04 19:40:00-05:00,SQQQ,70.46,70.47,70.41,70.41,3135.0,70.4601,21
2026-02-04 19:41:00-05:00,SQQQ,70.42,70.44,70.42,70.4392,1901.0,70.4335,12
2026-02-04 19:42:00-05:00,SQQQ,70.42,70.42,70.42,70.42,566.0,70.4219,14
2026-02-04 19:43:00-05:00,SQQQ,70.4,70.41,70.37,70.37,1890.0,70.3935,29
2026-02-04 19:44:00-05:00,SQQQ,70.39,70.41,70.39,70.41,789.0,70.3976,14
2026-02-04 19:45:00-05:00,SQQQ,70.4416,70.45,70.41,70.45,1713.0,70.4271,17
2026-02-04 19:46:00-05:00,SQQQ,70.48,70.48,70.46,70.46,757.0,70.4736,8
2026-02-04 19:47:00-05:00,SQQQ,70.45,70.49,70.45,70.49,1258.0,70.468,16
2026-02-04 19:48:00-05:00,SQQQ,70.46,70.46,70.4391,70.4391,1844.0,70.4409,11
2026-02-04 19:49:00-05:00,SQQQ,70.42,70.4207,70.41,70.42,3783.0,70.4193,20
2026-02-04 19:50:00-05:00,SQQQ,70.38,70.3999,70.38,70.39,1640.0,70.3872,5
2026-02-04 19:51:00-05:00,SQQQ,70.46,70.4779,70.46,70.4779,761.0,70.4628,8
2026-02-04 19:52:00-05:00,SQQQ,70.529,70.529,70.5254,70.5254,383.0,70.5245,8
2026-02-04 19:53:00-05:00,SQQQ,70.521,70.56,70.521,70.55,3087.0,70.5505,14
2026-02-04 19:54:00-05:00,SQQQ,70.5609,70.57,70.54,70.57,2648.0,70.5593,13
2026-02-04 19:55:00-05:00,SQQQ,70.5769,70.58,70.57,70.57,1293.0,70.5695,11
2026-02-04 19:56:00-05:00,SQQQ,70.5291,70.5291,70.5,70.5,1468.0,70.5134,16
2026-02-04 19:57:00-05:00,SQQQ,70.5,70.5,70.5,70.5,1037.0,70.5,17
2026-02-04 19:58:00-05:00,SQQQ,70.5469,70.58,70.5469,70.58,480.0,70.561,13
2026-02-04 19:59:00-05:00,SQQQ,70.5797,70.6,70.56,70.6,1315.0,70.5705,17
2026-02-05 04:00:00-05:00,SQQQ,70.84,71.59,70.84,71.3,4825.0,71.3954,73
2026-02-05 04:01:00-05:00,SQQQ,71.31,71.36,71.24,71.26,15283.0,71.291,233
2026-02-05 04:02:00-05:00,SQQQ,71.27,71.27,71.2,71.21,4137.0,71.2425,47
2026-02-05 04:03:00-05:00,SQQQ,71.17,71.36,71.17,71.36,14600.0,71.2107,80
2026-02-05 04:04:00-05:00,SQQQ,71.42,71.48,71.37,71.47,2812.0,71.4215,31
2026-02-05 04:05:00-05:00,SQQQ,71.5,71.67,71.5,71.66,6770.0,71.5967,85
2026-02-05 04:06:00-05:00,SQQQ,71.65,71.65,71.51,71.6,8233.0,71.5791,54
2026-02-05 04:07:00-05:00,SQQQ,71.6,71.64,71.54,71.62,9792.0,71.5972,103
2026-02-05 04:08:00-05:00,SQQQ,71.59,71.6,71.4,71.4,6229.0,71.5148,71
2026-02-05 04:09:00-05:00,SQQQ,71.42,71.54,71.42,71.54,2468.0,71.4552,24
2026-02-05 04:10:00-05:00,SQQQ,71.56,71.56,71.56,71.56,181.0,71.5602,8
2026-02-05 04:11:00-05:00,SQQQ,71.63,71.68,71.62,71.68,1764.0,71.6362,22
2026-02-05 04:12:00-05:00,SQQQ,71.69,71.69,71.55,71.55,3002.0,71.6195,42
2026-02-05 04:13:00-05:00,SQQQ,71.5,71.53,71.43,71.48,6696.0,71.482,67
2026-02-05 04:14:00-05:00,SQQQ,71.47,71.5,71.47,71.5,3253.0,71.4912,29
2026-02-05 04:15:00-05:00,SQQQ,71.51,71.61,71.51,71.61,3033.0,71.569,25
2026-02-05 04:16:00-05:00,SQQQ,71.57,71.57,71.41,71.45,9298.0,71.4636,106
2026-02-05 04:17:00-05:00,SQQQ,71.44,71.54,71.44,71.54,8385.0,71.4874,74
2026-02-05 04:18:00-05:00,SQQQ,71.54,71.59,71.48,71.55,10384.0,71.5442,80
2026-02-05 04:19:00-05:00,SQQQ,71.54,71.54,71.47,71.5,2823.0,71.5135,28
2026-02-05 04:20:00-05:00,SQQQ,71.5,71.5,71.36,71.36,3525.0,71.3934,51
2026-02-05 04:21:00-05:00,SQQQ,71.38,71.38,71.29,71.32,15476.0,71.3312,66
2026-02-05 04:22:00-05:00,SQQQ,71.32,71.34,71.29,71.34,4400.0,71.3062,53
2026-02-05 04:23:00-05:00,SQQQ,71.31,71.31,71.23,71.23,4605.0,71.2696,50
2026-02-05 04:24:00-05:00,SQQQ,71.23,71.24,71.19,71.2,13875.0,71.217,94
2026-02-05 04:25:00-05:00,SQQQ,71.18,71.18,71.07,71.09,10430.0,71.1095,160
2026-02-05 04:26:00-05:00,SQQQ,71.09,71.1,71.01,71.04,12321.0,71.0516,142
2026-02-05 04:27:00-05:00,SQQQ,71.01,71.02,70.95,70.95,6462.0,70.9903,85
2026-02-05 04:28:00-05:00,SQQQ,70.97,71.02,70.95,70.99,7415.0,70.9853,72
2026-02-05 04:29:00-05:00,SQQQ,70.97,70.97,70.9,70.92,3100.0,70.9337,44
2026-02-05 04:30:00-05:00,SQQQ,70.91,70.93,70.87,70.93,2074.0,70.909,21
2026-02-05 04:31:00-05:00,SQQQ,70.8,70.8,70.73,70.73,5700.0,70.7795,152
2026-02-05 04:32:00-05:00,SQQQ,70.71,70.8,70.71,70.8,776.0,70.7655,19
2026-02-05 04:33:00-05:00,SQQQ,70.76,70.8,70.75,70.8,1616.0,70.7701,33
2026-02-05 04:35:00-05:00,SQQQ,70.9,70.9,70.9,70.9,1960.0,70.9044,43
2026-02-05 04:36:00-05:00,SQQQ,70.97,70.97,70.97,70.97,765.0,70.9675,24
2026-02-05 04:37:00-05:00,SQQQ,71.01,71.01,70.99,70.99,1790.0,71.0022,34
2026-02-05 04:38:00-05:00,SQQQ,71.03,71.09,71.03,71.06,2696.0,71.0438,51
2026-02-05 04:39:00-05:00,SQQQ,71.05,71.13,71.05,71.13,2330.0,71.0933,40
2026-02-05 04:40:00-05:00,SQQQ,71.1,71.1,71.08,71.08,670.0,71.1041,20
2026-02-05 04:41:00-05:00,SQQQ,71.16,71.16,71.09,71.09,966.0,71.1123,19
2026-02-05 04:42:00-05:00,SQQQ,71.15,71.17,71.15,71.17,375.0,71.1603,14
2026-02-05 04:43:00-05:00,SQQQ,71.19,71.24,71.19,71.24,3592.0,71.2206,34
2026-02-05 04:44:00-05:00,SQQQ,71.25,71.25,71.21,71.24,2784.0,71.2321,54
2026-02-05 04:45:00-05:00,SQQQ,71.23,71.28,71.23,71.26,2642.0,71.2517,36
2026-02-05 04:46:00-05:00,SQQQ,71.2,71.23,71.18,71.18,1144.0,71.2073,19
2026-02-05 04:47:00-05:00,SQQQ,71.2,71.2,71.2,71.2,1536.0,71.1988,10
2026-02-05 04:48:00-05:00,SQQQ,71.23,71.35,71.23,71.35,1682.0,71.2573,21
2026-02-05 04:49:00-05:00,SQQQ,71.36,71.36,71.36,71.36,1139.0,71.373,81
2026-02-05 04:50:00-05:00,SQQQ,71.26,71.26,71.19,71.19,1059.0,71.206,22
2026-02-05 04:51:00-05:00,SQQQ,71.2,71.21,71.2,71.21,1123.0,71.197,25
2026-02-05 04:52:00-05:00,SQQQ,71.23,71.26,71.2,71.2,1524.0,71.2218,17
2026-02-05 04:53:00-05:00,SQQQ,71.17,71.18,71.16,71.16,692.0,71.1702,19
2026-02-05 04:54:00-05:00,SQQQ,71.07,71.1,71.07,71.1,1171.0,71.0903,24
2026-02-05 04:55:00-05:00,SQQQ,71.1,71.1,71.1,71.1,295.0,71.0935,8
2026-02-05 04:56:00-05:00,SQQQ,71.09,71.12,71.09,71.12,993.0,71.1033,28
2026-02-05 04:57:00-05:00,SQQQ,71.26,71.26,71.26,71.26,691.0,71.2408,16
2026-02-05 04:58:00-05:00,SQQQ,71.22,71.22,71.22,71.22,160.0,71.2169,4
2026-02-05 04:59:00-05:00,SQQQ,71.23,71.23,71.23,71.23,215.0,71.237,6
2026-02-05 05:00:00-05:00,SQQQ,71.22,71.29,71.22,71.23,1281.0,71.2755,12
2026-02-05 05:01:00-05:00,SQQQ,71.2,71.2,71.16,71.16,1460.0,71.1622,45
2026-02-05 05:02:00-05:00,SQQQ,71.18,71.18,71.18,71.18,1169.0,71.1798,16
2026-02-05 05:03:00-05:00,SQQQ,71.16,71.16,71.14,71.16,2143.0,71.1432,24
2026-02-05 05:04:00-05:00,SQQQ,71.17,71.2,71.17,71.18,1047.0,71.1821,28
2026-02-05 05:05:00-05:00,SQQQ,71.17,71.17,71.17,71.17,375.0,71.1699,9
2026-02-05 05:06:00-05:00,SQQQ,71.24,71.29,71.24,71.28,1102.0,71.2696,28
2026-02-05 05:08:00-05:00,SQQQ,71.26,71.32,71.26,71.32,8482.0,71.2822,82
2026-02-05 05:10:00-05:00,SQQQ,71.18,71.18,71.11,71.11,885.0,71.1244,30
2026-02-05 05:11:00-05:00,SQQQ,71.02,71.02,71.0,71.0,4384.0,71.0109,42
2026-02-05 05:13:00-05:00,SQQQ,70.99,70.99,70.94,70.94,919.0,70.9547,46
2026-02-05 05:14:00-05:00,SQQQ,70.88,70.91,70.86,70.86,1602.0,70.8766,24
2026-02-05 05:15:00-05:00,SQQQ,70.82,70.82,70.79,70.79,3469.0,70.8054,71
2026-02-05 05:16:00-05:00,SQQQ,70.87,70.87,70.87,70.87,280.0,70.8462,15
2026-02-05 05:17:00-05:00,SQQQ,70.93,70.94,70.87,70.87,4237.0,70.9128,79
2026-02-05 05:18:00-05:00,SQQQ,70.87,70.87,70.87,70.87,462.0,70.8586,21
2026-02-05 05:19:00-05:00,SQQQ,70.8,70.8,70.8,70.8,514.0,70.8048,15
2026-02-05 05:20:00-05:00,SQQQ,70.85,70.85,70.83,70.85,1071.0,70.8415,20
2026-02-05 05:21:00-05:00,SQQQ,70.82,70.82,70.75,70.76,3481.0,70.7889,32
2026-02-05 05:22:00-05:00,SQQQ,70.8,70.84,70.8,70.84,397.0,70.8246,12
2026-02-05 05:24:00-05:00,SQQQ,70.84,70.84,70.84,70.84,177.0,70.8372,5
2026-02-05 05:25:00-05:00,SQQQ,70.8,70.83,70.79,70.83,2304.0,70.8152,46
2026-02-05 05:26:00-05:00,SQQQ,70.79,70.79,70.79,70.79,287.0,70.793,7
2026-02-05 05:27:00-05:00,SQQQ,70.75,70.8,70.75,70.78,2748.0,70.7788,29
2026-02-05 05:28:00-05:00,SQQQ,70.78,70.78,70.78,70.78,337.0,70.7977,16
2026-02-05 05:29:00-05:00,SQQQ,70.78,70.83,70.78,70.83,1332.0,70.7909,9
2026-02-05 05:30:00-05:00,SQQQ,70.78,70.8,70.78,70.8,4454.0,70.7851,22
2026-02-05 05:31:00-05:00,SQQQ,70.78,70.8,70.78,70.8,1115.0,70.7887,18
2026-02-05 05:32:00-05:00,SQQQ,70.91,70.94,70.91,70.94,2240.0,70.935,17
2026-02-05 05:33:00-05:00,SQQQ,70.95,71.04,70.95,71.04,509.0,71.0024,7
2026-02-05 05:34:00-05:00,SQQQ,71.01,71.02,71.01,71.01,4156.0,71.0241,20
2026-02-05 05:35:00-05:00,SQQQ,71.1,71.1,71.1,71.1,720.0,71.0993,17
2026-02-05 05:36:00-05:00,SQQQ,71.11,71.11,71.09,71.1,910.0,71.0967,11
2026-02-05 05:37:00-05:00,SQQQ,71.23,71.23,71.21,71.23,1303.0,71.2248,10
2026-02-05 05:38:00-05:00,SQQQ,71.26,71.26,71.26,71.26,529.0,71.2555,10
2026-02-05 05:39:00-05:00,SQQQ,71.25,71.28,71.24,71.28,2226.0,71.2554,34
2026-02-05 05:40:00-05:00,SQQQ,71.28,71.28,71.19,71.19,1072.0,71.2428,22
2026-02-05 05:41:00-05:00,SQQQ,71.14,71.14,71.14,71.14,218.0,71.1408,2
2026-02-05 05:42:00-05:00,SQQQ,71.08,71.08,71.08,71.08,240.0,71.0783,3
2026-02-05 05:43:00-05:00,SQQQ,71.09,71.09,71.02,71.08,957.0,71.062,10
2026-02-05 05:44:00-05:00,SQQQ,71.08,71.19,71.08,71.19,1005.0,71.1268,10
2026-02-05 05:45:00-05:00,SQQQ,71.22,71.22,71.22,71.22,366.0,71.2192,7
2026-02-05 05:46:00-05:00,SQQQ,71.2,71.21,71.2,71.21,492.0,71.2029,9
2026-02-05 05:47:00-05:00,SQQQ,71.1,71.15,71.1,71.15,300.0,71.12,3
2026-02-05 05:48:00-05:00,SQQQ,71.17,71.24,71.16,71.24,1962.0,71.2032,22
2026-02-05 05:51:00-05:00,SQQQ,71.14,71.14,71.14,71.14,655.0,71.1398,9
2026-02-05 05:53:00-05:00,SQQQ,71.14,71.14,71.13,71.13,566.0,71.1318,10
2026-02-05 05:54:00-05:00,SQQQ,71.24,71.24,71.24,71.24,231.0,71.2361,3
2026-02-05 05:55:00-05:00,SQQQ,71.19,71.205,71.19,71.2,1315.0,71.1995,12
2026-02-05 05:56:00-05:00,SQQQ,71.22,71.24,71.2,71.2,1774.0,71.2201,6
2026-02-05 05:58:00-05:00,SQQQ,71.22,71.22,71.22,71.22,110.0,71.22,2
2026-02-05 06:00:00-05:00,SQQQ,71.34,71.35,71.34,71.35,505.0,71.3397,11
2026-02-05 06:01:00-05:00,SQQQ,71.22,71.22,71.22,71.22,120.0,71.2242,3
2026-02-05 06:02:00-05:00,SQQQ,71.29,71.29,71.29,71.29,140.0,71.2871,2
2026-02-05 06:03:00-05:00,SQQQ,71.32,71.4,71.32,71.4,1477.0,71.3606,26
2026-02-05 06:05:00-05:00,SQQQ,71.38,71.38,71.33,71.33,2424.0,71.3378,29
2026-02-05 06:08:00-05:00,SQQQ,71.31,71.31,71.31,71.31,331.0,71.3072,4
2026-02-05 06:09:00-05:00,SQQQ,71.26,71.26,71.25,71.25,1280.0,71.2542,13
2026-02-05 06:12:00-05:00,SQQQ,71.24,71.24,71.24,71.24,279.0,71.2199,8
2026-02-05 06:14:00-05:00,SQQQ,71.19,71.19,71.19,71.19,111.0,71.1905,3
2026-02-05 06:15:00-05:00,SQQQ,71.2,71.2,71.2,71.2,277.0,71.1914,9
2026-02-05 06:16:00-05:00,SQQQ,71.18,71.18,71.18,71.18,114.0,71.1804,3
2026-02-05 06:17:00-05:00,SQQQ,71.15,71.15,71.08,71.08,3474.0,71.1136,43
2026-02-05 06:18:00-05:00,SQQQ,71.09,71.09,71.08,71.08,860.0,71.0888,2
2026-02-05 06:20:00-05:00,SQQQ,71.18,71.2,71.18,71.2,1194.0,71.1964,9
2026-02-05 06:22:00-05:00,SQQQ,71.03,71.03,71.03,71.03,335.0,71.0303,10
2026-02-05 06:23:00-05:00,SQQQ,70.97,71.03,70.97,71.03,1538.0,71.0153,22
2026-02-05 06:24:00-05:00,SQQQ,71.05,71.05,71.05,71.05,1074.0,71.0483,5
2026-02-05 06:25:00-05:00,SQQQ,71.15,71.15,71.15,71.15,126.0,71.1499,2
2026-02-05 06:26:00-05:00,SQQQ,71.11,71.11,71.09,71.09,549.0,71.089,19
2026-02-05 06:27:00-05:00,SQQQ,71.25,71.26,71.25,71.26,942.0,71.223,16
2026-02-05 06:28:00-05:00,SQQQ,71.2,71.2,71.2,71.2,175.0,71.2171,3
2026-02-05 06:29:00-05:00,SQQQ,71.25,71.32,71.25,71.29,2184.0,71.3006,20
2026-02-05 06:30:00-05:00,SQQQ,71.32,71.35,71.23,71.35,2472.0,71.2874,22
2026-02-05 06:31:00-05:00,SQQQ,71.44,71.44,71.34,71.37,2424.0,71.3924,26
2026-02-05 06:32:00-05:00,SQQQ,71.39,71.56,71.39,71.55,7886.0,71.4512,59
2026-02-05 06:33:00-05:00,SQQQ,71.58,71.59,71.51,71.54,5334.0,71.5532,66
2026-02-05 06:34:00-05:00,SQQQ,71.51,71.52,71.43,71.52,3053.0,71.4677,47
2026-02-05 06:35:00-05:00,SQQQ,71.5,71.5,71.4,71.47,1013.0,71.4655,32
2026-02-05 06:36:00-05:00,SQQQ,71.5,71.5,71.38,71.38,3634.0,71.4582,55
2026-02-05 06:37:00-05:00,SQQQ,71.37,71.39,71.36,71.38,1662.0,71.3733,22
2026-02-05 06:38:00-05:00,SQQQ,71.33,71.42,71.32,71.42,1748.0,71.336,22
2026-02-05 06:39:00-05:00,SQQQ,71.4,71.4,71.4,71.4,277.0,71.3971,6
2026-02-05 06:40:00-05:00,SQQQ,71.49,71.53,71.48,71.49,4148.0,71.4948,28
2026-02-05 06:41:00-05:00,SQQQ,71.45,71.45,71.34,71.34,1461.0,71.3842,15
2026-02-05 06:42:00-05:00,SQQQ,71.32,71.32,71.32,71.32,306.0,71.3177,9
2026-02-05 06:43:00-05:00,SQQQ,71.33,71.43,71.33,71.43,1049.0,71.4032,20
2026-02-05 06:44:00-05:00,SQQQ,71.47,71.47,71.43,71.43,2003.0,71.4434,15
2026-02-05 06:45:00-05:00,SQQQ,71.4,71.4,71.37,71.37,305.0,71.3851,4
2026-02-05 06:46:00-05:00,SQQQ,71.34,71.35,71.29,71.33,3532.0,71.3155,34
2026-02-05 06:47:00-05:00,SQQQ,71.35,71.45,71.34,71.44,1471.0,71.4011,17
2026-02-05 06:48:00-05:00,SQQQ,71.45,71.45,71.45,71.45,202.0,71.4461,10
2026-02-05 06:49:00-05:00,SQQQ,71.35,71.35,71.35,71.35,292.0,71.3485,6
2026-02-05 06:50:00-05:00,SQQQ,71.34,71.34,71.34,71.34,348.0,71.3473,7
2026-02-05 06:51:00-05:00,SQQQ,71.37,71.4,71.37,71.4,431.0,71.3865,7
2026-02-05 06:52:00-05:00,SQQQ,71.4,71.4,71.34,71.36,4543.0,71.3851,28
2026-02-05 06:53:00-05:00,SQQQ,71.37,71.37,71.33,71.34,1757.0,71.3384,23
2026-02-05 06:54:00-05:00,SQQQ,71.35,71.42,71.35,71.42,5108.0,71.4129,43
2026-02-05 06:55:00-05:00,SQQQ,71.39,71.39,71.3,71.3,2409.0,71.3379,35
2026-02-05 06:56:00-05:00,SQQQ,71.28,71.28,71.27,71.27,978.0,71.2749,14
2026-02-05 06:57:00-05:00,SQQQ,71.26,71.27,71.26,71.26,4430.0,71.2611,28
2026-02-05 06:59:00-05:00,SQQQ,71.31,71.31,71.29,71.29,488.0,71.3,13
2026-02-05 07:00:00-05:00,SQQQ,71.28,71.46,71.28,71.46,4503.0,71.364,43
2026-02-05 07:01:00-05:00,SQQQ,71.49,71.5,71.43,71.459,8473.0,71.4685,54
2026-02-05 07:02:00-05:00,SQQQ,71.32,71.32,71.27,71.27,783.0,71.2897,19
2026-02-05 07:03:00-05:00,SQQQ,71.27,71.27,71.13,71.15,7881.0,71.177,62
2026-02-05 07:04:00-05:00,SQQQ,71.12,71.12,71.06,71.11,5161.0,71.0879,38
2026-02-05 07:05:00-05:00,SQQQ,71.1,71.2,71.05,71.2,3605.0,71.1197,21
2026-02-05 07:06:00-05:00,SQQQ,71.18,71.18,71.05,71.05,5119.0,71.091,35
2026-02-05 07:07:00-05:00,SQQQ,71.09,71.21,71.07,71.21,5332.0,71.1493,33
2026-02-05 07:08:00-05:00,SQQQ,71.28,71.31,71.28,71.31,603.0,71.2909,18
2026-02-05 07:09:00-05:00,SQQQ,71.22,71.259,71.22,71.259,336.0,71.2515,8
2026-02-05 07:10:00-05:00,SQQQ,71.24,71.28,71.2,71.25,1522.0,71.2515,15
2026-02-05 07:11:00-05:00,SQQQ,71.22,71.3,71.19,71.3,11895.0,71.2565,51
2026-02-05 07:12:00-05:00,SQQQ,71.32,71.35,71.22,71.25,4436.0,71.2844,36
2026-02-05 07:13:00-05:00,SQQQ,71.23,71.24,71.2,71.24,1947.0,71.2201,22
2026-02-05 07:14:00-05:00,SQQQ,71.21,71.25,71.17,71.18,5265.0,71.2054,32
2026-02-05 07:15:00-05:00,SQQQ,71.17,71.19,71.12,71.18,4635.0,71.1622,46
2026-02-05 07:16:00-05:00,SQQQ,71.2,71.27,71.2,71.26,5126.0,71.2516,32
2026-02-05 07:17:00-05:00,SQQQ,71.33,71.36,71.33,71.351,3386.0,71.3393,17
2026-02-05 07:18:00-05:00,SQQQ,71.38,71.56,71.38,71.56,10883.0,71.4849,109
2026-02-05 07:19:00-05:00,SQQQ,71.56,71.73,71.56,71.73,12660.0,71.6574,115
2026-02-05 07:20:00-05:00,SQQQ,71.73,71.88,71.73,71.73,18133.0,71.7903,177
2026-02-05 07:21:00-05:00,SQQQ,71.7,71.92,71.7,71.86,5103.0,71.8587,78
2026-02-05 07:22:00-05:00,SQQQ,71.91,72.08,71.89,72.06,15160.0,71.9989,193
2026-02-05 07:23:00-05:00,SQQQ,72.01,72.34,72.01,72.3,16041.0,72.1597,200
2026-02-05 07:24:00-05:00,SQQQ,72.29,72.42,72.17,72.42,11530.0,72.2802,195
2026-02-05 07:25:00-05:00,SQQQ,72.48,72.54,72.25,72.25,20430.0,72.3913,247
2026-02-05 07:26:00-05:00,SQQQ,72.22,72.349,72.18,72.3,10237.0,72.2152,144
2026-02-05 07:27:00-05:00,SQQQ,72.32,72.32,72.16,72.23,8675.0,72.2179,120
2026-02-05 07:28:00-05:00,SQQQ,72.21,72.31,72.15,72.2,8051.0,72.2121,100
2026-02-05 07:29:00-05:00,SQQQ,72.17,72.35,72.17,72.34,7164.0,72.2649,81
2026-02-05 07:30:00-05:00,SQQQ,72.34,72.55,72.26,72.29,15962.0,72.4318,130
2026-02-05 07:31:00-05:00,SQQQ,72.31,72.55,72.31,72.55,18583.0,72.4307,132
2026-02-05 07:32:00-05:00,SQQQ,72.54,72.54,72.41,72.52,9520.0,72.4765,137
2026-02-05 07:33:00-05:00,SQQQ,72.57,72.74,72.57,72.67,38246.0,72.6822,375
2026-02-05 07:34:00-05:00,SQQQ,72.64,72.86,72.64,72.86,31518.0,72.7546,247
2026-02-05 07:35:00-05:00,SQQQ,72.88,73.11,72.85,73.09,21318.0,72.9885,357
2026-02-05 07:36:00-05:00,SQQQ,73.1,73.19,73.05,73.11,40974.0,73.1143,360
2026-02-05 07:37:00-05:00,SQQQ,73.069,73.12,72.83,72.83,19113.0,72.9847,206
2026-02-05 07:38:00-05:00,SQQQ,72.86,72.96,72.75,72.96,40914.0,72.8484,347
2026-02-05 07:39:00-05:00,SQQQ,72.97,73.03,72.87,72.97,10615.0,72.9618,124
2026-02-05 07:40:00-05:00,SQQQ,73.01,73.14,72.92,72.92,17059.0,73.0083,213
2026-02-05 07:41:00-05:00,SQQQ,72.91,73.0,72.89,72.979,9222.0,72.9415,105
2026-02-05 07:42:00-05:00,SQQQ,72.96,73.3,72.95,73.28,26032.0,73.1673,253
2026-02-05 07:43:00-05:00,SQQQ,73.26,73.55,73.23,73.44,36320.0,73.4076,491
2026-02-05 07:44:00-05:00,SQQQ,73.44,73.63,73.33,73.36,48634.0,73.5096,504
2026-02-05 07:45:00-05:00,SQQQ,73.33,73.49,73.23,73.48,21914.0,73.4063,235
2026-02-05 07:46:00-05:00,SQQQ,73.46,73.85,73.45,73.85,24680.0,73.6575,322
2026-02-05 07:47:00-05:00,SQQQ,73.88,73.9,73.74,73.82,28217.0,73.8257,360
2026-02-05 07:48:00-05:00,SQQQ,73.82,74.03,73.82,73.94,55723.0,73.9694,768
2026-02-05 07:49:00-05:00,SQQQ,73.94,73.94,73.76,73.83,36630.0,73.8577,369
2026-02-05 07:50:00-05:00,SQQQ,73.8,73.81,73.5,73.8,23715.0,73.6474,273
2026-02-05 07:51:00-05:00,SQQQ,73.65,73.65,73.46,73.53,16828.0,73.5337,218
2026-02-05 07:52:00-05:00,SQQQ,73.48,73.64,73.48,73.49,17025.0,73.5416,182
2026-02-05 07:53:00-05:00,SQQQ,73.5,73.54,73.38,73.39,24406.0,73.4649,304
2026-02-05 07:54:00-05:00,SQQQ,73.43,73.49,73.34,73.42,14421.0,73.3996,172
2026-02-05 07:55:00-05:00,SQQQ,73.36,73.81,73.36,73.759,21217.0,73.6649,233
2026-02-05 07:56:00-05:00,SQQQ,73.77,73.77,73.49,73.56,22524.0,73.6787,225
2026-02-05 07:57:00-05:00,SQQQ,73.53,73.63,73.44,73.47,10633.0,73.5004,169
2026-02-05 07:58:00-05:00,SQQQ,73.5,73.51,73.41,73.43,18477.0,73.4618,192
2026-02-05 07:59:00-05:00,SQQQ,73.42,73.45,73.24,73.38,46293.0,73.2825,324
2026-02-05 08:00:00-05:00,SQQQ,73.36,74.0205,70.71,73.24,505902.0,72.7917,2853
2026-02-05 08:01:00-05:00,SQQQ,73.221,73.31,70.52,73.17,78131.0,71.6948,919
2026-02-05 08:02:00-05:00,SQQQ,73.17,73.79,70.72,71.58,161244.0,71.9353,679
2026-02-05 08:03:00-05:00,SQQQ,71.55,73.27,70.48,73.26,151666.0,71.2109,1406
2026-02-05 08:04:00-05:00,SQQQ,73.25,73.4854,70.52,73.43,24186.0,72.1673,233
2026-02-05 08:05:00-05:00,SQQQ,73.41,73.45,70.55,73.191,45927.0,72.6844,350
2026-02-05 08:06:00-05:00,SQQQ,71.6,73.25,70.67,73.1945,27027.0,72.702,181
2026-02-05 08:07:00-05:00,SQQQ,73.14,73.17,72.94,72.97,42712.0,73.0351,334
2026-02-05 08:08:00-05:00,SQQQ,72.97,73.06,72.94,72.98,19255.0,73.0009,177
2026-02-05 08:09:00-05:00,SQQQ,72.99,73.0,72.95,72.95,23682.0,72.9794,149
2026-02-05 08:10:00-05:00,SQQQ,72.941,73.15,72.91,73.14,31137.0,72.9743,173
2026-02-05 08:11:00-05:00,SQQQ,73.13,73.23,73.0801,73.229,9165.0,73.1626,106
2026-02-05 08:12:00-05:00,SQQQ,73.22,73.32,73.16,73.16,18323.0,73.2216,140
2026-02-05 08:13:00-05:00,SQQQ,73.17,73.17,73.07,73.14,8251.0,73.1012,80
2026-02-05 08:14:00-05:00,SQQQ,73.2,73.26,73.16,73.23,12334.0,73.2057,120
2026-02-05 08:15:00-05:00,SQQQ,73.2392,73.35,73.11,73.35,15724.0,73.2473,153
2026-02-05 08:16:00-05:00,SQQQ,73.355,73.38,73.23,73.3,15439.0,73.3092,136
2026-02-05 08:17:00-05:00,SQQQ,73.3,73.31,73.08,73.0808,15576.0,73.1592,173
2026-02-05 08:18:00-05:00,SQQQ,73.07,73.23,73.05,73.15,18187.0,73.108,117
2026-02-05 08:19:00-05:00,SQQQ,73.22,73.37,73.21,73.35,21541.0,73.3042,191
2026-02-05 08:20:00-05:00,SQQQ,73.35,73.36,73.18,73.2,21834.0,73.3024,213
2026-02-05 08:21:00-05:00,SQQQ,73.17,73.21,73.06,73.18,14919.0,73.1442,144
2026-02-05 08:22:00-05:00,SQQQ,73.18,73.27,73.17,73.2,15717.0,73.2297,115
2026-02-05 08:23:00-05:00,SQQQ,73.19,73.34,73.19,73.33,13273.0,73.2808,97
2026-02-05 08:24:00-05:00,SQQQ,73.3,73.32,73.11,73.18,13034.0,73.2046,106
2026-02-05 08:25:00-05:00,SQQQ,73.19,73.3,73.1554,73.29,12081.0,73.2245,122
2026-02-05 08:26:00-05:00,SQQQ,73.28,73.34,73.27,73.33,14224.0,73.3073,118
2026-02-05 08:27:00-05:00,SQQQ,73.3096,73.3096,73.21,73.3,6622.0,73.2608,74
2026-02-05 08:28:00-05:00,SQQQ,73.3,73.39,73.3,73.35,67082.0,73.349,125
2026-02-05 08:29:00-05:00,SQQQ,73.34,73.41,73.32,73.39,82755.0,73.3882,160
2026-02-05 08:30:00-05:00,SQQQ,73.32,73.57,73.27,73.5146,60640.0,73.3926,483
2026-02-05 08:31:00-05:00,SQQQ,73.51,73.52,73.14,73.1604,18560.0,73.3458,146
2026-02-05 08:32:00-05:00,SQQQ,73.12,73.12,72.88,72.94,89672.0,72.9597,414
2026-02-05 08:33:00-05:00,SQQQ,72.87,73.0169,72.84,73.0169,26761.0,72.9115,197
2026-02-05 08:34:00-05:00,SQQQ,73.0,73.04,72.87,72.88,31205.0,72.9772,211
2026-02-05 08:35:00-05:00,SQQQ,72.9,73.01,72.82,72.84,23414.0,72.9264,171
2026-02-05 08:36:00-05:00,SQQQ,72.81,72.999,72.8,72.85,17732.0,72.8861,142
2026-02-05 08:37:00-05:00,SQQQ,72.83,72.83,72.76,72.8,26127.0,72.8025,178
2026-02-05 08:38:00-05:00,SQQQ,72.75,72.9295,72.65,72.9,41231.0,72.7676,267
2026-02-05 08:39:00-05:00,SQQQ,72.92,73.127,72.92,73.127,20703.0,72.9928,156
2026-02-05 08:40:00-05:00,SQQQ,73.1,73.12,73.0,73.08,30968.0,73.0587,188
2026-02-05 08:41:00-05:00,SQQQ,73.1,73.15,72.98,72.9969,150329.0,73.0624,496
2026-02-05 08:42:00-05:00,SQQQ,72.97,73.18,72.93,73.14,28125.0,73.0299,188
2026-02-05 08:43:00-05:00,SQQQ,73.1696,73.17,73.02,73.06,25989.0,73.0916,175
2026-02-05 08:44:00-05:00,SQQQ,73.02,73.14,72.95,73.11,21485.0,73.0277,158
2026-02-05 08:45:00-05:00,SQQQ,73.12,73.1603,73.05,73.09,26886.0,73.1067,199
2026-02-05 08:46:00-05:00,SQQQ,73.11,73.21,73.11,73.16,39819.0,73.1679,257
2026-02-05 08:47:00-05:00,SQQQ,73.169,73.21,73.15,73.1999,21827.0,73.1842,199
2026-02-05 08:48:00-05:00,SQQQ,73.19,73.28,73.15,73.28,25580.0,73.2129,173
2026-02-05 08:49:00-05:00,SQQQ,73.27,73.34,73.21,73.28,24630.0,73.2741,180
2026-02-05 08:50:00-05:00,SQQQ,73.3,73.55,73.26,73.55,110661.0,73.4268,424
2026-02-05 08:51:00-05:00,SQQQ,73.53,73.609,73.4,73.49,57847.0,73.5295,320
2026-02-05 08:52:00-05:00,SQQQ,73.4773,73.5,73.22,73.25,28612.0,73.3279,207
2026-02-05 08:53:00-05:00,SQQQ,73.25,73.27,73.16,73.18,25863.0,73.204,157
2026-02-05 08:54:00-05:00,SQQQ,73.19,73.23,73.13,73.23,22687.0,73.1664,185
2026-02-05 08:55:00-05:00,SQQQ,73.22,73.31,73.21,73.2498,28643.0,73.258,150
2026-02-05 08:56:00-05:00,SQQQ,73.3,73.44,73.2697,73.4,19423.0,73.3656,145
2026-02-05 08:57:00-05:00,SQQQ,73.4,73.56,73.38,73.4582,31651.0,73.4606,196
2026-02-05 08:58:00-05:00,SQQQ,73.46,73.56,73.46,73.55,33787.0,73.5325,198
2026-02-05 08:59:00-05:00,SQQQ,73.54,73.54,73.48,73.53,10176.0,73.5049,114
2026-02-05 09:00:00-05:00,SQQQ,73.53,73.8,73.32,73.49,56257.0,73.5684,443
2026-02-05 09:01:00-05:00,SQQQ,73.5,73.52,73.06,73.06,27838.0,73.2015,225
2026-02-05 09:02:00-05:00,SQQQ,73.08,73.11,72.94,73.01,23709.0,72.9829,205
2026-02-05 09:03:00-05:00,SQQQ,73.0,73.15,72.95,73.14,21653.0,73.0866,148
2026-02-05 09:04:00-05:00,SQQQ,73.13,73.15,73.04,73.08,8370.0,73.0774,87
2026-02-05 09:05:00-05:00,SQQQ,73.13,73.15,73.04,73.15,9976.0,73.0971,82
2026-02-05 09:06:00-05:00,SQQQ,73.14,73.25,73.04,73.0499,20536.0,73.143,139
2026-02-05 09:07:00-05:00,SQQQ,73.07,73.21,73.07,73.2,13510.0,73.1539,116
2026-02-05 09:08:00-05:00,SQQQ,73.18,73.2694,73.18,73.19,14917.0,73.2151,101
2026-02-05 09:09:00-05:00,SQQQ,73.23,73.33,73.23,73.29,5602.0,73.2817,84
2026-02-05 09:10:00-05:00,SQQQ,73.31,73.39,73.27,73.38,26552.0,73.3454,187
2026-02-05 09:11:00-05:00,SQQQ,73.39,73.43,73.32,73.39,23808.0,73.3737,206
2026-02-05 09:12:00-05:00,SQQQ,73.4,73.42,73.3,73.4106,32384.0,73.379,177
2026-02-05 09:13:00-05:00,SQQQ,73.43,73.55,73.43,73.49,38970.0,73.5042,227
2026-02-05 09:14:00-05:00,SQQQ,73.5,73.57,73.4509,73.5531,19557.0,73.521,162
2026-02-05 09:15:00-05:00,SQQQ,73.55,73.57,73.45,73.57,19304.0,73.5308,162
2026-02-05 09:16:00-05:00,SQQQ,73.55,73.73,73.54,73.73,151039.0,73.5785,394
2026-02-05 09:17:00-05:00,SQQQ,73.73,73.77,73.61,73.64,62958.0,73.7023,309
2026-02-05 09:18:00-05:00,SQQQ,73.6796,73.79,73.6796,73.72,32810.0,73.7308,241
2026-02-05 09:19:00-05:00,SQQQ,73.72,73.73,73.46,73.62,33030.0,73.6067,248
2026-02-05 09:20:00-05:00,SQQQ,73.66,73.78,73.65,73.72,35130.0,73.7116,168
2026-02-05 09:21:00-05:00,SQQQ,73.73,73.89,73.67,73.89,141559.0,73.7837,369
2026-02-05 09:22:00-05:00,SQQQ,73.87,73.9,73.73,73.73,39088.0,73.8514,215
2026-02-05 09:23:00-05:00,SQQQ,73.75,73.75,73.64,73.6793,31276.0,73.6917,168
2026-02-05 09:24:00-05:00,SQQQ,73.64,73.7154,73.61,73.7154,39689.0,73.6558,159
2026-02-05 09:25:00-05:00,SQQQ,73.61,73.8,73.6,73.8,24172.0,73.654,136
2026-02-05 09:26:00-05:00,SQQQ,73.78,73.8,73.69,73.79,20659.0,73.7585,164
2026-02-05 09:27:00-05:00,SQQQ,73.76,73.8018,73.69,73.76,40210.0,73.7474,340
2026-02-05 09:28:00-05:00,SQQQ,73.74,73.74,73.49,73.54,61807.0,73.5715,441
2026-02-05 09:29:00-05:00,SQQQ,73.54,73.59,73.4409,73.52,43841.0,73.5052,416
2026-02-05 09:30:00-05:00,SQQQ,73.52,74.18,73.515,74.01,1109348.0,73.8363,6970
2026-02-05 09:31:00-05:00,SQQQ,74.01,74.3,73.76,74.29,545751.0,74.0009,4804
2026-02-05 09:32:00-05:00,SQQQ,74.29,74.52,73.605,73.94,748074.0,74.0673,6154
2026-02-05 09:33:00-05:00,SQQQ,73.94,74.13,73.58,74.04,634244.0,73.8937,4922
2026-02-05 09:34:00-05:00,SQQQ,74.03,74.125,73.13,73.15,437568.0,73.5585,4163
2026-02-05 09:35:00-05:00,SQQQ,73.14,73.37,72.85,73.27,595508.0,73.1128,4994
2026-02-05 09:36:00-05:00,SQQQ,73.26,73.455,73.14,73.4298,544060.0,73.3115,4869
2026-02-05 09:37:00-05:00,SQQQ,73.43,73.62,72.79,72.82,594284.0,73.1598,5008
2026-02-05 09:38:00-05:00,SQQQ,72.825,72.85,72.45,72.52,515556.0,72.5896,4282
2026-02-05 09:39:00-05:00,SQQQ,72.51,72.59,72.37,72.39,555078.0,72.4654,4211
2026-02-05 09:40:00-05:00,SQQQ,72.38,72.65,72.23,72.23,499597.0,72.4729,4273
2026-02-05 09:41:00-05:00,SQQQ,72.23,72.77,72.14,72.77,402190.0,72.4024,3446
2026-02-05 09:42:00-05:00,SQQQ,72.77,72.885,72.35,72.61,428945.0,72.5838,3746
2026-02-05 09:43:00-05:00,SQQQ,72.62,72.66,72.22,72.34,338348.0,72.4187,2925
2026-02-05 09:44:00-05:00,SQQQ,72.32,72.365,72.075,72.27,555878.0,72.2298,3580
2026-02-05 09:45:00-05:00,SQQQ,72.27,72.47,72.15,72.28,424329.0,72.335,3940
2026-02-05 09:46:00-05:00,SQQQ,72.28,72.475,72.11,72.255,458563.0,72.2571,3926
2026-02-05 09:47:00-05:00,SQQQ,72.256,72.37,72.04,72.3302,389690.0,72.212,3171
2026-02-05 09:48:00-05:00,SQQQ,72.325,72.58,72.075,72.58,415193.0,72.2735,3624
2026-02-05 09:49:00-05:00,SQQQ,72.59,72.6,72.1106,72.15,359490.0,72.317,3358
2026-02-05 09:50:00-05:00,SQQQ,72.16,72.33,71.87,72.105,595490.0,72.0495,4337
2026-02-05 09:51:00-05:00,SQQQ,72.1,72.61,72.02,72.505,412544.0,72.3277,3344
2026-02-05 09:52:00-05:00,SQQQ,72.51,72.6801,72.34,72.5,380889.0,72.5345,2922
2026-02-05 09:53:00-05:00,SQQQ,72.4989,72.61,72.17,72.585,316064.0,72.3931,2690
2026-02-05 09:54:00-05:00,SQQQ,72.585,72.8723,72.43,72.705,393109.0,72.6133,3102
2026-02-05 09:55:00-05:00,SQQQ,72.71,73.075,72.595,72.96,539540.0,72.8503,4101
2026-02-05 09:56:00-05:00,SQQQ,72.98,73.238,72.98,73.17,380986.0,73.1437,2569
2026-02-05 09:57:00-05:00,SQQQ,73.19,73.365,73.045,73.24,548054.0,73.2304,3567
2026-02-05 09:58:00-05:00,SQQQ,73.235,73.42,73.17,73.4101,344787.0,73.2821,2612
2026-02-05 09:59:00-05:00,SQQQ,73.42,73.59,73.38,73.5,329137.0,73.5101,2496
2026-02-05 10:00:00-05:00,SQQQ,73.51,73.9299,73.2,73.905,982310.0,73.5619,7131
2026-02-05 10:01:00-05:00,SQQQ,73.9,74.19,73.86,74.09,448144.0,74.0375,3169
2026-02-05 10:02:00-05:00,SQQQ,74.12,74.225,73.815,73.9855,424641.0,74.0472,2871
2026-02-05 10:03:00-05:00,SQQQ,73.985,74.24,73.925,74.16,317840.0,74.044,2320
2026-02-05 10:04:00-05:00,SQQQ,74.145,74.27,73.95,74.07,322527.0,74.1298,2315
2026-02-05 10:05:00-05:00,SQQQ,74.05,74.325,74.01,74.26,378473.0,74.1883,2579
2026-02-05 10:06:00-05:00,SQQQ,74.265,74.3901,74.0603,74.3901,306733.0,74.2465,2414
2026-02-05 10:07:00-05:00,SQQQ,74.39,74.49,74.31,74.43,201885.0,74.4088,1887
2026-02-05 10:08:00-05:00,SQQQ,74.45,74.59,74.33,74.48,371984.0,74.4724,2600
2026-02-05 10:09:00-05:00,SQQQ,74.48,74.52,74.16,74.32,358986.0,74.3434,2407
2026-02-05 10:10:00-05:00,SQQQ,74.33,74.61,74.11,74.5797,373324.0,74.3928,2809
2026-02-05 10:11:00-05:00,SQQQ,74.57,74.81,74.54,74.8,348684.0,74.6887,2641
2026-02-05 10:12:00-05:00,SQQQ,74.79,74.98,74.7242,74.96,412745.0,74.8439,2671
2026-02-05 10:13:00-05:00,SQQQ,74.97,75.07,74.93,75.0397,506366.0,75.0131,3827
2026-02-05 10:14:00-05:00,SQQQ,75.04,75.325,75.02,75.31,434919.0,75.1603,3064
2026-02-05 10:15:00-05:00,SQQQ,75.31,75.375,75.05,75.1,969539.0,75.2296,4348
2026-02-05 10:16:00-05:00,SQQQ,75.105,75.125,74.56,74.8099,491367.0,74.7242,3723
2026-02-05 10:17:00-05:00,SQQQ,74.8,74.89,74.47,74.7399,287139.0,74.6713,2441
2026-02-05 10:18:00-05:00,SQQQ,74.73,74.85,74.59,74.81,204232.0,74.7162,1839
2026-02-05 10:19:00-05:00,SQQQ,74.82,74.91,74.5821,74.6135,229460.0,74.7248,1928
2026-02-05 10:20:00-05:00,SQQQ,74.62,74.82,74.58,74.79,253762.0,74.7098,2088
2026-02-05 10:21:00-05:00,SQQQ,74.8,74.97,74.65,74.78,241384.0,74.8479,1914
2026-02-05 10:22:00-05:00,SQQQ,74.8,75.0,74.44,74.96,364894.0,74.742,2942
2026-02-05 10:23:00-05:00,SQQQ,74.97,75.125,74.8099,75.07,249717.0,74.9987,1973
2026-02-05 10:24:00-05:00,SQQQ,75.0703,75.12,74.8304,74.92,178154.0,75.0114,1611
2026-02-05 10:25:00-05:00,SQQQ,74.93,74.95,74.42,74.8601,312906.0,74.645,2392
2026-02-05 10:26:00-05:00,SQQQ,74.855,75.21,74.845,75.205,221397.0,75.0601,1902
2026-02-05 10:27:00-05:00,SQQQ,75.21,75.3,75.07,75.2388,249418.0,75.1963,2087
2026-02-05 10:28:00-05:00,SQQQ,75.23,75.23,74.74,75.105,268565.0,75.0107,2182
2026-02-05 10:29:00-05:00,SQQQ,75.085,75.23,75.07,75.1466,208540.0,75.1547,1580
2026-02-05 10:30:00-05:00,SQQQ,75.13,75.17,74.73,74.87,239491.0,74.9155,2074
2026-02-05 10:31:00-05:00,SQQQ,74.87,75.205,74.83,75.2,179910.0,74.9866,1631
2026-02-05 10:32:00-05:00,SQQQ,75.2,75.34,75.16,75.29,174282.0,75.2856,1461
2026-02-05 10:33:00-05:00,SQQQ,75.2997,75.36,75.09,75.21,289944.0,75.2082,1901
2026-02-05 10:34:00-05:00,SQQQ,75.205,75.3365,75.05,75.24,247432.0,75.2124,1958
2026-02-05 10:35:00-05:00,SQQQ,75.23,75.26,75.0,75.2,231834.0,75.1414,1791
2026-02-05 10:36:00-05:00,SQQQ,75.21,75.25,75.08,75.125,144794.0,75.1632,1363
2026-02-05 10:37:00-05:00,SQQQ,75.11,75.19,74.87,74.8902,206738.0,75.0003,1865
2026-02-05 10:38:00-05:00,SQQQ,74.93,75.0,74.63,74.652,246284.0,74.7672,1996
2026-02-05 10:39:00-05:00,SQQQ,74.655,74.665,74.35,74.3903,297459.0,74.4569,2439
2026-02-05 10:40:00-05:00,SQQQ,74.39,74.77,74.38,74.51,346961.0,74.5531,2604
2026-02-05 10:41:00-05:00,SQQQ,74.51,74.695,74.47,74.51,269579.0,74.5859,1983
2026-02-05 10:42:00-05:00,SQQQ,74.505,74.51,74.095,74.2,335699.0,74.2402,2555
2026-02-05 10:43:00-05:00,SQQQ,74.2,74.44,74.13,74.375,191161.0,74.2639,1474
2026-02-05 10:44:00-05:00,SQQQ,74.38,74.385,74.1,74.28,262871.0,74.2403,1404
2026-02-05 10:45:00-05:00,SQQQ,74.3,74.79,74.18,74.79,509478.0,74.4749,2843
2026-02-05 10:46:00-05:00,SQQQ,74.7899,75.04,74.73,74.97,278457.0,74.8961,1926
2026-02-05 10:47:00-05:00,SQQQ,74.96,75.0,74.82,75.0,180670.0,74.9239,1304
2026-02-05 10:48:00-05:00,SQQQ,75.0,75.15,74.925,75.15,395195.0,75.049,1758
2026-02-05 10:49:00-05:00,SQQQ,75.1487,75.205,75.06,75.0602,412725.0,75.1522,2026
2026-02-05 10:50:00-05:00,SQQQ,75.05,75.08,74.79,74.94,335330.0,74.9403,2143
2026-02-05 10:51:00-05:00,SQQQ,74.96,75.02,74.63,74.755,158190.0,74.8366,1317
2026-02-05 10:52:00-05:00,SQQQ,74.75,74.99,74.74,74.93,274551.0,74.8997,1564
2026-02-05 10:53:00-05:00,SQQQ,74.915,74.96,74.48,74.84,303683.0,74.6957,1820
2026-02-05 10:54:00-05:00,SQQQ,74.8,74.98,74.61,74.95,160411.0,74.839,1296
2026-02-05 10:55:00-05:00,SQQQ,74.97,74.98,74.8,74.8399,140633.0,74.9033,1071
2026-02-05 10:56:00-05:00,SQQQ,74.835,74.93,74.645,74.89,124166.0,74.784,963
2026-02-05 10:57:00-05:00,SQQQ,74.9099,75.21,74.89,75.17,275312.0,75.1258,1472
2026-02-05 10:58:00-05:00,SQQQ,75.18,75.21,74.73,74.9,296136.0,75.0548,1392
2026-02-05 10:59:00-05:00,SQQQ,74.92,74.98,74.66,74.66,136339.0,74.8439,862
2026-02-05 11:00:00-05:00,SQQQ,74.65,74.7883,74.57,74.62,225531.0,74.6635,1592
2026-02-05 11:01:00-05:00,SQQQ,74.62,74.69,74.5125,74.63,157828.0,74.6218,1036
2026-02-05 11:02:00-05:00,SQQQ,74.605,74.79,74.54,74.69,128237.0,74.6887,959
2026-02-05 11:03:00-05:00,SQQQ,74.7,74.97,74.69,74.94,154839.0,74.8296,1053
2026-02-05 11:04:00-05:00,SQQQ,74.93,75.0799,74.85,75.075,179872.0,74.9627,1273
2026-02-05 11:05:00-05:00,SQQQ,75.07,75.0989,74.99,75.06,124302.0,75.0418,1012
2026-02-05 11:06:00-05:00,SQQQ,75.07,75.15,74.875,75.095,212687.0,75.0037,1458
2026-02-05 11:07:00-05:00,SQQQ,75.1,75.22,74.98,75.2092,200973.0,75.1418,1255
2026-02-05 11:08:00-05:00,SQQQ,75.18,75.2876,75.135,75.285,123587.0,75.2064,864
2026-02-05 11:09:00-05:00,SQQQ,75.28,75.3299,75.12,75.295,121410.0,75.2428,1049
2026-02-05 11:10:00-05:00,SQQQ,75.32,75.325,74.855,75.1012,235093.0,75.062,1692
2026-02-05 11:11:00-05:00,SQQQ,75.11,75.2201,75.02,75.195,106199.0,75.1348,800
2026-02-05 11:12:00-05:00,SQQQ,75.2,75.21,75.06,75.08,140407.0,75.1408,1070
2026-02-05 11:13:00-05:00,SQQQ,75.09,75.29,75.08,75.21,102929.0,75.1963,870
2026-02-05 11:14:00-05:00,SQQQ,75.22,75.42,75.17,75.35,198055.0,75.3209,1387
2026-02-05 11:15:00-05:00,SQQQ,75.3601,75.37,74.655,74.7,325231.0,74.9563,1890
2026-02-05 11:16:00-05:00,SQQQ,74.705,74.7565,74.4801,74.485,204920.0,74.6267,1489
2026-02-05 11:17:00-05:00,SQQQ,74.48,74.55,74.33,74.435,650763.0,74.4577,2501
2026-02-05 11:18:00-05:00,SQQQ,74.43,74.5,74.29,74.385,252458.0,74.3805,1403
2026-02-05 11:19:00-05:00,SQQQ,74.36,74.39,74.225,74.3,354049.0,74.2705,2189
2026-02-05 11:20:00-05:00,SQQQ,74.31,74.335,74.04,74.28,425247.0,74.2107,2520
2026-02-05 11:21:00-05:00,SQQQ,74.28,74.3051,74.12,74.15,153089.0,74.2233,1331
2026-02-05 11:22:00-05:00,SQQQ,74.1601,74.162,73.78,73.84,329478.0,73.9124,2213
2026-02-05 11:23:00-05:00,SQQQ,73.825,74.2484,73.755,74.24,234062.0,74.0054,1368
2026-02-05 11:24:00-05:00,SQQQ,74.235,74.25,73.83,73.83,203070.0,74.093,1248
2026-02-05 11:25:00-05:00,SQQQ,73.83,73.9998,73.7,73.995,285746.0,73.8249,1726
2026-02-05 11:26:00-05:00,SQQQ,73.99,73.995,73.8,73.87,196116.0,73.9019,1430
2026-02-05 11:27:00-05:00,SQQQ,73.86,73.865,73.59,73.68,206706.0,73.7195,1507
2026-02-05 11:28:00-05:00,SQQQ,73.67,73.67,73.43,73.4572,273210.0,73.5444,1651
2026-02-05 11:29:00-05:00,SQQQ,73.46,73.53,73.381,73.41,280535.0,73.4653,1446
2026-02-05 11:30:00-05:00,SQQQ,73.4,73.41,73.18,73.2893,313765.0,73.2838,2061
2026-02-05 11:31:00-05:00,SQQQ,73.27,73.48,73.23,73.4,202059.0,73.3682,1393
2026-02-05 11:32:00-05:00,SQQQ,73.39,73.48,73.22,73.46,186466.0,73.3566,1389
2026-02-05 11:33:00-05:00,SQQQ,73.4699,73.48,73.13,73.15,216670.0,73.2985,1436
2026-02-05 11:34:00-05:00,SQQQ,73.1515,73.24,73.0501,73.1,182805.0,73.1246,1383
2026-02-05 11:35:00-05:00,SQQQ,73.1,73.33,73.09,73.22,165406.0,73.2189,1101
2026-02-05 11:36:00-05:00,SQQQ,73.22,73.34,73.05,73.33,111033.0,73.1813,969
2026-02-05 11:37:00-05:00,SQQQ,73.3401,73.3401,73.17,73.29,109580.0,73.2543,707
2026-02-05 11:38:00-05:00,SQQQ,73.26,73.38,73.06,73.12,205949.0,73.1627,1201
2026-02-05 11:39:00-05:00,SQQQ,73.12,73.33,73.07,73.298,114384.0,73.2154,869
2026-02-05 11:40:00-05:00,SQQQ,73.295,73.43,73.1,73.365,137390.0,73.2983,1024
2026-02-05 11:41:00-05:00,SQQQ,73.3699,73.57,73.35,73.4125,229677.0,73.4615,1290
2026-02-05 11:42:00-05:00,SQQQ,73.43,73.43,73.1921,73.28,117082.0,73.2953,850
2026-02-05 11:43:00-05:00,SQQQ,73.2799,73.37,73.09,73.37,164977.0,73.2224,1023
2026-02-05 11:44:00-05:00,SQQQ,73.3799,73.4401,73.24,73.38,111868.0,73.3683,817
2026-02-05 11:45:00-05:00,SQQQ,73.405,73.63,73.39,73.6292,220020.0,73.4869,1168
2026-02-05 11:46:00-05:00,SQQQ,73.625,73.78,73.6198,73.69,296651.0,73.7054,1369
2026-02-05 11:47:00-05:00,SQQQ,73.69,73.83,73.67,73.79,171883.0,73.7575,1178
2026-02-05 11:48:00-05:00,SQQQ,73.7999,73.82,73.69,73.77,117043.0,73.7462,856
2026-02-05 11:49:00-05:00,SQQQ,73.775,73.835,73.39,73.405,260549.0,73.5723,1488
2026-02-05 11:50:00-05:00,SQQQ,73.4,73.4,73.16,73.22,184036.0,73.2463,1225
2026-02-05 11:51:00-05:00,SQQQ,73.2293,73.28,72.99,73.195,271509.0,73.1052,1959
2026-02-05 11:52:00-05:00,SQQQ,73.2,73.2,72.98,73.03,171383.0,73.0716,1185
2026-02-05 11:53:00-05:00,SQQQ,73.03,73.1,72.97,73.0299,151508.0,73.0366,1081
2026-02-05 11:54:00-05:00,SQQQ,73.02,73.07,72.89,72.98,157562.0,72.9661,1110
2026-02-05 11:55:00-05:00,SQQQ,72.97,72.97,72.76,72.84,174802.0,72.86,1348
2026-02-05 11:56:00-05:00,SQQQ,72.8492,73.315,72.83,73.08,218292.0,73.1279,1517
2026-02-05 11:57:00-05:00,SQQQ,73.1,73.16,73.01,73.0896,113604.0,73.0924,981
2026-02-05 11:58:00-05:00,SQQQ,73.08,73.2,73.03,73.155,89336.0,73.122,720
2026-02-05 11:59:00-05:00,SQQQ,73.17,73.23,72.97,72.99,125512.0,73.0809,819
2026-02-05 12:00:00-05:00,SQQQ,72.99,73.4,72.955,73.33,224849.0,73.186,1365
2026-02-05 12:01:00-05:00,SQQQ,73.33,73.375,73.2517,73.32,122085.0,73.3225,803
2026-02-05 12:02:00-05:00,SQQQ,73.34,73.34,73.22,73.34,110803.0,73.2939,767
2026-02-05 12:03:00-05:00,SQQQ,73.355,73.53,73.29,73.485,273804.0,73.3793,1543
2026-02-05 12:04:00-05:00,SQQQ,73.53,73.73,73.53,73.575,216338.0,73.6593,1392
2026-02-05 12:05:00-05:00,SQQQ,73.575,73.63,73.45,73.485,94574.0,73.5383,625
2026-02-05 12:06:00-05:00,SQQQ,73.5,73.5699,73.31,73.5699,103161.0,73.4348,837
2026-02-05 12:07:00-05:00,SQQQ,73.59,73.66,73.39,73.42,123445.0,73.5693,901
2026-02-05 12:08:00-05:00,SQQQ,73.44,73.55,73.41,73.53,64226.0,73.4974,432
2026-02-05 12:09:00-05:00,SQQQ,73.52,73.63,73.5,73.53,65624.0,73.5689,589
2026-02-05 12:10:00-05:00,SQQQ,73.56,73.7107,73.505,73.7,87710.0,73.5835,631
2026-02-05 12:11:00-05:00,SQQQ,73.695,73.695,73.39,73.69,108397.0,73.5188,668
2026-02-05 12:12:00-05:00,SQQQ,73.6795,73.79,73.67,73.7199,183149.0,73.7316,863
2026-02-05 12:13:00-05:00,SQQQ,73.71,73.71,73.51,73.61,104439.0,73.5825,873
2026-02-05 12:14:00-05:00,SQQQ,73.59,73.6009,73.4,73.48,78514.0,73.4969,638
2026-02-05 12:15:00-05:00,SQQQ,73.48,73.63,73.445,73.56,79029.0,73.5269,658
2026-02-05 12:16:00-05:00,SQQQ,73.55,73.6,73.44,73.52,78533.0,73.5315,664
2026-02-05 12:17:00-05:00,SQQQ,73.51,73.665,73.48,73.56,79483.0,73.5733,604
2026-02-05 12:18:00-05:00,SQQQ,73.57,73.63,73.46,73.49,54120.0,73.5468,463
2026-02-05 12:19:00-05:00,SQQQ,73.4934,73.64,73.47,73.63,46662.0,73.5813,435
2026-02-05 12:20:00-05:00,SQQQ,73.65,73.89,73.55,73.82,138346.0,73.789,851
2026-02-05 12:21:00-05:00,SQQQ,73.83,73.9093,73.76,73.81,104880.0,73.8232,782
2026-02-05 12:22:00-05:00,SQQQ,73.8,73.8066,73.51,73.59,175745.0,73.6026,1040
2026-02-05 12:23:00-05:00,SQQQ,73.59,73.6299,73.286,73.31,162620.0,73.4406,984
2026-02-05 12:24:00-05:00,SQQQ,73.28,73.3,73.01,73.01,150272.0,73.1564,1065
2026-02-05 12:25:00-05:00,SQQQ,73.0,73.0,72.84,72.85,159898.0,72.9171,1174
2026-02-05 12:26:00-05:00,SQQQ,72.84,72.84,72.71,72.8,141025.0,72.7667,1145
2026-02-05 12:27:00-05:00,SQQQ,72.7901,72.89,72.72,72.775,134064.0,72.7991,1025
2026-02-05 12:28:00-05:00,SQQQ,72.77,72.8799,72.69,72.8,106692.0,72.7694,902
2026-02-05 12:29:00-05:00,SQQQ,72.805,72.99,72.805,72.92,91152.0,72.9015,724
2026-02-05 12:30:00-05:00,SQQQ,72.92,72.93,72.74,72.89,150446.0,72.8459,1179
2026-02-05 12:31:00-05:00,SQQQ,72.89,73.15,72.86,73.15,173893.0,72.9508,1304
2026-02-05 12:32:00-05:00,SQQQ,73.15,73.16,72.89,72.9099,87999.0,72.9909,817
2026-02-05 12:33:00-05:00,SQQQ,72.9,73.1686,72.9,73.1,96377.0,73.0577,616
2026-02-05 12:34:00-05:00,SQQQ,73.055,73.2201,73.0399,73.19,81857.0,73.1548,546
2026-02-05 12:35:00-05:00,SQQQ,73.19,73.27,73.065,73.09,117875.0,73.1888,762
2026-02-05 12:36:00-05:00,SQQQ,73.08,73.11,72.89,72.95,59675.0,72.969,546
2026-02-05 12:37:00-05:00,SQQQ,72.95,73.0894,72.875,72.915,76546.0,72.9732,522
2026-02-05 12:38:00-05:00,SQQQ,72.925,73.03,72.85,72.88,45421.0,72.9401,389
2026-02-05 12:39:00-05:00,SQQQ,72.9,73.0066,72.89,72.96,46188.0,72.935,369
2026-02-05 12:40:00-05:00,SQQQ,72.97,73.02,72.62,72.645,206917.0,72.7399,1295
2026-02-05 12:41:00-05:00,SQQQ,72.64,72.845,72.59,72.76,135004.0,72.7217,988
2026-02-05 12:42:00-05:00,SQQQ,72.75,72.8697,72.73,72.83,75336.0,72.7984,678
2026-02-05 12:43:00-05:00,SQQQ,72.83,72.97,72.75,72.815,101232.0,72.8358,883
2026-02-05 12:44:00-05:00,SQQQ,72.82,73.0,72.81,72.82,69507.0,72.8837,633
2026-02-05 12:45:00-05:00,SQQQ,72.81,72.8608,72.61,72.61,92313.0,72.7557,679
2026-02-05 12:46:00-05:00,SQQQ,72.61,72.687,72.5,72.5,91859.0,72.5817,669
2026-02-05 12:47:00-05:00,SQQQ,72.505,72.81,72.5,72.74,180050.0,72.6498,967
2026-02-05 12:48:00-05:00,SQQQ,72.73,73.145,72.705,73.145,144460.0,72.9386,1066
2026-02-05 12:49:00-05:00,SQQQ,73.157,73.23,73.0611,73.16,108461.0,73.144,779
2026-02-05 12:50:00-05:00,SQQQ,73.18,73.39,73.15,73.22,130756.0,73.2589,933
2026-02-05 12:51:00-05:00,SQQQ,73.195,73.22,72.935,73.1,118519.0,73.0962,1039
2026-02-05 12:52:00-05:00,SQQQ,73.1,73.2,72.98,73.185,102431.0,73.1164,860
2026-02-05 12:53:00-05:00,SQQQ,73.17,73.17,72.99,73.0599,82869.0,73.0716,710
2026-02-05 12:54:00-05:00,SQQQ,73.05,73.25,72.9935,73.2499,51602.0,73.1506,462
2026-02-05 12:55:00-05:00,SQQQ,73.26,73.37,73.23,73.26,70053.0,73.2961,619
2026-02-05 12:56:00-05:00,SQQQ,73.26,73.34,73.19,73.2,82770.0,73.2759,545
2026-02-05 12:57:00-05:00,SQQQ,73.21,73.35,73.2,73.33,65816.0,73.2975,485
2026-02-05 12:58:00-05:00,SQQQ,73.33,73.51,73.31,73.41,150295.0,73.4214,1003
2026-02-05 12:59:00-05:00,SQQQ,73.4,73.4465,73.31,73.39,103765.0,73.3777,626
2026-02-05 13:00:00-05:00,SQQQ,73.39,73.41,73.155,73.2,99253.0,73.2638,815
2026-02-05 13:01:00-05:00,SQQQ,73.19,73.2299,73.0,73.0,110962.0,73.1137,799
2026-02-05 13:02:00-05:00,SQQQ,72.99,73.06,72.965,73.0,79876.0,73.01,687
2026-02-05 13:03:00-05:00,SQQQ,72.985,73.16,72.985,73.125,48336.0,73.0799,563
2026-02-05 13:04:00-05:00,SQQQ,73.128,73.28,73.06,73.265,55066.0,73.1716,473
2026-02-05 13:05:00-05:00,SQQQ,73.26,73.42,73.26,73.395,54942.0,73.3498,548
2026-02-05 13:06:00-05:00,SQQQ,73.39,73.49,73.33,73.42,90199.0,73.4362,529
2026-02-05 13:07:00-05:00,SQQQ,73.42,73.5,73.315,73.47,58377.0,73.4293,423
2026-02-05 13:08:00-05:00,SQQQ,73.48,73.53,73.3802,73.515,76135.0,73.4655,561
2026-02-05 13:09:00-05:00,SQQQ,73.5288,73.595,73.46,73.54,91843.0,73.5391,685
2026-02-05 13:10:00-05:00,SQQQ,73.54,73.68,73.47,73.68,59348.0,73.5827,532
2026-02-05 13:11:00-05:00,SQQQ,73.68,73.7,73.48,73.48,170506.0,73.5481,1049
2026-02-05 13:12:00-05:00,SQQQ,73.48,73.515,73.28,73.2901,124004.0,73.3984,941
2026-02-05 13:13:00-05:00,SQQQ,73.2922,73.5,73.2922,73.5,47208.0,73.4074,479
2026-02-05 13:14:00-05:00,SQQQ,73.5,73.52,73.39,73.47,36541.0,73.4586,391
2026-02-05 13:15:00-05:00,SQQQ,73.4835,73.535,73.4199,73.48,26656.0,73.4864,313
2026-02-05 13:16:00-05:00,SQQQ,73.4765,73.62,73.38,73.62,64915.0,73.5288,454
2026-02-05 13:17:00-05:00,SQQQ,73.6299,73.63,73.49,73.5801,66310.0,73.5686,466
2026-02-05 13:18:00-05:00,SQQQ,73.585,73.675,73.565,73.61,49669.0,73.6227,405
2026-02-05 13:19:00-05:00,SQQQ,73.6012,73.62,73.47,73.61,47472.0,73.5545,507
2026-02-05 13:20:00-05:00,SQQQ,73.61,73.79,73.54,73.77,73467.0,73.6749,580
2026-02-05 13:21:00-05:00,SQQQ,73.76,73.82,73.65,73.76,107815.0,73.739,730
2026-02-05 13:22:00-05:00,SQQQ,73.765,73.905,73.7115,73.87,88903.0,73.8132,567
2026-02-05 13:23:00-05:00,SQQQ,73.8799,74.01,73.87,73.9027,167340.0,73.9247,1046
2026-02-05 13:24:00-05:00,SQQQ,73.8907,73.97,73.79,73.855,109829.0,73.8562,602
2026-02-05 13:25:00-05:00,SQQQ,73.868584,73.96,73.825,73.925,102319.0,73.9012,685
2026-02-05 13:26:00-05:00,SQQQ,73.935,73.95,73.69,73.75,98408.0,73.8178,807
2026-02-05 13:27:00-05:00,SQQQ,73.7397,73.84,73.64,73.79,127944.0,73.7189,826
2026-02-05 13:28:00-05:00,SQQQ,73.78,73.89,73.72,73.85,52642.0,73.8242,437
2026-02-05 13:29:00-05:00,SQQQ,73.8465,73.9095,73.82,73.82,60321.0,73.8519,393
2026-02-05 13:30:00-05:00,SQQQ,73.83,73.85,73.6499,73.71,97770.0,73.7379,761
2026-02-05 13:31:00-05:00,SQQQ,73.72,73.73,73.485,73.58,109524.0,73.5695,590
2026-02-05 13:32:00-05:00,SQQQ,73.57,73.735,73.565,73.7301,70134.0,73.6107,484
2026-02-05 13:33:00-05:00,SQQQ,73.75,73.81,73.63,73.8089,43812.0,73.7366,462
2026-02-05 13:34:00-05:00,SQQQ,73.82,73.86,73.7,73.7,64349.0,73.7949,461
2026-02-05 13:35:00-05:00,SQQQ,73.69,73.8401,73.69,73.83,26601.0,73.7558,299
2026-02-05 13:36:00-05:00,SQQQ,73.8298,73.87,73.79,73.85,57120.0,73.8415,379
2026-02-05 13:37:00-05:00,SQQQ,73.87,73.88,73.73,73.82,82404.0,73.8245,432
2026-02-05 13:38:00-05:00,SQQQ,73.82,73.9451,73.7835,73.94,62075.0,73.8563,422
2026-02-05 13:39:00-05:00,SQQQ,73.93,74.005,73.9299,73.9699,89642.0,73.9688,578
2026-02-05 13:40:00-05:00,SQQQ,73.98,74.0975,73.98,74.0899,104157.0,74.0572,782
2026-02-05 13:41:00-05:00,SQQQ,74.0762,74.16,73.96,73.97,135109.0,74.0921,834
2026-02-05 13:42:00-05:00,SQQQ,73.98,74.04,73.93,73.96,79211.0,73.988,557
2026-02-05 13:43:00-05:00,SQQQ,73.95,74.075,73.86,74.02,71717.0,73.9896,467
2026-02-05 13:44:00-05:00,SQQQ,74.02,74.05,73.89,73.9899,46477.0,73.9607,406
2026-02-05 13:45:00-05:00,SQQQ,74.0,74.03,73.89,73.98,60207.0,73.9734,411
2026-02-05 13:46:00-05:00,SQQQ,74.0,74.145,73.9899,74.14,65317.0,74.0787,446
2026-02-05 13:47:00-05:00,SQQQ,74.14,74.21,74.09,74.1902,100678.0,74.1574,709
2026-02-05 13:48:00-05:00,SQQQ,74.2065,74.24,74.145,74.19,74366.0,74.1911,502
2026-02-05 13:49:00-05:00,SQQQ,74.2,74.2286,74.12,74.16,63949.0,74.1682,406
2026-02-05 13:50:00-05:00,SQQQ,74.17,74.31,74.17,74.31,68247.0,74.2477,491
2026-02-05 13:51:00-05:00,SQQQ,74.31,74.37,74.21,74.24,109086.0,74.3176,619
2026-02-05 13:52:00-05:00,SQQQ,74.25,74.3585,74.21,74.3585,49173.0,74.2781,359
2026-02-05 13:53:00-05:00,SQQQ,74.35,74.43,74.32,74.34,68591.0,74.3665,524
2026-02-05 13:54:00-05:00,SQQQ,74.37,74.3765,74.26,74.2901,78523.0,74.3161,501
2026-02-05 13:55:00-05:00,SQQQ,74.295,74.4299,74.295,74.4,62559.0,74.3919,393
2026-02-05 13:56:00-05:00,SQQQ,74.42,74.4334,74.285,74.3101,76351.0,74.3664,418
2026-02-05 13:57:00-05:00,SQQQ,74.2946,74.31,74.13,74.205,154493.0,74.2083,801
2026-02-05 13:58:00-05:00,SQQQ,74.21,74.245,74.11,74.19,96058.0,74.1757,453
2026-02-05 13:59:00-05:00,SQQQ,74.1814,74.1814,73.9918,74.1,119869.0,74.0606,627
2026-02-05 14:00:00-05:00,SQQQ,74.115,74.215,74.03,74.0399,68083.0,74.1053,507
2026-02-05 14:01:00-05:00,SQQQ,74.04,74.23,74.02,74.19,72541.0,74.1671,452
2026-02-05 14:02:00-05:00,SQQQ,74.195,74.195,74.045,74.0535,69589.0,74.1173,541
2026-02-05 14:03:00-05:00,SQQQ,74.05,74.05,73.825,73.8355,161641.0,73.9359,755
2026-02-05 14:04:00-05:00,SQQQ,73.83,73.8965,73.7205,73.8965,64832.0,73.8034,463
2026-02-05 14:05:00-05:00,SQQQ,73.885,73.925,73.775,73.8204,51785.0,73.8604,422
2026-02-05 14:06:00-05:00,SQQQ,73.82,73.82,73.62,73.7,125944.0,73.6994,694
2026-02-05 14:07:00-05:00,SQQQ,73.7,73.835,73.59,73.83,84906.0,73.7163,502
2026-02-05 14:08:00-05:00,SQQQ,73.84,73.88,73.73,73.76,71589.0,73.8169,465
2026-02-05 14:09:00-05:00,SQQQ,73.745,73.77,73.645,73.65,75324.0,73.7014,422
2026-02-05 14:10:00-05:00,SQQQ,73.64,73.65,73.4801,73.5165,78703.0,73.5907,594
2026-02-05 14:11:00-05:00,SQQQ,73.5,73.5201,73.34,73.34,114872.0,73.4296,657
2026-02-05 14:12:00-05:00,SQQQ,73.33,73.4401,73.19,73.205,130956.0,73.2827,772
2026-02-05 14:13:00-05:00,SQQQ,73.2,73.24,73.11,73.2,88676.0,73.175,556
2026-02-05 14:14:00-05:00,SQQQ,73.19,73.26,73.14,73.235,94909.0,73.213,536
2026-02-05 14:15:00-05:00,SQQQ,73.23,73.29,73.185,73.235,67802.0,73.241,497
2026-02-05 14:16:00-05:00,SQQQ,73.22,73.22,73.071,73.14,129723.0,73.1557,705
2026-02-05 14:17:00-05:00,SQQQ,73.13,73.1699,73.04,73.04,95270.0,73.0947,404
2026-02-05 14:18:00-05:00,SQQQ,73.03,73.06,72.97,73.03,113560.0,73.0122,551
2026-02-05 14:19:00-05:00,SQQQ,73.02,73.04,72.975,73.0092,74278.0,73.0105,406
2026-02-05 14:20:00-05:00,SQQQ,73.0,73.09,72.99,73.03,37371.0,73.0436,303
2026-02-05 14:21:00-05:00,SQQQ,73.025,73.09,72.925,73.0809,76481.0,73.0074,553
2026-02-05 14:22:00-05:00,SQQQ,73.09,73.13,73.03,73.03,88250.0,73.0913,573
2026-02-05 14:23:00-05:00,SQQQ,73.02,73.08,72.92,73.01,64764.0,72.984,538
2026-02-05 14:24:00-05:00,SQQQ,73.01,73.09,73.0,73.09,48640.0,73.0623,359
2026-02-05 14:25:00-05:00,SQQQ,73.08,73.4174,73.08,73.4,147112.0,73.3099,865
2026-02-05 14:26:00-05:00,SQQQ,73.395,73.47,73.33,73.43,106203.0,73.4125,631
2026-02-05 14:27:00-05:00,SQQQ,73.44,73.53,73.37,73.51,177633.0,73.4704,826
2026-02-05 14:28:00-05:00,SQQQ,73.52,73.54,73.43,73.445,81456.0,73.4776,464
2026-02-05 14:29:00-05:00,SQQQ,73.45,73.5901,73.41,73.55,85265.0,73.5125,481
2026-02-05 14:30:00-05:00,SQQQ,73.57,73.85,73.555,73.81,195480.0,73.7702,1065
2026-02-05 14:31:00-05:00,SQQQ,73.82,73.9208,73.77,73.9,90474.0,73.851,620
2026-02-05 14:32:00-05:00,SQQQ,73.9,74.21,73.9,74.195,162949.0,74.0459,876
2026-02-05 14:33:00-05:00,SQQQ,74.2,74.2599,74.03,74.155,159651.0,74.1371,896
2026-02-05 14:34:00-05:00,SQQQ,74.17,74.17,73.91,73.93,80974.0,74.0253,614
2026-02-05 14:35:00-05:00,SQQQ,73.93,74.03,73.86,73.915,78248.0,73.9326,559
2026-02-05 14:36:00-05:00,SQQQ,73.9,74.07,73.81,74.0392,109836.0,73.9805,733
2026-02-05 14:37:00-05:00,SQQQ,74.035,74.085,73.9,73.965,77369.0,73.9914,577
2026-02-05 14:38:00-05:00,SQQQ,73.965,74.0,73.74,73.8502,100888.0,73.842,638
2026-02-05 14:39:00-05:00,SQQQ,73.855,73.99,73.84,73.955,51891.0,73.9048,399
2026-02-05 14:40:00-05:00,SQQQ,73.9689,74.1,73.945,74.0897,36319.0,74.0139,361
2026-02-05 14:41:00-05:00,SQQQ,74.1,74.185,74.015,74.07,113167.0,74.0897,717
2026-02-05 14:42:00-05:00,SQQQ,74.07,74.16,73.975,74.16,50818.0,74.0563,442
2026-02-05 14:43:00-05:00,SQQQ,74.165,74.18,73.97,74.005,81121.0,74.0702,535
2026-02-05 14:44:00-05:00,SQQQ,74.0099,74.1298,73.98,74.125,71025.0,74.065,398
2026-02-05 14:45:00-05:00,SQQQ,74.135,74.14,73.98,74.12,88149.0,74.0595,497
2026-02-05 14:46:00-05:00,SQQQ,74.11,74.2299,74.075,74.2299,58338.0,74.1631,456
2026-02-05 14:47:00-05:00,SQQQ,74.22,74.27,74.16,74.22,56651.0,74.2058,431
2026-02-05 14:48:00-05:00,SQQQ,74.2199,74.24,74.1,74.1898,45508.0,74.1602,371
2026-02-05 14:49:00-05:00,SQQQ,74.2,74.2,74.145,74.16,29484.0,74.1743,266
2026-02-05 14:50:00-05:00,SQQQ,74.15,74.3,74.13,74.225,70821.0,74.2337,476
2026-02-05 14:51:00-05:00,SQQQ,74.24,74.275,74.16,74.27,42088.0,74.2174,274
2026-02-05 14:52:00-05:00,SQQQ,74.265,74.3399,74.205,74.31,117688.0,74.2924,598
2026-02-05 14:53:00-05:00,SQQQ,74.31,74.31,74.22,74.28,70400.0,74.2792,444
2026-02-05 14:54:00-05:00,SQQQ,74.27,74.32,74.05,74.22,139365.0,74.1816,843
2026-02-05 14:55:00-05:00,SQQQ,74.22,74.2401,74.08,74.15,159481.0,74.1527,813
2026-02-05 14:56:00-05:00,SQQQ,74.17,74.2593,74.09,74.23,53197.0,74.1662,447
2026-02-05 14:57:00-05:00,SQQQ,74.2299,74.25,74.1401,74.21,42914.0,74.2051,323
2026-02-05 14:58:00-05:00,SQQQ,74.19,74.225,74.09,74.09,33823.0,74.1609,273
2026-02-05 14:59:00-05:00,SQQQ,74.08,74.08,73.97,74.02,101036.0,74.0191,635
2026-02-05 15:00:00-05:00,SQQQ,74.005,74.165,74.005,74.11,90770.0,74.1049,620
2026-02-05 15:01:00-05:00,SQQQ,74.09,74.1,73.8525,73.855,137201.0,73.9697,633
2026-02-05 15:02:00-05:00,SQQQ,73.85,73.91,73.7701,73.83,128302.0,73.8284,679
2026-02-05 15:03:00-05:00,SQQQ,73.84,73.92,73.835,73.85,105461.0,73.8794,599
2026-02-05 15:04:00-05:00,SQQQ,73.85,73.86,73.7735,73.785,111149.0,73.8294,600
2026-02-05 15:05:00-05:00,SQQQ,73.805,73.88,73.74,73.857,68932.0,73.7841,488
2026-02-05 15:06:00-05:00,SQQQ,73.85,73.91,73.64,73.68,88316.0,73.7495,648
2026-02-05 15:07:00-05:00,SQQQ,73.68,73.69,73.4,73.41,180652.0,73.5201,1021
2026-02-05 15:08:00-05:00,SQQQ,73.41,73.4399,73.36,73.41,102148.0,73.4065,594
2026-02-05 15:09:00-05:00,SQQQ,73.39,73.405,73.265,73.305,62651.0,73.3317,441
2026-02-05 15:10:00-05:00,SQQQ,73.315,73.41,73.22,73.22,117218.0,73.3177,618
2026-02-05 15:11:00-05:00,SQQQ,73.22,73.43,73.19,73.41,77624.0,73.2808,482
2026-02-05 15:12:00-05:00,SQQQ,73.398,73.58,73.37,73.58,93578.0,73.5019,671
2026-02-05 15:13:00-05:00,SQQQ,73.5792,73.7284,73.555,73.63,97227.0,73.6647,650
2026-02-05 15:14:00-05:00,SQQQ,73.63,73.7,73.59,73.6927,90153.0,73.6259,487
2026-02-05 15:15:00-05:00,SQQQ,73.7,74.07,73.69,74.035,141769.0,73.9099,864
2026-02-05 15:16:00-05:00,SQQQ,74.035,74.05,73.94,74.0466,117370.0,74.0052,699
2026-02-05 15:17:00-05:00,SQQQ,74.0501,74.1155,73.9699,74.04,117252.0,74.0452,697
2026-02-05 15:18:00-05:00,SQQQ,74.06,74.06,73.94,73.96,50912.0,73.9869,400
2026-02-05 15:19:00-05:00,SQQQ,73.96,74.17,73.96,74.16,82785.0,74.0868,581
2026-02-05 15:20:00-05:00,SQQQ,74.165,74.27,74.125,74.27,78033.0,74.1948,583
2026-02-05 15:21:00-05:00,SQQQ,74.26,74.3998,74.26,74.37,94950.0,74.3343,685
2026-02-05 15:22:00-05:00,SQQQ,74.38,74.52,74.237,74.495,159073.0,74.3972,1074
2026-02-05 15:23:00-05:00,SQQQ,74.49,74.588,74.43,74.52,102128.0,74.5033,713
2026-02-05 15:24:00-05:00,SQQQ,74.51,74.5515,74.38,74.505,146872.0,74.4505,843
2026-02-05 15:25:00-05:00,SQQQ,74.51,74.655,74.47,74.615,93570.0,74.5652,596
2026-02-05 15:26:00-05:00,SQQQ,74.625,74.6499,74.56,74.57,101735.0,74.5965,679
2026-02-05 15:27:00-05:00,SQQQ,74.56,74.625,74.4899,74.56,60699.0,74.5533,498
2026-02-05 15:28:00-05:00,SQQQ,74.57,74.62,74.5,74.59,76908.0,74.5724,430
2026-02-05 15:29:00-05:00,SQQQ,74.6,74.7,74.56,74.635,116678.0,74.6296,714
2026-02-05 15:30:00-05:00,SQQQ,74.65,74.72,74.4801,74.53,164619.0,74.6188,817
2026-02-05 15:31:00-05:00,SQQQ,74.54,74.75,74.54,74.7299,91933.0,74.6317,647
2026-02-05 15:32:00-05:00,SQQQ,74.7299,74.79,74.7,74.73,158719.0,74.7535,941
2026-02-05 15:33:00-05:00,SQQQ,74.7284,74.75,74.6,74.6,87795.0,74.6493,550
2026-02-05 15:34:00-05:00,SQQQ,74.59,74.745,74.505,74.72,79150.0,74.6564,433
2026-02-05 15:35:00-05:00,SQQQ,74.72,74.8299,74.68,74.715,102457.0,74.7672,743
2026-02-05 15:36:00-05:00,SQQQ,74.735,74.8,74.65,74.7107,83336.0,74.7357,519
2026-02-05 15:37:00-05:00,SQQQ,74.705,74.71,74.56,74.645,98301.0,74.6284,651
2026-02-05 15:38:00-05:00,SQQQ,74.6599,74.725,74.65,74.7,55874.0,74.6877,471
2026-02-05 15:39:00-05:00,SQQQ,74.695,74.695,74.57,74.61,58068.0,74.6151,419
2026-02-05 15:40:00-05:00,SQQQ,74.59,74.64,74.325,74.4599,232760.0,74.4237,1213
2026-02-05 15:41:00-05:00,SQQQ,74.45,74.556,74.42,74.55,61251.0,74.4859,552
2026-02-05 15:42:00-05:00,SQQQ,74.54,74.605,74.47,74.56,101530.0,74.5277,570
2026-02-05 15:43:00-05:00,SQQQ,74.56,74.84,74.5501,74.835,103361.0,74.7095,690
2026-02-05 15:44:00-05:00,SQQQ,74.84,74.9301,74.813,74.84,161783.0,74.8761,948
2026-02-05 15:45:00-05:00,SQQQ,74.85,74.96,74.79,74.87,145506.0,74.8823,826
2026-02-05 15:46:00-05:00,SQQQ,74.875,74.9499,74.815,74.9325,85485.0,74.88,557
2026-02-05 15:47:00-05:00,SQQQ,74.93,75.0,74.915,74.96,105113.0,74.9708,930
2026-02-05 15:48:00-05:00,SQQQ,74.96,75.0,74.9,74.96,113145.0,74.9629,781
2026-02-05 15:49:00-05:00,SQQQ,74.96,75.0,74.85,74.86,96731.0,74.934,752
2026-02-05 15:50:00-05:00,SQQQ,74.855,74.98,74.68,74.97,380590.0,74.8531,1942
2026-02-05 15:51:00-05:00,SQQQ,74.9751,75.155,74.9751,75.04,188147.0,75.0588,1098
2026-02-05 15:52:00-05:00,SQQQ,75.05,75.24,75.05,75.1301,206904.0,75.1524,1295
2026-02-05 15:53:00-05:00,SQQQ,75.145,75.19,74.99,74.9909,151796.0,75.0904,1095
2026-02-05 15:54:00-05:00,SQQQ,74.995,75.045,74.765,74.79,333007.0,74.9376,1530
2026-02-05 15:55:00-05:00,SQQQ,74.79,74.86,74.6502,74.66,198295.0,74.7637,1216
2026-02-05 15:56:00-05:00,SQQQ,74.65,74.69,74.53,74.56,961882.0,74.6096,2234
2026-02-05 15:57:00-05:00,SQQQ,74.555,74.595,74.41,74.465,323448.0,74.5048,1642
2026-02-05 15:58:00-05:00,SQQQ,74.46,74.5793,74.435,74.54,199321.0,74.5268,996
2026-02-05 15:59:00-05:00,SQQQ,74.535,74.64,74.46,74.62,565548.0,74.5471,2362
2026-02-05 16:00:00-05:00,SQQQ,74.61,74.6854,74.2,74.52,23577.0,74.5066,144
2026-02-05 16:01:00-05:00,SQQQ,74.62,74.71,74.2,74.5,24211.0,74.5027,224
2026-02-05 16:02:00-05:00,SQQQ,74.4453,75.0,74.42,74.9638,24443.0,74.7665,223
2026-02-05 16:03:00-05:00,SQQQ,75.01,75.08,74.9,75.05,21273.0,74.999,183
2026-02-05 16:04:00-05:00,SQQQ,75.0955,75.29,74.88,75.29,36452.0,75.0521,297
2026-02-05 16:05:00-05:00,SQQQ,75.18,75.4,75.18,75.35,204525.0,75.2841,497
2026-02-05 16:06:00-05:00,SQQQ,75.34,75.34,75.081,75.081,59378.0,75.2407,214
2026-02-05 16:07:00-05:00,SQQQ,75.11,75.2301,75.05,75.21,11344.0,75.1285,123
2026-02-05 16:08:00-05:00,SQQQ,75.2631,75.3067,75.14,75.17,19716.0,75.2405,182
2026-02-05 16:09:00-05:00,SQQQ,75.1146,75.17,74.97,75.04,12851.0,75.0328,95
2026-02-05 16:10:00-05:00,SQQQ,75.04,75.04,74.81,74.82,9780.0,74.8953,113
2026-02-05 16:11:00-05:00,SQQQ,74.8,74.84,74.76,74.78,10106.0,74.8003,87
2026-02-05 16:12:00-05:00,SQQQ,74.7791,74.8,74.681,74.8,13814.0,74.743,105
2026-02-05 16:13:00-05:00,SQQQ,74.8,74.81,74.73,74.7502,9417.0,74.7568,72
2026-02-05 16:14:00-05:00,SQQQ,74.76,74.93,74.76,74.93,21505.0,74.8662,141
2026-02-05 16:15:00-05:00,SQQQ,74.93,75.1201,74.87,75.05,8333.0,74.9927,90
2026-02-05 16:16:00-05:00,SQQQ,75.04,75.06,74.9506,75.05,13330.0,75.0148,96
2026-02-05 16:17:00-05:00,SQQQ,75.07,75.19,75.02,75.15,5192.0,75.0953,90
2026-02-05 16:18:00-05:00,SQQQ,75.16,75.2,75.07,75.1703,6369.0,75.1535,78
2026-02-05 16:19:00-05:00,SQQQ,75.22,75.58,75.22,75.54,63090.0,75.4087,540
2026-02-05 16:20:00-05:00,SQQQ,75.52,75.63,75.49,75.52,27437.0,75.5378,200
2026-02-05 16:21:00-05:00,SQQQ,75.47,75.51,75.441,75.46,11143.0,75.4712,118
2026-02-05 16:22:00-05:00,SQQQ,75.5,75.51,75.43,75.45,12130.0,75.4624,94
2026-02-05 16:23:00-05:00,SQQQ,75.45,75.51,75.4,75.51,6699.0,75.4503,70
2026-02-05 16:24:00-05:00,SQQQ,75.5,75.5,75.39,75.49,12842.0,75.4665,94
2026-02-05 16:25:00-05:00,SQQQ,75.5,75.5186,75.3,75.3409,9035.0,75.4324,106
2026-02-05 16:26:00-05:00,SQQQ,75.39,75.45,75.2915,75.45,12017.0,75.3712,101
2026-02-05 16:27:00-05:00,SQQQ,75.411,75.45,75.4,75.45,5121.0,75.4228,65
2026-02-05 16:28:00-05:00,SQQQ,75.4,75.4686,75.3318,75.4686,10970.0,75.3877,94
2026-02-05 16:29:00-05:00,SQQQ,75.4682,75.5315,75.43,75.5,13419.0,75.4892,112
2026-02-05 16:30:00-05:00,SQQQ,75.4899,75.57,75.471,75.5509,10365.0,75.5232,75
2026-02-05 16:31:00-05:00,SQQQ,75.55,75.63,75.54,75.62,21847.0,75.5702,133
2026-02-05 16:32:00-05:00,SQQQ,75.6197,75.6197,75.5457,75.5908,23289.0,75.5908,104
2026-02-05 16:33:00-05:00,SQQQ,75.5795,75.85,75.5795,75.85,26685.0,75.7149,284
2026-02-05 16:34:00-05:00,SQQQ,75.82,76.06,75.82,76.05,104418.0,76.0143,706
2026-02-05 16:35:00-05:00,SQQQ,76.0399,76.06,75.9136,75.9136,28006.0,75.9981,195
2026-02-05 16:36:00-05:00,SQQQ,75.91,76.15,75.8731,76.1247,21782.0,76.0422,221
2026-02-05 16:37:00-05:00,SQQQ,76.11,76.24,76.11,76.1198,25557.0,76.1598,216
2026-02-05 16:38:00-05:00,SQQQ,76.11,76.1582,76.05,76.1582,16840.0,76.0975,112
2026-02-05 16:39:00-05:00,SQQQ,76.13,76.34,76.12,76.2864,20944.0,76.227,185
2026-02-05 16:40:00-05:00,SQQQ,76.31,76.37,76.27,76.27,21022.0,76.3151,176
2026-02-05 16:41:00-05:00,SQQQ,76.2855,76.47,76.2649,76.4,30606.0,76.3955,245
2026-02-05 16:42:00-05:00,SQQQ,76.4,76.4,76.15,76.2131,16906.0,76.2394,178
2026-02-05 16:43:00-05:00,SQQQ,76.22,76.22,76.14,76.18,15661.0,76.1655,101
2026-02-05 16:44:00-05:00,SQQQ,76.16,76.24,76.16,76.19,16916.0,76.1862,109
2026-02-05 16:45:00-05:00,SQQQ,76.23,76.23,76.01,76.0987,22029.0,76.0811,145
2026-02-05 16:46:00-05:00,SQQQ,76.11,76.2,76.09,76.14,13633.0,76.1255,121
2026-02-05 16:47:00-05:00,SQQQ,76.13,76.13,76.06,76.1,11020.0,76.0876,105
2026-02-05 16:48:00-05:00,SQQQ,76.08,76.28,76.08,76.28,16902.0,76.1922,139
2026-02-05 16:49:00-05:00,SQQQ,76.24,76.48,76.23,76.47,21504.0,76.3781,165
2026-02-05 16:50:00-05:00,SQQQ,76.45,76.46,76.3331,76.35,12296.0,76.4108,110
2026-02-05 16:51:00-05:00,SQQQ,76.35,76.37,76.25,76.37,9942.0,76.3022,86
2026-02-05 16:52:00-05:00,SQQQ,76.36,76.45,76.34,76.3664,16697.0,76.3997,151
2026-02-05 16:53:00-05:00,SQQQ,76.37,76.4382,76.301,76.4382,7529.0,76.3496,78
2026-02-05 16:54:00-05:00,SQQQ,76.43,76.47,76.4,76.42,110526.0,76.4478,122
2026-02-05 16:55:00-05:00,SQQQ,76.4,76.45,76.36,76.43,10838.0,76.3821,95
2026-02-05 16:56:00-05:00,SQQQ,76.44,76.7197,76.44,76.7197,17424.0,76.5541,349
2026-02-05 16:57:00-05:00,SQQQ,76.7,76.7,76.43,76.46,28227.0,76.5728,165
2026-02-05 16:58:00-05:00,SQQQ,76.46,76.55,76.46,76.5338,14652.0,76.5048,128
2026-02-05 16:59:00-05:00,SQQQ,76.4901,76.58,76.4901,76.58,8768.0,76.5164,66
2026-02-05 17:00:00-05:00,SQQQ,76.59,76.6,76.5172,76.5392,5566.0,76.5771,69
2026-02-05 17:01:00-05:00,SQQQ,76.5847,76.6,76.5,76.6,24926.0,76.596,107
2026-02-05 17:02:00-05:00,SQQQ,76.59,76.66,76.59,76.66,17785.0,76.6095,127
2026-02-05 17:03:00-05:00,SQQQ,76.65,76.77,76.6408,76.76,5905.0,76.7282,133
2026-02-05 17:04:00-05:00,SQQQ,76.75,76.8,76.7408,76.7997,24604.0,76.7947,132
2026-02-05 17:05:00-05:00,SQQQ,76.8,76.9292,76.78,76.87,64674.0,76.8835,290
2026-02-05 17:06:00-05:00,SQQQ,76.88,77.0,76.88,76.989,18286.0,76.9562,183
2026-02-05 17:07:00-05:00,SQQQ,76.9509,77.0,76.9509,76.9981,25139.0,76.9931,267
2026-02-05 17:08:00-05:00,SQQQ,76.9659,77.01,76.9377,76.94,57982.0,76.9639,496
2026-02-05 17:09:00-05:00,SQQQ,76.94,76.97,76.7,76.7,50812.0,76.7865,390
2026-02-05 17:10:00-05:00,SQQQ,76.7,76.8,76.6851,76.75,17273.0,76.7121,136
2026-02-05 17:11:00-05:00,SQQQ,76.7,76.75,76.6641,76.73,7543.0,76.7142,88
2026-02-05 17:12:00-05:00,SQQQ,76.71,76.8,76.71,76.8,4160.0,76.7656,84
2026-02-05 17:13:00-05:00,SQQQ,76.92,76.9846,76.89,76.97,3346.0,76.9442,74
2026-02-05 17:14:00-05:00,SQQQ,76.99,77.07,76.99,77.07,23573.0,77.0272,245
2026-02-05 17:15:00-05:00,SQQQ,77.0201,77.07,77.0,77.0008,5255.0,77.0511,69
2026-02-05 17:16:00-05:00,SQQQ,77.03,77.0574,77.0,77.02,5189.0,77.0264,66
2026-02-05 17:17:00-05:00,SQQQ,77.0202,77.05,77.02,77.02,3449.0,77.2391,43
2026-02-05 17:18:00-05:00,SQQQ,77.0201,77.04,76.93,76.9569,16998.0,76.98,179
2026-02-05 17:19:00-05:00,SQQQ,77.0,77.0,76.92,77.0,1929.0,76.9722,29
2026-02-05 17:20:00-05:00,SQQQ,76.9202,76.9919,76.9202,76.9819,5453.0,76.9572,70
2026-02-05 17:21:00-05:00,SQQQ,76.92,76.9625,76.9,76.92,4829.0,76.9167,55
2026-02-05 17:22:00-05:00,SQQQ,76.9,76.94,76.9,76.9009,3461.0,76.9135,49
2026-02-05 17:23:00-05:00,SQQQ,76.907,76.9396,76.89,76.92,6280.0,76.9085,75
2026-02-05 17:24:00-05:00,SQQQ,76.8437,76.8923,76.8402,76.8402,2086.0,76.854,32
2026-02-05 17:25:00-05:00,SQQQ,76.85,76.8856,76.8,76.8,4806.0,76.8213,50
2026-02-05 17:26:00-05:00,SQQQ,76.8,76.8,76.75,76.78,12941.0,76.7677,59
2026-02-05 17:27:00-05:00,SQQQ,76.761,76.83,76.701,76.7018,9785.0,76.7348,75
2026-02-05 17:28:00-05:00,SQQQ,76.7,76.7054,76.6,76.61,7761.0,76.6723,64
2026-02-05 17:29:00-05:00,SQQQ,76.63,76.6953,76.601,76.6953,2130.0,76.6369,54
2026-02-05 17:30:00-05:00,SQQQ,76.6685,76.6958,76.6,76.61,2558.0,76.6362,45
2026-02-05 17:31:00-05:00,SQQQ,76.6,76.62,76.6,76.62,6709.0,76.6042,74
2026-02-05 17:32:00-05:00,SQQQ,76.69,76.69,76.6002,76.68,1812.0,76.6637,28
2026-02-05 17:33:00-05:00,SQQQ,76.6063,76.68,76.6,76.6,9355.0,76.615,50
2026-02-05 17:34:00-05:00,SQQQ,76.6,76.65,76.6,76.6124,5485.0,76.6264,34
2026-02-05 17:35:00-05:00,SQQQ,76.68,76.8,76.68,76.7892,5505.0,76.7524,79
2026-02-05 17:36:00-05:00,SQQQ,76.8,76.8,76.79,76.8,3667.0,76.7978,40
2026-02-05 17:37:00-05:00,SQQQ,76.79,76.8702,76.7802,76.8084,4924.0,76.826,46
2026-02-05 17:38:00-05:00,SQQQ,76.8896,76.8896,76.81,76.8676,11513.0,76.8816,38
2026-02-05 17:39:00-05:00,SQQQ,76.88,76.89,76.8366,76.89,2645.0,76.8777,34
2026-02-05 17:40:00-05:00,SQQQ,76.89,76.9389,76.88,76.9,4319.0,76.8935,76
2026-02-05 17:41:00-05:00,SQQQ,76.9001,76.9871,76.9001,76.9871,3967.0,76.9536,72
2026-02-05 17:42:00-05:00,SQQQ,76.99,77.0,76.9799,76.9799,2444.0,76.9884,83
2026-02-05 17:43:00-05:00,SQQQ,77.0,77.0,76.9699,77.0,6330.0,76.9952,103
2026-02-05 17:44:00-05:00,SQQQ,77.02,77.05,77.0,77.05,3652.0,77.019,52
2026-02-05 17:45:00-05:00,SQQQ,77.04,77.05,77.01,77.05,1920.0,77.0325,36
2026-02-05 17:46:00-05:00,SQQQ,77.05,77.0615,77.049,77.05,15375.0,77.0516,86
2026-02-05 17:47:00-05:00,SQQQ,77.05,77.08,77.03,77.0799,9162.0,77.0663,87
2026-02-05 17:48:00-05:00,SQQQ,77.1,77.1,77.07,77.0708,9605.0,77.0781,50
2026-02-05 17:49:00-05:00,SQQQ,77.08,77.09,76.85,76.85,17556.0,77.0294,90
2026-02-05 17:50:00-05:00,SQQQ,76.82,76.87,76.82,76.831,4936.0,76.8415,40
2026-02-05 17:51:00-05:00,SQQQ,76.87,76.9,76.84,76.86,1333.0,76.8679,27
2026-02-05 17:52:00-05:00,SQQQ,76.89,76.89,76.84,76.84,1476.0,76.873,27
2026-02-05 17:53:00-05:00,SQQQ,76.89,76.89,76.84,76.84,588.0,76.8618,23
2026-02-05 17:54:00-05:00,SQQQ,76.89,76.89,76.84,76.8895,3692.0,76.8644,37
2026-02-05 17:55:00-05:00,SQQQ,76.89,76.89,76.84,76.8691,1866.0,76.8683,30
2026-02-05 17:56:00-05:00,SQQQ,76.87,76.88,76.84,76.84,5792.0,76.8723,29
2026-02-05 17:57:00-05:00,SQQQ,76.9,76.9,76.8441,76.8892,3378.0,76.8931,27
2026-02-05 17:58:00-05:00,SQQQ,76.9,76.9,76.84,76.84,1148.0,76.8793,36
2026-02-05 17:59:00-05:00,SQQQ,76.8604,76.96,76.84,76.86,1718.0,76.8973,48
2026-02-05 18:00:00-05:00,SQQQ,76.86,76.86,76.3577,76.41,23088.0,76.5733,165
2026-02-05 18:01:00-05:00,SQQQ,76.38,76.8194,76.37,76.7511,3712.0,76.6734,54
2026-02-05 18:02:00-05:00,SQQQ,76.7223,76.7223,76.56,76.6,17744.0,76.6142,55
2026-02-05 18:03:00-05:00,SQQQ,76.59,76.61,76.3535,76.4162,8579.0,76.4966,96
2026-02-05 18:04:00-05:00,SQQQ,76.4,76.4792,76.3338,76.339,6892.0,76.3999,58
2026-02-05 18:05:00-05:00,SQQQ,76.33,76.38,76.26,76.351,3709.0,76.3096,66
2026-02-05 18:06:00-05:00,SQQQ,76.33,76.33,76.14,76.22,8602.0,76.2063,81
2026-02-05 18:07:00-05:00,SQQQ,76.25,76.25,76.171,76.2,5285.0,76.2225,43
2026-02-05 18:08:00-05:00,SQQQ,76.281,76.37,76.281,76.37,6564.0,76.3472,59
2026-02-05 18:09:00-05:00,SQQQ,76.3,76.34,76.2811,76.34,1582.0,76.3002,36
2026-02-05 18:10:00-05:00,SQQQ,76.35,76.3696,76.35,76.3696,738.0,76.3471,31
2026-02-05 18:11:00-05:00,SQQQ,76.461,76.57,76.461,76.4938,2347.0,76.4901,48
2026-02-05 18:12:00-05:00,SQQQ,76.48,76.48,76.371,76.451,4083.0,76.437,42
2026-02-05 18:13:00-05:00,SQQQ,76.43,76.43,76.4,76.42,2218.0,76.4156,34
2026-02-05 18:14:00-05:00,SQQQ,76.52,76.52,76.439,76.4647,4177.0,76.4751,50
2026-02-05 18:15:00-05:00,SQQQ,76.44,76.44,76.4,76.4077,2802.0,76.414,29
2026-02-05 18:16:00-05:00,SQQQ,76.451,76.451,76.451,76.451,7341.0,76.4506,22
2026-02-05 18:17:00-05:00,SQQQ,76.51,76.6396,76.51,76.5977,4456.0,76.5796,64
2026-02-05 18:18:00-05:00,SQQQ,76.63,76.67,76.6162,76.67,5493.0,76.6334,42
2026-02-05 18:19:00-05:00,SQQQ,76.62,76.6485,76.6,76.64,1927.0,76.6275,31
2026-02-05 18:20:00-05:00,SQQQ,76.7008,76.97,76.7008,76.896,9375.0,76.8833,116
2026-02-05 18:21:00-05:00,SQQQ,76.8521,77.04,76.85,77.0243,13586.0,76.9739,114
2026-02-05 18:22:00-05:00,SQQQ,77.03,77.11,76.99,77.11,23113.0,77.0505,136
2026-02-05 18:23:00-05:00,SQQQ,77.11,77.169,77.1,77.1435,8326.0,77.1378,94
2026-02-05 18:24:00-05:00,SQQQ,77.13,77.13,76.9529,77.0215,6125.0,77.032,57
2026-02-05 18:25:00-05:00,SQQQ,77.0,77.0,76.88,76.88,3517.0,76.923,40
2026-02-05 18:26:00-05:00,SQQQ,76.86,76.99,76.86,76.9254,5674.0,76.9201,57
2026-02-05 18:27:00-05:00,SQQQ,76.9404,76.9404,76.86,76.8794,2456.0,76.9161,37
2026-02-05 18:28:00-05:00,SQQQ,76.87,76.87,76.75,76.75,1782.0,76.8022,33
2026-02-05 18:29:00-05:00,SQQQ,76.7854,76.7854,76.54,76.54,15426.0,76.5954,68
2026-02-05 18:30:00-05:00,SQQQ,76.54,76.66,76.539,76.539,11388.0,76.55,46
2026-02-05 18:31:00-05:00,SQQQ,76.6,76.7,76.6,76.6797,6262.0,76.6641,64
2026-02-05 18:32:00-05:00,SQQQ,76.65,76.75,76.65,76.73,3699.0,76.6826,33
2026-02-05 18:33:00-05:00,SQQQ,76.8,76.8,76.7629,76.79,4916.0,76.7859,49
2026-02-05 18:34:00-05:00,SQQQ,76.8,76.9695,76.8,76.91,5024.0,76.9216,55
2026-02-05 18:35:00-05:00,SQQQ,76.8998,77.05,76.8646,77.05,10783.0,76.9389,97
2026-02-05 18:36:00-05:00,SQQQ,77.06,77.21,77.06,77.1362,12999.0,77.1585,144
2026-02-05 18:37:00-05:00,SQQQ,77.16,77.25,77.0931,77.24,8317.0,77.1832,101
2026-02-05 18:38:00-05:00,SQQQ,77.19,77.2596,77.15,77.22,6361.0,77.1955,48
2026-02-05 18:39:00-05:00,SQQQ,77.22,77.2364,77.0491,77.14,11076.0,77.1657,53
2026-02-05 18:40:00-05:00,SQQQ,77.19,77.25,77.17,77.17,12678.0,77.2029,57
2026-02-05 18:41:00-05:00,SQQQ,77.09,77.2185,77.09,77.2185,14175.0,77.1276,33
2026-02-05 18:42:00-05:00,SQQQ,77.18,77.26,77.129,77.2482,19374.0,77.23,76
2026-02-05 18:43:00-05:00,SQQQ,77.2394,77.25,77.17,77.21,3471.0,77.219,48
2026-02-05 18:44:00-05:00,SQQQ,77.21,77.28,77.17,77.23,5794.0,77.2357,53
2026-02-05 18:45:00-05:00,SQQQ,77.3,77.4,77.2596,77.381,11427.0,77.3077,153
2026-02-05 18:46:00-05:00,SQQQ,77.43,77.47,77.38,77.41,7692.0,77.4353,97
2026-02-05 18:47:00-05:00,SQQQ,77.438,77.459,77.36,77.36,5099.0,77.4113,44
2026-02-05 18:48:00-05:00,SQQQ,77.359,77.42,77.3,77.3,5266.0,77.3817,46
2026-02-05 18:49:00-05:00,SQQQ,77.2497,77.2497,77.2,77.229,2912.0,77.2167,30
2026-02-05 18:50:00-05:00,SQQQ,77.31,77.4,77.23,77.23,5035.0,77.3035,49
2026-02-05 18:51:00-05:00,SQQQ,77.251,77.289,77.201,77.2162,9385.0,77.2476,48
2026-02-05 18:52:00-05:00,SQQQ,77.27,77.5797,77.27,77.54,31042.0,77.4736,267
2026-02-05 18:53:00-05:00,SQQQ,77.53,77.58,77.47,77.58,5538.0,77.5199,69
2026-02-05 18:54:00-05:00,SQQQ,77.629,77.7096,77.58,77.7096,34886.0,77.6555,245
2026-02-05 18:55:00-05:00,SQQQ,77.75,77.75,77.43,77.53,9333.0,77.5754,102
2026-02-05 18:56:00-05:00,SQQQ,77.51,77.5383,77.4362,77.44,9211.0,77.4725,71
2026-02-05 18:57:00-05:00,SQQQ,77.4147,77.4892,77.34,77.39,3796.0,77.4076,63
2026-02-05 18:58:00-05:00,SQQQ,77.4,77.42,77.4,77.419,3863.0,77.4053,34
2026-02-05 18:59:00-05:00,SQQQ,77.38,77.41,77.351,77.37,3388.0,77.3699,48
2026-02-05 19:00:00-05:00,SQQQ,77.42,77.46,77.41,77.46,2172.0,77.4312,42
2026-02-05 19:01:00-05:00,SQQQ,77.55,77.77,77.55,77.659,10585.0,77.6819,142
2026-02-05 19:02:00-05:00,SQQQ,77.65,77.74,77.62,77.7204,2910.0,77.6799,51
2026-02-05 19:03:00-05:00,SQQQ,77.73,77.83,77.71,77.83,6166.0,77.7868,108
2026-02-05 19:04:00-05:00,SQQQ,77.82,77.88,77.79,77.86,27205.0,77.837,205
2026-02-05 19:05:00-05:00,SQQQ,77.8995,78.01,77.8,78.01,26194.0,77.9184,331
2026-02-05 19:06:00-05:00,SQQQ,78.0,78.079,77.9,77.94,12660.0,78.0098,133
2026-02-05 19:07:00-05:00,SQQQ,77.9,77.97,77.78,77.78,6998.0,77.8954,67
2026-02-05 19:08:00-05:00,SQQQ,77.74,77.91,77.74,77.8699,13102.0,77.8007,89
2026-02-05 19:09:00-05:00,SQQQ,77.9,78.0369,77.9,77.9246,10104.0,77.9903,107
2026-02-05 19:10:00-05:00,SQQQ,77.93,77.93,77.78,77.78,12875.0,77.8883,125
2026-02-05 19:11:00-05:00,SQQQ,77.77,77.87,77.77,77.86,7420.0,77.814,71
2026-02-05 19:12:00-05:00,SQQQ,77.83,77.9,77.8046,77.8785,6921.0,77.8685,69
2026-02-05 19:13:00-05:00,SQQQ,77.89,78.0,77.89,77.94,7464.0,77.9678,73
2026-02-05 19:14:00-05:00,SQQQ,77.99,78.08,77.98,78.029,16566.0,78.0114,110
2026-02-05 19:15:00-05:00,SQQQ,78.01,78.19,78.0,78.11,17347.0,78.122,117
2026-02-05 19:16:00-05:00,SQQQ,78.1354,78.26,78.12,78.18,15220.0,78.1923,148
2026-02-05 19:17:00-05:00,SQQQ,78.15,78.23,77.831,77.84,15499.0,78.038,123
2026-02-05 19:18:00-05:00,SQQQ,77.85,77.869,77.63,77.63,10645.0,77.7367,112
2026-02-05 19:19:00-05:00,SQQQ,77.61,77.74,77.61,77.6909,21062.0,77.6889,125
2026-02-05 19:20:00-05:00,SQQQ,77.65,77.65,77.5,77.631,25001.0,77.6032,136
2026-02-05 19:21:00-05:00,SQQQ,77.69,77.71,77.4462,77.5838,7232.0,77.5775,98
2026-02-05 19:22:00-05:00,SQQQ,77.5,77.54,77.45,77.45,12881.0,77.4943,67
2026-02-05 19:23:00-05:00,SQQQ,77.4234,77.55,77.42,77.43,14300.0,77.4862,82
2026-02-05 19:24:00-05:00,SQQQ,77.43,77.43,77.23,77.31,24855.0,77.2879,132
2026-02-05 19:25:00-05:00,SQQQ,77.29,77.29,77.1868,77.1999,10604.0,77.2327,81
2026-02-05 19:26:00-05:00,SQQQ,77.19,77.23,77.12,77.19,18260.0,77.1725,101
2026-02-05 19:27:00-05:00,SQQQ,77.15,77.2,77.04,77.19,9239.0,77.1577,121
2026-02-05 19:28:00-05:00,SQQQ,77.2,77.2462,77.18,77.2401,8411.0,77.2205,103
2026-02-05 19:29:00-05:00,SQQQ,77.23,77.2354,77.0792,77.0792,5254.0,77.1672,86
2026-02-05 19:30:00-05:00,SQQQ,77.01,77.01,76.96,77.0,9928.0,76.99,117
2026-02-05 19:31:00-05:00,SQQQ,76.9808,77.11,76.98,77.091,11674.0,77.0073,101
2026-02-05 19:32:00-05:00,SQQQ,77.12,77.2738,77.12,77.2738,6094.0,77.2201,109
2026-02-05 19:33:00-05:00,SQQQ,77.2698,77.2698,77.02,77.02,16649.0,77.1217,94
2026-02-05 19:34:00-05:00,SQQQ,77.059,77.059,76.9754,76.98,6053.0,77.0089,70
2026-02-05 19:35:00-05:00,SQQQ,77.01,77.01,76.89,76.9,22013.0,76.9463,165
2026-02-05 19:36:00-05:00,SQQQ,76.85,76.9029,76.8493,76.89,12670.0,76.8671,75
2026-02-05 19:37:00-05:00,SQQQ,76.9,76.9,76.82,76.88,18114.0,76.8552,72
2026-02-05 19:38:00-05:00,SQQQ,76.86,76.9569,76.8,76.9569,6495.0,76.8604,80
2026-02-05 19:39:00-05:00,SQQQ,76.85,77.01,76.85,77.0,4529.0,76.95,76
2026-02-05 19:40:00-05:00,SQQQ,76.9046,77.12,76.9,77.12,5017.0,77.0476,89
2026-02-05 19:41:00-05:00,SQQQ,77.09,77.18,77.0446,77.16,8479.0,77.1372,91
2026-02-05 19:42:00-05:00,SQQQ,77.0846,77.1,77.0,77.1,3943.0,77.0464,52
2026-02-05 19:43:00-05:00,SQQQ,77.0754,77.16,76.99,77.16,5765.0,77.0589,62
2026-02-05 19:44:00-05:00,SQQQ,77.17,77.21,77.07,77.08,8547.0,77.1796,80
2026-02-05 19:45:00-05:00,SQQQ,77.05,77.0795,77.0,77.0787,16939.0,77.0245,68
2026-02-05 19:46:00-05:00,SQQQ,77.06,77.06,76.94,76.97,6846.0,76.9667,54
2026-02-05 19:47:00-05:00,SQQQ,77.0554,77.19,77.0554,77.19,5717.0,77.1181,46
2026-02-05 19:48:00-05:00,SQQQ,77.19,77.22,77.13,77.22,10392.0,77.1877,85
2026-02-05 19:49:00-05:00,SQQQ,77.19,77.25,77.19,77.23,3432.0,77.2176,35
2026-02-05 19:50:00-05:00,SQQQ,77.21,77.22,77.09,77.14,6285.0,77.1508,60
2026-02-05 19:51:00-05:00,SQQQ,77.11,77.24,77.08,77.24,7885.0,77.15,50
2026-02-05 19:52:00-05:00,SQQQ,77.18,77.27,77.17,77.27,5574.0,77.2201,47
2026-02-05 19:53:00-05:00,SQQQ,77.29,77.29,77.04,77.04,4993.0,77.1769,61
2026-02-05 19:54:00-05:00,SQQQ,77.02,77.11,77.02,77.11,12871.0,77.0844,68
2026-02-05 19:55:00-05:00,SQQQ,77.07,77.09,77.0131,77.0131,7621.0,77.0676,32
2026-02-05 19:56:00-05:00,SQQQ,77.03,77.08,77.01,77.06,7434.0,77.0391,50
2026-02-05 19:57:00-05:00,SQQQ,77.059,77.12,77.02,77.04,14833.0,77.0545,34
2026-02-05 19:58:00-05:00,SQQQ,77.01,77.01,76.86,76.86,5436.0,76.9455,63
2026-02-05 19:59:00-05:00,SQQQ,76.8669,76.8669,76.75,76.82,31479.0,76.7956,110
2026-02-06 04:00:00-05:00,SQQQ,75.17,75.19,75.09,75.12,6493.0,75.1442,132
2026-02-06 04:01:00-05:00,SQQQ,75.15,75.23,75.11,75.11,26315.0,75.1986,148
2026-02-06 04:02:00-05:00,SQQQ,75.16,75.22,75.12,75.16,23106.0,75.1409,141
2026-02-06 04:03:00-05:00,SQQQ,75.2,75.27,75.17,75.22,19141.0,75.2111,91
2026-02-06 04:04:00-05:00,SQQQ,75.27,75.27,75.22,75.25,990.0,75.2373,15
2026-02-06 04:05:00-05:00,SQQQ,75.24,75.31,75.24,75.24,8352.0,75.2668,89
2026-02-06 04:06:00-05:00,SQQQ,75.22,75.22,75.05,75.06,19917.0,75.1253,172
2026-02-06 04:07:00-05:00,SQQQ,75.05,75.05,75.0,75.0,6879.0,75.0077,56
2026-02-06 04:08:00-05:00,SQQQ,74.98,74.98,74.88,74.91,13437.0,74.9239,133
2026-02-06 04:09:00-05:00,SQQQ,74.9,74.9,74.77,74.79,24112.0,74.8055,183
2026-02-06 04:10:00-05:00,SQQQ,74.84,74.84,74.74,74.74,2134.0,74.7833,36
2026-02-06 04:11:00-05:00,SQQQ,74.66,74.71,74.66,74.68,4872.0,74.6796,67
2026-02-06 04:12:00-05:00,SQQQ,74.63,74.64,74.6,74.6,4527.0,74.619,58
2026-02-06 04:13:00-05:00,SQQQ,74.62,74.63,74.55,74.57,11685.0,74.579,112
2026-02-06 04:14:00-05:00,SQQQ,74.56,74.56,74.44,74.46,16918.0,74.5337,126
2026-02-06 04:15:00-05:00,SQQQ,74.47,74.54,74.36,74.36,13660.0,74.4795,120
2026-02-06 04:16:00-05:00,SQQQ,74.39,74.4,74.34,74.36,2869.0,74.3761,35
2026-02-06 04:17:00-05:00,SQQQ,74.35,74.4,74.33,74.35,16736.0,74.3397,127
2026-02-06 04:18:00-05:00,SQQQ,74.33,74.59,74.3,74.59,32761.0,74.3868,252
2026-02-06 04:19:00-05:00,SQQQ,74.58,74.66,74.36,74.44,26680.0,74.4347,194
2026-02-06 04:20:00-05:00,SQQQ,74.52,74.55,74.15,74.2,17219.0,74.348,157
2026-02-06 04:21:00-05:00,SQQQ,74.18,74.44,74.13,74.39,14444.0,74.2538,152
2026-02-06 04:22:00-05:00,SQQQ,74.39,74.39,74.25,74.31,25786.0,74.2752,98
2026-02-06 04:23:00-05:00,SQQQ,74.3,74.3,74.23,74.26,27544.0,74.2553,110
2026-02-06 04:24:00-05:00,SQQQ,74.25,74.25,74.02,74.08,15760.0,74.0646,116
2026-02-06 04:25:00-05:00,SQQQ,74.07,74.12,74.04,74.06,26354.0,74.0646,132
2026-02-06 04:26:00-05:00,SQQQ,74.01,74.02,73.89,73.89,23541.0,73.9898,245
2026-02-06 04:27:00-05:00,SQQQ,73.94,74.04,73.92,73.92,111058.0,73.9835,408
2026-02-06 04:28:00-05:00,SQQQ,73.91,73.91,73.78,73.79,62913.0,73.8294,509
2026-02-06 04:29:00-05:00,SQQQ,73.8,73.86,73.74,73.79,100326.0,73.7818,583
2026-02-06 04:30:00-05:00,SQQQ,73.79,73.81,73.67,73.68,15893.0,73.7449,156
2026-02-06 04:31:00-05:00,SQQQ,73.68,73.68,73.55,73.66,30717.0,73.6262,169
2026-02-06 04:32:00-05:00,SQQQ,73.65,73.65,73.54,73.54,9593.0,73.6066,90
2026-02-06 04:33:00-05:00,SQQQ,73.58,73.6,73.4,73.45,13479.0,73.4944,131
2026-02-06 04:34:00-05:00,SQQQ,73.47,73.5,73.3,73.32,20275.0,73.3628,189
2026-02-06 04:35:00-05:00,SQQQ,73.35,73.43,73.3,73.31,20694.0,73.3341,178
2026-02-06 04:36:00-05:00,SQQQ,73.3,73.44,73.3,73.44,7044.0,73.3483,110
2026-02-06 04:37:00-05:00,SQQQ,73.38,73.47,73.38,73.41,8758.0,73.4238,107
2026-02-06 04:38:00-05:00,SQQQ,73.46,73.46,73.27,73.28,8439.0,73.3666,80
2026-02-06 04:39:00-05:00,SQQQ,73.27,73.31,73.25,73.29,21245.0,73.2712,152
2026-02-06 04:40:00-05:00,SQQQ,73.26,73.33,73.23,73.26,22027.0,73.2708,205
2026-02-06 04:41:00-05:00,SQQQ,73.27,73.38,73.24,73.38,23255.0,73.3252,297
2026-02-06 04:42:00-05:00,SQQQ,73.34,73.51,73.32,73.5,14014.0,73.4381,138
2026-02-06 04:43:00-05:00,SQQQ,73.5,73.5,73.38,73.4,17386.0,73.4666,106
2026-02-06 04:44:00-05:00,SQQQ,73.41,73.41,73.3,73.3,8353.0,73.3574,92
2026-02-06 04:45:00-05:00,SQQQ,73.3,73.5,73.3,73.49,5923.0,73.4495,73
2026-02-06 04:46:00-05:00,SQQQ,73.47,73.55,73.44,73.54,5051.0,73.5127,70
2026-02-06 04:47:00-05:00,SQQQ,73.54,73.64,73.54,73.56,14476.0,73.6074,147
2026-02-06 04:48:00-05:00,SQQQ,73.56,73.59,73.4,73.49,6271.0,73.4795,101
2026-02-06 04:49:00-05:00,SQQQ,73.47,73.55,73.42,73.55,11223.0,73.4791,103
2026-02-06 04:50:00-05:00,SQQQ,73.56,73.56,73.46,73.46,5048.0,73.5308,54
2026-02-06 04:51:00-05:00,SQQQ,73.52,73.55,73.49,73.49,1986.0,73.5198,39
2026-02-06 04:52:00-05:00,SQQQ,73.48,73.51,73.47,73.49,2118.0,73.4798,38
2026-02-06 04:53:00-05:00,SQQQ,73.47,73.47,73.38,73.39,7607.0,73.4067,88
2026-02-06 04:54:00-05:00,SQQQ,73.41,73.44,73.39,73.39,7140.0,73.4131,82
2026-02-06 04:55:00-05:00,SQQQ,73.42,73.51,73.42,73.45,4770.0,73.4709,54
2026-02-06 04:56:00-05:00,SQQQ,73.47,73.61,73.47,73.52,6525.0,73.5571,91
2026-02-06 04:57:00-05:00,SQQQ,73.51,73.62,73.48,73.62,4262.0,73.5307,57
2026-02-06 04:58:00-05:00,SQQQ,73.61,73.63,73.57,73.58,7429.0,73.619,88
2026-02-06 04:59:00-05:00,SQQQ,73.58,73.6,73.55,73.57,1961.0,73.5758,28
2026-02-06 05:00:00-05:00,SQQQ,73.59,73.64,73.57,73.62,2105.0,73.6159,27
2026-02-06 05:01:00-05:00,SQQQ,73.7,73.72,73.69,73.69,3900.0,73.7028,61
2026-02-06 05:02:00-05:00,SQQQ,73.68,73.74,73.68,73.68,5194.0,73.7022,79
2026-02-06 05:03:00-05:00,SQQQ,73.7,73.78,73.7,73.74,4646.0,73.7434,79
2026-02-06 05:04:00-05:00,SQQQ,73.72,73.83,73.72,73.83,7293.0,73.8012,72
2026-02-06 05:05:00-05:00,SQQQ,73.85,73.89,73.85,73.85,4270.0,73.8704,67
2026-02-06 05:06:00-05:00,SQQQ,73.85,73.88,73.74,73.74,4803.0,73.7925,68
2026-02-06 05:07:00-05:00,SQQQ,73.78,73.81,73.76,73.8,2187.0,73.7905,26
2026-02-06 05:08:00-05:00,SQQQ,73.81,73.87,73.8,73.8,5247.0,73.8449,59
2026-02-06 05:09:00-05:00,SQQQ,73.78,73.78,73.7,73.7,3196.0,73.7543,47
2026-02-06 05:10:00-05:00,SQQQ,73.71,73.71,73.66,73.67,4335.0,73.6782,38
2026-02-06 05:11:00-05:00,SQQQ,73.68,73.71,73.68,73.71,831.0,73.6932,11
2026-02-06 05:12:00-05:00,SQQQ,73.73,73.73,73.73,73.73,616.0,73.729,7
2026-02-06 05:13:00-05:00,SQQQ,73.71,73.74,73.69,73.72,7765.0,73.7104,66
2026-02-06 05:14:00-05:00,SQQQ,73.77,73.81,73.72,73.72,3682.0,73.7715,44
2026-02-06 05:15:00-05:00,SQQQ,73.68,73.71,73.66,73.7,4893.0,73.6903,37
2026-02-06 05:16:00-05:00,SQQQ,73.66,73.72,73.66,73.67,2045.0,73.6956,27
2026-02-06 05:17:00-05:00,SQQQ,73.7,73.74,73.69,73.71,3231.0,73.7285,17
2026-02-06 05:18:00-05:00,SQQQ,73.78,73.81,73.76,73.81,3601.0,73.7991,31
2026-02-06 05:19:00-05:00,SQQQ,73.8,73.81,73.74,73.74,5406.0,73.7717,41
2026-02-06 05:20:00-05:00,SQQQ,73.73,73.73,73.55,73.57,18926.0,73.6424,107
2026-02-06 05:21:00-05:00,SQQQ,73.6,73.67,73.6,73.62,2140.0,73.6322,17
2026-02-06 05:22:00-05:00,SQQQ,73.62,73.64,73.61,73.61,674.0,73.6192,11
2026-02-06 05:23:00-05:00,SQQQ,73.72,73.77,73.72,73.74,2254.0,73.7405,42
2026-02-06 05:24:00-05:00,SQQQ,73.73,73.79,73.71,73.76,17198.0,73.7691,82
2026-02-06 05:25:00-05:00,SQQQ,73.75,73.78,73.74,73.78,1605.0,73.7652,25
2026-02-06 05:26:00-05:00,SQQQ,73.8,73.81,73.72,73.75,6218.0,73.7699,63
2026-02-06 05:27:00-05:00,SQQQ,73.73,73.76,73.72,73.73,2196.0,73.7388,25
2026-02-06 05:28:00-05:00,SQQQ,73.77,73.85,73.76,73.82,2666.0,73.7909,32
2026-02-06 05:29:00-05:00,SQQQ,73.78,73.86,73.78,73.86,2279.0,73.833,34
2026-02-06 05:30:00-05:00,SQQQ,73.85,73.87,73.82,73.87,4711.0,73.8439,52
2026-02-06 05:31:00-05:00,SQQQ,73.88,73.91,73.81,73.9,2829.0,73.871,29
2026-02-06 05:32:00-05:00,SQQQ,73.91,73.92,73.87,73.88,5254.0,73.8981,40
2026-02-06 05:33:00-05:00,SQQQ,73.85,73.87,73.79,73.81,4560.0,73.8358,34
2026-02-06 05:34:00-05:00,SQQQ,73.78,73.83,73.74,73.74,10708.0,73.7781,98
2026-02-06 05:35:00-05:00,SQQQ,73.76,73.78,73.72,73.72,1722.0,73.7516,26
2026-02-06 05:36:00-05:00,SQQQ,73.68,73.69,73.66,73.66,3572.0,73.6687,39
2026-02-06 05:37:00-05:00,SQQQ,73.64,73.66,73.63,73.66,6779.0,73.6539,52
2026-02-06 05:38:00-05:00,SQQQ,73.68,73.7,73.67,73.67,5151.0,73.6912,51
2026-02-06 05:39:00-05:00,SQQQ,73.66,73.68,73.65,73.65,5895.0,73.6605,67
2026-02-06 05:40:00-05:00,SQQQ,73.65,73.65,73.51,73.51,2557.0,73.6023,39
2026-02-06 05:41:00-05:00,SQQQ,73.5,73.5,73.46,73.49,5246.0,73.4779,70
2026-02-06 05:42:00-05:00,SQQQ,73.49,73.56,73.49,73.51,736.0,73.5235,14
2026-02-06 05:43:00-05:00,SQQQ,73.5,73.5,73.45,73.5,3542.0,73.4666,41
2026-02-06 05:44:00-05:00,SQQQ,73.52,73.58,73.52,73.58,963.0,73.5536,14
2026-02-06 05:45:00-05:00,SQQQ,73.57,73.68,73.57,73.62,5923.0,73.6192,51
2026-02-06 05:46:00-05:00,SQQQ,73.61,73.61,73.61,73.61,723.0,73.6148,19
2026-02-06 05:47:00-05:00,SQQQ,73.57,73.57,73.49,73.49,5924.0,73.5169,27
2026-02-06 05:48:00-05:00,SQQQ,73.5,73.55,73.48,73.48,2933.0,73.4994,29
2026-02-06 05:49:00-05:00,SQQQ,73.46,73.46,73.42,73.43,978.0,73.435,22
2026-02-06 05:50:00-05:00,SQQQ,73.44,73.44,73.4,73.4,2181.0,73.4183,38
2026-02-06 05:51:00-05:00,SQQQ,73.43,73.43,73.4,73.43,5081.0,73.4083,48
2026-02-06 05:52:00-05:00,SQQQ,73.42,73.42,73.36,73.36,2468.0,73.3862,44
2026-02-06 05:53:00-05:00,SQQQ,73.37,73.4,73.34,73.34,3615.0,73.3767,31
2026-02-06 05:54:00-05:00,SQQQ,73.35,73.36,73.35,73.35,2044.0,73.3519,18
2026-02-06 05:55:00-05:00,SQQQ,73.34,73.34,73.21,73.21,15319.0,73.2621,151
2026-02-06 05:56:00-05:00,SQQQ,73.24,73.31,73.24,73.3,5613.0,73.2633,47
2026-02-06 05:57:00-05:00,SQQQ,73.26,73.26,73.25,73.25,619.0,73.2593,16
2026-02-06 05:58:00-05:00,SQQQ,73.3,73.3,73.28,73.28,1791.0,73.2886,30
2026-02-06 05:59:00-05:00,SQQQ,73.26,73.26,73.14,73.19,6441.0,73.1777,99
2026-02-06 06:00:00-05:00,SQQQ,73.16,73.16,72.94,72.98,11028.0,73.0144,223
2026-02-06 06:01:00-05:00,SQQQ,72.98,72.98,72.88,72.88,7147.0,72.9055,77
2026-02-06 06:02:00-05:00,SQQQ,72.87,72.9,72.85,72.89,11678.0,72.872,93
2026-02-06 06:03:00-05:00,SQQQ,72.89,72.98,72.89,72.97,6768.0,72.9408,64
2026-02-06 06:04:00-05:00,SQQQ,72.99,73.03,72.97,73.02,4861.0,72.9888,64
2026-02-06 06:05:00-05:00,SQQQ,73.03,73.04,72.91,72.91,6870.0,72.9521,60
2026-02-06 06:06:00-05:00,SQQQ,72.91,73.03,72.9,73.01,10194.0,72.9443,84
2026-02-06 06:07:00-05:00,SQQQ,73.06,73.15,73.06,73.12,7072.0,73.0988,63
2026-02-06 06:08:00-05:00,SQQQ,73.12,73.13,73.1,73.1,3859.0,73.1123,37
2026-02-06 06:09:00-05:00,SQQQ,73.09,73.09,73.05,73.07,1615.0,73.0721,25
2026-02-06 06:10:00-05:00,SQQQ,73.05,73.06,72.97,72.97,2670.0,73.0126,40
2026-02-06 06:11:00-05:00,SQQQ,72.99,73.0,72.92,72.92,3230.0,72.9577,37
2026-02-06 06:12:00-05:00,SQQQ,72.9,72.93,72.87,72.89,5433.0,72.8932,50
2026-02-06 06:13:00-05:00,SQQQ,72.89,73.05,72.89,73.05,3133.0,72.9912,38
2026-02-06 06:14:00-05:00,SQQQ,73.05,73.05,72.88,72.88,1825.0,72.9688,37
2026-02-06 06:15:00-05:00,SQQQ,72.9,72.94,72.9,72.94,812.0,72.9238,19
2026-02-06 06:16:00-05:00,SQQQ,72.96,73.0,72.96,72.96,4945.0,72.9834,65
2026-02-06 06:17:00-05:00,SQQQ,72.96,72.96,72.93,72.95,1882.0,72.9371,24
2026-02-06 06:18:00-05:00,SQQQ,72.96,73.0,72.96,72.98,1924.0,72.9863,31
2026-02-06 06:19:00-05:00,SQQQ,72.94,72.96,72.9,72.93,3958.0,72.933,44
2026-02-06 06:20:00-05:00,SQQQ,72.95,72.95,72.95,72.95,721.0,72.9449,16
2026-02-06 06:21:00-05:00,SQQQ,72.95,72.96,72.89,72.9,4403.0,72.936,40
2026-02-06 06:22:00-05:00,SQQQ,72.92,72.92,72.84,72.85,7396.0,72.8676,51
2026-02-06 06:23:00-05:00,SQQQ,72.87,72.9,72.85,72.9,12993.0,72.8677,86
2026-02-06 06:24:00-05:00,SQQQ,72.94,72.96,72.94,72.96,404.0,72.9517,14
2026-02-06 06:25:00-05:00,SQQQ,72.99,73.02,72.97,73.01,3950.0,73.0021,65
2026-02-06 06:26:00-05:00,SQQQ,73.04,73.07,73.02,73.07,4175.0,73.0458,73
2026-02-06 06:27:00-05:00,SQQQ,73.09,73.09,72.97,72.99,11056.0,73.0234,124
2026-02-06 06:28:00-05:00,SQQQ,72.97,73.0,72.95,73.0,8311.0,72.982,91
2026-02-06 06:29:00-05:00,SQQQ,73.01,73.02,73.0,73.02,4876.0,73.0097,43
2026-02-06 06:30:00-05:00,SQQQ,73.04,73.04,72.93,72.95,4802.0,72.9667,64
2026-02-06 06:31:00-05:00,SQQQ,72.97,72.99,72.96,72.97,2449.0,72.9745,36
2026-02-06 06:32:00-05:00,SQQQ,72.96,73.03,72.87,72.87,11454.0,72.9843,122
2026-02-06 06:33:00-05:00,SQQQ,72.89,72.93,72.86,72.86,2959.0,72.8932,33
2026-02-06 06:34:00-05:00,SQQQ,72.86,72.94,72.82,72.94,7432.0,72.8678,93
2026-02-06 06:35:00-05:00,SQQQ,72.94,72.95,72.83,72.84,1571.0,72.8821,25
2026-02-06 06:36:00-05:00,SQQQ,72.82,72.82,72.69,72.71,9710.0,72.7617,131
2026-02-06 06:37:00-05:00,SQQQ,72.69,72.69,72.6,72.62,13209.0,72.6573,127
2026-02-06 06:38:00-05:00,SQQQ,72.63,72.69,72.63,72.69,2700.0,72.6623,40
2026-02-06 06:39:00-05:00,SQQQ,72.73,72.75,72.72,72.73,4456.0,72.7329,58
2026-02-06 06:40:00-05:00,SQQQ,72.76,72.76,72.63,72.65,5860.0,72.6974,60
2026-02-06 06:41:00-05:00,SQQQ,72.68,72.69,72.66,72.66,9512.0,72.6727,67
2026-02-06 06:42:00-05:00,SQQQ,72.66,72.71,72.64,72.66,3148.0,72.6548,45
2026-02-06 06:43:00-05:00,SQQQ,72.73,72.73,72.73,72.73,537.0,72.6892,18
2026-02-06 06:44:00-05:00,SQQQ,72.74,72.75,72.71,72.75,1364.0,72.7301,32
2026-02-06 06:45:00-05:00,SQQQ,72.74,72.78,72.74,72.75,5433.0,72.7562,63
2026-02-06 06:46:00-05:00,SQQQ,72.79,72.79,72.74,72.74,3291.0,72.7755,64
2026-02-06 06:47:00-05:00,SQQQ,72.79,72.8,72.78,72.78,1667.0,72.7852,20
2026-02-06 06:48:00-05:00,SQQQ,72.75,72.75,72.75,72.75,475.0,72.7382,16
2026-02-06 06:49:00-05:00,SQQQ,72.7,72.81,72.7,72.77,3264.0,72.7381,44
2026-02-06 06:50:00-05:00,SQQQ,72.79,72.85,72.76,72.76,8853.0,72.8161,89
2026-02-06 06:51:00-05:00,SQQQ,72.79,72.83,72.79,72.82,1433.0,72.8059,20
2026-02-06 06:52:00-05:00,SQQQ,72.87,72.89,72.86,72.89,2143.0,72.8681,45
2026-02-06 06:53:00-05:00,SQQQ,72.89,72.91,72.84,72.84,5528.0,72.885,71
2026-02-06 06:54:00-05:00,SQQQ,72.88,72.88,72.73,72.75,5887.0,72.7944,94
2026-02-06 06:55:00-05:00,SQQQ,72.71,72.72,72.67,72.67,6660.0,72.6953,110
2026-02-06 06:56:00-05:00,SQQQ,72.68,72.69,72.56,72.56,11065.0,72.6539,138
2026-02-06 06:58:00-05:00,SQQQ,72.63,72.63,72.5,72.52,10598.0,72.5481,150
2026-02-06 06:59:00-05:00,SQQQ,72.55,72.63,72.55,72.63,1649.0,72.5787,28
2026-02-06 07:00:00-05:00,SQQQ,72.67,72.81,72.62,72.81,16944.0,72.7196,187
2026-02-06 07:01:00-05:00,SQQQ,72.82,72.82,72.74,72.74,9365.0,72.7798,76
2026-02-06 07:02:00-05:00,SQQQ,72.79,72.8,72.79,72.8,2342.0,72.7929,30
2026-02-06 07:03:00-05:00,SQQQ,72.76,72.79,72.68,72.7,12134.0,72.7137,101
2026-02-06 07:04:00-05:00,SQQQ,72.7,72.791,72.7,72.76,14471.0,72.7444,103
2026-02-06 07:05:00-05:00,SQQQ,72.77,72.8,72.7,72.72,6365.0,72.7501,72
2026-02-06 07:06:00-05:00,SQQQ,72.75,72.8,72.69,72.69,8134.0,72.7193,84
2026-02-06 07:07:00-05:00,SQQQ,72.69,72.69,72.63,72.65,6609.0,72.6505,98
2026-02-06 07:08:00-05:00,SQQQ,72.64,72.85,72.63,72.85,7105.0,72.7029,88
2026-02-06 07:09:00-05:00,SQQQ,72.85,72.88,72.85,72.879,6591.0,72.8623,62
2026-02-06 07:10:00-05:00,SQQQ,72.871,72.97,72.871,72.93,16362.0,72.9313,142
2026-02-06 07:11:00-05:00,SQQQ,72.92,72.96,72.889,72.96,3226.0,72.9271,33
2026-02-06 07:12:00-05:00,SQQQ,72.98,73.04,72.98,73.04,13567.0,73.0103,135
2026-02-06 07:13:00-05:00,SQQQ,73.02,73.11,73.01,73.11,9249.0,73.0605,100
2026-02-06 07:14:00-05:00,SQQQ,73.14,73.18,73.09,73.15,22005.0,73.1485,162
2026-02-06 07:15:00-05:00,SQQQ,73.18,73.32,73.15,73.26,17932.0,73.2251,135
2026-02-06 07:16:00-05:00,SQQQ,73.24,73.24,73.0,73.0,13926.0,73.0952,153
2026-02-06 07:17:00-05:00,SQQQ,72.96,73.07,72.96,73.07,4113.0,72.9911,47
2026-02-06 07:18:00-05:00,SQQQ,73.14,73.15,73.12,73.14,2779.0,73.132,36
2026-02-06 07:19:00-05:00,SQQQ,73.13,73.16,73.13,73.13,4567.0,73.1515,48
2026-02-06 07:20:00-05:00,SQQQ,73.1,73.13,73.06,73.12,3197.0,73.1159,38
2026-02-06 07:21:00-05:00,SQQQ,73.15,73.17,73.14,73.17,1647.0,73.1433,35
2026-02-06 07:22:00-05:00,SQQQ,73.06,73.109,73.06,73.109,1755.0,73.0823,34
2026-02-06 07:23:00-05:00,SQQQ,73.12,73.12,73.12,73.12,588.0,73.1179,21
2026-02-06 07:24:00-05:00,SQQQ,73.17,73.2,73.17,73.18,3223.0,73.1878,47
2026-02-06 07:25:00-05:00,SQQQ,73.13,73.2,73.13,73.16,2077.0,73.1746,21
2026-02-06 07:26:00-05:00,SQQQ,73.18,73.24,73.18,73.22,5355.0,73.205,66
2026-02-06 07:27:00-05:00,SQQQ,73.22,73.26,73.19,73.19,3178.0,73.2237,48
2026-02-06 07:28:00-05:00,SQQQ,73.219,73.219,73.169,73.2,2532.0,73.1967,31
2026-02-06 07:29:00-05:00,SQQQ,73.21,73.21,73.19,73.19,3178.0,73.2154,52
2026-02-06 07:30:00-05:00,SQQQ,73.23,73.269,73.23,73.239,4759.0,73.2515,51
2026-02-06 07:31:00-05:00,SQQQ,73.15,73.15,73.1,73.1,13839.0,73.1231,106
2026-02-06 07:32:00-05:00,SQQQ,73.08,73.08,72.999,73.01,9605.0,73.0186,108
2026-02-06 07:33:00-05:00,SQQQ,73.04,73.14,73.04,73.13,2777.0,73.1021,44
2026-02-06 07:34:00-05:00,SQQQ,73.18,73.3,73.18,73.3,3683.0,73.25,71
2026-02-06 07:35:00-05:00,SQQQ,73.29,73.39,73.28,73.38,4474.0,73.3317,89
2026-02-06 07:36:00-05:00,SQQQ,73.35,73.35,73.3,73.31,2098.0,73.324,43
2026-02-06 07:37:00-05:00,SQQQ,73.3,73.33,73.29,73.33,1701.0,73.3054,37
2026-02-06 07:38:00-05:00,SQQQ,73.35,73.35,73.24,73.289,2669.0,73.2823,59
2026-02-06 07:39:00-05:00,SQQQ,73.31,73.37,73.28,73.35,9799.0,73.3266,90
2026-02-06 07:40:00-05:00,SQQQ,73.38,73.4,73.23,73.23,13228.0,73.3659,113
2026-02-06 07:41:00-05:00,SQQQ,73.15,73.19,73.12,73.12,2744.0,73.1487,48
2026-02-06 07:42:00-05:00,SQQQ,73.15,73.15,73.08,73.08,18720.0,73.0992,94
2026-02-06 07:43:00-05:00,SQQQ,73.1,73.16,73.1,73.16,4481.0,73.1089,22
2026-02-06 07:44:00-05:00,SQQQ,73.2,73.24,73.18,73.24,1373.0,73.2055,30
2026-02-06 07:45:00-05:00,SQQQ,73.22,73.25,73.1,73.13,4198.0,73.1358,59
2026-02-06 07:46:00-05:00,SQQQ,73.16,73.18,73.16,73.18,3335.0,73.1663,24
2026-02-06 07:47:00-05:00,SQQQ,73.19,73.19,73.16,73.16,4691.0,73.1723,41
2026-02-06 07:48:00-05:00,SQQQ,73.17,73.22,73.17,73.22,2527.0,73.1954,32
2026-02-06 07:49:00-05:00,SQQQ,73.19,73.211,73.16,73.21,5850.0,73.1792,54
2026-02-06 07:50:00-05:00,SQQQ,73.21,73.26,73.191,73.26,3785.0,73.2257,62
2026-02-06 07:51:00-05:00,SQQQ,73.29,73.36,73.29,73.36,12877.0,73.3187,82
2026-02-06 07:52:00-05:00,SQQQ,73.36,73.37,73.33,73.33,1815.0,73.3573,23
2026-02-06 07:53:00-05:00,SQQQ,73.36,73.49,73.35,73.49,4384.0,73.4196,82
2026-02-06 07:54:00-05:00,SQQQ,73.45,73.54,73.45,73.5,10069.0,73.4841,110
2026-02-06 07:55:00-05:00,SQQQ,73.5,73.5,73.43,73.43,4993.0,73.4521,52
2026-02-06 07:56:00-05:00,SQQQ,73.43,73.43,73.27,73.35,8474.0,73.3227,85
2026-02-06 07:57:00-05:00,SQQQ,73.38,73.38,73.34,73.34,874.0,73.362,23
2026-02-06 07:58:00-05:00,SQQQ,73.33,73.33,73.25,73.26,3469.0,73.2889,47
2026-02-06 07:59:00-05:00,SQQQ,73.25,73.27,73.24,73.27,3577.0,73.2541,33
2026-02-06 08:00:00-05:00,SQQQ,73.35,73.3591,73.25,73.25,14808.0,73.3176,74
2026-02-06 08:01:00-05:00,SQQQ,73.27,73.4,73.27,73.37,20262.0,73.371,134
2026-02-06 08:02:00-05:00,SQQQ,73.37,73.45,73.37,73.43,6688.0,73.4071,64
2026-02-06 08:03:00-05:00,SQQQ,73.4,73.48,73.4,73.45,7830.0,73.4568,115
2026-02-06 08:04:00-05:00,SQQQ,73.4396,73.4791,73.43,73.47,2884.0,73.451,44
2026-02-06 08:05:00-05:00,SQQQ,73.46,73.49,73.45,73.49,9999.0,73.4639,77
2026-02-06 08:06:00-05:00,SQQQ,73.51,73.51,73.42,73.42,10452.0,73.4816,115
2026-02-06 08:07:00-05:00,SQQQ,73.44,73.53,73.44,73.46,12163.0,73.4932,146
2026-02-06 08:08:00-05:00,SQQQ,73.46,73.46,73.3731,73.38,6713.0,73.4054,106
2026-02-06 08:09:00-05:00,SQQQ,73.46,73.51,73.43,73.5,3865.0,73.4633,60
2026-02-06 08:10:00-05:00,SQQQ,73.48,73.54,73.48,73.54,5301.0,73.5062,59
2026-02-06 08:11:00-05:00,SQQQ,73.54,73.54,73.39,73.39,12754.0,73.4947,142
2026-02-06 08:12:00-05:00,SQQQ,73.35,73.3654,73.21,73.22,13206.0,73.2944,168
2026-02-06 08:13:00-05:00,SQQQ,73.2308,73.25,73.15,73.1603,12287.0,73.1847,128
2026-02-06 08:14:00-05:00,SQQQ,73.17,73.18,73.13,73.17,12291.0,73.157,111
2026-02-06 08:15:00-05:00,SQQQ,73.19,73.34,73.19,73.34,5513.0,73.2542,80
2026-02-06 08:16:00-05:00,SQQQ,73.33,73.34,73.23,73.25,5487.0,73.2607,49
2026-02-06 08:17:00-05:00,SQQQ,73.2529,73.28,73.2307,73.25,2052.0,73.2473,45
2026-02-06 08:18:00-05:00,SQQQ,73.31,73.32,73.17,73.19,3933.0,73.2401,86
2026-02-06 08:19:00-05:00,SQQQ,73.17,73.17,72.981,73.0,55055.0,73.0203,251
2026-02-06 08:20:00-05:00,SQQQ,72.99,73.04,72.92,73.0007,10174.0,72.9725,157
2026-02-06 08:21:00-05:00,SQQQ,73.0,73.01,72.84,72.84,15170.0,72.9397,196
2026-02-06 08:22:00-05:00,SQQQ,72.85,72.91,72.81,72.84,8421.0,72.8621,133
2026-02-06 08:23:00-05:00,SQQQ,72.8495,72.91,72.83,72.9,3901.0,72.8645,77
2026-02-06 08:24:00-05:00,SQQQ,72.88,72.96,72.79,72.81,51295.0,72.8349,284
2026-02-06 08:25:00-05:00,SQQQ,72.7697,72.89,72.7697,72.88,15418.0,72.8344,91
2026-02-06 08:26:00-05:00,SQQQ,72.89,73.05,72.88,73.05,13951.0,72.9691,136
2026-02-06 08:27:00-05:00,SQQQ,73.0405,73.0405,72.96,72.99,7643.0,73.0133,62
2026-02-06 08:28:00-05:00,SQQQ,73.0,73.02,72.9604,72.9808,5809.0,72.9911,55
2026-02-06 08:29:00-05:00,SQQQ,73.0,73.03,73.0,73.02,5271.0,73.0141,40
2026-02-06 08:30:00-05:00,SQQQ,73.0191,73.03,72.71,72.77,7070.0,72.8503,88
2026-02-06 08:31:00-05:00,SQQQ,72.7908,72.86,72.77,72.85,21042.0,72.7934,151
2026-02-06 08:32:00-05:00,SQQQ,72.81,72.98,72.81,72.96,6909.0,72.8803,74
2026-02-06 08:33:00-05:00,SQQQ,72.94,72.95,72.77,72.77,26562.0,72.8526,123
2026-02-06 08:34:00-05:00,SQQQ,72.8,72.92,72.78,72.92,15771.0,72.853,120
2026-02-06 08:35:00-05:00,SQQQ,72.96,72.981,72.93,72.93,5878.0,72.9505,67
2026-02-06 08:36:00-05:00,SQQQ,72.9802,73.0915,72.9802,73.0503,8944.0,73.0555,88
2026-02-06 08:37:00-05:00,SQQQ,73.02,73.38,72.9698,73.1403,82038.0,73.2335,383
2026-02-06 08:38:00-05:00,SQQQ,73.17,73.17,73.0,73.02,10419.0,73.0406,88
2026-02-06 08:39:00-05:00,SQQQ,73.0,73.15,72.82,73.0,61675.0,72.9663,319
2026-02-06 08:40:00-05:00,SQQQ,73.01,73.1,72.9,72.96,20606.0,72.9926,145
2026-02-06 08:41:00-05:00,SQQQ,72.95,73.041,72.93,73.041,9975.0,72.9718,80
2026-02-06 08:42:00-05:00,SQQQ,73.04,73.0615,72.88,72.99,11884.0,72.9656,111
2026-02-06 08:43:00-05:00,SQQQ,73.0069,73.08,72.98,73.08,5955.0,73.0342,66
2026-02-06 08:44:00-05:00,SQQQ,73.06,73.15,73.06,73.09,6825.0,73.1191,62
2026-02-06 08:45:00-05:00,SQQQ,73.11,73.1218,73.02,73.09,8433.0,73.0643,83
2026-02-06 08:46:00-05:00,SQQQ,73.0999,73.12,73.05,73.05,10066.0,73.0996,82
2026-02-06 08:47:00-05:00,SQQQ,73.04,73.13,73.04,73.13,6815.0,73.0863,55
2026-02-06 08:48:00-05:00,SQQQ,73.1103,73.15,73.05,73.08,8794.0,73.1091,78
2026-02-06 08:49:00-05:00,SQQQ,73.0931,73.1,73.0102,73.0321,3038.0,73.0446,34
2026-02-06 08:50:00-05:00,SQQQ,73.0203,73.25,73.0,73.25,39180.0,73.1024,302
2026-02-06 08:51:00-05:00,SQQQ,73.24,73.31,73.24,73.27,24277.0,73.2642,145
2026-02-06 08:52:00-05:00,SQQQ,73.27,73.39,73.27,73.2824,32236.0,73.3125,210
2026-02-06 08:53:00-05:00,SQQQ,73.279,73.32,73.2,73.29,12740.0,73.2667,75
2026-02-06 08:54:00-05:00,SQQQ,73.27,73.27,73.21,73.26,7487.0,73.2388,48
2026-02-06 08:55:00-05:00,SQQQ,73.269,73.27,73.17,73.2,12185.0,73.2215,53
2026-02-06 08:56:00-05:00,SQQQ,73.2,73.32,73.2,73.32,6651.0,73.2577,55
2026-02-06 08:57:00-05:00,SQQQ,73.27,73.27,73.15,73.16,12932.0,73.1862,67
2026-02-06 08:58:00-05:00,SQQQ,73.16,73.29,73.15,73.24,26454.0,73.223,126
2026-02-06 08:59:00-05:00,SQQQ,73.26,73.26,73.18,73.1894,6399.0,73.2195,61
2026-02-06 09:00:00-05:00,SQQQ,73.21,73.27,73.15,73.24,11762.0,73.2278,86
2026-02-06 09:01:00-05:00,SQQQ,73.24,73.31,73.24,73.25,13283.0,73.2692,107
2026-02-06 09:02:00-05:00,SQQQ,73.2103,73.2836,73.19,73.2369,23977.0,73.2581,145
2026-02-06 09:03:00-05:00,SQQQ,73.21,73.3415,73.18,73.34,19736.0,73.2232,136
2026-02-06 09:04:00-05:00,SQQQ,73.34,73.38,73.28,73.29,23786.0,73.3485,137
2026-02-06 09:05:00-05:00,SQQQ,73.25,73.27,73.2,73.2,4769.0,73.2319,50
2026-02-06 09:06:00-05:00,SQQQ,73.22,73.32,73.2,73.239,9040.0,73.2486,72
2026-02-06 09:07:00-05:00,SQQQ,73.21,73.27,73.15,73.17,11888.0,73.2005,77
2026-02-06 09:08:00-05:00,SQQQ,73.1601,73.1999,73.07,73.08,11063.0,73.1311,100
2026-02-06 09:09:00-05:00,SQQQ,73.07,73.129,73.05,73.1288,11436.0,73.0848,78
2026-02-06 09:10:00-05:00,SQQQ,73.17,73.24,73.17,73.18,6169.0,73.2043,53
2026-02-06 09:11:00-05:00,SQQQ,73.161,73.17,73.14,73.16,9828.0,73.1604,57
2026-02-06 09:12:00-05:00,SQQQ,73.15,73.18,73.14,73.16,7534.0,73.1532,60
2026-02-06 09:13:00-05:00,SQQQ,73.1601,73.26,73.1601,73.25,3513.0,73.2188,60
2026-02-06 09:14:00-05:00,SQQQ,73.27,73.3194,73.22,73.22,8139.0,73.2799,89
2026-02-06 09:15:00-05:00,SQQQ,73.22,73.29,73.21,73.29,7641.0,73.2446,59
2026-02-06 09:16:00-05:00,SQQQ,73.29,73.3269,73.27,73.28,7659.0,73.2996,72
2026-02-06 09:17:00-05:00,SQQQ,73.29,73.3,73.18,73.1882,8986.0,73.2194,67
2026-02-06 09:18:00-05:00,SQQQ,73.2,73.27,73.1993,73.25,4650.0,73.2321,42
2026-02-06 09:19:00-05:00,SQQQ,73.23,73.24,73.1092,73.1092,3406.0,73.1667,55
2026-02-06 09:20:00-05:00,SQQQ,73.1,73.19,73.0915,73.19,11514.0,73.1409,96
2026-02-06 09:21:00-05:00,SQQQ,73.18,73.18,73.14,73.14,770.0,73.1662,25
2026-02-06 09:22:00-05:00,SQQQ,73.1402,73.28,73.1402,73.28,19728.0,73.1985,100
2026-02-06 09:23:00-05:00,SQQQ,73.2687,73.27,73.2,73.2,11884.0,73.2402,63
2026-02-06 09:24:00-05:00,SQQQ,73.17,73.2,73.17,73.2,2927.0,73.1774,50
2026-02-06 09:25:00-05:00,SQQQ,73.24,73.37,73.22,73.34,19655.0,73.327,145
2026-02-06 09:26:00-05:00,SQQQ,73.33,73.37,73.29,73.32,9172.0,73.3397,66
2026-02-06 09:27:00-05:00,SQQQ,73.33,73.56,73.33,73.5293,21060.0,73.4816,241
2026-02-06 09:28:00-05:00,SQQQ,73.54,73.62,73.48,73.48,80072.0,73.5431,304
2026-02-06 09:29:00-05:00,SQQQ,73.48,73.55,73.33,73.53,31734.0,73.4786,127
2026-02-06 09:30:00-05:00,SQQQ,73.54,73.9,73.4601,73.73,956941.0,73.647,5125
2026-02-06 09:31:00-05:00,SQQQ,73.73,73.875,73.415,73.59,383548.0,73.5966,3093
2026-02-06 09:32:00-05:00,SQQQ,73.6,74.07,72.87,72.88,602836.0,73.657,5021
2026-02-06 09:33:00-05:00,SQQQ,72.87,72.87,72.55,72.58,636764.0,72.7011,4603
2026-02-06 09:34:00-05:00,SQQQ,72.58,72.79,72.4,72.66,466644.0,72.5868,4109
2026-02-06 09:35:00-05:00,SQQQ,72.66,72.835,72.54,72.66,425663.0,72.7014,3530
2026-02-06 09:36:00-05:00,SQQQ,72.66,73.0,72.62,72.65,494008.0,72.8044,3797
2026-02-06 09:37:00-05:00,SQQQ,72.66,72.8,72.49,72.5,502162.0,72.6456,3915
2026-02-06 09:38:00-05:00,SQQQ,72.485,72.5,72.13,72.2,470929.0,72.233,3510
2026-02-06 09:39:00-05:00,SQQQ,72.185,72.26,72.07,72.16,385582.0,72.172,3001
2026-02-06 09:40:00-05:00,SQQQ,72.16,72.47,72.035,72.11,575436.0,72.2001,4137
2026-02-06 09:41:00-05:00,SQQQ,72.11,72.74,72.045,72.68,492295.0,72.4155,3184
2026-02-06 09:42:00-05:00,SQQQ,72.67,72.77,72.52,72.6299,404181.0,72.6593,2806
2026-02-06 09:43:00-05:00,SQQQ,72.62,72.66,72.3,72.32,311102.0,72.5098,2366
2026-02-06 09:44:00-05:00,SQQQ,72.32,72.4,72.03,72.03,327705.0,72.2276,2508
2026-02-06 09:45:00-05:00,SQQQ,72.03,72.08,71.89,72.0,473067.0,71.9735,3386
2026-02-06 09:46:00-05:00,SQQQ,72.0,72.2992,71.85,72.1,408442.0,72.0489,3108
2026-02-06 09:47:00-05:00,SQQQ,72.105,72.23,71.86,71.92,292355.0,72.0763,2148
2026-02-06 09:48:00-05:00,SQQQ,71.92,72.05,71.82,71.89,260734.0,71.957,2107
2026-02-06 09:49:00-05:00,SQQQ,71.88,72.26,71.83,71.97,471326.0,72.0151,3645
2026-02-06 09:50:00-05:00,SQQQ,71.98,72.11,71.86,71.92,255803.0,71.9588,1993
2026-02-06 09:51:00-05:00,SQQQ,71.91,71.92,71.55,71.58,368092.0,71.7118,2462
2026-02-06 09:52:00-05:00,SQQQ,71.58,71.735,71.515,71.5634,198235.0,71.6314,1541
2026-02-06 09:53:00-05:00,SQQQ,71.57,72.0,71.545,71.99,205382.0,71.7436,1387
2026-02-06 09:54:00-05:00,SQQQ,71.98,72.2099,71.895,72.19,338441.0,72.0293,2032
2026-02-06 09:55:00-05:00,SQQQ,72.19,72.55,72.19,72.42,402561.0,72.4045,2631
2026-02-06 09:56:00-05:00,SQQQ,72.4209,72.67,72.42,72.66,353132.0,72.599,2516
2026-02-06 09:57:00-05:00,SQQQ,72.65,72.7,72.3278,72.335,217925.0,72.5262,1567
2026-02-06 09:58:00-05:00,SQQQ,72.3404,72.73,72.34,72.54,214425.0,72.542,1658
2026-02-06 09:59:00-05:00,SQQQ,72.55,72.72,72.5423,72.7,175709.0,72.641,1245
2026-02-06 10:00:00-05:00,SQQQ,72.63,72.9,72.59,72.79,216644.0,72.7936,1483
2026-02-06 10:01:00-05:00,SQQQ,72.79,73.14,72.77,73.03,324498.0,72.9759,1998
2026-02-06 10:02:00-05:00,SQQQ,73.01,73.145,72.89,73.02,317626.0,73.006,2078
2026-02-06 10:03:00-05:00,SQQQ,73.04,73.23,72.93,73.23,346359.0,73.1288,2158
2026-02-06 10:04:00-05:00,SQQQ,73.21,73.3301,73.1302,73.18,331083.0,73.2154,2161
2026-02-06 10:05:00-05:00,SQQQ,73.175,73.23,72.75,73.105,391076.0,73.0165,2519
2026-02-06 10:06:00-05:00,SQQQ,73.08,73.5192,73.08,73.505,242222.0,73.3314,1724
2026-02-06 10:07:00-05:00,SQQQ,73.505,73.57,73.2,73.27,328293.0,73.4227,2037
2026-02-06 10:08:00-05:00,SQQQ,73.28,73.4465,73.22,73.27,221176.0,73.3416,1476
2026-02-06 10:09:00-05:00,SQQQ,73.265,73.33,73.095,73.3,233956.0,73.2081,1768
2026-02-06 10:10:00-05:00,SQQQ,73.29,73.29,72.86,72.8802,262100.0,73.0155,1756
2026-02-06 10:11:00-05:00,SQQQ,72.89,72.92,72.56,72.77,396114.0,72.6837,2586
2026-02-06 10:12:00-05:00,SQQQ,72.76,73.245,72.72,73.2,303141.0,72.9501,2092
2026-02-06 10:13:00-05:00,SQQQ,73.185,73.4999,73.14,73.38,253604.0,73.3278,2048
2026-02-06 10:14:00-05:00,SQQQ,73.37,73.48,73.23,73.45,252414.0,73.3774,1750
2026-02-06 10:15:00-05:00,SQQQ,73.45,73.51,73.26,73.4,298396.0,73.4126,2137
2026-02-06 10:16:00-05:00,SQQQ,73.4,73.695,73.08,73.0801,327164.0,73.4279,2432
2026-02-06 10:17:00-05:00,SQQQ,73.07,73.205,72.83,73.06,339481.0,73.0301,2378
2026-02-06 10:18:00-05:00,SQQQ,73.0601,73.24,72.693,72.76,247818.0,72.9325,1892
2026-02-06 10:19:00-05:00,SQQQ,72.74,72.93,72.62,72.735,241657.0,72.7752,1643
2026-02-06 10:20:00-05:00,SQQQ,72.745,72.7901,72.62,72.79,210950.0,72.7027,1741
2026-02-06 10:21:00-05:00,SQQQ,72.795,72.83,72.2805,72.46,371424.0,72.495,2662
2026-02-06 10:22:00-05:00,SQQQ,72.45,72.47,72.26,72.32,237922.0,72.3424,1855
2026-02-06 10:23:00-05:00,SQQQ,72.315,73.09,72.235,73.02,498765.0,72.7686,3612
2026-02-06 10:24:00-05:00,SQQQ,73.02,73.1191,72.78,72.85,176643.0,72.9713,1501
2026-02-06 10:25:00-05:00,SQQQ,72.85,72.94,72.37,72.41,242519.0,72.5702,1844
2026-02-06 10:26:00-05:00,SQQQ,72.415,72.47,72.23,72.25,174027.0,72.3803,1523
2026-02-06 10:27:00-05:00,SQQQ,72.25,72.53,72.22,72.42,227993.0,72.3672,1778
2026-02-06 10:28:00-05:00,SQQQ,72.45,72.45,72.14,72.32,219692.0,72.2518,1882
2026-02-06 10:29:00-05:00,SQQQ,72.33,72.44,72.24,72.25,200990.0,72.3142,1544
2026-02-06 10:30:00-05:00,SQQQ,72.25,72.49,72.23,72.4,399951.0,72.3476,2957
2026-02-06 10:31:00-05:00,SQQQ,72.4,72.6435,72.38,72.48,277705.0,72.4809,2130
2026-02-06 10:32:00-05:00,SQQQ,72.49,72.61,72.32,72.36,256399.0,72.4554,2017
2026-02-06 10:33:00-05:00,SQQQ,72.3599,72.43,72.1,72.13,275425.0,72.231,2199
2026-02-06 10:34:00-05:00,SQQQ,72.1265,72.15,71.975,72.05,215957.0,72.0549,1701
2026-02-06 10:35:00-05:00,SQQQ,72.05,72.2,71.98,72.01,229981.0,72.0815,1694
2026-02-06 10:36:00-05:00,SQQQ,72.03,72.25,72.01,72.19,203488.0,72.1147,1409
2026-02-06 10:37:00-05:00,SQQQ,72.2,72.22,72.11,72.123,178613.0,72.1612,1324
2026-02-06 10:38:00-05:00,SQQQ,72.14,72.18,72.08,72.1275,179121.0,72.1232,1210
2026-02-06 10:39:00-05:00,SQQQ,72.12,72.18,72.055,72.16,107474.0,72.1281,908
2026-02-06 10:40:00-05:00,SQQQ,72.14,72.22,72.03,72.12,167791.0,72.1317,1222
2026-02-06 10:41:00-05:00,SQQQ,72.125,72.141,72.035,72.12,119772.0,72.0854,934
2026-02-06 10:42:00-05:00,SQQQ,72.13,72.19,71.885,71.98,312090.0,72.0242,2088
2026-02-06 10:43:00-05:00,SQQQ,71.965,72.1,71.86,72.01,252267.0,72.006,1452
2026-02-06 10:44:00-05:00,SQQQ,72.03,72.11,71.94,72.05,115640.0,72.0385,837
2026-02-06 10:45:00-05:00,SQQQ,72.04,72.07,71.92,71.995,190300.0,72.0064,1065
2026-02-06 10:46:00-05:00,SQQQ,71.97,72.0,71.775,71.775,186490.0,71.8588,1197
2026-02-06 10:47:00-05:00,SQQQ,71.79,71.848,71.72,71.74,189419.0,71.793,961
2026-02-06 10:48:00-05:00,SQQQ,71.75,72.135,71.75,72.11,252119.0,71.9468,1440
2026-02-06 10:49:00-05:00,SQQQ,72.12,72.195,72.0016,72.17,383093.0,72.1275,2101
2026-02-06 10:50:00-05:00,SQQQ,72.17,72.615,72.17,72.6101,377695.0,72.4411,2470
2026-02-06 10:51:00-05:00,SQQQ,72.62,72.63,72.44,72.54,311197.0,72.5422,1762
2026-02-06 10:52:00-05:00,SQQQ,72.53,72.7575,72.5,72.7575,216764.0,72.6075,1207
2026-02-06 10:53:00-05:00,SQQQ,72.75,72.81,72.7199,72.8,166094.0,72.7588,1089
2026-02-06 10:54:00-05:00,SQQQ,72.81,72.99,72.76,72.91,208535.0,72.849,1395
2026-02-06 10:55:00-05:00,SQQQ,72.91,72.9799,72.56,72.56,208723.0,72.8269,1472
2026-02-06 10:56:00-05:00,SQQQ,72.52,72.635,72.385,72.4999,168944.0,72.4941,1171
2026-02-06 10:57:00-05:00,SQQQ,72.505,72.56,72.39,72.4311,117450.0,72.4875,864
2026-02-06 10:58:00-05:00,SQQQ,72.43,72.53,72.305,72.48,214159.0,72.4104,1354
2026-02-06 10:59:00-05:00,SQQQ,72.49,72.57,72.27,72.31,124679.0,72.3953,862
2026-02-06 11:00:00-05:00,SQQQ,72.31,72.44,72.27,72.36,190451.0,72.3443,1336
2026-02-06 11:01:00-05:00,SQQQ,72.36,72.405,72.13,72.14,208325.0,72.2685,1286
2026-02-06 11:02:00-05:00,SQQQ,72.14,72.22,71.965,72.0135,249755.0,72.0807,1593
2026-02-06 11:03:00-05:00,SQQQ,72.01,72.01,71.83,71.83,150047.0,71.9197,1050
2026-02-06 11:04:00-05:00,SQQQ,71.82,71.9,71.747,71.7499,167703.0,71.8311,996
2026-02-06 11:05:00-05:00,SQQQ,71.75,71.83,71.67,71.7899,228851.0,71.7391,1418
2026-02-06 11:06:00-05:00,SQQQ,71.789,71.86,71.6111,71.615,163444.0,71.7782,1087
2026-02-06 11:07:00-05:00,SQQQ,71.6175,71.6175,71.42,71.51,355401.0,71.4942,2039
2026-02-06 11:08:00-05:00,SQQQ,71.51,71.7,71.47,71.65,263153.0,71.6083,1222
2026-02-06 11:09:00-05:00,SQQQ,71.645,71.65,71.54,71.565,131075.0,71.5998,893
2026-02-06 11:10:00-05:00,SQQQ,71.57,71.58,71.4301,71.45,103304.0,71.5095,724
2026-02-06 11:11:00-05:00,SQQQ,71.455,71.6,71.3896,71.395,125950.0,71.4842,1029
2026-02-06 11:12:00-05:00,SQQQ,71.3999,71.475,71.38,71.47,104683.0,71.4333,650
2026-02-06 11:13:00-05:00,SQQQ,71.47,71.5003,71.353,71.355,105981.0,71.419,692
2026-02-06 11:14:00-05:00,SQQQ,71.37,71.41,71.335,71.34,94996.0,71.3765,707
2026-02-06 11:15:00-05:00,SQQQ,71.35,71.3899,71.28,71.355,130921.0,71.336,891
2026-02-06 11:16:00-05:00,SQQQ,71.35,71.575,71.34,71.54,175347.0,71.4698,967
2026-02-06 11:17:00-05:00,SQQQ,71.54,71.59,71.51,71.54,135375.0,71.548,878
2026-02-06 11:18:00-05:00,SQQQ,71.551,71.575,71.44,71.47,85394.0,71.4933,625
2026-02-06 11:19:00-05:00,SQQQ,71.45,71.495,71.43,71.45,79041.0,71.4668,497
2026-02-06 11:20:00-05:00,SQQQ,71.445,71.48,71.31,71.39,116253.0,71.3719,727
2026-02-06 11:21:00-05:00,SQQQ,71.3978,71.3978,71.1,71.105,235699.0,71.2075,1369
2026-02-06 11:22:00-05:00,SQQQ,71.11,71.28,71.06,71.2719,131987.0,71.1566,988
2026-02-06 11:23:00-05:00,SQQQ,71.2666,71.27,71.167,71.255,103356.0,71.2132,605
2026-02-06 11:24:00-05:00,SQQQ,71.24,71.32,71.23,71.27,61380.0,71.2742,578
2026-02-06 11:25:00-05:00,SQQQ,71.28,71.4268,71.265,71.405,126077.0,71.3494,800
2026-02-06 11:26:00-05:00,SQQQ,71.4,71.455,71.32,71.41,181082.0,71.3944,1155
2026-02-06 11:27:00-05:00,SQQQ,71.4,71.57,71.395,71.525,172134.0,71.4907,1066
2026-02-06 11:28:00-05:00,SQQQ,71.52,71.565,71.41,71.4399,185924.0,71.5074,1003
2026-02-06 11:29:00-05:00,SQQQ,71.44,71.455,71.31,71.3101,106013.0,71.3896,713
2026-02-06 11:30:00-05:00,SQQQ,71.32,71.34,71.155,71.225,224911.0,71.2296,1289
2026-02-06 11:31:00-05:00,SQQQ,71.225,71.32,71.215,71.2783,121474.0,71.2827,704
2026-02-06 11:32:00-05:00,SQQQ,71.273,71.273,71.1266,71.2,83748.0,71.1842,635
2026-02-06 11:33:00-05:00,SQQQ,71.21,71.23,71.13,71.13,125300.0,71.1917,648
2026-02-06 11:34:00-05:00,SQQQ,71.13,71.14,71.03,71.03,99418.0,71.0889,796
2026-02-06 11:35:00-05:00,SQQQ,71.03,71.065,70.93,70.955,292148.0,71.0079,1734
2026-02-06 11:36:00-05:00,SQQQ,70.97,71.09,70.97,71.01,163070.0,71.0418,1080
2026-02-06 11:37:00-05:00,SQQQ,71.02,71.14,71.02,71.0802,111451.0,71.0939,700
2026-02-06 11:38:00-05:00,SQQQ,71.075,71.1,70.975,71.06,151712.0,71.0557,946
2026-02-06 11:39:00-05:00,SQQQ,71.07,71.0981,70.99,71.07,154928.0,71.0201,473
2026-02-06 11:40:00-05:00,SQQQ,71.07,71.11,70.95,70.98,312814.0,70.986,1344
2026-02-06 11:41:00-05:00,SQQQ,70.975,70.99,70.92,70.93,105942.0,70.9548,705
2026-02-06 11:42:00-05:00,SQQQ,70.925,71.06,70.905,71.0299,132325.0,70.9843,856
2026-02-06 11:43:00-05:00,SQQQ,71.01,71.1093,70.955,71.09,62943.0,71.046,565
2026-02-06 11:44:00-05:00,SQQQ,71.095,71.28,71.09,71.14,206448.0,71.1719,1218
2026-02-06 11:45:00-05:00,SQQQ,71.135,71.16,71.045,71.135,113390.0,71.1073,699
2026-02-06 11:46:00-05:00,SQQQ,71.12,71.2388,71.09,71.1135,112026.0,71.172,829
2026-02-06 11:47:00-05:00,SQQQ,71.11,71.22,71.09,71.22,66073.0,71.1753,474
2026-02-06 11:48:00-05:00,SQQQ,71.2099,71.2099,71.09,71.1677,67703.0,71.1443,463
2026-02-06 11:49:00-05:00,SQQQ,71.175,71.21,71.11,71.11,73875.0,71.1489,526
2026-02-06 11:50:00-05:00,SQQQ,71.09,71.12,71.045,71.0525,70595.0,71.0805,490
2026-02-06 11:51:00-05:00,SQQQ,71.07,71.105,71.0186,71.0503,51930.0,71.0488,336
2026-02-06 11:52:00-05:00,SQQQ,71.06,71.12,71.03,71.1199,82682.0,71.0734,472
2026-02-06 11:53:00-05:00,SQQQ,71.11,71.135,71.0099,71.055,62408.0,71.0675,525
2026-02-06 11:54:00-05:00,SQQQ,71.05,71.1449,71.035,71.105,55939.0,71.0928,429
2026-02-06 11:55:00-05:00,SQQQ,71.11,71.27,71.1089,71.2206,66960.0,71.2146,572
2026-02-06 11:56:00-05:00,SQQQ,71.221,71.35,71.2,71.3,137657.0,71.2783,837
2026-02-06 11:57:00-05:00,SQQQ,71.29,71.435,71.29,71.435,168206.0,71.3946,859
2026-02-06 11:58:00-05:00,SQQQ,71.4283,71.57,71.41,71.475,231378.0,71.5039,1270
2026-02-06 11:59:00-05:00,SQQQ,71.46,71.4752,71.35,71.358596,113357.0,71.3909,672
2026-02-06 12:00:00-05:00,SQQQ,71.34,71.48,71.32,71.48,137206.0,71.4147,947
2026-02-06 12:01:00-05:00,SQQQ,71.475,71.475,71.3,71.3,77906.0,71.4059,551
2026-02-06 12:02:00-05:00,SQQQ,71.31,71.365,71.26,71.335,66972.0,71.318,512
2026-02-06 12:03:00-05:00,SQQQ,71.325,71.3799,71.23,71.23,60164.0,71.2928,475
2026-02-06 12:04:00-05:00,SQQQ,71.225,71.25,71.13,71.13,266678.0,71.1759,1365
2026-02-06 12:05:00-05:00,SQQQ,71.12,71.1203,71.022,71.0675,143561.0,71.0729,754
2026-02-06 12:06:00-05:00,SQQQ,71.06,71.095,71.0101,71.0426,66642.0,71.0504,440
2026-02-06 12:07:00-05:00,SQQQ,71.0499,71.07,70.94,70.9599,159516.0,70.9892,879
2026-02-06 12:08:00-05:00,SQQQ,70.96,71.0,70.91,70.98,89117.0,70.9557,577
2026-02-06 12:09:00-05:00,SQQQ,70.98,71.0,70.94,70.95,57803.0,70.9691,401
2026-02-06 12:10:00-05:00,SQQQ,70.94,70.94,70.87,70.89,132122.0,70.9036,687
2026-02-06 12:11:00-05:00,SQQQ,70.88,70.925,70.865,70.925,69268.0,70.8954,495
2026-02-06 12:12:00-05:00,SQQQ,70.92,71.12,70.8822,71.08,100583.0,70.9824,734
2026-02-06 12:13:00-05:00,SQQQ,71.09,71.15,70.9501,70.9501,111489.0,71.0745,740
2026-02-06 12:14:00-05:00,SQQQ,70.97,71.0,70.91,70.98,71955.0,70.9634,466
2026-02-06 12:15:00-05:00,SQQQ,70.99,71.1,70.97,71.066,96013.0,71.0352,626
2026-02-06 12:16:00-05:00,SQQQ,71.06,71.11,71.02,71.045,81622.0,71.0695,531
2026-02-06 12:17:00-05:00,SQQQ,71.05,71.1293,70.94,70.96,85178.0,71.0391,515
2026-02-06 12:18:00-05:00,SQQQ,70.9592,71.0,70.91,70.91,55043.0,70.9622,484
2026-02-06 12:19:00-05:00,SQQQ,70.9,70.95,70.78,70.9399,186848.0,70.8549,954
2026-02-06 12:20:00-05:00,SQQQ,70.94,70.998,70.94,70.97,99798.0,70.9714,444
2026-02-06 12:21:00-05:00,SQQQ,70.98,71.01,70.93,71.01,61916.0,70.9676,423
2026-02-06 12:22:00-05:00,SQQQ,71.01,71.08,70.98,70.98,87097.0,71.0278,450
2026-02-06 12:23:00-05:00,SQQQ,70.98,71.02,70.94,71.01,67143.0,70.973,346
2026-02-06 12:24:00-05:00,SQQQ,71.0,71.01,70.965,70.97,79656.0,70.9834,359
2026-02-06 12:25:00-05:00,SQQQ,70.9774,70.9774,70.89,70.925,80363.0,70.9329,420
2026-02-06 12:26:00-05:00,SQQQ,70.93,70.96,70.87,70.8799,71016.0,70.9159,355
2026-02-06 12:27:00-05:00,SQQQ,70.87,70.89,70.75,70.7601,135885.0,70.8107,728
2026-02-06 12:28:00-05:00,SQQQ,70.765,70.83,70.72,70.78,114031.0,70.7666,655
2026-02-06 12:29:00-05:00,SQQQ,70.77,70.7769,70.7,70.74,95209.0,70.7311,575
2026-02-06 12:30:00-05:00,SQQQ,70.735,70.75,70.675,70.6878,84307.0,70.6981,598
2026-02-06 12:31:00-05:00,SQQQ,70.67,70.6784,70.59,70.6152,101611.0,70.6362,698
2026-02-06 12:32:00-05:00,SQQQ,70.62,70.6201,70.4801,70.5,139123.0,70.5344,1058
2026-02-06 12:33:00-05:00,SQQQ,70.51,70.59,70.5,70.53,139577.0,70.5559,592
2026-02-06 12:34:00-05:00,SQQQ,70.535,70.5957,70.51,70.56,83487.0,70.5591,480
2026-02-06 12:35:00-05:00,SQQQ,70.57,70.803,70.57,70.803,156184.0,70.6717,832
2026-02-06 12:36:00-05:00,SQQQ,70.82,70.9,70.76,70.86,144608.0,70.8303,771
2026-02-06 12:37:00-05:00,SQQQ,70.87,70.95,70.8004,70.909918,333441.0,70.868,1488
2026-02-06 12:38:00-05:00,SQQQ,70.89,70.98,70.88,70.98,126344.0,70.9247,520
2026-02-06 12:39:00-05:00,SQQQ,70.99,71.02,70.9125,70.945,106125.0,70.9727,571
2026-02-06 12:40:00-05:00,SQQQ,70.96,70.97,70.845,70.9,106494.0,70.8995,483
2026-02-06 12:41:00-05:00,SQQQ,70.89,70.89,70.7,70.725,63304.0,70.7789,428
2026-02-06 12:42:00-05:00,SQQQ,70.725,70.77,70.71,70.765,50440.0,70.7434,287
2026-02-06 12:43:00-05:00,SQQQ,70.78,70.85,70.7134,70.73,57414.0,70.7909,441
2026-02-06 12:44:00-05:00,SQQQ,70.7127,70.76,70.7127,70.7279,43519.0,70.7379,340
2026-02-06 12:45:00-05:00,SQQQ,70.7115,70.72,70.62,70.6699,131120.0,70.6603,638
2026-02-06 12:46:00-05:00,SQQQ,70.67,70.6797,70.59,70.64,28627.0,70.6271,259
2026-02-06 12:47:00-05:00,SQQQ,70.64,70.65,70.605,70.64,50962.0,70.63,263
2026-02-06 12:48:00-05:00,SQQQ,70.63,70.6424,70.57,70.57,57717.0,70.6111,287
2026-02-06 12:49:00-05:00,SQQQ,70.57,70.65,70.55,70.59,83949.0,70.6055,568
2026-02-06 12:50:00-05:00,SQQQ,70.58,70.635,70.5622,70.635,43081.0,70.5855,354
2026-02-06 12:51:00-05:00,SQQQ,70.6506,70.72,70.46,70.46,102569.0,70.5759,795
2026-02-06 12:52:00-05:00,SQQQ,70.46,70.52,70.39,70.52,105393.0,70.4386,675
2026-02-06 12:53:00-05:00,SQQQ,70.51,70.57,70.49,70.53,55131.0,70.5288,371
2026-02-06 12:54:00-05:00,SQQQ,70.52,70.6,70.4801,70.58,157928.0,70.5266,548
2026-02-06 12:55:00-05:00,SQQQ,70.5999,70.6175,70.55,70.615,52155.0,70.5822,374
2026-02-06 12:56:00-05:00,SQQQ,70.6,70.6,70.49,70.5192,40481.0,70.5375,359
2026-02-06 12:57:00-05:00,SQQQ,70.52,70.53,70.46,70.5278,47389.0,70.4992,306
2026-02-06 12:58:00-05:00,SQQQ,70.51,70.515,70.46,70.485,58081.0,70.4948,371
2026-02-06 12:59:00-05:00,SQQQ,70.47,70.54,70.4525,70.54,35835.0,70.4979,338
2026-02-06 13:00:00-05:00,SQQQ,70.53,70.53,70.365,70.415,115487.0,70.4051,643
2026-02-06 13:01:00-05:00,SQQQ,70.41,70.46,70.41,70.425,49392.0,70.4345,323
2026-02-06 13:02:00-05:00,SQQQ,70.43,70.4399,70.33,70.41,143034.0,70.396,493
2026-02-06 13:03:00-05:00,SQQQ,70.41,70.4199,70.325,70.345,44231.0,70.3751,386
2026-02-06 13:04:00-05:00,SQQQ,70.35,70.3599,70.26,70.27,87773.0,70.2963,530
2026-02-06 13:05:00-05:00,SQQQ,70.28,70.32,70.2634,70.275,105384.0,70.2939,434
2026-02-06 13:06:00-05:00,SQQQ,70.27,70.2973,70.24,70.28,234507.0,70.2715,816
2026-02-06 13:07:00-05:00,SQQQ,70.2999,70.38,70.2999,70.35,183629.0,70.3551,750
2026-02-06 13:08:00-05:00,SQQQ,70.33,70.5,70.33,70.4927,157515.0,70.4311,672
2026-02-06 13:09:00-05:00,SQQQ,70.5,70.5268,70.44,70.465,78995.0,70.4728,429
2026-02-06 13:10:00-05:00,SQQQ,70.4599,70.5,70.4,70.5,70629.0,70.4471,388
2026-02-06 13:11:00-05:00,SQQQ,70.5,70.52,70.478,70.49,61189.0,70.4991,404
2026-02-06 13:12:00-05:00,SQQQ,70.485,70.485,70.3418,70.4,65252.0,70.392,392
2026-02-06 13:13:00-05:00,SQQQ,70.4,70.5,70.39,70.48,43369.0,70.4622,331
2026-02-06 13:14:00-05:00,SQQQ,70.485,70.5,70.4335,70.47,39531.0,70.4681,280
2026-02-06 13:15:00-05:00,SQQQ,70.47,70.57,70.455,70.5599,91186.0,70.5102,463
2026-02-06 13:16:00-05:00,SQQQ,70.55,70.63,70.52,70.545,75961.0,70.582,513
2026-02-06 13:17:00-05:00,SQQQ,70.54,70.545,70.46,70.4701,83614.0,70.499,495
2026-02-06 13:18:00-05:00,SQQQ,70.46,70.47,70.405,70.4382,39352.0,70.4301,294
2026-02-06 13:19:00-05:00,SQQQ,70.43,70.44,70.372,70.3875,40899.0,70.4019,260
2026-02-06 13:20:00-05:00,SQQQ,70.39,70.46,70.38,70.3899,68778.0,70.4122,440
2026-02-06 13:21:00-05:00,SQQQ,70.39,70.44,70.29,70.4201,202578.0,70.3528,897
2026-02-06 13:22:00-05:00,SQQQ,70.43,70.45,70.4,70.44,81001.0,70.4261,467
2026-02-06 13:23:00-05:00,SQQQ,70.44,70.5,70.41,70.47,64430.0,70.463,435
2026-02-06 13:24:00-05:00,SQQQ,70.455,70.52,70.45,70.5113,59382.0,70.4825,346
2026-02-06 13:25:00-05:00,SQQQ,70.515,70.59,70.5,70.56,75353.0,70.5403,453
2026-02-06 13:26:00-05:00,SQQQ,70.5601,70.605,70.53,70.575,123977.0,70.564,581
2026-02-06 13:27:00-05:00,SQQQ,70.58,70.625,70.56,70.61,54516.0,70.5957,318
2026-02-06 13:28:00-05:00,SQQQ,70.6065,70.6879,70.5926,70.65,133534.0,70.6534,676
2026-02-06 13:29:00-05:00,SQQQ,70.66,70.67,70.525,70.55,98651.0,70.5876,516
2026-02-06 13:30:00-05:00,SQQQ,70.55,70.565,70.4704,70.55,108567.0,70.5231,577
2026-02-06 13:31:00-05:00,SQQQ,70.545,70.58,70.5,70.505,49061.0,70.5388,406
2026-02-06 13:32:00-05:00,SQQQ,70.5,70.535,70.495,70.52,28287.0,70.5094,252
2026-02-06 13:33:00-05:00,SQQQ,70.505,70.5401,70.47,70.5401,45418.0,70.4998,256
2026-02-06 13:34:00-05:00,SQQQ,70.53,70.62,70.52,70.6,68163.0,70.5755,437
2026-02-06 13:35:00-05:00,SQQQ,70.62,70.62,70.505,70.53,43018.0,70.535,299
2026-02-06 13:36:00-05:00,SQQQ,70.53,70.56,70.52,70.555,22384.0,70.5336,180
2026-02-06 13:37:00-05:00,SQQQ,70.56,70.605,70.49,70.54,89339.0,70.5566,460
2026-02-06 13:38:00-05:00,SQQQ,70.54,70.59,70.43,70.46,82027.0,70.4905,441
2026-02-06 13:39:00-05:00,SQQQ,70.47,70.48,70.45,70.46,35060.0,70.4658,260
2026-02-06 13:40:00-05:00,SQQQ,70.46,70.5,70.395,70.4199,35287.0,70.4482,296
2026-02-06 13:41:00-05:00,SQQQ,70.42,70.5,70.42,70.4898,60305.0,70.4762,286
2026-02-06 13:42:00-05:00,SQQQ,70.4925,70.499,70.445,70.4577,28003.0,70.4724,202
2026-02-06 13:43:00-05:00,SQQQ,70.44,70.47,70.4102,70.445,35285.0,70.4426,201
2026-02-06 13:44:00-05:00,SQQQ,70.455,70.5273,70.455,70.485,34804.0,70.4893,247
2026-02-06 13:45:00-05:00,SQQQ,70.485,70.5,70.39,70.44,67373.0,70.4379,411
2026-02-06 13:46:00-05:00,SQQQ,70.445,70.51,70.445,70.4601,39085.0,70.4809,197
2026-02-06 13:47:00-05:00,SQQQ,70.47,70.47,70.4045,70.425,25229.0,70.4332,184
2026-02-06 13:48:00-05:00,SQQQ,70.43,70.44,70.395,70.44,32265.0,70.4107,207
2026-02-06 13:49:00-05:00,SQQQ,70.44,70.455,70.415,70.4284,11336.0,70.4313,160
2026-02-06 13:50:00-05:00,SQQQ,70.42,70.4299,70.37,70.4077,39356.0,70.4012,285
2026-02-06 13:51:00-05:00,SQQQ,70.4101,70.48,70.4,70.46,35654.0,70.4514,212
2026-02-06 13:52:00-05:00,SQQQ,70.47,70.5,70.415,70.43,26273.0,70.4615,265
2026-02-06 13:53:00-05:00,SQQQ,70.43,70.4845,70.425,70.475,20989.0,70.4522,211
2026-02-06 13:54:00-05:00,SQQQ,70.48,70.4999,70.45,70.47,39474.0,70.4758,224
2026-02-06 13:55:00-05:00,SQQQ,70.49,70.49,70.45,70.485,19793.0,70.4704,159
2026-02-06 13:56:00-05:00,SQQQ,70.49,70.52,70.475,70.495,34331.0,70.4953,245
2026-02-06 13:57:00-05:00,SQQQ,70.4999,70.54,70.4829,70.495,53984.0,70.5153,327
2026-02-06 13:58:00-05:00,SQQQ,70.5,70.58,70.48,70.565,63838.0,70.5232,370
2026-02-06 13:59:00-05:00,SQQQ,70.565,70.61,70.5606,70.59,37127.0,70.5809,300
2026-02-06 14:00:00-05:00,SQQQ,70.59,70.6255,70.5202,70.615,54310.0,70.5798,383
2026-02-06 14:01:00-05:00,SQQQ,70.61,70.6199,70.53,70.53,60024.0,70.5688,364
2026-02-06 14:02:00-05:00,SQQQ,70.53,70.53,70.46,70.4822,37516.0,70.4978,270
2026-02-06 14:03:00-05:00,SQQQ,70.5,70.5165,70.485,70.505,13545.0,70.4996,126
2026-02-06 14:04:00-05:00,SQQQ,70.5,70.515,70.46,70.49,26873.0,70.4875,169
2026-02-06 14:05:00-05:00,SQQQ,70.49,70.5574,70.4435,70.5574,61439.0,70.478,352
2026-02-06 14:06:00-05:00,SQQQ,70.545,70.575,70.52,70.53,86136.0,70.5435,341
2026-02-06 14:07:00-05:00,SQQQ,70.53,70.55,70.505,70.505,58596.0,70.5305,288
2026-02-06 14:08:00-05:00,SQQQ,70.51,70.5299,70.47,70.52,47117.0,70.5011,255
2026-02-06 14:09:00-05:00,SQQQ,70.515,70.58,70.51,70.53,54196.0,70.559,279
2026-02-06 14:10:00-05:00,SQQQ,70.5399,70.545,70.51,70.53,49387.0,70.5198,219
2026-02-06 14:11:00-05:00,SQQQ,70.53,70.54,70.5,70.54,55542.0,70.5243,232
2026-02-06 14:12:00-05:00,SQQQ,70.54,70.6489,70.5299,70.645,27879.0,70.5872,279
2026-02-06 14:13:00-05:00,SQQQ,70.6465,70.6699,70.61,70.63,59988.0,70.6375,421
2026-02-06 14:14:00-05:00,SQQQ,70.6301,70.6801,70.63,70.68,48096.0,70.6511,329
2026-02-06 14:15:00-05:00,SQQQ,70.67,70.67,70.6001,70.6435,61202.0,70.6353,259
2026-02-06 14:16:00-05:00,SQQQ,70.6456,70.73,70.645,70.72,71633.0,70.6898,410
2026-02-06 14:17:00-05:00,SQQQ,70.72,70.7699,70.68,70.735,104045.0,70.7313,563
2026-02-06 14:18:00-05:00,SQQQ,70.73,70.7399,70.65,70.705,56109.0,70.7058,358
2026-02-06 14:19:00-05:00,SQQQ,70.72,70.74,70.65,70.6808,38395.0,70.6949,243
2026-02-06 14:20:00-05:00,SQQQ,70.69,70.69,70.6,70.685,94806.0,70.6441,395
2026-02-06 14:21:00-05:00,SQQQ,70.685,70.69,70.66,70.67,37116.0,70.6737,238
2026-02-06 14:22:00-05:00,SQQQ,70.67,70.675,70.4901,70.5099,121301.0,70.5683,576
2026-02-06 14:23:00-05:00,SQQQ,70.49,70.53,70.42,70.445,59954.0,70.4689,369
2026-02-06 14:24:00-05:00,SQQQ,70.4471,70.48,70.4299,70.4502,70308.0,70.4662,374
2026-02-06 14:25:00-05:00,SQQQ,70.44,70.47,70.415,70.4399,56851.0,70.4382,266
2026-02-06 14:26:00-05:00,SQQQ,70.4499,70.465,70.41,70.44,56249.0,70.4471,262
2026-02-06 14:27:00-05:00,SQQQ,70.421,70.5,70.42,70.5,81401.0,70.4607,411
2026-02-06 14:28:00-05:00,SQQQ,70.49,70.49,70.44,70.468,75529.0,70.4644,236
2026-02-06 14:29:00-05:00,SQQQ,70.4699,70.4699,70.395,70.41,54154.0,70.4171,371
2026-02-06 14:30:00-05:00,SQQQ,70.41,70.5101,70.39,70.435,190324.0,70.4654,877
2026-02-06 14:31:00-05:00,SQQQ,70.42,70.46,70.41,70.44,25435.0,70.438,254
2026-02-06 14:32:00-05:00,SQQQ,70.4599,70.4599,70.4,70.41,38692.0,70.4348,225
2026-02-06 14:33:00-05:00,SQQQ,70.4082,70.46,70.38,70.4585,43914.0,70.4379,188
2026-02-06 14:34:00-05:00,SQQQ,70.46,70.5,70.45,70.5,53060.0,70.4652,218
2026-02-06 14:35:00-05:00,SQQQ,70.4997,70.52,70.465,70.4801,37148.0,70.4877,211
2026-02-06 14:36:00-05:00,SQQQ,70.4899,70.52,70.462,70.462,27613.0,70.4941,207
2026-02-06 14:37:00-05:00,SQQQ,70.4604,70.54,70.4604,70.515,27333.0,70.5032,220
2026-02-06 14:38:00-05:00,SQQQ,70.505,70.5265,70.4401,70.49,57590.0,70.4928,242
2026-02-06 14:39:00-05:00,SQQQ,70.49,70.5265,70.489,70.52,33465.0,70.5016,163
2026-02-06 14:40:00-05:00,SQQQ,70.5273,70.58,70.5273,70.57,61149.0,70.5553,393
2026-02-06 14:41:00-05:00,SQQQ,70.58,70.645,70.5712,70.638,50857.0,70.6053,331
2026-02-06 14:42:00-05:00,SQQQ,70.64,70.6797,70.6127,70.6401,84368.0,70.6494,402
2026-02-06 14:43:00-05:00,SQQQ,70.6299,70.655,70.6138,70.65,31284.0,70.6369,228
2026-02-06 14:44:00-05:00,SQQQ,70.6498,70.685,70.636,70.663,52126.0,70.6583,300
2026-02-06 14:45:00-05:00,SQQQ,70.67,70.68,70.575,70.59,74152.0,70.6226,430
2026-02-06 14:46:00-05:00,SQQQ,70.5966,70.615,70.52,70.5355,71515.0,70.5501,368
2026-02-06 14:47:00-05:00,SQQQ,70.5212,70.56,70.47,70.47,59998.0,70.5002,294
2026-02-06 14:48:00-05:00,SQQQ,70.47,70.52,70.42,70.42,37588.0,70.468,317
2026-02-06 14:49:00-05:00,SQQQ,70.41,70.47,70.41,70.465,60054.0,70.452,342
2026-02-06 14:50:00-05:00,SQQQ,70.47,70.56,70.46,70.48,88391.0,70.507,592
2026-02-06 14:51:00-05:00,SQQQ,70.48,70.49,70.4745,70.485,24743.0,70.4833,186
2026-02-06 14:52:00-05:00,SQQQ,70.485,70.515,70.475,70.4799,24335.0,70.4925,168
2026-02-06 14:53:00-05:00,SQQQ,70.48,70.54,70.48,70.5199,23552.0,70.5111,180
2026-02-06 14:54:00-05:00,SQQQ,70.505,70.54,70.505,70.535,20758.0,70.5188,187
2026-02-06 14:55:00-05:00,SQQQ,70.53,70.61,70.51,70.605,85473.0,70.5431,498
2026-02-06 14:56:00-05:00,SQQQ,70.615,70.6467,70.61,70.6312,38643.0,70.6234,254
2026-02-06 14:57:00-05:00,SQQQ,70.64,70.705,70.572,70.685,90734.0,70.6454,455
2026-02-06 14:58:00-05:00,SQQQ,70.695,70.715,70.6615,70.68,58573.0,70.6822,281
2026-02-06 14:59:00-05:00,SQQQ,70.675,70.73,70.675,70.725,40602.0,70.7097,239
2026-02-06 15:00:00-05:00,SQQQ,70.73,70.86,70.73,70.785,290931.0,70.7954,1362
2026-02-06 15:01:00-05:00,SQQQ,70.785,70.79,70.69,70.7001,86228.0,70.7418,404
2026-02-06 15:02:00-05:00,SQQQ,70.695,70.71,70.65,70.65,60696.0,70.6832,289
2026-02-06 15:03:00-05:00,SQQQ,70.6501,70.6501,70.58,70.6,71645.0,70.6031,351
2026-02-06 15:04:00-05:00,SQQQ,70.595,70.62,70.58,70.6,39297.0,70.6001,253
2026-02-06 15:05:00-05:00,SQQQ,70.605,70.61,70.455,70.455,105640.0,70.5296,471
2026-02-06 15:06:00-05:00,SQQQ,70.45,70.5,70.44,70.495,98525.0,70.4711,431
2026-02-06 15:07:00-05:00,SQQQ,70.485,70.51,70.465,70.49,53458.0,70.4848,350
2026-02-06 15:08:00-05:00,SQQQ,70.49,70.5099,70.475,70.5,42321.0,70.492,274
2026-02-06 15:09:00-05:00,SQQQ,70.485,70.485,70.42,70.48,52699.0,70.4366,310
2026-02-06 15:10:00-05:00,SQQQ,70.485,70.52,70.475,70.4797,60639.0,70.4986,318
2026-02-06 15:11:00-05:00,SQQQ,70.4801,70.53,70.44,70.51,40216.0,70.4856,314
2026-02-06 15:12:00-05:00,SQQQ,70.5,70.52,70.4721,70.51,41093.0,70.5004,246
2026-02-06 15:13:00-05:00,SQQQ,70.505,70.5198,70.47,70.475,98833.0,70.4981,279
2026-02-06 15:14:00-05:00,SQQQ,70.48,70.4875,70.465,70.4865,28232.0,70.4767,181
2026-02-06 15:15:00-05:00,SQQQ,70.48,70.4865,70.42,70.435,46703.0,70.4456,254
2026-02-06 15:16:00-05:00,SQQQ,70.43,70.4686,70.42,70.4686,38443.0,70.4426,245
2026-02-06 15:17:00-05:00,SQQQ,70.4675,70.47,70.415,70.445,50697.0,70.4498,301
2026-02-06 15:18:00-05:00,SQQQ,70.445,70.45,70.295,70.3,147161.0,70.3681,778
2026-02-06 15:19:00-05:00,SQQQ,70.3,70.3565,70.2901,70.305,84712.0,70.331,416
2026-02-06 15:20:00-05:00,SQQQ,70.31,70.32,70.21,70.265,188214.0,70.2531,711
2026-02-06 15:21:00-05:00,SQQQ,70.27,70.35,70.265,70.32,89664.0,70.3168,502
2026-02-06 15:22:00-05:00,SQQQ,70.3232,70.35,70.285,70.3,76584.0,70.3071,231
2026-02-06 15:23:00-05:00,SQQQ,70.31,70.315,70.23,70.26,32831.0,70.2661,242
2026-02-06 15:24:00-05:00,SQQQ,70.26,70.307,70.2501,70.3,48719.0,70.2804,302
2026-02-06 15:25:00-05:00,SQQQ,70.2945,70.33,70.26,70.33,38460.0,70.288,274
2026-02-06 15:26:00-05:00,SQQQ,70.335,70.36,70.3001,70.31,61386.0,70.3381,307
2026-02-06 15:27:00-05:00,SQQQ,70.31,70.33,70.28,70.285,20517.0,70.3081,205
2026-02-06 15:28:00-05:00,SQQQ,70.2826,70.307,70.2436,70.305,45436.0,70.27,298
2026-02-06 15:29:00-05:00,SQQQ,70.31,70.3701,70.3,70.36,27828.0,70.3327,213
2026-02-06 15:30:00-05:00,SQQQ,70.36,70.44,70.36,70.38,140705.0,70.4064,742
2026-02-06 15:31:00-05:00,SQQQ,70.38,70.3869,70.29,70.355,72035.0,70.3341,410
2026-02-06 15:32:00-05:00,SQQQ,70.36,70.385,70.3201,70.35,58905.0,70.3529,405
2026-02-06 15:33:00-05:00,SQQQ,70.355,70.41,70.35,70.4,38105.0,70.3795,243
2026-02-06 15:34:00-05:00,SQQQ,70.4,70.41,70.36,70.41,32182.0,70.3929,278
2026-02-06 15:35:00-05:00,SQQQ,70.4103,70.44,70.395,70.4,71683.0,70.4206,382
2026-02-06 15:36:00-05:00,SQQQ,70.391,70.45,70.391,70.425,39398.0,70.4252,307
2026-02-06 15:37:00-05:00,SQQQ,70.42,70.42,70.36,70.37,78547.0,70.3982,298
2026-02-06 15:38:00-05:00,SQQQ,70.37,70.3799,70.27,70.28,61807.0,70.3117,316
2026-02-06 15:39:00-05:00,SQQQ,70.28,70.31,70.26,70.2721,66192.0,70.2849,318
2026-02-06 15:40:00-05:00,SQQQ,70.27,70.28,70.16,70.205,224063.0,70.2062,899
2026-02-06 15:41:00-05:00,SQQQ,70.2,70.2098,70.15,70.17,111814.0,70.1718,610
2026-02-06 15:42:00-05:00,SQQQ,70.16,70.16,69.99,70.07,340976.0,70.0582,1994
2026-02-06 15:43:00-05:00,SQQQ,70.06,70.117,70.06,70.09,146430.0,70.0919,653
2026-02-06 15:44:00-05:00,SQQQ,70.09,70.09,69.995,70.0,142783.0,70.0407,688
2026-02-06 15:45:00-05:00,SQQQ,69.99,70.01,69.92,69.955,128443.0,69.9621,773
2026-02-06 15:46:00-05:00,SQQQ,69.9499,69.9699,69.83,69.87,115514.0,69.9041,734
2026-02-06 15:47:00-05:00,SQQQ,69.86,69.89,69.825,69.8299,273187.0,69.8549,915
2026-02-06 15:48:00-05:00,SQQQ,69.83,69.92,69.81,69.91,165019.0,69.8595,645
2026-02-06 15:49:00-05:00,SQQQ,69.91,69.95,69.8501,69.87,94105.0,69.9077,533
2026-02-06 15:50:00-05:00,SQQQ,69.865,69.91,69.6122,69.6303,436228.0,69.7394,2311
2026-02-06 15:51:00-05:00,SQQQ,69.63,69.64,69.365,69.3894,297793.0,69.4723,1832
2026-02-06 15:52:00-05:00,SQQQ,69.385,69.5,69.35,69.48,243661.0,69.4015,1597
2026-02-06 15:53:00-05:00,SQQQ,69.48,69.545,69.41,69.43,188120.0,69.4673,1356
2026-02-06 15:54:00-05:00,SQQQ,69.43,69.545,69.42,69.5,322605.0,69.4826,1528
2026-02-06 15:55:00-05:00,SQQQ,69.51,69.75,69.49,69.707,447086.0,69.631,2351
2026-02-06 15:56:00-05:00,SQQQ,69.7,69.7399,69.65,69.705,138354.0,69.6954,879
2026-02-06 15:57:00-05:00,SQQQ,69.71,69.77,69.615,69.665,186386.0,69.6885,1009
2026-02-06 15:58:00-05:00,SQQQ,69.67,69.735,69.65,69.735,278391.0,69.6868,1059
2026-02-06 15:59:00-05:00,SQQQ,69.735,70.02,69.6301,70.0,914366.0,69.7916,3340
2026-02-06 16:00:00-05:00,SQQQ,69.98,70.14,69.89,70.1298,112240.0,69.9759,352
2026-02-06 16:01:00-05:00,SQQQ,70.1015,70.1095,69.87,69.9,34017.0,69.9508,208
2026-02-06 16:02:00-05:00,SQQQ,69.95,70.0785,69.92,70.0618,25951.0,70.0173,126
2026-02-06 16:03:00-05:00,SQQQ,70.07,70.1,70.04,70.09,33538.0,70.0614,109
2026-02-06 16:04:00-05:00,SQQQ,70.1,70.13,70.04,70.0503,26027.0,70.0939,140
2026-02-06 16:05:00-05:00,SQQQ,70.0602,70.08,70.01,70.02,12848.0,70.0329,78
2026-02-06 16:06:00-05:00,SQQQ,70.01,70.03,69.9408,70.0,17735.0,70.0,85
2026-02-06 16:07:00-05:00,SQQQ,70.0,70.05,70.0,70.05,17649.0,70.0371,76
2026-02-06 16:08:00-05:00,SQQQ,70.04,70.09,70.04,70.07,6845.0,70.0665,48
2026-02-06 16:09:00-05:00,SQQQ,70.1,70.14,70.09,70.13,27676.0,70.1039,87
2026-02-06 16:10:00-05:00,SQQQ,70.131,70.1505,70.1,70.1,16485.0,70.1373,94
2026-02-06 16:11:00-05:00,SQQQ,70.1,70.16,70.1,70.15,20805.0,70.1427,82
2026-02-06 16:12:00-05:00,SQQQ,70.15,70.1615,70.13,70.1402,8001.0,70.1573,35
2026-02-06 16:13:00-05:00,SQQQ,70.12,70.18,70.1103,70.18,23940.0,70.1417,116
2026-02-06 16:14:00-05:00,SQQQ,70.19,70.19,70.1,70.14,15077.0,70.1349,72
2026-02-06 16:15:00-05:00,SQQQ,70.17,70.2101,70.17,70.2036,23629.0,70.1967,79
2026-02-06 16:16:00-05:00,SQQQ,70.21,70.24,70.2,70.23,7559.0,70.2217,50
2026-02-06 16:17:00-05:00,SQQQ,70.22,70.24,70.19,70.19,3357.0,70.2141,35
2026-02-06 16:18:00-05:00,SQQQ,70.14,70.15,70.12,70.12,7751.0,70.1407,30
2026-02-06 16:19:00-05:00,SQQQ,70.1116,70.15,70.1099,70.13,10646.0,70.1277,82
2026-02-06 16:20:00-05:00,SQQQ,70.14,70.14,70.12,70.13,6826.0,70.1301,30
2026-02-06 16:21:00-05:00,SQQQ,70.1297,70.16,70.1297,70.15,6699.0,70.1416,28
2026-02-06 16:22:00-05:00,SQQQ,70.16,70.22,70.16,70.22,8396.0,70.1784,34
2026-02-06 16:23:00-05:00,SQQQ,70.22,70.25,70.2,70.21,18491.0,70.2339,89
2026-02-06 16:24:00-05:00,SQQQ,70.2198,70.281,70.2198,70.25,19236.0,70.2503,74
2026-02-06 16:25:00-05:00,SQQQ,70.25,70.26,70.22,70.26,7172.0,70.2429,40
2026-02-06 16:26:00-05:00,SQQQ,70.27,70.28,70.25,70.27,9487.0,70.2683,37
2026-02-06 16:27:00-05:00,SQQQ,70.26,70.3,70.26,70.29,9226.0,70.2847,60
2026-02-06 16:28:00-05:00,SQQQ,70.2803,70.3,70.2701,70.2895,15977.0,70.2924,63
2026-02-06 16:29:00-05:00,SQQQ,70.27,70.29,70.27,70.29,5584.0,70.2744,38
2026-02-06 16:30:00-05:00,SQQQ,70.3,70.31,70.28,70.2816,3518.0,70.299,32
2026-02-06 16:31:00-05:00,SQQQ,70.2988,70.3303,70.2988,70.3303,7230.0,70.3101,40
2026-02-06 16:32:00-05:00,SQQQ,70.32,70.36,70.32,70.36,5683.0,70.3416,67
2026-02-06 16:33:00-05:00,SQQQ,70.3485,70.36,70.32,70.32,9702.0,70.3504,47
2026-02-06 16:34:00-05:00,SQQQ,70.31,70.32,70.3099,70.319,3093.0,70.3137,22
2026-02-06 16:35:00-05:00,SQQQ,70.31,70.31,70.28,70.29,2422.0,70.2995,27
2026-02-06 16:36:00-05:00,SQQQ,70.3,70.3294,70.29,70.31,5131.0,70.3082,20
2026-02-06 16:37:00-05:00,SQQQ,70.29,70.3,70.29,70.2904,2193.0,70.2953,46
2026-02-06 16:38:00-05:00,SQQQ,70.31,70.3111,70.31,70.3111,1771.0,70.3099,27
2026-02-06 16:39:00-05:00,SQQQ,70.3103,70.34,70.31,70.34,4086.0,70.3228,40
2026-02-06 16:40:00-05:00,SQQQ,70.3402,70.3402,70.3,70.3,2940.0,70.3261,23
2026-02-06 16:41:00-05:00,SQQQ,70.2985,70.3104,70.29,70.31,25298.0,70.3088,51
2026-02-06 16:42:00-05:00,SQQQ,70.32,70.3315,70.32,70.3315,4597.0,70.3289,22
2026-02-06 16:43:00-05:00,SQQQ,70.33,70.37,70.33,70.37,7567.0,70.347,50
2026-02-06 16:44:00-05:00,SQQQ,70.37,70.39,70.31,70.31,7013.0,70.3486,61
2026-02-06 16:45:00-05:00,SQQQ,70.33,70.36,70.33,70.35,3349.0,70.3412,19
2026-02-06 16:46:00-05:00,SQQQ,70.3518,70.36,70.33,70.35,3814.0,70.3468,23
2026-02-06 16:47:00-05:00,SQQQ,70.35,70.3709,70.3499,70.3709,2284.0,70.3573,14
2026-02-06 16:48:00-05:00,SQQQ,70.35,70.3581,70.34,70.3581,933.0,70.3492,13
2026-02-06 16:49:00-05:00,SQQQ,70.36,70.4,70.36,70.4,16022.0,70.3839,59
2026-02-06 16:50:00-05:00,SQQQ,70.4,70.45,70.4,70.45,13711.0,70.4155,85
2026-02-06 16:51:00-05:00,SQQQ,70.45,70.45,70.41,70.42,7401.0,70.444,42
2026-02-06 16:52:00-05:00,SQQQ,70.43,70.43,70.41,70.41,5200.0,70.4177,25
2026-02-06 16:53:00-05:00,SQQQ,70.4,70.4,70.389,70.39,3378.0,70.3915,27
2026-02-06 16:54:00-05:00,SQQQ,70.37,70.41,70.35,70.4,61573.0,70.3712,69
2026-02-06 16:55:00-05:00,SQQQ,70.4,70.4299,70.3982,70.3982,8241.0,70.4108,64
2026-02-06 16:56:00-05:00,SQQQ,70.38,70.4,70.28,70.32,12889.0,70.3533,62
2026-02-06 16:57:00-05:00,SQQQ,70.32,70.35,70.3105,70.35,3495.0,70.3243,35
2026-02-06 16:58:00-05:00,SQQQ,70.36,70.36,70.3322,70.35,4031.0,70.347,37
2026-02-06 16:59:00-05:00,SQQQ,70.31,70.35,70.31,70.35,818.0,70.3145,22
2026-02-06 17:00:00-05:00,SQQQ,70.28,70.28,70.28,70.28,1132.0,70.282,12
2026-02-06 17:01:00-05:00,SQQQ,70.28,70.28,70.21,70.2782,9028.0,70.2532,45
2026-02-06 17:02:00-05:00,SQQQ,70.23,70.23,70.16,70.22,18045.0,70.179,39
2026-02-06 17:03:00-05:00,SQQQ,70.2304,70.2304,70.2005,70.21,826.0,70.2139,14
2026-02-06 17:04:00-05:00,SQQQ,70.2,70.23,70.2,70.23,2197.0,70.2071,10
2026-02-06 17:05:00-05:00,SQQQ,70.2015,70.2015,70.2015,70.2015,930.0,70.2058,10
2026-02-06 17:06:00-05:00,SQQQ,70.2,70.2,70.18,70.1801,4261.0,70.1867,29
2026-02-06 17:07:00-05:00,SQQQ,70.18,70.18,70.18,70.18,821.0,70.1808,8
2026-02-06 17:08:00-05:00,SQQQ,70.19,70.19,70.18,70.18,2212.0,70.183,22
2026-02-06 17:09:00-05:00,SQQQ,70.18,70.18,70.16,70.16,2114.0,70.1773,30
2026-02-06 17:10:00-05:00,SQQQ,70.16,70.18,70.16,70.16,1025.0,70.1646,17
2026-02-06 17:11:00-05:00,SQQQ,70.16,70.17,70.16,70.16,2002.0,70.1636,25
2026-02-06 17:12:00-05:00,SQQQ,70.16,70.18,70.16,70.17,3353.0,70.1725,45
2026-02-06 17:13:00-05:00,SQQQ,70.18,70.18,70.1605,70.1605,8143.0,70.1669,22
2026-02-06 17:14:00-05:00,SQQQ,70.178,70.18,70.16,70.16,1264.0,70.1758,8
2026-02-06 17:15:00-05:00,SQQQ,70.17,70.18,70.17,70.1797,3136.0,70.1756,13
2026-02-06 17:16:00-05:00,SQQQ,70.1702,70.1702,70.17,70.17,2623.0,70.1702,3
2026-02-06 17:17:00-05:00,SQQQ,70.17,70.18,70.17,70.18,818.0,70.1722,8
2026-02-06 17:18:00-05:00,SQQQ,70.171,70.2,70.17,70.2,6595.0,70.1758,42
2026-02-06 17:19:00-05:00,SQQQ,70.2,70.2293,70.2,70.2293,410.0,70.2148,7
2026-02-06 17:20:00-05:00,SQQQ,70.2131,70.2131,70.21,70.2103,746.0,70.2122,11
2026-02-06 17:21:00-05:00,SQQQ,70.23,70.24,70.2105,70.24,2047.0,70.2322,23
2026-02-06 17:22:00-05:00,SQQQ,70.24,70.24,70.24,70.24,292.0,70.2436,6
2026-02-06 17:23:00-05:00,SQQQ,70.24,70.3,70.24,70.3,10295.0,70.2935,36
2026-02-06 17:24:00-05:00,SQQQ,70.2517,70.2517,70.2517,70.2517,407.0,70.2551,18
2026-02-06 17:25:00-05:00,SQQQ,70.25,70.27,70.25,70.26,2640.0,70.2572,27
2026-02-06 17:26:00-05:00,SQQQ,70.26,70.2696,70.26,70.2696,8919.0,70.2662,7
2026-02-06 17:27:00-05:00,SQQQ,70.25,70.2567,70.23,70.2567,1730.0,70.2377,11
2026-02-06 17:28:00-05:00,SQQQ,70.23,70.25,70.221,70.25,1671.0,70.2304,16
2026-02-06 17:29:00-05:00,SQQQ,70.25,70.25,70.24,70.25,1195.0,70.2455,13
2026-02-06 17:31:00-05:00,SQQQ,70.211,70.211,70.17,70.2,4891.0,70.2003,17
2026-02-06 17:32:00-05:00,SQQQ,70.26,70.26,70.26,70.26,235.0,70.2528,6
2026-02-06 17:33:00-05:00,SQQQ,70.16,70.16,70.16,70.16,436.0,70.1633,5
2026-02-06 17:34:00-05:00,SQQQ,70.2,70.2,70.2,70.2,205.0,70.1938,9
2026-02-06 17:35:00-05:00,SQQQ,70.2,70.2,70.2,70.2,247.0,70.1995,3
2026-02-06 17:36:00-05:00,SQQQ,70.21,70.25,70.19,70.25,1673.0,70.2272,12
2026-02-06 17:37:00-05:00,SQQQ,70.2277,70.2277,70.2277,70.2277,189.0,70.2212,16
2026-02-06 17:38:00-05:00,SQQQ,70.25,70.27,70.2,70.2,1002.0,70.2483,21
2026-02-06 17:39:00-05:00,SQQQ,70.1708,70.1708,70.1708,70.1708,405.0,70.1736,12
2026-02-06 17:45:00-05:00,SQQQ,70.23,70.2487,70.23,70.2487,754.0,70.239,8
2026-02-06 17:47:00-05:00,SQQQ,70.2384,70.2384,70.21,70.21,1783.0,70.2322,9
2026-02-06 17:48:00-05:00,SQQQ,70.2,70.2,70.2,70.2,258.0,70.207,4
2026-02-06 17:49:00-05:00,SQQQ,70.2304,70.2304,70.18,70.19,2313.0,70.1991,58
2026-02-06 17:50:00-05:00,SQQQ,70.21,70.21,70.21,70.21,563.0,70.207,9
2026-02-06 17:51:00-05:00,SQQQ,70.23,70.23,70.22,70.22,671.0,70.2233,20
2026-02-06 17:52:00-05:00,SQQQ,70.2185,70.2185,70.21,70.21,1213.0,70.2137,6
2026-02-06 17:53:00-05:00,SQQQ,70.1994,70.1994,70.18,70.18,562.0,70.187,6
2026-02-06 17:55:00-05:00,SQQQ,70.2,70.2,70.2,70.2,329.0,70.2016,9
2026-02-06 17:56:00-05:00,SQQQ,70.1809,70.1809,70.1802,70.1802,698.0,70.187,22
2026-02-06 17:58:00-05:00,SQQQ,70.18,70.19,70.18,70.19,1359.0,70.1893,6
2026-02-06 17:59:00-05:00,SQQQ,70.1801,70.1801,70.1801,70.1801,1294.0,70.1808,15
2026-02-06 18:01:00-05:00,SQQQ,70.18,70.19,70.18,70.19,783.0,70.1788,53
2026-02-06 18:02:00-05:00,SQQQ,70.19,70.2,70.19,70.2,1321.0,70.1957,19
2026-02-06 18:03:00-05:00,SQQQ,70.2,70.2,70.1998,70.2,3417.0,70.1999,7
2026-02-06 18:04:00-05:00,SQQQ,70.19,70.2,70.19,70.2,4399.0,70.1932,4
2026-02-06 18:07:00-05:00,SQQQ,70.2279,70.2279,70.2279,70.2279,274.0,70.2213,8
2026-02-06 18:09:00-05:00,SQQQ,70.2269,70.2269,70.2269,70.2269,236.0,70.2221,5
2026-02-06 18:10:00-05:00,SQQQ,70.21,70.22,70.21,70.22,2078.0,70.2134,11
2026-02-06 18:11:00-05:00,SQQQ,70.21,70.22,70.2,70.22,2758.0,70.2162,11
2026-02-06 18:12:00-05:00,SQQQ,70.2,70.2001,70.2,70.2,568.0,70.201,4
2026-02-06 18:13:00-05:00,SQQQ,70.2085,70.2085,70.2,70.2,2146.0,70.2019,74
2026-02-06 18:14:00-05:00,SQQQ,70.2,70.2,70.2,70.2,1394.0,70.2002,14
2026-02-06 18:15:00-05:00,SQQQ,70.1696,70.1696,70.1644,70.1644,306.0,70.1665,5
2026-02-06 18:16:00-05:00,SQQQ,70.18,70.18,70.18,70.18,452.0,70.1812,4
2026-02-06 18:17:00-05:00,SQQQ,70.19,70.19,70.19,70.19,196.0,70.1949,8
2026-02-06 18:18:00-05:00,SQQQ,70.1995,70.2,70.19,70.19,565.0,70.1943,6
2026-02-06 18:19:00-05:00,SQQQ,70.17,70.17,70.17,70.17,1453.0,70.1722,16
2026-02-06 18:20:00-05:00,SQQQ,70.16,70.16,70.15,70.15,1308.0,70.1575,18
2026-02-06 18:21:00-05:00,SQQQ,70.16,70.16,70.1515,70.1599,17312.0,70.1598,17
2026-02-06 18:22:00-05:00,SQQQ,70.16,70.16,70.16,70.16,2065.0,70.1597,3
2026-02-06 18:23:00-05:00,SQQQ,70.16,70.19,70.15,70.19,429.0,70.1648,6
2026-02-06 18:24:00-05:00,SQQQ,70.18,70.18,70.18,70.18,507.0,70.1796,3
2026-02-06 18:25:00-05:00,SQQQ,70.19,70.19,70.19,70.19,273.0,70.1854,5
2026-02-06 18:27:00-05:00,SQQQ,70.1608,70.1608,70.1608,70.1608,302.0,70.1616,5
2026-02-06 18:28:00-05:00,SQQQ,70.16,70.16,70.16,70.16,369.0,70.1685,7
2026-02-06 18:29:00-05:00,SQQQ,70.16,70.16,70.16,70.16,346.0,70.1627,4
2026-02-06 18:31:00-05:00,SQQQ,70.18,70.18,70.18,70.18,195.0,70.1752,5
2026-02-06 18:32:00-05:00,SQQQ,70.1601,70.1603,70.16,70.1603,5184.0,70.1604,11
2026-02-06 18:34:00-05:00,SQQQ,70.17,70.17,70.16,70.16,400.0,70.1649,5
2026-02-06 18:35:00-05:00,SQQQ,70.17,70.17,70.17,70.17,202.0,70.1671,7
2026-02-06 18:36:00-05:00,SQQQ,70.17,70.17,70.17,70.17,3030.0,70.1699,3
2026-02-06 18:37:00-05:00,SQQQ,70.1602,70.1602,70.1602,70.1602,157.0,70.1623,7
2026-02-06 18:39:00-05:00,SQQQ,70.16,70.1699,70.16,70.1699,1690.0,70.1628,9
2026-02-06 18:40:00-05:00,SQQQ,70.1685,70.1685,70.165,70.1685,3278.0,70.1679,11
2026-02-06 18:41:00-05:00,SQQQ,70.1699,70.1699,70.16,70.16,624.0,70.1658,11
2026-02-06 18:42:00-05:00,SQQQ,70.1697,70.17,70.1697,70.17,1493.0,70.1698,10
2026-02-06 18:43:00-05:00,SQQQ,70.1601,70.1685,70.1601,70.1685,1325.0,70.1664,4
2026-02-06 18:44:00-05:00,SQQQ,70.17,70.17,70.1615,70.1615,654.0,70.1627,6
2026-02-06 18:45:00-05:00,SQQQ,70.16,70.16,70.16,70.16,1961.0,70.16,10
2026-02-06 18:46:00-05:00,SQQQ,70.15,70.17,70.15,70.1699,3358.0,70.1691,10
2026-02-06 18:47:00-05:00,SQQQ,70.17,70.17,70.15,70.1699,5677.0,70.1676,15
2026-02-06 18:48:00-05:00,SQQQ,70.16,70.1798,70.16,70.1798,996.0,70.1708,15
2026-02-06 18:49:00-05:00,SQQQ,70.1798,70.18,70.1798,70.18,425.0,70.1786,5
2026-02-06 18:50:00-05:00,SQQQ,70.17,70.1799,70.17,70.17,6490.0,70.1714,8
2026-02-06 18:51:00-05:00,SQQQ,70.18,70.18,70.17,70.1799,8433.0,70.1796,22
2026-02-06 18:52:00-05:00,SQQQ,70.1893,70.1893,70.17,70.17,3550.0,70.1732,25
2026-02-06 18:53:00-05:00,SQQQ,70.1695,70.17,70.1695,70.1699,660.0,70.1698,6
2026-02-06 18:55:00-05:00,SQQQ,70.15,70.15,70.15,70.15,595.0,70.1503,7
2026-02-06 18:57:00-05:00,SQQQ,70.16,70.1618,70.16,70.16,1177.0,70.1605,14
2026-02-06 18:58:00-05:00,SQQQ,70.1554,70.17,70.1554,70.17,1041.0,70.1652,10
2026-02-06 18:59:00-05:00,SQQQ,70.18,70.18,70.1703,70.1703,4724.0,70.1755,4
2026-02-06 19:00:00-05:00,SQQQ,70.17,70.17,70.17,70.17,520.0,70.1701,4
2026-02-06 19:02:00-05:00,SQQQ,70.18,70.18,70.17,70.18,2304.0,70.1788,8
2026-02-06 19:03:00-05:00,SQQQ,70.17,70.18,70.17,70.18,2618.0,70.1775,9
2026-02-06 19:04:00-05:00,SQQQ,70.1631,70.1795,70.1631,70.1795,2619.0,70.1777,8
2026-02-06 19:05:00-05:00,SQQQ,70.16,70.16,70.16,70.16,193.0,70.1638,5
2026-02-06 19:06:00-05:00,SQQQ,70.18,70.18,70.18,70.18,300.0,70.1785,4
2026-02-06 19:07:00-05:00,SQQQ,70.18,70.18,70.1715,70.1715,443.0,70.1735,6
2026-02-06 19:08:00-05:00,SQQQ,70.1785,70.1785,70.1701,70.1701,1749.0,70.1717,5
2026-02-06 19:09:00-05:00,SQQQ,70.17,70.1785,70.17,70.1785,827.0,70.1744,5
2026-02-06 19:10:00-05:00,SQQQ,70.18,70.18,70.18,70.18,600.0,70.18,1
2026-02-06 19:12:00-05:00,SQQQ,70.1799,70.1799,70.17,70.1712,1579.0,70.1724,8
2026-02-06 19:14:00-05:00,SQQQ,70.1782,70.1782,70.17,70.17,777.0,70.1754,8
2026-02-06 19:16:00-05:00,SQQQ,70.18,70.18,70.17,70.18,1883.0,70.1751,15
2026-02-06 19:18:00-05:00,SQQQ,70.1715,70.1715,70.1715,70.1715,181.0,70.1709,4
2026-02-06 19:19:00-05:00,SQQQ,70.17,70.18,70.17,70.17,1050.0,70.1716,18
2026-02-06 19:20:00-05:00,SQQQ,70.17,70.18,70.16,70.17,2221.0,70.169,26
2026-02-06 19:21:00-05:00,SQQQ,70.16,70.16,70.16,70.16,349.0,70.1549,8
2026-02-06 19:24:00-05:00,SQQQ,70.13,70.15,70.13,70.14,1050.0,70.1394,18
2026-02-06 19:25:00-05:00,SQQQ,70.15,70.15,70.1031,70.1031,11937.0,70.1205,24
2026-02-06 19:26:00-05:00,SQQQ,70.12,70.12,70.11,70.11,11384.0,70.1191,13
2026-02-06 19:27:00-05:00,SQQQ,70.12,70.12,70.11,70.11,5511.0,70.1191,7
2026-02-06 19:28:00-05:00,SQQQ,70.1199,70.1199,70.11,70.11,5794.0,70.1186,5
2026-02-06 19:29:00-05:00,SQQQ,70.1199,70.1199,70.1199,70.1199,1537.0,70.1197,5
2026-02-06 19:30:00-05:00,SQQQ,70.11,70.12,70.11,70.12,5864.0,70.1181,10
2026-02-06 19:31:00-05:00,SQQQ,70.1197,70.12,70.1115,70.1115,4999.0,70.1193,6
2026-02-06 19:32:00-05:00,SQQQ,70.12,70.12,70.11,70.11,1478.0,70.1182,11
2026-02-06 19:33:00-05:00,SQQQ,70.11,70.12,70.1,70.12,9801.0,70.1082,23
2026-02-06 19:34:00-05:00,SQQQ,70.12,70.1207,70.12,70.12,1039.0,70.1203,21
2026-02-06 19:36:00-05:00,SQQQ,70.12,70.12,70.12,70.12,277.0,70.1184,5
2026-02-06 19:37:00-05:00,SQQQ,70.14,70.15,70.12,70.12,1725.0,70.141,15
2026-02-06 19:38:00-05:00,SQQQ,70.12,70.12,70.11,70.12,1127.0,70.1182,8
2026-02-06 19:39:00-05:00,SQQQ,70.1494,70.1494,70.12,70.12,771.0,70.1273,18
2026-02-06 19:40:00-05:00,SQQQ,70.1199,70.12,70.11,70.11,1699.0,70.1131,14
2026-02-06 19:41:00-05:00,SQQQ,70.11,70.11,70.11,70.11,645.0,70.1114,22
2026-02-06 19:42:00-05:00,SQQQ,70.1,70.1,70.08,70.08,6603.0,70.0906,30
2026-02-06 19:43:00-05:00,SQQQ,70.0797,70.0797,70.0685,70.0685,2885.0,70.0711,17
2026-02-06 19:44:00-05:00,SQQQ,70.07,70.08,70.07,70.08,4503.0,70.0702,9
2026-02-06 19:45:00-05:00,SQQQ,70.0938,70.0938,70.0799,70.08,509.0,70.0839,9
2026-02-06 19:46:00-05:00,SQQQ,70.07,70.1,70.07,70.0808,800.0,70.0867,11
2026-02-06 19:47:00-05:00,SQQQ,70.0808,70.1,70.0808,70.1,351.0,70.0911,11
2026-02-06 19:48:00-05:00,SQQQ,70.08,70.0801,70.08,70.0801,341.0,70.0853,5
2026-02-06 19:49:00-05:00,SQQQ,70.09,70.09,70.08,70.08,885.0,70.0865,10
2026-02-06 19:50:00-05:00,SQQQ,70.1,70.1,70.0999,70.0999,4088.0,70.0998,11
2026-02-06 19:51:00-05:00,SQQQ,70.09,70.09,70.08,70.08,1694.0,70.0823,9
2026-02-06 19:52:00-05:00,SQQQ,70.0998,70.0999,70.09,70.09,2020.0,70.0938,35
2026-02-06 19:53:00-05:00,SQQQ,70.08,70.08,70.08,70.08,615.0,70.0803,7
2026-02-06 19:54:00-05:00,SQQQ,70.0899,70.0899,70.0899,70.0899,209.0,70.0899,4
2026-02-06 19:55:00-05:00,SQQQ,70.0897,70.09,70.0897,70.09,409.0,70.09,9
2026-02-06 19:57:00-05:00,SQQQ,70.0985,70.0985,70.0915,70.0915,792.0,70.0932,6
2026-02-06 19:58:00-05:00,SQQQ,70.0998,70.12,70.08,70.0909,3573.0,70.093,20
2026-02-06 19:59:00-05:00,SQQQ,70.1,70.1195,70.1,70.11,2504.0,70.1093,22
