datetime,ticker,open,high,low,close,volume,vwap,transactions
2026-02-03 04:00:00-05:00,TQQQ,55.93,56.04,55.87,56.0,34447.0,55.9868,357
2026-02-03 04:01:00-05:00,TQQQ,55.99,56.05,55.99,56.05,13383.0,56.0424,161
2026-02-03 04:02:00-05:00,TQQQ,56.05,56.07,56.03,56.03,7415.0,56.0515,121
2026-02-03 04:03:00-05:00,TQQQ,56.03,56.03,55.95,55.98,10073.0,55.9966,93
2026-02-03 04:04:00-05:00,TQQQ,55.98,56.0,55.98,55.99,4582.0,55.9901,92
2026-02-03 04:05:00-05:00,TQQQ,56.02,56.12,56.02,56.12,4530.0,56.0893,74
2026-02-03 04:06:00-05:00,TQQQ,56.11,56.12,56.08,56.08,9658.0,56.1071,114
2026-02-03 04:07:00-05:00,TQQQ,56.07,56.08,56.07,56.08,2583.0,56.0761,61
2026-02-03 04:08:00-05:00,TQQQ,56.09,56.1,56.08,56.08,2046.0,56.0935,48
2026-02-03 04:09:00-05:00,TQQQ,56.05,56.06,56.05,56.05,4736.0,56.0508,84
2026-02-03 04:10:00-05:00,TQQQ,56.0,56.0,55.96,55.99,4551.0,55.9824,92
2026-02-03 04:11:00-05:00,TQQQ,55.99,55.99,55.94,55.94,1482.0,55.9639,42
2026-02-03 04:12:00-05:00,TQQQ,55.95,55.96,55.95,55.96,1944.0,55.9506,45
2026-02-03 04:13:00-05:00,TQQQ,55.96,55.96,55.92,55.92,777.0,55.9359,42
2026-02-03 04:14:00-05:00,TQQQ,55.93,55.94,55.93,55.94,8193.0,55.9337,79
2026-02-03 04:15:00-05:00,TQQQ,55.93,55.93,55.9,55.92,3851.0,55.9196,75
2026-02-03 04:16:00-05:00,TQQQ,55.91,55.98,55.91,55.98,3279.0,55.9279,44
2026-02-03 04:17:00-05:00,TQQQ,55.98,55.98,55.97,55.98,3366.0,55.9784,61
2026-02-03 04:18:00-05:00,TQQQ,55.97,55.97,55.94,55.96,1823.0,55.96,39
2026-02-03 04:19:00-05:00,TQQQ,55.95,55.98,55.95,55.98,1902.0,55.959,34
2026-02-03 04:20:00-05:00,TQQQ,55.96,55.98,55.95,55.95,12320.0,55.9673,94
2026-02-03 04:21:00-05:00,TQQQ,55.94,55.99,55.93,55.99,8866.0,55.9524,58
2026-02-03 04:22:00-05:00,TQQQ,55.98,55.98,55.95,55.95,3422.0,55.9729,48
2026-02-03 04:23:00-05:00,TQQQ,55.94,55.95,55.88,55.88,13369.0,55.9399,97
2026-02-03 04:24:00-05:00,TQQQ,55.92,55.93,55.88,55.88,3547.0,55.892,81
2026-02-03 04:25:00-05:00,TQQQ,55.85,55.85,55.82,55.82,8094.0,55.8424,102
2026-02-03 04:26:00-05:00,TQQQ,55.82,55.88,55.82,55.87,10277.0,55.8527,105
2026-02-03 04:27:00-05:00,TQQQ,55.88,55.88,55.85,55.85,2459.0,55.868,50
2026-02-03 04:29:00-05:00,TQQQ,55.88,55.88,55.85,55.85,14750.0,55.8679,68
2026-02-03 04:30:00-05:00,TQQQ,55.86,55.87,55.83,55.84,3154.0,55.8449,44
2026-02-03 04:32:00-05:00,TQQQ,55.88,55.92,55.88,55.9,9746.0,55.9008,96
2026-02-03 04:33:00-05:00,TQQQ,55.94,55.94,55.92,55.92,3644.0,55.9277,53
2026-02-03 04:34:00-05:00,TQQQ,55.94,55.94,55.92,55.93,2396.0,55.9217,38
2026-02-03 04:35:00-05:00,TQQQ,55.89,55.89,55.89,55.89,922.0,55.8924,43
2026-02-03 04:36:00-05:00,TQQQ,55.86,55.86,55.85,55.85,2218.0,55.8618,50
2026-02-03 04:37:00-05:00,TQQQ,55.86,55.87,55.86,55.87,5334.0,55.8685,56
2026-02-03 04:38:00-05:00,TQQQ,55.85,55.85,55.83,55.84,2066.0,55.8434,48
2026-02-03 04:39:00-05:00,TQQQ,55.83,55.84,55.82,55.84,2142.0,55.8292,50
2026-02-03 04:40:00-05:00,TQQQ,55.85,55.85,55.83,55.83,1472.0,55.8407,32
2026-02-03 04:41:00-05:00,TQQQ,55.86,55.86,55.85,55.85,3049.0,55.8583,50
2026-02-03 04:42:00-05:00,TQQQ,55.86,55.92,55.86,55.92,2572.0,55.874,52
2026-02-03 04:43:00-05:00,TQQQ,55.87,55.87,55.87,55.87,846.0,55.8777,21
2026-02-03 04:44:00-05:00,TQQQ,55.87,55.87,55.87,55.87,1645.0,55.87,18
2026-02-03 04:45:00-05:00,TQQQ,55.87,55.9,55.87,55.89,15243.0,55.8726,44
2026-02-03 04:46:00-05:00,TQQQ,55.89,55.89,55.84,55.85,2583.0,55.8683,43
2026-02-03 04:47:00-05:00,TQQQ,55.86,55.86,55.86,55.86,607.0,55.8605,16
2026-02-03 04:48:00-05:00,TQQQ,55.9,55.9,55.89,55.9,2504.0,55.8961,45
2026-02-03 04:49:00-05:00,TQQQ,55.91,55.91,55.91,55.91,414.0,55.908,17
2026-02-03 04:50:00-05:00,TQQQ,55.91,55.91,55.91,55.91,2135.0,55.9093,45
2026-02-03 04:51:00-05:00,TQQQ,55.93,55.93,55.93,55.93,6421.0,55.9296,67
2026-02-03 04:52:00-05:00,TQQQ,55.93,55.93,55.92,55.92,3680.0,55.9288,70
2026-02-03 04:53:00-05:00,TQQQ,55.92,55.93,55.92,55.93,2311.0,55.9275,34
2026-02-03 04:54:00-05:00,TQQQ,55.88,55.88,55.88,55.88,1076.0,55.8845,43
2026-02-03 04:55:00-05:00,TQQQ,55.87,55.87,55.86,55.86,1242.0,55.8639,48
2026-02-03 04:56:00-05:00,TQQQ,55.84,55.84,55.82,55.84,2758.0,55.8366,47
2026-02-03 04:57:00-05:00,TQQQ,55.85,55.85,55.85,55.85,220.0,55.847,10
2026-02-03 04:58:00-05:00,TQQQ,55.85,55.85,55.83,55.83,1972.0,55.8402,38
2026-02-03 04:59:00-05:00,TQQQ,55.88,55.88,55.88,55.88,1390.0,55.8762,36
2026-02-03 05:00:00-05:00,TQQQ,55.9,55.91,55.89,55.91,3545.0,55.8972,57
2026-02-03 05:01:00-05:00,TQQQ,55.88,55.88,55.88,55.88,2030.0,55.881,36
2026-02-03 05:03:00-05:00,TQQQ,55.92,55.94,55.91,55.94,3483.0,55.9297,76
2026-02-03 05:05:00-05:00,TQQQ,55.96,56.0,55.96,56.0,4505.0,55.9854,132
2026-02-03 05:06:00-05:00,TQQQ,55.98,55.98,55.97,55.97,2158.0,55.9751,35
2026-02-03 05:07:00-05:00,TQQQ,55.97,55.97,55.96,55.97,5015.0,55.9622,50
2026-02-03 05:08:00-05:00,TQQQ,55.99,55.99,55.98,55.98,3206.0,55.9849,49
2026-02-03 05:09:00-05:00,TQQQ,55.96,55.97,55.96,55.97,606.0,55.965,19
2026-02-03 05:11:00-05:00,TQQQ,55.95,55.95,55.95,55.95,840.0,55.9545,35
2026-02-03 05:13:00-05:00,TQQQ,55.97,55.97,55.96,55.96,1480.0,55.9666,32
2026-02-03 05:14:00-05:00,TQQQ,55.96,55.97,55.95,55.95,3209.0,55.9592,84
2026-02-03 05:15:00-05:00,TQQQ,55.95,55.95,55.94,55.94,550.0,55.9379,24
2026-02-03 05:16:00-05:00,TQQQ,55.98,55.98,55.98,55.98,542.0,55.979,37
2026-02-03 05:17:00-05:00,TQQQ,55.97,55.97,55.97,55.97,1029.0,55.97,30
2026-02-03 05:18:00-05:00,TQQQ,55.96,55.96,55.96,55.96,1269.0,55.9486,41
2026-02-03 05:19:00-05:00,TQQQ,55.9,55.9,55.9,55.9,24678.0,55.9002,66
2026-02-03 05:20:00-05:00,TQQQ,55.93,55.93,55.92,55.92,8070.0,55.9283,77
2026-02-03 05:22:00-05:00,TQQQ,55.93,55.93,55.9,55.9,2960.0,55.9026,33
2026-02-03 05:23:00-05:00,TQQQ,55.92,55.93,55.92,55.92,12209.0,55.9235,64
2026-02-03 05:24:00-05:00,TQQQ,55.91,55.91,55.91,55.91,593.0,55.9088,23
2026-02-03 05:25:00-05:00,TQQQ,55.88,55.88,55.88,55.88,643.0,55.8867,16
2026-02-03 05:26:00-05:00,TQQQ,55.9,55.9,55.9,55.9,2513.0,55.9009,32
2026-02-03 05:27:00-05:00,TQQQ,55.88,55.88,55.88,55.88,891.0,55.8931,38
2026-02-03 05:28:00-05:00,TQQQ,55.92,55.92,55.92,55.92,1597.0,55.916,23
2026-02-03 05:29:00-05:00,TQQQ,55.9,55.9,55.9,55.9,2636.0,55.9,30
2026-02-03 05:30:00-05:00,TQQQ,55.88,55.88,55.88,55.88,10459.0,55.8804,151
2026-02-03 05:31:00-05:00,TQQQ,55.87,55.89,55.87,55.87,6698.0,55.8763,96
2026-02-03 05:32:00-05:00,TQQQ,55.86,55.86,55.86,55.86,844.0,55.8602,22
2026-02-03 05:33:00-05:00,TQQQ,55.87,55.87,55.85,55.85,3088.0,55.8519,33
2026-02-03 05:34:00-05:00,TQQQ,55.84,55.84,55.84,55.84,747.0,55.8403,37
2026-02-03 05:35:00-05:00,TQQQ,55.82,55.82,55.8,55.8,13323.0,55.8024,153
2026-02-03 05:36:00-05:00,TQQQ,55.8,55.81,55.8,55.81,6201.0,55.8041,97
2026-02-03 05:37:00-05:00,TQQQ,55.79,55.79,55.79,55.79,855.0,55.7989,37
2026-02-03 05:38:00-05:00,TQQQ,55.8,55.8,55.8,55.8,302.0,55.803,17
2026-02-03 05:39:00-05:00,TQQQ,55.82,55.82,55.79,55.79,3290.0,55.8006,74
2026-02-03 05:40:00-05:00,TQQQ,55.82,55.82,55.76,55.79,7277.0,55.7872,154
2026-02-03 05:41:00-05:00,TQQQ,55.8,55.8,55.74,55.74,6329.0,55.7741,121
2026-02-03 05:42:00-05:00,TQQQ,55.75,55.75,55.75,55.75,1048.0,55.7533,33
2026-02-03 05:43:00-05:00,TQQQ,55.77,55.77,55.77,55.77,1467.0,55.7682,32
2026-02-03 05:44:00-05:00,TQQQ,55.76,55.76,55.75,55.75,1370.0,55.7582,25
2026-02-03 05:45:00-05:00,TQQQ,55.75,55.75,55.75,55.75,787.0,55.7526,22
2026-02-03 05:47:00-05:00,TQQQ,55.8,55.8,55.78,55.78,8677.0,55.7935,106
2026-02-03 05:48:00-05:00,TQQQ,55.79,55.79,55.78,55.78,2558.0,55.7824,53
2026-02-03 05:49:00-05:00,TQQQ,55.8,55.8,55.8,55.8,1973.0,55.799,33
2026-02-03 05:50:00-05:00,TQQQ,55.8,55.8,55.8,55.8,470.0,55.7953,21
2026-02-03 05:51:00-05:00,TQQQ,55.81,55.81,55.8,55.8,2271.0,55.8018,32
2026-02-03 05:52:00-05:00,TQQQ,55.79,55.79,55.79,55.79,4444.0,55.7906,29
2026-02-03 05:53:00-05:00,TQQQ,55.79,55.8,55.79,55.8,6490.0,55.7981,52
2026-02-03 05:54:00-05:00,TQQQ,55.82,55.82,55.82,55.82,1237.0,55.821,27
2026-02-03 05:55:00-05:00,TQQQ,55.82,55.82,55.81,55.81,3263.0,55.8145,22
2026-02-03 05:56:00-05:00,TQQQ,55.81,55.81,55.81,55.81,1387.0,55.8113,33
2026-02-03 05:57:00-05:00,TQQQ,55.82,55.82,55.82,55.82,2106.0,55.8223,31
2026-02-03 06:01:00-05:00,TQQQ,55.77,55.8,55.76,55.8,3153.0,55.7769,83
2026-02-03 06:02:00-05:00,TQQQ,55.84,55.84,55.84,55.84,1444.0,55.8362,41
2026-02-03 06:03:00-05:00,TQQQ,55.79,55.79,55.79,55.79,886.0,55.7972,46
2026-02-03 06:04:00-05:00,TQQQ,55.75,55.75,55.74,55.74,3052.0,55.7457,80
2026-02-03 06:05:00-05:00,TQQQ,55.73,55.8,55.72,55.8,1694.0,55.7495,65
2026-02-03 06:08:00-05:00,TQQQ,55.75,55.75,55.75,55.75,783.0,55.752,19
2026-02-03 06:09:00-05:00,TQQQ,55.73,55.73,55.72,55.72,805.0,55.7365,32
2026-02-03 06:10:00-05:00,TQQQ,55.73,55.73,55.71,55.71,1278.0,55.7226,49
2026-02-03 06:11:00-05:00,TQQQ,55.71,55.72,55.71,55.72,648.0,55.7215,21
2026-02-03 06:12:00-05:00,TQQQ,55.74,55.76,55.74,55.76,2459.0,55.7539,67
2026-02-03 06:13:00-05:00,TQQQ,55.78,55.8,55.78,55.8,913.0,55.7862,36
2026-02-03 06:15:00-05:00,TQQQ,55.78,55.78,55.78,55.78,1561.0,55.78,43
2026-02-03 06:16:00-05:00,TQQQ,55.79,55.79,55.79,55.79,1065.0,55.7869,30
2026-02-03 06:17:00-05:00,TQQQ,55.8,55.8,55.78,55.78,1287.0,55.79,34
2026-02-03 06:18:00-05:00,TQQQ,55.77,55.77,55.76,55.76,827.0,55.7658,33
2026-02-03 06:19:00-05:00,TQQQ,55.78,55.78,55.78,55.78,1352.0,55.7795,24
2026-02-03 06:20:00-05:00,TQQQ,55.79,55.8,55.79,55.79,16000.0,55.7943,94
2026-02-03 06:21:00-05:00,TQQQ,55.83,55.84,55.83,55.83,6384.0,55.8336,55
2026-02-03 06:23:00-05:00,TQQQ,55.8,55.81,55.8,55.81,3165.0,55.8098,39
2026-02-03 06:24:00-05:00,TQQQ,55.81,55.81,55.81,55.81,1471.0,55.8002,38
2026-02-03 06:25:00-05:00,TQQQ,55.78,55.79,55.78,55.79,620.0,55.7831,25
2026-02-03 06:26:00-05:00,TQQQ,55.77,55.77,55.77,55.77,813.0,55.7708,29
2026-02-03 06:27:00-05:00,TQQQ,55.73,55.73,55.72,55.72,1080.0,55.7276,44
2026-02-03 06:28:00-05:00,TQQQ,55.72,55.73,55.72,55.73,3036.0,55.7308,71
2026-02-03 06:29:00-05:00,TQQQ,55.74,55.74,55.74,55.74,309.0,55.7368,13
2026-02-03 06:30:00-05:00,TQQQ,55.72,55.72,55.72,55.72,843.0,55.73,37
2026-02-03 06:31:00-05:00,TQQQ,55.71,55.71,55.69,55.69,9898.0,55.7013,158
2026-02-03 06:32:00-05:00,TQQQ,55.72,55.72,55.72,55.72,1100.0,55.7131,46
2026-02-03 06:33:00-05:00,TQQQ,55.7,55.7,55.7,55.7,2427.0,55.7009,40
2026-02-03 06:34:00-05:00,TQQQ,55.67,55.71,55.67,55.71,658.0,55.6805,35
2026-02-03 06:36:00-05:00,TQQQ,55.7,55.71,55.7,55.71,2092.0,55.7069,37
2026-02-03 06:37:00-05:00,TQQQ,55.69,55.69,55.69,55.69,389.0,55.6902,19
2026-02-03 06:38:00-05:00,TQQQ,55.68,55.69,55.68,55.69,2510.0,55.6862,28
2026-02-03 06:39:00-05:00,TQQQ,55.7,55.7,55.68,55.68,4731.0,55.6918,54
2026-02-03 06:40:00-05:00,TQQQ,55.71,55.72,55.71,55.72,4034.0,55.7144,61
2026-02-03 06:41:00-05:00,TQQQ,55.73,55.77,55.72,55.75,4108.0,55.7406,68
2026-02-03 06:42:00-05:00,TQQQ,55.77,55.77,55.77,55.77,325.0,55.7679,20
2026-02-03 06:43:00-05:00,TQQQ,55.78,55.79,55.78,55.79,2617.0,55.7805,52
2026-02-03 06:44:00-05:00,TQQQ,55.78,55.78,55.77,55.77,1708.0,55.7746,32
2026-02-03 06:45:00-05:00,TQQQ,55.78,55.78,55.78,55.78,577.0,55.7814,25
2026-02-03 06:46:00-05:00,TQQQ,55.82,55.84,55.82,55.82,2583.0,55.8233,77
2026-02-03 06:48:00-05:00,TQQQ,55.79,55.79,55.78,55.78,1061.0,55.7814,37
2026-02-03 06:50:00-05:00,TQQQ,55.76,55.76,55.76,55.76,1040.0,55.7515,43
2026-02-03 06:51:00-05:00,TQQQ,55.74,55.74,55.72,55.72,4772.0,55.73,31
2026-02-03 06:52:00-05:00,TQQQ,55.74,55.74,55.74,55.74,1056.0,55.7399,22
2026-02-03 06:53:00-05:00,TQQQ,55.73,55.73,55.73,55.73,2247.0,55.7305,21
2026-02-03 06:55:00-05:00,TQQQ,55.78,55.78,55.78,55.78,2197.0,55.7837,60
2026-02-03 06:56:00-05:00,TQQQ,55.8,55.81,55.8,55.81,3677.0,55.8114,50
2026-02-03 06:58:00-05:00,TQQQ,55.8,55.8,55.75,55.75,8461.0,55.7833,110
2026-02-03 06:59:00-05:00,TQQQ,55.76,55.76,55.73,55.73,2563.0,55.745,42
2026-02-03 07:00:00-05:00,TQQQ,55.74,55.8,55.71,55.73,13363.0,55.7565,154
2026-02-03 07:01:00-05:00,TQQQ,55.71,55.74,55.65,55.65,7476.0,55.6923,160
2026-02-03 07:02:00-05:00,TQQQ,55.65,55.65,55.6,55.62,8996.0,55.6125,172
2026-02-03 07:03:00-05:00,TQQQ,55.62,55.64,55.62,55.64,2311.0,55.6341,56
2026-02-03 07:04:00-05:00,TQQQ,55.68,55.68,55.68,55.68,1340.0,55.6746,42
2026-02-03 07:05:00-05:00,TQQQ,55.67,55.68,55.67,55.68,7445.0,55.6745,68
2026-02-03 07:06:00-05:00,TQQQ,55.691,55.79,55.691,55.77,4653.0,55.7686,85
2026-02-03 07:07:00-05:00,TQQQ,55.79,55.79,55.77,55.77,4513.0,55.7828,45
2026-02-03 07:08:00-05:00,TQQQ,55.79,55.8,55.79,55.8,5743.0,55.7986,55
2026-02-03 07:09:00-05:00,TQQQ,55.8,55.81,55.79,55.79,1776.0,55.7933,48
2026-02-03 07:10:00-05:00,TQQQ,55.78,55.8,55.78,55.79,1170.0,55.7893,31
2026-02-03 07:11:00-05:00,TQQQ,55.79,55.81,55.79,55.8,7387.0,55.8007,66
2026-02-03 07:12:00-05:00,TQQQ,55.81,55.82,55.81,55.82,1977.0,55.8127,40
2026-02-03 07:13:00-05:00,TQQQ,55.84,55.86,55.84,55.85,7346.0,55.8504,119
2026-02-03 07:14:00-05:00,TQQQ,55.84,55.84,55.83,55.84,4770.0,55.8392,116
2026-02-03 07:15:00-05:00,TQQQ,55.88,55.88,55.86,55.86,7136.0,55.869,67
2026-02-03 07:16:00-05:00,TQQQ,55.87,55.87,55.85,55.85,1435.0,55.8456,39
2026-02-03 07:17:00-05:00,TQQQ,55.84,55.85,55.84,55.85,3911.0,55.8412,23
2026-02-03 07:18:00-05:00,TQQQ,55.82,55.85,55.82,55.85,1690.0,55.8253,31
2026-02-03 07:19:00-05:00,TQQQ,55.84,55.9,55.84,55.9,10032.0,55.8715,98
2026-02-03 07:20:00-05:00,TQQQ,55.91,55.92,55.89,55.92,3060.0,55.9081,57
2026-02-03 07:21:00-05:00,TQQQ,55.92,55.94,55.92,55.92,40167.0,55.9204,88
2026-02-03 07:22:00-05:00,TQQQ,55.91,55.91,55.9,55.9,2672.0,55.9078,43
2026-02-03 07:23:00-05:00,TQQQ,55.89,55.89,55.86,55.87,2405.0,55.8728,43
2026-02-03 07:24:00-05:00,TQQQ,55.88,55.88,55.88,55.88,3324.0,55.8801,43
2026-02-03 07:25:00-05:00,TQQQ,55.9,55.92,55.9,55.92,7341.0,55.9075,83
2026-02-03 07:26:00-05:00,TQQQ,55.9,55.94,55.9,55.94,13606.0,55.9383,104
2026-02-03 07:27:00-05:00,TQQQ,55.95,55.96,55.94,55.96,6196.0,55.9559,88
2026-02-03 07:28:00-05:00,TQQQ,55.96,55.99,55.96,55.99,7154.0,55.9757,99
2026-02-03 07:29:00-05:00,TQQQ,55.98,55.98,55.98,55.98,997.0,55.98,32
2026-02-03 07:30:00-05:00,TQQQ,55.99,55.99,55.97,55.97,4290.0,55.9889,69
2026-02-03 07:31:00-05:00,TQQQ,55.98,56.01,55.98,56.0,27689.0,55.9996,260
2026-02-03 07:32:00-05:00,TQQQ,55.98,56.01,55.98,56.01,31516.0,56.0055,257
2026-02-03 07:33:00-05:00,TQQQ,56.02,56.04,56.0,56.0,7251.0,56.0184,92
2026-02-03 07:34:00-05:00,TQQQ,55.98,56.01,55.98,56.01,3225.0,56.0037,69
2026-02-03 07:35:00-05:00,TQQQ,56.009,56.009,55.99,55.99,3872.0,55.9984,51
2026-02-03 07:36:00-05:00,TQQQ,56.0,56.01,56.0,56.0,4248.0,56.0025,66
2026-02-03 07:37:00-05:00,TQQQ,56.0,56.03,56.0,56.02,2068.0,56.0158,47
2026-02-03 07:38:00-05:00,TQQQ,56.0,56.01,55.99,56.01,5214.0,56.0022,52
2026-02-03 07:39:00-05:00,TQQQ,56.01,56.02,56.01,56.02,2212.0,56.0099,32
2026-02-03 07:40:00-05:00,TQQQ,56.0,56.011,56.0,56.01,16340.0,56.0019,96
2026-02-03 07:41:00-05:00,TQQQ,56.01,56.01,55.98,55.98,620.0,55.9965,35
2026-02-03 07:42:00-05:00,TQQQ,55.97,55.97,55.969,55.97,1867.0,55.9729,49
2026-02-03 07:43:00-05:00,TQQQ,55.97,55.97,55.97,55.97,943.0,55.9732,30
2026-02-03 07:44:00-05:00,TQQQ,55.98,55.98,55.97,55.97,1933.0,55.9772,39
2026-02-03 07:45:00-05:00,TQQQ,56.0,56.01,56.0,56.01,4569.0,56.0035,59
2026-02-03 07:46:00-05:00,TQQQ,56.02,56.02,56.0,56.0,3227.0,56.0081,54
2026-02-03 07:47:00-05:00,TQQQ,55.99,56.0,55.99,56.0,4493.0,55.9984,57
2026-02-03 07:48:00-05:00,TQQQ,56.0,56.02,56.0,56.01,1707.0,56.0093,40
2026-02-03 07:49:00-05:00,TQQQ,56.0,56.02,56.0,56.02,1225.0,56.0139,24
2026-02-03 07:50:00-05:00,TQQQ,56.01,56.02,56.01,56.02,3682.0,56.0206,66
2026-02-03 07:51:00-05:00,TQQQ,55.98,55.98,55.98,55.98,1214.0,55.9821,49
2026-02-03 07:52:00-05:00,TQQQ,55.98,55.98,55.98,55.98,1058.0,55.9736,44
2026-02-03 07:53:00-05:00,TQQQ,55.97,55.97,55.97,55.97,812.0,55.9714,10
2026-02-03 07:54:00-05:00,TQQQ,55.97,55.97,55.97,55.97,1337.0,55.9716,29
2026-02-03 07:55:00-05:00,TQQQ,55.96,55.97,55.949,55.949,7263.0,55.9529,72
2026-02-03 07:56:00-05:00,TQQQ,55.98,55.98,55.95,55.97,1467.0,55.9668,25
2026-02-03 07:57:00-05:00,TQQQ,55.96,55.98,55.96,55.98,2279.0,55.9699,35
2026-02-03 07:58:00-05:00,TQQQ,55.96,55.96,55.96,55.96,1591.0,55.966,40
2026-02-03 07:59:00-05:00,TQQQ,55.969,55.969,55.94,55.94,2685.0,55.9515,53
2026-02-03 08:00:00-05:00,TQQQ,55.76,56.12,55.6,55.96,420089.0,55.8586,2369
2026-02-03 08:01:00-05:00,TQQQ,55.9,56.25,55.77,55.97,538453.0,56.0267,4669
2026-02-03 08:02:00-05:00,TQQQ,55.9685,56.22,55.69,56.04,133234.0,55.9891,1308
2026-02-03 08:03:00-05:00,TQQQ,55.95,55.9803,55.949,55.9803,17676.0,55.9586,139
2026-02-03 08:04:00-05:00,TQQQ,55.97,55.97,55.9498,55.96,11908.0,55.9528,98
2026-02-03 08:05:00-05:00,TQQQ,55.98,55.9817,55.95,55.9817,4801.0,55.971,36
2026-02-03 08:06:00-05:00,TQQQ,55.99,56.04,55.99,56.04,28343.0,55.9984,152
2026-02-03 08:07:00-05:00,TQQQ,56.04,56.04,56.0295,56.0295,1552.0,56.0322,54
2026-02-03 08:08:00-05:00,TQQQ,56.0403,56.05,56.03,56.03,13702.0,56.0374,91
2026-02-03 08:09:00-05:00,TQQQ,56.03,56.05,56.01,56.05,11722.0,56.041,125
2026-02-03 08:10:00-05:00,TQQQ,56.05,56.0699,56.05,56.0699,32142.0,56.054,196
2026-02-03 08:11:00-05:00,TQQQ,56.05,56.08,56.05,56.07,6917.0,56.074,105
2026-02-03 08:12:00-05:00,TQQQ,56.06,56.08,56.05,56.08,9238.0,56.0596,90
2026-02-03 08:13:00-05:00,TQQQ,56.08,56.0803,56.06,56.06,6060.0,56.0758,91
2026-02-03 08:14:00-05:00,TQQQ,56.05,56.05,56.01,56.01,23126.0,56.037,105
2026-02-03 08:15:00-05:00,TQQQ,56.01,56.0185,56.0,56.0185,4043.0,56.0098,96
2026-02-03 08:16:00-05:00,TQQQ,56.02,56.04,56.02,56.04,2319.0,56.0299,73
2026-02-03 08:17:00-05:00,TQQQ,56.04,56.04,56.01,56.01,5663.0,56.0181,93
2026-02-03 08:18:00-05:00,TQQQ,56.02,56.04,56.02,56.04,3428.0,56.031,59
2026-02-03 08:19:00-05:00,TQQQ,56.05,56.06,56.0485,56.0485,3889.0,56.0521,57
2026-02-03 08:20:00-05:00,TQQQ,56.03,56.03,56.0,56.0,2935.0,56.0203,79
2026-02-03 08:21:00-05:00,TQQQ,56.0,56.0,55.95,55.96,21095.0,55.9889,158
2026-02-03 08:22:00-05:00,TQQQ,55.96,55.99,55.95,55.9503,6591.0,55.9593,83
2026-02-03 08:23:00-05:00,TQQQ,55.941,55.96,55.92,55.95,11285.0,55.9411,119
2026-02-03 08:24:00-05:00,TQQQ,55.94,55.95,55.92,55.92,16144.0,55.9276,117
2026-02-03 08:25:00-05:00,TQQQ,55.93,55.94,55.92,55.94,9207.0,55.9337,100
2026-02-03 08:26:00-05:00,TQQQ,55.94,56.0315,55.94,56.02,15454.0,55.9834,145
2026-02-03 08:27:00-05:00,TQQQ,56.02,56.02,56.01,56.0199,3364.0,56.0141,65
2026-02-03 08:28:00-05:00,TQQQ,56.0199,56.03,56.01,56.02,12033.0,56.0231,68
2026-02-03 08:29:00-05:00,TQQQ,56.02,56.02,56.02,56.02,945.0,56.0171,24
2026-02-03 08:30:00-05:00,TQQQ,56.01,56.02,55.9799,55.9799,7710.0,55.9998,104
2026-02-03 08:31:00-05:00,TQQQ,55.9799,56.0,55.9799,55.98,5358.0,55.9884,83
2026-02-03 08:32:00-05:00,TQQQ,55.97,56.0402,55.97,56.0402,9322.0,56.0066,95
2026-02-03 08:33:00-05:00,TQQQ,56.0499,56.06,55.99,55.99,7406.0,56.0247,179
2026-02-03 08:34:00-05:00,TQQQ,55.98,56.01,55.96,56.01,9565.0,55.9826,96
2026-02-03 08:35:00-05:00,TQQQ,56.03,56.03,55.93,55.93,12392.0,55.9871,148
2026-02-03 08:36:00-05:00,TQQQ,55.97,55.9702,55.95,55.95,6350.0,55.9593,47
2026-02-03 08:37:00-05:00,TQQQ,55.96,55.96,55.9399,55.9403,6380.0,55.9429,45
2026-02-03 08:38:00-05:00,TQQQ,55.97,55.97,55.9399,55.94,9331.0,55.9553,98
2026-02-03 08:39:00-05:00,TQQQ,55.95,55.97,55.94,55.97,4107.0,55.9562,42
2026-02-03 08:40:00-05:00,TQQQ,55.96,55.97,55.92,55.92,12826.0,55.9489,106
2026-02-03 08:41:00-05:00,TQQQ,55.92,55.93,55.899,55.93,24598.0,55.9065,204
2026-02-03 08:42:00-05:00,TQQQ,55.94,55.94,55.92,55.92,10016.0,55.9318,93
2026-02-03 08:43:00-05:00,TQQQ,55.92,55.93,55.91,55.92,3999.0,55.9178,56
2026-02-03 08:44:00-05:00,TQQQ,55.91,55.92,55.9,55.91,5598.0,55.907,63
2026-02-03 08:45:00-05:00,TQQQ,55.9001,55.93,55.9,55.93,3943.0,55.9108,58
2026-02-03 08:46:00-05:00,TQQQ,55.93,55.95,55.93,55.93,2988.0,55.9386,55
2026-02-03 08:47:00-05:00,TQQQ,55.94,55.94,55.92,55.92,4375.0,55.9253,56
2026-02-03 08:48:00-05:00,TQQQ,55.95,55.95,55.92,55.93,11659.0,55.942,82
2026-02-03 08:49:00-05:00,TQQQ,55.94,55.95,55.93,55.95,4577.0,55.942,50
2026-02-03 08:50:00-05:00,TQQQ,55.94,55.94,55.87,55.87,23597.0,55.8993,185
2026-02-03 08:51:00-05:00,TQQQ,55.8718,55.8718,55.86,55.87,5102.0,55.8673,100
2026-02-03 08:52:00-05:00,TQQQ,55.86,55.89,55.86,55.89,4637.0,55.8728,70
2026-02-03 08:53:00-05:00,TQQQ,55.89,55.8903,55.88,55.88,1621.0,55.8876,45
2026-02-03 08:54:00-05:00,TQQQ,55.88,55.8801,55.87,55.88,7404.0,55.8795,45
2026-02-03 08:55:00-05:00,TQQQ,55.88,55.9,55.86,55.9,10255.0,55.8791,90
2026-02-03 08:56:00-05:00,TQQQ,55.91,55.91,55.8402,55.86,10432.0,55.8617,154
2026-02-03 08:57:00-05:00,TQQQ,55.86,55.86,55.8295,55.8303,6413.0,55.8513,88
2026-02-03 08:58:00-05:00,TQQQ,55.8301,55.88,55.8301,55.88,8827.0,55.8666,58
2026-02-03 08:59:00-05:00,TQQQ,55.89,55.89,55.85,55.86,6070.0,55.877,73
2026-02-03 09:00:00-05:00,TQQQ,55.85,55.85,55.81,55.83,17264.0,55.8342,98
2026-02-03 09:01:00-05:00,TQQQ,55.82,55.8715,55.82,55.8715,4461.0,55.853,60
2026-02-03 09:02:00-05:00,TQQQ,55.9,55.9,55.87,55.88,7290.0,55.8885,76
2026-02-03 09:03:00-05:00,TQQQ,55.9,55.91,55.89,55.9,7778.0,55.9027,90
2026-02-03 09:04:00-05:00,TQQQ,55.89,55.9,55.8603,55.875,5169.0,55.8797,68
2026-02-03 09:05:00-05:00,TQQQ,55.87,55.87,55.83,55.85,9938.0,55.8486,109
2026-02-03 09:06:00-05:00,TQQQ,55.8502,55.8502,55.79,55.81,23648.0,55.8084,225
2026-02-03 09:07:00-05:00,TQQQ,55.81,55.8585,55.81,55.8585,5610.0,55.8214,70
2026-02-03 09:08:00-05:00,TQQQ,55.85,55.85,55.8,55.81,4570.0,55.815,81
2026-02-03 09:09:00-05:00,TQQQ,55.81,55.82,55.8,55.8,4923.0,55.8077,79
2026-02-03 09:10:00-05:00,TQQQ,55.8,55.81,55.78,55.7997,7515.0,55.7992,119
2026-02-03 09:11:00-05:00,TQQQ,55.8,55.82,55.7903,55.8,8538.0,55.8033,91
2026-02-03 09:12:00-05:00,TQQQ,55.8,55.81,55.7899,55.7899,5743.0,55.8001,63
2026-02-03 09:13:00-05:00,TQQQ,55.79,55.8,55.7899,55.79,5285.0,55.7951,50
2026-02-03 09:14:00-05:00,TQQQ,55.78,55.79,55.77,55.79,7870.0,55.7813,56
2026-02-03 09:15:00-05:00,TQQQ,55.78,55.78,55.73,55.73,13038.0,55.759,195
2026-02-03 09:16:00-05:00,TQQQ,55.72,55.73,55.69,55.7199,21133.0,55.7126,231
2026-02-03 09:17:00-05:00,TQQQ,55.73,55.73,55.69,55.7201,12441.0,55.7101,122
2026-02-03 09:18:00-05:00,TQQQ,55.74,55.74,55.7104,55.7301,14040.0,55.7277,105
2026-02-03 09:19:00-05:00,TQQQ,55.73,55.73,55.7,55.701,12203.0,55.7125,100
2026-02-03 09:20:00-05:00,TQQQ,55.6999,55.7315,55.69,55.72,7588.0,55.7158,84
2026-02-03 09:21:00-05:00,TQQQ,55.72,55.7697,55.72,55.7499,16548.0,55.7541,109
2026-02-03 09:22:00-05:00,TQQQ,55.75,55.76,55.73,55.73,8848.0,55.7405,79
2026-02-03 09:23:00-05:00,TQQQ,55.74,55.75,55.72,55.72,7371.0,55.7357,80
2026-02-03 09:24:00-05:00,TQQQ,55.73,55.74,55.71,55.71,9423.0,55.7207,89
2026-02-03 09:25:00-05:00,TQQQ,55.71,55.76,55.69,55.6995,17570.0,55.718,154
2026-02-03 09:26:00-05:00,TQQQ,55.7,55.71,55.66,55.71,15761.0,55.688,158
2026-02-03 09:27:00-05:00,TQQQ,55.6899,55.72,55.68,55.72,12659.0,55.6956,208
2026-02-03 09:28:00-05:00,TQQQ,55.72,55.75,55.67,55.68,38749.0,55.7092,217
2026-02-03 09:29:00-05:00,TQQQ,55.67,55.67,55.61,55.64,44217.0,55.636,291
2026-02-03 09:30:00-05:00,TQQQ,55.64,55.7565,55.465,55.7,1362043.0,55.5843,6001
2026-02-03 09:31:00-05:00,TQQQ,55.6985,55.72,55.33,55.36,582962.0,55.5246,2745
2026-02-03 09:32:00-05:00,TQQQ,55.36,55.449,55.29,55.315,733695.0,55.3729,3955
2026-02-03 09:33:00-05:00,TQQQ,55.32,55.34,55.17,55.17,436621.0,55.2455,2786
2026-02-03 09:34:00-05:00,TQQQ,55.167,55.2897,55.035,55.2773,504195.0,55.1347,2836
2026-02-03 09:35:00-05:00,TQQQ,55.27,55.38,55.17,55.24,566197.0,55.2658,3079
2026-02-03 09:36:00-05:00,TQQQ,55.22,55.25,55.12,55.2299,390994.0,55.1922,2073
2026-02-03 09:37:00-05:00,TQQQ,55.22,55.22,55.0,55.0655,662390.0,55.0596,3866
2026-02-03 09:38:00-05:00,TQQQ,55.0532,55.07,54.8801,55.0,743272.0,54.9662,3901
2026-02-03 09:39:00-05:00,TQQQ,55.01,55.02,54.85,54.92,359254.0,54.9297,2201
2026-02-03 09:40:00-05:00,TQQQ,54.92,55.035,54.91,54.93,546996.0,54.9607,2854
2026-02-03 09:41:00-05:00,TQQQ,54.9268,54.9268,54.745,54.825,1049621.0,54.8204,3928
2026-02-03 09:42:00-05:00,TQQQ,54.825,54.8899,54.7,54.8,587357.0,54.8015,2768
2026-02-03 09:43:00-05:00,TQQQ,54.81,54.81,54.29,54.48,1351507.0,54.4629,7618
2026-02-03 09:44:00-05:00,TQQQ,54.45,54.538,54.39,54.4882,536749.0,54.4611,3150
2026-02-03 09:45:00-05:00,TQQQ,54.49,54.62,54.42,54.545,495327.0,54.5199,3069
2026-02-03 09:46:00-05:00,TQQQ,54.54,54.675,54.5015,54.635,443851.0,54.5861,2861
2026-02-03 09:47:00-05:00,TQQQ,54.65,54.8579,54.61,54.78,920640.0,54.773,3724
2026-02-03 09:48:00-05:00,TQQQ,54.7765,54.855,54.74,54.82,376046.0,54.8083,2115
2026-02-03 09:49:00-05:00,TQQQ,54.82,54.8499,54.66,54.787,492042.0,54.7683,2355
2026-02-03 09:50:00-05:00,TQQQ,54.78,54.78,54.585,54.6,309086.0,54.6832,2025
2026-02-03 09:51:00-05:00,TQQQ,54.5916,54.6,54.442,54.5,330795.0,54.5091,1988
2026-02-03 09:52:00-05:00,TQQQ,54.505,54.66,54.46,54.655,226080.0,54.5791,1415
2026-02-03 09:53:00-05:00,TQQQ,54.66,54.66,54.51,54.595,258446.0,54.5786,1517
2026-02-03 09:54:00-05:00,TQQQ,54.5926,54.62,54.28,54.28,1038401.0,54.4088,3844
2026-02-03 09:55:00-05:00,TQQQ,54.285,54.32,54.14,54.1465,581248.0,54.212,2911
2026-02-03 09:56:00-05:00,TQQQ,54.15,54.1719,53.98,53.985,679361.0,54.0592,3871
2026-02-03 09:57:00-05:00,TQQQ,53.99,54.0374,53.84,53.855,829024.0,53.9644,3577
2026-02-03 09:58:00-05:00,TQQQ,53.85,53.86,53.7475,53.835,528264.0,53.8076,2760
2026-02-03 09:59:00-05:00,TQQQ,53.8296,53.8445,53.66,53.7195,387066.0,53.7344,2436
2026-02-03 10:00:00-05:00,TQQQ,53.72,53.81,53.48,53.575,1120308.0,53.6227,4972
2026-02-03 10:01:00-05:00,TQQQ,53.58,53.6,53.44,53.46,398713.0,53.4963,2494
2026-02-03 10:02:00-05:00,TQQQ,53.46,53.52,53.33,53.3399,518036.0,53.4355,3141
2026-02-03 10:03:00-05:00,TQQQ,53.33,53.7,53.3,53.68,640535.0,53.441,3295
2026-02-03 10:04:00-05:00,TQQQ,53.6778,53.8,53.58,53.58,681058.0,53.7119,3576
2026-02-03 10:05:00-05:00,TQQQ,53.58,53.7485,53.565,53.65,485416.0,53.661,2862
2026-02-03 10:06:00-05:00,TQQQ,53.64,53.64,53.385,53.42,553582.0,53.4735,2825
2026-02-03 10:07:00-05:00,TQQQ,53.42,53.425,53.205,53.24,503486.0,53.2826,3300
2026-02-03 10:08:00-05:00,TQQQ,53.25,53.43,53.19,53.395,528874.0,53.2731,3065
2026-02-03 10:09:00-05:00,TQQQ,53.41,53.54,53.33,53.54,427081.0,53.4387,2303
2026-02-03 10:10:00-05:00,TQQQ,53.54,53.58,53.46,53.48,566782.0,53.5258,2799
2026-02-03 10:11:00-05:00,TQQQ,53.485,53.5,53.305,53.365,449137.0,53.4248,2329
2026-02-03 10:12:00-05:00,TQQQ,53.36,53.37,53.212,53.22,445697.0,53.2719,2435
2026-02-03 10:13:00-05:00,TQQQ,53.21,53.2996,53.1,53.1409,707790.0,53.1716,3587
2026-02-03 10:14:00-05:00,TQQQ,53.145,53.2565,53.0732,53.225,443980.0,53.1629,2389
2026-02-03 10:15:00-05:00,TQQQ,53.22,53.27,53.1558,53.245,257457.0,53.2071,1862
2026-02-03 10:16:00-05:00,TQQQ,53.24,53.4701,53.17,53.4,492343.0,53.368,2787
2026-02-03 10:17:00-05:00,TQQQ,53.39,53.395,53.22,53.33,394559.0,53.3102,2310
2026-02-03 10:18:00-05:00,TQQQ,53.3215,53.37,53.265,53.275,491402.0,53.3228,2271
2026-02-03 10:19:00-05:00,TQQQ,53.2601,53.3807,53.215,53.36,373479.0,53.3064,1964
2026-02-03 10:20:00-05:00,TQQQ,53.36,53.52,53.32,53.515,562488.0,53.4227,2634
2026-02-03 10:21:00-05:00,TQQQ,53.515,53.55,53.3521,53.355,572028.0,53.473,2574
2026-02-03 10:22:00-05:00,TQQQ,53.35,53.3586,53.1605,53.17,563337.0,53.249,2877
2026-02-03 10:23:00-05:00,TQQQ,53.165,53.2388,52.97,53.032,917738.0,53.0472,6132
2026-02-03 10:24:00-05:00,TQQQ,53.03,53.0399,52.7315,52.75,800023.0,52.8408,4806
2026-02-03 10:25:00-05:00,TQQQ,52.74,53.0196,52.695,53.01,495943.0,52.8427,2860
2026-02-03 10:26:00-05:00,TQQQ,53.02,53.2799,53.01,53.19,744169.0,53.169,3402
2026-02-03 10:27:00-05:00,TQQQ,53.2,53.3,53.1,53.2581,426597.0,53.2049,2073
2026-02-03 10:28:00-05:00,TQQQ,53.26,53.277,53.19,53.265,306611.0,53.2293,1774
2026-02-03 10:29:00-05:00,TQQQ,53.265,53.305,53.11,53.1785,389364.0,53.1975,1740
2026-02-03 10:30:00-05:00,TQQQ,53.17,53.255,53.08,53.0921,390696.0,53.1533,3021
2026-02-03 10:31:00-05:00,TQQQ,53.1,53.155,53.02,53.055,315780.0,53.0886,1702
2026-02-03 10:32:00-05:00,TQQQ,53.055,53.28,53.0,53.259,398933.0,53.1065,2087
2026-02-03 10:33:00-05:00,TQQQ,53.2432,53.2763,53.0204,53.0204,345653.0,53.1846,2007
2026-02-03 10:34:00-05:00,TQQQ,53.03,53.04,52.875,52.885,595149.0,52.937,3230
2026-02-03 10:35:00-05:00,TQQQ,52.885,52.91,52.7799,52.81,541782.0,52.8334,2720
2026-02-03 10:36:00-05:00,TQQQ,52.81,52.96,52.76,52.87,327414.0,52.8748,1843
2026-02-03 10:37:00-05:00,TQQQ,52.865,53.07,52.865,53.0404,393732.0,52.9951,1754
2026-02-03 10:38:00-05:00,TQQQ,53.05,53.1565,53.0,53.145,255546.0,53.0841,1518
2026-02-03 10:39:00-05:00,TQQQ,53.145,53.19,53.08,53.1803,330619.0,53.1344,1560
2026-02-03 10:40:00-05:00,TQQQ,53.175,53.2691,53.102,53.1955,420045.0,53.2028,1883
2026-02-03 10:41:00-05:00,TQQQ,53.185,53.201,53.06,53.085,282260.0,53.1392,1726
2026-02-03 10:42:00-05:00,TQQQ,53.09,53.19,53.06,53.17,181375.0,53.1311,918
2026-02-03 10:43:00-05:00,TQQQ,53.16,53.18,53.08,53.125,240928.0,53.1221,1283
2026-02-03 10:44:00-05:00,TQQQ,53.1183,53.17,53.035,53.0399,264516.0,53.0937,1506
2026-02-03 10:45:00-05:00,TQQQ,53.03,53.04,52.87,52.94,346732.0,52.9374,2264
2026-02-03 10:46:00-05:00,TQQQ,52.9551,53.04,52.945,53.0299,184310.0,52.9848,1235
2026-02-03 10:47:00-05:00,TQQQ,53.04,53.33,53.04,53.3,539543.0,53.2381,2616
2026-02-03 10:48:00-05:00,TQQQ,53.298,53.395,53.24,53.39,325419.0,53.3155,1683
2026-02-03 10:49:00-05:00,TQQQ,53.3801,53.4799,53.33,53.475,416292.0,53.3898,2031
2026-02-03 10:50:00-05:00,TQQQ,53.4602,53.6244,53.455,53.6244,434955.0,53.5371,2206
2026-02-03 10:51:00-05:00,TQQQ,53.62,53.64,53.52,53.525,400273.0,53.5912,1845
2026-02-03 10:52:00-05:00,TQQQ,53.53,53.54,53.2817,53.3158,436438.0,53.3848,2037
2026-02-03 10:53:00-05:00,TQQQ,53.305,53.3497,53.2,53.27,284552.0,53.2718,1540
2026-02-03 10:54:00-05:00,TQQQ,53.27,53.4799,53.27,53.4598,376115.0,53.3913,1640
2026-02-03 10:55:00-05:00,TQQQ,53.46,53.58,53.45,53.5799,296255.0,53.5078,1333
2026-02-03 10:56:00-05:00,TQQQ,53.58,53.68,53.545,53.66,305323.0,53.6195,1438
2026-02-03 10:57:00-05:00,TQQQ,53.65,53.7,53.595,53.6201,273198.0,53.6357,1437
2026-02-03 10:58:00-05:00,TQQQ,53.63,53.72,53.55,53.5814,350625.0,53.6362,1564
2026-02-03 10:59:00-05:00,TQQQ,53.575,53.65,53.54,53.62,182985.0,53.5951,1040
2026-02-03 11:00:00-05:00,TQQQ,53.63,53.63,53.525,53.5322,308355.0,53.5755,1516
2026-02-03 11:01:00-05:00,TQQQ,53.53,53.57,53.495,53.53,197816.0,53.5334,1183
2026-02-03 11:02:00-05:00,TQQQ,53.52,53.55,53.44,53.44,215015.0,53.5007,1119
2026-02-03 11:03:00-05:00,TQQQ,53.443,53.4524,53.36,53.395,235142.0,53.4034,1167
2026-02-03 11:04:00-05:00,TQQQ,53.395,53.427,53.31,53.325,195186.0,53.3555,1020
2026-02-03 11:05:00-05:00,TQQQ,53.33,53.425,53.27,53.4,214329.0,53.3458,1208
2026-02-03 11:06:00-05:00,TQQQ,53.39,53.4001,53.28,53.29,192963.0,53.3344,965
2026-02-03 11:07:00-05:00,TQQQ,53.2868,53.33,53.23,53.3285,205887.0,53.2813,964
2026-02-03 11:08:00-05:00,TQQQ,53.32,53.36,53.26,53.3368,137898.0,53.3188,814
2026-02-03 11:09:00-05:00,TQQQ,53.33,53.355,53.195,53.22,259950.0,53.2588,1231
2026-02-03 11:10:00-05:00,TQQQ,53.21,53.2299,53.095,53.1303,338740.0,53.1459,1771
2026-02-03 11:11:00-05:00,TQQQ,53.13,53.2299,53.115,53.1965,245358.0,53.1697,1049
2026-02-03 11:12:00-05:00,TQQQ,53.1932,53.34,53.17,53.325,223932.0,53.279,1015
2026-02-03 11:13:00-05:00,TQQQ,53.32,53.43,53.2822,53.39,283764.0,53.3713,1340
2026-02-03 11:14:00-05:00,TQQQ,53.3965,53.3965,53.2,53.2099,152777.0,53.2838,993
2026-02-03 11:15:00-05:00,TQQQ,53.21,53.27,53.195,53.22,202773.0,53.2289,1046
2026-02-03 11:16:00-05:00,TQQQ,53.22,53.34,53.1999,53.23,161092.0,53.2586,845
2026-02-03 11:17:00-05:00,TQQQ,53.23,53.34,53.18,53.18,202631.0,53.2357,1013
2026-02-03 11:18:00-05:00,TQQQ,53.1821,53.2685,53.18,53.185,193272.0,53.2166,910
2026-02-03 11:19:00-05:00,TQQQ,53.185,53.2175,53.14,53.1915,251597.0,53.1763,1135
2026-02-03 11:20:00-05:00,TQQQ,53.19,53.25,53.163,53.2,177622.0,53.1971,885
2026-02-03 11:21:00-05:00,TQQQ,53.21,53.23,53.12,53.1471,221075.0,53.1733,1072
2026-02-03 11:22:00-05:00,TQQQ,53.14,53.147,52.955,52.955,440944.0,53.0445,2366
2026-02-03 11:23:00-05:00,TQQQ,52.95,52.957,52.84,52.9267,368784.0,52.9005,1871
2026-02-03 11:24:00-05:00,TQQQ,52.92,52.9399,52.87,52.895,267994.0,52.9063,1197
2026-02-03 11:25:00-05:00,TQQQ,52.9,53.0499,52.845,53.03,304990.0,52.9331,1472
2026-02-03 11:26:00-05:00,TQQQ,53.03,53.11,52.995,53.0009,373919.0,53.0436,1284
2026-02-03 11:27:00-05:00,TQQQ,53.01,53.06,52.98,53.03,264115.0,53.0229,1133
2026-02-03 11:28:00-05:00,TQQQ,53.035,53.05,52.9206,52.9494,151694.0,52.986,908
2026-02-03 11:29:00-05:00,TQQQ,52.9464,52.9464,52.84,52.8506,307929.0,52.8977,1187
2026-02-03 11:30:00-05:00,TQQQ,52.86,52.93,52.84,52.8516,188179.0,52.8874,1080
2026-02-03 11:31:00-05:00,TQQQ,52.851,52.93,52.8299,52.8599,245027.0,52.8718,1180
2026-02-03 11:32:00-05:00,TQQQ,52.855,52.9,52.84,52.9,176974.0,52.8692,927
2026-02-03 11:33:00-05:00,TQQQ,52.9099,52.915,52.745,52.855,449219.0,52.7989,2761
2026-02-03 11:34:00-05:00,TQQQ,52.865,52.99,52.855,52.97,221119.0,52.9421,1172
2026-02-03 11:35:00-05:00,TQQQ,52.975,53.1,52.95,53.0,337190.0,53.0385,1289
2026-02-03 11:36:00-05:00,TQQQ,53.0001,53.059,52.96,52.965,294541.0,52.9997,1274
2026-02-03 11:37:00-05:00,TQQQ,52.97,52.985,52.88,52.956,207660.0,52.9264,1010
2026-02-03 11:38:00-05:00,TQQQ,52.95,52.985,52.895,52.91,126684.0,52.9217,771
2026-02-03 11:39:00-05:00,TQQQ,52.905,52.93,52.832,52.93,135989.0,52.8751,904
2026-02-03 11:40:00-05:00,TQQQ,52.93,53.04,52.92,53.0299,199713.0,52.9766,988
2026-02-03 11:41:00-05:00,TQQQ,53.03,53.04,52.88,52.925,252391.0,52.9524,1193
2026-02-03 11:42:00-05:00,TQQQ,52.9201,52.9699,52.895,52.93,159614.0,52.9396,832
2026-02-03 11:43:00-05:00,TQQQ,52.93,52.9878,52.89,52.89,161587.0,52.9312,831
2026-02-03 11:44:00-05:00,TQQQ,52.9,52.93,52.87,52.905,155243.0,52.8979,812
2026-02-03 11:45:00-05:00,TQQQ,52.9,52.96,52.87,52.91,196645.0,52.9192,911
2026-02-03 11:46:00-05:00,TQQQ,52.91,52.95,52.79,52.825,276160.0,52.8489,1472
2026-02-03 11:47:00-05:00,TQQQ,52.83,53.035,52.8,53.035,224976.0,52.9101,888
2026-02-03 11:48:00-05:00,TQQQ,53.03,53.0499,52.92,52.94,189768.0,52.9653,839
2026-02-03 11:49:00-05:00,TQQQ,52.95,53.02,52.925,52.95,211462.0,52.9626,936
2026-02-03 11:50:00-05:00,TQQQ,52.94,52.95,52.77,52.77,276348.0,52.8452,1336
2026-02-03 11:51:00-05:00,TQQQ,52.7803,52.7803,52.67,52.705,535564.0,52.7191,2850
2026-02-03 11:52:00-05:00,TQQQ,52.71,52.89,52.696,52.8845,246603.0,52.81,1063
2026-02-03 11:53:00-05:00,TQQQ,52.89,52.9489,52.845,52.93,133306.0,52.9037,730
2026-02-03 11:54:00-05:00,TQQQ,52.935,52.9681,52.86,52.9,127747.0,52.9118,735
2026-02-03 11:55:00-05:00,TQQQ,52.9,52.955,52.88,52.95,117039.0,52.9268,656
2026-02-03 11:56:00-05:00,TQQQ,52.95,52.98,52.91,52.975,191657.0,52.9449,944
2026-02-03 11:57:00-05:00,TQQQ,52.97,53.017,52.94,53.0,161775.0,52.9795,773
2026-02-03 11:58:00-05:00,TQQQ,52.9913,53.0078,52.86,52.87,143735.0,52.9157,768
2026-02-03 11:59:00-05:00,TQQQ,52.87,52.8879,52.8,52.825,255811.0,52.8485,1064
2026-02-03 12:00:00-05:00,TQQQ,52.81,52.84,52.7499,52.815,290252.0,52.7914,1144
2026-02-03 12:01:00-05:00,TQQQ,52.815,52.85,52.7566,52.759,188774.0,52.8074,866
2026-02-03 12:02:00-05:00,TQQQ,52.76,52.81,52.735,52.78,147386.0,52.7734,808
2026-02-03 12:03:00-05:00,TQQQ,52.79,52.8184,52.76,52.8055,106808.0,52.7866,566
2026-02-03 12:04:00-05:00,TQQQ,52.805,52.8235,52.77,52.81,148782.0,52.7931,662
2026-02-03 12:05:00-05:00,TQQQ,52.81,52.81,52.69,52.7009,323436.0,52.7334,1233
2026-02-03 12:06:00-05:00,TQQQ,52.7099,52.81,52.6803,52.81,185552.0,52.7545,787
2026-02-03 12:07:00-05:00,TQQQ,52.81,52.8199,52.74,52.74,118039.0,52.7741,644
2026-02-03 12:08:00-05:00,TQQQ,52.7377,52.8,52.71,52.8,147552.0,52.7563,622
2026-02-03 12:09:00-05:00,TQQQ,52.81,52.85,52.78,52.84,146911.0,52.8138,613
2026-02-03 12:10:00-05:00,TQQQ,52.8379,52.8891,52.815,52.855,204340.0,52.8477,757
2026-02-03 12:11:00-05:00,TQQQ,52.855,52.855,52.75,52.75,157259.0,52.7932,722
2026-02-03 12:12:00-05:00,TQQQ,52.755,52.755,52.26,52.26,1836378.0,52.5191,10082
2026-02-03 12:13:00-05:00,TQQQ,52.26,52.4345,52.25,52.395,505559.0,52.3467,2262
2026-02-03 12:14:00-05:00,TQQQ,52.4022,52.46,52.275,52.36,623014.0,52.3778,2231
2026-02-03 12:15:00-05:00,TQQQ,52.36,52.4514,52.32,52.35,403786.0,52.384,1713
2026-02-03 12:16:00-05:00,TQQQ,52.34,52.42,52.32,52.37,293354.0,52.3707,1380
2026-02-03 12:17:00-05:00,TQQQ,52.37,52.4397,52.36,52.425,185341.0,52.3983,931
2026-02-03 12:18:00-05:00,TQQQ,52.43,52.58,52.41,52.575,254192.0,52.5075,1185
2026-02-03 12:19:00-05:00,TQQQ,52.58,52.58,52.382,52.382,180020.0,52.4908,1206
2026-02-03 12:20:00-05:00,TQQQ,52.388,52.41,52.305,52.31,173414.0,52.3624,1021
2026-02-03 12:21:00-05:00,TQQQ,52.3,52.53,52.2822,52.51,273877.0,52.3546,1525
2026-02-03 12:22:00-05:00,TQQQ,52.5001,52.505,52.42,52.475,171928.0,52.4727,936
2026-02-03 12:23:00-05:00,TQQQ,52.485,52.6099,52.4725,52.565,159384.0,52.5489,831
2026-02-03 12:24:00-05:00,TQQQ,52.575,52.6,52.535,52.56,131118.0,52.5652,854
2026-02-03 12:25:00-05:00,TQQQ,52.5679,52.66,52.565,52.65,177662.0,52.6068,845
2026-02-03 12:26:00-05:00,TQQQ,52.6516,52.655,52.5321,52.54,107685.0,52.5763,650
2026-02-03 12:27:00-05:00,TQQQ,52.5399,52.57,52.46,52.46,154397.0,52.5136,849
2026-02-03 12:28:00-05:00,TQQQ,52.47,52.47,52.41,52.42,168788.0,52.4324,804
2026-02-03 12:29:00-05:00,TQQQ,52.43,52.43,52.33,52.338,153092.0,52.3872,860
2026-02-03 12:30:00-05:00,TQQQ,52.33,52.375,52.22,52.2303,415944.0,52.2881,1826
2026-02-03 12:31:00-05:00,TQQQ,52.25,52.32,52.225,52.25,163871.0,52.2616,840
2026-02-03 12:32:00-05:00,TQQQ,52.26,52.28,52.2,52.25,294839.0,52.2336,1393
2026-02-03 12:33:00-05:00,TQQQ,52.2484,52.28,52.17,52.2342,349300.0,52.212,1539
2026-02-03 12:34:00-05:00,TQQQ,52.232,52.2768,52.1,52.11,321902.0,52.185,1911
2026-02-03 12:35:00-05:00,TQQQ,52.105,52.1799,52.105,52.15,251657.0,52.1448,893
2026-02-03 12:36:00-05:00,TQQQ,52.145,52.16,52.0,52.04,547728.0,52.0429,2735
2026-02-03 12:37:00-05:00,TQQQ,52.045,52.1,52.01,52.04,198819.0,52.0542,953
2026-02-03 12:38:00-05:00,TQQQ,52.04,52.0899,52.005,52.035,200285.0,52.0446,980
2026-02-03 12:39:00-05:00,TQQQ,52.04,52.09,52.005,52.075,173916.0,52.0494,1002
2026-02-03 12:40:00-05:00,TQQQ,52.0681,52.0681,51.94,51.955,531946.0,51.9977,4449
2026-02-03 12:41:00-05:00,TQQQ,51.955,51.97,51.9,51.955,201289.0,51.9323,1228
2026-02-03 12:42:00-05:00,TQQQ,51.96,52.03,51.91,51.91,224445.0,51.978,976
2026-02-03 12:43:00-05:00,TQQQ,51.915,51.9499,51.88,51.92,283737.0,51.9106,1379
2026-02-03 12:44:00-05:00,TQQQ,51.93,52.0,51.9,51.97,166805.0,51.9408,960
2026-02-03 12:45:00-05:00,TQQQ,51.96,52.05,51.9386,52.035,388146.0,51.966,1292
2026-02-03 12:46:00-05:00,TQQQ,52.0374,52.15,52.01,52.079,237490.0,52.0863,1155
2026-02-03 12:47:00-05:00,TQQQ,52.08,52.19,52.07,52.149,226974.0,52.1406,1132
2026-02-03 12:48:00-05:00,TQQQ,52.15,52.24,52.12,52.2113,201771.0,52.1906,976
2026-02-03 12:49:00-05:00,TQQQ,52.2199,52.25,52.145,52.175,167159.0,52.1941,897
2026-02-03 12:50:00-05:00,TQQQ,52.178,52.2886,52.145,52.2886,180696.0,52.2108,1066
2026-02-03 12:51:00-05:00,TQQQ,52.2832,52.4097,52.27,52.325,304643.0,52.3485,1461
2026-02-03 12:52:00-05:00,TQQQ,52.32,52.32,52.122,52.125,250914.0,52.2093,1390
2026-02-03 12:53:00-05:00,TQQQ,52.125,52.19,52.07,52.165,183302.0,52.13,902
2026-02-03 12:54:00-05:00,TQQQ,52.17,52.2296,52.16,52.22,136332.0,52.1938,767
2026-02-03 12:55:00-05:00,TQQQ,52.23,52.26,52.16,52.17,157141.0,52.2029,993
2026-02-03 12:56:00-05:00,TQQQ,52.1681,52.265,52.14,52.26,606385.0,52.1918,1945
2026-02-03 12:57:00-05:00,TQQQ,52.255,52.285,52.17,52.175,263157.0,52.235,1109
2026-02-03 12:58:00-05:00,TQQQ,52.175,52.26,52.16,52.24,110857.0,52.2176,645
2026-02-03 12:59:00-05:00,TQQQ,52.23,52.2469,52.12,52.15,171028.0,52.1689,894
2026-02-03 13:00:00-05:00,TQQQ,52.135,52.18,52.1103,52.159,193890.0,52.1459,880
2026-02-03 13:01:00-05:00,TQQQ,52.155,52.255,52.125,52.14,186630.0,52.1885,976
2026-02-03 13:02:00-05:00,TQQQ,52.145,52.185,52.09,52.115,156297.0,52.12,946
2026-02-03 13:03:00-05:00,TQQQ,52.12,52.13,52.075,52.085,98500.0,52.0929,621
2026-02-03 13:04:00-05:00,TQQQ,52.09,52.095,52.035,52.05,126667.0,52.0654,741
2026-02-03 13:05:00-05:00,TQQQ,52.05,52.08,52.0122,52.065,153344.0,52.0435,879
2026-02-03 13:06:00-05:00,TQQQ,52.0668,52.165,52.06,52.11,172436.0,52.1008,967
2026-02-03 13:07:00-05:00,TQQQ,52.1101,52.34,52.0999,52.28,327146.0,52.2215,1868
2026-02-03 13:08:00-05:00,TQQQ,52.275,52.38,52.27,52.365,240678.0,52.3319,1197
2026-02-03 13:09:00-05:00,TQQQ,52.3579,52.38,52.2,52.218,372655.0,52.2638,1778
2026-02-03 13:10:00-05:00,TQQQ,52.21,52.21,52.11,52.115,144355.0,52.1609,894
2026-02-03 13:11:00-05:00,TQQQ,52.11,52.15,52.06,52.1,211459.0,52.0987,903
2026-02-03 13:12:00-05:00,TQQQ,52.1,52.13,52.0,52.01,206223.0,52.0444,1076
2026-02-03 13:13:00-05:00,TQQQ,52.01,52.0245,51.8,51.8,652432.0,51.9167,6833
2026-02-03 13:14:00-05:00,TQQQ,51.81,51.8254,51.765,51.81,325683.0,51.7992,1969
2026-02-03 13:15:00-05:00,TQQQ,51.8098,51.928,51.8027,51.9189,306436.0,51.8738,1424
2026-02-03 13:16:00-05:00,TQQQ,51.92,51.96,51.88,51.95,229017.0,51.9239,1052
2026-02-03 13:17:00-05:00,TQQQ,51.9498,51.96,51.8522,51.87,175965.0,51.8856,981
2026-02-03 13:18:00-05:00,TQQQ,51.875,52.0,51.875,51.9845,143634.0,51.9497,952
2026-02-03 13:19:00-05:00,TQQQ,51.985,52.03,51.96,52.0278,196290.0,51.9964,922
2026-02-03 13:20:00-05:00,TQQQ,52.01,52.02,51.86,51.885,240265.0,51.9464,1082
2026-02-03 13:21:00-05:00,TQQQ,51.89,51.95,51.8818,51.94,157679.0,51.9118,837
2026-02-03 13:22:00-05:00,TQQQ,51.94,52.01,51.92,51.9493,149655.0,51.9692,848
2026-02-03 13:23:00-05:00,TQQQ,51.945,51.95,51.8857,51.9,98314.0,51.9092,785
2026-02-03 13:24:00-05:00,TQQQ,51.8901,51.895,51.825,51.84,167382.0,51.8529,1052
2026-02-03 13:25:00-05:00,TQQQ,51.835,51.85,51.73,51.77,372674.0,51.7793,2117
2026-02-03 13:26:00-05:00,TQQQ,51.7729,51.79,51.73,51.77,194902.0,51.7639,944
2026-02-03 13:27:00-05:00,TQQQ,51.77,51.77,51.6914,51.745,321415.0,51.733,1416
2026-02-03 13:28:00-05:00,TQQQ,51.75,51.83,51.7415,51.765,222514.0,51.7851,958
2026-02-03 13:29:00-05:00,TQQQ,51.775,51.81,51.68,51.8,325955.0,51.7395,1504
2026-02-03 13:30:00-05:00,TQQQ,51.8,51.8,51.6218,51.66,576982.0,51.6724,2601
2026-02-03 13:31:00-05:00,TQQQ,51.6632,51.7286,51.65,51.71,172162.0,51.6792,755
2026-02-03 13:32:00-05:00,TQQQ,51.7165,51.78,51.64,51.645,135316.0,51.7183,888
2026-02-03 13:33:00-05:00,TQQQ,51.6432,51.665,51.57,51.6479,294654.0,51.6096,1766
2026-02-03 13:34:00-05:00,TQQQ,51.645,51.6704,51.6098,51.6499,130157.0,51.6352,814
2026-02-03 13:35:00-05:00,TQQQ,51.6516,51.6886,51.5813,51.61,120873.0,51.6304,900
2026-02-03 13:36:00-05:00,TQQQ,51.62,51.665,51.54,51.5421,227868.0,51.5862,1372
2026-02-03 13:37:00-05:00,TQQQ,51.55,51.64,51.54,51.635,158338.0,51.593,780
2026-02-03 13:38:00-05:00,TQQQ,51.625,51.71,51.611,51.66,183639.0,51.6587,944
2026-02-03 13:39:00-05:00,TQQQ,51.6632,51.735,51.645,51.73,195173.0,51.6793,941
2026-02-03 13:40:00-05:00,TQQQ,51.725,51.725,51.6,51.6107,187204.0,51.6531,955
2026-02-03 13:41:00-05:00,TQQQ,51.615,51.6985,51.59,51.64,145690.0,51.6327,813
2026-02-03 13:42:00-05:00,TQQQ,51.6495,51.6495,51.49,51.4918,418834.0,51.5216,3111
2026-02-03 13:43:00-05:00,TQQQ,51.5,51.5599,51.5,51.535,141506.0,51.5252,671
2026-02-03 13:44:00-05:00,TQQQ,51.54,51.58,51.54,51.54,146251.0,51.5554,796
2026-02-03 13:45:00-05:00,TQQQ,51.535,51.5374,51.46,51.47,165501.0,51.4891,1366
2026-02-03 13:46:00-05:00,TQQQ,51.47,51.52,51.45,51.485,157571.0,51.4847,912
2026-02-03 13:47:00-05:00,TQQQ,51.49,51.57,51.485,51.55,184174.0,51.5276,872
2026-02-03 13:48:00-05:00,TQQQ,51.55,51.55,51.42,51.4299,177405.0,51.4676,1423
2026-02-03 13:49:00-05:00,TQQQ,51.425,51.5268,51.42,51.51,132134.0,51.4725,708
2026-02-03 13:50:00-05:00,TQQQ,51.5,51.5,51.425,51.4455,120052.0,51.4577,726
2026-02-03 13:51:00-05:00,TQQQ,51.45,51.46,51.4,51.46,168705.0,51.4272,1025
2026-02-03 13:52:00-05:00,TQQQ,51.465,51.47,51.41,51.438,103094.0,51.4376,622
2026-02-03 13:53:00-05:00,TQQQ,51.4397,51.4815,51.39,51.395,179331.0,51.4349,1216
2026-02-03 13:54:00-05:00,TQQQ,51.3973,51.415,51.3713,51.38,107090.0,51.3935,736
2026-02-03 13:55:00-05:00,TQQQ,51.3891,51.53,51.3871,51.505,237226.0,51.4741,1097
2026-02-03 13:56:00-05:00,TQQQ,51.505,51.52,51.43,51.455,187015.0,51.4801,1020
2026-02-03 13:57:00-05:00,TQQQ,51.455,51.46,51.345,51.35,190369.0,51.3801,1467
2026-02-03 13:58:00-05:00,TQQQ,51.35,51.44,51.3499,51.435,153935.0,51.4061,896
2026-02-03 13:59:00-05:00,TQQQ,51.4316,51.44,51.25,51.2518,340332.0,51.3276,2236
2026-02-03 14:00:00-05:00,TQQQ,51.25,51.34,51.15,51.29,858577.0,51.2195,3855
2026-02-03 14:01:00-05:00,TQQQ,51.285,51.285,51.2285,51.23,207939.0,51.2477,1065
2026-02-03 14:02:00-05:00,TQQQ,51.225,51.275,51.18,51.18,182017.0,51.225,1056
2026-02-03 14:03:00-05:00,TQQQ,51.17,51.19,51.115,51.115,254408.0,51.1514,1429
2026-02-03 14:04:00-05:00,TQQQ,51.125,51.165,51.12,51.1585,200213.0,51.1474,881
2026-02-03 14:05:00-05:00,TQQQ,51.155,51.25,51.1001,51.22,188118.0,51.1662,1054
2026-02-03 14:06:00-05:00,TQQQ,51.2199,51.23,51.13,51.1619,161297.0,51.1842,1070
2026-02-03 14:07:00-05:00,TQQQ,51.1787,51.18,51.09,51.1,228535.0,51.1216,1505
2026-02-03 14:08:00-05:00,TQQQ,51.1,51.125,51.08,51.1,182625.0,51.0998,1068
2026-02-03 14:09:00-05:00,TQQQ,51.1,51.1679,51.0901,51.15,96816.0,51.1347,777
2026-02-03 14:10:00-05:00,TQQQ,51.14,51.25,51.13,51.24,190099.0,51.2004,999
2026-02-03 14:11:00-05:00,TQQQ,51.235,51.41,51.23,51.4,360507.0,51.3097,1876
2026-02-03 14:12:00-05:00,TQQQ,51.3985,51.59,51.39,51.575,602110.0,51.4802,2289
2026-02-03 14:13:00-05:00,TQQQ,51.5799,51.655,51.52,51.62,674445.0,51.5844,2434
2026-02-03 14:14:00-05:00,TQQQ,51.63,51.76,51.63,51.75,709028.0,51.7061,2280
2026-02-03 14:15:00-05:00,TQQQ,51.745,51.8,51.7,51.785,483330.0,51.7531,2193
2026-02-03 14:16:00-05:00,TQQQ,51.78,51.82,51.685,51.755,439858.0,51.7548,1853
2026-02-03 14:17:00-05:00,TQQQ,51.755,51.77,51.665,51.68,521290.0,51.717,2092
2026-02-03 14:18:00-05:00,TQQQ,51.6701,51.82,51.67,51.81,278875.0,51.7678,1294
2026-02-03 14:19:00-05:00,TQQQ,51.815,51.9,51.79,51.825,406961.0,51.8467,1538
2026-02-03 14:20:00-05:00,TQQQ,51.82,51.915,51.82,51.87,267440.0,51.8669,1411
2026-02-03 14:21:00-05:00,TQQQ,51.87,51.97,51.855,51.955,365966.0,51.9345,1651
2026-02-03 14:22:00-05:00,TQQQ,51.96,51.9779,51.84,51.855,309151.0,51.898,1428
2026-02-03 14:23:00-05:00,TQQQ,51.85,51.9,51.835,51.8893,176884.0,51.869,879
2026-02-03 14:24:00-05:00,TQQQ,51.8807,51.94,51.72,51.74,300101.0,51.8361,1396
2026-02-03 14:25:00-05:00,TQQQ,51.745,51.79,51.49,51.49,527987.0,51.6546,2179
2026-02-03 14:26:00-05:00,TQQQ,51.5,51.5812,51.4503,51.57,472633.0,51.5182,1742
2026-02-03 14:27:00-05:00,TQQQ,51.57,51.7072,51.52,51.68,455288.0,51.5827,1806
2026-02-03 14:28:00-05:00,TQQQ,51.68,51.715,51.6205,51.715,181760.0,51.6696,1071
2026-02-03 14:29:00-05:00,TQQQ,51.725,51.74,51.52,51.57,499497.0,51.6209,2121
2026-02-03 14:30:00-05:00,TQQQ,51.57,51.744,51.42,51.44,783821.0,51.5746,3394
2026-02-03 14:31:00-05:00,TQQQ,51.445,51.495,51.38,51.48,205062.0,51.438,1346
2026-02-03 14:32:00-05:00,TQQQ,51.4797,51.64,51.465,51.48,286751.0,51.5257,1259
2026-02-03 14:33:00-05:00,TQQQ,51.495,51.64,51.49,51.56,229577.0,51.5714,990
2026-02-03 14:34:00-05:00,TQQQ,51.56,51.575,51.4,51.41,262210.0,51.4472,1479
2026-02-03 14:35:00-05:00,TQQQ,51.41,51.5299,51.39,51.5,310618.0,51.4592,1471
2026-02-03 14:36:00-05:00,TQQQ,51.52,51.5699,51.455,51.49,131088.0,51.5,903
2026-02-03 14:37:00-05:00,TQQQ,51.48,51.57,51.41,51.57,190278.0,51.4779,1082
2026-02-03 14:38:00-05:00,TQQQ,51.58,51.6274,51.5,51.55,303545.0,51.5752,1176
2026-02-03 14:39:00-05:00,TQQQ,51.56,51.57,51.495,51.505,115108.0,51.5326,794
2026-02-03 14:40:00-05:00,TQQQ,51.5,51.53,51.41,51.4935,176986.0,51.4897,1117
2026-02-03 14:41:00-05:00,TQQQ,51.5,51.5679,51.5,51.545,189380.0,51.5315,938
2026-02-03 14:42:00-05:00,TQQQ,51.54,51.59,51.5,51.545,131800.0,51.5378,770
2026-02-03 14:43:00-05:00,TQQQ,51.53,51.53,51.36,51.4189,311006.0,51.4361,1448
2026-02-03 14:44:00-05:00,TQQQ,51.42,51.4399,51.37,51.41,146308.0,51.4003,745
2026-02-03 14:45:00-05:00,TQQQ,51.4,51.435,51.31,51.37,203071.0,51.3767,1130
2026-02-03 14:46:00-05:00,TQQQ,51.37,51.38,51.26,51.295,223975.0,51.3068,1269
2026-02-03 14:47:00-05:00,TQQQ,51.28,51.3599,51.2727,51.3099,236464.0,51.3124,931
2026-02-03 14:48:00-05:00,TQQQ,51.3199,51.3407,51.28,51.33,126660.0,51.3071,743
2026-02-03 14:49:00-05:00,TQQQ,51.35,51.4,51.28,51.28,280137.0,51.3474,1242
2026-02-03 14:50:00-05:00,TQQQ,51.28,51.385,51.26,51.355,266033.0,51.3477,1222
2026-02-03 14:51:00-05:00,TQQQ,51.35,51.37,51.2,51.265,534041.0,51.2501,2082
2026-02-03 14:52:00-05:00,TQQQ,51.27,51.317,51.225,51.245,208853.0,51.2761,1099
2026-02-03 14:53:00-05:00,TQQQ,51.245,51.48,51.18,51.3493,597559.0,51.357,2849
2026-02-03 14:54:00-05:00,TQQQ,51.35,51.455,51.31,51.45,167195.0,51.3776,950
2026-02-03 14:55:00-05:00,TQQQ,51.46,51.5392,51.43,51.53,227929.0,51.4848,1185
2026-02-03 14:56:00-05:00,TQQQ,51.5287,51.69,51.5287,51.68,400668.0,51.6321,1399
2026-02-03 14:57:00-05:00,TQQQ,51.68,51.69,51.6,51.66,189583.0,51.6425,985
2026-02-03 14:58:00-05:00,TQQQ,51.65,51.74,51.65,51.725,326839.0,51.6975,1486
2026-02-03 14:59:00-05:00,TQQQ,51.715,51.7801,51.68,51.7,316375.0,51.7252,1374
2026-02-03 15:00:00-05:00,TQQQ,51.7,51.7696,51.66,51.71,464956.0,51.6972,1761
2026-02-03 15:01:00-05:00,TQQQ,51.7,51.7393,51.55,51.55,272463.0,51.6465,1306
2026-02-03 15:02:00-05:00,TQQQ,51.555,51.59,51.5,51.51,346350.0,51.5347,1256
2026-02-03 15:03:00-05:00,TQQQ,51.515,51.56,51.49,51.5499,216520.0,51.5306,847
2026-02-03 15:04:00-05:00,TQQQ,51.56,51.58,51.52,51.52,194231.0,51.5555,775
2026-02-03 15:05:00-05:00,TQQQ,51.52,51.6,51.5,51.5698,131550.0,51.5373,768
2026-02-03 15:06:00-05:00,TQQQ,51.565,51.62,51.54,51.59,200819.0,51.5831,884
2026-02-03 15:07:00-05:00,TQQQ,51.6,51.65,51.6,51.615,228333.0,51.6172,933
2026-02-03 15:08:00-05:00,TQQQ,51.61,51.61,51.4949,51.525,190956.0,51.5451,1071
2026-02-03 15:09:00-05:00,TQQQ,51.5278,51.54,51.48,51.535,172249.0,51.5087,847
2026-02-03 15:10:00-05:00,TQQQ,51.535,51.605,51.53,51.575,182413.0,51.5708,792
2026-02-03 15:11:00-05:00,TQQQ,51.58,51.59,51.52,51.57,131816.0,51.5598,657
2026-02-03 15:12:00-05:00,TQQQ,51.58,51.58,51.42,51.4287,232364.0,51.506,1147
2026-02-03 15:13:00-05:00,TQQQ,51.43,51.52,51.4,51.515,231714.0,51.4419,984
2026-02-03 15:14:00-05:00,TQQQ,51.5178,51.6674,51.48,51.66,155012.0,51.5869,746
2026-02-03 15:15:00-05:00,TQQQ,51.655,51.655,51.5,51.52,183094.0,51.5584,930
2026-02-03 15:16:00-05:00,TQQQ,51.52,51.62,51.52,51.6133,213944.0,51.5771,839
2026-02-03 15:17:00-05:00,TQQQ,51.605,51.68,51.59,51.655,227760.0,51.6403,933
2026-02-03 15:18:00-05:00,TQQQ,51.66,51.795,51.6415,51.795,242445.0,51.7246,1103
2026-02-03 15:19:00-05:00,TQQQ,51.79,51.83,51.705,51.7101,369493.0,51.7897,1634
2026-02-03 15:20:00-05:00,TQQQ,51.7,51.715,51.56,51.575,327883.0,51.6334,1325
2026-02-03 15:21:00-05:00,TQQQ,51.5768,51.625,51.55,51.62,379885.0,51.5956,1193
2026-02-03 15:22:00-05:00,TQQQ,51.615,51.625,51.55,51.615,125417.0,51.5972,655
2026-02-03 15:23:00-05:00,TQQQ,51.615,51.74,51.5801,51.7266,216939.0,51.6839,867
2026-02-03 15:24:00-05:00,TQQQ,51.722,51.7794,51.6999,51.775,231325.0,51.7365,898
2026-02-03 15:25:00-05:00,TQQQ,51.77,51.81,51.7699,51.7998,210065.0,51.7924,983
2026-02-03 15:26:00-05:00,TQQQ,51.79,51.82,51.76,51.8092,143207.0,51.7958,805
2026-02-03 15:27:00-05:00,TQQQ,51.806,51.855,51.78,51.855,304480.0,51.8255,1345
2026-02-03 15:28:00-05:00,TQQQ,51.8524,51.8778,51.77,51.7798,340932.0,51.8307,1380
2026-02-03 15:29:00-05:00,TQQQ,51.78,51.83,51.77,51.795,151144.0,51.8047,633
2026-02-03 15:30:00-05:00,TQQQ,51.79,51.955,51.79,51.955,426185.0,51.8784,1401
2026-02-03 15:31:00-05:00,TQQQ,51.96,52.02,51.94,52.02,359669.0,51.9699,1455
2026-02-03 15:32:00-05:00,TQQQ,52.0279,52.1397,52.025,52.0603,364397.0,52.0758,1667
2026-02-03 15:33:00-05:00,TQQQ,52.065,52.1391,52.065,52.1315,255765.0,52.1,1146
2026-02-03 15:34:00-05:00,TQQQ,52.1335,52.23,52.1335,52.215,334202.0,52.196,1465
2026-02-03 15:35:00-05:00,TQQQ,52.2197,52.24,52.18,52.2358,331823.0,52.2109,1285
2026-02-03 15:36:00-05:00,TQQQ,52.2321,52.28,52.17,52.25,298254.0,52.2186,1612
2026-02-03 15:37:00-05:00,TQQQ,52.243,52.25,52.16,52.1755,220945.0,52.2071,1042
2026-02-03 15:38:00-05:00,TQQQ,52.1715,52.3784,52.1715,52.3784,673035.0,52.2656,1507
2026-02-03 15:39:00-05:00,TQQQ,52.37,52.378,52.3099,52.355,237918.0,52.3311,1030
2026-02-03 15:40:00-05:00,TQQQ,52.355,52.365,52.25,52.2582,264854.0,52.3126,1278
2026-02-03 15:41:00-05:00,TQQQ,52.255,52.26,52.08,52.1,457658.0,52.1792,1609
2026-02-03 15:42:00-05:00,TQQQ,52.0901,52.205,52.07,52.16,173486.0,52.1299,1027
2026-02-03 15:43:00-05:00,TQQQ,52.1699,52.1699,52.11,52.14,179771.0,52.1387,928
2026-02-03 15:44:00-05:00,TQQQ,52.14,52.21,52.14,52.185,147922.0,52.1751,758
2026-02-03 15:45:00-05:00,TQQQ,52.185,52.23,52.14,52.21,172532.0,52.1837,956
2026-02-03 15:46:00-05:00,TQQQ,52.21,52.29,52.2059,52.285,222883.0,52.2566,986
2026-02-03 15:47:00-05:00,TQQQ,52.29,52.33,52.22,52.2501,230580.0,52.2692,1089
2026-02-03 15:48:00-05:00,TQQQ,52.255,52.2899,52.19,52.195,181810.0,52.2514,961
2026-02-03 15:49:00-05:00,TQQQ,52.195,52.3,52.195,52.3,238371.0,52.2655,840
2026-02-03 15:50:00-05:00,TQQQ,52.3,52.44,52.3,52.37,670614.0,52.3833,2608
2026-02-03 15:51:00-05:00,TQQQ,52.38,52.3886,52.25,52.28,260432.0,52.3151,1565
2026-02-03 15:52:00-05:00,TQQQ,52.285,52.29,52.22,52.283,413443.0,52.2449,2231
2026-02-03 15:53:00-05:00,TQQQ,52.29,52.37,52.261,52.275,415665.0,52.3171,2439
2026-02-03 15:54:00-05:00,TQQQ,52.275,52.42,52.27,52.3851,384642.0,52.3541,1982
2026-02-03 15:55:00-05:00,TQQQ,52.385,52.51,52.35,52.462,430906.0,52.4421,2045
2026-02-03 15:56:00-05:00,TQQQ,52.47,52.48,52.39,52.45,275802.0,52.4321,1346
2026-02-03 15:57:00-05:00,TQQQ,52.46,52.51,52.44,52.4475,390485.0,52.481,1725
2026-02-03 15:58:00-05:00,TQQQ,52.4503,52.55,52.45,52.54,394030.0,52.5066,1609
2026-02-03 15:59:00-05:00,TQQQ,52.545,52.6,52.5015,52.515,967011.0,52.5594,3906
2026-02-03 16:00:00-05:00,TQQQ,52.53,52.63,52.4769,52.62,85853.0,52.566,343
2026-02-03 16:01:00-05:00,TQQQ,52.61,52.61,52.5003,52.5802,44282.0,52.5668,224
2026-02-03 16:02:00-05:00,TQQQ,52.5815,52.65,52.58,52.62,43205.0,52.612,234
2026-02-03 16:03:00-05:00,TQQQ,52.63,52.65,52.58,52.64,74616.0,52.6137,233
2026-02-03 16:04:00-05:00,TQQQ,52.64,52.66,52.6283,52.65,39831.0,52.6468,217
2026-02-03 16:05:00-05:00,TQQQ,52.655,52.6703,52.6,52.62,26845.0,52.6329,220
2026-02-03 16:06:00-05:00,TQQQ,52.61,52.61,52.49,52.49,58628.0,52.5547,350
2026-02-03 16:07:00-05:00,TQQQ,52.5,52.55,52.46,52.53,32773.0,52.5041,209
2026-02-03 16:08:00-05:00,TQQQ,52.54,52.55,52.52,52.5497,17832.0,52.5353,112
2026-02-03 16:09:00-05:00,TQQQ,52.54,52.5504,52.51,52.54,20535.0,52.5269,139
2026-02-03 16:10:00-05:00,TQQQ,52.53,52.5664,52.52,52.5615,13936.0,52.5384,89
2026-02-03 16:11:00-05:00,TQQQ,52.56,52.57,52.54,52.5415,11844.0,52.5542,127
2026-02-03 16:12:00-05:00,TQQQ,52.55,52.56,52.5014,52.52,10431.0,52.5345,130
2026-02-03 16:13:00-05:00,TQQQ,52.5131,52.5131,52.49,52.4997,15268.0,52.4996,152
2026-02-03 16:14:00-05:00,TQQQ,52.5,52.5403,52.5,52.5302,15700.0,52.5243,72
2026-02-03 16:15:00-05:00,TQQQ,52.55,52.7,52.43,52.43,92225.0,52.585,537
2026-02-03 16:16:00-05:00,TQQQ,52.45,52.45,52.33,52.34,60297.0,52.3763,336
2026-02-03 16:17:00-05:00,TQQQ,52.34,52.34,52.2,52.2,48593.0,52.2741,539
2026-02-03 16:18:00-05:00,TQQQ,52.2,52.24,52.15,52.15,119375.0,52.205,526
2026-02-03 16:19:00-05:00,TQQQ,52.15,52.23,52.119,52.22,48075.0,52.1415,272
2026-02-03 16:20:00-05:00,TQQQ,52.22,52.25,52.1806,52.21,20819.0,52.2264,177
2026-02-03 16:21:00-05:00,TQQQ,52.2,52.24,52.16,52.23,42897.0,52.1941,280
2026-02-03 16:22:00-05:00,TQQQ,52.24,52.33,52.24,52.2899,30615.0,52.2969,217
2026-02-03 16:23:00-05:00,TQQQ,52.31,52.35,52.3,52.35,15719.0,52.3364,141
2026-02-03 16:24:00-05:00,TQQQ,52.36,52.4,52.31,52.33,21641.0,52.356,178
2026-02-03 16:25:00-05:00,TQQQ,52.3399,52.34,52.3,52.33,8418.0,52.3203,129
2026-02-03 16:26:00-05:00,TQQQ,52.34,52.37,52.319,52.37,23634.0,52.3383,158
2026-02-03 16:27:00-05:00,TQQQ,52.37,52.39,52.3599,52.39,28594.0,52.3771,94
2026-02-03 16:28:00-05:00,TQQQ,52.39,52.4185,52.38,52.38,17812.0,52.4011,184
2026-02-03 16:29:00-05:00,TQQQ,52.36,52.4,52.36,52.4,26560.0,52.3782,95
2026-02-03 16:30:00-05:00,TQQQ,52.39,52.3901,52.3,52.3,15056.0,52.3372,189
2026-02-03 16:31:00-05:00,TQQQ,52.31,52.3315,52.28,52.31,26776.0,52.305,251
2026-02-03 16:32:00-05:00,TQQQ,52.31,52.33,52.28,52.32,6609.0,52.3134,76
2026-02-03 16:33:00-05:00,TQQQ,52.31,52.31,52.27,52.28,19738.0,52.2831,130
2026-02-03 16:34:00-05:00,TQQQ,52.29,52.3,52.27,52.27,3249.0,52.2882,63
2026-02-03 16:35:00-05:00,TQQQ,52.2799,52.3,52.25,52.25,14617.0,52.2668,196
2026-02-03 16:36:00-05:00,TQQQ,52.3,52.32,52.28,52.29,7578.0,52.3017,95
2026-02-03 16:37:00-05:00,TQQQ,52.28,52.3,52.26,52.291,33597.0,52.2734,136
2026-02-03 16:38:00-05:00,TQQQ,52.29,52.29,52.25,52.26,3620.0,52.2703,99
2026-02-03 16:39:00-05:00,TQQQ,52.26,52.26,52.25,52.25,13370.0,52.2503,101
2026-02-03 16:40:00-05:00,TQQQ,52.25,52.27,52.25,52.2504,2417.0,52.2616,46
2026-02-03 16:41:00-05:00,TQQQ,52.26,52.34,52.26,52.28,13485.0,52.3101,106
2026-02-03 16:42:00-05:00,TQQQ,52.28,52.35,52.28,52.34,6546.0,52.322,91
2026-02-03 16:43:00-05:00,TQQQ,52.32,52.32,52.29,52.32,9883.0,52.3053,109
2026-02-03 16:44:00-05:00,TQQQ,52.34,52.3403,52.3,52.3403,6848.0,52.3235,73
2026-02-03 16:45:00-05:00,TQQQ,52.34,52.35,52.32,52.32,7917.0,52.3328,81
2026-02-03 16:46:00-05:00,TQQQ,52.3292,52.3292,52.3196,52.32,5183.0,52.3202,94
2026-02-03 16:47:00-05:00,TQQQ,52.32,52.32,52.3,52.3,12048.0,52.307,116
2026-02-03 16:48:00-05:00,TQQQ,52.2901,52.3,52.29,52.2901,5730.0,52.2933,62
2026-02-03 16:49:00-05:00,TQQQ,52.2915,52.2915,52.25,52.25,4584.0,52.2711,115
2026-02-03 16:50:00-05:00,TQQQ,52.26,52.27,52.24,52.25,5087.0,52.253,94
2026-02-03 16:51:00-05:00,TQQQ,52.29,52.33,52.28,52.33,24721.0,52.2913,106
2026-02-03 16:52:00-05:00,TQQQ,52.3399,52.34,52.31,52.31,7618.0,52.3297,92
2026-02-03 16:53:00-05:00,TQQQ,52.3,52.3196,52.27,52.27,6457.0,52.2954,94
2026-02-03 16:54:00-05:00,TQQQ,52.28,52.28,52.27,52.27,2085.0,52.2722,77
2026-02-03 16:55:00-05:00,TQQQ,52.27,52.35,52.27,52.35,1835.0,52.3123,42
2026-02-03 16:56:00-05:00,TQQQ,52.34,52.34,52.3193,52.3194,31092.0,52.3289,92
2026-02-03 16:57:00-05:00,TQQQ,52.32,52.32,52.2785,52.29,2716.0,52.2883,87
2026-02-03 16:58:00-05:00,TQQQ,52.31,52.3599,52.31,52.3269,9204.0,52.3431,81
2026-02-03 16:59:00-05:00,TQQQ,52.34,52.3713,52.34,52.35,6483.0,52.3537,62
2026-02-03 17:00:00-05:00,TQQQ,52.36,52.36,52.35,52.35,5272.0,52.3511,58
2026-02-03 17:01:00-05:00,TQQQ,52.35,52.38,52.35,52.3682,3510.0,52.3589,62
2026-02-03 17:02:00-05:00,TQQQ,52.369,52.3696,52.3603,52.369,2820.0,52.368,66
2026-02-03 17:03:00-05:00,TQQQ,52.37,52.37,52.37,52.37,1803.0,52.3682,71
2026-02-03 17:04:00-05:00,TQQQ,52.37,52.37,52.36,52.36,7647.0,52.3624,48
2026-02-03 17:05:00-05:00,TQQQ,52.36,52.37,52.35,52.36,6761.0,52.3622,118
2026-02-03 17:06:00-05:00,TQQQ,52.34,52.37,52.34,52.37,4160.0,52.3529,51
2026-02-03 17:07:00-05:00,TQQQ,52.34,52.3569,52.34,52.3569,2099.0,52.348,85
2026-02-03 17:08:00-05:00,TQQQ,52.3598,52.36,52.34,52.35,4979.0,52.3518,75
2026-02-03 17:09:00-05:00,TQQQ,52.34,52.35,52.3302,52.35,1265.0,52.342,69
2026-02-03 17:10:00-05:00,TQQQ,52.3477,52.3477,52.3246,52.33,2674.0,52.3384,81
2026-02-03 17:11:00-05:00,TQQQ,52.32,52.34,52.32,52.32,3346.0,52.3256,90
2026-02-03 17:12:00-05:00,TQQQ,52.3,52.3,52.3,52.3,1225.0,52.3097,75
2026-02-03 17:13:00-05:00,TQQQ,52.31,52.32,52.26,52.27,25993.0,52.2694,193
2026-02-03 17:14:00-05:00,TQQQ,52.26,52.29,52.26,52.26,9267.0,52.2624,85
2026-02-03 17:15:00-05:00,TQQQ,52.26,52.26,52.26,52.26,2484.0,52.2583,85
2026-02-03 17:16:00-05:00,TQQQ,52.251,52.26,52.251,52.26,4256.0,52.2547,93
2026-02-03 17:17:00-05:00,TQQQ,52.2669,52.2669,52.25,52.251,2457.0,52.2539,48
2026-02-03 17:18:00-05:00,TQQQ,52.27,52.27,52.25,52.25,6113.0,52.2535,73
2026-02-03 17:19:00-05:00,TQQQ,52.2503,52.26,52.24,52.2482,17830.0,52.2426,255
2026-02-03 17:20:00-05:00,TQQQ,52.24,52.24,52.21,52.2103,28666.0,52.232,249
2026-02-03 17:21:00-05:00,TQQQ,52.21,52.21,52.18,52.19,86457.0,52.1993,225
2026-02-03 17:22:00-05:00,TQQQ,52.181,52.19,52.17,52.17,20882.0,52.1794,136
2026-02-03 17:23:00-05:00,TQQQ,52.19,52.221,52.1705,52.2112,24354.0,52.197,71
2026-02-03 17:24:00-05:00,TQQQ,52.22,52.23,52.2002,52.2099,6797.0,52.214,63
2026-02-03 17:25:00-05:00,TQQQ,52.2001,52.22,52.2001,52.2198,10263.0,52.2061,42
2026-02-03 17:26:00-05:00,TQQQ,52.2115,52.24,52.21,52.2277,5636.0,52.2192,56
2026-02-03 17:27:00-05:00,TQQQ,52.2502,52.27,52.231,52.25,3408.0,52.2443,49
2026-02-03 17:28:00-05:00,TQQQ,52.25,52.25,52.2299,52.2299,2001.0,52.2352,74
2026-02-03 17:29:00-05:00,TQQQ,52.23,52.23,52.21,52.23,3494.0,52.2192,54
2026-02-03 17:30:00-05:00,TQQQ,52.21,52.23,52.21,52.2298,4902.0,52.2233,59
2026-02-03 17:31:00-05:00,TQQQ,52.22,52.25,52.22,52.25,799.0,52.2323,47
2026-02-03 17:32:00-05:00,TQQQ,52.24,52.24,52.21,52.22,8178.0,52.2226,68
2026-02-03 17:33:00-05:00,TQQQ,52.24,52.24,52.22,52.22,1346.0,52.2298,47
2026-02-03 17:34:00-05:00,TQQQ,52.23,52.23,52.21,52.21,10665.0,52.2109,54
2026-02-03 17:36:00-05:00,TQQQ,52.23,52.23,52.21,52.2199,1680.0,52.22,54
2026-02-03 17:37:00-05:00,TQQQ,52.21,52.2101,52.2,52.2,4652.0,52.2032,205
2026-02-03 17:38:00-05:00,TQQQ,52.2,52.2,52.18,52.18,2928.0,52.1916,82
2026-02-03 17:39:00-05:00,TQQQ,52.1969,52.1998,52.18,52.18,3665.0,52.1903,50
2026-02-03 17:40:00-05:00,TQQQ,52.1803,52.19,52.1803,52.19,3740.0,52.182,52
2026-02-03 17:41:00-05:00,TQQQ,52.19,52.19,52.1782,52.1782,3858.0,52.185,101
2026-02-03 17:42:00-05:00,TQQQ,52.17,52.2,52.17,52.17,3409.0,52.1847,68
2026-02-03 17:43:00-05:00,TQQQ,52.17,52.21,52.17,52.18,3321.0,52.1905,36
2026-02-03 17:44:00-05:00,TQQQ,52.21,52.21,52.18,52.21,4139.0,52.1916,49
2026-02-03 17:45:00-05:00,TQQQ,52.2,52.2,52.16,52.16,6212.0,52.171,136
2026-02-03 17:46:00-05:00,TQQQ,52.1608,52.18,52.16,52.18,2665.0,52.1698,49
2026-02-03 17:47:00-05:00,TQQQ,52.18,52.2,52.15,52.18,2052.0,52.1779,86
2026-02-03 17:48:00-05:00,TQQQ,52.1798,52.18,52.17,52.18,1552.0,52.1778,59
2026-02-03 17:49:00-05:00,TQQQ,52.17,52.17,52.15,52.16,5117.0,52.1561,199
2026-02-03 17:50:00-05:00,TQQQ,52.16,52.19,52.15,52.19,5322.0,52.1618,63
2026-02-03 17:51:00-05:00,TQQQ,52.16,52.19,52.16,52.16,2673.0,52.1635,62
2026-02-03 17:52:00-05:00,TQQQ,52.1601,52.17,52.1601,52.17,1821.0,52.1702,39
2026-02-03 17:53:00-05:00,TQQQ,52.18,52.18,52.16,52.171,4989.0,52.1712,78
2026-02-03 17:54:00-05:00,TQQQ,52.17,52.17,52.16,52.1601,6326.0,52.1672,67
2026-02-03 17:55:00-05:00,TQQQ,52.16,52.17,52.15,52.15,6397.0,52.1636,122
2026-02-03 17:56:00-05:00,TQQQ,52.14,52.1701,52.14,52.1701,6833.0,52.1654,42
2026-02-03 17:57:00-05:00,TQQQ,52.18,52.1969,52.16,52.16,7894.0,52.184,69
2026-02-03 17:58:00-05:00,TQQQ,52.19,52.19,52.16,52.16,7045.0,52.1812,59
2026-02-03 17:59:00-05:00,TQQQ,52.151,52.151,52.14,52.15,6923.0,52.1508,65
2026-02-03 18:00:00-05:00,TQQQ,52.14,52.19,52.12,52.1569,58653.0,52.1482,210
2026-02-03 18:01:00-05:00,TQQQ,52.12,52.2596,52.12,52.2596,9096.0,52.2026,135
2026-02-03 18:02:00-05:00,TQQQ,52.25,52.27,52.24,52.27,14370.0,52.2467,89
2026-02-03 18:03:00-05:00,TQQQ,52.25,52.25,52.16,52.18,27414.0,52.234,76
2026-02-03 18:04:00-05:00,TQQQ,52.16,52.2206,52.16,52.2206,5212.0,52.1822,54
2026-02-03 18:05:00-05:00,TQQQ,52.24,52.24,52.211,52.211,3282.0,52.2323,16
2026-02-03 18:06:00-05:00,TQQQ,52.21,52.21,52.01,52.05,37049.0,52.0905,285
2026-02-03 18:07:00-05:00,TQQQ,52.05,52.08,52.04,52.0403,8602.0,52.0535,66
2026-02-03 18:08:00-05:00,TQQQ,52.04,52.0746,52.04,52.05,3601.0,52.0524,52
2026-02-03 18:09:00-05:00,TQQQ,52.0402,52.1201,52.0402,52.08,12342.0,52.0661,51
2026-02-03 18:10:00-05:00,TQQQ,52.1015,52.219,52.1015,52.1909,3782.0,52.1667,54
2026-02-03 18:11:00-05:00,TQQQ,52.17,52.17,52.15,52.15,1304.0,52.1657,23
2026-02-03 18:12:00-05:00,TQQQ,52.1585,52.18,52.15,52.18,3211.0,52.1594,37
2026-02-03 18:13:00-05:00,TQQQ,52.2,52.301,52.2,52.3,29917.0,52.2769,103
2026-02-03 18:14:00-05:00,TQQQ,52.3,52.35,52.2897,52.35,10505.0,52.3139,65
2026-02-03 18:15:00-05:00,TQQQ,52.35,52.53,52.3482,52.4,26708.0,52.3909,143
2026-02-03 18:16:00-05:00,TQQQ,52.41,52.4685,52.41,52.46,10033.0,52.4287,74
2026-02-03 18:17:00-05:00,TQQQ,52.46,52.4654,52.42,52.4369,11434.0,52.4459,63
2026-02-03 18:18:00-05:00,TQQQ,52.43,52.4331,52.4,52.4331,8472.0,52.4157,40
2026-02-03 18:19:00-05:00,TQQQ,52.45,52.45,52.41,52.41,11978.0,52.4404,64
2026-02-03 18:20:00-05:00,TQQQ,52.34,52.34,52.3,52.3,5272.0,52.3288,76
2026-02-03 18:21:00-05:00,TQQQ,52.31,52.3169,52.261,52.261,4202.0,52.2937,68
2026-02-03 18:22:00-05:00,TQQQ,52.27,52.28,52.24,52.25,5385.0,52.257,47
2026-02-03 18:23:00-05:00,TQQQ,52.24,52.25,52.2398,52.25,5180.0,52.2426,55
2026-02-03 18:24:00-05:00,TQQQ,52.25,52.26,52.25,52.25,3300.0,52.2511,19
2026-02-03 18:25:00-05:00,TQQQ,52.27,52.351,52.27,52.351,9281.0,52.3042,42
2026-02-03 18:26:00-05:00,TQQQ,52.31,52.31,52.29,52.29,4416.0,52.3012,47
2026-02-03 18:27:00-05:00,TQQQ,52.29,52.3,52.29,52.29,1250.0,52.2879,39
2026-02-03 18:28:00-05:00,TQQQ,52.25,52.25,52.19,52.19,7225.0,52.2203,100
2026-02-03 18:29:00-05:00,TQQQ,52.18,52.18,52.17,52.18,3670.0,52.1762,32
2026-02-03 18:30:00-05:00,TQQQ,52.1897,52.2,52.18,52.2,2356.0,52.1856,31
2026-02-03 18:31:00-05:00,TQQQ,52.2099,52.23,52.18,52.18,4070.0,52.1894,52
2026-02-03 18:32:00-05:00,TQQQ,52.17,52.201,52.15,52.201,5173.0,52.1712,48
2026-02-03 18:33:00-05:00,TQQQ,52.2,52.21,52.2,52.2,2665.0,52.2009,26
2026-02-03 18:34:00-05:00,TQQQ,52.19,52.2,52.15,52.151,6177.0,52.1671,44
2026-02-03 18:35:00-05:00,TQQQ,52.18,52.19,52.16,52.18,2069.0,52.1728,22
2026-02-03 18:36:00-05:00,TQQQ,52.1701,52.19,52.1701,52.1799,1286.0,52.1823,25
2026-02-03 18:37:00-05:00,TQQQ,52.18,52.18,52.16,52.16,1379.0,52.169,30
2026-02-03 18:38:00-05:00,TQQQ,52.16,52.16,52.16,52.16,2407.0,52.1605,22
2026-02-03 18:39:00-05:00,TQQQ,52.16,52.2,52.16,52.2,8348.0,52.1771,23
2026-02-03 18:40:00-05:00,TQQQ,52.2003,52.21,52.2,52.21,1170.0,52.2025,17
2026-02-03 18:41:00-05:00,TQQQ,52.19,52.1902,52.19,52.19,2898.0,52.1909,27
2026-02-03 18:42:00-05:00,TQQQ,52.2,52.2001,52.1904,52.1904,2152.0,52.1975,16
2026-02-03 18:43:00-05:00,TQQQ,52.2099,52.2099,52.18,52.18,3566.0,52.1988,46
2026-02-03 18:44:00-05:00,TQQQ,52.1731,52.22,52.17,52.22,7408.0,52.1786,45
2026-02-03 18:45:00-05:00,TQQQ,52.22,52.22,52.18,52.1918,1468.0,52.1927,25
2026-02-03 18:46:00-05:00,TQQQ,52.18,52.19,52.17,52.1836,1035.0,52.1836,28
2026-02-03 18:47:00-05:00,TQQQ,52.21,52.2436,52.21,52.2404,10390.0,52.2302,35
2026-02-03 18:48:00-05:00,TQQQ,52.24,52.3,52.24,52.291,3432.0,52.2862,58
2026-02-03 18:49:00-05:00,TQQQ,52.32,52.32,52.291,52.3,2353.0,52.3074,45
2026-02-03 18:50:00-05:00,TQQQ,52.2897,52.31,52.2897,52.31,910.0,52.3068,21
2026-02-03 18:51:00-05:00,TQQQ,52.32,52.32,52.29,52.29,1572.0,52.3007,35
2026-02-03 18:52:00-05:00,TQQQ,52.29,52.3118,52.28,52.3115,1936.0,52.2985,18
2026-02-03 18:53:00-05:00,TQQQ,52.3112,52.33,52.3112,52.33,3599.0,52.327,25
2026-02-03 18:54:00-05:00,TQQQ,52.33,52.34,52.33,52.34,5565.0,52.3312,34
2026-02-03 18:55:00-05:00,TQQQ,52.34,52.35,52.32,52.32,1931.0,52.3319,34
2026-02-03 18:56:00-05:00,TQQQ,52.32,52.3264,52.32,52.3264,653.0,52.3245,29
2026-02-03 18:57:00-05:00,TQQQ,52.34,52.35,52.34,52.35,1903.0,52.346,15
2026-02-03 18:58:00-05:00,TQQQ,52.39,52.42,52.39,52.42,1444.0,52.4053,42
2026-02-03 18:59:00-05:00,TQQQ,52.42,52.42,52.38,52.38,2804.0,52.3886,27
2026-02-03 19:00:00-05:00,TQQQ,52.39,52.42,52.3,52.3,6981.0,52.3852,49
2026-02-03 19:01:00-05:00,TQQQ,52.28,52.28,52.2,52.2,4497.0,52.2163,74
2026-02-03 19:02:00-05:00,TQQQ,52.191,52.2669,52.18,52.2669,8680.0,52.1994,43
2026-02-03 19:03:00-05:00,TQQQ,52.3,52.3,52.26,52.28,5810.0,52.278,28
2026-02-03 19:04:00-05:00,TQQQ,52.25,52.2799,52.24,52.25,1847.0,52.2558,24
2026-02-03 19:05:00-05:00,TQQQ,52.3,52.3,52.27,52.3,1262.0,52.2934,24
2026-02-03 19:06:00-05:00,TQQQ,52.29,52.35,52.29,52.35,3023.0,52.3172,27
2026-02-03 19:07:00-05:00,TQQQ,52.35,52.3796,52.35,52.35,2249.0,52.3686,34
2026-02-03 19:08:00-05:00,TQQQ,52.36,52.36,52.35,52.35,1429.0,52.3504,35
2026-02-03 19:09:00-05:00,TQQQ,52.34,52.35,52.3313,52.35,1146.0,52.3412,25
2026-02-03 19:10:00-05:00,TQQQ,52.28,52.28,52.25,52.26,2453.0,52.2613,58
2026-02-03 19:11:00-05:00,TQQQ,52.25,52.25,52.23,52.23,4268.0,52.2369,39
2026-02-03 19:12:00-05:00,TQQQ,52.3069,52.3069,52.29,52.29,915.0,52.2966,20
2026-02-03 19:13:00-05:00,TQQQ,52.24,52.24,52.2203,52.23,2021.0,52.2304,34
2026-02-03 19:14:00-05:00,TQQQ,52.24,52.24,52.22,52.22,1796.0,52.2285,24
2026-02-03 19:15:00-05:00,TQQQ,52.3,52.33,52.3,52.3,3066.0,52.3136,21
2026-02-03 19:16:00-05:00,TQQQ,52.2802,52.4,52.2802,52.4,13835.0,52.3685,54
2026-02-03 19:17:00-05:00,TQQQ,52.42,52.43,52.3892,52.3892,5746.0,52.4149,51
2026-02-03 19:18:00-05:00,TQQQ,52.3902,52.4085,52.361,52.38,6691.0,52.3954,41
2026-02-03 19:19:00-05:00,TQQQ,52.37,52.431,52.37,52.42,7379.0,52.4089,34
2026-02-03 19:20:00-05:00,TQQQ,52.41,52.43,52.391,52.43,1821.0,52.4148,23
2026-02-03 19:21:00-05:00,TQQQ,52.41,52.41,52.4,52.4002,4547.0,52.4049,44
2026-02-03 19:22:00-05:00,TQQQ,52.4,52.4,52.3811,52.39,4215.0,52.3963,37
2026-02-03 19:23:00-05:00,TQQQ,52.38,52.38,52.35,52.35,3089.0,52.3703,41
2026-02-03 19:24:00-05:00,TQQQ,52.3604,52.3604,52.35,52.35,4037.0,52.3572,33
2026-02-03 19:25:00-05:00,TQQQ,52.38,52.38,52.35,52.36,7309.0,52.3694,33
2026-02-03 19:26:00-05:00,TQQQ,52.37,52.37,52.28,52.28,8426.0,52.2919,74
2026-02-03 19:27:00-05:00,TQQQ,52.26,52.26,52.23,52.2382,6099.0,52.24,43
2026-02-03 19:28:00-05:00,TQQQ,52.25,52.27,52.25,52.2569,2647.0,52.2573,46
2026-02-03 19:29:00-05:00,TQQQ,52.23,52.25,52.23,52.25,4119.0,52.2412,46
2026-02-03 19:30:00-05:00,TQQQ,52.2815,52.2905,52.27,52.2905,1990.0,52.2819,23
2026-02-03 19:31:00-05:00,TQQQ,52.32,52.32,52.29,52.31,926.0,52.3083,17
2026-02-03 19:32:00-05:00,TQQQ,52.31,52.34,52.31,52.34,4345.0,52.3329,26
2026-02-03 19:33:00-05:00,TQQQ,52.3331,52.36,52.3331,52.35,2886.0,52.3536,31
2026-02-03 19:34:00-05:00,TQQQ,52.36,52.36,52.34,52.3515,5452.0,52.3434,19
2026-02-03 19:35:00-05:00,TQQQ,52.3697,52.3892,52.3697,52.3892,4604.0,52.3835,25
2026-02-03 19:36:00-05:00,TQQQ,52.38,52.38,52.3601,52.3685,2541.0,52.3672,24
2026-02-03 19:37:00-05:00,TQQQ,52.36,52.36,52.33,52.36,3869.0,52.349,43
2026-02-03 19:38:00-05:00,TQQQ,52.34,52.34,52.31,52.31,1275.0,52.3277,25
2026-02-03 19:39:00-05:00,TQQQ,52.32,52.32,52.31,52.3199,9159.0,52.3173,19
2026-02-03 19:40:00-05:00,TQQQ,52.32,52.32,52.3,52.31,1736.0,52.3072,36
2026-02-03 19:41:00-05:00,TQQQ,52.3,52.31,52.2931,52.3,4986.0,52.3001,33
2026-02-03 19:42:00-05:00,TQQQ,52.29,52.3,52.29,52.2999,2505.0,52.2912,30
2026-02-03 19:43:00-05:00,TQQQ,52.28,52.28,52.21,52.24,6906.0,52.2322,65
2026-02-03 19:44:00-05:00,TQQQ,52.2315,52.2315,52.21,52.23,8468.0,52.223,22
2026-02-03 19:45:00-05:00,TQQQ,52.23,52.2785,52.23,52.2785,1958.0,52.2468,18
2026-02-03 19:46:00-05:00,TQQQ,52.27,52.2969,52.2699,52.2846,1937.0,52.2765,19
2026-02-03 19:47:00-05:00,TQQQ,52.261,52.28,52.261,52.28,938.0,52.2775,19
2026-02-03 19:48:00-05:00,TQQQ,52.25,52.25,52.17,52.1899,8391.0,52.2059,116
2026-02-03 19:49:00-05:00,TQQQ,52.18,52.19,52.17,52.1808,3845.0,52.1767,40
2026-02-03 19:50:00-05:00,TQQQ,52.19,52.19,52.151,52.17,3237.0,52.1741,32
2026-02-03 19:51:00-05:00,TQQQ,52.17,52.18,52.14,52.17,7929.0,52.1628,50
2026-02-03 19:52:00-05:00,TQQQ,52.181,52.21,52.1502,52.1502,5855.0,52.1925,20
2026-02-03 19:53:00-05:00,TQQQ,52.1697,52.1697,52.15,52.15,1907.0,52.1539,18
2026-02-03 19:54:00-05:00,TQQQ,52.11,52.1196,52.1,52.101,14124.0,52.1142,82
2026-02-03 19:55:00-05:00,TQQQ,52.14,52.17,52.14,52.15,3502.0,52.156,24
2026-02-03 19:56:00-05:00,TQQQ,52.1502,52.18,52.14,52.17,6193.0,52.1507,28
2026-02-03 19:57:00-05:00,TQQQ,52.17,52.17,52.14,52.15,11408.0,52.152,35
2026-02-03 19:58:00-05:00,TQQQ,52.15,52.15,52.1399,52.14,1257.0,52.1431,26
2026-02-03 19:59:00-05:00,TQQQ,52.1399,52.14,52.08,52.08,17293.0,52.1137,87
2026-02-04 04:00:00-05:00,TQQQ,52.42,53.5,52.35,52.38,15619.0,52.7149,200
2026-02-04 04:01:00-05:00,TQQQ,52.36,52.52,52.35,52.51,5057.0,52.4504,167
2026-02-04 04:02:00-05:00,TQQQ,52.52,52.55,52.44,52.46,17992.0,52.5189,234
2026-02-04 04:03:00-05:00,TQQQ,52.46,52.47,52.43,52.45,1814.0,52.4577,52
2026-02-04 04:04:00-05:00,TQQQ,52.45,52.48,52.42,52.48,2878.0,52.4413,60
2026-02-04 04:05:00-05:00,TQQQ,52.5,52.5,52.47,52.47,647.0,52.4771,34
2026-02-04 04:06:00-05:00,TQQQ,52.46,52.53,52.46,52.53,6421.0,52.5056,99
2026-02-04 04:07:00-05:00,TQQQ,52.5,52.5,52.48,52.49,1091.0,52.4906,46
2026-02-04 04:08:00-05:00,TQQQ,52.49,52.51,52.46,52.51,1005.0,52.4855,45
2026-02-04 04:09:00-05:00,TQQQ,52.49,52.49,52.44,52.44,3664.0,52.461,104
2026-02-04 04:10:00-05:00,TQQQ,52.45,52.46,52.45,52.45,2205.0,52.4511,69
2026-02-04 04:11:00-05:00,TQQQ,52.46,52.46,52.44,52.46,4358.0,52.4544,64
2026-02-04 04:12:00-05:00,TQQQ,52.43,52.44,52.38,52.42,14492.0,52.4042,144
2026-02-04 04:13:00-05:00,TQQQ,52.41,52.41,52.33,52.35,16596.0,52.3594,169
2026-02-04 04:14:00-05:00,TQQQ,52.34,52.34,52.31,52.32,5003.0,52.3167,78
2026-02-04 04:15:00-05:00,TQQQ,52.32,52.33,52.3,52.3,6545.0,52.3064,129
2026-02-04 04:16:00-05:00,TQQQ,52.32,52.33,52.28,52.28,6067.0,52.3034,70
2026-02-04 04:17:00-05:00,TQQQ,52.29,52.29,52.2,52.23,11929.0,52.2242,268
2026-02-04 04:18:00-05:00,TQQQ,52.24,52.24,52.12,52.14,14796.0,52.1752,273
2026-02-04 04:19:00-05:00,TQQQ,52.16,52.22,52.11,52.13,18908.0,52.1605,277
2026-02-04 04:20:00-05:00,TQQQ,52.14,52.14,52.02,52.02,27664.0,52.0803,320
2026-02-04 04:21:00-05:00,TQQQ,52.03,52.13,52.0,52.06,50900.0,52.0738,485
2026-02-04 04:22:00-05:00,TQQQ,52.06,52.17,52.06,52.14,9278.0,52.106,109
2026-02-04 04:23:00-05:00,TQQQ,52.15,52.15,52.1,52.1,8710.0,52.126,109
2026-02-04 04:24:00-05:00,TQQQ,52.08,52.08,52.04,52.04,7010.0,52.0711,124
2026-02-04 04:25:00-05:00,TQQQ,52.03,52.06,52.0,52.05,34703.0,52.0064,447
2026-02-04 04:26:00-05:00,TQQQ,52.06,52.16,52.05,52.11,10770.0,52.1031,159
2026-02-04 04:27:00-05:00,TQQQ,52.12,52.12,52.08,52.09,5101.0,52.1063,92
2026-02-04 04:28:00-05:00,TQQQ,52.11,52.13,52.05,52.09,2431.0,52.0868,68
2026-02-04 04:29:00-05:00,TQQQ,52.1,52.16,52.1,52.15,8087.0,52.144,99
2026-02-04 04:30:00-05:00,TQQQ,52.14,52.2,52.14,52.19,8989.0,52.1871,118
2026-02-04 04:31:00-05:00,TQQQ,52.16,52.16,52.11,52.12,6206.0,52.1283,122
2026-02-04 04:32:00-05:00,TQQQ,52.16,52.2,52.16,52.2,3576.0,52.1761,85
2026-02-04 04:33:00-05:00,TQQQ,52.22,52.22,52.2,52.22,4333.0,52.2162,70
2026-02-04 04:34:00-05:00,TQQQ,52.21,52.21,52.15,52.15,1815.0,52.189,68
2026-02-04 04:35:00-05:00,TQQQ,52.16,52.16,52.12,52.12,3096.0,52.1412,60
2026-02-04 04:36:00-05:00,TQQQ,52.18,52.18,52.17,52.17,1356.0,52.1736,34
2026-02-04 04:37:00-05:00,TQQQ,52.19,52.19,52.1,52.1,5027.0,52.1359,118
2026-02-04 04:38:00-05:00,TQQQ,52.07,52.16,52.07,52.16,2697.0,52.1056,67
2026-02-04 04:39:00-05:00,TQQQ,52.17,52.18,52.13,52.15,3129.0,52.1707,59
2026-02-04 04:40:00-05:00,TQQQ,52.12,52.18,52.12,52.16,1714.0,52.1383,40
2026-02-04 04:41:00-05:00,TQQQ,52.14,52.19,52.12,52.12,3906.0,52.1502,64
2026-02-04 04:42:00-05:00,TQQQ,52.1,52.1,52.03,52.05,3731.0,52.0555,140
2026-02-04 04:43:00-05:00,TQQQ,52.03,52.07,52.03,52.05,1849.0,52.0558,73
2026-02-04 04:44:00-05:00,TQQQ,52.04,52.06,51.98,52.06,10684.0,52.0079,309
2026-02-04 04:45:00-05:00,TQQQ,52.1,52.18,52.1,52.18,4329.0,52.1579,108
2026-02-04 04:46:00-05:00,TQQQ,52.14,52.15,52.14,52.15,1758.0,52.1453,60
2026-02-04 04:47:00-05:00,TQQQ,52.18,52.19,52.17,52.17,2206.0,52.1752,45
2026-02-04 04:48:00-05:00,TQQQ,52.13,52.13,52.12,52.12,2399.0,52.1258,50
2026-02-04 04:49:00-05:00,TQQQ,52.14,52.14,52.11,52.11,946.0,52.1271,50
2026-02-04 04:50:00-05:00,TQQQ,52.1,52.1,52.05,52.05,2112.0,52.0913,91
2026-02-04 04:51:00-05:00,TQQQ,52.07,52.07,52.06,52.06,2077.0,52.0674,62
2026-02-04 04:52:00-05:00,TQQQ,52.07,52.12,52.07,52.12,6549.0,52.1056,102
2026-02-04 04:53:00-05:00,TQQQ,52.09,52.09,52.09,52.09,2394.0,52.0958,46
2026-02-04 04:54:00-05:00,TQQQ,52.13,52.15,52.13,52.15,4392.0,52.1469,68
2026-02-04 04:55:00-05:00,TQQQ,52.16,52.18,52.16,52.18,3639.0,52.17,42
2026-02-04 04:56:00-05:00,TQQQ,52.16,52.19,52.15,52.19,2524.0,52.1663,97
2026-02-04 04:57:00-05:00,TQQQ,52.18,52.25,52.18,52.25,7889.0,52.229,119
2026-02-04 04:58:00-05:00,TQQQ,52.28,52.28,52.25,52.27,3444.0,52.2614,65
2026-02-04 04:59:00-05:00,TQQQ,52.24,52.25,52.23,52.25,4389.0,52.2396,77
2026-02-04 05:00:00-05:00,TQQQ,52.24,52.28,52.23,52.28,3455.0,52.2457,64
2026-02-04 05:01:00-05:00,TQQQ,52.26,52.29,52.23,52.23,2131.0,52.2602,64
2026-02-04 05:02:00-05:00,TQQQ,52.23,52.25,52.23,52.25,1424.0,52.2474,42
2026-02-04 05:03:00-05:00,TQQQ,52.28,52.32,52.28,52.32,4408.0,52.2989,111
2026-02-04 05:04:00-05:00,TQQQ,52.35,52.42,52.34,52.42,6199.0,52.3872,142
2026-02-04 05:05:00-05:00,TQQQ,52.41,52.42,52.4,52.41,2900.0,52.4134,79
2026-02-04 05:06:00-05:00,TQQQ,52.42,52.48,52.42,52.46,5735.0,52.4484,119
2026-02-04 05:07:00-05:00,TQQQ,52.44,52.47,52.44,52.46,6639.0,52.4479,102
2026-02-04 05:08:00-05:00,TQQQ,52.45,52.47,52.43,52.43,12501.0,52.4555,121
2026-02-04 05:09:00-05:00,TQQQ,52.43,52.43,52.4,52.4,2281.0,52.4118,68
2026-02-04 05:10:00-05:00,TQQQ,52.38,52.38,52.35,52.37,2137.0,52.3663,80
2026-02-04 05:11:00-05:00,TQQQ,52.37,52.38,52.36,52.38,4829.0,52.373,80
2026-02-04 05:12:00-05:00,TQQQ,52.38,52.43,52.38,52.43,2653.0,52.3984,73
2026-02-04 05:13:00-05:00,TQQQ,52.4,52.42,52.4,52.4,1571.0,52.4119,56
2026-02-04 05:14:00-05:00,TQQQ,52.37,52.37,52.37,52.37,2127.0,52.3729,39
2026-02-04 05:15:00-05:00,TQQQ,52.39,52.39,52.37,52.37,5464.0,52.389,46
2026-02-04 05:17:00-05:00,TQQQ,52.43,52.48,52.43,52.44,5340.0,52.4544,89
2026-02-04 05:18:00-05:00,TQQQ,52.46,52.47,52.46,52.46,2601.0,52.4581,49
2026-02-04 05:19:00-05:00,TQQQ,52.48,52.51,52.47,52.51,24594.0,52.4787,136
2026-02-04 05:20:00-05:00,TQQQ,52.5,52.52,52.5,52.5,6908.0,52.5069,145
2026-02-04 05:21:00-05:00,TQQQ,52.48,52.48,52.48,52.48,1278.0,52.4914,43
2026-02-04 05:22:00-05:00,TQQQ,52.53,52.54,52.49,52.49,2898.0,52.5159,63
2026-02-04 05:23:00-05:00,TQQQ,52.49,52.49,52.48,52.49,4342.0,52.4874,63
2026-02-04 05:24:00-05:00,TQQQ,52.5,52.5,52.46,52.49,2394.0,52.48,74
2026-02-04 05:25:00-05:00,TQQQ,52.48,52.48,52.46,52.46,878.0,52.4728,21
2026-02-04 05:26:00-05:00,TQQQ,52.49,52.5,52.48,52.49,1640.0,52.4904,42
2026-02-04 05:27:00-05:00,TQQQ,52.49,52.49,52.46,52.46,1325.0,52.4714,67
2026-02-04 05:28:00-05:00,TQQQ,52.44,52.48,52.44,52.48,4706.0,52.47,82
2026-02-04 05:29:00-05:00,TQQQ,52.49,52.52,52.49,52.52,4191.0,52.5023,41
2026-02-04 05:30:00-05:00,TQQQ,52.53,52.61,52.52,52.61,7566.0,52.5724,119
2026-02-04 05:31:00-05:00,TQQQ,52.59,52.6,52.57,52.57,3871.0,52.5826,84
2026-02-04 05:32:00-05:00,TQQQ,52.57,52.57,52.56,52.56,3993.0,52.5593,74
2026-02-04 05:33:00-05:00,TQQQ,52.57,52.57,52.57,52.57,942.0,52.5686,36
2026-02-04 05:34:00-05:00,TQQQ,52.58,52.62,52.58,52.62,2554.0,52.6031,74
2026-02-04 05:35:00-05:00,TQQQ,52.63,52.64,52.56,52.56,6395.0,52.6081,116
2026-02-04 05:36:00-05:00,TQQQ,52.56,52.59,52.55,52.59,7184.0,52.5654,101
2026-02-04 05:37:00-05:00,TQQQ,52.57,52.57,52.52,52.52,1671.0,52.5417,78
2026-02-04 05:38:00-05:00,TQQQ,52.5,52.5,52.48,52.49,1893.0,52.4959,72
2026-02-04 05:39:00-05:00,TQQQ,52.49,52.51,52.49,52.51,1044.0,52.4925,44
2026-02-04 05:40:00-05:00,TQQQ,52.51,52.53,52.51,52.53,901.0,52.5203,38
2026-02-04 05:41:00-05:00,TQQQ,52.51,52.51,52.49,52.51,1827.0,52.5009,61
2026-02-04 05:42:00-05:00,TQQQ,52.51,52.51,52.49,52.49,1420.0,52.5044,45
2026-02-04 05:43:00-05:00,TQQQ,52.5,52.5,52.5,52.5,436.0,52.4959,24
2026-02-04 05:44:00-05:00,TQQQ,52.48,52.5,52.47,52.5,1569.0,52.488,36
2026-02-04 05:47:00-05:00,TQQQ,52.48,52.5,52.48,52.5,1819.0,52.4982,40
2026-02-04 05:48:00-05:00,TQQQ,52.48,52.48,52.48,52.48,466.0,52.4938,28
2026-02-04 05:49:00-05:00,TQQQ,52.52,52.52,52.52,52.52,960.0,52.5176,18
2026-02-04 05:50:00-05:00,TQQQ,52.56,52.58,52.56,52.58,1619.0,52.5643,42
2026-02-04 05:51:00-05:00,TQQQ,52.58,52.62,52.58,52.62,6770.0,52.6011,86
2026-02-04 05:52:00-05:00,TQQQ,52.61,52.61,52.58,52.58,3842.0,52.5972,73
2026-02-04 05:53:00-05:00,TQQQ,52.6,52.6,52.6,52.6,766.0,52.5912,30
2026-02-04 05:54:00-05:00,TQQQ,52.57,52.59,52.56,52.58,2227.0,52.5744,57
2026-02-04 05:55:00-05:00,TQQQ,52.6,52.61,52.6,52.61,6036.0,52.6031,57
2026-02-04 05:56:00-05:00,TQQQ,52.59,52.59,52.59,52.59,979.0,52.5831,37
2026-02-04 05:57:00-05:00,TQQQ,52.58,52.58,52.57,52.57,1500.0,52.5788,37
2026-02-04 05:58:00-05:00,TQQQ,52.57,52.57,52.57,52.57,524.0,52.5756,29
2026-02-04 05:59:00-05:00,TQQQ,52.58,52.61,52.55,52.55,3149.0,52.5836,78
2026-02-04 06:00:00-05:00,TQQQ,52.57,52.57,52.57,52.57,873.0,52.5625,42
2026-02-04 06:01:00-05:00,TQQQ,52.55,52.6,52.55,52.59,2163.0,52.5705,22
2026-02-04 06:02:00-05:00,TQQQ,52.6,52.6,52.6,52.6,3341.0,52.5998,80
2026-02-04 06:05:00-05:00,TQQQ,52.59,52.6,52.59,52.6,1141.0,52.5941,47
2026-02-04 06:08:00-05:00,TQQQ,52.6,52.6,52.56,52.56,1792.0,52.5845,69
2026-02-04 06:09:00-05:00,TQQQ,52.56,52.56,52.56,52.56,1210.0,52.5469,69
2026-02-04 06:10:00-05:00,TQQQ,52.52,52.52,52.48,52.48,2580.0,52.4994,112
2026-02-04 06:11:00-05:00,TQQQ,52.48,52.48,52.48,52.48,678.0,52.4902,40
2026-02-04 06:12:00-05:00,TQQQ,52.52,52.52,52.52,52.52,1513.0,52.5141,32
2026-02-04 06:13:00-05:00,TQQQ,52.51,52.51,52.51,52.51,764.0,52.5067,33
2026-02-04 06:14:00-05:00,TQQQ,52.53,52.54,52.52,52.52,5953.0,52.532,88
2026-02-04 06:15:00-05:00,TQQQ,52.52,52.53,52.52,52.53,865.0,52.5484,44
2026-02-04 06:16:00-05:00,TQQQ,52.57,52.61,52.57,52.59,6688.0,52.5982,93
2026-02-04 06:17:00-05:00,TQQQ,52.5,52.5,52.5,52.5,1396.0,52.507,58
2026-02-04 06:19:00-05:00,TQQQ,52.56,52.57,52.56,52.57,4880.0,52.5636,63
2026-02-04 06:20:00-05:00,TQQQ,52.57,52.57,52.56,52.57,2533.0,52.5672,55
2026-02-04 06:21:00-05:00,TQQQ,52.59,52.59,52.55,52.55,3485.0,52.5613,82
2026-02-04 06:23:00-05:00,TQQQ,52.57,52.59,52.56,52.59,3204.0,52.5788,51
2026-02-04 06:24:00-05:00,TQQQ,52.58,52.6,52.58,52.6,10613.0,52.5983,51
2026-02-04 06:25:00-05:00,TQQQ,52.61,52.61,52.58,52.58,9917.0,52.6064,89
2026-02-04 06:26:00-05:00,TQQQ,52.56,52.61,52.56,52.61,17839.0,52.5868,91
2026-02-04 06:27:00-05:00,TQQQ,52.61,52.61,52.59,52.59,1443.0,52.6051,41
2026-02-04 06:28:00-05:00,TQQQ,52.6,52.6,52.56,52.57,4843.0,52.5664,81
2026-02-04 06:29:00-05:00,TQQQ,52.57,52.57,52.55,52.55,13020.0,52.5612,61
2026-02-04 06:30:00-05:00,TQQQ,52.54,52.54,52.54,52.54,543.0,52.549,42
2026-02-04 06:31:00-05:00,TQQQ,52.58,52.58,52.58,52.58,2895.0,52.5752,51
2026-02-04 06:32:00-05:00,TQQQ,52.59,52.6,52.59,52.6,2364.0,52.5946,46
2026-02-04 06:33:00-05:00,TQQQ,52.6,52.62,52.59,52.6,6577.0,52.6072,54
2026-02-04 06:34:00-05:00,TQQQ,52.62,52.62,52.61,52.61,6312.0,52.6111,60
2026-02-04 06:35:00-05:00,TQQQ,52.63,52.67,52.63,52.67,1741.0,52.6453,75
2026-02-04 06:36:00-05:00,TQQQ,52.67,52.7,52.67,52.7,4579.0,52.6901,92
2026-02-04 06:37:00-05:00,TQQQ,52.71,52.71,52.7,52.7,1841.0,52.6996,48
2026-02-04 06:38:00-05:00,TQQQ,52.7,52.72,52.7,52.72,963.0,52.7127,28
2026-02-04 06:39:00-05:00,TQQQ,52.71,52.71,52.71,52.71,3321.0,52.7101,73
2026-02-04 06:40:00-05:00,TQQQ,52.7,52.71,52.7,52.71,1744.0,52.7017,50
2026-02-04 06:41:00-05:00,TQQQ,52.7,52.7,52.65,52.65,4558.0,52.6733,97
2026-02-04 06:42:00-05:00,TQQQ,52.66,52.66,52.65,52.66,3514.0,52.6634,76
2026-02-04 06:43:00-05:00,TQQQ,52.66,52.66,52.64,52.65,3901.0,52.6494,87
2026-02-04 06:44:00-05:00,TQQQ,52.66,52.66,52.63,52.64,3684.0,52.6392,76
2026-02-04 06:45:00-05:00,TQQQ,52.68,52.68,52.66,52.66,7620.0,52.6699,159
2026-02-04 06:46:00-05:00,TQQQ,52.67,52.69,52.65,52.67,3741.0,52.6712,83
2026-02-04 06:47:00-05:00,TQQQ,52.66,52.66,52.6,52.62,16019.0,52.6338,252
2026-02-04 06:48:00-05:00,TQQQ,52.61,52.65,52.61,52.65,5275.0,52.6218,73
2026-02-04 06:49:00-05:00,TQQQ,52.64,52.65,52.63,52.65,4232.0,52.6365,113
2026-02-04 06:50:00-05:00,TQQQ,52.68,52.74,52.68,52.73,15414.0,52.6954,172
2026-02-04 06:51:00-05:00,TQQQ,52.72,52.73,52.72,52.72,7495.0,52.7253,91
2026-02-04 06:52:00-05:00,TQQQ,52.68,52.68,52.66,52.66,3230.0,52.6672,60
2026-02-04 06:53:00-05:00,TQQQ,52.66,52.67,52.66,52.67,2381.0,52.6685,49
2026-02-04 06:55:00-05:00,TQQQ,52.7,52.73,52.7,52.72,1733.0,52.7076,46
2026-02-04 06:56:00-05:00,TQQQ,52.73,52.75,52.73,52.75,2611.0,52.7425,81
2026-02-04 06:57:00-05:00,TQQQ,52.75,52.75,52.7,52.7,3681.0,52.7142,103
2026-02-04 06:59:00-05:00,TQQQ,52.7,52.71,52.7,52.71,2264.0,52.714,95
2026-02-04 07:00:00-05:00,TQQQ,52.7,52.76,52.66,52.76,22262.0,52.7044,367
2026-02-04 07:01:00-05:00,TQQQ,52.751,52.79,52.75,52.78,6592.0,52.7749,123
2026-02-04 07:02:00-05:00,TQQQ,52.78,52.78,52.72,52.73,9563.0,52.7439,148
2026-02-04 07:03:00-05:00,TQQQ,52.72,52.72,52.67,52.67,10371.0,52.688,127
2026-02-04 07:04:00-05:00,TQQQ,52.65,52.71,52.65,52.68,7834.0,52.692,116
2026-02-04 07:05:00-05:00,TQQQ,52.65,52.66,52.56,52.59,9160.0,52.6074,228
2026-02-04 07:06:00-05:00,TQQQ,52.56,52.6,52.56,52.6,8408.0,52.5875,134
2026-02-04 07:07:00-05:00,TQQQ,52.56,52.56,52.52,52.54,9893.0,52.5447,202
2026-02-04 07:08:00-05:00,TQQQ,52.55,52.55,52.49,52.49,5804.0,52.5055,171
2026-02-04 07:09:00-05:00,TQQQ,52.5,52.56,52.5,52.56,9670.0,52.5462,133
2026-02-04 07:10:00-05:00,TQQQ,52.57,52.57,52.55,52.55,763.0,52.5679,41
2026-02-04 07:11:00-05:00,TQQQ,52.55,52.58,52.54,52.55,2557.0,52.5605,62
2026-02-04 07:12:00-05:00,TQQQ,52.55,52.579,52.55,52.579,20053.0,52.5523,92
2026-02-04 07:13:00-05:00,TQQQ,52.58,52.58,52.57,52.57,1366.0,52.5753,38
2026-02-04 07:14:00-05:00,TQQQ,52.58,52.62,52.58,52.62,4705.0,52.5937,49
2026-02-04 07:15:00-05:00,TQQQ,52.63,52.639,52.63,52.63,11821.0,52.6308,104
2026-02-04 07:16:00-05:00,TQQQ,52.63,52.65,52.63,52.65,1559.0,52.6456,26
2026-02-04 07:17:00-05:00,TQQQ,52.64,52.64,52.6,52.6,5590.0,52.617,93
2026-02-04 07:18:00-05:00,TQQQ,52.6,52.65,52.59,52.65,1607.0,52.6121,33
2026-02-04 07:19:00-05:00,TQQQ,52.64,52.64,52.61,52.61,2211.0,52.6217,56
2026-02-04 07:20:00-05:00,TQQQ,52.61,52.61,52.58,52.599,3578.0,52.5985,60
2026-02-04 07:21:00-05:00,TQQQ,52.59,52.62,52.58,52.61,3925.0,52.6062,42
2026-02-04 07:22:00-05:00,TQQQ,52.64,52.64,52.61,52.619,3289.0,52.6262,44
2026-02-04 07:23:00-05:00,TQQQ,52.6,52.6,52.55,52.56,1986.0,52.5748,76
2026-02-04 07:24:00-05:00,TQQQ,52.56,52.56,52.53,52.53,5000.0,52.5534,80
2026-02-04 07:25:00-05:00,TQQQ,52.53,52.53,52.51,52.52,3639.0,52.518,95
2026-02-04 07:26:00-05:00,TQQQ,52.51,52.51,52.43,52.43,8529.0,52.4774,269
2026-02-04 07:27:00-05:00,TQQQ,52.41,52.43,52.39,52.41,10934.0,52.4143,240
2026-02-04 07:28:00-05:00,TQQQ,52.43,52.44,52.4,52.43,7695.0,52.4258,83
2026-02-04 07:29:00-05:00,TQQQ,52.43,52.45,52.43,52.45,1494.0,52.4476,63
2026-02-04 07:30:00-05:00,TQQQ,52.46,52.46,52.43,52.43,2041.0,52.4499,46
2026-02-04 07:31:00-05:00,TQQQ,52.46,52.48,52.46,52.48,13002.0,52.4619,109
2026-02-04 07:32:00-05:00,TQQQ,52.5,52.5,52.5,52.5,1226.0,52.5036,41
2026-02-04 07:33:00-05:00,TQQQ,52.49,52.52,52.49,52.52,8345.0,52.4963,73
2026-02-04 07:34:00-05:00,TQQQ,52.52,52.54,52.52,52.54,20666.0,52.5393,47
2026-02-04 07:35:00-05:00,TQQQ,52.54,52.54,52.5,52.5,5211.0,52.5155,67
2026-02-04 07:36:00-05:00,TQQQ,52.47,52.47,52.42,52.42,4493.0,52.4423,99
2026-02-04 07:37:00-05:00,TQQQ,52.41,52.42,52.37,52.37,5864.0,52.3974,153
2026-02-04 07:38:00-05:00,TQQQ,52.36,52.37,52.32,52.32,7315.0,52.3449,173
2026-02-04 07:39:00-05:00,TQQQ,52.31,52.31,52.28,52.291,10996.0,52.2977,200
2026-02-04 07:40:00-05:00,TQQQ,52.32,52.32,52.24,52.261,20741.0,52.27,272
2026-02-04 07:41:00-05:00,TQQQ,52.28,52.33,52.28,52.33,3825.0,52.2998,82
2026-02-04 07:42:00-05:00,TQQQ,52.32,52.33,52.29,52.3,4481.0,52.3077,94
2026-02-04 07:43:00-05:00,TQQQ,52.31,52.34,52.31,52.34,2890.0,52.326,70
2026-02-04 07:44:00-05:00,TQQQ,52.34,52.35,52.33,52.33,2814.0,52.3394,47
2026-02-04 07:45:00-05:00,TQQQ,52.35,52.35,52.28,52.28,7743.0,52.3267,137
2026-02-04 07:46:00-05:00,TQQQ,52.301,52.37,52.301,52.37,5130.0,52.316,54
2026-02-04 07:47:00-05:00,TQQQ,52.37,52.41,52.37,52.39,7062.0,52.3967,79
2026-02-04 07:48:00-05:00,TQQQ,52.39,52.399,52.36,52.36,5526.0,52.3765,56
2026-02-04 07:49:00-05:00,TQQQ,52.36,52.36,52.32,52.32,2989.0,52.346,70
2026-02-04 07:50:00-05:00,TQQQ,52.32,52.34,52.3,52.34,8304.0,52.3113,56
2026-02-04 07:51:00-05:00,TQQQ,52.34,52.35,52.3,52.3,4606.0,52.3417,51
2026-02-04 07:52:00-05:00,TQQQ,52.3,52.33,52.29,52.29,3577.0,52.3027,83
2026-02-04 07:53:00-05:00,TQQQ,52.27,52.28,52.25,52.27,91685.0,52.2572,208
2026-02-04 07:54:00-05:00,TQQQ,52.26,52.32,52.26,52.32,5422.0,52.2866,44
2026-02-04 07:55:00-05:00,TQQQ,52.33,52.35,52.3,52.3,13758.0,52.3356,106
2026-02-04 07:56:00-05:00,TQQQ,52.29,52.321,52.28,52.321,3256.0,52.3055,32
2026-02-04 07:57:00-05:00,TQQQ,52.33,52.341,52.33,52.34,7575.0,52.3375,49
2026-02-04 07:58:00-05:00,TQQQ,52.35,52.36,52.29,52.34,9543.0,52.3267,115
2026-02-04 07:59:00-05:00,TQQQ,52.32,52.32,52.3,52.31,5115.0,52.3042,71
2026-02-04 08:00:00-05:00,TQQQ,52.13,52.7904,51.98,52.23,495926.0,52.4469,3014
2026-02-04 08:01:00-05:00,TQQQ,52.37,52.94,52.25,52.67,714486.0,52.6465,6184
2026-02-04 08:02:00-05:00,TQQQ,52.43,52.9,52.03,52.33,85998.0,52.4981,530
2026-02-04 08:03:00-05:00,TQQQ,52.33,52.3399,52.29,52.29,10424.0,52.3815,151
2026-02-04 08:04:00-05:00,TQQQ,52.31,52.31,52.21,52.21,52214.0,52.237,285
2026-02-04 08:05:00-05:00,TQQQ,52.2,52.25,52.16,52.1602,19394.0,52.1866,329
2026-02-04 08:06:00-05:00,TQQQ,52.17,52.22,52.1697,52.2,10609.0,52.1939,94
2026-02-04 08:07:00-05:00,TQQQ,52.2,52.24,52.1785,52.23,26094.0,52.1962,140
2026-02-04 08:08:00-05:00,TQQQ,52.23,52.23,52.1998,52.2,16649.0,52.2083,119
2026-02-04 08:09:00-05:00,TQQQ,52.2,52.21,52.14,52.15,11007.0,52.1596,187
2026-02-04 08:10:00-05:00,TQQQ,52.14,52.16,52.12,52.12,15834.0,52.1366,208
2026-02-04 08:11:00-05:00,TQQQ,52.13,52.14,52.1,52.11,10247.0,52.1224,130
2026-02-04 08:12:00-05:00,TQQQ,52.12,52.17,52.12,52.17,13965.0,52.1477,92
2026-02-04 08:13:00-05:00,TQQQ,52.18,52.21,52.18,52.2,13274.0,52.1968,107
2026-02-04 08:14:00-05:00,TQQQ,52.2,52.21,52.1899,52.1998,17610.0,52.1959,103
2026-02-04 08:15:00-05:00,TQQQ,52.21,52.23,52.16,52.21,29505.0,52.1963,212
2026-02-04 08:16:00-05:00,TQQQ,52.2201,52.26,52.2201,52.25,28420.0,52.2462,129
2026-02-04 08:17:00-05:00,TQQQ,52.28,52.31,52.2512,52.27,17824.0,52.2758,159
2026-02-04 08:18:00-05:00,TQQQ,52.27,52.31,52.22,52.23,17776.0,52.2573,235
2026-02-04 08:19:00-05:00,TQQQ,52.22,52.26,52.21,52.21,11329.0,52.239,125
2026-02-04 08:20:00-05:00,TQQQ,52.23,52.24,52.18,52.22,37318.0,52.2142,313
2026-02-04 08:21:00-05:00,TQQQ,52.23,52.25,52.19,52.24,12972.0,52.2364,133
2026-02-04 08:22:00-05:00,TQQQ,52.22,52.25,52.14,52.1402,21084.0,52.1807,231
2026-02-04 08:23:00-05:00,TQQQ,52.15,52.161,52.1485,52.15,3687.0,52.1517,90
2026-02-04 08:24:00-05:00,TQQQ,52.15,52.1699,52.07,52.1699,48041.0,52.1153,492
2026-02-04 08:25:00-05:00,TQQQ,52.2,52.23,52.19,52.2,23150.0,52.215,201
2026-02-04 08:26:00-05:00,TQQQ,52.21,52.24,52.21,52.21,8739.0,52.2294,99
2026-02-04 08:27:00-05:00,TQQQ,52.21,52.21,52.17,52.2,11102.0,52.1923,114
2026-02-04 08:28:00-05:00,TQQQ,52.21,52.22,52.18,52.1882,10731.0,52.1987,88
2026-02-04 08:29:00-05:00,TQQQ,52.19,52.21,52.19,52.2099,13986.0,52.2064,60
2026-02-04 08:30:00-05:00,TQQQ,52.2,52.2,52.11,52.17,17269.0,52.157,214
2026-02-04 08:31:00-05:00,TQQQ,52.1715,52.2,52.1415,52.16,7012.0,52.1726,92
2026-02-04 08:32:00-05:00,TQQQ,52.14,52.16,52.13,52.15,13542.0,52.1419,133
2026-02-04 08:33:00-05:00,TQQQ,52.12,52.16,52.0985,52.16,24162.0,52.1256,236
2026-02-04 08:34:00-05:00,TQQQ,52.15,52.34,52.0915,52.25,77957.0,52.2,708
2026-02-04 08:35:00-05:00,TQQQ,52.22,52.23,52.13,52.14,20447.0,52.1624,225
2026-02-04 08:36:00-05:00,TQQQ,52.14,52.26,52.11,52.14,49309.0,52.1725,391
2026-02-04 08:37:00-05:00,TQQQ,52.13,52.2,52.12,52.2,7074.0,52.1691,99
2026-02-04 08:38:00-05:00,TQQQ,52.19,52.2,52.1199,52.16,40950.0,52.1712,248
2026-02-04 08:39:00-05:00,TQQQ,52.15,52.18,52.15,52.16,9096.0,52.1678,94
2026-02-04 08:40:00-05:00,TQQQ,52.15,52.24,52.13,52.2299,37687.0,52.1994,225
2026-02-04 08:41:00-05:00,TQQQ,52.24,52.28,52.21,52.21,54662.0,52.241,245
2026-02-04 08:42:00-05:00,TQQQ,52.2,52.22,52.18,52.22,18836.0,52.2027,155
2026-02-04 08:43:00-05:00,TQQQ,52.25,52.25,52.21,52.21,5694.0,52.2392,82
2026-02-04 08:44:00-05:00,TQQQ,52.22,52.22,52.2,52.2,9640.0,52.2036,112
2026-02-04 08:45:00-05:00,TQQQ,52.2,52.2,52.1,52.1,37419.0,52.1401,328
2026-02-04 08:46:00-05:00,TQQQ,52.1,52.11,52.08,52.0901,18812.0,52.0884,219
2026-02-04 08:47:00-05:00,TQQQ,52.08,52.09,52.03,52.0315,33129.0,52.0562,399
2026-02-04 08:48:00-05:00,TQQQ,52.03,52.03,51.99,52.0,46641.0,52.005,1041
2026-02-04 08:49:00-05:00,TQQQ,52.0,52.0,51.94,51.94,40395.0,51.9782,467
2026-02-04 08:50:00-05:00,TQQQ,51.9301,51.95,51.9182,51.9305,40153.0,51.9366,294
2026-02-04 08:51:00-05:00,TQQQ,51.92,52.06,51.8918,52.0515,47581.0,51.9646,482
2026-02-04 08:52:00-05:00,TQQQ,52.0503,52.0585,51.9999,52.03,13535.0,52.0213,148
2026-02-04 08:53:00-05:00,TQQQ,52.04,52.04,52.02,52.0398,12065.0,52.0354,81
2026-02-04 08:54:00-05:00,TQQQ,52.04,52.04,52.0,52.0,11841.0,52.0181,143
2026-02-04 08:55:00-05:00,TQQQ,51.99,52.03,51.97,52.02,14206.0,51.9961,132
2026-02-04 08:56:00-05:00,TQQQ,52.02,52.02,51.99,51.99,13172.0,52.0007,145
2026-02-04 08:57:00-05:00,TQQQ,52.0,52.05,52.0,52.0397,15449.0,52.0294,104
2026-02-04 08:58:00-05:00,TQQQ,52.03,52.03,52.01,52.02,30150.0,52.0198,181
2026-02-04 08:59:00-05:00,TQQQ,52.02,52.02,51.9802,51.9802,9416.0,51.9995,137
2026-02-04 09:00:00-05:00,TQQQ,51.96,52.0,51.93,51.96,22746.0,51.9616,297
2026-02-04 09:01:00-05:00,TQQQ,51.96,51.98,51.939,51.96,22365.0,51.9545,153
2026-02-04 09:02:00-05:00,TQQQ,51.97,52.0,51.92,52.0,34657.0,51.9605,208
2026-02-04 09:03:00-05:00,TQQQ,51.99,52.0,51.91,51.9115,12039.0,51.9592,167
2026-02-04 09:04:00-05:00,TQQQ,51.9,51.9015,51.86,51.8699,37430.0,51.88,499
2026-02-04 09:05:00-05:00,TQQQ,51.9,51.91,51.87,51.87,14515.0,51.8929,161
2026-02-04 09:06:00-05:00,TQQQ,51.87,51.88,51.81,51.8283,33601.0,51.8387,479
2026-02-04 09:07:00-05:00,TQQQ,51.82,51.83,51.79,51.8,26386.0,51.8069,489
2026-02-04 09:08:00-05:00,TQQQ,51.8,51.82,51.79,51.8,16368.0,51.8075,166
2026-02-04 09:09:00-05:00,TQQQ,51.7815,51.86,51.78,51.85,97119.0,51.8065,452
2026-02-04 09:10:00-05:00,TQQQ,51.86,51.95,51.86,51.9,17191.0,51.9022,217
2026-02-04 09:11:00-05:00,TQQQ,51.92,51.9303,51.9,51.93,10152.0,51.9194,128
2026-02-04 09:12:00-05:00,TQQQ,51.93,51.96,51.92,51.95,7735.0,51.9413,114
2026-02-04 09:13:00-05:00,TQQQ,51.95,51.95,51.89,51.91,19659.0,51.9166,173
2026-02-04 09:14:00-05:00,TQQQ,51.9,51.94,51.9,51.93,9117.0,51.9247,104
2026-02-04 09:15:00-05:00,TQQQ,51.93,51.93,51.9082,51.92,14982.0,51.9206,160
2026-02-04 09:16:00-05:00,TQQQ,51.9201,51.94,51.9,51.91,17769.0,51.9178,164
2026-02-04 09:17:00-05:00,TQQQ,51.9005,51.9097,51.87,51.8704,5298.0,51.8817,133
2026-02-04 09:18:00-05:00,TQQQ,51.869,51.92,51.86,51.92,11349.0,51.877,135
2026-02-04 09:19:00-05:00,TQQQ,51.92,51.93,51.89,51.89,5684.0,51.909,108
2026-02-04 09:20:00-05:00,TQQQ,51.89,51.89,51.8582,51.87,12149.0,51.8723,136
2026-02-04 09:21:00-05:00,TQQQ,51.87,51.91,51.83,51.83,21329.0,51.8723,211
2026-02-04 09:22:00-05:00,TQQQ,51.84,51.94,51.84,51.93,43173.0,51.8982,101
2026-02-04 09:23:00-05:00,TQQQ,51.92,52.01,51.92,52.01,46010.0,51.9779,264
2026-02-04 09:24:00-05:00,TQQQ,52.01,52.03,51.98,51.98,20800.0,52.0105,190
2026-02-04 09:25:00-05:00,TQQQ,51.98,52.04,51.97,52.04,58940.0,52.0026,247
2026-02-04 09:26:00-05:00,TQQQ,52.04,52.06,52.02,52.05,23056.0,52.0408,178
2026-02-04 09:27:00-05:00,TQQQ,52.04,52.15,52.04,52.05,30815.0,52.103,233
2026-02-04 09:28:00-05:00,TQQQ,52.05,52.17,52.05,52.12,84080.0,52.1059,406
2026-02-04 09:29:00-05:00,TQQQ,52.12,52.1698,52.12,52.15,40986.0,52.1435,171
2026-02-04 09:30:00-05:00,TQQQ,52.14,52.15,51.66,51.69,1334768.0,51.9361,7088
2026-02-04 09:31:00-05:00,TQQQ,51.68,51.7,51.333,51.4091,840128.0,51.4564,6135
2026-02-04 09:32:00-05:00,TQQQ,51.4,51.43,51.19,51.42,721646.0,51.2954,4717
2026-02-04 09:33:00-05:00,TQQQ,51.427,51.62,51.315,51.41,671693.0,51.4798,4093
2026-02-04 09:34:00-05:00,TQQQ,51.4,51.64,51.305,51.535,591664.0,51.4928,3036
2026-02-04 09:35:00-05:00,TQQQ,51.5305,51.93,51.3907,51.885,826882.0,51.6466,4765
2026-02-04 09:36:00-05:00,TQQQ,51.9,52.135,51.82,51.84,824693.0,51.9748,4416
2026-02-04 09:37:00-05:00,TQQQ,51.82,51.98,51.61,51.7255,584690.0,51.7781,3631
2026-02-04 09:38:00-05:00,TQQQ,51.73,52.025,51.705,51.86,696487.0,51.8942,4518
2026-02-04 09:39:00-05:00,TQQQ,51.855,51.98,51.79,51.95,362431.0,51.8726,2779
2026-02-04 09:40:00-05:00,TQQQ,51.94,51.9581,51.6533,51.6545,519301.0,51.8271,3445
2026-02-04 09:41:00-05:00,TQQQ,51.65,52.04,51.5964,51.85,454655.0,51.8419,3481
2026-02-04 09:42:00-05:00,TQQQ,51.85,52.08,51.74,52.08,385031.0,51.8905,2835
2026-02-04 09:43:00-05:00,TQQQ,52.07,52.15,51.88,51.89,559060.0,52.0657,2941
2026-02-04 09:44:00-05:00,TQQQ,51.9,51.93,51.82,51.83,244613.0,51.8734,1619
2026-02-04 09:45:00-05:00,TQQQ,51.82,51.89,51.58,51.655,456621.0,51.7457,2835
2026-02-04 09:46:00-05:00,TQQQ,51.655,51.77,51.6099,51.7022,388330.0,51.6727,2751
2026-02-04 09:47:00-05:00,TQQQ,51.705,51.895,51.66,51.67,261246.0,51.7814,2198
2026-02-04 09:48:00-05:00,TQQQ,51.68,52.065,51.68,51.995,376928.0,51.9596,2611
2026-02-04 09:49:00-05:00,TQQQ,51.9999,52.045,51.7712,51.8955,280493.0,51.8961,1990
2026-02-04 09:50:00-05:00,TQQQ,51.89,51.9768,51.5799,51.585,587974.0,51.7675,3857
2026-02-04 09:51:00-05:00,TQQQ,51.5876,51.71,51.5134,51.57,356528.0,51.5988,2011
2026-02-04 09:52:00-05:00,TQQQ,51.58,51.585,51.42,51.475,378626.0,51.4982,2827
2026-02-04 09:53:00-05:00,TQQQ,51.48,51.485,51.28,51.28,400763.0,51.3495,3098
2026-02-04 09:54:00-05:00,TQQQ,51.29,51.645,51.27,51.64,373067.0,51.445,2127
2026-02-04 09:55:00-05:00,TQQQ,51.64,51.685,51.46,51.475,281107.0,51.5782,1958
2026-02-04 09:56:00-05:00,TQQQ,51.48,51.49,51.2832,51.322,343125.0,51.3657,2385
2026-02-04 09:57:00-05:00,TQQQ,51.33,51.3464,51.15,51.185,439392.0,51.2089,2867
2026-02-04 09:58:00-05:00,TQQQ,51.18,51.2,50.95,50.9687,975111.0,51.0331,7780
2026-02-04 09:59:00-05:00,TQQQ,50.96,51.06,50.91,50.97,349664.0,50.9702,5446
2026-02-04 10:00:00-05:00,TQQQ,50.95,50.95,50.67,50.705,1028933.0,50.779,8942
2026-02-04 10:01:00-05:00,TQQQ,50.71,50.7225,50.5713,50.6001,545881.0,50.6293,3501
2026-02-04 10:02:00-05:00,TQQQ,50.605,50.62,50.43,50.585,790181.0,50.5194,4926
2026-02-04 10:03:00-05:00,TQQQ,50.584,50.83,50.565,50.749,540802.0,50.7063,3075
2026-02-04 10:04:00-05:00,TQQQ,50.74,50.79,50.6,50.6989,496013.0,50.6746,2842
2026-02-04 10:05:00-05:00,TQQQ,50.69,50.9797,50.69,50.83,560849.0,50.87,3288
2026-02-04 10:06:00-05:00,TQQQ,50.82,50.87,50.72,50.73,341945.0,50.7962,2445
2026-02-04 10:07:00-05:00,TQQQ,50.725,51.1299,50.72,51.03,779985.0,50.9825,4585
2026-02-04 10:08:00-05:00,TQQQ,51.03,51.1679,50.98,51.115,458308.0,51.0811,3013
2026-02-04 10:09:00-05:00,TQQQ,51.1,51.31,51.07,51.25,430416.0,51.2389,2607
2026-02-04 10:10:00-05:00,TQQQ,51.25,51.33,51.0326,51.1,494387.0,51.1796,2972
2026-02-04 10:11:00-05:00,TQQQ,51.1087,51.375,51.025,51.21,528432.0,51.1909,2803
2026-02-04 10:12:00-05:00,TQQQ,51.24,51.36,51.0199,51.05,389662.0,51.1963,2307
2026-02-04 10:13:00-05:00,TQQQ,51.05,51.3289,50.99,51.18,493007.0,51.1767,2876
2026-02-04 10:14:00-05:00,TQQQ,51.18,51.2,50.9613,51.12,525443.0,51.0869,2591
2026-02-04 10:15:00-05:00,TQQQ,51.13,51.23,51.06,51.16,273009.0,51.1577,1827
2026-02-04 10:16:00-05:00,TQQQ,51.16,51.2,51.0198,51.08,278951.0,51.1009,1748
2026-02-04 10:17:00-05:00,TQQQ,51.08,51.08,50.95,51.03,307591.0,51.0177,2181
2026-02-04 10:18:00-05:00,TQQQ,51.03,51.18,50.89,51.058,388813.0,51.0043,2274
2026-02-04 10:19:00-05:00,TQQQ,51.05,51.065,50.91,50.9576,357702.0,50.9807,1865
2026-02-04 10:20:00-05:00,TQQQ,50.97,51.235,50.935,51.0516,437105.0,51.1125,2214
2026-02-04 10:21:00-05:00,TQQQ,51.07,51.265,50.99,51.25,321490.0,51.1405,2023
2026-02-04 10:22:00-05:00,TQQQ,51.2501,51.29,51.01,51.01,260621.0,51.1161,1893
2026-02-04 10:23:00-05:00,TQQQ,51.01,51.465,50.95,51.395,638005.0,51.2578,3558
2026-02-04 10:24:00-05:00,TQQQ,51.4,51.5,51.35,51.39,382931.0,51.4381,2086
2026-02-04 10:25:00-05:00,TQQQ,51.39,51.59,51.335,51.5265,460174.0,51.4674,2517
2026-02-04 10:26:00-05:00,TQQQ,51.54,51.66,51.3,51.32,431565.0,51.5062,2464
2026-02-04 10:27:00-05:00,TQQQ,51.31,51.4691,51.22,51.24,307931.0,51.359,1882
2026-02-04 10:28:00-05:00,TQQQ,51.24,51.32,51.165,51.2,248293.0,51.2252,1510
2026-02-04 10:29:00-05:00,TQQQ,51.185,51.34,51.17,51.2932,222298.0,51.2593,1290
2026-02-04 10:30:00-05:00,TQQQ,51.28,51.37,51.085,51.12,317929.0,51.2261,2072
2026-02-04 10:31:00-05:00,TQQQ,51.13,51.14,50.97,51.06,496265.0,51.0421,2624
2026-02-04 10:32:00-05:00,TQQQ,51.05,51.16,51.0001,51.05,334111.0,51.0732,1796
2026-02-04 10:33:00-05:00,TQQQ,51.05,51.08,50.91,50.9465,265104.0,50.9914,1516
2026-02-04 10:34:00-05:00,TQQQ,50.945,50.945,50.78,50.84,434698.0,50.8371,2535
2026-02-04 10:35:00-05:00,TQQQ,50.84,50.88,50.695,50.725,406083.0,50.789,2497
2026-02-04 10:36:00-05:00,TQQQ,50.725,50.77,50.595,50.75,355670.0,50.6677,2388
2026-02-04 10:37:00-05:00,TQQQ,50.75,50.75,50.57,50.6267,232741.0,50.6314,1600
2026-02-04 10:38:00-05:00,TQQQ,50.6292,51.2,50.5045,51.17,1184256.0,50.7538,6381
2026-02-04 10:39:00-05:00,TQQQ,51.17,51.3486,51.0,51.005,619234.0,51.1499,3559
2026-02-04 10:40:00-05:00,TQQQ,51.01,51.2815,50.89,51.2297,551155.0,51.1187,3116
2026-02-04 10:41:00-05:00,TQQQ,51.23,51.44,51.15,51.2,698990.0,51.3168,3394
2026-02-04 10:42:00-05:00,TQQQ,51.1955,51.29,51.11,51.11,431850.0,51.1907,2343
2026-02-04 10:43:00-05:00,TQQQ,51.11,51.12,50.8934,51.013,507642.0,50.9993,2524
2026-02-04 10:44:00-05:00,TQQQ,51.02,51.17,50.98,51.07,344463.0,51.0611,1891
2026-02-04 10:45:00-05:00,TQQQ,51.06,51.13,50.96,50.97,294910.0,51.035,1922
2026-02-04 10:46:00-05:00,TQQQ,50.97,50.97,50.73,50.91,436975.0,50.8192,2596
2026-02-04 10:47:00-05:00,TQQQ,50.92,51.01,50.785,50.79,274867.0,50.9077,1798
2026-02-04 10:48:00-05:00,TQQQ,50.79,50.89,50.7457,50.84,353524.0,50.8177,1816
2026-02-04 10:49:00-05:00,TQQQ,50.84,50.86,50.71,50.79,170457.0,50.7881,1318
2026-02-04 10:50:00-05:00,TQQQ,50.78,50.9,50.71,50.75,270292.0,50.8075,1848
2026-02-04 10:51:00-05:00,TQQQ,50.74,50.8299,50.69,50.765,205595.0,50.7494,1569
2026-02-04 10:52:00-05:00,TQQQ,50.7699,50.9,50.76,50.85,236024.0,50.8395,1409
2026-02-04 10:53:00-05:00,TQQQ,50.85,51.0,50.71,50.72,309844.0,50.8489,1734
2026-02-04 10:54:00-05:00,TQQQ,50.72,50.875,50.71,50.8492,123421.0,50.7728,989
2026-02-04 10:55:00-05:00,TQQQ,50.8408,50.965,50.8301,50.87,311113.0,50.8747,1603
2026-02-04 10:56:00-05:00,TQQQ,50.86,50.92,50.642,50.653,239386.0,50.7805,1852
2026-02-04 10:57:00-05:00,TQQQ,50.655,50.715,50.6,50.62,228320.0,50.6488,1573
2026-02-04 10:58:00-05:00,TQQQ,50.62,50.86,50.585,50.86,325896.0,50.7235,1980
2026-02-04 10:59:00-05:00,TQQQ,50.86,50.88,50.64,50.7,218671.0,50.7566,1398
2026-02-04 11:00:00-05:00,TQQQ,50.71,50.82,50.59,50.595,451201.0,50.7113,2387
2026-02-04 11:01:00-05:00,TQQQ,50.5999,50.61,50.48,50.49,558734.0,50.527,3497
2026-02-04 11:02:00-05:00,TQQQ,50.4903,50.495,50.26,50.275,665009.0,50.3403,5323
2026-02-04 11:03:00-05:00,TQQQ,50.27,50.33,50.235,50.2978,410830.0,50.2772,4759
2026-02-04 11:04:00-05:00,TQQQ,50.29,50.33,50.2,50.2102,514835.0,50.2676,2392
2026-02-04 11:05:00-05:00,TQQQ,50.22,50.265,50.1735,50.18,308372.0,50.2047,2334
2026-02-04 11:06:00-05:00,TQQQ,50.1799,50.43,50.1799,50.3308,326741.0,50.3138,1858
2026-02-04 11:07:00-05:00,TQQQ,50.325,50.36,50.19,50.19,281124.0,50.2812,1665
2026-02-04 11:08:00-05:00,TQQQ,50.185,50.3,50.1681,50.17,234496.0,50.2131,1542
2026-02-04 11:09:00-05:00,TQQQ,50.195,50.2002,50.09,50.175,450420.0,50.1279,5805
2026-02-04 11:10:00-05:00,TQQQ,50.17,50.22,50.0904,50.22,274236.0,50.1698,1549
2026-02-04 11:11:00-05:00,TQQQ,50.205,50.29,50.14,50.255,285567.0,50.2187,1523
2026-02-04 11:12:00-05:00,TQQQ,50.265,50.605,50.225,50.5645,434903.0,50.4791,2243
2026-02-04 11:13:00-05:00,TQQQ,50.57,50.64,50.48,50.54,327551.0,50.5579,1755
2026-02-04 11:14:00-05:00,TQQQ,50.53,50.57,50.445,50.4591,460756.0,50.5022,1936
2026-02-04 11:15:00-05:00,TQQQ,50.46,50.59,50.455,50.55,216582.0,50.5221,1335
2026-02-04 11:16:00-05:00,TQQQ,50.53,50.55,50.25,50.28,301149.0,50.3987,1601
2026-02-04 11:17:00-05:00,TQQQ,50.29,50.32,50.16,50.21,246032.0,50.2319,1511
2026-02-04 11:18:00-05:00,TQQQ,50.22,50.26,50.155,50.2,247902.0,50.2034,1351
2026-02-04 11:19:00-05:00,TQQQ,50.21,50.23,50.03,50.095,451162.0,50.0968,2938
2026-02-04 11:20:00-05:00,TQQQ,50.09,50.25,50.075,50.21,420917.0,50.1795,2064
2026-02-04 11:21:00-05:00,TQQQ,50.22,50.27,50.0617,50.0755,259478.0,50.1729,1373
2026-02-04 11:22:00-05:00,TQQQ,50.08,50.165,50.055,50.16,203389.0,50.1105,1133
2026-02-04 11:23:00-05:00,TQQQ,50.16,50.35,50.11,50.32,346328.0,50.2665,1747
2026-02-04 11:24:00-05:00,TQQQ,50.33,50.4799,50.3,50.4575,312852.0,50.3959,1554
2026-02-04 11:25:00-05:00,TQQQ,50.46,50.505,50.365,50.414,309650.0,50.4423,1511
2026-02-04 11:26:00-05:00,TQQQ,50.4,50.6155,50.3835,50.55,353518.0,50.5406,1793
2026-02-04 11:27:00-05:00,TQQQ,50.55,50.619,50.5428,50.59,280861.0,50.5862,1293
2026-02-04 11:28:00-05:00,TQQQ,50.59,50.6,50.4415,50.4999,258827.0,50.52,1306
2026-02-04 11:29:00-05:00,TQQQ,50.5,50.6199,50.5,50.5745,224700.0,50.5636,1207
2026-02-04 11:30:00-05:00,TQQQ,50.58,50.61,50.34,50.38,285519.0,50.4576,1494
2026-02-04 11:31:00-05:00,TQQQ,50.38,50.449,50.35,50.38,188313.0,50.4006,943
2026-02-04 11:32:00-05:00,TQQQ,50.3875,50.46,50.355,50.3855,213214.0,50.3966,935
2026-02-04 11:33:00-05:00,TQQQ,50.375,50.41,50.21,50.21,255384.0,50.3133,1399
2026-02-04 11:34:00-05:00,TQQQ,50.21,50.25,50.1503,50.17,220010.0,50.1927,1207
2026-02-04 11:35:00-05:00,TQQQ,50.17,50.26,50.12,50.24,317992.0,50.1932,1309
2026-02-04 11:36:00-05:00,TQQQ,50.23,50.25,50.095,50.105,296724.0,50.1353,1577
2026-02-04 11:37:00-05:00,TQQQ,50.12,50.1785,50.06,50.0835,132123.0,50.0988,1063
2026-02-04 11:38:00-05:00,TQQQ,50.09,50.24,50.02,50.058,249129.0,50.0857,1657
2026-02-04 11:39:00-05:00,TQQQ,50.06,50.14,50.0,50.0083,576747.0,50.0363,3250
2026-02-04 11:40:00-05:00,TQQQ,50.005,50.03,49.8,49.81,1113054.0,49.9579,11037
2026-02-04 11:41:00-05:00,TQQQ,49.81,49.8599,49.78,49.78,339867.0,49.8101,2458
2026-02-04 11:42:00-05:00,TQQQ,49.78,49.85,49.77,49.775,340018.0,49.8036,2117
2026-02-04 11:43:00-05:00,TQQQ,49.77,49.78,49.665,49.69,348863.0,49.7336,5301
2026-02-04 11:44:00-05:00,TQQQ,49.69,49.71,49.61,49.64,259617.0,49.6569,1737
2026-02-04 11:45:00-05:00,TQQQ,49.63,49.65,49.59,49.61,288970.0,49.6192,1924
2026-02-04 11:46:00-05:00,TQQQ,49.607,49.66,49.5305,49.5437,335988.0,49.5997,2008
2026-02-04 11:47:00-05:00,TQQQ,49.55,49.58,49.51,49.5686,257638.0,49.5452,1374
2026-02-04 11:48:00-05:00,TQQQ,49.57,49.63,49.46,49.475,558002.0,49.5277,3513
2026-02-04 11:49:00-05:00,TQQQ,49.4716,49.49,49.4,49.47,397715.0,49.4422,2129
2026-02-04 11:50:00-05:00,TQQQ,49.48,49.5865,49.42,49.44,392280.0,49.5121,2002
2026-02-04 11:51:00-05:00,TQQQ,49.45,49.48,49.33,49.47,362239.0,49.4026,2618
2026-02-04 11:52:00-05:00,TQQQ,49.469,49.62,49.44,49.6022,421640.0,49.5728,1866
2026-02-04 11:53:00-05:00,TQQQ,49.61,49.6199,49.49,49.5415,201096.0,49.5504,1408
2026-02-04 11:54:00-05:00,TQQQ,49.55,49.67,49.4801,49.66,268997.0,49.5808,1596
2026-02-04 11:55:00-05:00,TQQQ,49.67,49.89,49.645,49.7778,471875.0,49.7935,2134
2026-02-04 11:56:00-05:00,TQQQ,49.77,49.85,49.69,49.81,348056.0,49.78,1643
2026-02-04 11:57:00-05:00,TQQQ,49.82,49.94,49.82,49.92,336228.0,49.8984,1804
2026-02-04 11:58:00-05:00,TQQQ,49.93,49.96,49.86,49.91,459697.0,49.9096,1704
2026-02-04 11:59:00-05:00,TQQQ,49.91,50.0345,49.905,49.99,438624.0,49.9833,1947
2026-02-04 12:00:00-05:00,TQQQ,49.98,50.005,49.85,49.9,317992.0,49.9135,1723
2026-02-04 12:01:00-05:00,TQQQ,49.91,49.995,49.87,49.975,223396.0,49.9281,1250
2026-02-04 12:02:00-05:00,TQQQ,49.985,50.02,49.915,49.9608,166793.0,49.9666,1070
2026-02-04 12:03:00-05:00,TQQQ,49.955,50.12,49.935,50.01,288339.0,50.0412,1614
2026-02-04 12:04:00-05:00,TQQQ,50.02,50.09,49.985,50.0499,190865.0,50.0363,1075
2026-02-04 12:05:00-05:00,TQQQ,50.05,50.0999,49.99,50.0,259490.0,50.037,1289
2026-02-04 12:06:00-05:00,TQQQ,50.0,50.005,49.88,49.94,399429.0,49.9363,1671
2026-02-04 12:07:00-05:00,TQQQ,49.925,49.985,49.8222,49.86,272145.0,49.8764,1373
2026-02-04 12:08:00-05:00,TQQQ,49.86,49.98,49.8599,49.925,144559.0,49.9076,1106
2026-02-04 12:09:00-05:00,TQQQ,49.93,50.025,49.87,49.88,228930.0,49.9466,1242
2026-02-04 12:10:00-05:00,TQQQ,49.88,49.9,49.72,49.74,327929.0,49.802,1772
2026-02-04 12:11:00-05:00,TQQQ,49.73,49.81,49.67,49.805,268598.0,49.7114,1239
2026-02-04 12:12:00-05:00,TQQQ,49.81,49.88,49.77,49.855,198350.0,49.8141,1028
2026-02-04 12:13:00-05:00,TQQQ,49.85,49.9886,49.83,49.93,210741.0,49.9279,1166
2026-02-04 12:14:00-05:00,TQQQ,49.9301,50.0179,49.93,49.95,210604.0,49.9813,1057
2026-02-04 12:15:00-05:00,TQQQ,49.95,50.02,49.875,49.92,181846.0,49.9432,1048
2026-02-04 12:16:00-05:00,TQQQ,49.92,49.925,49.725,49.735,239385.0,49.8087,1245
2026-02-04 12:17:00-05:00,TQQQ,49.74,49.81,49.695,49.705,174696.0,49.7544,1066
2026-02-04 12:18:00-05:00,TQQQ,49.71,49.7899,49.685,49.685,158303.0,49.7102,868
2026-02-04 12:19:00-05:00,TQQQ,49.69,49.74,49.65,49.6565,117268.0,49.688,835
2026-02-04 12:20:00-05:00,TQQQ,49.65,49.7,49.58,49.69,237746.0,49.6266,1288
2026-02-04 12:21:00-05:00,TQQQ,49.68,49.7786,49.64,49.74,147793.0,49.7018,881
2026-02-04 12:22:00-05:00,TQQQ,49.73,49.735,49.559,49.565,163637.0,49.6166,1043
2026-02-04 12:23:00-05:00,TQQQ,49.5699,49.648,49.535,49.6,131306.0,49.5952,739
2026-02-04 12:24:00-05:00,TQQQ,49.62,49.67,49.5797,49.615,107373.0,49.6229,695
2026-02-04 12:25:00-05:00,TQQQ,49.61,49.66,49.55,49.6191,116847.0,49.6034,695
2026-02-04 12:26:00-05:00,TQQQ,49.61,49.62,49.48,49.49,239192.0,49.5348,1772
2026-02-04 12:27:00-05:00,TQQQ,49.49,49.4916,49.06,49.25,2472918.0,49.1881,17546
2026-02-04 12:28:00-05:00,TQQQ,49.25,49.35,49.095,49.121,495846.0,49.2112,2493
2026-02-04 12:29:00-05:00,TQQQ,49.13,49.15,48.995,49.063485,712106.0,49.0406,5946
2026-02-04 12:30:00-05:00,TQQQ,49.07,49.11,48.95,49.0,492959.0,49.0131,3133
2026-02-04 12:31:00-05:00,TQQQ,49.0,49.37,48.9789,49.2872,922895.0,49.2147,4196
2026-02-04 12:32:00-05:00,TQQQ,49.28,49.42,49.04,49.08,419163.0,49.2478,2348
2026-02-04 12:33:00-05:00,TQQQ,49.075,49.205,49.047,49.14,261579.0,49.1238,1511
2026-02-04 12:34:00-05:00,TQQQ,49.16,49.16,48.97,49.045,415923.0,49.0404,2462
2026-02-04 12:35:00-05:00,TQQQ,49.04,49.04,48.8865,48.89,409003.0,48.9539,2804
2026-02-04 12:36:00-05:00,TQQQ,48.89,48.93,48.81,48.825,326090.0,48.8756,2745
2026-02-04 12:37:00-05:00,TQQQ,48.83,48.84,48.7202,48.725,397532.0,48.7769,2630
2026-02-04 12:38:00-05:00,TQQQ,48.725,48.73,48.65,48.685,321471.0,48.6865,2195
2026-02-04 12:39:00-05:00,TQQQ,48.68,48.73,48.63,48.63,280502.0,48.6783,4059
2026-02-04 12:40:00-05:00,TQQQ,48.63,48.66,48.52,48.65,465185.0,48.5792,2882
2026-02-04 12:41:00-05:00,TQQQ,48.65,48.815,48.63,48.8,474305.0,48.7163,2401
2026-02-04 12:42:00-05:00,TQQQ,48.79,48.81,48.61,48.645,369947.0,48.7366,2512
2026-02-04 12:43:00-05:00,TQQQ,48.6387,48.705,48.58,48.64,219717.0,48.6415,1444
2026-02-04 12:44:00-05:00,TQQQ,48.63,48.8684,48.61,48.84,396102.0,48.7462,1774
2026-02-04 12:45:00-05:00,TQQQ,48.84,48.91,48.68,48.7,404727.0,48.8208,2196
2026-02-04 12:46:00-05:00,TQQQ,48.705,48.7797,48.6318,48.77,318437.0,48.7013,1748
2026-02-04 12:47:00-05:00,TQQQ,48.76,48.7601,48.66,48.66,180521.0,48.6909,1222
2026-02-04 12:48:00-05:00,TQQQ,48.65,48.69,48.55,48.56,299529.0,48.6166,1783
2026-02-04 12:49:00-05:00,TQQQ,48.56,48.61,48.5129,48.59,256551.0,48.5595,1470
2026-02-04 12:50:00-05:00,TQQQ,48.58,48.58,48.43,48.5094,636572.0,48.4815,7760
2026-02-04 12:51:00-05:00,TQQQ,48.5,48.65,48.484,48.6,335570.0,48.5687,1745
2026-02-04 12:52:00-05:00,TQQQ,48.59,48.775,48.57,48.73,267872.0,48.6875,1532
2026-02-04 12:53:00-05:00,TQQQ,48.72,48.79,48.6696,48.6972,261958.0,48.7391,1533
2026-02-04 12:54:00-05:00,TQQQ,48.7,48.84,48.7,48.815,451481.0,48.7805,1884
2026-02-04 12:55:00-05:00,TQQQ,48.81,48.99,48.81,48.985,393655.0,48.8857,2155
2026-02-04 12:56:00-05:00,TQQQ,48.99,49.0,48.84,48.85,321776.0,48.937,1856
2026-02-04 12:57:00-05:00,TQQQ,48.85,48.9706,48.8128,48.96,225282.0,48.8996,1649
2026-02-04 12:58:00-05:00,TQQQ,48.96,49.05,48.945,48.98,328360.0,48.9993,1778
2026-02-04 12:59:00-05:00,TQQQ,48.975,49.005,48.89,48.99,298536.0,48.9576,1506
2026-02-04 13:00:00-05:00,TQQQ,48.99,49.075,48.83,48.855,578351.0,48.933,2826
2026-02-04 13:01:00-05:00,TQQQ,48.86,48.93,48.7694,48.79,263374.0,48.8305,1640
2026-02-04 13:02:00-05:00,TQQQ,48.79,48.84,48.72,48.73,249900.0,48.7685,1285
2026-02-04 13:03:00-05:00,TQQQ,48.74,48.84,48.7,48.78,199519.0,48.7668,1185
2026-02-04 13:04:00-05:00,TQQQ,48.8,48.925,48.775,48.92,337091.0,48.8171,1281
2026-02-04 13:05:00-05:00,TQQQ,48.92,49.048,48.9,49.048,377606.0,48.9926,1552
2026-02-04 13:06:00-05:00,TQQQ,49.04,49.12,48.982,49.09,367209.0,49.0802,1613
2026-02-04 13:07:00-05:00,TQQQ,49.075,49.13,49.05,49.08,272002.0,49.0948,1328
2026-02-04 13:08:00-05:00,TQQQ,49.09,49.15,49.0,49.0507,378867.0,49.064,1595
2026-02-04 13:09:00-05:00,TQQQ,49.05,49.05,48.67,48.675,463503.0,48.8097,2465
2026-02-04 13:10:00-05:00,TQQQ,48.67,48.82,48.66,48.765,245764.0,48.7358,1395
2026-02-04 13:11:00-05:00,TQQQ,48.77,48.82,48.73,48.765,281266.0,48.7644,1212
2026-02-04 13:12:00-05:00,TQQQ,48.76,48.79,48.68,48.7301,164214.0,48.7366,1146
2026-02-04 13:13:00-05:00,TQQQ,48.735,48.9,48.7,48.86,205362.0,48.8101,1088
2026-02-04 13:14:00-05:00,TQQQ,48.85,48.925,48.83,48.85,167168.0,48.8669,1005
2026-02-04 13:15:00-05:00,TQQQ,48.84,48.9545,48.81653,48.84,306767.0,48.8899,1400
2026-02-04 13:16:00-05:00,TQQQ,48.84,48.84,48.755,48.765,223292.0,48.797,1061
2026-02-04 13:17:00-05:00,TQQQ,48.76,48.83,48.755,48.7773,114021.0,48.7962,755
2026-02-04 13:18:00-05:00,TQQQ,48.78,48.84,48.76,48.77,155166.0,48.801,879
2026-02-04 13:19:00-05:00,TQQQ,48.76,48.79,48.7,48.735,161330.0,48.7395,1037
2026-02-04 13:20:00-05:00,TQQQ,48.7306,48.81,48.725,48.7493,141397.0,48.7597,792
2026-02-04 13:21:00-05:00,TQQQ,48.75,48.825,48.695,48.8167,170233.0,48.7394,986
2026-02-04 13:22:00-05:00,TQQQ,48.81,48.95,48.7712,48.94,270870.0,48.881,1143
2026-02-04 13:23:00-05:00,TQQQ,48.95,49.02,48.92,49.0099,232004.0,48.9695,1280
2026-02-04 13:24:00-05:00,TQQQ,49.0083,49.0691,48.975,49.0675,202391.0,49.0224,1004
2026-02-04 13:25:00-05:00,TQQQ,49.07,49.265,49.07,49.2515,358926.0,49.1942,1590
2026-02-04 13:26:00-05:00,TQQQ,49.26,49.365,49.22,49.3482,333469.0,49.3061,1670
2026-02-04 13:27:00-05:00,TQQQ,49.34,49.42,49.322,49.35,389730.0,49.3713,1715
2026-02-04 13:28:00-05:00,TQQQ,49.345,49.4255,49.33,49.39,250829.0,49.3789,1449
2026-02-04 13:29:00-05:00,TQQQ,49.39,49.47,49.3699,49.42,310365.0,49.4179,1324
2026-02-04 13:30:00-05:00,TQQQ,49.425,49.425,49.11,49.1807,488432.0,49.2225,2361
2026-02-04 13:31:00-05:00,TQQQ,49.17,49.27,49.15,49.1899,223537.0,49.2025,1103
2026-02-04 13:32:00-05:00,TQQQ,49.185,49.2,48.9101,48.9351,411067.0,49.0355,2006
2026-02-04 13:33:00-05:00,TQQQ,48.925,48.965,48.87,48.925,260081.0,48.9183,1186
2026-02-04 13:34:00-05:00,TQQQ,48.9399,49.01,48.86,48.99,226357.0,48.9567,1120
2026-02-04 13:35:00-05:00,TQQQ,49.0,49.18,48.98,49.0,300825.0,49.0712,1321
2026-02-04 13:36:00-05:00,TQQQ,49.01,49.085,48.94,49.085,166329.0,49.0051,906
2026-02-04 13:37:00-05:00,TQQQ,49.0887,49.1299,49.04,49.07,174456.0,49.0857,924
2026-02-04 13:38:00-05:00,TQQQ,49.085,49.105,49.0,49.0599,233826.0,49.0545,1112
2026-02-04 13:39:00-05:00,TQQQ,49.05,49.13,48.96,49.1145,193321.0,49.0469,952
2026-02-04 13:40:00-05:00,TQQQ,49.1,49.14,49.03,49.08,205117.0,49.0828,980
2026-02-04 13:41:00-05:00,TQQQ,49.09,49.1274,49.03,49.09,250076.0,49.093,894
2026-02-04 13:42:00-05:00,TQQQ,49.1,49.4,49.09,49.355,485647.0,49.2411,2033
2026-02-04 13:43:00-05:00,TQQQ,49.36,49.36,49.17,49.185,238893.0,49.2544,1299
2026-02-04 13:44:00-05:00,TQQQ,49.18,49.22,49.08,49.085,256990.0,49.1306,1051
2026-02-04 13:45:00-05:00,TQQQ,49.08,49.08,48.977,48.993,292824.0,49.0133,1329
2026-02-04 13:46:00-05:00,TQQQ,48.99,49.1,48.965,49.06,198619.0,49.0142,813
2026-02-04 13:47:00-05:00,TQQQ,49.07,49.09,48.98,48.98,241449.0,49.0314,913
2026-02-04 13:48:00-05:00,TQQQ,48.985,49.0386,48.94,49.03,139934.0,48.9837,717
2026-02-04 13:49:00-05:00,TQQQ,49.035,49.125,48.94,48.94,326610.0,49.0589,1166
2026-02-04 13:50:00-05:00,TQQQ,48.94,48.9407,48.7728,48.7728,356342.0,48.8508,1699
2026-02-04 13:51:00-05:00,TQQQ,48.78,48.825,48.75,48.795,166555.0,48.7856,794
2026-02-04 13:52:00-05:00,TQQQ,48.79,48.985,48.765,48.9771,180837.0,48.8746,898
2026-02-04 13:53:00-05:00,TQQQ,48.98,49.08,48.94,49.08,311166.0,49.0002,1119
2026-02-04 13:54:00-05:00,TQQQ,49.08,49.23,49.065,49.185,209822.0,49.1561,1128
2026-02-04 13:55:00-05:00,TQQQ,49.175,49.33,49.17,49.2993,253107.0,49.2415,1270
2026-02-04 13:56:00-05:00,TQQQ,49.3,49.42,49.29,49.39,263213.0,49.3675,1212
2026-02-04 13:57:00-05:00,TQQQ,49.385,49.499,49.37,49.48,206584.0,49.4538,1091
2026-02-04 13:58:00-05:00,TQQQ,49.49,49.52,49.38,49.44,336407.0,49.4282,1440
2026-02-04 13:59:00-05:00,TQQQ,49.44,49.45,49.21,49.3,357092.0,49.3051,1513
2026-02-04 14:00:00-05:00,TQQQ,49.3,49.35,49.215,49.23,397377.0,49.2833,1749
2026-02-04 14:01:00-05:00,TQQQ,49.23,49.3152,49.189,49.22,164173.0,49.2356,901
2026-02-04 14:02:00-05:00,TQQQ,49.2103,49.38,49.2103,49.36,205772.0,49.3205,925
2026-02-04 14:03:00-05:00,TQQQ,49.37,49.4021,49.33,49.33,142245.0,49.3656,824
2026-02-04 14:04:00-05:00,TQQQ,49.35,49.35,49.125,49.14,850976.0,49.2164,3562
2026-02-04 14:05:00-05:00,TQQQ,49.14,49.14,48.94,49.08,602667.0,49.0214,3014
2026-02-04 14:06:00-05:00,TQQQ,49.08,49.11,49.01,49.03,235530.0,49.052,1320
2026-02-04 14:07:00-05:00,TQQQ,49.02,49.04,48.931,48.9674,213793.0,48.9742,1295
2026-02-04 14:08:00-05:00,TQQQ,48.96,49.12,48.9421,49.12,312095.0,49.031,1445
2026-02-04 14:09:00-05:00,TQQQ,49.12,49.24,49.1,49.1902,315901.0,49.1751,1598
2026-02-04 14:10:00-05:00,TQQQ,49.2,49.26,49.15,49.2,221794.0,49.2237,1026
2026-02-04 14:11:00-05:00,TQQQ,49.195,49.265,49.1674,49.2313,205798.0,49.2197,978
2026-02-04 14:12:00-05:00,TQQQ,49.24,49.28,49.2021,49.23,204022.0,49.2417,940
2026-02-04 14:13:00-05:00,TQQQ,49.235,49.3,49.203,49.25,172108.0,49.2622,806
2026-02-04 14:14:00-05:00,TQQQ,49.245,49.2683,49.14,49.185,213552.0,49.2034,913
2026-02-04 14:15:00-05:00,TQQQ,49.18,49.285,49.1706,49.25,146983.0,49.2437,690
2026-02-04 14:16:00-05:00,TQQQ,49.23,49.28,49.19,49.22,135868.0,49.2262,828
2026-02-04 14:17:00-05:00,TQQQ,49.215,49.2665,49.19,49.24,148032.0,49.2267,819
2026-02-04 14:18:00-05:00,TQQQ,49.24,49.43,49.23,49.425,312420.0,49.3457,1065
2026-02-04 14:19:00-05:00,TQQQ,49.43,49.48,49.29,49.31,341369.0,49.4124,1227
2026-02-04 14:20:00-05:00,TQQQ,49.31,49.435,49.3,49.36,224661.0,49.3634,990
2026-02-04 14:21:00-05:00,TQQQ,49.375,49.3778,49.12,49.13,269143.0,49.2402,1241
2026-02-04 14:22:00-05:00,TQQQ,49.13,49.19,49.09,49.175,366570.0,49.1276,1337
2026-02-04 14:23:00-05:00,TQQQ,49.17,49.245,49.1201,49.165,189113.0,49.1824,891
2026-02-04 14:24:00-05:00,TQQQ,49.17,49.395,49.165,49.34,211970.0,49.2949,820
2026-02-04 14:25:00-05:00,TQQQ,49.33,49.435,49.32,49.385,266504.0,49.3915,1046
2026-02-04 14:26:00-05:00,TQQQ,49.38,49.3999,49.2599,49.37,271064.0,49.338,1123
2026-02-04 14:27:00-05:00,TQQQ,49.37,49.45,49.355,49.44,336081.0,49.4005,1208
2026-02-04 14:28:00-05:00,TQQQ,49.445,49.48,49.39,49.46,175721.0,49.4302,816
2026-02-04 14:29:00-05:00,TQQQ,49.46,49.5666,49.45,49.53,415702.0,49.5186,1812
2026-02-04 14:30:00-05:00,TQQQ,49.54,49.73,49.5195,49.6301,454925.0,49.6401,2176
2026-02-04 14:31:00-05:00,TQQQ,49.64,49.75,49.64,49.7151,273534.0,49.7059,1301
2026-02-04 14:32:00-05:00,TQQQ,49.73,49.77,49.67,49.75,258872.0,49.7202,1305
2026-02-04 14:33:00-05:00,TQQQ,49.75,49.7656,49.68,49.75,294910.0,49.7204,1112
2026-02-04 14:34:00-05:00,TQQQ,49.77,49.8,49.7398,49.785,289594.0,49.7731,1221
2026-02-04 14:35:00-05:00,TQQQ,49.785,49.86,49.66,49.72,365192.0,49.7673,1576
2026-02-04 14:36:00-05:00,TQQQ,49.715,49.75,49.63,49.6605,221250.0,49.6842,1060
2026-02-04 14:37:00-05:00,TQQQ,49.675,49.77,49.64,49.7525,259886.0,49.7027,896
2026-02-04 14:38:00-05:00,TQQQ,49.76,49.77,49.6815,49.71,171588.0,49.7341,891
2026-02-04 14:39:00-05:00,TQQQ,49.72,49.775,49.7096,49.715,121821.0,49.7395,749
2026-02-04 14:40:00-05:00,TQQQ,49.72,49.82,49.7,49.81,227557.0,49.746,999
2026-02-04 14:41:00-05:00,TQQQ,49.8095,49.925,49.7988,49.9001,359588.0,49.8868,1190
2026-02-04 14:42:00-05:00,TQQQ,49.91,50.0,49.89,49.945,340423.0,49.95,1459
2026-02-04 14:43:00-05:00,TQQQ,49.95,50.05,49.94,50.03,352790.0,50.002,1320
2026-02-04 14:44:00-05:00,TQQQ,50.03,50.03,49.89,49.935,321407.0,49.9533,1203
2026-02-04 14:45:00-05:00,TQQQ,49.93,49.9571,49.84,49.9105,195413.0,49.903,914
2026-02-04 14:46:00-05:00,TQQQ,49.91,50.23,49.91,50.155,483196.0,50.1229,1966
2026-02-04 14:47:00-05:00,TQQQ,50.16,50.16,50.01,50.045,357760.0,50.0945,1346
2026-02-04 14:48:00-05:00,TQQQ,50.04,50.45,50.0,50.39,1238292.0,50.2743,5262
2026-02-04 14:49:00-05:00,TQQQ,50.4,50.41,50.15,50.175,606278.0,50.2577,2422
2026-02-04 14:50:00-05:00,TQQQ,50.1755,50.2108,50.09,50.14,317134.0,50.1698,1520
2026-02-04 14:51:00-05:00,TQQQ,50.1426,50.335,50.13,50.24,420763.0,50.2645,1778
2026-02-04 14:52:00-05:00,TQQQ,50.2482,50.39,50.22,50.38,302810.0,50.3568,1214
2026-02-04 14:53:00-05:00,TQQQ,50.39,50.45,50.37,50.41,347360.0,50.402,1400
2026-02-04 14:54:00-05:00,TQQQ,50.3978,50.405,50.255,50.2618,341922.0,50.3135,1356
2026-02-04 14:55:00-05:00,TQQQ,50.25,50.32,50.18,50.31,364432.0,50.2467,1498
2026-02-04 14:56:00-05:00,TQQQ,50.33,50.39,50.285,50.38,238195.0,50.3313,1062
2026-02-04 14:57:00-05:00,TQQQ,50.38,50.48,50.375,50.445,274584.0,50.438,1230
2026-02-04 14:58:00-05:00,TQQQ,50.45,50.49,50.43,50.4599,220898.0,50.4608,987
2026-02-04 14:59:00-05:00,TQQQ,50.46,50.47,50.37,50.4399,318496.0,50.4305,1171
2026-02-04 15:00:00-05:00,TQQQ,50.43,50.51,50.275,50.28,645692.0,50.4331,2501
2026-02-04 15:01:00-05:00,TQQQ,50.28,50.3,50.1727,50.18,271672.0,50.2321,1415
2026-02-04 15:02:00-05:00,TQQQ,50.19,50.22,50.1,50.1255,346980.0,50.1712,1430
2026-02-04 15:03:00-05:00,TQQQ,50.13,50.2555,50.13,50.25,234844.0,50.2024,894
2026-02-04 15:04:00-05:00,TQQQ,50.26,50.2774,50.1545,50.18,179252.0,50.2069,809
2026-02-04 15:05:00-05:00,TQQQ,50.17,50.2284,50.15,50.1704,229626.0,50.1939,1037
2026-02-04 15:06:00-05:00,TQQQ,50.175,50.24,50.17,50.21,163031.0,50.1991,773
2026-02-04 15:07:00-05:00,TQQQ,50.21,50.23,50.16,50.175,152058.0,50.1876,688
2026-02-04 15:08:00-05:00,TQQQ,50.18,50.24,50.1601,50.19,246261.0,50.1993,947
2026-02-04 15:09:00-05:00,TQQQ,50.21,50.3099,50.21,50.2901,170438.0,50.2491,806
2026-02-04 15:10:00-05:00,TQQQ,50.3,50.34,50.2,50.215,184846.0,50.2854,847
2026-02-04 15:11:00-05:00,TQQQ,50.21,50.22,50.0,50.01,379958.0,50.0841,1700
2026-02-04 15:12:00-05:00,TQQQ,50.02,50.03,49.92,49.9826,248911.0,49.9646,1318
2026-02-04 15:13:00-05:00,TQQQ,49.985,49.99,49.8997,49.98,195369.0,49.9298,1005
2026-02-04 15:14:00-05:00,TQQQ,49.99,50.0685,49.9735,50.065,179822.0,50.0226,811
2026-02-04 15:15:00-05:00,TQQQ,50.065,50.135,50.04,50.135,203849.0,50.0929,873
2026-02-04 15:16:00-05:00,TQQQ,50.13,50.1468,49.95,50.005,216946.0,50.0409,948
2026-02-04 15:17:00-05:00,TQQQ,50.02,50.07,49.99,50.07,107664.0,50.0429,484
2026-02-04 15:18:00-05:00,TQQQ,50.075,50.1174,50.02,50.04,184820.0,50.0786,625
2026-02-04 15:19:00-05:00,TQQQ,50.04,50.123,50.04,50.0865,136476.0,50.0922,628
2026-02-04 15:20:00-05:00,TQQQ,50.08,50.09,49.9968,49.9983,155121.0,50.0327,684
2026-02-04 15:21:00-05:00,TQQQ,50.0,50.13,49.97,50.08,163892.0,50.0544,672
2026-02-04 15:22:00-05:00,TQQQ,50.09,50.19,50.078,50.13,233074.0,50.14,888
2026-02-04 15:23:00-05:00,TQQQ,50.1472,50.23,50.13,50.2186,226345.0,50.1839,812
2026-02-04 15:24:00-05:00,TQQQ,50.2199,50.2665,50.19,50.21,169352.0,50.2304,892
2026-02-04 15:25:00-05:00,TQQQ,50.22,50.23,50.1,50.16,207479.0,50.1464,803
2026-02-04 15:26:00-05:00,TQQQ,50.15,50.225,50.1487,50.2199,200762.0,50.1869,775
2026-02-04 15:27:00-05:00,TQQQ,50.21,50.33,50.21,50.25,238994.0,50.2883,928
2026-02-04 15:28:00-05:00,TQQQ,50.255,50.27,50.195,50.2599,198022.0,50.2279,713
2026-02-04 15:29:00-05:00,TQQQ,50.25,50.2685,50.11,50.15,205398.0,50.1971,819
2026-02-04 15:30:00-05:00,TQQQ,50.14,50.19,50.0829,50.115,207864.0,50.1404,1181
2026-02-04 15:31:00-05:00,TQQQ,50.1,50.17,50.065,50.075,197792.0,50.1008,987
2026-02-04 15:32:00-05:00,TQQQ,50.07,50.09,50.02,50.08,175132.0,50.063,913
2026-02-04 15:33:00-05:00,TQQQ,50.08,50.21,50.08,50.1897,166910.0,50.1722,758
2026-02-04 15:34:00-05:00,TQQQ,50.19,50.26,50.1601,50.17,207680.0,50.2046,809
2026-02-04 15:35:00-05:00,TQQQ,50.17,50.2,50.1022,50.11,134665.0,50.1543,716
2026-02-04 15:36:00-05:00,TQQQ,50.11,50.21,50.08,50.2,169917.0,50.1573,767
2026-02-04 15:37:00-05:00,TQQQ,50.2,50.2987,50.1774,50.2987,133618.0,50.234,672
2026-02-04 15:38:00-05:00,TQQQ,50.3,50.32,50.24,50.31,145085.0,50.2869,799
2026-02-04 15:39:00-05:00,TQQQ,50.3082,50.31,50.235,50.3,112750.0,50.277,666
2026-02-04 15:40:00-05:00,TQQQ,50.31,50.36,50.28,50.35,191797.0,50.3159,893
2026-02-04 15:41:00-05:00,TQQQ,50.34,50.35,50.25,50.26,192111.0,50.2911,793
2026-02-04 15:42:00-05:00,TQQQ,50.28,50.3229,50.233,50.295,218500.0,50.2794,665
2026-02-04 15:43:00-05:00,TQQQ,50.3,50.385,50.2616,50.265,211678.0,50.3375,907
2026-02-04 15:44:00-05:00,TQQQ,50.26,50.2772,50.1681,50.1899,195320.0,50.2106,927
2026-02-04 15:45:00-05:00,TQQQ,50.18,50.19,50.14,50.145,139427.0,50.1613,837
2026-02-04 15:46:00-05:00,TQQQ,50.15,50.17,50.07,50.161,156601.0,50.1181,928
2026-02-04 15:47:00-05:00,TQQQ,50.165,50.3255,50.165,50.29,209914.0,50.2642,1055
2026-02-04 15:48:00-05:00,TQQQ,50.28,50.315,50.2308,50.3077,143910.0,50.2715,751
2026-02-04 15:49:00-05:00,TQQQ,50.3,50.31,50.25,50.29,172746.0,50.2784,979
2026-02-04 15:50:00-05:00,TQQQ,50.3,50.34,50.0899,50.09,854433.0,50.1859,3483
2026-02-04 15:51:00-05:00,TQQQ,50.09,50.11,49.975,50.005,424319.0,50.0348,2418
2026-02-04 15:52:00-05:00,TQQQ,50.01,50.04,49.93,50.04,302779.0,49.9781,2318
2026-02-04 15:53:00-05:00,TQQQ,50.04,50.0791,49.935,49.965,348127.0,50.0047,2329
2026-02-04 15:54:00-05:00,TQQQ,49.96,49.9855,49.77,49.8,452507.0,49.8405,2648
2026-02-04 15:55:00-05:00,TQQQ,49.8,49.86,49.72,49.785,610929.0,49.7996,2721
2026-02-04 15:56:00-05:00,TQQQ,49.78,49.78,49.6414,49.717,487973.0,49.7008,2276
2026-02-04 15:57:00-05:00,TQQQ,49.71,49.7684,49.675,49.745,372261.0,49.7344,1886
2026-02-04 15:58:00-05:00,TQQQ,49.745,49.79,49.695,49.78,480607.0,49.7348,1909
2026-02-04 15:59:00-05:00,TQQQ,49.78,49.84,49.71,49.76,1296499.0,49.7702,4810
2026-02-04 16:00:00-05:00,TQQQ,49.75,49.94,49.72,49.89,45907.0,49.8442,352
2026-02-04 16:01:00-05:00,TQQQ,49.9,49.9997,49.84,49.94,64044.0,49.9038,387
2026-02-04 16:02:00-05:00,TQQQ,49.9394,50.119,49.3205,49.36,132155.0,49.7074,1708
2026-02-04 16:03:00-05:00,TQQQ,49.39,49.42,49.05,49.1391,105610.0,49.2105,1361
2026-02-04 16:04:00-05:00,TQQQ,49.11,49.47,49.04,49.23,122760.0,49.203,909
2026-02-04 16:05:00-05:00,TQQQ,49.26,49.68,49.25,49.67,73203.0,49.4894,773
2026-02-04 16:06:00-05:00,TQQQ,49.66,49.86,49.6306,49.68,95810.0,49.7295,813
2026-02-04 16:07:00-05:00,TQQQ,49.68,49.8,49.48,49.56,49349.0,49.6398,584
2026-02-04 16:08:00-05:00,TQQQ,49.57,49.919,49.54,49.9169,61767.0,49.6949,471
2026-02-04 16:09:00-05:00,TQQQ,49.88,49.95,49.76,49.89,58636.0,49.8494,560
2026-02-04 16:10:00-05:00,TQQQ,49.9,50.05,49.8,49.919,139757.0,49.9869,1015
2026-02-04 16:11:00-05:00,TQQQ,49.9246,50.03,49.89,49.91,35398.0,49.9756,239
2026-02-04 16:12:00-05:00,TQQQ,49.9696,49.97,49.84,49.94,47114.0,49.9147,369
2026-02-04 16:13:00-05:00,TQQQ,49.919,50.14,49.9,50.09,76538.0,50.0499,505
2026-02-04 16:14:00-05:00,TQQQ,50.09,50.15,50.05,50.05,25586.0,50.1026,225
2026-02-04 16:15:00-05:00,TQQQ,50.03,50.1,50.0,50.0,32061.0,50.0296,281
2026-02-04 16:16:00-05:00,TQQQ,49.95,49.9596,49.73,49.77,51411.0,49.8367,647
2026-02-04 16:17:00-05:00,TQQQ,49.78,49.9754,49.78,49.94,14959.0,49.8759,174
2026-02-04 16:18:00-05:00,TQQQ,49.94,50.02,49.94,49.94,16090.0,49.994,213
2026-02-04 16:19:00-05:00,TQQQ,49.9397,50.0193,49.9352,49.98,16028.0,49.9698,166
2026-02-04 16:20:00-05:00,TQQQ,49.98,50.0,49.85,49.8682,19130.0,49.918,367
2026-02-04 16:21:00-05:00,TQQQ,49.8433,49.89,49.75,49.82,24383.0,49.8072,403
2026-02-04 16:22:00-05:00,TQQQ,49.87,49.9,49.8,49.8418,17681.0,49.8567,201
2026-02-04 16:23:00-05:00,TQQQ,49.82,49.8418,49.8,49.81,11930.0,49.8101,188
2026-02-04 16:24:00-05:00,TQQQ,49.85,49.92,49.83,49.9,11369.0,49.8883,157
2026-02-04 16:25:00-05:00,TQQQ,49.93,49.95,49.9,49.9,13584.0,49.9373,165
2026-02-04 16:26:00-05:00,TQQQ,49.9191,49.93,49.81,49.93,10724.0,49.8773,190
2026-02-04 16:27:00-05:00,TQQQ,49.94,50.02,49.93,50.02,27616.0,49.989,236
2026-02-04 16:28:00-05:00,TQQQ,50.01,50.09,50.0049,50.04,24093.0,50.0264,166
2026-02-04 16:29:00-05:00,TQQQ,50.05,50.08,50.03,50.03,17916.0,50.059,175
2026-02-04 16:30:00-05:00,TQQQ,50.02,50.15,50.0,50.15,29664.0,50.065,354
2026-02-04 16:31:00-05:00,TQQQ,50.14,50.39,50.13,50.39,70757.0,50.2665,472
2026-02-04 16:32:00-05:00,TQQQ,50.39,50.48,50.3101,50.48,73279.0,50.3794,373
2026-02-04 16:33:00-05:00,TQQQ,50.46,50.71,50.45,50.6995,113816.0,50.5542,1061
2026-02-04 16:34:00-05:00,TQQQ,50.6854,50.8,50.66,50.8,84495.0,50.7291,537
2026-02-04 16:35:00-05:00,TQQQ,50.8,50.83,50.73,50.73,64269.0,50.7973,601
2026-02-04 16:36:00-05:00,TQQQ,50.75,50.77,50.58,50.59,59530.0,50.648,441
2026-02-04 16:37:00-05:00,TQQQ,50.59,50.67,50.57,50.621,30746.0,50.6253,406
2026-02-04 16:38:00-05:00,TQQQ,50.621,50.8,50.6,50.77,70573.0,50.7412,526
2026-02-04 16:39:00-05:00,TQQQ,50.77,50.78,50.62,50.71,27398.0,50.7087,241
2026-02-04 16:40:00-05:00,TQQQ,50.701,50.75,50.65,50.75,56047.0,50.7404,267
2026-02-04 16:41:00-05:00,TQQQ,50.739,50.75,50.681,50.7164,14026.0,50.7124,159
2026-02-04 16:42:00-05:00,TQQQ,50.7,50.71,50.61,50.65,11300.0,50.6565,198
2026-02-04 16:43:00-05:00,TQQQ,50.65,50.66,50.59,50.61,19375.0,50.6308,249
2026-02-04 16:44:00-05:00,TQQQ,50.611,50.6831,50.61,50.68,44377.0,50.6466,284
2026-02-04 16:45:00-05:00,TQQQ,50.6869,50.69,50.59,50.63,25627.0,50.6242,207
2026-02-04 16:46:00-05:00,TQQQ,50.63,50.71,50.6299,50.69,22153.0,50.6575,280
2026-02-04 16:47:00-05:00,TQQQ,50.7,50.7315,50.62,50.73,30437.0,50.6857,259
2026-02-04 16:48:00-05:00,TQQQ,50.74,50.79,50.6,50.6,59406.0,50.7281,298
2026-02-04 16:49:00-05:00,TQQQ,50.64,50.6898,50.52,50.54,27040.0,50.5734,312
2026-02-04 16:50:00-05:00,TQQQ,50.56,50.56,50.45,50.47,29892.0,50.4946,284
2026-02-04 16:51:00-05:00,TQQQ,50.4746,50.54,50.43,50.54,17058.0,50.4696,157
2026-02-04 16:52:00-05:00,TQQQ,50.5785,50.69,50.5785,50.69,13345.0,50.6523,153
2026-02-04 16:53:00-05:00,TQQQ,50.68,50.68,50.54,50.6,27450.0,50.5881,288
2026-02-04 16:54:00-05:00,TQQQ,50.59,50.69,50.59,50.67,18530.0,50.6531,133
2026-02-04 16:55:00-05:00,TQQQ,50.6501,50.67,50.6015,50.67,6552.0,50.6392,92
2026-02-04 16:56:00-05:00,TQQQ,50.67,50.67,50.55,50.55,8360.0,50.611,183
2026-02-04 16:57:00-05:00,TQQQ,50.59,50.59,50.47,50.47,18540.0,50.5087,249
2026-02-04 16:58:00-05:00,TQQQ,50.47,50.56,50.4669,50.4669,18784.0,50.516,141
2026-02-04 16:59:00-05:00,TQQQ,50.45,50.4895,50.35,50.4895,19601.0,50.4265,254
2026-02-04 17:00:00-05:00,TQQQ,50.45,50.5,50.44,50.49,5155.0,50.4709,70
2026-02-04 17:01:00-05:00,TQQQ,50.43,50.5,50.43,50.4885,12468.0,50.4851,108
2026-02-04 17:02:00-05:00,TQQQ,50.48,50.4898,50.46,50.47,4710.0,50.4741,58
2026-02-04 17:03:00-05:00,TQQQ,50.47,50.48,50.42,50.46,4786.0,50.4656,143
2026-02-04 17:04:00-05:00,TQQQ,50.4697,50.48,50.45,50.4699,11040.0,50.4547,69
2026-02-04 17:05:00-05:00,TQQQ,50.45,50.47,50.45,50.47,7587.0,50.4537,93
2026-02-04 17:06:00-05:00,TQQQ,50.47,50.47,50.45,50.45,2924.0,50.4574,82
2026-02-04 17:07:00-05:00,TQQQ,50.45,50.45,50.39,50.39,9310.0,50.4189,149
2026-02-04 17:08:00-05:00,TQQQ,50.43,50.43,50.33,50.35,10416.0,50.3584,207
2026-02-04 17:09:00-05:00,TQQQ,50.3514,50.4,50.33,50.4,12959.0,50.3436,145
2026-02-04 17:10:00-05:00,TQQQ,50.35,50.4,50.3247,50.3293,4766.0,50.3651,85
2026-02-04 17:11:00-05:00,TQQQ,50.32,50.32,50.25,50.2503,27510.0,50.2765,255
2026-02-04 17:12:00-05:00,TQQQ,50.27,50.3,50.26,50.28,12209.0,50.2816,81
2026-02-04 17:13:00-05:00,TQQQ,50.3,50.3,50.26,50.29,14011.0,50.2729,92
2026-02-04 17:14:00-05:00,TQQQ,50.26,50.35,50.26,50.3499,14887.0,50.2878,106
2026-02-04 17:15:00-05:00,TQQQ,50.35,50.35,50.3,50.3,12959.0,50.3143,61
2026-02-04 17:16:00-05:00,TQQQ,50.301,50.32,50.3,50.3,5843.0,50.3024,106
2026-02-04 17:17:00-05:00,TQQQ,50.27,50.31,50.27,50.31,2205.0,50.2841,46
2026-02-04 17:18:00-05:00,TQQQ,50.32,50.33,50.3,50.3028,7041.0,50.3115,62
2026-02-04 17:19:00-05:00,TQQQ,50.33,50.33,50.3,50.3,4227.0,50.3136,81
2026-02-04 17:20:00-05:00,TQQQ,50.3202,50.35,50.32,50.33,7067.0,50.3345,93
2026-02-04 17:21:00-05:00,TQQQ,50.33,50.3338,50.3,50.3,5533.0,50.3171,93
2026-02-04 17:22:00-05:00,TQQQ,50.3005,50.32,50.25,50.27,13309.0,50.2858,246
2026-02-04 17:23:00-05:00,TQQQ,50.25,50.3195,50.25,50.31,7793.0,50.2727,96
2026-02-04 17:24:00-05:00,TQQQ,50.28,50.309,50.28,50.309,3140.0,50.2893,68
2026-02-04 17:25:00-05:00,TQQQ,50.3,50.3,50.25,50.2502,5448.0,50.2638,107
2026-02-04 17:26:00-05:00,TQQQ,50.259,50.26,50.24,50.24,5703.0,50.2507,116
2026-02-04 17:27:00-05:00,TQQQ,50.25,50.29,50.25,50.289,7852.0,50.2634,42
2026-02-04 17:28:00-05:00,TQQQ,50.2501,50.29,50.2362,50.2362,7659.0,50.2517,104
2026-02-04 17:29:00-05:00,TQQQ,50.26,50.2795,50.23,50.2494,7035.0,50.2474,68
2026-02-04 17:30:00-05:00,TQQQ,50.2402,50.25,50.23,50.2469,6343.0,50.2467,64
2026-02-04 17:31:00-05:00,TQQQ,50.23,50.23,50.23,50.23,1487.0,50.2312,71
2026-02-04 17:32:00-05:00,TQQQ,50.23,50.24,50.22,50.22,14852.0,50.2268,85
2026-02-04 17:33:00-05:00,TQQQ,50.22,50.24,50.22,50.22,8750.0,50.2247,75
2026-02-04 17:34:00-05:00,TQQQ,50.24,50.24,50.21,50.2209,6680.0,50.2259,72
2026-02-04 17:35:00-05:00,TQQQ,50.22,50.23,50.22,50.2201,2978.0,50.2211,54
2026-02-04 17:36:00-05:00,TQQQ,50.23,50.23,50.22,50.22,1959.0,50.2252,48
2026-02-04 17:37:00-05:00,TQQQ,50.22,50.23,50.21,50.22,5556.0,50.2216,91
2026-02-04 17:38:00-05:00,TQQQ,50.22,50.23,50.2102,50.23,2354.0,50.221,48
2026-02-04 17:39:00-05:00,TQQQ,50.22,50.23,50.21,50.21,4222.0,50.2175,122
2026-02-04 17:40:00-05:00,TQQQ,50.2,50.21,50.18,50.18,5804.0,50.1988,172
2026-02-04 17:41:00-05:00,TQQQ,50.1995,50.1995,50.1,50.1,6337.0,50.1429,174
2026-02-04 17:42:00-05:00,TQQQ,50.1,50.11,50.1,50.1099,12156.0,50.1085,103
2026-02-04 17:43:00-05:00,TQQQ,50.11,50.11,50.0903,50.0999,4841.0,50.1028,113
2026-02-04 17:44:00-05:00,TQQQ,50.1,50.1,50.08,50.08,9119.0,50.0822,96
2026-02-04 17:45:00-05:00,TQQQ,50.08,50.09,50.06,50.06,7685.0,50.0826,112
2026-02-04 17:46:00-05:00,TQQQ,50.06,50.06,50.0102,50.05,11981.0,50.0356,118
2026-02-04 17:47:00-05:00,TQQQ,50.0446,50.05,50.0,50.0203,12130.0,50.027,130
2026-02-04 17:48:00-05:00,TQQQ,50.02,50.06,50.01,50.06,16251.0,50.0321,90
2026-02-04 17:49:00-05:00,TQQQ,50.1,50.1,50.06,50.1,2454.0,50.089,53
2026-02-04 17:50:00-05:00,TQQQ,50.1,50.1245,50.06,50.11,4906.0,50.0879,99
2026-02-04 17:51:00-05:00,TQQQ,50.0899,50.09,50.0899,50.09,1231.0,50.091,55
2026-02-04 17:52:00-05:00,TQQQ,50.0815,50.1,50.0815,50.1,4638.0,50.0977,51
2026-02-04 17:53:00-05:00,TQQQ,50.1,50.11,50.09,50.1,3689.0,50.0953,67
2026-02-04 17:54:00-05:00,TQQQ,50.12,50.12,50.1101,50.1199,13244.0,50.1147,24
2026-02-04 17:55:00-05:00,TQQQ,50.12,50.12,50.1,50.11,3803.0,50.1048,83
2026-02-04 17:56:00-05:00,TQQQ,50.11,50.1216,50.1,50.1,5589.0,50.1081,79
2026-02-04 17:57:00-05:00,TQQQ,50.1,50.1,50.08,50.08,3885.0,50.0846,146
2026-02-04 17:58:00-05:00,TQQQ,50.1,50.1,50.06,50.0938,6359.0,50.0902,70
2026-02-04 17:59:00-05:00,TQQQ,50.09,50.09,50.05,50.05,9272.0,50.0616,135
2026-02-04 18:00:00-05:00,TQQQ,50.06,50.23,50.06,50.16,105946.0,50.1626,126
2026-02-04 18:01:00-05:00,TQQQ,50.18,50.23,50.17,50.2,21840.0,50.19,65
2026-02-04 18:02:00-05:00,TQQQ,50.21,50.24,50.19,50.24,10084.0,50.1975,44
2026-02-04 18:03:00-05:00,TQQQ,50.24,50.34,50.24,50.34,19876.0,50.3166,89
2026-02-04 18:04:00-05:00,TQQQ,50.3399,50.37,50.3399,50.36,12923.0,50.3472,50
2026-02-04 18:05:00-05:00,TQQQ,50.37,50.4,50.3552,50.3552,8632.0,50.3844,67
2026-02-04 18:06:00-05:00,TQQQ,50.38,50.38,50.25,50.25,3999.0,50.3246,76
2026-02-04 18:07:00-05:00,TQQQ,50.2299,50.25,50.1687,50.1687,5628.0,50.2172,64
2026-02-04 18:08:00-05:00,TQQQ,50.1696,50.1696,50.13,50.1301,4966.0,50.1474,57
2026-02-04 18:09:00-05:00,TQQQ,50.11,50.2001,50.11,50.2001,3844.0,50.1267,27
2026-02-04 18:10:00-05:00,TQQQ,50.22,50.31,50.22,50.31,9770.0,50.2612,51
2026-02-04 18:11:00-05:00,TQQQ,50.31,50.369,50.31,50.36,9195.0,50.3375,31
2026-02-04 18:12:00-05:00,TQQQ,50.35,50.3598,50.3,50.3,6062.0,50.3461,63
2026-02-04 18:13:00-05:00,TQQQ,50.28,50.28,50.25,50.25,8054.0,50.2748,51
2026-02-04 18:14:00-05:00,TQQQ,50.22,50.22,50.15,50.15,13504.0,50.1657,76
2026-02-04 18:15:00-05:00,TQQQ,50.1546,50.2,50.1546,50.18,3906.0,50.1784,25
2026-02-04 18:16:00-05:00,TQQQ,50.26,50.27,50.24,50.25,1474.0,50.2513,31
2026-02-04 18:17:00-05:00,TQQQ,50.252,50.27,50.25,50.25,9009.0,50.2567,41
2026-02-04 18:18:00-05:00,TQQQ,50.26,50.26,50.24,50.24,5166.0,50.2478,51
2026-02-04 18:19:00-05:00,TQQQ,50.21,50.2101,50.19,50.19,2732.0,50.2043,44
2026-02-04 18:20:00-05:00,TQQQ,50.19,50.26,50.18,50.26,7206.0,50.2035,29
2026-02-04 18:21:00-05:00,TQQQ,50.2564,50.2564,50.22,50.24,3575.0,50.2316,44
2026-02-04 18:22:00-05:00,TQQQ,50.25,50.2554,50.24,50.25,1318.0,50.2487,27
2026-02-04 18:23:00-05:00,TQQQ,50.22,50.24,50.21,50.22,2898.0,50.219,56
2026-02-04 18:24:00-05:00,TQQQ,50.2,50.2,50.16,50.16,4610.0,50.1806,54
2026-02-04 18:25:00-05:00,TQQQ,50.15,50.17,50.14,50.17,1608.0,50.1558,41
2026-02-04 18:26:00-05:00,TQQQ,50.22,50.24,50.21,50.24,4079.0,50.2279,19
2026-02-04 18:27:00-05:00,TQQQ,50.23,50.2702,50.23,50.2702,8604.0,50.2585,31
2026-02-04 18:28:00-05:00,TQQQ,50.28,50.3,50.28,50.3,7936.0,50.2971,58
2026-02-04 18:29:00-05:00,TQQQ,50.2998,50.3,50.28,50.3,6287.0,50.2973,54
2026-02-04 18:30:00-05:00,TQQQ,50.3031,50.37,50.3031,50.37,24928.0,50.3131,45
2026-02-04 18:31:00-05:00,TQQQ,50.38,50.46,50.38,50.46,22764.0,50.4235,112
2026-02-04 18:32:00-05:00,TQQQ,50.47,50.47,50.43,50.45,9989.0,50.4426,63
2026-02-04 18:33:00-05:00,TQQQ,50.44,50.45,50.34,50.34,15506.0,50.4128,51
2026-02-04 18:34:00-05:00,TQQQ,50.35,50.38,50.33,50.36,10842.0,50.3556,52
2026-02-04 18:35:00-05:00,TQQQ,50.39,50.39,50.349,50.349,4760.0,50.3619,37
2026-02-04 18:36:00-05:00,TQQQ,50.32,50.32,50.2998,50.31,4345.0,50.3162,47
2026-02-04 18:37:00-05:00,TQQQ,50.31,50.31,50.25,50.259,9395.0,50.2743,84
2026-02-04 18:38:00-05:00,TQQQ,50.26,50.2697,50.24,50.24,19631.0,50.2535,55
2026-02-04 18:39:00-05:00,TQQQ,50.22,50.24,50.2131,50.23,8458.0,50.2239,37
2026-02-04 18:40:00-05:00,TQQQ,50.21,50.23,50.17,50.17,5917.0,50.1916,81
2026-02-04 18:41:00-05:00,TQQQ,50.16,50.18,50.14,50.15,16638.0,50.1652,63
2026-02-04 18:42:00-05:00,TQQQ,50.149,50.2048,50.14,50.2,3676.0,50.1574,34
2026-02-04 18:43:00-05:00,TQQQ,50.2402,50.26,50.23,50.25,5584.0,50.2426,31
2026-02-04 18:44:00-05:00,TQQQ,50.239,50.24,50.22,50.22,6097.0,50.2377,44
2026-02-04 18:45:00-05:00,TQQQ,50.219,50.219,50.2,50.2091,5297.0,50.2055,72
2026-02-04 18:46:00-05:00,TQQQ,50.21,50.2382,50.1891,50.1891,4157.0,50.201,43
2026-02-04 18:47:00-05:00,TQQQ,50.1902,50.25,50.1902,50.23,3669.0,50.2323,26
2026-02-04 18:48:00-05:00,TQQQ,50.23,50.24,50.22,50.24,9665.0,50.2273,35
2026-02-04 18:49:00-05:00,TQQQ,50.25,50.3,50.25,50.2534,43276.0,50.2889,60
2026-02-04 18:50:00-05:00,TQQQ,50.2701,50.3669,50.2701,50.32,8118.0,50.3462,42
2026-02-04 18:51:00-05:00,TQQQ,50.33,50.33,50.241,50.241,8442.0,50.2777,45
2026-02-04 18:52:00-05:00,TQQQ,50.23,50.31,50.23,50.27,33336.0,50.2726,66
2026-02-04 18:53:00-05:00,TQQQ,50.27,50.29,50.27,50.29,8763.0,50.2777,38
2026-02-04 18:54:00-05:00,TQQQ,50.28,50.29,50.2697,50.2697,2999.0,50.279,25
2026-02-04 18:55:00-05:00,TQQQ,50.25,50.25,50.21,50.21,3239.0,50.2191,52
2026-02-04 18:56:00-05:00,TQQQ,50.2,50.2,50.03,50.03,18192.0,50.1445,199
2026-02-04 18:57:00-05:00,TQQQ,50.0103,50.1,50.0103,50.0882,7520.0,50.0597,51
2026-02-04 18:58:00-05:00,TQQQ,50.11,50.12,50.0997,50.11,4277.0,50.1046,32
2026-02-04 18:59:00-05:00,TQQQ,50.1198,50.14,50.091,50.13,14445.0,50.1173,49
2026-02-04 19:00:00-05:00,TQQQ,50.11,50.11,50.04,50.06,6185.0,50.0609,49
2026-02-04 19:01:00-05:00,TQQQ,50.04,50.05,50.0,50.0,9788.0,50.0249,96
2026-02-04 19:02:00-05:00,TQQQ,50.0,50.01,49.95,50.01,58841.0,49.9864,370
2026-02-04 19:03:00-05:00,TQQQ,50.0,50.02,49.9501,50.01,10712.0,49.9777,46
2026-02-04 19:04:00-05:00,TQQQ,50.02,50.0795,50.02,50.06,6685.0,50.048,45
2026-02-04 19:05:00-05:00,TQQQ,50.02,50.06,50.02,50.06,4610.0,50.0376,51
2026-02-04 19:06:00-05:00,TQQQ,50.08,50.13,50.08,50.13,7027.0,50.1143,45
2026-02-04 19:07:00-05:00,TQQQ,50.15,50.15,50.06,50.08,6236.0,50.1171,39
2026-02-04 19:08:00-05:00,TQQQ,50.09,50.1464,50.09,50.1069,1403.0,50.1238,27
2026-02-04 19:09:00-05:00,TQQQ,50.101,50.13,50.101,50.13,2423.0,50.1161,24
2026-02-04 19:10:00-05:00,TQQQ,50.12,50.18,50.12,50.18,3639.0,50.1348,34
2026-02-04 19:11:00-05:00,TQQQ,50.16,50.16,50.14,50.15,2200.0,50.1523,35
2026-02-04 19:12:00-05:00,TQQQ,50.1504,50.1504,50.14,50.14,2471.0,50.1497,14
2026-02-04 19:13:00-05:00,TQQQ,50.13,50.17,50.11,50.15,3879.0,50.1464,38
2026-02-04 19:14:00-05:00,TQQQ,50.1582,50.16,50.1306,50.15,2196.0,50.1518,34
2026-02-04 19:15:00-05:00,TQQQ,50.15,50.21,50.15,50.21,4258.0,50.1864,45
2026-02-04 19:16:00-05:00,TQQQ,50.22,50.27,50.22,50.25,12695.0,50.2336,46
2026-02-04 19:17:00-05:00,TQQQ,50.24,50.25,50.21,50.22,4283.0,50.2359,39
2026-02-04 19:18:00-05:00,TQQQ,50.22,50.24,50.21,50.24,5292.0,50.2205,27
2026-02-04 19:19:00-05:00,TQQQ,50.23,50.27,50.22,50.27,2928.0,50.247,28
2026-02-04 19:20:00-05:00,TQQQ,50.27,50.27,50.26,50.26,6126.0,50.2675,26
2026-02-04 19:21:00-05:00,TQQQ,50.23,50.25,50.23,50.25,1355.0,50.2386,36
2026-02-04 19:22:00-05:00,TQQQ,50.29,50.32,50.28,50.32,53220.0,50.3005,87
2026-02-04 19:23:00-05:00,TQQQ,50.32,50.34,50.32,50.33,3667.0,50.3344,32
2026-02-04 19:24:00-05:00,TQQQ,50.3,50.3215,50.3,50.3215,2766.0,50.3101,44
2026-02-04 19:25:00-05:00,TQQQ,50.33,50.41,50.33,50.41,20842.0,50.3948,68
2026-02-04 19:26:00-05:00,TQQQ,50.4,50.42,50.4,50.4,3692.0,50.4055,50
2026-02-04 19:27:00-05:00,TQQQ,50.4,50.45,50.4,50.42,15316.0,50.4319,48
2026-02-04 19:28:00-05:00,TQQQ,50.43,50.44,50.39,50.42,4674.0,50.423,54
2026-02-04 19:29:00-05:00,TQQQ,50.43,50.47,50.4231,50.4394,7507.0,50.4516,51
2026-02-04 19:30:00-05:00,TQQQ,50.44,50.45,50.4014,50.4014,4553.0,50.4351,34
2026-02-04 19:31:00-05:00,TQQQ,50.39,50.39,50.37,50.39,5007.0,50.382,30
2026-02-04 19:32:00-05:00,TQQQ,50.39,50.41,50.38,50.38,3067.0,50.3888,26
2026-02-04 19:33:00-05:00,TQQQ,50.3883,50.3883,50.37,50.37,2460.0,50.3776,33
2026-02-04 19:34:00-05:00,TQQQ,50.4,50.411,50.4,50.41,10250.0,50.4089,37
2026-02-04 19:35:00-05:00,TQQQ,50.43,50.43,50.42,50.42,873.0,50.4302,28
2026-02-04 19:36:00-05:00,TQQQ,50.43,50.44,50.42,50.42,4772.0,50.4266,18
2026-02-04 19:37:00-05:00,TQQQ,50.41,50.41,50.4,50.4,4073.0,50.4093,20
2026-02-04 19:38:00-05:00,TQQQ,50.42,50.49,50.42,50.48,11610.0,50.4675,70
2026-02-04 19:39:00-05:00,TQQQ,50.48,50.49,50.47,50.49,3745.0,50.48,32
2026-02-04 19:40:00-05:00,TQQQ,50.49,50.52,50.48,50.52,26806.0,50.4979,93
2026-02-04 19:41:00-05:00,TQQQ,50.52,50.5347,50.5,50.51,6880.0,50.5134,46
2026-02-04 19:42:00-05:00,TQQQ,50.51,50.53,50.5,50.51,5983.0,50.5129,37
2026-02-04 19:43:00-05:00,TQQQ,50.53,50.55,50.52,50.55,7387.0,50.5376,48
2026-02-04 19:44:00-05:00,TQQQ,50.5402,50.55,50.54,50.54,26921.0,50.5412,73
2026-02-04 19:45:00-05:00,TQQQ,50.54,50.54,50.5,50.5,5110.0,50.5102,51
2026-02-04 19:46:00-05:00,TQQQ,50.5,50.51,50.49,50.51,7180.0,50.5032,35
2026-02-04 19:47:00-05:00,TQQQ,50.5,50.52,50.4785,50.4785,4314.0,50.498,46
2026-02-04 19:48:00-05:00,TQQQ,50.5,50.5302,50.5,50.5302,6463.0,50.517,36
2026-02-04 19:49:00-05:00,TQQQ,50.52,50.539,50.51,50.539,5076.0,50.5249,28
2026-02-04 19:50:00-05:00,TQQQ,50.53,50.54,50.53,50.53,12371.0,50.5315,36
2026-02-04 19:51:00-05:00,TQQQ,50.5385,50.5385,50.48,50.48,3881.0,50.5101,35
2026-02-04 19:52:00-05:00,TQQQ,50.48,50.48,50.43,50.46,3420.0,50.458,31
2026-02-04 19:53:00-05:00,TQQQ,50.45,50.45,50.419,50.42,59510.0,50.4208,70
2026-02-04 19:54:00-05:00,TQQQ,50.42,50.4214,50.39,50.4031,30681.0,50.4179,57
2026-02-04 19:55:00-05:00,TQQQ,50.4021,50.4215,50.4,50.4215,3408.0,50.4129,24
2026-02-04 19:56:00-05:00,TQQQ,50.42,50.49,50.42,50.46,4816.0,50.4602,31
2026-02-04 19:57:00-05:00,TQQQ,50.4699,50.47,50.43,50.43,4636.0,50.4572,31
2026-02-04 19:58:00-05:00,TQQQ,50.44,50.44,50.41,50.41,6466.0,50.4312,40
2026-02-04 19:59:00-05:00,TQQQ,50.4097,50.42,50.4,50.4,18622.0,50.406,63
2026-02-05 04:00:00-05:00,TQQQ,49.81,50.41,49.72,49.9,31857.0,49.835,426
2026-02-05 04:01:00-05:00,TQQQ,49.91,49.98,49.9,49.95,8248.0,49.9397,159
2026-02-05 04:02:00-05:00,TQQQ,49.99,50.02,49.97,50.0,5648.0,49.9947,84
2026-02-05 04:03:00-05:00,TQQQ,50.0,50.0,49.84,49.84,10761.0,49.94,201
2026-02-05 04:04:00-05:00,TQQQ,49.84,49.9,49.81,49.81,26405.0,49.8531,271
2026-02-05 04:05:00-05:00,TQQQ,49.77,49.77,49.68,49.69,15793.0,49.7254,282
2026-02-05 04:06:00-05:00,TQQQ,49.7,49.79,49.7,49.73,6832.0,49.7333,77
2026-02-05 04:07:00-05:00,TQQQ,49.76,49.76,49.7,49.72,10568.0,49.7406,101
2026-02-05 04:08:00-05:00,TQQQ,49.73,49.88,49.73,49.87,20491.0,49.8101,179
2026-02-05 04:09:00-05:00,TQQQ,49.85,49.87,49.75,49.8,9650.0,49.8008,125
2026-02-05 04:10:00-05:00,TQQQ,49.81,49.81,49.69,49.7,6901.0,49.7144,144
2026-02-05 04:11:00-05:00,TQQQ,49.71,49.72,49.68,49.68,18326.0,49.689,175
2026-02-05 04:12:00-05:00,TQQQ,49.66,49.75,49.66,49.75,7685.0,49.722,88
2026-02-05 04:13:00-05:00,TQQQ,49.78,49.84,49.78,49.8,35477.0,49.808,193
2026-02-05 04:14:00-05:00,TQQQ,49.81,49.81,49.78,49.78,48917.0,49.7939,125
2026-02-05 04:15:00-05:00,TQQQ,49.77,49.77,49.68,49.71,5978.0,49.7099,121
2026-02-05 04:16:00-05:00,TQQQ,49.75,49.84,49.75,49.82,68644.0,49.7534,114
2026-02-05 04:17:00-05:00,TQQQ,49.82,49.83,49.81,49.81,2694.0,49.8126,78
2026-02-05 04:18:00-05:00,TQQQ,49.74,49.77,49.74,49.76,631.0,49.756,39
2026-02-05 04:19:00-05:00,TQQQ,49.76,49.82,49.75,49.77,3977.0,49.7777,56
2026-02-05 04:20:00-05:00,TQQQ,49.79,49.89,49.79,49.88,6454.0,49.8706,66
2026-02-05 04:21:00-05:00,TQQQ,49.88,49.93,49.87,49.9,6100.0,49.8849,125
2026-02-05 04:22:00-05:00,TQQQ,49.88,49.93,49.87,49.87,4446.0,49.9055,73
2026-02-05 04:23:00-05:00,TQQQ,49.89,49.97,49.89,49.97,3371.0,49.945,53
2026-02-05 04:24:00-05:00,TQQQ,49.97,50.0,49.97,49.99,8017.0,49.9836,93
2026-02-05 04:25:00-05:00,TQQQ,50.0,50.1,50.0,50.06,4371.0,50.0494,79
2026-02-05 04:26:00-05:00,TQQQ,50.08,50.11,50.08,50.11,8640.0,50.0989,124
2026-02-05 04:27:00-05:00,TQQQ,50.12,50.17,50.12,50.17,4926.0,50.1454,68
2026-02-05 04:28:00-05:00,TQQQ,50.16,50.17,50.1,50.15,5663.0,50.1467,96
2026-02-05 04:29:00-05:00,TQQQ,50.13,50.19,50.13,50.19,3028.0,50.1596,45
2026-02-05 04:30:00-05:00,TQQQ,50.2,50.23,50.17,50.23,8691.0,50.2079,95
2026-02-05 04:31:00-05:00,TQQQ,50.24,50.32,50.24,50.32,4029.0,50.2634,79
2026-02-05 04:32:00-05:00,TQQQ,50.33,50.33,50.24,50.29,6191.0,50.2915,93
2026-02-05 04:33:00-05:00,TQQQ,50.3,50.3,50.26,50.26,3642.0,50.284,51
2026-02-05 04:34:00-05:00,TQQQ,50.27,50.27,50.24,50.24,1830.0,50.2496,34
2026-02-05 04:35:00-05:00,TQQQ,50.27,50.27,50.18,50.19,3912.0,50.2022,64
2026-02-05 04:36:00-05:00,TQQQ,50.16,50.16,50.13,50.16,5681.0,50.1467,55
2026-02-05 04:37:00-05:00,TQQQ,50.13,50.13,50.11,50.11,3202.0,50.1266,56
2026-02-05 04:38:00-05:00,TQQQ,50.1,50.11,50.07,50.09,2765.0,50.0867,78
2026-02-05 04:39:00-05:00,TQQQ,50.07,50.07,50.04,50.06,7135.0,50.0495,59
2026-02-05 04:40:00-05:00,TQQQ,50.06,50.06,50.04,50.04,1203.0,50.0465,52
2026-02-05 04:41:00-05:00,TQQQ,50.02,50.06,50.02,50.03,5714.0,50.045,44
2026-02-05 04:42:00-05:00,TQQQ,50.02,50.05,49.98,49.98,8864.0,50.0121,122
2026-02-05 04:43:00-05:00,TQQQ,50.0,50.01,49.96,49.96,9265.0,49.9775,102
2026-02-05 04:44:00-05:00,TQQQ,49.97,49.98,49.95,49.97,4059.0,49.9632,99
2026-02-05 04:45:00-05:00,TQQQ,49.96,49.96,49.93,49.93,1480.0,49.9527,58
2026-02-05 04:46:00-05:00,TQQQ,49.99,50.0,49.97,50.0,2403.0,49.9933,35
2026-02-05 04:47:00-05:00,TQQQ,50.0,50.0,49.98,50.0,1541.0,49.9938,33
2026-02-05 04:48:00-05:00,TQQQ,49.98,49.98,49.89,49.89,2764.0,49.941,95
2026-02-05 04:49:00-05:00,TQQQ,49.87,49.88,49.85,49.88,1550.0,49.8644,39
2026-02-05 04:50:00-05:00,TQQQ,49.98,49.99,49.98,49.99,1667.0,49.9856,40
2026-02-05 04:51:00-05:00,TQQQ,50.0,50.02,50.0,50.0,3874.0,50.0043,57
2026-02-05 04:52:00-05:00,TQQQ,49.96,49.96,49.94,49.96,3238.0,49.9583,36
2026-02-05 04:53:00-05:00,TQQQ,50.01,50.03,50.01,50.03,1698.0,50.0179,31
2026-02-05 04:54:00-05:00,TQQQ,50.02,50.08,50.02,50.05,2741.0,50.0577,49
2026-02-05 04:55:00-05:00,TQQQ,50.03,50.07,50.03,50.07,677.0,50.0633,17
2026-02-05 04:56:00-05:00,TQQQ,50.06,50.06,50.05,50.05,1196.0,50.0615,33
2026-02-05 04:57:00-05:00,TQQQ,50.04,50.04,49.95,49.95,1643.0,50.0043,83
2026-02-05 04:58:00-05:00,TQQQ,49.97,49.97,49.97,49.97,622.0,49.9697,12
2026-02-05 04:59:00-05:00,TQQQ,49.96,49.96,49.95,49.95,1891.0,49.9584,29
2026-02-05 05:00:00-05:00,TQQQ,49.94,49.95,49.94,49.95,1980.0,49.9456,49
2026-02-05 05:01:00-05:00,TQQQ,50.0,50.05,49.99,50.05,2777.0,50.0125,49
2026-02-05 05:02:00-05:00,TQQQ,50.04,50.04,49.99,50.0,1280.0,50.0123,45
2026-02-05 05:03:00-05:00,TQQQ,50.02,50.06,50.0,50.02,23187.0,50.0397,163
2026-02-05 05:04:00-05:00,TQQQ,50.02,50.02,49.99,49.99,1625.0,50.0073,32
2026-02-05 05:05:00-05:00,TQQQ,50.01,50.02,50.01,50.02,2185.0,50.0108,35
2026-02-05 05:06:00-05:00,TQQQ,50.0,50.0,49.93,49.94,3949.0,49.9549,100
2026-02-05 05:07:00-05:00,TQQQ,49.91,49.97,49.91,49.97,6897.0,49.9214,45
2026-02-05 05:08:00-05:00,TQQQ,49.93,49.94,49.9,49.9,24183.0,49.93,90
2026-02-05 05:09:00-05:00,TQQQ,49.93,49.93,49.93,49.93,5731.0,49.9306,23
2026-02-05 05:10:00-05:00,TQQQ,50.0,50.06,50.0,50.06,3381.0,50.0315,36
2026-02-05 05:11:00-05:00,TQQQ,50.12,50.13,50.11,50.11,2408.0,50.1245,60
2026-02-05 05:12:00-05:00,TQQQ,50.14,50.16,50.14,50.16,3112.0,50.1473,56
2026-02-05 05:13:00-05:00,TQQQ,50.15,50.21,50.15,50.21,2511.0,50.1756,56
2026-02-05 05:14:00-05:00,TQQQ,50.19,50.24,50.19,50.23,2776.0,50.2214,39
2026-02-05 05:15:00-05:00,TQQQ,50.24,50.28,50.24,50.255,9528.0,50.2595,76
2026-02-05 05:16:00-05:00,TQQQ,50.27,50.27,50.19,50.19,2918.0,50.2246,46
2026-02-05 05:17:00-05:00,TQQQ,50.17,50.22,50.17,50.21,15350.0,50.2023,80
2026-02-05 05:18:00-05:00,TQQQ,50.21,50.27,50.21,50.24,11795.0,50.2462,53
2026-02-05 05:19:00-05:00,TQQQ,50.28,50.28,50.23,50.23,4365.0,50.2748,39
2026-02-05 05:20:00-05:00,TQQQ,50.24,50.26,50.24,50.25,3887.0,50.2582,23
2026-02-05 05:21:00-05:00,TQQQ,50.25,50.3,50.25,50.29,9787.0,50.2823,83
2026-02-05 05:22:00-05:00,TQQQ,50.28,50.28,50.22,50.22,7169.0,50.2468,66
2026-02-05 05:23:00-05:00,TQQQ,50.23,50.23,50.2,50.2,2234.0,50.2071,52
2026-02-05 05:24:00-05:00,TQQQ,50.23,50.27,50.23,50.26,3835.0,50.2536,53
2026-02-05 05:25:00-05:00,TQQQ,50.25,50.28,50.25,50.26,1485.0,50.2649,32
2026-02-05 05:26:00-05:00,TQQQ,50.28,50.28,50.28,50.28,2117.0,50.2782,31
2026-02-05 05:27:00-05:00,TQQQ,50.3,50.31,50.26,50.28,6838.0,50.2933,65
2026-02-05 05:28:00-05:00,TQQQ,50.27,50.28,50.26,50.27,1629.0,50.2711,29
2026-02-05 05:29:00-05:00,TQQQ,50.28,50.28,50.28,50.28,1298.0,50.2786,31
2026-02-05 05:30:00-05:00,TQQQ,50.28,50.29,50.28,50.29,1385.0,50.284,33
2026-02-05 05:31:00-05:00,TQQQ,50.28,50.28,50.23,50.23,5136.0,50.2394,50
2026-02-05 05:32:00-05:00,TQQQ,50.2,50.2,50.17,50.17,8346.0,50.1761,63
2026-02-05 05:33:00-05:00,TQQQ,50.17,50.17,50.11,50.11,3833.0,50.1433,61
2026-02-05 05:34:00-05:00,TQQQ,50.12,50.13,50.06,50.08,11540.0,50.1032,127
2026-02-05 05:35:00-05:00,TQQQ,50.07,50.07,50.06,50.06,7282.0,50.0627,80
2026-02-05 05:36:00-05:00,TQQQ,50.07,50.08,50.06,50.07,10818.0,50.07,66
2026-02-05 05:37:00-05:00,TQQQ,50.05,50.05,49.98,49.98,14029.0,50.0051,203
2026-02-05 05:38:00-05:00,TQQQ,49.95,49.98,49.95,49.98,2529.0,49.9673,56
2026-02-05 05:39:00-05:00,TQQQ,49.97,49.97,49.95,49.97,2963.0,49.9663,73
2026-02-05 05:40:00-05:00,TQQQ,49.96,50.03,49.94,50.03,73968.0,49.9512,172
2026-02-05 05:41:00-05:00,TQQQ,50.03,50.06,50.03,50.06,1460.0,50.0583,24
2026-02-05 05:42:00-05:00,TQQQ,50.09,50.09,50.08,50.08,1356.0,50.0855,36
2026-02-05 05:43:00-05:00,TQQQ,50.08,50.13,50.08,50.1,70101.0,50.1042,138
2026-02-05 05:44:00-05:00,TQQQ,50.08,50.08,50.01,50.01,1708.0,50.0389,48
2026-02-05 05:45:00-05:00,TQQQ,50.02,50.02,50.0,50.0,9531.0,50.0003,47
2026-02-05 05:46:00-05:00,TQQQ,50.0,50.01,50.0,50.01,1349.0,50.0016,22
2026-02-05 05:47:00-05:00,TQQQ,50.08,50.1,50.06,50.06,10503.0,50.0967,32
2026-02-05 05:48:00-05:00,TQQQ,50.02,50.02,49.98,50.01,1608.0,50.0011,47
2026-02-05 05:49:00-05:00,TQQQ,50.01,50.01,50.01,50.01,341.0,50.0354,10
2026-02-05 05:50:00-05:00,TQQQ,50.03,50.05,50.03,50.05,1014.0,50.041,27
2026-02-05 05:51:00-05:00,TQQQ,50.07,50.07,50.05,50.05,4630.0,50.06,20
2026-02-05 05:52:00-05:00,TQQQ,50.06,50.08,50.06,50.06,1746.0,50.0609,30
2026-02-05 05:53:00-05:00,TQQQ,50.04,50.04,50.03,50.03,2852.0,50.0384,60
2026-02-05 05:54:00-05:00,TQQQ,50.01,50.02,49.98,49.98,9421.0,49.9911,49
2026-02-05 05:55:00-05:00,TQQQ,49.98,50.03,49.98,49.99,6038.0,49.9921,45
2026-02-05 05:56:00-05:00,TQQQ,49.99,49.99,49.98,49.98,5415.0,49.9898,46
2026-02-05 05:57:00-05:00,TQQQ,50.0,50.0,50.0,50.0,571.0,49.998,24
2026-02-05 05:58:00-05:00,TQQQ,50.0,50.0,50.0,50.0,1980.0,49.9982,53
2026-02-05 05:59:00-05:00,TQQQ,49.99,49.99,49.98,49.98,1038.0,49.9877,27
2026-02-05 06:00:00-05:00,TQQQ,49.97,49.97,49.89,49.9,15618.0,49.9132,180
2026-02-05 06:01:00-05:00,TQQQ,49.95,49.98,49.95,49.96,1082.0,49.9606,15
2026-02-05 06:02:00-05:00,TQQQ,49.95,49.95,49.93,49.93,1070.0,49.9364,25
2026-02-05 06:03:00-05:00,TQQQ,49.89,49.89,49.86,49.86,7862.0,49.8796,138
2026-02-05 06:04:00-05:00,TQQQ,49.88,49.91,49.88,49.9,1588.0,49.8964,32
2026-02-05 06:05:00-05:00,TQQQ,49.91,49.92,49.89,49.89,936.0,49.9055,29
2026-02-05 06:06:00-05:00,TQQQ,49.9,49.95,49.9,49.95,463.0,49.9279,14
2026-02-05 06:07:00-05:00,TQQQ,49.95,49.95,49.95,49.95,904.0,49.9441,27
2026-02-05 06:09:00-05:00,TQQQ,49.93,49.98,49.93,49.98,3055.0,49.9606,31
2026-02-05 06:10:00-05:00,TQQQ,50.01,50.01,49.96,49.98,3421.0,49.981,54
2026-02-05 06:11:00-05:00,TQQQ,49.98,50.02,49.98,50.02,3131.0,50.012,23
2026-02-05 06:12:00-05:00,TQQQ,50.01,50.02,49.96,49.99,1396.0,49.9942,37
2026-02-05 06:13:00-05:00,TQQQ,50.0,50.0,49.98,49.99,3111.0,49.9931,47
2026-02-05 06:15:00-05:00,TQQQ,50.0,50.05,49.98,49.98,2239.0,50.008,48
2026-02-05 06:16:00-05:00,TQQQ,50.01,50.02,50.01,50.01,1268.0,50.0104,23
2026-02-05 06:17:00-05:00,TQQQ,50.03,50.11,50.03,50.08,12424.0,50.0903,65
2026-02-05 06:18:00-05:00,TQQQ,50.09,50.09,50.08,50.08,712.0,50.0791,25
2026-02-05 06:19:00-05:00,TQQQ,50.03,50.03,50.02,50.02,1494.0,50.022,32
2026-02-05 06:20:00-05:00,TQQQ,50.01,50.04,50.0,50.04,2028.0,50.0109,45
2026-02-05 06:21:00-05:00,TQQQ,50.03,50.1,50.03,50.1,2515.0,50.0863,44
2026-02-05 06:22:00-05:00,TQQQ,50.1,50.11,50.1,50.11,1825.0,50.1075,37
2026-02-05 06:23:00-05:00,TQQQ,50.14,50.16,50.1,50.1,1998.0,50.1338,57
2026-02-05 06:24:00-05:00,TQQQ,50.14,50.14,50.09,50.09,1570.0,50.1139,61
2026-02-05 06:25:00-05:00,TQQQ,50.05,50.05,50.02,50.05,3460.0,50.0332,50
2026-02-05 06:26:00-05:00,TQQQ,50.05,50.1,50.05,50.08,3495.0,50.0831,62
2026-02-05 06:27:00-05:00,TQQQ,50.05,50.05,49.96,50.0,3410.0,49.9921,131
2026-02-05 06:28:00-05:00,TQQQ,50.0,50.0,49.96,49.96,2235.0,49.9869,49
2026-02-05 06:29:00-05:00,TQQQ,49.97,49.97,49.92,49.92,1679.0,49.9367,87
2026-02-05 06:30:00-05:00,TQQQ,49.94,49.98,49.89,49.89,5241.0,49.9305,140
2026-02-05 06:31:00-05:00,TQQQ,49.85,49.9,49.84,49.89,6538.0,49.8693,134
2026-02-05 06:32:00-05:00,TQQQ,49.88,49.89,49.76,49.76,17679.0,49.8172,310
2026-02-05 06:33:00-05:00,TQQQ,49.77,49.8,49.74,49.78,13615.0,49.7616,150
2026-02-05 06:34:00-05:00,TQQQ,49.79,49.85,49.76,49.79,19031.0,49.8055,140
2026-02-05 06:35:00-05:00,TQQQ,49.78,49.88,49.78,49.81,4020.0,49.823,58
2026-02-05 06:36:00-05:00,TQQQ,49.81,49.89,49.8,49.88,12231.0,49.8472,81
2026-02-05 06:37:00-05:00,TQQQ,49.88,49.89,49.87,49.88,2311.0,49.8826,42
2026-02-05 06:38:00-05:00,TQQQ,49.89,49.92,49.85,49.85,4198.0,49.8887,54
2026-02-05 06:39:00-05:00,TQQQ,49.87,49.89,49.86,49.87,3524.0,49.8753,42
2026-02-05 06:40:00-05:00,TQQQ,49.85,49.85,49.77,49.8,23966.0,49.7956,160
2026-02-05 06:41:00-05:00,TQQQ,49.82,49.91,49.82,49.9,6163.0,49.881,60
2026-02-05 06:42:00-05:00,TQQQ,49.93,49.94,49.91,49.93,3173.0,49.9248,51
2026-02-05 06:43:00-05:00,TQQQ,49.91,49.91,49.83,49.83,3054.0,49.863,80
2026-02-05 06:44:00-05:00,TQQQ,49.83,49.85,49.82,49.83,3987.0,49.8304,67
2026-02-05 06:45:00-05:00,TQQQ,49.86,49.88,49.86,49.87,3725.0,49.8752,62
2026-02-05 06:46:00-05:00,TQQQ,49.89,49.94,49.89,49.94,3424.0,49.9233,64
2026-02-05 06:47:00-05:00,TQQQ,49.88,49.89,49.83,49.83,2552.0,49.8509,83
2026-02-05 06:48:00-05:00,TQQQ,49.83,49.86,49.83,49.86,829.0,49.8543,13
2026-02-05 06:49:00-05:00,TQQQ,49.92,49.93,49.9,49.91,2014.0,49.9117,37
2026-02-05 06:50:00-05:00,TQQQ,49.9,49.93,49.9,49.9,1549.0,49.9046,32
2026-02-05 06:51:00-05:00,TQQQ,49.86,49.86,49.85,49.85,1293.0,49.8555,65
2026-02-05 06:52:00-05:00,TQQQ,49.89,49.89,49.87,49.87,3260.0,49.8772,38
2026-02-05 06:53:00-05:00,TQQQ,49.9,49.91,49.9,49.91,1934.0,49.9091,37
2026-02-05 06:54:00-05:00,TQQQ,49.92,49.93,49.86,49.86,8843.0,49.8947,99
2026-02-05 06:55:00-05:00,TQQQ,49.88,49.94,49.86,49.94,5810.0,49.9075,69
2026-02-05 06:56:00-05:00,TQQQ,49.95,49.97,49.94,49.97,8626.0,49.9545,73
2026-02-05 06:57:00-05:00,TQQQ,49.96,49.96,49.96,49.96,2570.0,49.9596,34
2026-02-05 06:58:00-05:00,TQQQ,49.95,49.97,49.95,49.97,2903.0,49.9538,59
2026-02-05 06:59:00-05:00,TQQQ,49.94,49.96,49.9,49.94,1685.0,49.9355,38
2026-02-05 07:00:00-05:00,TQQQ,49.96,49.969,49.81,49.85,13884.0,49.8717,195
2026-02-05 07:01:00-05:00,TQQQ,49.81,49.87,49.79,49.87,148843.0,49.8007,310
2026-02-05 07:02:00-05:00,TQQQ,49.92,49.94,49.91,49.93,7329.0,49.9307,65
2026-02-05 07:03:00-05:00,TQQQ,49.96,50.05,49.94,50.04,22759.0,49.9812,151
2026-02-05 07:04:00-05:00,TQQQ,50.04,50.09,50.04,50.07,8845.0,50.0679,122
2026-02-05 07:05:00-05:00,TQQQ,50.08,50.09,50.0,50.0,10131.0,50.0552,121
2026-02-05 07:06:00-05:00,TQQQ,50.01,50.08,50.01,50.08,9799.0,50.0358,88
2026-02-05 07:07:00-05:00,TQQQ,50.05,50.06,49.97,49.979,13175.0,50.016,151
2026-02-05 07:08:00-05:00,TQQQ,49.94,49.96,49.91,49.93,8748.0,49.9421,105
2026-02-05 07:09:00-05:00,TQQQ,49.95,49.95,49.93,49.95,2885.0,49.9394,47
2026-02-05 07:10:00-05:00,TQQQ,49.99,49.99,49.93,49.95,1808.0,49.9585,40
2026-02-05 07:11:00-05:00,TQQQ,49.99,50.01,49.89,49.9,9596.0,49.9531,125
2026-02-05 07:12:00-05:00,TQQQ,49.91,49.97,49.91,49.95,2869.0,49.9333,35
2026-02-05 07:13:00-05:00,TQQQ,49.95,49.99,49.95,49.981,4233.0,49.9785,59
2026-02-05 07:14:00-05:00,TQQQ,50.0,50.01,49.96,50.0,8604.0,49.9897,102
2026-02-05 07:15:00-05:00,TQQQ,50.01,50.04,50.0,50.0,17553.0,50.0242,136
2026-02-05 07:16:00-05:00,TQQQ,50.0,50.0,49.95,49.96,2655.0,49.9577,71
2026-02-05 07:17:00-05:00,TQQQ,49.94,49.95,49.88,49.89,8570.0,49.9049,131
2026-02-05 07:18:00-05:00,TQQQ,49.88,49.88,49.74,49.75,22183.0,49.8136,366
2026-02-05 07:19:00-05:00,TQQQ,49.75,49.75,49.63,49.63,40969.0,49.6727,598
2026-02-05 07:20:00-05:00,TQQQ,49.63,49.63,49.53,49.62,38619.0,49.5838,609
2026-02-05 07:21:00-05:00,TQQQ,49.64,49.645,49.5,49.5,38064.0,49.5208,634
2026-02-05 07:22:00-05:00,TQQQ,49.51,49.51,49.39,49.42,37791.0,49.4537,518
2026-02-05 07:23:00-05:00,TQQQ,49.43,49.43,49.21,49.23,43335.0,49.2886,748
2026-02-05 07:24:00-05:00,TQQQ,49.23,49.33,49.14,49.14,54124.0,49.2523,798
2026-02-05 07:25:00-05:00,TQQQ,49.13,49.3,49.06,49.3,37054.0,49.1941,604
2026-02-05 07:26:00-05:00,TQQQ,49.31,49.35,49.2,49.24,28118.0,49.2982,411
2026-02-05 07:27:00-05:00,TQQQ,49.25,49.33,49.22,49.28,18895.0,49.2898,173
2026-02-05 07:28:00-05:00,TQQQ,49.29,49.34,49.23,49.31,20946.0,49.2856,278
2026-02-05 07:29:00-05:00,TQQQ,49.32,49.34,49.2,49.21,17062.0,49.2614,322
2026-02-05 07:30:00-05:00,TQQQ,49.23,49.28,49.07,49.26,30225.0,49.1424,435
2026-02-05 07:31:00-05:00,TQQQ,49.26,49.26,49.08,49.09,33926.0,49.1746,466
2026-02-05 07:32:00-05:00,TQQQ,49.11,49.16,49.06,49.06,12134.0,49.111,228
2026-02-05 07:33:00-05:00,TQQQ,49.06,49.06,48.93,49.0,83865.0,48.9921,1646
2026-02-05 07:34:00-05:00,TQQQ,48.98,49.0,48.84,48.84,51105.0,48.9079,962
2026-02-05 07:35:00-05:00,TQQQ,48.85,48.87,48.69,48.691,54467.0,48.7651,1197
2026-02-05 07:36:00-05:00,TQQQ,48.7,48.74,48.61,48.7,60742.0,48.6687,738
2026-02-05 07:37:00-05:00,TQQQ,48.74,48.88,48.67,48.85,25245.0,48.7866,452
2026-02-05 07:38:00-05:00,TQQQ,48.87,48.93,48.78,48.8,46146.0,48.8588,886
2026-02-05 07:39:00-05:00,TQQQ,48.82,48.83,48.75,48.78,28031.0,48.7814,395
2026-02-05 07:40:00-05:00,TQQQ,48.79,48.82,48.66,48.8,33376.0,48.7669,560
2026-02-05 07:41:00-05:00,TQQQ,48.85,48.85,48.77,48.78,8655.0,48.7913,187
2026-02-05 07:42:00-05:00,TQQQ,48.8,48.8,48.54,48.56,34925.0,48.6267,870
2026-02-05 07:43:00-05:00,TQQQ,48.57,48.6,48.36,48.42,96651.0,48.4761,1925
2026-02-05 07:44:00-05:00,TQQQ,48.43,48.53,48.3,48.53,82458.0,48.3852,1196
2026-02-05 07:45:00-05:00,TQQQ,48.52,48.6,48.41,48.45,47387.0,48.4734,805
2026-02-05 07:46:00-05:00,TQQQ,48.43,48.46,48.17,48.17,100733.0,48.2869,1700
2026-02-05 07:47:00-05:00,TQQQ,48.18,48.24,48.12,48.16,58402.0,48.1815,1056
2026-02-05 07:48:00-05:00,TQQQ,48.16,48.19,48.04,48.11,58429.0,48.1037,1143
2026-02-05 07:49:00-05:00,TQQQ,48.11,48.24,48.1,48.18,32475.0,48.1624,647
2026-02-05 07:50:00-05:00,TQQQ,48.2,48.4,48.2,48.21,61735.0,48.2799,761
2026-02-05 07:51:00-05:00,TQQQ,48.23,48.42,48.23,48.38,50649.0,48.3777,564
2026-02-05 07:52:00-05:00,TQQQ,48.4,48.42,48.3,48.41,43023.0,48.347,676
2026-02-05 07:53:00-05:00,TQQQ,48.41,48.5,48.39,48.49,50712.0,48.4435,682
2026-02-05 07:54:00-05:00,TQQQ,48.47,48.53,48.41,48.46,30005.0,48.4694,540
2026-02-05 07:55:00-05:00,TQQQ,48.45,48.51,48.201,48.25,51866.0,48.3054,934
2026-02-05 07:56:00-05:00,TQQQ,48.24,48.42,48.24,48.39,21738.0,48.3276,395
2026-02-05 07:57:00-05:00,TQQQ,48.37,48.43,48.34,48.41,28956.0,48.4079,373
2026-02-05 07:58:00-05:00,TQQQ,48.44,48.48,48.4,48.47,30124.0,48.4493,444
2026-02-05 07:59:00-05:00,TQQQ,48.46,48.6,48.45,48.53,24159.0,48.5349,508
2026-02-05 08:00:00-05:00,TQQQ,49.83,50.33,48.0315,48.5918,1172852.0,48.9455,6550
2026-02-05 08:01:00-05:00,TQQQ,49.86,50.5,48.55,49.83,692017.0,49.8414,5886
2026-02-05 08:02:00-05:00,TQQQ,49.79,50.49,48.29,48.63,228641.0,49.4144,1752
2026-02-05 08:03:00-05:00,TQQQ,48.61,48.66,48.57,48.57,45307.0,48.9819,673
2026-02-05 08:04:00-05:00,TQQQ,48.58,48.58,48.42,48.46,38107.0,48.4986,602
2026-02-05 08:05:00-05:00,TQQQ,48.48,48.64,48.44,48.63,103647.0,48.5284,1011
2026-02-05 08:06:00-05:00,TQQQ,48.65,48.66,48.58,48.65,67942.0,48.6078,530
2026-02-05 08:07:00-05:00,TQQQ,48.66,48.8,48.66,48.79,58680.0,48.7307,408
2026-02-05 08:08:00-05:00,TQQQ,48.77,48.8,48.68,48.7501,71796.0,48.7472,633
2026-02-05 08:09:00-05:00,TQQQ,48.77,48.79,48.75,48.78,48530.0,48.7686,373
2026-02-05 08:10:00-05:00,TQQQ,48.79,48.82,48.64,48.66,87281.0,48.7273,619
2026-02-05 08:11:00-05:00,TQQQ,48.66,48.71,48.6,48.6,48255.0,48.6588,435
2026-02-05 08:12:00-05:00,TQQQ,48.6,48.65,48.53,48.63,88208.0,48.606,476
2026-02-05 08:13:00-05:00,TQQQ,48.63,48.71,48.63,48.65,59811.0,48.6769,378
2026-02-05 08:14:00-05:00,TQQQ,48.64,48.64,48.56,48.59,61962.0,48.5886,416
2026-02-05 08:15:00-05:00,TQQQ,48.6,48.67,48.51,48.52,25765.0,48.5899,381
2026-02-05 08:16:00-05:00,TQQQ,48.5,48.58,48.48,48.52,47495.0,48.5243,543
2026-02-05 08:17:00-05:00,TQQQ,48.55,48.69,48.52,48.68,52479.0,48.6346,477
2026-02-05 08:18:00-05:00,TQQQ,48.68,48.7,48.6,48.65,60395.0,48.6678,409
2026-02-05 08:19:00-05:00,TQQQ,48.63,48.63,48.49,48.5,56275.0,48.5452,471
2026-02-05 08:20:00-05:00,TQQQ,48.5,48.63,48.5,48.61,26474.0,48.5471,307
2026-02-05 08:21:00-05:00,TQQQ,48.62,48.72,48.601,48.61,62763.0,48.6809,370
2026-02-05 08:22:00-05:00,TQQQ,48.64,48.64,48.55,48.59,32796.0,48.584,273
2026-02-05 08:23:00-05:00,TQQQ,48.61,48.62,48.51,48.53,27033.0,48.5539,320
2026-02-05 08:24:00-05:00,TQQQ,48.52,48.68,48.52,48.63,33743.0,48.6251,370
2026-02-05 08:25:00-05:00,TQQQ,48.65,48.65,48.54,48.54,17103.0,48.5885,269
2026-02-05 08:26:00-05:00,TQQQ,48.55,48.56,48.52,48.52,24662.0,48.539,322
2026-02-05 08:27:00-05:00,TQQQ,48.53,48.61,48.529,48.5292,7754.0,48.5663,136
2026-02-05 08:28:00-05:00,TQQQ,48.52,48.55,48.48,48.5182,45194.0,48.512,427
2026-02-05 08:29:00-05:00,TQQQ,48.53,48.5328,48.47,48.489,21777.0,48.4931,191
2026-02-05 08:30:00-05:00,TQQQ,48.55,48.56,48.34,48.34,85839.0,48.47,968
2026-02-05 08:31:00-05:00,TQQQ,48.41,48.65,48.38,48.63,66760.0,48.5491,240
2026-02-05 08:32:00-05:00,TQQQ,48.651,48.85,48.651,48.81,324423.0,48.7857,635
2026-02-05 08:33:00-05:00,TQQQ,48.8329,48.87,48.72,48.7317,201381.0,48.8287,733
2026-02-05 08:34:00-05:00,TQQQ,48.76,48.8518,48.73,48.84,50844.0,48.785,407
2026-02-05 08:35:00-05:00,TQQQ,48.83,48.89,48.75,48.87,35581.0,48.8276,350
2026-02-05 08:36:00-05:00,TQQQ,48.89,48.89,48.7585,48.8498,53103.0,48.821,498
2026-02-05 08:37:00-05:00,TQQQ,48.86,48.92,48.86,48.8998,85718.0,48.8943,473
2026-02-05 08:38:00-05:00,TQQQ,48.9,48.99,48.79,48.8299,78254.0,48.8908,562
2026-02-05 08:39:00-05:00,TQQQ,48.82,48.82,48.68,48.68,29302.0,48.7455,423
2026-02-05 08:40:00-05:00,TQQQ,48.68,48.75,48.6785,48.7,35279.0,48.7061,285
2026-02-05 08:41:00-05:00,TQQQ,48.69,48.7501,48.65,48.7501,20671.0,48.7013,264
2026-02-05 08:42:00-05:00,TQQQ,48.7699,48.79,48.62,48.65,26354.0,48.7076,351
2026-02-05 08:43:00-05:00,TQQQ,48.64,48.75,48.63,48.72,25229.0,48.695,233
2026-02-05 08:44:00-05:00,TQQQ,48.72,48.79,48.66,48.66,35565.0,48.7286,301
2026-02-05 08:45:00-05:00,TQQQ,48.66,48.71,48.631,48.68,33447.0,48.6653,260
2026-02-05 08:46:00-05:00,TQQQ,48.67,48.67,48.61,48.64,18716.0,48.6398,245
2026-02-05 08:47:00-05:00,TQQQ,48.65,48.65,48.6,48.62,16629.0,48.6225,241
2026-02-05 08:48:00-05:00,TQQQ,48.61,48.64,48.56,48.56,29762.0,48.5974,328
2026-02-05 08:49:00-05:00,TQQQ,48.57,48.59,48.5,48.56,206862.0,48.5465,716
2026-02-05 08:50:00-05:00,TQQQ,48.54,48.57,48.36,48.36,56730.0,48.4928,638
2026-02-05 08:51:00-05:00,TQQQ,48.38,48.47,48.33,48.41,99740.0,48.3972,629
2026-02-05 08:52:00-05:00,TQQQ,48.42,48.6,48.41,48.57,35620.0,48.5341,322
2026-02-05 08:53:00-05:00,TQQQ,48.5685,48.63,48.55,48.62,22627.0,48.6045,206
2026-02-05 08:54:00-05:00,TQQQ,48.63,48.66,48.59,48.6,34032.0,48.6311,246
2026-02-05 08:55:00-05:00,TQQQ,48.6,48.6,48.53,48.57,39737.0,48.5626,258
2026-02-05 08:56:00-05:00,TQQQ,48.55,48.56,48.44,48.46,41713.0,48.5101,532
2026-02-05 08:57:00-05:00,TQQQ,48.4715,48.4715,48.36,48.43,38673.0,48.4316,372
2026-02-05 08:58:00-05:00,TQQQ,48.42,48.42,48.369,48.38,57733.0,48.3815,343
2026-02-05 08:59:00-05:00,TQQQ,48.38,48.42,48.38,48.38,35864.0,48.4042,321
2026-02-05 09:00:00-05:00,TQQQ,48.39,48.53,48.2,48.42,177732.0,48.3345,2097
2026-02-05 09:01:00-05:00,TQQQ,48.4,48.71,48.4,48.71,85459.0,48.6037,595
2026-02-05 09:02:00-05:00,TQQQ,48.7,48.8,48.68,48.76,70026.0,48.7557,510
2026-02-05 09:03:00-05:00,TQQQ,48.75,48.78,48.63,48.68,59847.0,48.7291,485
2026-02-05 09:04:00-05:00,TQQQ,48.66,48.73,48.64,48.7,27877.0,48.6919,302
2026-02-05 09:05:00-05:00,TQQQ,48.67,48.72,48.63,48.63,29911.0,48.6827,322
2026-02-05 09:06:00-05:00,TQQQ,48.64,48.73,48.57,48.729,37706.0,48.6627,387
2026-02-05 09:07:00-05:00,TQQQ,48.72,48.72,48.59,48.63,37114.0,48.6075,235
2026-02-05 09:08:00-05:00,TQQQ,48.63,48.639,48.57,48.63,15478.0,48.5904,221
2026-02-05 09:09:00-05:00,TQQQ,48.62,48.62,48.52,48.53,28189.0,48.5497,269
2026-02-05 09:10:00-05:00,TQQQ,48.53,48.56,48.48,48.49,48085.0,48.5167,430
2026-02-05 09:11:00-05:00,TQQQ,48.49,48.53,48.45,48.48,42754.0,48.4998,324
2026-02-05 09:12:00-05:00,TQQQ,48.48,48.55,48.46,48.46,24060.0,48.4957,277
2026-02-05 09:13:00-05:00,TQQQ,48.47,48.47,48.37,48.41,81541.0,48.4058,534
2026-02-05 09:14:00-05:00,TQQQ,48.4,48.43,48.3582,48.3582,18566.0,48.3984,252
2026-02-05 09:15:00-05:00,TQQQ,48.3602,48.44,48.35,48.38,15434.0,48.4036,207
2026-02-05 09:16:00-05:00,TQQQ,48.37,48.389,48.26,48.28,120571.0,48.3235,528
2026-02-05 09:17:00-05:00,TQQQ,48.25,48.34,48.23,48.32,86267.0,48.2949,440
2026-02-05 09:18:00-05:00,TQQQ,48.3,48.3,48.2,48.26,83810.0,48.2449,556
2026-02-05 09:19:00-05:00,TQQQ,48.26,48.44,48.25,48.31,109122.0,48.3356,445
2026-02-05 09:20:00-05:00,TQQQ,48.3,48.3,48.22,48.25,85272.0,48.2756,501
2026-02-05 09:21:00-05:00,TQQQ,48.26,48.29,48.145,48.15,73412.0,48.2218,841
2026-02-05 09:22:00-05:00,TQQQ,48.15,48.25,48.14,48.25,54514.0,48.1977,375
2026-02-05 09:23:00-05:00,TQQQ,48.25,48.31,48.23,48.309,63963.0,48.2755,363
2026-02-05 09:24:00-05:00,TQQQ,48.31,48.34,48.27,48.28,67978.0,48.3107,358
2026-02-05 09:25:00-05:00,TQQQ,48.29,48.37,48.2,48.2,55003.0,48.2967,438
2026-02-05 09:26:00-05:00,TQQQ,48.23,48.28,48.2018,48.21,43028.0,48.2384,267
2026-02-05 09:27:00-05:00,TQQQ,48.22,48.28,48.2082,48.2395,35655.0,48.2398,331
2026-02-05 09:28:00-05:00,TQQQ,48.25,48.42,48.25,48.38,64402.0,48.3757,444
2026-02-05 09:29:00-05:00,TQQQ,48.37,48.45,48.35,48.41,76591.0,48.4145,275
2026-02-05 09:30:00-05:00,TQQQ,48.39,48.395,47.93,48.05,2607212.0,48.1694,16989
2026-02-05 09:31:00-05:00,TQQQ,48.05,48.2297,47.85,47.86,1171817.0,48.0561,9930
2026-02-05 09:32:00-05:00,TQQQ,47.85,48.338,47.7,48.0906,1338595.0,47.9949,13740
2026-02-05 09:33:00-05:00,TQQQ,48.1,48.34,47.975,48.015,1076882.0,48.1271,7019
2026-02-05 09:34:00-05:00,TQQQ,48.03,48.65,47.96,48.6334,1381149.0,48.405,6494
2026-02-05 09:35:00-05:00,TQQQ,48.65,48.8497,48.49,48.5599,1863633.0,48.6644,8390
2026-02-05 09:36:00-05:00,TQQQ,48.56,48.65,48.43,48.46,798929.0,48.5177,5320
2026-02-05 09:37:00-05:00,TQQQ,48.45,48.8974,48.31,48.87,1488368.0,48.6846,7154
2026-02-05 09:38:00-05:00,TQQQ,48.87,49.12,48.85,49.075,1141377.0,49.016,5431
2026-02-05 09:39:00-05:00,TQQQ,49.08,49.185,49.03,49.17,1257082.0,49.1277,4776
2026-02-05 09:40:00-05:00,TQQQ,49.18,49.2889,48.99,49.2799,1103077.0,49.1124,5753
2026-02-05 09:41:00-05:00,TQQQ,49.29,49.34,48.892,48.9,978654.0,49.1539,5334
2026-02-05 09:42:00-05:00,TQQQ,48.9,49.2,48.83,49.01,989986.0,49.0068,4477
2026-02-05 09:43:00-05:00,TQQQ,49.01,49.28,48.98,49.21,835594.0,49.1646,3988
2026-02-05 09:44:00-05:00,TQQQ,49.21,49.3876,49.18,49.255,903328.0,49.2831,3848
2026-02-05 09:45:00-05:00,TQQQ,49.25,49.33,49.1,49.2416,705537.0,49.2028,4098
2026-02-05 09:46:00-05:00,TQQQ,49.24,49.36,49.11,49.275,719109.0,49.2547,4051
2026-02-05 09:47:00-05:00,TQQQ,49.26,49.41,49.18,49.205,560856.0,49.2885,3118
2026-02-05 09:48:00-05:00,TQQQ,49.21,49.38,49.03,49.04,753967.0,49.2349,3504
2026-02-05 09:49:00-05:00,TQQQ,49.02,49.36,49.01,49.3335,783358.0,49.216,3065
2026-02-05 09:50:00-05:00,TQQQ,49.31,49.5297,49.21,49.3697,858678.0,49.41,3812
2026-02-05 09:51:00-05:00,TQQQ,49.37,49.427,49.02,49.085,677516.0,49.1884,3635
2026-02-05 09:52:00-05:00,TQQQ,49.08,49.2,48.96,49.1,680964.0,49.0721,3568
2026-02-05 09:53:00-05:00,TQQQ,49.1,49.32,49.015,49.0365,564439.0,49.1662,2985
2026-02-05 09:54:00-05:00,TQQQ,49.03,49.14,48.83,48.95,624206.0,49.0074,3753
2026-02-05 09:55:00-05:00,TQQQ,48.955,49.025,48.69,48.785,902444.0,48.842,4842
2026-02-05 09:56:00-05:00,TQQQ,48.75,48.75,48.58,48.62,642170.0,48.6408,3327
2026-02-05 09:57:00-05:00,TQQQ,48.615,48.715,48.49,48.57,832487.0,48.5751,4591
2026-02-05 09:58:00-05:00,TQQQ,48.5683,48.63,48.45,48.46,500287.0,48.5481,3485
2026-02-05 09:59:00-05:00,TQQQ,48.46,48.47,48.325,48.3999,753624.0,48.3743,3997
2026-02-05 10:00:00-05:00,TQQQ,48.38,48.61,48.1,48.12,1785903.0,48.3574,11849
2026-02-05 10:01:00-05:00,TQQQ,48.1189,48.14,47.92,47.985,702092.0,48.0285,6432
2026-02-05 10:02:00-05:00,TQQQ,47.98,48.18,47.89,48.0688,707306.0,48.0018,3965
2026-02-05 10:03:00-05:00,TQQQ,48.06,48.1,47.88,47.947,477105.0,48.0174,3209
2026-02-05 10:04:00-05:00,TQQQ,47.94,48.085,47.86,47.995,622311.0,47.9609,3364
2026-02-05 10:05:00-05:00,TQQQ,48.01,48.05,47.825,47.8668,503458.0,47.9222,3285
2026-02-05 10:06:00-05:00,TQQQ,47.87,48.01,47.78,47.7803,569678.0,47.8725,3385
2026-02-05 10:07:00-05:00,TQQQ,47.79,47.84,47.72,47.7468,602404.0,47.7644,3203
2026-02-05 10:08:00-05:00,TQQQ,47.74,47.83,47.63,47.7203,713830.0,47.7202,6521
2026-02-05 10:09:00-05:00,TQQQ,47.7196,47.9476,47.69,47.83,637758.0,47.8158,3371
2026-02-05 10:10:00-05:00,TQQQ,47.83,47.975,47.63,47.65,849069.0,47.7967,4909
2026-02-05 10:11:00-05:00,TQQQ,47.647,47.6799,47.49,47.495,992992.0,47.5579,11891
2026-02-05 10:12:00-05:00,TQQQ,47.495,47.545,47.3702,47.3878,619396.0,47.4661,4492
2026-02-05 10:13:00-05:00,TQQQ,47.385,47.41,47.31,47.335,741614.0,47.3466,3280
2026-02-05 10:14:00-05:00,TQQQ,47.33,47.345,47.1326,47.14,803683.0,47.2431,11435
2026-02-05 10:15:00-05:00,TQQQ,47.13,47.32,47.095,47.29,886954.0,47.2071,4981
2026-02-05 10:16:00-05:00,TQQQ,47.29,47.6675,47.2764,47.49,1065216.0,47.5353,5549
2026-02-05 10:17:00-05:00,TQQQ,47.495,47.7194,47.43,47.53,794175.0,47.5994,4281
2026-02-05 10:18:00-05:00,TQQQ,47.54,47.6451,47.46,47.49,575431.0,47.5488,3262
2026-02-05 10:19:00-05:00,TQQQ,47.49,47.6482,47.41,47.63,643054.0,47.5646,2892
2026-02-05 10:20:00-05:00,TQQQ,47.62,47.65,47.48,47.495,722628.0,47.5397,3637
2026-02-05 10:21:00-05:00,TQQQ,47.5,47.59,47.3713,47.51,572446.0,47.4654,3228
2026-02-05 10:22:00-05:00,TQQQ,47.5,47.7484,47.36,47.3801,748847.0,47.5347,4378
2026-02-05 10:23:00-05:00,TQQQ,47.38,47.49,47.27,47.3135,549253.0,47.373,3400
2026-02-05 10:24:00-05:00,TQQQ,47.3,47.485,47.275,47.41,516929.0,47.3509,3161
2026-02-05 10:25:00-05:00,TQQQ,47.395,47.76,47.3899,47.4598,648079.0,47.6009,3798
2026-02-05 10:26:00-05:00,TQQQ,47.46,47.46,47.21,47.21,647188.0,47.3178,3667
2026-02-05 10:27:00-05:00,TQQQ,47.21,47.3065,47.15,47.195,552726.0,47.2181,2795
2026-02-05 10:28:00-05:00,TQQQ,47.2,47.54,47.195,47.29,510281.0,47.3503,2445
2026-02-05 10:29:00-05:00,TQQQ,47.3,47.31,47.1991,47.26,288669.0,47.2539,1483
2026-02-05 10:30:00-05:00,TQQQ,47.26,47.545,47.23,47.45,617142.0,47.4082,2791
2026-02-05 10:31:00-05:00,TQQQ,47.45,47.48,47.2118,47.2118,291878.0,47.3799,1908
2026-02-05 10:32:00-05:00,TQQQ,47.22,47.25,47.12,47.1568,335877.0,47.1595,1930
2026-02-05 10:33:00-05:00,TQQQ,47.145,47.29,47.11,47.21,375129.0,47.2115,1714
2026-02-05 10:34:00-05:00,TQQQ,47.21,47.32,47.1201,47.2,462339.0,47.2069,1724
2026-02-05 10:35:00-05:00,TQQQ,47.1935,47.35,47.17,47.2186,537895.0,47.2461,2275
2026-02-05 10:36:00-05:00,TQQQ,47.2298,47.31,47.185,47.28,382775.0,47.2473,1652
2026-02-05 10:37:00-05:00,TQQQ,47.2701,47.445,47.23,47.4199,483990.0,47.3527,2298
2026-02-05 10:38:00-05:00,TQQQ,47.41,47.61,47.36,47.5999,555745.0,47.5171,2529
2026-02-05 10:39:00-05:00,TQQQ,47.59,47.81,47.59,47.78,709288.0,47.7252,2621
2026-02-05 10:40:00-05:00,TQQQ,47.775,47.785,47.52,47.7,666757.0,47.6456,2918
2026-02-05 10:41:00-05:00,TQQQ,47.69,47.72,47.5704,47.695,518918.0,47.6422,2059
2026-02-05 10:42:00-05:00,TQQQ,47.7,47.98,47.6951,47.9088,779394.0,47.9004,3150
2026-02-05 10:43:00-05:00,TQQQ,47.91,47.96,47.74,47.775,629647.0,47.8682,2219
2026-02-05 10:44:00-05:00,TQQQ,47.78,47.98,47.78,47.86,433824.0,47.8938,1762
2026-02-05 10:45:00-05:00,TQQQ,47.825,47.94,47.5,47.505,517331.0,47.7338,2414
2026-02-05 10:46:00-05:00,TQQQ,47.5092,47.54,47.3299,47.37,573002.0,47.4484,2458
2026-02-05 10:47:00-05:00,TQQQ,47.385,47.48,47.35,47.35,398438.0,47.4104,1626
2026-02-05 10:48:00-05:00,TQQQ,47.35,47.4,47.25,47.26,392290.0,47.3282,1899
2026-02-05 10:49:00-05:00,TQQQ,47.26,47.32,47.21,47.31,343007.0,47.2668,1684
2026-02-05 10:50:00-05:00,TQQQ,47.33,47.5099,47.305,47.395,652505.0,47.4094,2399
2026-02-05 10:51:00-05:00,TQQQ,47.37,47.6206,47.34,47.5325,414454.0,47.4696,1705
2026-02-05 10:52:00-05:00,TQQQ,47.5379,47.54,47.3615,47.395,428323.0,47.406,1745
2026-02-05 10:53:00-05:00,TQQQ,47.405,47.72,47.385,47.47,455017.0,47.5483,1862
2026-02-05 10:54:00-05:00,TQQQ,47.49,47.63,47.37,47.375,447828.0,47.488,1761
2026-02-05 10:55:00-05:00,TQQQ,47.38,47.495,47.37,47.475,294057.0,47.4268,1335
2026-02-05 10:56:00-05:00,TQQQ,47.47,47.609,47.4,47.4378,300013.0,47.5171,1380
2026-02-05 10:57:00-05:00,TQQQ,47.425,47.44,47.2101,47.235,478761.0,47.2958,2060
2026-02-05 10:58:00-05:00,TQQQ,47.24,47.5493,47.2,47.4293,469880.0,47.357,1745
2026-02-05 10:59:00-05:00,TQQQ,47.4116,47.595,47.369,47.59,478011.0,47.4334,1702
2026-02-05 11:00:00-05:00,TQQQ,47.6,47.66,47.4906,47.6222,438066.0,47.589,1953
2026-02-05 11:01:00-05:00,TQQQ,47.62,47.6967,47.57,47.6201,238523.0,47.6271,1290
2026-02-05 11:02:00-05:00,TQQQ,47.63,47.68,47.505,47.575,364781.0,47.5795,1496
2026-02-05 11:03:00-05:00,TQQQ,47.57,47.57,47.37,47.395,298302.0,47.4777,1424
2026-02-05 11:04:00-05:00,TQQQ,47.4,47.46,47.3,47.31,260652.0,47.3789,1262
2026-02-05 11:05:00-05:00,TQQQ,47.3,47.37,47.28,47.33,199828.0,47.3276,1179
2026-02-05 11:06:00-05:00,TQQQ,47.31,47.4386,47.2499,47.3,438654.0,47.3459,1817
2026-02-05 11:07:00-05:00,TQQQ,47.29,47.37,47.2001,47.215,280038.0,47.2694,1376
2026-02-05 11:08:00-05:00,TQQQ,47.215,47.26,47.155,47.17,331534.0,47.2034,1916
2026-02-05 11:09:00-05:00,TQQQ,47.1665,47.27,47.1301,47.15,352931.0,47.1886,1734
2026-02-05 11:10:00-05:00,TQQQ,47.15,47.45,47.13,47.29,539549.0,47.3098,1889
2026-02-05 11:11:00-05:00,TQQQ,47.29,47.335,47.205,47.22,354536.0,47.259,1168
2026-02-05 11:12:00-05:00,TQQQ,47.22,47.31,47.21,47.3001,241063.0,47.2628,1192
2026-02-05 11:13:00-05:00,TQQQ,47.2999,47.3094,47.1503,47.21,126204.0,47.2139,1024
2026-02-05 11:14:00-05:00,TQQQ,47.2,47.24,47.06,47.103,649196.0,47.1295,3324
2026-02-05 11:15:00-05:00,TQQQ,47.1,47.59,47.1,47.56,753241.0,47.38,2451
2026-02-05 11:16:00-05:00,TQQQ,47.5592,47.7115,47.525,47.71,406340.0,47.6054,1827
2026-02-05 11:17:00-05:00,TQQQ,47.71,47.83,47.685,47.74,422098.0,47.7451,1659
2026-02-05 11:18:00-05:00,TQQQ,47.74,47.855,47.705,47.78,343454.0,47.7655,1324
2026-02-05 11:19:00-05:00,TQQQ,47.79,47.9,47.7836,47.8432,378346.0,47.8526,1599
2026-02-05 11:20:00-05:00,TQQQ,47.84,48.02,47.82,47.8569,492224.0,47.9214,2241
2026-02-05 11:21:00-05:00,TQQQ,47.86,47.97,47.84,47.9401,300830.0,47.895,1121
2026-02-05 11:22:00-05:00,TQQQ,47.945,48.2,47.9326,48.155,580001.0,48.114,2413
2026-02-05 11:23:00-05:00,TQQQ,48.16,48.229,47.87,47.873,439525.0,48.0875,1766
2026-02-05 11:24:00-05:00,TQQQ,47.8722,48.17,47.8722,48.17,347260.0,48.005,1483
2026-02-05 11:25:00-05:00,TQQQ,48.17,48.2599,48.05,48.0503,526049.0,48.1714,1926
2026-02-05 11:26:00-05:00,TQQQ,48.06,48.1971,48.045,48.15,381273.0,48.117,1540
2026-02-05 11:27:00-05:00,TQQQ,48.15,48.34,48.1424,48.275,382966.0,48.2397,1674
2026-02-05 11:28:00-05:00,TQQQ,48.29,48.45,48.285,48.4185,381902.0,48.3775,1726
2026-02-05 11:29:00-05:00,TQQQ,48.42,48.48,48.375,48.46,452776.0,48.4222,1570
2026-02-05 11:30:00-05:00,TQQQ,48.47,48.62,48.46,48.54,626783.0,48.5441,2524
2026-02-05 11:31:00-05:00,TQQQ,48.56,48.58,48.41,48.4699,403084.0,48.4787,1469
2026-02-05 11:32:00-05:00,TQQQ,48.47,48.5886,48.4,48.425,367097.0,48.4982,1482
2026-02-05 11:33:00-05:00,TQQQ,48.42,48.65,48.4,48.64,439286.0,48.5266,1623
2026-02-05 11:34:00-05:00,TQQQ,48.64,48.715,48.575,48.67,416228.0,48.649,1734
2026-02-05 11:35:00-05:00,TQQQ,48.675,48.68,48.51,48.575,353961.0,48.5838,1169
2026-02-05 11:36:00-05:00,TQQQ,48.58,48.7,48.5,48.505,446898.0,48.6268,1376
2026-02-05 11:37:00-05:00,TQQQ,48.5,48.6279,48.5,48.56,200163.0,48.5648,839
2026-02-05 11:38:00-05:00,TQQQ,48.56,48.7,48.48,48.655,281185.0,48.6188,1291
2026-02-05 11:39:00-05:00,TQQQ,48.67,48.695,48.5109,48.5301,223695.0,48.5918,1003
2026-02-05 11:40:00-05:00,TQQQ,48.55,48.67,48.44,48.49,210191.0,48.5279,1100
2026-02-05 11:41:00-05:00,TQQQ,48.475,48.4918,48.35,48.45,522918.0,48.4151,1470
2026-02-05 11:42:00-05:00,TQQQ,48.45,48.61,48.45,48.55,393147.0,48.555,1335
2026-02-05 11:43:00-05:00,TQQQ,48.55,48.675,48.49,48.49,438066.0,48.5916,1235
2026-02-05 11:44:00-05:00,TQQQ,48.49,48.57,48.43,48.48,195534.0,48.4839,832
2026-02-05 11:45:00-05:00,TQQQ,48.48,48.48,48.31,48.3101,206960.0,48.4056,1006
2026-02-05 11:46:00-05:00,TQQQ,48.31,48.32,48.21,48.26,436737.0,48.2691,1400
2026-02-05 11:47:00-05:00,TQQQ,48.27,48.28,48.17,48.19,211786.0,48.2224,904
2026-02-05 11:48:00-05:00,TQQQ,48.2,48.27,48.175,48.2101,108982.0,48.2328,613
2026-02-05 11:49:00-05:00,TQQQ,48.21,48.47,48.16,48.465,473840.0,48.3528,1495
2026-02-05 11:50:00-05:00,TQQQ,48.47,48.64,48.46,48.6,434551.0,48.5713,1528
2026-02-05 11:51:00-05:00,TQQQ,48.58,48.76,48.5499,48.615,425047.0,48.6756,1638
2026-02-05 11:52:00-05:00,TQQQ,48.605,48.7625,48.6,48.725,221239.0,48.6938,1004
2026-02-05 11:53:00-05:00,TQQQ,48.7296,48.77,48.68,48.725,239715.0,48.7263,1049
2026-02-05 11:54:00-05:00,TQQQ,48.73,48.82,48.7,48.77,366284.0,48.7655,1329
2026-02-05 11:55:00-05:00,TQQQ,48.77,48.91,48.77,48.85,362003.0,48.8499,1330
2026-02-05 11:56:00-05:00,TQQQ,48.8515,48.86,48.53,48.69,612623.0,48.6599,1881
2026-02-05 11:57:00-05:00,TQQQ,48.69,48.74,48.6398,48.685,245244.0,48.6851,965
2026-02-05 11:58:00-05:00,TQQQ,48.69,48.7351,48.6,48.6481,141189.0,48.658,669
2026-02-05 11:59:00-05:00,TQQQ,48.63,48.7697,48.58,48.7571,232994.0,48.6641,794
2026-02-05 12:00:00-05:00,TQQQ,48.75,48.78,48.47,48.505,401903.0,48.612,1508
2026-02-05 12:01:00-05:00,TQQQ,48.51,48.57,48.485,48.53,175743.0,48.5188,755
2026-02-05 12:02:00-05:00,TQQQ,48.51,48.59,48.505,48.52,225052.0,48.5448,768
2026-02-05 12:03:00-05:00,TQQQ,48.505,48.54,48.37,48.4,370105.0,48.4493,1030
2026-02-05 12:04:00-05:00,TQQQ,48.39,48.39,48.23,48.3515,305705.0,48.2958,1199
2026-02-05 12:05:00-05:00,TQQQ,48.35,48.438,48.305,48.4174,194912.0,48.3888,753
2026-02-05 12:06:00-05:00,TQQQ,48.39,48.54,48.35,48.3584,463967.0,48.4258,1111
2026-02-05 12:07:00-05:00,TQQQ,48.3432,48.475,48.29,48.447,347621.0,48.3763,1227
2026-02-05 12:08:00-05:00,TQQQ,48.46,48.463,48.37,48.38,126292.0,48.4086,554
2026-02-05 12:09:00-05:00,TQQQ,48.395,48.4079,48.31,48.36,186313.0,48.3583,661
2026-02-05 12:10:00-05:00,TQQQ,48.36,48.4,48.25,48.26,196135.0,48.3349,894
2026-02-05 12:11:00-05:00,TQQQ,48.26,48.475,48.26,48.2792,380005.0,48.3734,1073
2026-02-05 12:12:00-05:00,TQQQ,48.2801,48.2801,48.19,48.255,223065.0,48.2363,948
2026-02-05 12:13:00-05:00,TQQQ,48.25,48.3934,48.245,48.325,203782.0,48.3497,782
2026-02-05 12:14:00-05:00,TQQQ,48.3278,48.48,48.3278,48.415,163708.0,48.3934,642
2026-02-05 12:15:00-05:00,TQQQ,48.41,48.4379,48.3,48.365,133765.0,48.3711,605
2026-02-05 12:16:00-05:00,TQQQ,48.3601,48.44,48.33,48.38,126979.0,48.388,539
2026-02-05 12:17:00-05:00,TQQQ,48.387,48.41,48.29,48.35,138932.0,48.3374,608
2026-02-05 12:18:00-05:00,TQQQ,48.3519,48.43,48.305,48.4065,120409.0,48.3681,548
2026-02-05 12:19:00-05:00,TQQQ,48.41,48.41,48.3,48.305,141893.0,48.3403,660
2026-02-05 12:20:00-05:00,TQQQ,48.305,48.38,48.12,48.1714,300782.0,48.2365,1088
2026-02-05 12:21:00-05:00,TQQQ,48.1778,48.22,48.1221,48.185,206969.0,48.1761,596
2026-02-05 12:22:00-05:00,TQQQ,48.205,48.4,48.205,48.335,256454.0,48.3266,918
2026-02-05 12:23:00-05:00,TQQQ,48.345,48.55,48.315,48.53,388858.0,48.4574,1135
2026-02-05 12:24:00-05:00,TQQQ,48.54,48.74,48.535,48.74,447613.0,48.6439,1288
2026-02-05 12:25:00-05:00,TQQQ,48.75,48.86,48.745,48.855,249656.0,48.799,1203
2026-02-05 12:26:00-05:00,TQQQ,48.8555,48.95,48.8555,48.89,365695.0,48.9075,1117
2026-02-05 12:27:00-05:00,TQQQ,48.8852,48.94,48.82,48.905,288404.0,48.8823,954
2026-02-05 12:28:00-05:00,TQQQ,48.905,48.96,48.8303,48.8865,231901.0,48.9112,757
2026-02-05 12:29:00-05:00,TQQQ,48.8713,48.8851,48.74,48.8068,426814.0,48.8093,914
2026-02-05 12:30:00-05:00,TQQQ,48.81,48.92,48.8,48.82,233983.0,48.8534,888
2026-02-05 12:31:00-05:00,TQQQ,48.83,48.84,48.6401,48.645,263313.0,48.7514,861
2026-02-05 12:32:00-05:00,TQQQ,48.64,48.82,48.64,48.8168,192348.0,48.7497,667
2026-02-05 12:33:00-05:00,TQQQ,48.8,48.81,48.64,48.6766,149136.0,48.689,622
2026-02-05 12:34:00-05:00,TQQQ,48.682,48.7279,48.599,48.62,169702.0,48.6359,628
2026-02-05 12:35:00-05:00,TQQQ,48.62,48.7001,48.555,48.6899,155685.0,48.6189,674
2026-02-05 12:36:00-05:00,TQQQ,48.695,48.83,48.6795,48.78,139042.0,48.7711,650
2026-02-05 12:37:00-05:00,TQQQ,48.78,48.84,48.682,48.8,144434.0,48.7629,560
2026-02-05 12:38:00-05:00,TQQQ,48.79,48.84,48.7218,48.8195,69234.0,48.7899,376
2026-02-05 12:39:00-05:00,TQQQ,48.82,48.825,48.75,48.7715,55287.0,48.7941,320
2026-02-05 12:40:00-05:00,TQQQ,48.77,49.015,48.73,48.9914,436307.0,48.9346,1747
2026-02-05 12:41:00-05:00,TQQQ,49.0,49.035,48.85,48.91,240506.0,48.9263,890
2026-02-05 12:42:00-05:00,TQQQ,48.92,48.93,48.84,48.86,101372.0,48.8919,504
2026-02-05 12:43:00-05:00,TQQQ,48.868,48.92,48.755,48.8701,160983.0,48.8572,657
2026-02-05 12:44:00-05:00,TQQQ,48.87,48.8799,48.745,48.8799,113313.0,48.8143,642
2026-02-05 12:45:00-05:00,TQQQ,48.88,49.0132,48.8388,49.0132,140132.0,48.9312,633
2026-02-05 12:46:00-05:00,TQQQ,49.02,49.085,48.955,49.085,153956.0,49.0383,745
2026-02-05 12:47:00-05:00,TQQQ,49.0899,49.1,48.87,48.9216,254887.0,48.9963,976
2026-02-05 12:48:00-05:00,TQQQ,48.93,48.95,48.63,48.645,370309.0,48.8117,1203
2026-02-05 12:49:00-05:00,TQQQ,48.64,48.71,48.59,48.63,238944.0,48.6385,824
2026-02-05 12:50:00-05:00,TQQQ,48.62,48.6398,48.48,48.6,250352.0,48.5598,1273
2026-02-05 12:51:00-05:00,TQQQ,48.6,48.79,48.59,48.6799,341604.0,48.6903,1306
2026-02-05 12:52:00-05:00,TQQQ,48.68,48.76,48.61,48.6225,129457.0,48.6637,715
2026-02-05 12:53:00-05:00,TQQQ,48.63,48.7587,48.63,48.705,193374.0,48.6881,757
2026-02-05 12:54:00-05:00,TQQQ,48.72,48.75,48.57,48.585,121976.0,48.6448,575
2026-02-05 12:55:00-05:00,TQQQ,48.57,48.59,48.49,48.565,156377.0,48.5368,794
2026-02-05 12:56:00-05:00,TQQQ,48.555,48.61,48.5,48.6085,124022.0,48.5696,516
2026-02-05 12:57:00-05:00,TQQQ,48.5999,48.61,48.505,48.52,94331.0,48.5492,408
2026-02-05 12:58:00-05:00,TQQQ,48.52,48.53,48.4,48.46,306785.0,48.4383,1296
2026-02-05 12:59:00-05:00,TQQQ,48.46,48.53,48.44,48.4786,129060.0,48.48,585
2026-02-05 13:00:00-05:00,TQQQ,48.46,48.64,48.455,48.61,271825.0,48.5714,887
2026-02-05 13:01:00-05:00,TQQQ,48.62,48.755,48.58,48.745,279560.0,48.6463,873
2026-02-05 13:02:00-05:00,TQQQ,48.75,48.78,48.7,48.745,169417.0,48.7287,624
2026-02-05 13:03:00-05:00,TQQQ,48.74,48.74,48.6307,48.6531,178296.0,48.6994,562
2026-02-05 13:04:00-05:00,TQQQ,48.6635,48.7,48.54,48.57,140216.0,48.6223,488
2026-02-05 13:05:00-05:00,TQQQ,48.57,48.57,48.45,48.47,155516.0,48.5055,576
2026-02-05 13:06:00-05:00,TQQQ,48.47,48.52,48.4053,48.4534,146967.0,48.4538,494
2026-02-05 13:07:00-05:00,TQQQ,48.47,48.52,48.39,48.4022,117473.0,48.4349,479
2026-02-05 13:08:00-05:00,TQQQ,48.41,48.48,48.3717,48.38,98288.0,48.4223,495
2026-02-05 13:09:00-05:00,TQQQ,48.3851,48.43,48.335,48.37,286641.0,48.3591,638
2026-02-05 13:10:00-05:00,TQQQ,48.375,48.44,48.2653,48.27,157655.0,48.3355,647
2026-02-05 13:11:00-05:00,TQQQ,48.27,48.42,48.25,48.3965,266326.0,48.3599,914
2026-02-05 13:12:00-05:00,TQQQ,48.415,48.54,48.39,48.5368,204023.0,48.4577,905
2026-02-05 13:13:00-05:00,TQQQ,48.53,48.535,48.39,48.4,148533.0,48.4636,555
2026-02-05 13:14:00-05:00,TQQQ,48.3919,48.4775,48.39,48.41,85563.0,48.4264,342
2026-02-05 13:15:00-05:00,TQQQ,48.41,48.46,48.36,48.4,65820.0,48.4056,302
2026-02-05 13:16:00-05:00,TQQQ,48.41,48.5,48.3,48.3165,119675.0,48.3813,538
2026-02-05 13:17:00-05:00,TQQQ,48.31,48.405,48.301421,48.3408,96363.0,48.3461,371
2026-02-05 13:18:00-05:00,TQQQ,48.3415,48.35,48.28,48.3138,251951.0,48.3058,702
2026-02-05 13:19:00-05:00,TQQQ,48.3373,48.42,48.3199,48.32,129070.0,48.3667,556
2026-02-05 13:20:00-05:00,TQQQ,48.31,48.37,48.202,48.21,130845.0,48.2779,640
2026-02-05 13:21:00-05:00,TQQQ,48.2101,48.29,48.175,48.23,205690.0,48.2291,714
2026-02-05 13:22:00-05:00,TQQQ,48.22,48.25,48.12,48.148,223773.0,48.165,728
2026-02-05 13:23:00-05:00,TQQQ,48.15,48.15,48.04,48.11,376280.0,48.103,1125
2026-02-05 13:24:00-05:00,TQQQ,48.1135,48.1977,48.08,48.1499,128820.0,48.1407,550
2026-02-05 13:25:00-05:00,TQQQ,48.15,48.17,48.08,48.09,124435.0,48.1146,474
2026-02-05 13:26:00-05:00,TQQQ,48.095,48.265,48.09,48.2375,135468.0,48.18,523
2026-02-05 13:27:00-05:00,TQQQ,48.235,48.31,48.16,48.2,349214.0,48.2636,841
2026-02-05 13:28:00-05:00,TQQQ,48.2032,48.245,48.125,48.1668,105589.0,48.1755,460
2026-02-05 13:29:00-05:00,TQQQ,48.165,48.18,48.11,48.1701,87444.0,48.1536,419
2026-02-05 13:30:00-05:00,TQQQ,48.165,48.3,48.155,48.2568,352364.0,48.2451,799
2026-02-05 13:31:00-05:00,TQQQ,48.2474,48.41,48.24,48.3481,195603.0,48.3371,676
2026-02-05 13:32:00-05:00,TQQQ,48.345,48.358611,48.23,48.24,123600.0,48.3028,447
2026-02-05 13:33:00-05:00,TQQQ,48.23,48.31,48.18,48.18,126626.0,48.2241,466
2026-02-05 13:34:00-05:00,TQQQ,48.18,48.2601,48.15,48.26,139079.0,48.1844,540
2026-02-05 13:35:00-05:00,TQQQ,48.26,48.268,48.16,48.17,107425.0,48.2149,334
2026-02-05 13:36:00-05:00,TQQQ,48.1706,48.2,48.14,48.155,56207.0,48.1658,305
2026-02-05 13:37:00-05:00,TQQQ,48.1465,48.24,48.1303,48.1766,131777.0,48.187,366
2026-02-05 13:38:00-05:00,TQQQ,48.1701,48.2,48.0901,48.095,199516.0,48.1248,539
2026-02-05 13:39:00-05:00,TQQQ,48.1,48.1053,48.042,48.07,163726.0,48.0801,633
2026-02-05 13:40:00-05:00,TQQQ,48.07,48.07,47.99,48.0,381839.0,48.0067,1912
2026-02-05 13:41:00-05:00,TQQQ,48.005,48.09,47.94,48.075,220481.0,48.0001,753
2026-02-05 13:42:00-05:00,TQQQ,48.07,48.09,48.02,48.0813,151750.0,48.0574,454
2026-02-05 13:43:00-05:00,TQQQ,48.09,48.15,48.0,48.0599,185426.0,48.07,635
2026-02-05 13:44:00-05:00,TQQQ,48.035,48.13,48.02,48.06,145019.0,48.079,417
2026-02-05 13:45:00-05:00,TQQQ,48.06,48.128,48.035,48.07,130548.0,48.0803,388
2026-02-05 13:46:00-05:00,TQQQ,48.06,48.0686,47.95,47.9598,126636.0,48.0058,557
2026-02-05 13:47:00-05:00,TQQQ,47.95,47.99,47.91,47.92,90666.0,47.947,525
2026-02-05 13:48:00-05:00,TQQQ,47.9102,47.9575,47.88,47.91,229935.0,47.9083,675
2026-02-05 13:49:00-05:00,TQQQ,47.9199,47.97,47.9,47.94,81919.0,47.9392,430
2026-02-05 13:50:00-05:00,TQQQ,47.94,47.94,47.83,47.8499,91580.0,47.8757,577
2026-02-05 13:51:00-05:00,TQQQ,47.835,47.9,47.791,47.9,161180.0,47.8264,836
2026-02-05 13:52:00-05:00,TQQQ,47.8835,47.905,47.8086,47.8086,79079.0,47.8626,399
2026-02-05 13:53:00-05:00,TQQQ,47.82,47.83,47.75,47.805,294703.0,47.7902,733
2026-02-05 13:54:00-05:00,TQQQ,47.8035,47.87,47.79,47.847,75129.0,47.8322,359
2026-02-05 13:55:00-05:00,TQQQ,47.84,47.84,47.755,47.77,108703.0,47.7865,472
2026-02-05 13:56:00-05:00,TQQQ,47.7603,47.855,47.7524,47.8499,101583.0,47.8045,475
2026-02-05 13:57:00-05:00,TQQQ,47.85,47.96,47.84,47.903,250532.0,47.9144,711
2026-02-05 13:58:00-05:00,TQQQ,47.9032,47.97,47.87,47.9284,164745.0,47.9149,502
2026-02-05 13:59:00-05:00,TQQQ,47.935,48.05,47.9266,47.9799,174961.0,48.0052,651
2026-02-05 14:00:00-05:00,TQQQ,47.975,48.0355,47.91,48.0222,258925.0,47.9727,587
2026-02-05 14:01:00-05:00,TQQQ,48.02,48.04,47.89,47.915,194444.0,47.9457,566
2026-02-05 14:02:00-05:00,TQQQ,47.918,48.02,47.915,48.0135,122738.0,47.9722,575
2026-02-05 14:03:00-05:00,TQQQ,48.02,48.18,48.0185,48.1607,170805.0,48.101,794
2026-02-05 14:04:00-05:00,TQQQ,48.165,48.24,48.12,48.1232,188864.0,48.1809,803
2026-02-05 14:05:00-05:00,TQQQ,48.125,48.21,48.1,48.18,129692.0,48.1447,577
2026-02-05 14:06:00-05:00,TQQQ,48.18,48.3174,48.1692,48.255,298829.0,48.2561,956
2026-02-05 14:07:00-05:00,TQQQ,48.26,48.33,48.1601,48.1615,182763.0,48.268,643
2026-02-05 14:08:00-05:00,TQQQ,48.1668,48.24,48.1321,48.21,126141.0,48.1774,550
2026-02-05 14:09:00-05:00,TQQQ,48.22,48.3,48.2,48.2981,136719.0,48.2567,461
2026-02-05 14:10:00-05:00,TQQQ,48.3,48.41,48.29,48.395,282244.0,48.3566,782
2026-02-05 14:11:00-05:00,TQQQ,48.395,48.5099,48.3714,48.5001,277292.0,48.4501,926
2026-02-05 14:12:00-05:00,TQQQ,48.51,48.61,48.44,48.5999,399075.0,48.5312,1134
2026-02-05 14:13:00-05:00,TQQQ,48.5932,48.68,48.5799,48.6079,205972.0,48.6274,693
2026-02-05 14:14:00-05:00,TQQQ,48.61,48.641,48.56,48.59,162946.0,48.5867,547
2026-02-05 14:15:00-05:00,TQQQ,48.58,48.615,48.53,48.58,285954.0,48.57,668
2026-02-05 14:16:00-05:00,TQQQ,48.58,48.7,48.58,48.6532,257026.0,48.6505,765
2026-02-05 14:17:00-05:00,TQQQ,48.6572,48.72,48.6216,48.72,131404.0,48.6739,501
2026-02-05 14:18:00-05:00,TQQQ,48.73,48.7685,48.6953,48.73,211357.0,48.7298,779
2026-02-05 14:19:00-05:00,TQQQ,48.73,48.7692,48.7122,48.74,138460.0,48.7392,500
2026-02-05 14:20:00-05:00,TQQQ,48.7301,48.75,48.68,48.728,238411.0,48.7063,554
2026-02-05 14:21:00-05:00,TQQQ,48.72,48.795,48.68,48.6801,186382.0,48.743,569
2026-02-05 14:22:00-05:00,TQQQ,48.68,48.73,48.65,48.7207,133118.0,48.6862,547
2026-02-05 14:23:00-05:00,TQQQ,48.7299,48.8,48.6914,48.74,193537.0,48.7642,490
2026-02-05 14:24:00-05:00,TQQQ,48.74,48.745,48.67,48.6801,78313.0,48.7006,411
2026-02-05 14:25:00-05:00,TQQQ,48.675,48.675,48.4521,48.47,538903.0,48.5435,1139
2026-02-05 14:26:00-05:00,TQQQ,48.4721,48.51,48.42,48.4392,194006.0,48.4743,589
2026-02-05 14:27:00-05:00,TQQQ,48.44,48.49,48.37,48.385,206029.0,48.4232,810
2026-02-05 14:28:00-05:00,TQQQ,48.385,48.45,48.37,48.415,86335.0,48.4103,442
2026-02-05 14:29:00-05:00,TQQQ,48.43,48.46,48.33,48.3668,175139.0,48.3767,619
2026-02-05 14:30:00-05:00,TQQQ,48.36,48.36,48.15,48.18,394007.0,48.2075,1341
2026-02-05 14:31:00-05:00,TQQQ,48.175,48.21,48.105,48.115,200349.0,48.157,708
2026-02-05 14:32:00-05:00,TQQQ,48.11,48.11,47.91,47.91,270317.0,47.9957,1385
2026-02-05 14:33:00-05:00,TQQQ,47.915,48.03,47.87,47.9365,332478.0,47.9663,1069
2026-02-05 14:34:00-05:00,TQQQ,47.93,48.1096,47.93,48.1,219591.0,48.0439,665
2026-02-05 14:35:00-05:00,TQQQ,48.1001,48.15,48.03,48.11,187851.0,48.1066,726
2026-02-05 14:36:00-05:00,TQQQ,48.11,48.1775,47.99,48.03,261233.0,48.065,913
2026-02-05 14:37:00-05:00,TQQQ,48.0335,48.12,47.9912,48.075,183564.0,48.0646,590
2026-02-05 14:38:00-05:00,TQQQ,48.08,48.23,48.04,48.155,178140.0,48.1481,657
2026-02-05 14:39:00-05:00,TQQQ,48.1521,48.16,48.065,48.067,425893.0,48.1111,709
2026-02-05 14:40:00-05:00,TQQQ,48.07,48.09,47.99,47.995,177171.0,48.0298,723
2026-02-05 14:41:00-05:00,TQQQ,47.98,48.04,47.9202,48.01,195501.0,47.9693,873
2026-02-05 14:42:00-05:00,TQQQ,48.01,48.07,47.9498,47.9498,151474.0,48.017,632
2026-02-05 14:43:00-05:00,TQQQ,47.935,48.07,47.9335,48.0479,95073.0,48.0017,507
2026-02-05 14:44:00-05:00,TQQQ,48.06,48.07,47.965,47.965,94347.0,48.0106,502
2026-02-05 14:45:00-05:00,TQQQ,47.96,48.07,47.9532,47.967,206742.0,48.0202,724
2026-02-05 14:46:00-05:00,TQQQ,47.98,48.0,47.8921,47.8999,108981.0,47.9321,596
2026-02-05 14:47:00-05:00,TQQQ,47.8932,47.94,47.86,47.8965,105450.0,47.9047,507
2026-02-05 14:48:00-05:00,TQQQ,47.9,47.9801,47.89,47.92,144066.0,47.9459,546
2026-02-05 14:49:00-05:00,TQQQ,47.915,47.955,47.905,47.935,125679.0,47.9297,354
2026-02-05 14:50:00-05:00,TQQQ,47.9474,47.97,47.84,47.9,125164.0,47.8923,596
2026-02-05 14:51:00-05:00,TQQQ,47.8932,47.94,47.865,47.865,100679.0,47.9104,408
2026-02-05 14:52:00-05:00,TQQQ,47.87,47.9,47.815,47.835,194170.0,47.8455,629
2026-02-05 14:53:00-05:00,TQQQ,47.83,47.88,47.83,47.86,117475.0,47.8558,394
2026-02-05 14:54:00-05:00,TQQQ,47.87,48.02,47.825,47.89,218096.0,47.9497,922
2026-02-05 14:55:00-05:00,TQQQ,47.8922,47.99,47.8735,47.9321,219114.0,47.9458,690
2026-02-05 14:56:00-05:00,TQQQ,47.93,47.9991,47.87,47.885,105121.0,47.9328,507
2026-02-05 14:57:00-05:00,TQQQ,47.9,47.95,47.87,47.91,85155.0,47.925,370
2026-02-05 14:58:00-05:00,TQQQ,47.9028,47.98,47.89,47.98,97025.0,47.9411,449
2026-02-05 14:59:00-05:00,TQQQ,47.985,48.07,47.985,48.05,344856.0,48.0381,908
2026-02-05 15:00:00-05:00,TQQQ,48.05,48.05,47.94,47.9832,153740.0,47.9863,692
2026-02-05 15:01:00-05:00,TQQQ,47.985,48.1494,47.975,48.1494,219152.0,48.0776,725
2026-02-05 15:02:00-05:00,TQQQ,48.15,48.2001,48.1065,48.15916,258282.0,48.1548,932
2026-02-05 15:03:00-05:00,TQQQ,48.16,48.165,48.1,48.16,170357.0,48.13,478
2026-02-05 15:04:00-05:00,TQQQ,48.155,48.2099,48.145,48.2,139873.0,48.1676,508
2026-02-05 15:05:00-05:00,TQQQ,48.185,48.225,48.135,48.1502,213933.0,48.1883,630
2026-02-05 15:06:00-05:00,TQQQ,48.1585,48.3,48.12,48.2781,231288.0,48.2422,749
2026-02-05 15:07:00-05:00,TQQQ,48.275,48.4669,48.265,48.4669,314763.0,48.3783,992
2026-02-05 15:08:00-05:00,TQQQ,48.4634,48.4998,48.44,48.465,215434.0,48.4607,724
2026-02-05 15:09:00-05:00,TQQQ,48.47,48.567,48.46,48.535,220298.0,48.5074,873
2026-02-05 15:10:00-05:00,TQQQ,48.525,48.595,48.46,48.585,189429.0,48.5167,755
2026-02-05 15:11:00-05:00,TQQQ,48.59,48.62,48.44,48.463,297408.0,48.5307,784
2026-02-05 15:12:00-05:00,TQQQ,48.465,48.48,48.33,48.3465,268128.0,48.3917,916
2026-02-05 15:13:00-05:00,TQQQ,48.34,48.3684,48.24,48.305,153897.0,48.2861,716
2026-02-05 15:14:00-05:00,TQQQ,48.31,48.34,48.25,48.26,151826.0,48.308,510
2026-02-05 15:15:00-05:00,TQQQ,48.27,48.2701,48.0,48.0268,287259.0,48.1208,1048
2026-02-05 15:16:00-05:00,TQQQ,48.02,48.09,48.01,48.02,268287.0,48.0573,709
2026-02-05 15:17:00-05:00,TQQQ,48.0132,48.075,47.97,48.0265,184473.0,48.0162,871
2026-02-05 15:18:00-05:00,TQQQ,48.02,48.0984,48.01,48.0784,120630.0,48.0642,492
2026-02-05 15:19:00-05:00,TQQQ,48.08,48.085,47.92,47.94,132412.0,47.9995,656
2026-02-05 15:20:00-05:00,TQQQ,47.9466,47.97,47.865,47.865,168666.0,47.9145,736
2026-02-05 15:21:00-05:00,TQQQ,47.87,47.87,47.77,47.7901,198113.0,47.8181,1004
2026-02-05 15:22:00-05:00,TQQQ,47.79,47.8895,47.695,47.7099,282777.0,47.7823,1306
2026-02-05 15:23:00-05:00,TQQQ,47.71,47.7584,47.64,47.695,337461.0,47.6949,1007
2026-02-05 15:24:00-05:00,TQQQ,47.695,47.7801,47.67,47.71,228686.0,47.7427,822
2026-02-05 15:25:00-05:00,TQQQ,47.7,47.725,47.6,47.62,139903.0,47.6394,709
2026-02-05 15:26:00-05:00,TQQQ,47.615,47.67,47.6003,47.6473,119909.0,47.6359,552
2026-02-05 15:27:00-05:00,TQQQ,47.6516,47.72,47.615,47.6668,111187.0,47.6686,510
2026-02-05 15:28:00-05:00,TQQQ,47.66,47.7,47.62,47.64,183601.0,47.6628,816
2026-02-05 15:29:00-05:00,TQQQ,47.64,47.665,47.56,47.6,272666.0,47.6122,1012
2026-02-05 15:30:00-05:00,TQQQ,47.6,47.72,47.555,47.69,331315.0,47.6353,1097
2026-02-05 15:31:00-05:00,TQQQ,47.68,47.68,47.53,47.5501,260482.0,47.6127,1210
2026-02-05 15:32:00-05:00,TQQQ,47.55,47.5678,47.5,47.55,328305.0,47.5281,1197
2026-02-05 15:33:00-05:00,TQQQ,47.545,47.64,47.535,47.625,156156.0,47.5933,766
2026-02-05 15:34:00-05:00,TQQQ,47.648,47.7,47.53,47.548,172822.0,47.6145,852
2026-02-05 15:35:00-05:00,TQQQ,47.55,47.58,47.485,47.545,297114.0,47.5211,1938
2026-02-05 15:36:00-05:00,TQQQ,47.5401,47.5973,47.5018,47.565,110394.0,47.5474,661
2026-02-05 15:37:00-05:00,TQQQ,47.57,47.66,47.565,47.6,176320.0,47.6223,858
2026-02-05 15:38:00-05:00,TQQQ,47.6,47.6,47.55,47.565,159097.0,47.5736,691
2026-02-05 15:39:00-05:00,TQQQ,47.565,47.66,47.56,47.63,141850.0,47.6177,765
2026-02-05 15:40:00-05:00,TQQQ,47.645,47.83,47.605,47.74,676260.0,47.7556,1802
2026-02-05 15:41:00-05:00,TQQQ,47.74,47.765,47.665,47.665,224168.0,47.7181,1005
2026-02-05 15:42:00-05:00,TQQQ,47.67,47.72,47.63,47.652,131519.0,47.6823,662
2026-02-05 15:43:00-05:00,TQQQ,47.665,47.67,47.47,47.4732,285660.0,47.5665,1481
2026-02-05 15:44:00-05:00,TQQQ,47.4794,47.49,47.4,47.47,389327.0,47.437,1314
2026-02-05 15:45:00-05:00,TQQQ,47.46,47.5,47.38,47.449,281527.0,47.4452,1279
2026-02-05 15:46:00-05:00,TQQQ,47.445,47.4878,47.395,47.397,134300.0,47.44,867
2026-02-05 15:47:00-05:00,TQQQ,47.405,47.41,47.35,47.3897,177472.0,47.378,1022
2026-02-05 15:48:00-05:00,TQQQ,47.3807,47.43,47.36,47.381,202808.0,47.3891,890
2026-02-05 15:49:00-05:00,TQQQ,47.385,47.4696,47.355,47.4499,355639.0,47.4155,1145
2026-02-05 15:50:00-05:00,TQQQ,47.46,47.575,47.3706,47.3745,655130.0,47.4629,2890
2026-02-05 15:51:00-05:00,TQQQ,47.3732,47.3732,47.2513,47.325,459468.0,47.3008,2292
2026-02-05 15:52:00-05:00,TQQQ,47.325,47.325,47.19,47.26,558767.0,47.2375,2977
2026-02-05 15:53:00-05:00,TQQQ,47.26,47.37,47.2245,47.3607,466995.0,47.2928,2810
2026-02-05 15:54:00-05:00,TQQQ,47.36,47.52,47.3225,47.5082,770426.0,47.4039,2845
2026-02-05 15:55:00-05:00,TQQQ,47.505,47.605,47.46,47.595,498627.0,47.537,2073
2026-02-05 15:56:00-05:00,TQQQ,47.6,47.675,47.5708,47.6587,373740.0,47.616,1642
2026-02-05 15:57:00-05:00,TQQQ,47.65,47.76,47.6344,47.73,644206.0,47.6955,1768
2026-02-05 15:58:00-05:00,TQQQ,47.73,47.7403,47.65,47.68,440446.0,47.6809,1649
2026-02-05 15:59:00-05:00,TQQQ,47.68,47.74,47.6066,47.63,1347688.0,47.6771,4840
2026-02-05 16:00:00-05:00,TQQQ,47.62,47.83,47.5601,47.79,103235.0,47.7149,538
2026-02-05 16:01:00-05:00,TQQQ,47.71,47.99,47.41,47.73,159081.0,47.7214,870
2026-02-05 16:02:00-05:00,TQQQ,47.77,47.77,47.37,47.4,77949.0,47.5079,583
2026-02-05 16:03:00-05:00,TQQQ,47.37,47.44,47.32,47.36,77273.0,47.3712,493
2026-02-05 16:04:00-05:00,TQQQ,47.36,47.45,47.2,47.23,95989.0,47.3097,803
2026-02-05 16:05:00-05:00,TQQQ,47.2292,47.2792,47.13,47.15,123850.0,47.178,763
2026-02-05 16:06:00-05:00,TQQQ,47.17,47.3397,47.15,47.31,72650.0,47.2352,579
2026-02-05 16:07:00-05:00,TQQQ,47.3,47.36,47.2,47.2064,60369.0,47.2837,564
2026-02-05 16:08:00-05:00,TQQQ,47.23,47.29,47.19,47.27,35359.0,47.2193,321
2026-02-05 16:09:00-05:00,TQQQ,47.29,47.38,47.26,47.341,30553.0,47.325,327
2026-02-05 16:10:00-05:00,TQQQ,47.35,47.51,47.35,47.48,54805.0,47.4442,325
2026-02-05 16:11:00-05:00,TQQQ,47.48,47.55,47.48,47.52,45425.0,47.5119,250
2026-02-05 16:12:00-05:00,TQQQ,47.5115,47.6,47.51,47.52,39444.0,47.5592,301
2026-02-05 16:13:00-05:00,TQQQ,47.5,47.55,47.49,47.53,24374.0,47.5183,227
2026-02-05 16:14:00-05:00,TQQQ,47.53,47.53,47.42,47.43,32185.0,47.4592,379
2026-02-05 16:15:00-05:00,TQQQ,47.45,47.48,47.3,47.37,30613.0,47.3943,270
2026-02-05 16:16:00-05:00,TQQQ,47.35,47.41,47.34,47.36,22660.0,47.379,172
2026-02-05 16:17:00-05:00,TQQQ,47.3298,47.37,47.2601,47.28,33377.0,47.3129,281
2026-02-05 16:18:00-05:00,TQQQ,47.2869,47.34,47.25,47.269,29449.0,47.2926,189
2026-02-05 16:19:00-05:00,TQQQ,47.25,47.25,47.01,47.05,134715.0,47.1048,2002
2026-02-05 16:20:00-05:00,TQQQ,47.05,47.07,47.0,47.07,146728.0,47.0127,1966
2026-02-05 16:21:00-05:00,TQQQ,47.07,47.1,47.05,47.07,32866.0,47.0697,251
2026-02-05 16:22:00-05:00,TQQQ,47.08,47.11,47.041,47.09,16747.0,47.0707,177
2026-02-05 16:23:00-05:00,TQQQ,47.11,47.12,47.04,47.06,36680.0,47.0791,267
2026-02-05 16:24:00-05:00,TQQQ,47.07,47.13,47.06,47.07,36723.0,47.0818,216
2026-02-05 16:25:00-05:00,TQQQ,47.07,47.2,47.05,47.13,26840.0,47.1198,177
2026-02-05 16:26:00-05:00,TQQQ,47.14,47.19,47.08,47.1,10429.0,47.1269,179
2026-02-05 16:27:00-05:00,TQQQ,47.09,47.12,47.09,47.12,50325.0,47.1056,188
2026-02-05 16:28:00-05:00,TQQQ,47.11,47.18,47.0899,47.0899,21309.0,47.1194,161
2026-02-05 16:29:00-05:00,TQQQ,47.09,47.1,47.04,47.07,53314.0,47.078,344
2026-02-05 16:30:00-05:00,TQQQ,47.06,47.07,47.02,47.03,21137.0,47.0432,176
2026-02-05 16:31:00-05:00,TQQQ,47.0398,47.04,46.9736,47.0,185337.0,47.002,3043
2026-02-05 16:32:00-05:00,TQQQ,46.99,47.05,46.99,47.0,55070.0,47.0065,253
2026-02-05 16:33:00-05:00,TQQQ,47.0,47.02,46.84,46.84,77886.0,46.9186,5179
2026-02-05 16:34:00-05:00,TQQQ,46.86,46.86,46.71,46.7102,131707.0,46.7631,5125
2026-02-05 16:35:00-05:00,TQQQ,46.72,46.81,46.7,46.81,35850.0,46.7449,284
2026-02-05 16:36:00-05:00,TQQQ,46.8037,46.81,46.65,46.66,52312.0,46.7002,3240
2026-02-05 16:37:00-05:00,TQQQ,46.67,46.6797,46.58,46.66,81124.0,46.6297,1232
2026-02-05 16:38:00-05:00,TQQQ,46.66,46.72,46.65,46.65,28708.0,46.6775,253
2026-02-05 16:39:00-05:00,TQQQ,46.65,46.67,46.51,46.56,77553.0,46.5572,911
2026-02-05 16:40:00-05:00,TQQQ,46.54,46.59,46.52,46.56,35223.0,46.5466,326
2026-02-05 16:41:00-05:00,TQQQ,46.57,46.57,46.4482,46.48,162678.0,46.4971,2534
2026-02-05 16:42:00-05:00,TQQQ,46.5,46.6418,46.5,46.61,70360.0,46.5875,284
2026-02-05 16:43:00-05:00,TQQQ,46.61,46.651,46.61,46.6395,27920.0,46.6278,227
2026-02-05 16:44:00-05:00,TQQQ,46.63,46.64,46.5913,46.6,58020.0,46.6126,319
2026-02-05 16:45:00-05:00,TQQQ,46.6109,46.73,46.59,46.68,33708.0,46.6586,273
2026-02-05 16:46:00-05:00,TQQQ,46.68,46.69,46.62,46.66,23477.0,46.6575,221
2026-02-05 16:47:00-05:00,TQQQ,46.66,46.7,46.66,46.69,20404.0,46.6814,158
2026-02-05 16:48:00-05:00,TQQQ,46.6999,46.6999,46.57,46.57,19786.0,46.6089,330
2026-02-05 16:49:00-05:00,TQQQ,46.58,46.58,46.4301,46.45,45344.0,46.5078,626
2026-02-05 16:50:00-05:00,TQQQ,46.45,46.53,46.45,46.53,22579.0,46.4809,190
2026-02-05 16:51:00-05:00,TQQQ,46.52,46.58,46.5,46.5,20864.0,46.5499,271
2026-02-05 16:52:00-05:00,TQQQ,46.53,46.53,46.46,46.51,46298.0,46.4879,447
2026-02-05 16:53:00-05:00,TQQQ,46.4903,46.5497,46.47,46.47,33608.0,46.501,324
2026-02-05 16:54:00-05:00,TQQQ,46.47,46.49,46.44,46.4798,23054.0,46.468,284
2026-02-05 16:55:00-05:00,TQQQ,46.49,46.51,46.45,46.47,28264.0,46.4945,252
2026-02-05 16:56:00-05:00,TQQQ,46.47,46.47,46.29,46.29,118531.0,46.3834,5011
2026-02-05 16:57:00-05:00,TQQQ,46.2802,46.46,46.2802,46.45,28034.0,46.3757,246
2026-02-05 16:58:00-05:00,TQQQ,46.44,46.45,46.39,46.4,33727.0,46.4166,326
2026-02-05 16:59:00-05:00,TQQQ,46.4099,46.42,46.39,46.4,14504.0,46.4131,213
2026-02-05 17:00:00-05:00,TQQQ,46.39,46.4228,46.3712,46.38,17917.0,46.398,217
2026-02-05 17:01:00-05:00,TQQQ,46.38,46.41,46.35,46.37,15090.0,46.3802,302
2026-02-05 17:02:00-05:00,TQQQ,46.3699,46.37,46.3,46.35,13317.0,46.3363,292
2026-02-05 17:03:00-05:00,TQQQ,46.35,46.35,46.25,46.29,29180.0,46.2805,526
2026-02-05 17:04:00-05:00,TQQQ,46.29,46.29,46.21,46.21,41358.0,46.2371,3475
2026-02-05 17:05:00-05:00,TQQQ,46.21,46.25,46.18,46.2086,53134.0,46.2115,2846
2026-02-05 17:06:00-05:00,TQQQ,46.1896,46.19,46.13,46.14,47786.0,46.1571,1001
2026-02-05 17:07:00-05:00,TQQQ,46.14,46.14,46.1,46.12,51057.0,46.1168,608
2026-02-05 17:08:00-05:00,TQQQ,46.12,46.13,46.1,46.1299,36270.0,46.1103,180
2026-02-05 17:09:00-05:00,TQQQ,46.13,46.2999,46.12,46.2999,55120.0,46.174,316
2026-02-05 17:10:00-05:00,TQQQ,46.2992,46.2992,46.25,46.28,15598.0,46.2766,245
2026-02-05 17:11:00-05:00,TQQQ,46.2884,46.3,46.24,46.26,13449.0,46.2734,242
2026-02-05 17:12:00-05:00,TQQQ,46.23,46.27,46.17,46.17,25572.0,46.2383,277
2026-02-05 17:13:00-05:00,TQQQ,46.1672,46.23,46.11,46.11,13029.0,46.1494,307
2026-02-05 17:14:00-05:00,TQQQ,46.1164,46.13,46.07,46.1,30610.0,46.0862,1724
2026-02-05 17:15:00-05:00,TQQQ,46.09,46.1,46.03,46.08,47940.0,46.0732,1886
2026-02-05 17:16:00-05:00,TQQQ,46.0738,46.1,46.05,46.08,19131.0,46.0732,189
2026-02-05 17:17:00-05:00,TQQQ,46.0993,46.1,46.07,46.09,15510.0,46.0871,195
2026-02-05 17:18:00-05:00,TQQQ,46.07,46.15,46.07,46.13,39102.0,46.1274,257
2026-02-05 17:19:00-05:00,TQQQ,46.11,46.17,46.09,46.15,19927.0,46.133,188
2026-02-05 17:20:00-05:00,TQQQ,46.1492,46.15,46.1,46.1203,12416.0,46.1198,187
2026-02-05 17:21:00-05:00,TQQQ,46.1,46.16,46.1,46.15,17179.0,46.1462,206
2026-02-05 17:22:00-05:00,TQQQ,46.15,46.16,46.14,46.1499,17705.0,46.1499,340
2026-02-05 17:23:00-05:00,TQQQ,46.1498,46.17,46.1401,46.17,20652.0,46.1502,201
2026-02-05 17:24:00-05:00,TQQQ,46.15,46.2,46.15,46.1982,7427.0,46.1733,117
2026-02-05 17:25:00-05:00,TQQQ,46.2,46.24,46.1708,46.2342,10977.0,46.1927,157
2026-02-05 17:26:00-05:00,TQQQ,46.2198,46.2498,46.2198,46.239,9683.0,46.234,187
2026-02-05 17:27:00-05:00,TQQQ,46.2392,46.3,46.2369,46.299,17543.0,46.271,149
2026-02-05 17:28:00-05:00,TQQQ,46.29,46.31,46.2803,46.3,9231.0,46.2975,170
2026-02-05 17:29:00-05:00,TQQQ,46.35,46.35,46.3,46.3,10052.0,46.3125,192
2026-02-05 17:30:00-05:00,TQQQ,46.3,46.35,46.29,46.35,6927.0,46.3062,147
2026-02-05 17:31:00-05:00,TQQQ,46.34,46.35,46.32,46.35,8127.0,46.3468,151
2026-02-05 17:32:00-05:00,TQQQ,46.36,46.36,46.34,46.35,6999.0,46.3553,173
2026-02-05 17:33:00-05:00,TQQQ,46.34,46.4,46.3139,46.38,18910.0,46.368,211
2026-02-05 17:34:00-05:00,TQQQ,46.34,46.35,46.32,46.33,16184.0,46.3381,222
2026-02-05 17:35:00-05:00,TQQQ,46.34,46.34,46.2731,46.28,9010.0,46.3011,286
2026-02-05 17:36:00-05:00,TQQQ,46.28,46.28,46.25,46.27,6351.0,46.2654,184
2026-02-05 17:37:00-05:00,TQQQ,46.25,46.26,46.24,46.2499,15133.0,46.25,246
2026-02-05 17:38:00-05:00,TQQQ,46.24,46.24,46.22,46.22,8784.0,46.2281,174
2026-02-05 17:39:00-05:00,TQQQ,46.22,46.23,46.21,46.22,14900.0,46.2188,218
2026-02-05 17:40:00-05:00,TQQQ,46.21,46.22,46.1999,46.2005,23023.0,46.2107,311
2026-02-05 17:41:00-05:00,TQQQ,46.2,46.2098,46.14,46.16,10647.0,46.1709,368
2026-02-05 17:42:00-05:00,TQQQ,46.16,46.16,46.1,46.1,28346.0,46.1166,318
2026-02-05 17:43:00-05:00,TQQQ,46.1198,46.12,46.09,46.1,18369.0,46.1034,276
2026-02-05 17:44:00-05:00,TQQQ,46.0999,46.0999,46.05,46.08,18997.0,46.0661,345
2026-02-05 17:45:00-05:00,TQQQ,46.1,46.1,46.08,46.08,17476.0,46.0892,158
2026-02-05 17:46:00-05:00,TQQQ,46.08,46.1,46.06,46.07,15297.0,46.0748,159
2026-02-05 17:47:00-05:00,TQQQ,46.06,46.07,46.06,46.06,21994.0,46.0639,159
2026-02-05 17:48:00-05:00,TQQQ,46.0799,46.1001,46.06,46.1001,14049.0,46.085,147
2026-02-05 17:49:00-05:00,TQQQ,46.1,46.16,46.07,46.12,38486.0,46.0976,172
2026-02-05 17:50:00-05:00,TQQQ,46.19,46.19,46.15,46.1754,11982.0,46.1656,168
2026-02-05 17:51:00-05:00,TQQQ,46.15,46.18,46.13,46.17,26490.0,46.1524,158
2026-02-05 17:52:00-05:00,TQQQ,46.16,46.18,46.16,46.18,15075.0,46.1662,188
2026-02-05 17:53:00-05:00,TQQQ,46.18,46.18,46.17,46.17,11164.0,46.1728,126
2026-02-05 17:54:00-05:00,TQQQ,46.18,46.18,46.15,46.1693,21121.0,46.1704,200
2026-02-05 17:55:00-05:00,TQQQ,46.15,46.18,46.12,46.18,17660.0,46.1625,110
2026-02-05 17:56:00-05:00,TQQQ,46.1795,46.1795,46.15,46.17,11450.0,46.1658,177
2026-02-05 17:57:00-05:00,TQQQ,46.17,46.18,46.1501,46.1501,17217.0,46.1596,137
2026-02-05 17:58:00-05:00,TQQQ,46.15,46.17,46.15,46.16,5723.0,46.1606,192
2026-02-05 17:59:00-05:00,TQQQ,46.17,46.2,46.11,46.16,10710.0,46.167,282
2026-02-05 18:00:00-05:00,TQQQ,46.2,46.5,46.2,46.47,50567.0,46.4121,213
2026-02-05 18:01:00-05:00,TQQQ,46.48,46.5,46.21,46.31,13937.0,46.3596,125
2026-02-05 18:02:00-05:00,TQQQ,46.28,46.3768,46.28,46.3497,9803.0,46.332,86
2026-02-05 18:03:00-05:00,TQQQ,46.35,46.5,46.32,46.48,52698.0,46.3975,176
2026-02-05 18:04:00-05:00,TQQQ,46.47,46.5,46.43,46.4915,29985.0,46.4733,130
2026-02-05 18:05:00-05:00,TQQQ,46.5,46.58,46.48,46.5,13828.0,46.5264,144
2026-02-05 18:06:00-05:00,TQQQ,46.53,46.65,46.53,46.59,36742.0,46.585,169
2026-02-05 18:07:00-05:00,TQQQ,46.5646,46.61,46.5646,46.6,19004.0,46.6004,103
2026-02-05 18:08:00-05:00,TQQQ,46.59,46.6098,46.46,46.531,16194.0,46.5268,158
2026-02-05 18:09:00-05:00,TQQQ,46.5285,46.55,46.5,46.52,5717.0,46.5299,76
2026-02-05 18:10:00-05:00,TQQQ,46.52,46.5295,46.49,46.51,23699.0,46.5115,105
2026-02-05 18:11:00-05:00,TQQQ,46.46,46.4775,46.38,46.4491,8384.0,46.4139,126
2026-02-05 18:12:00-05:00,TQQQ,46.45,46.49,46.4131,46.4131,2328.0,46.4554,98
2026-02-05 18:13:00-05:00,TQQQ,46.43,46.47,46.42,46.45,10553.0,46.4585,76
2026-02-05 18:14:00-05:00,TQQQ,46.44,46.47,46.4082,46.42,15262.0,46.4363,93
2026-02-05 18:15:00-05:00,TQQQ,46.46,46.48,46.45,46.47,4646.0,46.4673,53
2026-02-05 18:16:00-05:00,TQQQ,46.45,46.45,46.4471,46.45,2107.0,46.4477,57
2026-02-05 18:17:00-05:00,TQQQ,46.43,46.43,46.349,46.349,8936.0,46.387,157
2026-02-05 18:18:00-05:00,TQQQ,46.339,46.339,46.29,46.3,15601.0,46.2975,136
2026-02-05 18:19:00-05:00,TQQQ,46.32,46.33,46.28,46.2805,19085.0,46.3193,95
2026-02-05 18:20:00-05:00,TQQQ,46.28,46.28,46.1185,46.1415,27528.0,46.1636,252
2026-02-05 18:21:00-05:00,TQQQ,46.1891,46.19,46.07,46.07,41996.0,46.1146,196
2026-02-05 18:22:00-05:00,TQQQ,46.08,46.09,46.02,46.02,44463.0,46.0614,326
2026-02-05 18:23:00-05:00,TQQQ,46.0269,46.04,46.0,46.0005,208622.0,46.0021,1712
2026-02-05 18:24:00-05:00,TQQQ,46.0008,46.15,46.0008,46.06,24993.0,46.0754,117
2026-02-05 18:25:00-05:00,TQQQ,46.05,46.16,46.05,46.1598,18541.0,46.1252,97
2026-02-05 18:26:00-05:00,TQQQ,46.1504,46.19,46.12,46.15,25822.0,46.1518,116
2026-02-05 18:27:00-05:00,TQQQ,46.13,46.2,46.11,46.1754,18165.0,46.1328,74
2026-02-05 18:28:00-05:00,TQQQ,46.18,46.26,46.18,46.241,10614.0,46.2134,70
2026-02-05 18:29:00-05:00,TQQQ,46.25,46.37,46.25,46.36,9655.0,46.3392,93
2026-02-05 18:30:00-05:00,TQQQ,46.39,46.39,46.3,46.37,12896.0,46.3678,104
2026-02-05 18:31:00-05:00,TQQQ,46.35,46.35,46.2804,46.3,6536.0,46.3015,71
2026-02-05 18:32:00-05:00,TQQQ,46.32,46.34,46.25,46.26,19125.0,46.3034,85
2026-02-05 18:33:00-05:00,TQQQ,46.25,46.25,46.22,46.2202,47548.0,46.2264,82
2026-02-05 18:34:00-05:00,TQQQ,46.24,46.24,46.11,46.15,15010.0,46.1697,130
2026-02-05 18:35:00-05:00,TQQQ,46.1597,46.17,46.0764,46.0764,22263.0,46.1213,131
2026-02-05 18:36:00-05:00,TQQQ,46.0699,46.0699,45.97,46.0,66880.0,45.9876,498
2026-02-05 18:37:00-05:00,TQQQ,46.02,46.03,45.94,45.94,54276.0,45.9781,245
2026-02-05 18:38:00-05:00,TQQQ,45.95,45.98,45.93,45.97,19172.0,45.9663,149
2026-02-05 18:39:00-05:00,TQQQ,45.9763,46.0785,45.95,46.0,10512.0,46.017,124
2026-02-05 18:40:00-05:00,TQQQ,45.9969,46.0501,45.93,46.0501,16302.0,45.9914,111
2026-02-05 18:41:00-05:00,TQQQ,46.04,46.0546,45.9631,45.9631,10475.0,46.0117,104
2026-02-05 18:42:00-05:00,TQQQ,45.961,46.02,45.93,45.94,21463.0,45.9813,117
2026-02-05 18:43:00-05:00,TQQQ,45.96,45.99,45.929,45.94,28912.0,45.9662,93
2026-02-05 18:44:00-05:00,TQQQ,45.9454,45.99,45.93,45.95,10901.0,45.9463,95
2026-02-05 18:45:00-05:00,TQQQ,45.94,45.9582,45.85,45.85,63446.0,45.8941,491
2026-02-05 18:46:00-05:00,TQQQ,45.84,45.87,45.8,45.82,19780.0,45.8189,185
2026-02-05 18:47:00-05:00,TQQQ,45.84,45.88,45.81,45.88,18050.0,45.8479,117
2026-02-05 18:48:00-05:00,TQQQ,45.88,45.9,45.85,45.9,15922.0,45.8774,106
2026-02-05 18:49:00-05:00,TQQQ,45.921,45.96,45.921,45.9585,17919.0,45.9513,77
2026-02-05 18:50:00-05:00,TQQQ,45.9,45.96,45.85,45.96,12865.0,45.9228,99
2026-02-05 18:51:00-05:00,TQQQ,45.95,45.95,45.92,45.92,8286.0,45.9342,68
2026-02-05 18:52:00-05:00,TQQQ,45.92,45.92,45.72,45.7593,59907.0,45.809,523
2026-02-05 18:53:00-05:00,TQQQ,45.74,45.79,45.71,45.71,61258.0,45.7641,469
2026-02-05 18:54:00-05:00,TQQQ,45.71,45.73,45.65,45.65,32150.0,45.6935,321
2026-02-05 18:55:00-05:00,TQQQ,45.651,45.83,45.63,45.79,32408.0,45.7642,173
2026-02-05 18:56:00-05:00,TQQQ,45.78,45.84,45.75,45.84,15838.0,45.7819,81
2026-02-05 18:57:00-05:00,TQQQ,45.8597,45.86,45.78,45.8599,19743.0,45.8097,103
2026-02-05 18:58:00-05:00,TQQQ,45.85,45.85,45.81,45.84,6896.0,45.8355,79
2026-02-05 18:59:00-05:00,TQQQ,45.8498,45.89,45.8498,45.86,12345.0,45.8671,89
2026-02-05 19:00:00-05:00,TQQQ,45.84,45.84,45.7691,45.7691,34560.0,45.7895,142
2026-02-05 19:01:00-05:00,TQQQ,45.7594,45.7594,45.6104,45.69,29019.0,45.6804,206
2026-02-05 19:02:00-05:00,TQQQ,45.69,45.7046,45.6202,45.6202,30381.0,45.6556,94
2026-02-05 19:03:00-05:00,TQQQ,45.6369,45.65,45.57,45.5785,30068.0,45.6067,307
2026-02-05 19:04:00-05:00,TQQQ,45.58,45.58,45.5302,45.5302,23559.0,45.5638,298
2026-02-05 19:05:00-05:00,TQQQ,45.54,45.581,45.4599,45.4599,73700.0,45.5165,732
2026-02-05 19:06:00-05:00,TQQQ,45.4501,45.531,45.41,45.5,65116.0,45.4558,279
2026-02-05 19:07:00-05:00,TQQQ,45.5199,45.6,45.48,45.6,39624.0,45.5336,166
2026-02-05 19:08:00-05:00,TQQQ,45.63,45.63,45.5,45.5596,7896.0,45.5589,148
2026-02-05 19:09:00-05:00,TQQQ,45.56,45.56,45.43,45.501,48013.0,45.4547,210
2026-02-05 19:10:00-05:00,TQQQ,45.5,45.6031,45.4999,45.6031,17801.0,45.5292,119
2026-02-05 19:11:00-05:00,TQQQ,45.6,45.62,45.53,45.57,22551.0,45.5674,131
2026-02-05 19:12:00-05:00,TQQQ,45.53,45.5634,45.52,45.52,37476.0,45.5391,141
2026-02-05 19:13:00-05:00,TQQQ,45.54,45.54,45.47,45.48,49599.0,45.5277,185
2026-02-05 19:14:00-05:00,TQQQ,45.48,45.48,45.41,45.45,37075.0,45.4407,211
2026-02-05 19:15:00-05:00,TQQQ,45.4405,45.45,45.34,45.38,50319.0,45.3993,546
2026-02-05 19:16:00-05:00,TQQQ,45.36,45.4,45.31,45.35,22677.0,45.3396,217
2026-02-05 19:17:00-05:00,TQQQ,45.35,45.551,45.35,45.55,38677.0,45.4686,159
2026-02-05 19:18:00-05:00,TQQQ,45.55,45.7,45.55,45.7,28338.0,45.6481,176
2026-02-05 19:19:00-05:00,TQQQ,45.71,45.71,45.639,45.6595,28016.0,45.6588,180
2026-02-05 19:20:00-05:00,TQQQ,45.66,45.76,45.65,45.67,25087.0,45.721,192
2026-02-05 19:21:00-05:00,TQQQ,45.67,45.82,45.63,45.71,40763.0,45.718,181
2026-02-05 19:22:00-05:00,TQQQ,45.78,45.81,45.7685,45.81,35526.0,45.7873,138
2026-02-05 19:23:00-05:00,TQQQ,45.8299,45.84,45.77,45.82,11363.0,45.8132,117
2026-02-05 19:24:00-05:00,TQQQ,45.81,45.9554,45.81,45.92,25031.0,45.9071,191
2026-02-05 19:25:00-05:00,TQQQ,45.9203,45.99,45.92,45.9899,25680.0,45.9722,123
2026-02-05 19:26:00-05:00,TQQQ,45.9554,46.0092,45.9554,45.98,55489.0,45.9942,191
2026-02-05 19:27:00-05:00,TQQQ,45.98,46.08,45.97,45.98,24653.0,46.0029,180
2026-02-05 19:28:00-05:00,TQQQ,45.98,45.98,45.9301,45.9504,28000.0,45.9595,137
2026-02-05 19:29:00-05:00,TQQQ,45.95,46.06,45.94,46.04,21359.0,45.9697,73
2026-02-05 19:30:00-05:00,TQQQ,46.04,46.13,46.04,46.12,28487.0,46.0978,121
2026-02-05 19:31:00-05:00,TQQQ,46.11,46.12,46.01,46.01,18405.0,46.088,103
2026-02-05 19:32:00-05:00,TQQQ,46.029,46.0299,45.9104,45.9104,10870.0,45.9559,161
2026-02-05 19:33:00-05:00,TQQQ,45.91,46.07,45.9,46.0318,23983.0,45.9711,91
2026-02-05 19:34:00-05:00,TQQQ,46.0646,46.12,46.0604,46.1098,13078.0,46.0927,77
2026-02-05 19:35:00-05:00,TQQQ,46.12,46.16,46.1164,46.15,42497.0,46.1284,114
2026-02-05 19:36:00-05:00,TQQQ,46.16,46.2,46.121,46.1598,32057.0,46.1669,124
2026-02-05 19:37:00-05:00,TQQQ,46.16,46.2004,46.16,46.19,38732.0,46.1878,115
2026-02-05 19:38:00-05:00,TQQQ,46.1701,46.22,46.12,46.12,13500.0,46.1787,117
2026-02-05 19:39:00-05:00,TQQQ,46.15,46.19,46.09,46.0915,16361.0,46.1299,109
2026-02-05 19:40:00-05:00,TQQQ,46.1,46.17,46.0,46.01,55868.0,46.0926,172
2026-02-05 19:41:00-05:00,TQQQ,46.03,46.0599,45.9668,45.9668,23135.0,46.012,127
2026-02-05 19:42:00-05:00,TQQQ,45.99,46.09,45.99,46.02,68924.0,46.0464,108
2026-02-05 19:43:00-05:00,TQQQ,46.0646,46.0738,46.0,46.0,15717.0,46.0198,91
2026-02-05 19:44:00-05:00,TQQQ,46.0,46.07,45.9531,46.07,23015.0,46.0179,83
2026-02-05 19:45:00-05:00,TQQQ,46.06,46.11,46.0212,46.0505,29735.0,46.08,84
2026-02-05 19:46:00-05:00,TQQQ,46.08,46.14,46.08,46.1146,35668.0,46.1134,93
2026-02-05 19:47:00-05:00,TQQQ,46.1,46.1,45.96,45.965,55275.0,46.0114,159
2026-02-05 19:48:00-05:00,TQQQ,45.965,46.01,45.96,45.96,12536.0,45.9795,95
2026-02-05 19:49:00-05:00,TQQQ,45.9799,45.9799,45.93,45.93,14199.0,45.9475,90
2026-02-05 19:50:00-05:00,TQQQ,45.93,46.0495,45.92,46.0495,42342.0,45.9937,65
2026-02-05 19:51:00-05:00,TQQQ,46.05,46.05,45.95,45.98,29860.0,46.0129,83
2026-02-05 19:52:00-05:00,TQQQ,45.96,46.0,45.94,45.96,42767.0,45.9563,79
2026-02-05 19:53:00-05:00,TQQQ,45.94,46.07,45.9,46.0401,80267.0,45.9723,118
2026-02-05 19:54:00-05:00,TQQQ,46.05,46.07,46.04,46.04,16661.0,46.0633,51
2026-02-05 19:55:00-05:00,TQQQ,46.04,46.09,46.0307,46.09,7865.0,46.0612,55
2026-02-05 19:56:00-05:00,TQQQ,46.07,46.09,46.05,46.06,17115.0,46.0664,57
2026-02-05 19:57:00-05:00,TQQQ,46.07,46.07,46.03,46.07,16708.0,46.0508,52
2026-02-05 19:58:00-05:00,TQQQ,46.07,46.19,46.06,46.18,49712.0,46.12,110
2026-02-05 19:59:00-05:00,TQQQ,46.19,46.26,46.19,46.22,91201.0,46.2322,183
2026-02-06 04:00:00-05:00,TQQQ,47.32,47.4,47.12,47.33,31873.0,47.309,409
2026-02-06 04:01:00-05:00,TQQQ,47.33,47.34,47.23,47.32,15382.0,47.2805,199
2026-02-06 04:02:00-05:00,TQQQ,47.33,47.34,47.26,47.29,9926.0,47.3023,137
2026-02-06 04:03:00-05:00,TQQQ,47.27,47.27,47.22,47.27,5331.0,47.2511,97
2026-02-06 04:04:00-05:00,TQQQ,47.25,47.27,47.23,47.26,9234.0,47.2423,103
2026-02-06 04:05:00-05:00,TQQQ,47.26,47.26,47.2,47.26,8586.0,47.2307,146
2026-02-06 04:06:00-05:00,TQQQ,47.27,47.35,47.26,47.35,9043.0,47.3017,125
2026-02-06 04:07:00-05:00,TQQQ,47.36,47.4,47.31,47.4,16261.0,47.3642,186
2026-02-06 04:08:00-05:00,TQQQ,47.43,47.48,47.43,47.46,25832.0,47.4531,271
2026-02-06 04:09:00-05:00,TQQQ,47.48,47.56,47.47,47.55,51583.0,47.5322,457
2026-02-06 04:10:00-05:00,TQQQ,47.54,47.6,47.5,47.6,22103.0,47.5307,201
2026-02-06 04:11:00-05:00,TQQQ,47.61,47.64,47.59,47.59,14920.0,47.6138,169
2026-02-06 04:12:00-05:00,TQQQ,47.63,47.67,47.63,47.66,32044.0,47.6448,285
2026-02-06 04:13:00-05:00,TQQQ,47.66,47.7,47.64,47.68,10902.0,47.6704,187
2026-02-06 04:14:00-05:00,TQQQ,47.69,47.76,47.68,47.76,22057.0,47.7096,257
2026-02-06 04:15:00-05:00,TQQQ,47.74,47.8,47.7,47.8,27299.0,47.7503,272
2026-02-06 04:16:00-05:00,TQQQ,47.81,47.81,47.78,47.81,18103.0,47.7872,179
2026-02-06 04:17:00-05:00,TQQQ,47.81,47.82,47.78,47.82,17225.0,47.806,213
2026-02-06 04:18:00-05:00,TQQQ,47.81,47.83,47.65,47.65,32562.0,47.7782,423
2026-02-06 04:19:00-05:00,TQQQ,47.65,47.8,47.6,47.75,72489.0,47.6924,575
2026-02-06 04:20:00-05:00,TQQQ,47.74,47.92,47.7,47.9,36931.0,47.8329,374
2026-02-06 04:21:00-05:00,TQQQ,47.9,47.94,47.72,47.79,54717.0,47.8135,574
2026-02-06 04:22:00-05:00,TQQQ,47.79,47.85,47.77,47.81,7837.0,47.8227,137
2026-02-06 04:23:00-05:00,TQQQ,47.81,47.88,47.8,47.88,17205.0,47.8449,181
2026-02-06 04:24:00-05:00,TQQQ,47.87,48.01,47.87,47.98,32884.0,47.9649,336
2026-02-06 04:25:00-05:00,TQQQ,47.99,47.99,47.94,47.96,24062.0,47.9718,254
2026-02-06 04:26:00-05:00,TQQQ,48.0,48.08,48.0,48.07,38984.0,48.0476,255
2026-02-06 04:27:00-05:00,TQQQ,48.05,48.06,47.98,48.06,16750.0,48.0163,251
2026-02-06 04:28:00-05:00,TQQQ,48.07,48.14,48.07,48.14,26404.0,48.0977,309
2026-02-06 04:29:00-05:00,TQQQ,48.14,48.15,48.11,48.14,34432.0,48.125,341
2026-02-06 04:30:00-05:00,TQQQ,48.13,48.21,48.13,48.2,19079.0,48.1738,246
2026-02-06 04:31:00-05:00,TQQQ,48.23,48.28,48.21,48.22,32454.0,48.2372,349
2026-02-06 04:32:00-05:00,TQQQ,48.23,48.29,48.23,48.29,18553.0,48.25,186
2026-02-06 04:33:00-05:00,TQQQ,48.26,48.38,48.25,48.35,22150.0,48.3035,278
2026-02-06 04:34:00-05:00,TQQQ,48.35,48.46,48.33,48.43,53705.0,48.4128,546
2026-02-06 04:35:00-05:00,TQQQ,48.42,48.45,48.35,48.45,36379.0,48.3934,342
2026-02-06 04:36:00-05:00,TQQQ,48.46,48.46,48.36,48.36,26274.0,48.4149,408
2026-02-06 04:37:00-05:00,TQQQ,48.38,48.4,48.34,48.35,11121.0,48.3666,212
2026-02-06 04:38:00-05:00,TQQQ,48.37,48.46,48.37,48.45,23667.0,48.4096,261
2026-02-06 04:39:00-05:00,TQQQ,48.47,48.48,48.44,48.44,24975.0,48.46,272
2026-02-06 04:40:00-05:00,TQQQ,48.46,48.48,48.42,48.47,21278.0,48.4579,254
2026-02-06 04:41:00-05:00,TQQQ,48.48,48.48,48.39,48.4,24614.0,48.4261,325
2026-02-06 04:42:00-05:00,TQQQ,48.4,48.41,48.31,48.31,23680.0,48.3647,328
2026-02-06 04:43:00-05:00,TQQQ,48.3,48.4,48.3,48.39,15935.0,48.3471,210
2026-02-06 04:44:00-05:00,TQQQ,48.36,48.44,48.35,48.44,5162.0,48.4077,104
2026-02-06 04:45:00-05:00,TQQQ,48.42,48.42,48.31,48.33,16604.0,48.3595,254
2026-02-06 04:46:00-05:00,TQQQ,48.33,48.36,48.28,48.28,13625.0,48.3216,259
2026-02-06 04:47:00-05:00,TQQQ,48.28,48.28,48.21,48.26,24222.0,48.2358,282
2026-02-06 04:48:00-05:00,TQQQ,48.27,48.36,48.25,48.32,28558.0,48.31,180
2026-02-06 04:49:00-05:00,TQQQ,48.33,48.37,48.26,48.27,23772.0,48.3141,213
2026-02-06 04:50:00-05:00,TQQQ,48.26,48.34,48.26,48.34,7657.0,48.3021,102
2026-02-06 04:51:00-05:00,TQQQ,48.3,48.32,48.29,48.32,14032.0,48.3095,155
2026-02-06 04:52:00-05:00,TQQQ,48.33,48.33,48.31,48.32,7674.0,48.3273,94
2026-02-06 04:53:00-05:00,TQQQ,48.33,48.41,48.33,48.4,15050.0,48.3979,164
2026-02-06 04:54:00-05:00,TQQQ,48.4,48.4,48.36,48.39,20926.0,48.3875,175
2026-02-06 04:55:00-05:00,TQQQ,48.36,48.36,48.33,48.35,5151.0,48.3449,116
2026-02-06 04:56:00-05:00,TQQQ,48.34,48.34,48.26,48.34,12375.0,48.2887,189
2026-02-06 04:57:00-05:00,TQQQ,48.33,48.33,48.27,48.27,2285.0,48.3103,85
2026-02-06 04:58:00-05:00,TQQQ,48.25,48.26,48.25,48.26,3340.0,48.2546,71
2026-02-06 04:59:00-05:00,TQQQ,48.3,48.3,48.28,48.3,5632.0,48.2874,107
2026-02-06 05:00:00-05:00,TQQQ,48.28,48.29,48.25,48.25,5324.0,48.2669,146
2026-02-06 05:01:00-05:00,TQQQ,48.24,48.25,48.19,48.21,24525.0,48.2121,330
2026-02-06 05:02:00-05:00,TQQQ,48.21,48.22,48.18,48.22,9146.0,48.2042,120
2026-02-06 05:03:00-05:00,TQQQ,48.2,48.2,48.16,48.19,4518.0,48.1756,114
2026-02-06 05:04:00-05:00,TQQQ,48.17,48.17,48.12,48.13,9717.0,48.1422,168
2026-02-06 05:05:00-05:00,TQQQ,48.11,48.12,48.09,48.11,20824.0,48.1011,133
2026-02-06 05:06:00-05:00,TQQQ,48.12,48.19,48.1,48.16,19459.0,48.1266,146
2026-02-06 05:07:00-05:00,TQQQ,48.16,48.16,48.15,48.15,6802.0,48.1526,112
2026-02-06 05:08:00-05:00,TQQQ,48.14,48.14,48.11,48.13,7028.0,48.1235,123
2026-02-06 05:09:00-05:00,TQQQ,48.14,48.24,48.14,48.24,7604.0,48.1798,83
2026-02-06 05:10:00-05:00,TQQQ,48.21,48.24,48.2,48.21,17471.0,48.218,189
2026-02-06 05:11:00-05:00,TQQQ,48.22,48.22,48.2,48.2,4578.0,48.2117,94
2026-02-06 05:12:00-05:00,TQQQ,48.21,48.21,48.18,48.21,9269.0,48.1989,117
2026-02-06 05:13:00-05:00,TQQQ,48.2,48.21,48.19,48.2,17270.0,48.2041,125
2026-02-06 05:14:00-05:00,TQQQ,48.15,48.17,48.14,48.17,25561.0,48.1622,171
2026-02-06 05:15:00-05:00,TQQQ,48.22,48.24,48.2,48.22,4572.0,48.2286,68
2026-02-06 05:16:00-05:00,TQQQ,48.23,48.24,48.19,48.23,6315.0,48.2072,121
2026-02-06 05:17:00-05:00,TQQQ,48.21,48.21,48.19,48.19,1877.0,48.2015,68
2026-02-06 05:18:00-05:00,TQQQ,48.18,48.18,48.15,48.15,3687.0,48.1602,122
2026-02-06 05:19:00-05:00,TQQQ,48.16,48.16,48.14,48.16,8821.0,48.1502,100
2026-02-06 05:20:00-05:00,TQQQ,48.19,48.31,48.19,48.3,11289.0,48.2756,129
2026-02-06 05:21:00-05:00,TQQQ,48.29,48.29,48.24,48.26,6732.0,48.2553,110
2026-02-06 05:22:00-05:00,TQQQ,48.28,48.28,48.25,48.25,4261.0,48.2653,89
2026-02-06 05:23:00-05:00,TQQQ,48.26,48.26,48.16,48.19,8994.0,48.2315,133
2026-02-06 05:24:00-05:00,TQQQ,48.16,48.17,48.16,48.17,1734.0,48.1669,57
2026-02-06 05:25:00-05:00,TQQQ,48.18,48.18,48.15,48.17,6228.0,48.1644,107
2026-02-06 05:26:00-05:00,TQQQ,48.15,48.18,48.14,48.16,4280.0,48.1597,96
2026-02-06 05:27:00-05:00,TQQQ,48.19,48.2,48.14,48.14,3990.0,48.1795,85
2026-02-06 05:28:00-05:00,TQQQ,48.17,48.17,48.13,48.13,13273.0,48.1447,176
2026-02-06 05:29:00-05:00,TQQQ,48.15,48.17,48.09,48.11,10279.0,48.137,212
2026-02-06 05:30:00-05:00,TQQQ,48.12,48.13,48.09,48.09,7791.0,48.1227,125
2026-02-06 05:31:00-05:00,TQQQ,48.1,48.15,48.08,48.08,12744.0,48.1045,162
2026-02-06 05:32:00-05:00,TQQQ,48.09,48.13,48.08,48.13,4650.0,48.095,84
2026-02-06 05:33:00-05:00,TQQQ,48.11,48.15,48.11,48.15,1673.0,48.1311,53
2026-02-06 05:34:00-05:00,TQQQ,48.16,48.18,48.16,48.18,9516.0,48.1718,93
2026-02-06 05:35:00-05:00,TQQQ,48.18,48.2,48.17,48.19,3915.0,48.1849,62
2026-02-06 05:36:00-05:00,TQQQ,48.23,48.25,48.22,48.24,2961.0,48.2289,54
2026-02-06 05:37:00-05:00,TQQQ,48.26,48.26,48.23,48.23,14416.0,48.252,136
2026-02-06 05:38:00-05:00,TQQQ,48.23,48.23,48.21,48.23,3391.0,48.2248,84
2026-02-06 05:39:00-05:00,TQQQ,48.24,48.26,48.24,48.26,2963.0,48.2437,53
2026-02-06 05:40:00-05:00,TQQQ,48.26,48.33,48.26,48.33,22631.0,48.2857,146
2026-02-06 05:41:00-05:00,TQQQ,48.35,48.37,48.34,48.35,20052.0,48.3582,191
2026-02-06 05:42:00-05:00,TQQQ,48.34,48.34,48.31,48.32,19410.0,48.3275,157
2026-02-06 05:43:00-05:00,TQQQ,48.32,48.38,48.32,48.34,10486.0,48.3564,145
2026-02-06 05:44:00-05:00,TQQQ,48.33,48.33,48.28,48.3,6549.0,48.3023,114
2026-02-06 05:45:00-05:00,TQQQ,48.29,48.3,48.24,48.28,8132.0,48.2766,134
2026-02-06 05:46:00-05:00,TQQQ,48.26,48.28,48.26,48.28,2140.0,48.2618,43
2026-02-06 05:47:00-05:00,TQQQ,48.28,48.29,48.28,48.29,2354.0,48.2931,47
2026-02-06 05:48:00-05:00,TQQQ,48.36,48.36,48.32,48.35,12178.0,48.3537,105
2026-02-06 05:49:00-05:00,TQQQ,48.36,48.39,48.36,48.38,22012.0,48.3668,146
2026-02-06 05:50:00-05:00,TQQQ,48.39,48.41,48.39,48.41,3679.0,48.3975,70
2026-02-06 05:51:00-05:00,TQQQ,48.4,48.4,48.37,48.37,11099.0,48.3792,132
2026-02-06 05:52:00-05:00,TQQQ,48.41,48.43,48.41,48.43,1282.0,48.4183,32
2026-02-06 05:53:00-05:00,TQQQ,48.44,48.44,48.4,48.43,8303.0,48.4274,93
2026-02-06 05:54:00-05:00,TQQQ,48.44,48.44,48.42,48.43,7161.0,48.4367,111
2026-02-06 05:55:00-05:00,TQQQ,48.45,48.52,48.45,48.52,34481.0,48.4888,345
2026-02-06 05:56:00-05:00,TQQQ,48.51,48.51,48.46,48.46,18412.0,48.4808,155
2026-02-06 05:57:00-05:00,TQQQ,48.48,48.49,48.46,48.49,6875.0,48.484,111
2026-02-06 05:58:00-05:00,TQQQ,48.48,48.49,48.46,48.49,7965.0,48.4732,124
2026-02-06 05:59:00-05:00,TQQQ,48.5,48.56,48.5,48.54,16724.0,48.5449,213
2026-02-06 06:00:00-05:00,TQQQ,48.54,48.69,48.52,48.67,34900.0,48.6217,497
2026-02-06 06:01:00-05:00,TQQQ,48.67,48.73,48.66,48.73,24092.0,48.7056,255
2026-02-06 06:02:00-05:00,TQQQ,48.73,48.76,48.72,48.73,28095.0,48.7377,282
2026-02-06 06:03:00-05:00,TQQQ,48.72,48.73,48.67,48.69,18730.0,48.6923,261
2026-02-06 06:04:00-05:00,TQQQ,48.68,48.68,48.64,48.66,15403.0,48.6578,192
2026-02-06 06:05:00-05:00,TQQQ,48.66,48.72,48.63,48.72,15749.0,48.6733,205
2026-02-06 06:06:00-05:00,TQQQ,48.72,48.72,48.64,48.64,17705.0,48.6961,231
2026-02-06 06:07:00-05:00,TQQQ,48.62,48.62,48.57,48.58,13442.0,48.5901,208
2026-02-06 06:08:00-05:00,TQQQ,48.58,48.63,48.57,48.62,12260.0,48.5856,137
2026-02-06 06:09:00-05:00,TQQQ,48.61,48.63,48.59,48.59,14523.0,48.6175,110
2026-02-06 06:10:00-05:00,TQQQ,48.62,48.68,48.61,48.68,7243.0,48.6529,60
2026-02-06 06:11:00-05:00,TQQQ,48.67,48.71,48.67,48.7,10770.0,48.6932,101
2026-02-06 06:12:00-05:00,TQQQ,48.72,48.74,48.71,48.74,11464.0,48.7271,166
2026-02-06 06:13:00-05:00,TQQQ,48.71,48.71,48.62,48.63,14982.0,48.6681,190
2026-02-06 06:14:00-05:00,TQQQ,48.63,48.72,48.63,48.71,9075.0,48.6706,128
2026-02-06 06:15:00-05:00,TQQQ,48.72,48.72,48.67,48.67,5882.0,48.6971,124
2026-02-06 06:16:00-05:00,TQQQ,48.69,48.69,48.66,48.67,5555.0,48.6689,94
2026-02-06 06:17:00-05:00,TQQQ,48.71,48.71,48.68,48.68,7909.0,48.6888,114
2026-02-06 06:18:00-05:00,TQQQ,48.68,48.7,48.66,48.7,6711.0,48.6839,70
2026-02-06 06:19:00-05:00,TQQQ,48.68,48.72,48.68,48.7,11182.0,48.695,131
2026-02-06 06:20:00-05:00,TQQQ,48.7,48.71,48.69,48.69,4173.0,48.6981,100
2026-02-06 06:21:00-05:00,TQQQ,48.69,48.73,48.69,48.69,4339.0,48.7078,65
2026-02-06 06:22:00-05:00,TQQQ,48.69,48.75,48.69,48.75,5000.0,48.7163,90
2026-02-06 06:23:00-05:00,TQQQ,48.75,48.76,48.69,48.7,26226.0,48.7451,179
2026-02-06 06:24:00-05:00,TQQQ,48.69,48.7,48.67,48.7,11035.0,48.6853,131
2026-02-06 06:25:00-05:00,TQQQ,48.69,48.69,48.65,48.65,11368.0,48.6641,145
2026-02-06 06:26:00-05:00,TQQQ,48.65,48.65,48.61,48.61,15189.0,48.621,165
2026-02-06 06:27:00-05:00,TQQQ,48.61,48.66,48.6,48.66,12426.0,48.6341,121
2026-02-06 06:28:00-05:00,TQQQ,48.67,48.68,48.65,48.67,4190.0,48.6659,79
2026-02-06 06:29:00-05:00,TQQQ,48.67,48.67,48.65,48.65,5085.0,48.6599,74
2026-02-06 06:30:00-05:00,TQQQ,48.63,48.7,48.63,48.67,20113.0,48.6694,181
2026-02-06 06:31:00-05:00,TQQQ,48.67,48.7,48.66,48.7,10268.0,48.6813,102
2026-02-06 06:32:00-05:00,TQQQ,48.72,48.75,48.62,48.75,28430.0,48.6635,238
2026-02-06 06:33:00-05:00,TQQQ,48.73,48.75,48.73,48.73,5846.0,48.7394,80
2026-02-06 06:34:00-05:00,TQQQ,48.76,48.78,48.7,48.71,28968.0,48.7608,208
2026-02-06 06:35:00-05:00,TQQQ,48.7,48.77,48.7,48.77,8258.0,48.733,98
2026-02-06 06:36:00-05:00,TQQQ,48.76,48.87,48.76,48.87,27111.0,48.8011,323
2026-02-06 06:37:00-05:00,TQQQ,48.87,48.93,48.86,48.91,23825.0,48.8987,241
2026-02-06 06:38:00-05:00,TQQQ,48.9,48.9,48.84,48.85,63582.0,48.8768,344
2026-02-06 06:39:00-05:00,TQQQ,48.85,48.87,48.82,48.83,9860.0,48.8449,149
2026-02-06 06:40:00-05:00,TQQQ,48.84,48.91,48.82,48.9,4874.0,48.8786,110
2026-02-06 06:41:00-05:00,TQQQ,48.9,48.9,48.87,48.87,10302.0,48.8803,143
2026-02-06 06:42:00-05:00,TQQQ,48.89,48.91,48.85,48.87,32915.0,48.8808,248
2026-02-06 06:43:00-05:00,TQQQ,48.87,48.89,48.85,48.85,6820.0,48.8696,96
2026-02-06 06:44:00-05:00,TQQQ,48.85,48.85,48.83,48.84,3103.0,48.8391,80
2026-02-06 06:45:00-05:00,TQQQ,48.84,48.85,48.81,48.81,4939.0,48.8286,89
2026-02-06 06:46:00-05:00,TQQQ,48.81,48.84,48.8,48.81,14119.0,48.8171,170
2026-02-06 06:47:00-05:00,TQQQ,48.81,48.82,48.79,48.81,10793.0,48.81,135
2026-02-06 06:48:00-05:00,TQQQ,48.82,48.87,48.82,48.87,6348.0,48.8439,75
2026-02-06 06:49:00-05:00,TQQQ,48.87,48.87,48.81,48.81,9420.0,48.8333,163
2026-02-06 06:50:00-05:00,TQQQ,48.82,48.84,48.77,48.83,13712.0,48.7954,190
2026-02-06 06:51:00-05:00,TQQQ,48.84,48.85,48.79,48.79,7036.0,48.8192,90
2026-02-06 06:52:00-05:00,TQQQ,48.77,48.78,48.75,48.75,5878.0,48.7672,143
2026-02-06 06:53:00-05:00,TQQQ,48.76,48.79,48.73,48.77,13172.0,48.7644,160
2026-02-06 06:54:00-05:00,TQQQ,48.77,48.85,48.75,48.85,22011.0,48.7969,170
2026-02-06 06:55:00-05:00,TQQQ,48.87,48.89,48.86,48.89,19051.0,48.8681,155
2026-02-06 06:56:00-05:00,TQQQ,48.88,48.96,48.88,48.95,15145.0,48.9295,234
2026-02-06 06:57:00-05:00,TQQQ,48.94,48.94,48.91,48.91,3690.0,48.9191,86
2026-02-06 06:58:00-05:00,TQQQ,48.91,48.99,48.9,48.98,31103.0,48.9556,282
2026-02-06 06:59:00-05:00,TQQQ,48.97,48.97,48.9,48.9,18746.0,48.9396,197
2026-02-06 07:00:00-05:00,TQQQ,48.9,48.91,48.781,48.79,160767.0,48.8587,1009
2026-02-06 07:01:00-05:00,TQQQ,48.79,48.85,48.78,48.83,73274.0,48.816,423
2026-02-06 07:02:00-05:00,TQQQ,48.82,48.82,48.76,48.79,39976.0,48.7941,256
2026-02-06 07:03:00-05:00,TQQQ,48.8,48.861,48.8,48.85,70783.0,48.8305,411
2026-02-06 07:04:00-05:00,TQQQ,48.85,48.85,48.79,48.81,21226.0,48.8062,171
2026-02-06 07:05:00-05:00,TQQQ,48.81,48.85,48.79,48.84,38188.0,48.8223,216
2026-02-06 07:06:00-05:00,TQQQ,48.82,48.85,48.77,48.85,46382.0,48.791,236
2026-02-06 07:07:00-05:00,TQQQ,48.86,48.891,48.84,48.84,19227.0,48.8773,170
2026-02-06 07:08:00-05:00,TQQQ,48.86,48.89,48.76,48.76,14469.0,48.8414,147
2026-02-06 07:09:00-05:00,TQQQ,48.76,48.76,48.74,48.74,13387.0,48.7469,140
2026-02-06 07:10:00-05:00,TQQQ,48.74,48.74,48.68,48.71,28207.0,48.713,285
2026-02-06 07:11:00-05:00,TQQQ,48.71,48.74,48.68,48.68,18611.0,48.7043,150
2026-02-06 07:12:00-05:00,TQQQ,48.69,48.7,48.64,48.64,14233.0,48.6608,184
2026-02-06 07:13:00-05:00,TQQQ,48.63,48.67,48.57,48.57,15987.0,48.6247,320
2026-02-06 07:14:00-05:00,TQQQ,48.57,48.61,48.55,48.57,36461.0,48.5758,291
2026-02-06 07:15:00-05:00,TQQQ,48.56,48.58,48.46,48.501,32329.0,48.5163,409
2026-02-06 07:16:00-05:00,TQQQ,48.5,48.67,48.5,48.67,19758.0,48.6056,218
2026-02-06 07:17:00-05:00,TQQQ,48.69,48.7,48.61,48.63,7868.0,48.6649,135
2026-02-06 07:18:00-05:00,TQQQ,48.62,48.62,48.57,48.599,3501.0,48.5886,85
2026-02-06 07:19:00-05:00,TQQQ,48.58,48.58,48.55,48.57,7356.0,48.5705,110
2026-02-06 07:20:00-05:00,TQQQ,48.59,48.65,48.57,48.58,23895.0,48.6205,158
2026-02-06 07:21:00-05:00,TQQQ,48.579,48.61,48.56,48.61,9959.0,48.58,95
2026-02-06 07:22:00-05:00,TQQQ,48.63,48.64,48.58,48.6,7459.0,48.6147,105
2026-02-06 07:23:00-05:00,TQQQ,48.62,48.62,48.57,48.57,7343.0,48.5861,89
2026-02-06 07:24:00-05:00,TQQQ,48.59,48.59,48.549,48.59,7606.0,48.5673,116
2026-02-06 07:25:00-05:00,TQQQ,48.57,48.58,48.55,48.55,12390.0,48.5625,150
2026-02-06 07:26:00-05:00,TQQQ,48.55,48.56,48.51,48.53,7869.0,48.5395,118
2026-02-06 07:27:00-05:00,TQQQ,48.55,48.56,48.51,48.521,10254.0,48.5326,108
2026-02-06 07:28:00-05:00,TQQQ,48.55,48.59,48.55,48.57,5074.0,48.5553,64
2026-02-06 07:29:00-05:00,TQQQ,48.54,48.54,48.5,48.53,15201.0,48.5165,205
2026-02-06 07:30:00-05:00,TQQQ,48.52,48.521,48.5,48.521,10659.0,48.5079,139
2026-02-06 07:31:00-05:00,TQQQ,48.53,48.62,48.53,48.62,20879.0,48.577,163
2026-02-06 07:32:00-05:00,TQQQ,48.62,48.68,48.62,48.68,10030.0,48.6566,121
2026-02-06 07:33:00-05:00,TQQQ,48.66,48.66,48.58,48.58,8909.0,48.6104,121
2026-02-06 07:34:00-05:00,TQQQ,48.57,48.57,48.48,48.48,7408.0,48.52,174
2026-02-06 07:35:00-05:00,TQQQ,48.49,48.5,48.411,48.419,20887.0,48.4731,268
2026-02-06 07:36:00-05:00,TQQQ,48.44,48.49,48.44,48.48,12697.0,48.4611,133
2026-02-06 07:37:00-05:00,TQQQ,48.48,48.48,48.44,48.44,4944.0,48.4642,89
2026-02-06 07:38:00-05:00,TQQQ,48.459,48.52,48.459,48.5,13358.0,48.4803,127
2026-02-06 07:39:00-05:00,TQQQ,48.49,48.5,48.43,48.43,25008.0,48.4622,230
2026-02-06 07:40:00-05:00,TQQQ,48.43,48.57,48.4,48.56,27607.0,48.4945,330
2026-02-06 07:41:00-05:00,TQQQ,48.55,48.6,48.55,48.58,12372.0,48.5705,143
2026-02-06 07:42:00-05:00,TQQQ,48.57,48.62,48.57,48.61,9543.0,48.6099,115
2026-02-06 07:43:00-05:00,TQQQ,48.61,48.61,48.569,48.569,3872.0,48.5948,86
2026-02-06 07:44:00-05:00,TQQQ,48.55,48.55,48.52,48.52,8945.0,48.5463,140
2026-02-06 07:45:00-05:00,TQQQ,48.549,48.6,48.549,48.59,6666.0,48.581,67
2026-02-06 07:46:00-05:00,TQQQ,48.59,48.59,48.54,48.55,7805.0,48.565,93
2026-02-06 07:47:00-05:00,TQQQ,48.55,48.55,48.55,48.55,4129.0,48.5508,42
2026-02-06 07:48:00-05:00,TQQQ,48.55,48.55,48.53,48.53,2352.0,48.5409,61
2026-02-06 07:49:00-05:00,TQQQ,48.56,48.56,48.53,48.549,13985.0,48.5506,148
2026-02-06 07:50:00-05:00,TQQQ,48.55,48.55,48.48,48.48,21138.0,48.5341,174
2026-02-06 07:51:00-05:00,TQQQ,48.48,48.49,48.45,48.45,8556.0,48.479,138
2026-02-06 07:52:00-05:00,TQQQ,48.45,48.45,48.43,48.45,7816.0,48.4431,85
2026-02-06 07:53:00-05:00,TQQQ,48.44,48.44,48.36,48.369,19858.0,48.4058,257
2026-02-06 07:54:00-05:00,TQQQ,48.38,48.38,48.33,48.34,16422.0,48.3694,184
2026-02-06 07:55:00-05:00,TQQQ,48.36,48.4,48.36,48.4,8822.0,48.3759,74
2026-02-06 07:56:00-05:00,TQQQ,48.41,48.5,48.41,48.45,18824.0,48.4815,157
2026-02-06 07:57:00-05:00,TQQQ,48.44,48.49,48.44,48.49,4939.0,48.457,46
2026-02-06 07:58:00-05:00,TQQQ,48.48,48.5,48.46,48.5,11597.0,48.4919,98
2026-02-06 07:59:00-05:00,TQQQ,48.51,48.53,48.45,48.45,7590.0,48.4901,110
2026-02-06 08:00:00-05:00,TQQQ,48.46,48.51,48.4401,48.501,46478.0,48.4945,233
2026-02-06 08:01:00-05:00,TQQQ,48.5,48.51,48.41,48.43,23080.0,48.4488,186
2026-02-06 08:02:00-05:00,TQQQ,48.43,48.44,48.3798,48.39,25745.0,48.4027,165
2026-02-06 08:03:00-05:00,TQQQ,48.4,48.42,48.36,48.38,24334.0,48.3843,196
2026-02-06 08:04:00-05:00,TQQQ,48.39,48.39,48.37,48.38,19647.0,48.3766,204
2026-02-06 08:05:00-05:00,TQQQ,48.38,48.39,48.35,48.35,10759.0,48.3673,106
2026-02-06 08:06:00-05:00,TQQQ,48.35,48.4,48.35,48.39,30591.0,48.3636,256
2026-02-06 08:07:00-05:00,TQQQ,48.38,48.4,48.32,48.36,31952.0,48.355,243
2026-02-06 08:08:00-05:00,TQQQ,48.38,48.43,48.37,48.37,25206.0,48.413,183
2026-02-06 08:09:00-05:00,TQQQ,48.4,48.4,48.35,48.36,30125.0,48.361,151
2026-02-06 08:10:00-05:00,TQQQ,48.36,48.37,48.32,48.32,62804.0,48.35,250
2026-02-06 08:11:00-05:00,TQQQ,48.33,48.44,48.33,48.44,16915.0,48.3747,171
2026-02-06 08:12:00-05:00,TQQQ,48.44,48.55,48.44,48.53,68174.0,48.4827,372
2026-02-06 08:13:00-05:00,TQQQ,48.53,48.58,48.52,48.5702,19488.0,48.566,197
2026-02-06 08:14:00-05:00,TQQQ,48.58,48.6,48.56,48.57,28066.0,48.5815,227
2026-02-06 08:15:00-05:00,TQQQ,48.56,48.5685,48.45,48.46,15096.0,48.5136,229
2026-02-06 08:16:00-05:00,TQQQ,48.47,48.53,48.46,48.5102,7646.0,48.5007,100
2026-02-06 08:17:00-05:00,TQQQ,48.5,48.54,48.4897,48.4897,21608.0,48.5145,190
2026-02-06 08:18:00-05:00,TQQQ,48.48,48.57,48.47,48.57,22876.0,48.5153,160
2026-02-06 08:19:00-05:00,TQQQ,48.58,48.69,48.58,48.67,60803.0,48.618,355
2026-02-06 08:20:00-05:00,TQQQ,48.68,48.73,48.6399,48.669,47913.0,48.6882,378
2026-02-06 08:21:00-05:00,TQQQ,48.68,48.78,48.67,48.78,31562.0,48.7301,253
2026-02-06 08:22:00-05:00,TQQQ,48.78,48.81,48.7415,48.78,42998.0,48.7771,371
2026-02-06 08:23:00-05:00,TQQQ,48.8,48.8,48.73,48.73,18132.0,48.7634,213
2026-02-06 08:24:00-05:00,TQQQ,48.7502,48.8115,48.7,48.8,36975.0,48.768,286
2026-02-06 08:25:00-05:00,TQQQ,48.82,48.83,48.7497,48.7497,15343.0,48.7788,218
2026-02-06 08:26:00-05:00,TQQQ,48.76,48.76,48.65,48.66,25688.0,48.7006,307
2026-02-06 08:27:00-05:00,TQQQ,48.67,48.7,48.66,48.6801,16768.0,48.6909,175
2026-02-06 08:28:00-05:00,TQQQ,48.68,48.7,48.67,48.7,9503.0,48.6853,127
2026-02-06 08:29:00-05:00,TQQQ,48.68,48.69,48.6699,48.67,11503.0,48.6733,116
2026-02-06 08:30:00-05:00,TQQQ,48.67,48.86,48.67,48.81,40680.0,48.7877,273
2026-02-06 08:31:00-05:00,TQQQ,48.82,48.84,48.77,48.78,44259.0,48.806,275
2026-02-06 08:32:00-05:00,TQQQ,48.7915,48.8018,48.69,48.72,38095.0,48.7428,250
2026-02-06 08:33:00-05:00,TQQQ,48.71,48.82,48.7,48.82,43353.0,48.7583,246
2026-02-06 08:34:00-05:00,TQQQ,48.819,48.82,48.72,48.72,41244.0,48.7762,286
2026-02-06 08:35:00-05:00,TQQQ,48.71,48.74,48.69,48.73,21326.0,48.705,207
2026-02-06 08:36:00-05:00,TQQQ,48.7202,48.73,48.6,48.65,32686.0,48.6506,433
2026-02-06 08:37:00-05:00,TQQQ,48.65,48.7197,48.43,48.59,143693.0,48.5453,1005
2026-02-06 08:38:00-05:00,TQQQ,48.57,48.6803,48.57,48.6701,20281.0,48.6441,192
2026-02-06 08:39:00-05:00,TQQQ,48.69,48.8,48.58,48.68,136731.0,48.6941,776
2026-02-06 08:40:00-05:00,TQQQ,48.68,48.76,48.62,48.7,46889.0,48.696,395
2026-02-06 08:41:00-05:00,TQQQ,48.73,48.73,48.65,48.65,20834.0,48.6972,213
2026-02-06 08:42:00-05:00,TQQQ,48.66,48.76,48.65,48.6799,36826.0,48.6954,279
2026-02-06 08:43:00-05:00,TQQQ,48.68,48.7,48.6218,48.6218,23360.0,48.6648,243
2026-02-06 08:44:00-05:00,TQQQ,48.63,48.64,48.58,48.62,19126.0,48.6059,244
2026-02-06 08:45:00-05:00,TQQQ,48.62,48.67,48.6,48.6218,25079.0,48.6442,229
2026-02-06 08:46:00-05:00,TQQQ,48.62,48.66,48.59,48.66,23825.0,48.6125,157
2026-02-06 08:47:00-05:00,TQQQ,48.66,48.67,48.6,48.6,18239.0,48.6305,173
2026-02-06 08:48:00-05:00,TQQQ,48.59,48.65,48.59,48.62,20703.0,48.6292,141
2026-02-06 08:49:00-05:00,TQQQ,48.62,48.67,48.61,48.66,7930.0,48.6442,104
2026-02-06 08:50:00-05:00,TQQQ,48.68,48.68,48.52,48.52,112804.0,48.6076,704
2026-02-06 08:51:00-05:00,TQQQ,48.52,48.53,48.48,48.51,29792.0,48.509,300
2026-02-06 08:52:00-05:00,TQQQ,48.51,48.52,48.44,48.52,63032.0,48.4744,336
2026-02-06 08:53:00-05:00,TQQQ,48.52,48.55,48.469,48.5,14658.0,48.501,207
2026-02-06 08:54:00-05:00,TQQQ,48.5018,48.55,48.5018,48.52,15028.0,48.5314,130
2026-02-06 08:55:00-05:00,TQQQ,48.51,48.58,48.51,48.56,22840.0,48.5355,162
2026-02-06 08:56:00-05:00,TQQQ,48.56,48.57,48.47,48.51,41294.0,48.5382,192
2026-02-06 08:57:00-05:00,TQQQ,48.5,48.6,48.5,48.5899,14927.0,48.5664,145
2026-02-06 08:58:00-05:00,TQQQ,48.58,48.59,48.49,48.53,34518.0,48.5488,308
2026-02-06 08:59:00-05:00,TQQQ,48.53,48.57,48.51,48.56,17083.0,48.5362,160
2026-02-06 09:00:00-05:00,TQQQ,48.55,48.57,48.5099,48.53,24226.0,48.5327,172
2026-02-06 09:01:00-05:00,TQQQ,48.5315,48.54,48.4899,48.53,36940.0,48.5043,220
2026-02-06 09:02:00-05:00,TQQQ,48.53,48.56,48.5,48.52,27621.0,48.5301,203
2026-02-06 09:03:00-05:00,TQQQ,48.54,48.57,48.46,48.46,12971.0,48.5247,210
2026-02-06 09:04:00-05:00,TQQQ,48.45,48.5215,48.44,48.5215,36061.0,48.4852,242
2026-02-06 09:05:00-05:00,TQQQ,48.525,48.56,48.52,48.55,19899.0,48.5347,120
2026-02-06 09:06:00-05:00,TQQQ,48.54,48.56,48.48,48.53,28870.0,48.5312,206
2026-02-06 09:07:00-05:00,TQQQ,48.54,48.58,48.51,48.57,24243.0,48.5569,169
2026-02-06 09:08:00-05:00,TQQQ,48.57,48.64,48.56,48.63,29416.0,48.5838,205
2026-02-06 09:09:00-05:00,TQQQ,48.63,48.67,48.6,48.6,26527.0,48.6346,195
2026-02-06 09:10:00-05:00,TQQQ,48.6,48.6,48.52,48.57,20801.0,48.5493,158
2026-02-06 09:11:00-05:00,TQQQ,48.57,48.59,48.57,48.57,24939.0,48.5786,170
2026-02-06 09:12:00-05:00,TQQQ,48.58,48.6,48.5698,48.57,17517.0,48.5853,116
2026-02-06 09:13:00-05:00,TQQQ,48.56,48.57,48.5103,48.5103,21644.0,48.5479,197
2026-02-06 09:14:00-05:00,TQQQ,48.51,48.549,48.47,48.549,45193.0,48.4967,325
2026-02-06 09:15:00-05:00,TQQQ,48.54,48.55,48.49,48.5084,16485.0,48.5183,143
2026-02-06 09:16:00-05:00,TQQQ,48.5,48.51,48.4782,48.5,19274.0,48.4916,179
2026-02-06 09:17:00-05:00,TQQQ,48.5,48.57,48.49,48.5683,11688.0,48.5329,103
2026-02-06 09:18:00-05:00,TQQQ,48.56,48.56,48.51,48.52,7187.0,48.5399,117
2026-02-06 09:19:00-05:00,TQQQ,48.53,48.611,48.53,48.61,36307.0,48.5736,190
2026-02-06 09:20:00-05:00,TQQQ,48.6101,48.62,48.56,48.5615,13414.0,48.5893,150
2026-02-06 09:21:00-05:00,TQQQ,48.5618,48.59,48.5618,48.59,35996.0,48.5712,161
2026-02-06 09:22:00-05:00,TQQQ,48.59,48.59,48.51,48.51,31972.0,48.5378,210
2026-02-06 09:23:00-05:00,TQQQ,48.51,48.5501,48.5,48.53,14580.0,48.5355,117
2026-02-06 09:24:00-05:00,TQQQ,48.55,48.57,48.53,48.53,9916.0,48.5552,143
2026-02-06 09:25:00-05:00,TQQQ,48.53,48.54,48.44,48.46,52030.0,48.477,381
2026-02-06 09:26:00-05:00,TQQQ,48.47,48.5,48.44,48.48,22189.0,48.4624,116
2026-02-06 09:27:00-05:00,TQQQ,48.47,48.47,48.33,48.35,68192.0,48.4015,666
2026-02-06 09:28:00-05:00,TQQQ,48.34,48.38,48.28,48.37,61770.0,48.3306,512
2026-02-06 09:29:00-05:00,TQQQ,48.4,48.47,48.33,48.35,36300.0,48.3942,265
2026-02-06 09:30:00-05:00,TQQQ,48.34,48.3897,48.105,48.205,1787729.0,48.2516,9264
2026-02-06 09:31:00-05:00,TQQQ,48.215,48.4189,48.129,48.3,1191284.0,48.2785,6301
2026-02-06 09:32:00-05:00,TQQQ,48.3,48.7598,47.995,48.755,1550739.0,48.2574,8856
2026-02-06 09:33:00-05:00,TQQQ,48.76,48.965,48.76,48.9501,1164897.0,48.8629,6018
2026-02-06 09:34:00-05:00,TQQQ,48.95,49.065,48.8101,48.8987,1095426.0,48.937,5795
2026-02-06 09:35:00-05:00,TQQQ,48.905,48.98,48.78,48.9,919069.0,48.8716,4685
2026-02-06 09:36:00-05:00,TQQQ,48.9,48.9202,48.68,48.9065,975128.0,48.8038,4735
2026-02-06 09:37:00-05:00,TQQQ,48.89,49.0,48.81,48.9999,846299.0,48.9179,4278
2026-02-06 09:38:00-05:00,TQQQ,49.0,49.2399,48.9934,49.195,998403.0,49.1491,5168
2026-02-06 09:39:00-05:00,TQQQ,49.2,49.27,49.15,49.2129,687407.0,49.2053,3523
2026-02-06 09:40:00-05:00,TQQQ,49.2111,49.3,49.02,49.2401,831166.0,49.1699,4334
2026-02-06 09:41:00-05:00,TQQQ,49.24,49.285,48.842,48.8865,752828.0,49.0332,3888
2026-02-06 09:42:00-05:00,TQQQ,48.89,49.0,48.8301,48.92,568308.0,48.9003,3246
2026-02-06 09:43:00-05:00,TQQQ,48.92,49.13,48.89,49.1099,597812.0,49.0073,2894
2026-02-06 09:44:00-05:00,TQQQ,49.11,49.3,49.0668,49.3,597971.0,49.1669,2778
2026-02-06 09:45:00-05:00,TQQQ,49.3,49.39,49.27,49.315,634541.0,49.3347,3653
2026-02-06 09:46:00-05:00,TQQQ,49.325,49.4199,49.12,49.2521,808279.0,49.2873,3942
2026-02-06 09:47:00-05:00,TQQQ,49.26,49.4099,49.17,49.3789,416648.0,49.2993,2258
2026-02-06 09:48:00-05:00,TQQQ,49.37,49.43,49.28,49.39,391022.0,49.3497,2102
2026-02-06 09:49:00-05:00,TQQQ,49.39,49.425,49.14,49.34,832357.0,49.3028,4491
2026-02-06 09:50:00-05:00,TQQQ,49.34,49.41,49.2415,49.36,358771.0,49.3493,1785
2026-02-06 09:51:00-05:00,TQQQ,49.375,49.61,49.36,49.575,891531.0,49.5039,4372
2026-02-06 09:52:00-05:00,TQQQ,49.5728,49.625,49.48,49.597,432573.0,49.5436,2292
2026-02-06 09:53:00-05:00,TQQQ,49.595,49.61,49.31,49.32,488849.0,49.4746,2644
2026-02-06 09:54:00-05:00,TQQQ,49.33,49.385,49.1812,49.188,496586.0,49.289,2743
2026-02-06 09:55:00-05:00,TQQQ,49.2,49.2,48.96,49.05,831819.0,49.0556,3914
2026-02-06 09:56:00-05:00,TQQQ,49.043,49.05,48.89,48.905,612322.0,48.9382,3192
2026-02-06 09:57:00-05:00,TQQQ,48.905,49.1099,48.87,49.1,537357.0,48.9867,2918
2026-02-06 09:58:00-05:00,TQQQ,49.1,49.11,48.84,48.965,340443.0,48.9641,2290
2026-02-06 09:59:00-05:00,TQQQ,48.97,48.975,48.86,48.87,222021.0,48.9039,1542
2026-02-06 10:00:00-05:00,TQQQ,48.88,48.94,48.73,48.8295,719129.0,48.8067,4387
2026-02-06 10:01:00-05:00,TQQQ,48.82,48.83,48.5812,48.665,790794.0,48.7093,3980
2026-02-06 10:02:00-05:00,TQQQ,48.67,48.7593,48.585,48.6582,463654.0,48.6796,2488
2026-02-06 10:03:00-05:00,TQQQ,48.65,48.7299,48.53,48.53,433992.0,48.6002,2263
2026-02-06 10:04:00-05:00,TQQQ,48.54,48.5998,48.4621,48.5616,423857.0,48.5359,2402
2026-02-06 10:05:00-05:00,TQQQ,48.57,48.84,48.53,48.6199,899812.0,48.6786,3133
2026-02-06 10:06:00-05:00,TQQQ,48.63,48.63,48.3403,48.355,520189.0,48.4559,2568
2026-02-06 10:07:00-05:00,TQQQ,48.3579,48.54,48.323,48.515,469018.0,48.4013,2155
2026-02-06 10:08:00-05:00,TQQQ,48.5,48.535,48.3887,48.51,380884.0,48.4545,1651
2026-02-06 10:09:00-05:00,TQQQ,48.5121,48.62,48.46,48.49,395215.0,48.539,1981
2026-02-06 10:10:00-05:00,TQQQ,48.5,48.78,48.5,48.7551,640142.0,48.6715,2633
2026-02-06 10:11:00-05:00,TQQQ,48.75,48.965,48.73,48.8299,539986.0,48.8734,2941
2026-02-06 10:12:00-05:00,TQQQ,48.83,48.86,48.52,48.5401,610469.0,48.7228,2960
2026-02-06 10:13:00-05:00,TQQQ,48.545,48.59,48.36,48.435,559322.0,48.4604,3341
2026-02-06 10:14:00-05:00,TQQQ,48.44,48.54,48.37,48.395,418916.0,48.4401,2214
2026-02-06 10:15:00-05:00,TQQQ,48.39,48.518,48.35,48.42,549372.0,48.4431,2763
2026-02-06 10:16:00-05:00,TQQQ,48.415,48.635,48.24,48.63,782605.0,48.4017,4079
2026-02-06 10:17:00-05:00,TQQQ,48.63,48.79,48.5503,48.63,601570.0,48.6817,2858
2026-02-06 10:18:00-05:00,TQQQ,48.64,48.875,48.52,48.8387,603799.0,48.738,2670
2026-02-06 10:19:00-05:00,TQQQ,48.85,48.92,48.725,48.85,402803.0,48.8361,2300
2026-02-06 10:20:00-05:00,TQQQ,48.85,48.925,48.81,48.815,385159.0,48.8675,2045
2026-02-06 10:21:00-05:00,TQQQ,48.82,49.14,48.79,49.025,682688.0,48.997,3554
2026-02-06 10:22:00-05:00,TQQQ,49.03,49.155,49.0199,49.11,390299.0,49.1049,1891
2026-02-06 10:23:00-05:00,TQQQ,49.115,49.1612,48.615,48.6682,733182.0,48.8437,3788
2026-02-06 10:24:00-05:00,TQQQ,48.67,48.84,48.6006,48.78,294967.0,48.706,1908
2026-02-06 10:25:00-05:00,TQQQ,48.77,49.079,48.715,49.055,392199.0,48.926,2077
2026-02-06 10:26:00-05:00,TQQQ,49.055,49.18,49.01,49.16,352529.0,49.0863,1917
2026-02-06 10:27:00-05:00,TQQQ,49.16,49.18,48.97,49.035,392306.0,49.0738,1986
2026-02-06 10:28:00-05:00,TQQQ,49.03,49.23,49.03,49.113,402569.0,49.163,2049
2026-02-06 10:29:00-05:00,TQQQ,49.11,49.17,49.04,49.16,249910.0,49.1189,1629
2026-02-06 10:30:00-05:00,TQQQ,49.16,49.1784,49.002,49.0632,778317.0,49.0938,3314
2026-02-06 10:31:00-05:00,TQQQ,49.065,49.08,48.905,49.0188,450696.0,49.0111,2083
2026-02-06 10:32:00-05:00,TQQQ,49.015,49.11,48.93,49.0732,583924.0,49.0433,2893
2026-02-06 10:33:00-05:00,TQQQ,49.09,49.25,49.04,49.2369,2719226.0,49.1047,5786
2026-02-06 10:34:00-05:00,TQQQ,49.235,49.3203,49.215,49.28,434139.0,49.277,1941
2026-02-06 10:35:00-05:00,TQQQ,49.28,49.32,49.185,49.31,292341.0,49.2635,1628
2026-02-06 10:36:00-05:00,TQQQ,49.295,49.31,49.15,49.1921,294168.0,49.2449,1374
2026-02-06 10:37:00-05:00,TQQQ,49.19,49.25,49.17,49.2379,291110.0,49.2117,1233
2026-02-06 10:38:00-05:00,TQQQ,49.22,49.2696,49.19,49.2301,185363.0,49.2392,952
2026-02-06 10:39:00-05:00,TQQQ,49.24,49.28,49.19,49.21,209101.0,49.2315,1053
2026-02-06 10:40:00-05:00,TQQQ,49.22,49.3,49.17,49.245,318274.0,49.2249,1531
2026-02-06 10:41:00-05:00,TQQQ,49.245,49.3,49.229,49.245,233390.0,49.2568,1123
2026-02-06 10:42:00-05:00,TQQQ,49.24,49.395,49.195,49.33,475164.0,49.2937,2163
2026-02-06 10:43:00-05:00,TQQQ,49.3376,49.4086,49.25,49.3079,377979.0,49.3217,1490
2026-02-06 10:44:00-05:00,TQQQ,49.3,49.35,49.245,49.28,199413.0,49.2938,1040
2026-02-06 10:45:00-05:00,TQQQ,49.29,49.37,49.27,49.32,190486.0,49.3152,946
2026-02-06 10:46:00-05:00,TQQQ,49.325,49.4699,49.3103,49.4501,287726.0,49.4043,1170
2026-02-06 10:47:00-05:00,TQQQ,49.45,49.49,49.4164,49.485,259235.0,49.4562,1234
2026-02-06 10:48:00-05:00,TQQQ,49.48,49.48,49.23,49.243,307634.0,49.3518,1755
2026-02-06 10:49:00-05:00,TQQQ,49.25,49.31,49.19,49.205,399291.0,49.2442,1761
2026-02-06 10:50:00-05:00,TQQQ,49.21,49.21,48.91,48.92,759323.0,49.0042,2882
2026-02-06 10:51:00-05:00,TQQQ,48.915,49.04,48.91,48.98,427296.0,48.9647,1678
2026-02-06 10:52:00-05:00,TQQQ,48.98,49.0,48.83,48.84,292239.0,48.921,1470
2026-02-06 10:53:00-05:00,TQQQ,48.84,48.86,48.8,48.81,240750.0,48.8309,1256
2026-02-06 10:54:00-05:00,TQQQ,48.8,48.83,48.68,48.74,400778.0,48.754,1981
2026-02-06 10:55:00-05:00,TQQQ,48.735,48.98,48.69,48.9735,360710.0,48.782,1462
2026-02-06 10:56:00-05:00,TQQQ,48.975,49.07,48.91,49.0,449641.0,49.01,1691
2026-02-06 10:57:00-05:00,TQQQ,49.0,49.07,48.96,49.03,235708.0,49.0022,1118
2026-02-06 10:58:00-05:00,TQQQ,49.04,49.1199,48.97,49.01,269390.0,49.0558,1352
2026-02-06 10:59:00-05:00,TQQQ,49.01,49.1492,48.95,49.1199,293157.0,49.0708,1116
2026-02-06 11:00:00-05:00,TQQQ,49.12,49.139,49.04,49.085,267649.0,49.097,1328
2026-02-06 11:01:00-05:00,TQQQ,49.08,49.2396,49.06,49.2287,314649.0,49.1275,1228
2026-02-06 11:02:00-05:00,TQQQ,49.23,49.34,49.17,49.3079,337939.0,49.2751,1584
2026-02-06 11:03:00-05:00,TQQQ,49.31,49.435,49.31,49.425,370062.0,49.3815,1388
2026-02-06 11:04:00-05:00,TQQQ,49.4399,49.48,49.38,49.4798,256633.0,49.4232,1062
2026-02-06 11:05:00-05:00,TQQQ,49.48,49.53,49.43,49.45,456534.0,49.4884,1824
2026-02-06 11:06:00-05:00,TQQQ,49.453,49.57,49.407,49.565,268505.0,49.4677,1104
2026-02-06 11:07:00-05:00,TQQQ,49.57,49.685,49.5696,49.6303,495767.0,49.6397,2272
2026-02-06 11:08:00-05:00,TQQQ,49.63,49.655,49.508,49.54,266320.0,49.5755,1260
2026-02-06 11:09:00-05:00,TQQQ,49.545,49.605,49.535,49.5821,227383.0,49.5738,1079
2026-02-06 11:10:00-05:00,TQQQ,49.59,49.68,49.5801,49.67,174897.0,49.6357,848
2026-02-06 11:11:00-05:00,TQQQ,49.66,49.7099,49.57,49.7001,355894.0,49.6464,1350
2026-02-06 11:12:00-05:00,TQQQ,49.7082,49.72,49.6508,49.66,149798.0,49.6821,767
2026-02-06 11:13:00-05:00,TQQQ,49.656,49.728,49.63,49.72,184709.0,49.6837,849
2026-02-06 11:14:00-05:00,TQQQ,49.72,49.74,49.69,49.735,231282.0,49.7203,1040
2026-02-06 11:15:00-05:00,TQQQ,49.735,49.77,49.705,49.7201,342055.0,49.7413,1396
2026-02-06 11:16:00-05:00,TQQQ,49.7221,49.735,49.59,49.617,582762.0,49.6671,1280
2026-02-06 11:17:00-05:00,TQQQ,49.62,49.63,49.57,49.62,149456.0,49.6041,846
2026-02-06 11:18:00-05:00,TQQQ,49.5983,49.6799,49.585,49.66,173500.0,49.6356,774
2026-02-06 11:19:00-05:00,TQQQ,49.67,49.675,49.64,49.665,116631.0,49.6536,566
2026-02-06 11:20:00-05:00,TQQQ,49.67,49.76,49.65,49.7002,425869.0,49.7147,1203
2026-02-06 11:21:00-05:00,TQQQ,49.7099,49.8907,49.705,49.8907,436501.0,49.8085,1859
2026-02-06 11:22:00-05:00,TQQQ,49.895,49.92,49.7719,49.7951,317699.0,49.8381,1321
2026-02-06 11:23:00-05:00,TQQQ,49.79,49.855,49.79,49.805,111468.0,49.8215,607
2026-02-06 11:24:00-05:00,TQQQ,49.795,49.8199,49.7519,49.79,166413.0,49.7842,752
2026-02-06 11:25:00-05:00,TQQQ,49.78,49.79,49.68,49.695,286887.0,49.737,1088
2026-02-06 11:26:00-05:00,TQQQ,49.7,49.75,49.66,49.69,308091.0,49.7132,1037
2026-02-06 11:27:00-05:00,TQQQ,49.7,49.7066,49.5911,49.625,393990.0,49.6274,1252
2026-02-06 11:28:00-05:00,TQQQ,49.62,49.688,49.595,49.6626,154799.0,49.6401,739
2026-02-06 11:29:00-05:00,TQQQ,49.68,49.7586,49.67,49.755,195318.0,49.7024,721
2026-02-06 11:30:00-05:00,TQQQ,49.75,49.86,49.74,49.82,357304.0,49.8077,1370
2026-02-06 11:31:00-05:00,TQQQ,49.815,49.82,49.75,49.785,187097.0,49.7722,724
2026-02-06 11:32:00-05:00,TQQQ,49.79,49.88,49.79,49.825,125451.0,49.8371,621
2026-02-06 11:33:00-05:00,TQQQ,49.82,49.875,49.8,49.8701,118754.0,49.8292,598
2026-02-06 11:34:00-05:00,TQQQ,49.87,49.94,49.8601,49.932,193359.0,49.8971,874
2026-02-06 11:35:00-05:00,TQQQ,49.935,50.0,49.91,49.98,458311.0,49.9566,1499
2026-02-06 11:36:00-05:00,TQQQ,49.97,49.9725,49.89,49.95,366560.0,49.9276,1030
2026-02-06 11:37:00-05:00,TQQQ,49.94,49.9401,49.87,49.9,207292.0,49.9022,766
2026-02-06 11:38:00-05:00,TQQQ,49.9007,49.97,49.89,49.92,181127.0,49.9143,718
2026-02-06 11:39:00-05:00,TQQQ,49.91,49.97,49.895,49.9103,167370.0,49.9278,512
2026-02-06 11:40:00-05:00,TQQQ,49.91,49.99,49.89,49.9699,423260.0,49.917,971
2026-02-06 11:41:00-05:00,TQQQ,49.97,50.0085,49.96,50.0085,357022.0,49.9884,1806
2026-02-06 11:42:00-05:00,TQQQ,50.0,50.0169,49.92,49.9432,329464.0,49.9597,956
2026-02-06 11:43:00-05:00,TQQQ,49.945,49.98,49.88,49.8999,207634.0,49.9151,683
2026-02-06 11:44:00-05:00,TQQQ,49.89,49.9,49.775,49.865,353786.0,49.8424,1250
2026-02-06 11:45:00-05:00,TQQQ,49.87,49.93,49.85,49.87,285139.0,49.8882,803
2026-02-06 11:46:00-05:00,TQQQ,49.873,49.891,49.8016,49.8879,344789.0,49.8492,950
2026-02-06 11:47:00-05:00,TQQQ,49.89,49.89,49.815,49.82,67924.0,49.8398,371
2026-02-06 11:48:00-05:00,TQQQ,49.8223,49.9,49.8223,49.845,134283.0,49.853,453
2026-02-06 11:49:00-05:00,TQQQ,49.84,49.897,49.8278,49.897,76742.0,49.868,438
2026-02-06 11:50:00-05:00,TQQQ,49.8932,49.93,49.8791,49.9172,146961.0,49.9036,535
2026-02-06 11:51:00-05:00,TQQQ,49.915,49.95,49.88,49.92,117158.0,49.9244,534
2026-02-06 11:52:00-05:00,TQQQ,49.92,49.935,49.88,49.88,97473.0,49.9047,389
2026-02-06 11:53:00-05:00,TQQQ,49.8892,49.96,49.86,49.91,156928.0,49.9107,456
2026-02-06 11:54:00-05:00,TQQQ,49.92,49.935,49.86,49.8969,132053.0,49.8918,491
2026-02-06 11:55:00-05:00,TQQQ,49.89,49.895,49.78,49.81,175215.0,49.8231,756
2026-02-06 11:56:00-05:00,TQQQ,49.8101,49.8372,49.73,49.76,177139.0,49.7733,739
2026-02-06 11:57:00-05:00,TQQQ,49.76,49.7608,49.67,49.685,259807.0,49.705,909
2026-02-06 11:58:00-05:00,TQQQ,49.69,49.695,49.5901,49.6499,259389.0,49.631,987
2026-02-06 11:59:00-05:00,TQQQ,49.66,49.74,49.652,49.725,214612.0,49.696,572
2026-02-06 12:00:00-05:00,TQQQ,49.73,49.74,49.65,49.65,380321.0,49.6851,932
2026-02-06 12:01:00-05:00,TQQQ,49.6501,49.755,49.65,49.755,106042.0,49.6962,453
2026-02-06 12:02:00-05:00,TQQQ,49.76,49.79,49.72,49.7412,186070.0,49.7432,644
2026-02-06 12:03:00-05:00,TQQQ,49.74,49.8199,49.715,49.8199,86040.0,49.7747,413
2026-02-06 12:04:00-05:00,TQQQ,49.81,49.88,49.8,49.88,306695.0,49.8323,990
2026-02-06 12:05:00-05:00,TQQQ,49.88,49.94,49.88,49.92,304000.0,49.9118,728
2026-02-06 12:06:00-05:00,TQQQ,49.925,49.955,49.895,49.93,198447.0,49.9326,545
2026-02-06 12:07:00-05:00,TQQQ,49.93,50.0,49.9107,49.9828,243370.0,49.9674,800
2026-02-06 12:08:00-05:00,TQQQ,49.99,50.0102,49.9501,49.975,353581.0,49.99,993
2026-02-06 12:09:00-05:00,TQQQ,49.975,50.0,49.955,50.0,109422.0,49.9775,486
2026-02-06 12:10:00-05:00,TQQQ,50.0,50.04,49.99,50.04,270045.0,50.023,746
2026-02-06 12:11:00-05:00,TQQQ,50.035,50.05,50.0,50.018,155526.0,50.0275,627
2026-02-06 12:12:00-05:00,TQQQ,50.01,50.0212,49.87,49.9,320530.0,49.9691,913
2026-02-06 12:13:00-05:00,TQQQ,49.9032,49.988,49.86,49.988,209058.0,49.9324,779
2026-02-06 12:14:00-05:00,TQQQ,49.98,50.01,49.955,49.965,104336.0,49.98,499
2026-02-06 12:15:00-05:00,TQQQ,49.96,49.98,49.89,49.9177,160365.0,49.9376,529
2026-02-06 12:16:00-05:00,TQQQ,49.9125,49.95,49.8899,49.9368,173738.0,49.9195,495
2026-02-06 12:17:00-05:00,TQQQ,49.93,50.0,49.875,49.985,130090.0,49.933,535
2026-02-06 12:18:00-05:00,TQQQ,49.9879,50.0116,49.95,50.0116,130264.0,49.9669,443
2026-02-06 12:19:00-05:00,TQQQ,50.0178,50.095,49.99,50.0,248433.0,50.0533,968
2026-02-06 12:20:00-05:00,TQQQ,49.99,50.0,49.9504,49.9703,98748.0,49.9793,448
2026-02-06 12:21:00-05:00,TQQQ,49.965,50.0,49.94,49.94,186729.0,49.9732,487
2026-02-06 12:22:00-05:00,TQQQ,49.945,49.97,49.91,49.97,95558.0,49.9406,359
2026-02-06 12:23:00-05:00,TQQQ,49.9799,49.9878,49.94,49.95,179427.0,49.9692,380
2026-02-06 12:24:00-05:00,TQQQ,49.9624,49.98,49.9534,49.9675,90644.0,49.9673,252
2026-02-06 12:25:00-05:00,TQQQ,49.98,50.025,49.975,50.0,166367.0,49.9972,522
2026-02-06 12:26:00-05:00,TQQQ,49.997,50.0399,49.97,50.03,106626.0,50.016,354
2026-02-06 12:27:00-05:00,TQQQ,50.04,50.12,50.03,50.11,192734.0,50.0817,801
2026-02-06 12:28:00-05:00,TQQQ,50.1098,50.135,50.065,50.0999,172248.0,50.0992,583
2026-02-06 12:29:00-05:00,TQQQ,50.1,50.15,50.1,50.12,134090.0,50.1252,552
2026-02-06 12:30:00-05:00,TQQQ,50.12,50.16,50.12,50.1582,149143.0,50.1486,608
2026-02-06 12:31:00-05:00,TQQQ,50.16,50.22,50.155,50.1999,235154.0,50.1839,994
2026-02-06 12:32:00-05:00,TQQQ,50.195,50.287,50.195,50.275,227511.0,50.2508,1097
2026-02-06 12:33:00-05:00,TQQQ,50.27,50.27,50.215,50.2579,315563.0,50.241,864
2026-02-06 12:34:00-05:00,TQQQ,50.26,50.2799,50.21,50.233,187542.0,50.239,462
2026-02-06 12:35:00-05:00,TQQQ,50.23,50.23,50.075,50.075,238652.0,50.1634,847
2026-02-06 12:36:00-05:00,TQQQ,50.075,50.12,50.02,50.033,287970.0,50.0664,798
2026-02-06 12:37:00-05:00,TQQQ,50.035,50.0887,49.99,50.02,413326.0,50.0216,973
2026-02-06 12:38:00-05:00,TQQQ,50.025,50.035,49.965,49.9668,109485.0,50.0019,524
2026-02-06 12:39:00-05:00,TQQQ,49.96,50.01,49.93,49.9866,174951.0,49.9785,568
2026-02-06 12:40:00-05:00,TQQQ,49.9801,50.06,49.9706,50.0276,171772.0,50.013,541
2026-02-06 12:41:00-05:00,TQQQ,50.03,50.1452,50.03,50.1273,286960.0,50.0949,632
2026-02-06 12:42:00-05:00,TQQQ,50.1301,50.1419,50.105,50.105,152394.0,50.1158,443
2026-02-06 12:43:00-05:00,TQQQ,50.1,50.14,50.05,50.135,173108.0,50.0969,503
2026-02-06 12:44:00-05:00,TQQQ,50.1314,50.14,50.105,50.14,172319.0,50.1209,431
2026-02-06 12:45:00-05:00,TQQQ,50.1345,50.2,50.13,50.1752,125897.0,50.1697,545
2026-02-06 12:46:00-05:00,TQQQ,50.1773,50.2196,50.165,50.1999,172686.0,50.1934,409
2026-02-06 12:47:00-05:00,TQQQ,50.19,50.21,50.1716,50.1801,93926.0,50.1896,301
2026-02-06 12:48:00-05:00,TQQQ,50.19,50.2299,50.185,50.229,107138.0,50.201,347
2026-02-06 12:49:00-05:00,TQQQ,50.2282,50.245,50.17,50.2203,258096.0,50.2031,781
2026-02-06 12:50:00-05:00,TQQQ,50.225,50.24,50.1801,50.1825,230851.0,50.2144,541
2026-02-06 12:51:00-05:00,TQQQ,50.18,50.305,50.145,50.305,312697.0,50.2274,966
2026-02-06 12:52:00-05:00,TQQQ,50.3,50.345,50.255,50.26,355496.0,50.312,989
2026-02-06 12:53:00-05:00,TQQQ,50.2699,50.2891,50.2306,50.2601,172354.0,50.2594,529
2026-02-06 12:54:00-05:00,TQQQ,50.26,50.29,50.21,50.2275,159850.0,50.259,494
2026-02-06 12:55:00-05:00,TQQQ,50.22,50.2481,50.2,50.205,212370.0,50.2134,456
2026-02-06 12:56:00-05:00,TQQQ,50.21,50.28,50.21,50.27,87962.0,50.2518,390
2026-02-06 12:57:00-05:00,TQQQ,50.2699,50.3,50.2501,50.255,84614.0,50.2742,328
2026-02-06 12:58:00-05:00,TQQQ,50.26,50.305,50.26,50.2865,144606.0,50.2826,438
2026-02-06 12:59:00-05:00,TQQQ,50.2899,50.3081,50.2536,50.2582,84040.0,50.2767,375
2026-02-06 13:00:00-05:00,TQQQ,50.26,50.36,50.26,50.33,265061.0,50.3152,706
2026-02-06 13:01:00-05:00,TQQQ,50.337,50.337,50.3,50.313,141174.0,50.3123,410
2026-02-06 13:02:00-05:00,TQQQ,50.3194,50.375,50.3103,50.3265,95728.0,50.3439,473
2026-02-06 13:03:00-05:00,TQQQ,50.33,50.3865,50.325,50.375,108710.0,50.3585,444
2026-02-06 13:04:00-05:00,TQQQ,50.37,50.43,50.3638,50.415,146308.0,50.4081,636
2026-02-06 13:05:00-05:00,TQQQ,50.415,50.425,50.39,50.41,216323.0,50.402,613
2026-02-06 13:06:00-05:00,TQQQ,50.4135,50.44,50.4,50.41,140715.0,50.4175,592
2026-02-06 13:07:00-05:00,TQQQ,50.405,50.405,50.35,50.365,153475.0,50.3727,618
2026-02-06 13:08:00-05:00,TQQQ,50.3601,50.375,50.27,50.2701,363365.0,50.3113,928
2026-02-06 13:09:00-05:00,TQQQ,50.273,50.31,50.26,50.2999,76689.0,50.2867,441
2026-02-06 13:10:00-05:00,TQQQ,50.299,50.3399,50.271,50.2799,166169.0,50.3059,510
2026-02-06 13:11:00-05:00,TQQQ,50.275,50.29,50.2606,50.28,73893.0,50.2734,323
2026-02-06 13:12:00-05:00,TQQQ,50.29,50.375,50.29,50.3368,196037.0,50.3469,556
2026-02-06 13:13:00-05:00,TQQQ,50.34,50.345,50.27,50.28,86514.0,50.3042,338
2026-02-06 13:14:00-05:00,TQQQ,50.2801,50.3155,50.272,50.2899,108453.0,50.2953,334
2026-02-06 13:15:00-05:00,TQQQ,50.285,50.3,50.225,50.2329,125392.0,50.2555,486
2026-02-06 13:16:00-05:00,TQQQ,50.24,50.255,50.1801,50.2472,306073.0,50.2152,743
2026-02-06 13:17:00-05:00,TQQQ,50.245,50.3072,50.245,50.3072,151156.0,50.2723,474
2026-02-06 13:18:00-05:00,TQQQ,50.305,50.34,50.29,50.315,104559.0,50.3198,438
2026-02-06 13:19:00-05:00,TQQQ,50.3198,50.3574,50.31,50.3499,87348.0,50.335,387
2026-02-06 13:20:00-05:00,TQQQ,50.345,50.36,50.305,50.342,64617.0,50.3279,334
2026-02-06 13:21:00-05:00,TQQQ,50.3424,50.41,50.31,50.32,321037.0,50.3647,956
2026-02-06 13:22:00-05:00,TQQQ,50.3101,50.3381,50.3,50.325,120456.0,50.3206,490
2026-02-06 13:23:00-05:00,TQQQ,50.3187,50.33,50.275,50.31,118337.0,50.2942,427
2026-02-06 13:24:00-05:00,TQQQ,50.3045,50.31,50.2606,50.265,53735.0,50.2819,264
2026-02-06 13:25:00-05:00,TQQQ,50.265,50.2799,50.2101,50.2301,272061.0,50.2379,672
2026-02-06 13:26:00-05:00,TQQQ,50.2391,50.255,50.21,50.225,81580.0,50.2318,445
2026-02-06 13:27:00-05:00,TQQQ,50.22,50.24,50.2,50.2,85474.0,50.213,329
2026-02-06 13:28:00-05:00,TQQQ,50.21,50.21,50.1536,50.175,174462.0,50.1757,593
2026-02-06 13:29:00-05:00,TQQQ,50.173,50.2594,50.17,50.245,181489.0,50.2151,413
2026-02-06 13:30:00-05:00,TQQQ,50.245,50.29,50.23,50.2401,207702.0,50.2531,629
2026-02-06 13:31:00-05:00,TQQQ,50.25,50.2799,50.22,50.2771,118435.0,50.2601,375
2026-02-06 13:32:00-05:00,TQQQ,50.28,50.28,50.25,50.2689,68513.0,50.2698,216
2026-02-06 13:33:00-05:00,TQQQ,50.265,50.29,50.2401,50.25,287455.0,50.2626,536
2026-02-06 13:34:00-05:00,TQQQ,50.25,50.26,50.1958,50.2,154518.0,50.2205,451
2026-02-06 13:35:00-05:00,TQQQ,50.2058,50.2665,50.2,50.2582,78365.0,50.239,274
2026-02-06 13:36:00-05:00,TQQQ,50.2571,50.26,50.2301,50.235,37245.0,50.2524,225
2026-02-06 13:37:00-05:00,TQQQ,50.24,50.275,50.21,50.25,166822.0,50.2528,459
2026-02-06 13:38:00-05:00,TQQQ,50.2467,50.3196,50.2201,50.295,94298.0,50.2794,345
2026-02-06 13:39:00-05:00,TQQQ,50.29,50.3096,50.28,50.2999,109433.0,50.2919,385
2026-02-06 13:40:00-05:00,TQQQ,50.2998,50.34,50.28,50.3226,84367.0,50.301,308
2026-02-06 13:41:00-05:00,TQQQ,50.32,50.33,50.265,50.28,83717.0,50.2903,387
2026-02-06 13:42:00-05:00,TQQQ,50.2799,50.31,50.2793,50.3,84204.0,50.2918,302
2026-02-06 13:43:00-05:00,TQQQ,50.32,50.3381,50.295,50.305,112683.0,50.3119,256
2026-02-06 13:44:00-05:00,TQQQ,50.3,50.3,50.26,50.2899,43373.0,50.2804,208
2026-02-06 13:45:00-05:00,TQQQ,50.28,50.34,50.275,50.32,187028.0,50.3177,421
2026-02-06 13:46:00-05:00,TQQQ,50.31,50.31,50.2721,50.302,48363.0,50.2883,213
2026-02-06 13:47:00-05:00,TQQQ,50.305,50.3374,50.3034,50.3282,120245.0,50.3173,243
2026-02-06 13:48:00-05:00,TQQQ,50.325,50.3499,50.315,50.3199,66272.0,50.3314,272
2026-02-06 13:49:00-05:00,TQQQ,50.3145,50.33,50.3025,50.325,37570.0,50.3161,194
2026-02-06 13:50:00-05:00,TQQQ,50.33,50.36,50.3234,50.335,97531.0,50.3369,420
2026-02-06 13:51:00-05:00,TQQQ,50.33,50.34,50.2925,50.3001,47227.0,50.3162,272
2026-02-06 13:52:00-05:00,TQQQ,50.305,50.33,50.27,50.315,122473.0,50.2885,256
2026-02-06 13:53:00-05:00,TQQQ,50.32,50.329,50.2801,50.29,69503.0,50.3034,197
2026-02-06 13:54:00-05:00,TQQQ,50.2932,50.317,50.28,50.3,77928.0,50.2959,218
2026-02-06 13:55:00-05:00,TQQQ,50.29,50.3099,50.28,50.29,53478.0,50.2963,201
2026-02-06 13:56:00-05:00,TQQQ,50.2802,50.29,50.27,50.275,61698.0,50.278,208
2026-02-06 13:57:00-05:00,TQQQ,50.2701,50.29,50.25,50.272,49164.0,50.2665,320
2026-02-06 13:58:00-05:00,TQQQ,50.275,50.2878,50.22,50.235,73466.0,50.253,317
2026-02-06 13:59:00-05:00,TQQQ,50.237,50.24,50.205,50.2183,69158.0,50.2209,258
2026-02-06 14:00:00-05:00,TQQQ,50.21,50.26,50.195,50.2,95737.0,50.2193,380
2026-02-06 14:01:00-05:00,TQQQ,50.2,50.255,50.2,50.255,76586.0,50.235,358
2026-02-06 14:02:00-05:00,TQQQ,50.2565,50.3,50.2501,50.285,134604.0,50.2765,414
2026-02-06 14:03:00-05:00,TQQQ,50.2801,50.285,50.2601,50.2612,51282.0,50.2712,191
2026-02-06 14:04:00-05:00,TQQQ,50.27,50.3,50.26,50.28,89675.0,50.2792,264
2026-02-06 14:05:00-05:00,TQQQ,50.28,50.31,50.24,50.245,168270.0,50.2914,464
2026-02-06 14:06:00-05:00,TQQQ,50.248,50.26,50.23,50.255,58576.0,50.2445,278
2026-02-06 14:07:00-05:00,TQQQ,50.255,50.27,50.2426,50.27,176665.0,50.2601,575
2026-02-06 14:08:00-05:00,TQQQ,50.27,50.295,50.2483,50.2506,122241.0,50.2746,360
2026-02-06 14:09:00-05:00,TQQQ,50.2525,50.2665,50.22,50.255,59654.0,50.2404,254
2026-02-06 14:10:00-05:00,TQQQ,50.25,50.27,50.245,50.2518,80566.0,50.2589,374
2026-02-06 14:11:00-05:00,TQQQ,50.2501,50.27,50.24,50.251,100138.0,50.251,333
2026-02-06 14:12:00-05:00,TQQQ,50.25,50.2501,50.1701,50.1811,57695.0,50.2141,360
2026-02-06 14:13:00-05:00,TQQQ,50.1766,50.205,50.17,50.195,115650.0,50.1872,426
2026-02-06 14:14:00-05:00,TQQQ,50.19,50.2,50.1501,50.1599,95442.0,50.183,374
2026-02-06 14:15:00-05:00,TQQQ,50.16,50.205,50.16,50.185,118665.0,50.1888,438
2026-02-06 14:16:00-05:00,TQQQ,50.185,50.185,50.13,50.13,409619.0,50.1487,790
2026-02-06 14:17:00-05:00,TQQQ,50.1331,50.1593,50.1,50.127,94219.0,50.1258,457
2026-02-06 14:18:00-05:00,TQQQ,50.13,50.18,50.12,50.145,60456.0,50.1407,264
2026-02-06 14:19:00-05:00,TQQQ,50.1401,50.18,50.11,50.16,54463.0,50.1495,236
2026-02-06 14:20:00-05:00,TQQQ,50.1571,50.21,50.15,50.155,84887.0,50.182,340
2026-02-06 14:21:00-05:00,TQQQ,50.1535,50.1791,50.1535,50.1699,39936.0,50.1638,145
2026-02-06 14:22:00-05:00,TQQQ,50.17,50.2799,50.165,50.2775,183378.0,50.2381,499
2026-02-06 14:23:00-05:00,TQQQ,50.27,50.32,50.255,50.3003,135841.0,50.2969,447
2026-02-06 14:24:00-05:00,TQQQ,50.305,50.315,50.28,50.305,86252.0,50.2932,358
2026-02-06 14:25:00-05:00,TQQQ,50.31,50.3278,50.29,50.31,72805.0,50.3052,318
2026-02-06 14:26:00-05:00,TQQQ,50.31,50.3292,50.2901,50.315,44802.0,50.3113,240
2026-02-06 14:27:00-05:00,TQQQ,50.32,50.3298,50.27,50.28,120208.0,50.2959,377
2026-02-06 14:28:00-05:00,TQQQ,50.2734,50.31,50.2734,50.295,38829.0,50.2975,205
2026-02-06 14:29:00-05:00,TQQQ,50.3,50.34,50.3,50.3366,79268.0,50.3269,461
2026-02-06 14:30:00-05:00,TQQQ,50.335,50.35,50.265,50.3132,412259.0,50.3005,794
2026-02-06 14:31:00-05:00,TQQQ,50.32,50.34,50.3,50.31,87148.0,50.3181,351
2026-02-06 14:32:00-05:00,TQQQ,50.314,50.3399,50.3,50.3303,92400.0,50.3167,332
2026-02-06 14:33:00-05:00,TQQQ,50.335,50.35,50.3,50.305,75306.0,50.3199,253
2026-02-06 14:34:00-05:00,TQQQ,50.3,50.305,50.2722,50.275,37406.0,50.2888,256
2026-02-06 14:35:00-05:00,TQQQ,50.273,50.295,50.26,50.28,95244.0,50.2714,362
2026-02-06 14:36:00-05:00,TQQQ,50.28,50.3,50.2601,50.2972,45124.0,50.2787,229
2026-02-06 14:37:00-05:00,TQQQ,50.2999,50.3,50.245,50.26,202430.0,50.2576,469
2026-02-06 14:38:00-05:00,TQQQ,50.2635,50.31,50.26,50.28,126190.0,50.29,397
2026-02-06 14:39:00-05:00,TQQQ,50.28,50.285,50.261,50.261,39684.0,50.273,225
2026-02-06 14:40:00-05:00,TQQQ,50.26,50.2634,50.2201,50.23,111737.0,50.2431,465
2026-02-06 14:41:00-05:00,TQQQ,50.225,50.235,50.1803,50.195,148539.0,50.1995,490
2026-02-06 14:42:00-05:00,TQQQ,50.19,50.205,50.16,50.1821,232870.0,50.1911,601
2026-02-06 14:43:00-05:00,TQQQ,50.185,50.205,50.17,50.17,130867.0,50.1877,367
2026-02-06 14:44:00-05:00,TQQQ,50.18,50.1891,50.1501,50.161,86762.0,50.1722,351
2026-02-06 14:45:00-05:00,TQQQ,50.165,50.23,50.16,50.2178,88978.0,50.2042,360
2026-02-06 14:46:00-05:00,TQQQ,50.2199,50.26,50.2,50.2479,77661.0,50.2311,324
2026-02-06 14:47:00-05:00,TQQQ,50.255,50.2957,50.235,50.2957,74328.0,50.2591,289
2026-02-06 14:48:00-05:00,TQQQ,50.295,50.3299,50.255,50.3299,155436.0,50.3007,405
2026-02-06 14:49:00-05:00,TQQQ,50.3222,50.34,50.29,50.295,135331.0,50.311,424
2026-02-06 14:50:00-05:00,TQQQ,50.29,50.3,50.24,50.29,205364.0,50.27,573
2026-02-06 14:51:00-05:00,TQQQ,50.2903,50.295,50.28,50.28,20960.0,50.2884,141
2026-02-06 14:52:00-05:00,TQQQ,50.285,50.3,50.27,50.2979,57308.0,50.277,238
2026-02-06 14:53:00-05:00,TQQQ,50.29,50.29,50.25,50.2638,73546.0,50.2707,225
2026-02-06 14:54:00-05:00,TQQQ,50.265,50.2757,50.245,50.26,47815.0,50.2594,193
2026-02-06 14:55:00-05:00,TQQQ,50.25,50.2691,50.2,50.2,80403.0,50.2364,331
2026-02-06 14:56:00-05:00,TQQQ,50.205,50.21,50.18,50.18,162194.0,50.1978,475
2026-02-06 14:57:00-05:00,TQQQ,50.18,50.23,50.145,50.16,122835.0,50.1826,401
2026-02-06 14:58:00-05:00,TQQQ,50.15,50.17,50.1335,50.1699,127300.0,50.1582,494
2026-02-06 14:59:00-05:00,TQQQ,50.16,50.16,50.13,50.13,88950.0,50.1413,359
2026-02-06 15:00:00-05:00,TQQQ,50.13,50.13,50.05,50.09,405563.0,50.0837,1387
2026-02-06 15:01:00-05:00,TQQQ,50.095,50.15,50.09,50.145,131450.0,50.1217,415
2026-02-06 15:02:00-05:00,TQQQ,50.145,50.185,50.14,50.185,94027.0,50.1618,333
2026-02-06 15:03:00-05:00,TQQQ,50.1801,50.22,50.175,50.2065,92672.0,50.2048,348
2026-02-06 15:04:00-05:00,TQQQ,50.21,50.22,50.2,50.205,70778.0,50.2121,216
2026-02-06 15:05:00-05:00,TQQQ,50.21,50.305,50.2,50.2948,194444.0,50.2654,551
2026-02-06 15:06:00-05:00,TQQQ,50.3,50.32,50.27,50.27,337748.0,50.2939,688
2026-02-06 15:07:00-05:00,TQQQ,50.277,50.2996,50.27,50.28,67932.0,50.2857,319
2026-02-06 15:08:00-05:00,TQQQ,50.275,50.29,50.265,50.28,104499.0,50.2806,341
2026-02-06 15:09:00-05:00,TQQQ,50.285,50.33,50.285,50.3,123982.0,50.3103,411
2026-02-06 15:10:00-05:00,TQQQ,50.29,50.29,50.265,50.2801,82455.0,50.2774,313
2026-02-06 15:11:00-05:00,TQQQ,50.29,50.315,50.2525,50.2721,75539.0,50.2831,325
2026-02-06 15:12:00-05:00,TQQQ,50.275,50.29,50.2601,50.275,68659.0,50.2781,252
2026-02-06 15:13:00-05:00,TQQQ,50.2725,50.3,50.262,50.3,46372.0,50.2802,223
2026-02-06 15:14:00-05:00,TQQQ,50.3,50.3,50.288,50.29,32638.0,50.2929,254
2026-02-06 15:15:00-05:00,TQQQ,50.29,50.33,50.29,50.3198,67887.0,50.308,240
2026-02-06 15:16:00-05:00,TQQQ,50.32,50.3266,50.295,50.2999,67157.0,50.3137,270
2026-02-06 15:17:00-05:00,TQQQ,50.295,50.3298,50.295,50.315,63656.0,50.3102,277
2026-02-06 15:18:00-05:00,TQQQ,50.3096,50.41,50.3096,50.4034,221402.0,50.3648,845
2026-02-06 15:19:00-05:00,TQQQ,50.4084,50.41,50.3636,50.39,103393.0,50.3824,329
2026-02-06 15:20:00-05:00,TQQQ,50.3901,50.46,50.3801,50.42,248681.0,50.4163,726
2026-02-06 15:21:00-05:00,TQQQ,50.429,50.429,50.37,50.3835,167048.0,50.3962,410
2026-02-06 15:22:00-05:00,TQQQ,50.388,50.4151,50.3701,50.4068,222174.0,50.3916,351
2026-02-06 15:23:00-05:00,TQQQ,50.402,50.45,50.3986,50.425,173124.0,50.426,335
2026-02-06 15:24:00-05:00,TQQQ,50.43,50.44,50.4,50.4027,69428.0,50.4178,228
2026-02-06 15:25:00-05:00,TQQQ,50.41,50.4297,50.38,50.385,60904.0,50.4077,304
2026-02-06 15:26:00-05:00,TQQQ,50.38,50.405,50.3613,50.3955,84422.0,50.384,289
2026-02-06 15:27:00-05:00,TQQQ,50.395,50.415,50.381,50.405,40014.0,50.3971,181
2026-02-06 15:28:00-05:00,TQQQ,50.405,50.435,50.395,50.4,96215.0,50.4175,238
2026-02-06 15:29:00-05:00,TQQQ,50.39,50.4,50.35,50.3625,65384.0,50.3769,257
2026-02-06 15:30:00-05:00,TQQQ,50.36,50.36,50.3101,50.3489,202501.0,50.3324,643
2026-02-06 15:31:00-05:00,TQQQ,50.343,50.41,50.343,50.3799,64639.0,50.3817,351
2026-02-06 15:32:00-05:00,TQQQ,50.365,50.3885,50.35,50.37,77923.0,50.3683,369
2026-02-06 15:33:00-05:00,TQQQ,50.3626,50.37,50.33,50.345,73592.0,50.3494,386
2026-02-06 15:34:00-05:00,TQQQ,50.34,50.365,50.33,50.33,67642.0,50.3436,362
2026-02-06 15:35:00-05:00,TQQQ,50.33,50.34,50.3122,50.34,60285.0,50.3318,436
2026-02-06 15:36:00-05:00,TQQQ,50.34,50.342,50.31,50.325,81162.0,50.3253,549
2026-02-06 15:37:00-05:00,TQQQ,50.325,50.36,50.32,50.355,124699.0,50.3345,575
2026-02-06 15:38:00-05:00,TQQQ,50.355,50.4155,50.355,50.4153,86908.0,50.3873,507
2026-02-06 15:39:00-05:00,TQQQ,50.41,50.425,50.39,50.4199,61973.0,50.409,336
2026-02-06 15:40:00-05:00,TQQQ,50.41,50.485,50.41,50.46,215494.0,50.4623,988
2026-02-06 15:41:00-05:00,TQQQ,50.4597,50.49,50.4534,50.4899,125164.0,50.4774,556
2026-02-06 15:42:00-05:00,TQQQ,50.48,50.6,50.48,50.555,693628.0,50.5366,2502
2026-02-06 15:43:00-05:00,TQQQ,50.555,50.5599,50.51,50.53,173220.0,50.5352,592
2026-02-06 15:44:00-05:00,TQQQ,50.5399,50.595,50.53,50.5926,170893.0,50.5662,670
2026-02-06 15:45:00-05:00,TQQQ,50.59,50.64,50.58,50.6274,240587.0,50.6097,1074
2026-02-06 15:46:00-05:00,TQQQ,50.6299,50.695,50.61,50.675,183354.0,50.6535,996
2026-02-06 15:47:00-05:00,TQQQ,50.6745,50.7,50.65,50.6986,194494.0,50.6743,717
2026-02-06 15:48:00-05:00,TQQQ,50.7,50.71,50.64,50.6401,212024.0,50.6811,943
2026-02-06 15:49:00-05:00,TQQQ,50.64,50.685,50.62,50.68,204376.0,50.65,911
2026-02-06 15:50:00-05:00,TQQQ,50.67,50.8355,50.65,50.8228,812776.0,50.7509,3031
2026-02-06 15:51:00-05:00,TQQQ,50.83,50.99,50.82,50.98,562796.0,50.9222,2671
2026-02-06 15:52:00-05:00,TQQQ,50.98,51.005,50.9,50.9101,736805.0,50.9764,3610
2026-02-06 15:53:00-05:00,TQQQ,50.92,50.97,50.87,50.9568,490402.0,50.9258,2508
2026-02-06 15:54:00-05:00,TQQQ,50.955,50.96,50.88,50.905,538622.0,50.921,2063
2026-02-06 15:55:00-05:00,TQQQ,50.91,50.92,50.745,50.7785,805515.0,50.8261,2519
2026-02-06 15:56:00-05:00,TQQQ,50.78,50.8153,50.76,50.775,312302.0,50.7887,1464
2026-02-06 15:57:00-05:00,TQQQ,50.775,50.8379,50.73,50.8,644104.0,50.7745,1571
2026-02-06 15:58:00-05:00,TQQQ,50.8,50.82,50.755,50.755,560220.0,50.7928,1697
2026-02-06 15:59:00-05:00,TQQQ,50.755,50.815,50.56,50.58,1853831.0,50.7367,4787
2026-02-06 16:00:00-05:00,TQQQ,50.59,50.72,50.49,50.4915,125405.0,50.6087,443
2026-02-06 16:01:00-05:00,TQQQ,50.5,50.68,50.5,50.63,66933.0,50.6055,332
2026-02-06 16:02:00-05:00,TQQQ,50.64,50.64,50.54,50.5499,40559.0,50.5904,161
2026-02-06 16:03:00-05:00,TQQQ,50.54,50.56,50.52,50.52,21141.0,50.5402,136
2026-02-06 16:04:00-05:00,TQQQ,50.51,50.56,50.4885,50.5497,43398.0,50.5215,192
2026-02-06 16:05:00-05:00,TQQQ,50.5402,50.58,50.53,50.57,14971.0,50.5602,115
2026-02-06 16:06:00-05:00,TQQQ,50.58,50.61,50.5694,50.6,41066.0,50.5818,138
2026-02-06 16:07:00-05:00,TQQQ,50.5869,50.5869,50.54,50.5415,52293.0,50.5593,101
2026-02-06 16:08:00-05:00,TQQQ,50.54,50.5491,50.51,50.52,18836.0,50.5309,79
2026-02-06 16:09:00-05:00,TQQQ,50.52,50.52,50.49,50.49,20235.0,50.5,119
2026-02-06 16:10:00-05:00,TQQQ,50.49,50.5,50.47,50.5,16789.0,50.4729,94
2026-02-06 16:11:00-05:00,TQQQ,50.491,50.5,50.46,50.46,8225.0,50.4815,61
2026-02-06 16:12:00-05:00,TQQQ,50.46,50.48,50.45,50.4601,12859.0,50.4602,81
2026-02-06 16:13:00-05:00,TQQQ,50.48,50.49,50.4499,50.4499,55127.0,50.4691,119
2026-02-06 16:14:00-05:00,TQQQ,50.45,50.5,50.44,50.4796,20363.0,50.4774,111
2026-02-06 16:15:00-05:00,TQQQ,50.46,50.46,50.42,50.42,17876.0,50.4443,97
2026-02-06 16:16:00-05:00,TQQQ,50.4285,50.43,50.4,50.4,11354.0,50.4163,86
2026-02-06 16:17:00-05:00,TQQQ,50.42,50.45,50.4097,50.45,14783.0,50.4207,64
2026-02-06 16:18:00-05:00,TQQQ,50.47,50.5,50.46,50.5,23898.0,50.4812,88
2026-02-06 16:19:00-05:00,TQQQ,50.49,50.5,50.47,50.5,17803.0,50.4859,70
2026-02-06 16:20:00-05:00,TQQQ,50.4601,50.5,50.4601,50.4898,2699.0,50.4885,35
2026-02-06 16:21:00-05:00,TQQQ,50.49,50.49,50.47,50.4798,5256.0,50.4784,43
2026-02-06 16:22:00-05:00,TQQQ,50.47,50.47,50.4203,50.4203,14976.0,50.4511,84
2026-02-06 16:23:00-05:00,TQQQ,50.4201,50.4218,50.4,50.42,10024.0,50.4057,101
2026-02-06 16:24:00-05:00,TQQQ,50.41,50.41,50.37,50.39,20970.0,50.3831,106
2026-02-06 16:25:00-05:00,TQQQ,50.39,50.42,50.39,50.39,8177.0,50.4012,65
2026-02-06 16:26:00-05:00,TQQQ,50.38,50.4,50.38,50.3885,3793.0,50.3877,50
2026-02-06 16:27:00-05:00,TQQQ,50.39,50.39,50.3503,50.38,10304.0,50.3751,46
2026-02-06 16:28:00-05:00,TQQQ,50.37,50.39,50.35,50.3798,13565.0,50.3711,63
2026-02-06 16:29:00-05:00,TQQQ,50.3818,50.39,50.37,50.38,4208.0,50.3776,40
2026-02-06 16:30:00-05:00,TQQQ,50.37,50.37,50.35,50.37,9992.0,50.3624,48
2026-02-06 16:31:00-05:00,TQQQ,50.36,50.36,50.33,50.3315,10836.0,50.3459,89
2026-02-06 16:32:00-05:00,TQQQ,50.339,50.34,50.32,50.32,12981.0,50.3336,79
2026-02-06 16:33:00-05:00,TQQQ,50.33,50.35,50.32,50.35,3279.0,50.3398,52
2026-02-06 16:34:00-05:00,TQQQ,50.35,50.36,50.34,50.35,4488.0,50.3504,40
2026-02-06 16:35:00-05:00,TQQQ,50.35,50.39,50.35,50.3782,4000.0,50.3649,44
2026-02-06 16:36:00-05:00,TQQQ,50.36,50.37,50.3485,50.37,5113.0,50.3575,43
2026-02-06 16:37:00-05:00,TQQQ,50.3785,50.3785,50.3518,50.36,6590.0,50.3644,49
2026-02-06 16:38:00-05:00,TQQQ,50.3669,50.3669,50.34,50.35,8626.0,50.3497,60
2026-02-06 16:39:00-05:00,TQQQ,50.35,50.35,50.3397,50.3397,2411.0,50.3457,52
2026-02-06 16:40:00-05:00,TQQQ,50.33,50.35,50.32,50.35,3594.0,50.3339,49
2026-02-06 16:41:00-05:00,TQQQ,50.36,50.37,50.3482,50.3482,9777.0,50.352,44
2026-02-06 16:42:00-05:00,TQQQ,50.35,50.35,50.33,50.331,1555.0,50.3381,47
2026-02-06 16:43:00-05:00,TQQQ,50.3399,50.34,50.31,50.31,8412.0,50.3211,74
2026-02-06 16:44:00-05:00,TQQQ,50.31,50.3585,50.29,50.35,5898.0,50.3118,135
2026-02-06 16:45:00-05:00,TQQQ,50.35,50.3518,50.3185,50.3185,4663.0,50.3427,39
2026-02-06 16:46:00-05:00,TQQQ,50.32,50.32,50.31,50.31,4052.0,50.3137,41
2026-02-06 16:47:00-05:00,TQQQ,50.32,50.33,50.2985,50.3003,10542.0,50.3094,62
2026-02-06 16:48:00-05:00,TQQQ,50.31,50.33,50.31,50.31,14448.0,50.3198,54
2026-02-06 16:49:00-05:00,TQQQ,50.3185,50.3185,50.289,50.289,4696.0,50.3026,50
2026-02-06 16:50:00-05:00,TQQQ,50.28,50.28,50.24,50.24,14049.0,50.265,159
2026-02-06 16:51:00-05:00,TQQQ,50.24,50.27,50.24,50.26,14449.0,50.2586,62
2026-02-06 16:52:00-05:00,TQQQ,50.26,50.27,50.26,50.26,1460.0,50.2643,36
2026-02-06 16:53:00-05:00,TQQQ,50.29,50.3,50.2885,50.3,3810.0,50.2925,44
2026-02-06 16:54:00-05:00,TQQQ,50.3,50.32,50.2801,50.2801,6554.0,50.3025,68
2026-02-06 16:55:00-05:00,TQQQ,50.29,50.29,50.26,50.28,5731.0,50.2738,73
2026-02-06 16:56:00-05:00,TQQQ,50.29,50.36,50.29,50.34,11442.0,50.3268,72
2026-02-06 16:57:00-05:00,TQQQ,50.3464,50.3469,50.3,50.3,4313.0,50.3375,48
2026-02-06 16:58:00-05:00,TQQQ,50.32,50.33,50.31,50.31,4944.0,50.3166,32
2026-02-06 16:59:00-05:00,TQQQ,50.32,50.36,50.31,50.32,1726.0,50.3298,43
2026-02-06 17:00:00-05:00,TQQQ,50.35,50.36,50.309,50.36,2716.0,50.3362,27
2026-02-06 17:01:00-05:00,TQQQ,50.36,50.4,50.3406,50.36,11433.0,50.3717,101
2026-02-06 17:02:00-05:00,TQQQ,50.4,50.45,50.38,50.38,6706.0,50.4023,69
2026-02-06 17:03:00-05:00,TQQQ,50.38,50.4,50.38,50.4,6829.0,50.394,45
2026-02-06 17:04:00-05:00,TQQQ,50.4159,50.4159,50.4,50.4,778.0,50.4051,24
2026-02-06 17:05:00-05:00,TQQQ,50.4003,50.41,50.4,50.4,1220.0,50.4043,35
2026-02-06 17:06:00-05:00,TQQQ,50.41,50.44,50.41,50.44,12431.0,50.4113,61
2026-02-06 17:07:00-05:00,TQQQ,50.4062,50.44,50.4008,50.42,5332.0,50.4084,44
2026-02-06 17:08:00-05:00,TQQQ,50.44,50.44,50.44,50.44,1614.0,50.4387,43
2026-02-06 17:09:00-05:00,TQQQ,50.439,50.439,50.42,50.43,6749.0,50.43,25
2026-02-06 17:10:00-05:00,TQQQ,50.4388,50.46,50.43,50.46,7019.0,50.4467,75
2026-02-06 17:11:00-05:00,TQQQ,50.45,50.45,50.43,50.43,2617.0,50.4433,45
2026-02-06 17:12:00-05:00,TQQQ,50.45,50.45,50.44,50.44,1236.0,50.4446,27
2026-02-06 17:13:00-05:00,TQQQ,50.43,50.45,50.43,50.45,653.0,50.4372,22
2026-02-06 17:14:00-05:00,TQQQ,50.44,50.45,50.44,50.45,1394.0,50.4464,25
2026-02-06 17:15:00-05:00,TQQQ,50.45,50.46,50.43,50.44,16975.0,50.4507,81
2026-02-06 17:16:00-05:00,TQQQ,50.439,50.439,50.4385,50.4385,655.0,50.4368,27
2026-02-06 17:17:00-05:00,TQQQ,50.439,50.45,50.43,50.44,20106.0,50.4469,47
2026-02-06 17:18:00-05:00,TQQQ,50.44,50.45,50.4,50.4,8217.0,50.4318,86
2026-02-06 17:19:00-05:00,TQQQ,50.41,50.41,50.4,50.4,1482.0,50.4037,24
2026-02-06 17:20:00-05:00,TQQQ,50.4099,50.42,50.4,50.4,10853.0,50.4017,68
2026-02-06 17:21:00-05:00,TQQQ,50.39,50.42,50.35,50.39,9413.0,50.3942,80
2026-02-06 17:22:00-05:00,TQQQ,50.3504,50.3601,50.3504,50.3601,1580.0,50.3569,9
2026-02-06 17:23:00-05:00,TQQQ,50.4,50.4,50.38,50.38,808.0,50.3825,26
2026-02-06 17:24:00-05:00,TQQQ,50.3898,50.3898,50.3898,50.3898,264.0,50.3858,19
2026-02-06 17:25:00-05:00,TQQQ,50.39,50.39,50.38,50.38,1641.0,50.3858,20
2026-02-06 17:26:00-05:00,TQQQ,50.38,50.39,50.38,50.39,1475.0,50.384,34
2026-02-06 17:27:00-05:00,TQQQ,50.4,50.4,50.3903,50.399,2668.0,50.3989,31
2026-02-06 17:28:00-05:00,TQQQ,50.3996,50.4,50.38,50.38,8142.0,50.3916,57
2026-02-06 17:29:00-05:00,TQQQ,50.39,50.4,50.38,50.38,3616.0,50.3877,29
2026-02-06 17:30:00-05:00,TQQQ,50.4,50.4,50.38,50.38,1248.0,50.3923,23
2026-02-06 17:31:00-05:00,TQQQ,50.39,50.3915,50.3773,50.3915,5872.0,50.381,37
2026-02-06 17:32:00-05:00,TQQQ,50.39,50.4,50.39,50.4,5666.0,50.3971,45
2026-02-06 17:33:00-05:00,TQQQ,50.4,50.42,50.3817,50.42,7530.0,50.3988,42
2026-02-06 17:34:00-05:00,TQQQ,50.42,50.44,50.41,50.41,2021.0,50.4257,31
2026-02-06 17:35:00-05:00,TQQQ,50.42,50.44,50.42,50.4397,6994.0,50.4271,35
2026-02-06 17:36:00-05:00,TQQQ,50.44,50.44,50.42,50.42,6741.0,50.4365,60
2026-02-06 17:37:00-05:00,TQQQ,50.4297,50.4297,50.41,50.4169,3201.0,50.4196,70
2026-02-06 17:38:00-05:00,TQQQ,50.4,50.41,50.4,50.41,6057.0,50.4052,40
2026-02-06 17:39:00-05:00,TQQQ,50.42,50.44,50.41,50.42,4868.0,50.4204,49
2026-02-06 17:40:00-05:00,TQQQ,50.41,50.42,50.4,50.41,3738.0,50.4139,130
2026-02-06 17:41:00-05:00,TQQQ,50.41,50.42,50.4,50.4123,3481.0,50.4075,112
2026-02-06 17:42:00-05:00,TQQQ,50.4121,50.42,50.41,50.42,3609.0,50.4156,60
2026-02-06 17:43:00-05:00,TQQQ,50.42,50.42,50.41,50.42,4281.0,50.4173,60
2026-02-06 17:44:00-05:00,TQQQ,50.42,50.43,50.42,50.43,1719.0,50.428,47
2026-02-06 17:45:00-05:00,TQQQ,50.42,50.4201,50.42,50.42,1146.0,50.4204,32
2026-02-06 17:46:00-05:00,TQQQ,50.4285,50.44,50.42,50.44,5991.0,50.4291,88
2026-02-06 17:47:00-05:00,TQQQ,50.4297,50.44,50.42,50.42,7373.0,50.4264,62
2026-02-06 17:48:00-05:00,TQQQ,50.43,50.43,50.42,50.43,1975.0,50.4275,39
2026-02-06 17:49:00-05:00,TQQQ,50.42,50.43,50.42,50.43,1293.0,50.4266,37
2026-02-06 17:50:00-05:00,TQQQ,50.43,50.43,50.43,50.43,446.0,50.4278,24
2026-02-06 17:51:00-05:00,TQQQ,50.4299,50.4299,50.41,50.41,2861.0,50.4177,77
2026-02-06 17:52:00-05:00,TQQQ,50.42,50.4218,50.42,50.4218,619.0,50.4225,23
2026-02-06 17:53:00-05:00,TQQQ,50.42,50.44,50.4,50.4399,3776.0,50.4226,44
2026-02-06 17:54:00-05:00,TQQQ,50.4354,50.4399,50.4346,50.4399,643.0,50.4379,24
2026-02-06 17:56:00-05:00,TQQQ,50.42,50.43,50.41,50.42,1948.0,50.4229,35
2026-02-06 17:57:00-05:00,TQQQ,50.42,50.42,50.41,50.41,525.0,50.4153,18
2026-02-06 17:58:00-05:00,TQQQ,50.4103,50.4298,50.4103,50.4298,532.0,50.4249,34
2026-02-06 17:59:00-05:00,TQQQ,50.42,50.43,50.41,50.41,2786.0,50.4269,47
2026-02-06 18:00:00-05:00,TQQQ,50.4129,50.43,50.4129,50.4136,1210.0,50.4223,15
2026-02-06 18:01:00-05:00,TQQQ,50.4111,50.43,50.4111,50.43,1391.0,50.4262,13
2026-02-06 18:02:00-05:00,TQQQ,50.4104,50.42,50.41,50.4101,4019.0,50.4128,23
2026-02-06 18:03:00-05:00,TQQQ,50.41,50.4101,50.4,50.4,4171.0,50.4054,61
2026-02-06 18:04:00-05:00,TQQQ,50.42,50.42,50.42,50.42,484.0,50.4172,9
2026-02-06 18:05:00-05:00,TQQQ,50.42,50.43,50.4,50.43,2414.0,50.4226,18
2026-02-06 18:06:00-05:00,TQQQ,50.43,50.43,50.43,50.43,1968.0,50.4302,18
2026-02-06 18:07:00-05:00,TQQQ,50.44,50.45,50.43,50.43,4383.0,50.4431,37
2026-02-06 18:08:00-05:00,TQQQ,50.43,50.44,50.43,50.43,2523.0,50.4324,21
2026-02-06 18:09:00-05:00,TQQQ,50.44,50.45,50.44,50.45,1852.0,50.4479,20
2026-02-06 18:10:00-05:00,TQQQ,50.44,50.44,50.43,50.4301,1430.0,50.4311,15
2026-02-06 18:11:00-05:00,TQQQ,50.43,50.44,50.43,50.44,1029.0,50.4367,23
2026-02-06 18:12:00-05:00,TQQQ,50.4415,50.45,50.44,50.44,3059.0,50.4478,38
2026-02-06 18:13:00-05:00,TQQQ,50.44,50.45,50.44,50.44,5751.0,50.4493,17
2026-02-06 18:14:00-05:00,TQQQ,50.4415,50.4597,50.44,50.4597,6392.0,50.4512,32
2026-02-06 18:15:00-05:00,TQQQ,50.46,50.4701,50.46,50.4701,6674.0,50.4624,30
2026-02-06 18:16:00-05:00,TQQQ,50.4736,50.49,50.4736,50.49,2542.0,50.4845,36
2026-02-06 18:17:00-05:00,TQQQ,50.48,50.4998,50.48,50.49,5726.0,50.4903,36
2026-02-06 18:18:00-05:00,TQQQ,50.4982,50.5,50.4982,50.4999,8541.0,50.4998,31
2026-02-06 18:19:00-05:00,TQQQ,50.5,50.5,50.49,50.49,1878.0,50.4982,17
2026-02-06 18:20:00-05:00,TQQQ,50.49,50.5,50.49,50.5,1626.0,50.4953,30
2026-02-06 18:21:00-05:00,TQQQ,50.48,50.48,50.48,50.48,2472.0,50.48,19
2026-02-06 18:22:00-05:00,TQQQ,50.47,50.4896,50.44,50.4896,7053.0,50.4791,46
2026-02-06 18:23:00-05:00,TQQQ,50.45,50.45,50.45,50.45,554.0,50.4493,23
2026-02-06 18:24:00-05:00,TQQQ,50.4469,50.45,50.4469,50.45,1806.0,50.4479,17
2026-02-06 18:25:00-05:00,TQQQ,50.4469,50.45,50.44,50.44,2723.0,50.4457,23
2026-02-06 18:26:00-05:00,TQQQ,50.45,50.45,50.45,50.45,3381.0,50.4508,15
2026-02-06 18:27:00-05:00,TQQQ,50.46,50.48,50.46,50.48,1391.0,50.4756,16
2026-02-06 18:28:00-05:00,TQQQ,50.48,50.48,50.47,50.47,5130.0,50.4792,20
2026-02-06 18:29:00-05:00,TQQQ,50.48,50.48,50.47,50.4718,4099.0,50.4771,17
2026-02-06 18:30:00-05:00,TQQQ,50.47,50.47,50.4685,50.47,1790.0,50.4696,17
2026-02-06 18:31:00-05:00,TQQQ,50.46,50.47,50.46,50.4699,1281.0,50.4688,14
2026-02-06 18:32:00-05:00,TQQQ,50.47,50.47,50.47,50.47,2034.0,50.47,14
2026-02-06 18:33:00-05:00,TQQQ,50.46,50.47,50.46,50.4603,2164.0,50.4668,23
2026-02-06 18:34:00-05:00,TQQQ,50.47,50.47,50.4603,50.4603,2982.0,50.4635,10
2026-02-06 18:35:00-05:00,TQQQ,50.47,50.4799,50.46,50.4799,4024.0,50.4703,33
2026-02-06 18:36:00-05:00,TQQQ,50.4799,50.48,50.4795,50.4795,4415.0,50.48,33
2026-02-06 18:37:00-05:00,TQQQ,50.4709,50.49,50.4709,50.49,833.0,50.4773,11
2026-02-06 18:38:00-05:00,TQQQ,50.48,50.48,50.48,50.48,1564.0,50.48,12
2026-02-06 18:39:00-05:00,TQQQ,50.48,50.48,50.48,50.48,346.0,50.4791,11
2026-02-06 18:40:00-05:00,TQQQ,50.48,50.48,50.47,50.4795,2524.0,50.4768,22
2026-02-06 18:42:00-05:00,TQQQ,50.48,50.48,50.47,50.48,2225.0,50.478,17
2026-02-06 18:43:00-05:00,TQQQ,50.4797,50.4797,50.47,50.4701,1062.0,50.4718,26
2026-02-06 18:44:00-05:00,TQQQ,50.47,50.4735,50.47,50.4735,952.0,50.4743,12
2026-02-06 18:45:00-05:00,TQQQ,50.49,50.49,50.47,50.47,516.0,50.4794,15
2026-02-06 18:46:00-05:00,TQQQ,50.48,50.48,50.48,50.48,869.0,50.48,10
2026-02-06 18:47:00-05:00,TQQQ,50.49,50.49,50.4899,50.4899,1374.0,50.4882,20
2026-02-06 18:48:00-05:00,TQQQ,50.48,50.5,50.48,50.49,2468.0,50.4937,34
2026-02-06 18:49:00-05:00,TQQQ,50.4836,50.5,50.48,50.48,3234.0,50.4882,22
2026-02-06 18:50:00-05:00,TQQQ,50.49,50.49,50.48,50.48,7761.0,50.4813,14
2026-02-06 18:51:00-05:00,TQQQ,50.4831,50.4968,50.4831,50.49,1695.0,50.4944,19
2026-02-06 18:52:00-05:00,TQQQ,50.49,50.49,50.48,50.48,8344.0,50.4862,20
2026-02-06 18:53:00-05:00,TQQQ,50.49,50.5,50.49,50.5,1197.0,50.4987,9
2026-02-06 18:54:00-05:00,TQQQ,50.49,50.5,50.49,50.49,518.0,50.4923,8
2026-02-06 18:55:00-05:00,TQQQ,50.5,50.5,50.4999,50.4999,511.0,50.4988,21
2026-02-06 18:56:00-05:00,TQQQ,50.49,50.5,50.49,50.5,5774.0,50.4985,23
2026-02-06 18:57:00-05:00,TQQQ,50.5,50.5,50.49,50.5,5648.0,50.4991,64
2026-02-06 18:58:00-05:00,TQQQ,50.5,50.51,50.5,50.51,2491.0,50.5084,28
2026-02-06 18:59:00-05:00,TQQQ,50.52,50.52,50.52,50.52,649.0,50.52,24
2026-02-06 19:00:00-05:00,TQQQ,50.52,50.52,50.5,50.5,1283.0,50.5167,14
2026-02-06 19:02:00-05:00,TQQQ,50.5007,50.51,50.5007,50.51,972.0,50.5035,12
2026-02-06 19:04:00-05:00,TQQQ,50.52,50.53,50.52,50.53,2766.0,50.5246,37
2026-02-06 19:05:00-05:00,TQQQ,50.53,50.53,50.52,50.5299,17017.0,50.5297,14
2026-02-06 19:06:00-05:00,TQQQ,50.5215,50.53,50.5215,50.5298,2173.0,50.5286,19
2026-02-06 19:07:00-05:00,TQQQ,50.52,50.52,50.52,50.52,1595.0,50.5206,40
2026-02-06 19:08:00-05:00,TQQQ,50.52,50.53,50.52,50.52,1336.0,50.5277,13
2026-02-06 19:09:00-05:00,TQQQ,50.5101,50.5101,50.51,50.51,830.0,50.5104,9
2026-02-06 19:13:00-05:00,TQQQ,50.54,50.5497,50.54,50.5409,2470.0,50.5447,33
2026-02-06 19:15:00-05:00,TQQQ,50.54,50.55,50.53,50.54,6483.0,50.5416,22
2026-02-06 19:16:00-05:00,TQQQ,50.53,50.53,50.53,50.53,1527.0,50.5315,22
2026-02-06 19:17:00-05:00,TQQQ,50.54,50.54,50.5,50.5,4590.0,50.5151,26
2026-02-06 19:18:00-05:00,TQQQ,50.51,50.52,50.5,50.52,10970.0,50.5032,24
2026-02-06 19:19:00-05:00,TQQQ,50.5,50.53,50.5,50.52,818.0,50.5198,14
2026-02-06 19:20:00-05:00,TQQQ,50.51,50.52,50.51,50.52,646.0,50.5161,11
2026-02-06 19:21:00-05:00,TQQQ,50.52,50.52,50.5199,50.52,586.0,50.5198,7
2026-02-06 19:23:00-05:00,TQQQ,50.52,50.52,50.5168,50.5197,413.0,50.5191,8
2026-02-06 19:24:00-05:00,TQQQ,50.51,50.5197,50.51,50.5197,2287.0,50.5109,11
2026-02-06 19:25:00-05:00,TQQQ,50.51,50.52,50.51,50.5198,1813.0,50.5159,16
2026-02-06 19:26:00-05:00,TQQQ,50.52,50.5296,50.52,50.5296,1889.0,50.5214,29
2026-02-06 19:27:00-05:00,TQQQ,50.5215,50.5215,50.52,50.52,2234.0,50.5209,13
2026-02-06 19:28:00-05:00,TQQQ,50.52,50.53,50.52,50.53,742.0,50.524,13
2026-02-06 19:29:00-05:00,TQQQ,50.53,50.55,50.53,50.55,10942.0,50.547,30
2026-02-06 19:30:00-05:00,TQQQ,50.55,50.55,50.5454,50.5454,710.0,50.5465,11
2026-02-06 19:31:00-05:00,TQQQ,50.53,50.55,50.53,50.55,1259.0,50.5433,11
2026-02-06 19:32:00-05:00,TQQQ,50.55,50.55,50.5331,50.54,4295.0,50.5435,22
2026-02-06 19:33:00-05:00,TQQQ,50.55,50.55,50.54,50.54,1167.0,50.5462,16
2026-02-06 19:34:00-05:00,TQQQ,50.5497,50.5497,50.5497,50.5497,214.0,50.5446,12
2026-02-06 19:35:00-05:00,TQQQ,50.5499,50.5499,50.5499,50.5499,445.0,50.5469,6
2026-02-06 19:36:00-05:00,TQQQ,50.54,50.55,50.54,50.55,3542.0,50.5487,17
2026-02-06 19:37:00-05:00,TQQQ,50.55,50.55,50.55,50.55,2864.0,50.55,13
2026-02-06 19:38:00-05:00,TQQQ,50.55,50.55,50.55,50.55,801.0,50.5486,11
2026-02-06 19:39:00-05:00,TQQQ,50.5497,50.55,50.5497,50.55,940.0,50.548,14
2026-02-06 19:40:00-05:00,TQQQ,50.55,50.57,50.55,50.57,4192.0,50.551,48
2026-02-06 19:41:00-05:00,TQQQ,50.58,50.58,50.58,50.58,795.0,50.5766,16
2026-02-06 19:42:00-05:00,TQQQ,50.58,50.58,50.54,50.57,5583.0,50.5575,47
2026-02-06 19:43:00-05:00,TQQQ,50.56,50.58,50.56,50.5795,2653.0,50.5663,29
2026-02-06 19:44:00-05:00,TQQQ,50.5795,50.58,50.56,50.5793,3467.0,50.5748,41
2026-02-06 19:45:00-05:00,TQQQ,50.58,50.58,50.55,50.55,2464.0,50.5645,42
2026-02-06 19:46:00-05:00,TQQQ,50.55,50.58,50.55,50.57,1859.0,50.5586,12
2026-02-06 19:47:00-05:00,TQQQ,50.57,50.57,50.55,50.5691,2481.0,50.564,24
2026-02-06 19:48:00-05:00,TQQQ,50.57,50.57,50.5692,50.5692,428.0,50.5687,10
2026-02-06 19:49:00-05:00,TQQQ,50.56,50.57,50.56,50.57,15354.0,50.5696,21
2026-02-06 19:50:00-05:00,TQQQ,50.5702,50.58,50.57,50.58,20826.0,50.577,57
2026-02-06 19:51:00-05:00,TQQQ,50.5803,50.6,50.5803,50.6,4055.0,50.5976,50
2026-02-06 19:52:00-05:00,TQQQ,50.6169,50.64,50.6169,50.64,4887.0,50.625,95
2026-02-06 19:53:00-05:00,TQQQ,50.6315,50.64,50.6,50.6,24605.0,50.6154,29
2026-02-06 19:54:00-05:00,TQQQ,50.6379,50.6379,50.6332,50.6332,518.0,50.6328,11
2026-02-06 19:55:00-05:00,TQQQ,50.62,50.62,50.61,50.62,1849.0,50.6192,86
2026-02-06 19:56:00-05:00,TQQQ,50.62,50.63,50.62,50.63,5205.0,50.6251,31
2026-02-06 19:57:00-05:00,TQQQ,50.62,50.6215,50.62,50.62,6249.0,50.62,45
2026-02-06 19:58:00-05:00,TQQQ,50.61,50.62,50.6,50.6,6820.0,50.6077,75
2026-02-06 19:59:00-05:00,TQQQ,50.62,50.64,50.61,50.64,12039.0,50.6204,67
