datetime,open,high,low,close,volume
2026-01-21 10:40:00,68.295,68.325,68.18,68.275,11564.0
2026-01-21 10:41:00,68.275,68.285,68.11,68.13,25028.0
2026-01-21 10:42:00,68.125,68.14,68.09,68.115,11096.0
2026-01-21 10:43:00,68.12,68.22,68.09,68.205,12889.0
2026-01-21 10:44:00,68.205,68.235,68.13,68.155,7329.0
2026-01-21 10:45:00,68.14,68.14,68.02,68.03,16125.0
2026-01-21 10:46:00,68.015,68.06,67.975,68.04,19028.0
2026-01-21 10:47:00,68.04,68.05,68.0,68.0,7453.0
2026-01-21 10:48:00,68.005,68.04,67.95,68.02,12481.0
2026-01-21 10:49:00,68.02,68.04,67.96,68.01,10177.0
2026-01-21 10:50:00,68.005,68.02,67.93,67.95,12217.0
2026-01-21 10:51:00,67.955,67.995,67.875,67.9,16755.0
2026-01-21 10:52:00,67.93,68.06,67.925,68.045,17566.0
2026-01-21 10:53:00,68.05,68.05,67.875,67.88,15574.0
2026-01-21 10:54:00,67.88,67.905,67.86,67.885,9049.0
2026-01-21 10:55:00,67.875,67.985,67.86,67.98,13422.0
2026-01-21 10:56:00,68.0,68.075,67.98,68.05,85344.0
2026-01-21 10:57:00,68.05,68.075,67.98,67.98,8609.0
2026-01-21 10:58:00,67.975,67.98,67.94,67.94,8248.0
2026-01-21 10:59:00,67.945,68.025,67.93,68.015,6108.0
2026-01-21 11:00:00,68.02,68.035,67.95,68.02,6701.0
2026-01-21 11:01:00,68.02,68.045,67.955,67.985,13263.0
2026-01-21 11:02:00,67.975,68.07,67.97,68.04,15281.0
2026-01-21 11:03:00,68.035,68.07,68.015,68.02,7565.0
2026-01-21 11:04:00,68.035,68.08,68.025,68.075,7737.0
2026-01-21 11:05:00,68.08,68.2,68.08,68.08,12796.0
2026-01-21 11:06:00,68.07,68.07,67.95,67.98,12140.0
2026-01-21 11:07:00,67.98,68.12,67.975,68.1,6582.0
2026-01-21 11:08:00,68.095,68.15,68.075,68.13,7451.0
2026-01-21 11:09:00,68.14,68.18,68.115,68.14,7285.0
2026-01-21 11:10:00,68.115,68.18,68.035,68.035,7503.0
2026-01-21 11:11:00,68.04,68.04,67.93,67.93,10722.0
2026-01-21 11:12:00,67.935,67.945,67.825,67.839,24556.0
2026-01-21 11:13:00,67.84,67.955,67.84,67.925,10993.0
2026-01-21 11:14:00,67.94,68.145,67.91,68.135,9484.0
2026-01-21 11:15:00,68.13,68.17,68.045,68.11,13529.0
2026-01-21 11:16:00,68.09,68.09,67.98,68.005,7915.0
2026-01-21 11:17:00,68.01,68.115,68.01,68.02,5325.0
2026-01-21 11:18:00,68.03,68.135,68.02,68.045,3528.0
2026-01-21 11:19:00,68.05,68.165,68.025,68.14,4585.0
2026-01-21 11:20:00,68.14,68.19,68.11,68.17,6227.0
2026-01-21 11:21:00,68.17,68.18,68.09,68.18,7515.0
2026-01-21 11:22:00,68.17,68.225,68.13,68.175,6571.0
2026-01-21 11:23:00,68.175,68.205,68.12,68.185,10643.0
2026-01-21 11:24:00,68.185,68.205,68.04,68.095,18071.0
2026-01-21 11:25:00,68.1,68.19,68.095,68.14,10414.0
2026-01-21 11:26:00,68.16,68.2,68.075,68.165,9466.0
2026-01-21 11:27:00,68.175,68.245,68.175,68.2,12923.0
2026-01-21 11:28:00,68.2,68.2,67.96,68.015,31936.0
2026-01-21 11:29:00,68.03,68.15,68.03,68.12,12524.0
2026-01-21 11:30:00,68.125,68.26,68.105,68.255,8740.0
2026-01-21 11:31:00,68.27,68.305,68.23,68.29,7292.0
2026-01-21 11:32:00,68.28,68.47,68.27,68.335,56128.0
2026-01-21 11:33:00,68.335,68.475,68.325,68.465,11310.0
2026-01-21 11:34:00,68.45,68.515,68.435,68.445,14163.0
2026-01-21 11:35:00,68.455,68.5,68.44,68.485,22042.0
2026-01-21 11:36:00,68.5,68.72,68.49,68.715,19037.0
2026-01-21 11:37:00,68.72,68.95,68.71,68.935,19846.0
2026-01-21 11:38:00,68.935,69.05,68.92,68.955,38383.0
2026-01-21 11:39:00,68.97,69.145,68.93,69.14,26883.0
2026-01-21 11:40:00,69.14,69.22,69.11,69.15,42746.0
2026-01-21 11:41:00,69.17,69.245,69.08,69.22,15033.0
2026-01-21 11:42:00,69.23,69.37,69.05,69.11,60005.0
2026-01-21 11:43:00,69.1,69.3,69.065,69.275,48843.0
2026-01-21 11:44:00,69.29,69.515,69.26,69.515,37158.0
2026-01-21 11:45:00,69.49,69.59,69.485,69.54,30243.0
2026-01-21 11:46:00,69.55,69.66,69.52,69.57,16593.0
2026-01-21 11:47:00,69.58,69.69,69.52,69.615,12858.0
2026-01-21 11:48:00,69.6,69.61,69.39,69.475,24184.0
2026-01-21 11:49:00,69.455,69.47,69.355,69.455,22600.0
2026-01-21 11:50:00,69.45,69.555,69.39,69.54,17438.0
2026-01-21 11:51:00,69.57,69.78,69.48,69.775,31813.0
2026-01-21 11:52:00,69.745,69.83,69.71,69.76,25343.0
2026-01-21 11:53:00,69.77,69.85,69.67,69.685,13924.0
2026-01-21 11:54:00,69.685,69.74,69.64,69.725,10057.0
2026-01-21 11:55:00,69.72,69.9,69.675,69.9,28505.0
2026-01-21 11:56:00,69.91,69.99,69.875,69.9,35194.0
2026-01-21 11:57:00,69.9,69.985,69.875,69.94,25891.0
2026-01-21 11:58:00,69.95,70.06,69.93,70.015,28106.0
2026-01-21 11:59:00,70.01,70.09,69.96,70.01,12869.0
2026-01-21 12:00:00,70.02,70.06,69.84,69.84,21006.0
2026-01-21 12:01:00,69.855,69.871,69.745,69.78,17743.0
2026-01-21 12:02:00,69.79,69.93,69.765,69.87,17257.0
2026-01-21 12:03:00,69.86,69.94,69.8,69.92,12497.0
2026-01-21 12:04:00,69.92,70.075,69.92,70.065,11561.0
2026-01-21 12:05:00,70.07,70.225,70.01,70.225,28497.0
2026-01-21 12:06:00,70.23,70.23,70.07,70.095,15946.0
2026-01-21 12:07:00,70.07,70.12,70.03,70.115,5802.0
2026-01-21 12:08:00,70.12,70.325,70.12,70.225,15677.0
2026-01-21 12:09:00,70.22,70.23,70.145,70.22,7498.0
2026-01-21 12:10:00,70.23,70.285,70.12,70.26,12148.0
2026-01-21 12:11:00,70.28,70.4,70.245,70.31,17035.0
2026-01-21 12:12:00,70.3,70.545,70.25,70.54,16211.0
2026-01-21 12:13:00,70.55,70.66,70.52,70.63,24087.0
2026-01-21 12:14:00,70.635,70.74,70.63,70.66,29236.0
2026-01-21 12:15:00,70.65,70.75,70.52,70.735,16840.0
2026-01-21 12:16:00,70.73,70.74,70.5,70.54,21336.0
2026-01-21 12:17:00,70.545,70.555,70.32,70.365,14701.0
2026-01-21 12:18:00,70.37,70.42,70.325,70.33,16809.0
2026-01-21 12:19:00,70.33,70.355,70.155,70.33,15468.0
2026-01-21 12:20:00,70.325,70.44,70.295,70.315,10212.0
2026-01-21 12:21:00,70.29,70.44,70.27,70.41,10594.0
2026-01-21 12:22:00,70.395,70.46,70.31,70.37,6457.0
2026-01-21 12:23:00,70.39,70.39,70.115,70.145,12534.0
2026-01-21 12:24:00,70.135,70.195,70.085,70.115,9491.0
2026-01-21 12:25:00,70.12,70.12,69.995,70.085,6859.0
2026-01-21 12:26:00,70.095,70.33,70.095,70.285,13941.0
2026-01-21 12:27:00,70.285,70.345,70.22,70.225,9571.0
2026-01-21 12:28:00,70.24,70.32,70.19,70.315,5216.0
2026-01-21 12:29:00,70.31,70.31,70.145,70.215,8487.0
2026-01-21 12:30:00,70.205,70.4,70.205,70.365,9987.0
2026-01-21 12:31:00,70.335,70.355,70.255,70.335,7292.0
2026-01-21 12:32:00,70.36,70.455,70.325,70.395,9559.0
2026-01-21 12:33:00,70.395,70.46,70.29,70.34,11866.0
2026-01-21 12:34:00,70.33,70.4,70.285,70.32,3877.0
2026-01-21 12:35:00,70.315,70.315,70.205,70.265,8025.0
2026-01-21 12:36:00,70.275,70.325,70.14,70.27,7559.0
2026-01-21 12:37:00,70.25,70.5,70.25,70.405,9458.0
2026-01-21 12:38:00,70.425,70.435,70.24,70.345,4454.0
2026-01-21 12:39:00,70.355,70.385,70.17,70.235,4787.0
2026-01-21 12:40:00,70.26,70.26,70.115,70.165,7600.0
2026-01-21 12:41:00,70.17,70.33,70.14,70.245,27744.0
2026-01-21 12:42:00,70.24,70.345,70.205,70.295,6282.0
2026-01-21 12:43:00,70.3,70.34,70.22,70.31,1760.0
2026-01-21 12:44:00,70.325,70.41,70.32,70.41,6276.0
2026-01-21 12:45:00,70.42,70.475,70.38,70.475,24175.0
2026-01-21 12:46:00,70.465,70.52,70.31,70.325,13975.0
2026-01-21 12:47:00,70.315,70.39,70.275,70.355,6042.0
2026-01-21 12:48:00,70.355,70.36,70.22,70.335,14870.0
2026-01-21 12:49:00,70.325,70.43,70.215,70.255,7602.0
2026-01-21 12:50:00,70.265,70.365,70.21,70.365,16459.0
2026-01-21 12:51:00,70.38,70.38,70.235,70.235,3323.0
2026-01-21 12:52:00,70.21,70.23,70.075,70.08,8576.0
2026-01-21 12:53:00,70.07,70.1,70.005,70.055,24675.0
2026-01-21 12:54:00,70.045,70.045,69.89,69.94,12771.0
2026-01-21 12:55:00,69.94,70.045,69.925,70.01,18088.0
2026-01-21 12:56:00,70.015,70.05,69.945,70.03,8774.0
2026-01-21 12:57:00,70.04,70.05,69.875,69.875,15245.0
2026-01-21 12:58:00,69.86,69.87,69.76,69.785,11270.0
2026-01-21 12:59:00,69.795,69.92,69.77,69.88,22327.0
2026-01-21 13:00:00,69.89,70.14,69.835,70.135,21198.0
2026-01-21 13:01:00,70.15,70.26,70.145,70.26,4274.0
2026-01-21 13:02:00,70.259,70.54,70.24,70.54,20533.0
2026-01-21 13:03:00,70.545,70.67,70.5,70.595,11459.0
2026-01-21 13:04:00,70.6,70.66,70.54,70.58,16854.0
2026-01-21 13:05:00,70.575,70.58,70.41,70.48,14183.0
2026-01-21 13:06:00,70.495,70.51,70.34,70.375,11042.0
2026-01-21 13:07:00,70.355,70.49,70.32,70.49,12974.0
2026-01-21 13:08:00,70.49,70.53,70.34,70.4,8405.0
2026-01-21 13:09:00,70.425,70.44,70.32,70.35,5959.0
2026-01-21 13:10:00,70.355,70.36,70.06,70.11,19861.0
2026-01-21 13:11:00,70.095,70.125,70.03,70.03,9684.0
2026-01-21 13:12:00,70.05,70.06,69.855,69.875,8457.0
2026-01-21 13:13:00,69.88,70.01,69.85,70.005,6487.0
2026-01-21 13:14:00,70.005,70.075,69.95,70.015,9841.0
2026-01-21 13:15:00,69.99,70.09,69.965,70.075,5189.0
2026-01-21 13:16:00,70.08,70.12,69.995,70.015,9051.0
2026-01-21 13:17:00,70.025,70.075,69.95,70.075,11396.0
2026-01-21 13:18:00,70.08,70.14,70.03,70.115,7372.0
2026-01-21 13:19:00,70.12,70.18,70.1,70.15,4727.0
2026-01-21 13:20:00,70.18,70.345,70.175,70.26,11185.0
2026-01-21 13:21:00,70.245,70.245,70.12,70.21,10259.0
2026-01-21 13:22:00,70.22,70.24,70.125,70.24,3626.0
2026-01-21 13:23:00,70.245,70.35,70.22,70.34,7827.0
2026-01-21 13:24:00,70.305,70.4,70.295,70.35,6605.0
2026-01-21 13:25:00,70.345,70.38,70.27,70.305,4054.0
2026-01-21 13:26:00,70.305,70.33,70.185,70.275,8532.0
2026-01-21 13:27:00,70.25,70.25,70.06,70.1,8725.0
2026-01-21 13:28:00,70.09,70.11,70.03,70.05,7998.0
2026-01-21 13:29:00,70.04,70.085,69.92,69.985,7166.0
2026-01-21 13:30:00,69.97,70.04,69.925,69.965,9366.0
2026-01-21 13:31:00,69.955,69.99,69.92,69.96,14852.0
2026-01-21 13:32:00,69.98,69.995,69.865,69.865,8841.0
2026-01-21 13:33:00,69.86,69.92,69.83,69.87,4120.0
2026-01-21 13:34:00,69.845,69.925,69.825,69.89,3653.0
2026-01-21 13:35:00,69.85,69.95,69.8,69.935,7799.0
2026-01-21 13:36:00,69.97,69.99,69.895,69.99,5745.0
2026-01-21 13:37:00,70.0,70.185,70.0,70.185,14991.0
2026-01-21 13:38:00,70.2,70.225,70.1,70.13,12543.0
2026-01-21 13:39:00,70.12,70.13,69.985,69.99,4345.0
2026-01-21 13:40:00,69.99,70.125,69.975,70.12,3811.0
2026-01-21 13:41:00,70.13,70.13,69.955,70.005,7877.0
2026-01-21 13:42:00,69.995,70.125,69.985,70.095,26293.0
2026-01-21 13:43:00,70.1,70.15,70.085,70.145,2956.0
2026-01-21 13:44:00,70.13,70.135,70.045,70.12,3875.0
2026-01-21 13:45:00,70.1,70.225,70.095,70.225,4271.0
2026-01-21 13:46:00,70.22,70.22,70.095,70.095,5661.0
2026-01-21 13:47:00,70.09,70.09,69.85,69.86,3230.0
2026-01-21 13:48:00,69.88,69.9,69.74,69.815,23900.0
2026-01-21 13:49:00,69.81,69.82,69.66,69.69,20058.0
2026-01-21 13:50:00,69.67,69.7,69.58,69.7,13971.0
2026-01-21 13:51:00,69.68,69.69,69.49,69.535,14453.0
2026-01-21 13:52:00,69.51,69.6,69.485,69.555,8741.0
2026-01-21 13:53:00,69.57,69.61,69.49,69.565,9809.0
2026-01-21 13:54:00,69.58,69.605,69.515,69.555,8658.0
2026-01-21 13:55:00,69.56,69.685,69.56,69.675,10679.0
2026-01-21 13:56:00,69.675,69.79,69.675,69.76,3675.0
2026-01-21 13:57:00,69.77,69.81,69.75,69.755,2954.0
2026-01-21 13:58:00,69.745,69.765,69.565,69.605,6075.0
2026-01-21 13:59:00,69.6,69.605,69.52,69.58,3894.0
2026-01-21 14:00:00,69.59,69.645,69.555,69.61,6390.0
2026-01-21 14:01:00,69.595,69.61,69.475,69.5,4024.0
2026-01-21 14:02:00,69.5,69.63,69.5,69.615,5904.0
2026-01-21 14:03:00,69.605,69.735,69.59,69.71,4003.0
2026-01-21 14:04:00,69.725,69.79,69.705,69.76,2765.0
2026-01-21 14:05:00,69.755,69.93,69.735,69.925,7552.0
2026-01-21 14:06:00,69.935,69.995,69.86,69.86,11012.0
2026-01-21 14:07:00,69.85,69.915,69.81,69.88,2279.0
2026-01-21 14:08:00,69.87,69.92,69.82,69.885,6308.0
2026-01-21 14:09:00,69.9,69.92,69.835,69.905,948.0
2026-01-21 14:10:00,69.875,69.92,69.71,69.92,14163.0
2026-01-21 14:11:00,69.91,69.96,69.87,69.92,8670.0
2026-01-21 14:12:00,69.92,69.935,69.855,69.895,2828.0
2026-01-21 14:13:00,69.9,69.9,69.84,69.89,13640.0
2026-01-21 14:14:00,69.885,69.93,69.775,69.93,5177.0
2026-01-21 14:15:00,69.93,69.98,69.905,69.925,4091.0
2026-01-21 14:16:00,69.93,69.99,69.79,69.855,13411.0
2026-01-21 14:17:00,69.87,69.92,69.86,69.86,1559.0
2026-01-21 14:18:00,69.875,69.925,69.835,69.895,2866.0
2026-01-21 14:19:00,69.88,69.88,69.755,69.85,3521.0
2026-01-21 14:20:00,69.825,69.885,69.8,69.815,4305.0
2026-01-21 14:21:00,69.79,69.93,69.79,69.93,3395.0
2026-01-21 14:22:00,69.925,69.955,69.745,69.765,3549.0
2026-01-21 14:23:00,69.775,69.81,69.715,69.745,3011.0
2026-01-21 14:24:00,69.735,69.735,69.64,69.655,8624.0
2026-01-21 14:25:00,69.665,69.79,69.645,69.74,5771.0
2026-01-21 14:26:00,69.73,69.805,69.68,69.8,5184.0
2026-01-21 14:27:00,69.8,69.86,68.69,68.88,157327.0
2026-01-21 14:28:00,68.88,68.95,68.51,68.55,112994.0
2026-01-21 14:29:00,68.55,68.55,68.12,68.36,55603.0
2026-01-21 14:30:00,68.34,68.34,67.93,67.955,44685.0
2026-01-21 14:31:00,67.935,68.24,67.88,68.205,45472.0
2026-01-21 14:32:00,68.18,68.18,68.0,68.1,53806.0
2026-01-21 14:33:00,68.11,68.42,68.11,68.3,51673.0
2026-01-21 14:34:00,68.29,68.32,67.98,68.02,40565.0
2026-01-21 14:35:00,68.0,68.08,67.91,67.98,17995.0
2026-01-21 14:36:00,67.97,68.0,67.84,67.9,27999.0
2026-01-21 14:37:00,67.87,67.97,67.69,67.705,44020.0
2026-01-21 14:38:00,67.7,67.8,67.62,67.625,65098.0
2026-01-21 14:39:00,67.64,67.725,67.58,67.7,27607.0
2026-01-21 14:40:00,67.67,67.81,67.63,67.63,23700.0
2026-01-21 14:41:00,67.62,67.67,67.52,67.59,18046.0
2026-01-21 14:42:00,67.58,67.59,67.285,67.29,68484.0
2026-01-21 14:43:00,67.28,67.32,67.15,67.25,18375.0
2026-01-21 14:44:00,67.24,67.41,67.235,67.275,23076.0
2026-01-21 14:45:00,67.275,67.275,67.02,67.025,33282.0
2026-01-21 14:46:00,67.02,67.08,66.97,67.035,29883.0
2026-01-21 14:47:00,67.05,67.05,66.81,66.835,34635.0
2026-01-21 14:48:00,66.82,66.915,66.74,66.85,33418.0
2026-01-21 14:49:00,66.85,67.01,66.79,66.79,33456.0
2026-01-21 14:50:00,66.79,66.8,66.57,66.79,48910.0
2026-01-21 14:51:00,66.79,67.15,66.79,67.125,25083.0
2026-01-21 14:52:00,67.13,67.17,66.86,66.92,31656.0
2026-01-21 14:53:00,66.93,66.99,66.85,66.915,13761.0
2026-01-21 14:54:00,66.9,66.93,66.76,66.86,8257.0
2026-01-21 14:55:00,66.88,66.91,66.775,66.81,23030.0
2026-01-21 14:56:00,66.795,66.82,66.63,66.73,69051.0
2026-01-21 14:57:00,66.715,66.75,66.625,66.675,12747.0
2026-01-21 14:58:00,66.67,66.75,66.605,66.655,17524.0
2026-01-21 14:59:00,66.665,66.665,66.59,66.605,9800.0
2026-01-21 15:00:00,66.6,66.775,66.49,66.765,51102.0
2026-01-21 15:01:00,66.76,66.975,66.745,66.9,19889.0
2026-01-21 15:02:00,66.89,66.92,66.8,66.815,16051.0
2026-01-21 15:03:00,66.81,66.825,66.71,66.795,21211.0
2026-01-21 15:04:00,66.795,66.88,66.755,66.85,12185.0
2026-01-21 15:05:00,66.83,66.9,66.8,66.9,14892.0
2026-01-21 15:06:00,66.9,66.96,66.85,66.93,14292.0
2026-01-21 15:07:00,66.925,67.025,66.87,67.015,9499.0
2026-01-21 15:08:00,67.02,67.145,66.865,66.865,18896.0
2026-01-21 15:09:00,66.875,66.985,66.86,66.955,13581.0
2026-01-21 15:10:00,66.955,66.99,66.86,66.96,7187.0
2026-01-21 15:11:00,66.97,67.065,66.95,67.04,14669.0
2026-01-21 15:12:00,67.05,67.08,66.88,66.93,3684.0
2026-01-21 15:13:00,66.93,67.03,66.89,66.96,12581.0
2026-01-21 15:14:00,66.94,67.025,66.94,67.025,16147.0
2026-01-21 15:15:00,67.0,67.19,66.985,67.17,23301.0
2026-01-21 15:16:00,67.165,67.245,67.13,67.21,28379.0
2026-01-21 15:17:00,67.215,67.285,67.13,67.19,34904.0
2026-01-21 15:18:00,67.19,67.34,67.185,67.34,7164.0
2026-01-21 15:19:00,67.36,67.449,67.335,67.4,20077.0
2026-01-21 15:20:00,67.395,67.41,67.24,67.395,26108.0
2026-01-21 15:21:00,67.38,67.485,67.33,67.48,22924.0
2026-01-21 15:22:00,67.47,67.51,67.4,67.4,58288.0
2026-01-21 15:23:00,67.4,67.56,67.4,67.475,11636.0
2026-01-21 15:24:00,67.48,67.505,67.345,67.415,23434.0
2026-01-21 15:25:00,67.43,67.54,67.43,67.525,40237.0
2026-01-21 15:26:00,67.53,67.565,67.5,67.565,13067.0
2026-01-21 15:27:00,67.56,67.635,67.525,67.62,13674.0
2026-01-21 15:28:00,67.63,67.77,67.63,67.77,18000.0
2026-01-21 15:29:00,67.775,67.88,67.765,67.87,14633.0
2026-01-21 15:30:00,67.88,68.07,67.875,68.055,19981.0
2026-01-21 15:31:00,68.05,68.19,68.0,68.0,51280.0
2026-01-21 15:32:00,68.01,68.09,67.98,68.05,16723.0
2026-01-21 15:33:00,68.025,68.035,67.71,67.71,35104.0
2026-01-21 15:34:00,67.735,67.8,67.71,67.76,30489.0
2026-01-21 15:35:00,67.77,67.8,67.64,67.745,12748.0
2026-01-21 15:36:00,67.745,67.745,67.64,67.715,10697.0
2026-01-21 15:37:00,67.7,67.75,67.635,67.71,12395.0
2026-01-21 15:38:00,67.72,67.755,67.7,67.725,7018.0
2026-01-21 15:39:00,67.715,67.8,67.62,67.795,13671.0
2026-01-21 15:40:00,67.78,67.785,67.68,67.695,13189.0
2026-01-21 15:41:00,67.7,67.935,67.695,67.935,13637.0
2026-01-21 15:42:00,67.925,67.935,67.815,67.855,4680.0
2026-01-21 15:43:00,67.865,67.915,67.84,67.89,9104.0
2026-01-21 15:44:00,67.895,67.945,67.88,67.89,8047.0
2026-01-21 15:45:00,67.89,67.93,67.83,67.93,15005.0
2026-01-21 15:46:00,67.95,67.985,67.85,67.855,6001.0
2026-01-21 15:47:00,67.865,67.935,67.84,67.855,10165.0
2026-01-21 15:48:00,67.86,67.925,67.815,67.865,4727.0
2026-01-21 15:49:00,67.875,67.89,67.825,67.885,7199.0
2026-01-21 15:50:00,67.9,68.2,67.9,68.04,36427.0
2026-01-21 15:51:00,68.03,68.195,68.02,68.14,12708.0
2026-01-21 15:52:00,68.12,68.12,67.96,68.07,30473.0
2026-01-21 15:53:00,68.07,68.08,67.915,68.02,14756.0
2026-01-21 15:54:00,67.98,68.02,67.89,68.005,38946.0
2026-01-21 15:55:00,68.02,68.05,67.945,68.035,32966.0
2026-01-21 15:56:00,68.03,68.115,68.02,68.045,68772.0
2026-01-21 15:57:00,68.055,68.095,68.02,68.065,14171.0
2026-01-21 15:58:00,68.07,68.07,67.925,67.965,14571.0
2026-01-21 15:59:00,67.98,68.08,67.88,67.97,143343.0
2026-01-22 09:30:00,65.96,66.38,65.95,66.33,176635.0
2026-01-22 09:31:00,66.33,66.39,66.15,66.37,88420.0
2026-01-22 09:32:00,66.359,66.45,66.25,66.27,42238.0
2026-01-22 09:33:00,66.28,66.4,66.21,66.37,31980.0
2026-01-22 09:34:00,66.36,66.44,66.3,66.42,21335.0
2026-01-22 09:35:00,66.45,66.7,66.36,66.57,44141.0
2026-01-22 09:36:00,66.56,66.66,66.5,66.65,31567.0
2026-01-22 09:37:00,66.64,66.68,66.365,66.365,27361.0
2026-01-22 09:38:00,66.37,66.49,66.32,66.45,17292.0
2026-01-22 09:39:00,66.41,66.46,66.22,66.39,24630.0
2026-01-22 09:40:00,66.37,66.39,66.255,66.32,24843.0
2026-01-22 09:41:00,66.32,66.485,66.26,66.44,27995.0
2026-01-22 09:42:00,66.45,66.57,66.405,66.56,9856.0
2026-01-22 09:43:00,66.56,66.87,66.49,66.62,79113.0
2026-01-22 09:44:00,66.61,66.65,66.535,66.61,17842.0
2026-01-22 09:45:00,66.6,66.66,66.53,66.65,42408.0
2026-01-22 09:46:00,66.66,66.92,66.66,66.89,71438.0
2026-01-22 09:47:00,66.89,67.01,66.805,66.95,31402.0
2026-01-22 09:48:00,66.96,67.2,66.955,67.16,45273.0
2026-01-22 09:49:00,67.175,67.315,67.13,67.18,30110.0
2026-01-22 09:50:00,67.18,67.33,67.111,67.17,29919.0
2026-01-22 09:51:00,67.16,67.2,66.89,66.96,60973.0
2026-01-22 09:52:00,66.97,67.02,66.755,66.83,22378.0
2026-01-22 09:53:00,66.83,66.96,66.8,66.8,31464.0
2026-01-22 09:54:00,66.83,66.86,66.77,66.79,12158.0
2026-01-22 09:55:00,66.81,67.11,66.74,67.06,25323.0
2026-01-22 09:56:00,67.055,67.185,67.03,67.12,14938.0
2026-01-22 09:57:00,67.11,67.21,67.07,67.185,22853.0
2026-01-22 09:58:00,67.2,67.275,67.145,67.19,31780.0
2026-01-22 09:59:00,67.19,67.22,67.06,67.13,35901.0
2026-01-22 10:00:00,67.12,67.41,67.1,67.32,51037.0
2026-01-22 10:01:00,67.29,67.37,67.24,67.3,25440.0
2026-01-22 10:02:00,67.31,67.405,67.285,67.38,25480.0
2026-01-22 10:03:00,67.38,67.43,67.3,67.31,11978.0
2026-01-22 10:04:00,67.3,67.38,67.24,67.275,17341.0
2026-01-22 10:05:00,67.28,67.35,67.22,67.335,18445.0
2026-01-22 10:06:00,67.32,67.455,67.29,67.315,15453.0
2026-01-22 10:07:00,67.31,67.44,67.27,67.42,10255.0
2026-01-22 10:08:00,67.41,67.43,67.23,67.27,10950.0
2026-01-22 10:09:00,67.27,67.41,67.27,67.33,8193.0
2026-01-22 10:10:00,67.37,67.375,67.17,67.31,14182.0
2026-01-22 10:11:00,67.28,67.375,67.19,67.3,10438.0
2026-01-22 10:12:00,67.32,67.365,67.26,67.27,11130.0
2026-01-22 10:13:00,67.26,67.305,67.195,67.205,8931.0
2026-01-22 10:14:00,67.185,67.39,67.13,67.335,12420.0
2026-01-22 10:15:00,67.35,67.35,67.09,67.135,15265.0
2026-01-22 10:16:00,67.15,67.18,67.035,67.15,17060.0
2026-01-22 10:17:00,67.15,67.44,67.14,67.4,12566.0
2026-01-22 10:18:00,67.41,67.425,67.225,67.28,9868.0
2026-01-22 10:19:00,67.25,67.325,67.21,67.24,9928.0
2026-01-22 10:20:00,67.24,67.3,67.04,67.095,13727.0
2026-01-22 10:21:00,67.08,67.105,66.98,67.01,60976.0
2026-01-22 10:22:00,67.005,67.08,66.915,66.945,15990.0
2026-01-22 10:23:00,66.95,67.01,66.88,67.01,5708.0
2026-01-22 10:24:00,66.985,67.36,66.985,67.36,26797.0
2026-01-22 10:25:00,67.36,67.41,67.25,67.26,13744.0
2026-01-22 10:26:00,67.25,67.265,67.06,67.075,25582.0
2026-01-22 10:27:00,67.07,67.14,67.005,67.055,17854.0
2026-01-22 10:28:00,67.045,67.06,66.95,66.99,8575.0
2026-01-22 10:29:00,67.01,67.025,66.97,67.02,5079.0
2026-01-22 10:30:00,67.02,67.17,66.955,66.955,11876.0
2026-01-22 10:31:00,66.97,67.16,66.97,67.115,25437.0
2026-01-22 10:32:00,67.115,67.115,66.965,66.965,5519.0
2026-01-22 10:33:00,66.97,67.04,66.875,66.885,20315.0
2026-01-22 10:34:00,66.89,66.905,66.775,66.775,9987.0
2026-01-22 10:35:00,66.775,66.8,66.7,66.745,21133.0
2026-01-22 10:36:00,66.74,66.775,66.695,66.765,6450.0
2026-01-22 10:37:00,66.775,66.855,66.775,66.805,6824.0
2026-01-22 10:38:00,66.8,66.815,66.72,66.725,6689.0
2026-01-22 10:39:00,66.735,66.735,66.67,66.695,23593.0
2026-01-22 10:40:00,66.69,66.83,66.69,66.77,7082.0
2026-01-22 10:41:00,66.77,66.79,66.725,66.725,4995.0
2026-01-22 10:42:00,66.73,66.74,66.63,66.645,10416.0
2026-01-22 10:43:00,66.655,66.67,66.585,66.61,3838.0
2026-01-22 10:44:00,66.615,66.62,66.58,66.595,6336.0
2026-01-22 10:45:00,66.595,66.63,66.555,66.555,11655.0
2026-01-22 10:46:00,66.56,66.615,66.515,66.57,11659.0
2026-01-22 10:47:00,66.565,66.565,66.5,66.53,10457.0
2026-01-22 10:48:00,66.525,66.61,66.52,66.565,6224.0
2026-01-22 10:49:00,66.58,66.645,66.565,66.645,4004.0
2026-01-22 10:50:00,66.65,66.87,66.65,66.765,15319.0
2026-01-22 10:51:00,66.76,66.85,66.755,66.771,8741.0
2026-01-22 10:52:00,66.77,66.775,66.705,66.72,6747.0
2026-01-22 10:53:00,66.715,66.77,66.67,66.77,4639.0
2026-01-22 10:54:00,66.77,66.845,66.725,66.825,4594.0
2026-01-22 10:55:00,66.84,66.905,66.795,66.86,21506.0
2026-01-22 10:56:00,66.85,66.91,66.835,66.875,4594.0
2026-01-22 10:57:00,66.875,66.9,66.855,66.875,10563.0
2026-01-22 10:58:00,66.875,66.94,66.845,66.85,9947.0
2026-01-22 10:59:00,66.835,66.93,66.79,66.915,9682.0
2026-01-22 11:00:00,66.925,66.93,66.72,66.735,6569.0
2026-01-22 11:01:00,66.725,66.82,66.715,66.82,8348.0
2026-01-22 11:02:00,66.82,66.9,66.78,66.785,72871.0
2026-01-22 11:03:00,66.77,66.845,66.765,66.8,3470.0
2026-01-22 11:04:00,66.79,66.805,66.725,66.745,9309.0
2026-01-22 11:05:00,66.75,66.78,66.73,66.735,4435.0
2026-01-22 11:06:00,66.72,66.72,66.62,66.62,4180.0
2026-01-22 11:07:00,66.625,66.8,66.625,66.76,11648.0
2026-01-22 11:08:00,66.755,66.799,66.675,66.675,5312.0
2026-01-22 11:09:00,66.685,66.69,66.625,66.65,5542.0
2026-01-22 11:10:00,66.64,66.665,66.605,66.665,3245.0
2026-01-22 11:11:00,66.655,66.745,66.59,66.59,16342.0
2026-01-22 11:12:00,66.58,66.58,66.52,66.565,10737.0
2026-01-22 11:13:00,66.57,66.615,66.535,66.545,4114.0
2026-01-22 11:14:00,66.555,66.565,66.5,66.535,59860.0
2026-01-22 11:15:00,66.55,66.55,66.45,66.455,60257.0
2026-01-22 11:16:00,66.47,66.505,66.465,66.465,3340.0
2026-01-22 11:17:00,66.47,66.645,66.47,66.615,10785.0
2026-01-22 11:18:00,66.625,66.625,66.53,66.55,2427.0
2026-01-22 11:19:00,66.545,66.565,66.495,66.535,2280.0
2026-01-22 11:20:00,66.54,66.545,66.42,66.42,4589.0
2026-01-22 11:21:00,66.415,66.435,66.38,66.41,18284.0
2026-01-22 11:22:00,66.415,66.435,66.365,66.365,6782.0
2026-01-22 11:23:00,66.365,66.425,66.35,66.41,4700.0
2026-01-22 11:24:00,66.4,66.42,66.385,66.395,3918.0
2026-01-22 11:25:00,66.39,66.435,66.315,66.35,13082.0
2026-01-22 11:26:00,66.375,66.385,66.34,66.34,2664.0
2026-01-22 11:27:00,66.345,66.365,66.32,66.325,1503.0
2026-01-22 11:28:00,66.32,66.33,66.295,66.33,27329.0
2026-01-22 11:29:00,66.33,66.415,66.32,66.395,4573.0
2026-01-22 11:30:00,66.385,66.43,66.375,66.415,10682.0
2026-01-22 11:31:00,66.415,66.42,66.32,66.325,6759.0
2026-01-22 11:32:00,66.325,66.38,66.315,66.38,3387.0
2026-01-22 11:33:00,66.375,66.46,66.365,66.425,5918.0
2026-01-22 11:34:00,66.425,66.425,66.35,66.395,11289.0
2026-01-22 11:35:00,66.4,66.48,66.4,66.44,8120.0
2026-01-22 11:36:00,66.445,66.455,66.38,66.395,4971.0
2026-01-22 11:37:00,66.405,66.425,66.36,66.37,4298.0
2026-01-22 11:38:00,66.37,66.415,66.36,66.375,4286.0
2026-01-22 11:39:00,66.37,66.39,66.35,66.375,2880.0
2026-01-22 11:40:00,66.375,66.405,66.295,66.295,6357.0
2026-01-22 11:41:00,66.3,66.345,66.26,66.315,2764.0
2026-01-22 11:42:00,66.315,66.355,66.31,66.315,11324.0
2026-01-22 11:43:00,66.32,66.365,66.315,66.345,1297.0
2026-01-22 11:44:00,66.345,66.355,66.315,66.345,973.0
2026-01-22 11:45:00,66.32,66.325,66.245,66.255,59918.0
2026-01-22 11:46:00,66.255,66.28,66.24,66.275,7413.0
2026-01-22 11:47:00,66.29,66.31,66.26,66.285,4297.0
2026-01-22 11:48:00,66.29,66.29,66.23,66.285,4916.0
2026-01-22 11:49:00,66.285,66.285,66.22,66.275,1476.0
2026-01-22 11:50:00,66.27,66.295,66.255,66.27,1215.0
2026-01-22 11:51:00,66.26,66.285,66.26,66.26,1500.0
2026-01-22 11:52:00,66.255,66.255,66.175,66.235,7178.0
2026-01-22 11:53:00,66.215,66.255,66.205,66.225,1686.0
2026-01-22 11:54:00,66.23,66.275,66.22,66.245,11907.0
2026-01-22 11:55:00,66.245,66.385,66.245,66.385,11214.0
2026-01-22 11:56:00,66.395,66.44,66.34,66.44,9666.0
2026-01-22 11:57:00,66.445,66.465,66.34,66.36,5345.0
2026-01-22 11:58:00,66.36,66.41,66.36,66.39,6135.0
2026-01-22 11:59:00,66.415,66.43,66.385,66.415,2341.0
2026-01-22 12:00:00,66.43,66.52,66.42,66.515,12016.0
2026-01-22 12:01:00,66.52,66.545,66.36,66.365,20457.0
2026-01-22 12:02:00,66.37,66.405,66.335,66.385,1109.0
2026-01-22 12:03:00,66.36,66.385,66.34,66.365,3242.0
2026-01-22 12:04:00,66.37,66.37,66.325,66.335,776.0
2026-01-22 12:05:00,66.335,66.41,66.325,66.37,5088.0
2026-01-22 12:06:00,66.365,66.38,66.33,66.345,5375.0
2026-01-22 12:07:00,66.335,66.355,66.325,66.355,1050.0
2026-01-22 12:08:00,66.325,66.37,66.23,66.245,39520.0
2026-01-22 12:09:00,66.26,66.355,66.245,66.315,2431.0
2026-01-22 12:10:00,66.31,66.355,66.285,66.31,9811.0
2026-01-22 12:11:00,66.315,66.315,66.22,66.285,5925.0
2026-01-22 12:12:00,66.29,66.375,66.29,66.365,3582.0
2026-01-22 12:13:00,66.35,66.375,66.285,66.285,1427.0
2026-01-22 12:14:00,66.29,66.325,66.27,66.27,2953.0
2026-01-22 12:15:00,66.265,66.335,66.24,66.305,6302.0
2026-01-22 12:16:00,66.325,66.355,66.305,66.33,55131.0
2026-01-22 12:17:00,66.355,66.465,66.345,66.44,31768.0
2026-01-22 12:18:00,66.44,66.44,66.38,66.385,9464.0
2026-01-22 12:19:00,66.38,66.4,66.365,66.365,989.0
2026-01-22 12:20:00,66.375,66.42,66.365,66.41,4917.0
2026-01-22 12:21:00,66.395,66.48,66.39,66.44,4346.0
2026-01-22 12:22:00,66.435,66.5,66.435,66.485,134812.0
2026-01-22 12:23:00,66.475,66.485,66.395,66.42,3282.0
2026-01-22 12:24:00,66.41,66.425,66.355,66.365,3761.0
2026-01-22 12:25:00,66.35,66.415,66.345,66.405,1318.0
2026-01-22 12:26:00,66.4,66.41,66.36,66.39,2117.0
2026-01-22 12:27:00,66.395,66.445,66.395,66.44,3890.0
2026-01-22 12:28:00,66.45,66.46,66.405,66.415,2027.0
2026-01-22 12:29:00,66.4,66.405,66.33,66.335,1067.0
2026-01-22 12:30:00,66.33,66.33,66.23,66.245,33817.0
2026-01-22 12:31:00,66.245,66.325,66.23,66.305,11645.0
2026-01-22 12:32:00,66.315,66.315,66.14,66.155,15475.0
2026-01-22 12:33:00,66.155,66.155,66.095,66.14,34875.0
2026-01-22 12:34:00,66.145,66.165,66.115,66.135,2743.0
2026-01-22 12:35:00,66.13,66.155,66.125,66.145,3491.0
2026-01-22 12:36:00,66.145,66.22,66.145,66.155,9964.0
2026-01-22 12:37:00,66.155,66.2,66.155,66.19,3256.0
2026-01-22 12:38:00,66.215,66.24,66.19,66.2,2833.0
2026-01-22 12:39:00,66.185,66.245,66.185,66.22,10966.0
2026-01-22 12:40:00,66.215,66.215,66.11,66.115,22647.0
2026-01-22 12:41:00,66.125,66.145,66.095,66.135,42864.0
2026-01-22 12:42:00,66.14,66.15,66.125,66.125,2556.0
2026-01-22 12:43:00,66.12,66.185,66.12,66.185,7765.0
2026-01-22 12:44:00,66.195,66.195,66.16,66.165,3066.0
2026-01-22 12:45:00,66.17,66.175,66.14,66.14,4563.0
2026-01-22 12:46:00,66.145,66.145,66.12,66.135,2654.0
2026-01-22 12:47:00,66.125,66.145,66.095,66.105,14307.0
2026-01-22 12:48:00,66.11,66.145,66.09,66.135,2890.0
2026-01-22 12:49:00,66.145,66.165,66.115,66.115,574.0
2026-01-22 12:50:00,66.1,66.105,66.04,66.085,7137.0
2026-01-22 12:51:00,66.095,66.125,66.05,66.065,1353.0
2026-01-22 12:52:00,66.05,66.095,66.035,66.07,2903.0
2026-01-22 12:53:00,66.075,66.105,66.075,66.105,234.0
2026-01-22 12:54:00,66.1,66.1,66.08,66.085,7104.0
2026-01-22 12:55:00,66.095,66.145,66.095,66.135,5965.0
2026-01-22 12:56:00,66.13,66.15,66.1,66.105,5004.0
2026-01-22 12:57:00,66.105,66.105,66.045,66.045,2377.0
2026-01-22 12:58:00,66.045,66.045,66.01,66.045,6609.0
2026-01-22 12:59:00,66.045,66.085,66.045,66.075,2764.0
2026-01-22 13:00:00,66.09,66.095,66.05,66.075,2141.0
2026-01-22 13:01:00,66.075,66.075,66.04,66.055,3653.0
2026-01-22 13:02:00,66.06,66.075,66.04,66.05,7057.0
2026-01-22 13:03:00,66.055,66.225,66.03,66.13,139509.0
2026-01-22 13:04:00,66.125,66.14,66.05,66.06,9844.0
2026-01-22 13:05:00,66.055,66.08,66.015,66.025,9840.0
2026-01-22 13:06:00,66.03,66.06,66.025,66.05,12299.0
2026-01-22 13:07:00,66.05,66.07,66.03,66.045,7318.0
2026-01-22 13:08:00,66.045,66.06,66.01,66.04,9018.0
2026-01-22 13:09:00,66.06,66.095,66.05,66.06,2249.0
2026-01-22 13:10:00,66.055,66.095,66.04,66.095,4243.0
2026-01-22 13:11:00,66.1,66.175,66.085,66.15,24356.0
2026-01-22 13:12:00,66.165,66.165,66.13,66.145,4632.0
2026-01-22 13:13:00,66.145,66.175,66.125,66.15,2601.0
2026-01-22 13:14:00,66.15,66.235,66.15,66.205,8629.0
2026-01-22 13:15:00,66.205,66.23,66.155,66.18,9528.0
2026-01-22 13:16:00,66.185,66.25,66.18,66.235,6120.0
2026-01-22 13:17:00,66.235,66.295,66.225,66.225,55472.0
2026-01-22 13:18:00,66.235,66.245,66.21,66.23,2125.0
2026-01-22 13:19:00,66.225,66.23,66.185,66.22,1841.0
2026-01-22 13:20:00,66.22,66.24,66.165,66.175,5100.0
2026-01-22 13:21:00,66.185,66.19,66.155,66.185,3169.0
2026-01-22 13:22:00,66.185,66.21,66.125,66.125,1589.0
2026-01-22 13:23:00,66.125,66.15,66.105,66.135,3992.0
2026-01-22 13:24:00,66.135,66.145,66.12,66.135,1356.0
2026-01-22 13:25:00,66.12,66.15,66.11,66.14,1928.0
2026-01-22 13:26:00,66.15,66.195,66.15,66.175,4753.0
2026-01-22 13:27:00,66.175,66.175,66.135,66.15,2743.0
2026-01-22 13:28:00,66.135,66.135,66.115,66.125,2907.0
2026-01-22 13:29:00,66.13,66.18,66.13,66.18,1531.0
2026-01-22 13:30:00,66.185,66.205,66.15,66.185,2941.0
2026-01-22 13:31:00,66.18,66.205,66.175,66.185,1048.0
2026-01-22 13:32:00,66.19,66.195,66.12,66.145,4103.0
2026-01-22 13:33:00,66.145,66.145,66.105,66.145,2267.0
2026-01-22 13:34:00,66.135,66.145,66.105,66.125,590.0
2026-01-22 13:35:00,66.15,66.185,66.125,66.135,1793.0
2026-01-22 13:36:00,66.145,66.19,66.11,66.18,4677.0
2026-01-22 13:37:00,66.18,66.18,66.125,66.125,2410.0
2026-01-22 13:38:00,66.145,66.185,66.14,66.165,1588.0
2026-01-22 13:39:00,66.165,66.165,66.13,66.13,920.0
2026-01-22 13:40:00,66.135,66.16,66.105,66.135,694.0
2026-01-22 13:41:00,66.135,66.155,66.13,66.135,692.0
2026-01-22 13:42:00,66.14,66.16,66.12,66.12,3797.0
2026-01-22 13:43:00,66.125,66.175,66.11,66.165,5883.0
2026-01-22 13:44:00,66.165,66.245,66.165,66.225,5599.0
2026-01-22 13:45:00,66.225,66.229,66.165,66.17,2709.0
2026-01-22 13:46:00,66.165,66.21,66.16,66.205,1942.0
2026-01-22 13:47:00,66.2,66.205,66.135,66.14,7950.0
2026-01-22 13:48:00,66.15,66.155,66.135,66.145,3949.0
2026-01-22 13:49:00,66.145,66.165,66.1,66.165,15120.0
2026-01-22 13:50:00,66.165,66.195,66.15,66.175,4276.0
2026-01-22 13:51:00,66.175,66.205,66.175,66.195,60.0
2026-01-22 13:52:00,66.205,66.23,66.175,66.225,2225.0
2026-01-22 13:53:00,66.23,66.285,66.225,66.265,825.0
2026-01-22 13:54:00,66.265,66.285,66.24,66.275,2290.0
2026-01-22 13:55:00,66.27,66.32,66.27,66.315,3108.0
2026-01-22 13:56:00,66.315,66.32,66.27,66.285,3366.0
2026-01-22 13:57:00,66.295,66.4,66.295,66.355,12731.0
2026-01-22 13:58:00,66.355,66.425,66.35,66.415,3418.0
2026-01-22 13:59:00,66.4,66.4,66.35,66.375,1340.0
2026-01-22 14:00:00,66.385,66.385,66.27,66.305,9279.0
2026-01-22 14:01:00,66.315,66.39,66.315,66.37,7844.0
2026-01-22 14:02:00,66.37,66.385,66.28,66.29,3635.0
2026-01-22 14:03:00,66.295,66.3,66.22,66.235,4844.0
2026-01-22 14:04:00,66.23,66.235,66.195,66.215,8714.0
2026-01-22 14:05:00,66.21,66.22,66.16,66.2,9824.0
2026-01-22 14:06:00,66.195,66.195,66.14,66.185,2564.0
2026-01-22 14:07:00,66.175,66.23,66.175,66.225,933.0
2026-01-22 14:08:00,66.21,66.265,66.21,66.26,3217.0
2026-01-22 14:09:00,66.255,66.27,66.175,66.195,1995.0
2026-01-22 14:10:00,66.185,66.24,66.18,66.205,1613.0
2026-01-22 14:11:00,66.19,66.215,66.149,66.149,1103.0
2026-01-22 14:12:00,66.145,66.155,66.115,66.115,4248.0
2026-01-22 14:13:00,66.115,66.115,66.085,66.105,5389.0
2026-01-22 14:14:00,66.115,66.155,66.095,66.155,514.0
2026-01-22 14:15:00,66.155,66.225,66.145,66.175,6567.0
2026-01-22 14:16:00,66.175,66.225,66.175,66.185,1288.0
2026-01-22 14:17:00,66.18,66.195,66.16,66.165,1175.0
2026-01-22 14:18:00,66.16,66.16,66.12,66.145,1771.0
2026-01-22 14:19:00,66.145,66.175,66.135,66.135,412.0
2026-01-22 14:20:00,66.135,66.165,66.11,66.165,1011.0
2026-01-22 14:21:00,66.16,66.165,66.115,66.115,4234.0
2026-01-22 14:22:00,66.125,66.14,66.115,66.14,9381.0
2026-01-22 14:23:00,66.125,66.135,66.09,66.095,23817.0
2026-01-22 14:24:00,66.09,66.1,66.07,66.085,54787.0
2026-01-22 14:25:00,66.085,66.095,66.075,66.095,10606.0
2026-01-22 14:26:00,66.095,66.115,66.075,66.095,3380.0
2026-01-22 14:27:00,66.1,66.125,66.07,66.085,1165.0
2026-01-22 14:28:00,66.075,66.1,66.055,66.07,964.0
2026-01-22 14:29:00,66.075,66.11,66.07,66.095,642.0
2026-01-22 14:30:00,66.095,66.11,66.07,66.085,4556.0
2026-01-22 14:31:00,66.1,66.165,66.085,66.165,3765.0
2026-01-22 14:32:00,66.16,66.175,66.145,66.155,3147.0
2026-01-22 14:33:00,66.155,66.185,66.13,66.18,5832.0
2026-01-22 14:34:00,66.18,66.185,66.15,66.185,18794.0
2026-01-22 14:35:00,66.175,66.195,66.145,66.175,1753.0
2026-01-22 14:36:00,66.18,66.255,66.18,66.23,3128.0
2026-01-22 14:37:00,66.245,66.275,66.23,66.23,2277.0
2026-01-22 14:38:00,66.225,66.29,66.225,66.29,3737.0
2026-01-22 14:39:00,66.295,66.34,66.29,66.315,2769.0
2026-01-22 14:40:00,66.315,66.32,66.25,66.29,37582.0
2026-01-22 14:41:00,66.285,66.315,66.275,66.3,2931.0
2026-01-22 14:42:00,66.3,66.395,66.295,66.345,11777.0
2026-01-22 14:43:00,66.355,66.365,66.3,66.355,2836.0
2026-01-22 14:44:00,66.38,66.385,66.33,66.365,1201.0
2026-01-22 14:45:00,66.385,66.455,66.375,66.445,17228.0
2026-01-22 14:46:00,66.46,66.47,66.41,66.415,21963.0
2026-01-22 14:47:00,66.42,66.42,66.36,66.395,5048.0
2026-01-22 14:48:00,66.405,66.45,66.4,66.44,60889.0
2026-01-22 14:49:00,66.445,66.45,66.415,66.435,117095.0
2026-01-22 14:50:00,66.43,66.44,66.385,66.4,10895.0
2026-01-22 14:51:00,66.415,66.415,66.32,66.345,5729.0
2026-01-22 14:52:00,66.36,66.395,66.36,66.395,2725.0
2026-01-22 14:53:00,66.395,66.44,66.395,66.425,20768.0
2026-01-22 14:54:00,66.425,66.465,66.405,66.455,43484.0
2026-01-22 14:55:00,66.455,66.465,66.41,66.43,3250.0
2026-01-22 14:56:00,66.41,66.601,66.41,66.575,27710.0
2026-01-22 14:57:00,66.58,66.6,66.53,66.56,8361.0
2026-01-22 14:58:00,66.565,66.625,66.555,66.615,7049.0
2026-01-22 14:59:00,66.615,66.685,66.605,66.645,10060.0
2026-01-22 15:00:00,66.65,66.7,66.615,66.645,22720.0
2026-01-22 15:01:00,66.645,66.705,66.595,66.695,3739.0
2026-01-22 15:02:00,66.69,66.69,66.57,66.575,8516.0
2026-01-22 15:03:00,66.565,66.6,66.545,66.575,4197.0
2026-01-22 15:04:00,66.57,66.61,66.555,66.585,4320.0
2026-01-22 15:05:00,66.61,66.625,66.575,66.58,1077.0
2026-01-22 15:06:00,66.575,66.655,66.54,66.655,3498.0
2026-01-22 15:07:00,66.66,66.69,66.62,66.645,7701.0
2026-01-22 15:08:00,66.645,66.66,66.62,66.66,4909.0
2026-01-22 15:09:00,66.655,66.685,66.645,66.665,2060.0
2026-01-22 15:10:00,66.67,66.67,66.635,66.665,5399.0
2026-01-22 15:11:00,66.655,66.665,66.595,66.655,7975.0
2026-01-22 15:12:00,66.64,66.645,66.59,66.635,588.0
2026-01-22 15:13:00,66.635,66.665,66.625,66.655,1161.0
2026-01-22 15:14:00,66.63,66.63,66.575,66.575,1426.0
2026-01-22 15:15:00,66.575,66.575,66.45,66.485,8186.0
2026-01-22 15:16:00,66.495,66.555,66.485,66.55,1587.0
2026-01-22 15:17:00,66.52,66.57,66.51,66.565,4716.0
2026-01-22 15:18:00,66.57,66.595,66.555,66.56,1548.0
2026-01-22 15:19:00,66.565,66.565,66.52,66.53,589.0
2026-01-22 15:20:00,66.525,66.53,66.485,66.505,2336.0
2026-01-22 15:21:00,66.5,66.54,66.475,66.535,4931.0
2026-01-22 15:22:00,66.535,66.585,66.535,66.565,377.0
2026-01-22 15:23:00,66.575,66.575,66.54,66.56,568.0
2026-01-22 15:24:00,66.575,66.635,66.55,66.625,8428.0
2026-01-22 15:25:00,66.635,66.725,66.63,66.725,17890.0
2026-01-22 15:26:00,66.725,66.825,66.715,66.765,12940.0
2026-01-22 15:27:00,66.785,66.815,66.75,66.775,8137.0
2026-01-22 15:28:00,66.785,66.82,66.77,66.815,3526.0
2026-01-22 15:29:00,66.81,66.89,66.81,66.89,8935.0
2026-01-22 15:30:00,66.885,66.93,66.855,66.875,14576.0
2026-01-22 15:31:00,66.885,66.995,66.84,66.96,45907.0
2026-01-22 15:32:00,66.96,66.96,66.83,66.865,4829.0
2026-01-22 15:33:00,66.88,66.915,66.865,66.905,3273.0
2026-01-22 15:34:00,66.92,66.97,66.92,66.945,16784.0
2026-01-22 15:35:00,66.955,67.03,66.955,66.98,10950.0
2026-01-22 15:36:00,66.985,67.06,66.97,67.035,8919.0
2026-01-22 15:37:00,67.04,67.075,66.99,67.0,5819.0
2026-01-22 15:38:00,67.01,67.065,66.95,66.965,11194.0
2026-01-22 15:39:00,66.97,67.01,66.96,67.01,2095.0
2026-01-22 15:40:00,67.015,67.04,66.97,67.04,37048.0
2026-01-22 15:41:00,67.035,67.035,66.955,66.965,1961.0
2026-01-22 15:42:00,66.975,66.985,66.895,66.975,5205.0
2026-01-22 15:43:00,66.965,66.965,66.835,66.855,22963.0
2026-01-22 15:44:00,66.85,66.865,66.795,66.85,16985.0
2026-01-22 15:45:00,66.835,66.84,66.755,66.765,19074.0
2026-01-22 15:46:00,66.765,66.835,66.755,66.795,4972.0
2026-01-22 15:47:00,66.8,66.805,66.765,66.775,3089.0
2026-01-22 15:48:00,66.78,66.78,66.75,66.76,7522.0
2026-01-22 15:49:00,66.75,66.75,66.68,66.685,18707.0
2026-01-22 15:50:00,66.65,66.69,66.595,66.685,16343.0
2026-01-22 15:51:00,66.675,66.7,66.58,66.605,7832.0
2026-01-22 15:52:00,66.595,66.65,66.575,66.595,11626.0
2026-01-22 15:53:00,66.585,66.61,66.57,66.575,2309.0
2026-01-22 15:54:00,66.575,66.63,66.535,66.585,30731.0
2026-01-22 15:55:00,66.59,66.595,66.47,66.57,27537.0
2026-01-22 15:56:00,66.575,66.585,66.5,66.53,26913.0
2026-01-22 15:57:00,66.53,66.55,66.51,66.54,10242.0
2026-01-22 15:58:00,66.535,66.57,66.525,66.555,6226.0
2026-01-22 15:59:00,66.56,66.56,66.45,66.45,50979.0
2026-01-23 09:30:00,66.88,66.97,66.59,66.79,160969.0
2026-01-23 09:31:00,66.73,66.75,66.55,66.56,22285.0
2026-01-23 09:32:00,66.58,67.0,66.58,66.94,14708.0
2026-01-23 09:33:00,66.94,67.03,66.84,66.91,14016.0
2026-01-23 09:34:00,66.9,67.05,66.88,67.01,8634.0
2026-01-23 09:35:00,67.01,67.05,66.91,67.05,33547.0
2026-01-23 09:36:00,67.03,67.09,66.75,66.86,46209.0
2026-01-23 09:37:00,66.86,67.22,66.84,67.17,33024.0
2026-01-23 09:38:00,67.14,67.17,67.02,67.12,17181.0
2026-01-23 09:39:00,67.11,67.18,67.08,67.12,35096.0
2026-01-23 09:40:00,67.13,67.22,66.93,66.94,38130.0
2026-01-23 09:41:00,66.93,66.93,66.8,66.82,44483.0
2026-01-23 09:42:00,66.8,66.8,66.65,66.78,29200.0
2026-01-23 09:43:00,66.745,66.9,66.74,66.79,22851.0
2026-01-23 09:44:00,66.79,66.93,66.78,66.83,22329.0
2026-01-23 09:45:00,66.78,66.84,66.69,66.72,21585.0
2026-01-23 09:46:00,66.73,66.95,66.68,66.95,10417.0
2026-01-23 09:47:00,66.95,67.1,66.93,67.045,24587.0
2026-01-23 09:48:00,67.04,67.06,66.945,67.0,9938.0
2026-01-23 09:49:00,67.0,67.08,66.985,67.005,5396.0
2026-01-23 09:50:00,66.985,67.02,66.92,66.96,6492.0
2026-01-23 09:51:00,66.98,66.98,66.715,66.75,12838.0
2026-01-23 09:52:00,66.72,66.85,66.72,66.8,4487.0
2026-01-23 09:53:00,66.83,66.83,66.735,66.74,21766.0
2026-01-23 09:54:00,66.74,66.795,66.7,66.76,8020.0
2026-01-23 09:55:00,66.75,66.77,66.68,66.7,43209.0
2026-01-23 09:56:00,66.69,66.69,66.5,66.64,29480.0
2026-01-23 09:57:00,66.63,66.78,66.58,66.59,26625.0
2026-01-23 09:58:00,66.57,66.575,66.51,66.55,6066.0
2026-01-23 09:59:00,66.52,66.55,66.44,66.44,71429.0
2026-01-23 10:00:00,66.43,66.43,66.27,66.35,29279.0
2026-01-23 10:01:00,66.35,66.4,66.29,66.29,17093.0
2026-01-23 10:02:00,66.27,66.28,66.17,66.22,18894.0
2026-01-23 10:03:00,66.21,66.21,66.15,66.15,12623.0
2026-01-23 10:04:00,66.15,66.15,66.025,66.095,19322.0
2026-01-23 10:05:00,66.09,66.19,66.08,66.09,15649.0
2026-01-23 10:06:00,66.08,66.2,66.07,66.1,25819.0
2026-01-23 10:07:00,66.1,66.25,66.07,66.16,20607.0
2026-01-23 10:08:00,66.16,66.21,66.135,66.135,14369.0
2026-01-23 10:09:00,66.16,66.21,66.1,66.13,52568.0
2026-01-23 10:10:00,66.13,66.185,66.085,66.125,31309.0
2026-01-23 10:11:00,66.11,66.16,66.09,66.16,6951.0
2026-01-23 10:12:00,66.145,66.19,66.105,66.18,6710.0
2026-01-23 10:13:00,66.19,66.34,66.16,66.295,22019.0
2026-01-23 10:14:00,66.3,66.345,66.25,66.25,15747.0
2026-01-23 10:15:00,66.25,66.25,66.09,66.13,12250.0
2026-01-23 10:16:00,66.16,66.245,66.125,66.245,3847.0
2026-01-23 10:17:00,66.24,66.35,66.2,66.2,20232.0
2026-01-23 10:18:00,66.18,66.285,66.155,66.285,10844.0
2026-01-23 10:19:00,66.27,66.32,66.235,66.315,9399.0
2026-01-23 10:20:00,66.29,66.36,66.01,66.06,46803.0
2026-01-23 10:21:00,66.06,66.075,65.95,66.0,57191.0
2026-01-23 10:22:00,65.99,65.99,65.76,65.795,28920.0
2026-01-23 10:23:00,65.795,65.83,65.74,65.8,35199.0
2026-01-23 10:24:00,65.8,65.825,65.75,65.815,21390.0
2026-01-23 10:25:00,65.81,65.82,65.69,65.74,34484.0
2026-01-23 10:26:00,65.745,65.82,65.745,65.8,20573.0
2026-01-23 10:27:00,65.795,65.91,65.795,65.82,44166.0
2026-01-23 10:28:00,65.81,65.86,65.8,65.83,17279.0
2026-01-23 10:29:00,65.82,65.84,65.78,65.82,7897.0
2026-01-23 10:30:00,65.815,65.815,65.71,65.735,17233.0
2026-01-23 10:31:00,65.75,65.77,65.72,65.725,4996.0
2026-01-23 10:32:00,65.72,65.785,65.71,65.755,9111.0
2026-01-23 10:33:00,65.755,65.805,65.72,65.73,10282.0
2026-01-23 10:34:00,65.725,65.725,65.61,65.62,47645.0
2026-01-23 10:35:00,65.62,65.62,65.545,65.605,14853.0
2026-01-23 10:36:00,65.595,65.615,65.565,65.595,6421.0
2026-01-23 10:37:00,65.6,65.635,65.54,65.565,14637.0
2026-01-23 10:38:00,65.565,65.635,65.565,65.59,16641.0
2026-01-23 10:39:00,65.61,65.635,65.56,65.575,10492.0
2026-01-23 10:40:00,65.58,65.665,65.545,65.645,17845.0
2026-01-23 10:41:00,65.62,65.63,65.565,65.6,60340.0
2026-01-23 10:42:00,65.59,65.605,65.535,65.565,11842.0
2026-01-23 10:43:00,65.555,65.59,65.525,65.59,24975.0
2026-01-23 10:44:00,65.59,65.605,65.535,65.56,14761.0
2026-01-23 10:45:00,65.56,65.63,65.555,65.595,7358.0
2026-01-23 10:46:00,65.57,65.595,65.54,65.55,16061.0
2026-01-23 10:47:00,65.56,65.57,65.495,65.5,17548.0
2026-01-23 10:48:00,65.5,65.5,65.38,65.385,37096.0
2026-01-23 10:49:00,65.385,65.41,65.3,65.325,9866.0
2026-01-23 10:50:00,65.325,65.4,65.31,65.4,19311.0
2026-01-23 10:51:00,65.39,65.43,65.355,65.36,14507.0
2026-01-23 10:52:00,65.37,65.385,65.3,65.315,17525.0
2026-01-23 10:53:00,65.31,65.325,65.275,65.315,19660.0
2026-01-23 10:54:00,65.325,65.329,65.25,65.28,32380.0
2026-01-23 10:55:00,65.27,65.32,65.245,65.295,13672.0
2026-01-23 10:56:00,65.295,65.305,65.22,65.25,34520.0
2026-01-23 10:57:00,65.255,65.265,65.23,65.24,9625.0
2026-01-23 10:58:00,65.24,65.305,65.235,65.245,27638.0
2026-01-23 10:59:00,65.245,65.25,65.205,65.215,7139.0
2026-01-23 11:00:00,65.21,65.21,65.15,65.16,13905.0
2026-01-23 11:01:00,65.155,65.17,65.11,65.155,9592.0
2026-01-23 11:02:00,65.145,65.17,65.12,65.155,11184.0
2026-01-23 11:03:00,65.15,65.155,65.07,65.07,22916.0
2026-01-23 11:04:00,65.075,65.105,65.07,65.095,17844.0
2026-01-23 11:05:00,65.095,65.235,65.075,65.23,11806.0
2026-01-23 11:06:00,65.225,65.295,65.215,65.25,14210.0
2026-01-23 11:07:00,65.245,65.365,65.245,65.355,21052.0
2026-01-23 11:08:00,65.36,65.38,65.27,65.28,12633.0
2026-01-23 11:09:00,65.285,65.285,65.205,65.205,70643.0
2026-01-23 11:10:00,65.22,65.225,65.185,65.195,17022.0
2026-01-23 11:11:00,65.195,65.21,65.17,65.19,3805.0
2026-01-23 11:12:00,65.19,65.285,65.19,65.26,4455.0
2026-01-23 11:13:00,65.25,65.255,65.185,65.23,1489.0
2026-01-23 11:14:00,65.23,65.245,65.205,65.235,2813.0
2026-01-23 11:15:00,65.225,65.285,65.225,65.27,4347.0
2026-01-23 11:16:00,65.265,65.325,65.265,65.315,6804.0
2026-01-23 11:17:00,65.32,65.33,65.27,65.29,8080.0
2026-01-23 11:18:00,65.315,65.32,65.19,65.195,7795.0
2026-01-23 11:19:00,65.19,65.23,65.19,65.22,2822.0
2026-01-23 11:20:00,65.225,65.305,65.225,65.3,4357.0
2026-01-23 11:21:00,65.285,65.315,65.275,65.305,3117.0
2026-01-23 11:22:00,65.31,65.35,65.31,65.33,26083.0
2026-01-23 11:23:00,65.335,65.345,65.305,65.335,1510.0
2026-01-23 11:24:00,65.325,65.355,65.29,65.295,7691.0
2026-01-23 11:25:00,65.3,65.325,65.275,65.295,2870.0
2026-01-23 11:26:00,65.3,65.36,65.275,65.345,6596.0
2026-01-23 11:27:00,65.345,65.455,65.345,65.455,6720.0
2026-01-23 11:28:00,65.45,65.565,65.445,65.515,15703.0
2026-01-23 11:29:00,65.515,65.525,65.43,65.47,7733.0
2026-01-23 11:30:00,65.485,65.52,65.395,65.52,5566.0
2026-01-23 11:31:00,65.53,65.595,65.53,65.565,18276.0
2026-01-23 11:32:00,65.575,65.68,65.575,65.675,10805.0
2026-01-23 11:33:00,65.69,65.71,65.64,65.665,12495.0
2026-01-23 11:34:00,65.67,65.69,65.6,65.65,15955.0
2026-01-23 11:35:00,65.64,65.705,65.52,65.56,15726.0
2026-01-23 11:36:00,65.55,65.555,65.47,65.495,3938.0
2026-01-23 11:37:00,65.48,65.49,65.31,65.315,52828.0
2026-01-23 11:38:00,65.3,65.315,65.26,65.27,5883.0
2026-01-23 11:39:00,65.265,65.29,65.25,65.271,11042.0
2026-01-23 11:40:00,65.3,65.32,65.275,65.31,6254.0
2026-01-23 11:41:00,65.305,65.34,65.255,65.265,5617.0
2026-01-23 11:42:00,65.265,65.315,65.215,65.29,6159.0
2026-01-23 11:43:00,65.29,65.42,65.29,65.34,31106.0
2026-01-23 11:44:00,65.345,65.345,65.28,65.325,1278.0
2026-01-23 11:45:00,65.335,65.455,65.325,65.445,3310.0
2026-01-23 11:46:00,65.445,65.46,65.32,65.335,12959.0
2026-01-23 11:47:00,65.33,65.335,65.26,65.31,6894.0
2026-01-23 11:48:00,65.295,65.295,65.255,65.285,1206.0
2026-01-23 11:49:00,65.285,65.285,65.2,65.24,40743.0
2026-01-23 11:50:00,65.25,65.26,65.225,65.25,3523.0
2026-01-23 11:51:00,65.27,65.315,65.235,65.315,14848.0
2026-01-23 11:52:00,65.31,65.35,65.29,65.35,6652.0
2026-01-23 11:53:00,65.345,65.445,65.34,65.415,14202.0
2026-01-23 11:54:00,65.425,65.425,65.355,65.365,896.0
2026-01-23 11:55:00,65.36,65.445,65.36,65.395,12991.0
2026-01-23 11:56:00,65.385,65.39,65.355,65.371,3583.0
2026-01-23 11:57:00,65.38,65.44,65.38,65.44,21088.0
2026-01-23 11:58:00,65.44,65.515,65.41,65.51,21943.0
2026-01-23 11:59:00,65.5,65.54,65.475,65.505,24116.0
2026-01-23 12:00:00,65.5,65.68,65.495,65.635,35125.0
2026-01-23 12:01:00,65.625,65.655,65.595,65.635,3723.0
2026-01-23 12:02:00,65.625,65.635,65.565,65.585,2187.0
2026-01-23 12:03:00,65.58,65.58,65.5,65.535,6015.0
2026-01-23 12:04:00,65.51,65.51,65.4,65.46,55278.0
2026-01-23 12:05:00,65.46,65.59,65.445,65.58,33242.0
2026-01-23 12:06:00,65.58,65.585,65.545,65.55,3748.0
2026-01-23 12:07:00,65.57,65.57,65.44,65.535,7693.0
2026-01-23 12:08:00,65.545,65.55,65.515,65.535,2235.0
2026-01-23 12:09:00,65.54,65.555,65.5,65.555,18277.0
2026-01-23 12:10:00,65.545,65.59,65.53,65.575,3026.0
2026-01-23 12:11:00,65.545,65.545,65.5,65.51,2042.0
2026-01-23 12:12:00,65.52,65.52,65.45,65.47,4812.0
2026-01-23 12:13:00,65.475,65.485,65.44,65.455,6171.0
2026-01-23 12:14:00,65.445,65.445,65.37,65.375,6934.0
2026-01-23 12:15:00,65.365,65.4,65.34,65.385,39917.0
2026-01-23 12:16:00,65.395,65.51,65.395,65.49,14402.0
2026-01-23 12:17:00,65.48,65.505,65.455,65.48,694.0
2026-01-23 12:18:00,65.48,65.535,65.445,65.475,5664.0
2026-01-23 12:19:00,65.485,65.49,65.455,65.475,1488.0
2026-01-23 12:20:00,65.475,65.545,65.455,65.545,15735.0
2026-01-23 12:21:00,65.545,65.555,65.525,65.525,2824.0
2026-01-23 12:22:00,65.54,65.55,65.475,65.515,1061.0
2026-01-23 12:23:00,65.515,65.52,65.48,65.495,2410.0
2026-01-23 12:24:00,65.495,65.57,65.495,65.565,24947.0
2026-01-23 12:25:00,65.565,65.565,65.515,65.53,5748.0
2026-01-23 12:26:00,65.535,65.56,65.485,65.495,4757.0
2026-01-23 12:27:00,65.475,65.48,65.455,65.475,3612.0
2026-01-23 12:28:00,65.475,65.49,65.45,65.46,2528.0
2026-01-23 12:29:00,65.455,65.455,65.38,65.425,3159.0
2026-01-23 12:30:00,65.42,65.55,65.415,65.47,19275.0
2026-01-23 12:31:00,65.475,65.525,65.435,65.465,7468.0
2026-01-23 12:32:00,65.465,65.545,65.445,65.54,3710.0
2026-01-23 12:33:00,65.54,65.595,65.525,65.545,8508.0
2026-01-23 12:34:00,65.545,65.605,65.545,65.59,15493.0
2026-01-23 12:35:00,65.595,65.595,65.5,65.555,7498.0
2026-01-23 12:36:00,65.55,65.565,65.5,65.535,8408.0
2026-01-23 12:37:00,65.54,65.555,65.505,65.51,4501.0
2026-01-23 12:38:00,65.515,65.59,65.515,65.59,7950.0
2026-01-23 12:39:00,65.6,65.645,65.585,65.605,8885.0
2026-01-23 12:40:00,65.605,65.785,65.605,65.74,43163.0
2026-01-23 12:41:00,65.735,65.765,65.705,65.735,46717.0
2026-01-23 12:42:00,65.74,65.915,65.74,65.915,57489.0
2026-01-23 12:43:00,65.92,66.005,65.9,65.94,36038.0
2026-01-23 12:44:00,65.965,65.99,65.91,65.955,9391.0
2026-01-23 12:45:00,65.96,65.995,65.85,65.89,14158.0
2026-01-23 12:46:00,65.89,66.12,65.89,66.06,80429.0
2026-01-23 12:47:00,66.075,66.095,65.93,65.935,5286.0
2026-01-23 12:48:00,65.935,65.985,65.865,65.95,5815.0
2026-01-23 12:49:00,65.96,65.975,65.925,65.96,9604.0
2026-01-23 12:50:00,65.945,66.065,65.925,66.055,24030.0
2026-01-23 12:51:00,66.06,66.18,66.055,66.12,30459.0
2026-01-23 12:52:00,66.135,66.24,66.135,66.23,17096.0
2026-01-23 12:53:00,66.245,66.245,66.12,66.23,11628.0
2026-01-23 12:54:00,66.225,66.275,66.175,66.205,6656.0
2026-01-23 12:55:00,66.215,66.215,66.07,66.075,4780.0
2026-01-23 12:56:00,66.08,66.2,66.05,66.165,6444.0
2026-01-23 12:57:00,66.165,66.225,66.16,66.22,3507.0
2026-01-23 12:58:00,66.225,66.245,66.19,66.245,5629.0
2026-01-23 12:59:00,66.235,66.295,66.205,66.235,5236.0
2026-01-23 13:00:00,66.24,66.255,66.135,66.21,5715.0
2026-01-23 13:01:00,66.205,66.21,66.115,66.18,5784.0
2026-01-23 13:02:00,66.18,66.21,66.145,66.185,4627.0
2026-01-23 13:03:00,66.185,66.195,65.975,66.01,89229.0
2026-01-23 13:04:00,66.025,66.055,66.005,66.005,1565.0
2026-01-23 13:05:00,66.005,66.14,65.99,66.13,42447.0
2026-01-23 13:06:00,66.12,66.15,66.02,66.02,18256.0
2026-01-23 13:07:00,66.025,66.07,65.945,65.955,1535.0
2026-01-23 13:08:00,65.96,65.965,65.82,65.825,67080.0
2026-01-23 13:09:00,65.82,65.85,65.79,65.8,6561.0
2026-01-23 13:10:00,65.79,65.855,65.71,65.815,15538.0
2026-01-23 13:11:00,65.81,65.845,65.775,65.845,3345.0
2026-01-23 13:12:00,65.815,65.895,65.79,65.895,1828.0
2026-01-23 13:13:00,65.885,65.955,65.865,65.915,10532.0
2026-01-23 13:14:00,65.9,65.955,65.9,65.945,3846.0
2026-01-23 13:15:00,65.935,65.95,65.875,65.905,1295.0
2026-01-23 13:16:00,65.92,65.95,65.825,65.825,2361.0
2026-01-23 13:17:00,65.825,65.83,65.795,65.815,21945.0
2026-01-23 13:18:00,65.8,65.8,65.725,65.735,7181.0
2026-01-23 13:19:00,65.755,65.795,65.69,65.785,3011.0
2026-01-23 13:20:00,65.835,65.92,65.795,65.815,2159.0
2026-01-23 13:21:00,65.815,65.82,65.72,65.79,6992.0
2026-01-23 13:22:00,65.8,65.815,65.77,65.79,1488.0
2026-01-23 13:23:00,65.795,65.795,65.74,65.765,638.0
2026-01-23 13:24:00,65.77,65.8,65.765,65.79,1957.0
2026-01-23 13:25:00,65.765,65.775,65.68,65.735,5489.0
2026-01-23 13:26:00,65.735,65.77,65.725,65.765,2358.0
2026-01-23 13:27:00,65.735,65.735,65.68,65.71,2280.0
2026-01-23 13:28:00,65.705,65.735,65.675,65.735,675.0
2026-01-23 13:29:00,65.73,65.775,65.725,65.765,1527.0
2026-01-23 13:30:00,65.75,65.765,65.705,65.725,1163.0
2026-01-23 13:31:00,65.715,65.735,65.69,65.705,606.0
2026-01-23 13:32:00,65.7,65.72,65.69,65.72,1214.0
2026-01-23 13:33:00,65.72,65.85,65.715,65.85,7179.0
2026-01-23 13:34:00,65.87,65.965,65.845,65.915,7300.0
2026-01-23 13:35:00,65.905,65.905,65.835,65.845,1882.0
2026-01-23 13:36:00,65.83,65.91,65.83,65.91,6193.0
2026-01-23 13:37:00,65.9,65.93,65.86,65.865,2799.0
2026-01-23 13:38:00,65.855,65.875,65.775,65.775,3097.0
2026-01-23 13:39:00,65.775,65.775,65.72,65.745,3581.0
2026-01-23 13:40:00,65.755,65.86,65.73,65.86,1372.0
2026-01-23 13:41:00,65.855,65.885,65.84,65.855,3183.0
2026-01-23 13:42:00,65.855,65.89,65.82,65.855,572.0
2026-01-23 13:43:00,65.86,65.945,65.85,65.945,5142.0
2026-01-23 13:44:00,65.935,65.935,65.9,65.925,795.0
2026-01-23 13:45:00,65.93,66.05,65.93,65.97,10166.0
2026-01-23 13:46:00,65.96,65.98,65.945,65.965,2248.0
2026-01-23 13:47:00,65.96,65.96,65.91,65.925,1728.0
2026-01-23 13:48:00,65.92,65.98,65.885,65.98,2667.0
2026-01-23 13:49:00,65.955,65.965,65.945,65.945,242.0
2026-01-23 13:50:00,65.93,65.975,65.86,65.975,3318.0
2026-01-23 13:51:00,65.99,66.03,65.945,66.005,5254.0
2026-01-23 13:52:00,66.005,66.005,65.955,65.975,929.0
2026-01-23 13:53:00,65.985,66.005,65.955,65.98,236.0
2026-01-23 13:54:00,65.985,65.985,65.94,65.96,1723.0
2026-01-23 13:55:00,65.96,65.99,65.92,65.925,2712.0
2026-01-23 13:56:00,65.935,65.935,65.865,65.92,1181.0
2026-01-23 13:57:00,65.905,65.94,65.9,65.935,869.0
2026-01-23 13:58:00,65.935,65.975,65.925,65.95,503.0
2026-01-23 13:59:00,65.955,65.975,65.945,65.965,227.0
2026-01-23 14:00:00,65.965,65.965,65.85,65.915,8369.0
2026-01-23 14:01:00,65.91,65.945,65.895,65.935,442.0
2026-01-23 14:02:00,65.935,65.945,65.88,65.94,12719.0
2026-01-23 14:03:00,65.895,65.895,65.795,65.795,2560.0
2026-01-23 14:04:00,65.795,65.81,65.755,65.805,2081.0
2026-01-23 14:05:00,65.795,65.815,65.77,65.775,2499.0
2026-01-23 14:06:00,65.77,65.775,65.715,65.735,5674.0
2026-01-23 14:07:00,65.745,65.755,65.68,65.745,55560.0
2026-01-23 14:08:00,65.745,65.755,65.64,65.67,13017.0
2026-01-23 14:09:00,65.665,65.71,65.665,65.675,1826.0
2026-01-23 14:10:00,65.675,65.745,65.675,65.745,11809.0
2026-01-23 14:11:00,65.74,65.815,65.735,65.765,3182.0
2026-01-23 14:12:00,65.76,65.76,65.695,65.74,3205.0
2026-01-23 14:13:00,65.745,65.825,65.735,65.825,2857.0
2026-01-23 14:14:00,65.83,65.84,65.775,65.805,1034.0
2026-01-23 14:15:00,65.805,65.825,65.78,65.795,1479.0
2026-01-23 14:16:00,65.795,65.81,65.745,65.765,837.0
2026-01-23 14:17:00,65.77,65.8,65.75,65.795,1162.0
2026-01-23 14:18:00,65.795,65.8,65.715,65.735,1379.0
2026-01-23 14:19:00,65.725,65.75,65.705,65.735,3325.0
2026-01-23 14:20:00,65.745,65.755,65.675,65.69,1738.0
2026-01-23 14:21:00,65.69,65.69,65.6,65.61,4958.0
2026-01-23 14:22:00,65.6,65.665,65.6,65.635,1235.0
2026-01-23 14:23:00,65.635,65.665,65.625,65.64,260.0
2026-01-23 14:24:00,65.645,65.675,65.625,65.63,1890.0
2026-01-23 14:25:00,65.625,65.665,65.625,65.64,1027.0
2026-01-23 14:26:00,65.635,65.665,65.605,65.665,577.0
2026-01-23 14:27:00,65.66,65.66,65.62,65.655,2860.0
2026-01-23 14:28:00,65.655,65.745,65.635,65.735,2241.0
2026-01-23 14:29:00,65.74,65.82,65.715,65.82,7987.0
2026-01-23 14:30:00,65.815,65.865,65.755,65.765,2643.0
2026-01-23 14:31:00,65.775,65.795,65.75,65.765,4806.0
2026-01-23 14:32:00,65.755,65.775,65.73,65.74,580.0
2026-01-23 14:33:00,65.735,65.77,65.735,65.765,392.0
2026-01-23 14:34:00,65.755,65.845,65.755,65.815,2072.0
2026-01-23 14:35:00,65.8,65.835,65.765,65.765,2564.0
2026-01-23 14:36:00,65.765,65.86,65.765,65.86,2766.0
2026-01-23 14:37:00,65.865,65.875,65.83,65.855,1274.0
2026-01-23 14:38:00,65.875,65.95,65.875,65.905,15855.0
2026-01-23 14:39:00,65.92,65.95,65.895,65.895,7081.0
2026-01-23 14:40:00,65.905,65.945,65.885,65.91,3599.0
2026-01-23 14:41:00,65.905,66.015,65.905,65.975,6930.0
2026-01-23 14:42:00,65.985,65.985,65.895,65.895,3319.0
2026-01-23 14:43:00,65.895,65.895,65.845,65.845,1998.0
2026-01-23 14:44:00,65.855,65.855,65.79,65.815,552.0
2026-01-23 14:45:00,65.81,65.855,65.8,65.855,3274.0
2026-01-23 14:46:00,65.845,65.845,65.78,65.795,1429.0
2026-01-23 14:47:00,65.795,65.86,65.795,65.86,987.0
2026-01-23 14:48:00,65.855,65.9,65.835,65.875,4762.0
2026-01-23 14:49:00,65.865,65.91,65.865,65.91,7075.0
2026-01-23 14:50:00,65.91,65.925,65.855,65.855,5020.0
2026-01-23 14:51:00,65.865,65.865,65.78,65.79,6423.0
2026-01-23 14:52:00,65.79,65.835,65.79,65.815,211.0
2026-01-23 14:53:00,65.805,65.85,65.805,65.845,5644.0
2026-01-23 14:54:00,65.845,65.87,65.835,65.855,3376.0
2026-01-23 14:55:00,65.845,65.86,65.825,65.835,8107.0
2026-01-23 14:56:00,65.84,65.845,65.805,65.84,1407.0
2026-01-23 14:57:00,65.84,65.85,65.785,65.825,2496.0
2026-01-23 14:58:00,65.81,65.825,65.74,65.8,5921.0
2026-01-23 14:59:00,65.81,65.815,65.795,65.805,800.0
2026-01-23 15:00:00,65.805,65.895,65.78,65.845,4042.0
2026-01-23 15:01:00,65.84,65.855,65.795,65.83,8656.0
2026-01-23 15:02:00,65.825,65.85,65.805,65.82,400.0
2026-01-23 15:03:00,65.83,65.91,65.815,65.9,6885.0
2026-01-23 15:04:00,65.905,65.915,65.895,65.915,1415.0
2026-01-23 15:05:00,65.905,65.92,65.875,65.915,1575.0
2026-01-23 15:06:00,65.915,65.985,65.915,65.975,3138.0
2026-01-23 15:07:00,65.975,66.0,65.925,65.98,1836.0
2026-01-23 15:08:00,65.985,66.1,65.985,66.075,24258.0
2026-01-23 15:09:00,66.07,66.105,66.035,66.105,1349.0
2026-01-23 15:10:00,66.105,66.14,66.095,66.125,8812.0
2026-01-23 15:11:00,66.115,66.23,66.11,66.11,13550.0
2026-01-23 15:12:00,66.115,66.135,66.05,66.05,11912.0
2026-01-23 15:13:00,66.05,66.055,65.985,66.005,9266.0
2026-01-23 15:14:00,65.995,65.995,65.935,65.98,9184.0
2026-01-23 15:15:00,65.965,65.99,65.915,65.945,5828.0
2026-01-23 15:16:00,65.945,65.95,65.885,65.895,7537.0
2026-01-23 15:17:00,65.89,65.95,65.89,65.915,3782.0
2026-01-23 15:18:00,65.915,65.915,65.83,65.845,4460.0
2026-01-23 15:19:00,65.845,65.895,65.84,65.89,3848.0
2026-01-23 15:20:00,65.89,65.93,65.875,65.93,12396.0
2026-01-23 15:21:00,65.93,66.0,65.925,65.975,6035.0
2026-01-23 15:22:00,65.955,65.995,65.955,65.98,4986.0
2026-01-23 15:23:00,65.985,66.025,65.985,65.99,4156.0
2026-01-23 15:24:00,65.995,66.015,65.94,66.015,3827.0
2026-01-23 15:25:00,66.015,66.075,66.015,66.075,5159.0
2026-01-23 15:26:00,66.065,66.085,66.055,66.065,1229.0
2026-01-23 15:27:00,66.06,66.06,65.98,65.995,766.0
2026-01-23 15:28:00,65.99,66.04,65.99,66.035,3834.0
2026-01-23 15:29:00,66.045,66.1,66.04,66.095,3957.0
2026-01-23 15:30:00,66.095,66.145,66.085,66.12,4477.0
2026-01-23 15:31:00,66.125,66.185,66.125,66.175,6762.0
2026-01-23 15:32:00,66.185,66.195,66.125,66.155,1380.0
2026-01-23 15:33:00,66.155,66.19,66.12,66.125,2327.0
2026-01-23 15:34:00,66.14,66.155,66.085,66.095,20680.0
2026-01-23 15:35:00,66.105,66.15,66.065,66.12,12700.0
2026-01-23 15:36:00,66.12,66.13,66.1,66.13,9268.0
2026-01-23 15:37:00,66.14,66.19,66.14,66.14,18778.0
2026-01-23 15:38:00,66.14,66.145,66.065,66.095,2048.0
2026-01-23 15:39:00,66.105,66.13,66.08,66.09,1677.0
2026-01-23 15:40:00,66.09,66.09,65.95,65.96,7839.0
2026-01-23 15:41:00,65.955,66.015,65.94,65.99,1269.0
2026-01-23 15:42:00,65.99,66.025,65.965,65.97,2726.0
2026-01-23 15:43:00,65.985,65.995,65.945,65.975,575.0
2026-01-23 15:44:00,65.985,65.985,65.9,65.92,5506.0
2026-01-23 15:45:00,65.925,65.935,65.885,65.935,5033.0
2026-01-23 15:46:00,65.925,65.955,65.895,65.905,30977.0
2026-01-23 15:47:00,65.9,65.935,65.88,65.93,14595.0
2026-01-23 15:48:00,65.92,65.93,65.885,65.885,94678.0
2026-01-23 15:49:00,65.865,65.905,65.85,65.87,10109.0
2026-01-23 15:50:00,65.89,65.985,65.88,65.885,21636.0
2026-01-23 15:51:00,65.89,66.015,65.87,66.005,3971.0
2026-01-23 15:52:00,66.015,66.055,65.99,66.045,70267.0
2026-01-23 15:53:00,66.03,66.03,65.91,65.925,13670.0
2026-01-23 15:54:00,65.92,65.965,65.89,65.89,174483.0
2026-01-23 15:55:00,65.93,65.98,65.885,65.885,19326.0
2026-01-23 15:56:00,65.875,65.95,65.875,65.915,16143.0
2026-01-23 15:57:00,65.93,65.93,65.82,65.83,7846.0
2026-01-23 15:58:00,65.83,65.83,65.765,65.765,6927.0
2026-01-23 15:59:00,65.77,65.9,65.74,65.885,63435.0
2026-01-26 09:30:00,65.82,66.13,65.74,66.04,91685.0
2026-01-26 09:31:00,66.06,66.06,65.71,65.76,42131.0
2026-01-26 09:32:00,65.775,65.84,65.67,65.735,54326.0
2026-01-26 09:33:00,65.75,65.91,65.66,65.67,34179.0
2026-01-26 09:34:00,65.7,65.715,65.6,65.65,36108.0
2026-01-26 09:35:00,65.64,65.66,65.52,65.52,34768.0
2026-01-26 09:36:00,65.52,65.57,65.435,65.45,30167.0
2026-01-26 09:37:00,65.45,65.61,65.44,65.53,36023.0
2026-01-26 09:38:00,65.52,65.575,65.46,65.52,19093.0
2026-01-26 09:39:00,65.52,65.56,65.47,65.475,37315.0
2026-01-26 09:40:00,65.47,65.645,65.45,65.45,60440.0
2026-01-26 09:41:00,65.445,65.445,65.2,65.28,29664.0
2026-01-26 09:42:00,65.275,65.56,65.26,65.43,65659.0
2026-01-26 09:43:00,65.42,65.45,65.36,65.39,5910.0
2026-01-26 09:44:00,65.38,65.4,65.265,65.28,6282.0
2026-01-26 09:45:00,65.28,65.28,65.16,65.21,27052.0
2026-01-26 09:46:00,65.205,65.235,65.17,65.19,12509.0
2026-01-26 09:47:00,65.195,65.315,65.195,65.25,16859.0
2026-01-26 09:48:00,65.24,65.35,65.24,65.28,29267.0
2026-01-26 09:49:00,65.275,65.385,65.26,65.375,13326.0
2026-01-26 09:50:00,65.36,65.37,65.27,65.345,27685.0
2026-01-26 09:51:00,65.36,65.38,65.24,65.3,22307.0
2026-01-26 09:52:00,65.31,65.32,65.24,65.24,8513.0
2026-01-26 09:53:00,65.23,65.295,65.13,65.13,21380.0
2026-01-26 09:54:00,65.13,65.265,65.125,65.245,9747.0
2026-01-26 09:55:00,65.24,65.24,65.15,65.215,8596.0
2026-01-26 09:56:00,65.225,65.225,65.13,65.145,9039.0
2026-01-26 09:57:00,65.15,65.155,65.045,65.05,14124.0
2026-01-26 09:58:00,65.04,65.12,65.02,65.09,29857.0
2026-01-26 09:59:00,65.085,65.18,65.05,65.14,24371.0
2026-01-26 10:00:00,65.14,65.17,65.08,65.12,11935.0
2026-01-26 10:01:00,65.11,65.21,65.09,65.21,12028.0
2026-01-26 10:02:00,65.22,65.22,65.09,65.09,11702.0
2026-01-26 10:03:00,65.095,65.175,65.095,65.17,12194.0
2026-01-26 10:04:00,65.165,65.17,65.095,65.115,9646.0
2026-01-26 10:05:00,65.11,65.15,65.095,65.13,11836.0
2026-01-26 10:06:00,65.13,65.15,65.05,65.145,8865.0
2026-01-26 10:07:00,65.135,65.17,65.11,65.125,12178.0
2026-01-26 10:08:00,65.135,65.165,65.105,65.15,5367.0
2026-01-26 10:09:00,65.165,65.25,65.16,65.245,15820.0
2026-01-26 10:10:00,65.24,65.36,65.205,65.28,29000.0
2026-01-26 10:11:00,65.295,65.31,65.21,65.29,15511.0
2026-01-26 10:12:00,65.29,65.395,65.28,65.33,25495.0
2026-01-26 10:13:00,65.315,65.32,65.11,65.18,49481.0
2026-01-26 10:14:00,65.17,65.185,65.105,65.125,4635.0
2026-01-26 10:15:00,65.115,65.165,65.1,65.165,23694.0
2026-01-26 10:16:00,65.155,65.195,65.095,65.13,2518.0
2026-01-26 10:17:00,65.12,65.135,64.97,64.99,53833.0
2026-01-26 10:18:00,64.995,65.005,64.95,64.995,20040.0
2026-01-26 10:19:00,65.0,65.015,64.865,64.885,17738.0
2026-01-26 10:20:00,64.88,64.88,64.8,64.82,21171.0
2026-01-26 10:21:00,64.825,64.83,64.77,64.79,17710.0
2026-01-26 10:22:00,64.795,64.86,64.795,64.815,17819.0
2026-01-26 10:23:00,64.81,64.845,64.795,64.795,30753.0
2026-01-26 10:24:00,64.8,64.85,64.8,64.81,5277.0
2026-01-26 10:25:00,64.815,64.925,64.815,64.895,17696.0
2026-01-26 10:26:00,64.895,64.99,64.895,64.96,10314.0
2026-01-26 10:27:00,64.955,65.07,64.95,64.98,16024.0
2026-01-26 10:28:00,64.99,65.115,64.96,65.11,9257.0
2026-01-26 10:29:00,65.1,65.105,65.055,65.075,5033.0
2026-01-26 10:30:00,65.075,65.115,65.015,65.015,13298.0
2026-01-26 10:31:00,65.035,65.12,65.025,65.11,9471.0
2026-01-26 10:32:00,65.11,65.11,64.985,64.99,11657.0
2026-01-26 10:33:00,64.985,64.995,64.895,64.995,16074.0
2026-01-26 10:34:00,64.975,64.98,64.945,64.965,5807.0
2026-01-26 10:35:00,64.97,65.05,64.97,64.98,15410.0
2026-01-26 10:36:00,64.975,64.975,64.84,64.845,12200.0
2026-01-26 10:37:00,64.85,64.88,64.84,64.865,4552.0
2026-01-26 10:38:00,64.87,64.885,64.835,64.875,3281.0
2026-01-26 10:39:00,64.865,64.955,64.865,64.955,7933.0
2026-01-26 10:40:00,64.94,65.02,64.92,65.015,6906.0
2026-01-26 10:41:00,65.025,65.075,64.99,65.045,17245.0
2026-01-26 10:42:00,65.055,65.14,65.01,65.045,14886.0
2026-01-26 10:43:00,65.04,65.15,65.015,65.13,6590.0
2026-01-26 10:44:00,65.135,65.16,65.095,65.125,8952.0
2026-01-26 10:45:00,65.12,65.12,64.98,65.0,15586.0
2026-01-26 10:46:00,65.0,65.005,64.89,64.91,11328.0
2026-01-26 10:47:00,64.905,64.929,64.87,64.89,10852.0
2026-01-26 10:48:00,64.895,64.92,64.865,64.89,8460.0
2026-01-26 10:49:00,64.885,64.935,64.875,64.875,6742.0
2026-01-26 10:50:00,64.87,64.89,64.82,64.865,18057.0
2026-01-26 10:51:00,64.86,64.875,64.77,64.805,26354.0
2026-01-26 10:52:00,64.8,64.85,64.71,64.725,17049.0
2026-01-26 10:53:00,64.72,64.74,64.7,64.725,21653.0
2026-01-26 10:54:00,64.73,64.77,64.72,64.765,16981.0
2026-01-26 10:55:00,64.76,64.76,64.67,64.715,14140.0
2026-01-26 10:56:00,64.71,64.725,64.7,64.725,5754.0
2026-01-26 10:57:00,64.725,64.815,64.725,64.785,10561.0
2026-01-26 10:58:00,64.8,64.85,64.795,64.815,8707.0
2026-01-26 10:59:00,64.825,64.845,64.78,64.805,10046.0
2026-01-26 11:00:00,64.805,64.91,64.7,64.725,54686.0
2026-01-26 11:01:00,64.735,64.81,64.73,64.775,28944.0
2026-01-26 11:02:00,64.765,64.805,64.745,64.765,2348.0
2026-01-26 11:03:00,64.77,64.805,64.75,64.79,1810.0
2026-01-26 11:04:00,64.805,64.815,64.775,64.78,6050.0
2026-01-26 11:05:00,64.775,64.815,64.77,64.8,2708.0
2026-01-26 11:06:00,64.785,64.815,64.75,64.76,1323.0
2026-01-26 11:07:00,64.77,64.855,64.76,64.85,11428.0
2026-01-26 11:08:00,64.82,64.835,64.725,64.73,11942.0
2026-01-26 11:09:00,64.745,64.75,64.725,64.745,1444.0
2026-01-26 11:10:00,64.745,64.76,64.7,64.76,6787.0
2026-01-26 11:11:00,64.765,64.8,64.745,64.75,11233.0
2026-01-26 11:12:00,64.745,64.765,64.72,64.735,6705.0
2026-01-26 11:13:00,64.745,64.78,64.73,64.74,4803.0
2026-01-26 11:14:00,64.75,64.765,64.735,64.765,4564.0
2026-01-26 11:15:00,64.775,64.795,64.755,64.785,8773.0
2026-01-26 11:16:00,64.785,64.855,64.785,64.845,13751.0
2026-01-26 11:17:00,64.855,64.875,64.83,64.865,3017.0
2026-01-26 11:18:00,64.86,64.895,64.775,64.895,11975.0
2026-01-26 11:19:00,64.885,64.96,64.885,64.925,18163.0
2026-01-26 11:20:00,64.93,65.02,64.9,65.02,27258.0
2026-01-26 11:21:00,65.02,65.03,64.82,64.835,9440.0
2026-01-26 11:22:00,64.825,64.85,64.705,64.715,9861.0
2026-01-26 11:23:00,64.725,64.765,64.715,64.725,2930.0
2026-01-26 11:24:00,64.73,64.76,64.72,64.725,11926.0
2026-01-26 11:25:00,64.72,64.765,64.67,64.74,25904.0
2026-01-26 11:26:00,64.74,64.77,64.71,64.72,3159.0
2026-01-26 11:27:00,64.735,64.745,64.65,64.655,13957.0
2026-01-26 11:28:00,64.665,64.685,64.58,64.64,97131.0
2026-01-26 11:29:00,64.635,64.645,64.61,64.62,5757.0
2026-01-26 11:30:00,64.61,64.61,64.555,64.58,15168.0
2026-01-26 11:31:00,64.585,64.595,64.5,64.51,24810.0
2026-01-26 11:32:00,64.5,64.56,64.45,64.545,22852.0
2026-01-26 11:33:00,64.54,64.57,64.5,64.565,12688.0
2026-01-26 11:34:00,64.57,64.64,64.57,64.635,7296.0
2026-01-26 11:35:00,64.64,64.68,64.61,64.635,11157.0
2026-01-26 11:36:00,64.645,64.665,64.61,64.615,4789.0
2026-01-26 11:37:00,64.615,64.645,64.54,64.545,15147.0
2026-01-26 11:38:00,64.545,64.595,64.53,64.575,13846.0
2026-01-26 11:39:00,64.57,64.62,64.555,64.61,6543.0
2026-01-26 11:40:00,64.62,64.645,64.58,64.645,3797.0
2026-01-26 11:41:00,64.635,64.64,64.615,64.635,1092.0
2026-01-26 11:42:00,64.64,64.69,64.63,64.67,11609.0
2026-01-26 11:43:00,64.67,64.69,64.65,64.655,4369.0
2026-01-26 11:44:00,64.65,64.685,64.65,64.685,6419.0
2026-01-26 11:45:00,64.69,64.725,64.665,64.665,10090.0
2026-01-26 11:46:00,64.665,64.665,64.6,64.615,6883.0
2026-01-26 11:47:00,64.615,64.735,64.615,64.705,12373.0
2026-01-26 11:48:00,64.715,64.75,64.715,64.73,14095.0
2026-01-26 11:49:00,64.74,64.745,64.7,64.7,6071.0
2026-01-26 11:50:00,64.715,64.73,64.68,64.705,3502.0
2026-01-26 11:51:00,64.695,64.715,64.605,64.625,9976.0
2026-01-26 11:52:00,64.635,64.65,64.61,64.63,9196.0
2026-01-26 11:53:00,64.64,64.65,64.625,64.64,1884.0
2026-01-26 11:54:00,64.645,64.665,64.635,64.645,4616.0
2026-01-26 11:55:00,64.65,64.675,64.63,64.675,9571.0
2026-01-26 11:56:00,64.67,64.675,64.61,64.615,2194.0
2026-01-26 11:57:00,64.625,64.635,64.605,64.615,2274.0
2026-01-26 11:58:00,64.625,64.625,64.58,64.61,8212.0
2026-01-26 11:59:00,64.615,64.645,64.605,64.625,3403.0
2026-01-26 12:00:00,64.61,64.635,64.595,64.605,69289.0
2026-01-26 12:01:00,64.6,64.6,64.525,64.535,5111.0
2026-01-26 12:02:00,64.535,64.555,64.51,64.51,7346.0
2026-01-26 12:03:00,64.51,64.525,64.47,64.515,16720.0
2026-01-26 12:04:00,64.51,64.51,64.41,64.465,31034.0
2026-01-26 12:05:00,64.465,64.495,64.455,64.49,5948.0
2026-01-26 12:06:00,64.485,64.485,64.44,64.455,3793.0
2026-01-26 12:07:00,64.445,64.475,64.445,64.47,4342.0
2026-01-26 12:08:00,64.47,64.505,64.455,64.485,4466.0
2026-01-26 12:09:00,64.495,64.555,64.48,64.55,7091.0
2026-01-26 12:10:00,64.545,64.595,64.53,64.595,5754.0
2026-01-26 12:11:00,64.595,64.595,64.54,64.585,5818.0
2026-01-26 12:12:00,64.585,64.59,64.54,64.555,1475.0
2026-01-26 12:13:00,64.545,64.57,64.535,64.56,725.0
2026-01-26 12:14:00,64.555,64.575,64.54,64.555,5101.0
2026-01-26 12:15:00,64.555,64.6,64.545,64.595,5962.0
2026-01-26 12:16:00,64.585,64.605,64.58,64.585,2652.0
2026-01-26 12:17:00,64.585,64.595,64.525,64.525,3116.0
2026-01-26 12:18:00,64.525,64.57,64.515,64.565,1746.0
2026-01-26 12:19:00,64.57,64.585,64.55,64.55,1166.0
2026-01-26 12:20:00,64.545,64.56,64.525,64.525,2099.0
2026-01-26 12:21:00,64.525,64.545,64.52,64.53,1458.0
2026-01-26 12:22:00,64.53,64.555,64.515,64.525,1202.0
2026-01-26 12:23:00,64.52,64.52,64.455,64.455,2301.0
2026-01-26 12:24:00,64.455,64.495,64.455,64.485,620.0
2026-01-26 12:25:00,64.49,64.49,64.46,64.46,1177.0
2026-01-26 12:26:00,64.46,64.48,64.46,64.475,4670.0
2026-01-26 12:27:00,64.48,64.505,64.475,64.505,3032.0
2026-01-26 12:28:00,64.505,64.525,64.505,64.515,3174.0
2026-01-26 12:29:00,64.505,64.565,64.5,64.55,4558.0
2026-01-26 12:30:00,64.57,64.61,64.555,64.605,5251.0
2026-01-26 12:31:00,64.605,64.63,64.585,64.605,7453.0
2026-01-26 12:32:00,64.615,64.62,64.58,64.58,1848.0
2026-01-26 12:33:00,64.575,64.655,64.575,64.655,3624.0
2026-01-26 12:34:00,64.655,64.67,64.595,64.595,6566.0
2026-01-26 12:35:00,64.595,64.62,64.57,64.62,2653.0
2026-01-26 12:36:00,64.62,64.63,64.57,64.595,7694.0
2026-01-26 12:37:00,64.59,64.59,64.54,64.55,4913.0
2026-01-26 12:38:00,64.56,64.595,64.56,64.58,802.0
2026-01-26 12:39:00,64.575,64.58,64.55,64.57,4579.0
2026-01-26 12:40:00,64.565,64.61,64.555,64.555,5945.0
2026-01-26 12:41:00,64.555,64.59,64.555,64.59,3820.0
2026-01-26 12:42:00,64.59,64.605,64.57,64.585,727.0
2026-01-26 12:43:00,64.585,64.595,64.57,64.58,1981.0
2026-01-26 12:44:00,64.585,64.605,64.575,64.59,783.0
2026-01-26 12:45:00,64.59,64.675,64.59,64.675,31298.0
2026-01-26 12:46:00,64.665,64.705,64.645,64.65,3075.0
2026-01-26 12:47:00,64.65,64.705,64.63,64.705,5110.0
2026-01-26 12:48:00,64.71,64.735,64.705,64.725,3428.0
2026-01-26 12:49:00,64.74,64.745,64.695,64.72,9635.0
2026-01-26 12:50:00,64.725,64.795,64.72,64.735,15449.0
2026-01-26 12:51:00,64.725,64.725,64.65,64.67,6874.0
2026-01-26 12:52:00,64.675,64.73,64.675,64.705,13049.0
2026-01-26 12:53:00,64.705,64.715,64.68,64.705,1699.0
2026-01-26 12:54:00,64.7,64.725,64.7,64.705,702.0
2026-01-26 12:55:00,64.715,64.775,64.705,64.755,2824.0
2026-01-26 12:56:00,64.75,64.75,64.685,64.7,4778.0
2026-01-26 12:57:00,64.705,64.725,64.67,64.68,1582.0
2026-01-26 12:58:00,64.685,64.685,64.665,64.685,670.0
2026-01-26 12:59:00,64.685,64.735,64.685,64.735,506.0
2026-01-26 13:00:00,64.735,64.8,64.735,64.765,11589.0
2026-01-26 13:01:00,64.765,64.765,64.695,64.71,12721.0
2026-01-26 13:02:00,64.705,64.725,64.685,64.685,2628.0
2026-01-26 13:03:00,64.685,64.72,64.685,64.71,1230.0
2026-01-26 13:04:00,64.705,64.73,64.685,64.73,6877.0
2026-01-26 13:05:00,64.73,64.8,64.725,64.795,22508.0
2026-01-26 13:06:00,64.79,64.8,64.745,64.755,899.0
2026-01-26 13:07:00,64.76,64.775,64.72,64.745,2257.0
2026-01-26 13:08:00,64.745,64.79,64.745,64.79,1099.0
2026-01-26 13:09:00,64.785,64.855,64.78,64.815,9088.0
2026-01-26 13:10:00,64.81,64.835,64.785,64.795,5380.0
2026-01-26 13:11:00,64.8,64.84,64.795,64.82,14841.0
2026-01-26 13:12:00,64.825,64.825,64.75,64.76,5904.0
2026-01-26 13:13:00,64.76,64.785,64.745,64.775,2420.0
2026-01-26 13:14:00,64.765,64.805,64.765,64.795,686.0
2026-01-26 13:15:00,64.805,64.835,64.775,64.81,6622.0
2026-01-26 13:16:00,64.81,64.835,64.785,64.785,2546.0
2026-01-26 13:17:00,64.78,64.78,64.72,64.725,6556.0
2026-01-26 13:18:00,64.73,64.73,64.645,64.67,11412.0
2026-01-26 13:19:00,64.675,64.675,64.64,64.665,8296.0
2026-01-26 13:20:00,64.66,64.67,64.635,64.655,6140.0
2026-01-26 13:21:00,64.635,64.645,64.61,64.615,3113.0
2026-01-26 13:22:00,64.61,64.635,64.6,64.61,4691.0
2026-01-26 13:23:00,64.605,64.615,64.585,64.6,2296.0
2026-01-26 13:24:00,64.59,64.595,64.56,64.575,6018.0
2026-01-26 13:25:00,64.575,64.6,64.575,64.595,1975.0
2026-01-26 13:26:00,64.61,64.615,64.59,64.61,1678.0
2026-01-26 13:27:00,64.615,64.64,64.615,64.62,6881.0
2026-01-26 13:28:00,64.625,64.63,64.575,64.585,5657.0
2026-01-26 13:29:00,64.575,64.595,64.56,64.59,6677.0
2026-01-26 13:30:00,64.605,64.605,64.495,64.505,19863.0
2026-01-26 13:31:00,64.505,64.505,64.46,64.46,5566.0
2026-01-26 13:32:00,64.46,64.475,64.42,64.46,8930.0
2026-01-26 13:33:00,64.465,64.49,64.445,64.48,6646.0
2026-01-26 13:34:00,64.48,64.505,64.47,64.475,4355.0
2026-01-26 13:35:00,64.475,64.53,64.475,64.53,2019.0
2026-01-26 13:36:00,64.52,64.565,64.52,64.565,9552.0
2026-01-26 13:37:00,64.57,64.59,64.555,64.58,9136.0
2026-01-26 13:38:00,64.57,64.57,64.54,64.555,12078.0
2026-01-26 13:39:00,64.555,64.645,64.545,64.63,2658.0
2026-01-26 13:40:00,64.625,64.695,64.62,64.69,7228.0
2026-01-26 13:41:00,64.68,64.71,64.63,64.63,6003.0
2026-01-26 13:42:00,64.63,64.675,64.63,64.665,6795.0
2026-01-26 13:43:00,64.665,64.675,64.635,64.665,2140.0
2026-01-26 13:44:00,64.665,64.705,64.665,64.68,8955.0
2026-01-26 13:45:00,64.685,64.735,64.685,64.705,4554.0
2026-01-26 13:46:00,64.725,64.725,64.69,64.715,7473.0
2026-01-26 13:47:00,64.71,64.75,64.71,64.725,2809.0
2026-01-26 13:48:00,64.725,64.755,64.72,64.75,4051.0
2026-01-26 13:49:00,64.75,64.75,64.675,64.685,1849.0
2026-01-26 13:50:00,64.685,64.705,64.61,64.625,7655.0
2026-01-26 13:51:00,64.635,64.685,64.63,64.675,1484.0
2026-01-26 13:52:00,64.67,64.675,64.65,64.655,8011.0
2026-01-26 13:53:00,64.66,64.68,64.645,64.645,6682.0
2026-01-26 13:54:00,64.65,64.655,64.635,64.64,1565.0
2026-01-26 13:55:00,64.64,64.675,64.64,64.655,2736.0
2026-01-26 13:56:00,64.655,64.685,64.645,64.68,4977.0
2026-01-26 13:57:00,64.67,64.675,64.665,64.67,1547.0
2026-01-26 13:58:00,64.67,64.685,64.64,64.645,3936.0
2026-01-26 13:59:00,64.645,64.65,64.635,64.65,476.0
2026-01-26 14:00:00,64.665,64.675,64.635,64.665,7614.0
2026-01-26 14:01:00,64.66,64.665,64.585,64.645,6421.0
2026-01-26 14:02:00,64.635,64.695,64.635,64.69,4475.0
2026-01-26 14:03:00,64.675,64.7,64.665,64.685,10284.0
2026-01-26 14:04:00,64.685,64.705,64.675,64.685,1907.0
2026-01-26 14:05:00,64.68,64.695,64.64,64.645,8294.0
2026-01-26 14:06:00,64.655,64.655,64.625,64.635,1305.0
2026-01-26 14:07:00,64.635,64.645,64.595,64.61,1182.0
2026-01-26 14:08:00,64.615,64.615,64.57,64.6,9128.0
2026-01-26 14:09:00,64.605,64.615,64.595,64.6,390.0
2026-01-26 14:10:00,64.595,64.6,64.56,64.575,2862.0
2026-01-26 14:11:00,64.575,64.595,64.555,64.565,2729.0
2026-01-26 14:12:00,64.56,64.585,64.56,64.565,693.0
2026-01-26 14:13:00,64.555,64.585,64.555,64.575,426.0
2026-01-26 14:14:00,64.575,64.595,64.575,64.585,870.0
2026-01-26 14:15:00,64.585,64.59,64.555,64.575,3678.0
2026-01-26 14:16:00,64.575,64.61,64.565,64.565,694.0
2026-01-26 14:17:00,64.565,64.59,64.565,64.58,965.0
2026-01-26 14:18:00,64.585,64.635,64.585,64.635,394.0
2026-01-26 14:19:00,64.625,64.625,64.585,64.6,21869.0
2026-01-26 14:20:00,64.6,64.64,64.595,64.635,796.0
2026-01-26 14:21:00,64.65,64.725,64.65,64.72,7825.0
2026-01-26 14:22:00,64.72,64.73,64.7,64.705,1729.0
2026-01-26 14:23:00,64.705,64.745,64.68,64.74,4741.0
2026-01-26 14:24:00,64.74,64.75,64.705,64.73,4782.0
2026-01-26 14:25:00,64.73,64.755,64.715,64.715,5817.0
2026-01-26 14:26:00,64.705,64.715,64.67,64.685,3244.0
2026-01-26 14:27:00,64.685,64.715,64.67,64.715,3801.0
2026-01-26 14:28:00,64.71,64.71,64.68,64.685,1177.0
2026-01-26 14:29:00,64.68,64.68,64.635,64.645,3766.0
2026-01-26 14:30:00,64.65,64.655,64.62,64.625,5870.0
2026-01-26 14:31:00,64.64,64.675,64.625,64.67,1823.0
2026-01-26 14:32:00,64.67,64.71,64.665,64.705,2058.0
2026-01-26 14:33:00,64.705,64.71,64.685,64.705,1669.0
2026-01-26 14:34:00,64.69,64.695,64.64,64.68,1225.0
2026-01-26 14:35:00,64.685,64.715,64.655,64.665,1309.0
2026-01-26 14:36:00,64.66,64.705,64.655,64.695,1638.0
2026-01-26 14:37:00,64.69,64.69,64.645,64.66,1917.0
2026-01-26 14:38:00,64.675,64.675,64.625,64.635,2622.0
2026-01-26 14:39:00,64.635,64.65,64.625,64.64,1609.0
2026-01-26 14:40:00,64.625,64.635,64.6,64.635,360.0
2026-01-26 14:41:00,64.635,64.645,64.625,64.645,276.0
2026-01-26 14:42:00,64.64,64.645,64.57,64.6,6342.0
2026-01-26 14:43:00,64.605,64.63,64.575,64.575,668.0
2026-01-26 14:44:00,64.58,64.62,64.57,64.62,3015.0
2026-01-26 14:45:00,64.61,64.65,64.6,64.645,6577.0
2026-01-26 14:46:00,64.65,64.665,64.65,64.655,2850.0
2026-01-26 14:47:00,64.655,64.71,64.655,64.7,1738.0
2026-01-26 14:48:00,64.705,64.735,64.7,64.725,3925.0
2026-01-26 14:49:00,64.725,64.73,64.705,64.72,3256.0
2026-01-26 14:50:00,64.71,64.73,64.695,64.705,2157.0
2026-01-26 14:51:00,64.7,64.715,64.68,64.715,4671.0
2026-01-26 14:52:00,64.715,64.72,64.705,64.715,526.0
2026-01-26 14:53:00,64.715,64.745,64.715,64.74,8696.0
2026-01-26 14:54:00,64.745,64.785,64.745,64.785,6447.0
2026-01-26 14:55:00,64.79,64.81,64.78,64.78,4578.0
2026-01-26 14:56:00,64.78,64.78,64.725,64.755,3053.0
2026-01-26 14:57:00,64.755,64.79,64.75,64.79,592.0
2026-01-26 14:58:00,64.795,64.795,64.775,64.79,638.0
2026-01-26 14:59:00,64.795,64.805,64.775,64.805,1072.0
2026-01-26 15:00:00,64.795,64.855,64.795,64.805,7571.0
2026-01-26 15:01:00,64.8,64.805,64.77,64.795,1866.0
2026-01-26 15:02:00,64.785,64.795,64.765,64.785,7120.0
2026-01-26 15:03:00,64.79,64.815,64.775,64.78,2887.0
2026-01-26 15:04:00,64.78,64.805,64.75,64.75,1630.0
2026-01-26 15:05:00,64.74,64.755,64.735,64.74,956.0
2026-01-26 15:06:00,64.735,64.765,64.735,64.765,4216.0
2026-01-26 15:07:00,64.755,64.77,64.755,64.765,10232.0
2026-01-26 15:08:00,64.765,64.78,64.755,64.755,9763.0
2026-01-26 15:09:00,64.755,64.755,64.725,64.745,2500.0
2026-01-26 15:10:00,64.745,64.785,64.735,64.755,299.0
2026-01-26 15:11:00,64.76,64.785,64.745,64.785,515.0
2026-01-26 15:12:00,64.78,64.805,64.765,64.805,2000.0
2026-01-26 15:13:00,64.805,64.81,64.775,64.8,1613.0
2026-01-26 15:14:00,64.805,64.805,64.78,64.785,70.0
2026-01-26 15:15:00,64.785,64.87,64.78,64.83,18615.0
2026-01-26 15:16:00,64.82,64.86,64.82,64.855,7808.0
2026-01-26 15:17:00,64.85,64.865,64.84,64.855,601.0
2026-01-26 15:18:00,64.86,64.89,64.835,64.845,3062.0
2026-01-26 15:19:00,64.855,64.865,64.845,64.855,194.0
2026-01-26 15:20:00,64.855,64.875,64.815,64.85,29793.0
2026-01-26 15:21:00,64.855,64.89,64.845,64.855,9332.0
2026-01-26 15:22:00,64.85,64.85,64.805,64.825,5343.0
2026-01-26 15:23:00,64.83,64.845,64.79,64.795,6630.0
2026-01-26 15:24:00,64.805,64.82,64.8,64.82,1740.0
2026-01-26 15:25:00,64.82,64.845,64.815,64.835,3669.0
2026-01-26 15:26:00,64.83,64.835,64.805,64.825,723.0
2026-01-26 15:27:00,64.825,64.835,64.785,64.805,4446.0
2026-01-26 15:28:00,64.805,64.805,64.775,64.78,4347.0
2026-01-26 15:29:00,64.785,64.795,64.76,64.79,2748.0
2026-01-26 15:30:00,64.79,64.805,64.735,64.735,4523.0
2026-01-26 15:31:00,64.74,64.755,64.725,64.75,7662.0
2026-01-26 15:32:00,64.755,64.77,64.75,64.76,3691.0
2026-01-26 15:33:00,64.75,64.77,64.735,64.75,3614.0
2026-01-26 15:34:00,64.76,64.765,64.75,64.76,6082.0
2026-01-26 15:35:00,64.755,64.76,64.735,64.76,380.0
2026-01-26 15:36:00,64.765,64.77,64.73,64.75,7613.0
2026-01-26 15:37:00,64.74,64.745,64.69,64.725,22518.0
2026-01-26 15:38:00,64.725,64.755,64.72,64.735,4192.0
2026-01-26 15:39:00,64.74,64.765,64.735,64.765,2186.0
2026-01-26 15:40:00,64.76,64.775,64.74,64.755,2671.0
2026-01-26 15:41:00,64.765,64.775,64.76,64.765,2034.0
2026-01-26 15:42:00,64.775,64.795,64.755,64.775,3856.0
2026-01-26 15:43:00,64.78,64.805,64.775,64.775,2700.0
2026-01-26 15:44:00,64.78,64.795,64.73,64.755,8360.0
2026-01-26 15:45:00,64.765,64.765,64.705,64.705,3025.0
2026-01-26 15:46:00,64.715,64.725,64.695,64.725,8932.0
2026-01-26 15:47:00,64.725,64.75,64.715,64.735,1220.0
2026-01-26 15:48:00,64.745,64.765,64.72,64.755,1828.0
2026-01-26 15:49:00,64.755,64.77,64.75,64.75,202.0
2026-01-26 15:50:00,64.76,64.885,64.75,64.885,77551.0
2026-01-26 15:51:00,64.875,64.94,64.865,64.91,13707.0
2026-01-26 15:52:00,64.91,64.915,64.865,64.895,6517.0
2026-01-26 15:53:00,64.88,64.915,64.875,64.915,7065.0
2026-01-26 15:54:00,64.92,65.01,64.9,64.95,49847.0
2026-01-26 15:55:00,64.95,65.045,64.94,65.035,47308.0
2026-01-26 15:56:00,65.03,65.085,65.025,65.055,16778.0
2026-01-26 15:57:00,65.06,65.095,65.02,65.035,32743.0
2026-01-26 15:58:00,65.04,65.07,65.035,65.055,36676.0
2026-01-26 15:59:00,65.055,65.085,64.98,65.075,58218.0
2026-01-27 09:30:00,64.04,64.24,64.0,64.05,173271.0
2026-01-27 09:31:00,64.04,64.05,63.86,63.93,38883.0
2026-01-27 09:32:00,63.92,63.95,63.8,63.94,102987.0
2026-01-27 09:33:00,63.92,64.1,63.92,64.09,22138.0
2026-01-27 09:34:00,64.07,64.2,64.07,64.18,23851.0
2026-01-27 09:35:00,64.18,64.3,64.12,64.26,47137.0
2026-01-27 09:36:00,64.26,64.43,64.26,64.39,31644.0
2026-01-27 09:37:00,64.385,64.5,64.38,64.5,54948.0
2026-01-27 09:38:00,64.5,64.51,64.41,64.44,15947.0
2026-01-27 09:39:00,64.43,64.46,64.39,64.43,20313.0
2026-01-27 09:40:00,64.41,64.41,64.2,64.29,13712.0
2026-01-27 09:41:00,64.27,64.27,64.15,64.16,11572.0
2026-01-27 09:42:00,64.15,64.21,64.03,64.19,30778.0
2026-01-27 09:43:00,64.18,64.3,64.18,64.23,7033.0
2026-01-27 09:44:00,64.24,64.32,64.19,64.22,14360.0
2026-01-27 09:45:00,64.205,64.205,64.1,64.11,5217.0
2026-01-27 09:46:00,64.095,64.14,64.07,64.08,4341.0
2026-01-27 09:47:00,64.06,64.16,64.035,64.09,15031.0
2026-01-27 09:48:00,64.075,64.11,64.05,64.11,2714.0
2026-01-27 09:49:00,64.08,64.1,64.01,64.04,4646.0
2026-01-27 09:50:00,64.04,64.04,63.92,63.96,17079.0
2026-01-27 09:51:00,63.95,63.96,63.84,63.95,33330.0
2026-01-27 09:52:00,63.945,63.945,63.84,63.87,9685.0
2026-01-27 09:53:00,63.855,63.86,63.68,63.695,25384.0
2026-01-27 09:54:00,63.69,63.745,63.62,63.62,45173.0
2026-01-27 09:55:00,63.625,63.625,63.5,63.54,67206.0
2026-01-27 09:56:00,63.55,63.58,63.49,63.52,31528.0
2026-01-27 09:57:00,63.52,63.56,63.52,63.56,29154.0
2026-01-27 09:58:00,63.545,63.55,63.5,63.54,12289.0
2026-01-27 09:59:00,63.54,63.55,63.475,63.53,47274.0
2026-01-27 10:00:00,63.5,63.6,63.47,63.56,27444.0
2026-01-27 10:01:00,63.55,63.575,63.45,63.52,27408.0
2026-01-27 10:02:00,63.53,63.55,63.45,63.47,54558.0
2026-01-27 10:03:00,63.49,63.53,63.44,63.48,9622.0
2026-01-27 10:04:00,63.49,63.5,63.43,63.49,9411.0
2026-01-27 10:05:00,63.49,63.72,63.49,63.72,40714.0
2026-01-27 10:06:00,63.7,63.74,63.66,63.69,11823.0
2026-01-27 10:07:00,63.66,63.69,63.6,63.6,4914.0
2026-01-27 10:08:00,63.6,63.6,63.54,63.55,4123.0
2026-01-27 10:09:00,63.55,63.55,63.42,63.42,15116.0
2026-01-27 10:10:00,63.41,63.41,63.37,63.385,34214.0
2026-01-27 10:11:00,63.38,63.46,63.38,63.45,12718.0
2026-01-27 10:12:00,63.465,63.465,63.42,63.46,12231.0
2026-01-27 10:13:00,63.45,63.51,63.44,63.46,9697.0
2026-01-27 10:14:00,63.46,63.51,63.45,63.46,6886.0
2026-01-27 10:15:00,63.46,63.51,63.42,63.45,14483.0
2026-01-27 10:16:00,63.45,63.5,63.45,63.47,7990.0
2026-01-27 10:17:00,63.48,63.5,63.42,63.42,9250.0
2026-01-27 10:18:00,63.41,63.45,63.385,63.4,16973.0
2026-01-27 10:19:00,63.42,63.475,63.42,63.43,7255.0
2026-01-27 10:20:00,63.43,63.435,63.37,63.38,9251.0
2026-01-27 10:21:00,63.38,63.435,63.38,63.435,3785.0
2026-01-27 10:22:00,63.45,63.53,63.45,63.53,11043.0
2026-01-27 10:23:00,63.53,63.56,63.49,63.5,14903.0
2026-01-27 10:24:00,63.51,63.53,63.48,63.49,3102.0
2026-01-27 10:25:00,63.5,63.63,63.5,63.575,12380.0
2026-01-27 10:26:00,63.56,63.575,63.52,63.545,6173.0
2026-01-27 10:27:00,63.555,63.565,63.52,63.565,6367.0
2026-01-27 10:28:00,63.565,63.575,63.53,63.555,7922.0
2026-01-27 10:29:00,63.555,63.595,63.525,63.595,3016.0
2026-01-27 10:30:00,63.59,63.615,63.495,63.52,10378.0
2026-01-27 10:31:00,63.515,63.535,63.48,63.485,4645.0
2026-01-27 10:32:00,63.48,63.48,63.43,63.455,10472.0
2026-01-27 10:33:00,63.455,63.46,63.43,63.445,3763.0
2026-01-27 10:34:00,63.45,63.45,63.35,63.35,19669.0
2026-01-27 10:35:00,63.365,63.365,63.325,63.355,8526.0
2026-01-27 10:36:00,63.365,63.375,63.29,63.305,19134.0
2026-01-27 10:37:00,63.31,63.34,63.3,63.32,44234.0
2026-01-27 10:38:00,63.32,63.32,63.24,63.245,16545.0
2026-01-27 10:39:00,63.235,63.32,63.235,63.31,10817.0
2026-01-27 10:40:00,63.31,63.33,63.26,63.29,10324.0
2026-01-27 10:41:00,63.3,63.33,63.265,63.275,7667.0
2026-01-27 10:42:00,63.275,63.28,63.245,63.27,8241.0
2026-01-27 10:43:00,63.28,63.3,63.265,63.28,14258.0
2026-01-27 10:44:00,63.28,63.28,63.2,63.23,15280.0
2026-01-27 10:45:00,63.235,63.245,63.195,63.2,17157.0
2026-01-27 10:46:00,63.195,63.235,63.18,63.195,10003.0
2026-01-27 10:47:00,63.2,63.295,63.2,63.27,9698.0
2026-01-27 10:48:00,63.265,63.27,63.225,63.245,8133.0
2026-01-27 10:49:00,63.245,63.255,63.22,63.25,1740.0
2026-01-27 10:50:00,63.255,63.36,63.25,63.345,5209.0
2026-01-27 10:51:00,63.35,63.38,63.335,63.345,11050.0
2026-01-27 10:52:00,63.345,63.43,63.345,63.42,21838.0
2026-01-27 10:53:00,63.41,63.42,63.375,63.375,2248.0
2026-01-27 10:54:00,63.375,63.405,63.365,63.385,4946.0
2026-01-27 10:55:00,63.4,63.425,63.37,63.39,14589.0
2026-01-27 10:56:00,63.385,63.395,63.36,63.36,4159.0
2026-01-27 10:57:00,63.35,63.41,63.34,63.365,3562.0
2026-01-27 10:58:00,63.365,63.37,63.325,63.37,1117.0
2026-01-27 10:59:00,63.365,63.365,63.32,63.325,1631.0
2026-01-27 11:00:00,63.325,63.325,63.245,63.27,5152.0
2026-01-27 11:01:00,63.265,63.325,63.255,63.325,880.0
2026-01-27 11:02:00,63.295,63.365,63.295,63.365,1680.0
2026-01-27 11:03:00,63.36,63.365,63.305,63.325,5258.0
2026-01-27 11:04:00,63.31,63.32,63.265,63.28,4880.0
2026-01-27 11:05:00,63.275,63.29,63.23,63.265,3103.0
2026-01-27 11:06:00,63.26,63.26,63.205,63.225,3142.0
2026-01-27 11:07:00,63.225,63.23,63.19,63.2,6275.0
2026-01-27 11:08:00,63.205,63.22,63.195,63.205,1860.0
2026-01-27 11:09:00,63.21,63.255,63.205,63.24,5504.0
2026-01-27 11:10:00,63.255,63.255,63.18,63.195,3571.0
2026-01-27 11:11:00,63.19,63.21,63.185,63.19,4634.0
2026-01-27 11:12:00,63.19,63.225,63.18,63.22,8655.0
2026-01-27 11:13:00,63.215,63.24,63.19,63.2,2557.0
2026-01-27 11:14:00,63.195,63.195,63.18,63.185,1051.0
2026-01-27 11:15:00,63.185,63.215,63.18,63.195,588.0
2026-01-27 11:16:00,63.19,63.195,63.145,63.16,9129.0
2026-01-27 11:17:00,63.16,63.19,63.155,63.165,4068.0
2026-01-27 11:18:00,63.165,63.185,63.15,63.15,3248.0
2026-01-27 11:19:00,63.15,63.17,63.125,63.16,6171.0
2026-01-27 11:20:00,63.155,63.18,63.135,63.145,12602.0
2026-01-27 11:21:00,63.15,63.175,63.145,63.165,3096.0
2026-01-27 11:22:00,63.165,63.205,63.16,63.195,2088.0
2026-01-27 11:23:00,63.19,63.19,63.155,63.165,761.0
2026-01-27 11:24:00,63.17,63.19,63.16,63.165,814.0
2026-01-27 11:25:00,63.18,63.2,63.16,63.175,12672.0
2026-01-27 11:26:00,63.18,63.21,63.175,63.195,1557.0
2026-01-27 11:27:00,63.2,63.225,63.2,63.215,6261.0
2026-01-27 11:28:00,63.215,63.24,63.215,63.23,4023.0
2026-01-27 11:29:00,63.225,63.255,63.22,63.245,5647.0
2026-01-27 11:30:00,63.235,63.265,63.215,63.22,4104.0
2026-01-27 11:31:00,63.23,63.235,63.175,63.175,10190.0
2026-01-27 11:32:00,63.18,63.235,63.175,63.205,7239.0
2026-01-27 11:33:00,63.195,63.21,63.19,63.205,1162.0
2026-01-27 11:34:00,63.205,63.23,63.195,63.225,2169.0
2026-01-27 11:35:00,63.22,63.26,63.22,63.245,1033.0
2026-01-27 11:36:00,63.24,63.26,63.22,63.245,6766.0
2026-01-27 11:37:00,63.24,63.24,63.195,63.215,3466.0
2026-01-27 11:38:00,63.215,63.25,63.215,63.25,2210.0
2026-01-27 11:39:00,63.25,63.25,63.21,63.23,493.0
2026-01-27 11:40:00,63.23,63.23,63.195,63.205,2044.0
2026-01-27 11:41:00,63.205,63.225,63.195,63.215,2409.0
2026-01-27 11:42:00,63.215,63.24,63.215,63.215,430.0
2026-01-27 11:43:00,63.215,63.225,63.205,63.205,1312.0
2026-01-27 11:44:00,63.2,63.24,63.18,63.24,3163.0
2026-01-27 11:45:00,63.24,63.29,63.23,63.27,2040.0
2026-01-27 11:46:00,63.28,63.33,63.28,63.325,4221.0
2026-01-27 11:47:00,63.325,63.335,63.28,63.28,4489.0
2026-01-27 11:48:00,63.28,63.3,63.26,63.295,2220.0
2026-01-27 11:49:00,63.265,63.265,63.205,63.225,6997.0
2026-01-27 11:50:00,63.225,63.24,63.205,63.22,978.0
2026-01-27 11:51:00,63.22,63.275,63.215,63.275,742.0
2026-01-27 11:52:00,63.28,63.32,63.235,63.24,1389.0
2026-01-27 11:53:00,63.25,63.255,63.23,63.24,5940.0
2026-01-27 11:54:00,63.235,63.255,63.225,63.245,1423.0
2026-01-27 11:55:00,63.25,63.265,63.225,63.225,176.0
2026-01-27 11:56:00,63.235,63.24,63.225,63.24,2327.0
2026-01-27 11:57:00,63.245,63.245,63.22,63.225,1738.0
2026-01-27 11:58:00,63.23,63.26,63.225,63.255,1886.0
2026-01-27 11:59:00,63.255,63.32,63.25,63.32,11533.0
2026-01-27 12:00:00,63.32,63.335,63.305,63.335,7387.0
2026-01-27 12:01:00,63.33,63.34,63.29,63.29,2754.0
2026-01-27 12:02:00,63.295,63.335,63.295,63.33,463.0
2026-01-27 12:03:00,63.335,63.355,63.325,63.35,5869.0
2026-01-27 12:04:00,63.345,63.355,63.305,63.33,296.0
2026-01-27 12:05:00,63.355,63.38,63.355,63.375,2415.0
2026-01-27 12:06:00,63.365,63.385,63.35,63.375,3073.0
2026-01-27 12:07:00,63.37,63.38,63.36,63.365,1120.0
2026-01-27 12:08:00,63.365,63.395,63.35,63.395,4576.0
2026-01-27 12:09:00,63.385,63.385,63.29,63.345,22932.0
2026-01-27 12:10:00,63.345,63.37,63.345,63.37,4644.0
2026-01-27 12:11:00,63.36,63.4,63.355,63.4,3944.0
2026-01-27 12:12:00,63.4,63.42,63.385,63.385,5199.0
2026-01-27 12:13:00,63.38,63.405,63.345,63.345,8973.0
2026-01-27 12:14:00,63.345,63.385,63.345,63.38,2292.0
2026-01-27 12:15:00,63.395,63.415,63.385,63.395,2035.0
2026-01-27 12:16:00,63.39,63.455,63.39,63.455,7947.0
2026-01-27 12:17:00,63.46,63.48,63.44,63.445,13883.0
2026-01-27 12:18:00,63.445,63.485,63.445,63.475,883.0
2026-01-27 12:19:00,63.48,63.525,63.43,63.455,19090.0
2026-01-27 12:20:00,63.455,63.505,63.445,63.495,947.0
2026-01-27 12:21:00,63.505,63.505,63.4,63.425,5962.0
2026-01-27 12:22:00,63.43,63.44,63.38,63.415,3115.0
2026-01-27 12:23:00,63.405,63.445,63.405,63.435,2456.0
2026-01-27 12:24:00,63.43,63.445,63.41,63.425,1175.0
2026-01-27 12:25:00,63.42,63.42,63.3,63.315,5952.0
2026-01-27 12:26:00,63.31,63.31,63.26,63.305,5041.0
2026-01-27 12:27:00,63.305,63.325,63.305,63.325,3033.0
2026-01-27 12:28:00,63.33,63.335,63.25,63.255,11060.0
2026-01-27 12:29:00,63.255,63.295,63.255,63.285,2380.0
2026-01-27 12:30:00,63.285,63.295,63.26,63.295,10354.0
2026-01-27 12:31:00,63.295,63.32,63.285,63.305,4711.0
2026-01-27 12:32:00,63.295,63.295,63.27,63.275,3416.0
2026-01-27 12:33:00,63.275,63.29,63.255,63.285,1106.0
2026-01-27 12:34:00,63.285,63.31,63.275,63.29,6073.0
2026-01-27 12:35:00,63.295,63.32,63.28,63.315,5620.0
2026-01-27 12:36:00,63.325,63.355,63.325,63.345,777.0
2026-01-27 12:37:00,63.345,63.375,63.345,63.375,3204.0
2026-01-27 12:38:00,63.38,63.385,63.355,63.375,15252.0
2026-01-27 12:39:00,63.37,63.37,63.325,63.345,1992.0
2026-01-27 12:40:00,63.335,63.345,63.32,63.345,248.0
2026-01-27 12:41:00,63.345,63.345,63.245,63.245,4791.0
2026-01-27 12:42:00,63.24,63.305,63.225,63.305,8042.0
2026-01-27 12:43:00,63.305,63.35,63.3,63.34,8550.0
2026-01-27 12:44:00,63.35,63.365,63.335,63.34,3233.0
2026-01-27 12:45:00,63.335,63.37,63.335,63.365,5523.0
2026-01-27 12:46:00,63.37,63.38,63.355,63.365,1596.0
2026-01-27 12:47:00,63.365,63.375,63.35,63.36,1728.0
2026-01-27 12:48:00,63.35,63.36,63.325,63.345,3113.0
2026-01-27 12:49:00,63.345,63.36,63.33,63.355,1547.0
2026-01-27 12:50:00,63.36,63.385,63.355,63.365,5113.0
2026-01-27 12:51:00,63.355,63.37,63.35,63.365,4307.0
2026-01-27 12:52:00,63.36,63.365,63.345,63.345,737.0
2026-01-27 12:53:00,63.345,63.4,63.345,63.4,3404.0
2026-01-27 12:54:00,63.395,63.44,63.395,63.435,5651.0
2026-01-27 12:55:00,63.42,63.445,63.41,63.44,787.0
2026-01-27 12:56:00,63.43,63.45,63.42,63.44,1002.0
2026-01-27 12:57:00,63.45,63.45,63.415,63.425,1997.0
2026-01-27 12:58:00,63.425,63.465,63.425,63.465,6950.0
2026-01-27 12:59:00,63.465,63.475,63.445,63.455,2141.0
2026-01-27 13:00:00,63.43,63.51,63.43,63.5,16945.0
2026-01-27 13:01:00,63.5,63.535,63.48,63.52,8833.0
2026-01-27 13:02:00,63.52,63.62,63.51,63.535,19411.0
2026-01-27 13:03:00,63.535,63.545,63.485,63.54,6684.0
2026-01-27 13:04:00,63.53,63.555,63.5,63.515,2933.0
2026-01-27 13:05:00,63.515,63.57,63.515,63.555,6212.0
2026-01-27 13:06:00,63.55,63.565,63.53,63.555,10028.0
2026-01-27 13:07:00,63.56,63.56,63.495,63.54,1994.0
2026-01-27 13:08:00,63.545,63.545,63.455,63.465,4119.0
2026-01-27 13:09:00,63.47,63.48,63.465,63.475,1195.0
2026-01-27 13:10:00,63.47,63.53,63.43,63.53,5944.0
2026-01-27 13:11:00,63.525,63.535,63.48,63.485,578.0
2026-01-27 13:12:00,63.49,63.495,63.425,63.43,1148.0
2026-01-27 13:13:00,63.425,63.425,63.375,63.42,4486.0
2026-01-27 13:14:00,63.415,63.415,63.395,63.395,460.0
2026-01-27 13:15:00,63.4,63.4,63.355,63.375,2442.0
2026-01-27 13:16:00,63.38,63.38,63.345,63.375,527.0
2026-01-27 13:17:00,63.365,63.385,63.34,63.385,2105.0
2026-01-27 13:18:00,63.37,63.375,63.33,63.335,1859.0
2026-01-27 13:19:00,63.335,63.365,63.335,63.345,257.0
2026-01-27 13:20:00,63.35,63.35,63.31,63.325,9173.0
2026-01-27 13:21:00,63.325,63.345,63.32,63.33,1081.0
2026-01-27 13:22:00,63.335,63.335,63.325,63.335,155.0
2026-01-27 13:23:00,63.34,63.345,63.29,63.3,9143.0
2026-01-27 13:24:00,63.295,63.295,63.265,63.275,5366.0
2026-01-27 13:25:00,63.265,63.315,63.265,63.315,2355.0
2026-01-27 13:26:00,63.305,63.375,63.305,63.375,1376.0
2026-01-27 13:27:00,63.37,63.37,63.325,63.335,3034.0
2026-01-27 13:28:00,63.335,63.35,63.33,63.345,2628.0
2026-01-27 13:29:00,63.345,63.345,63.315,63.33,1131.0
2026-01-27 13:30:00,63.325,63.335,63.3,63.305,1214.0
2026-01-27 13:31:00,63.3,63.3,63.27,63.275,907.0
2026-01-27 13:32:00,63.28,63.285,63.25,63.275,3017.0
2026-01-27 13:33:00,63.275,63.275,63.21,63.235,16780.0
2026-01-27 13:34:00,63.24,63.25,63.225,63.245,489.0
2026-01-27 13:35:00,63.245,63.295,63.245,63.265,4650.0
2026-01-27 13:36:00,63.27,63.27,63.24,63.245,1011.0
2026-01-27 13:37:00,63.255,63.265,63.255,63.265,320.0
2026-01-27 13:38:00,63.26,63.275,63.255,63.275,38.0
2026-01-27 13:39:00,63.28,63.28,63.26,63.275,412.0
2026-01-27 13:40:00,63.28,63.285,63.265,63.265,984.0
2026-01-27 13:41:00,63.275,63.28,63.26,63.28,280.0
2026-01-27 13:42:00,63.285,63.315,63.275,63.3,17481.0
2026-01-27 13:43:00,63.305,63.305,63.275,63.285,798.0
2026-01-27 13:44:00,63.285,63.305,63.285,63.285,675.0
2026-01-27 13:45:00,63.295,63.3,63.275,63.285,345.0
2026-01-27 13:46:00,63.27,63.27,63.25,63.26,3372.0
2026-01-27 13:47:00,63.255,63.26,63.24,63.26,5891.0
2026-01-27 13:48:00,63.265,63.265,63.255,63.255,790.0
2026-01-27 13:49:00,63.25,63.25,63.235,63.24,2290.0
2026-01-27 13:50:00,63.235,63.26,63.23,63.25,4888.0
2026-01-27 13:51:00,63.24,63.25,63.23,63.25,3381.0
2026-01-27 13:52:00,63.255,63.275,63.255,63.255,168.0
2026-01-27 13:53:00,63.255,63.27,63.23,63.26,5252.0
2026-01-27 13:54:00,63.265,63.265,63.24,63.245,2716.0
2026-01-27 13:55:00,63.235,63.255,63.23,63.235,6920.0
2026-01-27 13:56:00,63.23,63.235,63.19,63.205,30910.0
2026-01-27 13:57:00,63.21,63.215,63.19,63.2,23452.0
2026-01-27 13:58:00,63.205,63.21,63.19,63.205,6197.0
2026-01-27 13:59:00,63.21,63.225,63.21,63.22,143.0
2026-01-27 14:00:00,63.23,63.285,63.23,63.28,3306.0
2026-01-27 14:01:00,63.28,63.285,63.255,63.27,1247.0
2026-01-27 14:02:00,63.27,63.275,63.255,63.275,1479.0
2026-01-27 14:03:00,63.265,63.325,63.265,63.325,8835.0
2026-01-27 14:04:00,63.325,63.33,63.295,63.315,3359.0
2026-01-27 14:05:00,63.31,63.325,63.305,63.305,4529.0
2026-01-27 14:06:00,63.305,63.33,63.285,63.325,197.0
2026-01-27 14:07:00,63.325,63.33,63.315,63.32,391.0
2026-01-27 14:08:00,63.325,63.335,63.315,63.325,1123.0
2026-01-27 14:09:00,63.33,63.36,63.31,63.315,11176.0
2026-01-27 14:10:00,63.32,63.335,63.315,63.335,2886.0
2026-01-27 14:11:00,63.335,63.335,63.31,63.32,1741.0
2026-01-27 14:12:00,63.325,63.35,63.325,63.33,1720.0
2026-01-27 14:13:00,63.325,63.325,63.265,63.275,3584.0
2026-01-27 14:14:00,63.265,63.265,63.23,63.265,2944.0
2026-01-27 14:15:00,63.265,63.27,63.245,63.245,695.0
2026-01-27 14:16:00,63.245,63.27,63.235,63.255,9275.0
2026-01-27 14:17:00,63.255,63.255,63.23,63.235,393.0
2026-01-27 14:18:00,63.23,63.245,63.23,63.245,127.0
2026-01-27 14:19:00,63.245,63.245,63.225,63.225,653.0
2026-01-27 14:20:00,63.235,63.235,63.22,63.23,1406.0
2026-01-27 14:21:00,63.225,63.235,63.225,63.225,545.0
2026-01-27 14:22:00,63.225,63.225,63.21,63.22,314.0
2026-01-27 14:23:00,63.215,63.275,63.215,63.255,82.0
2026-01-27 14:24:00,63.255,63.255,63.225,63.225,5548.0
2026-01-27 14:25:00,63.225,63.24,63.225,63.235,125.0
2026-01-27 14:26:00,63.23,63.24,63.22,63.24,270.0
2026-01-27 14:27:00,63.245,63.255,63.21,63.215,3441.0
2026-01-27 14:28:00,63.21,63.22,63.205,63.215,2980.0
2026-01-27 14:29:00,63.22,63.225,63.215,63.215,132.0
2026-01-27 14:30:00,63.215,63.225,63.17,63.225,6314.0
2026-01-27 14:31:00,63.23,63.23,63.205,63.225,4284.0
2026-01-27 14:32:00,63.235,63.235,63.205,63.215,518.0
2026-01-27 14:33:00,63.215,63.25,63.215,63.245,3795.0
2026-01-27 14:34:00,63.245,63.265,63.235,63.255,599.0
2026-01-27 14:35:00,63.255,63.26,63.245,63.255,1284.0
2026-01-27 14:36:00,63.26,63.275,63.235,63.255,450.0
2026-01-27 14:37:00,63.255,63.275,63.25,63.25,1578.0
2026-01-27 14:38:00,63.25,63.265,63.245,63.255,1716.0
2026-01-27 14:39:00,63.26,63.275,63.26,63.265,1563.0
2026-01-27 14:40:00,63.265,63.305,63.265,63.305,9885.0
2026-01-27 14:41:00,63.31,63.315,63.285,63.3,12708.0
2026-01-27 14:42:00,63.295,63.3,63.285,63.285,1023.0
2026-01-27 14:43:00,63.29,63.29,63.255,63.26,1999.0
2026-01-27 14:44:00,63.265,63.27,63.255,63.265,2943.0
2026-01-27 14:45:00,63.265,63.305,63.265,63.29,1556.0
2026-01-27 14:46:00,63.29,63.31,63.28,63.31,364.0
2026-01-27 14:47:00,63.32,63.325,63.3,63.3,598.0
2026-01-27 14:48:00,63.29,63.305,63.285,63.285,295.0
2026-01-27 14:49:00,63.28,63.28,63.25,63.25,4089.0
2026-01-27 14:50:00,63.25,63.255,63.235,63.25,880.0
2026-01-27 14:51:00,63.245,63.26,63.22,63.22,16722.0
2026-01-27 14:52:00,63.215,63.22,63.17,63.175,1623.0
2026-01-27 14:53:00,63.18,63.195,63.175,63.19,3331.0
2026-01-27 14:54:00,63.185,63.205,63.18,63.19,1727.0
2026-01-27 14:55:00,63.195,63.2,63.185,63.2,6492.0
2026-01-27 14:56:00,63.205,63.225,63.195,63.22,5582.0
2026-01-27 14:57:00,63.22,63.22,63.205,63.215,562.0
2026-01-27 14:58:00,63.215,63.22,63.205,63.205,1079.0
2026-01-27 14:59:00,63.2,63.215,63.195,63.215,2027.0
2026-01-27 15:00:00,63.22,63.24,63.205,63.205,2397.0
2026-01-27 15:01:00,63.205,63.21,63.195,63.205,2550.0
2026-01-27 15:02:00,63.205,63.215,63.195,63.205,1365.0
2026-01-27 15:03:00,63.205,63.21,63.195,63.205,1194.0
2026-01-27 15:04:00,63.21,63.22,63.195,63.22,672.0
2026-01-27 15:05:00,63.215,63.24,63.21,63.24,354.0
2026-01-27 15:06:00,63.235,63.265,63.235,63.26,2909.0
2026-01-27 15:07:00,63.25,63.265,63.25,63.265,2914.0
2026-01-27 15:08:00,63.26,63.28,63.23,63.23,4863.0
2026-01-27 15:09:00,63.23,63.235,63.195,63.195,4899.0
2026-01-27 15:10:00,63.195,63.2,63.185,63.195,3796.0
2026-01-27 15:11:00,63.195,63.195,63.17,63.185,1117.0
2026-01-27 15:12:00,63.185,63.185,63.11,63.125,87474.0
2026-01-27 15:13:00,63.135,63.135,63.09,63.09,14956.0
2026-01-27 15:14:00,63.085,63.095,63.075,63.085,17302.0
2026-01-27 15:15:00,63.085,63.125,63.08,63.12,9115.0
2026-01-27 15:16:00,63.11,63.11,63.085,63.09,2278.0
2026-01-27 15:17:00,63.085,63.085,63.055,63.055,5746.0
2026-01-27 15:18:00,63.055,63.075,63.055,63.075,746.0
2026-01-27 15:19:00,63.075,63.075,63.06,63.075,360.0
2026-01-27 15:20:00,63.075,63.075,63.06,63.065,715.0
2026-01-27 15:21:00,63.07,63.095,63.07,63.085,1335.0
2026-01-27 15:22:00,63.085,63.105,63.075,63.105,971.0
2026-01-27 15:23:00,63.105,63.125,63.1,63.125,4541.0
2026-01-27 15:24:00,63.125,63.14,63.12,63.135,961.0
2026-01-27 15:25:00,63.14,63.175,63.14,63.175,6002.0
2026-01-27 15:26:00,63.175,63.175,63.155,63.165,1303.0
2026-01-27 15:27:00,63.165,63.195,63.16,63.185,5569.0
2026-01-27 15:28:00,63.185,63.195,63.175,63.195,670.0
2026-01-27 15:29:00,63.195,63.195,63.18,63.185,1023.0
2026-01-27 15:30:00,63.195,63.27,63.195,63.245,27588.0
2026-01-27 15:31:00,63.235,63.235,63.2,63.22,4132.0
2026-01-27 15:32:00,63.23,63.245,63.22,63.225,7910.0
2026-01-27 15:33:00,63.22,63.245,63.215,63.235,35923.0
2026-01-27 15:34:00,63.235,63.235,63.175,63.19,32023.0
2026-01-27 15:35:00,63.195,63.21,63.195,63.205,438.0
2026-01-27 15:36:00,63.205,63.215,63.2,63.215,1941.0
2026-01-27 15:37:00,63.22,63.235,63.215,63.225,2957.0
2026-01-27 15:38:00,63.225,63.23,63.205,63.215,1386.0
2026-01-27 15:39:00,63.215,63.215,63.175,63.185,14636.0
2026-01-27 15:40:00,63.175,63.2,63.175,63.2,4033.0
2026-01-27 15:41:00,63.195,63.215,63.185,63.205,1188.0
2026-01-27 15:42:00,63.205,63.235,63.205,63.215,10781.0
2026-01-27 15:43:00,63.22,63.245,63.215,63.24,7144.0
2026-01-27 15:44:00,63.245,63.245,63.205,63.215,2875.0
2026-01-27 15:45:00,63.22,63.26,63.21,63.26,17307.0
2026-01-27 15:46:00,63.265,63.28,63.245,63.26,5407.0
2026-01-27 15:47:00,63.255,63.265,63.22,63.24,23126.0
2026-01-27 15:48:00,63.24,63.24,63.215,63.225,3341.0
2026-01-27 15:49:00,63.24,63.245,63.155,63.165,20280.0
2026-01-27 15:50:00,63.18,63.285,63.17,63.255,57352.0
2026-01-27 15:51:00,63.25,63.32,63.25,63.315,14404.0
2026-01-27 15:52:00,63.3,63.335,63.28,63.315,22928.0
2026-01-27 15:53:00,63.315,63.32,63.285,63.285,11629.0
2026-01-27 15:54:00,63.295,63.345,63.285,63.33,41728.0
2026-01-27 15:55:00,63.34,63.385,63.33,63.335,40431.0
2026-01-27 15:56:00,63.325,63.375,63.325,63.325,8243.0
2026-01-27 15:57:00,63.315,63.335,63.295,63.325,18972.0
2026-01-27 15:58:00,63.32,63.35,63.32,63.345,20304.0
2026-01-27 15:59:00,63.34,63.39,63.32,63.35,93174.0
2026-01-28 09:30:00,62.06,62.21,61.94,62.08,95421.0
2026-01-28 09:31:00,62.06,62.12,61.98,62.005,31878.0
2026-01-28 09:32:00,62.0,62.04,61.83,61.84,33559.0
2026-01-28 09:33:00,61.84,62.03,61.8,62.0,13518.0
2026-01-28 09:34:00,61.99,62.17,61.99,62.075,23096.0
2026-01-28 09:35:00,62.09,62.19,62.03,62.18,26113.0
2026-01-28 09:36:00,62.185,62.34,62.185,62.26,53860.0
2026-01-28 09:37:00,62.26,62.32,62.19,62.27,17658.0
2026-01-28 09:38:00,62.29,62.29,62.1,62.18,11348.0
2026-01-28 09:39:00,62.16,62.19,62.09,62.12,19327.0
2026-01-28 09:40:00,62.115,62.115,61.945,61.98,18420.0
2026-01-28 09:41:00,61.99,62.01,61.92,61.92,12161.0
2026-01-28 09:42:00,61.92,61.93,61.82,61.87,80300.0
2026-01-28 09:43:00,61.885,61.945,61.85,61.88,8814.0
2026-01-28 09:44:00,61.87,61.93,61.77,61.815,28467.0
2026-01-28 09:45:00,61.815,61.83,61.72,61.78,29668.0
2026-01-28 09:46:00,61.765,61.965,61.75,61.955,19367.0
2026-01-28 09:47:00,61.95,62.165,61.95,62.155,33807.0
2026-01-28 09:48:00,62.15,62.215,62.115,62.16,38476.0
2026-01-28 09:49:00,62.17,62.175,62.055,62.08,11419.0
2026-01-28 09:50:00,62.075,62.075,61.9,61.96,18497.0
2026-01-28 09:51:00,61.965,62.0,61.89,61.89,10015.0
2026-01-28 09:52:00,61.89,61.925,61.84,61.84,4051.0
2026-01-28 09:53:00,61.83,61.945,61.81,61.925,27364.0
2026-01-28 09:54:00,61.915,61.965,61.785,61.79,17969.0
2026-01-28 09:55:00,61.785,61.88,61.78,61.805,10443.0
2026-01-28 09:56:00,61.815,61.855,61.805,61.85,6992.0
2026-01-28 09:57:00,61.86,61.91,61.84,61.855,7043.0
2026-01-28 09:58:00,61.86,61.95,61.85,61.885,10773.0
2026-01-28 09:59:00,61.89,62.07,61.89,62.06,23897.0
2026-01-28 10:00:00,62.06,62.08,61.99,62.05,18976.0
2026-01-28 10:01:00,62.04,62.105,62.025,62.08,22842.0
2026-01-28 10:02:00,62.075,62.17,61.97,62.03,12689.0
2026-01-28 10:03:00,62.035,62.07,61.975,62.055,3687.0
2026-01-28 10:04:00,62.055,62.055,61.99,62.05,4347.0
2026-01-28 10:05:00,62.045,62.095,62.03,62.095,6777.0
2026-01-28 10:06:00,62.075,62.11,61.995,62.09,6405.0
2026-01-28 10:07:00,62.095,62.12,62.045,62.055,11042.0
2026-01-28 10:08:00,62.06,62.105,61.99,62.105,16310.0
2026-01-28 10:09:00,62.11,62.21,62.085,62.135,15916.0
2026-01-28 10:10:00,62.135,62.255,62.125,62.24,19906.0
2026-01-28 10:11:00,62.245,62.255,62.18,62.21,16070.0
2026-01-28 10:12:00,62.21,62.34,62.205,62.315,23013.0
2026-01-28 10:13:00,62.3,62.3,62.215,62.275,4624.0
2026-01-28 10:14:00,62.285,62.33,62.26,62.33,9307.0
2026-01-28 10:15:00,62.325,62.37,62.12,62.195,36250.0
2026-01-28 10:16:00,62.19,62.19,62.055,62.11,8162.0
2026-01-28 10:17:00,62.115,62.23,62.115,62.2,8005.0
2026-01-28 10:18:00,62.21,62.26,62.21,62.225,5133.0
2026-01-28 10:19:00,62.24,62.25,62.16,62.175,4802.0
2026-01-28 10:20:00,62.175,62.18,62.105,62.115,4576.0
2026-01-28 10:21:00,62.125,62.14,62.1,62.125,3306.0
2026-01-28 10:22:00,62.115,62.2,62.11,62.145,4744.0
2026-01-28 10:23:00,62.14,62.24,62.085,62.185,21749.0
2026-01-28 10:24:00,62.18,62.18,62.08,62.175,36267.0
2026-01-28 10:25:00,62.165,62.28,62.16,62.26,11237.0
2026-01-28 10:26:00,62.265,62.29,62.225,62.285,2179.0
2026-01-28 10:27:00,62.275,62.315,62.265,62.295,6337.0
2026-01-28 10:28:00,62.295,62.295,62.24,62.295,11415.0
2026-01-28 10:29:00,62.27,62.295,62.245,62.28,16447.0
2026-01-28 10:30:00,62.28,62.28,62.18,62.24,22554.0
2026-01-28 10:31:00,62.25,62.325,62.21,62.315,34019.0
2026-01-28 10:32:00,62.315,62.375,62.315,62.35,16982.0
2026-01-28 10:33:00,62.35,62.39,62.3,62.3,23114.0
2026-01-28 10:34:00,62.309,62.47,62.275,62.46,29368.0
2026-01-28 10:35:00,62.465,62.5,62.43,62.46,8130.0
2026-01-28 10:36:00,62.465,62.465,62.305,62.315,3205.0
2026-01-28 10:37:00,62.325,62.335,62.28,62.315,3064.0
2026-01-28 10:38:00,62.3,62.305,62.25,62.255,4607.0
2026-01-28 10:39:00,62.26,62.28,62.235,62.265,3789.0
2026-01-28 10:40:00,62.26,62.325,62.26,62.325,840.0
2026-01-28 10:41:00,62.33,62.46,62.33,62.455,16226.0
2026-01-28 10:42:00,62.45,62.5,62.44,62.48,11524.0
2026-01-28 10:43:00,62.49,62.535,62.445,62.475,6140.0
2026-01-28 10:44:00,62.485,62.565,62.46,62.545,5476.0
2026-01-28 10:45:00,62.55,62.585,62.505,62.545,9300.0
2026-01-28 10:46:00,62.53,62.575,62.505,62.565,2042.0
2026-01-28 10:47:00,62.555,62.675,62.555,62.67,12396.0
2026-01-28 10:48:00,62.665,62.675,62.575,62.595,7082.0
2026-01-28 10:49:00,62.57,62.585,62.52,62.53,10219.0
2026-01-28 10:50:00,62.525,62.575,62.5,62.565,3981.0
2026-01-28 10:51:00,62.555,62.615,62.555,62.595,11629.0
2026-01-28 10:52:00,62.6,62.605,62.53,62.58,5959.0
2026-01-28 10:53:00,62.595,62.605,62.57,62.585,1866.0
2026-01-28 10:54:00,62.58,62.6,62.52,62.6,14550.0
2026-01-28 10:55:00,62.59,62.645,62.565,62.605,9377.0
2026-01-28 10:56:00,62.605,62.655,62.605,62.62,2090.0
2026-01-28 10:57:00,62.625,62.705,62.625,62.655,9059.0
2026-01-28 10:58:00,62.65,62.725,62.635,62.705,5873.0
2026-01-28 10:59:00,62.705,62.725,62.66,62.705,11757.0
2026-01-28 11:00:00,62.7,62.705,62.615,62.62,8717.0
2026-01-28 11:01:00,62.61,62.63,62.57,62.595,19818.0
2026-01-28 11:02:00,62.61,62.62,62.54,62.585,3229.0
2026-01-28 11:03:00,62.58,62.655,62.58,62.62,2888.0
2026-01-28 11:04:00,62.615,62.615,62.56,62.575,5656.0
2026-01-28 11:05:00,62.57,62.625,62.57,62.625,7849.0
2026-01-28 11:06:00,62.62,62.62,62.51,62.53,1756.0
2026-01-28 11:07:00,62.53,62.55,62.475,62.525,5573.0
2026-01-28 11:08:00,62.525,62.545,62.51,62.525,4787.0
2026-01-28 11:09:00,62.525,62.58,62.52,62.535,12014.0
2026-01-28 11:10:00,62.535,62.56,62.525,62.54,8643.0
2026-01-28 11:11:00,62.535,62.54,62.445,62.455,10276.0
2026-01-28 11:12:00,62.455,62.545,62.455,62.545,18193.0
2026-01-28 11:13:00,62.535,62.61,62.525,62.585,6400.0
2026-01-28 11:14:00,62.6,62.615,62.53,62.56,3982.0
2026-01-28 11:15:00,62.565,62.57,62.53,62.565,1312.0
2026-01-28 11:16:00,62.565,62.63,62.565,62.625,4913.0
2026-01-28 11:17:00,62.62,62.635,62.6,62.6,1959.0
2026-01-28 11:18:00,62.6,62.615,62.585,62.59,16579.0
2026-01-28 11:19:00,62.59,62.645,62.565,62.645,5085.0
2026-01-28 11:20:00,62.65,62.655,62.615,62.64,3525.0
2026-01-28 11:21:00,62.64,62.72,62.64,62.72,2303.0
2026-01-28 11:22:00,62.73,62.76,62.705,62.745,13130.0
2026-01-28 11:23:00,62.765,62.79,62.745,62.75,5503.0
2026-01-28 11:24:00,62.755,62.765,62.65,62.665,4698.0
2026-01-28 11:25:00,62.665,62.715,62.665,62.705,2106.0
2026-01-28 11:26:00,62.705,62.71,62.655,62.685,893.0
2026-01-28 11:27:00,62.68,62.68,62.605,62.61,1336.0
2026-01-28 11:28:00,62.61,62.645,62.58,62.625,5251.0
2026-01-28 11:29:00,62.61,62.625,62.555,62.555,303.0
2026-01-28 11:30:00,62.57,62.7,62.565,62.7,7344.0
2026-01-28 11:31:00,62.695,62.81,62.69,62.795,8806.0
2026-01-28 11:32:00,62.8,62.8,62.74,62.765,4334.0
2026-01-28 11:33:00,62.76,62.77,62.69,62.76,6878.0
2026-01-28 11:34:00,62.76,62.81,62.745,62.795,3652.0
2026-01-28 11:35:00,62.795,62.8,62.755,62.8,1599.0
2026-01-28 11:36:00,62.8,62.855,62.79,62.805,11428.0
2026-01-28 11:37:00,62.78,62.78,62.745,62.75,2995.0
2026-01-28 11:38:00,62.765,62.8,62.75,62.8,116.0
2026-01-28 11:39:00,62.795,62.81,62.775,62.785,2619.0
2026-01-28 11:40:00,62.785,62.865,62.785,62.865,6639.0
2026-01-28 11:41:00,62.845,62.88,62.82,62.875,3695.0
2026-01-28 11:42:00,62.88,62.975,62.865,62.975,17905.0
2026-01-28 11:43:00,62.965,62.975,62.895,62.955,4117.0
2026-01-28 11:44:00,62.95,63.005,62.945,62.995,21583.0
2026-01-28 11:45:00,63.005,63.015,62.935,62.98,5893.0
2026-01-28 11:46:00,62.97,63.0,62.945,62.95,4276.0
2026-01-28 11:47:00,62.955,62.995,62.905,62.985,5668.0
2026-01-28 11:48:00,62.985,63.0,62.97,62.975,1475.0
2026-01-28 11:49:00,62.97,62.985,62.925,62.965,3299.0
2026-01-28 11:50:00,62.955,62.98,62.94,62.945,9500.0
2026-01-28 11:51:00,62.95,63.1,62.945,63.085,12934.0
2026-01-28 11:52:00,63.085,63.085,63.03,63.08,1201.0
2026-01-28 11:53:00,63.085,63.135,63.065,63.095,2247.0
2026-01-28 11:54:00,63.095,63.155,63.085,63.095,3326.0
2026-01-28 11:55:00,63.085,63.085,63.04,63.06,11515.0
2026-01-28 11:56:00,63.06,63.07,63.015,63.04,3425.0
2026-01-28 11:57:00,63.045,63.065,62.98,62.995,6198.0
2026-01-28 11:58:00,62.995,63.02,62.945,62.99,3372.0
2026-01-28 11:59:00,62.995,63.035,62.995,63.035,1443.0
2026-01-28 12:00:00,63.045,63.06,62.995,62.995,6257.0
2026-01-28 12:01:00,62.985,63.005,62.95,63.005,4350.0
2026-01-28 12:02:00,63.015,63.015,62.9,62.905,4265.0
2026-01-28 12:03:00,62.915,62.925,62.88,62.895,5350.0
2026-01-28 12:04:00,62.89,62.915,62.86,62.915,1495.0
2026-01-28 12:05:00,62.925,62.95,62.9,62.94,9493.0
2026-01-28 12:06:00,62.945,63.03,62.935,62.945,16508.0
2026-01-28 12:07:00,62.905,62.925,62.89,62.915,10517.0
2026-01-28 12:08:00,62.91,62.915,62.87,62.905,648.0
2026-01-28 12:09:00,62.915,62.945,62.905,62.925,2889.0
2026-01-28 12:10:00,62.91,62.925,62.875,62.89,2568.0
2026-01-28 12:11:00,62.895,62.9,62.81,62.825,8330.0
2026-01-28 12:12:00,62.82,62.845,62.795,62.805,4939.0
2026-01-28 12:13:00,62.805,62.805,62.755,62.795,14957.0
2026-01-28 12:14:00,62.79,62.825,62.78,62.79,16897.0
2026-01-28 12:15:00,62.785,62.845,62.775,62.845,1719.0
2026-01-28 12:16:00,62.825,62.84,62.8,62.815,783.0
2026-01-28 12:17:00,62.815,62.835,62.785,62.795,5050.0
2026-01-28 12:18:00,62.8,62.805,62.74,62.745,5520.0
2026-01-28 12:19:00,62.745,62.76,62.715,62.715,2020.0
2026-01-28 12:20:00,62.715,62.745,62.7,62.74,20037.0
2026-01-28 12:21:00,62.735,62.785,62.72,62.785,1076.0
2026-01-28 12:22:00,62.79,62.88,62.79,62.875,7300.0
2026-01-28 12:23:00,62.875,62.975,62.875,62.95,3230.0
2026-01-28 12:24:00,62.945,62.985,62.945,62.975,3012.0
2026-01-28 12:25:00,62.975,63.015,62.965,62.995,8053.0
2026-01-28 12:26:00,62.98,63.025,62.97,63.025,3649.0
2026-01-28 12:27:00,63.025,63.03,62.995,63.03,821.0
2026-01-28 12:28:00,63.035,63.04,62.985,62.99,11837.0
2026-01-28 12:29:00,62.985,62.99,62.955,62.965,914.0
2026-01-28 12:30:00,62.975,63.005,62.975,63.0,3818.0
2026-01-28 12:31:00,62.995,63.035,62.985,63.025,3430.0
2026-01-28 12:32:00,63.005,63.02,62.98,63.005,1570.0
2026-01-28 12:33:00,63.02,63.075,63.02,63.06,3542.0
2026-01-28 12:34:00,63.065,63.08,63.05,63.065,805.0
2026-01-28 12:35:00,63.035,63.04,63.01,63.025,2627.0
2026-01-28 12:36:00,63.035,63.045,63.015,63.02,1543.0
2026-01-28 12:37:00,63.02,63.02,62.97,62.975,1573.0
2026-01-28 12:38:00,62.965,63.025,62.965,63.02,4014.0
2026-01-28 12:39:00,63.025,63.025,62.975,62.975,1665.0
2026-01-28 12:40:00,63.0,63.02,62.94,62.97,29450.0
2026-01-28 12:41:00,62.975,63.02,62.97,62.975,3921.0
2026-01-28 12:42:00,62.975,62.975,62.95,62.965,5342.0
2026-01-28 12:43:00,62.965,62.965,62.88,62.905,24316.0
2026-01-28 12:44:00,62.91,62.935,62.89,62.935,3865.0
2026-01-28 12:45:00,62.94,62.98,62.925,62.98,3948.0
2026-01-28 12:46:00,62.975,63.015,62.95,62.95,1479.0
2026-01-28 12:47:00,62.95,62.95,62.875,62.875,6517.0
2026-01-28 12:48:00,62.885,62.95,62.885,62.93,2229.0
2026-01-28 12:49:00,62.935,62.935,62.895,62.91,29677.0
2026-01-28 12:50:00,62.92,62.92,62.865,62.875,332.0
2026-01-28 12:51:00,62.885,62.885,62.855,62.875,859.0
2026-01-28 12:52:00,62.875,62.895,62.86,62.86,429.0
2026-01-28 12:53:00,62.855,62.855,62.75,62.75,12627.0
2026-01-28 12:54:00,62.745,62.75,62.69,62.71,12235.0
2026-01-28 12:55:00,62.705,62.74,62.695,62.725,2142.0
2026-01-28 12:56:00,62.735,62.805,62.73,62.795,428.0
2026-01-28 12:57:00,62.805,62.815,62.755,62.775,3834.0
2026-01-28 12:58:00,62.765,62.795,62.765,62.795,1347.0
2026-01-28 12:59:00,62.795,62.86,62.785,62.86,9878.0
2026-01-28 13:00:00,62.85,62.91,62.85,62.87,15029.0
2026-01-28 13:01:00,62.86,62.985,62.855,62.985,4233.0
2026-01-28 13:02:00,62.98,62.99,62.91,62.96,7728.0
2026-01-28 13:03:00,62.935,62.935,62.88,62.895,2780.0
2026-01-28 13:04:00,62.895,62.895,62.795,62.795,2091.0
2026-01-28 13:05:00,62.805,62.81,62.755,62.765,2395.0
2026-01-28 13:06:00,62.765,62.785,62.755,62.785,1650.0
2026-01-28 13:07:00,62.78,62.815,62.78,62.785,1213.0
2026-01-28 13:08:00,62.79,62.805,62.775,62.795,451.0
2026-01-28 13:09:00,62.795,62.805,62.785,62.805,1382.0
2026-01-28 13:10:00,62.805,62.845,62.8,62.835,1646.0
2026-01-28 13:11:00,62.845,62.885,62.845,62.86,7092.0
2026-01-28 13:12:00,62.865,62.865,62.8,62.8,584.0
2026-01-28 13:13:00,62.785,62.785,62.75,62.75,3300.0
2026-01-28 13:14:00,62.74,62.745,62.72,62.725,659.0
2026-01-28 13:15:00,62.725,62.745,62.725,62.735,58.0
2026-01-28 13:16:00,62.725,62.725,62.665,62.685,1619.0
2026-01-28 13:17:00,62.68,62.7,62.67,62.695,371.0
2026-01-28 13:18:00,62.695,62.7,62.68,62.7,1213.0
2026-01-28 13:19:00,62.71,62.725,62.695,62.7,3672.0
2026-01-28 13:20:00,62.695,62.705,62.65,62.675,1288.0
2026-01-28 13:21:00,62.665,62.68,62.64,62.68,948.0
2026-01-28 13:22:00,62.675,62.715,62.665,62.715,3317.0
2026-01-28 13:23:00,62.71,62.71,62.68,62.7,5059.0
2026-01-28 13:24:00,62.7,62.715,62.685,62.705,1373.0
2026-01-28 13:25:00,62.705,62.775,62.705,62.77,8014.0
2026-01-28 13:26:00,62.765,62.775,62.715,62.72,1324.0
2026-01-28 13:27:00,62.72,62.72,62.68,62.705,940.0
2026-01-28 13:28:00,62.69,62.715,62.685,62.715,269.0
2026-01-28 13:29:00,62.715,62.725,62.69,62.725,1664.0
2026-01-28 13:30:00,62.715,62.715,62.675,62.69,1852.0
2026-01-28 13:31:00,62.69,62.72,62.68,62.72,1716.0
2026-01-28 13:32:00,62.72,62.78,62.72,62.765,6676.0
2026-01-28 13:33:00,62.76,62.765,62.72,62.74,102.0
2026-01-28 13:34:00,62.745,62.775,62.73,62.775,1057.0
2026-01-28 13:35:00,62.78,62.805,62.745,62.745,1718.0
2026-01-28 13:36:00,62.74,62.76,62.71,62.745,1071.0
2026-01-28 13:37:00,62.745,62.755,62.695,62.755,2320.0
2026-01-28 13:38:00,62.755,62.805,62.755,62.805,2637.0
2026-01-28 13:39:00,62.805,62.81,62.785,62.81,5263.0
2026-01-28 13:40:00,62.82,62.82,62.77,62.77,4757.0
2026-01-28 13:41:00,62.77,62.77,62.695,62.72,3615.0
2026-01-28 13:42:00,62.74,62.74,62.72,62.725,1141.0
2026-01-28 13:43:00,62.73,62.765,62.73,62.745,226.0
2026-01-28 13:44:00,62.74,62.755,62.72,62.755,1327.0
2026-01-28 13:45:00,62.745,62.775,62.73,62.765,544.0
2026-01-28 13:46:00,62.77,62.795,62.76,62.795,17434.0
2026-01-28 13:47:00,62.785,62.785,62.755,62.785,3885.0
2026-01-28 13:48:00,62.785,62.805,62.725,62.735,682.0
2026-01-28 13:49:00,62.74,62.755,62.715,62.755,279.0
2026-01-28 13:50:00,62.755,62.765,62.635,62.64,32466.0
2026-01-28 13:51:00,62.63,62.665,62.615,62.66,14882.0
2026-01-28 13:52:00,62.66,62.675,62.65,62.665,11599.0
2026-01-28 13:53:00,62.67,62.7,62.665,62.7,615.0
2026-01-28 13:54:00,62.65,62.65,62.625,62.64,1965.0
2026-01-28 13:55:00,62.65,62.67,62.64,62.64,11211.0
2026-01-28 13:56:00,62.635,62.635,62.59,62.6,6255.0
2026-01-28 13:57:00,62.62,62.62,62.58,62.605,8632.0
2026-01-28 13:58:00,62.6,62.61,62.59,62.59,6113.0
2026-01-28 13:59:00,62.6,62.66,62.6,62.62,4515.0
2026-01-28 14:00:00,62.68,62.77,62.47,62.56,24513.0
2026-01-28 14:01:00,62.58,62.8,62.58,62.79,7798.0
2026-01-28 14:02:00,62.83,63.04,62.83,62.95,23131.0
2026-01-28 14:03:00,62.96,62.97,62.87,62.92,13744.0
2026-01-28 14:04:00,62.89,62.91,62.72,62.78,9916.0
2026-01-28 14:05:00,62.785,62.93,62.74,62.89,26132.0
2026-01-28 14:06:00,62.91,62.91,62.81,62.86,5630.0
2026-01-28 14:07:00,62.86,62.89,62.83,62.85,3549.0
2026-01-28 14:08:00,62.85,62.85,62.74,62.78,9252.0
2026-01-28 14:09:00,62.78,62.81,62.745,62.8,5505.0
2026-01-28 14:10:00,62.815,62.86,62.775,62.795,4864.0
2026-01-28 14:11:00,62.78,62.85,62.72,62.73,2899.0
2026-01-28 14:12:00,62.73,62.735,62.69,62.715,3082.0
2026-01-28 14:13:00,62.735,62.855,62.735,62.855,4160.0
2026-01-28 14:14:00,62.85,62.88,62.785,62.84,12670.0
2026-01-28 14:15:00,62.84,62.92,62.83,62.875,11164.0
2026-01-28 14:16:00,62.87,62.915,62.86,62.87,4115.0
2026-01-28 14:17:00,62.875,62.915,62.86,62.88,2260.0
2026-01-28 14:18:00,62.89,62.95,62.89,62.9,9640.0
2026-01-28 14:19:00,62.88,62.885,62.785,62.815,3889.0
2026-01-28 14:20:00,62.81,62.875,62.795,62.855,7067.0
2026-01-28 14:21:00,62.855,62.945,62.845,62.94,2870.0
2026-01-28 14:22:00,62.945,62.95,62.825,62.86,3794.0
2026-01-28 14:23:00,62.85,62.85,62.745,62.745,3187.0
2026-01-28 14:24:00,62.74,62.75,62.665,62.695,8023.0
2026-01-28 14:25:00,62.695,62.715,62.685,62.71,1490.0
2026-01-28 14:26:00,62.705,62.71,62.65,62.695,2367.0
2026-01-28 14:27:00,62.69,62.74,62.69,62.715,1209.0
2026-01-28 14:28:00,62.74,62.74,62.69,62.695,1887.0
2026-01-28 14:29:00,62.695,63.02,62.685,63.0,40921.0
2026-01-28 14:30:00,63.01,63.07,62.71,62.71,92022.0
2026-01-28 14:31:00,62.71,62.945,62.625,62.93,40143.0
2026-01-28 14:32:00,62.93,63.055,62.76,62.76,39033.0
2026-01-28 14:33:00,62.765,62.89,62.69,62.8,31854.0
2026-01-28 14:34:00,62.79,62.88,62.73,62.79,21943.0
2026-01-28 14:35:00,62.75,62.8,62.65,62.78,20168.0
2026-01-28 14:36:00,62.75,62.78,62.64,62.705,7203.0
2026-01-28 14:37:00,62.685,62.705,62.6,62.705,17554.0
2026-01-28 14:38:00,62.72,62.795,62.66,62.74,9539.0
2026-01-28 14:39:00,62.745,62.82,62.73,62.815,2780.0
2026-01-28 14:40:00,62.85,62.96,62.8,62.85,12229.0
2026-01-28 14:41:00,62.82,62.97,62.78,62.78,16868.0
2026-01-28 14:42:00,62.755,62.79,62.7,62.75,9301.0
2026-01-28 14:43:00,62.74,62.85,62.72,62.83,14580.0
2026-01-28 14:44:00,62.835,62.84,62.74,62.8,9260.0
2026-01-28 14:45:00,62.81,62.83,62.68,62.685,13383.0
2026-01-28 14:46:00,62.685,62.77,62.615,62.695,16961.0
2026-01-28 14:47:00,62.695,62.695,62.59,62.63,8945.0
2026-01-28 14:48:00,62.64,62.64,62.46,62.48,17105.0
2026-01-28 14:49:00,62.47,62.56,62.46,62.55,8178.0
2026-01-28 14:50:00,62.545,62.555,62.48,62.53,5434.0
2026-01-28 14:51:00,62.525,62.58,62.485,62.495,10584.0
2026-01-28 14:52:00,62.49,62.49,62.365,62.435,19563.0
2026-01-28 14:53:00,62.44,62.515,62.435,62.505,3579.0
2026-01-28 14:54:00,62.51,62.525,62.375,62.425,11140.0
2026-01-28 14:55:00,62.42,62.515,62.42,62.495,11558.0
2026-01-28 14:56:00,62.51,62.575,62.5,62.575,8766.0
2026-01-28 14:57:00,62.575,62.64,62.54,62.54,6387.0
2026-01-28 14:58:00,62.535,62.555,62.46,62.52,5487.0
2026-01-28 14:59:00,62.505,62.73,62.5,62.73,10235.0
2026-01-28 15:00:00,62.74,62.77,62.6,62.6,8422.0
2026-01-28 15:01:00,62.585,62.59,62.495,62.545,4175.0
2026-01-28 15:02:00,62.55,62.55,62.49,62.545,3157.0
2026-01-28 15:03:00,62.535,62.58,62.515,62.58,3331.0
2026-01-28 15:04:00,62.58,62.615,62.52,62.555,8555.0
2026-01-28 15:05:00,62.56,62.565,62.52,62.53,4939.0
2026-01-28 15:06:00,62.525,62.53,62.47,62.5,8141.0
2026-01-28 15:07:00,62.515,62.515,62.44,62.505,6173.0
2026-01-28 15:08:00,62.51,62.575,62.485,62.56,6426.0
2026-01-28 15:09:00,62.55,62.56,62.42,62.42,10428.0
2026-01-28 15:10:00,62.435,62.445,62.38,62.385,2270.0
2026-01-28 15:11:00,62.38,62.42,62.35,62.415,4637.0
2026-01-28 15:12:00,62.415,62.425,62.38,62.41,5900.0
2026-01-28 15:13:00,62.41,62.44,62.405,62.415,1604.0
2026-01-28 15:14:00,62.425,62.46,62.4,62.455,4342.0
2026-01-28 15:15:00,62.47,62.535,62.46,62.465,6159.0
2026-01-28 15:16:00,62.485,62.525,62.46,62.505,1517.0
2026-01-28 15:17:00,62.505,62.535,62.43,62.46,3183.0
2026-01-28 15:18:00,62.455,62.48,62.445,62.45,942.0
2026-01-28 15:19:00,62.43,62.455,62.425,62.445,1046.0
2026-01-28 15:20:00,62.43,62.505,62.405,62.505,3923.0
2026-01-28 15:21:00,62.505,62.505,62.435,62.445,718.0
2026-01-28 15:22:00,62.435,62.45,62.37,62.385,8990.0
2026-01-28 15:23:00,62.39,62.435,62.39,62.425,4134.0
2026-01-28 15:24:00,62.415,62.415,62.365,62.415,1285.0
2026-01-28 15:25:00,62.415,62.545,62.415,62.545,3396.0
2026-01-28 15:26:00,62.53,62.595,62.505,62.585,5477.0
2026-01-28 15:27:00,62.585,62.585,62.535,62.555,2849.0
2026-01-28 15:28:00,62.555,62.585,62.545,62.585,1445.0
2026-01-28 15:29:00,62.58,62.635,62.575,62.62,7195.0
2026-01-28 15:30:00,62.625,62.625,62.565,62.605,4599.0
2026-01-28 15:31:00,62.615,62.705,62.615,62.705,8723.0
2026-01-28 15:32:00,62.685,62.705,62.66,62.675,808.0
2026-01-28 15:33:00,62.665,62.715,62.665,62.715,5081.0
2026-01-28 15:34:00,62.715,62.775,62.695,62.775,4486.0
2026-01-28 15:35:00,62.78,62.795,62.65,62.665,9208.0
2026-01-28 15:36:00,62.665,62.675,62.635,62.665,2048.0
2026-01-28 15:37:00,62.655,62.69,62.605,62.675,10341.0
2026-01-28 15:38:00,62.685,62.735,62.685,62.715,17663.0
2026-01-28 15:39:00,62.715,62.725,62.635,62.635,3944.0
2026-01-28 15:40:00,62.635,62.645,62.615,62.63,2337.0
2026-01-28 15:41:00,62.635,62.705,62.635,62.685,1908.0
2026-01-28 15:42:00,62.69,62.74,62.69,62.71,1669.0
2026-01-28 15:43:00,62.705,62.76,62.695,62.745,1324.0
2026-01-28 15:44:00,62.74,62.76,62.735,62.75,2280.0
2026-01-28 15:45:00,62.755,62.765,62.705,62.735,4983.0
2026-01-28 15:46:00,62.73,62.775,62.725,62.77,1420.0
2026-01-28 15:47:00,62.78,62.795,62.685,62.695,8465.0
2026-01-28 15:48:00,62.7,62.705,62.66,62.7,12387.0
2026-01-28 15:49:00,62.68,62.78,62.645,62.775,36858.0
2026-01-28 15:50:00,62.79,62.92,62.635,62.635,45744.0
2026-01-28 15:51:00,62.625,62.675,62.625,62.63,5257.0
2026-01-28 15:52:00,62.625,62.675,62.61,62.615,16731.0
2026-01-28 15:53:00,62.625,62.625,62.535,62.545,5094.0
2026-01-28 15:54:00,62.55,62.65,62.525,62.645,20453.0
2026-01-28 15:55:00,62.64,62.73,62.585,62.585,39261.0
2026-01-28 15:56:00,62.595,62.635,62.59,62.635,16136.0
2026-01-28 15:57:00,62.64,62.64,62.57,62.59,28896.0
2026-01-28 15:58:00,62.6,62.64,62.585,62.595,5296.0
2026-01-28 15:59:00,62.595,62.9,62.58,62.8,65940.0
2026-01-29 09:30:00,62.91,62.99,62.68,62.86,133242.0
2026-01-29 09:31:00,62.85,63.08,62.62,63.01,63799.0
2026-01-29 09:32:00,63.0,63.02,62.89,62.95,84735.0
2026-01-29 09:33:00,62.97,63.12,62.94,63.08,60504.0
2026-01-29 09:34:00,63.08,63.27,63.04,63.17,85134.0
2026-01-29 09:35:00,63.17,63.45,63.16,63.43,59966.0
2026-01-29 09:36:00,63.42,63.72,63.39,63.67,88624.0
2026-01-29 09:37:00,63.66,63.84,63.59,63.65,78331.0
2026-01-29 09:38:00,63.65,63.76,63.53,63.69,55291.0
2026-01-29 09:39:00,63.69,63.7,63.56,63.67,41474.0
2026-01-29 09:40:00,63.66,63.8,63.61,63.69,43096.0
2026-01-29 09:41:00,63.67,63.9,63.67,63.83,40758.0
2026-01-29 09:42:00,63.83,64.06,63.82,63.96,68114.0
2026-01-29 09:43:00,63.96,64.19,63.8,64.15,89804.0
2026-01-29 09:44:00,64.15,64.24,64.07,64.23,57449.0
2026-01-29 09:45:00,64.24,64.4,64.21,64.23,47542.0
2026-01-29 09:46:00,64.23,64.505,64.225,64.38,48501.0
2026-01-29 09:47:00,64.38,64.47,64.04,64.05,48027.0
2026-01-29 09:48:00,64.07,64.07,63.83,63.83,35829.0
2026-01-29 09:49:00,63.82,64.0,63.81,63.95,26004.0
2026-01-29 09:50:00,63.97,64.2,63.96,64.05,33490.0
2026-01-29 09:51:00,64.05,64.33,64.02,64.26,65535.0
2026-01-29 09:52:00,64.27,64.4,64.25,64.34,50868.0
2026-01-29 09:53:00,64.32,64.51,64.32,64.49,65444.0
2026-01-29 09:54:00,64.5,64.55,64.26,64.28,80429.0
2026-01-29 09:55:00,64.29,64.37,64.22,64.22,37109.0
2026-01-29 09:56:00,64.23,64.36,64.23,64.34,37357.0
2026-01-29 09:57:00,64.35,64.57,64.29,64.53,53172.0
2026-01-29 09:58:00,64.52,64.7,64.48,64.7,42823.0
2026-01-29 09:59:00,64.691,64.88,64.68,64.85,44622.0
2026-01-29 10:00:00,64.84,65.33,64.82,65.23,178790.0
2026-01-29 10:01:00,65.23,65.41,65.14,65.39,99273.0
2026-01-29 10:02:00,65.37,65.44,65.27,65.4,98490.0
2026-01-29 10:03:00,65.4,65.59,65.29,65.56,55087.0
2026-01-29 10:04:00,65.56,65.64,65.33,65.33,112934.0
2026-01-29 10:05:00,65.33,65.35,65.13,65.32,66208.0
2026-01-29 10:06:00,65.32,65.41,65.24,65.3,51123.0
2026-01-29 10:07:00,65.31,65.39,65.24,65.31,25983.0
2026-01-29 10:08:00,65.31,65.31,65.14,65.29,56902.0
2026-01-29 10:09:00,65.29,65.48,65.28,65.42,37481.0
2026-01-29 10:10:00,65.42,65.57,65.34,65.35,52425.0
2026-01-29 10:11:00,65.35,65.39,65.13,65.13,28915.0
2026-01-29 10:12:00,65.12,65.41,65.12,65.37,41847.0
2026-01-29 10:13:00,65.38,65.6,65.34,65.58,254328.0
2026-01-29 10:14:00,65.58,65.87,65.58,65.86,99744.0
2026-01-29 10:15:00,65.86,65.87,65.63,65.65,51804.0
2026-01-29 10:16:00,65.67,65.85,65.63,65.69,75659.0
2026-01-29 10:17:00,65.69,65.81,65.58,65.68,50516.0
2026-01-29 10:18:00,65.7,65.74,65.45,65.54,40017.0
2026-01-29 10:19:00,65.5,65.62,65.41,65.6,20397.0
2026-01-29 10:20:00,65.6,65.68,65.23,65.26,27573.0
2026-01-29 10:21:00,65.23,65.34,65.19,65.27,21673.0
2026-01-29 10:22:00,65.29,65.41,65.25,65.27,26493.0
2026-01-29 10:23:00,65.29,65.34,65.16,65.34,38992.0
2026-01-29 10:24:00,65.35,65.48,65.26,65.36,39420.0
2026-01-29 10:25:00,65.35,65.42,65.25,65.26,43951.0
2026-01-29 10:26:00,65.27,65.4,65.15,65.35,40066.0
2026-01-29 10:27:00,65.34,65.58,65.32,65.57,36974.0
2026-01-29 10:28:00,65.56,65.74,65.55,65.73,37994.0
2026-01-29 10:29:00,65.74,65.83,65.69,65.76,26297.0
2026-01-29 10:30:00,65.77,65.9,65.66,65.78,58260.0
2026-01-29 10:31:00,65.76,65.955,65.65,65.93,75112.0
2026-01-29 10:32:00,65.92,66.03,65.88,66.02,55238.0
2026-01-29 10:33:00,66.03,66.13,65.99,66.06,40983.0
2026-01-29 10:34:00,66.05,66.1,65.95,66.02,37051.0
2026-01-29 10:35:00,66.02,66.18,65.98,66.04,47224.0
2026-01-29 10:36:00,66.04,66.28,66.01,66.23,32065.0
2026-01-29 10:37:00,66.23,66.23,66.06,66.15,29323.0
2026-01-29 10:38:00,66.16,66.34,66.16,66.23,21424.0
2026-01-29 10:39:00,66.22,66.32,66.2,66.32,32870.0
2026-01-29 10:40:00,66.32,66.53,66.31,66.49,59066.0
2026-01-29 10:41:00,66.47,66.52,66.32,66.47,58935.0
2026-01-29 10:42:00,66.48,66.59,66.44,66.53,19548.0
2026-01-29 10:43:00,66.54,66.66,66.53,66.63,24881.0
2026-01-29 10:44:00,66.62,66.67,66.55,66.57,14080.0
2026-01-29 10:45:00,66.58,66.65,66.51,66.51,17743.0
2026-01-29 10:46:00,66.51,66.62,66.47,66.56,32170.0
2026-01-29 10:47:00,66.57,66.66,66.44,66.45,33366.0
2026-01-29 10:48:00,66.46,66.62,66.43,66.6,35581.0
2026-01-29 10:49:00,66.59,66.78,66.58,66.72,61723.0
2026-01-29 10:50:00,66.73,66.95,66.72,66.93,56642.0
2026-01-29 10:51:00,66.92,67.04,66.88,67.03,33710.0
2026-01-29 10:52:00,67.02,67.06,66.96,67.03,41566.0
2026-01-29 10:53:00,67.04,67.1,66.98,67.05,32292.0
2026-01-29 10:54:00,67.08,67.17,67.06,67.14,31134.0
2026-01-29 10:55:00,67.14,67.2,66.92,66.92,51810.0
2026-01-29 10:56:00,66.92,66.92,66.68,66.71,21265.0
2026-01-29 10:57:00,66.71,66.76,66.59,66.7,27471.0
2026-01-29 10:58:00,66.7,66.88,66.69,66.88,17292.0
2026-01-29 10:59:00,66.89,66.93,66.81,66.92,15867.0
2026-01-29 11:00:00,66.91,67.015,66.78,66.79,39137.0
2026-01-29 11:01:00,66.78,66.96,66.78,66.89,14172.0
2026-01-29 11:02:00,66.87,67.06,66.87,66.96,25951.0
2026-01-29 11:03:00,66.94,67.06,66.91,66.97,15740.0
2026-01-29 11:04:00,66.94,67.05,66.765,67.03,18962.0
2026-01-29 11:05:00,67.04,67.09,66.87,66.93,34402.0
2026-01-29 11:06:00,66.95,67.04,66.93,66.98,14141.0
2026-01-29 11:07:00,66.98,67.17,66.98,67.16,21495.0
2026-01-29 11:08:00,67.15,67.18,66.96,67.04,58473.0
2026-01-29 11:09:00,67.07,67.1,66.89,66.93,20155.0
2026-01-29 11:10:00,66.95,67.07,66.82,66.85,47816.0
2026-01-29 11:11:00,66.85,66.85,66.63,66.63,35683.0
2026-01-29 11:12:00,66.62,66.7,66.55,66.59,23139.0
2026-01-29 11:13:00,66.58,66.61,66.41,66.41,36539.0
2026-01-29 11:14:00,66.42,66.42,66.26,66.29,42405.0
2026-01-29 11:15:00,66.28,66.32,66.19,66.29,41921.0
2026-01-29 11:16:00,66.29,66.33,66.21,66.21,25139.0
2026-01-29 11:17:00,66.21,66.35,66.13,66.26,73546.0
2026-01-29 11:18:00,66.23,66.34,66.19,66.23,31171.0
2026-01-29 11:19:00,66.23,66.24,66.1,66.13,12435.0
2026-01-29 11:20:00,66.13,66.13,65.925,66.0,27250.0
2026-01-29 11:21:00,65.99,66.05,65.95,65.98,22443.0
2026-01-29 11:22:00,65.97,66.24,65.91,66.24,36124.0
2026-01-29 11:23:00,66.26,66.3,66.09,66.17,17129.0
2026-01-29 11:24:00,66.175,66.21,66.03,66.09,32398.0
2026-01-29 11:25:00,66.13,66.13,65.94,66.03,21369.0
2026-01-29 11:26:00,66.02,66.11,66.01,66.04,24522.0
2026-01-29 11:27:00,66.05,66.12,66.0,66.1,11358.0
2026-01-29 11:28:00,66.08,66.32,66.05,66.26,26097.0
2026-01-29 11:29:00,66.27,66.27,66.0,66.11,22055.0
2026-01-29 11:30:00,66.13,66.15,65.94,66.06,14791.0
2026-01-29 11:31:00,66.08,66.15,66.04,66.14,14217.0
2026-01-29 11:32:00,66.15,66.18,66.08,66.11,17250.0
2026-01-29 11:33:00,66.125,66.125,66.0,66.09,11868.0
2026-01-29 11:34:00,66.09,66.16,66.04,66.16,14893.0
2026-01-29 11:35:00,66.17,66.25,66.15,66.21,18107.0
2026-01-29 11:36:00,66.18,66.21,65.99,66.18,19568.0
2026-01-29 11:37:00,66.2,66.22,66.02,66.14,15522.0
2026-01-29 11:38:00,66.15,66.17,66.03,66.09,8916.0
2026-01-29 11:39:00,66.089,66.14,65.94,66.03,14948.0
2026-01-29 11:40:00,66.04,66.08,65.89,65.94,10970.0
2026-01-29 11:41:00,65.95,66.01,65.89,65.97,25733.0
2026-01-29 11:42:00,65.98,65.98,65.88,65.88,11733.0
2026-01-29 11:43:00,65.89,65.92,65.79,65.9,25322.0
2026-01-29 11:44:00,65.9,66.0,65.79,65.96,13617.0
2026-01-29 11:45:00,65.94,66.0,65.9,66.0,21872.0
2026-01-29 11:46:00,65.94,65.94,65.83,65.86,8330.0
2026-01-29 11:47:00,65.87,65.88,65.73,65.76,16109.0
2026-01-29 11:48:00,65.75,65.87,65.75,65.85,15989.0
2026-01-29 11:49:00,65.85,65.95,65.8,65.88,12011.0
2026-01-29 11:50:00,65.88,65.93,65.81,65.85,12925.0
2026-01-29 11:51:00,65.86,65.94,65.82,65.93,8393.0
2026-01-29 11:52:00,65.92,65.98,65.865,65.95,20880.0
2026-01-29 11:53:00,65.97,66.03,65.92,65.96,19117.0
2026-01-29 11:54:00,65.96,65.99,65.91,65.99,11728.0
2026-01-29 11:55:00,65.98,65.98,65.89,65.98,7807.0
2026-01-29 11:56:00,65.99,66.04,65.95,65.95,4825.0
2026-01-29 11:57:00,65.95,66.07,65.95,66.04,14702.0
2026-01-29 11:58:00,66.04,66.12,66.035,66.06,6636.0
2026-01-29 11:59:00,66.06,66.06,65.91,65.94,7856.0
2026-01-29 12:00:00,65.94,65.95,65.77,65.81,33340.0
2026-01-29 12:01:00,65.8,65.81,65.7,65.78,21654.0
2026-01-29 12:02:00,65.77,65.78,65.65,65.66,4808.0
2026-01-29 12:03:00,65.65,65.69,65.57,65.65,10689.0
2026-01-29 12:04:00,65.64,65.71,65.62,65.7,4570.0
2026-01-29 12:05:00,65.71,65.78,65.61,65.75,14725.0
2026-01-29 12:06:00,65.75,65.76,65.68,65.74,2779.0
2026-01-29 12:07:00,65.72,65.72,65.62,65.62,5096.0
2026-01-29 12:08:00,65.64,65.75,65.6,65.69,3651.0
2026-01-29 12:09:00,65.68,65.71,65.61,65.65,3011.0
2026-01-29 12:10:00,65.66,65.66,65.61,65.65,4207.0
2026-01-29 12:11:00,65.66,65.66,65.57,65.58,3620.0
2026-01-29 12:12:00,65.58,65.61,65.42,65.47,9946.0
2026-01-29 12:13:00,65.46,65.46,65.3,65.32,10168.0
2026-01-29 12:14:00,65.32,65.32,65.23,65.31,6198.0
2026-01-29 12:15:00,65.3,65.3,65.19,65.21,9979.0
2026-01-29 12:16:00,65.21,65.34,65.21,65.31,12055.0
2026-01-29 12:17:00,65.3,65.35,65.27,65.3,10800.0
2026-01-29 12:18:00,65.32,65.36,65.26,65.27,5038.0
2026-01-29 12:19:00,65.27,65.27,65.23,65.23,7138.0
2026-01-29 12:20:00,65.23,65.24,65.17,65.17,8006.0
2026-01-29 12:21:00,65.17,65.18,65.115,65.16,17793.0
2026-01-29 12:22:00,65.15,65.21,65.13,65.16,10052.0
2026-01-29 12:23:00,65.15,65.2,65.0,65.0,21327.0
2026-01-29 12:24:00,64.99,65.01,64.93,64.97,14980.0
2026-01-29 12:25:00,64.95,65.04,64.95,65.01,9780.0
2026-01-29 12:26:00,65.0,65.17,64.99,65.14,15070.0
2026-01-29 12:27:00,65.14,65.14,65.04,65.04,9195.0
2026-01-29 12:28:00,65.01,65.04,64.97,64.97,2253.0
2026-01-29 12:29:00,64.96,65.02,64.95,65.02,11506.0
2026-01-29 12:30:00,65.02,65.04,64.91,64.99,16899.0
2026-01-29 12:31:00,64.96,65.02,64.92,64.93,9856.0
2026-01-29 12:32:00,64.91,64.99,64.89,64.95,1429.0
2026-01-29 12:33:00,64.96,65.05,64.93,65.05,4473.0
2026-01-29 12:34:00,65.04,65.04,64.925,64.93,7433.0
2026-01-29 12:35:00,64.93,64.95,64.89,64.94,8603.0
2026-01-29 12:36:00,64.93,64.94,64.84,64.84,7795.0
2026-01-29 12:37:00,64.84,64.84,64.76,64.81,13120.0
2026-01-29 12:38:00,64.8,64.83,64.74,64.81,4661.0
2026-01-29 12:39:00,64.83,64.92,64.805,64.92,9239.0
2026-01-29 12:40:00,64.92,65.02,64.91,65.01,9679.0
2026-01-29 12:41:00,65.01,65.05,64.94,65.02,7219.0
2026-01-29 12:42:00,65.01,65.13,64.99,65.12,9182.0
2026-01-29 12:43:00,65.11,65.19,65.08,65.12,4956.0
2026-01-29 12:44:00,65.1,65.1,64.99,65.03,16556.0
2026-01-29 12:45:00,65.03,65.2,65.03,65.2,12803.0
2026-01-29 12:46:00,65.21,65.26,65.205,65.26,10317.0
2026-01-29 12:47:00,65.26,65.38,65.25,65.38,14982.0
2026-01-29 12:48:00,65.37,65.37,65.29,65.32,8158.0
2026-01-29 12:49:00,65.28,65.28,65.15,65.19,8643.0
2026-01-29 12:50:00,65.21,65.3,65.19,65.26,23940.0
2026-01-29 12:51:00,65.25,65.38,65.25,65.38,9773.0
2026-01-29 12:52:00,65.37,65.545,65.37,65.52,21787.0
2026-01-29 12:53:00,65.53,65.605,65.5,65.58,14967.0
2026-01-29 12:54:00,65.585,65.63,65.55,65.6,17925.0
2026-01-29 12:55:00,65.6,65.63,65.47,65.54,9645.0
2026-01-29 12:56:00,65.56,65.6,65.46,65.49,14422.0
2026-01-29 12:57:00,65.48,65.59,65.47,65.55,5555.0
2026-01-29 12:58:00,65.55,65.64,65.52,65.57,9057.0
2026-01-29 12:59:00,65.61,65.65,65.59,65.61,11939.0
2026-01-29 13:00:00,65.59,65.59,65.41,65.48,19389.0
2026-01-29 13:01:00,65.47,65.58,65.47,65.47,8780.0
2026-01-29 13:02:00,65.48,65.495,65.39,65.4,8339.0
2026-01-29 13:03:00,65.36,65.36,65.16,65.26,18308.0
2026-01-29 13:04:00,65.24,65.27,65.19,65.19,1641.0
2026-01-29 13:05:00,65.17,65.18,65.04,65.06,11905.0
2026-01-29 13:06:00,65.03,65.05,64.955,65.01,7563.0
2026-01-29 13:07:00,65.0,65.14,65.0,65.14,12579.0
2026-01-29 13:08:00,65.15,65.19,65.1,65.16,4441.0
2026-01-29 13:09:00,65.18,65.27,65.08,65.09,14165.0
2026-01-29 13:10:00,65.1,65.1,65.02,65.04,6245.0
2026-01-29 13:11:00,65.04,65.05,64.96,64.97,199124.0
2026-01-29 13:12:00,64.98,65.0,64.92,64.98,4354.0
2026-01-29 13:13:00,64.97,64.97,64.9,64.945,6212.0
2026-01-29 13:14:00,64.94,64.96,64.86,64.91,9708.0
2026-01-29 13:15:00,64.92,64.95,64.91,64.93,9893.0
2026-01-29 13:16:00,64.93,65.03,64.895,65.01,6863.0
2026-01-29 13:17:00,65.0,65.06,65.0,65.05,4171.0
2026-01-29 13:18:00,65.04,65.08,65.03,65.05,12116.0
2026-01-29 13:19:00,65.07,65.13,65.05,65.1,6146.0
2026-01-29 13:20:00,65.08,65.13,65.02,65.08,4567.0
2026-01-29 13:21:00,65.08,65.19,65.08,65.1,2141.0
2026-01-29 13:22:00,65.12,65.13,65.01,65.07,2952.0
2026-01-29 13:23:00,65.06,65.09,65.03,65.06,7823.0
2026-01-29 13:24:00,65.05,65.1,65.03,65.03,2290.0
2026-01-29 13:25:00,65.05,65.07,65.01,65.05,1263.0
2026-01-29 13:26:00,65.03,65.1,65.0,65.07,6147.0
2026-01-29 13:27:00,65.06,65.07,65.02,65.07,8130.0
2026-01-29 13:28:00,65.07,65.1,64.97,64.98,5000.0
2026-01-29 13:29:00,64.98,64.99,64.92,64.96,9389.0
2026-01-29 13:30:00,64.96,65.15,64.96,65.11,35336.0
2026-01-29 13:31:00,65.13,65.13,65.0,65.07,5840.0
2026-01-29 13:32:00,65.07,65.07,64.975,65.05,4529.0
2026-01-29 13:33:00,65.05,65.11,65.04,65.09,10128.0
2026-01-29 13:34:00,65.09,65.09,65.0,65.0,4900.0
2026-01-29 13:35:00,64.98,65.02,64.95,64.96,10511.0
2026-01-29 13:36:00,64.97,64.99,64.94,64.95,9921.0
2026-01-29 13:37:00,64.93,64.93,64.85,64.85,13479.0
2026-01-29 13:38:00,64.87,64.895,64.8,64.86,14486.0
2026-01-29 13:39:00,64.84,64.84,64.8,64.8,2051.0
2026-01-29 13:40:00,64.79,64.79,64.65,64.75,32931.0
2026-01-29 13:41:00,64.75,64.805,64.73,64.8,3087.0
2026-01-29 13:42:00,64.79,64.88,64.75,64.83,3751.0
2026-01-29 13:43:00,64.82,64.84,64.76,64.77,2769.0
2026-01-29 13:44:00,64.78,64.83,64.77,64.81,1483.0
2026-01-29 13:45:00,64.81,64.89,64.8,64.89,1492.0
2026-01-29 13:46:00,64.9,64.95,64.85,64.88,7745.0
2026-01-29 13:47:00,64.88,64.88,64.83,64.86,3357.0
2026-01-29 13:48:00,64.86,64.89,64.81,64.885,2418.0
2026-01-29 13:49:00,64.88,64.88,64.79,64.79,2626.0
2026-01-29 13:50:00,64.79,64.81,64.73,64.81,2787.0
2026-01-29 13:51:00,64.8,64.82,64.77,64.77,4027.0
2026-01-29 13:52:00,64.76,64.865,64.73,64.865,9650.0
2026-01-29 13:53:00,64.87,64.9,64.85,64.86,4868.0
2026-01-29 13:54:00,64.86,64.89,64.86,64.87,1101.0
2026-01-29 13:55:00,64.875,64.94,64.82,64.85,5614.0
2026-01-29 13:56:00,64.84,64.91,64.84,64.91,1455.0
2026-01-29 13:57:00,64.9,64.96,64.89,64.95,7768.0
2026-01-29 13:58:00,64.94,64.98,64.89,64.98,4210.0
2026-01-29 13:59:00,64.96,65.03,64.93,65.03,6317.0
2026-01-29 14:00:00,65.04,65.06,64.99,65.04,11519.0
2026-01-29 14:01:00,65.01,65.14,65.0,65.03,33452.0
2026-01-29 14:02:00,65.04,65.04,64.92,64.97,2722.0
2026-01-29 14:03:00,64.96,65.01,64.92,65.01,2293.0
2026-01-29 14:04:00,65.02,65.04,64.99,65.0,6864.0
2026-01-29 14:05:00,65.0,65.0,64.85,64.85,6103.0
2026-01-29 14:06:00,64.83,64.84,64.73,64.795,12332.0
2026-01-29 14:07:00,64.79,64.8,64.73,64.74,1273.0
2026-01-29 14:08:00,64.75,64.86,64.72,64.84,2848.0
2026-01-29 14:09:00,64.82,64.84,64.8,64.83,1593.0
2026-01-29 14:10:00,64.82,64.86,64.81,64.83,4030.0
2026-01-29 14:11:00,64.83,64.86,64.75,64.76,6289.0
2026-01-29 14:12:00,64.77,64.78,64.7,64.76,8474.0
2026-01-29 14:13:00,64.75,64.77,64.73,64.76,1066.0
2026-01-29 14:14:00,64.73,64.76,64.72,64.75,1435.0
2026-01-29 14:15:00,64.73,64.79,64.71,64.79,1711.0
2026-01-29 14:16:00,64.8,64.81,64.72,64.72,4671.0
2026-01-29 14:17:00,64.73,64.74,64.675,64.69,3648.0
2026-01-29 14:18:00,64.68,64.69,64.599,64.65,25760.0
2026-01-29 14:19:00,64.67,64.73,64.65,64.72,7222.0
2026-01-29 14:20:00,64.72,64.76,64.71,64.76,779.0
2026-01-29 14:21:00,64.75,64.75,64.7,64.72,2774.0
2026-01-29 14:22:00,64.71,64.72,64.69,64.69,6120.0
2026-01-29 14:23:00,64.71,64.74,64.69,64.71,2210.0
2026-01-29 14:24:00,64.7,64.71,64.69,64.69,2843.0
2026-01-29 14:25:00,64.68,64.72,64.68,64.7,8023.0
2026-01-29 14:26:00,64.72,64.72,64.69,64.71,1562.0
2026-01-29 14:27:00,64.72,64.75,64.72,64.72,1167.0
2026-01-29 14:28:00,64.73,64.75,64.71,64.72,1457.0
2026-01-29 14:29:00,64.73,64.74,64.71,64.73,2922.0
2026-01-29 14:30:00,64.73,64.94,64.68,64.94,38104.0
2026-01-29 14:31:00,64.93,64.965,64.77,64.82,11625.0
2026-01-29 14:32:00,64.81,64.89,64.79,64.88,18997.0
2026-01-29 14:33:00,64.87,64.92,64.87,64.91,18161.0
2026-01-29 14:34:00,64.91,64.98,64.9,64.96,3122.0
2026-01-29 14:35:00,64.96,64.97,64.85,64.89,3815.0
2026-01-29 14:36:00,64.9,64.97,64.89,64.93,2347.0
2026-01-29 14:37:00,64.95,64.96,64.9,64.91,3996.0
2026-01-29 14:38:00,64.9,64.97,64.9,64.93,2562.0
2026-01-29 14:39:00,64.92,64.95,64.84,64.95,2726.0
2026-01-29 14:40:00,64.92,64.93,64.9,64.9,2199.0
2026-01-29 14:41:00,64.9,64.91,64.84,64.91,3551.0
2026-01-29 14:42:00,64.92,64.92,64.87,64.9,1383.0
2026-01-29 14:43:00,64.89,64.93,64.89,64.92,13330.0
2026-01-29 14:44:00,64.92,64.92,64.9,64.91,947.0
2026-01-29 14:45:00,64.89,64.92,64.825,64.92,6874.0
2026-01-29 14:46:00,64.9,64.94,64.9,64.93,3245.0
2026-01-29 14:47:00,64.92,64.98,64.91,64.98,2506.0
2026-01-29 14:48:00,64.98,65.0,64.98,64.99,49262.0
2026-01-29 14:49:00,64.98,65.04,64.96,65.02,8436.0
2026-01-29 14:50:00,65.0,65.01,64.95,64.96,4245.0
2026-01-29 14:51:00,64.94,64.95,64.91,64.92,5165.0
2026-01-29 14:52:00,64.91,64.95,64.88,64.95,1769.0
2026-01-29 14:53:00,64.92,64.93,64.9,64.92,761.0
2026-01-29 14:54:00,64.92,64.92,64.84,64.85,9995.0
2026-01-29 14:55:00,64.84,64.85,64.79,64.84,7901.0
2026-01-29 14:56:00,64.85,64.89,64.85,64.88,1347.0
2026-01-29 14:57:00,64.88,64.89,64.85,64.85,696.0
2026-01-29 14:58:00,64.82,64.84,64.79,64.84,5778.0
2026-01-29 14:59:00,64.85,64.96,64.83,64.95,10241.0
2026-01-29 15:00:00,64.94,65.0,64.94,64.94,21647.0
2026-01-29 15:01:00,64.95,64.95,64.84,64.86,8744.0
2026-01-29 15:02:00,64.87,64.91,64.85,64.9,2412.0
2026-01-29 15:03:00,64.9,64.92,64.87,64.88,3399.0
2026-01-29 15:04:00,64.89,64.92,64.83,64.92,2532.0
2026-01-29 15:05:00,64.92,64.94,64.89,64.89,1320.0
2026-01-29 15:06:00,64.87,64.88,64.775,64.79,6412.0
2026-01-29 15:07:00,64.82,64.82,64.79,64.79,539.0
2026-01-29 15:08:00,64.79,64.79,64.73,64.78,5160.0
2026-01-29 15:09:00,64.78,64.79,64.75,64.76,2427.0
2026-01-29 15:10:00,64.74,64.775,64.73,64.77,4584.0
2026-01-29 15:11:00,64.76,64.83,64.76,64.8,21122.0
2026-01-29 15:12:00,64.81,64.81,64.77,64.77,7553.0
2026-01-29 15:13:00,64.77,64.8,64.75,64.78,16719.0
2026-01-29 15:14:00,64.77,64.81,64.77,64.81,5738.0
2026-01-29 15:15:00,64.82,64.82,64.75,64.77,8170.0
2026-01-29 15:16:00,64.76,64.77,64.75,64.76,10889.0
2026-01-29 15:17:00,64.75,64.81,64.75,64.81,113934.0
2026-01-29 15:18:00,64.83,64.84,64.75,64.76,8905.0
2026-01-29 15:19:00,64.765,64.79,64.76,64.77,3659.0
2026-01-29 15:20:00,64.77,64.84,64.76,64.82,11617.0
2026-01-29 15:21:00,64.81,64.84,64.8,64.835,1941.0
2026-01-29 15:22:00,64.84,64.84,64.75,64.8,3870.0
2026-01-29 15:23:00,64.8,64.82,64.78,64.8,2989.0
2026-01-29 15:24:00,64.79,64.8,64.77,64.78,698.0
2026-01-29 15:25:00,64.78,64.78,64.74,64.78,4324.0
2026-01-29 15:26:00,64.76,64.8,64.76,64.79,3349.0
2026-01-29 15:27:00,64.78,64.83,64.77,64.83,4598.0
2026-01-29 15:28:00,64.82,64.88,64.82,64.88,9156.0
2026-01-29 15:29:00,64.85,64.93,64.85,64.92,27539.0
2026-01-29 15:30:00,64.93,64.93,64.87,64.93,9738.0
2026-01-29 15:31:00,64.94,64.95,64.9,64.94,1315.0
2026-01-29 15:32:00,64.94,64.97,64.91,64.94,1952.0
2026-01-29 15:33:00,64.94,64.94,64.87,64.88,11516.0
2026-01-29 15:34:00,64.88,64.88,64.77,64.77,6330.0
2026-01-29 15:35:00,64.77,64.8,64.75,64.76,26467.0
2026-01-29 15:36:00,64.75,64.77,64.7,64.72,114241.0
2026-01-29 15:37:00,64.73,64.74,64.65,64.65,5234.0
2026-01-29 15:38:00,64.63,64.65,64.55,64.56,3009.0
2026-01-29 15:39:00,64.55,64.55,64.44,64.51,10960.0
2026-01-29 15:40:00,64.51,64.57,64.46,64.51,3931.0
2026-01-29 15:41:00,64.51,64.56,64.5,64.55,9330.0
2026-01-29 15:42:00,64.55,64.55,64.43,64.46,11062.0
2026-01-29 15:43:00,64.45,64.48,64.4,64.43,4649.0
2026-01-29 15:44:00,64.44,64.44,64.405,64.43,3612.0
2026-01-29 15:45:00,64.44,64.5,64.41,64.48,3932.0
2026-01-29 15:46:00,64.47,64.48,64.41,64.44,1487.0
2026-01-29 15:47:00,64.445,64.45,64.42,64.43,3003.0
2026-01-29 15:48:00,64.45,64.46,64.42,64.43,4336.0
2026-01-29 15:49:00,64.43,64.43,64.39,64.42,11410.0
2026-01-29 15:50:00,64.41,64.41,64.16,64.17,68775.0
2026-01-29 15:51:00,64.17,64.195,64.13,64.17,7605.0
2026-01-29 15:52:00,64.17,64.2,64.09,64.09,12171.0
2026-01-29 15:53:00,64.08,64.08,64.03,64.07,16499.0
2026-01-29 15:54:00,64.08,64.1,63.95,63.97,89389.0
2026-01-29 15:55:00,63.965,64.03,63.85,63.87,45528.0
2026-01-29 15:56:00,63.87,63.92,63.85,63.86,21894.0
2026-01-29 15:57:00,63.85,63.85,63.78,63.78,6239.0
2026-01-29 15:58:00,63.75,63.78,63.72,63.77,25811.0
2026-01-29 15:59:00,63.77,63.94,63.75,63.91,78251.0
2026-01-30 09:30:00,65.11,65.19,64.51,64.62,189451.0
2026-01-30 09:31:00,64.66,65.13,64.66,65.13,75901.0
2026-01-30 09:32:00,65.11,65.25,64.9,65.08,77966.0
2026-01-30 09:33:00,65.07,65.2,64.77,64.77,45911.0
2026-01-30 09:34:00,64.76,64.77,64.6,64.68,37991.0
2026-01-30 09:35:00,64.69,64.86,64.62,64.63,71210.0
2026-01-30 09:36:00,64.66,64.8,64.61,64.72,52285.0
2026-01-30 09:37:00,64.75,65.08,64.72,64.9,56480.0
2026-01-30 09:38:00,64.9,64.92,64.64,64.81,32561.0
2026-01-30 09:39:00,64.75,64.75,64.47,64.48,66736.0
2026-01-30 09:40:00,64.5,64.57,64.33,64.39,47173.0
2026-01-30 09:41:00,64.41,64.54,64.38,64.49,57071.0
2026-01-30 09:42:00,64.5,64.61,64.42,64.58,36203.0
2026-01-30 09:43:00,64.6,64.75,64.6,64.72,57404.0
2026-01-30 09:44:00,64.71,64.83,64.66,64.81,35339.0
2026-01-30 09:45:00,64.82,64.92,64.76,64.91,53479.0
2026-01-30 09:46:00,64.92,65.06,64.87,64.93,39491.0
2026-01-30 09:47:00,64.92,64.99,64.7,64.81,41765.0
2026-01-30 09:48:00,64.81,64.92,64.77,64.88,22741.0
2026-01-30 09:49:00,64.88,64.92,64.63,64.66,49441.0
2026-01-30 09:50:00,64.67,64.74,64.4,64.6,104266.0
2026-01-30 09:51:00,64.575,64.59,64.43,64.52,37434.0
2026-01-30 09:52:00,64.5,64.72,64.48,64.72,17580.0
2026-01-30 09:53:00,64.7,64.85,64.69,64.72,28263.0
2026-01-30 09:54:00,64.71,64.92,64.71,64.79,37546.0
2026-01-30 09:55:00,64.77,64.84,64.64,64.75,39569.0
2026-01-30 09:56:00,64.76,64.87,64.56,64.68,33252.0
2026-01-30 09:57:00,64.71,64.83,64.65,64.825,32787.0
2026-01-30 09:58:00,64.825,65.05,64.77,65.02,44790.0
2026-01-30 09:59:00,65.03,65.3,65.03,65.15,91692.0
2026-01-30 10:00:00,65.16,65.18,64.98,65.11,239069.0
2026-01-30 10:01:00,65.13,65.2,64.93,64.97,42711.0
2026-01-30 10:02:00,64.95,65.2,64.82,65.2,46552.0
2026-01-30 10:03:00,65.2,65.26,65.04,65.12,32759.0
2026-01-30 10:04:00,65.13,65.28,65.1,65.25,42798.0
2026-01-30 10:05:00,65.24,65.26,64.94,64.97,39711.0
2026-01-30 10:06:00,64.96,64.96,64.65,64.65,30238.0
2026-01-30 10:07:00,64.65,64.78,64.6,64.63,40053.0
2026-01-30 10:08:00,64.63,64.86,64.62,64.78,33326.0
2026-01-30 10:09:00,64.77,64.84,64.7,64.72,15667.0
2026-01-30 10:10:00,64.71,64.84,64.68,64.77,23254.0
2026-01-30 10:11:00,64.77,64.91,64.53,64.53,69821.0
2026-01-30 10:12:00,64.52,64.58,64.44,64.58,59441.0
2026-01-30 10:13:00,64.6,64.66,64.52,64.6,25492.0
2026-01-30 10:14:00,64.58,64.78,64.58,64.64,27833.0
2026-01-30 10:15:00,64.65,64.7,64.57,64.66,29356.0
2026-01-30 10:16:00,64.64,64.64,64.49,64.55,30883.0
2026-01-30 10:17:00,64.55,64.67,64.49,64.55,65881.0
2026-01-30 10:18:00,64.57,64.63,64.505,64.57,18391.0
2026-01-30 10:19:00,64.57,64.74,64.55,64.69,21540.0
2026-01-30 10:20:00,64.69,64.78,64.55,64.6,68096.0
2026-01-30 10:21:00,64.59,64.82,64.59,64.78,34412.0
2026-01-30 10:22:00,64.8,64.86,64.74,64.8,19792.0
2026-01-30 10:23:00,64.8,65.0,64.78,64.87,28656.0
2026-01-30 10:24:00,64.86,64.95,64.83,64.92,12592.0
2026-01-30 10:25:00,64.92,65.0,64.91,64.94,17336.0
2026-01-30 10:26:00,64.95,65.21,64.94,65.16,35264.0
2026-01-30 10:27:00,65.16,65.17,64.99,65.05,28038.0
2026-01-30 10:28:00,65.04,65.23,65.04,65.23,27385.0
2026-01-30 10:29:00,65.23,65.41,65.19,65.4,41726.0
2026-01-30 10:30:00,65.41,65.56,65.4,65.5,93641.0
2026-01-30 10:31:00,65.5,65.52,65.29,65.41,38088.0
2026-01-30 10:32:00,65.41,65.47,65.35,65.43,25525.0
2026-01-30 10:33:00,65.4,65.5,65.31,65.46,26822.0
2026-01-30 10:34:00,65.43,65.445,65.3,65.31,15857.0
2026-01-30 10:35:00,65.315,65.315,64.77,64.78,58636.0
2026-01-30 10:36:00,64.72,65.1,64.69,65.1,47586.0
2026-01-30 10:37:00,65.1,65.1,64.95,64.95,17743.0
2026-01-30 10:38:00,64.93,65.03,64.78,64.78,23872.0
2026-01-30 10:39:00,64.77,64.825,64.77,64.8,14223.0
2026-01-30 10:40:00,64.785,64.81,64.68,64.74,39011.0
2026-01-30 10:41:00,64.73,64.76,64.65,64.68,31451.0
2026-01-30 10:42:00,64.66,64.66,64.56,64.61,40266.0
2026-01-30 10:43:00,64.63,64.74,64.59,64.71,9829.0
2026-01-30 10:44:00,64.72,64.72,64.54,64.68,7592.0
2026-01-30 10:45:00,64.67,64.74,64.63,64.64,17949.0
2026-01-30 10:46:00,64.64,64.65,64.46,64.46,16666.0
2026-01-30 10:47:00,64.45,64.52,64.38,64.5,33422.0
2026-01-30 10:48:00,64.47,64.52,64.415,64.46,10456.0
2026-01-30 10:49:00,64.48,64.59,64.46,64.56,13999.0
2026-01-30 10:50:00,64.58,64.7,64.54,64.61,14296.0
2026-01-30 10:51:00,64.62,64.71,64.56,64.7,47248.0
2026-01-30 10:52:00,64.69,64.79,64.64,64.71,17727.0
2026-01-30 10:53:00,64.71,64.98,64.71,64.95,34648.0
2026-01-30 10:54:00,64.97,65.04,64.89,64.9,18771.0
2026-01-30 10:55:00,64.88,64.98,64.83,64.98,21130.0
2026-01-30 10:56:00,64.99,65.07,64.92,65.05,17070.0
2026-01-30 10:57:00,65.06,65.17,65.04,65.05,13407.0
2026-01-30 10:58:00,64.98,65.05,64.91,65.05,16008.0
2026-01-30 10:59:00,65.03,65.06,64.95,65.04,19124.0
2026-01-30 11:00:00,65.04,65.12,64.98,65.06,12080.0
2026-01-30 11:01:00,65.07,65.13,65.04,65.1,14639.0
2026-01-30 11:02:00,65.1,65.12,64.97,65.04,15419.0
2026-01-30 11:03:00,64.99,65.08,64.99,65.02,7084.0
2026-01-30 11:04:00,65.01,65.13,65.01,65.08,9681.0
2026-01-30 11:05:00,65.08,65.19,65.03,65.19,6728.0
2026-01-30 11:06:00,65.14,65.14,64.89,64.89,8671.0
2026-01-30 11:07:00,64.85,65.03,64.85,65.01,12450.0
2026-01-30 11:08:00,64.99,65.09,64.98,65.03,6413.0
2026-01-30 11:09:00,65.02,65.18,64.99,65.16,5780.0
2026-01-30 11:10:00,65.16,65.24,65.07,65.165,14440.0
2026-01-30 11:11:00,65.16,65.195,65.11,65.13,9209.0
2026-01-30 11:12:00,65.14,65.17,65.0,65.06,6386.0
2026-01-30 11:13:00,65.02,65.18,65.02,65.18,3593.0
2026-01-30 11:14:00,65.17,65.17,65.04,65.11,7833.0
2026-01-30 11:15:00,65.12,65.28,65.12,65.21,11789.0
2026-01-30 11:16:00,65.22,65.315,65.18,65.29,6605.0
2026-01-30 11:17:00,65.295,65.35,65.25,65.35,7218.0
2026-01-30 11:18:00,65.36,65.51,65.36,65.37,39646.0
2026-01-30 11:19:00,65.37,65.46,65.34,65.45,7901.0
2026-01-30 11:20:00,65.45,65.51,65.41,65.45,18254.0
2026-01-30 11:21:00,65.45,65.68,65.43,65.66,30598.0
2026-01-30 11:22:00,65.66,65.69,65.54,65.585,14514.0
2026-01-30 11:23:00,65.57,65.64,65.49,65.62,17019.0
2026-01-30 11:24:00,65.63,65.67,65.58,65.62,8844.0
2026-01-30 11:25:00,65.61,65.69,65.44,65.45,16202.0
2026-01-30 11:26:00,65.46,65.58,65.39,65.58,16690.0
2026-01-30 11:27:00,65.57,65.57,65.4,65.4,12827.0
2026-01-30 11:28:00,65.44,65.45,65.37,65.4,10725.0
2026-01-30 11:29:00,65.38,65.39,65.21,65.37,29097.0
2026-01-30 11:30:00,65.375,65.435,65.28,65.29,12746.0
2026-01-30 11:31:00,65.28,65.32,65.22,65.27,24011.0
2026-01-30 11:32:00,65.27,65.46,65.22,65.27,19923.0
2026-01-30 11:33:00,65.25,65.42,65.15,65.4,13535.0
2026-01-30 11:34:00,65.4,65.45,65.295,65.45,12112.0
2026-01-30 11:35:00,65.43,65.47,65.26,65.26,16861.0
2026-01-30 11:36:00,65.28,65.42,65.26,65.38,7805.0
2026-01-30 11:37:00,65.36,65.38,65.13,65.13,17495.0
2026-01-30 11:38:00,65.115,65.16,65.09,65.12,5905.0
2026-01-30 11:39:00,65.1,65.28,65.1,65.28,3650.0
2026-01-30 11:40:00,65.3,65.3,65.06,65.09,7747.0
2026-01-30 11:41:00,65.08,65.17,65.05,65.14,11704.0
2026-01-30 11:42:00,65.14,65.24,65.1,65.13,9661.0
2026-01-30 11:43:00,65.14,65.15,65.02,65.04,9078.0
2026-01-30 11:44:00,65.03,65.09,64.93,65.09,11141.0
2026-01-30 11:45:00,65.09,65.23,65.09,65.22,17406.0
2026-01-30 11:46:00,65.225,65.3,65.15,65.15,27906.0
2026-01-30 11:47:00,65.13,65.27,65.12,65.26,3794.0
2026-01-30 11:48:00,65.28,65.38,65.19,65.26,8993.0
2026-01-30 11:49:00,65.28,65.41,65.26,65.38,8369.0
2026-01-30 11:50:00,65.39,65.53,65.39,65.47,20693.0
2026-01-30 11:51:00,65.5,65.54,65.4,65.52,4895.0
2026-01-30 11:52:00,65.54,65.6,65.47,65.51,9411.0
2026-01-30 11:53:00,65.51,65.51,65.3,65.46,20001.0
2026-01-30 11:54:00,65.47,65.5,65.35,65.38,17105.0
2026-01-30 11:55:00,65.4,65.46,65.39,65.43,8132.0
2026-01-30 11:56:00,65.42,65.57,65.38,65.5,8047.0
2026-01-30 11:57:00,65.51,65.61,65.49,65.61,4747.0
2026-01-30 11:58:00,65.62,65.7,65.6,65.64,8436.0
2026-01-30 11:59:00,65.65,65.76,65.65,65.65,9426.0
2026-01-30 12:00:00,65.67,65.765,65.66,65.74,19359.0
2026-01-30 12:01:00,65.75,65.8,65.63,65.69,12726.0
2026-01-30 12:02:00,65.7,65.91,65.67,65.83,44368.0
2026-01-30 12:03:00,65.83,65.93,65.81,65.91,35734.0
2026-01-30 12:04:00,65.89,65.98,65.89,65.97,18357.0
2026-01-30 12:05:00,65.965,66.045,65.94,65.96,32832.0
2026-01-30 12:06:00,65.99,66.09,65.975,66.09,10111.0
2026-01-30 12:07:00,66.09,66.14,66.09,66.14,8875.0
2026-01-30 12:08:00,66.12,66.19,66.08,66.13,28356.0
2026-01-30 12:09:00,66.16,66.175,66.03,66.1,28253.0
2026-01-30 12:10:00,66.11,66.14,65.94,65.97,14575.0
2026-01-30 12:11:00,65.98,66.05,65.92,66.02,12755.0
2026-01-30 12:12:00,66.03,66.11,65.98,66.04,12569.0
2026-01-30 12:13:00,66.04,66.08,66.02,66.05,6618.0
2026-01-30 12:14:00,66.07,66.07,65.93,66.07,17690.0
2026-01-30 12:15:00,66.07,66.13,66.06,66.06,16842.0
2026-01-30 12:16:00,66.03,66.13,66.0,66.13,11222.0
2026-01-30 12:17:00,66.14,66.165,66.01,66.04,16929.0
2026-01-30 12:18:00,66.03,66.1,66.03,66.06,5355.0
2026-01-30 12:19:00,66.03,66.08,65.99,66.01,6826.0
2026-01-30 12:20:00,66.01,66.01,65.89,65.94,24242.0
2026-01-30 12:21:00,66.0,66.04,65.79,65.81,19315.0
2026-01-30 12:22:00,65.8,65.82,65.62,65.64,19938.0
2026-01-30 12:23:00,65.67,65.71,65.56,65.66,11327.0
2026-01-30 12:24:00,65.65,65.72,65.61,65.72,7027.0
2026-01-30 12:25:00,65.72,65.75,65.57,65.63,10738.0
2026-01-30 12:26:00,65.6,65.6,65.44,65.45,13018.0
2026-01-30 12:27:00,65.44,65.67,65.44,65.53,17971.0
2026-01-30 12:28:00,65.54,65.55,65.5,65.51,8470.0
2026-01-30 12:29:00,65.5,65.52,65.48,65.49,7840.0
2026-01-30 12:30:00,65.49,65.59,65.42,65.45,40638.0
2026-01-30 12:31:00,65.43,65.53,65.39,65.46,4751.0
2026-01-30 12:32:00,65.45,65.5,65.43,65.46,11843.0
2026-01-30 12:33:00,65.455,65.77,65.41,65.77,18130.0
2026-01-30 12:34:00,65.77,65.84,65.72,65.79,14232.0
2026-01-30 12:35:00,65.81,66.07,65.81,66.0,44323.0
2026-01-30 12:36:00,65.95,65.97,65.79,65.79,12513.0
2026-01-30 12:37:00,65.79,65.82,65.72,65.78,9644.0
2026-01-30 12:38:00,65.785,65.79,65.64,65.69,6079.0
2026-01-30 12:39:00,65.7,65.82,65.7,65.82,9898.0
2026-01-30 12:40:00,65.83,65.88,65.775,65.845,12380.0
2026-01-30 12:41:00,65.85,65.95,65.8,65.87,7183.0
2026-01-30 12:42:00,65.86,65.92,65.86,65.92,3960.0
2026-01-30 12:43:00,65.91,66.02,65.87,65.9,9526.0
2026-01-30 12:44:00,65.87,65.92,65.77,65.79,4169.0
2026-01-30 12:45:00,65.78,65.85,65.65,65.65,19923.0
2026-01-30 12:46:00,65.64,65.69,65.56,65.64,19514.0
2026-01-30 12:47:00,65.66,65.83,65.655,65.82,7337.0
2026-01-30 12:48:00,65.8,65.83,65.72,65.79,6387.0
2026-01-30 12:49:00,65.81,65.94,65.79,65.8,12276.0
2026-01-30 12:50:00,65.82,65.86,65.73,65.84,5098.0
2026-01-30 12:51:00,65.85,65.91,65.73,65.77,8957.0
2026-01-30 12:52:00,65.73,65.98,65.71,65.98,13500.0
2026-01-30 12:53:00,65.99,66.01,65.89,66.0,11051.0
2026-01-30 12:54:00,66.0,66.03,65.93,66.0,11950.0
2026-01-30 12:55:00,66.01,66.01,65.925,65.96,8386.0
2026-01-30 12:56:00,65.98,65.995,65.83,65.98,10592.0
2026-01-30 12:57:00,65.96,66.02,65.92,65.93,11938.0
2026-01-30 12:58:00,65.94,66.13,65.94,66.12,14506.0
2026-01-30 12:59:00,66.13,66.24,66.13,66.23,24397.0
2026-01-30 13:00:00,66.24,66.33,66.22,66.28,31229.0
2026-01-30 13:01:00,66.27,66.32,66.16,66.22,15771.0
2026-01-30 13:02:00,66.23,66.23,66.13,66.16,18976.0
2026-01-30 13:03:00,66.15,66.23,66.13,66.2,6587.0
2026-01-30 13:04:00,66.2,66.26,66.17,66.2,8727.0
2026-01-30 13:05:00,66.19,66.23,66.08,66.085,17662.0
2026-01-30 13:06:00,66.06,66.16,65.99,66.16,9661.0
2026-01-30 13:07:00,66.15,66.2,66.12,66.15,3273.0
2026-01-30 13:08:00,66.15,66.17,66.07,66.12,14687.0
2026-01-30 13:09:00,66.1,66.25,66.1,66.19,9559.0
2026-01-30 13:10:00,66.18,66.31,66.18,66.25,8195.0
2026-01-30 13:11:00,66.27,66.33,66.23,66.33,5484.0
2026-01-30 13:12:00,66.33,66.37,66.23,66.23,16938.0
2026-01-30 13:13:00,66.23,66.31,66.21,66.29,10151.0
2026-01-30 13:14:00,66.29,66.32,66.25,66.28,7635.0
2026-01-30 13:15:00,66.29,66.47,66.24,66.45,13812.0
2026-01-30 13:16:00,66.45,66.55,66.43,66.52,14228.0
2026-01-30 13:17:00,66.52,66.59,66.43,66.46,25305.0
2026-01-30 13:18:00,66.48,66.65,66.48,66.64,13308.0
2026-01-30 13:19:00,66.635,66.7,66.63,66.68,19045.0
2026-01-30 13:20:00,66.69,66.83,66.62,66.83,38574.0
2026-01-30 13:21:00,66.84,66.95,66.84,66.87,28693.0
2026-01-30 13:22:00,66.86,67.03,66.85,67.01,60450.0
2026-01-30 13:23:00,67.01,67.05,66.75,66.83,30521.0
2026-01-30 13:24:00,66.84,66.86,66.62,66.67,25854.0
2026-01-30 13:25:00,66.68,66.68,66.51,66.57,16299.0
2026-01-30 13:26:00,66.56,66.6,66.45,66.45,12323.0
2026-01-30 13:27:00,66.47,66.51,66.34,66.35,16785.0
2026-01-30 13:28:00,66.35,66.51,66.32,66.47,12343.0
2026-01-30 13:29:00,66.46,66.46,66.28,66.31,8985.0
2026-01-30 13:30:00,66.29,66.47,66.22,66.43,50748.0
2026-01-30 13:31:00,66.41,66.5,66.36,66.5,13580.0
2026-01-30 13:32:00,66.48,66.63,66.47,66.6,29088.0
2026-01-30 13:33:00,66.6,66.71,66.57,66.675,11257.0
2026-01-30 13:34:00,66.7,66.81,66.63,66.79,16328.0
2026-01-30 13:35:00,66.78,66.81,66.74,66.78,7826.0
2026-01-30 13:36:00,66.81,66.81,66.57,66.63,28064.0
2026-01-30 13:37:00,66.62,66.65,66.54,66.61,10670.0
2026-01-30 13:38:00,66.57,66.73,66.52,66.71,8145.0
2026-01-30 13:39:00,66.725,66.74,66.66,66.68,7697.0
2026-01-30 13:40:00,66.65,66.7,66.61,66.63,9250.0
2026-01-30 13:41:00,66.64,66.69,66.54,66.65,13484.0
2026-01-30 13:42:00,66.65,66.69,66.61,66.66,7542.0
2026-01-30 13:43:00,66.67,66.75,66.62,66.63,9807.0
2026-01-30 13:44:00,66.63,66.68,66.56,66.64,10745.0
2026-01-30 13:45:00,66.66,66.66,66.39,66.49,9866.0
2026-01-30 13:46:00,66.49,66.51,66.42,66.5,6506.0
2026-01-30 13:47:00,66.48,66.48,66.36,66.38,3953.0
2026-01-30 13:48:00,66.37,66.37,66.25,66.32,13426.0
2026-01-30 13:49:00,66.29,66.335,66.25,66.26,10365.0
2026-01-30 13:50:00,66.25,66.25,66.05,66.07,16785.0
2026-01-30 13:51:00,66.07,66.1,66.01,66.05,19045.0
2026-01-30 13:52:00,66.04,66.17,66.02,66.14,6946.0
2026-01-30 13:53:00,66.1,66.3,66.01,66.01,17995.0
2026-01-30 13:54:00,66.015,66.06,65.93,65.96,8961.0
2026-01-30 13:55:00,65.94,66.02,65.85,65.99,9892.0
2026-01-30 13:56:00,65.96,65.96,65.825,65.93,4682.0
2026-01-30 13:57:00,65.94,65.95,65.84,65.85,2270.0
2026-01-30 13:58:00,65.84,65.91,65.67,65.68,32976.0
2026-01-30 13:59:00,65.65,65.79,65.57,65.78,9164.0
2026-01-30 14:00:00,65.79,65.8,65.68,65.73,12490.0
2026-01-30 14:01:00,65.71,65.8,65.66,65.8,9716.0
2026-01-30 14:02:00,65.8,65.84,65.64,65.83,19562.0
2026-01-30 14:03:00,65.83,65.87,65.71,65.75,15042.0
2026-01-30 14:04:00,65.75,65.75,65.61,65.72,16856.0
2026-01-30 14:05:00,65.73,65.75,65.59,65.61,12693.0
2026-01-30 14:06:00,65.61,65.61,65.5,65.58,20111.0
2026-01-30 14:07:00,65.575,65.67,65.55,65.63,11843.0
2026-01-30 14:08:00,65.61,65.7,65.6,65.63,13287.0
2026-01-30 14:09:00,65.62,65.74,65.6,65.66,7838.0
2026-01-30 14:10:00,65.67,65.7,65.63,65.67,10646.0
2026-01-30 14:11:00,65.67,65.75,65.65,65.73,29308.0
2026-01-30 14:12:00,65.72,65.79,65.635,65.77,13001.0
2026-01-30 14:13:00,65.77,65.9,65.77,65.85,31967.0
2026-01-30 14:14:00,65.81,65.885,65.74,65.76,22001.0
2026-01-30 14:15:00,65.77,65.795,65.72,65.78,10312.0
2026-01-30 14:16:00,65.79,65.86,65.77,65.82,9073.0
2026-01-30 14:17:00,65.81,65.91,65.81,65.88,17871.0
2026-01-30 14:18:00,65.87,65.89,65.74,65.87,15717.0
2026-01-30 14:19:00,65.85,65.89,65.76,65.82,16921.0
2026-01-30 14:20:00,65.85,65.855,65.69,65.74,16810.0
2026-01-30 14:21:00,65.75,65.75,65.64,65.66,6945.0
2026-01-30 14:22:00,65.66,65.84,65.66,65.82,19333.0
2026-01-30 14:23:00,65.82,65.83,65.76,65.78,15653.0
2026-01-30 14:24:00,65.78,65.81,65.7,65.77,3424.0
2026-01-30 14:25:00,65.77,65.77,65.69,65.77,3089.0
2026-01-30 14:26:00,65.77,65.8,65.66,65.67,6410.0
2026-01-30 14:27:00,65.67,65.74,65.67,65.72,3451.0
2026-01-30 14:28:00,65.73,65.73,65.645,65.66,8800.0
2026-01-30 14:29:00,65.65,65.98,65.64,65.98,48717.0
2026-01-30 14:30:00,65.99,66.17,65.84,66.16,44826.0
2026-01-30 14:31:00,66.15,66.27,65.95,66.04,80686.0
2026-01-30 14:32:00,66.05,66.1,65.94,65.96,17078.0
2026-01-30 14:33:00,65.97,66.05,65.88,65.88,53278.0
2026-01-30 14:34:00,65.87,65.9,65.815,65.9,18382.0
2026-01-30 14:35:00,65.91,66.02,65.825,65.97,14079.0
2026-01-30 14:36:00,65.97,66.02,65.91,66.02,14493.0
2026-01-30 14:37:00,66.01,66.01,65.93,65.99,9877.0
2026-01-30 14:38:00,66.0,66.05,65.94,66.01,7464.0
2026-01-30 14:39:00,66.01,66.04,65.98,66.01,2317.0
2026-01-30 14:40:00,65.95,66.08,65.95,66.06,10641.0
2026-01-30 14:41:00,66.06,66.065,65.95,66.01,4312.0
2026-01-30 14:42:00,66.03,66.05,65.93,65.99,14423.0
2026-01-30 14:43:00,65.98,66.08,65.98,66.01,8094.0
2026-01-30 14:44:00,65.98,66.14,65.98,66.14,14236.0
2026-01-30 14:45:00,66.13,66.24,66.13,66.24,17569.0
2026-01-30 14:46:00,66.25,66.26,66.12,66.21,8047.0
2026-01-30 14:47:00,66.22,66.27,66.15,66.22,10878.0
2026-01-30 14:48:00,66.23,66.34,66.2,66.33,8867.0
2026-01-30 14:49:00,66.35,66.36,66.29,66.35,10155.0
2026-01-30 14:50:00,66.35,66.35,66.22,66.25,6351.0
2026-01-30 14:51:00,66.24,66.28,66.22,66.28,7074.0
2026-01-30 14:52:00,66.26,66.26,66.13,66.16,5883.0
2026-01-30 14:53:00,66.13,66.18,65.95,66.055,47960.0
2026-01-30 14:54:00,66.035,66.06,66.02,66.02,7738.0
2026-01-30 14:55:00,66.02,66.04,65.92,65.97,13482.0
2026-01-30 14:56:00,66.01,66.07,65.98,66.02,10013.0
2026-01-30 14:57:00,66.01,66.2,66.0,66.2,13628.0
2026-01-30 14:58:00,66.18,66.29,66.15,66.29,8608.0
2026-01-30 14:59:00,66.295,66.435,66.28,66.39,14000.0
2026-01-30 15:00:00,66.39,66.425,66.3,66.31,19540.0
2026-01-30 15:01:00,66.32,66.36,66.22,66.27,16098.0
2026-01-30 15:02:00,66.28,66.36,66.26,66.33,8956.0
2026-01-30 15:03:00,66.32,66.41,66.31,66.38,6397.0
2026-01-30 15:04:00,66.35,66.43,66.35,66.41,6216.0
2026-01-30 15:05:00,66.4,66.49,66.38,66.47,7680.0
2026-01-30 15:06:00,66.5,66.64,66.5,66.63,11150.0
2026-01-30 15:07:00,66.64,66.7,66.58,66.61,9595.0
2026-01-30 15:08:00,66.63,66.7,66.5,66.55,15230.0
2026-01-30 15:09:00,66.56,66.58,66.5,66.55,5465.0
2026-01-30 15:10:00,66.54,66.57,66.51,66.53,7692.0
2026-01-30 15:11:00,66.54,66.58,66.49,66.58,5430.0
2026-01-30 15:12:00,66.57,66.65,66.535,66.62,6312.0
2026-01-30 15:13:00,66.61,66.66,66.6,66.63,3991.0
2026-01-30 15:14:00,66.63,66.72,66.6,66.71,5575.0
2026-01-30 15:15:00,66.74,66.84,66.73,66.84,22995.0
2026-01-30 15:16:00,66.83,66.83,66.73,66.74,18023.0
2026-01-30 15:17:00,66.76,66.85,66.76,66.81,11406.0
2026-01-30 15:18:00,66.81,66.81,66.73,66.8,8237.0
2026-01-30 15:19:00,66.78,66.85,66.765,66.85,17196.0
2026-01-30 15:20:00,66.86,66.94,66.85,66.91,16283.0
2026-01-30 15:21:00,66.9,66.99,66.86,66.98,14578.0
2026-01-30 15:22:00,66.98,67.03,66.965,67.01,15643.0
2026-01-30 15:23:00,66.98,67.02,66.94,66.94,9146.0
2026-01-30 15:24:00,66.94,66.94,66.86,66.88,9012.0
2026-01-30 15:25:00,66.89,66.89,66.76,66.83,6888.0
2026-01-30 15:26:00,66.81,66.91,66.74,66.91,12398.0
2026-01-30 15:27:00,66.915,66.95,66.89,66.91,10555.0
2026-01-30 15:28:00,66.92,67.03,66.91,66.95,12692.0
2026-01-30 15:29:00,66.96,66.97,66.82,66.86,17539.0
2026-01-30 15:30:00,66.86,66.89,66.66,66.69,19644.0
2026-01-30 15:31:00,66.68,66.74,66.63,66.67,11541.0
2026-01-30 15:32:00,66.68,66.79,66.61,66.74,6756.0
2026-01-30 15:33:00,66.745,66.75,66.59,66.59,6900.0
2026-01-30 15:34:00,66.59,66.66,66.56,66.65,17704.0
2026-01-30 15:35:00,66.65,66.66,66.5,66.51,8554.0
2026-01-30 15:36:00,66.53,66.57,66.49,66.56,18170.0
2026-01-30 15:37:00,66.56,66.83,66.52,66.79,12996.0
2026-01-30 15:38:00,66.82,66.82,66.71,66.71,14513.0
2026-01-30 15:39:00,66.71,66.72,66.63,66.64,3044.0
2026-01-30 15:40:00,66.67,66.72,66.65,66.72,7569.0
2026-01-30 15:41:00,66.7,66.72,66.52,66.54,12250.0
2026-01-30 15:42:00,66.54,66.6,66.51,66.57,11256.0
2026-01-30 15:43:00,66.57,66.63,66.52,66.58,12538.0
2026-01-30 15:44:00,66.56,66.56,66.425,66.465,18158.0
2026-01-30 15:45:00,66.46,66.46,66.31,66.32,21348.0
2026-01-30 15:46:00,66.32,66.33,66.23,66.29,8221.0
2026-01-30 15:47:00,66.28,66.29,66.12,66.14,6457.0
2026-01-30 15:48:00,66.14,66.14,66.03,66.09,10332.0
2026-01-30 15:49:00,66.08,66.08,65.97,65.97,11691.0
2026-01-30 15:50:00,65.95,66.13,65.88,66.13,40568.0
2026-01-30 15:51:00,66.12,66.12,66.0,66.1,18060.0
2026-01-30 15:52:00,66.11,66.245,66.11,66.15,22690.0
2026-01-30 15:53:00,66.17,66.505,66.16,66.46,23558.0
2026-01-30 15:54:00,66.46,66.53,66.39,66.4,67794.0
2026-01-30 15:55:00,66.4,66.64,66.3,66.3,97241.0
2026-01-30 15:56:00,66.29,66.44,66.27,66.31,26743.0
2026-01-30 15:57:00,66.31,66.39,66.3,66.37,27043.0
2026-01-30 15:58:00,66.38,66.42,66.35,66.35,19164.0
2026-01-30 15:59:00,66.345,66.42,66.21,66.31,122930.0
2026-02-02 09:30:00,67.285,67.3,66.58,66.66,99115.0
2026-02-02 09:31:00,66.69,66.95,66.59,66.6,33852.0
2026-02-02 09:32:00,66.61,66.61,66.32,66.53,60674.0
2026-02-02 09:33:00,66.545,66.75,66.52,66.7,41261.0
2026-02-02 09:34:00,66.68,66.8,66.56,66.56,29489.0
2026-02-02 09:35:00,66.52,66.68,66.27,66.28,64011.0
2026-02-02 09:36:00,66.28,66.3,65.97,66.04,40429.0
2026-02-02 09:37:00,66.05,66.07,65.91,65.95,24266.0
2026-02-02 09:38:00,65.95,66.11,65.93,66.07,27109.0
2026-02-02 09:39:00,66.07,66.16,66.0,66.095,16742.0
2026-02-02 09:40:00,66.07,66.2,65.99,65.99,25259.0
2026-02-02 09:41:00,65.99,66.16,65.96,66.08,23639.0
2026-02-02 09:42:00,66.06,66.06,65.84,65.99,30158.0
2026-02-02 09:43:00,66.0,66.1,65.9,65.95,21284.0
2026-02-02 09:44:00,65.95,66.03,65.83,65.94,38480.0
2026-02-02 09:45:00,65.9,66.07,65.9,65.97,18724.0
2026-02-02 09:46:00,65.97,66.01,65.78,65.78,30632.0
2026-02-02 09:47:00,65.79,65.97,65.79,65.96,12174.0
2026-02-02 09:48:00,65.94,66.0,65.78,65.79,32130.0
2026-02-02 09:49:00,65.79,65.9,65.68,65.745,29675.0
2026-02-02 09:50:00,65.74,65.74,65.34,65.34,26483.0
2026-02-02 09:51:00,65.34,65.46,65.32,65.44,25240.0
2026-02-02 09:52:00,65.44,65.56,65.4,65.5,20870.0
2026-02-02 09:53:00,65.52,65.59,65.43,65.46,7160.0
2026-02-02 09:54:00,65.465,65.58,65.44,65.49,14159.0
2026-02-02 09:55:00,65.48,65.55,65.43,65.5,98150.0
2026-02-02 09:56:00,65.51,65.6,65.46,65.57,34474.0
2026-02-02 09:57:00,65.57,65.64,65.51,65.61,21260.0
2026-02-02 09:58:00,65.62,65.84,65.62,65.84,23860.0
2026-02-02 09:59:00,65.85,65.85,65.7,65.71,22533.0
2026-02-02 10:00:00,65.73,65.8,65.51,65.76,60469.0
2026-02-02 10:01:00,65.75,65.79,65.65,65.665,14030.0
2026-02-02 10:02:00,65.66,65.67,65.4,65.48,14033.0
2026-02-02 10:03:00,65.52,65.52,65.34,65.43,37152.0
2026-02-02 10:04:00,65.43,65.43,65.33,65.34,42927.0
2026-02-02 10:05:00,65.34,65.38,65.17,65.2,63070.0
2026-02-02 10:06:00,65.205,65.21,65.12,65.14,27382.0
2026-02-02 10:07:00,65.12,65.14,65.07,65.08,25118.0
2026-02-02 10:08:00,65.09,65.15,65.09,65.12,23878.0
2026-02-02 10:09:00,65.1,65.13,65.03,65.07,14878.0
2026-02-02 10:10:00,65.07,65.17,65.06,65.09,16832.0
2026-02-02 10:11:00,65.08,65.1,64.96,64.96,105249.0
2026-02-02 10:12:00,64.95,65.02,64.86,64.88,17641.0
2026-02-02 10:13:00,64.89,64.89,64.81,64.81,14708.0
2026-02-02 10:14:00,64.81,64.83,64.71,64.74,15993.0
2026-02-02 10:15:00,64.73,64.87,64.73,64.82,15194.0
2026-02-02 10:16:00,64.82,64.86,64.78,64.78,26660.0
2026-02-02 10:17:00,64.78,64.79,64.67,64.67,10541.0
2026-02-02 10:18:00,64.67,64.73,64.67,64.72,15696.0
2026-02-02 10:19:00,64.69,64.71,64.51,64.52,18733.0
2026-02-02 10:20:00,64.51,64.61,64.46,64.61,14359.0
2026-02-02 10:21:00,64.59,64.62,64.54,64.59,12645.0
2026-02-02 10:22:00,64.59,64.61,64.51,64.56,10202.0
2026-02-02 10:23:00,64.57,64.6,64.52,64.53,12819.0
2026-02-02 10:24:00,64.52,64.65,64.52,64.6,5187.0
2026-02-02 10:25:00,64.6,64.6,64.53,64.57,8496.0
2026-02-02 10:26:00,64.56,64.63,64.52,64.55,11923.0
2026-02-02 10:27:00,64.54,64.77,64.54,64.72,17956.0
2026-02-02 10:28:00,64.71,64.8,64.7,64.77,6908.0
2026-02-02 10:29:00,64.78,64.82,64.68,64.81,25999.0
2026-02-02 10:30:00,64.8,64.91,64.75,64.91,18168.0
2026-02-02 10:31:00,64.87,64.87,64.75,64.75,7991.0
2026-02-02 10:32:00,64.75,64.8,64.66,64.74,22327.0
2026-02-02 10:33:00,64.75,64.81,64.73,64.77,5616.0
2026-02-02 10:34:00,64.77,64.82,64.73,64.76,7671.0
2026-02-02 10:35:00,64.72,64.79,64.71,64.76,4136.0
2026-02-02 10:36:00,64.76,64.8,64.75,64.78,8904.0
2026-02-02 10:37:00,64.77,64.77,64.62,64.62,8308.0
2026-02-02 10:38:00,64.63,64.65,64.56,64.57,6170.0
2026-02-02 10:39:00,64.57,64.57,64.5,64.52,21287.0
2026-02-02 10:40:00,64.52,64.58,64.51,64.58,4140.0
2026-02-02 10:41:00,64.61,64.72,64.61,64.69,15406.0
2026-02-02 10:42:00,64.69,64.77,64.67,64.75,5345.0
2026-02-02 10:43:00,64.75,64.82,64.75,64.76,13519.0
2026-02-02 10:44:00,64.77,64.79,64.73,64.74,7723.0
2026-02-02 10:45:00,64.75,64.84,64.75,64.81,48303.0
2026-02-02 10:46:00,64.82,64.85,64.79,64.82,5439.0
2026-02-02 10:47:00,64.83,64.88,64.81,64.85,14976.0
2026-02-02 10:48:00,64.86,64.88,64.805,64.88,5765.0
2026-02-02 10:49:00,64.88,64.96,64.85,64.94,10208.0
2026-02-02 10:50:00,64.97,65.01,64.83,64.87,37732.0
2026-02-02 10:51:00,64.86,64.87,64.78,64.81,13149.0
2026-02-02 10:52:00,64.82,64.92,64.82,64.86,4717.0
2026-02-02 10:53:00,64.86,64.86,64.76,64.835,13677.0
2026-02-02 10:54:00,64.83,64.88,64.78,64.875,7571.0
2026-02-02 10:55:00,64.88,64.96,64.87,64.95,2220.0
2026-02-02 10:56:00,64.96,65.1,64.96,65.1,22808.0
2026-02-02 10:57:00,65.11,65.185,65.08,65.12,11627.0
2026-02-02 10:58:00,65.12,65.18,65.09,65.15,10643.0
2026-02-02 10:59:00,65.14,65.17,65.0,65.0,12674.0
2026-02-02 11:00:00,65.0,65.12,64.98,65.11,7179.0
2026-02-02 11:01:00,65.13,65.2,65.04,65.08,11529.0
2026-02-02 11:02:00,65.07,65.15,65.05,65.13,9178.0
2026-02-02 11:03:00,65.13,65.16,65.05,65.09,6801.0
2026-02-02 11:04:00,65.09,65.19,65.08,65.15,8237.0
2026-02-02 11:05:00,65.14,65.26,65.13,65.23,12883.0
2026-02-02 11:06:00,65.25,65.28,65.11,65.11,19801.0
2026-02-02 11:07:00,65.13,65.16,65.06,65.14,7875.0
2026-02-02 11:08:00,65.14,65.16,65.04,65.04,4576.0
2026-02-02 11:09:00,65.03,65.06,64.94,64.95,11661.0
2026-02-02 11:10:00,64.94,64.97,64.91,64.92,15095.0
2026-02-02 11:11:00,64.92,64.97,64.88,64.965,5813.0
2026-02-02 11:12:00,64.95,64.98,64.92,64.93,3055.0
2026-02-02 11:13:00,64.95,64.98,64.91,64.91,6098.0
2026-02-02 11:14:00,64.92,64.93,64.89,64.9,7491.0
2026-02-02 11:15:00,64.91,64.94,64.89,64.9,9384.0
2026-02-02 11:16:00,64.89,64.92,64.81,64.88,20713.0
2026-02-02 11:17:00,64.88,64.92,64.865,64.865,3028.0
2026-02-02 11:18:00,64.88,64.88,64.72,64.73,34928.0
2026-02-02 11:19:00,64.71,64.75,64.7,64.75,3889.0
2026-02-02 11:20:00,64.74,64.76,64.72,64.75,4359.0
2026-02-02 11:21:00,64.725,64.75,64.7,64.7,3407.0
2026-02-02 11:22:00,64.71,64.745,64.69,64.69,6475.0
2026-02-02 11:23:00,64.7,64.73,64.57,64.57,29993.0
2026-02-02 11:24:00,64.56,64.68,64.56,64.68,8397.0
2026-02-02 11:25:00,64.7,64.72,64.69,64.71,8136.0
2026-02-02 11:26:00,64.71,64.72,64.7,64.7,11177.0
2026-02-02 11:27:00,64.7,64.78,64.7,64.75,5637.0
2026-02-02 11:28:00,64.75,64.78,64.67,64.68,17846.0
2026-02-02 11:29:00,64.69,64.69,64.6,64.6,5488.0
2026-02-02 11:30:00,64.61,64.66,64.61,64.63,15922.0
2026-02-02 11:31:00,64.63,64.69,64.6,64.69,16498.0
2026-02-02 11:32:00,64.695,64.7,64.64,64.64,10546.0
2026-02-02 11:33:00,64.63,64.67,64.63,64.66,9250.0
2026-02-02 11:34:00,64.65,64.65,64.59,64.595,3285.0
2026-02-02 11:35:00,64.59,64.63,64.55,64.56,5932.0
2026-02-02 11:36:00,64.59,64.64,64.59,64.62,14996.0
2026-02-02 11:37:00,64.6,64.64,64.6,64.615,2842.0
2026-02-02 11:38:00,64.6,64.64,64.575,64.63,5565.0
2026-02-02 11:39:00,64.63,64.68,64.62,64.68,4788.0
2026-02-02 11:40:00,64.68,64.83,64.68,64.83,9232.0
2026-02-02 11:41:00,64.82,64.86,64.79,64.82,16860.0
2026-02-02 11:42:00,64.82,64.84,64.76,64.79,5706.0
2026-02-02 11:43:00,64.77,64.78,64.72,64.72,3927.0
2026-02-02 11:44:00,64.73,64.8,64.73,64.79,2652.0
2026-02-02 11:45:00,64.79,64.86,64.78,64.86,5153.0
2026-02-02 11:46:00,64.88,64.93,64.86,64.92,5539.0
2026-02-02 11:47:00,64.915,64.97,64.87,64.97,7192.0
2026-02-02 11:48:00,64.99,65.03,64.93,64.93,20531.0
2026-02-02 11:49:00,64.94,64.95,64.865,64.87,13420.0
2026-02-02 11:50:00,64.87,64.93,64.85,64.91,7460.0
2026-02-02 11:51:00,64.9,64.9,64.83,64.83,2247.0
2026-02-02 11:52:00,64.82,64.84,64.78,64.8,8153.0
2026-02-02 11:53:00,64.79,64.79,64.73,64.77,8802.0
2026-02-02 11:54:00,64.77,64.77,64.7,64.7,11282.0
2026-02-02 11:55:00,64.72,64.72,64.66,64.66,8608.0
2026-02-02 11:56:00,64.69,64.7,64.64,64.665,23203.0
2026-02-02 11:57:00,64.66,64.66,64.6,64.62,91402.0
2026-02-02 11:58:00,64.61,64.63,64.59,64.6,51242.0
2026-02-02 11:59:00,64.59,64.61,64.52,64.59,13383.0
2026-02-02 12:00:00,64.6,64.62,64.485,64.52,20116.0
2026-02-02 12:01:00,64.51,64.51,64.4,64.42,46352.0
2026-02-02 12:02:00,64.42,64.44,64.4,64.42,8017.0
2026-02-02 12:03:00,64.42,64.46,64.4,64.45,13503.0
2026-02-02 12:04:00,64.42,64.43,64.38,64.38,6515.0
2026-02-02 12:05:00,64.39,64.425,64.39,64.42,16138.0
2026-02-02 12:06:00,64.43,64.47,64.42,64.47,1873.0
2026-02-02 12:07:00,64.46,64.5,64.46,64.49,11504.0
2026-02-02 12:08:00,64.5,64.5,64.47,64.48,2644.0
2026-02-02 12:09:00,64.48,64.48,64.4,64.4,3808.0
2026-02-02 12:10:00,64.4,64.4,64.36,64.36,11377.0
2026-02-02 12:11:00,64.36,64.38,64.36,64.36,2909.0
2026-02-02 12:12:00,64.36,64.43,64.36,64.43,3147.0
2026-02-02 12:13:00,64.43,64.44,64.42,64.43,2281.0
2026-02-02 12:14:00,64.45,64.51,64.445,64.5,5954.0
2026-02-02 12:15:00,64.5,64.52,64.45,64.52,11875.0
2026-02-02 12:16:00,64.52,64.545,64.51,64.545,2899.0
2026-02-02 12:17:00,64.54,64.55,64.49,64.51,5250.0
2026-02-02 12:18:00,64.5,64.5,64.44,64.47,4081.0
2026-02-02 12:19:00,64.46,64.48,64.38,64.39,23710.0
2026-02-02 12:20:00,64.39,64.47,64.39,64.44,9362.0
2026-02-02 12:21:00,64.45,64.55,64.45,64.48,24948.0
2026-02-02 12:22:00,64.49,64.53,64.48,64.48,5647.0
2026-02-02 12:23:00,64.49,64.49,64.44,64.44,1618.0
2026-02-02 12:24:00,64.43,64.45,64.42,64.45,1154.0
2026-02-02 12:25:00,64.44,64.45,64.42,64.42,3787.0
2026-02-02 12:26:00,64.42,64.48,64.42,64.48,5166.0
2026-02-02 12:27:00,64.48,64.5,64.45,64.46,2885.0
2026-02-02 12:28:00,64.46,64.46,64.43,64.43,1323.0
2026-02-02 12:29:00,64.43,64.44,64.42,64.42,6197.0
2026-02-02 12:30:00,64.41,64.45,64.41,64.45,3490.0
2026-02-02 12:31:00,64.45,64.45,64.38,64.38,6199.0
2026-02-02 12:32:00,64.37,64.37,64.32,64.34,8972.0
2026-02-02 12:33:00,64.345,64.38,64.34,64.36,10688.0
2026-02-02 12:34:00,64.37,64.37,64.34,64.36,1554.0
2026-02-02 12:35:00,64.35,64.39,64.285,64.385,26815.0
2026-02-02 12:36:00,64.38,64.415,64.38,64.41,1778.0
2026-02-02 12:37:00,64.42,64.43,64.38,64.38,1831.0
2026-02-02 12:38:00,64.38,64.43,64.38,64.4,1981.0
2026-02-02 12:39:00,64.4,64.41,64.39,64.39,706.0
2026-02-02 12:40:00,64.39,64.44,64.38,64.44,1206.0
2026-02-02 12:41:00,64.44,64.49,64.44,64.49,4282.0
2026-02-02 12:42:00,64.5,64.52,64.49,64.51,6390.0
2026-02-02 12:43:00,64.51,64.51,64.47,64.47,2057.0
2026-02-02 12:44:00,64.48,64.48,64.425,64.43,865.0
2026-02-02 12:45:00,64.45,64.46,64.45,64.46,490.0
2026-02-02 12:46:00,64.45,64.455,64.435,64.435,496.0
2026-02-02 12:47:00,64.44,64.46,64.43,64.45,1989.0
2026-02-02 12:48:00,64.45,64.45,64.42,64.435,1130.0
2026-02-02 12:49:00,64.41,64.43,64.41,64.42,139.0
2026-02-02 12:50:00,64.43,64.45,64.415,64.45,2836.0
2026-02-02 12:51:00,64.45,64.46,64.45,64.46,413.0
2026-02-02 12:52:00,64.43,64.44,64.37,64.37,6053.0
2026-02-02 12:53:00,64.36,64.36,64.315,64.315,6008.0
2026-02-02 12:54:00,64.32,64.32,64.29,64.3,4078.0
2026-02-02 12:55:00,64.3,64.3,64.26,64.26,11727.0
2026-02-02 12:56:00,64.26,64.265,64.22,64.265,6466.0
2026-02-02 12:57:00,64.28,64.3,64.27,64.3,1826.0
2026-02-02 12:58:00,64.305,64.31,64.29,64.29,1171.0
2026-02-02 12:59:00,64.3,64.36,64.3,64.36,3306.0
2026-02-02 13:00:00,64.34,64.345,64.33,64.34,1098.0
2026-02-02 13:01:00,64.33,64.33,64.28,64.28,12574.0
2026-02-02 13:02:00,64.29,64.29,64.28,64.28,2635.0
2026-02-02 13:03:00,64.28,64.29,64.26,64.26,1477.0
2026-02-02 13:04:00,64.26,64.28,64.26,64.28,3720.0
2026-02-02 13:05:00,64.29,64.3,64.27,64.27,343.0
2026-02-02 13:06:00,64.29,64.29,64.28,64.29,1621.0
2026-02-02 13:07:00,64.295,64.3,64.28,64.3,14740.0
2026-02-02 13:08:00,64.29,64.3,64.29,64.29,1933.0
2026-02-02 13:09:00,64.3,64.31,64.28,64.28,2735.0
2026-02-02 13:10:00,64.28,64.28,64.27,64.28,2859.0
2026-02-02 13:11:00,64.28,64.3,64.28,64.28,890.0
2026-02-02 13:12:00,64.275,64.29,64.26,64.265,2152.0
2026-02-02 13:13:00,64.27,64.275,64.26,64.275,2291.0
2026-02-02 13:14:00,64.31,64.35,64.305,64.34,6865.0
2026-02-02 13:15:00,64.34,64.345,64.32,64.345,3180.0
2026-02-02 13:16:00,64.34,64.37,64.34,64.34,7355.0
2026-02-02 13:17:00,64.35,64.37,64.34,64.34,1524.0
2026-02-02 13:18:00,64.35,64.42,64.35,64.42,5563.0
2026-02-02 13:19:00,64.42,64.445,64.42,64.44,3515.0
2026-02-02 13:20:00,64.45,64.5,64.45,64.48,3981.0
2026-02-02 13:21:00,64.48,64.51,64.46,64.5,8956.0
2026-02-02 13:22:00,64.49,64.545,64.49,64.535,11836.0
2026-02-02 13:23:00,64.52,64.52,64.42,64.425,6084.0
2026-02-02 13:24:00,64.42,64.43,64.4,64.405,1642.0
2026-02-02 13:25:00,64.4,64.4,64.38,64.38,1409.0
2026-02-02 13:26:00,64.36,64.4,64.36,64.38,2693.0
2026-02-02 13:27:00,64.42,64.42,64.39,64.4,1403.0
2026-02-02 13:28:00,64.43,64.46,64.42,64.46,7730.0
2026-02-02 13:29:00,64.46,64.46,64.43,64.44,5480.0
2026-02-02 13:30:00,64.42,64.44,64.41,64.41,1294.0
2026-02-02 13:31:00,64.41,64.44,64.41,64.44,2807.0
2026-02-02 13:32:00,64.43,64.44,64.41,64.44,2108.0
2026-02-02 13:33:00,64.44,64.45,64.43,64.44,220.0
2026-02-02 13:34:00,64.44,64.44,64.41,64.42,898.0
2026-02-02 13:35:00,64.41,64.41,64.33,64.33,10398.0
2026-02-02 13:36:00,64.35,64.38,64.35,64.37,8036.0
2026-02-02 13:37:00,64.36,64.42,64.36,64.42,715.0
2026-02-02 13:38:00,64.42,64.46,64.42,64.43,1240.0
2026-02-02 13:39:00,64.44,64.45,64.43,64.45,6810.0
2026-02-02 13:40:00,64.44,64.47,64.4,64.4,4168.0
2026-02-02 13:41:00,64.39,64.4,64.35,64.35,1128.0
2026-02-02 13:42:00,64.34,64.34,64.32,64.32,1516.0
2026-02-02 13:43:00,64.3,64.32,64.29,64.32,1570.0
2026-02-02 13:44:00,64.31,64.33,64.3,64.33,2631.0
2026-02-02 13:45:00,64.33,64.33,64.31,64.33,750.0
2026-02-02 13:46:00,64.34,64.34,64.32,64.33,3961.0
2026-02-02 13:47:00,64.32,64.33,64.305,64.32,1725.0
2026-02-02 13:48:00,64.32,64.32,64.26,64.27,3873.0
2026-02-02 13:49:00,64.27,64.28,64.26,64.28,1112.0
2026-02-02 13:50:00,64.29,64.34,64.29,64.34,3419.0
2026-02-02 13:51:00,64.34,64.34,64.32,64.32,2099.0
2026-02-02 13:52:00,64.32,64.325,64.31,64.31,1240.0
2026-02-02 13:53:00,64.32,64.32,64.28,64.28,4802.0
2026-02-02 13:54:00,64.28,64.3,64.28,64.295,4232.0
2026-02-02 13:55:00,64.3,64.31,64.29,64.3,5301.0
2026-02-02 13:56:00,64.3,64.3,64.255,64.26,1861.0
2026-02-02 13:57:00,64.26,64.26,64.22,64.22,3973.0
2026-02-02 13:58:00,64.22,64.22,64.16,64.16,14192.0
2026-02-02 13:59:00,64.17,64.21,64.17,64.21,686.0
2026-02-02 14:00:00,64.22,64.28,64.22,64.25,2590.0
2026-02-02 14:01:00,64.25,64.25,64.2,64.23,5319.0
2026-02-02 14:02:00,64.23,64.29,64.23,64.29,7425.0
2026-02-02 14:03:00,64.29,64.29,64.25,64.26,1289.0
2026-02-02 14:04:00,64.25,64.25,64.195,64.2,2771.0
2026-02-02 14:05:00,64.21,64.23,64.2,64.22,8347.0
2026-02-02 14:06:00,64.22,64.255,64.22,64.25,660.0
2026-02-02 14:07:00,64.25,64.25,64.23,64.23,401.0
2026-02-02 14:08:00,64.22,64.24,64.22,64.24,3669.0
2026-02-02 14:09:00,64.24,64.25,64.22,64.23,1717.0
2026-02-02 14:10:00,64.23,64.24,64.22,64.23,5737.0
2026-02-02 14:11:00,64.23,64.25,64.23,64.25,4800.0
2026-02-02 14:12:00,64.255,64.26,64.25,64.25,1027.0
2026-02-02 14:13:00,64.25,64.25,64.23,64.25,719.0
2026-02-02 14:14:00,64.25,64.28,64.24,64.28,6968.0
2026-02-02 14:15:00,64.29,64.31,64.265,64.265,11871.0
2026-02-02 14:16:00,64.26,64.29,64.25,64.29,5885.0
2026-02-02 14:17:00,64.3,64.3,64.3,64.3,200.0
2026-02-02 14:18:00,64.29,64.29,64.28,64.28,2205.0
2026-02-02 14:19:00,64.28,64.28,64.27,64.28,7194.0
2026-02-02 14:20:00,64.28,64.3,64.27,64.27,343.0
2026-02-02 14:21:00,64.28,64.285,64.23,64.24,2224.0
2026-02-02 14:22:00,64.24,64.28,64.24,64.28,1708.0
2026-02-02 14:23:00,64.26,64.26,64.23,64.24,2516.0
2026-02-02 14:24:00,64.25,64.27,64.25,64.27,1057.0
2026-02-02 14:25:00,64.28,64.31,64.28,64.31,5365.0
2026-02-02 14:26:00,64.32,64.33,64.315,64.315,4200.0
2026-02-02 14:27:00,64.31,64.34,64.31,64.34,1861.0
2026-02-02 14:28:00,64.34,64.38,64.34,64.35,2218.0
2026-02-02 14:29:00,64.37,64.38,64.33,64.36,2608.0
2026-02-02 14:30:00,64.38,64.42,64.38,64.42,3976.0
2026-02-02 14:31:00,64.43,64.45,64.42,64.45,1828.0
2026-02-02 14:32:00,64.46,64.48,64.44,64.44,6047.0
2026-02-02 14:33:00,64.45,64.46,64.42,64.43,4008.0
2026-02-02 14:34:00,64.445,64.45,64.445,64.45,682.0
2026-02-02 14:35:00,64.44,64.51,64.44,64.51,17691.0
2026-02-02 14:36:00,64.515,64.54,64.5,64.5,5407.0
2026-02-02 14:37:00,64.5,64.5,64.48,64.5,3288.0
2026-02-02 14:38:00,64.5,64.52,64.47,64.475,9231.0
2026-02-02 14:39:00,64.46,64.535,64.44,64.535,12887.0
2026-02-02 14:40:00,64.53,64.57,64.52,64.54,26190.0
2026-02-02 14:41:00,64.54,64.55,64.54,64.54,1016.0
2026-02-02 14:42:00,64.55,64.56,64.52,64.55,1163.0
2026-02-02 14:43:00,64.55,64.57,64.54,64.55,2907.0
2026-02-02 14:44:00,64.54,64.545,64.475,64.49,4934.0
2026-02-02 14:45:00,64.5,64.5,64.47,64.48,1823.0
2026-02-02 14:46:00,64.5,64.53,64.48,64.53,1445.0
2026-02-02 14:47:00,64.54,64.59,64.54,64.59,6777.0
2026-02-02 14:48:00,64.59,64.59,64.55,64.57,8605.0
2026-02-02 14:49:00,64.58,64.61,64.58,64.61,271571.0
2026-02-02 14:50:00,64.6,64.65,64.585,64.65,19289.0
2026-02-02 14:51:00,64.65,64.67,64.63,64.65,13512.0
2026-02-02 14:52:00,64.65,64.67,64.6,64.66,4028.0
2026-02-02 14:53:00,64.67,64.67,64.66,64.665,6606.0
2026-02-02 14:54:00,64.66,64.68,64.62,64.62,6476.0
2026-02-02 14:55:00,64.63,64.64,64.56,64.58,3127.0
2026-02-02 14:56:00,64.58,64.65,64.58,64.65,1714.0
2026-02-02 14:57:00,64.65,64.66,64.55,64.56,3134.0
2026-02-02 14:58:00,64.56,64.56,64.44,64.48,5026.0
2026-02-02 14:59:00,64.47,64.98,64.45,64.96,113609.0
2026-02-02 15:00:00,64.965,65.13,64.78,64.82,65545.0
2026-02-02 15:01:00,64.81,64.91,64.71,64.73,19334.0
2026-02-02 15:02:00,64.725,64.78,64.71,64.72,4401.0
2026-02-02 15:03:00,64.715,64.75,64.69,64.73,6704.0
2026-02-02 15:04:00,64.75,64.82,64.72,64.74,8407.0
2026-02-02 15:05:00,64.76,64.77,64.66,64.66,7972.0
2026-02-02 15:06:00,64.64,64.645,64.57,64.59,6369.0
2026-02-02 15:07:00,64.6,64.67,64.6,64.65,73180.0
2026-02-02 15:08:00,64.66,64.68,64.57,64.57,27288.0
2026-02-02 15:09:00,64.57,64.61,64.57,64.6,12385.0
2026-02-02 15:10:00,64.59,64.59,64.55,64.57,5334.0
2026-02-02 15:11:00,64.56,64.59,64.54,64.59,3614.0
2026-02-02 15:12:00,64.56,64.64,64.56,64.64,3465.0
2026-02-02 15:13:00,64.63,64.75,64.62,64.74,9797.0
2026-02-02 15:14:00,64.71,64.75,64.71,64.75,3511.0
2026-02-02 15:15:00,64.76,64.76,64.7,64.72,7199.0
2026-02-02 15:16:00,64.73,64.77,64.73,64.76,4549.0
2026-02-02 15:17:00,64.76,64.83,64.75,64.75,5481.0
2026-02-02 15:18:00,64.74,64.74,64.59,64.64,2831.0
2026-02-02 15:19:00,64.65,64.69,64.64,64.69,2620.0
2026-02-02 15:20:00,64.69,64.69,64.63,64.63,1597.0
2026-02-02 15:21:00,64.64,64.68,64.64,64.65,4795.0
2026-02-02 15:22:00,64.66,64.67,64.56,64.59,1921.0
2026-02-02 15:23:00,64.59,64.63,64.59,64.59,3861.0
2026-02-02 15:24:00,64.58,64.62,64.58,64.62,1630.0
2026-02-02 15:25:00,64.61,64.68,64.61,64.68,2677.0
2026-02-02 15:26:00,64.68,64.7,64.67,64.69,4481.0
2026-02-02 15:27:00,64.69,64.7,64.66,64.69,6447.0
2026-02-02 15:28:00,64.68,64.76,64.68,64.75,8899.0
2026-02-02 15:29:00,64.75,64.82,64.75,64.8,32245.0
2026-02-02 15:30:00,64.81,64.84,64.79,64.83,16180.0
2026-02-02 15:31:00,64.83,64.855,64.78,64.82,19549.0
2026-02-02 15:32:00,64.83,64.88,64.82,64.87,17934.0
2026-02-02 15:33:00,64.87,64.88,64.79,64.83,8938.0
2026-02-02 15:34:00,64.82,64.85,64.82,64.84,6496.0
2026-02-02 15:35:00,64.84,64.9,64.84,64.87,11031.0
2026-02-02 15:36:00,64.87,64.88,64.84,64.88,8502.0
2026-02-02 15:37:00,64.87,64.95,64.87,64.92,14535.0
2026-02-02 15:38:00,64.92,64.93,64.85,64.85,14272.0
2026-02-02 15:39:00,64.84,64.89,64.8,64.89,10595.0
2026-02-02 15:40:00,64.9,64.94,64.9,64.94,16858.0
2026-02-02 15:41:00,64.94,64.97,64.865,64.89,34480.0
2026-02-02 15:42:00,64.88,64.94,64.85,64.94,13890.0
2026-02-02 15:43:00,64.94,64.97,64.92,64.92,16018.0
2026-02-02 15:44:00,64.91,64.92,64.88,64.92,14161.0
2026-02-02 15:45:00,64.94,64.95,64.88,64.88,10521.0
2026-02-02 15:46:00,64.87,64.87,64.81,64.83,18521.0
2026-02-02 15:47:00,64.82,64.88,64.82,64.88,13000.0
2026-02-02 15:48:00,64.89,64.95,64.875,64.95,38017.0
2026-02-02 15:49:00,64.95,64.95,64.92,64.94,16575.0
2026-02-02 15:50:00,64.94,65.04,64.94,65.0,37749.0
2026-02-02 15:51:00,65.0,65.05,64.99,64.995,38781.0
2026-02-02 15:52:00,64.98,65.0,64.95,64.98,26253.0
2026-02-02 15:53:00,64.975,64.975,64.825,64.86,27096.0
2026-02-02 15:54:00,64.87,64.95,64.86,64.93,26268.0
2026-02-02 15:55:00,64.94,64.94,64.84,64.88,31933.0
2026-02-02 15:56:00,64.88,64.92,64.85,64.86,14138.0
2026-02-02 15:57:00,64.85,64.88,64.84,64.84,41222.0
2026-02-02 15:58:00,64.84,64.89,64.83,64.87,27143.0
2026-02-02 15:59:00,64.865,64.95,64.84,64.87,124307.0
2026-02-03 09:30:00,64.29,64.49,64.15,64.2,177414.0
2026-02-03 09:31:00,64.22,64.64,64.19,64.61,49397.0
2026-02-03 09:32:00,64.6,64.68,64.52,64.66,51046.0
2026-02-03 09:33:00,64.66,64.84,64.64,64.84,46660.0
2026-02-03 09:34:00,64.86,64.98,64.7,64.72,23850.0
2026-02-03 09:35:00,64.72,64.84,64.58,64.72,43547.0
2026-02-03 09:36:00,64.8,64.89,64.74,64.77,25995.0
2026-02-03 09:37:00,64.77,65.04,64.77,64.96,44468.0
2026-02-03 09:38:00,64.96,65.17,64.95,65.03,37599.0
2026-02-03 09:39:00,65.02,65.2,65.02,65.13,26468.0
2026-02-03 09:40:00,65.13,65.14,65.0,65.12,53904.0
2026-02-03 09:41:00,65.11,65.33,65.11,65.24,30136.0
2026-02-03 09:42:00,65.24,65.37,65.18,65.26,56354.0
2026-02-03 09:43:00,65.28,65.86,65.28,65.68,129409.0
2026-02-03 09:44:00,65.68,65.75,65.59,65.62,42960.0
2026-02-03 09:45:00,65.64,65.72,65.49,65.57,37663.0
2026-02-03 09:46:00,65.58,65.62,65.42,65.45,25841.0
2026-02-03 09:47:00,65.44,65.49,65.2,65.28,31926.0
2026-02-03 09:48:00,65.29,65.32,65.2,65.25,14751.0
2026-02-03 09:49:00,65.29,65.42,65.22,65.29,28919.0
2026-02-03 09:50:00,65.31,65.52,65.31,65.51,15886.0
2026-02-03 09:51:00,65.52,65.69,65.52,65.62,13887.0
2026-02-03 09:52:00,65.63,65.67,65.45,65.45,9397.0
2026-02-03 09:53:00,65.45,65.61,65.45,65.51,16189.0
2026-02-03 09:54:00,65.5,65.88,65.49,65.88,75563.0
2026-02-03 09:55:00,65.89,66.04,65.84,66.04,35187.0
2026-02-03 09:56:00,66.01,66.22,66.005,66.22,23840.0
2026-02-03 09:57:00,66.22,66.38,66.18,66.375,54297.0
2026-02-03 09:58:00,66.39,66.51,66.37,66.4,45239.0
2026-02-03 09:59:00,66.41,66.61,66.4,66.57,44662.0
2026-02-03 10:00:00,66.57,66.82,66.44,66.71,76959.0
2026-02-03 10:01:00,66.7,66.86,66.68,66.85,35619.0
2026-02-03 10:02:00,66.85,67.0,66.78,66.99,60872.0
2026-02-03 10:03:00,67.0,67.04,66.56,66.58,53416.0
2026-02-03 10:04:00,66.59,66.7,66.46,66.7,51456.0
2026-02-03 10:05:00,66.69,66.72,66.51,66.63,28543.0
2026-02-03 10:06:00,66.66,66.94,66.66,66.91,20401.0
2026-02-03 10:07:00,66.9,67.15,66.9,67.12,32357.0
2026-02-03 10:08:00,67.1,67.16,66.89,66.93,25323.0
2026-02-03 10:09:00,66.92,66.995,66.77,66.77,20082.0
2026-02-03 10:10:00,66.75,66.85,66.7,66.84,28297.0
2026-02-03 10:11:00,66.84,67.03,66.81,66.96,15491.0
2026-02-03 10:12:00,66.975,67.13,66.97,67.13,35400.0
2026-02-03 10:13:00,67.14,67.26,67.06,67.23,41331.0
2026-02-03 10:14:00,67.24,67.3,67.09,67.13,28696.0
2026-02-03 10:15:00,67.13,67.21,67.08,67.11,15641.0
2026-02-03 10:16:00,67.12,67.17,66.84,66.93,35773.0
2026-02-03 10:17:00,66.96,67.11,66.94,67.0,22955.0
2026-02-03 10:18:00,67.0,67.07,66.95,67.06,37586.0
2026-02-03 10:19:00,67.08,67.14,66.94,66.95,48993.0
2026-02-03 10:20:00,66.96,67.005,66.785,66.785,47841.0
2026-02-03 10:21:00,66.77,66.97,66.74,66.97,23017.0
2026-02-03 10:22:00,66.99,67.185,66.98,67.17,17278.0
2026-02-03 10:23:00,67.19,67.41,67.12,67.35,68494.0
2026-02-03 10:24:00,67.35,67.7,67.34,67.69,51520.0
2026-02-03 10:25:00,67.68,67.75,67.38,67.38,31736.0
2026-02-03 10:26:00,67.37,67.37,67.07,67.15,21408.0
2026-02-03 10:27:00,67.16,67.26,67.03,67.11,18123.0
2026-02-03 10:28:00,67.08,67.17,67.07,67.08,15286.0
2026-02-03 10:29:00,67.08,67.24,67.04,67.18,22870.0
2026-02-03 10:30:00,67.2,67.29,67.09,67.29,31471.0
2026-02-03 10:31:00,67.28,67.36,67.21,67.34,14432.0
2026-02-03 10:32:00,67.325,67.39,67.06,67.08,24733.0
2026-02-03 10:33:00,67.09,67.36,67.08,67.36,12134.0
2026-02-03 10:34:00,67.37,67.53,67.37,67.52,45521.0
2026-02-03 10:35:00,67.53,67.65,67.505,67.62,41440.0
2026-02-03 10:36:00,67.66,67.66,67.44,67.54,17258.0
2026-02-03 10:37:00,67.54,67.54,67.31,67.33,18431.0
2026-02-03 10:38:00,67.35,67.38,67.22,67.22,10601.0
2026-02-03 10:39:00,67.22,67.29,67.18,67.18,10029.0
2026-02-03 10:40:00,67.2,67.26,67.08,67.17,25297.0
2026-02-03 10:41:00,67.16,67.31,67.16,67.29,29352.0
2026-02-03 10:42:00,67.27,67.31,67.17,67.2,6375.0
2026-02-03 10:43:00,67.2,67.3,67.18,67.25,16389.0
2026-02-03 10:44:00,67.26,67.35,67.19,67.35,19207.0
2026-02-03 10:45:00,67.36,67.54,67.33,67.45,20229.0
2026-02-03 10:46:00,67.45,67.45,67.34,67.36,15904.0
2026-02-03 10:47:00,67.32,67.32,67.0,67.05,50847.0
2026-02-03 10:48:00,67.06,67.1,66.93,66.93,19959.0
2026-02-03 10:49:00,66.94,66.98,66.845,66.85,21148.0
2026-02-03 10:50:00,66.84,66.85,66.65,66.65,28237.0
2026-02-03 10:51:00,66.65,66.77,66.64,66.75,36665.0
2026-02-03 10:52:00,66.76,67.04,66.76,67.03,17401.0
2026-02-03 10:53:00,67.04,67.16,66.99,67.07,17447.0
2026-02-03 10:54:00,67.08,67.08,66.84,66.85,24275.0
2026-02-03 10:55:00,66.84,66.85,66.705,66.71,6071.0
2026-02-03 10:56:00,66.705,66.75,66.59,66.6,39529.0
2026-02-03 10:57:00,66.62,66.69,66.57,66.65,6603.0
2026-02-03 10:58:00,66.64,66.73,66.55,66.71,23874.0
2026-02-03 10:59:00,66.68,66.73,66.63,66.65,20647.0
2026-02-03 11:00:00,66.65,66.77,66.64,66.76,25229.0
2026-02-03 11:01:00,66.76,66.8,66.72,66.76,7547.0
2026-02-03 11:02:00,66.77,66.88,66.74,66.88,10462.0
2026-02-03 11:03:00,66.87,66.965,66.86,66.93,36296.0
2026-02-03 11:04:00,66.93,67.02,66.89,67.01,13521.0
2026-02-03 11:05:00,67.005,67.07,66.89,66.91,18994.0
2026-02-03 11:06:00,66.93,67.05,66.92,67.05,16937.0
2026-02-03 11:07:00,67.06,67.11,67.0,67.01,7118.0
2026-02-03 11:08:00,67.01,67.08,66.97,66.99,7603.0
2026-02-03 11:09:00,67.01,67.16,66.97,67.14,19655.0
2026-02-03 11:10:00,67.14,67.27,67.13,67.24,35750.0
2026-02-03 11:11:00,67.21,67.25,67.13,67.16,8845.0
2026-02-03 11:12:00,67.16,67.18,66.995,67.02,13231.0
2026-02-03 11:13:00,67.02,67.06,66.885,66.94,18485.0
2026-02-03 11:14:00,66.93,67.15,66.93,67.15,10377.0
2026-02-03 11:15:00,67.15,67.16,67.08,67.13,10063.0
2026-02-03 11:16:00,67.15,67.16,66.995,67.12,14505.0
2026-02-03 11:17:00,67.13,67.18,67.0,67.18,10149.0
2026-02-03 11:18:00,67.15,67.18,67.08,67.17,6903.0
2026-02-03 11:19:00,67.17,67.22,67.15,67.16,37322.0
2026-02-03 11:20:00,67.175,67.19,67.12,67.16,15216.0
2026-02-03 11:21:00,67.15,67.24,67.14,67.21,13807.0
2026-02-03 11:22:00,67.22,67.44,67.22,67.44,20786.0
2026-02-03 11:23:00,67.45,67.58,67.45,67.49,46336.0
2026-02-03 11:24:00,67.48,67.53,67.47,67.5,14255.0
2026-02-03 11:25:00,67.51,67.57,67.34,67.36,33573.0
2026-02-03 11:26:00,67.365,67.38,67.26,67.38,21234.0
2026-02-03 11:27:00,67.375,67.41,67.32,67.35,24107.0
2026-02-03 11:28:00,67.33,67.47,67.33,67.45,7676.0
2026-02-03 11:29:00,67.46,67.57,67.46,67.57,10223.0
2026-02-03 11:30:00,67.56,67.57,67.48,67.56,11024.0
2026-02-03 11:31:00,67.56,67.59,67.475,67.56,19086.0
2026-02-03 11:32:00,67.56,67.57,67.51,67.51,24942.0
2026-02-03 11:33:00,67.5,67.69,67.49,67.56,40174.0
2026-02-03 11:34:00,67.55,67.56,67.41,67.42,11341.0
2026-02-03 11:35:00,67.42,67.44,67.28,67.39,18516.0
2026-02-03 11:36:00,67.41,67.44,67.32,67.43,21508.0
2026-02-03 11:37:00,67.43,67.53,67.43,67.44,17869.0
2026-02-03 11:38:00,67.45,67.515,67.41,67.495,16373.0
2026-02-03 11:39:00,67.505,67.58,67.47,67.47,23437.0
2026-02-03 11:40:00,67.48,67.49,67.36,67.36,22579.0
2026-02-03 11:41:00,67.36,67.51,67.36,67.48,9612.0
2026-02-03 11:42:00,67.48,67.51,67.43,67.47,16557.0
2026-02-03 11:43:00,67.47,67.52,67.42,67.51,11172.0
2026-02-03 11:44:00,67.5,67.53,67.48,67.49,9609.0
2026-02-03 11:45:00,67.51,67.54,67.45,67.48,16390.0
2026-02-03 11:46:00,67.5,67.63,67.45,67.59,17645.0
2026-02-03 11:47:00,67.6,67.63,67.355,67.355,6693.0
2026-02-03 11:48:00,67.34,67.47,67.34,67.455,9621.0
2026-02-03 11:49:00,67.44,67.47,67.38,67.44,18317.0
2026-02-03 11:50:00,67.465,67.66,67.465,67.65,23199.0
2026-02-03 11:51:00,67.66,67.77,67.65,67.735,62825.0
2026-02-03 11:52:00,67.73,67.74,67.535,67.54,38540.0
2026-02-03 11:53:00,67.52,67.57,67.46,67.48,19182.0
2026-02-03 11:54:00,67.47,67.55,67.44,67.53,15222.0
2026-02-03 11:55:00,67.53,67.53,67.44,67.47,3740.0
2026-02-03 11:56:00,67.44,67.49,67.42,67.42,5172.0
2026-02-03 11:57:00,67.41,67.45,67.38,67.38,6054.0
2026-02-03 11:58:00,67.39,67.53,67.39,67.53,4329.0
2026-02-03 11:59:00,67.545,67.62,67.53,67.6,12742.0
2026-02-03 12:00:00,67.61,67.69,67.59,67.61,25724.0
2026-02-03 12:01:00,67.6,67.67,67.57,67.67,17405.0
2026-02-03 12:02:00,67.65,67.69,67.63,67.65,5402.0
2026-02-03 12:03:00,67.63,67.68,67.61,67.63,9047.0
2026-02-03 12:04:00,67.62,67.66,67.6,67.62,18461.0
2026-02-03 12:05:00,67.62,67.75,67.62,67.74,18806.0
2026-02-03 12:06:00,67.74,67.77,67.62,67.62,7266.0
2026-02-03 12:07:00,67.62,67.69,67.61,67.69,5187.0
2026-02-03 12:08:00,67.71,67.73,67.63,67.63,6876.0
2026-02-03 12:09:00,67.61,67.64,67.57,67.58,4779.0
2026-02-03 12:10:00,67.58,67.6,67.53,67.56,9085.0
2026-02-03 12:11:00,67.56,67.68,67.56,67.68,10516.0
2026-02-03 12:12:00,67.68,68.26,67.68,68.26,195580.0
2026-02-03 12:13:00,68.25,68.27,68.07,68.09,33817.0
2026-02-03 12:14:00,68.05,68.24,68.04,68.14,34751.0
2026-02-03 12:15:00,68.15,68.19,68.04,68.16,37491.0
2026-02-03 12:16:00,68.16,68.19,68.07,68.13,5964.0
2026-02-03 12:17:00,68.12,68.13,68.05,68.06,10769.0
2026-02-03 12:18:00,68.06,68.08,67.89,67.89,33476.0
2026-02-03 12:19:00,67.88,68.1,67.88,68.1,12587.0
2026-02-03 12:20:00,68.11,68.21,68.09,68.21,6471.0
2026-02-03 12:21:00,68.21,68.225,67.94,67.94,15191.0
2026-02-03 12:22:00,67.98,68.06,67.97,68.0,10314.0
2026-02-03 12:23:00,68.01,68.01,67.86,67.91,8956.0
2026-02-03 12:24:00,67.905,67.93,67.87,67.92,7504.0
2026-02-03 12:25:00,67.9,67.9,67.8,67.8,5633.0
2026-02-03 12:26:00,67.8,67.94,67.8,67.93,6495.0
2026-02-03 12:27:00,67.94,68.02,67.91,68.02,8525.0
2026-02-03 12:28:00,68.02,68.085,68.015,68.085,8039.0
2026-02-03 12:29:00,68.06,68.17,68.06,68.14,34992.0
2026-02-03 12:30:00,68.18,68.31,68.13,68.3,19798.0
2026-02-03 12:31:00,68.26,68.3,68.2,68.27,9330.0
2026-02-03 12:32:00,68.26,68.32,68.24,68.27,11054.0
2026-02-03 12:33:00,68.28,68.35,68.25,68.3,13009.0
2026-02-03 12:34:00,68.3,68.45,68.27,68.43,16131.0
2026-02-03 12:35:00,68.44,68.44,68.36,68.39,10450.0
2026-02-03 12:36:00,68.395,68.57,68.38,68.54,22641.0
2026-02-03 12:37:00,68.5,68.55,68.45,68.53,20191.0
2026-02-03 12:38:00,68.53,68.56,68.48,68.525,9503.0
2026-02-03 12:39:00,68.525,68.56,68.46,68.49,8674.0
2026-02-03 12:40:00,68.49,68.63,68.49,68.62,8950.0
2026-02-03 12:41:00,68.61,68.68,68.61,68.62,11492.0
2026-02-03 12:42:00,68.605,68.66,68.54,68.66,8517.0
2026-02-03 12:43:00,68.67,68.7,68.64,68.66,14683.0
2026-02-03 12:44:00,68.65,68.68,68.57,68.61,8746.0
2026-02-03 12:45:00,68.61,68.64,68.51,68.51,4166.0
2026-02-03 12:46:00,68.53,68.56,68.41,68.48,8322.0
2026-02-03 12:47:00,68.46,68.47,68.33,68.4,31147.0
2026-02-03 12:48:00,68.38,68.42,68.29,68.32,9490.0
2026-02-03 12:49:00,68.31,68.39,68.26,68.36,3723.0
2026-02-03 12:50:00,68.38,68.4,68.23,68.23,15175.0
2026-02-03 12:51:00,68.23,68.25,68.09,68.19,19746.0
2026-02-03 12:52:00,68.19,68.42,68.19,68.42,7087.0
2026-02-03 12:53:00,68.43,68.48,68.37,68.37,5244.0
2026-02-03 12:54:00,68.37,68.38,68.3,68.31,9492.0
2026-02-03 12:55:00,68.29,68.38,68.26,68.37,4798.0
2026-02-03 12:56:00,68.37,68.4,68.26,68.26,4511.0
2026-02-03 12:57:00,68.29,68.36,68.24,68.36,8121.0
2026-02-03 12:58:00,68.36,68.38,68.28,68.29,5076.0
2026-02-03 12:59:00,68.31,68.42,68.29,68.39,15309.0
2026-02-03 13:00:00,68.39,68.44,68.36,68.39,7974.0
2026-02-03 13:01:00,68.39,68.4,68.27,68.4,9774.0
2026-02-03 13:02:00,68.38,68.46,68.38,68.43,3292.0
2026-02-03 13:03:00,68.42,68.48,68.42,68.48,4027.0
2026-02-03 13:04:00,68.47,68.525,68.46,68.51,8307.0
2026-02-03 13:05:00,68.52,68.55,68.49,68.49,8770.0
2026-02-03 13:06:00,68.5,68.5,68.39,68.46,3553.0
2026-02-03 13:07:00,68.44,68.45,68.17,68.23,34746.0
2026-02-03 13:08:00,68.24,68.24,68.13,68.18,102666.0
2026-02-03 13:09:00,68.14,68.33,68.125,68.32,22967.0
2026-02-03 13:10:00,68.32,68.43,68.32,68.43,19945.0
2026-02-03 13:11:00,68.44,68.49,68.4,68.46,5028.0
2026-02-03 13:12:00,68.42,68.56,68.42,68.55,4825.0
2026-02-03 13:13:00,68.57,68.8,68.56,68.79,44387.0
2026-02-03 13:14:00,68.79,68.845,68.78,68.79,27813.0
2026-02-03 13:15:00,68.79,68.79,68.67,68.67,34478.0
2026-02-03 13:16:00,68.65,68.72,68.63,68.66,15332.0
2026-02-03 13:17:00,68.65,68.74,68.65,68.72,5639.0
2026-02-03 13:18:00,68.72,68.72,68.58,68.58,6735.0
2026-02-03 13:19:00,68.6,68.61,68.55,68.55,3176.0
2026-02-03 13:20:00,68.58,68.72,68.55,68.71,26454.0
2026-02-03 13:21:00,68.71,68.71,68.63,68.64,13571.0
2026-02-03 13:22:00,68.62,68.65,68.56,68.63,4337.0
2026-02-03 13:23:00,68.65,68.7,68.65,68.7,3825.0
2026-02-03 13:24:00,68.71,68.77,68.71,68.76,2836.0
2026-02-03 13:25:00,68.78,68.89,68.77,68.84,14967.0
2026-02-03 13:26:00,68.84,68.89,68.83,68.845,6529.0
2026-02-03 13:27:00,68.85,68.93,68.85,68.88,7806.0
2026-02-03 13:28:00,68.86,68.87,68.78,68.84,15431.0
2026-02-03 13:29:00,68.85,68.94,68.8,68.8,40199.0
2026-02-03 13:30:00,68.81,69.01,68.81,68.97,78593.0
2026-02-03 13:31:00,68.96,68.985,68.89,68.91,5951.0
2026-02-03 13:32:00,68.93,68.99,68.83,68.97,12866.0
2026-02-03 13:33:00,69.0,69.08,68.97,68.98,12211.0
2026-02-03 13:34:00,69.0,69.03,68.96,68.98,24630.0
2026-02-03 13:35:00,68.97,69.06,68.94,69.02,13694.0
2026-02-03 13:36:00,69.01,69.11,68.97,69.11,14965.0
2026-02-03 13:37:00,69.11,69.11,69.0,69.01,12627.0
2026-02-03 13:38:00,69.0,69.02,68.92,68.96,11198.0
2026-02-03 13:39:00,68.97,68.98,68.88,68.89,9078.0
2026-02-03 13:40:00,68.9,69.03,68.9,69.03,11942.0
2026-02-03 13:41:00,69.05,69.05,68.93,68.99,7156.0
2026-02-03 13:42:00,68.99,69.17,68.99,69.165,8854.0
2026-02-03 13:43:00,69.17,69.17,69.1,69.11,5005.0
2026-02-03 13:44:00,69.1,69.11,69.08,69.11,5347.0
2026-02-03 13:45:00,69.12,69.2,69.12,69.2,4162.0
2026-02-03 13:46:00,69.2,69.21,69.14,69.18,6915.0
2026-02-03 13:47:00,69.16,69.17,69.08,69.1,7305.0
2026-02-03 13:48:00,69.095,69.25,69.095,69.25,8396.0
2026-02-03 13:49:00,69.24,69.245,69.15,69.15,6727.0
2026-02-03 13:50:00,69.15,69.25,69.15,69.22,6012.0
2026-02-03 13:51:00,69.21,69.27,69.21,69.215,7120.0
2026-02-03 13:52:00,69.22,69.27,69.22,69.22,3191.0
2026-02-03 13:53:00,69.23,69.28,69.19,69.28,9212.0
2026-02-03 13:54:00,69.27,69.31,69.27,69.29,6625.0
2026-02-03 13:55:00,69.28,69.3,69.13,69.16,32335.0
2026-02-03 13:56:00,69.145,69.23,69.14,69.17,11901.0
2026-02-03 13:57:00,69.21,69.34,69.21,69.34,4182.0
2026-02-03 13:58:00,69.33,69.33,69.25,69.25,7248.0
2026-02-03 13:59:00,69.24,69.45,69.24,69.45,15980.0
2026-02-03 14:00:00,69.46,69.57,69.37,69.41,41446.0
2026-02-03 14:01:00,69.42,69.49,69.42,69.48,12848.0
2026-02-03 14:02:00,69.49,69.54,69.43,69.54,11077.0
2026-02-03 14:03:00,69.55,69.62,69.53,69.62,41760.0
2026-02-03 14:04:00,69.61,69.61,69.56,69.58,4917.0
2026-02-03 14:05:00,69.561,69.635,69.455,69.49,10561.0
2026-02-03 14:06:00,69.49,69.59,69.48,69.55,11696.0
2026-02-03 14:07:00,69.55,69.64,69.54,69.63,9037.0
2026-02-03 14:08:00,69.63,69.66,69.61,69.63,9591.0
2026-02-03 14:09:00,69.63,69.64,69.55,69.58,12835.0
2026-02-03 14:10:00,69.58,69.6,69.47,69.47,4799.0
2026-02-03 14:11:00,69.45,69.45,69.27,69.27,23154.0
2026-02-03 14:12:00,69.28,69.29,69.07,69.07,29438.0
2026-02-03 14:13:00,69.07,69.12,68.98,69.05,19421.0
2026-02-03 14:14:00,69.0,69.0,68.845,68.85,33402.0
2026-02-03 14:15:00,68.87,68.91,68.81,68.85,29643.0
2026-02-03 14:16:00,68.81,68.93,68.78,68.86,34435.0
2026-02-03 14:17:00,68.86,68.96,68.85,68.93,21648.0
2026-02-03 14:18:00,68.94,68.95,68.78,68.78,17169.0
2026-02-03 14:19:00,68.76,68.81,68.7,68.77,19911.0
2026-02-03 14:20:00,68.77,68.78,68.675,68.73,23457.0
2026-02-03 14:21:00,68.73,68.73,68.61,68.61,48259.0
2026-02-03 14:22:00,68.62,68.74,68.6,68.73,11893.0
2026-02-03 14:23:00,68.76,68.76,68.69,68.73,2845.0
2026-02-03 14:24:00,68.7,68.89,68.65,68.88,12804.0
2026-02-03 14:25:00,68.84,69.17,68.82,69.17,16876.0
2026-02-03 14:26:00,69.16,69.19,69.07,69.08,21856.0
2026-02-03 14:27:00,69.07,69.12,68.93,68.94,22255.0
2026-02-03 14:28:00,68.94,69.01,68.9,68.9,22784.0
2026-02-03 14:29:00,68.9,69.14,68.88,69.08,25949.0
2026-02-03 14:30:00,69.09,69.26,68.86,69.23,66954.0
2026-02-03 14:31:00,69.24,69.3,69.17,69.17,28910.0
2026-02-03 14:32:00,69.19,69.19,69.0,69.18,30850.0
2026-02-03 14:33:00,69.16,69.16,68.98,69.09,13903.0
2026-02-03 14:34:00,69.09,69.28,69.08,69.265,17643.0
2026-02-03 14:35:00,69.27,69.28,69.13,69.16,21161.0
2026-02-03 14:36:00,69.14,69.19,69.08,69.16,13986.0
2026-02-03 14:37:00,69.18,69.25,69.1,69.1,10617.0
2026-02-03 14:38:00,69.06,69.145,69.02,69.1,12509.0
2026-02-03 14:39:00,69.09,69.16,69.09,69.15,5836.0
2026-02-03 14:40:00,69.17,69.26,69.13,69.15,19809.0
2026-02-03 14:41:00,69.14,69.17,69.09,69.09,8694.0
2026-02-03 14:42:00,69.12,69.15,69.05,69.11,12276.0
2026-02-03 14:43:00,69.12,69.31,69.12,69.26,17371.0
2026-02-03 14:44:00,69.26,69.3,69.25,69.27,6000.0
2026-02-03 14:45:00,69.27,69.38,69.24,69.31,9613.0
2026-02-03 14:46:00,69.31,69.44,69.3,69.41,12398.0
2026-02-03 14:47:00,69.42,69.42,69.33,69.39,5894.0
2026-02-03 14:48:00,69.37,69.4,69.35,69.35,5021.0
2026-02-03 14:49:00,69.31,69.41,69.28,69.41,43143.0
2026-02-03 14:50:00,69.43,69.43,69.29,69.33,22347.0
2026-02-03 14:51:00,69.33,69.5,69.33,69.45,43594.0
2026-02-03 14:52:00,69.44,69.48,69.38,69.47,24499.0
2026-02-03 14:53:00,69.47,69.54,69.19,69.34,137664.0
2026-02-03 14:54:00,69.33,69.38,69.21,69.22,15248.0
2026-02-03 14:55:00,69.2,69.24,69.12,69.13,12195.0
2026-02-03 14:56:00,69.12,69.12,68.94,68.94,10604.0
2026-02-03 14:57:00,68.95,69.035,68.95,68.975,9782.0
2026-02-03 14:58:00,68.99,68.99,68.88,68.89,7561.0
2026-02-03 14:59:00,68.9,68.95,68.83,68.92,26393.0
2026-02-03 15:00:00,68.92,68.96,68.84,68.915,20579.0
2026-02-03 15:01:00,68.92,69.08,68.88,69.08,11478.0
2026-02-03 15:02:00,69.09,69.15,69.05,69.15,21942.0
2026-02-03 15:03:00,69.14,69.16,69.09,69.09,6786.0
2026-02-03 15:04:00,69.07,69.11,69.07,69.11,7458.0
2026-02-03 15:05:00,69.14,69.15,69.05,69.06,7521.0
2026-02-03 15:06:00,69.08,69.09,69.02,69.05,8824.0
2026-02-03 15:07:00,69.02,69.04,68.98,69.03,9811.0
2026-02-03 15:08:00,69.03,69.16,69.03,69.14,19623.0
2026-02-03 15:09:00,69.13,69.19,69.11,69.11,8899.0
2026-02-03 15:10:00,69.12,69.135,69.03,69.07,28154.0
2026-02-03 15:11:00,69.06,69.12,69.055,69.07,3897.0
2026-02-03 15:12:00,69.07,69.24,69.07,69.24,13552.0
2026-02-03 15:13:00,69.24,69.26,69.14,69.14,12336.0
2026-02-03 15:14:00,69.14,69.18,68.96,68.96,12611.0
2026-02-03 15:15:00,68.97,69.16,68.97,69.13,13427.0
2026-02-03 15:16:00,69.13,69.13,69.02,69.04,10732.0
2026-02-03 15:17:00,69.04,69.04,68.95,68.98,6237.0
2026-02-03 15:18:00,68.97,68.99,68.82,68.82,14467.0
2026-02-03 15:19:00,68.8,68.92,68.77,68.92,32413.0
2026-02-03 15:20:00,68.91,69.08,68.91,69.08,13458.0
2026-02-03 15:21:00,69.08,69.1,69.01,69.02,8361.0
2026-02-03 15:22:00,69.02,69.1,69.01,69.02,7347.0
2026-02-03 15:23:00,69.03,69.05,68.88,68.9,4211.0
2026-02-03 15:24:00,68.89,68.92,68.84,68.84,5257.0
2026-02-03 15:25:00,68.81,68.84,68.79,68.82,4327.0
2026-02-03 15:26:00,68.82,68.84,68.79,68.8,4582.0
2026-02-03 15:27:00,68.79,68.82,68.74,68.74,4854.0
2026-02-03 15:28:00,68.76,68.83,68.72,68.83,24310.0
2026-02-03 15:29:00,68.83,68.84,68.77,68.81,2418.0
2026-02-03 15:30:00,68.81,68.81,68.62,68.62,19405.0
2026-02-03 15:31:00,68.62,68.64,68.54,68.54,11675.0
2026-02-03 15:32:00,68.54,68.55,68.41,68.52,16693.0
2026-02-03 15:33:00,68.49,68.49,68.41,68.41,10281.0
2026-02-03 15:34:00,68.41,68.41,68.29,68.32,17334.0
2026-02-03 15:35:00,68.31,68.35,68.29,68.29,8567.0
2026-02-03 15:36:00,68.28,68.38,68.24,68.28,11269.0
2026-02-03 15:37:00,68.27,68.37,68.27,68.36,12395.0
2026-02-03 15:38:00,68.36,68.36,68.13,68.13,16151.0
2026-02-03 15:39:00,68.13,68.21,68.13,68.15,11275.0
2026-02-03 15:40:00,68.15,68.27,68.15,68.27,27375.0
2026-02-03 15:41:00,68.27,68.47,68.27,68.46,8804.0
2026-02-03 15:42:00,68.45,68.48,68.33,68.39,11064.0
2026-02-03 15:43:00,68.39,68.43,68.38,68.41,6127.0
2026-02-03 15:44:00,68.4,68.4,68.32,68.35,21540.0
2026-02-03 15:45:00,68.35,68.4,68.29,68.32,11079.0
2026-02-03 15:46:00,68.32,68.33,68.23,68.235,12314.0
2026-02-03 15:47:00,68.22,68.3,68.18,68.27,6471.0
2026-02-03 15:48:00,68.26,68.34,68.23,68.34,9296.0
2026-02-03 15:49:00,68.325,68.325,68.23,68.25,9020.0
2026-02-03 15:50:00,68.2,68.22,68.045,68.13,42564.0
2026-02-03 15:51:00,68.13,68.26,68.11,68.24,14470.0
2026-02-03 15:52:00,68.235,68.31,68.23,68.23,13314.0
2026-02-03 15:53:00,68.225,68.26,68.13,68.24,25854.0
2026-02-03 15:54:00,68.24,68.24,68.07,68.12,55158.0
2026-02-03 15:55:00,68.11,68.15,67.97,68.02,27056.0
2026-02-03 15:56:00,68.005,68.1,68.005,68.03,9764.0
2026-02-03 15:57:00,68.02,68.04,67.97,68.04,22180.0
2026-02-03 15:58:00,68.03,68.03,67.93,67.93,13475.0
2026-02-03 15:59:00,67.92,67.97,67.86,67.97,64647.0
2026-02-04 09:30:00,68.46,69.08,68.44,69.05,90191.0
2026-02-04 09:31:00,69.07,69.51,69.07,69.4,74548.0
2026-02-04 09:32:00,69.42,69.69,69.38,69.4,46774.0
2026-02-04 09:33:00,69.39,69.52,69.14,69.42,35195.0
2026-02-04 09:34:00,69.44,69.54,69.115,69.25,27219.0
2026-02-04 09:35:00,69.27,69.42,68.75,68.81,50522.0
2026-02-04 09:36:00,68.77,68.86,68.47,68.84,43259.0
2026-02-04 09:37:00,68.87,69.11,68.7,69.03,36428.0
2026-02-04 09:38:00,69.0,69.04,68.6,68.84,70620.0
2026-02-04 09:39:00,68.79,68.9,68.67,68.69,38311.0
2026-02-04 09:40:00,68.72,69.07,68.7,69.07,51494.0
2026-02-04 09:41:00,69.09,69.16,68.59,68.83,32756.0
2026-02-04 09:42:00,68.84,68.96,68.54,68.54,34248.0
2026-02-04 09:43:00,68.51,68.77,68.44,68.76,25094.0
2026-02-04 09:44:00,68.78,68.87,68.73,68.87,16564.0
2026-02-04 09:45:00,68.84,69.17,68.78,69.07,45235.0
2026-02-04 09:46:00,69.1,69.15,68.96,68.98,43211.0
2026-02-04 09:47:00,69.02,69.08,68.78,69.06,29723.0
2026-02-04 09:48:00,69.04,69.04,68.57,68.64,35684.0
2026-02-04 09:49:00,68.65,68.92,68.59,68.77,34951.0
2026-02-04 09:50:00,68.78,69.19,68.68,69.18,65850.0
2026-02-04 09:51:00,69.18,69.27,69.01,69.22,31183.0
2026-02-04 09:52:00,69.2,69.38,69.2,69.32,69381.0
2026-02-04 09:53:00,69.32,69.57,69.32,69.57,38457.0
2026-02-04 09:54:00,69.55,69.58,69.1,69.11,37463.0
2026-02-04 09:55:00,69.1,69.34,69.045,69.3,28922.0
2026-02-04 09:56:00,69.32,69.57,69.3,69.5,35789.0
2026-02-04 09:57:00,69.495,69.73,69.48,69.7,44727.0
2026-02-04 09:58:00,69.69,70.0,69.68,69.98,44619.0
2026-02-04 09:59:00,69.98,70.03,69.85,69.97,52162.0
2026-02-04 10:00:00,70.0,70.37,70.0,70.31,60375.0
2026-02-04 10:01:00,70.31,70.49,70.3,70.45,37859.0
2026-02-04 10:02:00,70.445,70.67,70.43,70.49,42258.0
2026-02-04 10:03:00,70.47,70.49,70.16,70.27,58326.0
2026-02-04 10:04:00,70.27,70.46,70.22,70.32,35456.0
2026-02-04 10:05:00,70.33,70.335,69.97,70.16,50902.0
2026-02-04 10:06:00,70.18,70.28,70.11,70.28,34784.0
2026-02-04 10:07:00,70.295,70.295,69.78,69.875,57289.0
2026-02-04 10:08:00,69.88,69.96,69.73,69.81,34511.0
2026-02-04 10:09:00,69.81,69.85,69.54,69.61,23271.0
2026-02-04 10:10:00,69.61,69.89,69.51,69.79,39488.0
2026-02-04 10:11:00,69.795,69.89,69.45,69.65,44560.0
2026-02-04 10:12:00,69.62,69.92,69.45,69.86,31268.0
2026-02-04 10:13:00,69.87,69.94,69.52,69.68,46963.0
2026-02-04 10:14:00,69.69,69.96,69.67,69.77,40861.0
2026-02-04 10:15:00,69.77,69.85,69.62,69.74,39156.0
2026-02-04 10:16:00,69.72,69.91,69.67,69.83,33566.0
2026-02-04 10:17:00,69.83,69.98,69.83,69.9,26348.0
2026-02-04 10:18:00,69.9,70.08,69.7,69.86,33203.0
2026-02-04 10:19:00,69.89,70.03,69.89,69.98,32488.0
2026-02-04 10:20:00,69.96,70.01,69.63,69.85,31583.0
2026-02-04 10:21:00,69.84,69.94,69.59,69.6,27520.0
2026-02-04 10:22:00,69.59,69.92,69.55,69.92,28219.0
2026-02-04 10:23:00,69.94,69.98,69.33,69.42,62107.0
2026-02-04 10:24:00,69.43,69.47,69.29,69.43,23029.0
2026-02-04 10:25:00,69.44,69.5,69.17,69.21,25490.0
2026-02-04 10:26:00,69.24,69.53,69.08,69.52,45897.0
2026-02-04 10:27:00,69.51,69.63,69.33,69.63,30483.0
2026-02-04 10:28:00,69.61,69.71,69.52,69.679,23628.0
2026-02-04 10:29:00,69.69,69.71,69.49,69.55,17002.0
2026-02-04 10:30:00,69.53,69.81,69.46,69.78,38750.0
2026-02-04 10:31:00,69.76,69.97,69.75,69.85,47019.0
2026-02-04 10:32:00,69.85,69.92,69.72,69.85,20240.0
2026-02-04 10:33:00,69.87,70.04,69.85,70.01,21994.0
2026-02-04 10:34:00,70.01,70.2,70.01,70.13,37588.0
2026-02-04 10:35:00,70.13,70.32,70.1,70.27,34639.0
2026-02-04 10:36:00,70.3,70.45,70.22,70.28,39494.0
2026-02-04 10:37:00,70.25,70.49,70.25,70.42,24558.0
2026-02-04 10:38:00,70.41,70.56,69.69,69.72,164650.0
2026-02-04 10:39:00,69.74,69.92,69.5,69.905,32603.0
2026-02-04 10:40:00,69.94,70.07,69.57,69.62,26416.0
2026-02-04 10:41:00,69.62,69.73,69.37,69.68,26944.0
2026-02-04 10:42:00,69.67,69.78,69.57,69.78,11718.0
2026-02-04 10:43:00,69.8,70.07,69.8,69.91,16511.0
2026-02-04 10:44:00,69.88,69.95,69.71,69.87,13262.0
2026-02-04 10:45:00,69.88,69.98,69.77,69.98,15199.0
2026-02-04 10:46:00,70.0,70.29,70.0,70.07,30106.0
2026-02-04 10:47:00,69.99,70.2,69.92,70.19,18870.0
2026-02-04 10:48:00,70.2,70.26,70.09,70.14,26532.0
2026-02-04 10:49:00,70.135,70.29,70.11,70.21,13777.0
2026-02-04 10:50:00,70.22,70.31,70.08,70.25,21679.0
2026-02-04 10:51:00,70.27,70.33,70.16,70.25,20549.0
2026-02-04 10:52:00,70.23,70.25,70.08,70.11,11759.0
2026-02-04 10:53:00,70.135,70.31,69.95,70.31,12272.0
2026-02-04 10:54:00,70.28,70.31,70.11,70.11,8568.0
2026-02-04 10:55:00,70.13,70.15,69.99,70.09,11281.0
2026-02-04 10:56:00,70.11,70.39,70.05,70.38,15624.0
2026-02-04 10:57:00,70.38,70.445,70.32,70.44,19936.0
2026-02-04 10:58:00,70.43,70.47,70.11,70.11,63394.0
2026-02-04 10:59:00,70.11,70.4,70.09,70.32,20168.0
2026-02-04 11:00:00,70.31,70.47,70.18,70.47,36025.0
2026-02-04 11:01:00,70.48,70.6,70.43,70.6,20042.0
2026-02-04 11:02:00,70.6,70.885,70.6,70.88,28235.0
2026-02-04 11:03:00,70.88,70.925,70.81,70.831,24291.0
2026-02-04 11:04:00,70.87,70.96,70.8,70.96,21611.0
2026-02-04 11:05:00,70.95,70.99,70.89,70.99,24557.0
2026-02-04 11:06:00,70.975,70.975,70.69,70.82,27277.0
2026-02-04 11:07:00,70.81,70.98,70.8,70.98,14337.0
2026-02-04 11:08:00,70.99,71.01,70.84,71.01,22129.0
2026-02-04 11:09:00,71.0,71.11,70.97,71.01,22483.0
2026-02-04 11:10:00,71.02,71.11,70.94,70.95,30854.0
2026-02-04 11:11:00,70.97,71.04,70.84,70.9,20240.0
2026-02-04 11:12:00,70.89,70.94,70.45,70.49,28204.0
2026-02-04 11:13:00,70.47,70.61,70.395,70.51,21018.0
2026-02-04 11:14:00,70.54,70.65,70.5,70.64,37188.0
2026-02-04 11:15:00,70.62,70.63,70.47,70.52,32770.0
2026-02-04 11:16:00,70.54,70.9,70.52,70.86,39582.0
2026-02-04 11:17:00,70.86,71.01,70.82,70.95,22100.0
2026-02-04 11:18:00,70.95,71.03,70.89,70.97,13428.0
2026-02-04 11:19:00,70.94,71.19,70.93,71.11,31993.0
2026-02-04 11:20:00,71.11,71.13,70.9,70.94,30277.0
2026-02-04 11:21:00,70.93,71.14,70.9,71.125,11196.0
2026-02-04 11:22:00,71.13,71.15,71.02,71.02,15008.0
2026-02-04 11:23:00,71.02,71.07,70.77,70.81,23805.0
2026-02-04 11:24:00,70.81,70.83,70.62,70.65,13861.0
2026-02-04 11:25:00,70.63,70.75,70.57,70.68,21090.0
2026-02-04 11:26:00,70.7,70.72,70.43,70.51,38956.0
2026-02-04 11:27:00,70.495,70.51,70.43,70.45,20994.0
2026-02-04 11:28:00,70.49,70.65,70.47,70.57,19124.0
2026-02-04 11:29:00,70.58,70.58,70.43,70.48,20767.0
2026-02-04 11:30:00,70.48,70.77,70.45,70.73,34038.0
2026-02-04 11:31:00,70.74,70.77,70.65,70.73,11683.0
2026-02-04 11:32:00,70.75,70.76,70.66,70.73,11427.0
2026-02-04 11:33:00,70.735,70.95,70.69,70.95,18997.0
2026-02-04 11:34:00,70.96,71.02,70.911,71.02,13998.0
2026-02-04 11:35:00,71.01,71.06,70.9,70.93,11259.0
2026-02-04 11:36:00,70.94,71.11,70.92,71.1,6789.0
2026-02-04 11:37:00,71.07,71.15,71.02,71.11,9045.0
2026-02-04 11:38:00,71.11,71.2,70.91,71.16,19878.0
2026-02-04 11:39:00,71.16,71.235,71.05,71.22,17247.0
2026-02-04 11:40:00,71.24,71.48,71.21,71.48,22882.0
2026-02-04 11:41:00,71.48,71.51,71.42,71.51,26551.0
2026-02-04 11:42:00,71.52,71.52,71.43,71.52,11837.0
2026-02-04 11:43:00,71.53,71.66,71.52,71.64,21952.0
2026-02-04 11:44:00,71.62,71.72,71.6,71.7,15779.0
2026-02-04 11:45:00,71.72,71.76,71.69,71.74,9548.0
2026-02-04 11:46:00,71.73,71.82,71.68,71.82,20398.0
2026-02-04 11:47:00,71.81,71.86,71.77,71.77,14880.0
2026-02-04 11:48:00,71.78,71.92,71.71,71.91,7124.0
2026-02-04 11:49:00,71.9,72.0,71.89,71.91,40295.0
2026-02-04 11:50:00,71.88,71.98,71.77,71.965,13774.0
2026-02-04 11:51:00,71.95,72.095,71.9,71.92,26520.0
2026-02-04 11:52:00,71.93,71.94,71.73,71.74,9023.0
2026-02-04 11:53:00,71.73,71.9,71.73,71.845,9652.0
2026-02-04 11:54:00,71.81,71.89,71.66,71.66,16052.0
2026-02-04 11:55:00,71.66,71.67,71.38,71.51,13320.0
2026-02-04 11:56:00,71.5,71.63,71.44,71.44,10499.0
2026-02-04 11:57:00,71.46,71.46,71.3,71.32,12281.0
2026-02-04 11:58:00,71.32,71.41,71.28,71.33,12580.0
2026-02-04 11:59:00,71.32,71.33,71.18,71.24,12411.0
2026-02-04 12:00:00,71.255,71.41,71.22,71.35,26493.0
2026-02-04 12:01:00,71.33,71.38,71.24,71.26,22142.0
2026-02-04 12:02:00,71.25,71.33,71.2,71.29,20606.0
2026-02-04 12:03:00,71.29,71.31,71.07,71.24,20949.0
2026-02-04 12:04:00,71.2,71.25,71.12,71.175,8125.0
2026-02-04 12:05:00,71.185,71.23,71.1,71.22,11530.0
2026-02-04 12:06:00,71.22,71.37,71.22,71.32,25308.0
2026-02-04 12:07:00,71.31,71.46,71.25,71.41,44069.0
2026-02-04 12:08:00,71.41,71.41,71.26,71.34,15629.0
2026-02-04 12:09:00,71.33,71.4,71.2,71.4,22267.0
2026-02-04 12:10:00,71.39,71.59,71.355,71.545,44233.0
2026-02-04 12:11:00,71.59,71.66,71.48,71.48,34415.0
2026-02-04 12:12:00,71.49,71.54,71.4,71.42,16478.0
2026-02-04 12:13:00,71.42,71.43,71.26,71.32,9549.0
2026-02-04 12:14:00,71.29,71.32,71.22,71.3,11212.0
2026-02-04 12:15:00,71.28,71.4,71.2,71.33,18136.0
2026-02-04 12:16:00,71.34,71.58,71.34,71.565,15992.0
2026-02-04 12:17:00,71.58,71.63,71.48,71.63,6876.0
2026-02-04 12:18:00,71.62,71.65,71.51,71.645,14789.0
2026-02-04 12:19:00,71.64,71.69,71.57,71.685,9489.0
2026-02-04 12:20:00,71.68,71.77,71.63,71.63,13079.0
2026-02-04 12:21:00,71.64,71.71,71.53,71.57,6587.0
2026-02-04 12:22:00,71.59,71.8,71.57,71.8,13519.0
2026-02-04 12:23:00,71.79,71.835,71.7,71.75,9626.0
2026-02-04 12:24:00,71.74,71.78,71.67,71.74,6787.0
2026-02-04 12:25:00,71.71,71.82,71.67,71.73,3153.0
2026-02-04 12:26:00,71.75,71.9,71.72,71.9,8954.0
2026-02-04 12:27:00,71.91,72.45,71.91,72.2,204810.0
2026-02-04 12:28:00,72.2,72.4,72.08,72.36,25377.0
2026-02-04 12:29:00,72.35,72.54,72.34,72.435,32126.0
2026-02-04 12:30:00,72.47,72.59,72.39,72.53,46376.0
2026-02-04 12:31:00,72.5,72.55,72.04,72.15,61983.0
2026-02-04 12:32:00,72.16,72.46,71.97,72.43,28792.0
2026-02-04 12:33:00,72.43,72.46,72.27,72.34,11117.0
2026-02-04 12:34:00,72.33,72.57,72.33,72.46,25806.0
2026-02-04 12:35:00,72.47,72.66,72.47,72.66,17104.0
2026-02-04 12:36:00,72.68,72.76,72.61,72.76,15769.0
2026-02-04 12:37:00,72.73,72.87,72.73,72.87,32953.0
2026-02-04 12:38:00,72.88,72.97,72.87,72.94,18193.0
2026-02-04 12:39:00,72.94,73.0,72.87,72.99,26855.0
2026-02-04 12:40:00,73.0,73.14,72.97,72.97,26453.0
2026-02-04 12:41:00,72.98,72.99,72.77,72.77,15028.0
2026-02-04 12:42:00,72.8,73.03,72.77,72.99,15377.0
2026-02-04 12:43:00,72.98,73.06,72.91,73.0,12625.0
2026-02-04 12:44:00,73.02,73.03,72.7,72.72,19315.0
2026-02-04 12:45:00,72.72,72.93,72.64,72.91,23172.0
2026-02-04 12:46:00,72.92,72.99,72.82,72.82,27477.0
2026-02-04 12:47:00,72.83,72.95,72.83,72.93,8834.0
2026-02-04 12:48:00,72.97,73.1,72.92,73.1,33939.0
2026-02-04 12:49:00,73.08,73.15,73.03,73.05,16422.0
2026-02-04 12:50:00,73.06,73.26,73.06,73.15,23088.0
2026-02-04 12:51:00,73.17,73.185,72.985,73.05,24021.0
2026-02-04 12:52:00,73.05,73.08,72.81,72.89,20679.0
2026-02-04 12:53:00,72.89,72.95,72.79,72.9,19447.0
2026-02-04 12:54:00,72.89,72.91,72.73,72.77,16739.0
2026-02-04 12:55:00,72.75,72.76,72.53,72.54,22611.0
2026-02-04 12:56:00,72.55,72.72,72.53,72.72,13883.0
2026-02-04 12:57:00,72.72,72.76,72.56,72.59,17032.0
2026-02-04 12:58:00,72.59,72.59,72.46,72.57,29069.0
2026-02-04 12:59:00,72.56,72.65,72.52,72.53,16086.0
2026-02-04 13:00:00,72.53,72.74,72.41,72.71,64558.0
2026-02-04 13:01:00,72.69,72.82,72.63,72.79,26905.0
2026-02-04 13:02:00,72.82,72.87,72.73,72.87,14895.0
2026-02-04 13:03:00,72.88,72.89,72.75,72.785,10047.0
2026-02-04 13:04:00,72.78,72.81,72.64,72.64,21738.0
2026-02-04 13:05:00,72.63,72.65,72.47,72.47,25015.0
2026-02-04 13:06:00,72.49,72.54,72.36,72.41,18185.0
2026-02-04 13:07:00,72.41,72.445,72.36,72.41,30544.0
2026-02-04 13:08:00,72.39,72.52,72.33,72.45,23926.0
2026-02-04 13:09:00,72.45,72.95,72.45,72.945,40220.0
2026-02-04 13:10:00,72.95,72.96,72.78,72.82,22959.0
2026-02-04 13:11:00,72.81,72.87,72.76,72.8,55243.0
2026-02-04 13:12:00,72.81,72.93,72.81,72.86,17756.0
2026-02-04 13:13:00,72.86,72.9,72.64,72.7,19658.0
2026-02-04 13:14:00,72.71,72.74,72.63,72.71,10610.0
2026-02-04 13:15:00,72.72,72.77,72.59,72.73,30304.0
2026-02-04 13:16:00,72.74,72.84,72.74,72.84,14360.0
2026-02-04 13:17:00,72.81,72.83,72.74,72.819,25089.0
2026-02-04 13:18:00,72.81,72.83,72.73,72.83,41607.0
2026-02-04 13:19:00,72.84,72.92,72.81,72.86,9569.0
2026-02-04 13:20:00,72.88,72.88,72.77,72.85,10687.0
2026-02-04 13:21:00,72.85,72.905,72.75,72.76,28688.0
2026-02-04 13:22:00,72.77,72.79,72.6,72.6,23302.0
2026-02-04 13:23:00,72.59,72.62,72.49,72.53,31266.0
2026-02-04 13:24:00,72.5,72.55,72.44,72.44,23633.0
2026-02-04 13:25:00,72.43,72.43,72.175,72.19,60517.0
2026-02-04 13:26:00,72.19,72.23,72.05,72.08,57558.0
2026-02-04 13:27:00,72.06,72.1,71.98,72.07,62976.0
2026-02-04 13:28:00,72.07,72.07,71.98,72.01,31750.0
2026-02-04 13:29:00,72.025,72.05,71.91,71.98,27238.0
2026-02-04 13:30:00,71.98,72.37,71.97,72.27,64666.0
2026-02-04 13:31:00,72.3,72.33,72.17,72.29,19803.0
2026-02-04 13:32:00,72.3,72.63,72.26,72.62,21605.0
2026-02-04 13:33:00,72.63,72.69,72.57,72.62,16987.0
2026-02-04 13:34:00,72.61,72.69,72.515,72.53,23496.0
2026-02-04 13:35:00,72.52,72.53,72.3,72.51,15554.0
2026-02-04 13:36:00,72.5,72.59,72.42,72.42,18685.0
2026-02-04 13:37:00,72.38,72.47,72.36,72.43,8160.0
2026-02-04 13:38:00,72.45,72.53,72.39,72.435,17375.0
2026-02-04 13:39:00,72.45,72.57,72.36,72.38,25092.0
2026-02-04 13:40:00,72.38,72.48,72.34,72.42,17050.0
2026-02-04 13:41:00,72.4,72.48,72.36,72.4,10156.0
2026-02-04 13:42:00,72.38,72.4,72.02,72.06,36530.0
2026-02-04 13:43:00,72.08,72.3,72.08,72.28,34244.0
2026-02-04 13:44:00,72.29,72.41,72.26,72.41,19960.0
2026-02-04 13:45:00,72.42,72.545,72.42,72.545,13274.0
2026-02-04 13:46:00,72.54,72.56,72.39,72.44,14243.0
2026-02-04 13:47:00,72.43,72.54,72.41,72.53,16548.0
2026-02-04 13:48:00,72.55,72.59,72.48,72.49,12955.0
2026-02-04 13:49:00,72.5,72.6,72.355,72.6,20429.0
2026-02-04 13:50:00,72.6,72.81,72.59,72.81,19130.0
2026-02-04 13:51:00,72.8,72.83,72.75,72.805,21670.0
2026-02-04 13:52:00,72.79,72.82,72.54,72.54,22814.0
2026-02-04 13:53:00,72.55,72.59,72.42,72.42,10918.0
2026-02-04 13:54:00,72.41,72.44,72.23,72.28,19969.0
2026-02-04 13:55:00,72.29,72.29,72.12,72.14,24228.0
2026-02-04 13:56:00,72.14,72.14,71.99,72.0,28623.0
2026-02-04 13:57:00,72.04,72.04,71.89,71.9,21710.0
2026-02-04 13:58:00,71.89,72.02,71.86,71.95,40410.0
2026-02-04 13:59:00,71.96,72.24,71.95,72.14,25791.0
2026-02-04 14:00:00,72.11,72.24,72.08,72.22,30225.0
2026-02-04 14:01:00,72.2,72.27,72.12,72.24,18340.0
2026-02-04 14:02:00,72.23,72.23,72.03,72.05,13537.0
2026-02-04 14:03:00,72.035,72.09,72.0,72.09,17599.0
2026-02-04 14:04:00,72.07,72.36,72.07,72.34,105812.0
2026-02-04 14:05:00,72.36,72.6,72.36,72.42,56214.0
2026-02-04 14:06:00,72.46,72.51,72.38,72.48,32090.0
2026-02-04 14:07:00,72.5,72.59,72.48,72.57,30760.0
2026-02-04 14:08:00,72.57,72.59,72.37,72.37,27986.0
2026-02-04 14:09:00,72.375,72.39,72.21,72.27,40405.0
2026-02-04 14:10:00,72.26,72.31,72.19,72.26,15022.0
2026-02-04 14:11:00,72.27,72.3,72.18,72.23,9197.0
2026-02-04 14:12:00,72.21,72.25,72.16,72.2,17395.0
2026-02-04 14:13:00,72.24,72.26,72.14,72.22,6856.0
2026-02-04 14:14:00,72.21,72.34,72.18,72.28,16594.0
2026-02-04 14:15:00,72.3,72.3,72.17,72.21,15858.0
2026-02-04 14:16:00,72.22,72.27,72.17,72.22,20832.0
2026-02-04 14:17:00,72.27,72.27,72.2,72.2,14549.0
2026-02-04 14:18:00,72.22,72.23,71.98,71.98,17394.0
2026-02-04 14:19:00,71.97,72.13,71.9,72.11,25434.0
2026-02-04 14:20:00,72.1,72.115,71.96,72.04,26636.0
2026-02-04 14:21:00,72.04,72.34,72.04,72.34,28782.0
2026-02-04 14:22:00,72.34,72.4,72.275,72.31,24450.0
2026-02-04 14:23:00,72.32,72.36,72.21,72.31,17638.0
2026-02-04 14:24:00,72.29,72.29,72.02,72.09,34347.0
2026-02-04 14:25:00,72.1,72.115,71.955,72.03,15563.0
2026-02-04 14:26:00,72.03,72.18,72.01,72.04,30730.0
2026-02-04 14:27:00,72.04,72.06,71.95,71.95,24161.0
2026-02-04 14:28:00,71.94,72.01,71.91,71.91,15010.0
2026-02-04 14:29:00,71.93,71.93,71.8,71.83,62111.0
2026-02-04 14:30:00,71.84,71.85,71.59,71.7,61657.0
2026-02-04 14:31:00,71.68,71.68,71.55,71.61,33835.0
2026-02-04 14:32:00,71.57,71.655,71.53,71.54,24310.0
2026-02-04 14:33:00,71.55,71.64,71.53,71.55,39452.0
2026-02-04 14:34:00,71.53,71.55,71.49,71.5,28745.0
2026-02-04 14:35:00,71.5,71.65,71.41,71.6,19431.0
2026-02-04 14:36:00,71.6,71.7,71.55,71.65,25047.0
2026-02-04 14:37:00,71.67,71.7,71.52,71.55,24371.0
2026-02-04 14:38:00,71.53,71.63,71.525,71.6,11320.0
2026-02-04 14:39:00,71.59,71.6,71.52,71.58,16106.0
2026-02-04 14:40:00,71.57,71.61,71.46,71.46,13949.0
2026-02-04 14:41:00,71.47,71.49,71.32,71.36,21513.0
2026-02-04 14:42:00,71.34,71.355,71.23,71.3,16664.0
2026-02-04 14:43:00,71.28,71.3,71.165,71.19,24773.0
2026-02-04 14:44:00,71.18,71.37,71.18,71.33,23021.0
2026-02-04 14:45:00,71.31,71.42,71.29,71.35,15807.0
2026-02-04 14:46:00,71.33,71.34,70.94,71.02,33224.0
2026-02-04 14:47:00,71.02,71.22,71.02,71.18,56351.0
2026-02-04 14:48:00,71.17,71.21,70.64,70.72,221412.0
2026-02-04 14:49:00,70.7,71.02,70.69,71.0,40613.0
2026-02-04 14:50:00,70.97,71.1,70.96,71.06,20376.0
2026-02-04 14:51:00,71.02,71.045,70.8,70.91,28116.0
2026-02-04 14:52:00,70.91,70.93,70.715,70.73,21396.0
2026-02-04 14:53:00,70.73,70.74,70.64,70.7,42018.0
2026-02-04 14:54:00,70.7,70.9,70.7,70.89,44907.0
2026-02-04 14:55:00,70.9,70.98,70.815,70.815,25462.0
2026-02-04 14:56:00,70.82,70.84,70.72,70.74,21078.0
2026-02-04 14:57:00,70.73,70.74,70.595,70.655,17365.0
2026-02-04 14:58:00,70.66,70.66,70.59,70.64,7785.0
2026-02-04 14:59:00,70.64,70.735,70.63,70.66,25132.0
2026-02-04 15:00:00,70.66,70.87,70.57,70.87,36774.0
2026-02-04 15:01:00,70.87,71.0,70.84,70.99,23143.0
2026-02-04 15:02:00,70.97,71.08,70.94,71.07,9851.0
2026-02-04 15:03:00,71.04,71.04,70.9,70.92,9315.0
2026-02-04 15:04:00,70.89,71.025,70.87,71.0,11629.0
2026-02-04 15:05:00,71.01,71.02,70.94,71.01,13352.0
2026-02-04 15:06:00,70.99,71.02,70.91,70.95,15711.0
2026-02-04 15:07:00,70.93,71.02,70.93,71.01,15748.0
2026-02-04 15:08:00,70.97,71.01,70.915,70.97,13647.0
2026-02-04 15:09:00,70.95,70.95,70.835,70.84,16202.0
2026-02-04 15:10:00,70.83,70.94,70.8,70.94,21047.0
2026-02-04 15:11:00,70.945,71.21,70.945,71.21,18124.0
2026-02-04 15:12:00,71.205,71.32,71.19,71.25,25792.0
2026-02-04 15:13:00,71.24,71.35,71.24,71.25,16857.0
2026-02-04 15:14:00,71.24,71.26,71.14,71.14,14540.0
2026-02-04 15:15:00,71.14,71.18,71.045,71.06,18656.0
2026-02-04 15:16:00,71.05,71.29,71.04,71.22,11019.0
2026-02-04 15:17:00,71.21,71.22,71.14,71.14,7226.0
2026-02-04 15:18:00,71.12,71.19,71.08,71.17,8668.0
2026-02-04 15:19:00,71.18,71.18,71.06,71.11,5220.0
2026-02-04 15:20:00,71.12,71.23,71.1,71.23,10453.0
2026-02-04 15:21:00,71.22,71.26,71.07,71.12,9209.0
2026-02-04 15:22:00,71.11,71.12,70.99,71.05,15110.0
2026-02-04 15:23:00,71.05,71.06,70.93,70.95,12632.0
2026-02-04 15:24:00,70.94,70.97,70.87,70.95,12429.0
2026-02-04 15:25:00,70.93,71.08,70.93,71.05,7274.0
2026-02-04 15:26:00,71.03,71.03,70.93,70.93,17638.0
2026-02-04 15:27:00,70.95,70.95,70.81,70.89,12268.0
2026-02-04 15:28:00,70.87,70.96,70.87,70.91,10689.0
2026-02-04 15:29:00,70.9,71.07,70.88,71.04,10718.0
2026-02-04 15:30:00,71.035,71.11,70.99,71.07,15676.0
2026-02-04 15:31:00,71.12,71.14,71.0,71.14,6949.0
2026-02-04 15:32:00,71.12,71.2,71.12,71.12,15521.0
2026-02-04 15:33:00,71.12,71.12,70.97,70.97,15290.0
2026-02-04 15:34:00,70.975,71.01,70.9,71.0,23708.0
2026-02-04 15:35:00,71.0,71.09,70.97,71.09,24439.0
2026-02-04 15:36:00,71.06,71.11,70.95,70.96,16060.0
2026-02-04 15:37:00,70.97,71.0,70.84,70.84,8121.0
2026-02-04 15:38:00,70.86,70.9,70.8,70.83,12997.0
2026-02-04 15:39:00,70.83,70.92,70.82,70.83,7549.0
2026-02-04 15:40:00,70.81,70.85,70.76,70.77,17567.0
2026-02-04 15:41:00,70.79,70.89,70.785,70.88,14096.0
2026-02-04 15:42:00,70.88,70.92,70.8,70.83,14061.0
2026-02-04 15:43:00,70.8,70.88,70.72,70.88,13942.0
2026-02-04 15:44:00,70.87,71.0,70.87,70.99,12650.0
2026-02-04 15:45:00,71.0,71.04,70.98,71.03,21599.0
2026-02-04 15:46:00,71.03,71.13,71.02,71.02,19421.0
2026-02-04 15:47:00,70.99,70.99,70.8,70.85,21301.0
2026-02-04 15:48:00,70.86,70.92,70.82,70.83,15318.0
2026-02-04 15:49:00,70.85,70.89,70.83,70.86,8380.0
2026-02-04 15:50:00,70.85,71.11,70.79,71.11,99490.0
2026-02-04 15:51:00,71.1,71.24,71.08,71.22,47991.0
2026-02-04 15:52:00,71.21,71.3,71.18,71.19,39978.0
2026-02-04 15:53:00,71.17,71.31,71.13,71.28,30073.0
2026-02-04 15:54:00,71.27,71.52,71.24,71.48,40649.0
2026-02-04 15:55:00,71.5,71.59,71.41,71.5,72187.0
2026-02-04 15:56:00,71.51,71.68,71.51,71.6,26007.0
2026-02-04 15:57:00,71.605,71.64,71.53,71.565,37399.0
2026-02-04 15:58:00,71.555,71.62,71.51,71.51,20420.0
2026-02-04 15:59:00,71.51,71.605,71.435,71.54,217411.0
2026-02-05 09:30:00,73.515,74.18,73.515,74.02,173270.0
2026-02-05 09:31:00,74.02,74.29,73.75,74.29,57211.0
2026-02-05 09:32:00,74.28,74.52,73.605,73.92,106706.0
2026-02-05 09:33:00,73.93,74.12,73.58,74.04,68698.0
2026-02-05 09:34:00,74.03,74.11,73.14,73.16,40752.0
2026-02-05 09:35:00,73.15,73.34,72.86,73.31,57108.0
2026-02-05 09:36:00,73.26,73.45,73.14,73.42,89261.0
2026-02-05 09:37:00,73.4,73.62,72.79,72.82,69319.0
2026-02-05 09:38:00,72.83,72.85,72.45,72.52,61836.0
2026-02-05 09:39:00,72.51,72.59,72.38,72.39,81852.0
2026-02-05 09:40:00,72.36,72.65,72.23,72.23,75673.0
2026-02-05 09:41:00,72.22,72.77,72.14,72.76,40751.0
2026-02-05 09:42:00,72.76,72.865,72.35,72.61,63422.0
2026-02-05 09:43:00,72.62,72.66,72.24,72.34,53477.0
2026-02-05 09:44:00,72.3,72.36,72.08,72.27,49286.0
2026-02-05 09:45:00,72.265,72.47,72.15,72.28,62767.0
2026-02-05 09:46:00,72.27,72.47,72.11,72.24,53790.0
2026-02-05 09:47:00,72.25,72.35,72.05,72.33,42600.0
2026-02-05 09:48:00,72.33,72.58,72.07,72.58,54839.0
2026-02-05 09:49:00,72.58,72.6,72.12,72.16,41495.0
2026-02-05 09:50:00,72.16,72.32,71.88,72.11,86274.0
2026-02-05 09:51:00,72.08,72.61,72.02,72.47,59726.0
2026-02-05 09:52:00,72.51,72.68,72.36,72.52,55480.0
2026-02-05 09:53:00,72.5,72.6,72.18,72.58,41237.0
2026-02-05 09:54:00,72.58,72.86,72.43,72.72,59458.0
2026-02-05 09:55:00,72.7,73.085,72.6,72.96,77913.0
2026-02-05 09:56:00,72.98,73.23,72.98,73.17,46794.0
2026-02-05 09:57:00,73.19,73.36,73.05,73.25,106269.0
2026-02-05 09:58:00,73.24,73.42,73.17,73.41,58283.0
2026-02-05 09:59:00,73.42,73.59,73.38,73.48,53669.0
2026-02-05 10:00:00,73.51,73.92,73.21,73.91,201558.0
2026-02-05 10:01:00,73.92,74.19,73.87,74.09,74779.0
2026-02-05 10:02:00,74.11,74.22,73.82,74.0,73358.0
2026-02-05 10:03:00,73.98,74.24,73.93,74.17,62110.0
2026-02-05 10:04:00,74.15,74.27,73.95,74.07,62299.0
2026-02-05 10:05:00,74.05,74.32,74.02,74.26,68971.0
2026-02-05 10:06:00,74.27,74.39,74.08,74.39,54198.0
2026-02-05 10:07:00,74.37,74.49,74.31,74.44,36417.0
2026-02-05 10:08:00,74.45,74.59,74.33,74.48,72368.0
2026-02-05 10:09:00,74.47,74.52,74.17,74.32,56836.0
2026-02-05 10:10:00,74.36,74.605,74.11,74.58,55386.0
2026-02-05 10:11:00,74.57,74.81,74.54,74.8,61292.0
2026-02-05 10:12:00,74.8,74.98,74.74,74.97,65360.0
2026-02-05 10:13:00,74.97,75.07,74.93,75.04,88401.0
2026-02-05 10:14:00,75.03,75.32,75.02,75.31,62936.0
2026-02-05 10:15:00,75.31,75.37,75.06,75.1,128484.0
2026-02-05 10:16:00,75.1,75.12,74.56,74.78,70488.0
2026-02-05 10:17:00,74.8,74.89,74.48,74.74,51957.0
2026-02-05 10:18:00,74.73,74.84,74.59,74.81,31908.0
2026-02-05 10:19:00,74.82,74.91,74.59,74.61,40299.0
2026-02-05 10:20:00,74.63,74.82,74.59,74.78,38574.0
2026-02-05 10:21:00,74.8,74.97,74.65,74.77,43482.0
2026-02-05 10:22:00,74.8,74.99,74.45,74.96,78974.0
2026-02-05 10:23:00,74.97,75.11,74.81,75.05,47958.0
2026-02-05 10:24:00,75.07,75.12,74.84,74.92,26465.0
2026-02-05 10:25:00,74.93,74.95,74.43,74.84,61167.0
2026-02-05 10:26:00,74.85,75.2,74.85,75.2,34292.0
2026-02-05 10:27:00,75.21,75.3,75.07,75.24,43878.0
2026-02-05 10:28:00,75.23,75.23,74.74,75.11,40686.0
2026-02-05 10:29:00,75.09,75.22,75.07,75.14,36939.0
2026-02-05 10:30:00,75.14,75.17,74.75,74.87,53140.0
2026-02-05 10:31:00,74.87,75.2,74.83,75.2,30045.0
2026-02-05 10:32:00,75.2,75.34,75.16,75.29,21988.0
2026-02-05 10:33:00,75.275,75.35,75.09,75.21,35413.0
2026-02-05 10:34:00,75.21,75.34,75.05,75.23,51065.0
2026-02-05 10:35:00,75.24,75.26,75.0,75.2,51704.0
2026-02-05 10:36:00,75.21,75.25,75.07,75.14,26221.0
2026-02-05 10:37:00,75.12,75.19,74.88,74.88,39532.0
2026-02-05 10:38:00,74.93,75.0,74.63,74.64,43582.0
2026-02-05 10:39:00,74.665,74.665,74.35,74.38,42353.0
2026-02-05 10:40:00,74.39,74.77,74.38,74.46,70106.0
2026-02-05 10:41:00,74.52,74.68,74.47,74.49,55994.0
2026-02-05 10:42:00,74.48,74.51,74.1,74.2,52822.0
2026-02-05 10:43:00,74.22,74.44,74.14,74.4,29985.0
2026-02-05 10:44:00,74.4,74.4,74.1,74.28,29770.0
2026-02-05 10:45:00,74.3,74.785,74.17,74.785,84604.0
2026-02-05 10:46:00,74.785,75.04,74.73,74.98,37883.0
2026-02-05 10:47:00,74.97,75.0,74.84,75.0,21670.0
2026-02-05 10:48:00,75.0,75.15,74.93,75.141,67293.0
2026-02-05 10:49:00,75.14,75.2,75.06,75.06,46855.0
2026-02-05 10:50:00,75.05,75.08,74.79,74.94,64630.0
2026-02-05 10:51:00,74.97,75.02,74.63,74.75,27748.0
2026-02-05 10:52:00,74.75,74.99,74.74,74.93,49782.0
2026-02-05 10:53:00,74.93,74.96,74.49,74.83,63469.0
2026-02-05 10:54:00,74.79,74.98,74.61,74.96,39564.0
2026-02-05 10:55:00,74.97,74.98,74.81,74.81,25084.0
2026-02-05 10:56:00,74.83,74.93,74.645,74.88,32419.0
2026-02-05 10:57:00,74.905,75.2,74.89,75.17,47659.0
2026-02-05 10:58:00,75.18,75.21,74.74,74.9,37760.0
2026-02-05 10:59:00,74.92,74.97,74.7,74.7,29999.0
2026-02-05 11:00:00,74.66,74.8,74.57,74.62,41721.0
2026-02-05 11:01:00,74.62,74.69,74.53,74.62,25547.0
2026-02-05 11:02:00,74.6,74.79,74.56,74.69,22345.0
2026-02-05 11:03:00,74.69,74.97,74.69,74.94,24267.0
2026-02-05 11:04:00,74.94,75.08,74.85,75.07,33683.0
2026-02-05 11:05:00,75.08,75.09,74.99,75.03,25703.0
2026-02-05 11:06:00,75.07,75.15,74.88,75.07,43228.0
2026-02-05 11:07:00,75.1,75.22,74.98,75.21,37184.0
2026-02-05 11:08:00,75.21,75.28,75.14,75.27,16307.0
2026-02-05 11:09:00,75.281,75.32,75.12,75.3,24400.0
2026-02-05 11:10:00,75.32,75.32,74.87,75.11,47760.0
2026-02-05 11:11:00,75.11,75.22,75.02,75.19,17739.0
2026-02-05 11:12:00,75.19,75.21,75.06,75.08,42525.0
2026-02-05 11:13:00,75.09,75.29,75.09,75.21,18901.0
2026-02-05 11:14:00,75.21,75.42,75.18,75.35,47872.0
2026-02-05 11:15:00,75.36,75.37,74.66,74.7,69194.0
2026-02-05 11:16:00,74.71,74.75,74.49,74.49,44740.0
2026-02-05 11:17:00,74.48,74.55,74.33,74.44,94522.0
2026-02-05 11:18:00,74.43,74.5,74.29,74.39,37125.0
2026-02-05 11:19:00,74.36,74.39,74.225,74.3,52880.0
2026-02-05 11:20:00,74.31,74.33,74.04,74.27,91118.0
2026-02-05 11:21:00,74.28,74.3,74.12,74.15,31721.0
2026-02-05 11:22:00,74.16,74.16,73.785,73.835,60078.0
2026-02-05 11:23:00,73.83,74.24,73.755,74.24,39360.0
2026-02-05 11:24:00,74.24,74.25,73.84,73.84,30752.0
2026-02-05 11:25:00,73.83,74.0,73.7,74.0,46301.0
2026-02-05 11:26:00,73.99,73.99,73.8,73.845,33681.0
2026-02-05 11:27:00,73.83,73.86,73.59,73.68,43167.0
2026-02-05 11:28:00,73.65,73.65,73.44,73.46,41462.0
2026-02-05 11:29:00,73.46,73.53,73.39,73.41,42433.0
2026-02-05 11:30:00,73.41,73.41,73.18,73.29,69872.0
2026-02-05 11:31:00,73.27,73.48,73.23,73.4,37011.0
2026-02-05 11:32:00,73.35,73.47,73.22,73.46,27065.0
2026-02-05 11:33:00,73.46,73.46,73.13,73.15,41152.0
2026-02-05 11:34:00,73.16,73.25,73.05,73.1,32723.0
2026-02-05 11:35:00,73.1,73.33,73.09,73.23,26369.0
2026-02-05 11:36:00,73.21,73.34,73.06,73.33,30263.0
2026-02-05 11:37:00,73.32,73.33,73.18,73.28,11917.0
2026-02-05 11:38:00,73.27,73.38,73.07,73.11,40276.0
2026-02-05 11:39:00,73.11,73.33,73.075,73.3,18905.0
2026-02-05 11:40:00,73.28,73.43,73.1,73.36,20684.0
2026-02-05 11:41:00,73.37,73.565,73.365,73.41,42596.0
2026-02-05 11:42:00,73.4,73.415,73.2,73.28,16198.0
2026-02-05 11:43:00,73.27,73.37,73.09,73.37,30848.0
2026-02-05 11:44:00,73.39,73.44,73.24,73.39,20947.0
2026-02-05 11:45:00,73.41,73.63,73.39,73.62,34422.0
2026-02-05 11:46:00,73.62,73.77,73.62,73.71,49600.0
2026-02-05 11:47:00,73.69,73.83,73.69,73.8,23879.0
2026-02-05 11:48:00,73.79,73.82,73.69,73.77,15386.0
2026-02-05 11:49:00,73.775,73.84,73.41,73.41,43050.0
2026-02-05 11:50:00,73.39,73.41,73.17,73.22,28644.0
2026-02-05 11:51:00,73.25,73.27,72.98,73.19,57148.0
2026-02-05 11:52:00,73.18,73.18,72.98,73.03,31106.0
2026-02-05 11:53:00,73.03,73.1,72.97,73.03,28113.0
2026-02-05 11:54:00,73.02,73.06,72.89,72.97,21431.0
2026-02-05 11:55:00,72.97,72.97,72.76,72.84,33012.0
2026-02-05 11:56:00,72.85,73.31,72.84,73.08,35607.0
2026-02-05 11:57:00,73.095,73.16,73.01,73.08,21846.0
2026-02-05 11:58:00,73.08,73.2,73.03,73.16,13810.0
2026-02-05 11:59:00,73.18,73.225,72.97,72.99,27808.0
2026-02-05 12:00:00,72.99,73.4,72.96,73.33,44454.0
2026-02-05 12:01:00,73.33,73.37,73.27,73.32,15399.0
2026-02-05 12:02:00,73.35,73.35,73.23,73.34,17303.0
2026-02-05 12:03:00,73.35,73.53,73.29,73.49,56611.0
2026-02-05 12:04:00,73.53,73.73,73.53,73.58,35389.0
2026-02-05 12:05:00,73.57,73.61,73.445,73.49,6504.0
2026-02-05 12:06:00,73.52,73.55,73.31,73.55,15879.0
2026-02-05 12:07:00,73.57,73.66,73.39,73.44,15238.0
2026-02-05 12:08:00,73.44,73.54,73.41,73.47,7280.0
2026-02-05 12:09:00,73.51,73.63,73.5,73.53,10512.0
2026-02-05 12:10:00,73.58,73.71,73.505,73.71,8567.0
2026-02-05 12:11:00,73.69,73.69,73.39,73.69,22353.0
2026-02-05 12:12:00,73.7,73.79,73.67,73.69,18349.0
2026-02-05 12:13:00,73.71,73.71,73.51,73.61,30204.0
2026-02-05 12:14:00,73.6,73.6,73.4,73.48,15386.0
2026-02-05 12:15:00,73.49,73.64,73.46,73.56,16262.0
2026-02-05 12:16:00,73.54,73.6,73.44,73.52,21541.0
2026-02-05 12:17:00,73.51,73.665,73.48,73.57,17286.0
2026-02-05 12:18:00,73.57,73.63,73.48,73.49,9279.0
2026-02-05 12:19:00,73.49,73.64,73.46,73.62,9009.0
2026-02-05 12:20:00,73.63,73.89,73.55,73.82,23161.0
2026-02-05 12:21:00,73.83,73.9,73.76,73.81,13944.0
2026-02-05 12:22:00,73.78,73.78,73.51,73.59,24546.0
2026-02-05 12:23:00,73.6,73.62,73.29,73.31,19100.0
2026-02-05 12:24:00,73.28,73.29,73.01,73.01,22002.0
2026-02-05 12:25:00,73.0,73.0,72.84,72.85,16858.0
2026-02-05 12:26:00,72.84,72.84,72.71,72.78,15768.0
2026-02-05 12:27:00,72.79,72.89,72.72,72.78,13361.0
2026-02-05 12:28:00,72.77,72.87,72.69,72.8,10485.0
2026-02-05 12:29:00,72.83,72.99,72.81,72.93,12732.0
2026-02-05 12:30:00,72.91,72.93,72.745,72.89,20836.0
2026-02-05 12:31:00,72.88,73.14,72.86,73.14,27732.0
2026-02-05 12:32:00,73.13,73.15,72.89,72.91,9998.0
2026-02-05 12:33:00,72.94,73.14,72.91,73.1,8491.0
2026-02-05 12:34:00,73.06,73.2,73.06,73.19,6367.0
2026-02-05 12:35:00,73.19,73.27,73.07,73.09,17078.0
2026-02-05 12:36:00,73.08,73.11,72.89,72.94,7464.0
2026-02-05 12:37:00,72.94,73.08,72.9,72.95,7018.0
2026-02-05 12:38:00,72.95,73.02,72.87,72.88,3407.0
2026-02-05 12:39:00,72.9,72.99,72.89,72.96,3915.0
2026-02-05 12:40:00,72.97,73.02,72.62,72.65,23009.0
2026-02-05 12:41:00,72.64,72.84,72.59,72.76,11760.0
2026-02-05 12:42:00,72.76,72.86,72.74,72.86,7352.0
2026-02-05 12:43:00,72.82,72.97,72.76,72.81,11990.0
2026-02-05 12:44:00,72.84,73.0,72.82,72.82,5933.0
2026-02-05 12:45:00,72.81,72.86,72.62,72.62,7443.0
2026-02-05 12:46:00,72.61,72.68,72.51,72.54,10212.0
2026-02-05 12:47:00,72.5,72.81,72.5,72.74,22619.0
2026-02-05 12:48:00,72.72,73.13,72.71,73.125,21046.0
2026-02-05 12:49:00,73.16,73.22,73.05,73.16,9274.0
2026-02-05 12:50:00,73.17,73.38,73.17,73.215,14591.0
2026-02-05 12:51:00,73.2,73.22,72.935,73.1,20860.0
2026-02-05 12:52:00,73.1,73.2,73.0,73.19,20101.0
2026-02-05 12:53:00,73.17,73.17,72.99,73.05,14929.0
2026-02-05 12:54:00,73.05,73.23,73.0,73.23,8381.0
2026-02-05 12:55:00,73.26,73.37,73.23,73.26,9992.0
2026-02-05 12:56:00,73.27,73.34,73.19,73.21,9622.0
2026-02-05 12:57:00,73.22,73.35,73.2,73.33,10879.0
2026-02-05 12:58:00,73.33,73.5,73.32,73.41,25513.0
2026-02-05 12:59:00,73.41,73.44,73.31,73.39,13295.0
2026-02-05 13:00:00,73.39,73.41,73.16,73.2,19454.0
2026-02-05 13:01:00,73.19,73.22,73.0,73.0,18112.0
2026-02-05 13:02:00,72.99,73.06,72.96,72.99,10024.0
2026-02-05 13:03:00,73.03,73.16,73.03,73.13,8387.0
2026-02-05 13:04:00,73.13,73.28,73.07,73.26,6491.0
2026-02-05 13:05:00,73.26,73.42,73.26,73.38,9625.0
2026-02-05 13:06:00,73.41,73.49,73.33,73.42,9483.0
2026-02-05 13:07:00,73.4,73.49,73.32,73.47,5215.0
2026-02-05 13:08:00,73.48,73.53,73.38,73.52,9638.0
2026-02-05 13:09:00,73.52,73.6,73.46,73.54,15928.0
2026-02-05 13:10:00,73.54,73.67,73.47,73.67,11300.0
2026-02-05 13:11:00,73.69,73.7,73.48,73.5,22489.0
2026-02-05 13:12:00,73.45,73.51,73.31,73.32,17279.0
2026-02-05 13:13:00,73.31,73.5,73.31,73.5,8145.0
2026-02-05 13:14:00,73.5,73.52,73.4,73.47,5887.0
2026-02-05 13:15:00,73.475,73.53,73.42,73.49,4280.0
2026-02-05 13:16:00,73.49,73.6,73.38,73.59,7495.0
2026-02-05 13:17:00,73.63,73.63,73.49,73.59,6374.0
2026-02-05 13:18:00,73.58,73.67,73.56,73.62,4971.0
2026-02-05 13:19:00,73.61,73.62,73.47,73.59,8356.0
2026-02-05 13:20:00,73.61,73.76,73.54,73.76,9923.0
2026-02-05 13:21:00,73.755,73.82,73.66,73.76,18610.0
2026-02-05 13:22:00,73.76,73.9,73.72,73.87,12108.0
2026-02-05 13:23:00,73.89,74.01,73.88,73.9,19094.0
2026-02-05 13:24:00,73.9,73.97,73.79,73.87,7638.0
2026-02-05 13:25:00,73.87,73.96,73.85,73.94,15688.0
2026-02-05 13:26:00,73.93,73.94,73.69,73.75,17896.0
2026-02-05 13:27:00,73.74,73.84,73.65,73.785,12498.0
2026-02-05 13:28:00,73.79,73.89,73.72,73.85,7777.0
2026-02-05 13:29:00,73.84,73.89,73.82,73.82,7700.0
2026-02-05 13:30:00,73.84,73.85,73.64,73.71,13209.0
2026-02-05 13:31:00,73.73,73.73,73.49,73.58,10566.0
2026-02-05 13:32:00,73.57,73.73,73.57,73.71,8576.0
2026-02-05 13:33:00,73.74,73.8,73.63,73.79,7745.0
2026-02-05 13:34:00,73.85,73.86,73.7,73.71,10889.0
2026-02-05 13:35:00,73.7,73.84,73.69,73.83,4250.0
2026-02-05 13:36:00,73.82,73.87,73.8,73.85,7271.0
2026-02-05 13:37:00,73.86,73.88,73.73,73.82,9490.0
2026-02-05 13:38:00,73.82,73.94,73.79,73.94,9965.0
2026-02-05 13:39:00,73.96,74.0,73.93,73.98,12997.0
2026-02-05 13:40:00,73.98,74.095,73.98,74.09,12265.0
2026-02-05 13:41:00,74.06,74.16,73.96,73.97,19008.0
2026-02-05 13:42:00,73.98,74.04,73.94,73.96,9429.0
2026-02-05 13:43:00,73.99,74.07,73.86,73.99,9233.0
2026-02-05 13:44:00,74.025,74.025,73.89,73.98,6706.0
2026-02-05 13:45:00,74.02,74.02,73.89,73.97,6952.0
2026-02-05 13:46:00,74.0,74.14,73.99,74.13,8243.0
2026-02-05 13:47:00,74.165,74.21,74.09,74.19,11715.0
2026-02-05 13:48:00,74.2,74.24,74.145,74.21,9818.0
2026-02-05 13:49:00,74.19,74.215,74.11,74.16,7416.0
2026-02-05 13:50:00,74.19,74.31,74.19,74.31,7684.0
2026-02-05 13:51:00,74.31,74.36,74.21,74.21,10685.0
2026-02-05 13:52:00,74.24,74.33,74.21,74.33,7617.0
2026-02-05 13:53:00,74.34,74.43,74.32,74.35,8448.0
2026-02-05 13:54:00,74.37,74.37,74.27,74.3,8718.0
2026-02-05 13:55:00,74.31,74.42,74.31,74.4,5520.0
2026-02-05 13:56:00,74.41,74.43,74.29,74.3,6177.0
2026-02-05 13:57:00,74.3,74.3,74.13,74.205,23845.0
2026-02-05 13:58:00,74.21,74.24,74.13,74.19,9355.0
2026-02-05 13:59:00,74.17,74.17,73.995,74.1,13283.0
2026-02-05 14:00:00,74.11,74.19,74.03,74.03,11517.0
2026-02-05 14:01:00,74.04,74.23,74.03,74.19,8951.0
2026-02-05 14:02:00,74.175,74.175,74.05,74.05,13444.0
2026-02-05 14:03:00,74.045,74.045,73.82,73.84,24117.0
2026-02-05 14:04:00,73.83,73.87,73.73,73.87,7440.0
2026-02-05 14:05:00,73.885,73.92,73.78,73.82,13175.0
2026-02-05 14:06:00,73.82,73.82,73.63,73.7,19423.0
2026-02-05 14:07:00,73.7,73.83,73.6,73.83,13763.0
2026-02-05 14:08:00,73.86,73.88,73.73,73.76,10338.0
2026-02-05 14:09:00,73.76,73.78,73.645,73.645,11437.0
2026-02-05 14:10:00,73.64,73.65,73.495,73.51,11922.0
2026-02-05 14:11:00,73.5,73.52,73.34,73.35,16360.0
2026-02-05 14:12:00,73.33,73.43,73.19,73.21,20946.0
2026-02-05 14:13:00,73.2,73.23,73.12,73.2,12710.0
2026-02-05 14:14:00,73.18,73.26,73.14,73.22,10540.0
2026-02-05 14:15:00,73.23,73.28,73.185,73.25,10059.0
2026-02-05 14:16:00,73.22,73.22,73.08,73.14,18347.0
2026-02-05 14:17:00,73.12,73.16,73.05,73.06,16413.0
2026-02-05 14:18:00,73.04,73.06,72.97,73.03,14465.0
2026-02-05 14:19:00,73.01,73.04,72.99,73.03,16706.0
2026-02-05 14:20:00,73.0,73.09,72.99,73.04,3513.0
2026-02-05 14:21:00,73.02,73.09,72.93,73.09,14947.0
2026-02-05 14:22:00,73.09,73.13,73.04,73.04,8555.0
2026-02-05 14:23:00,73.02,73.08,72.93,73.02,8264.0
2026-02-05 14:24:00,73.0,73.09,73.0,73.09,7004.0
2026-02-05 14:25:00,73.1,73.41,73.1,73.4,20010.0
2026-02-05 14:26:00,73.38,73.46,73.33,73.4,10641.0
2026-02-05 14:27:00,73.425,73.53,73.38,73.51,33525.0
2026-02-05 14:28:00,73.52,73.54,73.43,73.445,10205.0
2026-02-05 14:29:00,73.45,73.59,73.42,73.55,11509.0
2026-02-05 14:30:00,73.57,73.84,73.565,73.81,36061.0
2026-02-05 14:31:00,73.82,73.92,73.78,73.9,14068.0
2026-02-05 14:32:00,73.91,74.21,73.91,74.2,51310.0
2026-02-05 14:33:00,74.2,74.25,74.03,74.16,19459.0
2026-02-05 14:34:00,74.16,74.17,73.92,73.93,14118.0
2026-02-05 14:35:00,73.92,74.02,73.86,73.89,9807.0
2026-02-05 14:36:00,73.9,74.06,73.82,74.03,16123.0
2026-02-05 14:37:00,74.04,74.08,73.9,73.96,12048.0
2026-02-05 14:38:00,73.96,74.0,73.74,73.85,12995.0
2026-02-05 14:39:00,73.855,73.99,73.84,73.97,6810.0
2026-02-05 14:40:00,73.97,74.09,73.93,74.09,4796.0
2026-02-05 14:41:00,74.1,74.18,74.02,74.06,15078.0
2026-02-05 14:42:00,74.07,74.15,73.99,74.15,7270.0
2026-02-05 14:43:00,74.15,74.17,73.98,74.005,10996.0
2026-02-05 14:44:00,74.0,74.13,73.98,74.13,6561.0
2026-02-05 14:45:00,74.14,74.14,73.98,74.12,13203.0
2026-02-05 14:46:00,74.11,74.22,74.08,74.22,6906.0
2026-02-05 14:47:00,74.22,74.26,74.16,74.22,8192.0
2026-02-05 14:48:00,74.2,74.24,74.1,74.19,5606.0
2026-02-05 14:49:00,74.2,74.2,74.16,74.18,2830.0
2026-02-05 14:50:00,74.15,74.29,74.14,74.21,4548.0
2026-02-05 14:51:00,74.24,74.27,74.17,74.27,4057.0
2026-02-05 14:52:00,74.26,74.335,74.21,74.32,15438.0
2026-02-05 14:53:00,74.3,74.31,74.23,74.28,10023.0
2026-02-05 14:54:00,74.27,74.32,74.06,74.24,22939.0
2026-02-05 14:55:00,74.22,74.24,74.09,74.13,24654.0
2026-02-05 14:56:00,74.17,74.25,74.09,74.22,8202.0
2026-02-05 14:57:00,74.22,74.23,74.14,74.21,7784.0
2026-02-05 14:58:00,74.19,74.22,74.11,74.11,4038.0
2026-02-05 14:59:00,74.06,74.07,73.97,74.02,16887.0
2026-02-05 15:00:00,74.01,74.16,74.005,74.09,15228.0
2026-02-05 15:01:00,74.09,74.09,73.86,73.86,13853.0
2026-02-05 15:02:00,73.84,73.9,73.78,73.81,22187.0
2026-02-05 15:03:00,73.84,73.92,73.84,73.85,11598.0
2026-02-05 15:04:00,73.85,73.86,73.78,73.78,14860.0
2026-02-05 15:05:00,73.8,73.86,73.75,73.86,9262.0
2026-02-05 15:06:00,73.85,73.91,73.64,73.69,12413.0
2026-02-05 15:07:00,73.69,73.69,73.4,73.41,27809.0
2026-02-05 15:08:00,73.41,73.43,73.37,73.41,14317.0
2026-02-05 15:09:00,73.39,73.41,73.28,73.3,7374.0
2026-02-05 15:10:00,73.315,73.4,73.24,73.25,12723.0
2026-02-05 15:11:00,73.22,73.42,73.19,73.41,7269.0
2026-02-05 15:12:00,73.38,73.575,73.38,73.575,12284.0
2026-02-05 15:13:00,73.58,73.72,73.56,73.63,8176.0
2026-02-05 15:14:00,73.63,73.69,73.6,73.69,6438.0
2026-02-05 15:15:00,73.71,74.07,73.71,74.01,16837.0
2026-02-05 15:16:00,74.035,74.05,73.94,74.04,21447.0
2026-02-05 15:17:00,74.055,74.1,73.97,74.05,22041.0
2026-02-05 15:18:00,74.06,74.06,73.94,73.965,11700.0
2026-02-05 15:19:00,73.97,74.17,73.97,74.16,10211.0
2026-02-05 15:20:00,74.17,74.27,74.12,74.27,9272.0
2026-02-05 15:21:00,74.28,74.39,74.28,74.39,10594.0
2026-02-05 15:22:00,74.37,74.52,74.24,74.5,17345.0
2026-02-05 15:23:00,74.49,74.58,74.43,74.52,11914.0
2026-02-05 15:24:00,74.52,74.55,74.39,74.5,20790.0
2026-02-05 15:25:00,74.51,74.655,74.51,74.62,8130.0
2026-02-05 15:26:00,74.61,74.64,74.56,74.58,9986.0
2026-02-05 15:27:00,74.56,74.62,74.49,74.54,7365.0
2026-02-05 15:28:00,74.57,74.62,74.5,74.59,6776.0
2026-02-05 15:29:00,74.59,74.7,74.56,74.645,17919.0
2026-02-05 15:30:00,74.64,74.72,74.49,74.52,12125.0
2026-02-05 15:31:00,74.54,74.75,74.54,74.72,11656.0
2026-02-05 15:32:00,74.73,74.79,74.71,74.74,22373.0
2026-02-05 15:33:00,74.73,74.73,74.6,74.6,6479.0
2026-02-05 15:34:00,74.58,74.74,74.505,74.73,6582.0
2026-02-05 15:35:00,74.72,74.82,74.69,74.71,16317.0
2026-02-05 15:36:00,74.73,74.78,74.65,74.71,6498.0
2026-02-05 15:37:00,74.71,74.71,74.57,74.64,9180.0
2026-02-05 15:38:00,74.65,74.72,74.65,74.71,6460.0
2026-02-05 15:39:00,74.69,74.69,74.57,74.61,18453.0
2026-02-05 15:40:00,74.59,74.62,74.33,74.45,37817.0
2026-02-05 15:41:00,74.45,74.55,74.43,74.55,8651.0
2026-02-05 15:42:00,74.53,74.6,74.47,74.57,17830.0
2026-02-05 15:43:00,74.56,74.84,74.56,74.84,9799.0
2026-02-05 15:44:00,74.84,74.93,74.82,74.84,17123.0
2026-02-05 15:45:00,74.9,74.96,74.795,74.88,24280.0
2026-02-05 15:46:00,74.885,74.94,74.82,74.94,6539.0
2026-02-05 15:47:00,74.94,75.0,74.93,74.96,14693.0
2026-02-05 15:48:00,74.96,75.0,74.91,74.96,14624.0
2026-02-05 15:49:00,74.96,75.0,74.85,74.87,10893.0
2026-02-05 15:50:00,74.82,74.98,74.69,74.98,73338.0
2026-02-05 15:51:00,75.0,75.15,75.0,75.05,22842.0
2026-02-05 15:52:00,75.05,75.24,75.05,75.14,27775.0
2026-02-05 15:53:00,75.15,75.19,75.02,75.02,25515.0
2026-02-05 15:54:00,75.0,75.04,74.78,74.79,79712.0
2026-02-05 15:55:00,74.79,74.85,74.66,74.67,44208.0
2026-02-05 15:56:00,74.65,74.69,74.53,74.56,137782.0
2026-02-05 15:57:00,74.56,74.59,74.41,74.46,52288.0
2026-02-05 15:58:00,74.46,74.575,74.44,74.53,29329.0
2026-02-05 15:59:00,74.54,74.64,74.46,74.62,107007.0
2026-02-06 09:30:00,73.54,73.9,73.48,73.73,147957.0
2026-02-06 09:31:00,73.71,73.87,73.42,73.59,69823.0
2026-02-06 09:32:00,73.64,74.07,72.88,72.88,69369.0
2026-02-06 09:33:00,72.85,72.86,72.55,72.6,56079.0
2026-02-06 09:34:00,72.54,72.78,72.4,72.67,56943.0
2026-02-06 09:35:00,72.645,72.83,72.55,72.66,52964.0
2026-02-06 09:36:00,72.66,73.0,72.62,72.66,49928.0
2026-02-06 09:37:00,72.66,72.8,72.5,72.5,49524.0
2026-02-06 09:38:00,72.49,72.49,72.13,72.2,50236.0
2026-02-06 09:39:00,72.19,72.26,72.08,72.18,41029.0
2026-02-06 09:40:00,72.15,72.46,72.04,72.11,96870.0
2026-02-06 09:41:00,72.11,72.74,72.05,72.69,74818.0
2026-02-06 09:42:00,72.68,72.76,72.52,72.64,54492.0
2026-02-06 09:43:00,72.62,72.65,72.3,72.32,29546.0
2026-02-06 09:44:00,72.32,72.39,72.04,72.04,36970.0
2026-02-06 09:45:00,72.04,72.08,71.89,72.02,62511.0
2026-02-06 09:46:00,71.99,72.29,71.85,72.1,66384.0
2026-02-06 09:47:00,72.13,72.23,71.88,71.93,27046.0
2026-02-06 09:48:00,71.93,72.05,71.82,71.9,34045.0
2026-02-06 09:49:00,71.88,72.26,71.84,71.97,60707.0
2026-02-06 09:50:00,71.94,72.1,71.86,71.94,30809.0
2026-02-06 09:51:00,71.9,71.91,71.55,71.59,35277.0
2026-02-06 09:52:00,71.59,71.74,71.52,71.57,26271.0
2026-02-06 09:53:00,71.57,72.0,71.55,72.0,22937.0
2026-02-06 09:54:00,71.96,72.2,71.895,72.18,34166.0
2026-02-06 09:55:00,72.19,72.55,72.19,72.42,53434.0
2026-02-06 09:56:00,72.43,72.67,72.42,72.66,57311.0
2026-02-06 09:57:00,72.66,72.69,72.33,72.34,38773.0
2026-02-06 09:58:00,72.35,72.73,72.35,72.56,37550.0
2026-02-06 09:59:00,72.55,72.72,72.55,72.7,40820.0
2026-02-06 10:00:00,72.64,72.9,72.61,72.79,32509.0
2026-02-06 10:01:00,72.79,73.14,72.76,73.03,37868.0
2026-02-06 10:02:00,73.0,73.14,72.89,73.04,53404.0
2026-02-06 10:03:00,73.05,73.23,72.93,73.22,43137.0
2026-02-06 10:04:00,73.21,73.32,73.14,73.18,51818.0
2026-02-06 10:05:00,73.18,73.23,72.75,73.11,56544.0
2026-02-06 10:06:00,73.085,73.51,73.08,73.5,29693.0
2026-02-06 10:07:00,73.47,73.56,73.21,73.24,47673.0
2026-02-06 10:08:00,73.28,73.45,73.24,73.27,35794.0
2026-02-06 10:09:00,73.23,73.33,73.1,73.3,42277.0
2026-02-06 10:10:00,73.29,73.29,72.86,72.89,41807.0
2026-02-06 10:11:00,72.89,72.92,72.56,72.77,51871.0
2026-02-06 10:12:00,72.76,73.24,72.72,73.2,61532.0
2026-02-06 10:13:00,73.22,73.49,73.15,73.38,46624.0
2026-02-06 10:14:00,73.37,73.47,73.24,73.45,31875.0
2026-02-06 10:15:00,73.44,73.51,73.26,73.4,45298.0
2026-02-06 10:16:00,73.4,73.69,73.08,73.08,48306.0
2026-02-06 10:17:00,73.05,73.2,72.83,73.07,71843.0
2026-02-06 10:18:00,73.09,73.25,72.7,72.76,52318.0
2026-02-06 10:19:00,72.73,72.92,72.63,72.73,25413.0
2026-02-06 10:20:00,72.73,72.79,72.62,72.79,37549.0
2026-02-06 10:21:00,72.79,72.82,72.29,72.46,63639.0
2026-02-06 10:22:00,72.45,72.47,72.26,72.32,31366.0
2026-02-06 10:23:00,72.32,73.09,72.24,73.02,85754.0
2026-02-06 10:24:00,73.01,73.11,72.78,72.85,22640.0
2026-02-06 10:25:00,72.88,72.94,72.38,72.41,36030.0
2026-02-06 10:26:00,72.4,72.47,72.23,72.25,27878.0
2026-02-06 10:27:00,72.26,72.53,72.22,72.41,24889.0
2026-02-06 10:28:00,72.42,72.44,72.14,72.32,20390.0
2026-02-06 10:29:00,72.34,72.43,72.24,72.25,29769.0
2026-02-06 10:30:00,72.25,72.48,72.23,72.4,68191.0
2026-02-06 10:31:00,72.39,72.64,72.39,72.48,38156.0
2026-02-06 10:32:00,72.5,72.58,72.33,72.35,30242.0
2026-02-06 10:33:00,72.37,72.43,72.1,72.13,38044.0
2026-02-06 10:34:00,72.14,72.14,71.99,72.05,29238.0
2026-02-06 10:35:00,72.05,72.2,71.98,72.01,24034.0
2026-02-06 10:36:00,72.02,72.25,72.015,72.19,24082.0
2026-02-06 10:37:00,72.19,72.22,72.11,72.12,22518.0
2026-02-06 10:38:00,72.14,72.18,72.08,72.12,25360.0
2026-02-06 10:39:00,72.14,72.18,72.06,72.16,13131.0
2026-02-06 10:40:00,72.12,72.22,72.03,72.1,19198.0
2026-02-06 10:41:00,72.12,72.14,72.04,72.14,15310.0
2026-02-06 10:42:00,72.13,72.18,71.885,71.98,46911.0
2026-02-06 10:43:00,71.98,72.1,71.87,72.01,29600.0
2026-02-06 10:44:00,72.03,72.11,71.95,72.05,10795.0
2026-02-06 10:45:00,72.04,72.06,71.93,71.99,16030.0
2026-02-06 10:46:00,71.98,72.0,71.78,71.78,26122.0
2026-02-06 10:47:00,71.79,71.84,71.72,71.74,14178.0
2026-02-06 10:48:00,71.74,72.13,71.74,72.11,32921.0
2026-02-06 10:49:00,72.11,72.19,72.01,72.17,55886.0
2026-02-06 10:50:00,72.17,72.61,72.17,72.61,46811.0
2026-02-06 10:51:00,72.62,72.63,72.44,72.55,42254.0
2026-02-06 10:52:00,72.53,72.75,72.5,72.75,26148.0
2026-02-06 10:53:00,72.745,72.8,72.72,72.8,18823.0
2026-02-06 10:54:00,72.81,72.99,72.77,72.9,20834.0
2026-02-06 10:55:00,72.91,72.97,72.56,72.56,26531.0
2026-02-06 10:56:00,72.529,72.63,72.385,72.49,17926.0
2026-02-06 10:57:00,72.51,72.56,72.4,72.44,14981.0
2026-02-06 10:58:00,72.44,72.53,72.3,72.48,28758.0
2026-02-06 10:59:00,72.49,72.57,72.275,72.31,12129.0
2026-02-06 11:00:00,72.32,72.44,72.27,72.36,20039.0
2026-02-06 11:01:00,72.36,72.4,72.13,72.14,18569.0
2026-02-06 11:02:00,72.15,72.215,71.97,72.02,51245.0
2026-02-06 11:03:00,72.0,72.01,71.83,71.84,19882.0
2026-02-06 11:04:00,71.83,71.9,71.75,71.75,28556.0
2026-02-06 11:05:00,71.75,71.83,71.67,71.8,24791.0
2026-02-06 11:06:00,71.78,71.86,71.62,71.62,18323.0
2026-02-06 11:07:00,71.61,71.61,71.42,71.51,44682.0
2026-02-06 11:08:00,71.52,71.7,71.47,71.66,39080.0
2026-02-06 11:09:00,71.64,71.65,71.56,71.59,19733.0
2026-02-06 11:10:00,71.56,71.56,71.44,71.45,12713.0
2026-02-06 11:11:00,71.46,71.6,71.39,71.39,18176.0
2026-02-06 11:12:00,71.39,71.47,71.39,71.46,10942.0
2026-02-06 11:13:00,71.465,71.5,71.355,71.355,10259.0
2026-02-06 11:14:00,71.36,71.41,71.34,71.34,11171.0
2026-02-06 11:15:00,71.35,71.38,71.29,71.36,12289.0
2026-02-06 11:16:00,71.35,71.57,71.35,71.55,17288.0
2026-02-06 11:17:00,71.53,71.59,71.52,71.54,16435.0
2026-02-06 11:18:00,71.56,71.57,71.44,71.47,10574.0
2026-02-06 11:19:00,71.44,71.5,71.43,71.46,7229.0
2026-02-06 11:20:00,71.44,71.48,71.31,71.38,12013.0
2026-02-06 11:21:00,71.36,71.37,71.11,71.11,25267.0
2026-02-06 11:22:00,71.11,71.28,71.06,71.27,25310.0
2026-02-06 11:23:00,71.25,71.25,71.16,71.25,9267.0
2026-02-06 11:24:00,71.25,71.32,71.23,71.27,8787.0
2026-02-06 11:25:00,71.29,71.42,71.27,71.41,18079.0
2026-02-06 11:26:00,71.4,71.46,71.32,71.41,39421.0
2026-02-06 11:27:00,71.4,71.565,71.4,71.54,28985.0
2026-02-06 11:28:00,71.52,71.56,71.42,71.44,26072.0
2026-02-06 11:29:00,71.42,71.44,71.31,71.31,9231.0
2026-02-06 11:30:00,71.32,71.34,71.16,71.22,43178.0
2026-02-06 11:31:00,71.23,71.31,71.23,71.27,20840.0
2026-02-06 11:32:00,71.27,71.27,71.13,71.2,9748.0
2026-02-06 11:33:00,71.21,71.23,71.13,71.13,12894.0
2026-02-06 11:34:00,71.13,71.14,71.03,71.03,13411.0
2026-02-06 11:35:00,71.02,71.06,70.94,70.97,37478.0
2026-02-06 11:36:00,70.97,71.08,70.97,71.01,23187.0
2026-02-06 11:37:00,71.03,71.14,71.02,71.1,12239.0
2026-02-06 11:38:00,71.08,71.1,70.98,71.06,18271.0
2026-02-06 11:39:00,71.08,71.09,71.0,71.07,4396.0
2026-02-06 11:40:00,71.07,71.11,70.95,70.98,56722.0
2026-02-06 11:41:00,70.98,70.99,70.93,70.93,13022.0
2026-02-06 11:42:00,70.92,71.05,70.9,71.02,21263.0
2026-02-06 11:43:00,71.0,71.1,70.96,71.09,8667.0
2026-02-06 11:44:00,71.1,71.28,71.1,71.14,37808.0
2026-02-06 11:45:00,71.135,71.16,71.045,71.13,15005.0
2026-02-06 11:46:00,71.12,71.24,71.1,71.1,13712.0
2026-02-06 11:47:00,71.1,71.22,71.1,71.22,6655.0
2026-02-06 11:48:00,71.14,71.19,71.09,71.17,4583.0
2026-02-06 11:49:00,71.18,71.21,71.1,71.1,10420.0
2026-02-06 11:50:00,71.09,71.12,71.05,71.06,5541.0
2026-02-06 11:51:00,71.07,71.09,71.02,71.08,3578.0
2026-02-06 11:52:00,71.07,71.12,71.03,71.12,13484.0
2026-02-06 11:53:00,71.12,71.13,71.01,71.05,9285.0
2026-02-06 11:54:00,71.05,71.14,71.04,71.1,7467.0
2026-02-06 11:55:00,71.11,71.27,71.1,71.22,7921.0
2026-02-06 11:56:00,71.225,71.35,71.2,71.3,11925.0
2026-02-06 11:57:00,71.3,71.43,71.3,71.43,20041.0
2026-02-06 11:58:00,71.43,71.57,71.415,71.48,36839.0
2026-02-06 11:59:00,71.46,71.47,71.35,71.35,9504.0
2026-02-06 12:00:00,71.33,71.48,71.33,71.48,17164.0
2026-02-06 12:01:00,71.47,71.47,71.32,71.32,9545.0
2026-02-06 12:02:00,71.3,71.36,71.27,71.33,3835.0
2026-02-06 12:03:00,71.32,71.37,71.23,71.23,6294.0
2026-02-06 12:04:00,71.24,71.255,71.14,71.14,55954.0
2026-02-06 12:05:00,71.12,71.12,71.04,71.06,17503.0
2026-02-06 12:06:00,71.05,71.09,71.02,71.04,6950.0
2026-02-06 12:07:00,71.05,71.06,70.95,70.97,35287.0
2026-02-06 12:08:00,70.96,71.0,70.91,70.98,8490.0
2026-02-06 12:09:00,70.98,70.99,70.94,70.94,8518.0
2026-02-06 12:10:00,70.94,70.94,70.87,70.87,10482.0
2026-02-06 12:11:00,70.88,70.93,70.87,70.92,9457.0
2026-02-06 12:12:00,70.92,71.12,70.89,71.09,9868.0
2026-02-06 12:13:00,71.085,71.15,70.96,70.96,15476.0
2026-02-06 12:14:00,70.97,71.0,70.91,70.98,9561.0
2026-02-06 12:15:00,70.99,71.1,70.97,71.07,12491.0
2026-02-06 12:16:00,71.06,71.105,71.02,71.06,7127.0
2026-02-06 12:17:00,71.05,71.13,70.94,70.96,5899.0
2026-02-06 12:18:00,70.94,71.0,70.91,70.91,3745.0
2026-02-06 12:19:00,70.91,70.95,70.79,70.93,11481.0
2026-02-06 12:20:00,70.94,70.99,70.94,70.97,5474.0
2026-02-06 12:21:00,70.97,71.0,70.94,70.96,6555.0
2026-02-06 12:22:00,71.01,71.07,70.98,70.98,7941.0
2026-02-06 12:23:00,70.98,71.02,70.95,71.01,6747.0
2026-02-06 12:24:00,70.99,71.01,70.97,70.97,8083.0
2026-02-06 12:25:00,70.96,70.97,70.89,70.93,11865.0
2026-02-06 12:26:00,70.93,70.96,70.88,70.88,4632.0
2026-02-06 12:27:00,70.87,70.88,70.75,70.76,11860.0
2026-02-06 12:28:00,70.77,70.82,70.72,70.78,12403.0
2026-02-06 12:29:00,70.78,70.78,70.7,70.74,12395.0
2026-02-06 12:30:00,70.74,70.75,70.68,70.68,7159.0
2026-02-06 12:31:00,70.67,70.67,70.59,70.62,10662.0
2026-02-06 12:32:00,70.62,70.62,70.485,70.5,16523.0
2026-02-06 12:33:00,70.51,70.59,70.51,70.54,19823.0
2026-02-06 12:34:00,70.53,70.59,70.51,70.57,9037.0
2026-02-06 12:35:00,70.58,70.8,70.58,70.8,27737.0
2026-02-06 12:36:00,70.82,70.89,70.76,70.88,12262.0
2026-02-06 12:37:00,70.87,70.95,70.82,70.9,42314.0
2026-02-06 12:38:00,70.88,70.98,70.88,70.98,9144.0
2026-02-06 12:39:00,70.99,71.02,70.92,70.96,10998.0
2026-02-06 12:40:00,70.91,70.95,70.85,70.9,7315.0
2026-02-06 12:41:00,70.87,70.87,70.7,70.73,3787.0
2026-02-06 12:42:00,70.72,70.77,70.72,70.75,3935.0
2026-02-06 12:43:00,70.78,70.85,70.72,70.73,5006.0
2026-02-06 12:44:00,70.71,70.76,70.71,70.72,3695.0
2026-02-06 12:45:00,70.71,70.72,70.62,70.66,36712.0
2026-02-06 12:46:00,70.67,70.67,70.6,70.64,2730.0
2026-02-06 12:47:00,70.64,70.64,70.61,70.64,4220.0
2026-02-06 12:48:00,70.61,70.64,70.57,70.57,7838.0
2026-02-06 12:49:00,70.57,70.65,70.55,70.61,13319.0
2026-02-06 12:50:00,70.58,70.65,70.57,70.65,4368.0
2026-02-06 12:51:00,70.66,70.7,70.46,70.46,18426.0
2026-02-06 12:52:00,70.47,70.51,70.39,70.51,16541.0
2026-02-06 12:53:00,70.51,70.57,70.49,70.54,5664.0
2026-02-06 12:54:00,70.52,70.6,70.49,70.58,13604.0
2026-02-06 12:55:00,70.6,70.61,70.54,70.58,5007.0
2026-02-06 12:56:00,70.6,70.6,70.49,70.52,3306.0
2026-02-06 12:57:00,70.52,70.53,70.47,70.53,4341.0
2026-02-06 12:58:00,70.505,70.52,70.46,70.49,8863.0
2026-02-06 12:59:00,70.47,70.53,70.46,70.53,4399.0
2026-02-06 13:00:00,70.52,70.53,70.37,70.41,13017.0
2026-02-06 13:01:00,70.42,70.46,70.415,70.43,5421.0
2026-02-06 13:02:00,70.43,70.435,70.335,70.42,9007.0
2026-02-06 13:03:00,70.41,70.42,70.33,70.35,3248.0
2026-02-06 13:04:00,70.35,70.35,70.26,70.27,9712.0
2026-02-06 13:05:00,70.28,70.32,70.27,70.29,26499.0
2026-02-06 13:06:00,70.27,70.3,70.24,70.28,28958.0
2026-02-06 13:07:00,70.31,70.38,70.31,70.345,35459.0
2026-02-06 13:08:00,70.34,70.49,70.34,70.49,14010.0
2026-02-06 13:09:00,70.5,70.525,70.45,70.46,16101.0
2026-02-06 13:10:00,70.45,70.5,70.41,70.5,4913.0
2026-02-06 13:11:00,70.5,70.52,70.48,70.48,10646.0
2026-02-06 13:12:00,70.47,70.47,70.35,70.39,3533.0
2026-02-06 13:13:00,70.4,70.49,70.39,70.48,2544.0
2026-02-06 13:14:00,70.48,70.49,70.44,70.46,3397.0
2026-02-06 13:15:00,70.47,70.57,70.46,70.57,13874.0
2026-02-06 13:16:00,70.55,70.62,70.54,70.55,4467.0
2026-02-06 13:17:00,70.54,70.54,70.46,70.46,11665.0
2026-02-06 13:18:00,70.45,70.47,70.41,70.44,2902.0
2026-02-06 13:19:00,70.43,70.43,70.38,70.38,4404.0
2026-02-06 13:20:00,70.39,70.45,70.38,70.39,12436.0
2026-02-06 13:21:00,70.39,70.44,70.3,70.42,29677.0
2026-02-06 13:22:00,70.42,70.445,70.4,70.44,12512.0
2026-02-06 13:23:00,70.44,70.5,70.41,70.45,7192.0
2026-02-06 13:24:00,70.455,70.52,70.45,70.52,3868.0
2026-02-06 13:25:00,70.54,70.59,70.5,70.56,14140.0
2026-02-06 13:26:00,70.58,70.6,70.54,70.58,9718.0
2026-02-06 13:27:00,70.58,70.62,70.58,70.61,2695.0
2026-02-06 13:28:00,70.6,70.68,70.6,70.64,18651.0
2026-02-06 13:29:00,70.66,70.67,70.53,70.55,12204.0
2026-02-06 13:30:00,70.52,70.565,70.475,70.55,16213.0
2026-02-06 13:31:00,70.55,70.589,70.5,70.5,5975.0
2026-02-06 13:32:00,70.5,70.54,70.5,70.52,5290.0
2026-02-06 13:33:00,70.5,70.54,70.48,70.54,3650.0
2026-02-06 13:34:00,70.53,70.62,70.53,70.6,8888.0
2026-02-06 13:35:00,70.61,70.61,70.505,70.52,4758.0
2026-02-06 13:36:00,70.53,70.55,70.52,70.53,967.0
2026-02-06 13:37:00,70.55,70.6,70.5,70.55,12582.0
2026-02-06 13:38:00,70.54,70.58,70.43,70.46,10045.0
2026-02-06 13:39:00,70.47,70.48,70.46,70.46,2513.0
2026-02-06 13:40:00,70.46,70.48,70.4,70.415,1454.0
2026-02-06 13:41:00,70.42,70.5,70.42,70.47,9054.0
2026-02-06 13:42:00,70.48,70.49,70.44,70.46,1904.0
2026-02-06 13:43:00,70.44,70.46,70.42,70.455,2548.0
2026-02-06 13:44:00,70.46,70.52,70.46,70.48,1808.0
2026-02-06 13:45:00,70.5,70.5,70.39,70.45,10493.0
2026-02-06 13:46:00,70.46,70.5,70.46,70.47,1371.0
2026-02-06 13:47:00,70.47,70.47,70.41,70.41,2066.0
2026-02-06 13:48:00,70.42,70.43,70.4,70.43,1765.0
2026-02-06 13:49:00,70.44,70.45,70.42,70.44,714.0
2026-02-06 13:50:00,70.42,70.42,70.37,70.4,5462.0
2026-02-06 13:51:00,70.4,70.47,70.4,70.45,650.0
2026-02-06 13:52:00,70.46,70.5,70.42,70.43,2840.0
2026-02-06 13:53:00,70.43,70.48,70.43,70.47,2236.0
2026-02-06 13:54:00,70.48,70.49,70.46,70.47,3740.0
2026-02-06 13:55:00,70.48,70.49,70.45,70.48,2765.0
2026-02-06 13:56:00,70.49,70.51,70.48,70.5,2844.0
2026-02-06 13:57:00,70.5,70.54,70.49,70.495,4487.0
2026-02-06 13:58:00,70.49,70.58,70.48,70.56,12313.0
2026-02-06 13:59:00,70.58,70.6,70.57,70.59,3033.0
2026-02-06 14:00:00,70.589,70.62,70.53,70.62,6174.0
2026-02-06 14:01:00,70.62,70.62,70.53,70.53,7242.0
2026-02-06 14:02:00,70.51,70.53,70.46,70.48,7479.0
2026-02-06 14:03:00,70.5,70.51,70.48,70.51,592.0
2026-02-06 14:04:00,70.5,70.515,70.47,70.49,1974.0
2026-02-06 14:05:00,70.48,70.55,70.45,70.55,9863.0
2026-02-06 14:06:00,70.55,70.57,70.52,70.53,12088.0
2026-02-06 14:07:00,70.53,70.55,70.51,70.52,10073.0
2026-02-06 14:08:00,70.51,70.53,70.47,70.52,3223.0
2026-02-06 14:09:00,70.515,70.58,70.51,70.53,4754.0
2026-02-06 14:10:00,70.54,70.54,70.51,70.53,3705.0
2026-02-06 14:11:00,70.53,70.54,70.5,70.53,1555.0
2026-02-06 14:12:00,70.54,70.64,70.53,70.64,2272.0
2026-02-06 14:13:00,70.64,70.66,70.62,70.63,8575.0
2026-02-06 14:14:00,70.63,70.68,70.63,70.68,4532.0
2026-02-06 14:15:00,70.67,70.67,70.61,70.64,3569.0
2026-02-06 14:16:00,70.68,70.725,70.66,70.725,6998.0
2026-02-06 14:17:00,70.72,70.76,70.68,70.74,13932.0
2026-02-06 14:18:00,70.73,70.735,70.655,70.7,5749.0
2026-02-06 14:19:00,70.72,70.74,70.67,70.68,1321.0
2026-02-06 14:20:00,70.68,70.69,70.6,70.68,4588.0
2026-02-06 14:21:00,70.67,70.68,70.66,70.67,1393.0
2026-02-06 14:22:00,70.67,70.675,70.5,70.5,8844.0
2026-02-06 14:23:00,70.51,70.52,70.42,70.44,10599.0
2026-02-06 14:24:00,70.44,70.48,70.44,70.45,5109.0
2026-02-06 14:25:00,70.44,70.47,70.42,70.45,4951.0
2026-02-06 14:26:00,70.44,70.46,70.42,70.44,6742.0
2026-02-06 14:27:00,70.43,70.5,70.42,70.5,8767.0
2026-02-06 14:28:00,70.49,70.49,70.45,70.46,3933.0
2026-02-06 14:29:00,70.45,70.45,70.4,70.415,5484.0
2026-02-06 14:30:00,70.41,70.51,70.39,70.46,23131.0
2026-02-06 14:31:00,70.43,70.46,70.41,70.44,2267.0
2026-02-06 14:32:00,70.45,70.45,70.41,70.43,4239.0
2026-02-06 14:33:00,70.41,70.46,70.39,70.46,1218.0
2026-02-06 14:34:00,70.47,70.5,70.46,70.5,4400.0
2026-02-06 14:35:00,70.51,70.51,70.47,70.49,4315.0
2026-02-06 14:36:00,70.49,70.51,70.47,70.47,1454.0
2026-02-06 14:37:00,70.47,70.54,70.47,70.51,1743.0
2026-02-06 14:38:00,70.5,70.52,70.45,70.48,5249.0
2026-02-06 14:39:00,70.49,70.52,70.49,70.52,1532.0
2026-02-06 14:40:00,70.53,70.57,70.53,70.56,5231.0
2026-02-06 14:41:00,70.57,70.64,70.57,70.64,3469.0
2026-02-06 14:42:00,70.64,70.675,70.62,70.65,6159.0
2026-02-06 14:43:00,70.64,70.65,70.62,70.64,3458.0
2026-02-06 14:44:00,70.655,70.67,70.64,70.665,4507.0
2026-02-06 14:45:00,70.67,70.68,70.58,70.58,10341.0
2026-02-06 14:46:00,70.59,70.6,70.52,70.54,4910.0
2026-02-06 14:47:00,70.53,70.56,70.47,70.47,3554.0
2026-02-06 14:48:00,70.47,70.52,70.41,70.41,5139.0
2026-02-06 14:49:00,70.41,70.47,70.41,70.465,5688.0
2026-02-06 14:50:00,70.47,70.55,70.46,70.48,9510.0
2026-02-06 14:51:00,70.48,70.49,70.48,70.48,1121.0
2026-02-06 14:52:00,70.48,70.51,70.48,70.48,1613.0
2026-02-06 14:53:00,70.48,70.53,70.48,70.53,1844.0
2026-02-06 14:54:00,70.51,70.54,70.505,70.53,2272.0
2026-02-06 14:55:00,70.53,70.61,70.51,70.61,9277.0
2026-02-06 14:56:00,70.61,70.63,70.61,70.63,3330.0
2026-02-06 14:57:00,70.64,70.7,70.58,70.68,5982.0
2026-02-06 14:58:00,70.7,70.715,70.67,70.68,5332.0
2026-02-06 14:59:00,70.695,70.73,70.695,70.73,4643.0
2026-02-06 15:00:00,70.73,70.86,70.73,70.79,54975.0
2026-02-06 15:01:00,70.78,70.79,70.7,70.7,6557.0
2026-02-06 15:02:00,70.68,70.7,70.65,70.65,4744.0
2026-02-06 15:03:00,70.65,70.65,70.585,70.595,5740.0
2026-02-06 15:04:00,70.59,70.615,70.59,70.61,2684.0
2026-02-06 15:05:00,70.6,70.605,70.46,70.46,11386.0
2026-02-06 15:06:00,70.45,70.5,70.44,70.49,7359.0
2026-02-06 15:07:00,70.49,70.505,70.465,70.48,14759.0
2026-02-06 15:08:00,70.49,70.5,70.48,70.49,3493.0
2026-02-06 15:09:00,70.475,70.475,70.42,70.45,5834.0
2026-02-06 15:10:00,70.48,70.525,70.48,70.48,4475.0
2026-02-06 15:11:00,70.48,70.525,70.44,70.51,6062.0
2026-02-06 15:12:00,70.5,70.51,70.48,70.51,3027.0
2026-02-06 15:13:00,70.5,70.51,70.48,70.48,4138.0
2026-02-06 15:14:00,70.48,70.48,70.47,70.48,7094.0
2026-02-06 15:15:00,70.48,70.49,70.42,70.43,8203.0
2026-02-06 15:16:00,70.44,70.46,70.42,70.46,4824.0
2026-02-06 15:17:00,70.46,70.47,70.42,70.45,4844.0
2026-02-06 15:18:00,70.45,70.45,70.3,70.3,20846.0
2026-02-06 15:19:00,70.3,70.35,70.3,70.319,9559.0
2026-02-06 15:20:00,70.31,70.31,70.22,70.26,9879.0
2026-02-06 15:21:00,70.27,70.345,70.27,70.32,9172.0
2026-02-06 15:22:00,70.33,70.34,70.29,70.3,807.0
2026-02-06 15:23:00,70.31,70.31,70.235,70.27,2674.0
2026-02-06 15:24:00,70.26,70.3,70.25,70.29,5958.0
2026-02-06 15:25:00,70.29,70.33,70.26,70.33,2120.0
2026-02-06 15:26:00,70.33,70.35,70.305,70.31,6468.0
2026-02-06 15:27:00,70.31,70.32,70.29,70.29,2400.0
2026-02-06 15:28:00,70.28,70.305,70.25,70.3,5375.0
2026-02-06 15:29:00,70.31,70.37,70.31,70.36,1724.0
2026-02-06 15:30:00,70.37,70.435,70.37,70.38,12870.0
2026-02-06 15:31:00,70.38,70.38,70.3,70.36,10377.0
2026-02-06 15:32:00,70.38,70.38,70.33,70.35,6339.0
2026-02-06 15:33:00,70.35,70.4,70.35,70.4,2032.0
2026-02-06 15:34:00,70.4,70.41,70.36,70.41,4063.0
2026-02-06 15:35:00,70.42,70.44,70.4,70.4,5982.0
2026-02-06 15:36:00,70.4,70.44,70.4,70.42,4801.0
2026-02-06 15:37:00,70.42,70.42,70.37,70.37,4923.0
2026-02-06 15:38:00,70.37,70.37,70.275,70.28,1848.0
2026-02-06 15:39:00,70.29,70.31,70.27,70.27,3734.0
2026-02-06 15:40:00,70.275,70.28,70.17,70.205,20300.0
2026-02-06 15:41:00,70.21,70.21,70.155,70.17,6307.0
2026-02-06 15:42:00,70.16,70.16,69.99,70.06,60290.0
2026-02-06 15:43:00,70.06,70.11,70.06,70.09,10480.0
2026-02-06 15:44:00,70.09,70.09,70.0,70.0,12070.0
2026-02-06 15:45:00,69.99,70.01,69.925,69.95,14331.0
2026-02-06 15:46:00,69.95,69.96,69.84,69.87,20234.0
2026-02-06 15:47:00,69.87,69.89,69.83,69.83,55354.0
2026-02-06 15:48:00,69.83,69.915,69.82,69.915,17684.0
2026-02-06 15:49:00,69.91,69.95,69.86,69.87,8131.0
2026-02-06 15:50:00,69.9,69.91,69.615,69.64,86231.0
2026-02-06 15:51:00,69.63,69.64,69.37,69.385,35934.0
2026-02-06 15:52:00,69.39,69.5,69.35,69.49,33779.0
2026-02-06 15:53:00,69.47,69.545,69.41,69.42,25204.0
2026-02-06 15:54:00,69.43,69.55,69.43,69.51,53345.0
2026-02-06 15:55:00,69.51,69.75,69.5,69.72,80073.0
2026-02-06 15:56:00,69.7,69.73,69.66,69.71,6855.0
2026-02-06 15:57:00,69.72,69.77,69.62,69.65,18760.0
2026-02-06 15:58:00,69.67,69.72,69.65,69.72,27260.0
2026-02-06 15:59:00,69.73,70.02,69.64,70.01,153731.0
