datetime,open,high,low,close,volume
2010-02-11 09:30:00,12875200.0,13000000.0,12209600.0,12316800.0,0.32
2010-02-12 09:30:00,12683200.0,12692800.0,12152000.0,12214400.0,0.32
2010-02-16 09:30:00,11948798.4,12148798.4,11743998.4,11780800.0,0.28
2010-02-17 09:30:00,11623998.4,11798401.6,11565760.0,11600000.0,0.28
2010-02-18 09:30:00,11585600.0,11640000.0,11288000.0,11321598.4,0.24
2010-02-19 09:30:00,11423998.4,11516800.0,11200000.0,11352000.0,0.28
2010-02-22 09:30:00,11228798.4,11548798.4,11220800.0,11422400.0,0.16
2010-02-23 09:30:00,11446398.4,12006398.4,11444800.0,11881598.4,0.32
2010-02-24 09:30:00,11676800.0,11729600.0,11369600.0,11510400.0,0.4
2010-02-25 09:30:00,11873601.6,12096001.6,11430400.0,11430400.0,0.32
2010-02-26 09:30:00,11520000.0,11630224.0,11329600.0,11368000.0,0.28
2010-03-01 09:30:00,11235200.0,11243200.0,10832000.0,10867216.0,0.32
2010-03-02 09:30:00,10768000.0,10849600.0,10589441.6,10783998.4,0.12
2010-03-03 09:30:00,10745600.0,10865600.0,10600000.0,10783998.4,0.16
2010-03-04 09:30:00,10724800.0,10873601.6,10611201.6,10649600.0,0.24
2010-03-05 09:30:00,10383998.4,10454400.0,10124800.0,10177600.0,0.36
2010-03-08 09:30:00,10110400.0,10129600.0,10032000.0,10094400.0,0.16
2010-03-09 09:30:00,10182400.0,10182400.0,9760000.0,9920000.0,0.48
2010-03-10 09:30:00,9832000.0,9849600.0,9617600.0,9681598.4,0.32
2010-03-11 09:30:00,9740800.0,9792048.0,9580800.0,9587200.0,0.4
2010-03-12 09:30:00,9465600.0,9662400.0,9465600.0,9572800.0,0.32
2010-03-15 09:30:00,9638144.0,9822400.0,9564800.0,9630384.0,0.32
2010-03-16 09:30:00,9545600.0,9623998.4,9411201.6,9444800.0,0.28
2010-03-17 09:30:00,9412800.0,9440720.0,9243200.0,9400000.0,0.44
2010-03-18 09:30:00,9345600.0,9408000.0,9249600.0,9288000.0,0.36
2010-03-19 09:30:00,9180800.0,9537600.0,9180800.0,9456001.6,0.52
2010-03-22 09:30:00,9543998.4,9583998.4,9073601.6,9190400.0,0.88
2010-03-23 09:30:00,9142400.0,9253184.0,8976001.6,9008000.0,0.64
2010-03-24 09:30:00,9052800.0,9182382.4,9041598.4,9103998.4,0.76
2010-03-25 09:30:00,8908798.4,9190400.0,8800000.0,9179200.0,0.8
2010-03-26 09:30:00,9057600.0,9275200.0,8948798.4,9123200.0,0.56
2010-03-29 09:30:00,8998401.6,9070400.0,8924817.6,9004800.0,0.44
2010-03-30 09:30:00,8926398.4,9072000.0,8840000.0,8916800.0,0.28
2010-03-31 09:30:00,9012800.0,9083200.0,8888014.4,9014400.0,0.64
2010-04-01 09:30:00,8931201.6,9236176.0,8755200.0,9033601.6,0.52
2010-04-05 09:30:00,8990400.0,9043200.0,8728000.0,8783998.4,0.68
2010-04-06 09:30:00,8851201.6,8888000.0,8635200.0,8713601.6,0.56
2010-04-07 09:30:00,8776001.6,8907200.0,8656001.6,8758401.6,0.68
2010-04-08 09:30:00,8849600.0,8971201.6,8678401.6,8728000.0,0.4
2010-04-09 09:30:00,8696001.6,8763200.0,8548798.4,8563200.0,0.44
2010-04-12 09:30:00,8539200.0,8585600.0,8470400.0,8536001.6,0.48
2010-04-13 09:30:00,8564800.0,8611184.0,8390400.0,8401598.4,0.84
2010-04-14 09:30:00,8272000.0,8303998.4,8103520.0,8108798.4,0.88
2010-04-15 09:30:00,8108798.4,8108798.4,7979200.0,8009600.0,0.76
2010-04-16 09:30:00,8084800.0,8432000.0,8001598.4,8262400.0,1.6
2010-04-19 09:30:00,8374400.0,8593601.6,8230400.0,8297600.0,1.52
2010-04-20 09:30:00,8160000.0,8326398.4,8113408.0,8185600.0,0.84
2010-04-21 09:30:00,8008000.0,8164800.0,7955200.0,8022400.0,0.96
2010-04-22 09:30:00,8260800.0,8387200.0,7873601.6,7897600.0,1.92
2010-04-23 09:30:00,7905600.0,7977582.4,7777600.0,7801598.4,0.68
2010-04-26 09:30:00,7780800.0,7884800.0,7732800.0,7854400.0,0.84
2010-04-27 09:30:00,7936001.6,8404160.0,7840000.0,8336001.6,1.76
2010-04-28 09:30:00,8200000.0,8516800.0,8200000.0,8323200.0,3.2
2010-04-29 09:30:00,8208000.0,8208000.0,7849600.0,7892800.0,1.72
2010-04-30 09:30:00,7905600.0,8376001.6,7867200.0,8360000.0,1.64
2010-05-03 09:30:00,8257600.0,8262400.0,7888000.0,8005584.0,1.48
2010-05-04 09:30:00,8303998.4,8886398.4,8300800.0,8729600.0,2.84
2010-05-05 09:30:00,8971201.6,9143998.4,8688257.6,8846398.4,3.0
2010-05-06 09:30:00,9028798.4,12065600.0,7608000.0,9747200.0,4.64
2010-05-07 09:30:00,9968000.0,11048000.0,9598401.6,10385616.0,4.72
2010-05-10 09:30:00,9107200.0,9164800.0,8840000.0,8876800.0,3.48
2010-05-11 09:30:00,9102400.0,9168000.0,8513601.6,8867200.0,2.48
2010-05-12 09:30:00,8743998.4,8771201.6,8352000.0,8383998.4,1.76
2010-05-13 09:30:00,8483200.0,8819200.0,8286398.4,8772800.0,1.64
2010-05-14 09:30:00,8972800.0,9577600.0,8968000.0,9273601.6,2.6
2010-05-17 09:30:00,9206398.4,9777617.6,9083184.0,9203200.0,1.76
2010-05-18 09:30:00,8960000.0,9678384.0,8902400.0,9561598.4,1.76
2010-05-19 09:30:00,9667200.0,10107185.6,9444800.0,9790400.0,3.56
2010-05-20 09:30:00,10332800.0,10937600.0,10289600.0,10747200.0,3.88
2010-05-21 09:30:00,11395200.0,11515200.0,10278401.6,10628798.4,4.76
2010-05-24 09:30:00,10550400.0,10649600.0,10185600.0,10553601.6,2.64
2010-05-25 09:30:00,11347200.0,11651201.6,10568014.4,10635200.0,4.88
2010-05-26 09:30:00,10456001.6,11017600.0,10003184.0,10950400.0,2.48
2010-05-27 09:30:00,10201598.4,10305600.0,9720000.0,9720000.0,2.92
2010-05-28 09:30:00,9694400.0,10143984.0,9654400.0,9899200.0,3.04
2010-06-01 09:30:00,9988798.4,10198401.6,9474785.6,10183998.4,2.32
2010-06-02 09:30:00,9992000.0,10195200.0,9422400.0,9460800.0,1.8
2010-06-03 09:30:00,9371201.6,9534416.0,9127552.0,9177600.0,2.68
2010-06-04 09:30:00,9753601.6,10200000.0,9403216.0,10099200.0,4.56
2010-06-07 09:30:00,9939200.0,10680000.0,9873601.6,10656001.6,3.28
2010-06-08 09:30:00,10590400.0,11148798.4,10518401.6,10707200.0,4.76
2010-06-09 09:30:00,10512000.0,11076800.0,10205984.0,10992800.0,3.56
2010-06-10 09:30:00,10571201.6,10672000.0,10011216.0,10032000.0,4.16
2010-06-11 09:30:00,10340800.0,10350400.0,9734400.0,9768000.0,3.68
2010-06-14 09:30:00,9489600.0,9808000.0,9288000.0,9792000.0,2.36
2010-06-15 09:30:00,9619200.0,9638401.6,8945600.0,8993601.6,2.72
2010-06-16 09:30:00,9046398.4,9094400.0,8736001.6,8851201.6,2.84
2010-06-17 09:30:00,8729600.0,9009600.0,8704016.0,8739200.0,1.84
2010-06-18 09:30:00,8715200.0,8825616.0,8568000.0,8734400.0,1.48
2010-06-21 09:30:00,8425600.0,9120000.0,8387216.0,8961598.4,4.48
2010-06-22 09:30:00,8868798.4,9232000.0,8673601.6,9179200.0,4.24
2010-06-23 09:30:00,9150400.0,9515200.0,9062400.0,9289600.0,3.48
2010-06-24 09:30:00,9419200.0,9800000.0,9340800.0,9761598.4,2.96
2010-06-25 09:30:00,9638401.6,9968000.0,9528000.0,9752000.0,1.72
2010-06-28 09:30:00,9752000.0,10063998.4,9600000.0,9863998.4,2.04
2010-06-29 09:30:00,10323200.0,11214400.0,10294400.0,10955200.0,4.84
2010-06-30 09:30:00,11115200.0,11576001.6,10783998.4,11492800.0,4.16
2010-07-01 09:30:00,11417600.0,12265600.0,11318401.6,11601598.4,6.32
2010-07-02 09:30:00,11553601.6,12020800.0,11427200.0,11697600.0,2.72
2010-07-06 09:30:00,11198401.6,11881598.4,10963200.0,11588798.4,3.92
2010-07-07 09:30:00,11478401.6,11503998.4,10454400.0,10492800.0,2.56
2010-07-08 09:30:00,10244800.0,10686398.4,10183998.4,10336001.6,2.48
2010-07-09 09:30:00,10334400.0,10712000.0,10008000.0,10008000.0,2.32
2010-07-12 09:30:00,10036800.0,10132800.0,9753601.6,9921598.4,1.76
2010-07-13 09:30:00,9670400.0,9894400.0,9438401.6,9580800.0,2.32
2010-07-14 09:30:00,9507200.0,9609600.0,9251696.0,9392000.0,2.08
2010-07-15 09:30:00,9465600.0,9745600.0,9289280.0,9342400.0,2.36
2010-07-16 09:30:00,9489600.0,10176001.6,9440000.0,10094400.0,3.56
2010-07-19 09:30:00,10052800.0,10308798.4,9823998.4,9889600.0,3.52
2010-07-20 09:30:00,10366398.4,10452800.0,9512000.0,9512000.0,3.28
2010-07-21 09:30:00,9228798.4,9964800.0,9216001.6,9900800.0,2.68
2010-07-22 09:30:00,9513601.6,9516176.0,9035200.0,9228798.4,2.48
2010-07-23 09:30:00,9345600.0,9403200.0,8969600.0,8988496.0,3.32
2010-07-26 09:30:00,8960000.0,9080000.0,8760000.0,8783998.4,1.24
2010-07-27 09:30:00,8641598.4,8897600.0,8620800.0,8760000.0,1.8
2010-07-28 09:30:00,8812800.0,9081598.4,8692800.0,8956800.0,1.36
2010-07-29 09:30:00,8843200.0,9452800.0,8787200.0,9185600.0,3.28
2010-07-30 09:30:00,9412800.0,9577600.0,8960000.0,9116800.0,4.4
2010-08-02 09:30:00,8796800.0,8891201.6,8547200.0,8623998.4,2.76
2010-08-03 09:30:00,8644800.0,8842160.0,8619200.0,8728000.0,1.6
2010-08-04 09:30:00,8598401.6,8708798.4,8433616.0,8473601.6,1.32
2010-08-05 09:30:00,8585600.0,8680000.0,8478401.6,8505600.0,1.4
2010-08-06 09:30:00,8806398.4,8937438.4,8489600.0,8543998.4,2.32
2010-08-09 09:30:00,8428798.4,8588798.4,8320000.0,8588798.4,0.96
2010-08-10 09:30:00,8590400.0,8800000.0,8460800.0,8563200.0,1.96
2010-08-11 09:30:00,9033601.6,9395200.0,9019265.6,9276800.0,2.24
2010-08-12 09:30:00,9820800.0,9880000.0,9401598.4,9507200.0,2.68
2010-08-13 09:30:00,9625600.0,9723200.0,9507200.0,9723200.0,1.44
2010-08-16 09:30:00,9875200.0,9993601.6,9468766.4,9665616.0,1.84
2010-08-17 09:30:00,9470400.0,9509760.0,9040000.0,9276800.0,1.88
2010-08-18 09:30:00,9356800.0,9449600.0,9016001.6,9168000.0,1.48
2010-08-19 09:30:00,9343998.4,9782400.0,9248000.0,9569600.0,2.84
2010-08-20 09:30:00,9633601.6,9800000.0,9507200.0,9579200.0,1.84
2010-08-23 09:30:00,9358401.6,9849600.0,9297600.0,9846398.4,1.72
2010-08-24 09:30:00,10163200.0,10512000.0,10083200.0,10393601.6,3.08
2010-08-25 09:30:00,10603200.0,10656001.6,9960960.0,10113601.6,3.04
2010-08-26 09:30:00,9983998.4,10480000.0,9920000.0,10463998.4,2.8
2010-08-27 09:30:00,10235200.0,10878401.6,10012800.0,10036800.0,4.2
2010-08-30 09:30:00,10222400.0,10392000.0,9953601.6,10353601.6,2.4
2010-08-31 09:30:00,10560000.0,10686398.4,10231440.0,10459200.0,3.2
2010-09-01 09:30:00,10041598.4,10051201.6,9454400.0,9569600.0,3.48
2010-09-02 09:30:00,9520000.0,9575904.0,9220800.0,9260800.0,1.6
2010-09-03 09:30:00,8947200.0,9047118.4,8752000.0,8783998.4,2.6
2010-09-07 09:30:00,8876800.0,8990400.0,8761598.4,8943998.4,1.44
2010-09-08 09:30:00,8870400.0,8870400.0,8512000.0,8628798.4,1.92
2010-09-09 09:30:00,8400000.0,8579200.0,8376016.0,8526416.0,2.36
2010-09-10 09:30:00,8497600.0,8620400.0,8400000.0,8448000.0,1.92
2010-09-13 09:30:00,8238401.6,8238401.6,8011201.6,8062400.0,1.88
2010-09-14 09:30:00,8102400.0,8150878.4,7843200.0,7976001.6,2.32
2010-09-15 09:30:00,8035200.0,8092800.0,7790240.0,7823998.4,1.84
2010-09-16 09:30:00,7857600.0,7916800.0,7703998.4,7720000.0,2.28
2010-09-17 09:30:00,7580800.0,7752000.0,7572800.0,7630400.0,2.44
2010-09-20 09:30:00,7560000.0,7579200.0,7195200.0,7241584.0,3.96
2010-09-21 09:30:00,7232000.0,7340800.0,7096001.6,7276800.0,3.28
2010-09-22 09:30:00,7343998.4,7416001.6,7158513.6,7288000.0,3.4
2010-09-23 09:30:00,7452800.0,7468736.0,7092800.0,7305600.0,4.28
2010-09-24 09:30:00,7072000.0,7096001.6,6857600.0,6888000.0,4.0
2010-09-27 09:30:00,6852800.0,6988784.0,6823998.4,6972800.0,2.52
2010-09-28 09:30:00,6924800.0,7310400.0,6910400.0,6945600.0,4.4
2010-09-29 09:30:00,7016001.6,7092752.0,6916800.0,7000000.0,2.8
2010-09-30 09:30:00,6903998.4,7243184.0,6779360.0,7103998.4,6.64
2010-10-01 09:30:00,6936001.6,7236800.0,6912000.0,7118401.6,3.04
2010-10-04 09:30:00,7193601.6,7481616.0,7120000.0,7377600.0,3.76
2010-10-05 09:30:00,7123200.0,7123200.0,6785600.0,6827200.0,6.12
2010-10-06 09:30:00,6852800.0,7124720.0,6807984.0,6976001.6,4.84
2010-10-07 09:30:00,6860800.0,7086398.4,6860800.0,6932800.0,3.08
2010-10-08 09:30:00,6907200.0,7059200.0,6729600.0,6763200.0,5.32
2010-10-11 09:30:00,6766398.4,6835200.0,6672000.0,6774400.0,3.16
2010-10-12 09:30:00,6812800.0,6972800.0,6590400.0,6611201.6,5.92
2010-10-13 09:30:00,6497600.0,6561598.4,6377600.0,6465600.0,4.96
2010-10-14 09:30:00,6459200.0,6600000.0,6427200.0,6505600.0,4.72
2010-10-15 09:30:00,6267200.0,6424768.0,6088000.0,6088000.0,6.24
2010-10-18 09:30:00,6080000.0,6145600.0,6020800.0,6096001.6,3.96
2010-10-19 09:30:00,6328000.0,6462400.0,6189024.0,6323200.0,8.12
2010-10-20 09:30:00,6272000.0,6308798.4,6051201.6,6195200.0,5.56
2010-10-21 09:30:00,6073601.6,6323200.0,5993760.0,6150400.0,5.8
2010-10-22 09:30:00,6140800.0,6171201.6,6008000.0,6020800.0,3.64
2010-10-25 09:30:00,5948798.4,5948798.4,5819200.0,5939200.0,3.12
2010-10-26 09:30:00,6032000.0,6092800.0,5848096.0,5889600.0,3.64
2010-10-27 09:30:00,5971201.6,6012800.0,5819200.0,5830400.0,4.4
2010-10-28 09:30:00,5763200.0,5945600.0,5752000.0,5795200.0,3.56
2010-10-29 09:30:00,5808000.0,5840000.0,5737600.0,5832000.0,3.08
2010-11-01 09:30:00,5774400.0,5902400.0,5648000.0,5816001.6,5.24
2010-11-02 09:30:00,5681598.4,5700800.0,5588798.4,5637793.6,4.6
2010-11-03 09:30:00,5612800.0,5764800.0,5553616.0,5555200.0,4.96
2010-11-04 09:30:00,5372800.0,5403200.0,5289712.0,5352000.0,4.68
2010-11-05 09:30:00,5340800.0,5396800.0,5310400.0,5348798.4,3.16
2010-11-08 09:30:00,5376001.6,5412800.0,5307200.0,5329600.0,2.04
2010-11-09 09:30:00,5268798.4,5484800.0,5241760.0,5422400.0,3.28
2010-11-10 09:30:00,5392000.0,5518352.0,5318401.6,5332800.0,3.12
2010-11-11 09:30:00,5580800.0,5643200.0,5404800.0,5425600.0,4.6
2010-11-12 09:30:00,5521598.4,5819200.0,5452800.0,5697600.0,4.8
2010-11-15 09:30:00,5614400.0,5768000.0,5580800.0,5753601.6,2.72
2010-11-16 09:30:00,5884800.0,6113601.6,5788766.4,6046398.4,5.84
2010-11-17 09:30:00,6033601.6,6080000.0,5897600.0,5990400.0,3.96
2010-11-18 09:30:00,5792000.0,5801598.4,5583984.0,5705600.0,4.92
2010-11-19 09:30:00,5732800.0,5795200.0,5650080.0,5688000.0,3.04
2010-11-22 09:30:00,5755200.0,5780800.0,5552000.0,5552000.0,3.96
2010-11-23 09:30:00,5715200.0,5904961.6,5691201.6,5803200.0,4.92
2010-11-24 09:30:00,5638401.6,5638401.6,5417600.0,5452800.0,3.56
2010-11-26 09:30:00,5563200.0,5588798.4,5454400.0,5503998.4,1.76
2010-11-29 09:30:00,5583998.4,5774400.0,5529600.0,5569600.0,4.36
2010-11-30 09:30:00,5752000.0,5846398.4,5680000.0,5783998.4,3.6
2010-12-01 09:30:00,5524800.0,5524800.0,5324800.0,5432000.0,4.4
2010-12-02 09:30:00,5385600.0,5401598.4,5223998.4,5249600.0,4.08
2010-12-03 09:30:00,5312000.0,5313601.6,5187200.0,5204800.0,3.84
2010-12-06 09:30:00,5204800.0,5257600.0,5183984.0,5211201.6,1.76
2010-12-07 09:30:00,5027200.0,5219200.0,5023998.4,5208000.0,3.32
2010-12-08 09:30:00,5166398.4,5259200.0,5123216.0,5134400.0,3.12
2010-12-09 09:30:00,5052800.0,5172800.0,5040000.0,5123200.0,1.72
2010-12-10 09:30:00,5083200.0,5137118.4,5008000.0,5022400.0,2.32
2010-12-13 09:30:00,4960000.0,5081598.4,4955280.0,5075200.0,1.84
2010-12-14 09:30:00,5043200.0,5096001.6,4987200.0,5056001.6,2.12
2010-12-15 09:30:00,5060800.0,5152000.0,4966398.4,5110400.0,3.52
2010-12-16 09:30:00,5103998.4,5139184.0,4974400.0,4998401.6,2.6
2010-12-17 09:30:00,4982400.0,5011201.6,4939200.0,4983998.4,1.44
2010-12-20 09:30:00,4963200.0,5078401.6,4915200.0,4971201.6,2.4
2010-12-21 09:30:00,4918401.6,4948798.4,4883200.0,4883200.0,1.72
2010-12-22 09:30:00,4888000.0,4910400.0,4863998.4,4881598.4,1.28
2010-12-23 09:30:00,4915200.0,4954560.0,4892800.0,4920000.0,1.44
2010-12-27 09:30:00,4961598.4,5062016.0,4891201.6,4910400.0,1.96
2010-12-28 09:30:00,4888000.0,4960000.0,4870400.0,4936001.6,0.68
2010-12-29 09:30:00,4897600.0,4916800.0,4876800.0,4907200.0,0.8
2010-12-30 09:30:00,4900800.0,4966398.4,4900800.0,4940800.0,1.08
2010-12-31 09:30:00,4960000.0,5052800.0,4947200.0,4988798.4,1.44
2011-01-03 09:30:00,4843200.0,4849936.0,4660800.0,4761598.4,3.24
2011-01-04 09:30:00,4707200.0,4852881.6,4699200.0,4768000.0,2.56
2011-01-05 09:30:00,4814400.0,4819200.0,4651201.6,4651201.6,3.12
2011-01-06 09:30:00,4638401.6,4664096.0,4601598.4,4604800.0,3.0
2011-01-07 09:30:00,4587200.0,4747200.0,4579441.6,4609600.0,3.68
2011-01-10 09:30:00,4648000.0,4676800.0,4539424.0,4560000.0,2.52
2011-01-11 09:30:00,4505600.0,4590400.0,4496001.6,4548798.4,1.84
2011-01-12 09:30:00,4475200.0,4534400.0,4444800.0,4451201.6,2.36
2011-01-13 09:30:00,4443200.0,4476800.0,4406398.4,4436800.0,2.8
2011-01-14 09:30:00,4441598.4,4463998.4,4336016.0,4339200.0,2.52
2011-01-18 09:30:00,4443200.0,4456001.6,4288081.6,4300800.0,2.68
2011-01-19 09:30:00,4286398.4,4489600.0,4286398.4,4443200.0,4.04
2011-01-20 09:30:00,4508798.4,4642592.0,4486398.4,4542400.0,5.56
2011-01-21 09:30:00,4473601.6,4657438.4,4452800.0,4648000.0,4.12
2011-01-24 09:30:00,4627200.0,4651201.6,4457600.0,4457600.0,5.4
2011-01-25 09:30:00,4524800.0,4548798.4,4435200.0,4438401.6,4.0
2011-01-26 09:30:00,4416001.6,4452400.0,4331536.0,4364800.0,4.48
2011-01-27 09:30:00,4321598.4,4345280.0,4251201.6,4284800.0,4.44
2011-01-28 09:30:00,4291201.6,4663998.4,4278401.6,4606398.4,8.68
2011-01-31 09:30:00,4595200.0,4705600.0,4507280.0,4543998.4,11.24
2011-02-01 09:30:00,4444800.0,4456001.6,4257617.6,4284800.0,7.4
2011-02-02 09:30:00,4315200.0,4329600.0,4254400.0,4302400.0,5.96
2011-02-03 09:30:00,4331201.6,4435200.0,4262400.0,4286398.4,7.4
2011-02-04 09:30:00,4288000.0,4318401.6,4200000.0,4209600.0,6.8
2011-02-07 09:30:00,4180800.0,4198401.6,4081598.4,4150400.0,5.32
2011-02-08 09:30:00,4147200.0,4168000.0,4054400.0,4054400.0,4.68
2011-02-09 09:30:00,4094400.0,4128000.0,4051201.6,4083200.0,5.48
2011-02-10 09:30:00,4168000.0,4183998.4,4054400.0,4063998.4,5.92
2011-02-11 09:30:00,4105600.0,4119792.0,3974400.0,3983998.4,5.36
2011-02-14 09:30:00,3985600.0,3992320.0,3939200.0,3952000.0,1.56
2011-02-15 09:30:00,3980800.0,4022400.0,3958401.6,3969600.0,4.0
2011-02-16 09:30:00,3939200.0,3939200.0,3860800.0,3891201.6,3.84
2011-02-17 09:30:00,3952000.0,3953601.6,3872000.0,3891201.6,2.68
2011-02-18 09:30:00,3892800.0,3964800.0,3875200.0,3913601.6,5.16
2011-02-22 09:30:00,4067200.0,4272000.0,4038401.6,4260800.0,10.72
2011-02-23 09:30:00,4263998.4,4456001.6,4214400.0,4361598.4,9.6
2011-02-24 09:30:00,4337600.0,4456001.6,4249600.0,4291201.6,8.12
2011-02-25 09:30:00,4216001.6,4224048.0,4096001.6,4110400.0,5.56
2011-02-28 09:30:00,4067200.0,4156800.0,4025646.4,4091201.6,11.52
2011-03-01 09:30:00,4032000.0,4315200.0,4032000.0,4283360.0,12.84
2011-03-02 09:30:00,4294400.0,4299184.0,4132958.4,4216001.6,12.52
2011-03-03 09:30:00,4096001.6,4096001.6,3947200.0,3969600.0,4.8
2011-03-04 09:30:00,3977600.0,4107200.0,3958401.6,4027200.0,6.0
2011-03-07 09:30:00,3977600.0,4297280.0,3969600.0,4188798.4,6.76
2011-03-08 09:30:00,4209600.0,4283200.0,4084800.0,4140800.0,6.4
2011-03-09 09:30:00,4190400.0,4291201.6,4171201.6,4225600.0,9.16
2011-03-10 09:30:00,4372800.0,4473601.6,4340800.0,4419200.0,8.68
2011-03-11 09:30:00,4502400.0,4502400.0,4299680.0,4343998.4,6.2
2011-03-14 09:30:00,4412800.0,4480000.0,4315249.6,4385760.0,5.84
2011-03-15 09:30:00,4777600.0,4811201.6,4492814.4,4564800.0,9.68
2011-03-16 09:30:00,4681598.4,4991985.6,4608000.0,4891201.6,13.84
2011-03-17 09:30:00,4662400.0,4769600.0,4603200.0,4764800.0,8.08
2011-03-18 09:30:00,4596800.0,4803200.0,4596800.0,4792000.0,5.4
2011-03-21 09:30:00,4572800.0,4598401.6,4448000.0,4526398.4,7.56
2011-03-22 09:30:00,4503998.4,4572800.0,4494400.0,4543998.4,4.92
2011-03-23 09:30:00,4592000.0,4681598.4,4428798.4,4467200.0,7.72
2011-03-24 09:30:00,4372800.0,4438401.6,4200000.0,4227200.0,7.24
2011-03-25 09:30:00,4185600.0,4212638.4,4112000.0,4201598.4,5.4
2011-03-28 09:30:00,4143998.4,4272000.0,4139200.0,4265600.0,3.4
2011-03-29 09:30:00,4296001.6,4332800.0,4143998.4,4147200.0,6.56
2011-03-30 09:30:00,4078401.6,4139200.0,4062400.0,4080000.0,4.24
2011-03-31 09:30:00,4100800.0,4121598.4,4051918.4,4063998.4,3.96
2011-04-01 09:30:00,3996800.0,4092800.0,3963200.0,4059200.0,4.72
2011-04-04 09:30:00,4020800.0,4148798.4,4011201.6,4096001.6,4.08
2011-04-05 09:30:00,4121598.4,4153601.6,4049600.0,4126398.4,4.04
2011-04-06 09:30:00,4036800.0,4169600.0,3998401.6,4105600.0,6.2
2011-04-07 09:30:00,4103998.4,4195200.0,4025600.0,4105600.0,6.56
2011-04-08 09:30:00,4054400.0,4227200.0,4038401.6,4168000.0,3.8
2011-04-11 09:30:00,4120000.0,4249121.6,4088000.0,4204800.0,4.68
2011-04-12 09:30:00,4267200.0,4339200.0,4232000.0,4286398.4,6.52
2011-04-13 09:30:00,4206398.4,4283200.0,4148798.4,4183998.4,6.96
2011-04-14 09:30:00,4272000.0,4320000.0,4188798.4,4204800.0,8.4
2011-04-15 09:30:00,4249600.0,4310384.0,4179184.0,4232000.0,6.36
2011-04-18 09:30:00,4345600.0,4524800.0,4312000.0,4313601.6,6.12
2011-04-19 09:30:00,4283200.0,4348766.4,4235200.0,4235200.0,3.68
2011-04-20 09:30:00,4009600.0,4025600.0,3936001.6,3947200.0,9.56
2011-04-21 09:30:00,3830400.0,3889600.0,3825600.0,3854400.0,6.32
2011-04-25 09:30:00,3844800.0,3865552.0,3817824.0,3823998.4,2.56
2011-04-26 09:30:00,3790432.0,3817600.0,3720000.0,3760000.0,4.44
2011-04-27 09:30:00,3736001.6,3788798.4,3668798.4,3683200.0,5.08
2011-04-28 09:30:00,3715200.0,3743998.4,3680000.0,3705600.0,3.68
2011-04-29 09:30:00,3712000.0,3724480.0,3668798.4,3702400.0,2.36
2011-05-02 09:30:00,3676800.0,3753601.6,3656001.6,3726398.4,4.24
2011-05-03 09:30:00,3731201.6,3847870.4,3721598.4,3776001.6,5.76
2011-05-04 09:30:00,3774400.0,3891201.6,3743998.4,3798401.6,6.28
2011-05-05 09:30:00,3852800.0,3894400.0,3723200.0,3854400.0,6.96
2011-05-06 09:30:00,3739200.0,3851201.6,3673601.6,3819200.0,7.4
2011-05-09 09:30:00,3804800.0,3843200.0,3731201.6,3777600.0,3.92
2011-05-10 09:30:00,3742400.0,3761598.4,3667200.0,3681598.4,4.04
2011-05-11 09:30:00,3694400.0,3836800.0,3660784.0,3760000.0,5.44
2011-05-12 09:30:00,3800000.0,3859200.0,3680000.0,3694400.0,5.44
2011-05-13 09:30:00,3718401.6,3827200.0,3700800.0,3819360.0,5.64
2011-05-16 09:30:00,3872000.0,4046398.4,3840000.0,4019200.0,6.68
2011-05-17 09:30:00,4084800.0,4103998.4,3982400.0,3985600.0,7.88
2011-05-18 09:30:00,3996800.0,4012814.4,3862400.0,3884800.0,3.32
2011-05-19 09:30:00,3841598.4,3920000.0,3827200.0,3849600.0,4.4
2011-05-20 09:30:00,3862400.0,3952864.0,3852800.0,3934400.0,4.56
2011-05-23 09:30:00,4102400.0,4168000.0,4065600.0,4110400.0,9.4
2011-05-24 09:30:00,4080000.0,4190400.0,4080000.0,4187200.0,5.44
2011-05-25 09:30:00,4212800.0,4212800.0,4083200.0,4140800.0,3.4
2011-05-26 09:30:00,4174400.0,4174400.0,4028816.0,4062400.0,3.0
2011-05-27 09:30:00,4044800.0,4052800.0,3990400.0,4001598.4,2.48
2011-05-31 09:30:00,3883200.0,3952000.0,3812800.0,3814400.0,6.28
2011-06-01 09:30:00,3827200.0,4063520.0,3808000.0,4057600.0,6.6
2011-06-02 09:30:00,4032000.0,4097600.0,3985600.0,4027200.0,4.64
2011-06-03 09:30:00,4163200.0,4227200.0,4076800.0,4206398.4,5.92
2011-06-06 09:30:00,4233601.6,4316800.0,4169600.0,4310400.0,5.2
2011-06-07 09:30:00,4276800.0,4342400.0,4227200.0,4334400.0,4.32
2011-06-08 09:30:00,4363200.0,4467200.0,4340800.0,4428798.4,5.52
2011-06-09 09:30:00,4425600.0,4467200.0,4339297.6,4406398.4,3.32
2011-06-10 09:30:00,4463998.4,4619054.4,4441598.4,4609600.0,5.48
2011-06-13 09:30:00,4592000.0,4656001.6,4536001.6,4611201.6,4.72
2011-06-14 09:30:00,4497600.0,4504174.4,4395200.0,4436800.0,4.28
2011-06-15 09:30:00,4553601.6,4702400.0,4474174.4,4678401.6,8.32
2011-06-16 09:30:00,4675200.0,4854400.0,4628798.4,4740800.0,5.96
2011-06-17 09:30:00,4612800.0,4816001.6,4587200.0,4779200.0,5.8
2011-06-20 09:30:00,4820800.0,4820800.0,4660800.0,4705600.0,5.44
2011-06-21 09:30:00,4646398.4,4710400.0,4385600.0,4400000.0,10.08
2011-06-22 09:30:00,4448000.0,4497582.4,4377600.0,4491201.6,4.36
2011-06-23 09:30:00,4635200.0,4684800.0,4363200.0,4369600.0,13.32
2011-06-24 09:30:00,4436800.0,4620800.0,4416001.6,4600000.0,5.6
2011-06-27 09:30:00,4587200.0,4608000.0,4307200.0,4379200.0,6.84
2011-06-28 09:30:00,4342400.0,4364286.4,4176001.6,4182400.0,5.36
2011-06-29 09:30:00,4143998.4,4217600.0,4107200.0,4128000.0,5.56
2011-06-30 09:30:00,4083200.0,4091201.6,3956816.0,3971201.6,5.4
2011-07-01 09:30:00,3952000.0,3992000.0,3771201.6,3783998.4,9.32
2011-07-05 09:30:00,3772800.0,3798240.0,3716960.0,3731201.6,5.56
2011-07-06 09:30:00,3740800.0,3778880.0,3673601.6,3691201.6,7.0
2011-07-07 09:30:00,3604800.0,3623998.4,3508798.4,3537600.0,7.4
2011-07-08 09:30:00,3630400.0,3686398.4,3566398.4,3569600.0,9.48
2011-07-11 09:30:00,3680000.0,3796800.0,3625600.0,3756800.0,8.4
2011-07-12 09:30:00,3758401.6,3856992.0,3737600.0,3846398.4,6.6
2011-07-13 09:30:00,3760000.0,3840000.0,3680000.0,3798401.6,7.6
2011-07-14 09:30:00,3764800.0,3971216.0,3716800.0,3928000.0,11.12
2011-07-15 09:30:00,3793601.6,3884800.0,3768000.0,3769600.0,7.72
2011-07-18 09:30:00,3832000.0,3941792.0,3782400.0,3836800.0,6.68
2011-07-19 09:30:00,3718401.6,3720000.0,3560000.0,3568000.0,7.88
2011-07-20 09:30:00,3508798.4,3633601.6,3508798.4,3616001.6,5.4
2011-07-21 09:30:00,3601598.4,3659200.0,3480320.0,3536001.6,6.6
2011-07-22 09:30:00,3547200.0,3553601.6,3417600.0,3430400.0,6.32
2011-07-25 09:30:00,3518401.6,3534400.0,3398158.4,3449600.0,6.36
2011-07-26 09:30:00,3460800.0,3478401.6,3392000.0,3423998.4,4.68
2011-07-27 09:30:00,3494400.0,3715200.0,3488000.0,3686398.4,12.2
2011-07-28 09:30:00,3689600.0,3728000.0,3531201.6,3672000.0,10.92
2011-07-29 09:30:00,3760000.0,3812350.4,3592000.0,3705600.0,13.76
2011-08-01 09:30:00,3571201.6,3891201.6,3548798.4,3755200.0,12.6
2011-08-02 09:30:00,3809600.0,4049600.0,3760000.0,4038401.6,10.64
2011-08-03 09:30:00,4025600.0,4238401.6,3908798.4,3930208.0,14.28
2011-08-04 09:30:00,4100800.0,4465600.0,4075200.0,4463998.4,16.72
2011-08-05 09:30:00,4315200.0,4932800.0,4262400.0,4552000.0,34.04
2011-08-08 09:30:00,4966398.4,5376001.6,4738432.0,5376001.6,33.68
2011-08-09 09:30:00,5145600.0,5588798.4,4592000.0,4606398.4,36.0
2011-08-10 09:30:00,4908798.4,5169600.0,4703998.4,5123200.0,15.84
2011-08-11 09:30:00,4948798.4,5008000.0,4300800.0,4473601.6,15.6
2011-08-12 09:30:00,4377600.0,4526398.4,4273601.6,4355200.0,10.84
2011-08-15 09:30:00,4302400.0,4364800.0,4165440.0,4165440.0,8.44
2011-08-16 09:30:00,4272000.0,4432000.0,4169600.0,4273601.6,13.72
2011-08-17 09:30:00,4254400.0,4473601.6,4143998.4,4347200.0,12.2
2011-08-18 09:30:00,4696001.6,5096001.6,4696001.6,4972800.0,30.52
2011-08-19 09:30:00,5136001.6,5265600.0,4771201.6,5246398.4,26.88
2011-08-22 09:30:00,4876800.0,5246398.4,4870400.0,5206398.4,19.4
2011-08-23 09:30:00,5081598.4,5151985.6,4556800.0,4560000.0,17.2
2011-08-24 09:30:00,4587200.0,4700800.0,4418304.0,4446398.4,9.88
2011-08-25 09:30:00,4462400.0,4710400.0,4392000.0,4659200.0,13.72
2011-08-26 09:30:00,4708798.4,4846240.0,4263678.4,4315200.0,19.36
2011-08-29 09:30:00,4187200.0,4187200.0,3939200.0,3950400.0,13.08
2011-08-30 09:30:00,4000000.0,4057600.0,3801598.4,3878401.6,15.36
2011-08-31 09:30:00,3801598.4,3948798.4,3708798.4,3857600.0,16.64
2011-09-01 09:30:00,3819200.0,3977600.0,3729600.0,3960000.0,13.96
2011-09-02 09:30:00,4164800.0,4296160.0,4113601.6,4230400.0,18.28
2011-09-06 09:30:00,4531201.6,4558304.0,4211233.6,4230400.0,18.72
2011-09-07 09:30:00,4048000.0,4083840.0,3905600.0,3907200.0,9.64
2011-09-08 09:30:00,3969600.0,3999648.0,3796800.0,3961598.4,11.76
2011-09-09 09:30:00,4046398.4,4292800.0,3997041.6,4220800.0,13.44
2011-09-12 09:30:00,4364800.0,4369600.0,4054400.0,4057600.0,18.8
2011-09-13 09:30:00,4014400.0,4072000.0,3873601.6,3900800.0,10.16
2011-09-14 09:30:00,3841598.4,3952000.0,3600000.0,3737600.0,13.56
2011-09-15 09:30:00,3604800.0,3726398.4,3546433.6,3564800.0,12.32
2011-09-16 09:30:00,3540800.0,3563200.0,3456001.6,3470400.0,11.92
2011-09-19 09:30:00,3595200.0,3680000.0,3408000.0,3460800.0,18.64
2011-09-20 09:30:00,3412800.0,3531201.6,3328000.0,3505600.0,15.08
2011-09-21 09:30:00,3459200.0,3690752.0,3400000.0,3689600.0,17.6
2011-09-22 09:30:00,3980800.0,4211201.6,3873601.6,4046398.4,33.52
2011-09-23 09:30:00,4147200.0,4161440.0,3865600.0,3916800.0,17.4
2011-09-26 09:30:00,3851201.6,4123200.0,3763200.0,3783998.4,15.52
2011-09-27 09:30:00,3593601.6,3740800.0,3491201.6,3672000.0,23.8
2011-09-28 09:30:00,3616001.6,3852800.0,3543998.4,3835200.0,18.56
2011-09-29 09:30:00,3649600.0,4156816.0,3638401.6,3958401.6,29.96
2011-09-30 09:30:00,4121598.4,4275200.0,4020800.0,4262720.0,27.12
2011-10-03 09:30:00,4382400.0,4603200.0,4182400.0,4603200.0,28.68
2011-10-04 09:30:00,4743998.4,4877505.6,4284800.0,4312000.0,32.32
2011-10-05 09:30:00,4343998.4,4444800.0,3947200.0,3987200.0,26.52
2011-10-06 09:30:00,3996800.0,4051201.6,3783998.4,3785600.0,18.96
2011-10-07 09:30:00,3783998.4,3932800.0,3736001.6,3859200.0,21.84
2011-10-10 09:30:00,3665600.0,3680000.0,3463998.4,3465600.0,17.24
2011-10-11 09:30:00,3489600.0,3503998.4,3364800.0,3396800.0,12.16
2011-10-12 09:30:00,3291201.6,3347200.0,3227200.0,3332800.0,21.84
2011-10-13 09:30:00,3360000.0,3366398.4,3232000.0,3244800.0,18.32
2011-10-14 09:30:00,3124800.0,3177600.0,3062400.0,3062400.0,21.08
2011-10-17 09:30:00,3108798.4,3252800.0,3078401.6,3204800.0,25.52
2011-10-18 09:30:00,3222400.0,3308798.4,3033601.6,3081598.4,29.32
2011-10-19 09:30:00,3132800.0,3289760.0,3106366.4,3265600.0,18.56
2011-10-20 09:30:00,3270400.0,3448000.0,3256001.6,3302400.0,23.16
2011-10-21 09:30:00,3203200.0,3276800.0,3120000.0,3187200.0,18.4
2011-10-24 09:30:00,3153601.6,3158401.6,2961598.4,2990400.0,22.2
2011-10-25 09:30:00,3019200.0,3179200.0,3012800.0,3160000.0,28.24
2011-10-26 09:30:00,3107200.0,3347200.0,3088000.0,3166398.4,28.8
2011-10-27 09:30:00,2948798.4,3044641.6,2854400.0,2910400.0,29.56
2011-10-28 09:30:00,2963200.0,2964800.0,2884800.0,2896001.6,15.16
2011-10-31 09:30:00,2976001.6,3044800.0,2940800.0,3041598.4,14.4
2011-11-01 09:30:00,3263998.4,3326398.4,3195200.0,3278401.6,34.16
2011-11-02 09:30:00,3174400.0,3286398.4,3153601.6,3195200.0,18.56
2011-11-03 09:30:00,3120000.0,3227200.0,2983998.4,2995200.0,19.24
2011-11-04 09:30:00,3044800.0,3130896.0,3003200.0,3043200.0,18.4
2011-11-07 09:30:00,3051201.6,3139200.0,2969600.0,2976001.6,21.64
2011-11-08 09:30:00,2916800.0,3012800.0,2859200.0,2872000.0,19.84
2011-11-09 09:30:00,3041598.4,3200000.0,3028798.4,3168000.0,22.52
2011-11-10 09:30:00,3076800.0,3273601.6,3072000.0,3182400.0,21.48
2011-11-11 09:30:00,3097600.0,3107361.6,2969600.0,3001598.4,14.84
2011-11-14 09:30:00,3028798.4,3088000.0,2976001.6,3056001.6,12.44
2011-11-15 09:30:00,3080000.0,3091201.6,2916800.0,2956800.0,14.44
2011-11-16 09:30:00,3017600.0,3114592.0,2952000.0,3097600.0,16.12
2011-11-17 09:30:00,3120000.0,3372800.0,3118401.6,3312000.0,26.28
2011-11-18 09:30:00,3308798.4,3409600.0,3303998.4,3393601.6,24.0
2011-11-21 09:30:00,3523200.0,3686398.4,3513601.6,3583998.4,23.12
2011-11-22 09:30:00,3617600.0,3675358.4,3520000.0,3552000.0,21.24
2011-11-23 09:30:00,3632000.0,3796800.0,3617920.0,3792000.0,20.52
2011-11-25 09:30:00,3836800.0,3880000.0,3708798.4,3880000.0,10.48
2011-11-28 09:30:00,3595200.0,3596800.0,3460800.0,3472000.0,11.92
2011-11-29 09:30:00,3492800.0,3568000.0,3403200.0,3540800.0,12.8
2011-11-30 09:30:00,3251201.6,3284606.4,3137329.6,3158401.6,14.04
2011-12-01 09:30:00,3145600.0,3150400.0,3056001.6,3081598.4,8.04
2011-12-02 09:30:00,2996800.0,3112000.0,2992000.0,3105600.0,8.44
2011-12-05 09:30:00,2966398.4,3057600.0,2943998.4,3006398.4,11.88
2011-12-06 09:30:00,2992000.0,3059200.0,2971392.0,3028798.4,8.8
2011-12-07 09:30:00,3057600.0,3143998.4,2987361.6,3030400.0,14.2
2011-12-08 09:30:00,3081598.4,3196800.0,3016001.6,3179200.0,11.6
2011-12-09 09:30:00,3153601.6,3161598.4,3000000.0,3028798.4,10.32
2011-12-12 09:30:00,3123200.0,3203216.0,3120000.0,3123200.0,12.2
2011-12-13 09:30:00,3065600.0,3270240.0,3032000.0,3232000.0,13.64
2011-12-14 09:30:00,3272000.0,3436480.0,3262400.0,3380800.0,17.16
2011-12-15 09:30:00,3291201.6,3424961.6,3286398.4,3411201.6,10.08
2011-12-16 09:30:00,3355200.0,3376001.6,3219200.0,3364800.0,11.6
2011-12-19 09:30:00,3326398.4,3483200.0,3297600.0,3452800.0,13.0
2011-12-20 09:30:00,3292800.0,3292800.0,3139040.0,3152000.0,17.64
2011-12-21 09:30:00,3198401.6,3390400.0,3198401.6,3278401.6,14.92
2011-12-22 09:30:00,3259200.0,3274961.6,3196800.0,3201598.4,7.92
2011-12-23 09:30:00,3180800.0,3201216.0,3115200.0,3116800.0,6.16
2011-12-27 09:30:00,3132800.0,3139200.0,3060800.0,3092800.0,7.72
2011-12-28 09:30:00,3096001.6,3218592.0,3086398.4,3192000.0,8.48
2011-12-29 09:30:00,3180800.0,3208000.0,3120000.0,3126398.4,5.88
2011-12-30 09:30:00,3145600.0,3150400.0,3103998.4,3150400.0,4.72
2012-01-03 09:30:00,2971201.6,2995056.0,2921598.4,2974400.0,11.2
2012-01-04 09:30:00,2990400.0,3020800.0,2921598.4,2934400.0,9.76
2012-01-05 09:30:00,2952000.0,2982400.0,2855696.0,2859200.0,11.32
2012-01-06 09:30:00,2854400.0,2889760.0,2814400.0,2830400.0,10.68
2012-01-09 09:30:00,2809600.0,2886398.4,2806398.4,2856001.6,6.52
2012-01-10 09:30:00,2764800.0,2819200.0,2742400.0,2796800.0,15.88
2012-01-11 09:30:00,2800000.0,2828798.4,2760000.0,2779200.0,11.6
2012-01-12 09:30:00,2761598.4,2820161.6,2736001.6,2740800.0,13.2
2012-01-13 09:30:00,2785600.0,2843200.0,2771201.6,2771201.6,15.2
2012-01-17 09:30:00,2700800.0,2729600.0,2662400.0,2703998.4,13.44
2012-01-18 09:30:00,2686398.4,2696001.6,2590400.0,2593601.6,14.56
2012-01-19 09:30:00,2555200.0,2568000.0,2528000.0,2540800.0,18.68
2012-01-20 09:30:00,2576001.6,2579200.0,2548800.0,2550400.0,6.56
2012-01-23 09:30:00,2550400.0,2593601.6,2496000.0,2550400.0,10.36
2012-01-24 09:30:00,2585600.0,2598401.6,2542560.0,2563200.0,8.52
2012-01-25 09:30:00,2488000.0,2542400.0,2448000.0,2467200.0,16.44
2012-01-26 09:30:00,2433600.0,2524800.0,2420800.0,2492640.0,17.68
2012-01-27 09:30:00,2510400.0,2510400.0,2457600.0,2470400.0,14.76
2012-01-30 09:30:00,2526400.0,2560000.0,2452800.0,2464000.0,12.76
2012-01-31 09:30:00,2427200.0,2499200.0,2412800.0,2452800.0,9.12
2012-02-01 09:30:00,2411200.0,2436800.0,2366400.0,2395200.0,14.96
2012-02-02 09:30:00,2368000.0,2398400.0,2347200.0,2371200.0,11.16
2012-02-03 09:30:00,2302400.0,2316800.0,2265600.0,2275200.0,13.92
2012-02-06 09:30:00,2296000.0,2316784.0,2275200.0,2276800.0,7.44
2012-02-07 09:30:00,2281600.0,2312000.0,2251200.0,2260800.0,8.0
2012-02-08 09:30:00,2260800.0,2286400.0,2228800.0,2230400.0,9.68
2012-02-09 09:30:00,2204800.0,2243200.0,2171200.0,2179200.0,12.56
2012-02-10 09:30:00,2227200.0,2246400.0,2206400.0,2224000.0,12.92
2012-02-13 09:30:00,2174400.0,2204800.0,2153600.0,2161600.0,8.64
2012-02-14 09:30:00,2182400.0,2200000.0,2144000.0,2145760.0,11.8
2012-02-15 09:30:00,2113600.0,2200000.0,2080000.0,2193600.0,28.16
2012-02-16 09:30:00,2190400.0,2204800.0,2092800.0,2099200.0,21.48
2012-02-17 09:30:00,2096000.0,2145600.0,2094400.0,2120000.0,8.92
2012-02-21 09:30:00,2113600.0,2140800.0,2073600.0,2100800.0,13.8
2012-02-22 09:30:00,2115200.0,2139200.0,2096000.0,2128000.0,8.88
2012-02-23 09:30:00,2124800.0,2152000.0,2078400.0,2088000.0,11.68
2012-02-24 09:30:00,2068800.0,2083200.0,2054400.0,2065600.0,10.12
2012-02-27 09:30:00,2104000.0,2126400.0,2036800.0,2059200.0,12.96
2012-02-28 09:30:00,2051200.0,2059200.0,1995200.0,1996800.0,14.2
2012-02-29 09:30:00,1988800.0,2040000.0,1969600.0,2022400.0,19.0
2012-03-01 09:30:00,1995200.0,2015360.0,1968000.0,1971200.0,11.2
2012-03-02 09:30:00,1977600.0,1996800.0,1958400.0,1977600.0,10.6
2012-03-05 09:30:00,1985600.0,2056000.0,1974400.0,2036800.0,14.96
2012-03-06 09:30:00,2099200.0,2129600.0,2084800.0,2097600.0,20.84
2012-03-07 09:30:00,2070400.0,2078400.0,2035200.0,2051200.0,11.68
2012-03-08 09:30:00,2012800.0,2025600.0,1966400.0,1982400.0,13.56
2012-03-09 09:30:00,1974400.0,1977600.0,1948800.0,1960000.0,10.36
2012-03-12 09:30:00,1960000.0,1984000.0,1948800.0,1956816.0,6.64
2012-03-13 09:30:00,1923200.0,1932816.0,1844800.0,1844800.0,19.84
2012-03-14 09:30:00,1840000.0,1859200.0,1806176.0,1824000.0,15.68
2012-03-15 09:30:00,1809600.0,1836800.0,1798400.0,1811200.0,16.36
2012-03-16 09:30:00,1803200.0,1825600.0,1801680.0,1814400.0,11.12
2012-03-19 09:30:00,1806400.0,1818992.0,1763200.0,1774400.0,12.92
2012-03-20 09:30:00,1800000.0,1816000.0,1760000.0,1764800.0,14.84
2012-03-21 09:30:00,1763200.0,1771200.0,1736000.0,1764800.0,19.84
2012-03-22 09:30:00,1798400.0,1798400.0,1763200.0,1776000.0,19.84
2012-03-23 09:30:00,1769600.0,1808000.0,1768000.0,1777600.0,10.72
2012-03-26 09:30:00,1744000.0,1745600.0,1683200.0,1683200.0,17.52
2012-03-27 09:30:00,1678400.0,1681600.0,1656224.0,1676800.0,10.96
2012-03-28 09:30:00,1674400.0,1724800.0,1656000.0,1696000.0,13.88
2012-03-29 09:30:00,1723200.0,1752000.0,1697600.0,1716800.0,12.92
2012-03-30 09:30:00,1692800.0,1745600.0,1691200.0,1726400.0,8.04
2012-04-02 09:30:00,1731200.0,1740800.0,1665600.0,1672000.0,10.44
2012-04-03 09:30:00,1667200.0,1700800.0,1649600.0,1673600.0,12.6
2012-04-04 09:30:00,1713600.0,1769600.0,1707200.0,1742400.0,15.88
2012-04-05 09:30:00,1752000.0,1755200.0,1705600.0,1708800.0,12.64
2012-04-09 09:30:00,1774400.0,1780800.0,1728000.0,1748800.0,17.8
2012-04-10 09:30:00,1750400.0,1848000.0,1731200.0,1830400.0,26.24
2012-04-11 09:30:00,1782400.0,1819200.0,1768000.0,1806400.0,16.08
2012-04-12 09:30:00,1793600.0,1800016.0,1736000.0,1742400.0,15.56
2012-04-13 09:30:00,1763200.0,1824000.0,1760000.0,1822400.0,16.8
2012-04-16 09:30:00,1792000.0,1899200.0,1790400.0,1878400.0,20.88
2012-04-17 09:30:00,1856000.0,1867200.0,1751504.0,1768000.0,18.64
2012-04-18 09:30:00,1785600.0,1796800.0,1748800.0,1780800.0,15.32
2012-04-19 09:30:00,1798400.0,1860368.0,1736000.0,1836800.0,26.16
2012-04-20 09:30:00,1812800.0,1864000.0,1787200.0,1859200.0,17.64
2012-04-23 09:30:00,1908800.0,1958400.0,1899200.0,1904000.0,20.48
2012-04-24 09:30:00,1915200.0,1961600.0,1894400.0,1937600.0,15.52
2012-04-25 09:30:00,1819200.0,1825584.0,1780560.0,1782400.0,20.28
2012-04-26 09:30:00,1782400.0,1790400.0,1739200.0,1750400.0,19.72
2012-04-27 09:30:00,1731200.0,1756800.0,1704000.0,1721600.0,16.44
2012-04-30 09:30:00,1737600.0,1760000.0,1724800.0,1755200.0,9.96
2012-05-01 09:30:00,1761600.0,1769600.0,1689600.0,1747200.0,16.96
2012-05-02 09:30:00,1777600.0,1785600.0,1729680.0,1734400.0,13.32
2012-05-03 09:30:00,1728000.0,1800800.0,1724800.0,1785600.0,16.96
2012-05-04 09:30:00,1836800.0,1920000.0,1830400.0,1920000.0,26.52
2012-05-07 09:30:00,1955200.0,1958400.0,1888000.0,1915200.0,20.16
2012-05-08 09:30:00,1953600.0,2030384.0,1918400.0,1937600.0,33.76
2012-05-09 09:30:00,2004800.0,2027216.0,1923200.0,1947200.0,34.84
2012-05-10 09:30:00,1928000.0,1988800.0,1926400.0,1967200.0,14.4
2012-05-11 09:30:00,1987600.0,1992000.0,1904800.0,1968400.4,45.84
2012-05-14 09:30:00,2014800.0,2031160.4,1975999.6,2023200.0,60.28
2012-05-15 09:30:00,2002400.0,2052400.0,1955999.6,2042400.0,64.88
2012-05-16 09:30:00,2019200.0,2095600.0,2002639.6,2085600.0,42.48
2012-05-17 09:30:00,2084800.0,2217600.0,2072000.0,2217600.0,67.92
2012-05-18 09:30:00,2195200.0,2307199.6,2178400.4,2297199.6,75.92
2012-05-21 09:30:00,2290399.6,2297600.0,2103319.6,2110800.0,58.8
2012-05-22 09:30:00,2094000.4,2162000.0,2065999.6,2118800.0,50.32
2012-05-23 09:30:00,2169600.4,2225200.0,2088800.0,2104000.4,73.84
2012-05-24 09:30:00,2094000.4,2192000.0,2089200.0,2142800.4,69.48
2012-05-25 09:30:00,2142000.0,2172400.0,2127600.0,2155600.0,40.48
2012-05-29 09:30:00,2092800.4,2131599.6,2041200.0,2072000.0,39.76
2012-05-30 09:30:00,2128400.4,2161200.0,2101599.6,2122400.0,42.0
2012-05-31 09:30:00,2132000.0,2198800.0,2115600.0,2151599.6,58.48
2012-06-01 09:30:00,2264800.0,2325600.0,2228000.0,2325600.0,61.2
2012-06-04 09:30:00,2302804.0,2364359.6,2258800.0,2270800.0,66.04
2012-06-05 09:30:00,2293200.0,2296400.0,2228400.4,2241200.0,39.28
2012-06-06 09:30:00,2189200.0,2196800.0,2082000.0,2085600.0,51.32
2012-06-07 09:30:00,2022400.0,2115996.0,2020399.6,2110399.6,46.76
2012-06-08 09:30:00,2123600.0,2141599.6,2042000.0,2048000.0,37.32
2012-06-11 09:30:00,2003600.0,2156400.0,2000000.0,2144400.0,45.28
2012-06-12 09:30:00,2124800.0,2165600.0,2072400.0,2075200.0,52.12
2012-06-13 09:30:00,2094000.4,2139200.0,2045200.0,2118800.0,43.8
2012-06-14 09:30:00,2118800.0,2151160.4,2069200.0,2092000.0,54.68
2012-06-15 09:30:00,2077600.0,2078000.0,2007199.6,2010800.0,37.36
2012-06-18 09:30:00,2038000.0,2049600.4,1944400.0,1960399.6,36.44
2012-06-19 09:30:00,1929600.4,1933383.6,1873200.0,1897600.0,33.0
2012-06-20 09:30:00,1887199.6,1934000.4,1868800.0,1891200.0,40.68
2012-06-21 09:30:00,1900000.0,2040000.0,1891200.0,2032400.0,43.88
2012-06-22 09:30:00,2014000.4,2028800.0,1961200.0,1969200.0,29.76
2012-06-25 09:30:00,2016800.0,2099200.0,2015600.0,2084000.4,65.88
2012-06-26 09:30:00,2062400.0,2090000.0,2025600.0,2043200.0,33.32
2012-06-27 09:30:00,2018400.4,2026400.0,1979600.4,2006800.0,22.96
2012-06-28 09:30:00,2052400.0,2135200.0,2047199.6,2069600.4,47.72
2012-06-29 09:30:00,1952800.4,1970399.6,1876800.0,1876800.0,45.72
2012-07-02 09:30:00,1869200.0,1902400.0,1857199.6,1858000.0,30.48
2012-07-03 09:30:00,1858400.4,1865999.6,1814000.4,1814000.4,15.52
2012-07-05 09:30:00,1818800.0,1846756.0,1782800.4,1810000.0,37.88
2012-07-06 09:30:00,1833600.0,1915180.0,1830000.0,1876800.0,46.84
2012-07-09 09:30:00,1884800.0,1914592.4,1864320.0,1886800.0,30.28
2012-07-10 09:30:00,1855200.0,1963180.0,1842000.0,1939200.0,46.88
2012-07-11 09:30:00,1949600.4,2021560.0,1933600.0,1973600.0,52.44
2012-07-12 09:30:00,2020399.6,2082800.4,2005620.0,2030000.0,60.72
2012-07-13 09:30:00,2012800.4,2016404.0,1924000.4,1938800.0,34.52
2012-07-16 09:30:00,1950800.0,1975600.0,1924400.0,1954000.4,28.56
2012-07-17 09:30:00,1917600.0,2005999.6,1903600.0,1922800.4,37.12
2012-07-18 09:30:00,1935999.6,1935999.6,1827199.6,1843200.0,48.8
2012-07-19 09:30:00,1806800.0,1815360.0,1765600.0,1783200.0,46.48
2012-07-20 09:30:00,1784400.0,1855200.0,1782800.4,1850399.6,43.96
2012-07-23 09:30:00,1960800.0,2002400.0,1901599.6,1920000.0,49.08
2012-07-24 09:30:00,1912800.4,2000800.0,1903200.0,1964800.0,46.12
2012-07-25 09:30:00,2010800.0,2040399.6,1967600.0,2004800.0,40.04
2012-07-26 09:30:00,1917600.0,1962800.4,1888800.0,1928400.4,38.0
2012-07-27 09:30:00,1883600.0,1900399.6,1778400.4,1785200.0,43.88
2012-07-30 09:30:00,1773600.0,1809600.4,1751200.0,1794400.0,52.2
2012-07-31 09:30:00,1784400.0,1798000.0,1762000.0,1795999.6,36.88
2012-08-01 09:30:00,1755600.0,1831200.0,1754800.0,1805999.6,39.52
2012-08-02 09:30:00,1853600.0,1868000.0,1774400.0,1827199.6,62.12
2012-08-03 09:30:00,1740000.0,1758380.0,1700000.0,1723200.0,64.12
2012-08-06 09:30:00,1698800.0,1707600.0,1661599.6,1684400.0,40.44
2012-08-07 09:30:00,1661599.6,1670380.4,1621200.0,1642000.0,44.16
2012-08-08 09:30:00,1654800.0,1662000.0,1633200.0,1644800.0,41.92
2012-08-09 09:30:00,1644400.0,1653200.0,1622508.0,1631200.0,28.56
2012-08-10 09:30:00,1645999.6,1658004.0,1624800.0,1624800.0,28.56
2012-08-13 09:30:00,1625600.0,1652000.0,1613600.0,1613600.0,22.88
2012-08-14 09:30:00,1596800.0,1625200.0,1585999.6,1612000.0,33.48
2012-08-15 09:30:00,1615200.0,1616400.0,1592400.0,1600000.0,24.8
2012-08-16 09:30:00,1582400.0,1587080.0,1530840.0,1542400.0,46.32
2012-08-17 09:30:00,1532800.4,1542396.4,1521200.0,1521599.6,33.52
2012-08-20 09:30:00,1524800.0,1542000.0,1514000.4,1514400.0,28.92
2012-08-21 09:30:00,1500800.0,1550800.0,1484012.0,1534000.4,44.32
2012-08-22 09:30:00,1543600.0,1554800.0,1504800.0,1515200.0,36.84
2012-08-23 09:30:00,1533600.0,1561599.6,1519995.6,1548800.0,30.92
2012-08-24 09:30:00,1561599.6,1568800.0,1510399.6,1523200.0,27.52
2012-08-27 09:30:00,1500443.6,1524000.4,1496400.0,1515200.0,24.76
2012-08-28 09:30:00,1518400.4,1533148.0,1502400.0,1514000.4,27.4
2012-08-29 09:30:00,1512000.0,1532508.0,1502068.0,1514000.4,20.8
2012-08-30 09:30:00,1533200.0,1566400.0,1531599.6,1560000.0,26.96
2012-08-31 09:30:00,1523600.0,1574412.4,1508004.0,1530000.0,53.72
2012-09-04 09:30:00,1535200.0,1577199.6,1515200.0,1531200.0,37.72
2012-09-05 09:30:00,1535600.0,1549439.6,1514800.0,1537600.0,33.28
2012-09-06 09:30:00,1510000.0,1510399.6,1434000.4,1435999.6,56.32
2012-09-07 09:30:00,1443200.0,1452800.4,1433268.0,1440800.0,28.52
2012-09-10 09:30:00,1452000.0,1498400.4,1442800.4,1494400.0,32.64
2012-09-11 09:30:00,1495999.6,1510000.0,1478000.0,1501599.6,33.36
2012-09-12 09:30:00,1487600.0,1516400.0,1478000.0,1487600.0,40.96
2012-09-13 09:30:00,1485200.0,1490399.6,1410000.0,1428800.0,63.92
2012-09-14 09:30:00,1411200.0,1414000.4,1374840.0,1390000.0,52.64
2012-09-17 09:30:00,1388000.0,1403200.0,1387199.6,1388839.6,44.0
2012-09-18 09:30:00,1400399.6,1400399.6,1383203.6,1385640.4,38.16
2012-09-19 09:30:00,1385200.0,1397199.6,1365999.6,1376400.0,41.44
2012-09-20 09:30:00,1398000.0,1407680.0,1377600.0,1380399.6,42.12
2012-09-21 09:30:00,1360800.0,1383560.0,1357199.6,1380000.0,32.64
2012-09-24 09:30:00,1414800.0,1422000.0,1396400.0,1406400.0,46.76
2012-09-25 09:30:00,1392400.0,1464800.0,1383600.0,1462000.0,49.64
2012-09-26 09:30:00,1469200.0,1520800.0,1466400.0,1498000.0,71.96
2012-09-27 09:30:00,1487600.0,1495200.0,1425999.6,1435600.0,51.72
2012-09-28 09:30:00,1450800.0,1474800.0,1437600.0,1471200.0,54.16
2012-10-01 09:30:00,1449600.4,1492000.0,1423200.0,1476400.0,40.68
2012-10-02 09:30:00,1458800.0,1499600.4,1444800.0,1464400.0,57.6
2012-10-03 09:30:00,1452000.0,1470800.0,1430000.0,1438396.0,53.48
2012-10-04 09:30:00,1429200.0,1443136.0,1410800.0,1422000.0,35.04
2012-10-05 09:30:00,1401599.6,1455200.0,1394400.0,1444400.0,44.24
2012-10-08 09:30:00,1470800.0,1494000.4,1460800.0,1483200.0,40.36
2012-10-09 09:30:00,1495600.0,1565200.0,1495600.0,1555600.0,54.76
2012-10-10 09:30:00,1556400.0,1586400.0,1543996.0,1578040.0,40.96
2012-10-11 09:30:00,1542800.4,1595999.6,1540000.0,1595200.0,36.56
2012-10-12 09:30:00,1593200.0,1604800.0,1567639.6,1595999.6,34.56
2012-10-15 09:30:00,1575999.6,1606400.0,1553640.0,1561599.6,33.88
2012-10-16 09:30:00,1553200.0,1554000.4,1488400.4,1490800.0,39.84
2012-10-17 09:30:00,1517600.0,1522796.0,1482400.0,1496800.0,48.04
2012-10-18 09:30:00,1512400.0,1564800.0,1495999.6,1546400.0,68.12
2012-10-19 09:30:00,1553200.0,1664800.0,1550800.0,1659200.0,97.24
2012-10-22 09:30:00,1663200.0,1672000.0,1620000.0,1633600.0,55.8
2012-10-23 09:30:00,1672800.4,1694800.0,1637600.0,1680800.0,78.36
2012-10-24 09:30:00,1650800.0,1704800.0,1643600.0,1700000.0,40.28
2012-10-25 09:30:00,1662000.0,1712000.0,1653200.0,1695600.0,47.56
2012-10-26 09:30:00,1697199.6,1736800.0,1661200.0,1680000.0,52.6
2012-10-31 09:30:00,1685600.0,1730800.0,1680000.0,1712000.0,28.8
2012-11-01 09:30:00,1682800.4,1694400.0,1629200.0,1638400.4,39.08
2012-11-02 09:30:00,1617199.6,1695600.0,1614000.4,1694000.4,29.92
2012-11-05 09:30:00,1690399.6,1700399.6,1647600.0,1657199.6,35.04
2012-11-06 09:30:00,1650000.0,1667199.6,1614400.0,1646800.0,46.48
2012-11-07 09:30:00,1698400.4,1784400.0,1695200.0,1762800.4,74.08
2012-11-08 09:30:00,1750800.0,1847600.0,1737199.6,1847600.0,58.84
2012-11-09 09:30:00,1844400.0,1847600.0,1764800.0,1824000.4,74.16
2012-11-12 09:30:00,1791200.0,1839600.4,1785999.6,1823600.0,30.92
2012-11-13 09:30:00,1869596.0,1879200.0,1810399.6,1862000.0,67.8
2012-11-14 09:30:00,1836400.0,1936400.0,1830000.0,1928000.0,53.92
2012-11-15 09:30:00,1925999.6,1968800.0,1904800.0,1948880.0,73.52
2012-11-16 09:30:00,1942400.0,2015200.0,1905999.6,1926800.0,70.36
2012-11-19 09:30:00,1860000.0,1860399.6,1780800.0,1784000.4,46.68
2012-11-20 09:30:00,1784400.0,1833996.0,1775600.0,1783400.4,38.16
2012-11-21 09:30:00,1778000.0,1798400.4,1764400.0,1771200.0,24.92
2012-11-23 09:30:00,1737600.0,1743040.0,1690000.0,1690800.0,32.4
2012-11-26 09:30:00,1700399.6,1718784.0,1666800.0,1668383.6,37.28
2012-11-27 09:30:00,1672800.4,1693200.0,1652000.0,1685600.0,45.76
2012-11-28 09:30:00,1711200.0,1740399.6,1638400.4,1644000.4,69.28
2012-11-29 09:30:00,1617199.6,1637199.6,1595600.0,1613600.0,57.84
2012-11-30 09:30:00,1612800.4,1634400.0,1607603.6,1618800.0,40.12
2012-12-03 09:30:00,1582800.4,1631599.6,1578400.4,1628000.0,53.08
2012-12-04 09:30:00,1626400.0,1664400.0,1622804.0,1636800.0,54.68
2012-12-05 09:30:00,1640399.6,1713600.0,1640000.0,1686400.0,59.12
2012-12-06 09:30:00,1701200.0,1715919.6,1641200.0,1655999.6,42.68
2012-12-07 09:30:00,1628800.0,1700340.0,1624000.4,1683600.0,34.92
2012-12-10 09:30:00,1697199.6,1697600.0,1642800.4,1667600.0,27.96
2012-12-11 09:30:00,1634000.4,1638000.0,1575200.0,1603200.0,63.08
2012-12-12 09:30:00,1578800.0,1626400.0,1577199.6,1615200.0,61.16
2012-12-13 09:30:00,1622000.0,1672400.0,1589200.0,1650800.0,46.68
2012-12-14 09:30:00,1682400.0,1715200.0,1669200.0,1697600.0,36.2
2012-12-17 09:30:00,1694000.4,1700800.0,1629200.0,1629600.4,36.84
2012-12-18 09:30:00,1603200.0,1620000.0,1548400.4,1554879.6,69.76
2012-12-19 09:30:00,1544000.4,1578000.0,1541200.0,1577199.6,52.12
2012-12-20 09:30:00,1568400.4,1600000.0,1564400.0,1575999.6,53.84
2012-12-21 09:30:00,1648800.0,1669200.0,1620000.0,1625200.0,44.04
2012-12-24 09:30:00,1638800.0,1645999.6,1630595.6,1638000.0,10.4
2012-12-26 09:30:00,1634800.0,1694400.0,1627600.0,1677520.0,20.64
2012-12-27 09:30:00,1674800.0,1748404.0,1667199.6,1684800.0,59.4
2012-12-28 09:30:00,1720000.0,1735196.0,1683200.0,1733600.0,33.36
2012-12-31 09:30:00,1741599.6,1748400.4,1612800.4,1622000.0,49.88
2013-01-02 09:30:00,1504800.0,1521599.6,1467600.0,1467600.0,67.72
2013-01-03 09:30:00,1469200.0,1504000.4,1459600.4,1489600.4,54.24
2013-01-04 09:30:00,1489200.0,1515999.6,1489200.0,1504400.0,34.16
2013-01-07 09:30:00,1519600.4,1531200.0,1497199.6,1501599.6,30.92
2013-01-08 09:30:00,1505600.0,1536400.0,1493604.0,1510000.0,31.56
2013-01-09 09:30:00,1505999.6,1509648.0,1483200.0,1496400.0,28.08
2013-01-10 09:30:00,1465999.6,1510800.0,1462000.0,1469200.0,29.72
2013-01-11 09:30:00,1470000.0,1480000.0,1460800.0,1463200.0,22.32
2013-01-14 09:30:00,1485999.6,1500800.0,1471200.0,1482000.0,28.36
2013-01-15 09:30:00,1503600.0,1523200.0,1498000.0,1503600.0,31.04
2013-01-16 09:30:00,1495999.6,1505600.0,1471200.0,1485600.0,26.2
2013-01-17 09:30:00,1467639.6,1475200.0,1447680.0,1463600.0,42.76
2013-01-18 09:30:00,1478800.0,1494000.4,1470000.0,1474400.0,40.4
2013-01-22 09:30:00,1470000.0,1496400.0,1464400.0,1465999.6,33.88
2013-01-23 09:30:00,1441599.6,1448800.0,1427240.0,1440800.0,34.0
2013-01-24 09:30:00,1497600.0,1505999.6,1460264.4,1498800.0,41.92
2013-01-25 09:30:00,1485600.0,1493200.0,1463600.0,1476800.0,34.08
2013-01-28 09:30:00,1474400.0,1481196.4,1451599.6,1468800.0,36.36
2013-01-29 09:30:00,1472000.0,1500399.6,1456400.0,1466800.0,59.32
2013-01-30 09:30:00,1458800.0,1484404.4,1444439.6,1472000.0,52.04
2013-01-31 09:30:00,1474000.4,1488400.4,1453200.0,1484000.4,41.32
2013-02-01 09:30:00,1452000.0,1471200.0,1424800.0,1432400.0,52.96
2013-02-04 09:30:00,1458000.0,1507600.0,1444800.0,1507252.0,43.16
2013-02-05 09:30:00,1487600.0,1497600.0,1426796.4,1441200.0,41.16
2013-02-06 09:30:00,1454400.0,1466800.0,1435120.4,1454400.0,43.68
2013-02-07 09:30:00,1448000.0,1498000.0,1445600.0,1450399.6,39.2
2013-02-08 09:30:00,1426800.0,1431200.0,1396400.0,1405960.0,46.76
2013-02-11 09:30:00,1402800.4,1418400.4,1401200.0,1405999.6,23.16
2013-02-12 09:30:00,1409879.6,1425600.0,1401320.0,1422400.0,25.56
2013-02-13 09:30:00,1408800.0,1419596.0,1390440.0,1406400.0,28.28
2013-02-14 09:30:00,1424400.0,1428000.0,1401599.6,1408800.0,22.96
2013-02-15 09:30:00,1407600.0,1431599.6,1398000.0,1420399.6,25.72
2013-02-19 09:30:00,1410000.0,1412400.0,1388000.0,1388800.0,29.76
2013-02-20 09:30:00,1389200.0,1452800.4,1388560.0,1450800.0,42.2
2013-02-21 09:30:00,1469600.4,1515600.0,1464400.0,1500399.6,54.92
2013-02-22 09:30:00,1474000.4,1491196.4,1454800.0,1455600.0,34.4
2013-02-25 09:30:00,1424000.4,1512800.4,1411200.0,1509600.4,52.96
2013-02-26 09:30:00,1501200.0,1532000.0,1482400.0,1492000.0,71.2
2013-02-27 09:30:00,1491599.6,1497196.0,1417600.0,1445200.0,55.08
2013-02-28 09:30:00,1445999.6,1454400.0,1413600.0,1452800.4,34.96
2013-03-01 09:30:00,1469600.4,1490800.0,1429200.0,1433200.0,49.48
2013-03-04 09:30:00,1449200.0,1455999.6,1414000.4,1414000.4,43.04
2013-03-05 09:30:00,1390800.0,1392000.0,1348800.0,1353600.0,54.48
2013-03-06 09:30:00,1341599.6,1369200.0,1340000.0,1364000.4,34.96
2013-03-07 09:30:00,1360399.6,1366712.0,1346800.0,1352800.4,25.12
2013-03-08 09:30:00,1338800.0,1364000.4,1333604.0,1347600.0,26.44
2013-03-11 09:30:00,1352000.0,1365600.0,1335460.4,1336400.0,22.56
2013-03-12 09:30:00,1347600.0,1369600.4,1339600.4,1352800.4,31.2
2013-03-13 09:30:00,1345999.6,1370399.6,1340800.0,1356400.0,42.32
2013-03-14 09:30:00,1342800.4,1351196.4,1334000.4,1342800.4,25.96
2013-03-15 09:30:00,1339200.0,1364000.4,1338000.0,1353600.0,31.4
2013-03-18 09:30:00,1390000.0,1400000.0,1346400.0,1363600.0,45.52
2013-03-19 09:30:00,1351200.0,1406400.0,1342400.0,1368000.0,62.48
2013-03-20 09:30:00,1341200.0,1360399.6,1332400.0,1342400.0,39.0
2013-03-21 09:30:00,1375999.6,1396400.0,1367680.0,1385600.0,40.76
2013-03-22 09:30:00,1370000.0,1374800.0,1344000.4,1347600.0,47.28
2013-03-25 09:30:00,1334000.4,1380399.6,1325600.0,1361200.0,54.88
2013-03-26 09:30:00,1345999.6,1354400.0,1338400.4,1339200.0,32.36
2013-03-27 09:30:00,1364800.0,1371599.6,1331599.6,1332400.0,43.64
2013-03-28 09:30:00,1334000.4,1343600.0,1320000.0,1324000.4,33.24
2013-04-01 09:30:00,1320800.0,1360800.0,1317600.0,1350399.6,48.24
2013-04-02 09:30:00,1332800.4,1334796.0,1305999.6,1318400.4,63.6
2013-04-03 09:30:00,1314800.0,1364000.4,1311200.0,1351200.0,45.4
2013-04-04 09:30:00,1355999.6,1375200.0,1344004.0,1351599.6,30.8
2013-04-05 09:30:00,1418000.0,1426400.0,1381200.0,1386800.0,53.6
2013-04-08 09:30:00,1385600.0,1397204.0,1364000.4,1364800.0,38.84
2013-04-09 09:30:00,1352400.0,1372800.4,1321200.0,1337199.6,66.6
2013-04-10 09:30:00,1324000.4,1325196.0,1254000.4,1259200.0,89.12
2013-04-11 09:30:00,1269200.0,1272800.4,1252400.0,1258800.0,53.04
2013-04-12 09:30:00,1269600.4,1292000.0,1260976.0,1261599.6,48.16
2013-04-15 09:30:00,1280000.0,1341599.6,1271200.0,1338400.4,85.28
2013-04-16 09:30:00,1313200.0,1322800.4,1280399.6,1282400.0,46.92
2013-04-17 09:30:00,1318800.0,1381599.6,1316800.0,1358800.0,90.96
2013-04-18 09:30:00,1348000.0,1433120.0,1347600.0,1416400.0,92.28
2013-04-19 09:30:00,1406400.0,1414000.4,1348800.0,1354400.0,60.6
2013-04-22 09:30:00,1341200.0,1357600.0,1301204.4,1315999.6,53.8
2013-04-23 09:30:00,1292360.4,1314000.4,1264400.0,1278400.4,88.52
2013-04-24 09:30:00,1288000.0,1296400.0,1265999.6,1280000.0,56.8
2013-04-25 09:30:00,1268000.0,1270000.0,1245200.0,1258800.0,53.2
2013-04-26 09:30:00,1269200.0,1286800.0,1260000.0,1270399.6,44.64
2013-04-29 09:30:00,1259200.0,1259200.0,1221200.0,1235600.0,57.16
2013-04-30 09:30:00,1231599.6,1244800.0,1208000.0,1208400.4,48.88
2013-05-01 09:30:00,1209200.0,1232400.0,1202800.4,1223600.0,43.04
2013-05-02 09:30:00,1220000.0,1222400.0,1171599.6,1179600.4,53.2
2013-05-03 09:30:00,1145600.0,1147596.0,1126400.0,1138000.0,51.08
2013-05-06 09:30:00,1132000.0,1134000.4,1118800.0,1124800.0,33.8
2013-05-07 09:30:00,1119600.4,1138000.0,1115999.6,1127199.6,53.16
2013-05-08 09:30:00,1128800.0,1133100.0,1106400.0,1108800.0,37.64
2013-05-09 09:30:00,1114800.0,1120399.6,1092000.0,1112400.0,40.76
2013-05-10 09:30:00,1107600.0,1112796.0,1092000.0,1092800.4,36.56
2013-05-13 09:30:00,1098800.0,1102400.0,1081599.6,1088800.0,36.6
2013-05-14 09:30:00,1088800.0,1088800.0,1062400.0,1073200.0,40.48
2013-05-15 09:30:00,1078800.0,1086800.0,1063203.6,1066400.0,31.44
2013-05-16 09:30:00,1061200.0,1071168.4,1047596.0,1070000.0,51.08
2013-05-17 09:30:00,1054800.0,1062979.6,1036800.0,1038000.0,48.96
2013-05-20 09:30:00,1046400.0,1055200.0,1033200.0,1044800.0,41.76
2013-05-21 09:30:00,1044400.0,1055200.0,1028400.4,1038800.0,41.92
2013-05-22 09:30:00,1034800.0,1082800.4,1010800.0,1065999.6,142.72
2013-05-23 09:30:00,1094800.0,1101200.0,1064000.4,1074000.4,93.84
2013-05-24 09:30:00,1095600.0,1104800.0,1075600.0,1075600.0,62.56
2013-05-28 09:30:00,1038000.0,1064400.0,1025999.6,1054000.4,71.32
2013-05-29 09:30:00,1066800.0,1087199.6,1058400.4,1070000.0,82.24
2013-05-30 09:30:00,1069600.4,1069600.4,1038360.0,1052800.4,60.24
2013-05-31 09:30:00,1065600.0,1084800.0,1040800.0,1084800.0,55.76
2013-06-03 09:30:00,1080399.6,1117600.0,1074800.0,1074800.0,140.68
2013-06-04 09:30:00,1069600.4,1105200.0,1056400.0,1092400.0,106.64
2013-06-05 09:30:00,1102000.0,1137199.6,1090399.6,1134000.4,126.24
2013-06-06 09:30:00,1130399.6,1162719.6,1118000.0,1118800.0,115.76
2013-06-07 09:30:00,1104000.4,1112400.0,1068800.0,1072800.4,94.48
2013-06-10 09:30:00,1064800.0,1077500.0,1055999.6,1071204.4,74.32
2013-06-11 09:30:00,1103200.0,1113200.0,1074400.0,1103200.0,104.36
2013-06-12 09:30:00,1083600.0,1145600.0,1082000.0,1140800.0,114.64
2013-06-13 09:30:00,1145600.0,1155200.0,1090399.6,1098400.4,74.04
2013-06-14 09:30:00,1097600.0,1124000.4,1094000.4,1118400.4,70.48
2013-06-17 09:30:00,1091200.0,1104800.0,1067600.0,1088000.0,97.08
2013-06-18 09:30:00,1082400.0,1083200.0,1054000.4,1061200.0,76.84
2013-06-19 09:30:00,1059008.0,1098800.0,1056400.0,1095999.6,132.68
2013-06-20 09:30:00,1133600.0,1184000.4,1122400.0,1176400.0,137.72
2013-06-21 09:30:00,1174400.0,1221100.0,1164439.6,1190000.0,114.44
2013-06-24 09:30:00,1220800.0,1256800.0,1199604.0,1225999.6,163.64
2013-06-25 09:30:00,1192400.0,1222400.0,1185200.0,1202000.0,60.96
2013-06-26 09:30:00,1170399.6,1182000.0,1161599.6,1169200.0,67.4
2013-06-27 09:30:00,1150399.6,1155600.0,1131599.6,1152400.0,84.8
2013-06-28 09:30:00,1165600.0,1172000.0,1128000.0,1151200.0,113.28
2013-07-01 09:30:00,1124400.0,1130440.0,1099600.4,1127600.0,84.24
2013-07-02 09:30:00,1129600.4,1144000.4,1105600.0,1128000.0,95.36
2013-07-03 09:30:00,1138000.0,1140800.0,1096100.0,1112000.0,40.96
2013-07-05 09:30:00,1093960.0,1120000.0,1085200.0,1087600.0,85.64
2013-07-08 09:30:00,1069200.0,1095200.0,1069200.0,1083600.0,52.56
2013-07-09 09:30:00,1068800.0,1083196.0,1056800.0,1064000.4,74.24
2013-07-10 09:30:00,1067600.0,1067600.0,1040800.0,1045200.0,72.72
2013-07-11 09:30:00,1011200.0,1014000.4,980399.6,982400.0,79.6
2013-07-12 09:30:00,980800.0,988400.4,968080.0,970399.6,53.92
2013-07-15 09:30:00,967199.6,974800.0,961599.6,963200.0,33.12
2013-07-16 09:30:00,961200.0,974400.0,958800.0,966800.0,32.0
2013-07-17 09:30:00,958800.0,967880.4,953200.0,960399.6,32.76
2013-07-18 09:30:00,960800.0,971596.0,952840.0,965999.6,42.84
2013-07-19 09:30:00,990800.0,1004800.0,990800.0,995999.6,54.2
2013-07-22 09:30:00,985999.6,996800.0,981200.0,988000.0,30.08
2013-07-23 09:30:00,982400.0,1012000.0,982000.0,1009600.4,48.36
2013-07-24 09:30:00,980000.0,1006800.0,978800.0,999600.4,51.16
2013-07-25 09:30:00,985600.0,1001604.0,977600.0,980399.6,66.44
2013-07-26 09:30:00,992000.0,997199.6,965200.0,965200.0,47.52
2013-07-29 09:30:00,970399.6,978400.4,958400.4,968800.0,41.4
2013-07-30 09:30:00,960399.6,965600.0,943200.0,955600.0,70.48
2013-07-31 09:30:00,950399.6,955200.0,933600.0,950800.0,67.92
2013-08-01 09:30:00,930000.0,933576.0,916800.0,920800.0,51.24
2013-08-02 09:30:00,920399.6,926400.0,904800.0,904800.0,41.36
2013-08-05 09:30:00,909200.0,911200.0,901200.0,903600.0,29.04
2013-08-06 09:30:00,906400.0,930000.0,904400.0,919600.4,40.32
2013-08-07 09:30:00,925600.0,944000.4,919600.4,922400.0,51.24
2013-08-08 09:30:00,908800.0,928400.4,904400.0,909600.4,42.88
2013-08-09 09:30:00,912800.4,929200.0,905600.0,920800.0,35.84
2013-08-12 09:30:00,932800.4,932800.4,910399.6,915999.6,30.76
2013-08-13 09:30:00,911599.6,931200.0,893600.0,899600.4,61.08
2013-08-14 09:30:00,901599.6,913596.0,897199.6,910000.0,65.88
2013-08-15 09:30:00,939600.4,963328.4,939600.4,955200.0,78.08
2013-08-16 09:30:00,955600.0,962396.4,942800.4,957600.0,42.76
2013-08-19 09:30:00,956800.0,962400.0,932804.0,961800.0,66.16
2013-08-20 09:30:00,957199.6,959200.0,936400.0,948800.0,55.52
2013-08-21 09:30:00,958000.0,969200.0,934000.4,958800.0,89.88
2013-08-22 09:30:00,946800.0,948400.4,929200.0,931599.6,34.64
2013-08-23 09:30:00,910399.6,921960.0,908795.6,912800.4,38.56
2013-08-26 09:30:00,911200.0,916400.0,890000.0,911599.6,59.2
2013-08-27 09:30:00,942800.4,972760.0,930000.0,966800.0,114.64
2013-08-28 09:30:00,968800.0,968800.0,942800.4,954800.0,71.32
2013-08-29 09:30:00,955200.0,960000.0,920399.6,935600.0,72.56
2013-08-30 09:30:00,933200.0,962800.4,932800.4,952400.0,76.88
2013-09-03 09:30:00,928404.0,949600.4,916400.0,936800.0,71.56
2013-09-04 09:30:00,928800.0,935200.0,902400.0,905600.0,64.92
2013-09-05 09:30:00,904400.0,905600.0,894748.0,902400.0,27.04
2013-09-06 09:30:00,893600.0,929200.0,884879.6,897199.6,83.0
2013-09-09 09:30:00,888400.4,888400.4,862760.0,865999.6,47.96
2013-09-10 09:30:00,851200.0,863600.0,850800.0,854000.4,47.12
2013-09-11 09:30:00,871200.0,874800.0,858000.0,859200.0,52.56
2013-09-12 09:30:00,860000.0,866400.0,853543.6,862000.0,24.4
2013-09-13 09:30:00,858400.4,872800.4,856800.0,859200.0,24.12
2013-09-16 09:30:00,838800.0,872000.0,837199.6,866400.0,49.72
2013-09-17 09:30:00,861599.6,861599.6,845600.0,848400.4,33.2
2013-09-18 09:30:00,845600.0,850399.6,812888.0,818000.0,90.92
2013-09-19 09:30:00,811599.6,816400.0,806404.0,812440.0,48.56
2013-09-20 09:30:00,806400.0,821912.4,803996.0,820399.6,53.6
2013-09-23 09:30:00,810000.0,837199.6,807664.0,825200.0,58.52
2013-09-24 09:30:00,820800.0,833600.0,812000.0,825200.0,51.28
2013-09-25 09:30:00,824800.0,838800.0,820399.6,832800.4,60.4
2013-09-26 09:30:00,824400.0,824720.0,808800.0,813600.0,56.0
2013-09-27 09:30:00,826800.0,832376.0,813600.0,815999.6,53.0
2013-09-30 09:30:00,843600.0,850492.0,817199.6,825999.6,67.8
2013-10-01 09:30:00,824400.0,824400.0,797199.6,798800.0,67.44
2013-10-02 09:30:00,814400.0,816800.0,795600.0,798800.0,64.28
2013-10-03 09:30:00,802800.4,839600.4,796800.0,826800.0,96.84
2013-10-04 09:30:00,827600.0,829160.0,802400.0,805600.0,56.04
2013-10-07 09:30:00,826800.0,827199.6,807196.0,825200.0,73.92
2013-10-08 09:30:00,825999.6,873600.0,824400.0,871599.6,136.92
2013-10-09 09:30:00,867600.0,902400.0,865600.0,881599.6,153.76
2013-10-10 09:30:00,853200.0,853200.0,819600.4,825600.0,131.44
2013-10-11 09:30:00,830800.0,831620.0,804000.4,806400.0,79.04
2013-10-14 09:30:00,821200.0,822800.4,788400.4,788400.4,72.36
2013-10-15 09:30:00,790000.0,800800.0,779600.4,798000.0,82.12
2013-10-16 09:30:00,785600.0,788795.6,769600.4,770399.6,91.04
2013-10-17 09:30:00,780800.0,782800.4,756800.0,758000.0,58.32
2013-10-18 09:30:00,736400.0,743068.4,720000.0,721200.0,72.68
2013-10-21 09:30:00,715999.6,722400.0,710404.0,716800.0,51.96
2013-10-22 09:30:00,708800.0,725999.6,700800.0,713200.0,91.68
2013-10-23 09:30:00,724000.4,735999.6,718800.0,725600.0,57.88
2013-10-24 09:30:00,725200.0,727600.0,711200.0,715999.6,46.6
2013-10-25 09:30:00,696400.0,710399.6,690840.0,701599.6,50.84
2013-10-28 09:30:00,700000.0,709600.0,697200.0,700400.0,46.08
2013-10-29 09:30:00,694400.0,705600.0,691200.0,697200.0,41.36
2013-10-30 09:30:00,688800.0,708000.0,686000.0,699600.0,73.32
2013-10-31 09:30:00,703200.0,710800.0,690400.0,702800.0,77.68
2013-11-01 09:30:00,697200.0,713200.0,694000.0,703200.0,51.72
2013-11-04 09:30:00,695600.0,707560.0,695600.0,700000.0,29.76
2013-11-05 09:30:00,707200.0,713996.0,692572.0,696800.0,52.04
2013-11-06 09:30:00,688800.0,704744.0,687600.0,698000.0,42.92
2013-11-07 09:30:00,697200.0,738800.0,694440.0,737200.0,98.84
2013-11-08 09:30:00,729600.0,734760.0,707200.0,707600.0,78.64
2013-11-11 09:30:00,711600.0,717200.0,704400.0,710400.0,35.28
2013-11-12 09:30:00,716400.0,718000.0,704000.0,707200.0,46.72
2013-11-13 09:30:00,721600.0,721600.0,680000.0,680000.0,74.64
2013-11-14 09:30:00,686800.0,690800.0,673744.0,676400.0,56.56
2013-11-15 09:30:00,673600.0,679840.0,671200.0,671200.0,41.08
2013-11-18 09:30:00,672000.0,694400.0,667996.0,690400.0,48.76
2013-11-19 09:30:00,691200.0,700000.0,682000.0,696400.0,81.2
2013-11-20 09:30:00,691200.0,708000.0,683600.0,701600.0,64.76
2013-11-21 09:30:00,694000.0,694692.0,678400.0,680360.0,59.4
2013-11-22 09:30:00,676000.0,678400.0,668800.0,669200.0,41.28
2013-11-25 09:30:00,661600.0,669592.0,660000.0,664800.0,36.08
2013-11-26 09:30:00,664000.0,668000.0,649200.0,654400.0,50.36
2013-11-27 09:30:00,650000.0,651600.0,639600.0,640000.0,46.88
2013-11-29 09:30:00,633200.0,634400.0,626000.0,630400.0,29.0
2013-12-02 09:30:00,626800.0,636800.0,623788.0,634800.0,56.28
2013-12-03 09:30:00,636000.0,643200.0,630804.0,634800.0,64.32
2013-12-04 09:30:00,643600.0,649600.0,627600.0,633600.0,62.84
2013-12-05 09:30:00,632000.0,641200.0,630400.0,636000.0,57.8
2013-12-06 09:30:00,620800.0,631600.0,618400.0,622400.0,50.52
2013-12-09 09:30:00,615600.0,618000.0,610800.0,615400.0,25.88
2013-12-10 09:30:00,618000.0,619600.0,612800.0,616000.0,28.6
2013-12-11 09:30:00,616800.0,642400.0,614000.0,640000.0,66.08
2013-12-12 09:30:00,639600.0,646000.0,634400.0,644000.0,47.76
2013-12-13 09:30:00,635200.0,650800.0,634880.0,647200.0,35.48
2013-12-16 09:30:00,637200.0,638800.0,625200.0,636000.0,44.16
2013-12-17 09:30:00,635600.0,643960.0,632400.0,639200.0,38.72
2013-12-18 09:30:00,639200.0,665200.0,616000.0,617200.0,101.36
2013-12-19 09:30:00,621600.0,630800.0,620800.0,622800.0,38.56
2013-12-20 09:30:00,620400.0,620400.0,600000.0,604000.0,56.8
2013-12-23 09:30:00,589200.0,594780.0,585200.0,585200.0,51.64
2013-12-24 09:30:00,584400.0,587752.0,583200.0,583600.0,20.24
2013-12-26 09:30:00,581600.0,584400.0,577200.0,578800.0,20.76
2013-12-27 09:30:00,576000.0,584800.0,575200.0,582800.0,46.12
2013-12-30 09:30:00,585200.0,590000.0,582956.0,584800.0,25.0
2013-12-31 09:30:00,581600.0,582800.0,574000.0,574000.0,32.68
2014-01-02 09:30:00,581200.0,592000.0,581200.0,587200.0,57.96
2014-01-03 09:30:00,586800.0,600400.0,585640.0,600000.0,38.76
2014-01-06 09:30:00,600000.0,613200.0,597696.0,606400.0,34.6
2014-01-07 09:30:00,598000.0,601596.0,587240.0,589600.0,53.04
2014-01-08 09:30:00,590400.0,593200.0,581200.0,585200.0,59.36
2014-01-09 09:30:00,579200.0,597996.0,579200.0,592400.0,58.44
2014-01-10 09:30:00,588000.0,600776.0,584000.0,585600.0,45.76
2014-01-13 09:30:00,589200.0,618612.0,582400.0,611600.0,59.76
2014-01-14 09:30:00,605600.0,605600.0,575600.0,577600.0,92.52
2014-01-15 09:30:00,570000.0,571200.0,559392.0,562800.0,71.52
2014-01-16 09:30:00,564400.0,566404.0,560004.0,561600.0,46.2
2014-01-17 09:30:00,566800.0,576000.0,562400.0,572400.0,49.84
2014-01-21 09:30:00,561200.0,573200.0,558000.0,558800.0,54.04
2014-01-22 09:30:00,555200.0,559560.0,550800.0,554000.0,48.72
2014-01-23 09:30:00,559200.0,571600.0,559200.0,560800.0,76.2
2014-01-24 09:30:00,566400.0,594000.0,566000.0,594000.0,252.4
2014-01-27 09:30:00,592800.0,623500.0,589940.0,610100.0,288.76
2014-01-28 09:30:00,619200.0,622710.0,609500.0,610900.0,147.0
2014-01-29 09:30:00,626700.0,634600.0,613900.0,631400.0,216.92
2014-01-30 09:30:00,607400.0,609760.0,589700.0,597700.0,162.16
2014-01-31 09:30:00,615900.0,617502.0,592301.0,601000.0,182.84
2014-02-03 09:30:00,604000.0,646900.0,596020.0,642400.0,366.44
2014-02-04 09:30:00,632200.0,638200.0,620500.0,626400.0,168.96
2014-02-05 09:30:00,634000.0,653900.0,626100.0,633100.0,219.48
2014-02-06 09:30:00,627200.0,627600.0,606500.0,608400.0,141.08
2014-02-07 09:30:00,598200.0,603500.0,574835.0,575900.0,355.48
2014-02-10 09:30:00,576900.0,577500.0,565400.0,565900.0,175.68
2014-02-11 09:30:00,563000.0,564199.0,543400.0,546700.0,278.56
2014-02-12 09:30:00,543348.0,548400.0,539800.0,543600.0,365.08
2014-02-13 09:30:00,555300.0,555400.0,530200.0,531200.0,455.56
2014-02-14 09:30:00,532300.0,536530.0,524500.0,528200.0,279.28
2014-02-18 09:30:00,525500.0,529300.0,517500.0,520700.0,301.68
2014-02-19 09:30:00,523500.0,534220.0,519700.0,530800.0,534.04
2014-02-20 09:30:00,529900.0,536800.0,520510.0,523400.0,458.52
2014-02-21 09:30:00,518800.0,527499.0,516500.0,526400.0,291.0
2014-02-24 09:30:00,522800.0,523700.0,510000.0,516248.0,469.52
2014-02-25 09:30:00,515300.0,523800.0,511800.0,518850.0,591.36
2014-02-26 09:30:00,514100.0,526400.0,509800.0,520200.0,659.0
2014-02-27 09:30:00,520100.0,522200.0,508700.0,510100.0,416.12
2014-02-28 09:30:00,510400.0,525284.0,501300.0,511600.0,809.76
2014-03-03 09:30:00,526600.0,536600.0,519000.0,522700.0,730.08
2014-03-04 09:30:00,506000.0,507300.0,500000.0,503100.0,529.92
2014-03-05 09:30:00,500400.0,503600.0,496200.0,498500.0,406.36
2014-03-06 09:30:00,495500.0,505400.0,494300.0,500100.0,510.96
2014-03-07 09:30:00,495200.0,514900.0,493800.0,507400.0,607.2
2014-03-10 09:30:00,508271.0,515900.0,505200.0,506100.0,368.28
2014-03-11 09:30:00,502400.0,516943.0,498500.0,512500.0,594.52
2014-03-12 09:30:00,519400.0,525200.0,506000.0,506600.0,431.84
2014-03-13 09:30:00,500900.0,535000.0,500600.0,528400.0,695.92
2014-03-14 09:30:00,533700.0,539600.0,526400.0,539200.0,470.68
2014-03-17 09:30:00,528900.0,529100.0,516310.0,524600.0,296.72
2014-03-18 09:30:00,522900.0,523199.0,504100.0,505400.0,461.6
2014-03-19 09:30:00,505100.0,523790.0,501000.0,513800.0,472.2
2014-03-20 09:30:00,518600.0,521700.0,505000.0,509500.0,327.92
2014-03-21 09:30:00,501400.0,530700.0,500100.0,528100.0,518.28
2014-03-24 09:30:00,522000.0,555900.0,521200.0,541300.0,335.04
2014-03-25 09:30:00,533300.0,549800.0,522900.0,536400.0,618.52
2014-03-26 09:30:00,528200.0,557300.0,524900.0,557200.0,647.56
2014-03-27 09:30:00,559500.0,575698.0,551900.0,566700.0,670.2
2014-03-28 09:30:00,561300.0,567799.0,544500.0,562800.0,660.24
2014-03-31 09:30:00,550100.0,551900.0,539800.0,551100.0,545.68
2014-04-01 09:30:00,542900.0,543400.0,521200.0,521900.0,642.8
2014-04-02 09:30:00,515600.0,525100.0,513900.0,517800.0,459.6
2014-04-03 09:30:00,516400.0,539000.0,514000.0,530100.0,318.0
2014-04-04 09:30:00,520300.0,576700.0,518200.0,573400.0,763.24
2014-04-07 09:30:00,583100.0,600700.0,567600.0,588300.0,663.84
2014-04-08 09:30:00,587000.0,593200.0,570400.0,572600.0,498.64
2014-04-09 09:30:00,566100.0,570800.0,542200.0,543100.0,563.52
2014-04-10 09:30:00,542400.0,598000.0,542100.0,593100.0,849.32
2014-04-11 09:30:00,609300.0,618400.0,586532.0,614500.0,1079.48
2014-04-14 09:30:00,598700.0,617100.0,590000.0,599600.0,927.44
2014-04-15 09:30:00,593600.0,631600.0,583700.0,594100.0,1142.56
2014-04-16 09:30:00,579900.0,593000.0,570300.0,570700.0,463.72
2014-04-17 09:30:00,575700.0,580900.0,561400.0,569600.0,514.08
2014-04-21 09:30:00,565500.0,573600.0,557100.0,557300.0,399.68
2014-04-22 09:30:00,551000.0,554100.0,539900.0,543500.0,393.88
2014-04-23 09:30:00,543400.0,558800.0,543400.0,558000.0,547.28
2014-04-24 09:30:00,530300.0,560300.0,530300.0,542000.0,684.64
2014-04-25 09:30:00,551800.0,571800.0,549801.0,567800.0,723.24
2014-04-28 09:30:00,560300.0,589300.0,550000.0,561900.0,1226.96
2014-04-29 09:30:00,556900.0,565500.0,546100.0,549000.0,645.84
2014-04-30 09:30:00,555900.0,560700.0,543200.0,544200.0,665.72
2014-05-01 09:30:00,541800.0,546100.0,530700.0,539400.0,594.52
2014-05-02 09:30:00,534500.0,546400.0,531200.0,542400.0,547.88
2014-05-05 09:30:00,552200.0,556096.0,533950.0,534300.0,423.96
2014-05-06 09:30:00,536600.0,555400.0,535700.0,554500.0,508.0
2014-05-07 09:30:00,550600.0,579100.0,549500.0,559700.0,766.8
2014-05-08 09:30:00,565000.0,569300.0,541100.0,561500.0,675.52
2014-05-09 09:30:00,562550.0,573500.0,553800.0,554780.0,561.28
2014-05-12 09:30:00,544900.0,546400.0,527100.0,527700.0,483.48
2014-05-13 09:30:00,525800.0,529600.0,520540.0,526500.0,351.68
2014-05-14 09:30:00,530900.0,538200.0,525200.0,534600.0,322.16
2014-05-15 09:30:00,535000.0,557200.0,532200.0,546800.0,577.64
2014-05-16 09:30:00,545600.0,556499.0,535400.0,536500.0,325.68
2014-05-19 09:30:00,540800.0,544000.0,522800.0,525000.0,284.36
2014-05-20 09:30:00,526000.0,537200.0,520200.0,530800.0,390.44
2014-05-21 09:30:00,527900.0,528700.0,515000.0,515900.0,380.12
2014-05-22 09:30:00,514200.0,516200.0,504500.0,509000.0,263.44
2014-05-23 09:30:00,507400.0,510600.0,497400.0,497500.0,235.52
2014-05-27 09:30:00,490800.0,492100.0,478300.0,478300.0,296.76
2014-05-28 09:30:00,479800.0,484500.0,477500.0,483200.0,285.0
2014-05-29 09:30:00,478100.0,481000.0,473900.0,474200.0,245.16
2014-05-30 09:30:00,473700.0,481300.0,471700.0,473900.0,292.96
2014-06-02 09:30:00,472100.0,484249.0,471900.0,475100.0,185.64
2014-06-03 09:30:00,480000.0,481600.0,473500.0,475700.0,174.64
2014-06-04 09:30:00,479600.0,481500.0,468300.0,470400.0,278.8
2014-06-05 09:30:00,469400.0,474000.0,456100.0,458600.0,397.0
2014-06-06 09:30:00,453400.0,456199.0,450700.0,450700.0,252.6
2014-06-09 09:30:00,450200.0,455400.0,448314.0,451900.0,203.76
2014-06-10 09:30:00,453000.0,454400.0,448700.0,449690.0,158.48
2014-06-11 09:30:00,453900.0,455100.0,447800.0,449800.0,282.8
2014-06-12 09:30:00,452400.0,466600.0,451000.0,461500.0,396.28
2014-06-13 09:30:00,455700.0,463700.0,454300.0,457800.0,323.36
2014-06-16 09:30:00,459800.0,462900.0,452500.0,456500.0,326.76
2014-06-17 09:30:00,457100.0,459782.0,452100.0,455600.0,322.52
2014-06-18 09:30:00,454300.0,462080.0,446201.0,447600.0,390.04
2014-06-19 09:30:00,446300.0,454900.0,445200.0,448700.0,243.8
2014-06-20 09:30:00,448400.0,450884.0,446000.0,447500.0,186.72
2014-06-23 09:30:00,447900.0,450800.0,446682.0,446800.0,191.44
2014-06-24 09:30:00,447100.0,452120.0,435900.0,448900.0,518.2
2014-06-25 09:30:00,451500.0,451500.0,437400.0,439500.0,436.2
2014-06-26 09:30:00,439000.0,449100.0,438700.0,439000.0,350.12
2014-06-27 09:30:00,441100.0,441100.0,433000.0,433000.0,211.24
2014-06-30 09:30:00,433600.0,434300.0,427640.0,431100.0,187.68
2014-07-01 09:30:00,426900.0,426900.0,413300.0,416400.0,291.32
2014-07-02 09:30:00,415800.0,417100.0,412800.0,414700.0,185.84
2014-07-03 09:30:00,410600.0,413900.0,407000.0,407000.0,139.32
2014-07-07 09:30:00,408400.0,412600.0,406600.0,410600.0,238.48
2014-07-08 09:30:00,412600.0,430200.0,411900.0,424900.0,468.36
2014-07-09 09:30:00,421600.0,425500.0,414400.0,415700.0,379.56
2014-07-10 09:30:00,431400.0,433100.0,414600.0,419600.0,376.52
2014-07-11 09:30:00,416800.0,420199.0,411600.0,411800.0,260.2
2014-07-14 09:30:00,406200.0,408052.0,401400.0,403800.0,290.6
2014-07-15 09:30:00,402100.0,416900.0,400500.0,408200.0,323.32
2014-07-16 09:30:00,399600.0,404700.0,398200.0,403300.0,247.68
2014-07-17 09:30:00,406500.0,423200.0,402300.0,419510.0,361.84
2014-07-18 09:30:00,412300.0,414400.0,398800.0,399600.0,491.96
2014-07-21 09:30:00,402000.0,406300.0,399000.0,401000.0,393.8
2014-07-22 09:30:00,395000.0,396400.0,391400.0,392800.0,373.56
2014-07-23 09:30:00,389200.0,391200.0,384349.0,385600.0,382.48
2014-07-24 09:30:00,383400.0,388600.0,382300.0,386700.0,241.36
2014-07-25 09:30:00,392500.0,397311.0,389800.0,391500.0,262.04
2014-07-28 09:30:00,390300.0,400000.0,388000.0,390900.0,236.72
2014-07-29 09:30:00,388800.0,394000.0,385800.0,392900.0,293.96
2014-07-30 09:30:00,386600.0,393000.0,384200.0,388200.0,317.96
2014-07-31 09:30:00,397700.0,413500.0,396100.0,411800.0,467.88
2014-08-01 09:30:00,414500.0,424500.0,407600.0,416400.0,517.96
2014-08-04 09:30:00,413200.0,418300.0,402921.0,407800.0,559.32
2014-08-05 09:30:00,412600.0,422800.0,409200.0,417000.0,524.52
2014-08-06 09:30:00,425000.0,426060.0,410400.0,417800.0,478.4
2014-08-07 09:30:00,412700.0,426499.0,410000.0,422100.0,339.28
2014-08-08 09:30:00,419700.0,425400.0,411400.0,412900.0,364.8
2014-08-11 09:30:00,408200.0,408800.0,401728.0,405200.0,324.68
2014-08-12 09:30:00,406600.0,412100.0,402900.0,406000.0,301.52
2014-08-13 09:30:00,400900.0,401700.0,392600.0,393000.0,468.92
2014-08-14 09:30:00,391800.0,393099.0,386800.0,386900.0,331.8
2014-08-15 09:30:00,380700.0,392300.0,378700.0,381400.0,600.28
2014-08-18 09:30:00,375600.0,376900.0,371500.0,372500.0,228.88
2014-08-19 09:30:00,369600.0,370400.0,365600.0,365800.0,273.0
2014-08-20 09:30:00,367200.0,367926.0,363900.0,365900.0,255.2
2014-08-21 09:30:00,365300.0,367250.0,363600.0,364200.0,178.68
2014-08-22 09:30:00,363800.0,365900.0,360100.0,362350.0,360.76
2014-08-25 09:30:00,357100.0,360900.0,355300.0,358500.0,201.16
2014-08-26 09:30:00,356700.0,359600.0,356000.0,357000.0,151.04
2014-08-27 09:30:00,357300.0,359300.0,355800.0,357010.0,178.44
2014-08-28 09:30:00,360300.0,361848.0,357100.0,358400.0,172.04
2014-08-29 09:30:00,355900.0,359800.0,354100.0,354100.0,152.92
2014-09-02 09:30:00,351800.0,355500.0,350899.0,351100.0,229.52
2014-09-03 09:30:00,348300.0,359190.0,348300.0,357100.0,255.32
2014-09-04 09:30:00,354500.0,360900.0,349301.0,358200.0,392.68
2014-09-05 09:30:00,356600.0,362000.0,352200.0,352600.0,327.12
2014-09-08 09:30:00,352800.0,355600.0,348200.0,350600.0,286.4
2014-09-09 09:30:00,351100.0,361400.0,346800.0,359300.0,385.2
2014-09-10 09:30:00,358300.0,361100.0,350300.0,350500.0,417.08
2014-09-11 09:30:00,355000.0,359100.0,350900.0,351200.0,322.52
2014-09-12 09:30:00,352500.0,360026.0,352100.0,356600.0,301.88
2014-09-15 09:30:00,355600.0,370222.0,355500.0,367100.0,442.52
2014-09-16 09:30:00,371000.0,372399.0,355500.0,357600.0,425.6
2014-09-17 09:30:00,357500.0,362200.0,350800.0,355800.0,341.2
2014-09-18 09:30:00,352600.0,353580.0,347800.0,347900.0,232.16
2014-09-19 09:30:00,343500.0,352500.0,343400.0,348600.0,304.64
2014-09-22 09:30:00,351300.0,362490.0,350800.0,358000.0,387.56
2014-09-23 09:30:00,362300.0,363100.0,356200.0,360900.0,378.64
2014-09-24 09:30:00,360200.0,363599.0,349000.0,349900.0,501.8
2014-09-25 09:30:00,352600.0,371700.0,351552.0,371300.0,700.72
2014-09-26 09:30:00,368000.0,369600.0,357600.0,359200.0,429.24
2014-09-29 09:30:00,370300.0,370774.0,358045.0,360600.0,447.08
2014-09-30 09:30:00,357500.0,364400.0,353800.0,359100.0,482.88
2014-10-01 09:30:00,362400.0,379900.0,361400.0,376500.0,693.52
2014-10-02 09:30:00,377100.0,390800.0,373200.0,376800.0,732.76
2014-10-03 09:30:00,369700.0,373900.0,360800.0,365500.0,549.96
2014-10-06 09:30:00,362500.0,371100.0,359300.0,367500.0,488.52
2014-10-07 09:30:00,372800.0,383500.0,369710.0,383200.0,550.56
2014-10-08 09:30:00,382600.0,389500.0,357500.0,361000.0,778.32
2014-10-09 09:30:00,362000.0,379900.0,359609.0,378300.0,800.72
2014-10-10 09:30:00,385000.0,406700.0,378400.0,406600.0,910.64
2014-10-13 09:30:00,408800.0,426700.0,399400.0,425200.0,740.76
2014-10-14 09:30:00,417100.0,429100.0,409000.0,425600.0,937.12
2014-10-15 09:30:00,445000.0,463000.0,428401.0,433800.0,968.12
2014-10-16 09:30:00,460900.0,461500.0,430800.0,441900.0,740.04
2014-10-17 09:30:00,424600.0,432170.0,411800.0,424700.0,1072.48
2014-10-20 09:30:00,424800.0,427000.0,404300.0,405600.0,549.2
2014-10-21 09:30:00,390400.0,393299.0,373401.0,373500.0,866.48
2014-10-22 09:30:00,370200.0,379900.0,368400.0,379500.0,564.36
2014-10-23 09:30:00,368000.0,369600.0,355700.0,361600.0,777.24
2014-10-24 09:30:00,359800.0,364000.0,352400.0,353300.0,502.32
2014-10-27 09:30:00,355100.0,359400.0,350400.0,352200.0,399.12
2014-10-28 09:30:00,347900.0,348100.0,336200.0,336600.0,434.32
2014-10-29 09:30:00,339900.0,347200.0,337100.0,340200.0,499.92
2014-10-30 09:30:00,344800.0,346900.0,335600.0,337700.0,488.68
2014-10-31 09:30:00,321300.0,327250.0,320500.0,324000.0,464.64
2014-11-03 09:30:00,322400.0,323600.0,318500.0,320900.0,373.08
2014-11-04 09:30:00,324400.0,330790.0,321800.0,324200.0,405.32
2014-11-05 09:30:00,318100.0,327599.0,317800.0,323900.0,403.92
2014-11-06 09:30:00,324500.0,328400.0,320900.0,321100.0,459.48
2014-11-07 09:30:00,319300.0,326900.0,318800.0,322000.0,293.04
2014-11-10 09:30:00,321600.0,324000.0,317300.0,318500.0,386.48
2014-11-11 09:30:00,318400.0,320900.0,315400.0,315400.0,284.28
2014-11-12 09:30:00,319400.0,319400.0,312800.0,313800.0,369.56
2014-11-13 09:30:00,312100.0,314195.0,306300.0,309900.0,657.72
2014-11-14 09:30:00,310200.0,313100.0,306900.0,306900.0,390.2
2014-11-17 09:30:00,309200.0,313999.0,307000.0,309800.0,293.04
2014-11-18 09:30:00,308800.0,308800.0,301500.0,302700.0,424.76
2014-11-19 09:30:00,303600.0,310800.0,303600.0,306600.0,474.92
2014-11-20 09:30:00,310600.0,311400.0,301900.0,302600.0,376.96
2014-11-21 09:30:00,294600.0,303600.0,293701.0,300700.0,359.48
2014-11-24 09:30:00,298300.0,299100.0,293390.0,293400.0,435.64
2014-11-25 09:30:00,292300.0,294600.0,289900.0,292300.0,330.48
2014-11-26 09:30:00,291500.0,292300.0,286100.0,286500.0,469.84
2014-11-28 09:30:00,284200.0,284800.0,280700.0,282400.0,260.52
2014-12-01 09:30:00,284800.0,295300.0,283400.0,292200.0,415.28
2014-12-02 09:30:00,291400.0,293200.0,287200.0,288600.0,319.12
2014-12-03 09:30:00,287500.0,292500.0,286000.0,287000.0,283.64
2014-12-04 09:30:00,288000.0,291100.0,284200.0,287700.0,400.52
2014-12-05 09:30:00,286200.0,289300.0,284800.0,287400.0,266.2
2014-12-08 09:30:00,289700.0,298004.0,285900.0,293900.0,467.44
2014-12-09 09:30:00,304000.0,306900.0,290200.0,290500.0,666.4
2014-12-10 09:30:00,292300.0,306010.0,290200.0,304600.0,476.0
2014-12-11 09:30:00,301900.0,302000.0,289200.0,300200.0,700.24
2014-12-12 09:30:00,308900.0,309900.0,298500.0,309900.0,563.68
2014-12-15 09:30:00,305200.0,322200.0,301600.0,319500.0,925.36
2014-12-16 09:30:00,325700.0,335000.0,311450.0,335000.0,933.12
2014-12-17 09:30:00,334200.0,335600.0,313700.0,317600.0,913.4
2014-12-18 09:30:00,302900.0,305598.0,293400.0,293700.0,819.04
2014-12-19 09:30:00,292300.0,294700.0,286200.0,290000.0,428.12
2014-12-22 09:30:00,291100.0,291600.0,287300.0,287800.0,308.04
2014-12-23 09:30:00,284400.0,291700.0,284000.0,290600.0,243.08
2014-12-24 09:30:00,289100.0,290000.0,286510.0,289900.0,90.76
2014-12-26 09:30:00,287300.0,287540.0,281800.0,283800.0,149.88
2014-12-29 09:30:00,284600.0,285100.0,282100.0,284000.0,184.52
2014-12-30 09:30:00,286500.0,290700.0,284400.0,289400.0,227.16
2014-12-31 09:30:00,288400.0,299700.0,284700.0,298400.0,316.68
2015-01-02 09:30:00,294200.0,305400.0,290200.0,300300.0,426.12
2015-01-05 09:30:00,305100.0,316800.0,304000.0,315100.0,374.64
2015-01-06 09:30:00,313000.0,331100.0,311320.0,326700.0,553.0
2015-01-07 09:30:00,320500.0,322800.0,312100.0,314600.0,297.2
2015-01-08 09:30:00,306000.0,307298.0,294500.0,296200.0,462.88
2015-01-09 09:30:00,293700.0,307140.0,293200.0,302000.0,472.48
2015-01-12 09:30:00,300100.0,314000.0,299600.0,311500.0,449.56
2015-01-13 09:30:00,302500.0,319300.0,292800.0,311700.0,754.84
2015-01-14 09:30:00,321300.0,325200.0,312300.0,317000.0,651.56
2015-01-15 09:30:00,312800.0,330500.0,311000.0,329400.0,623.76
2015-01-16 09:30:00,330800.0,332400.0,316449.0,317800.0,503.48
2015-01-20 09:30:00,311700.0,322600.0,307600.0,310100.0,358.8
2015-01-21 09:30:00,312800.0,316100.0,301100.0,305200.0,518.12
2015-01-22 09:30:00,301800.0,309900.0,287500.0,288500.0,650.64
2015-01-23 09:30:00,288400.0,290947.0,284000.0,286800.0,407.2
2015-01-26 09:30:00,287400.0,291800.0,285900.0,287400.0,301.44
2015-01-27 09:30:00,300700.0,312500.0,300400.0,309600.0,547.4
2015-01-28 09:30:00,294900.0,314730.0,294000.0,314500.0,601.12
2015-01-29 09:30:00,315300.0,323600.0,303899.0,305600.0,589.64
2015-01-30 09:30:00,306300.0,313800.0,299300.0,312800.0,503.2
2015-02-02 09:30:00,310700.0,325200.0,303643.0,304700.0,448.92
2015-02-03 09:30:00,301600.0,307099.0,295100.0,295500.0,495.44
2015-02-04 09:30:00,299400.0,301400.0,290674.0,296500.0,463.72
2015-02-05 09:30:00,294300.0,296400.0,288200.0,289100.0,308.92
2015-02-06 09:30:00,287200.0,297056.0,285500.0,294100.0,432.2
2015-02-09 09:30:00,297400.0,298800.0,292700.0,297000.0,285.8
2015-02-10 09:30:00,291800.0,293300.0,281800.0,282800.0,398.4
2015-02-11 09:30:00,282100.0,283600.0,277900.0,279800.0,534.52
2015-02-12 09:30:00,274600.0,275600.0,269750.0,270100.0,518.96
2015-02-13 09:30:00,268000.0,269200.0,262900.0,263000.0,476.8
2015-02-17 09:30:00,263200.0,265000.0,261820.0,262300.0,219.52
2015-02-18 09:30:00,263400.0,264400.0,260900.0,261400.0,214.96
2015-02-19 09:30:00,261800.0,261999.0,256800.0,257400.0,375.64
2015-02-20 09:30:00,258100.0,260200.0,251700.0,252300.0,285.48
2015-02-23 09:30:00,252500.0,254200.0,251200.0,251300.0,235.72
2015-02-24 09:30:00,252300.0,254410.0,249900.0,250700.0,294.04
2015-02-25 09:30:00,252100.0,254301.0,249100.0,252700.0,298.28
2015-02-26 09:30:00,251900.0,254000.0,248500.0,248800.0,314.96
2015-02-27 09:30:00,249200.0,253300.0,248700.0,252000.0,233.16
2015-03-02 09:30:00,250700.0,250701.0,245000.0,245200.0,295.2
2015-03-03 09:30:00,247400.0,253299.0,246771.0,248600.0,261.68
2015-03-04 09:30:00,251100.0,255600.0,250100.0,251300.0,272.32
2015-03-05 09:30:00,249500.0,253338.0,248100.0,250300.0,274.96
2015-03-06 09:30:00,251200.0,260610.0,249800.0,259100.0,349.56
2015-03-09 09:30:00,257300.0,260399.0,254600.0,256700.0,304.72
2015-03-10 09:30:00,262000.0,270700.0,261800.0,270700.0,572.0
2015-03-11 09:30:00,269500.0,275690.0,268600.0,275600.0,353.92
2015-03-12 09:30:00,276100.0,276500.0,269000.0,269900.0,421.4
2015-03-13 09:30:00,270700.0,278363.0,267500.0,273400.0,563.44
2015-03-16 09:30:00,270300.0,271200.0,262500.0,263000.0,365.76
2015-03-17 09:30:00,265100.0,266700.0,260400.0,261600.0,243.28
2015-03-18 09:30:00,263800.0,267700.0,250272.0,253500.0,548.36
2015-03-19 09:30:00,253000.0,254200.0,250700.0,252600.0,426.88
2015-03-20 09:30:00,246500.0,247801.0,244080.0,247100.0,529.88
2015-03-23 09:30:00,248100.0,249342.0,246100.0,249200.0,358.16
2015-03-24 09:30:00,249200.0,252000.0,245800.0,251800.0,278.4
2015-03-25 09:30:00,250700.0,269500.0,250199.0,269300.0,499.36
2015-03-26 09:30:00,275700.0,278500.0,267400.0,272100.0,595.72
2015-03-27 09:30:00,271900.0,273299.0,266700.0,268700.0,274.08
2015-03-30 09:30:00,263600.0,263600.0,258800.0,259200.0,289.72
2015-03-31 09:30:00,261600.0,267800.0,260100.0,267600.0,293.6
2015-04-01 09:30:00,267700.0,277000.0,267600.0,271700.0,449.88
2015-04-02 09:30:00,271100.0,273850.0,268800.0,271100.0,305.84
2015-04-06 09:30:00,276100.0,277399.0,262400.0,264800.0,355.04
2015-04-07 09:30:00,265200.0,266000.0,259200.0,266000.0,321.88
2015-04-08 09:30:00,265700.0,265800.0,258500.0,259700.0,475.44
2015-04-09 09:30:00,259700.0,262700.0,254500.0,254800.0,326.0
2015-04-10 09:30:00,255100.0,256700.0,251450.0,251600.0,260.84
2015-04-13 09:30:00,251000.0,254300.0,247276.0,253600.0,505.64
2015-04-14 09:30:00,253800.0,259900.0,252100.0,255800.0,389.96
2015-04-15 09:30:00,253500.0,254600.0,249300.0,251000.0,393.32
2015-04-16 09:30:00,252800.0,254000.0,250600.0,251900.0,314.28
2015-04-17 09:30:00,259200.0,266900.0,257100.0,263400.0,548.88
2015-04-20 09:30:00,259800.0,260000.0,250500.0,251800.0,360.16
2015-04-21 09:30:00,247500.0,249500.0,246300.0,248500.0,475.24
2015-04-22 09:30:00,246700.0,251400.0,243400.0,244700.0,616.52
2015-04-23 09:30:00,247000.0,247100.0,238500.0,241800.0,736.16
2015-04-24 09:30:00,234300.0,235300.0,231036.0,232100.0,758.88
2015-04-27 09:30:00,229300.0,235110.0,228010.0,233600.0,455.44
2015-04-28 09:30:00,233200.0,240900.0,231900.0,235100.0,594.68
2015-04-29 09:30:00,239000.0,243300.0,234900.0,239400.0,815.84
2015-04-30 09:30:00,243500.0,254400.0,240600.0,250800.0,797.52
2015-05-01 09:30:00,247600.0,247900.0,240390.0,240700.0,675.0
2015-05-04 09:30:00,238400.0,240000.0,235151.0,239700.0,586.36
2015-05-05 09:30:00,242500.0,251565.0,241100.0,251100.0,724.92
2015-05-06 09:30:00,250200.0,261500.0,247900.0,256400.0,769.84
2015-05-07 09:30:00,256600.0,257100.0,249701.0,251700.0,473.08
2015-05-08 09:30:00,243900.0,245250.0,240800.0,242600.0,577.52
2015-05-11 09:30:00,242100.0,245700.0,240600.0,245300.0,476.96
2015-05-12 09:30:00,249800.0,255166.0,244900.0,248800.0,663.76
2015-05-13 09:30:00,245400.0,248160.0,241500.0,247100.0,504.96
2015-05-14 09:30:00,241000.0,243800.0,235600.0,236300.0,713.72
2015-05-15 09:30:00,234100.0,237900.0,233350.0,235900.0,360.08
2015-05-18 09:30:00,237300.0,237800.0,231700.0,233300.0,322.32
2015-05-19 09:30:00,232400.0,234990.0,231200.0,234000.0,381.24
2015-05-20 09:30:00,233500.0,237051.0,229290.0,233400.0,384.44
2015-05-21 09:30:00,234700.0,235690.0,228800.0,229500.0,315.92
2015-05-22 09:30:00,230700.0,230900.0,228000.0,230400.0,336.64
2015-05-26 09:30:00,231900.0,241000.0,230950.0,238500.0,797.88
2015-05-27 09:30:00,236300.0,237700.0,226100.0,226700.0,980.88
2015-05-28 09:30:00,228200.0,230400.0,226500.0,228200.0,448.4
2015-05-29 09:30:00,229000.0,233900.0,227800.0,232300.0,856.28
2015-06-01 09:30:00,228700.0,235750.0,228100.0,230200.0,695.52
2015-06-02 09:30:00,232800.0,235900.0,228836.0,232400.0,687.16
2015-06-03 09:30:00,228900.0,231800.0,227500.0,230400.0,627.32
2015-06-04 09:30:00,234000.0,237500.0,229700.0,235300.0,692.44
2015-06-05 09:30:00,236400.0,241370.0,234500.0,236900.0,508.2
2015-06-08 09:30:00,237500.0,245600.0,236900.0,244300.0,429.48
2015-06-09 09:30:00,246000.0,251000.0,242900.0,245400.0,462.08
2015-06-10 09:30:00,243100.0,243900.0,233300.0,235600.0,388.56
2015-06-11 09:30:00,232900.0,235700.0,231200.0,234300.0,443.44
2015-06-12 09:30:00,238100.0,241100.0,236700.0,240000.0,445.2
2015-06-15 09:30:00,245500.0,249600.0,242600.0,243400.0,1027.24
2015-06-16 09:30:00,244700.0,244801.0,238600.0,240000.0,470.64
2015-06-17 09:30:00,238600.0,242200.0,235500.0,237700.0,555.92
2015-06-18 09:30:00,235500.0,235600.0,226300.0,228000.0,977.4
2015-06-19 09:30:00,227000.0,231200.0,226600.0,231200.0,493.68
2015-06-22 09:30:00,225600.0,227300.0,223600.0,225900.0,441.08
2015-06-23 09:30:00,224900.0,227900.0,224500.0,225000.0,413.08
2015-06-24 09:30:00,225800.0,228700.0,223100.0,228500.0,426.08
2015-06-25 09:30:00,225900.0,231000.0,225200.0,230000.0,550.44
2015-06-26 09:30:00,230000.0,237042.0,228600.0,234200.0,909.0
2015-06-29 09:30:00,242400.0,251400.0,238301.0,250700.0,953.4
2015-06-30 09:30:00,245400.0,250800.0,243850.0,247900.0,869.36
2015-07-01 09:30:00,241100.0,245970.0,239600.0,242700.0,598.16
2015-07-02 09:30:00,240400.0,244500.0,239900.0,242000.0,555.28
2015-07-06 09:30:00,247300.0,248400.0,239899.0,243700.0,688.96
2015-07-07 09:30:00,243000.0,256700.0,241500.0,242000.0,1036.0
2015-07-08 09:30:00,247600.0,256200.0,246500.0,255000.0,894.56
2015-07-09 09:30:00,244500.0,255500.0,243935.0,255500.0,758.88
2015-07-10 09:30:00,245100.0,247900.0,240700.0,243700.0,683.04
2015-07-13 09:30:00,237100.0,237200.0,230100.0,230800.0,758.64
2015-07-14 09:30:00,230000.0,230100.0,224300.0,226200.0,452.6
2015-07-15 09:30:00,224900.0,227399.0,222800.0,225500.0,591.96
2015-07-16 09:30:00,219900.0,221200.0,215800.0,216100.0,816.36
2015-07-17 09:30:00,210800.0,211600.0,206400.0,206600.0,794.84
2015-07-20 09:30:00,205300.0,206900.0,201900.0,204200.0,835.68
2015-07-21 09:30:00,204000.0,206254.0,203000.0,204800.0,598.8
2015-07-22 09:30:00,214100.0,214100.0,208500.0,211200.0,646.16
2015-07-23 09:30:00,210700.0,215442.0,208799.0,213800.0,505.32
2015-07-24 09:30:00,210400.0,221000.0,210000.0,220100.0,684.72
2015-07-27 09:30:00,224100.0,226801.0,221000.0,225400.0,832.28
2015-07-28 09:30:00,222300.0,227900.0,218340.0,219500.0,1003.36
2015-07-29 09:30:00,218300.0,220800.0,215700.0,216800.0,549.88
2015-07-30 09:30:00,218700.0,222400.0,213000.0,214100.0,719.64
2015-07-31 09:30:00,212100.0,216190.0,211700.0,214800.0,537.04
2015-08-03 09:30:00,214700.0,221100.0,212900.0,216500.0,555.88
2015-08-04 09:30:00,217100.0,220700.0,216000.0,218200.0,607.64
2015-08-05 09:30:00,214300.0,215100.0,208700.0,213100.0,1017.32
2015-08-06 09:30:00,212600.0,226000.0,211600.0,223000.0,763.28
2015-08-07 09:30:00,225000.0,229600.0,222500.0,224300.0,713.44
2015-08-10 09:30:00,219600.0,219600.0,214800.0,216300.0,439.76
2015-08-11 09:30:00,219800.0,228300.0,217300.0,224500.0,548.32
2015-08-12 09:30:00,229300.0,236400.0,221000.0,222400.0,771.28
2015-08-13 09:30:00,221600.0,224900.0,218500.0,223600.0,555.72
2015-08-14 09:30:00,225100.0,226400.0,221500.0,222300.0,696.2
2015-08-17 09:30:00,223900.0,225601.0,216700.0,217000.0,577.0
2015-08-18 09:30:00,217800.0,221000.0,217138.0,220000.0,407.84
2015-08-19 09:30:00,222200.0,228300.0,218700.0,224200.0,780.84
2015-08-20 09:30:00,230700.0,243300.0,228600.0,243300.0,922.32
2015-08-21 09:30:00,253750.0,274200.0,247350.0,274200.0,1907.56
2015-08-24 09:30:00,357900.0,450000.0,274199.0,307100.0,2463.96
2015-08-25 09:30:00,273300.0,311700.0,267400.0,311000.0,1535.12
2015-08-26 09:30:00,283300.0,302700.0,261700.0,263800.0,1781.12
2015-08-27 09:30:00,251600.0,261600.0,243100.0,243600.0,1519.6
2015-08-28 09:30:00,247400.0,248900.0,241000.0,244000.0,1181.92
2015-08-31 09:30:00,247800.0,254500.0,243800.0,253000.0,1024.28
2015-09-01 09:30:00,271600.0,279400.0,260100.0,276500.0,1601.0
2015-09-02 09:30:00,261400.0,271100.0,253100.0,253700.0,1266.24
2015-09-03 09:30:00,250000.0,259000.0,245000.0,257300.0,1022.72
2015-09-04 09:30:00,267100.0,270399.0,260975.0,265800.0,1167.36
2015-09-08 09:30:00,250800.0,254000.0,242600.0,243400.0,1156.56
2015-09-09 09:30:00,234800.0,253590.0,234700.0,251900.0,1302.2
2015-09-10 09:30:00,252600.0,253400.0,238500.0,243900.0,1421.8
2015-09-11 09:30:00,246900.0,248900.0,239400.0,239400.0,920.0
2015-09-14 09:30:00,236600.0,244300.0,236600.0,241800.0,544.88
2015-09-15 09:30:00,239500.0,242449.0,230800.0,232900.0,943.64
2015-09-16 09:30:00,233000.0,235270.0,228400.0,229400.0,1030.88
2015-09-17 09:30:00,229800.0,231800.0,218500.0,228600.0,1252.88
2015-09-18 09:30:00,239200.0,239670.0,230500.0,238200.0,983.76
2015-09-21 09:30:00,234700.0,242700.0,230400.0,236400.0,1059.16
2015-09-22 09:30:00,247400.0,253300.0,244700.0,246700.0,767.24
2015-09-23 09:30:00,245100.0,250200.0,243000.0,246900.0,692.64
2015-09-24 09:30:00,253500.0,259800.0,246288.0,248600.0,1001.36
2015-09-25 09:30:00,240600.0,259900.0,240200.0,255400.0,1035.6
2015-09-28 09:30:00,258650.0,279300.0,258200.0,277700.0,1155.56
2015-09-29 09:30:00,275200.0,287500.0,266600.0,281000.0,1392.24
2015-09-30 09:30:00,269400.0,272800.0,261200.0,262700.0,1263.88
2015-10-01 09:30:00,260500.0,271100.0,258500.0,259000.0,941.04
2015-10-02 09:30:00,269400.0,271510.0,244800.0,244800.0,1239.24
2015-10-05 09:30:00,240000.0,241000.0,232401.0,234300.0,1152.52
2015-10-06 09:30:00,236000.0,243134.0,233650.0,237200.0,930.12
2015-10-07 09:30:00,233200.0,242500.0,231800.0,233600.0,1139.44
2015-10-08 09:30:00,236300.0,242800.0,229400.0,230700.0,1184.24
2015-10-09 09:30:00,230000.0,232100.0,226100.0,227400.0,756.12
2015-10-12 09:30:00,226400.0,228600.0,224500.0,226000.0,603.88
2015-10-13 09:30:00,229600.0,230800.0,222800.0,230400.0,966.44
2015-10-14 09:30:00,230100.0,234100.0,226700.0,231200.0,753.92
2015-10-15 09:30:00,228500.0,229550.0,219800.0,219900.0,1263.48
2015-10-16 09:30:00,218300.0,221500.0,216600.0,216700.0,612.04
2015-10-19 09:30:00,218000.0,219300.0,212800.0,213200.0,500.64
2015-10-20 09:30:00,214500.0,218690.0,213100.0,216600.0,492.8
2015-10-21 09:30:00,213100.0,220800.0,212600.0,220200.0,632.44
2015-10-22 09:30:00,214500.0,216500.0,206600.0,207100.0,997.56
2015-10-23 09:30:00,190400.0,193700.0,187100.0,189800.0,1212.56
2015-10-26 09:30:00,190300.0,192275.0,188200.0,189300.0,555.56
2015-10-27 09:30:00,190800.0,190900.0,187300.0,187800.0,490.44
2015-10-28 09:30:00,187100.0,191800.0,183564.0,183600.0,752.64
2015-10-29 09:30:00,186000.0,186500.0,183400.0,184500.0,493.08
2015-10-30 09:30:00,184100.0,186800.0,183100.0,186500.0,457.28
2015-11-02 09:30:00,185400.0,186474.0,179800.0,180500.0,576.4
2015-11-03 09:30:00,181500.0,182400.0,176600.0,178500.0,581.04
2015-11-04 09:30:00,176700.0,180600.0,176300.0,178300.0,525.4
2015-11-05 09:30:00,177700.0,182700.0,176700.0,180000.0,568.12
2015-11-06 09:30:00,181000.0,184300.0,178900.0,179500.0,548.6
2015-11-09 09:30:00,181500.0,188500.0,180850.0,185100.0,618.8
2015-11-10 09:30:00,188600.0,189890.0,186200.0,186800.0,511.52
2015-11-11 09:30:00,184900.0,188300.0,182400.0,187300.0,523.08
2015-11-12 09:30:00,190000.0,193200.0,186900.0,193000.0,707.96
2015-11-13 09:30:00,195200.0,204500.0,194600.0,204100.0,1001.04
2015-11-16 09:30:00,204800.0,206200.0,195222.0,195600.0,842.08
2015-11-17 09:30:00,194300.0,196500.0,190814.0,195200.0,613.76
2015-11-18 09:30:00,192600.0,193290.0,183200.0,183500.0,690.8
2015-11-19 09:30:00,183500.0,184500.0,180943.0,183600.0,595.24
2015-11-20 09:30:00,180800.0,181300.0,179300.0,179700.0,463.4
2015-11-23 09:30:00,179400.0,183400.0,177500.0,181200.0,436.36
2015-11-24 09:30:00,184900.0,187450.0,180400.0,181500.0,584.52
2015-11-25 09:30:00,180800.0,182395.0,180180.0,181300.0,226.4
2015-11-27 09:30:00,180000.0,182200.0,179300.0,180100.0,168.4
2015-11-30 09:30:00,179000.0,183500.0,178800.0,181700.0,361.96
2015-12-01 09:30:00,179600.0,180254.0,176300.0,176300.0,500.8
2015-12-02 09:30:00,176000.0,180400.0,173600.0,179500.0,500.0
2015-12-03 09:30:00,178000.0,191799.0,177200.0,188700.0,960.2
2015-12-04 09:30:00,187000.0,188090.0,174500.0,175500.0,1074.88
2015-12-07 09:30:00,175100.0,180300.0,174800.0,177800.0,578.84
2015-12-08 09:30:00,183200.0,183500.0,176001.0,177500.0,787.32
2015-12-09 09:30:00,180200.0,188950.0,177148.0,185700.0,927.48
2015-12-10 09:30:00,184500.0,186100.0,179570.0,183200.0,462.08
2015-12-11 09:30:00,189450.0,196200.0,188210.0,195700.0,921.08
2015-12-14 09:30:00,195300.0,203400.0,191250.0,191500.0,1016.6
2015-12-15 09:30:00,186300.0,188654.0,183000.0,188100.0,657.08
2015-12-16 09:30:00,184100.0,189900.0,178699.0,179800.0,801.76
2015-12-17 09:30:00,177200.0,187500.0,177200.0,185500.0,709.72
2015-12-18 09:30:00,189300.0,198000.0,188100.0,198000.0,722.6
2015-12-21 09:30:00,192800.0,197100.0,191600.0,191600.0,443.08
2015-12-22 09:30:00,188800.0,191800.0,187200.0,188200.0,375.56
2015-12-23 09:30:00,185200.0,186100.0,183500.0,183900.0,378.2
2015-12-24 09:30:00,184000.0,184201.0,182500.0,183700.0,148.48
2015-12-28 09:30:00,185200.0,189238.0,184100.0,184100.0,351.4
2015-12-29 09:30:00,181000.0,181400.0,174400.0,175800.0,513.92
2015-12-30 09:30:00,176100.0,180400.0,175901.0,180400.0,411.16
2015-12-31 09:30:00,182300.0,187200.0,181239.0,186500.0,561.48
2016-01-04 09:30:00,199700.0,205800.0,198200.0,198200.0,917.96
2016-01-05 09:30:00,195700.0,202700.0,195200.0,200200.0,606.84
2016-01-06 09:30:00,210500.0,210500.0,202400.0,205800.0,636.48
2016-01-07 09:30:00,218900.0,225200.0,211101.0,225000.0,1259.28
2016-01-08 09:30:00,220200.0,231250.0,215800.0,230200.0,1123.56
2016-01-11 09:30:00,225500.0,239065.0,223600.0,228600.0,1027.56
2016-01-12 09:30:00,221800.0,230101.0,216900.0,219900.0,1034.52
2016-01-13 09:30:00,217700.0,244300.0,216300.0,243200.0,1202.6
2016-01-14 09:30:00,240500.0,252200.0,221201.0,227500.0,1717.4
2016-01-15 09:30:00,250200.0,257500.0,241640.0,248700.0,1497.64
2016-01-19 09:30:00,238900.0,256090.0,237600.0,247600.0,1485.44
2016-01-20 09:30:00,259100.0,275290.0,241700.0,249600.0,2086.64
2016-01-21 09:30:00,246500.0,256550.0,237800.0,248600.0,1535.0
2016-01-22 09:30:00,234000.0,236400.0,227100.0,227200.0,1343.76
2016-01-25 09:30:00,229800.0,238100.0,225900.0,237300.0,985.32
2016-01-26 09:30:00,234500.0,240600.0,228000.0,231000.0,780.12
2016-01-27 09:30:00,235000.0,251200.0,232100.0,248300.0,1244.12
2016-01-28 09:30:00,236300.0,250600.0,235600.0,238100.0,1230.28
2016-01-29 09:30:00,237500.0,238250.0,222601.0,222800.0,1067.48
2016-02-01 09:30:00,226100.0,228600.0,218400.0,221300.0,764.4
2016-02-02 09:30:00,223900.0,237400.0,223900.0,235000.0,921.68
2016-02-03 09:30:00,230500.0,251000.0,230500.0,238700.0,1810.28
2016-02-04 09:30:00,240800.0,247300.0,233200.0,238800.0,1251.88
2016-02-05 09:30:00,241300.0,266600.0,241200.0,263600.0,1478.4
2016-02-08 09:30:00,278400.0,290300.0,272500.0,275800.0,2018.56
2016-02-09 09:30:00,286900.0,288230.0,265900.0,278600.0,1771.76
2016-02-10 09:30:00,268300.0,275900.0,258000.0,275200.0,1582.6
2016-02-11 09:30:00,285900.0,288000.0,269800.0,275700.0,1581.28
2016-02-12 09:30:00,267000.0,274900.0,263100.0,263900.0,985.72
2016-02-16 09:30:00,251900.0,257000.0,246700.0,246800.0,946.88
2016-02-17 09:30:00,240400.0,242600.0,228300.0,229500.0,1136.0
2016-02-18 09:30:00,227400.0,238100.0,227100.0,237100.0,959.84
2016-02-19 09:30:00,240100.0,242265.0,232958.0,234800.0,736.28
2016-02-22 09:30:00,228100.0,229100.0,222922.0,223600.0,703.88
2016-02-23 09:30:00,227700.0,235000.0,225700.0,234400.0,757.28
2016-02-24 09:30:00,242700.0,247200.0,227000.0,227800.0,1259.76
2016-02-25 09:30:00,226800.0,232699.0,221400.0,221400.0,801.84
2016-02-26 09:30:00,216800.0,223600.0,216000.0,222100.0,791.16
2016-02-29 09:30:00,222900.0,228200.0,217700.0,228200.0,669.48
2016-03-01 09:30:00,221600.0,223651.0,206100.0,206100.0,1182.6
2016-03-02 09:30:00,207000.0,210700.0,205800.0,205900.0,675.72
2016-03-03 09:30:00,206600.0,211442.0,206300.0,207100.0,687.76
2016-03-04 09:30:00,206300.0,210800.0,202800.0,206900.0,899.52
2016-03-07 09:30:00,209900.0,215000.0,206301.0,210600.0,909.8
2016-03-08 09:30:00,215400.0,216899.0,209400.0,215800.0,1122.88
2016-03-09 09:30:00,213500.0,217000.0,211500.0,211800.0,718.08
2016-03-10 09:30:00,208400.0,220900.0,205400.0,212500.0,1175.28
2016-03-11 09:30:00,205900.0,207765.0,201500.0,201600.0,881.32
2016-03-14 09:30:00,203300.0,203900.0,199000.0,200500.0,703.76
2016-03-15 09:30:00,202800.0,204500.0,200000.0,200600.0,638.0
2016-03-16 09:30:00,202200.0,202200.0,193700.0,195200.0,1002.72
2016-03-17 09:30:00,197300.0,199200.0,194300.0,195800.0,612.32
2016-03-18 09:30:00,194500.0,197900.0,193200.0,194500.0,756.56
2016-03-21 09:30:00,196000.0,196090.0,191900.0,192500.0,588.08
2016-03-22 09:30:00,195400.0,195720.0,189400.0,190800.0,652.44
2016-03-23 09:30:00,191500.0,196650.0,191400.0,195400.0,694.0
2016-03-24 09:30:00,198900.0,199299.0,195000.0,195100.0,613.84
2016-03-28 09:30:00,193700.0,197100.0,193600.0,196100.0,394.92
2016-03-29 09:30:00,197200.0,198100.0,186200.0,186700.0,749.36
2016-03-30 09:30:00,183400.0,185100.0,180400.0,183900.0,1076.44
2016-03-31 09:30:00,184300.0,185500.0,182200.0,184900.0,546.96
2016-04-01 09:30:00,187900.0,188833.0,178600.0,178700.0,744.32
2016-04-04 09:30:00,179400.0,182099.0,178400.0,181000.0,581.68
2016-04-05 09:30:00,185100.0,186790.0,183000.0,185900.0,688.68
2016-04-06 09:30:00,185600.0,185600.0,176800.0,176900.0,880.36
2016-04-07 09:30:00,179800.0,186701.0,179050.0,184700.0,869.96
2016-04-08 09:30:00,181100.0,186900.0,179750.0,185100.0,966.96
2016-04-11 09:30:00,182500.0,187000.0,179800.0,187000.0,831.96
2016-04-12 09:30:00,186800.0,190000.0,181200.0,182200.0,1247.2
2016-04-13 09:30:00,178100.0,178800.0,174500.0,175300.0,879.4
2016-04-14 09:30:00,175200.0,176700.0,173300.0,175300.0,637.2
2016-04-15 09:30:00,176000.0,177900.0,174500.0,176600.0,563.48
2016-04-18 09:30:00,178000.0,178400.0,173500.0,173800.0,502.24
2016-04-19 09:30:00,172800.0,179594.0,172500.0,177050.0,671.76
2016-04-20 09:30:00,177000.0,178700.0,174000.0,176500.0,589.12
2016-04-21 09:30:00,176600.0,178790.0,174500.0,176500.0,671.16
2016-04-22 09:30:00,183000.0,188500.0,180900.0,184400.0,884.28
2016-04-25 09:30:00,186300.0,187100.0,184399.0,184500.0,422.92
2016-04-26 09:30:00,183500.0,188800.0,182300.0,186500.0,473.16
2016-04-27 09:30:00,192800.0,196150.0,190300.0,191500.0,1003.84
2016-04-28 09:30:00,190900.0,199600.0,187500.0,198300.0,784.08
2016-04-29 09:30:00,199000.0,206385.0,197300.0,201500.0,1194.16
2016-05-02 09:30:00,200300.0,202600.0,195100.0,196000.0,629.52
2016-05-03 09:30:00,200400.0,203000.0,197500.0,201400.0,828.6
2016-05-04 09:30:00,204900.0,206800.0,202900.0,205200.0,713.36
2016-05-05 09:30:00,203000.0,206700.0,201760.0,205500.0,599.4
2016-05-06 09:30:00,208600.0,209100.0,202200.0,202200.0,753.52
2016-05-09 09:30:00,202200.0,202500.0,197700.0,200700.0,647.48
2016-05-10 09:30:00,198300.0,199400.0,192000.0,192200.0,550.04
2016-05-11 09:30:00,193000.0,197700.0,191300.0,197400.0,561.32
2016-05-12 09:30:00,195600.0,204200.0,195300.0,200100.0,943.72
2016-05-13 09:30:00,200500.0,203400.0,197000.0,202200.0,881.8
2016-05-16 09:30:00,201500.0,201900.0,192500.0,194800.0,594.8
2016-05-17 09:30:00,195000.0,203600.0,193500.0,202100.0,934.24
2016-05-18 09:30:00,203300.0,204500.0,196600.0,199800.0,1055.56
2016-05-19 09:30:00,202250.0,207300.0,200700.0,203000.0,981.08
2016-05-20 09:30:00,200300.0,200800.0,193800.0,196300.0,990.96
2016-05-23 09:30:00,195700.0,197500.0,193500.0,197300.0,377.36
2016-05-24 09:30:00,193800.0,193900.0,184500.0,185200.0,787.48
2016-05-25 09:30:00,183000.0,184000.0,179500.0,181200.0,657.84
2016-05-26 09:30:00,180600.0,181899.0,178900.0,179600.0,464.32
2016-05-27 09:30:00,179300.0,179300.0,176700.0,176700.0,423.0
2016-05-31 09:30:00,176000.0,178400.0,174900.0,175700.0,526.0
2016-06-01 09:30:00,177400.0,177800.0,174500.0,175800.0,525.0
2016-06-02 09:30:00,176900.0,179500.0,174600.0,174700.0,439.72
2016-06-03 09:30:00,175800.0,180300.0,175400.0,177000.0,712.24
2016-06-06 09:30:00,176000.0,176900.0,173600.0,175100.0,358.92
2016-06-07 09:30:00,174600.0,176700.0,174300.0,176300.0,305.2
2016-06-08 09:30:00,175500.0,177500.0,174489.0,175800.0,429.64
2016-06-09 09:30:00,177700.0,178700.0,175800.0,176300.0,543.04
2016-06-10 09:30:00,180900.0,184200.0,180200.0,182100.0,768.24
2016-06-13 09:30:00,185600.0,187600.0,182400.0,186900.0,820.56
2016-06-14 09:30:00,188300.0,191040.0,185000.0,186800.0,880.16
2016-06-15 09:30:00,185400.0,189490.0,184600.0,188400.0,704.48
2016-06-16 09:30:00,191500.0,195000.0,186300.0,187000.0,933.08
2016-06-17 09:30:00,187700.0,194683.0,187700.0,193200.0,682.84
2016-06-20 09:30:00,186400.0,190199.0,183900.0,189900.0,860.6
2016-06-21 09:30:00,188900.0,190100.0,186900.0,188200.0,460.04
2016-06-22 09:30:00,187700.0,189800.0,184400.0,189100.0,648.6
2016-06-23 09:30:00,184500.0,187300.0,181200.0,181400.0,633.44
2016-06-24 09:30:00,201700.0,204700.0,192500.0,203500.0,2228.16
2016-06-27 09:30:00,207900.0,218500.0,207799.0,215400.0,1720.52
2016-06-28 09:30:00,208700.0,208900.0,201500.0,201700.0,1228.8
2016-06-29 09:30:00,196900.0,197201.0,189800.0,191100.0,1207.88
2016-06-30 09:30:00,190100.0,192000.0,184200.0,184600.0,885.84
2016-07-01 09:30:00,184600.0,184800.0,179500.0,181700.0,699.52
2016-07-05 09:30:00,184500.0,187800.0,183701.0,185000.0,907.56
2016-07-06 09:30:00,187700.0,189285.0,180100.0,180500.0,1022.52
2016-07-07 09:30:00,179900.0,181300.0,177500.0,178800.0,633.08
2016-07-08 09:30:00,176200.0,176800.0,170200.0,170500.0,944.32
2016-07-11 09:30:00,168800.0,168800.0,165650.0,167600.0,648.12
2016-07-12 09:30:00,164600.0,165699.0,163600.0,165000.0,606.68
2016-07-13 09:30:00,164000.0,166300.0,163600.0,166200.0,541.56
2016-07-14 09:30:00,163000.0,164099.0,161800.0,162800.0,515.76
2016-07-15 09:30:00,161800.0,164700.0,161400.0,163800.0,395.44
2016-07-18 09:30:00,163400.0,163400.0,159500.0,160400.0,554.36
2016-07-19 09:30:00,162000.0,162900.0,160600.0,162100.0,380.28
2016-07-20 09:30:00,159600.0,160100.0,155500.0,156500.0,580.04
2016-07-21 09:30:00,156100.0,158770.0,155200.0,157400.0,458.08
2016-07-22 09:30:00,157100.0,158550.0,155000.0,155600.0,356.76
2016-07-25 09:30:00,156100.0,157000.0,155345.0,155400.0,299.84
2016-07-26 09:30:00,155700.0,157299.0,153200.0,155000.0,427.28
2016-07-27 09:30:00,151100.0,153625.0,150500.0,151800.0,547.0
2016-07-28 09:30:00,151000.0,152400.0,149600.0,150200.0,458.68
2016-07-29 09:30:00,149000.0,150599.0,148000.0,149200.0,549.4
2016-08-01 09:30:00,148900.0,149400.0,145600.0,146900.0,579.6
2016-08-02 09:30:00,147500.0,152901.0,147050.0,150200.0,802.0
2016-08-03 09:30:00,150800.0,150800.0,148600.0,148600.0,398.12
2016-08-04 09:30:00,148700.0,149900.0,146900.0,147500.0,378.76
2016-08-05 09:30:00,145100.0,145600.0,142100.0,143100.0,444.56
2016-08-08 09:30:00,143200.0,145000.0,142742.0,143600.0,300.56
2016-08-09 09:30:00,143300.0,143550.0,141200.0,142500.0,632.28
2016-08-10 09:30:00,142450.0,144800.0,142250.0,143600.0,328.56
2016-08-11 09:30:00,142300.0,143100.0,140800.0,141900.0,279.44
2016-08-12 09:30:00,142600.0,143000.0,141500.0,141500.0,301.36
2016-08-15 09:30:00,140900.0,141100.0,138800.0,139800.0,386.28
2016-08-16 09:30:00,140600.0,142100.0,140500.0,141900.0,345.16
2016-08-17 09:30:00,142000.0,144300.0,141100.0,141300.0,521.72
2016-08-18 09:30:00,141700.0,142400.0,140600.0,141200.0,291.4
2016-08-19 09:30:00,141900.0,143099.0,140310.0,141300.0,529.64
2016-08-22 09:30:00,142000.0,142699.0,140230.0,141100.0,400.04
2016-08-23 09:30:00,139400.0,140350.0,138600.0,140200.0,369.76
2016-08-24 09:30:00,140550.0,144350.0,139963.0,143100.0,514.6
2016-08-25 09:30:00,144200.0,144600.0,142300.0,143600.0,518.72
2016-08-26 09:30:00,143400.0,145600.0,140200.0,143000.0,1043.88
2016-08-29 09:30:00,142900.0,142950.0,141200.0,142400.0,404.8
2016-08-30 09:30:00,143100.0,145200.0,141800.0,143700.0,589.4
2016-08-31 09:30:00,144500.0,146050.0,143787.0,144200.0,544.92
2016-09-01 09:30:00,144000.0,146200.0,142610.0,143200.0,696.64
2016-09-02 09:30:00,141000.0,143300.0,140100.0,141800.0,554.28
2016-09-06 09:30:00,141000.0,142000.0,139100.0,139100.0,614.6
2016-09-07 09:30:00,138700.0,140400.0,138101.0,138900.0,370.76
2016-09-08 09:30:00,139900.0,142350.0,139900.0,141300.0,433.32
2016-09-09 09:30:00,144900.0,151900.0,143900.0,151900.0,1302.88
2016-09-12 09:30:00,154600.0,154600.0,143100.0,143800.0,1503.28
2016-09-13 09:30:00,146000.0,149600.0,144600.0,147600.0,1458.72
2016-09-14 09:30:00,147300.0,147300.0,143000.0,145400.0,889.88
2016-09-15 09:30:00,145200.0,145400.0,138100.0,138800.0,1028.76
2016-09-16 09:30:00,139100.0,141000.0,138500.0,139100.0,698.04
2016-09-19 09:30:00,138000.0,141500.0,136500.0,140600.0,631.64
2016-09-20 09:30:00,139200.0,140693.0,138200.0,139900.0,439.24
2016-09-21 09:30:00,138200.0,140599.0,135200.0,135800.0,1085.08
2016-09-22 09:30:00,133400.0,133800.0,132100.0,132600.0,627.04
2016-09-23 09:30:00,133300.0,135601.0,133100.0,135100.0,548.68
2016-09-26 09:30:00,137600.0,139100.0,136900.0,138500.0,673.0
2016-09-27 09:30:00,138700.0,139150.0,134200.0,134400.0,563.16
2016-09-28 09:30:00,133900.0,135789.0,133500.0,133600.0,489.52
2016-09-29 09:30:00,134500.0,138320.0,133607.0,136500.0,945.32
2016-09-30 09:30:00,135600.0,135999.0,132300.0,133700.0,651.96
2016-10-03 09:30:00,134200.0,135700.0,133600.0,134000.0,622.2
2016-10-04 09:30:00,133000.0,136200.0,132000.0,134700.0,799.24
2016-10-05 09:30:00,133700.0,133700.0,132000.0,133200.0,502.48
2016-10-06 09:30:00,133900.0,135400.0,132600.0,133500.0,538.68
2016-10-07 09:30:00,133200.0,136300.0,132500.0,134300.0,620.16
2016-10-10 09:30:00,132400.0,132435.0,130900.0,131700.0,459.96
2016-10-11 09:30:00,132400.0,139200.0,132100.0,137300.0,800.8
2016-10-12 09:30:00,137300.0,139050.0,136310.0,137700.0,642.08
2016-10-13 09:30:00,140700.0,143000.0,138100.0,139100.0,912.48
2016-10-14 09:30:00,137200.0,139090.0,135500.0,138900.0,605.4
2016-10-17 09:30:00,139100.0,140500.0,138299.0,140000.0,571.88
2016-10-18 09:30:00,134900.0,136400.0,134200.0,136100.0,638.56
2016-10-19 09:30:00,136400.0,137000.0,135644.0,136400.0,422.96
2016-10-20 09:30:00,136900.0,139100.0,135800.0,136700.0,484.88
2016-10-21 09:30:00,136500.0,137700.0,134900.0,135300.0,414.56
2016-10-24 09:30:00,132500.0,132600.0,130100.0,130400.0,763.6
2016-10-25 09:30:00,130100.0,132200.0,130000.0,131700.0,489.2
2016-10-26 09:30:00,134300.0,135400.0,132010.0,134100.0,573.52
2016-10-27 09:30:00,132300.0,136599.0,132200.0,136000.0,575.4
2016-10-28 09:30:00,137300.0,139800.0,135150.0,138500.0,959.04
2016-10-31 09:30:00,137100.0,139200.0,137100.0,139100.0,424.72
2016-11-01 09:30:00,138400.0,145758.0,138300.0,142100.0,875.0
2016-11-02 09:30:00,142300.0,146600.0,141500.0,145500.0,981.56
2016-11-03 09:30:00,146400.0,150400.0,144900.0,149800.0,824.36
2016-11-04 09:30:00,151000.0,152264.0,147900.0,151500.0,888.88
2016-11-07 09:30:00,144100.0,144800.0,140200.0,140500.0,996.72
2016-11-08 09:30:00,141200.0,142099.0,136000.0,138000.0,739.52
2016-11-09 09:30:00,142900.0,143200.0,135307.0,135900.0,2193.76
2016-11-10 09:30:00,134000.0,148000.0,133410.0,142600.0,2621.68
2016-11-11 09:30:00,144700.0,145912.0,141400.0,142200.0,1217.48
2016-11-14 09:30:00,142200.0,148900.0,141841.0,146600.0,1054.04
2016-11-15 09:30:00,143400.0,143900.0,139100.0,140600.0,1111.64
2016-11-16 09:30:00,142500.0,142581.0,137800.0,138000.0,611.8
2016-11-17 09:30:00,138200.0,139100.0,135000.0,135100.0,758.72
2016-11-18 09:30:00,134800.0,137000.0,133900.0,136600.0,469.48
2016-11-21 09:30:00,135900.0,135900.0,132000.0,132400.0,694.92
2016-11-22 09:30:00,131000.0,132130.0,130200.0,131100.0,465.84
2016-11-23 09:30:00,132400.0,134400.0,132000.0,132600.0,627.36
2016-11-25 09:30:00,132300.0,132700.0,131300.0,131500.0,230.8
2016-11-28 09:30:00,132000.0,132700.0,130500.0,132300.0,536.08
2016-11-29 09:30:00,132000.0,133093.0,129100.0,130900.0,870.96
2016-11-30 09:30:00,130500.0,135800.0,130300.0,135800.0,773.92
2016-12-01 09:30:00,135800.0,143400.0,135800.0,142500.0,907.76
2016-12-02 09:30:00,142500.0,143700.0,140200.0,141900.0,665.28
2016-12-05 09:30:00,139600.0,141700.0,136900.0,138400.0,563.96
2016-12-06 09:30:00,137500.0,139300.0,136910.0,137700.0,300.72
2016-12-07 09:30:00,138450.0,139700.0,131900.0,132300.0,903.56
2016-12-08 09:30:00,132200.0,133000.0,130700.0,131700.0,1024.72
2016-12-09 09:30:00,130300.0,130300.0,128500.0,128800.0,886.92
2016-12-12 09:30:00,130300.0,131970.0,129599.0,130300.0,713.04
2016-12-13 09:30:00,129100.0,129200.0,123300.0,125300.0,1399.36
2016-12-14 09:30:00,125000.0,127300.0,123700.0,126100.0,1393.04
2016-12-15 09:30:00,125700.0,126600.0,123400.0,125300.0,1079.96
2016-12-16 09:30:00,124900.0,127700.0,124100.0,126900.0,747.68
2016-12-19 09:30:00,126600.0,127200.0,123110.0,125400.0,627.44
2016-12-20 09:30:00,124500.0,124700.0,123300.0,123900.0,397.04
2016-12-21 09:30:00,123900.0,125153.0,123700.0,124300.0,346.6
2016-12-22 09:30:00,124200.0,126800.0,124200.0,125500.0,441.28
2016-12-23 09:30:00,126000.0,126358.0,125000.0,125000.0,309.92
2016-12-27 09:30:00,124500.0,124599.0,121000.0,123300.0,661.32
2016-12-28 09:30:00,122500.0,126300.0,122100.0,126100.0,830.68
2016-12-29 09:30:00,126200.0,127800.0,125300.0,126700.0,565.96
2016-12-30 09:30:00,126100.0,131600.0,125950.0,130300.0,1195.64
2017-01-03 09:30:00,127750.0,129199.0,125539.0,127100.0,859.88
2017-01-04 09:30:00,126600.0,126600.0,124200.0,124900.0,826.76
2017-01-05 09:30:00,125050.0,125200.0,122600.0,123000.0,589.12
2017-01-06 09:30:00,122400.0,123400.0,118600.0,119600.0,888.44
2017-01-09 09:30:00,119300.0,119600.0,117800.0,118500.0,662.64
2017-01-10 09:30:00,118500.0,119100.0,116600.0,117700.0,773.44
2017-01-11 09:30:00,117500.0,119400.0,116700.0,116900.0,732.16
2017-01-12 09:30:00,118000.0,120525.0,117075.0,117275.0,1715.24
2017-01-13 09:30:00,117075.0,117075.0,115500.0,116025.0,1290.72
2017-01-17 09:30:00,117100.0,118125.0,116450.0,117125.0,1405.36
2017-01-18 09:30:00,116650.0,117525.0,116100.0,116450.0,995.2
2017-01-19 09:30:00,116025.0,117325.0,114725.0,116550.0,1129.2
2017-01-20 09:30:00,115150.0,116750.0,114175.0,115775.0,1532.88
2017-01-23 09:30:00,116150.0,117749.75,115075.0,115625.0,1092.24
2017-01-24 09:30:00,114875.0,115450.0,112700.0,113225.0,981.08
2017-01-25 09:30:00,111225.0,111400.0,109750.0,109775.0,1180.48
2017-01-26 09:30:00,109400.0,110050.0,108800.0,109450.0,1004.24
2017-01-27 09:30:00,108850.0,109925.0,108550.0,108825.0,702.16
2017-01-30 09:30:00,110025.0,113200.0,109950.0,111350.0,1015.44
2017-01-31 09:30:00,112525.0,114018.75,112025.0,112025.0,1130.48
2017-02-01 09:30:00,109800.0,111300.0,109125.0,109725.0,997.8
2017-02-02 09:30:00,110350.0,111300.0,109115.25,110075.0,942.64
2017-02-03 09:30:00,109675.0,110065.0,108800.0,109150.0,805.4
2017-02-06 09:30:00,109825.0,110000.0,108700.0,108750.0,647.52
2017-02-07 09:30:00,108150.0,108374.75,106890.25,107550.0,893.64
2017-02-08 09:30:00,108000.0,108624.75,106612.5,107050.0,847.48
2017-02-09 09:30:00,106675.0,106900.0,105175.0,105850.0,1110.08
2017-02-10 09:30:00,105275.0,105722.5,104375.0,104825.0,1029.84
2017-02-13 09:30:00,103875.0,103975.0,102649.75,103025.0,952.24
2017-02-14 09:30:00,102950.0,103900.0,101975.0,101975.0,1190.28
2017-02-15 09:30:00,102175.0,102392.5,100084.25,100225.0,1142.08
2017-02-16 09:30:00,100050.0,101087.75,99450.0,100300.0,1228.6
2017-02-17 09:30:00,100750.0,100800.0,99025.0,99050.0,1276.04
2017-02-21 09:30:00,98500.0,98624.75,97360.0,97550.0,910.88
2017-02-22 09:30:00,97875.0,98325.0,97275.0,97425.0,711.76
2017-02-23 09:30:00,97050.0,99737.5,97050.0,98550.0,1079.08
2017-02-24 09:30:00,99775.0,99975.0,98000.0,98000.0,1092.68
2017-02-27 09:30:00,98525.0,99038.5,97625.0,97625.0,674.72
2017-02-28 09:30:00,97725.0,99350.0,97575.0,98450.0,863.16
2017-03-01 09:30:00,96725.0,97200.0,94775.0,95275.0,1662.12
2017-03-02 09:30:00,95350.0,97050.0,95300.0,96725.0,782.72
2017-03-03 09:30:00,97025.0,97725.0,96125.0,96200.0,640.52
2017-03-06 09:30:00,97225.0,98000.0,96375.0,96800.0,710.72
2017-03-07 09:30:00,97475.0,97847.5,96084.5,97350.0,701.76
2017-03-08 09:30:00,97275.0,97450.0,95925.0,96825.0,936.4
2017-03-09 09:30:00,96900.0,98173.0,96202.0,96600.0,819.48
2017-03-10 09:30:00,95325.0,96666.25,94950.0,95425.0,936.24
2017-03-13 09:30:00,95525.0,95675.0,94875.0,94875.0,586.6
2017-03-14 09:30:00,95550.0,96775.0,95475.0,95650.0,625.76
2017-03-15 09:30:00,95075.0,95950.0,93225.25,93900.0,1263.52
2017-03-16 09:30:00,93350.0,94700.0,93350.0,94025.0,875.0
2017-03-17 09:30:00,93825.0,94325.0,93436.25,94300.0,615.96
2017-03-20 09:30:00,94250.0,94658.0,93300.0,93925.0,644.04
2017-03-21 09:30:00,92875.0,98375.0,92607.5,98150.0,2100.52
2017-03-22 09:30:00,98075.0,98550.0,95950.0,96250.0,1940.32
2017-03-23 09:30:00,96587.5,97437.5,95825.0,96950.0,1108.04
2017-03-24 09:30:00,96075.0,97499.75,94925.0,96350.0,1313.2
2017-03-27 09:30:00,98475.0,99100.0,95425.0,95900.0,1218.4
2017-03-28 09:30:00,96075.0,96550.0,93300.0,94100.0,974.8
2017-03-29 09:30:00,93975.0,94250.0,92775.0,92875.0,748.44
2017-03-30 09:30:00,92925.0,93250.0,92100.0,92400.0,703.0
2017-03-31 09:30:00,92800.0,93125.0,91850.0,92625.0,640.28
2017-04-03 09:30:00,92400.0,94325.0,91725.0,92775.0,1191.08
2017-04-04 09:30:00,93625.0,93650.0,92300.0,92350.0,665.0
2017-04-05 09:30:00,91975.0,94000.0,90350.0,93475.0,1823.28
2017-04-06 09:30:00,93200.0,94075.0,92612.5,93325.0,1156.48
2017-04-07 09:30:00,93500.0,94498.25,92650.0,93475.0,1065.4
2017-04-10 09:30:00,93250.0,94150.0,92250.0,93375.0,903.44
2017-04-11 09:30:00,93725.0,96625.0,93275.0,94525.0,1364.6
2017-04-12 09:30:00,94650.0,96087.0,94450.0,95750.0,989.4
2017-04-13 09:30:00,96150.0,96950.0,94525.0,96900.0,1120.2
2017-04-17 09:30:00,96150.0,96225.0,94500.0,94525.0,755.24
2017-04-18 09:30:00,95525.0,95675.0,94150.0,94900.0,854.24
2017-04-19 09:30:00,93800.0,94925.0,92825.0,94500.0,1021.48
2017-04-20 09:30:00,93400.0,93825.0,91550.0,92250.0,1368.04
2017-04-21 09:30:00,91950.0,92925.0,91825.0,92225.0,783.44
2017-04-24 09:30:00,89225.0,89650.0,88666.75,88925.0,1140.88
2017-04-25 09:30:00,88100.0,88290.5,86537.0,87000.0,1217.48
2017-04-26 09:30:00,86950.0,87500.25,86296.0,87325.0,915.84
2017-04-27 09:30:00,86700.0,86925.0,85825.0,85825.0,805.92
2017-04-28 09:30:00,84850.0,85775.0,84675.0,85350.0,814.52
2017-05-01 09:30:00,84575.0,84614.75,82775.0,83175.0,1001.48
2017-05-02 09:30:00,82800.0,83400.0,82575.0,82700.0,779.8
2017-05-03 09:30:00,83225.0,84150.0,83195.25,83500.0,1006.96
2017-05-04 09:30:00,83450.0,84250.0,83050.0,83375.0,973.32
2017-05-05 09:30:00,82775.0,83700.0,82500.0,82500.0,627.72
2017-05-08 09:30:00,82400.0,82862.5,81950.0,81950.0,476.0
2017-05-09 09:30:00,81600.0,81775.0,80550.0,81100.0,1277.6
2017-05-10 09:30:00,81000.0,81825.0,80875.0,80975.0,733.16
2017-05-11 09:30:00,81625.0,82725.5,81100.0,81175.0,907.44
2017-05-12 09:30:00,81050.0,81250.0,80575.0,80600.0,681.76
2017-05-15 09:30:00,80575.0,80725.0,79750.0,79875.0,603.2
2017-05-16 09:30:00,79300.0,79950.0,78875.0,78900.0,743.76
2017-05-17 09:30:00,80750.0,84925.0,80300.0,84875.0,2811.28
2017-05-18 09:30:00,84925.0,85300.0,81849.75,82675.0,2158.96
2017-05-19 09:30:00,81900.0,81950.0,80604.75,81650.0,1211.4
2017-05-22 09:30:00,81150.0,81200.0,79475.0,79575.0,865.04
2017-05-23 09:30:00,78875.0,79950.0,78875.0,79375.0,819.16
2017-05-24 09:30:00,78650.0,79325.0,78175.0,78275.0,719.28
2017-05-25 09:30:00,77350.0,77921.75,75700.0,76300.0,1353.64
2017-05-26 09:30:00,76225.0,76575.0,75800.0,75900.0,622.92
2017-05-30 09:30:00,76025.0,76138.75,75450.0,75725.0,583.12
2017-05-31 09:30:00,74975.0,76950.0,74912.5,75850.0,1203.56
2017-06-01 09:30:00,75325.0,76275.0,74850.0,74875.0,956.6
2017-06-02 09:30:00,74150.0,74500.0,72312.5,72350.0,1678.12
2017-06-05 09:30:00,72375.0,72725.0,72025.0,72400.0,594.32
2017-06-06 09:30:00,72600.0,73600.0,71975.0,73275.0,1118.68
2017-06-07 09:30:00,72675.0,73675.0,72250.0,72425.0,1016.64
2017-06-08 09:30:00,71900.0,73375.0,71850.0,72175.0,1199.96
2017-06-09 09:30:00,71925.0,80425.0,71700.0,77500.0,5264.56
2017-06-12 09:30:00,79500.0,81800.0,78475.0,78825.0,5888.96
2017-06-13 09:30:00,77500.0,78775.0,76650.0,76975.0,2702.2
2017-06-14 09:30:00,76075.0,79850.0,76050.0,77950.0,3828.72
2017-06-15 09:30:00,80400.0,81800.0,78775.0,79025.0,3693.28
2017-06-16 09:30:00,79200.0,80950.0,79200.0,79975.0,1757.08
2017-06-19 09:30:00,77825.0,78127.5,75875.0,76125.0,2124.96
2017-06-20 09:30:00,76350.0,77940.75,76050.0,77850.0,1802.56
2017-06-21 09:30:00,77400.0,77511.75,75500.0,75625.0,1923.76
2017-06-22 09:30:00,75300.0,76242.5,74825.0,75650.0,1524.2
2017-06-23 09:30:00,75950.0,76550.25,74525.0,74825.0,1230.16
2017-06-26 09:30:00,73550.0,76325.0,73150.0,75825.0,1857.2
2017-06-27 09:30:00,76750.0,79975.0,76450.0,79900.0,2929.28
2017-06-28 09:30:00,79125.0,80500.0,76350.0,76600.0,2750.0
2017-06-29 09:30:00,77550.0,82750.0,77525.0,80500.0,4432.4
2017-06-30 09:30:00,79900.0,81225.0,79225.0,80700.0,2631.24
2017-07-03 09:30:00,79375.0,83175.0,79075.0,82950.0,1949.96
2017-07-05 09:30:00,82325.0,83100.0,79925.0,80650.0,2387.08
2017-07-06 09:30:00,82450.0,83625.0,81433.75,82725.0,3340.32
2017-07-07 09:30:00,81975.0,81975.0,79450.0,80225.0,2230.08
2017-07-10 09:30:00,79950.0,80588.0,77987.5,78575.0,1430.24
2017-07-11 09:30:00,78950.0,79800.0,77600.0,77950.0,1626.8
2017-07-12 09:30:00,75900.0,76400.0,74875.0,75150.0,2232.36
2017-07-13 09:30:00,74900.0,75300.0,74122.5,74675.0,2154.04
2017-07-14 09:30:00,73775.0,74375.0,72625.0,72925.0,2336.28
2017-07-17 09:30:00,72725.0,73225.0,72050.0,72825.0,1525.0
2017-07-18 09:30:00,72975.0,73650.0,71325.0,71400.0,1906.2
2017-07-19 09:30:00,70750.0,70825.0,69811.0,70100.0,1666.24
2017-07-20 09:30:00,69625.0,70800.0,69426.75,69800.0,2050.64
2017-07-21 09:30:00,70575.0,71025.0,69875.0,69875.0,1558.4
2017-07-24 09:30:00,69975.0,70214.75,68825.0,69000.0,1434.76
2017-07-25 09:30:00,69625.0,70050.75,69025.0,69475.0,1266.68
2017-07-26 09:30:00,69000.0,69300.0,68725.0,68850.0,1331.16
2017-07-27 09:30:00,67475.0,72500.0,67300.0,70050.0,5522.0
2017-07-28 09:30:00,71325.0,71750.0,69975.0,70325.0,3015.16
2017-07-31 09:30:00,69750.0,71700.0,69474.75,71275.0,2076.24
2017-08-01 09:30:00,70550.0,71415.5,70450.0,70775.0,1593.0
2017-08-02 09:30:00,69425.0,72175.0,69350.0,70225.0,3531.04
2017-08-03 09:30:00,69950.0,71397.5,69950.0,71000.0,2563.0
2017-08-04 09:30:00,70650.0,71500.0,70150.0,70675.0,2122.72
2017-08-07 09:30:00,70250.0,70550.0,69300.0,69375.0,1490.64
2017-08-08 09:30:00,69700.0,70275.0,68000.0,69725.0,2678.64
2017-08-09 09:30:00,71425.0,71875.0,69875.0,69925.0,2680.64
2017-08-10 09:30:00,71175.0,74675.0,71025.0,74475.0,4833.56
2017-08-11 09:30:00,74150.0,74675.0,72300.0,72800.0,3720.84
2017-08-14 09:30:00,71125.0,71125.0,69625.0,70000.0,2422.0
2017-08-15 09:30:00,69575.0,70400.0,69425.0,69825.0,2002.28
2017-08-16 09:30:00,69325.0,70175.0,68485.5,69500.0,2431.48
2017-08-17 09:30:00,70300.0,73750.0,70000.0,73750.0,4421.64
2017-08-18 09:30:00,73650.0,74825.0,72400.0,73975.0,4360.32
2017-08-21 09:30:00,73925.0,75599.0,73461.5,74200.0,2835.6
2017-08-22 09:30:00,73050.0,73075.0,70611.75,70875.0,2399.68
2017-08-23 09:30:00,71925.0,72094.75,71125.0,71625.0,1989.84
2017-08-24 09:30:00,71125.0,73450.0,70875.0,72275.0,3031.6
2017-08-25 09:30:00,71450.0,73000.0,70900.0,72725.0,2410.76
2017-08-28 09:30:00,72075.0,72750.0,71525.0,72125.0,1693.56
2017-08-29 09:30:00,73875.0,74100.0,70850.0,71175.0,2707.12
2017-08-30 09:30:00,71075.0,71175.0,68375.0,68750.0,3435.28
2017-08-31 09:30:00,68125.0,68262.0,66525.0,66775.0,2760.76
2017-09-01 09:30:00,66250.0,67312.5,66000.0,66775.0,2157.64
2017-09-05 09:30:00,67425.0,70087.5,66975.25,68575.0,4890.76
2017-09-06 09:30:00,67975.0,69462.5,67500.0,68025.0,2674.6
2017-09-07 09:30:00,67575.0,68275.0,67000.0,67550.0,2695.16
2017-09-08 09:30:00,67800.0,69475.0,67688.75,69225.0,2103.4
2017-09-11 09:30:00,67700.0,67700.0,66550.0,67025.0,2418.4
2017-09-12 09:30:00,66350.0,67375.0,66150.0,66425.0,2052.96
2017-09-13 09:30:00,66750.0,67100.0,66125.0,66200.0,1620.88
2017-09-14 09:30:00,66875.0,67450.0,66350.0,67325.0,1689.0
2017-09-15 09:30:00,67400.0,67700.0,65900.0,66700.0,2069.84
2017-09-18 09:30:00,66425.0,67525.0,65800.0,66925.0,2124.64
2017-09-19 09:30:00,66575.0,67250.0,66300.0,66575.0,1205.24
2017-09-20 09:30:00,66700.0,68725.0,66425.0,67175.0,2995.52
2017-09-21 09:30:00,67350.0,69150.0,67350.0,68450.0,2806.36
2017-09-22 09:30:00,69150.0,69325.0,68357.75,68650.0,1908.08
2017-09-25 09:30:00,69500.0,71847.5,69375.0,70775.0,4205.2
2017-09-26 09:30:00,69725.0,71025.0,69325.0,70300.0,2708.64
2017-09-27 09:30:00,69200.0,69700.0,67600.0,68375.0,3139.08
2017-09-28 09:30:00,68875.0,69350.0,68250.0,68525.0,1850.0
2017-09-29 09:30:00,68050.0,68600.0,66875.0,67025.0,2352.6
2017-10-02 09:30:00,66700.0,67744.75,66025.0,66825.0,2114.52
2017-10-03 09:30:00,66600.0,67000.0,66175.0,66425.0,1662.24
2017-10-04 09:30:00,66800.0,66975.0,65812.25,66225.0,2050.6
2017-10-05 09:30:00,65525.0,65741.25,64225.0,64325.0,2797.28
2017-10-06 09:30:00,64925.0,64950.0,64050.0,64075.0,2581.04
2017-10-09 09:30:00,63775.0,64500.0,63575.0,64250.0,1507.36
2017-10-10 09:30:00,63600.0,65000.0,63425.0,64125.0,1716.96
2017-10-11 09:30:00,64200.0,64471.25,63525.0,63550.0,1426.68
2017-10-12 09:30:00,63825.0,64125.0,63175.0,63950.0,1532.4
2017-10-13 09:30:00,63125.0,63390.5,62950.0,63225.0,1494.36
2017-10-16 09:30:00,62725.0,63141.5,62500.0,62575.0,1400.48
2017-10-17 09:30:00,62650.0,62900.0,62300.0,62375.0,1344.4
2017-10-18 09:30:00,62100.0,62825.0,62100.0,62550.0,1636.76
2017-10-19 09:30:00,63600.0,64575.0,63225.0,63275.0,2074.4
2017-10-20 09:30:00,62475.0,62975.0,62300.0,62775.0,1393.64
2017-10-23 09:30:00,62375.0,64250.0,62350.0,64000.0,2529.0
2017-10-24 09:30:00,63650.0,64375.0,63252.5,63650.0,1860.2
2017-10-25 09:30:00,64050.0,65800.25,63425.0,64425.0,3251.6
2017-10-26 09:30:00,64475.0,65075.0,64050.0,65000.0,2069.32
2017-10-27 09:30:00,61875.0,62050.0,59003.75,59375.0,5566.4
2017-10-30 09:30:00,59575.0,59666.25,58250.0,58950.0,3501.36
2017-10-31 09:30:00,58425.0,58900.0,58037.5,58325.0,2023.84
2017-11-01 09:30:00,57600.0,59025.0,57502.5,58400.0,2404.2
2017-11-02 09:30:00,58575.0,59893.0,58500.0,58725.0,2294.04
2017-11-03 09:30:00,58000.0,58675.0,57000.0,57050.0,2369.84
2017-11-06 09:30:00,57150.0,57225.0,56400.0,56475.0,1556.96
2017-11-07 09:30:00,56600.0,56950.0,56142.5,56400.0,2372.8
2017-11-08 09:30:00,56425.0,56666.25,55650.0,55675.0,1788.92
2017-11-09 09:30:00,57050.0,58272.5,56475.0,56600.0,4587.28
2017-11-10 09:30:00,56975.0,57264.0,56450.0,56575.0,1784.08
2017-11-13 09:30:00,57200.0,57225.0,56158.0,56375.0,1650.96
2017-11-14 09:30:00,57000.0,57800.0,56800.0,56975.0,2631.68
2017-11-15 09:30:00,57750.0,58700.0,57350.0,57850.0,2867.12
2017-11-16 09:30:00,56900.0,56925.75,55200.0,55600.0,3080.72
2017-11-17 09:30:00,55575.0,56397.5,55461.0,56275.0,2058.64
2017-11-20 09:30:00,56125.0,56625.0,55975.0,56400.0,1036.28
2017-11-21 09:30:00,55600.0,55638.5,54500.0,54575.0,2184.44
2017-11-22 09:30:00,54425.0,54725.0,54222.5,54375.0,1054.4
2017-11-24 09:30:00,54200.0,54300.0,53738.25,53775.0,738.04
2017-11-27 09:30:00,53875.0,54225.0,53475.0,53850.0,1433.4
2017-11-28 09:30:00,53500.0,54375.0,53362.5,53450.0,2615.6
2017-11-29 09:30:00,53625.0,56977.0,53625.0,56225.0,5438.08
2017-11-30 09:30:00,55550.0,55931.25,54550.0,54875.0,3526.24
2017-12-01 09:30:00,55875.0,57925.0,54775.0,55550.0,5359.64
2017-12-04 09:30:00,54500.0,57625.0,54325.0,57500.0,4092.08
2017-12-05 09:30:00,57575.0,58150.0,55402.5,57375.0,3761.08
2017-12-06 09:30:00,58025.0,58225.0,56350.0,56650.0,2816.12
2017-12-07 09:30:00,56625.0,56800.0,55562.5,56050.0,2561.52
2017-12-08 09:30:00,54800.0,55575.0,54400.0,55350.0,2013.96
2017-12-11 09:30:00,55272.5,55272.5,53975.0,54025.0,1932.64
2017-12-12 09:30:00,54125.0,54600.0,53775.0,54275.0,1809.36
2017-12-13 09:30:00,53625.0,54187.5,53425.0,53975.0,1846.68
2017-12-14 09:30:00,53700.0,54250.0,53300.0,54100.0,1810.2
2017-12-15 09:30:00,53450.0,53725.0,52054.0,52300.0,2710.64
2017-12-18 09:30:00,51275.0,51500.0,50800.0,50950.0,2126.24
2017-12-19 09:30:00,51225.0,52250.0,51075.0,51800.0,2654.32
2017-12-20 09:30:00,51300.0,52636.5,51275.0,52025.0,2050.56
2017-12-21 09:30:00,51825.0,52200.0,51347.5,52050.0,1519.92
2017-12-22 09:30:00,52250.0,52625.0,52150.0,52225.0,1619.04
2017-12-26 09:30:00,52975.0,53550.0,52796.75,52975.0,1152.88
2017-12-27 09:30:00,53000.0,53147.5,52550.0,52975.0,1059.12
2017-12-28 09:30:00,52500.0,53000.0,52475.0,52850.0,867.64
2017-12-29 09:30:00,52675.0,53875.0,52675.0,53775.0,1863.24
2018-01-02 09:30:00,53025.0,53397.5,50950.0,51025.0,2716.6
2018-01-03 09:30:00,50850.0,50850.0,49387.5,49525.0,2605.96
2018-01-04 09:30:00,48975.0,49450.0,48800.0,49275.0,1808.16
2018-01-05 09:30:00,48575.0,48839.0,47675.0,47800.0,2720.08
2018-01-08 09:30:00,47775.0,47825.0,47150.0,47250.0,1369.76
2018-01-09 09:30:00,46950.0,47649.0,46800.0,47225.0,2237.16
2018-01-10 09:30:00,47875.0,48475.0,47525.0,47575.0,2613.84
2018-01-11 09:30:00,47300.0,47525.0,46600.0,46600.0,1963.68
2018-01-12 09:30:00,46750.0,46875.0,45432.5,45625.0,2170.12
2018-01-16 09:30:00,44675.0,46375.0,43975.0,45975.0,4346.28
2018-01-17 09:30:00,45400.0,45997.5,44276.75,44525.0,3276.28
2018-01-18 09:30:00,44700.0,45025.0,44175.0,44475.0,2775.56
2018-01-19 09:30:00,44100.0,44725.0,43862.5,44075.0,2260.88
2018-01-22 09:30:00,44100.0,44250.0,42675.0,42675.0,2320.0
2018-01-23 09:30:00,42275.0,42325.0,41500.0,41625.0,2441.0
2018-01-24 09:30:00,41400.0,43125.0,41087.5,42425.0,4986.64
2018-01-25 09:30:00,41575.0,42893.75,41525.0,42500.0,3561.24
2018-01-26 09:30:00,41775.0,42047.5,40587.5,40625.0,3284.64
2018-01-29 09:30:00,40825.0,41400.0,40550.0,41175.0,3333.72
2018-01-30 09:30:00,42300.0,42800.0,41625.0,42125.0,4591.0
2018-01-31 09:30:00,41462.5,42447.5,41200.0,41700.0,3741.16
2018-02-01 09:30:00,42600.0,43125.0,41425.0,42725.0,3604.92
2018-02-02 09:30:00,43225.0,45350.0,42949.75,45250.0,6661.8
2018-02-05 09:30:00,46525.0,50700.0,44325.0,50500.0,11642.08
2018-02-06 09:30:00,52775.0,53475.0,46425.0,46600.0,11704.96
2018-02-07 09:30:00,47050.0,48425.0,45576.75,48350.0,6136.12
2018-02-08 09:30:00,47950.0,54550.0,47900.0,54425.0,10847.28
2018-02-09 09:30:00,52250.0,58150.0,50575.0,51825.0,14133.84
2018-02-12 09:30:00,50250.0,51425.0,47986.75,48950.0,9880.24
2018-02-13 09:30:00,49875.0,50075.0,47977.5,48312.5,4152.48
2018-02-14 09:30:00,49100.0,49200.0,45350.0,45475.0,6738.8
2018-02-15 09:30:00,44375.0,45800.0,43125.0,43175.0,6133.2
2018-02-16 09:30:00,43500.0,43875.0,42250.0,43550.0,6737.36
2018-02-20 09:30:00,44125.0,44172.5,42300.0,43450.0,5699.56
2018-02-21 09:30:00,42825.0,43812.5,41500.0,43800.0,6140.16
2018-02-22 09:30:00,43175.0,44125.0,42525.0,43725.0,6796.48
2018-02-23 09:30:00,42787.5,43300.0,41150.0,41150.0,5840.64
2018-02-26 09:30:00,40550.0,40650.0,39525.0,39550.0,4722.24
2018-02-27 09:30:00,39487.5,41000.0,39275.0,41000.0,7223.88
2018-02-28 09:30:00,40275.0,41800.0,39850.0,41775.0,6538.64
2018-03-01 09:30:00,41675.0,44925.0,41125.0,43775.0,11715.84
2018-03-02 09:30:00,45325.0,45850.0,42400.0,42625.0,8692.36
2018-03-05 09:30:00,43225.0,43707.5,40875.0,41275.0,5876.92
2018-03-06 09:30:00,40675.0,41499.75,40281.25,40725.0,5891.68
2018-03-07 09:30:00,41625.0,41850.0,40302.5,40425.0,6102.36
2018-03-08 09:30:00,39975.0,40412.5,39675.25,39800.0,4301.2
2018-03-09 09:30:00,38950.0,39125.0,37525.0,37550.0,4744.92
2018-03-12 09:30:00,37150.0,37400.0,36600.0,37000.0,4815.92
2018-03-13 09:30:00,36450.0,38667.25,36150.0,38350.0,8402.72
2018-03-14 09:30:00,37775.0,38900.0,37700.0,38425.0,6714.96
2018-03-15 09:30:00,38300.0,38950.0,37850.0,38575.0,4784.32
2018-03-16 09:30:00,38375.0,38925.0,38075.0,38850.0,3692.52
2018-03-19 09:30:00,39950.0,42359.75,39950.0,41300.0,9407.4
2018-03-20 09:30:00,41300.0,41725.0,40675.0,41000.0,5137.48
2018-03-21 09:30:00,41225.0,41950.0,40075.0,41450.0,5782.32
2018-03-22 09:30:00,43050.0,44625.0,42275.0,44500.0,11012.76
2018-03-23 09:30:00,44600.0,48100.0,44075.0,48025.0,10318.04
2018-03-26 09:30:00,45175.0,47475.0,42500.0,42675.0,10548.6
2018-03-27 09:30:00,41750.0,47900.0,41725.0,46825.0,10439.72
2018-03-28 09:30:00,47575.0,49515.5,46200.0,48400.0,14041.4
2018-03-29 09:30:00,47625.0,49050.0,44364.0,45825.0,9967.64
2018-04-02 09:30:00,46750.0,51150.0,46150.0,49650.0,11862.08
2018-04-03 09:30:00,48450.0,50800.0,47465.25,48100.0,10436.92
2018-04-04 09:30:00,50925.0,51075.0,45400.0,45825.0,10430.76
2018-04-05 09:30:00,44500.0,46094.75,44275.0,45125.0,6833.12
2018-04-06 09:30:00,46525.0,49108.5,45250.0,48475.0,10437.12
2018-04-09 09:30:00,47175.0,47700.25,44562.5,47525.0,8371.52
2018-04-10 09:30:00,45275.0,46275.0,43887.5,44475.0,9444.24
2018-04-11 09:30:00,45137.5,45250.0,43700.0,45075.0,6508.88
2018-04-12 09:30:00,44275.0,44375.0,43050.0,43575.0,6299.6
2018-04-13 09:30:00,42875.0,44750.0,42675.0,44150.0,7629.76
2018-04-16 09:30:00,43325.0,44100.0,42702.5,43200.0,5070.52
2018-04-17 09:30:00,41925.0,42162.5,40125.0,40450.0,6110.04
2018-04-18 09:30:00,40375.0,41000.0,39777.5,40225.0,4611.2
2018-04-19 09:30:00,40775.0,41712.5,40525.0,41225.0,6182.28
2018-04-20 09:30:00,41612.0,43675.0,41525.0,43175.0,6704.0
2018-04-23 09:30:00,42675.0,44297.5,42150.0,43600.0,5385.68
2018-04-24 09:30:00,43000.0,47237.5,42775.0,46325.0,10207.84
2018-04-25 09:30:00,46175.0,48125.0,45625.0,46150.0,9769.04
2018-04-26 09:30:00,44450.0,44924.75,42850.0,43350.0,7332.2
2018-04-27 09:30:00,41475.0,44000.0,41425.0,43225.0,7579.4
2018-04-30 09:30:00,42950.0,44525.0,42150.0,44150.0,5808.28
2018-05-01 09:30:00,44500.0,44850.0,42661.5,42725.0,5766.08
2018-05-02 09:30:00,42475.0,43575.0,42075.0,43425.0,6518.84
2018-05-03 09:30:00,44075.0,45550.0,42987.5,43475.0,10137.24
2018-05-04 09:30:00,44025.0,44150.0,40700.0,41025.0,8497.0
2018-05-07 09:30:00,40500.0,40550.0,39600.0,40025.0,5453.24
2018-05-08 09:30:00,40300.0,41000.0,39875.0,40175.0,5882.84
2018-05-09 09:30:00,39875.0,40350.0,38750.0,38800.0,5177.8
2018-05-10 09:30:00,38450.0,38550.0,37560.0,37650.0,6830.28
2018-05-11 09:30:00,37825.0,38250.0,37500.0,37750.0,6002.0
2018-05-14 09:30:00,37500.0,37750.0,36850.0,37550.0,6652.16
2018-05-15 09:30:00,38475.0,39400.0,38400.0,38800.0,7286.24
2018-05-16 09:30:00,38700.0,38725.0,37775.0,38050.0,4349.56
2018-05-17 09:30:00,38475.0,39100.0,37650.0,38525.0,6015.44
2018-05-18 09:30:00,38937.0,39300.0,38575.0,39100.0,4679.52
2018-05-21 09:30:00,38202.5,38975.0,37700.0,38450.0,6112.16
2018-05-22 09:30:00,37950.0,38825.0,37750.0,38625.0,6069.04
2018-05-23 09:30:00,39500.0,39525.0,37650.0,37650.0,11526.0
2018-05-24 09:30:00,37700.0,38850.0,37500.0,37725.0,5015.16
2018-05-25 09:30:00,37725.0,37950.0,37200.0,37625.0,4381.8
2018-05-29 09:30:00,38125.0,38768.25,37475.0,38100.0,6928.56
2018-05-30 09:30:00,37700.0,37950.0,37100.0,37275.0,4257.24
2018-05-31 09:30:00,37350.0,37672.5,36650.0,37375.0,5664.44
2018-06-01 09:30:00,36825.0,36864.75,35550.0,35625.0,5649.72
2018-06-04 09:30:00,35350.0,35400.0,34651.75,34700.0,4719.32
2018-06-05 09:30:00,34475.0,34825.0,34191.75,34400.0,5405.88
2018-06-06 09:30:00,34275.0,34775.0,33750.0,33750.0,6009.76
2018-06-07 09:30:00,33775.0,35097.5,33750.0,34550.0,8933.88
2018-06-08 09:30:00,35150.0,35350.0,34450.0,34575.0,4252.44
2018-06-11 09:30:00,34725.0,34725.0,34075.0,34325.0,4328.92
2018-06-12 09:30:00,34175.0,34300.0,33700.0,33800.0,6099.68
2018-06-13 09:30:00,33650.0,34025.0,33062.5,33850.0,8914.44
2018-06-14 09:30:00,33387.5,33436.25,32650.0,32800.0,8713.56
2018-06-15 09:30:00,33175.0,33625.0,32950.0,33125.0,7570.88
2018-06-18 09:30:00,33750.0,34097.5,33125.0,33200.0,5730.8
2018-06-19 09:30:00,34475.0,34775.0,33500.0,33500.0,6428.0
2018-06-20 09:30:00,32962.5,33025.0,32275.0,32675.0,5706.96
2018-06-21 09:30:00,32452.5,33750.0,32375.0,33550.0,6383.64
2018-06-22 09:30:00,33225.0,34150.0,33177.5,33875.0,4392.8
2018-06-25 09:30:00,34675.0,37000.0,34562.5,36050.0,13134.64
2018-06-26 09:30:00,35702.5,36100.0,35025.0,35675.0,6161.64
2018-06-27 09:30:00,35200.0,37175.0,34725.0,37075.0,10493.72
2018-06-28 09:30:00,37275.0,37500.0,35777.0,36150.0,8890.2
2018-06-29 09:30:00,35625.0,36025.0,35100.0,35975.0,6052.88
2018-07-02 09:30:00,36925.0,37171.0,35150.0,35150.0,5996.92
2018-07-03 09:30:00,34825.0,36475.0,34775.0,36400.0,4073.56
2018-07-05 09:30:00,35700.0,36275.0,34975.0,35050.0,6729.52
2018-07-06 09:30:00,34875.0,35050.0,33375.0,33500.0,6696.6
2018-07-09 09:30:00,32950.0,33325.0,32525.0,32525.0,4941.16
2018-07-10 09:30:00,32450.0,32825.0,32250.0,32475.0,4762.72
2018-07-11 09:30:00,33250.0,33325.0,32625.0,33000.0,7319.24
2018-07-12 09:30:00,32525.0,32612.75,31300.0,31325.0,7112.64
2018-07-13 09:30:00,31300.0,31575.0,31075.0,31225.0,4762.92
2018-07-16 09:30:00,31225.0,31624.75,31050.0,31475.0,3772.28
2018-07-17 09:30:00,32425.0,32425.0,30675.0,30850.0,6893.36
2018-07-18 09:30:00,30900.0,31350.0,30775.0,31050.0,3333.72
2018-07-19 09:30:00,31425.0,31650.0,31100.0,31550.0,5137.52
2018-07-20 09:30:00,31275.0,31700.0,30950.0,31600.0,4471.04
2018-07-23 09:30:00,31825.0,32250.0,31250.0,31300.0,3806.96
2018-07-24 09:30:00,30325.0,31300.0,29975.0,30900.0,7835.96
2018-07-25 09:30:00,30875.0,30900.0,29550.0,29600.0,7393.4
2018-07-26 09:30:00,30825.0,31075.0,30550.0,30900.0,5509.6
2018-07-27 09:30:00,30400.0,32750.0,30350.0,32200.0,8915.72
2018-07-30 09:30:00,32200.0,34061.25,32175.0,33575.0,9763.04
2018-07-31 09:30:00,33250.0,33775.0,32450.0,32950.0,7571.08
2018-08-01 09:30:00,32625.0,33025.0,32175.0,32475.0,7277.6
2018-08-02 09:30:00,33175.0,33214.5,31050.0,31175.0,7718.8
2018-08-03 09:30:00,31000.0,31424.75,30875.0,30900.0,4528.8
2018-08-06 09:30:00,30975.0,31075.0,30325.0,30325.0,4538.76
2018-08-07 09:30:00,30100.0,30299.75,29850.0,30025.0,4487.8
2018-08-08 09:30:00,30150.0,30400.0,29750.0,29975.0,4355.36
2018-08-09 09:30:00,30000.0,30123.5,29650.0,30000.0,4727.44
2018-08-10 09:30:00,30575.0,31025.0,30327.5,30675.0,6992.48
2018-08-13 09:30:00,30550.0,30825.0,29937.5,30775.0,7109.76
2018-08-14 09:30:00,30450.0,30945.0,30100.0,30250.0,4827.48
2018-08-15 09:30:00,30900.0,31875.0,30650.0,31300.0,9909.8
2018-08-16 09:30:00,30650.0,31225.0,30425.0,31075.0,4625.0
2018-08-17 09:30:00,31300.0,31850.0,30800.0,31025.0,5367.4
2018-08-20 09:30:00,30825.0,31500.0,30800.0,31100.0,4175.52
2018-08-21 09:30:00,30850.0,30900.0,30225.0,30775.0,4601.32
2018-08-22 09:30:00,31000.0,31100.0,30325.0,30425.0,4004.44
2018-08-23 09:30:00,30575.0,30725.0,29950.0,30575.0,5494.56
2018-08-24 09:30:00,30300.0,30300.0,29675.0,29725.0,5231.2
2018-08-27 09:30:00,29275.0,29425.0,28850.0,28850.0,5829.6
2018-08-28 09:30:00,28625.0,28900.0,28500.0,28725.0,4416.16
2018-08-29 09:30:00,28575.0,28600.0,27675.0,27700.0,8648.88
2018-08-30 09:30:00,27900.0,28172.5,27400.0,27875.0,7877.76
2018-08-31 09:30:00,27975.0,28077.5,27550.0,27775.0,5467.0
2018-09-04 09:30:00,28050.0,28597.5,27900.0,28150.0,5848.72
2018-09-05 09:30:00,28325.0,29525.0,28287.5,29275.0,9418.92
2018-09-06 09:30:00,29200.0,30625.0,29100.0,30025.0,11345.36
2018-09-07 09:30:00,30700.0,30750.0,29625.0,30325.0,7964.12
2018-09-10 09:30:00,29900.0,30600.0,29825.0,30075.0,4979.08
2018-09-11 09:30:00,30500.0,30700.0,29250.0,29400.0,5410.52
2018-09-12 09:30:00,29550.0,30425.0,29475.0,29675.0,7645.84
2018-09-13 09:30:00,29150.0,29175.0,28575.0,28800.0,5666.68
2018-09-14 09:30:00,28700.0,29350.0,28550.0,29000.0,4592.28
2018-09-17 09:30:00,29175.0,30350.0,29100.0,30275.0,6215.36
2018-09-18 09:30:00,30175.0,30225.0,29075.0,29500.0,8984.0
2018-09-19 09:30:00,29500.0,30175.0,29287.5,29600.0,6529.56
2018-09-20 09:30:00,29000.0,29225.0,28500.0,28625.0,7988.68
2018-09-21 09:30:00,28375.0,29225.0,28275.0,29125.0,6335.36
2018-09-24 09:30:00,29750.0,30087.5,28825.0,28875.0,5800.08
2018-09-25 09:30:00,28925.0,29200.0,28675.0,28750.0,3910.76
2018-09-26 09:30:00,28550.0,28700.0,27737.5,28575.0,8134.32
2018-09-27 09:30:00,28150.0,28250.0,27525.0,27825.0,7080.84
2018-09-28 09:30:00,28075.0,28225.0,27637.5,27850.0,7688.48
2018-10-01 09:30:00,27350.0,27900.0,27075.5,27700.0,7326.16
2018-10-02 09:30:00,27800.0,28075.0,27250.0,27850.0,5660.04
2018-10-03 09:30:00,27500.0,27925.0,27325.0,27825.0,6917.44
2018-10-04 09:30:00,28100.0,30000.0,28100.0,29375.0,13724.0
2018-10-05 09:30:00,29425.0,31325.0,29125.0,30500.0,15702.84
2018-10-08 09:30:00,30900.0,32126.75,30250.0,31025.0,13956.24
2018-10-09 09:30:00,31025.0,31236.5,30050.0,30800.0,10152.16
2018-10-10 09:30:00,31325.0,34962.5,31275.0,34825.0,23226.92
2018-10-11 09:30:00,35225.0,37250.0,33825.0,36100.0,38094.48
2018-10-12 09:30:00,33350.0,35325.0,32800.0,33100.0,35887.24
2018-10-15 09:30:00,33500.0,34725.0,33325.0,34375.0,15825.32
2018-10-16 09:30:00,33300.0,33475.0,31100.0,31475.0,16989.52
2018-10-17 09:30:00,30850.0,32300.0,30825.0,31325.0,17394.68
2018-10-18 09:30:00,31725.0,33900.0,31675.0,33450.0,18762.16
2018-10-19 09:30:00,32825.0,34000.0,31875.0,33650.0,15804.88
2018-10-22 09:30:00,33050.0,33896.0,32325.0,33100.0,14417.28
2018-10-23 09:30:00,34925.0,36050.0,33000.0,33450.0,20001.84
2018-10-24 09:30:00,33600.0,38250.0,33450.0,38075.0,21122.4
2018-10-25 09:30:00,36325.0,36850.0,33500.0,34225.0,18728.28
2018-10-26 09:30:00,37675.0,38300.0,34850.0,36725.0,22789.36
2018-10-29 09:30:00,35225.0,41175.0,34725.0,38875.0,25929.08
2018-10-30 09:30:00,39400.0,40000.0,37125.0,37200.0,30834.76
2018-10-31 09:30:00,35475.0,35475.0,33625.0,34700.0,25068.28
2018-11-01 09:30:00,34400.0,35225.0,33125.0,33175.0,15416.44
2018-11-02 09:30:00,33550.0,35450.0,32950.0,34725.0,23776.52
2018-11-05 09:30:00,34675.0,36225.0,34675.0,35050.0,11861.16
2018-11-06 09:30:00,35100.0,35225.0,33675.0,34250.0,10903.72
2018-11-07 09:30:00,33075.0,33300.0,31075.0,31100.0,18071.28
2018-11-08 09:30:00,31525.0,32150.0,31229.0,31675.0,11776.88
2018-11-09 09:30:00,32600.0,34050.0,32350.0,33250.0,16584.12
2018-11-12 09:30:00,34000.0,36421.0,33807.5,36250.0,17767.28
2018-11-13 09:30:00,35825.0,36550.0,34275.0,36200.0,17068.48
2018-11-14 09:30:00,35175.0,37700.0,34824.75,37100.0,17096.84
2018-11-15 09:30:00,37375.0,38275.0,34858.75,35150.0,18638.44
2018-11-16 09:30:00,36200.0,36625.0,35025.0,35525.0,16836.12
2018-11-19 09:30:00,36125.0,39350.0,35925.0,39025.0,17980.76
2018-11-20 09:30:00,41675.0,42624.75,39525.25,41075.0,22696.8
2018-11-21 09:30:00,39500.0,40425.0,39000.0,40200.0,11363.4
2018-11-23 09:30:00,41200.0,41225.0,39875.5,41125.0,5772.96
2018-11-26 09:30:00,39375.0,39918.5,38200.0,38275.0,10344.08
2018-11-27 09:30:00,38850.0,39475.0,37575.0,37850.0,8200.72
2018-11-28 09:30:00,37050.0,37700.0,34250.0,34300.0,12885.16
2018-11-29 09:30:00,34700.0,35400.0,33900.0,34625.0,10405.92
2018-11-30 09:30:00,34475.0,35000.0,33775.0,33825.0,8319.48
2018-12-03 09:30:00,31600.0,32850.0,31500.0,32150.0,10821.88
2018-12-04 09:30:00,32650.0,35907.5,32340.0,35725.0,20411.88
2018-12-06 09:30:00,37900.0,38399.75,35050.0,35050.0,22841.88
2018-12-07 09:30:00,35550.0,38875.0,34925.0,38575.0,20395.76
2018-12-10 09:30:00,38750.0,39975.0,36850.0,37350.0,19766.16
2018-12-11 09:30:00,35550.0,37950.0,35500.0,36975.0,14539.44
2018-12-12 09:30:00,35350.0,36050.0,34275.0,36000.0,14265.72
2018-12-13 09:30:00,35375.0,36700.0,34875.0,35975.0,13652.52
2018-12-14 09:30:00,37250.0,38900.0,36850.0,38625.0,16045.84
2018-12-17 09:30:00,39125.0,42175.0,38225.0,41325.0,20614.64
2018-12-18 09:30:00,40300.0,41600.0,39300.0,40500.0,16708.84
2018-12-19 09:30:00,40725.0,44425.0,38775.0,43475.0,25216.76
2018-12-20 09:30:00,43875.0,47025.0,42450.0,45250.0,30104.52
2018-12-21 09:30:00,44800.0,50375.0,43850.0,49750.0,30294.32
2018-12-24 09:30:00,50775.0,53425.0,48875.0,53375.0,18067.92
2018-12-26 09:30:00,51400.0,52500.0,43250.0,43350.0,28013.16
2018-12-27 09:30:00,44950.0,47825.0,42675.0,42700.0,18906.28
2018-12-28 09:30:00,42000.0,43900.0,40650.0,42825.0,22643.36
2018-12-31 09:30:00,41550.0,43075.0,41175.0,41900.0,15336.92
2019-01-02 09:30:00,44475.0,44572.5,40575.0,41250.0,17901.12
2019-01-03 09:30:00,43100.0,45600.0,42600.0,45325.0,23647.16
2019-01-04 09:30:00,43200.0,43625.0,38825.0,39375.0,24927.88
2019-01-07 09:30:00,39175.0,39575.0,37500.0,38125.0,12660.8
2019-01-08 09:30:00,37050.0,38750.0,36650.0,37050.0,17966.2
2019-01-09 09:30:00,36675.0,37125.0,35675.0,36225.0,18702.64
2019-01-10 09:30:00,37050.0,37625.0,35825.0,35850.0,17149.96
2019-01-11 09:30:00,36500.0,36899.75,36150.0,36250.0,9581.24
2019-01-14 09:30:00,37250.0,37725.0,36775.0,37275.0,10344.16
2019-01-15 09:30:00,36800.0,36825.0,34925.0,35100.0,16026.6
2019-01-16 09:30:00,34925.0,35150.0,34175.0,35050.0,12121.64
2019-01-17 09:30:00,35450.0,35649.75,33825.0,34275.0,12651.24
2019-01-18 09:30:00,33550.0,34200.0,32825.0,33300.0,15909.56
2019-01-22 09:30:00,34025.0,36025.0,33975.0,35225.0,14899.76
2019-01-23 09:30:00,34725.0,36375.0,34275.0,35150.0,14260.8
2019-01-24 09:30:00,34875.0,35250.0,34375.0,34500.0,9600.0
2019-01-25 09:30:00,33675.0,34050.0,32975.0,33250.0,11596.96
2019-01-28 09:30:00,34575.0,35325.0,34500.0,34500.0,13100.36
2019-01-29 09:30:00,34475.0,35875.0,34425.0,35500.0,9458.68
2019-01-30 09:30:00,34275.0,34650.0,32425.0,32800.0,14497.84
2019-01-31 09:30:00,32250.0,32350.0,30875.0,31325.0,14705.0
2019-02-01 09:30:00,31800.0,32000.0,31100.0,31775.0,10842.08
2019-02-04 09:30:00,31700.0,31825.0,30600.0,30625.0,7659.8
2019-02-05 09:30:00,30475.0,30500.0,29675.0,29800.0,9642.12
2019-02-06 09:30:00,29775.0,30450.0,29600.0,30025.0,9436.44
2019-02-07 09:30:00,30875.0,31950.0,30625.0,31250.0,17880.16
2019-02-08 09:30:00,32125.0,32200.0,31075.0,31075.0,13192.44
2019-02-11 09:30:00,30775.0,31425.0,30525.0,31175.0,7015.28
2019-02-12 09:30:00,30525.0,30675.0,29675.0,29825.0,11322.84
2019-02-13 09:30:00,29425.0,29850.0,29150.0,29800.0,8960.56
2019-02-14 09:30:00,30125.0,30400.0,29350.0,29650.0,12100.2
2019-02-15 09:30:00,29000.0,29725.0,29000.0,29325.0,8711.24
2019-02-19 09:30:00,29575.0,29600.0,28875.0,29150.0,5135.88
2019-02-20 09:30:00,29100.0,29650.0,28750.0,29150.0,8530.04
2019-02-21 09:30:00,29425.0,29975.0,29175.0,29500.0,11006.64
2019-02-22 09:30:00,29300.0,29350.0,28775.0,28850.0,8833.04
2019-02-25 09:30:00,28175.0,28600.0,27975.0,28525.0,8827.04
2019-02-26 09:30:00,28800.0,28900.0,28175.0,28450.0,7842.68
2019-02-27 09:30:00,28850.0,29425.0,28425.0,28550.0,8773.16
2019-02-28 09:30:00,28800.0,28975.0,28425.0,28750.0,6363.68
2019-03-01 09:30:00,28125.0,28750.0,28025.0,28125.0,9245.44
2019-03-04 09:30:00,27675.0,29075.0,27475.0,28125.0,16323.84
2019-03-05 09:30:00,28100.0,28525.0,27825.0,28075.0,10667.4
2019-03-06 09:30:00,28025.0,28700.0,28000.0,28525.0,13181.84
2019-03-07 09:30:00,28800.0,29950.0,28750.25,29650.0,16901.6
2019-03-08 09:30:00,30650.0,30750.0,29727.5,29750.0,17008.04
2019-03-11 09:30:00,29425.0,29450.0,27875.0,27925.0,18192.88
2019-03-12 09:30:00,27700.0,27925.0,27250.0,27450.0,11573.52
2019-03-13 09:30:00,27050.0,27175.0,26425.0,26900.0,12178.24
2019-03-14 09:30:00,26825.0,27050.0,26725.0,26975.0,7785.6
2019-03-15 09:30:00,26675.0,26767.0,26025.0,26350.0,12339.44
2019-03-18 09:30:00,26300.0,26475.0,25850.0,26075.0,7508.92
2019-03-19 09:30:00,25800.0,26174.75,25400.0,25850.0,11909.84
2019-03-20 09:30:00,25775.0,26125.0,25000.0,25450.0,17192.8
2019-03-21 09:30:00,25725.0,25725.0,24175.0,24275.0,17876.84
2019-03-22 09:30:00,24600.0,25975.0,24420.0,25900.0,23385.76
2019-03-25 09:30:00,26225.0,26600.0,25775.0,26025.0,26005.04
2019-03-26 09:30:00,25450.0,26075.0,24975.0,25675.0,15886.84
2019-03-27 09:30:00,25575.0,26750.0,25400.0,26175.0,21056.48
2019-03-28 09:30:00,26025.0,26500.0,25725.0,26000.0,13209.44
2019-03-29 09:30:00,25475.0,25900.0,25375.0,25425.0,12926.6
2019-04-01 09:30:00,24675.0,24975.0,24350.0,24450.0,13926.64
2019-04-02 09:30:00,24375.0,24550.0,24100.0,24150.0,8782.32
2019-04-03 09:30:00,23750.0,24000.0,23300.0,23750.0,12562.76
2019-04-04 09:30:00,23775.0,24225.0,23500.0,23800.0,9014.12
2019-04-05 09:30:00,23575.0,23675.0,23400.0,23425.0,6194.44
2019-04-08 09:30:00,23575.0,23846.25,23200.0,23250.0,8370.0
2019-04-09 09:30:00,23500.0,23674.75,23275.0,23500.0,9065.4
2019-04-10 09:30:00,23425.0,23500.0,23125.0,23125.0,7024.56
2019-04-11 09:30:00,23075.0,23450.0,23025.0,23325.0,5840.4
2019-04-12 09:30:00,23000.0,23306.25,22975.0,23000.0,6768.2
2019-04-15 09:30:00,23050.0,23475.0,22925.0,23025.0,6192.44
2019-04-16 09:30:00,22775.0,23000.0,22625.0,22775.0,6162.36
2019-04-17 09:30:00,22375.0,22762.5,22275.0,22550.0,7111.48
2019-04-18 09:30:00,22475.0,22900.0,22450.0,22500.0,5524.2
2019-04-22 09:30:00,22775.0,22825.0,22275.0,22300.0,4501.04
2019-04-23 09:30:00,22125.0,22225.0,21375.0,21450.0,8713.2
2019-04-24 09:30:00,21400.0,21700.0,21325.0,21650.0,6651.44
2019-04-25 09:30:00,21175.0,21775.0,21150.0,21450.0,9738.56
2019-04-26 09:30:00,21525.0,22064.0,21350.0,21375.0,7489.0
2019-04-29 09:30:00,21350.0,21475.0,21150.0,21250.0,5506.64
2019-04-30 09:30:00,21750.0,22187.5,21625.0,21750.0,8037.96
2019-05-01 09:30:00,21300.0,22025.0,21125.0,22000.0,10995.12
2019-05-02 09:30:00,22000.0,22700.0,21650.0,22250.0,13330.76
2019-05-03 09:30:00,21725.0,21846.0,21150.0,21200.0,9152.36
2019-05-06 09:30:00,22525.0,22650.0,21500.0,21575.0,14416.8
2019-05-07 09:30:00,22300.0,23450.0,22025.0,22850.0,22953.24
2019-05-08 09:30:00,23050.0,23325.0,22500.0,23025.0,16228.92
2019-05-09 09:30:00,23800.0,24425.0,23175.0,23400.0,21793.24
2019-05-10 09:30:00,23700.0,24875.0,23000.0,23375.0,23243.72
2019-05-13 09:30:00,25125.0,25988.5,24775.0,25800.0,27460.88
2019-05-14 09:30:00,25375.0,25675.0,24475.0,24950.0,19386.88
2019-05-15 09:30:00,25450.0,25475.0,23700.0,23925.0,19303.56
2019-05-16 09:30:00,23875.0,23975.0,22725.0,23200.0,14720.6
2019-05-17 09:30:00,23875.0,23975.0,22950.0,23925.0,19830.92
2019-05-20 09:30:00,24900.0,25375.0,24625.0,25125.0,17064.28
2019-05-21 09:30:00,24475.0,24725.0,24125.0,24400.0,11813.32
2019-05-22 09:30:00,24800.0,24800.0,24250.0,24675.0,11007.24
2019-05-23 09:30:00,25525.0,26300.0,25500.0,25800.0,17398.36
2019-05-24 09:30:00,25381.25,25968.75,25146.875,25875.0,24703.36
2019-05-28 09:30:00,25656.25,26200.0,25231.25,26200.0,21162.68
2019-05-29 09:30:00,26659.375,27256.25,26409.375,26837.5,28918.44
2019-05-30 09:30:00,26625.0,26968.75,26287.5,26506.25,18206.32
2019-05-31 09:30:00,27450.0,27821.0,27187.5,27775.0,23288.24
2019-06-03 09:30:00,28018.75,30050.0,27806.25,29556.25,33086.04
2019-06-04 09:30:00,28668.75,28987.5,27118.75,27175.0,24733.84
2019-06-05 09:30:00,26387.5,27412.5,26356.25,26556.25,22670.44
2019-06-06 09:30:00,26456.25,26787.5,25749.625,25937.5,20543.6
2019-06-07 09:30:00,25550.0,25631.25,24125.0,24462.5,24393.28
2019-06-10 09:30:00,23950.0,23965.625,22900.0,23606.25,21039.36
2019-06-11 09:30:00,22868.75,23750.0,22725.0,23487.5,22611.56
2019-06-12 09:30:00,23706.25,24037.5,23562.5,23900.0,17538.6
2019-06-13 09:30:00,23631.25,23768.75,23331.25,23493.75,17136.44
2019-06-14 09:30:00,23893.75,24087.5,23637.5,23825.0,14086.04
2019-06-17 09:30:00,23681.25,23737.5,23187.5,23375.0,14010.8
2019-06-18 09:30:00,22562.5,22743.75,21875.0,22387.5,26618.12
2019-06-19 09:30:00,22262.5,22681.25,21975.0,22118.75,17804.16
2019-06-20 09:30:00,21212.5,22017.3125,21196.875,21531.25,19865.68
2019-06-21 09:30:00,21618.75,21760.25,21218.75,21606.25,18231.48
2019-06-24 09:30:00,21518.75,21662.5,21437.5,21637.5,10015.88
2019-06-25 09:30:00,21525.0,22681.25,21493.75,22568.75,32524.72
2019-06-26 09:30:00,22118.75,22381.25,21712.5,22281.25,19653.92
2019-06-27 09:30:00,22043.75,22212.5,21875.625,22043.75,16960.96
2019-06-28 09:30:00,21875.0,22193.75,21808.625,21968.75,15813.16
2019-07-01 09:30:00,20706.25,21381.25,20618.75,21087.5,21838.12
2019-07-02 09:30:00,21112.5,21281.25,20831.25,20837.5,14457.4
2019-07-03 09:30:00,20693.75,20750.0,20375.0,20381.25,12469.8
2019-07-05 09:30:00,20787.5,21031.25,20393.75,20500.0,20570.0
2019-07-08 09:30:00,20900.0,21185.625,20881.25,20943.75,15840.2
2019-07-09 09:30:00,21243.75,21293.75,20550.0,20612.5,13706.52
2019-07-10 09:30:00,20262.5,20368.75,19840.625,20012.5,22839.4
2019-07-11 09:30:00,19925.0,20262.5,19787.5,20062.5,18279.08
2019-07-12 09:30:00,20012.5,20068.75,19725.0,19731.25,12358.6
2019-07-15 09:30:00,19587.5,19762.5,19531.25,19550.0,10396.96
2019-07-16 09:30:00,19631.25,20031.25,19568.75,19850.0,13979.4
2019-07-17 09:30:00,19837.5,20143.75,19750.0,20137.5,16537.12
2019-07-18 09:30:00,20443.75,20637.5,19975.0,20062.5,24069.6
2019-07-19 09:30:00,19662.5,20597.0,19656.25,20537.5,21920.92
2019-07-22 09:30:00,20381.25,20391.5625,19918.75,20043.75,19473.24
2019-07-23 09:30:00,19718.75,20125.0,19662.5,19668.75,18087.2
2019-07-24 09:30:00,19887.5,19893.75,19250.0,19250.0,19100.6
2019-07-25 09:30:00,19443.75,19912.5,19443.75,19800.0,23495.4
2019-07-26 09:30:00,19437.5,19458.375,19118.75,19206.25,18362.96
2019-07-29 09:30:00,19243.75,19756.25,19237.5,19387.5,19224.92
2019-07-30 09:30:00,19837.5,19881.25,19425.0,19643.75,15123.56
2019-07-31 09:30:00,19500.0,21018.75,19462.5,20462.5,36553.0
2019-08-01 09:30:00,20368.75,21093.75,19243.75,20775.0,65493.84
2019-08-02 09:30:00,21250.0,22087.5,21175.0,21737.5,51936.64
2019-08-05 09:30:00,23068.75,24556.25,23068.75,24031.25,63369.76
2019-08-06 09:30:00,23362.5,23900.0,22800.0,23006.25,41719.24
2019-08-07 09:30:00,23762.5,24293.75,22556.3125,22706.25,51662.24
2019-08-08 09:30:00,22325.0,22550.0,21163.25,21187.5,30183.16
2019-08-09 09:30:00,21500.0,22279.8125,21275.0,21787.5,37486.44
2019-08-12 09:30:00,22187.5,22837.5,21987.5,22531.25,36573.08
2019-08-13 09:30:00,22575.0,22668.75,20592.1875,21050.0,43078.24
2019-08-14 09:30:00,22075.0,23062.5,21875.0,22956.25,51883.16
2019-08-15 09:30:00,22825.0,23556.25,22643.75,23031.25,30900.16
2019-08-16 09:30:00,22462.5,22462.5,21768.75,21943.75,22462.2
2019-08-19 09:30:00,20993.75,21231.25,20762.5,20956.25,18876.2
2019-08-20 09:30:00,21062.5,21393.75,20837.5,21375.0,18264.04
2019-08-21 09:30:00,20812.5,21043.75,20625.0,20818.75,19140.44
2019-08-22 09:30:00,20725.0,21518.75,20568.75,21031.25,24761.12
2019-08-23 09:30:00,21468.75,23206.25,20900.0,22956.25,53922.68
2019-08-26 09:30:00,22262.5,22662.5,21987.5,22012.5,27848.92
2019-08-27 09:30:00,21550.0,22400.0,21431.25,22131.25,29820.44
2019-08-28 09:30:00,22362.5,22687.5,21806.25,21937.5,22518.84
2019-08-29 09:30:00,21100.625,21356.25,20731.25,20912.5,25495.96
2019-08-30 09:30:00,20587.5,21425.0,20575.0,21056.25,25854.32
2019-09-03 09:30:00,21493.75,21906.25,21175.0,21668.75,25268.08
2019-09-04 09:30:00,21087.5,21243.75,20706.25,20762.5,20927.76
2019-09-05 09:30:00,20087.5,20118.75,19450.0,19618.75,31163.4
2019-09-06 09:30:00,19531.25,19812.5,19512.5,19668.75,20041.08
2019-09-09 09:30:00,19500.0,20112.5,19481.25,19806.25,18712.36
2019-09-10 09:30:00,20131.25,20527.25,19968.75,19975.0,24149.0
2019-09-11 09:30:00,19887.5,20012.5,19400.0,19437.5,20307.04
2019-09-12 09:30:00,19075.0,19275.0,18750.0,19181.25,24390.08
2019-09-13 09:30:00,19262.5,19481.25,19150.0,19393.75,16807.04
2019-09-16 09:30:00,19775.0,19837.5,19550.0,19668.75,23637.16
2019-09-17 09:30:00,19668.75,19787.5,19381.25,19400.0,17168.64
2019-09-18 09:30:00,19512.5,20147.6875,19393.75,19418.75,21606.68
2019-09-19 09:30:00,19318.75,19443.75,18975.0,19337.5,18821.56
2019-09-20 09:30:00,19250.0,20143.75,19200.0,19918.75,20438.84
2019-09-23 09:30:00,19993.75,20175.0,19750.0,19931.25,16081.2
2019-09-24 09:30:00,19662.5,20981.3125,19537.5,20718.75,37899.0
2019-09-25 09:30:00,20675.0,21187.5,19756.25,19918.75,23848.2
2019-09-26 09:30:00,20000.0,20593.75,19956.875,20137.5,20239.84
2019-09-27 09:30:00,20056.25,21318.0625,20018.75,20868.75,32199.8
2019-09-30 09:30:00,20675.0,20784.375,20212.5625,20318.75,16656.36
2019-10-01 09:30:00,20100.0,20918.75,19750.0,20806.25,31088.76
2019-10-02 09:30:00,21237.5,22243.75,21237.5,21881.25,34915.4
2019-10-03 09:30:00,21900.0,22700.0,21137.5,21143.75,33033.76
2019-10-04 09:30:00,20868.75,20912.5,20164.6875,20250.0,23000.08
2019-10-07 09:30:00,20443.75,20550.0,19962.5,20456.25,21885.0
2019-10-08 09:30:00,20831.25,21406.25,20562.5,21368.75,35201.24
2019-10-09 09:30:00,20806.25,21012.5,20443.75,20725.0,24380.28
2019-10-10 09:30:00,20718.75,20781.25,20021.75,20262.5,25145.6
2019-10-11 09:30:00,19581.25,19606.25,19000.0,19506.25,39858.28
2019-10-14 09:30:00,19575.0,19631.25,19305.25,19487.5,15999.76
2019-10-15 09:30:00,19318.75,19343.75,18618.6875,18756.25,28865.12
2019-10-16 09:30:00,18937.5,19072.0,18756.25,18887.5,21501.44
2019-10-17 09:30:00,18556.25,18968.75,18475.0,18750.0,15543.52
2019-10-18 09:30:00,18831.25,19575.0,18725.0,19281.25,24645.64
2019-10-21 09:30:00,19012.5,19165.875,18750.0,18781.25,13536.6
2019-10-22 09:30:00,18593.75,19250.0,18496.875,19225.0,18742.2
2019-10-23 09:30:00,19375.0,19448.9375,19117.5625,19125.0,14395.72
2019-10-24 09:30:00,18718.75,18981.25,18550.0,18575.0,23921.64
2019-10-25 09:30:00,18862.5,18881.25,18112.5,18156.25,22162.92
2019-10-28 09:30:00,17875.0,17887.5,17531.25,17593.75,16159.08
2019-10-29 09:30:00,17687.5,18025.0,17618.75,18006.25,17062.28
2019-10-30 09:30:00,17918.75,18224.9375,17668.75,17756.25,18651.64
2019-10-31 09:30:00,17618.75,18050.0,17587.5,17743.75,21381.56
2019-11-01 09:30:00,17513.125,17600.0,17262.5,17262.5,18276.44
2019-11-04 09:30:00,16912.5,17037.5,16831.25,16950.0,18832.72
2019-11-05 09:30:00,16875.0,17087.5,16825.0,16937.5,17040.76
2019-11-06 09:30:00,16981.25,17287.5,16975.0,17037.5,17662.52
2019-11-07 09:30:00,16775.0,17018.75,16537.75,16875.0,19124.56
2019-11-08 09:30:00,16975.0,17100.0,16668.75,16668.75,14996.52
2019-11-11 09:30:00,16918.75,16993.75,16721.875,16743.75,9791.0
2019-11-12 09:30:00,16700.0,16781.25,16433.875,16600.0,16548.88
2019-11-13 09:30:00,16775.0,16809.625,16543.75,16625.0,17482.96
2019-11-14 09:30:00,16781.25,16937.5,16600.0,16631.25,15325.32
2019-11-15 09:30:00,16346.875,16500.0,16293.75,16325.0,15404.68
2019-11-18 09:30:00,16343.75,16550.0,16156.25,16225.0,19842.32
2019-11-19 09:30:00,16062.5,16356.1875,16056.25,16175.0,17955.12
2019-11-20 09:30:00,16293.75,16825.0,16150.0,16468.75,26718.92
2019-11-21 09:30:00,16518.75,16731.25,16481.25,16587.5,20692.04
2019-11-22 09:30:00,16444.375,16816.875,16425.0,16543.75,16481.36
2019-11-25 09:30:00,16337.5,16337.5,15950.0,15956.25,15667.8
2019-11-26 09:30:00,15943.75,16006.25,15812.5,15875.0,13011.32
2019-11-27 09:30:00,15768.75,15812.5,15543.75,15556.25,15164.08
2019-11-29 09:30:00,15656.25,15787.5,15593.75,15768.75,9817.24
2019-12-02 09:30:00,15756.25,16512.5,15744.875,16281.25,29009.04
2019-12-03 09:30:00,16900.0,17162.0625,16612.625,16631.25,32828.0
2019-12-04 09:30:00,16371.875,16456.25,16262.5,16381.25,18475.96
2019-12-05 09:30:00,16218.75,16536.875,16218.75,16300.0,15797.12
2019-12-06 09:30:00,15956.25,15975.0,15737.5,15793.75,18412.52
2019-12-09 09:30:00,15862.5,16006.25,15637.5,15987.5,13399.88
2019-12-10 09:30:00,15968.75,16143.75,15806.3125,16025.0,16968.52
2019-12-11 09:30:00,15937.5,16000.0,15734.375,15775.0,12725.12
2019-12-12 09:30:00,15831.25,15900.0,15250.0,15425.0,36681.28
2019-12-13 09:30:00,15462.5,15556.25,15112.5,15281.25,29840.16
2019-12-16 09:30:00,14993.75,15000.0,14768.75,14843.75,16155.92
2019-12-17 09:30:00,14775.0,14875.0,14731.25,14818.75,13159.88
2019-12-18 09:30:00,14768.75,14812.5,14643.8125,14787.5,12474.12
2019-12-19 09:30:00,14756.25,14756.25,14481.25,14487.5,13593.16
2019-12-20 09:30:00,14287.5,14411.3125,14250.0,14331.25,15003.6
2019-12-23 09:30:00,14175.0,14250.0,14143.75,14212.5,9475.12
2019-12-24 09:30:00,14112.5,14225.0,14093.75,14131.25,5627.28
2019-12-26 09:30:00,14062.5,14068.75,13756.25,13756.25,11444.2
2019-12-27 09:30:00,13618.75,13906.25,13606.875,13806.25,17781.12
2019-12-30 09:30:00,13825.0,14275.0,13800.0,14075.0,25370.4
2019-12-31 09:30:00,14206.25,14270.625,13968.75,13993.75,18564.32
2020-01-02 09:30:00,13650.0,13731.25,13312.5,13312.5,25963.4
2020-01-03 09:30:00,13831.25,13837.5,13431.25,13668.75,29199.0
2020-01-06 09:30:00,13993.75,14043.75,13406.25,13406.25,25222.04
2020-01-07 09:30:00,13393.75,13543.75,13300.0,13412.5,20214.48
2020-01-08 09:30:00,13425.0,13487.25,12931.25,13112.5,29412.12
2020-01-09 09:30:00,12806.25,13018.75,12712.5,12781.25,27896.16
2020-01-10 09:30:00,12643.75,12950.0,12631.25,12887.5,30974.12
2020-01-13 09:30:00,12737.5,12790.625,12437.5,12437.5,25438.88
2020-01-14 09:30:00,12475.0,12650.0,12400.0,12587.5,37703.4
2020-01-15 09:30:00,12575.0,12700.0,12400.0,12581.25,30865.44
2020-01-16 09:30:00,12400.0,12475.0,12218.75,12225.0,25390.24
2020-01-17 09:30:00,12065.625,12250.0,12012.5,12037.5,22365.44
2020-01-21 09:30:00,12150.0,12156.25,11968.75,12062.5,19694.2
2020-01-22 09:30:00,11881.25,12012.5,11756.25,11968.75,21796.52
2020-01-23 09:30:00,11993.75,12156.25,11843.75,11856.25,28431.68
2020-01-24 09:30:00,11700.0,12325.0,11651.5625,12162.5,39370.8
2020-01-27 09:30:00,12968.75,13075.0,12718.75,12912.5,46922.28
2020-01-28 09:30:00,12650.0,12743.75,12231.25,12318.75,33680.84
2020-01-29 09:30:00,12112.5,12425.0,12075.0,12268.75,30778.8
2020-01-30 09:30:00,12500.0,12618.75,12118.75,12131.25,48259.56
2020-01-31 09:30:00,11981.875,12843.75,11981.25,12725.0,58542.36
2020-02-03 09:30:00,12537.5,12562.5,12050.0,12150.0,49670.28
2020-02-04 09:30:00,11650.0,11768.75,11243.75,11318.75,56162.48
2020-02-05 09:30:00,10900.0,11400.0,10900.0,11187.5,44421.76
2020-02-06 09:30:00,11118.75,11237.4375,10900.0,10912.5,27849.0
2020-02-07 09:30:00,11056.25,11150.0,10875.0,11050.0,35357.88
2020-02-10 09:30:00,11168.75,11175.0,10650.0,10650.0,30570.72
2020-02-11 09:30:00,10481.25,10737.5,10375.0,10650.0,39583.64
2020-02-12 09:30:00,10468.75,10543.75,10325.0,10343.75,25595.08
2020-02-13 09:30:00,10568.75,10597.75,10256.25,10387.5,33578.24
2020-02-14 09:30:00,10343.75,10443.75,10268.75,10306.25,25822.64
2020-02-18 09:30:00,10456.25,10487.5,10225.0,10281.25,31205.2
2020-02-19 09:30:00,10106.25,10143.75,9931.25,9993.75,25669.52
2020-02-20 09:30:00,10056.25,10640.625,10000.0,10281.25,49529.24
2020-02-21 09:30:00,10418.75,10993.75,10381.25,10868.75,61430.2
2020-02-24 09:30:00,12062.5,12287.5,11725.0,12131.25,112160.12
2020-02-25 09:30:00,11831.25,13225.0,11706.25,13106.25,141866.64
2020-02-26 09:30:00,12900.0,13212.5,12225.0,12918.75,121856.12
2020-02-27 09:30:00,13906.25,14893.75,13306.25,14850.0,169663.52
2020-02-28 09:30:00,16331.25,16500.0,14543.75,14625.0,201900.16
2020-03-02 09:30:00,14193.75,14812.5,12525.0,12543.75,121467.24
2020-03-03 09:30:00,12456.25,14106.125,12012.5625,13800.0,138579.64
2020-03-04 09:30:00,13025.0,13406.25,12068.75,12081.25,102389.48
2020-03-05 09:30:00,13012.5,13418.75,12375.0,13150.0,90528.76
2020-03-06 09:30:00,14478.125,14793.75,13631.25,13806.25,128672.72
2020-03-09 09:30:00,16718.75,16893.75,15206.25,16662.5,104632.32
2020-03-10 09:30:00,14806.25,16712.5,14062.5,14062.5,116630.72
2020-03-11 09:30:00,15031.25,16350.0,14706.25,15800.0,97322.8
2020-03-12 09:30:00,18937.5,20268.75,16937.5,20168.75,137302.4
2020-03-13 09:30:00,16893.75,19875.0,14375.0,14450.0,154004.76
2020-03-16 09:30:00,18750.0,19662.5,16350.0,19181.25,135211.84
2020-03-17 09:30:00,17868.75,19743.875,14831.25,15675.0,167089.92
2020-03-18 09:30:00,18287.5,19375.0,16318.6875,16837.5,136188.08
2020-03-19 09:30:00,17081.25,18325.0,14887.5,16625.0,166208.72
2020-03-20 09:30:00,15450.0,18600.0,15156.25,18325.0,166549.12
2020-03-23 09:30:00,18256.25,20156.25,17249.9375,18425.0,161575.56
2020-03-24 09:30:00,15600.0,16056.25,14256.25,14275.0,174516.2
2020-03-25 09:30:00,14018.75,15018.75,12850.0,14475.0,168612.64
2020-03-26 09:30:00,14087.5,14150.0,12006.25,12168.75,179134.4
2020-03-27 09:30:00,13056.25,13474.9375,12400.0,13343.75,132630.44
2020-03-30 09:30:00,12975.0,13137.5,11818.75,11900.0,139438.92
2020-03-31 09:30:00,11975.0,12412.5,11300.0,12162.5,147726.92
2020-04-01 09:30:00,13250.0,14018.75,12712.5,13718.75,142936.2
2020-04-02 09:30:00,13912.5,14050.0,12881.25,12906.25,163036.32
2020-04-03 09:30:00,13025.0,13887.5,12693.75,13412.5,126739.88
2020-04-06 09:30:00,11931.25,12175.0625,10343.75,10593.75,144558.6
2020-04-07 09:30:00,9637.5,10612.5,9575.0,10562.5,166134.44
2020-04-08 09:30:00,10256.25,10562.5,9781.25,9893.75,134013.84
2020-04-09 09:30:00,9637.5,10112.5,9487.5,9843.75,159117.92
2020-04-13 09:30:00,9962.5,10143.75,9456.25,9512.5,114196.68
2020-04-14 09:30:00,8937.5,9037.5,8200.0,8268.75,131333.44
2020-04-15 09:30:00,8668.75,8831.25,8343.75,8543.75,105139.76
2020-04-16 09:30:00,8268.75,8531.25,7956.25,8081.25,143970.56
2020-04-17 09:30:00,7768.75,8225.0,7718.75,7881.25,114858.52
2020-04-20 09:30:00,8075.0,8150.0,7793.75,8137.5,86157.12
2020-04-21 09:30:00,8375.0,9181.25,8318.75,9031.25,146575.36
2020-04-22 09:30:00,8468.75,8593.75,8056.25,8218.75,84910.08
2020-04-23 09:30:00,8125.0,8337.5,7825.0,8281.25,104800.64
2020-04-24 09:30:00,8231.25,8400.0,7840.625,7875.0,96496.24
2020-04-27 09:30:00,7631.25,7812.5,7575.0,7718.75,73637.16
2020-04-28 09:30:00,7512.5,8162.5,7506.25,8125.0,104527.84
2020-04-29 09:30:00,7593.75,7712.5,7156.25,7287.5,108957.12
2020-04-30 09:30:00,7168.75,7431.25,7162.5,7237.5,89450.92
2020-05-01 09:30:00,7706.25,7993.75,7493.75,7887.5,103521.92
2020-05-04 09:30:00,8012.5,8068.75,7581.25,7606.25,70241.48
2020-05-05 09:30:00,7375.0,7437.5,7087.5,7350.0,81538.24
2020-05-06 09:30:00,7181.25,7306.25,7006.25,7212.5,91894.52
2020-05-07 09:30:00,6937.5,7075.0,6843.75,6931.25,94721.0
2020-05-08 09:30:00,6768.75,6875.0,6631.25,6650.0,84202.48
2020-05-11 09:30:00,6768.75,6793.75,6375.0,6481.25,89124.68
2020-05-12 09:30:00,6418.75,6875.0,6362.5,6868.75,105175.84
2020-05-13 09:30:00,6825.0,7375.0,6643.75,7125.0,175336.96
2020-05-14 09:30:00,7256.25,7462.5,6887.5,6887.5,127785.92
2020-05-15 09:30:00,7175.0,7218.75,6750.0,6750.0,119261.2
2020-05-18 09:30:00,6487.5,6556.25,6281.25,6375.0,94170.32
2020-05-19 09:30:00,6362.5,6437.5,6175.0,6431.25,92158.72
2020-05-20 09:30:00,6200.0,6200.0,6006.25,6037.5,91258.32
2020-05-21 09:30:00,6031.25,6275.0,5981.25,6225.0,105986.6
2020-05-22 09:30:00,6275.0,6350.0,6150.0,6168.75,69979.16
2020-05-26 09:30:00,5875.0,6243.75,5856.25,6200.0,80486.2
2020-05-27 09:30:00,6256.25,6637.5,6106.25,6112.5,131899.36
2020-05-28 09:30:00,6206.25,6218.75,5862.5,6143.75,119916.52
2020-05-29 09:30:00,6106.25,6237.5,5850.0,5893.75,135877.88
2020-06-01 09:30:00,5950.0,5975.0,5787.5,5812.5,64370.24
2020-06-02 09:30:00,5793.75,5968.75,5693.75,5706.25,86448.04
2020-06-03 09:30:00,5653.125,5718.75,5562.75,5606.25,77561.72
2020-06-04 09:30:00,5650.0,5837.5,5543.75,5737.5,84337.92
2020-06-05 09:30:00,5668.75,5693.75,5350.0,5400.0,117279.52
2020-06-08 09:30:00,5412.5,5512.5,5262.5,5268.75,71238.04
2020-06-09 09:30:00,5331.25,5340.625,5093.75,5150.0,89423.08
2020-06-10 09:30:00,5043.75,5081.25,4868.75,4956.25,118114.0
2020-06-11 09:30:00,5206.25,5712.5,5125.0,5700.0,189567.48
2020-06-12 09:30:00,5331.25,5875.0,5237.5,5568.75,211308.48
2020-06-15 09:30:00,5812.5,5881.25,5312.5,5362.5,145018.44
2020-06-16 09:30:00,5018.75,5343.75,4981.25,5093.75,152102.84
2020-06-17 09:30:00,4993.75,5100.0,4918.75,5037.5,99174.2
2020-06-18 09:30:00,5062.5,5112.5,4981.25,4993.75,72259.2
2020-06-19 09:30:00,4843.75,5112.5,4825.0,5000.0,112184.72
2020-06-22 09:30:00,5006.25,5025.0,4812.5,4825.0,88704.28
2020-06-23 09:30:00,4718.75,4756.25,4562.5,4700.0,121055.64
2020-06-24 09:30:00,4750.0,5075.0,4668.75,4975.0,199871.76
2020-06-25 09:30:00,4981.25,5143.75,4825.0,4837.5,134489.44
2020-06-26 09:30:00,4862.5,5218.75,4850.0,5187.5,158603.12
2020-06-29 09:30:00,5200.0,5375.0,5018.75,5031.25,128588.8
2020-06-30 09:30:00,5025.0,5037.4375,4687.5,4725.0,113478.04
2020-07-01 09:30:00,4718.75,4750.0,4493.75,4556.25,134571.16
2020-07-02 09:30:00,4425.0,4487.5,4350.0,4462.5,122537.32
2020-07-06 09:30:00,4293.75,4293.75,4100.0,4137.5,142118.64
2020-07-07 09:30:00,4156.25,4231.25,4012.5,4218.75,151924.04
2020-07-08 09:30:00,4146.875,4224.375,4049.3125,4050.0,125769.32
2020-07-09 09:30:00,3968.75,4162.5,3912.5,3950.0,184147.12
2020-07-10 09:30:00,3956.25,4081.25,3856.25,3862.5,132420.24
2020-07-13 09:30:00,3737.5,4143.75,3612.5,4100.0,269990.64
2020-07-14 09:30:00,4218.8125,4381.25,3993.75,4012.5,334666.8
2020-07-15 09:30:00,3956.25,4150.0,3906.25,3987.5,168722.6
2020-07-16 09:30:00,4122.9375,4231.25,4043.75,4075.0,156565.72
2020-07-17 09:30:00,4043.75,4168.75,4012.5,4068.75,114772.84
2020-07-20 09:30:00,4025.0,4087.5,3681.25,3712.5,158402.48
2020-07-21 09:30:00,3643.75,3862.5,3643.75,3825.0,161999.96
2020-07-22 09:30:00,3806.25,3893.75,3743.75,3781.25,119008.04
2020-07-23 09:30:00,3806.25,4150.0,3775.0,4081.25,220467.2
2020-07-24 09:30:00,4275.0,4400.0,4131.25,4200.0,271052.44
2020-07-27 09:30:00,4118.25,4156.25,3956.25,3968.75,131230.36
2020-07-28 09:30:00,4012.5,4137.5,3981.25,4118.75,111383.64
2020-07-29 09:30:00,4050.0,4075.0,3937.5,3975.0,102636.88
2020-07-30 09:30:00,4081.25,4131.25,3893.75,3912.5,169909.04
2020-07-31 09:30:00,3706.25,3931.25,3700.0,3706.25,182626.16
2020-08-03 09:30:00,3618.75,3625.0,3525.0,3559.375,134528.44
2020-08-04 09:30:00,3587.5,3612.5,3512.5,3512.5,108741.84
2020-08-05 09:30:00,3500.0,3537.5,3475.0,3493.75,88922.4
2020-08-06 09:30:00,3506.25,3525.0,3337.5,3350.0,150306.32
2020-08-07 09:30:00,3375.0,3550.0,3343.75,3462.5,187795.92
2020-08-10 09:30:00,3456.25,3656.25,3450.0,3512.5,165834.8
2020-08-11 09:30:00,3562.5,3737.5,3506.25,3712.5,166500.96
2020-08-12 09:30:00,3618.75,3625.0,3387.5,3425.0,171083.24
2020-08-13 09:30:00,3406.25,3443.75,3318.75,3406.25,159062.08
2020-08-14 09:30:00,3387.5,3475.0,3375.0,3425.0,111888.96
2020-08-17 09:30:00,3350.0,3362.5,3287.5,3300.0,85846.36
2020-08-18 09:30:00,3261.25,3315.0,3187.5,3206.25,185515.28
2020-08-19 09:30:00,3206.25,3285.0,3167.5,3270.0,262115.8
2020-08-20 09:30:00,3298.75,3312.5,3115.0,3132.5,267351.44
2020-08-21 09:30:00,3128.75,3148.75,3052.5,3067.5,264828.8
2020-08-24 09:30:00,2961.25,3086.875,2932.5625,3008.75,297815.84
2020-08-25 09:30:00,3034.9,3050.0,2937.5,2938.75,233814.36
2020-08-26 09:30:00,2901.15,2904.375,2745.4,2750.0,387393.72
2020-08-27 09:30:00,2718.75,2842.5,2696.2625,2777.5,507614.96
2020-08-28 09:30:00,2741.25,2778.75,2715.0,2731.25,287270.6
2020-08-31 09:30:00,2717.5,2730.15,2614.375,2668.75,390970.32
2020-09-01 09:30:00,2595.0,2641.25,2527.5,2530.0,390955.04
2020-09-02 09:30:00,2446.25,2606.875,2443.75,2457.5,626355.64
2020-09-03 09:30:00,2567.5,2905.0,2558.75,2835.0,1382831.72
2020-09-04 09:30:00,2878.75,3292.5,2783.75,2947.5,1662613.88
2020-09-08 09:30:00,3296.25,3376.25,3108.75,3366.25,965802.92
2020-09-09 09:30:00,3160.0,3252.5,2990.0,3075.0,605924.76
2020-09-10 09:30:00,2968.75,3312.5,2927.5,3251.25,805107.44
2020-09-11 09:30:00,3180.0,3450.0,3149.375,3320.0,964650.84
2020-09-14 09:30:00,3177.5,3227.5,3071.25,3150.0,576441.84
2020-09-15 09:30:00,3018.75,3075.0,2965.0,3012.5,510385.76
2020-09-16 09:30:00,2989.875,3167.5,2971.25,3160.0,579070.44
2020-09-17 09:30:00,3400.0,3431.25,3233.75,3302.5,879757.12
2020-09-18 09:30:00,3257.5,3587.5,3241.8375,3435.0,945848.8
2020-09-21 09:30:00,3585.0,3677.5,3386.25,3388.75,909666.4
2020-09-22 09:30:00,3293.75,3428.5,3179.375,3202.5,591026.88
2020-09-23 09:30:00,3215.0,3526.25,3207.3375,3500.0,800869.4
2020-09-24 09:30:00,3596.25,3611.25,3313.75,3446.25,1027052.28
2020-09-25 09:30:00,3427.5,3487.5,3172.5,3203.75,744180.72
2020-09-28 09:30:00,3027.5,3123.75,3005.0,3007.5,588760.64
2020-09-29 09:30:00,3022.5,3065.0,2988.125,3046.25,410708.64
2020-09-30 09:30:00,3040.0,3048.75,2876.25,2981.25,662068.68
2020-10-01 09:30:00,2856.25,2917.5,2821.25,2841.25,558626.56
2020-10-02 09:30:00,3027.5,3107.5,2916.25,3076.25,882478.0
2020-10-05 09:30:00,3012.5,3014.9875,2871.25,2882.5,371702.12
2020-10-06 09:30:00,2908.75,3065.0,2850.0,3037.5,689498.8
2020-10-07 09:30:00,2947.5,2966.25,2851.25,2877.5,408994.92
2020-10-08 09:30:00,2803.75,2865.0,2800.0,2830.0,305810.52
2020-10-09 09:30:00,2780.0,2792.475,2698.75,2702.5,343888.92
2020-10-12 09:30:00,2563.75,2595.0,2368.75,2452.5,689593.44
2020-10-13 09:30:00,2406.25,2486.25,2387.5,2450.0,464067.68
2020-10-14 09:30:00,2430.0,2557.5,2405.0,2511.25,565577.96
2020-10-15 09:30:00,2636.25,2655.0,2546.25,2565.0,547509.52
2020-10-16 09:30:00,2517.5,2613.75,2478.75,2605.0,392510.88
2020-10-19 09:30:00,2552.5,2760.0,2525.0,2731.25,581218.96
2020-10-20 09:30:00,2706.25,2756.25,2620.0,2711.25,594053.36
2020-10-21 09:30:00,2705.0,2733.75,2630.0,2720.0,506085.56
2020-10-22 09:30:00,2695.0,2817.3625,2668.75,2718.75,584589.48
2020-10-23 09:30:00,2700.0,2788.75,2698.7625,2700.0,389882.88
2020-10-26 09:30:00,2770.0,2931.0875,2688.75,2822.5,676715.84
2020-10-27 09:30:00,2795.0,2833.75,2733.75,2757.5,474227.28
2020-10-28 09:30:00,2893.75,3088.75,2875.0,3081.25,802102.2
2020-10-29 09:30:00,3032.5,3051.25,2813.75,2920.0,614705.88
2020-10-30 09:30:00,2982.5,3213.75,2955.3375,3128.75,1017536.56
2020-11-02 09:30:00,3056.25,3222.5,2993.75,3118.75,684756.68
2020-11-03 09:30:00,3052.5,3087.5,2881.25,2960.0,696547.92
2020-11-04 09:30:00,2668.75,2723.7375,2501.25,2560.0,960473.08
2020-11-05 09:30:00,2386.25,2425.0,2333.75,2362.5,706246.48
2020-11-06 09:30:00,2381.25,2470.0,2337.5,2353.75,722407.12
2020-11-09 09:30:00,2286.25,2508.75,2247.5,2497.5,925018.6
2020-11-10 09:30:00,2585.0,2706.25,2547.5,2630.0,1034929.68
2020-11-11 09:30:00,2563.75,2573.75,2442.5,2455.0,532777.76
2020-11-12 09:30:00,2431.25,2519.375,2396.25,2487.5,567167.68
2020-11-13 09:30:00,2446.25,2503.75,2408.125,2423.75,420472.08
2020-11-16 09:30:00,2430.0,2447.5,2358.75,2368.75,341596.84
2020-11-17 09:30:00,2361.25,2406.25,2353.75,2387.5,317345.24
2020-11-18 09:30:00,2403.75,2443.75,2362.5,2443.75,351989.84
2020-11-19 09:30:00,2457.5,2474.8375,2376.25,2383.75,332207.76
2020-11-20 09:30:00,2387.5,2435.0,2368.75,2433.75,279570.2
2020-11-23 09:30:00,2407.5,2492.5,2375.0,2432.5,311571.36
2020-11-24 09:30:00,2405.0,2453.75,2318.75,2331.25,362865.84
2020-11-25 09:30:00,2307.5,2328.525,2272.5,2286.25,277269.0
2020-11-27 09:30:00,2242.5,2250.0,2197.5,2225.0,187303.64
2020-11-30 09:30:00,2217.5,2319.375,2202.5,2212.5,430301.92
2020-12-01 09:30:00,2161.25,2185.0,2087.5,2123.75,416056.84
2020-12-02 09:30:00,2150.0,2190.0,2108.75,2115.0,316512.68
2020-12-03 09:30:00,2111.25,2122.5,2073.75,2106.25,277110.68
2020-12-04 09:30:00,2107.5,2121.25,2078.75,2080.0,246060.2
2020-12-07 09:30:00,2077.5,2081.25,2038.75,2045.0,249345.56
2020-12-08 09:30:00,2055.0,2092.25,2018.75,2025.0,272059.96
2020-12-09 09:30:00,2028.75,2185.0,2023.75,2161.25,645485.88
2020-12-10 09:30:00,2210.0,2233.5875,2112.5,2137.5,506970.6
2020-12-11 09:30:00,2172.5,2223.75,2148.75,2150.0,433547.16
2020-12-14 09:30:00,2125.0,2126.25,2061.25,2102.5,338121.92
2020-12-15 09:30:00,2056.25,2103.7375,2037.5,2037.5,308252.56
2020-12-16 09:30:00,2028.75,2050.0,1987.5,2003.75,318155.12
2020-12-17 09:30:00,1971.25,1995.0,1958.75,1962.5,243999.56
2020-12-18 09:30:00,1951.25,2027.5,1945.625,1981.25,379436.96
2020-12-21 09:30:00,2038.75,2093.75,1981.25,1993.75,552857.12
2020-12-22 09:30:00,1975.0,2032.5,1957.5,1976.25,373004.6
2020-12-23 09:30:00,1976.25,2008.75,1968.75,2005.0,260759.16
2020-12-24 09:30:00,2000.0,2002.5,1970.0,1978.75,157864.8
2020-12-28 09:30:00,1927.5,1963.75,1910.0,1918.75,310148.36
2020-12-29 09:30:00,1895.0,1932.5,1882.5,1913.75,391313.76
2020-12-30 09:30:00,1892.5,1926.25,1886.25,1913.75,225566.16
2020-12-31 09:30:00,1915.0,1936.25,1891.875,1897.5,286943.28
2021-01-04 09:30:00,1875.0,2055.625,1872.5,1980.0,716122.68
2021-01-05 09:30:00,2000.0,2000.0,1928.125,1931.25,404772.44
2021-01-06 09:30:00,2020.0,2040.625,1930.0,2011.25,822835.0
2021-01-07 09:30:00,1957.5,1957.75,1848.125,1861.25,480904.6
2021-01-08 09:30:00,1823.75,1863.75,1786.25,1792.5,697529.32
2021-01-11 09:30:00,1843.75,1881.25,1822.5,1870.0,541747.76
2021-01-12 09:30:00,1868.75,1927.5,1848.75,1877.5,446460.56
2021-01-13 09:30:00,1875.0,1885.0,1826.25,1842.5,335724.04
2021-01-14 09:30:00,1832.5,1878.75,1815.0,1870.0,283622.32
2021-01-15 09:30:00,1876.25,1937.5,1856.25,1915.0,492682.6
2021-01-19 09:30:00,1870.0,1891.25,1821.25,1830.0,358135.4
2021-01-20 09:30:00,1766.25,1773.75,1687.5,1703.75,524582.36
2021-01-21 09:30:00,1683.75,1703.75,1650.0,1660.0,375803.4
2021-01-22 09:30:00,1678.75,1687.5,1660.0,1675.0,296681.0
2021-01-25 09:30:00,1622.5,1738.75,1601.25,1628.75,811771.72
2021-01-26 09:30:00,1623.75,1648.75,1610.0,1626.25,361329.28
2021-01-27 09:30:00,1661.25,1793.75,1661.25,1758.75,863248.88
2021-01-28 09:30:00,1743.75,1753.75,1647.6625,1731.25,657141.2
2021-01-29 09:30:00,1758.75,1871.25,1741.2875,1838.75,889577.52
2021-02-01 09:30:00,1778.75,1814.75,1686.25,1701.25,672315.48
2021-02-02 09:30:00,1655.0,1657.5,1601.25,1621.25,464027.08
2021-02-03 09:30:00,1588.75,1639.775,1583.125,1637.5,425676.76
2021-02-04 09:30:00,1616.25,1638.75,1580.0,1580.0,376749.64
2021-02-05 09:30:00,1567.5,1592.5,1550.0,1563.75,374802.16
2021-02-08 09:30:00,1540.0,1564.825,1531.25,1532.5,353011.64
2021-02-09 09:30:00,1547.5,1547.5,1517.5,1533.75,375858.4
2021-02-10 09:30:00,1513.75,1590.0,1507.525,1543.75,756834.24
2021-02-11 09:30:00,1522.5,1555.0,1513.75,1518.75,556933.72
2021-02-12 09:30:00,1530.0,1546.25,1491.25,1495.0,385786.48
2021-02-16 09:30:00,1482.55,1522.5,1470.0,1505.0,447960.36
2021-02-17 09:30:00,1547.5,1578.125,1523.75,1527.5,643467.36
2021-02-18 09:30:00,1578.75,1603.75,1537.5,1547.5,700361.36
2021-02-19 09:30:00,1527.5,1582.5,1526.25,1567.5,526438.2
2021-02-22 09:30:00,1631.25,1692.5,1612.5,1690.0,824761.76
2021-02-23 09:30:00,1776.25,1870.0,1677.5,1703.75,1549617.08
2021-02-24 09:30:00,1750.0,1792.5,1656.25,1661.25,926164.24
2021-02-25 09:30:00,1705.0,1861.25,1663.75,1837.5,1519481.04
2021-02-26 09:30:00,1782.5,1870.0,1725.0,1810.0,1732057.84
2021-03-01 09:30:00,1722.5,1747.5,1642.5,1648.75,765638.72
2021-03-02 09:30:00,1640.0,1732.5,1637.5,1727.5,614726.96
2021-03-03 09:30:00,1747.5,1880.0,1731.25,1877.5,1314784.6
2021-03-04 09:30:00,1886.25,2044.9875,1826.25,1970.0,2590717.8
2021-03-05 09:30:00,1917.5,2097.5,1862.5,1880.0,2426703.84
2021-03-08 09:30:00,1891.25,2047.7125,1855.0,2040.0,1477632.12
2021-03-09 09:30:00,1887.5,1897.5,1758.75,1798.75,1269244.72
2021-03-10 09:30:00,1722.5,1826.0625,1716.25,1812.5,1063167.08
2021-03-11 09:30:00,1727.5,1743.75,1656.25,1686.25,895859.4
2021-03-12 09:30:00,1753.75,1793.75,1726.25,1727.5,785867.32
2021-03-15 09:30:00,1723.75,1751.25,1670.0,1672.5,505481.36
2021-03-16 09:30:00,1636.25,1668.75,1588.75,1645.0,743275.24
2021-03-17 09:30:00,1693.75,1721.25,1595.0,1625.0,957025.96
2021-03-18 09:30:00,1701.25,1781.25,1685.175,1773.75,815261.0
2021-03-19 09:30:00,1777.5,1815.0,1727.5,1751.25,956177.48
2021-03-22 09:30:00,1713.75,1713.75,1621.25,1656.25,662737.24
2021-03-23 09:30:00,1640.0,1691.25,1617.5,1678.75,811639.68
2021-03-24 09:30:00,1655.0,1766.25,1655.0,1762.5,753206.6
2021-03-25 09:30:00,1796.25,1840.0,1745.0125,1771.25,1114960.2
2021-03-26 09:30:00,1776.4125,1801.25,1687.5,1691.25,868061.2
2021-03-29 09:30:00,1701.25,1750.0,1676.25,1693.75,751012.44
2021-03-30 09:30:00,1726.25,1765.0,1710.0,1718.75,520023.16
2021-03-31 09:30:00,1690.0,1695.0,1613.75,1640.0,645235.96
2021-04-01 09:30:00,1580.0,1583.125,1553.75,1555.0,583808.12
2021-04-05 09:30:00,1518.75,1522.5,1451.25,1463.75,554821.16
2021-04-06 09:30:00,1467.5,1476.25,1438.75,1467.5,447969.24
2021-04-07 09:30:00,1471.25,1485.0,1443.75,1455.0,440629.12
2021-04-08 09:30:00,1415.625,1427.5,1407.5,1408.75,420758.64
2021-04-09 09:30:00,1427.5,1436.25,1381.25,1383.75,589417.8
2021-04-12 09:30:00,1396.25,1413.7375,1383.75,1390.0,387774.76
2021-04-13 09:30:00,1368.75,1372.5,1335.0,1340.0,466622.88
2021-04-14 09:30:00,1337.5,1398.75,1336.25,1388.75,541398.92
2021-04-15 09:30:00,1351.25,1353.75,1320.0,1323.75,605792.32
2021-04-16 09:30:00,1321.25,1342.5,1317.5,1320.0,399959.72
2021-04-19 09:30:00,1340.0,1380.0,1325.0,1357.5,639063.32
2021-04-20 09:30:00,1363.75,1410.625,1348.75,1386.25,575548.72
2021-04-21 09:30:00,1402.5,1416.25,1347.5,1350.0,510230.72
2021-04-22 09:30:00,1355.0,1413.75,1342.5,1398.75,864813.0
2021-04-23 09:30:00,1390.0,1391.25,1328.75,1346.25,488159.04
2021-04-26 09:30:00,1342.5,1352.5,1316.25,1318.75,496975.24
2021-04-27 09:30:00,1315.0,1348.125,1313.75,1336.25,485085.64
2021-04-28 09:30:00,1340.0,1358.125,1328.75,1351.25,365026.24
2021-04-29 09:30:00,1310.0,1376.25,1305.0,1335.0,534448.04
2021-04-30 09:30:00,1366.25,1373.5875,1335.0,1361.25,431578.16
2021-05-03 09:30:00,1347.5,1390.0,1337.5,1382.5,363408.2
2021-05-04 09:30:00,1416.25,1507.5,1411.25,1457.5,1035810.16
2021-05-05 09:30:00,1430.0,1483.7375,1418.75,1472.5,496106.36
2021-05-06 09:30:00,1477.5,1507.5,1437.5,1440.0,646254.68
2021-05-07 09:30:00,1401.25,1418.75,1372.5,1403.75,606258.32
2021-05-10 09:30:00,1421.25,1512.5,1420.1375,1510.0,542144.8
2021-05-11 09:30:00,1595.0,1605.0,1505.0,1515.0,1037047.36
2021-05-12 09:30:00,1587.5,1646.25,1553.75,1632.5,1294955.24
2021-05-13 09:30:00,1587.5,1633.75,1548.75,1596.25,939586.8
2021-05-14 09:30:00,1546.25,1555.0,1476.25,1491.25,698999.64
2021-05-17 09:30:00,1515.0,1557.5,1504.375,1517.5,551846.08
2021-05-18 09:30:00,1502.5,1551.875,1486.25,1547.5,466589.48
2021-05-19 09:30:00,1627.5,1633.75,1537.675,1542.5,890111.88
2021-05-20 09:30:00,1521.25,1523.75,1440.0,1452.5,665770.16
2021-05-21 09:30:00,1431.25,1482.4875,1425.0,1476.25,484173.6
2021-05-24 09:30:00,1445.0,1450.0,1386.25,1401.25,458792.08
2021-05-25 09:30:00,1381.25,1412.4625,1372.5,1395.0,440626.92
2021-05-26 09:30:00,1388.3625,1396.875,1375.0,1381.25,351830.6
2021-05-27 09:30:00,1386.4625,1400.0,1376.25,1397.5,354520.84
2021-05-28 09:30:00,1381.25,1387.5,1363.75,1383.75,359709.24
2021-06-01 09:30:00,1367.5,1415.0,1360.0,1397.5,473456.72
2021-06-02 09:30:00,1392.5,1411.25,1378.75,1390.0,399904.52
2021-06-03 09:30:00,1425.625,1455.0,1410.0,1433.75,508243.6
2021-06-04 09:30:00,1408.75,1409.375,1353.75,1358.75,629576.72
2021-06-07 09:30:00,1367.5,1375.0,1346.25,1347.5,412586.64
2021-06-08 09:30:00,1325.0,1366.25,1313.75,1346.25,523977.6
2021-06-09 09:30:00,1327.5,1346.25,1318.75,1343.75,334262.2
2021-06-10 09:30:00,1340.0,1346.25,1300.0,1301.25,777025.08
2021-06-11 09:30:00,1301.25,1310.0,1291.25,1291.25,315215.08
2021-06-14 09:30:00,1287.5,1300.775,1255.0,1255.0,373570.56
2021-06-15 09:30:00,1257.5,1287.5,1255.0,1278.75,452393.48
2021-06-16 09:30:00,1273.75,1333.75,1261.25,1293.75,812466.4
2021-06-17 09:30:00,1305.0,1306.25,1232.5,1243.75,822593.64
2021-06-18 09:30:00,1261.25,1281.25,1248.75,1272.5,652547.52
2021-06-21 09:30:00,1271.25,1296.25,1245.0,1250.0,488807.32
2021-06-22 09:30:00,1251.25,1255.0,1208.75,1215.0,591275.72
2021-06-23 09:30:00,1213.75,1221.25,1200.0,1212.5,417637.52
2021-06-24 09:30:00,1191.25,1197.5,1173.75,1190.0,562974.96
2021-06-25 09:30:00,1183.75,1201.25,1181.25,1192.5,473511.28
2021-06-28 09:30:00,1181.25,1181.25,1148.75,1150.0,479221.6
2021-06-29 09:30:00,1152.5,1160.625,1137.5,1137.5,413761.16
2021-06-30 09:30:00,1140.0,1148.75,1136.25,1142.5,361911.28
2021-07-01 09:30:00,1147.5,1160.0,1137.5,1142.5,374674.32
2021-07-02 09:30:00,1123.125,1126.25,1100.0,1102.5,452680.4
2021-07-06 09:30:00,1096.25,1122.5,1085.0,1089.375,752240.32
2021-07-07 09:30:00,1067.5,1100.0,1065.0,1081.25,795750.96
2021-07-08 09:30:00,1127.5,1140.0,1092.5,1101.25,882073.32
2021-07-09 09:30:00,1107.5,1112.5,1076.25,1080.0,516156.84
2021-07-12 09:30:00,1066.25,1082.5,1063.75,1068.75,418965.04
2021-07-13 09:30:00,1071.25,1075.0,1040.0,1068.75,832274.76
2021-07-14 09:30:00,1046.25,1070.0,1040.0,1062.5,776625.64
2021-07-15 09:30:00,1062.5,1102.5,1061.25,1083.75,900884.2
2021-07-16 09:30:00,1075.0,1113.75,1067.5,1110.0,660943.88
2021-07-19 09:30:00,1143.75,1162.5,1132.5,1137.5,1068909.6
2021-07-20 09:30:00,1127.5,1146.1625,1083.75,1098.75,739704.84
2021-07-21 09:30:00,1101.875,1103.75,1072.5,1072.5,455141.32
2021-07-22 09:30:00,1071.25,1071.25,1050.0,1050.0,494978.28
2021-07-23 09:30:00,1038.75,1050.0,1011.25,1015.0,686675.16
2021-07-26 09:30:00,1020.0,1027.4875,1008.75,1012.5,470523.6
2021-07-27 09:30:00,1013.75,1081.25,1013.75,1045.0,1006848.88
2021-07-28 09:30:00,1035.625,1055.0,1018.75,1032.5,836005.72
2021-07-29 09:30:00,1037.5,1037.5,1017.5,1026.25,515244.68
2021-07-30 09:30:00,1061.25,1062.5,1038.75,1042.5,640469.04
2021-08-02 09:30:00,1028.75,1048.75,1023.75,1042.5,576137.72
2021-08-03 09:30:00,1037.5,1066.25,1023.75,1023.75,657345.36
2021-08-04 09:30:00,1025.0,1033.75,1011.25,1018.75,558565.88
2021-08-05 09:30:00,1013.75,1018.75,998.75,1000.0,434927.84
2021-08-06 09:30:00,1010.0,1022.5,1002.5,1012.5,538200.64
2021-08-09 09:30:00,1008.75,1018.75,1003.75,1008.75,532328.24
2021-08-10 09:30:00,1003.75,1033.75,1001.25,1023.75,625858.4
2021-08-11 09:30:00,1012.5,1040.0,1007.5,1027.5,626025.76
2021-08-12 09:30:00,1032.5,1045.0,1013.75,1016.25,458704.8
2021-08-13 09:30:00,1015.0,1018.75,1003.75,1006.25,367320.48
2021-08-16 09:30:00,1016.25,1048.75,1005.0,1005.0,735870.76
2021-08-17 09:30:00,1027.5,1052.5,1020.2125,1032.5,1162784.32
2021-08-18 09:30:00,1037.5,1065.0,1023.75,1062.5,930999.36
2021-08-19 09:30:00,1080.0,1081.25,1031.25,1045.0,1053963.4
2021-08-20 09:30:00,1037.5,1040.0,1010.0,1012.5,721626.8
2021-08-23 09:30:00,1003.75,1005.0,962.5,967.5,732145.08
2021-08-24 09:30:00,962.5,967.5,953.75,958.75,483904.36
2021-08-25 09:30:00,957.5,963.75,951.25,957.5,496667.44
2021-08-26 09:30:00,962.5,977.5,956.25,973.75,771064.64
2021-08-27 09:30:00,968.75,972.5,941.25,946.25,592823.32
2021-08-30 09:30:00,940.0,940.0,910.0,912.5,645950.72
2021-08-31 09:30:00,912.2875,927.5,911.25,915.0,624342.68
2021-09-01 09:30:00,907.5,912.5,896.25,911.25,627781.96
2021-09-02 09:30:00,901.875,921.25,898.75,913.75,686457.32
2021-09-03 09:30:00,920.0,921.25,901.25,903.75,570966.12
2021-09-07 09:30:00,902.5,912.5,895.0,898.75,523952.12
2021-09-08 09:30:00,902.2125,926.25,901.25,910.0,700440.36
2021-09-09 09:30:00,908.75,921.25,900.0,918.75,727511.2
2021-09-10 09:30:00,906.25,942.5,900.0,941.25,778041.32
2021-09-13 09:30:00,921.875,957.5,918.75,942.5,1081866.52
2021-09-14 09:30:00,930.0,957.5,923.75,950.0,896415.8
2021-09-15 09:30:00,946.25,963.75,925.0,927.5,713430.72
2021-09-16 09:30:00,937.5,953.125,922.5,927.5,664801.52
2021-09-17 09:30:00,930.0,967.5,930.0,960.0,929447.12
2021-09-20 09:30:00,1003.75,1056.25,991.25,1018.75,1277144.76
2021-09-21 09:30:00,1002.5,1025.0,992.5,1016.25,932268.64
2021-09-22 09:30:00,1006.25,1016.25,973.75,986.25,892691.04
2021-09-23 09:30:00,976.25,982.5,950.0,958.75,683782.48
2021-09-24 09:30:00,977.5,980.0,952.5,955.0,580512.8
2021-09-27 09:30:00,981.25,998.75,972.5,978.75,651475.76
2021-09-28 09:30:00,1017.5,1066.25,1010.9625,1061.25,1282712.16
2021-09-29 09:30:00,1050.0,1073.75,1031.25,1067.5,988428.08
2021-09-30 09:30:00,1053.75,1082.5,1037.5,1078.75,1102799.32
2021-10-01 09:30:00,1073.125,1111.25,1048.75,1058.75,912869.68
2021-10-04 09:30:00,1073.75,1146.25,1070.0,1125.0,1093241.44
2021-10-05 09:30:00,1115.0,1117.5,1057.5,1078.75,937071.4
2021-10-06 09:30:00,1110.0,1118.75,1056.25,1058.75,1166859.04
2021-10-07 09:30:00,1030.0,1035.625,1006.25,1028.75,832074.48
2021-10-08 09:30:00,1020.0,1050.0,1017.5,1046.25,715581.52
2021-10-11 09:30:00,1058.75,1070.0,1027.5,1068.75,835242.6
2021-10-12 09:30:00,1056.25,1086.25,1051.25,1078.75,847503.76
2021-10-13 09:30:00,1058.75,1077.5,1047.5,1053.75,716126.6
2021-10-14 09:30:00,1021.25,1027.5,993.75,995.0,725419.04
2021-10-15 09:30:00,985.0,995.0,976.25,976.25,499991.88
2021-10-18 09:30:00,987.5,992.5,946.25,946.25,595456.36
2021-10-19 09:30:00,938.75,945.0,925.0,927.5,562784.92
2021-10-20 09:30:00,922.5,941.25,917.5,928.75,593635.72
2021-10-21 09:30:00,935.0,938.75,911.25,912.5,534138.96
2021-10-22 09:30:00,922.5,948.75,913.75,935.0,744553.8
2021-10-25 09:30:00,925.0,939.6875,898.75,906.25,661823.8
2021-10-26 09:30:00,890.0,906.875,872.5,898.75,1045785.4
2021-10-27 09:30:00,895.0,897.4875,868.75,891.25,907049.68
2021-10-28 09:30:00,878.625,883.75,860.0,862.5,790056.12
2021-10-29 09:30:00,883.75,886.25,847.5,848.75,817806.44
2021-11-01 09:30:00,846.25,860.9,840.0,841.25,738096.8
2021-11-02 09:30:00,843.75,845.0,826.25,828.75,628822.04
2021-11-03 09:30:00,826.25,833.75,800.0,802.5,964348.88
2021-11-04 09:30:00,795.0,798.75,766.25,773.75,1189771.12
2021-11-05 09:30:00,761.25,778.75,756.25,771.25,1189386.0
2021-11-08 09:30:00,771.25,777.5,763.75,773.75,805917.44
2021-11-09 09:30:00,767.5,797.5,765.0,788.75,1288019.72
2021-11-10 09:30:00,806.25,836.25,788.75,825.0,1627902.2
2021-11-11 09:30:00,805.0,820.0,802.5,816.25,766002.24
2021-11-12 09:30:00,809.0125,820.0,787.5,790.0,923636.76
2021-11-15 09:30:00,785.0,807.5,781.25,791.25,1015657.28
2021-11-16 09:30:00,796.25,797.5,771.25,773.75,749792.12
2021-11-17 09:30:00,773.525,780.0,761.25,773.75,755725.48
2021-11-18 09:30:00,761.25,775.0,746.25,748.75,1138758.68
2021-11-19 09:30:00,740.0,745.0,730.0,736.25,984478.08
2021-11-22 09:30:00,728.75,763.75,711.25,763.75,1264390.64
2021-11-23 09:30:00,770.0,800.0,757.5,773.75,1646843.72
2021-11-24 09:30:00,787.5,802.5,763.75,765.0,1152980.24
2021-11-26 09:30:00,781.25,817.5,772.5,807.5,1170099.92
2021-11-29 09:30:00,778.75,785.0,748.75,756.25,1169656.92
2021-11-30 09:30:00,761.25,801.25,747.5,788.75,1543780.96
2021-12-01 09:30:00,762.5,832.5,748.75,831.25,1663842.16
2021-12-02 09:30:00,838.75,847.5,798.75,811.25,1980022.76
2021-12-03 09:30:00,802.5,880.0,796.25,852.5,2050900.68
2021-12-06 09:30:00,851.25,878.75,823.75,832.5,1403893.48
2021-12-07 09:30:00,788.75,790.0,753.75,756.25,1571655.36
2021-12-08 09:30:00,755.0,767.5,746.25,747.5,1344245.8
2021-12-09 09:30:00,755.0,781.25,743.75,778.75,1580057.04
2021-12-10 09:30:00,762.5,782.5,752.5,753.75,1551424.8
2021-12-13 09:30:00,753.75,790.0,753.125,787.5,1289204.88
2021-12-14 09:30:00,816.25,838.75,800.0,811.25,1465780.0
2021-12-15 09:30:00,813.75,838.75,753.75,757.5,1930296.24
2021-12-16 09:30:00,750.0,823.75,747.5,812.5,1826062.72
2021-12-17 09:30:00,837.5,846.25,798.75,825.0,1648886.36
2021-12-20 09:30:00,858.75,871.25,845.0,850.0,1523594.92
2021-12-21 09:30:00,827.5,853.75,791.25,792.5,1281175.44
2021-12-22 09:30:00,795.0,800.0,762.5,765.0,1045811.16
2021-12-23 09:30:00,762.5,763.75,737.5,747.5,959704.68
2021-12-27 09:30:00,740.0,740.0,710.0,711.25,813839.64
2021-12-28 09:30:00,706.25,725.0,703.75,718.75,1000894.28
2021-12-29 09:30:00,717.5,733.75,711.25,720.0,1008058.56
2021-12-30 09:30:00,721.25,730.0,708.75,726.25,609786.2
2021-12-31 09:30:00,730.0,742.5,722.5,742.5,746443.6
2022-01-03 09:30:00,733.75,745.0,717.5,717.5,1061732.92
2022-01-04 09:30:00,715.0,763.75,715.0,746.25,1511387.64
2022-01-05 09:30:00,755.0,816.25,749.1125,816.25,1884942.8
2022-01-06 09:30:00,827.5,841.25,795.0,817.5,1697660.76
2022-01-07 09:30:00,817.5,855.0,805.0,842.5,1818413.04
2022-01-10 09:30:00,876.25,913.75,837.5,838.75,2175640.92
2022-01-11 09:30:00,847.5,861.25,802.5,803.75,1981069.76
2022-01-12 09:30:00,787.5,808.75,776.25,792.5,1872104.6
2022-01-13 09:30:00,785.5,859.375,781.0,851.5,2463013.92
2022-01-14 09:30:00,871.5,872.25,835.0,837.5,2530422.8
2022-01-18 09:30:00,876.5,904.75,862.25,897.5,2301088.52
2022-01-19 09:30:00,887.75,930.875,869.0,928.75,2142973.28
2022-01-20 09:30:00,904.0,969.4725,872.75,965.25,2490764.44
2022-01-21 09:30:00,983.25,1047.75,961.25,1044.75,3688785.84
2022-01-24 09:30:00,1097.5,1202.0,1025.0,1031.75,5028355.84
2022-01-25 09:30:00,1089.125,1132.5,1051.0,1102.0,3724081.84
2022-01-26 09:30:00,1027.25,1144.0,989.25,1103.75,4137809.24
2022-01-27 09:30:00,1061.25,1150.75,1043.75,1140.0,3241739.96
2022-01-28 09:30:00,1121.25,1172.475,1031.25,1033.0,3215804.2
2022-01-31 09:30:00,1020.5,1035.4975,928.75,934.5,2649409.36
2022-02-01 09:30:00,923.0,963.745,909.25,914.5,2300809.52
2022-02-02 09:30:00,882.5,924.0,880.5,892.75,3114969.0
2022-02-03 09:30:00,964.0,1008.5,940.0,999.0,3094864.16
2022-02-04 09:30:00,995.75,1013.725,933.3,963.75,3131545.36
2022-02-07 09:30:00,956.5,995.4975,937.27,984.0,2208930.24
2022-02-08 09:30:00,995.25,1004.5,942.5,952.0,2746608.96
2022-02-09 09:30:00,915.0,928.0,890.75,891.5,2558790.64
2022-02-10 09:30:00,943.75,965.25,893.0,950.75,4892466.56
2022-02-11 09:30:00,951.5,1052.0,938.2525,1040.5,4719457.12
2022-02-14 09:30:00,1048.0,1070.75,1006.875,1038.0,4409603.08
2022-02-15 09:30:00,990.0,999.625,959.0,961.25,3275812.0
2022-02-16 09:30:00,978.75,1004.975,953.25,962.0,3210900.92
2022-02-17 09:30:00,988.75,1051.0025,982.75,1047.25,3125895.68
2022-02-18 09:30:00,1038.75,1105.0,1035.25,1082.25,4715735.68
2022-02-22 09:30:00,1112.25,1151.75,1059.25,1115.0,4512970.48
2022-02-23 09:30:00,1084.25,1204.75,1075.5,1200.25,4204738.4
2022-02-24 09:30:00,1317.5,1321.75,1074.75,1083.0,5934021.76
2022-02-25 09:30:00,1072.5,1109.975,1028.25,1029.25,3413826.56
2022-02-28 09:30:00,1058.75,1069.5,1005.0,1018.25,4508666.0
2022-03-01 09:30:00,1029.75,1089.375,1009.5,1066.25,4522300.84
2022-03-02 09:30:00,1053.0,1079.25,1001.5,1014.5,3278889.44
2022-03-03 09:30:00,989.75,1073.5,988.75,1056.75,3580056.2
2022-03-04 09:30:00,1079.5,1125.0,1066.0,1102.75,3864155.6
2022-03-07 09:30:00,1102.75,1227.125,1091.5,1225.25,4043464.6
2022-03-08 09:30:00,1234.0,1280.5,1130.0,1241.75,5300646.6
2022-03-09 09:30:00,1145.0,1175.75,1092.0,1109.0,3536827.52
2022-03-10 09:30:00,1149.25,1190.0,1132.25,1144.25,3202840.08
2022-03-11 09:30:00,1113.5,1220.75,1109.75,1213.5,2969093.64
2022-03-14 09:30:00,1230.375,1293.625,1191.0,1284.75,3304365.16
2022-03-15 09:30:00,1253.25,1272.75,1155.0,1166.0,3607454.0
2022-03-16 09:30:00,1122.5,1161.375,1033.75,1034.5,4563808.12
2022-03-17 09:30:00,1052.75,1064.75,997.5,998.0,2937546.72
2022-03-18 09:30:00,1012.25,1022.5,933.25,937.25,3971723.72
2022-03-21 09:30:00,942.75,979.5,924.3975,943.5,4147071.44
2022-03-22 09:30:00,939.25,942.5,880.625,888.25,3432396.16
2022-03-23 09:30:00,909.875,926.25,882.5,925.75,4010949.72
2022-03-24 09:30:00,910.5,928.0,864.25,864.75,3301942.4
2022-03-25 09:30:00,865.5,898.5,857.25,866.25,3864573.92
2022-03-28 09:30:00,866.75,875.92,825.5,826.5,3197114.32
2022-03-29 09:30:00,799.5,818.25,779.295,784.25,3530991.4
2022-03-30 09:30:00,795.75,819.5,785.0,808.0,3498751.0
2022-03-31 09:30:00,808.75,845.25,806.25,841.75,3417515.88
2022-04-01 09:30:00,837.75,867.5,832.0,844.5,3609202.0
2022-04-04 09:30:00,838.5,840.45,792.5,792.75,2318032.92
2022-04-05 09:30:00,801.75,852.5,797.25,844.25,3201616.04
2022-04-06 09:30:00,883.5,919.225,875.5,899.5,4899033.68
2022-04-07 09:30:00,907.75,935.25,876.5,893.5,4100541.72
2022-04-08 09:30:00,907.25,936.0,901.375,930.0,3449684.88
2022-04-11 09:30:00,966.375,1000.0,958.5,996.0,3374823.68
2022-04-12 09:30:00,954.25,1022.75,937.75,1009.75,4413967.24
2022-04-13 09:30:00,1007.25,1013.75,939.125,949.0,3171027.4
2022-04-14 09:30:00,947.75,1015.485,943.0,1013.5,3253840.76
2022-04-18 09:30:00,1023.25,1037.5,990.0,1009.5,3508837.2
2022-04-19 09:30:00,1017.25,1026.5,938.5,944.25,2987946.08
2022-04-20 09:30:00,936.25,995.125,933.0,986.0,3576817.68
2022-04-21 09:30:00,950.5,1054.5,927.5,1045.0,4630690.52
2022-04-22 09:30:00,1044.875,1132.5,1033.0,1128.5,4940834.76
2022-04-25 09:30:00,1146.0,1159.25,1081.5,1084.5,5421314.36
2022-04-26 09:30:00,1105.5,1210.25,1103.75,1205.0,5077216.56
2022-04-27 09:30:00,1206.375,1232.0025,1141.5,1211.5,5829941.28
2022-04-28 09:30:00,1153.0,1202.75,1061.125,1083.75,5723741.44
2022-04-29 09:30:00,1126.0,1235.25,1090.5025,1225.75,5015466.52
2022-05-02 09:30:00,1234.0,1271.6725,1165.0,1166.0,6428779.08
2022-05-03 09:30:00,1167.5,1194.75,1138.0,1163.25,4766170.48
2022-05-04 09:30:00,1158.25,1217.75,1038.125,1044.75,6580310.36
2022-05-05 09:30:00,1088.25,1235.25,1087.0,1198.75,7009466.96
2022-05-06 09:30:00,1227.5,1294.75,1179.25,1245.25,8025803.68
2022-05-09 09:30:00,1316.75,1409.75,1286.25,1390.25,6604633.36
2022-05-10 09:30:00,1289.0,1400.5025,1272.025,1341.25,7557850.56
2022-05-11 09:30:00,1373.0,1472.875,1297.75,1460.75,6981533.56
2022-05-12 09:30:00,1527.75,1565.25,1402.25,1469.0,7027453.64
2022-05-13 09:30:00,1402.75,1427.75,1292.0025,1311.0,5057646.04
2022-05-16 09:30:00,1331.25,1370.0,1304.25,1351.25,4404013.96
2022-05-17 09:30:00,1271.75,1324.75,1243.25,1248.75,4784057.04
2022-05-18 09:30:00,1305.0,1448.0,1296.0,1430.25,5215414.6
2022-05-19 09:30:00,1460.25,1485.0,1383.5,1456.5,6403998.24
2022-05-20 09:30:00,1400.875,1596.5,1391.0,1468.25,6868707.08
2022-05-23 09:30:00,1452.5,1489.75,1390.0,1395.25,4436193.04
2022-05-24 09:30:00,1472.0,1555.75,1461.375,1483.5,5539211.24
2022-05-25 09:30:00,1508.0,1511.5,1388.75,1422.5,4375325.12
2022-05-26 09:30:00,1433.25,1438.0175,1280.5,1304.0,3963395.52
2022-05-27 09:30:00,1261.75,1263.0,1174.125,1175.25,3916115.92
2022-05-31 09:30:00,1175.375,1230.25,1150.5,1182.75,4911326.2
2022-06-01 09:30:00,1159.75,1237.5,1134.75,1212.5,5011744.64
2022-06-02 09:30:00,1225.25,1242.51,1110.0,1112.5,4431472.32
2022-06-03 09:30:00,1168.75,1212.5,1153.25,1199.0,4994406.96
2022-06-06 09:30:00,1145.25,1205.5,1126.25,1186.25,3984216.64
2022-06-07 09:30:00,1226.375,1239.25,1146.75,1156.25,3843755.68
2022-06-08 09:30:00,1165.25,1190.5,1134.5,1180.0,3043311.16
2022-06-09 09:30:00,1201.0,1277.75,1165.0,1275.75,4475015.72
2022-06-10 09:30:00,1349.25,1417.0,1334.0025,1413.0,5553064.4
2022-06-13 09:30:00,1545.25,1621.0025,1506.5,1605.25,6229201.88
2022-06-14 09:30:00,1566.75,1644.0,1550.77,1595.75,4823147.76
2022-06-15 09:30:00,1538.0,1587.0,1409.5,1479.25,5680902.4
2022-06-16 09:30:00,1593.75,1692.25,1585.7525,1652.25,5204239.52
2022-06-17 09:30:00,1644.5,1675.9975,1552.25,1599.0,4915263.84
2022-06-21 09:30:00,1519.0,1520.75,1437.5,1479.5,3276113.72
2022-06-22 09:30:00,1519.75,1528.5,1414.0,1484.75,4059561.56
2022-06-23 09:30:00,1445.0,1491.0,1405.5,1421.25,4031315.88
2022-06-24 09:30:00,1376.75,1379.75,1275.0,1275.25,3468034.8
2022-06-27 09:30:00,1254.5,1316.0,1247.75,1300.0,3372432.44
2022-06-28 09:30:00,1294.5,1422.75,1258.5,1419.25,4713319.44
2022-06-29 09:30:00,1423.0,1460.75,1392.75,1416.25,4475008.2
2022-06-30 09:30:00,1462.0,1536.75,1415.5,1471.0,5637276.6
2022-07-01 09:30:00,1490.5,1521.0,1434.25,1440.5,4207445.32
2022-07-05 09:30:00,1499.5,1523.5,1365.5,1366.5,4491674.64
2022-07-06 09:30:00,1361.5,1386.25,1310.0,1341.25,3674335.08
2022-07-07 09:30:00,1328.5,1328.5,1245.25,1257.0,3161454.36
2022-07-08 09:30:00,1292.75,1304.75,1232.75,1251.0,4071456.72
2022-07-11 09:30:00,1282.75,1342.25,1279.0,1331.0,3558416.56
2022-07-12 09:30:00,1314.0,1392.0,1286.25,1369.5,4128662.76
2022-07-13 09:30:00,1451.25,1459.0,1343.25,1378.0,5483798.48
2022-07-14 09:30:00,1417.375,1462.7475,1350.875,1363.25,4586739.76
2022-07-15 09:30:00,1319.0,1344.0,1288.25,1291.0,3976528.8
2022-07-18 09:30:00,1252.0,1337.75,1233.0,1322.25,4408458.8
2022-07-19 09:30:00,1271.5,1294.25,1196.5525,1203.75,4049226.08
2022-07-20 09:30:00,1195.5,1204.875,1128.83,1144.0,4766424.24
2022-07-21 09:30:00,1138.75,1169.2475,1094.5,1095.0,4779214.6
2022-07-22 09:30:00,1105.0,1172.5,1082.25,1152.0,4856300.28
2022-07-25 09:30:00,1152.5,1195.9275,1146.75,1170.75,3781683.92
2022-07-26 09:30:00,1193.0,1251.25,1190.125,1240.5,3663641.04
2022-07-27 09:30:00,1182.25,1189.9825,1061.775,1086.75,5163597.04
2022-07-28 09:30:00,1087.0,1127.5,1046.75,1053.25,4502602.96
2022-07-29 09:30:00,1036.75,1051.75,986.25,995.75,4732772.8
2022-08-01 09:30:00,1013.0,1023.5,964.0,997.25,5015671.48
2022-08-02 09:30:00,1020.25,1030.25,966.5,1007.0,5759929.04
2022-08-03 09:30:00,990.0,991.0,916.5,926.5,4973152.12
2022-08-04 09:30:00,924.875,943.5,909.5,912.5,4754777.76
2022-08-05 09:30:00,956.75,963.25,917.25,934.5,5466935.72
2022-08-08 09:30:00,926.25,957.125,894.0,943.75,4858430.88
2022-08-09 09:30:00,961.375,991.0,958.75,975.5,4435955.52
2022-08-10 09:30:00,907.25,930.5,892.0,895.75,4358429.92
2022-08-11 09:30:00,875.5,916.5,858.5,908.5,4939205.56
2022-08-12 09:30:00,892.75,903.75,855.75,857.25,3620806.96
2022-08-15 09:30:00,864.875,865.5,832.5,836.25,3557062.08
2022-08-16 09:30:00,844.25,866.25,826.25,842.25,4357186.08
2022-08-17 09:30:00,867.0,887.75,849.0,872.0,5090933.04
2022-08-18 09:30:00,872.75,885.75,856.125,866.0,3609369.56
2022-08-19 09:30:00,890.75,923.0,885.5,916.5,4293621.84
2022-08-22 09:30:00,954.75,996.5,952.255,988.5,4219629.0
2022-08-23 09:30:00,992.25,999.5,964.5,992.0,4155738.64
2022-08-24 09:30:00,996.75,1002.5,965.75,983.5,3216119.4
2022-08-25 09:30:00,967.0,977.2375,932.0,932.5,3464412.92
2022-08-26 09:30:00,934.75,1047.75,924.0,1046.5,6655140.36
2022-08-29 09:30:00,1077.0,1089.75,1050.0,1078.0,5322840.28
2022-08-30 09:30:00,1060.375,1142.25,1054.0,1113.25,6238407.0
2022-08-31 09:30:00,1081.0,1135.4375,1071.25,1134.75,5426308.68
2022-09-01 09:30:00,1164.5,1207.0,1129.0,1133.0,6678801.0
2022-09-02 09:30:00,1100.125,1201.0,1084.5025,1180.75,7107097.64
2022-09-06 09:30:00,1177.0,1234.375,1165.25,1207.25,5886723.56
2022-09-07 09:30:00,1202.75,1205.25,1122.25,1135.5,4884603.12
2022-09-08 09:30:00,1159.5,1175.0,1102.5,1117.25,6072295.08
2022-09-09 09:30:00,1092.75,1092.75,1039.25,1046.0,5438178.88
2022-09-12 09:30:00,1030.25,1033.75,1004.25,1007.75,4783454.52
2022-09-13 09:30:00,1095.25,1182.75,1083.07,1174.0,7228956.28
2022-09-14 09:30:00,1159.75,1181.25,1134.75,1146.0,5823458.4
2022-09-15 09:30:00,1169.5,1222.5,1140.5,1203.5,6650340.24
2022-09-16 09:30:00,1246.75,1272.2475,1221.0,1228.0,7079368.4
2022-09-19 09:30:00,1260.25,1261.5,1195.75,1198.0,4849825.92
2022-09-20 09:30:00,1229.25,1255.7475,1198.0,1227.0,4766140.4
2022-09-21 09:30:00,1215.75,1294.75,1160.25,1294.5,7228240.12
2022-09-22 09:30:00,1315.75,1358.75,1301.0,1342.0,6076315.48
2022-09-23 09:30:00,1378.25,1457.75,1374.0,1406.5,6951228.48
2022-09-26 09:30:00,1415.75,1437.5,1346.5,1424.25,6526216.16
2022-09-27 09:30:00,1371.0,1461.0,1334.0,1423.25,6013166.96
2022-09-28 09:30:00,1424.25,1448.5,1319.25,1342.0,5414918.04
2022-09-29 09:30:00,1398.875,1500.5,1393.6,1453.75,6441620.24
2022-09-30 09:30:00,1470.625,1533.75,1404.0,1533.0,6364626.56
2022-10-03 09:30:00,1500.0,1527.25,1396.0,1424.25,5052242.0
2022-10-04 09:30:00,1338.25,1338.75,1279.0,1291.5,5518429.04
2022-10-05 09:30:00,1343.0,1380.75,1267.0025,1290.25,5536966.0
2022-10-06 09:30:00,1307.0,1328.75,1263.5,1324.25,5368285.56
2022-10-07 09:30:00,1392.375,1495.5,1390.25,1476.75,6214215.6
2022-10-10 09:30:00,1472.5,1565.75,1466.5,1523.25,5670233.08
2022-10-11 09:30:00,1549.875,1612.5,1499.75,1580.0,6293882.92
2022-10-12 09:30:00,1572.25,1598.5,1536.75,1583.75,5144323.56
2022-10-13 09:30:00,1722.0,1738.75,1449.75,1477.75,9026711.36
2022-10-14 09:30:00,1436.75,1618.375,1426.25,1609.5,6790659.12
2022-10-17 09:30:00,1494.75,1496.0,1432.5,1450.0,5615659.36
2022-10-18 09:30:00,1332.75,1458.25,1321.75,1414.75,6607288.32
2022-10-19 09:30:00,1438.75,1467.675,1380.25,1429.0,5785014.76
2022-10-20 09:30:00,1446.0,1471.75,1362.5,1454.75,5846476.0
2022-10-21 09:30:00,1471.5,1490.68,1343.0,1352.0,6654411.56
2022-10-24 09:30:00,1347.75,1402.0,1292.5,1306.0,5843899.92
2022-10-25 09:30:00,1293.5,1293.5,1221.0,1227.75,4835341.92
2022-10-26 09:30:00,1301.25,1314.0,1229.5,1308.0,6504743.08
2022-10-27 09:30:00,1324.875,1387.5,1303.75,1380.0,5478465.88
2022-10-28 09:30:00,1390.75,1392.25,1246.2525,1254.5,5894565.88
2022-10-31 09:30:00,1284.5,1323.375,1273.375,1297.5,4618725.64
2022-11-01 09:30:00,1248.375,1342.75,1240.0,1337.25,4752658.76
2022-11-02 09:30:00,1338.5,1476.5,1292.5,1476.0,7705636.36
2022-11-03 09:30:00,1521.25,1570.25,1496.5,1561.25,5577609.16
2022-11-04 09:30:00,1471.5,1589.25,1437.75,1488.75,6925811.72
2022-11-07 09:30:00,1471.0,1508.125,1430.5025,1441.5,3916027.4
2022-11-08 09:30:00,1415.5,1474.5,1355.25,1410.0,4982891.96
2022-11-09 09:30:00,1439.75,1513.5,1426.75,1509.25,4922033.6
2022-11-10 09:30:00,1290.625,1327.75,1170.0,1177.0,7252696.36
2022-11-11 09:30:00,1176.5,1193.4625,1100.5,1109.25,5596412.96
2022-11-14 09:30:00,1133.5,1150.0,1094.5,1138.0,5073992.8
2022-11-15 09:30:00,1057.0,1132.25,1044.75,1091.75,7460238.44
2022-11-16 09:30:00,1114.25,1146.125,1110.5,1136.25,5197946.48
2022-11-17 09:30:00,1191.75,1193.75,1127.29,1144.75,5314073.08
2022-11-18 09:30:00,1108.625,1175.75,1107.5,1145.75,4449126.92
2022-11-21 09:30:00,1163.75,1191.75,1148.75,1181.0,3922451.4
2022-11-22 09:30:00,1172.75,1200.0,1129.0,1133.0,3201348.64
2022-11-23 09:30:00,1131.75,1134.25,1090.5,1098.5,3996691.88
2022-11-25 09:30:00,1117.25,1126.25,1109.25,1120.75,1491807.28
2022-11-28 09:30:00,1145.25,1181.5,1120.5,1170.75,3406862.2
2022-11-29 09:30:00,1168.0,1215.125,1163.0,1198.0,3754161.44
2022-11-30 09:30:00,1194.75,1205.75,1032.9975,1034.5,6031997.8
2022-12-01 09:30:00,1031.5,1061.0,1011.75,1031.25,3732662.48
2022-12-02 09:30:00,1085.75,1088.2,1034.25,1044.75,4835982.76
2022-12-05 09:30:00,1067.25,1113.0,1053.5,1096.25,3837854.24
2022-12-06 09:30:00,1099.5,1182.2275,1097.5,1164.5,4323327.44
2022-12-07 09:30:00,1181.75,1202.25,1155.0,1181.0,5289167.16
2022-12-08 09:30:00,1164.25,1191.2475,1127.5,1140.0,4458776.96
2022-12-09 09:30:00,1153.0,1168.25,1119.0,1162.25,4945192.84
2022-12-12 09:30:00,1160.25,1173.715,1118.25,1119.25,3560494.32
2022-12-13 09:30:00,989.0,1116.0,987.0,1083.5,7182211.28
2022-12-14 09:30:00,1090.0,1145.25,1052.5,1110.75,6285133.92
2022-12-15 09:30:00,1157.875,1235.0,1149.5,1219.5,5325875.44
2022-12-16 09:30:00,1230.25,1278.0,1209.5,1256.0,4727297.72
2022-12-19 09:30:00,1254.0,1327.25,1252.125,1307.75,4041029.28
2022-12-20 09:30:00,1328.0,1351.125,1287.5,1313.25,3907415.68
2022-12-21 09:30:00,1298.25,1311.25,1237.5,1257.5,3752870.2
2022-12-22 09:30:00,1298.0,1406.375,1295.75,1343.75,4599325.96
2022-12-23 09:30:00,1368.5,1397.0,1328.5,1337.5,4367987.88
2022-12-27 09:30:00,1348.625,1404.235,1346.5,1395.25,3660577.6
2022-12-28 09:30:00,1403.625,1457.25,1366.25,1451.75,4204550.32
2022-12-29 09:30:00,1406.0,1418.4275,1331.75,1346.5,3311864.44
2022-12-30 09:30:00,1391.5,1411.5,1349.0,1350.25,3435281.0
2023-01-03 09:30:00,1314.75,1414.14,1292.0175,1378.75,3427469.84
2023-01-04 09:30:00,1346.0,1409.75,1332.75,1360.25,4712433.36
2023-01-05 09:30:00,1387.25,1429.75,1384.5,1423.25,4053193.64
2023-01-06 09:30:00,1398.0,1446.0,1288.25,1310.0,5119522.32
2023-01-09 09:30:00,1278.5,1291.75,1213.25,1282.0,4145676.56
2023-01-10 09:30:00,1298.25,1305.5,1249.25,1250.75,3882072.96
2023-01-11 09:30:00,1236.0,1247.0,1185.0,1186.5,3468503.72
2023-01-12 09:30:00,1181.75,1237.2475,1155.625,1168.5,6435923.36
2023-01-13 09:30:00,1201.25,1205.875,1142.25,1145.25,3974483.64
2023-01-17 09:30:00,1149.0,1163.0,1123.0,1140.5,3384778.64
2023-01-18 09:30:00,1120.0,1186.4375,1101.25,1183.5,4911465.2
2023-01-19 09:30:00,1206.5,1236.25,1191.75,1220.5,4484905.56
2023-01-20 09:30:00,1199.0,1213.2475,1116.75,1119.75,4341697.56
2023-01-23 09:30:00,1111.0,1119.75,1031.5025,1046.0,4821446.04
2023-01-24 09:30:00,1065.0,1070.5,1040.25,1053.25,3832609.92
2023-01-25 09:30:00,1104.0,1132.25,1053.75,1060.5,5441507.6
2023-01-26 09:30:00,1022.75,1053.125,998.0,999.75,4899539.4
2023-01-27 09:30:00,1014.25,1015.25,950.0,971.25,5048093.96
2023-01-30 09:30:00,1003.875,1033.0,989.25,1030.0,4807063.08
2023-01-31 09:30:00,1029.25,1030.75,982.5,984.0,3964235.92
2023-02-01 09:30:00,986.25,1007.0,895.7525,921.0,7747833.44
2023-02-02 09:30:00,861.25,868.7,805.0,825.25,8653667.12
2023-02-03 09:30:00,876.75,880.0,818.0,866.75,8500318.32
2023-02-06 09:30:00,890.125,901.0,869.75,889.5,5101210.92
2023-02-07 09:30:00,891.0,901.0,824.5,834.5,7799437.92
2023-02-08 09:30:00,845.75,885.0,837.7525,879.0,5787378.48
2023-02-09 09:30:00,841.625,916.75,840.0,903.25,6190861.48
2023-02-10 09:30:00,924.25,944.0,905.25,921.75,6376936.32
2023-02-13 09:30:00,909.0,920.48,872.5,877.5,4350812.76
2023-02-14 09:30:00,892.75,909.75,850.5,859.0,8257437.08
2023-02-15 09:30:00,875.375,880.9975,838.5,839.5,4893004.04
2023-02-16 09:30:00,879.625,889.5,846.25,887.5,6364145.36
2023-02-17 09:30:00,908.25,934.5,900.65,907.25,6006872.16
2023-02-21 09:30:00,943.0,973.75,930.0,971.75,5021058.44
2023-02-22 09:30:00,966.75,987.5,949.75,971.0,5649233.68
2023-02-23 09:30:00,935.0,988.75,933.25,946.25,5422029.96
2023-02-24 09:30:00,995.75,1011.75,983.875,994.75,6220072.72
2023-02-27 09:30:00,961.5,979.5,947.3,973.25,4452322.16
2023-02-28 09:30:00,980.5,983.75,952.5,978.25,4363411.48
2023-03-01 09:30:00,981.25,1012.0,974.5,1001.75,5418445.12
2023-03-02 09:30:00,1029.5,1032.375,969.5,978.25,5065732.8
2023-03-03 09:30:00,960.75,966.0,915.5,918.25,4408481.24
2023-03-06 09:30:00,906.75,917.0,878.75,915.0,4675790.04
2023-03-07 09:30:00,915.25,955.0,906.5,949.0,6331553.88
2023-03-08 09:30:00,945.5,963.5,929.5,935.25,5304513.8
2023-03-09 09:30:00,931.5,993.125,907.0,986.25,6516729.6
2023-03-10 09:30:00,984.25,1038.5,968.75,1027.0,10842383.16
2023-03-13 09:30:00,1047.5,1064.25,964.9725,1004.75,10088412.68
2023-03-14 09:30:00,968.125,977.0,930.5,936.5,7020858.64
2023-03-15 09:30:00,961.75,975.75,919.0,923.25,8710530.32
2023-03-16 09:30:00,933.0,939.25,847.0,850.5,6992109.24
2023-03-17 09:30:00,851.25,879.5,831.0,862.25,6605269.2
2023-03-20 09:30:00,868.75,887.75,851.5,854.25,4655899.32
2023-03-21 09:30:00,838.0,851.0,814.1,818.5,4210550.32
2023-03-22 09:30:00,813.875,847.5,774.5,846.5,7187404.28
2023-03-23 09:30:00,815.625,840.0,780.615,817.25,7594721.28
2023-03-24 09:30:00,821.25,839.75,807.75,808.5,5947445.04
2023-03-27 09:30:00,803.25,832.25,794.8,825.25,4385225.12
2023-03-28 09:30:00,830.375,858.0,830.375,838.75,4401255.4
2023-03-29 09:30:00,808.5,815.5,788.5,794.0,4805214.6
2023-03-30 09:30:00,775.5,785.25,767.0,772.0,4613667.48
2023-03-31 09:30:00,770.625,772.75,732.25,734.0,5593011.04
2023-04-03 09:30:00,748.75,758.175,737.5,739.0,4441924.6
2023-04-04 09:30:00,736.75,756.0,729.5,746.75,4498219.4
2023-04-05 09:30:00,755.5,783.75,754.125,771.0,4743816.92
2023-04-06 09:30:00,783.5,793.75,752.0,755.25,4624153.6
2023-04-10 09:30:00,777.25,790.0,756.7525,757.25,3517567.08
2023-04-11 09:30:00,757.75,775.75,757.29,772.0,3527626.84
2023-04-12 09:30:00,758.0,796.5,753.5,792.25,5824551.44
2023-04-13 09:30:00,780.5,781.7925,743.75,747.5,4942577.28
2023-04-14 09:30:00,758.75,772.7475,739.5,751.75,5664139.52
2023-04-17 09:30:00,755.25,769.75,747.75,750.75,3868197.88
2023-04-18 09:30:00,735.5,759.23,732.5,750.5,3657645.16
2023-04-19 09:30:00,768.25,769.0,744.25,751.75,4077170.04
2023-04-20 09:30:00,774.25,779.5,749.0,770.25,5667279.8
2023-04-21 09:30:00,773.5,786.625,762.5,768.25,4649811.76
2023-04-24 09:30:00,770.25,789.5,760.25,773.25,4355652.92
2023-04-25 09:30:00,785.75,818.25,781.0,817.25,5243488.28
2023-04-26 09:30:00,790.5,807.25,778.75,803.75,5260797.72
2023-04-27 09:30:00,774.5,779.75,734.5,739.0,5679258.96
2023-04-28 09:30:00,740.5,748.5,723.0,724.0,5532519.52
2023-05-01 09:30:00,727.0,733.75,717.0,726.25,3607908.32
2023-05-02 09:30:00,727.25,757.5,725.0,745.25,5502347.2
2023-05-03 09:30:00,743.5,761.25,724.5,760.5,6105410.56
2023-05-04 09:30:00,763.25,777.25,754.75,769.5,5574885.92
2023-05-05 09:30:00,753.5,756.25,715.0,721.0,4472919.68
2023-05-08 09:30:00,724.75,732.0,713.75,716.0,3052218.96
2023-05-09 09:30:00,727.75,732.25,721.75,730.0,2848116.12
2023-05-10 09:30:00,713.5,730.5,700.5,706.75,5554702.36
2023-05-11 09:30:00,704.0,714.25,697.0,701.0,4395466.16
2023-05-12 09:30:00,697.75,722.125,695.0,708.5,4059446.0
2023-05-15 09:30:00,705.75,716.0,696.0,697.5,3469858.36
2023-05-16 09:30:00,702.75,702.75,684.25,695.25,3988939.72
2023-05-17 09:30:00,689.0,696.5,666.5,670.25,4496977.56
2023-05-18 09:30:00,668.75,669.0,632.75,634.5,5854317.56
2023-05-19 09:30:00,633.25,644.75,629.0,639.0,4632766.36
2023-05-22 09:30:00,640.25,640.5,626.615,632.5,3196426.72
2023-05-23 09:30:00,642.5,659.0,636.25,656.75,4457554.52
2023-05-24 09:30:00,668.75,679.75,659.75,666.75,5237634.32
2023-05-25 09:30:00,623.0,638.25,612.0,620.0,5959151.12
2023-05-26 09:30:00,614.5,615.0,568.0,572.75,6572941.48
2023-05-30 09:30:00,551.25,572.0,545.5,564.75,5525311.4
2023-05-31 09:30:00,573.0,582.0,563.0,576.5,5157367.64
2023-06-01 09:30:00,576.75,582.25,548.75,555.5,4707998.44
2023-06-02 09:30:00,547.25,555.875,537.75,543.5,4745506.04
2023-06-05 09:30:00,544.25,547.25,530.5,542.5,4960560.88
2023-06-06 09:30:00,545.5,552.0,538.5,543.0,3736130.48
2023-06-07 09:30:00,542.0,574.0,532.7775,571.0,5633896.48
2023-06-08 09:30:00,570.25,571.5,548.0,551.25,4272078.72
2023-06-09 09:30:00,544.0,551.5,529.75,544.625,4737573.08
2023-06-12 09:30:00,537.0,541.5,516.5,517.25,4201162.52
2023-06-13 09:30:00,505.25,519.375,501.75,505.5,5653355.44
2023-06-14 09:30:00,505.5,517.5,493.5,494.5,6593188.0
2023-06-15 09:30:00,500.75,503.25,471.5025,478.25,6684257.32
2023-06-16 09:30:00,468.75,489.0,468.25,487.25,5104901.2
2023-06-20 09:30:00,493.375,501.5,483.75,489.25,4453450.68
2023-06-21 09:30:00,487.75,506.5,486.0,502.25,5002347.32
2023-06-22 09:30:00,508.75,510.5,485.25,485.5,4757785.04
2023-06-23 09:30:00,502.0,507.375,491.0025,500.5,5032569.12
2023-06-26 09:30:00,502.75,521.0,491.25,520.25,4387885.2
2023-06-27 09:30:00,514.25,517.5,491.0,494.5,4737734.68
2023-06-28 09:30:00,501.75,502.25,483.5,491.25,5290087.0
2023-06-29 09:30:00,493.25,502.0,490.5,495.0,4559068.88
2023-06-30 09:30:00,480.25,481.75,468.25,472.75,4832579.92
2023-07-03 09:30:00,470.5,474.7475,467.25,469.75,1696276.32
2023-07-05 09:30:00,476.0,476.0,463.25,469.75,3506029.76
2023-07-06 09:30:00,484.75,492.5,479.5,481.0,4195366.2
2023-07-07 09:30:00,482.5,487.25,469.75,486.25,3901895.68
2023-07-10 09:30:00,487.75,498.0,483.25,485.75,3850955.6
2023-07-11 09:30:00,484.5,493.25,477.25,479.0,3546825.08
2023-07-12 09:30:00,463.0,471.0,455.75,461.0,5316744.8
2023-07-13 09:30:00,449.75,452.0,435.25,438.5,4635896.8
2023-07-14 09:30:00,437.0,442.0,425.75,438.75,4834097.88
2023-07-17 09:30:00,436.625,438.25,423.75,427.0,3431656.72
2023-07-18 09:30:00,429.25,435.75,411.75,416.5,4759358.24
2023-07-19 09:30:00,413.25,421.5,409.5,416.5,4794843.8
2023-07-20 09:30:00,427.5,449.89,422.5,446.25,5896830.6
2023-07-21 09:30:00,438.0,452.25,435.25,450.75,5313511.52
2023-07-24 09:30:00,447.5,455.75,443.75,448.5,3344629.4
2023-07-25 09:30:00,446.25,446.5,433.75,439.5,3348665.88
2023-07-26 09:30:00,443.75,452.5,438.25,444.0,4885539.04
2023-07-27 09:30:00,425.25,453.0,419.5,448.25,6634615.88
2023-07-28 09:30:00,433.75,435.5,420.25,424.0,6250140.8
2023-07-31 09:30:00,423.125,428.0,419.5,422.75,3447783.68
2023-08-01 09:30:00,428.25,433.75,424.0,426.5,4323445.88
2023-08-02 09:30:00,438.75,459.25,438.5,454.5,7029851.36
2023-08-03 09:30:00,464.5,465.0,449.75,458.0,5650554.96
2023-08-04 09:30:00,450.75,466.25,442.25,464.25,6433045.16
2023-08-07 09:30:00,458.0,466.75,452.5,452.75,4325984.6
2023-08-08 09:30:00,462.5,476.25,462.5,464.75,4794005.12
2023-08-09 09:30:00,463.75,483.25,463.25,480.0,5700881.92
2023-08-10 09:30:00,468.75,484.2525,455.25,478.25,7100172.16
2023-08-11 09:30:00,488.875,493.75,481.0,487.75,5373133.04
2023-08-14 09:30:00,491.25,494.25,471.125,471.5,5337292.64
2023-08-15 09:30:00,475.75,489.5,472.5,486.5,4671800.96
2023-08-16 09:30:00,489.25,503.0,483.0,502.5,5471765.6
2023-08-17 09:30:00,497.25,521.5,496.0,519.5,5853648.96
2023-08-18 09:30:00,534.5,537.0,516.25,522.0,6577236.64
2023-08-21 09:30:00,515.75,518.0,494.0,496.75,5363765.92
2023-08-22 09:30:00,486.75,502.25,486.25,499.5,4791214.2
2023-08-23 09:30:00,494.75,495.7475,471.5,475.75,5294913.88
2023-08-24 09:30:00,463.0,508.0,462.5,507.75,6098645.52
2023-08-25 09:30:00,503.875,518.75,488.3075,495.5,8560912.16
2023-08-28 09:30:00,483.75,494.98,480.75,484.5,4426143.92
2023-08-29 09:30:00,485.75,487.0,451.75,453.5,5470615.92
2023-08-30 09:30:00,452.875,456.75,443.7375,445.75,4774430.76
2023-08-31 09:30:00,446.5,446.5,436.25,442.75,4150986.56
2023-09-01 09:30:00,434.25,449.75,432.75,444.25,4537971.48
2023-09-05 09:30:00,447.5,450.75,438.5,443.0,3550895.36
2023-09-06 09:30:00,445.75,462.0,444.75,454.5,4842497.56
2023-09-07 09:30:00,471.875,475.875,462.5,465.25,4738669.76
2023-09-08 09:30:00,465.75,467.4,455.0,463.5,3970755.08
2023-09-11 09:30:00,452.25,459.75,445.5,447.25,3849316.24
2023-09-12 09:30:00,453.5,463.75,448.75,462.25,3827666.36
2023-09-13 09:30:00,462.0,466.25,451.25,457.5,4831099.56
2023-09-14 09:30:00,451.75,459.25,443.25,447.0,4881308.08
2023-09-15 09:30:00,452.0,473.5,450.5025,470.5,4945299.8
2023-09-18 09:30:00,474.0,475.14,464.5,468.75,3554687.36
2023-09-19 09:30:00,474.25,484.0,469.25,472.25,4287929.92
2023-09-20 09:30:00,460.5,484.5,458.75,484.0,4712954.68
2023-09-21 09:30:00,500.0,512.5,496.75,512.0,5696682.92
2023-09-22 09:30:00,504.5,513.25,495.25,511.75,5355427.48
2023-09-25 09:30:00,516.25,520.6375,504.2525,504.5,4596396.44
2023-09-26 09:30:00,516.0,532.0,513.75,527.5,4773459.0
2023-09-27 09:30:00,523.0,540.75,515.5,523.75,6124234.4
2023-09-28 09:30:00,529.0,533.0,502.25,512.0,5660975.08
2023-09-29 09:30:00,497.25,516.75,491.0,511.0,6512005.76
2023-10-02 09:30:00,510.25,512.9975,492.5,498.75,5088155.2
2023-10-03 09:30:00,509.25,532.0,500.0,525.25,5473292.76
2023-10-04 09:30:00,521.5,523.75,500.0,504.25,5957662.52
2023-10-05 09:30:00,504.75,524.0,503.0,509.25,4812178.4
2023-10-06 09:30:00,522.5,526.125,479.0,484.0,7245881.52
2023-10-09 09:30:00,493.375,499.5,474.25,476.5,4558558.68
2023-10-10 09:30:00,475.5,477.5,458.25,469.0,4635411.08
2023-10-11 09:30:00,464.0,470.75,458.25,459.25,4737760.76
2023-10-12 09:30:00,457.625,473.5,451.0,464.75,5959599.84
2023-10-13 09:30:00,462.25,487.75,460.25,482.5,6356305.44
2023-10-16 09:30:00,477.0,477.885,462.0,466.0,4412612.2
2023-10-17 09:30:00,480.125,488.25,464.5,470.75,5526199.12
2023-10-18 09:30:00,481.0,495.0,472.25,490.25,5799805.92
2023-10-19 09:30:00,484.75,507.575,479.75,504.0,7961992.64
2023-10-20 09:30:00,506.75,528.0,504.25,527.0,6484863.84
2023-10-23 09:30:00,533.5,542.975,506.5,522.5,6426011.52
2023-10-24 09:30:00,514.75,522.5,504.25,507.75,5183556.64
2023-10-25 09:30:00,518.25,547.75,517.5,545.0,5990064.88
2023-10-26 09:30:00,551.5,583.5,547.25,577.25,7594774.8
2023-10-27 09:30:00,563.75,575.5,551.5,568.75,7367244.72
2023-10-30 09:30:00,557.0,564.0,543.79,550.75,5633797.6
2023-10-31 09:30:00,550.5,563.0,541.0,542.5,4687571.72
2023-11-01 09:30:00,539.0,539.5,512.0,514.25,6128848.56
2023-11-02 09:30:00,495.75,500.945,486.5,487.5,5158205.56
2023-11-03 09:30:00,482.75,483.5,465.25,470.5,5714534.68
2023-11-06 09:30:00,467.75,474.0,462.78,465.25,4081126.6
2023-11-07 09:30:00,461.375,466.0,448.75,452.5,5111617.0
2023-11-08 09:30:00,451.0,460.0,448.5,451.5,4712662.32
2023-11-09 09:30:00,449.7475,464.5,445.25,462.75,6771761.24
2023-11-10 09:30:00,456.25,458.5,431.0025,432.0,6318262.68
2023-11-13 09:30:00,437.25,442.75,432.25,436.0,4228351.76
2023-11-14 09:30:00,413.75,415.5,404.75,408.5,6150409.24
2023-11-15 09:30:00,402.0,411.75,400.5,407.5,5873026.04
2023-11-16 09:30:00,410.5,414.75,406.25,406.875,5122410.56
2023-11-17 09:30:00,409.5,412.5,403.5,407.0,4445058.2
2023-11-20 09:30:00,407.25,407.25,390.0,392.5,4577688.32
2023-11-21 09:30:00,397.75,405.0,397.25,399.75,4377610.56
2023-11-22 09:30:00,393.75,398.4925,385.75,395.25,4585439.88
2023-11-24 09:30:00,396.75,400.25,395.0,397.5,1988337.36
2023-11-27 09:30:00,399.0,401.25,392.25,398.25,3652748.44
2023-11-28 09:30:00,401.0,402.25,393.75,395.5,4301562.04
2023-11-29 09:30:00,388.25,398.0,383.75,397.25,4604456.24
2023-11-30 09:30:00,396.75,409.75,395.25,400.5,5414794.2
2023-12-01 09:30:00,404.25,409.5,395.5,397.375,4946897.4
2023-12-04 09:30:00,409.25,420.0,407.75,408.75,5010672.16
2023-12-05 09:30:00,415.125,415.75,402.0,405.75,4548005.56
2023-12-06 09:30:00,396.75,414.25,396.25,413.0,4329593.84
2023-12-07 09:30:00,404.25,407.75,393.75,396.25,4478653.0
2023-12-08 09:30:00,401.75,402.5,390.0,391.5,5131382.32
2023-12-11 09:30:00,392.75,393.5,380.5,381.5,3959119.84
2023-12-12 09:30:00,381.5,385.0,372.25,372.5,3964462.76
2023-12-13 09:30:00,370.25,372.25,356.75,358.5,5832946.56
2023-12-14 09:30:00,355.75,368.25,352.25,360.25,5253670.2
2023-12-15 09:30:00,358.25,359.75,351.75,356.25,4657500.6
2023-12-18 09:30:00,354.0,355.0,346.0,348.25,3882942.92
2023-12-19 09:30:00,347.5,348.0,343.0,343.5,3307453.12
2023-12-20 09:30:00,338.75,351.75,333.25,351.5,5255114.92
2023-12-21 09:30:00,341.75,348.5,338.75,340.0,4735513.04
2023-12-22 09:30:00,337.0,343.25,334.5,338.25,3522511.24
2023-12-26 09:30:00,336.5,336.75,330.75,332.25,2327420.92
2023-12-27 09:30:00,332.0,334.0,329.75,330.5,3599102.16
2023-12-28 09:30:00,328.25,332.75,327.75,331.75,2501871.44
2023-12-29 09:30:00,332.25,341.0,331.25,336.25,4782886.68
2024-01-02 09:30:00,345.25,359.5,344.765,353.5,5075127.68
2024-01-03 09:30:00,360.75,366.2475,358.0,364.75,5269899.96
2024-01-04 09:30:00,370.875,371.75,362.0,371.0,4509449.04
2024-01-05 09:30:00,371.0,374.0,362.25,370.0,5839923.68
2024-01-08 09:30:00,366.75,367.25,346.5,347.25,4619582.2
2024-01-09 09:30:00,355.25,355.9975,343.0,345.5,4429985.12
2024-01-10 09:30:00,344.75,347.2475,336.0,338.5,3905649.28
2024-01-11 09:30:00,336.25,350.0,332.5,337.25,6202275.72
2024-01-12 09:30:00,334.75,340.5,332.75,336.75,4530918.72
2024-01-16 09:30:00,340.0,343.75,333.25,337.25,5353349.44
2024-01-17 09:30:00,345.625,353.75,342.0,343.0,5654356.6
2024-01-18 09:30:00,335.5,338.75,327.5,328.75,6503188.12
2024-01-19 09:30:00,323.875,325.25,309.25,309.5,6489114.28
2024-01-22 09:30:00,305.0,310.0,302.0,308.5,4553524.68
2024-01-23 09:30:00,307.25,311.25,304.5,304.75,3717962.52
2024-01-24 09:30:00,296.375,301.0,291.25,299.75,6939510.76
2024-01-25 09:30:00,295.0,304.5,293.5,299.25,5785252.36
2024-01-26 09:30:00,303.5,306.25,299.75,304.75,4522418.56
2024-01-29 09:30:00,304.0,305.5,295.25,295.75,3664364.8
2024-01-30 09:30:00,298.0,303.75,296.7875,301.75,3813832.16
2024-01-31 09:30:00,311.5,320.0,307.0,319.5,7089062.52
2024-02-01 09:30:00,316.0,318.25,307.75,308.5,6455041.32
2024-02-02 09:30:00,305.0,307.0,290.75,293.0,7590610.36
2024-02-05 09:30:00,293.5,301.75,292.25,294.5,6225875.52
2024-02-06 09:30:00,292.5,301.5,291.25,296.5,4929657.0
2024-02-07 09:30:00,290.875,293.75,285.75,287.75,4975468.68
2024-02-08 09:30:00,287.75,289.25,284.75,286.25,3199786.04
2024-02-09 09:30:00,284.25,286.0,276.5,278.0,4144338.52
2024-02-12 09:30:00,278.5,283.0,274.25,281.5,4120708.16
2024-02-13 09:30:00,297.25,301.25,289.5,295.0,6691258.0
2024-02-14 09:30:00,289.25,294.25,284.5,285.25,4850199.48
2024-02-15 09:30:00,284.5,289.7475,282.5,283.25,3951288.72
2024-02-16 09:30:00,282.75,292.75,282.5,291.25,5586218.2
2024-02-20 09:30:00,295.625,305.75,292.5,298.0,5896381.4
2024-02-21 09:30:00,303.875,310.0,301.5,301.75,5787261.52
2024-02-22 09:30:00,283.25,285.0,273.5,275.5,6436968.2
2024-02-23 09:30:00,272.75,280.0,271.0,278.0,4837343.0
2024-02-26 09:30:00,276.75,279.25,274.75,278.75,3702577.44
2024-02-27 09:30:00,277.0,281.875,276.25,276.75,4140566.6
2024-02-28 09:30:00,281.0,283.5,278.75,281.25,4012484.64
2024-02-29 09:30:00,276.25,282.5,272.5,274.75,5096738.72
2024-03-01 09:30:00,273.25,273.25,260.75,262.25,6761762.8
2024-03-04 09:30:00,262.5,266.0,261.75,265.5,4068873.24
2024-03-05 09:30:00,271.125,284.25,271.125,279.75,6359154.36
2024-03-06 09:30:00,272.0,278.5,268.5,274.5,7672280.6
2024-03-07 09:30:00,268.5,271.25,260.25,262.75,6590815.52
2024-03-08 09:30:00,262.25,275.375,257.0,274.0,9022692.12
2024-03-11 09:30:00,277.0,281.0,275.0,277.25,5447057.64
2024-03-12 09:30:00,273.0,279.25,264.75,265.25,6324837.8
2024-03-13 09:30:00,267.5,273.75,267.2525,272.0,4726210.48
2024-03-14 09:30:00,269.75,279.5,268.75,274.0,7494611.36
2024-03-15 09:30:00,280.0,286.5,278.75,284.0,6267592.16
2024-03-18 09:30:00,273.75,276.75,269.25,276.25,5718435.36
2024-03-19 09:30:00,280.25,284.25,273.5,274.25,5878153.84
2024-03-20 09:30:00,268.25,271.25,260.0,260.75,6683928.12
2024-03-21 09:30:00,252.25,257.75,251.25,257.5,5581220.0
2024-03-22 09:30:00,258.5,260.0,254.75,257.0,4094559.2
2024-03-25 09:30:00,261.75,263.5,257.0,259.75,3383137.64
2024-03-26 09:30:00,257.125,262.75,255.5,262.0,3532453.56
2024-03-27 09:30:00,257.5,265.5,257.0,260.0,4122497.96
2024-03-28 09:30:00,260.25,262.5,259.0,262.0,3004409.72
2024-04-01 09:30:00,260.375,263.75,255.75,260.25,4319457.96
2024-04-02 09:30:00,269.125,272.5,266.5,267.0,4541310.68
2024-04-03 09:30:00,271.25,271.25,262.0,265.5,4511304.8
2024-04-04 09:30:00,258.125,278.5,257.0,278.0,6195006.48
2024-04-05 09:30:00,275.5,277.25,263.25,268.5,7645468.64
2024-04-08 09:30:00,266.75,271.0,264.75,268.5,3626502.72
2024-04-09 09:30:00,264.25,274.25,263.5,265.25,5230204.88
2024-04-10 09:30:00,275.25,276.25,271.0,272.5,7154021.0
2024-04-11 09:30:00,269.5,273.75,258.25,260.0,6407182.08
2024-04-12 09:30:00,267.5,275.0,265.5,272.25,7043114.88
2024-04-15 09:30:00,265.5,287.75,265.25,286.0,8041673.56
2024-04-16 09:30:00,286.75,289.0,280.7575,286.0,7289840.2
2024-04-17 09:30:00,282.25,298.75,282.25,296.5,6754463.72
2024-04-18 09:30:00,296.0,303.5,292.25,301.75,6906234.56
2024-04-19 09:30:00,305.0,324.75,304.0,321.0,8796475.4
2024-04-22 09:30:00,315.25,323.25,306.25,311.75,6286746.96
2024-04-23 09:30:00,307.5,308.4975,295.25,297.75,5566381.0
2024-04-24 09:30:00,291.75,300.0,288.25,295.25,5929001.2
2024-04-25 09:30:00,310.75,313.0,298.0,300.0,6699312.52
2024-04-26 09:30:00,293.25,294.75,282.75,285.75,5491561.88
2024-04-29 09:30:00,282.0,288.25,280.75,282.75,3907341.76
2024-04-30 09:30:00,286.25,299.0,283.25,298.75,5173264.64
2024-05-01 09:30:00,302.0,307.5,287.25,305.5,8435263.88
2024-05-02 09:30:00,297.75,308.0,292.25,294.5,5650068.68
2024-05-03 09:30:00,278.875,282.25,274.75,277.0,6184152.36
2024-05-06 09:30:00,273.5,275.0,267.5,267.5,3788385.72
2024-05-07 09:30:00,267.25,269.25,264.75,268.0,4122371.88
2024-05-08 09:30:00,272.75,273.0,265.75,268.5,4028448.8
2024-05-09 09:30:00,268.375,271.75,266.0,267.0,3888185.12
2024-05-10 09:30:00,264.5,268.25,261.25,265.25,3994583.12
2024-05-13 09:30:00,262.0,266.25,261.75,263.75,2760443.72
2024-05-14 09:30:00,264.5,265.0,257.75,258.5,5089214.72
2024-05-15 09:30:00,254.5,257.25,246.25,246.75,6223648.68
2024-05-16 09:30:00,247.5,249.0,244.25,248.5,4111463.48
2024-05-17 09:30:00,248.75,253.0,247.5,249.25,3520760.36
2024-05-20 09:30:00,249.0,249.25,243.0,244.0,3815759.56
2024-05-21 09:30:00,247.25,247.75,242.5,242.75,2383349.84
2024-05-22 09:30:00,242.5,247.25,241.25,243.25,3533857.48
2024-05-23 09:30:00,236.0,249.75,235.75,247.0,6326831.52
2024-05-24 09:30:00,244.5,245.75,238.0,240.0,4488847.12
2024-05-28 09:30:00,238.25,242.25,237.25,237.25,3868599.2
2024-05-29 09:30:00,244.125,244.25,239.75,242.25,4166121.68
2024-05-30 09:30:00,244.0,252.7475,244.0,250.5,4559496.88
2024-05-31 09:30:00,250.5,265.25,249.25,250.5,6475402.12
2024-06-03 09:30:00,246.0,257.25,244.5,248.25,5362144.04
2024-06-04 09:30:00,249.0,252.0,244.5,246.5,5024585.0
2024-06-05 09:30:00,240.75,242.625,231.5,231.5,6097070.92
2024-06-06 09:30:00,231.0,234.0,230.25,232.25,3899339.68
2024-06-07 09:30:00,233.0,234.75,229.0,233.0,4813924.44
2024-06-10 09:30:00,235.0,235.5,229.75,230.5,3759869.16
2024-06-11 09:30:00,232.5,234.75,225.5,225.75,3991822.56
2024-06-12 09:30:00,220.125,221.25,213.5,217.0,7361123.8
2024-06-13 09:30:00,212.25,216.75,211.25,213.5,4718973.28
2024-06-14 09:30:00,214.25,215.0,210.5,210.75,4498790.24
2024-06-17 09:30:00,210.5,212.25,200.5,203.25,5655242.56
2024-06-18 09:30:00,203.25,205.25,202.25,203.0,3353419.04
2024-06-20 09:30:00,201.625,210.25,201.0,208.0,6679221.08
2024-06-21 09:30:00,208.5,211.75,206.75,210.0,5071120.2
2024-06-24 09:30:00,211.625,217.25,209.25,217.25,5401481.56
2024-06-25 09:30:00,214.5,215.7475,209.25,209.75,4661017.0
2024-06-26 09:30:00,207.0,207.5,204.0,204.5,4388627.4
2024-06-27 09:30:00,205.0,206.25,201.25,203.25,4518920.84
2024-06-28 09:30:00,202.5,207.5,196.5,207.0,6229377.56
2024-07-01 09:30:00,205.625,210.5,202.25,203.0,5603051.96
2024-07-02 09:30:00,205.25,205.25,196.75,197.0,4583766.24
2024-07-03 09:30:00,198.0,198.0,192.0,192.25,3112272.76
2024-07-05 09:30:00,191.5,192.0,186.0,186.25,4724408.76
2024-07-08 09:30:00,186.0,187.25,184.5,185.0,3199374.32
2024-07-09 09:30:00,183.75,186.75,182.25,184.75,3883799.28
2024-07-10 09:30:00,183.0,184.25,178.5,179.25,4338137.96
2024-07-11 09:30:00,179.125,192.5,178.75,190.75,7329391.08
2024-07-12 09:30:00,190.75,191.25,182.25,187.75,5974889.92
2024-07-15 09:30:00,186.125,189.0,181.0,186.5,6205448.64
2024-07-16 09:30:00,185.0,190.0,184.0,186.5,5207884.4
2024-07-17 09:30:00,195.75,203.0,195.0,202.75,7021174.88
2024-07-18 09:30:00,198.5,210.0,198.0,205.75,8367454.04
2024-07-19 09:30:00,206.75,213.5,203.25,211.5,7530859.64
2024-07-22 09:30:00,204.0,208.5,201.0,202.25,7346144.0
2024-07-23 09:30:00,203.5,205.25,199.75,204.5,5137611.04
2024-07-24 09:30:00,213.5,227.875,213.0,226.5,8158010.16
2024-07-25 09:30:00,226.25,238.25,220.0,234.25,9951095.32
2024-07-26 09:30:00,228.0,232.5,223.0,227.5,7059577.08
2024-07-29 09:30:00,223.5,229.75,220.25,226.25,6081310.52
2024-07-30 09:30:00,223.5,240.75,222.5,235.75,8119167.68
2024-07-31 09:30:00,220.0,222.2475,212.25,214.75,9773997.56
2024-08-01 09:30:00,214.0,235.75,208.75,230.5,11691857.52
2024-08-02 09:30:00,244.25,254.0,240.25,247.25,11471683.16
2024-08-05 09:30:00,287.5,289.75,258.25,269.75,15314834.84
2024-08-06 09:30:00,266.5,271.5,248.25,262.25,10877349.96
2024-08-07 09:30:00,249.75,271.5,245.5,270.75,10324378.6
2024-08-08 09:30:00,259.25,266.75,244.5,246.0,8952150.96
2024-08-09 09:30:00,248.75,250.75,240.0,242.5,6623966.84
2024-08-12 09:30:00,241.25,245.75,225.0,241.25,5128696.32
2024-08-13 09:30:00,234.125,234.5,223.0,223.5,6375460.68
2024-08-14 09:30:00,222.125,229.625,219.75,223.25,6356971.6
2024-08-15 09:30:00,214.75,215.25,206.0,206.5,6445938.08
2024-08-16 09:30:00,209.0,210.5,204.25,205.75,4833427.72
2024-08-19 09:30:00,206.0,208.5,198.0,198.25,5167436.52
2024-08-20 09:30:00,199.25,201.5,196.0,199.75,5628866.68
2024-08-21 09:30:00,198.5,200.75,194.25,196.5,5185074.84
2024-08-22 09:30:00,194.0,207.5,193.25,206.0,7801677.68
2024-08-23 09:30:00,200.875,206.0,196.0,199.5,7452057.44
2024-08-26 09:30:00,200.5,208.25,199.275,205.75,5300189.68
2024-08-27 09:30:00,208.0,210.5,202.5,203.75,4513635.08
2024-08-28 09:30:00,204.75,215.5,203.75,211.0,6256954.64
2024-08-29 09:30:00,208.625,213.75,202.25,211.75,7909652.0
2024-08-30 09:30:00,206.75,212.75,204.0,205.0,6081716.72
2024-09-03 09:30:00,209.0,226.75,208.75,223.75,6674311.24
2024-09-04 09:30:00,228.25,229.7475,219.75,225.25,8113299.92
2024-09-05 09:30:00,228.0,229.5,218.5,225.0,7247847.84
2024-09-06 09:30:00,226.5,244.25,225.0,243.0,9432921.8
2024-09-09 09:30:00,236.25,241.75,232.5,234.0,6760181.48
2024-09-10 09:30:00,231.5,237.75,227.0,228.0,6410852.92
2024-09-11 09:30:00,226.0,239.0,212.0,213.25,10655913.28
2024-09-12 09:30:00,213.25,215.75,205.75,207.0,7246882.44
2024-09-13 09:30:00,208.0,208.5,202.75,204.25,5131296.64
2024-09-16 09:30:00,207.25,211.75,206.5,207.5,4696511.44
2024-09-17 09:30:00,203.25,210.5,201.75,207.0,5454514.2
2024-09-18 09:30:00,205.75,210.75,200.25,210.0,8029253.28
2024-09-19 09:30:00,195.125,198.0,190.25,194.0,8902316.92
2024-09-20 09:30:00,195.5,200.5,194.0,195.75,5948551.92
2024-09-23 09:30:00,194.25,195.75,192.75,194.25,4117699.08
2024-09-24 09:30:00,192.375,197.5,190.0,191.25,5435218.92
2024-09-25 09:30:00,188.5,188.75,185.0,186.75,4966138.84
2024-09-26 09:30:00,178.375,187.25,178.0,183.0,6425780.88
2024-09-27 09:30:00,182.25,187.75,182.0,186.25,5348305.72
2024-09-30 09:30:00,187.5,191.0,184.5,184.75,6295088.68
2024-10-01 09:30:00,185.5,197.25,185.0,193.0,8646943.48
2024-10-02 09:30:00,194.0,197.0,189.5,191.75,6120124.48
2024-10-03 09:30:00,194.75,195.75,189.0,192.75,6043438.88
2024-10-04 09:30:00,185.875,191.9975,185.25,185.75,7378601.12
2024-10-07 09:30:00,188.25,193.5,186.75,192.0,4889672.0
2024-10-08 09:30:00,189.25,190.0,182.5,183.5,5556375.0
2024-10-09 09:30:00,183.75,185.0,178.5,179.25,5377866.72
2024-10-10 09:30:00,181.75,183.25,177.75,180.0,5315084.4
2024-10-11 09:30:00,182.25,183.0,178.25,179.25,4075098.76
2024-10-14 09:30:00,177.0,177.25,173.25,174.75,4557219.64
2024-10-15 09:30:00,174.75,184.25,174.0,182.0,7321923.76
2024-10-16 09:30:00,181.75,185.75,181.0,181.75,4384900.68
2024-10-17 09:30:00,176.0,181.75,175.75,181.5,5221472.24
2024-10-18 09:30:00,179.0,179.75,177.25,178.25,4231273.04
2024-10-21 09:30:00,179.75,182.0,176.5,177.5,5346833.64
2024-10-22 09:30:00,180.5,181.25,175.25,176.75,4969379.48
2024-10-23 09:30:00,179.5,188.75,178.75,185.25,7554815.16
2024-10-24 09:30:00,181.0,184.0,180.0,181.0,5352760.08
2024-10-25 09:30:00,178.0,178.75,172.25,177.75,9008968.04
2024-10-28 09:30:00,174.375,178.0,174.25,177.75,5482469.76
2024-10-29 09:30:00,177.375,179.5,171.25,173.0,6662068.84
2024-10-30 09:30:00,173.5,177.25,172.5,176.5,6501969.32
2024-10-31 09:30:00,181.125,190.25,181.0,190.0,8501396.08
2024-11-01 09:30:00,188.5,189.0,182.25,186.0,8646201.56
2024-11-04 09:30:00,187.0,190.0,184.0,188.0,6692163.92
2024-11-05 09:30:00,186.25,186.25,180.0,180.75,6430705.28
2024-11-06 09:30:00,171.75,172.875,165.25,166.25,8845932.32
2024-11-07 09:30:00,163.45,163.5065,157.605,158.45,8425860.0
2024-11-08 09:30:00,159.2,159.75,157.45,158.15,7559108.4
2024-11-11 09:30:00,157.05,161.15,156.85,158.45,8666065.6
2024-11-12 09:30:00,158.6,162.233605,157.75,159.3,7396926.0
2024-11-13 09:30:00,159.9,162.2,157.5,160.05,9273942.8
2024-11-14 09:30:00,160.475,164.325,159.6,163.4,8360578.4
2024-11-15 09:30:00,169.1,177.4,168.9,175.45,10371345.8
2024-11-18 09:30:00,173.8,175.3,169.55,171.8,6676393.8
2024-11-19 09:30:00,174.6,174.9485,167.8035,168.45,8651952.2
2024-11-20 09:30:00,168.75,175.35,168.425,168.6,10737824.6
2024-11-21 09:30:00,165.7,174.45,165.0,166.95,12374960.0
2024-11-22 09:30:00,167.75,169.4,165.7,166.4,6527799.2
2024-11-25 09:30:00,162.35,167.9995,160.85,165.75,6506840.6
2024-11-26 09:30:00,164.3,165.15,162.3,163.1,4983387.6
2024-11-27 09:30:00,164.3,170.35,164.3,167.05,5682104.0
2024-11-29 09:30:00,166.7,167.3455,162.3,162.9,3421782.0
2024-12-02 09:30:00,161.8,162.15,156.75,157.65,6202126.2
2024-12-03 09:30:00,158.95,159.5,156.05,156.25,4946545.6
2024-12-04 09:30:00,153.25,153.875,150.376,150.55,7749335.2
2024-12-05 09:30:00,150.6,152.2,149.95,151.9,6549417.8
2024-12-06 09:30:00,151.5,151.634,147.8005,147.95,7673897.4
2024-12-09 09:30:00,148.85,152.5135,148.2,151.55,6830657.0
2024-12-10 09:30:00,150.55,154.4065,149.0,153.2,6085371.6
2024-12-11 09:30:00,149.4,149.7,144.4,144.95,9712165.4
2024-12-12 09:30:00,146.875,148.25,145.85,147.85,7339745.4
2024-12-13 09:30:00,144.75,147.4,142.45,144.65,8046096.0
2024-12-16 09:30:00,142.65,142.7,137.7,138.5,8711538.6
2024-12-17 09:30:00,139.9,141.65,139.0505,140.35,7085370.6
2024-12-18 09:30:00,140.95,156.8,139.5725,155.5,16992136.0
2024-12-19 09:30:00,151.4,158.0485,150.9,157.75,14122256.4
2024-12-20 09:30:00,161.45,162.5,148.181,153.75,16181985.0
2024-12-23 09:30:00,148.35,151.3,145.1145,145.4,7316354.4
2024-12-24 09:30:00,144.0,144.5,139.625,139.65,4584519.8
2024-12-26 09:30:00,141.0,142.6,138.7,140.05,5647296.2
2024-12-27 09:30:00,143.05,149.55,142.7005,145.75,10221434.6
2024-12-30 09:30:00,151.75,154.8495,148.514,151.7,9885854.4
2024-12-31 09:30:00,150.7,156.4995,150.0,155.7,9700938.4
2025-01-02 09:30:00,152.9,160.775,150.75,156.7,12196250.0
2025-01-03 09:30:00,154.0,154.75,148.175,149.2,9790316.2
2025-01-06 09:30:00,144.5,146.2495,141.15,144.05,9559108.4
2025-01-07 09:30:00,143.3,153.425,143.0,151.85,12434392.0
2025-01-08 09:30:00,152.0,156.05,150.4,151.75,12668329.6
2025-01-10 09:30:00,155.4,162.0995,155.35,159.15,14137610.4
2025-01-13 09:30:00,164.9,166.39,160.4,160.75,9685607.4
2025-01-14 09:30:00,157.8,164.65,156.525,161.3,10532538.6
2025-01-15 09:30:00,153.8,155.3,149.2,150.4,13107907.4
2025-01-16 09:30:00,148.325,153.55,148.275,153.45,9035215.8
2025-01-17 09:30:00,144.95,148.55,144.45,145.95,11154493.6
2025-01-21 09:30:00,143.8,147.475,142.5,143.5,8584986.8
2025-01-22 09:30:00,139.75,139.9295,136.1735,138.05,9526985.0
2025-01-23 09:30:00,140.05,140.5,137.125,137.2,6938434.2
2025-01-24 09:30:00,137.15,140.8995,136.5,139.65,6684984.6
2025-01-27 09:30:00,154.6,155.2,148.95,152.0,16994769.8
2025-01-28 09:30:00,151.1,154.2,144.2,145.2,10805511.6
2025-01-29 09:30:00,144.75,149.4,144.65,146.15,11526224.2
2025-01-30 09:30:00,143.75,148.4,141.775,144.25,9590203.2
2025-01-31 09:30:00,141.3,146.05,137.55,145.15,14711156.6
2025-02-03 09:30:00,152.5,154.5995,146.4,148.6,17833667.4
2025-02-04 09:30:00,148.35,148.675,142.75,143.25,9443665.2
2025-02-05 09:30:00,145.5,146.5,141.275,141.45,7320828.0
2025-02-06 09:30:00,141.05,142.35,139.05,139.2,7532530.2
2025-02-07 09:30:00,139.0,145.275,137.45,144.65,12007934.2
2025-02-10 09:30:00,141.15,141.55,138.6,139.55,8818209.4
2025-02-11 09:30:00,142.15,142.25,139.0,140.5,8298769.8
2025-02-12 09:30:00,145.15,145.425,139.65,140.3,12786494.2
2025-02-13 09:30:00,139.1,139.7,134.15,134.35,12631723.2
2025-02-14 09:30:00,134.45,134.8,132.4,132.95,8149821.8
2025-02-18 09:30:00,131.8,134.55,131.5705,132.05,6892019.0
2025-02-19 09:30:00,132.7,134.256,131.073,132.0,7446785.0
2025-02-20 09:30:00,132.725,137.25,132.4,133.8,10758906.4
2025-02-21 09:30:00,133.125,142.55,133.1,142.2,14456052.0
2025-02-24 09:30:00,140.85,147.6495,139.9,147.35,14006355.6
2025-02-25 09:30:00,148.0,156.35,147.925,152.95,14833580.2
2025-02-26 09:30:00,151.1,154.8,147.35,151.95,17710071.2
2025-02-27 09:30:00,148.9,164.9,148.0,164.6,20492786.2
2025-02-28 09:30:00,165.15,168.3,156.5,157.0,19880061.4
2025-03-03 09:30:00,154.1,170.7,152.65,167.15,22767903.0
2025-03-04 09:30:00,170.45,176.95,160.8,169.05,24871648.4
2025-03-05 09:30:00,168.55,173.55,160.85,162.55,19655319.0
2025-03-06 09:30:00,170.65,177.95,165.9,175.85,19368862.6
2025-03-07 09:30:00,177.4,184.5,170.8,172.35,20646441.4
2025-03-10 09:30:00,181.2,196.793,180.65,191.85,17911015.8
2025-03-11 09:30:00,193.2,199.6,185.25,194.0,21106836.0
2025-03-12 09:30:00,184.8,193.85,182.45,187.45,20691548.2
2025-03-13 09:30:00,188.45,200.0,188.375,197.7,16604769.6
2025-03-14 09:30:00,191.15,191.9,182.55,183.65,18403498.6
2025-03-17 09:30:00,183.7,185.8,176.6,180.1,15124841.8
2025-03-18 09:30:00,183.925,191.8,183.9,189.2,13736693.2
2025-03-19 09:30:00,186.8,189.15,176.55,182.0,16553379.8
2025-03-20 09:30:00,186.6,187.35,177.85,183.75,14904105.6
2025-03-21 09:30:00,190.05,191.425,181.425,182.0,13698326.0
2025-03-24 09:30:00,173.75,174.5,169.45,170.65,13410530.6
2025-03-25 09:30:00,169.75,170.7,167.4,167.6,9796875.2
2025-03-26 09:30:00,166.35,175.8995,165.5,174.3,16542713.4
2025-03-27 09:30:00,176.5,178.9,172.0,177.35,15522098.2
2025-03-28 09:30:00,179.65,192.65,178.85,191.5,17357766.4
2025-03-31 09:30:00,200.3,206.0,190.6,191.7,20047467.6
2025-04-01 09:30:00,193.85,197.375,186.1,187.2,21250846.8
2025-04-02 09:30:00,195.1,195.45,179.1505,183.0,25597742.6
2025-04-03 09:30:00,206.0,213.2,201.8,212.65,26980165.6
2025-04-04 09:30:00,230.8,251.95,227.5,251.8,45621845.8
2025-04-07 09:30:00,278.3,289.0,216.1,250.85,45279700.8
2025-04-08 09:30:00,225.5,275.8,216.8,264.85,42987741.6
2025-04-09 09:30:00,265.8,266.15,165.855,171.4,54654861.6
2025-04-10 09:30:00,183.0,205.9,180.821585,191.05,47232507.2
2025-04-11 09:30:00,193.25,197.575,179.1,181.1,29853531.6
2025-04-14 09:30:00,168.9,183.0,168.29,177.25,22798875.2
2025-04-15 09:30:00,176.1,178.85,171.6,176.7,17659220.0
2025-04-16 09:30:00,187.2,200.1825,183.0,192.7,21602406.4
2025-04-17 09:30:00,189.4,196.8,188.5,193.2,20267268.8
2025-04-21 09:30:00,201.05,214.4,199.856,207.45,14677340.0
2025-04-22 09:30:00,199.5,201.3,187.0,191.4,21852887.8
2025-04-23 09:30:00,173.85,180.625,167.15,178.8,27405045.8
2025-04-24 09:30:00,176.25,177.0,163.15,163.6,24455895.0
2025-04-25 09:30:00,164.1,165.8,157.7,158.25,21898935.6
2025-04-28 09:30:00,157.95,164.875,156.05,158.45,20488105.0
2025-04-29 09:30:00,160.8,161.425,154.5,155.4,18400327.6
2025-04-30 09:30:00,163.7,168.3,153.85,155.3,27368864.2
2025-05-01 09:30:00,147.95,150.45,144.15,150.05,27094134.4
2025-05-02 09:30:00,145.2,146.8135,141.15,143.05,21943439.0
2025-05-05 09:30:00,146.75,147.25,142.95,145.7,15240578.6
2025-05-06 09:30:00,151.5,152.7,146.5,149.65,19211467.4
2025-05-07 09:30:00,149.2,154.15,145.75,148.0,23812037.6
2025-05-08 09:30:00,143.35,147.35,139.55,143.6,22583869.2
2025-05-09 09:30:00,142.1,145.65,140.9,144.0,15255336.8
2025-05-12 09:30:00,127.25,132.15,126.5,126.6,27343224.6
2025-05-13 09:30:00,125.575,126.15,119.45,120.8,23985736.4
2025-05-14 09:30:00,120.0,120.7,118.3,118.7,19373125.6
2025-05-15 09:30:00,120.2,121.15,116.5,118.25,22766688.8
2025-05-16 09:30:00,117.5,119.975,116.825,116.9,16879190.2
2025-05-19 09:30:00,121.85,121.95,116.3,116.7,24765778.4
2025-05-20 09:30:00,118.45,120.349,117.45,117.95,16974641.8
2025-05-21 09:30:00,120.65,124.1,116.1,122.8,30509598.8
2025-05-22 09:30:00,122.475,123.45,119.5675,122.2,28093948.2
2025-05-23 09:30:00,128.05,128.4435,124.0,125.8,33243934.4
2025-05-27 09:30:00,120.75,121.925,116.65,117.0,22006040.2
2025-05-28 09:30:00,116.35,118.95,115.4,118.6,16484948.0
2025-05-29 09:30:00,113.55,119.725,113.45,117.9,22544116.4
2025-05-30 09:30:00,118.45,123.575,117.6,118.65,25959764.6
2025-06-02 09:30:00,120.0,120.9,115.75,115.9,18383771.8
2025-06-03 09:30:00,115.75,116.35,112.3,113.2,16610871.8
2025-06-04 09:30:00,112.875,114.1995,111.7,112.4,14752492.4
2025-06-05 09:30:00,111.5,116.287,109.7,114.95,29231723.0
2025-06-06 09:30:00,111.7,112.875,110.5,111.75,18940732.0
2025-06-09 09:30:00,111.65,112.37,110.25,111.35,14402986.2
2025-06-10 09:30:00,111.1,112.4995,108.7,109.05,15235821.8
2025-06-11 09:30:00,108.35,111.7,107.6,110.3,21144159.6
2025-06-12 09:30:00,111.2,111.35,108.95,109.6,17800176.4
2025-06-13 09:30:00,113.45,114.6,110.85,113.8,30116308.8
2025-06-16 09:30:00,111.6,111.65,108.45,109.1,18301669.8
2025-06-17 09:30:00,110.75,113.1,109.75,112.35,17891248.0
2025-06-18 09:30:00,111.9,113.55,110.275,112.5,19887927.8
2025-06-20 09:30:00,110.6,115.3,109.8,114.15,19692978.2
2025-06-23 09:30:00,113.775,115.8,110.3,110.6,25653385.2
2025-06-24 09:30:00,107.4,107.8,105.0,105.55,16451177.6
2025-06-25 09:30:00,103.0,104.5995,102.3,103.5,13692442.0
2025-06-26 09:30:00,102.3,103.4,100.45,100.7,13589544.2
2025-06-27 09:30:00,100.275,101.75,98.75,99.7,18066795.4
2025-06-30 09:30:00,98.1,99.3,97.25,97.85,11948675.4
2025-07-01 09:30:00,98.925,101.65,98.4,100.35,17809946.4
2025-07-02 09:30:00,100.85,100.9255,98.25,98.3,15493181.0
2025-07-03 09:30:00,97.225,97.25,95.1,95.65,12419726.8
2025-07-07 09:30:00,97.025,99.05,96.625,97.8,17744180.0
2025-07-08 09:30:00,97.15,98.3495,96.8,97.65,14744723.0
2025-07-09 09:30:00,96.65,97.35,94.95,95.65,16401484.4
2025-07-10 09:30:00,95.4,97.5,95.15,96.05,12744372.6
2025-07-11 09:30:00,97.4,98.001,96.05,96.85,15072063.6
2025-07-14 09:30:00,97.05,98.3,95.5,95.9,13871544.6
2025-07-15 09:30:00,93.9,95.7,93.5505,95.65,17153883.6
2025-07-16 09:30:00,95.45,98.35,95.1,95.35,22175600.2
2025-07-17 09:30:00,95.075,95.5,92.9,93.1,16407061.6
2025-07-18 09:30:00,92.6,94.15,92.5,93.5,16246758.4
2025-07-21 09:30:00,93.15,93.15,91.2,92.1,15911722.2
2025-07-22 09:30:00,92.125,94.9,92.1,93.55,18302129.4
2025-07-23 09:30:00,93.1,94.5,92.35,92.35,17298860.0
2025-07-24 09:30:00,91.8,92.7,91.2,91.75,15184847.2
2025-07-25 09:30:00,91.975,92.3,90.65,91.25,13551097.6
2025-07-28 09:30:00,90.65,91.1,90.0,90.4,12938155.4
2025-07-29 09:30:00,89.25,91.2995,88.6,90.85,18188817.6
2025-07-30 09:30:00,90.5,92.05,89.35,90.5,20937516.4
2025-07-31 09:30:00,87.5,92.6,87.45,92.1,25819986.6
2025-08-01 09:30:00,95.2,98.85,95.1,97.6,36714803.6
2025-08-04 09:30:00,94.95,95.044,92.15,92.25,23359077.4
2025-08-05 09:30:00,91.7,94.5,91.1,94.2,22758985.0
2025-08-06 09:30:00,93.8,94.0995,90.45,90.65,23645203.0
2025-08-07 09:30:00,88.7,91.8,87.85,89.775,24443499.2
2025-08-08 09:30:00,89.375,89.5,87.3,87.4,20717025.8
2025-08-11 09:30:00,87.4,88.85,86.45,88.3,16418609.0
2025-08-12 09:30:00,87.2,88.45,84.8,84.9,22782538.8
2025-08-13 09:30:00,83.8,85.45,83.55,84.8,18463335.6
2025-08-14 09:30:00,85.75,85.95,84.2,85.05,23794245.2
2025-08-15 09:30:00,85.25,87.1,85.25,86.35,21603453.0
2025-08-18 09:30:00,86.775,87.3,86.15,86.45,15083123.0
2025-08-19 09:30:00,86.825,90.5,86.7175,90.0,23100210.6
2025-08-20 09:30:00,90.55,95.0,90.45,91.65,31209937.0
2025-08-21 09:30:00,92.5,94.1,91.4,92.95,21477004.2
2025-08-22 09:30:00,92.4,93.1,87.8,88.75,27113647.2
2025-08-25 09:30:00,89.55,90.1495,88.2005,89.6,13476772.0
2025-08-26 09:30:00,89.9,90.375,88.4,88.5,12747236.2
2025-08-27 09:30:00,89.05,89.65,87.8,88.15,13012555.8
2025-08-28 09:30:00,87.95,88.725,86.15,86.55,16521685.8
2025-08-29 09:30:00,87.85,90.6,87.675,89.75,19268637.4
2025-09-02 09:30:00,94.05,94.95,91.9,92.0,23109079.4
2025-09-03 09:30:00,90.35,91.55,89.1,89.95,20334836.4
2025-09-04 09:30:00,89.65,90.45,87.35,87.45,16979727.0
2025-09-05 09:30:00,85.25,89.3495,84.95,87.25,25967926.8
2025-09-08 09:30:00,86.25,86.55,85.121,86.0,15905558.4
2025-09-09 09:30:00,85.75,86.889,85.15,85.3,15150782.0
2025-09-10 09:30:00,83.95,86.25,83.9,85.25,19231854.0
2025-09-11 09:30:00,84.2,84.95,83.5,83.8,18179016.4
2025-09-12 09:30:00,83.6,83.95,82.3,82.8,15036726.8
2025-09-15 09:30:00,82.15,82.1585,80.7,80.7,17396786.6
2025-09-16 09:30:00,80.4,81.3,80.3,80.95,13062159.8
2025-09-17 09:30:00,81.05,83.801,80.8,81.5,31903833.8
2025-09-18 09:30:00,79.5,80.35,78.15,79.3,25518215.6
2025-09-19 09:30:00,78.65,79.2,77.5,77.75,20087738.4
2025-09-22 09:30:00,78.2,78.2,76.2105,76.45,17420291.6
2025-09-23 09:30:00,76.45,78.5,76.35,78.0,20372044.4
2025-09-24 09:30:00,76.35,78.75,76.2,77.65,20499599.4
2025-09-25 09:30:00,79.2,80.65,78.05,78.7,32496180.4
2025-09-26 09:30:00,78.5,79.8,77.7,77.75,20720124.6
2025-09-29 09:30:00,76.6,77.28,75.5,76.7,20127715.8
2025-09-30 09:30:00,76.95,77.8,76.05,76.15,21445240.2
2025-10-01 09:30:00,77.4,77.745,74.9,75.05,22497580.2
2025-10-02 09:30:00,73.75,75.25,73.7,74.2,20235904.8
2025-10-03 09:30:00,74.0,75.925,73.7,75.25,24836419.6
2025-10-06 09:30:00,73.35,74.225,72.95,73.55,20712152.8
2025-10-07 09:30:00,73.15,75.3,72.9,74.75,22724572.2
2025-10-08 09:30:00,74.45,74.55,72.1,72.2,21926419.2
2025-10-09 09:30:00,72.25,73.65,72.2,72.5,22504300.2
2025-10-10 09:30:00,72.4,80.35,71.75,80.15,58967617.0
2025-10-13 09:30:00,76.0,77.041,74.7,75.1,31876576.4
2025-10-14 09:30:00,77.6,79.55,74.85,76.55,38124801.4
2025-10-15 09:30:00,74.35,77.45,73.3,75.05,31972732.0
2025-10-16 09:30:00,74.0,77.541,72.75,75.85,36159013.6
2025-10-17 09:30:00,76.75,77.35,73.85,74.45,40094352.2
2025-10-20 09:30:00,73.35,73.35,71.25,71.65,20891767.0
2025-10-21 09:30:00,71.7,72.5,71.3,71.75,17699388.4
2025-10-22 09:30:00,72.0,75.9,71.8,73.95,34936070.2
2025-10-23 09:30:00,74.1,74.2675,71.75,72.0,23555277.6
2025-10-24 09:30:00,70.25,70.55,69.35,69.8,27381089.6
2025-10-27 09:30:00,67.35,67.5,65.95,66.1,22024486.4
2025-10-28 09:30:00,65.45,65.8,64.05,64.6,23469179.6
2025-10-29 09:30:00,63.85,65.4935,63.4,63.8,29582288.8
2025-10-30 09:30:00,64.9,66.75,64.5,66.75,35392720.0
2025-10-31 09:30:00,64.25,66.632,64.25,65.8,33844989.0
2025-11-03 09:30:00,64.0,65.65,63.75,64.95,23038432.8
2025-11-04 09:30:00,67.7,69.15,66.55,68.95,36453297.8
2025-11-05 09:30:00,69.2,69.65,66.5,67.55,27921052.8
2025-11-06 09:30:00,68.1,71.85,68.025,71.4,40973921.6
2025-11-07 09:30:00,72.675,76.05,72.075,72.15,45688638.6
2025-11-10 09:30:00,68.975,69.6885,67.05,67.4,29860969.2
2025-11-11 09:30:00,68.275,69.275,67.6,67.95,23134435.8
2025-11-12 09:30:00,66.925,69.25,66.9,68.15,25965796.8
2025-11-13 09:30:00,69.35,73.1,69.15,72.4,34726213.6
2025-11-14 09:30:00,75.625,76.45,70.65,72.25,44800875.4
2025-11-17 09:30:00,73.25,75.5,71.0,74.2,39675820.6
2025-11-18 09:30:00,75.75,78.75,74.7,76.9,56840523.6
2025-11-19 09:30:00,76.625,77.6,73.1115,75.6,39235979.4
2025-11-20 09:30:00,71.15,81.2601,70.24,80.92,58191746.0
2025-11-21 09:30:00,80.29,83.1,76.37,79.21,97300379.0
2025-11-24 09:30:00,77.16,77.2,72.56,73.16,56920233.0
2025-11-25 09:30:00,73.79,76.0201,71.34,71.84,56664073.0
2025-11-26 09:30:00,70.62,71.36,69.31,69.97,41525635.0
2025-11-28 09:30:00,69.44,69.6893,68.37,68.41,14389793.0
2025-12-01 09:30:00,70.26,70.6396,68.3445,69.1,35882808.0
2025-12-02 09:30:00,68.35,68.985,66.91,67.5,37882046.0
2025-12-03 09:30:00,68.3,68.82,66.81,67.03,37473466.0
2025-12-04 09:30:00,66.63,68.345,66.61,67.26,33360058.0
2025-12-05 09:30:00,66.87,67.0783,65.3888,66.49,38973916.0
2025-12-08 09:30:00,66.0,67.7453,65.4698,66.93,33707740.0
2025-12-09 09:30:00,67.365,67.8065,66.43,66.69,28086604.0
2025-12-10 09:30:00,67.12,68.02,65.4,65.92,58536095.0
2025-12-11 09:30:00,67.14,69.0499,66.51,66.57,45512365.0
2025-12-12 09:30:00,67.79,71.205,67.31,70.5,55697888.0
2025-12-15 09:30:00,68.88,72.0,68.88,71.59,43859896.0
2025-12-16 09:30:00,72.41,72.87,70.5501,71.17,48792783.0
2025-12-17 09:30:00,70.74,75.19,70.5321,75.14,51019547.0
2025-12-18 09:30:00,71.68,72.73,70.48,71.92,59184527.0
2025-12-19 09:30:00,70.99,71.01,68.98,69.12,32157613.0
2025-12-22 09:30:00,67.485,68.685,67.38,68.21,25375580.0
2025-12-23 09:30:00,68.57,68.7,67.175,67.24,18866516.0
2025-12-24 09:30:00,65.86,65.95,65.1262,65.22,10761951.0
2025-12-26 09:30:00,65.1,65.565,64.81,65.33,11011667.0
2025-12-29 09:30:00,66.54,66.97,65.7,66.3,19643871.0
2025-12-30 09:30:00,66.65,66.86,65.91,66.78,16168485.0
2025-12-31 09:30:00,66.78,68.58,66.67,68.5,19400214.0
2026-01-02 09:30:00,66.65,69.9776,65.725,68.97,37902378.0
2026-01-05 09:30:00,66.93,67.78,66.4,67.36,32142831.0
2026-01-06 09:30:00,67.0,67.205,65.41,65.61,35013729.0
2026-01-07 09:30:00,65.76,65.9099,64.21,65.42,35817509.0
2026-01-08 09:30:00,65.78,67.4202,65.66,66.59,35295852.0
2026-01-09 09:30:00,66.38,67.115,64.27,64.67,42801241.0
2026-01-12 09:30:00,66.03,66.04,64.03,64.51,31377133.0
2026-01-13 09:30:00,64.54,65.62,63.85,64.85,40141897.0
2026-01-14 09:30:00,66.1,68.5,65.74,66.94,50152047.0
2026-01-15 09:30:00,64.7,66.56,64.475,66.26,41135491.0
2026-01-16 09:30:00,65.16,67.28,64.99,66.58,34516409.0
2026-01-20 09:30:00,69.98,71.1,68.54,70.77,48533008.0
2026-01-21 09:30:00,70.31,70.87,66.49,67.97,65272634.0
2026-01-22 09:30:00,65.96,67.4599,65.93,66.47,42429186.0
2026-01-23 09:30:00,66.88,67.228,65.06,65.91,40892557.0
2026-01-26 09:30:00,65.82,66.15,64.41,65.07,33951794.0
2026-01-27 09:30:00,64.04,64.52,63.05,63.33,31578545.0
2026-01-28 09:30:00,62.06,63.155,61.72,62.79,45293931.0
2026-01-29 09:30:00,62.91,67.2,62.615,63.88,77620877.0
2026-01-30 09:30:00,65.11,67.05,64.32,66.26,81551009.0
2026-02-02 09:30:00,67.285,67.3,64.16,64.91,46862625.0
2026-02-03 09:30:00,64.29,69.66,64.14,67.96,56719740.0
2026-02-04 09:30:00,68.46,73.26,68.44,71.49,81392969.0
2026-02-05 09:30:00,73.52,75.42,71.87,74.58,79551349.0
2026-02-06 09:30:00,73.54,74.07,69.35,69.99,62455702.0
