datetime,open,high,low,close,volume
2010-02-11 09:30:00,0.2034375,0.2174475,0.2027865,0.216276,6908160.0
2010-02-12 09:30:00,0.2103905,0.219036,0.2091665,0.217161,17195536.0
2010-02-16 09:30:00,0.2222655,0.2260805,0.218776,0.2255725,19231504.0
2010-02-17 09:30:00,0.2285935,0.229453,0.2251485,0.229401,38353184.00000001
2010-02-18 09:30:00,0.2291665,0.23513,0.227786,0.2337495,77733192.0
2010-02-19 09:30:00,0.232161,0.2367965,0.2303905,0.2337495,92961880.0
2010-02-22 09:30:00,0.23651,0.23651,0.229479,0.232109,51003312.00000001
2010-02-23 09:30:00,0.2308335,0.232083,0.2199735,0.2230465,82233680.0
2010-02-24 09:30:00,0.226979,0.2324215,0.225755,0.2297915,70622272.00000001
2010-02-25 09:30:00,0.2224475,0.2312365,0.2179945,0.229661,91227351.99999999
2010-02-26 09:30:00,0.228984,0.2334895,0.2267185,0.232526,57603512.0
2010-03-01 09:30:00,0.2354685,0.2434895,0.2354685,0.2425,28452504.0
2010-03-02 09:30:00,0.244635,0.2492185,0.243307,0.243958,48443952.00000001
2010-03-03 09:30:00,0.2466925,0.248828,0.2429425,0.2453125,47955111.99999999
2010-03-04 09:30:00,0.2461715,0.248359,0.2423435,0.2480205,29477016.0
2010-03-05 09:30:00,0.253307,0.26013,0.251953,0.258984,26862744.00000001
2010-03-08 09:30:00,0.2592185,0.2622395,0.2592185,0.2603645,25337880.00000001
2010-03-09 09:30:00,0.258932,0.269036,0.2587235,0.2649735,46416808.00000001
2010-03-10 09:30:00,0.2653385,0.2730725,0.265156,0.271458,40055079.99999999
2010-03-11 09:30:00,0.2698175,0.2743395,0.2680205,0.273958,53914416.00000002
2010-03-12 09:30:00,0.276979,0.276979,0.271432,0.274583,36114080.00000001
2010-03-15 09:30:00,0.27276,0.274609,0.266927,0.272734,42366759.99999999
2010-03-16 09:30:00,0.2754125,0.2786715,0.272552,0.2778905,46593448.00000002
2010-03-17 09:30:00,0.2786715,0.283776,0.2774995,0.2798175,39793952.00000001
2010-03-18 09:30:00,0.280781,0.2835415,0.278932,0.282656,52374575.99999998
2010-03-19 09:30:00,0.285755,0.285755,0.274687,0.277656,40018984.0
2010-03-22 09:30:00,0.274401,0.2884895,0.273359,0.285156,58793528.00000001
2010-03-23 09:30:00,0.287109,0.2917445,0.282656,0.2911195,55298736.0
2010-03-24 09:30:00,0.289062,0.289687,0.285156,0.286979,89215192.0
2010-03-25 09:30:00,0.293984,0.297057,0.2849475,0.285182,93916120.0
2010-03-26 09:30:00,0.2892445,0.292161,0.282161,0.2866665,84277711.99999999
2010-03-29 09:30:00,0.2909895,0.2935675,0.2884635,0.2905985,38038688.0
2010-03-30 09:30:00,0.2929945,0.2961715,0.287682,0.2936455,39884192.0
2010-03-31 09:30:00,0.2903645,0.2942705,0.287682,0.289687,59528503.99999998
2010-04-01 09:30:00,0.2929165,0.2985155,0.28263,0.2891145,116599792.0
2010-04-05 09:30:00,0.2912235,0.2992185,0.289062,0.2974735,67556800.00000001
2010-04-06 09:30:00,0.295208,0.3024475,0.293333,0.2997395,58729783.99999998
2010-04-07 09:30:00,0.2987235,0.301979,0.292838,0.2980465,106224103.99999997
2010-04-08 09:30:00,0.2950255,0.300859,0.2905205,0.2991145,69645376.00000001
2010-04-09 09:30:00,0.300104,0.305234,0.297786,0.304505,58077752.00000002
2010-04-12 09:30:00,0.3055465,0.3080725,0.3035415,0.305729,48798767.99999999
2010-04-13 09:30:00,0.3047395,0.310833,0.3019895,0.310338,67229632.0
2010-04-14 09:30:00,0.3147655,0.3215295,0.3141145,0.3212755,61094456.00000001
2010-04-15 09:30:00,0.320937,0.3267705,0.3206505,0.3255725,45768616.00000001
2010-04-16 09:30:00,0.322135,0.325286,0.3079425,0.313984,129479168.0
2010-04-19 09:30:00,0.3110415,0.316354,0.302083,0.3134895,112731759.99999997
2010-04-20 09:30:00,0.318359,0.320312,0.3123955,0.318125,56450360.0
2010-04-21 09:30:00,0.324583,0.326484,0.317708,0.3237235,84018896.0
2010-04-22 09:30:00,0.3142705,0.329609,0.308906,0.3285155,122840184.0
2010-04-23 09:30:00,0.328828,0.3338975,0.3249475,0.3328645,82346576.0
2010-04-26 09:30:00,0.3330985,0.3355985,0.3287755,0.3303905,80533711.99999997
2010-04-27 09:30:00,0.327187,0.330677,0.3072915,0.3099995,133740416.00000003
2010-04-28 09:30:00,0.3147655,0.315078,0.303203,0.310729,125187960.0
2010-04-29 09:30:00,0.315052,0.3281505,0.3150255,0.326588,84899408.00000001
2010-04-30 09:30:00,0.3260935,0.32763,0.306536,0.3073435,88487511.99999999
2010-05-03 09:30:00,0.310937,0.324531,0.310859,0.3198955,52583087.99999999
2010-05-04 09:30:00,0.307786,0.307812,0.284661,0.2916145,137234824.00000003
2010-05-05 09:30:00,0.2824735,0.291953,0.277083,0.2868225,138608776.00000003
2010-05-06 09:30:00,0.280911,0.28901,0.177083,0.2587235,217807704.00000006
2010-05-07 09:30:00,0.2518745,0.261276,0.223203,0.2398955,248248568.00000003
2010-05-10 09:30:00,0.270182,0.276484,0.2687005,0.275677,189613624.0
2010-05-11 09:30:00,0.2678905,0.286458,0.266328,0.2754945,147080976.00000003
2010-05-12 09:30:00,0.2792705,0.2909375,0.278229,0.2903385,108566120.0
2010-05-13 09:30:00,0.287552,0.2935935,0.2754685,0.2772135,105871208.00000004
2010-05-14 09:30:00,0.2704165,0.270781,0.251302,0.260156,154185367.99999997
2010-05-17 09:30:00,0.262682,0.2665885,0.246875,0.2636715,136860808.0
2010-05-18 09:30:00,0.270104,0.2716145,0.2489615,0.2535935,190815928.0
2010-05-19 09:30:00,0.2492185,0.255208,0.2380985,0.246901,237988840.00000006
2010-05-20 09:30:00,0.2323175,0.2336195,0.2173175,0.221927,273130256.0
2010-05-21 09:30:00,0.208411,0.2305465,0.2061975,0.2236455,234287847.99999994
2010-05-24 09:30:00,0.2248695,0.233203,0.2228905,0.2254945,156406808.0
2010-05-25 09:30:00,0.20875,0.224609,0.202083,0.223906,173111592.00000003
2010-05-26 09:30:00,0.2273695,0.2367185,0.2153125,0.216979,208431184.0
2010-05-27 09:30:00,0.231432,0.2410675,0.229557,0.2404685,173360808.0
2010-05-28 09:30:00,0.242057,0.242734,0.2304685,0.237109,166667296.00000003
2010-06-01 09:30:00,0.234609,0.2467185,0.2291665,0.2305465,202693447.99999994
2010-06-02 09:30:00,0.234375,0.2467705,0.229375,0.2467705,113580015.99999999
2010-06-03 09:30:00,0.2485935,0.254583,0.2439065,0.253177,114923631.99999999
2010-06-04 09:30:00,0.2372915,0.2467445,0.2248435,0.228177,246161136.0
2010-06-07 09:30:00,0.2303905,0.2329165,0.214583,0.2149475,169056936.00000003
2010-06-08 09:30:00,0.216484,0.2179165,0.205234,0.21375,266027015.99999994
2010-06-09 09:30:00,0.2180725,0.2241925,0.2066405,0.209036,229469407.99999997
2010-06-10 09:30:00,0.216328,0.226821,0.214557,0.22638,156404504.0
2010-06-11 09:30:00,0.2193485,0.233203,0.2193485,0.2322915,125320823.99999999
2010-06-14 09:30:00,0.2391925,0.243776,0.231484,0.2324215,228717919.99999997
2010-06-15 09:30:00,0.236276,0.252109,0.2355725,0.249401,200374088.00000003
2010-06-16 09:30:00,0.2491925,0.257812,0.2479685,0.254427,158380951.99999997
2010-06-17 09:30:00,0.258411,0.258802,0.2503645,0.256979,163218592.0
2010-06-18 09:30:00,0.258307,0.2628645,0.255104,0.257682,139563016.0
2010-06-21 09:30:00,0.267083,0.268229,0.2466665,0.250911,219883608.00000003
2010-06-22 09:30:00,0.253802,0.2593225,0.2436975,0.2449735,179763632.0
2010-06-23 09:30:00,0.245885,0.248411,0.2361975,0.2416925,224695904.00000003
2010-06-24 09:30:00,0.238802,0.240885,0.2286455,0.2299735,241321968.0
2010-06-25 09:30:00,0.2329685,0.2355725,0.2249215,0.2298175,177566768.0
2010-06-28 09:30:00,0.23,0.2334375,0.2228125,0.22776,164135199.99999997
2010-06-29 09:30:00,0.217057,0.2174475,0.196354,0.2023435,438378288.0
2010-06-30 09:30:00,0.1993225,0.205026,0.1907555,0.1923435,183787568.0
2010-07-01 09:30:00,0.1934115,0.195026,0.179326,0.1904685,254041592.0
2010-07-02 09:30:00,0.1909635,0.193177,0.1835935,0.189427,147378192.0
2010-07-06 09:30:00,0.1966665,0.2002865,0.185625,0.1904165,156543128.00000003
2010-07-07 09:30:00,0.192057,0.208984,0.1915885,0.208411,161819295.99999997
2010-07-08 09:30:00,0.213411,0.214237,0.204583,0.211927,207544520.0000001
2010-07-09 09:30:00,0.21138,0.21875,0.21026,0.2178645,142633864.00000003
2010-07-12 09:30:00,0.217057,0.2236195,0.215729,0.2203385,98922720.0
2010-07-13 09:30:00,0.2254945,0.230781,0.220625,0.2278645,174118824.0
2010-07-14 09:30:00,0.2298175,0.2353905,0.2268485,0.23151,109630952.00000001
2010-07-15 09:30:00,0.2305465,0.234349,0.22304,0.2323175,114362224.00000001
2010-07-16 09:30:00,0.230286,0.2305725,0.212604,0.2136195,181356079.99999997
2010-07-19 09:30:00,0.2148435,0.2197915,0.209661,0.2184375,124188408.0
2010-07-20 09:30:00,0.207604,0.22625,0.2059375,0.2253385,127958136.00000003
2010-07-21 09:30:00,0.233854,0.233854,0.2159895,0.2174475,174108072.0
2010-07-22 09:30:00,0.225937,0.2365885,0.225937,0.232109,126439032.0
2010-07-23 09:30:00,0.228854,0.2384375,0.227578,0.238151,139697799.99999997
2010-07-26 09:30:00,0.2391925,0.2440625,0.235859,0.243385,100737120.00000003
2010-07-27 09:30:00,0.246979,0.2480725,0.240286,0.243333,119692912.0
2010-07-28 09:30:00,0.2428385,0.245885,0.235156,0.238359,77696328.0
2010-07-29 09:30:00,0.2416665,0.243229,0.2253125,0.232682,152718872.00000003
2010-07-30 09:30:00,0.2267705,0.238125,0.222675,0.2342705,129807103.99999999
2010-08-02 09:30:00,0.2429425,0.2486975,0.24026,0.246875,90134104.00000001
2010-08-03 09:30:00,0.246406,0.2471875,0.240469,0.2443225,64217920.0
2010-08-04 09:30:00,0.247526,0.252083,0.2443225,0.25138,80929615.99999999
2010-08-05 09:30:00,0.247604,0.2507785,0.244635,0.2498955,66643264.0
2010-08-06 09:30:00,0.240911,0.2497915,0.2373175,0.2487235,152733080.00000003
2010-08-09 09:30:00,0.252135,0.255208,0.248906,0.2530725,85612496.0
2010-08-10 09:30:00,0.2473955,0.2511715,0.2409375,0.247708,157986968.0
2010-08-11 09:30:00,0.234557,0.2347135,0.2237235,0.2273175,155095832.0
2010-08-12 09:30:00,0.2136975,0.224036,0.2124215,0.220911,145948176.00000003
2010-08-13 09:30:00,0.2190885,0.2215885,0.21651,0.21651,57912631.99999998
2010-08-16 09:30:00,0.213281,0.222115,0.2105465,0.217734,95490520.00000001
2010-08-17 09:30:00,0.222604,0.2318485,0.221302,0.2260155,120275448.0
2010-08-18 09:30:00,0.2248695,0.23263,0.2222915,0.2280465,71223232.00000001
2010-08-19 09:30:00,0.2248175,0.227135,0.213802,0.2196615,102406367.99999999
2010-08-20 09:30:00,0.2174475,0.2205725,0.2135675,0.218906,88578903.99999999
2010-08-23 09:30:00,0.223802,0.22513,0.212552,0.2128645,108360295.99999997
2010-08-24 09:30:00,0.2059115,0.2074475,0.198177,0.200651,144935184.0
2010-08-25 09:30:00,0.1967445,0.2091405,0.195781,0.2066665,144128783.99999997
2010-08-26 09:30:00,0.2093225,0.209661,0.1985675,0.1999215,132960896.00000003
2010-08-27 09:30:00,0.2034115,0.2074215,0.191146,0.2065365,192460992.0
2010-08-30 09:30:00,0.203359,0.2088015,0.1997915,0.1998435,105136231.99999999
2010-08-31 09:30:00,0.196875,0.2030465,0.194036,0.198854,156436759.99999997
2010-09-01 09:30:00,0.20651,0.217526,0.206224,0.2155205,129607039.99999997
2010-09-02 09:30:00,0.2168485,0.2229165,0.2152085,0.2229165,54282288.0
2010-09-03 09:30:00,0.2296875,0.2342705,0.2273175,0.2342705,135469568.0
2010-09-07 09:30:00,0.2311195,0.233906,0.2280815,0.2285675,97346400.0
2010-09-08 09:30:00,0.2311195,0.2404395,0.2311195,0.2366405,113871856.00000004
2010-09-09 09:30:00,0.24401,0.244401,0.2386455,0.239635,90333400.0
2010-09-10 09:30:00,0.24138,0.2435155,0.2374475,0.2422135,63908024.00000001
2010-09-13 09:30:00,0.2485415,0.2547135,0.248307,0.2528905,83715152.0
2010-09-14 09:30:00,0.2518225,0.2599995,0.2503645,0.256085,84841040.0
2010-09-15 09:30:00,0.254062,0.2617185,0.252005,0.2604425,67660479.99999999
2010-09-16 09:30:00,0.2602745,0.264557,0.257526,0.2641145,93909591.99999999
2010-09-17 09:30:00,0.269505,0.269505,0.2628905,0.266927,114816112.00000004
2010-09-20 09:30:00,0.2699215,0.2822655,0.268984,0.280833,105534056.00000001
2010-09-21 09:30:00,0.2810675,0.286458,0.276979,0.2799475,173902247.99999997
2010-09-22 09:30:00,0.2768225,0.2840885,0.2739455,0.2786195,96804192.0
2010-09-23 09:30:00,0.2729165,0.2861975,0.272083,0.277786,137695624.0
2010-09-24 09:30:00,0.287708,0.295312,0.286328,0.2935155,126512759.99999999
2010-09-27 09:30:00,0.2948695,0.296406,0.2893545,0.290156,97096031.99999999
2010-09-28 09:30:00,0.2928905,0.2928905,0.2762495,0.290885,146261136.0
2010-09-29 09:30:00,0.2885935,0.2925255,0.285286,0.2885415,63844280.00000001
2010-09-30 09:30:00,0.2929165,0.2980725,0.278984,0.284635,177468463.99999997
2010-10-01 09:30:00,0.291302,0.2924735,0.279557,0.2837495,117281776.00000001
2010-10-04 09:30:00,0.280911,0.283802,0.269479,0.273906,123866616.00000001
2010-10-05 09:30:00,0.2836195,0.295703,0.283151,0.2942965,110026087.99999999
2010-10-06 09:30:00,0.2930725,0.2949215,0.2810155,0.2867965,88485976.0
2010-10-07 09:30:00,0.2916665,0.2918745,0.282643,0.289609,78977736.00000001
2010-10-08 09:30:00,0.29013,0.297552,0.2842185,0.2954425,69560896.0
2010-10-11 09:30:00,0.2962755,0.300156,0.293359,0.2960415,38161568.0
2010-10-12 09:30:00,0.294088,0.3037755,0.287161,0.302187,97739231.99999999
2010-10-13 09:30:00,0.30776,0.313307,0.305156,0.309531,96933215.99999999
2010-10-14 09:30:00,0.3098955,0.3116925,0.3030985,0.307812,79745736.0
2010-10-15 09:30:00,0.318828,0.3274475,0.3117185,0.3274475,119598832.00000003
2010-10-18 09:30:00,0.3279685,0.330807,0.323932,0.3274475,87842384.0
2010-10-19 09:30:00,0.314479,0.321979,0.3068485,0.314427,127594872.00000003
2010-10-20 09:30:00,0.3174995,0.3280465,0.3155205,0.320963,93525592.00000001
2010-10-21 09:30:00,0.3274475,0.3309895,0.313828,0.323203,109762663.99999999
2010-10-22 09:30:00,0.3235935,0.330234,0.3219005,0.329505,58711352.00000001
2010-10-25 09:30:00,0.333463,0.3401815,0.333463,0.334505,77273544.00000001
2010-10-26 09:30:00,0.3292445,0.338854,0.3253905,0.33651,75025992.00000001
2010-10-27 09:30:00,0.332213,0.340833,0.3303905,0.3399735,112867695.99999997
2010-10-28 09:30:00,0.344687,0.3448695,0.333828,0.3419265,108071912.0
2010-10-29 09:30:00,0.3418485,0.345807,0.3398435,0.340286,80745296.0
2010-11-01 09:30:00,0.3437495,0.350703,0.3361975,0.3410675,85281487.99999999
2010-11-02 09:30:00,0.3492705,0.3542495,0.347656,0.351406,68262208.0
2010-11-03 09:30:00,0.3531765,0.356597,0.3435155,0.356484,115146352.0
2010-11-04 09:30:00,0.368906,0.373489,0.366324,0.369114,111892327.99999999
2010-11-05 09:30:00,0.3699995,0.3717705,0.366406,0.369557,114014704.00000003
2010-11-08 09:30:00,0.367682,0.3723955,0.3650255,0.3704945,103647456.0
2010-11-09 09:30:00,0.375755,0.3770485,0.3599735,0.364505,122866296.0
2010-11-10 09:30:00,0.366432,0.37138,0.3578425,0.370078,94553176.00000001
2010-11-11 09:30:00,0.352864,0.36513,0.3485935,0.363854,122366328.00000003
2010-11-12 09:30:00,0.357838,0.362083,0.337432,0.345338,218253912.0
2010-11-15 09:30:00,0.3512495,0.352708,0.3412235,0.3416485,119471344.00000003
2010-11-16 09:30:00,0.3343225,0.340182,0.320755,0.324687,181611440.0
2010-11-17 09:30:00,0.32526,0.33263,0.3229165,0.32776,111435751.99999997
2010-11-18 09:30:00,0.338307,0.3497915,0.3380465,0.3429945,139587976.00000003
2010-11-19 09:30:00,0.3418745,0.346354,0.3379685,0.3438015,93400023.99999999
2010-11-22 09:30:00,0.339713,0.352864,0.338307,0.352864,148345104.0
2010-11-23 09:30:00,0.3424215,0.343411,0.330208,0.3361975,187213240.0
2010-11-24 09:30:00,0.345755,0.3585675,0.345328,0.355833,129622783.99999999
2010-11-26 09:30:00,0.349635,0.356302,0.347578,0.3535935,59650616.00000001
2010-11-29 09:30:00,0.347656,0.351562,0.335729,0.3486715,176534191.99999997
2010-11-30 09:30:00,0.337604,0.341992,0.3316405,0.3354165,200818376.0
2010-12-01 09:30:00,0.350807,0.362083,0.35026,0.3567445,207459655.99999997
2010-12-02 09:30:00,0.358333,0.3691405,0.3574215,0.3675775,132102272.00000001
2010-12-03 09:30:00,0.3631505,0.3718485,0.3630205,0.3706505,175435559.99999997
2010-12-06 09:30:00,0.370729,0.372161,0.367005,0.3699995,99245663.99999999
2010-12-07 09:30:00,0.3836715,0.383695,0.369687,0.370338,164411296.0
2010-12-08 09:30:00,0.37401,0.376406,0.3667445,0.3754555,93555928.00000001
2010-12-09 09:30:00,0.3817445,0.3818225,0.3723955,0.375859,100262880.0
2010-12-10 09:30:00,0.378437,0.3844525,0.375338,0.3837495,88170712.0
2010-12-13 09:30:00,0.3885675,0.3885675,0.378906,0.3792445,80920015.99999999
2010-12-14 09:30:00,0.382239,0.386015,0.3780465,0.380833,76863816.0
2010-12-15 09:30:00,0.3805205,0.387604,0.3736975,0.3769525,95977816.0
2010-12-16 09:30:00,0.3773435,0.3868225,0.3749995,0.3848175,86115920.00000001
2010-12-17 09:30:00,0.3860415,0.38933,0.383932,0.385989,61267640.0
2010-12-20 09:30:00,0.3880205,0.3911455,0.3786455,0.3870335,126314231.99999999
2010-12-21 09:30:00,0.39151,0.3935935,0.388515,0.393411,33586976.0
2010-12-22 09:30:00,0.393463,0.39545,0.39181,0.3938275,43254568.0
2010-12-23 09:30:00,0.3917705,0.393359,0.388281,0.390833,36849824.0
2010-12-27 09:30:00,0.387682,0.393229,0.3794265,0.390989,64444095.99999999
2010-12-28 09:30:00,0.393906,0.3942445,0.38664,0.3892965,63438391.99999999
2010-12-29 09:30:00,0.392734,0.3938015,0.3906245,0.391614,45463336.0
2010-12-30 09:30:00,0.3917705,0.3918745,0.3867185,0.3886715,28737432.00000001
2010-12-31 09:30:00,0.387812,0.387812,0.3794005,0.385104,48729264.0
2011-01-03 09:30:00,0.395338,0.410436,0.395286,0.4024995,133483136.00000001
2011-01-04 09:30:00,0.4075515,0.407656,0.3941925,0.4018745,131504384.00000003
2011-01-05 09:30:00,0.39789,0.412031,0.3973695,0.4118485,122877816.0
2011-01-06 09:30:00,0.413307,0.416536,0.410755,0.4155725,104525671.99999997
2011-01-07 09:30:00,0.417682,0.418385,0.402575,0.414609,152406296.0
2011-01-10 09:30:00,0.411458,0.42138,0.4087235,0.4192705,86195792.00000001
2011-01-11 09:30:00,0.4243745,0.425286,0.4169005,0.4211975,109903207.99999997
2011-01-12 09:30:00,0.427031,0.4299995,0.422109,0.429739,134127104.0
2011-01-13 09:30:00,0.4312755,0.433721,0.4269525,0.4310935,131608832.0
2011-01-14 09:30:00,0.430885,0.4405725,0.4280725,0.4404425,61271864.00000002
2011-01-18 09:30:00,0.4291925,0.445312,0.428463,0.443958,138667912.00000003
2011-01-19 09:30:00,0.4462235,0.4462235,0.424635,0.429088,150354192.00000003
2011-01-20 09:30:00,0.423958,0.4250255,0.4098955,0.4194525,189764920.0
2011-01-21 09:30:00,0.4255725,0.4281245,0.409583,0.4098695,104827496.00000003
2011-01-24 09:30:00,0.412161,0.427161,0.409976,0.4267965,86550224.0
2011-01-25 09:30:00,0.421041,0.4288535,0.4179685,0.428281,96442080.0
2011-01-26 09:30:00,0.431041,0.438958,0.427057,0.4349215,100097760.0
2011-01-27 09:30:00,0.4400255,0.4470045,0.43763,0.443307,111332456.00000001
2011-01-28 09:30:00,0.443463,0.4442965,0.403984,0.4098695,254518520.00000006
2011-01-31 09:30:00,0.411484,0.419062,0.4023435,0.415937,160309408.0
2011-02-01 09:30:00,0.4255205,0.4419265,0.423906,0.439036,203436104.0
2011-02-02 09:30:00,0.4367185,0.441562,0.434299,0.437057,92382423.99999999
2011-02-03 09:30:00,0.434635,0.4411195,0.4241405,0.4387495,131528959.99999999
2011-02-04 09:30:00,0.4398695,0.4473955,0.435885,0.446666,135946112.00000003
2011-02-07 09:30:00,0.4494525,0.4601295,0.447239,0.4531505,103783391.99999999
2011-02-08 09:30:00,0.453307,0.462812,0.451041,0.462812,133940863.99999997
2011-02-09 09:30:00,0.459739,0.4638015,0.4554945,0.4599995,130395008.00000001
2011-02-10 09:30:00,0.4523435,0.463174,0.4492185,0.462239,142078600.0
2011-02-11 09:30:00,0.4579685,0.4720045,0.4557285,0.4717185,94553944.00000001
2011-02-14 09:30:00,0.471614,0.4768745,0.470364,0.474687,59696695.99999999
2011-02-15 09:30:00,0.472057,0.474505,0.4667185,0.473463,93506775.99999999
2011-02-16 09:30:00,0.477187,0.486015,0.476484,0.482213,141101704.00000003
2011-02-17 09:30:00,0.4751035,0.4843745,0.4742185,0.4817965,86729935.99999999
2011-02-18 09:30:00,0.482083,0.48401,0.473359,0.479062,128203136.00000001
2011-02-22 09:30:00,0.4599475,0.463541,0.4348955,0.4368745,243616752.00000003
2011-02-23 09:30:00,0.4367445,0.441432,0.4163015,0.4260935,194374464.00000003
2011-02-24 09:30:00,0.429088,0.436458,0.416666,0.432161,160245664.0
2011-02-25 09:30:00,0.440208,0.452529,0.438958,0.4506765,106874983.99999997
2011-02-28 09:30:00,0.455833,0.4603025,0.445781,0.453958,104854759.99999999
2011-03-01 09:30:00,0.4600515,0.4600515,0.428385,0.432135,123235896.00000001
2011-03-02 09:30:00,0.4313015,0.447135,0.430937,0.4382285,114195376.0
2011-03-03 09:30:00,0.450989,0.4667705,0.450937,0.4643745,133382911.99999999
2011-03-04 09:30:00,0.464583,0.464583,0.4484445,0.4574995,109415719.99999999
2011-03-07 09:30:00,0.4632285,0.46401,0.4269785,0.4392705,137628424.0
2011-03-08 09:30:00,0.4367705,0.450208,0.429687,0.4438535,128916416.0
2011-03-09 09:30:00,0.440208,0.4407775,0.4281765,0.4348955,97046880.0
2011-03-10 09:30:00,0.4194785,0.4231765,0.409739,0.4149995,175555176.0
2011-03-11 09:30:00,0.4080725,0.4254685,0.4074475,0.4219265,102529439.99999999
2011-03-14 09:30:00,0.4150515,0.4244785,0.408389,0.417812,80355728.00000001
2011-03-15 09:30:00,0.3806245,0.4076035,0.3768225,0.400729,188309752.0
2011-03-16 09:30:00,0.390729,0.3968225,0.363281,0.3713015,217411416.00000006
2011-03-17 09:30:00,0.388281,0.393229,0.3806245,0.380989,117429424.0
2011-03-18 09:30:00,0.3943225,0.394479,0.3781245,0.378906,118708144.0
2011-03-21 09:30:00,0.3955205,0.4062495,0.393854,0.4000515,95488599.99999999
2011-03-22 09:30:00,0.4019265,0.4031245,0.395833,0.398958,64342528.00000001
2011-03-23 09:30:00,0.394062,0.408536,0.3860415,0.404995,104652968.0
2011-03-24 09:30:00,0.414479,0.429583,0.4073955,0.427031,130863104.0
2011-03-25 09:30:00,0.4313015,0.438541,0.428385,0.430156,148309583.99999997
2011-03-28 09:30:00,0.435989,0.436041,0.4223435,0.422864,89175256.0
2011-03-29 09:30:00,0.420312,0.4351035,0.415937,0.4349995,67543360.0
2011-03-30 09:30:00,0.441666,0.4430725,0.4357285,0.441406,67594815.99999999
2011-03-31 09:30:00,0.439583,0.4443745,0.4369785,0.443281,57074168.0
2011-04-01 09:30:00,0.449635,0.453958,0.4401035,0.443958,75548040.0
2011-04-04 09:30:00,0.44776,0.448851,0.4338015,0.4399475,62815159.99999999
2011-04-05 09:30:00,0.436666,0.4437495,0.433314,0.4349475,54594864.0
2011-04-06 09:30:00,0.445364,0.449687,0.431354,0.4382285,66807615.99999998
2011-04-07 09:30:00,0.438541,0.446505,0.429088,0.4381245,72128711.99999999
2011-04-08 09:30:00,0.444166,0.4457285,0.4250515,0.431562,50452656.0
2011-04-11 09:30:00,0.436562,0.439531,0.423385,0.427656,56472824.00000001
2011-04-12 09:30:00,0.421614,0.424791,0.4138015,0.4192185,67456191.99999999
2011-04-13 09:30:00,0.428281,0.43276,0.4192495,0.4292185,70830016.0
2011-04-14 09:30:00,0.42026,0.4288535,0.415104,0.4268745,68013568.00000003
2011-04-15 09:30:00,0.4218745,0.429687,0.416562,0.424114,149666256.0
2011-04-18 09:30:00,0.4118225,0.4161455,0.3949995,0.415937,125752248.0
2011-04-19 09:30:00,0.418541,0.423437,0.412396,0.423437,107986856.00000001
2011-04-20 09:30:00,0.445781,0.453312,0.4442705,0.451614,131698688.0
2011-04-21 09:30:00,0.4657285,0.465885,0.4589065,0.4630725,64968255.99999999
2011-04-25 09:30:00,0.464739,0.467187,0.461562,0.46651,45706024.0
2011-04-26 09:30:00,0.470312,0.479167,0.4674475,0.474531,44984104.0
2011-04-27 09:30:00,0.476562,0.4855725,0.4706245,0.4843745,62659447.99999999
2011-04-28 09:30:00,0.479635,0.4838535,0.4757685,0.4836455,66609280.0
2011-04-29 09:30:00,0.4798955,0.4848435,0.477864,0.4813015,52424688.00000001
2011-05-02 09:30:00,0.483385,0.486458,0.474445,0.4786975,53869104.00000001
2011-05-03 09:30:00,0.477187,0.478541,0.4625445,0.47151,53115887.99999999
2011-05-04 09:30:00,0.471458,0.475468,0.4576035,0.4687495,81940112.0
2011-05-05 09:30:00,0.4618745,0.4780725,0.456614,0.461718,95761432.00000001
2011-05-06 09:30:00,0.475781,0.4832775,0.462031,0.4657285,76835207.99999999
2011-05-09 09:30:00,0.467916,0.47651,0.462969,0.470781,41940904.0
2011-05-10 09:30:00,0.475416,0.4848955,0.472864,0.482864,55365936.00000001
2011-05-11 09:30:00,0.4814055,0.486002,0.462708,0.4724475,64912960.0
2011-05-12 09:30:00,0.4674995,0.482758,0.4599475,0.480781,60328760.00000001
2011-05-13 09:30:00,0.4775515,0.479755,0.463281,0.463747,74040648.00000001
2011-05-16 09:30:00,0.457656,0.4613015,0.436562,0.439635,79863624.0
2011-05-17 09:30:00,0.4330205,0.443489,0.4303665,0.443229,89944600.0
2011-05-18 09:30:00,0.441614,0.456614,0.439791,0.45401,42986920.0
2011-05-19 09:30:00,0.4592705,0.460989,0.4501035,0.457916,52613424.0
2011-05-20 09:30:00,0.4563535,0.4581245,0.446158,0.447812,43644904.00000001
2011-05-23 09:30:00,0.4294265,0.4330935,0.4220205,0.428385,77536392.0
2011-05-24 09:30:00,0.431666,0.431666,0.420208,0.420312,67932352.0
2011-05-25 09:30:00,0.418281,0.430885,0.4180205,0.4249995,54067440.0
2011-05-26 09:30:00,0.420833,0.43651,0.420833,0.4329685,47180584.0
2011-05-27 09:30:00,0.4351035,0.4407285,0.434166,0.4394265,35043872.0
2011-05-31 09:30:00,0.452083,0.4605725,0.444948,0.4605725,55452528.00000002
2011-06-01 09:30:00,0.4575515,0.460469,0.4298955,0.4311455,92552152.0
2011-06-02 09:30:00,0.4330725,0.43776,0.4264955,0.4336455,46774503.99999999
2011-06-03 09:30:00,0.418437,0.4279685,0.4124995,0.413958,81476815.99999999
2011-06-06 09:30:00,0.412031,0.417291,0.4034825,0.403958,53712816.0
2011-06-07 09:30:00,0.407083,0.4117655,0.400885,0.401614,56316535.99999999
2011-06-08 09:30:00,0.398854,0.400937,0.389583,0.3929685,93515031.99999999
2011-06-09 09:30:00,0.3931245,0.400312,0.389462,0.394687,44521959.99999999
2011-06-10 09:30:00,0.3893225,0.3919785,0.375989,0.376562,55698671.99999999
2011-06-13 09:30:00,0.3781765,0.382604,0.3730205,0.3768225,59094584.0
2011-06-14 09:30:00,0.385312,0.394114,0.385208,0.390833,58508792.0
2011-06-15 09:30:00,0.38026,0.387031,0.3669265,0.369479,89590552.0
2011-06-16 09:30:00,0.369687,0.3731765,0.35526,0.3643225,85324112.0
2011-06-17 09:30:00,0.374635,0.3760415,0.3584425,0.361614,89965720.0
2011-06-20 09:30:00,0.3580725,0.3701035,0.3580725,0.366406,47543272.00000001
2011-06-21 09:30:00,0.3711455,0.391562,0.3661975,0.390833,74470344.0
2011-06-22 09:30:00,0.3856245,0.3923955,0.3817705,0.382031,62425784.00000001
2011-06-23 09:30:00,0.369479,0.3931245,0.3660415,0.392604,116112880.0
2011-06-24 09:30:00,0.3867705,0.3879685,0.370104,0.3719265,94041304.0
2011-06-27 09:30:00,0.3736975,0.395104,0.371562,0.3899995,74851848.0
2011-06-28 09:30:00,0.392812,0.407703,0.391354,0.4074995,57780152.0
2011-06-29 09:30:00,0.4110935,0.414583,0.4036455,0.412604,68404671.99999999
2011-06-30 09:30:00,0.4169265,0.429531,0.4161975,0.428281,90928600.00000001
2011-07-01 09:30:00,0.429687,0.449791,0.425963,0.4481245,76709640.0
2011-07-05 09:30:00,0.449635,0.456041,0.4467705,0.454583,73472712.00000001
2011-07-06 09:30:00,0.453437,0.4613535,0.448958,0.4594265,79820808.0
2011-07-07 09:30:00,0.4695305,0.482031,0.467864,0.4780205,107280296.0
2011-07-08 09:30:00,0.465885,0.4742185,0.458291,0.474062,146027856.0
2011-07-11 09:30:00,0.459583,0.4663015,0.4436455,0.4486455,135430976.0
2011-07-12 09:30:00,0.4480205,0.450937,0.437083,0.437708,101069472.0
2011-07-13 09:30:00,0.4474475,0.4568745,0.438894,0.443541,115287664.00000001
2011-07-14 09:30:00,0.4474475,0.4531765,0.4232285,0.428281,124745016.0
2011-07-15 09:30:00,0.4430205,0.445312,0.4338535,0.445312,96386400.0
2011-07-18 09:30:00,0.4386455,0.4436455,0.4255205,0.4379685,84678032.0
2011-07-19 09:30:00,0.4511455,0.4695305,0.4510415,0.4688535,144884112.0
2011-07-20 09:30:00,0.4763015,0.476562,0.460416,0.462291,107689831.99999999
2011-07-21 09:30:00,0.4636975,0.479166,0.4562495,0.471666,131300672.0
2011-07-22 09:30:00,0.4712495,0.4881765,0.4698955,0.4863225,91837336.0
2011-07-25 09:30:00,0.4742705,0.491135,0.471927,0.483437,80190416.0
2011-07-26 09:30:00,0.4818225,0.4919785,0.479531,0.4860935,103442400.0
2011-07-27 09:30:00,0.477239,0.4781205,0.445833,0.4492185,144268560.0
2011-07-28 09:30:00,0.4500515,0.4684365,0.444739,0.451614,123418872.0
2011-07-29 09:30:00,0.4405205,0.4611455,0.4342185,0.447239,149821968.00000003
2011-08-01 09:30:00,0.463437,0.465833,0.4249995,0.4411975,197603712.00000003
2011-08-02 09:30:00,0.4344785,0.440416,0.405989,0.407708,177291632.0
2011-08-03 09:30:00,0.4087495,0.420364,0.387812,0.418281,176115248.00000003
2011-08-04 09:30:00,0.4010415,0.4030205,0.3612495,0.361354,292614624.0
2011-08-05 09:30:00,0.373333,0.3779685,0.323802,0.353385,317985528.0
2011-08-08 09:30:00,0.3222395,0.33976,0.2906245,0.2913015,385456320.0
2011-08-09 09:30:00,0.302812,0.332239,0.2791145,0.3311975,426837928.0
2011-08-10 09:30:00,0.30901,0.323452,0.2904165,0.292135,323826368.0
2011-08-11 09:30:00,0.3034895,0.3396345,0.2997985,0.329635,286573144.00000006
2011-08-12 09:30:00,0.337135,0.34401,0.3253645,0.3380205,250421432.00000003
2011-08-15 09:30:00,0.3422395,0.352708,0.3375515,0.352604,151641168.0
2011-08-16 09:30:00,0.3430205,0.352708,0.330104,0.3435415,150767760.0
2011-08-17 09:30:00,0.3456245,0.353854,0.3274995,0.3379685,212822031.99999997
2011-08-18 09:30:00,0.3104165,0.3105205,0.279635,0.288958,330035272.00000006
2011-08-19 09:30:00,0.2791145,0.300104,0.2718745,0.27276,287320216.00000006
2011-08-22 09:30:00,0.291927,0.292552,0.2729685,0.275208,217791768.00000003
2011-08-23 09:30:00,0.2810935,0.309479,0.2778645,0.3092705,286363480.0
2011-08-24 09:30:00,0.307656,0.318333,0.2993745,0.316562,198073152.0
2011-08-25 09:30:00,0.315885,0.320364,0.2980205,0.301354,152900312.0
2011-08-26 09:30:00,0.2986455,0.3268225,0.289427,0.3231245,222733271.99999994
2011-08-29 09:30:00,0.333333,0.3518225,0.333333,0.3506245,226571744.0
2011-08-30 09:30:00,0.3468745,0.36401,0.3411455,0.35776,229086176.00000003
2011-08-31 09:30:00,0.3643745,0.372864,0.3504685,0.3598435,256553728.0
2011-09-01 09:30:00,0.362187,0.3705725,0.347656,0.349687,197870783.99999997
2011-09-02 09:30:00,0.3299995,0.335153,0.319635,0.325208,154146968.00000003
2011-09-06 09:30:00,0.3022395,0.326609,0.3,0.325156,170836968.0
2011-09-07 09:30:00,0.3392705,0.3499995,0.336484,0.349739,160299424.0
2011-09-08 09:30:00,0.3441665,0.359604,0.341822,0.3448955,199117631.99999997
2011-09-09 09:30:00,0.3385415,0.3422395,0.315729,0.322187,207673160.0
2011-09-12 09:30:00,0.311562,0.3349995,0.310906,0.3342705,240181679.99999994
2011-09-13 09:30:00,0.3381245,0.3497915,0.333437,0.347239,280452951.99999994
2011-09-14 09:30:00,0.353281,0.3744785,0.3424995,0.362239,234225832.0
2011-09-15 09:30:00,0.3747915,0.3804685,0.363437,0.3786975,235652967.99999997
2011-09-16 09:30:00,0.3816665,0.390204,0.379062,0.3885935,246256176.0
2011-09-19 09:30:00,0.3748435,0.3955675,0.365,0.389583,248028536.0
2011-09-20 09:30:00,0.395208,0.404635,0.381614,0.384062,239939944.0
2011-09-21 09:30:00,0.3900515,0.395937,0.3642365,0.364531,234533224.0
2011-09-22 09:30:00,0.3368225,0.345989,0.3130205,0.329062,336880272.00000006
2011-09-23 09:30:00,0.320677,0.343489,0.3199995,0.3393225,261491391.99999997
2011-09-26 09:30:00,0.344583,0.352708,0.3218745,0.350833,247073519.99999997
2011-09-27 09:30:00,0.3692705,0.3781245,0.3546645,0.361562,259144383.99999997
2011-09-28 09:30:00,0.366666,0.373768,0.343489,0.344531,269346887.99999994
2011-09-29 09:30:00,0.361927,0.362799,0.316458,0.3343225,337400784.0
2011-09-30 09:30:00,0.3210935,0.328437,0.3072915,0.308333,287791960.0
2011-10-03 09:30:00,0.299583,0.3141665,0.2837495,0.2841665,411055127.99999994
2011-10-04 09:30:00,0.275312,0.303281,0.266927,0.301458,690290224.0000001
2011-10-05 09:30:00,0.2993745,0.3273435,0.2924475,0.3243745,522132423.99999994
2011-10-06 09:30:00,0.323958,0.3410415,0.3192185,0.3410415,456675144.0000001
2011-10-07 09:30:00,0.3400515,0.3450515,0.327604,0.33401,288367200.0
2011-10-10 09:30:00,0.3510415,0.368281,0.349583,0.368281,217243800.00000003
2011-10-11 09:30:00,0.365729,0.3787495,0.363958,0.3761455,201218888.00000003
2011-10-12 09:30:00,0.3873435,0.394531,0.380937,0.382187,259428736.0
2011-10-13 09:30:00,0.3798955,0.393906,0.3785935,0.3924475,187439224.0
2011-10-14 09:30:00,0.4073435,0.414062,0.4006245,0.414062,191491383.99999997
2011-10-17 09:30:00,0.4081765,0.4120305,0.388333,0.3948955,1094710016.0
2011-10-18 09:30:00,0.393489,0.4158845,0.382135,0.4092185,285775192.00000006
2011-10-19 09:30:00,0.403958,0.406614,0.382035,0.3856245,242332656.0
2011-10-20 09:30:00,0.384739,0.3866665,0.363802,0.380729,203233736.00000003
2011-10-21 09:30:00,0.392239,0.4016665,0.383906,0.3942705,188747512.0
2011-10-24 09:30:00,0.398906,0.422083,0.397608,0.418906,197415936.0
2011-10-25 09:30:00,0.4144265,0.415208,0.391614,0.395156,201109831.99999997
2011-10-26 09:30:00,0.4010415,0.403437,0.3711455,0.3935935,384365568.0
2011-10-27 09:30:00,0.421041,0.432291,0.4087495,0.425312,331381959.99999994
2011-10-28 09:30:00,0.4174995,0.428385,0.4174995,0.4267185,127255608.0
2011-10-31 09:30:00,0.415312,0.420437,0.404739,0.4055725,158185304.00000003
2011-11-01 09:30:00,0.3763015,0.3848955,0.367552,0.3741665,393080455.99999994
2011-11-02 09:30:00,0.3849475,0.3880935,0.3728645,0.383385,244024560.00000003
2011-11-03 09:30:00,0.39276,0.4085935,0.3791665,0.4067185,286561623.99999994
2011-11-04 09:30:00,0.400729,0.405781,0.3885965,0.4004165,158505367.99999997
2011-11-07 09:30:00,0.4004685,0.410104,0.3880205,0.4093225,223336344.0
2011-11-08 09:30:00,0.4180205,0.425416,0.404239,0.4229685,207036679.99999997
2011-11-09 09:30:00,0.398385,0.4004685,0.376159,0.3792185,222808344.00000003
2011-11-10 09:30:00,0.390312,0.3911455,0.367187,0.377656,178141232.0
2011-11-11 09:30:00,0.388385,0.40276,0.386614,0.398854,171532776.00000003
2011-11-14 09:30:00,0.39651,0.4029165,0.3875515,0.392083,113575792.00000001
2011-11-15 09:30:00,0.389114,0.409687,0.3874995,0.404687,220482263.99999997
2011-11-16 09:30:00,0.396041,0.4052755,0.382812,0.384739,242724912.00000003
2011-11-17 09:30:00,0.381979,0.382291,0.351042,0.358281,446592823.99999994
2011-11-18 09:30:00,0.358229,0.3593745,0.347812,0.349687,236198248.00000003
2011-11-21 09:30:00,0.3361455,0.3368225,0.3191145,0.3293745,272530832.0
2011-11-22 09:30:00,0.32651,0.335885,0.321255,0.332239,321078464.00000006
2011-11-23 09:30:00,0.3254165,0.326354,0.3098955,0.310156,310397104.0
2011-11-25 09:30:00,0.3067705,0.317131,0.3031245,0.3031245,123551735.99999999
2011-11-28 09:30:00,0.325312,0.335937,0.325104,0.334427,263053888.0
2011-11-29 09:30:00,0.333385,0.341716,0.325833,0.328385,234891111.99999997
2011-11-30 09:30:00,0.35526,0.365677,0.352239,0.3644265,242876400.00000003
2011-12-01 09:30:00,0.3648435,0.375156,0.363906,0.372239,183839216.0
2011-12-02 09:30:00,0.383229,0.383489,0.368333,0.3686975,129063488.0
2011-12-05 09:30:00,0.386406,0.388854,0.3749995,0.380781,189333688.0
2011-12-06 09:30:00,0.382604,0.3854165,0.3744785,0.377864,141354184.0
2011-12-07 09:30:00,0.3749995,0.383312,0.363437,0.378437,154136024.00000003
2011-12-08 09:30:00,0.370833,0.3793745,0.3569265,0.3591665,261593535.99999994
2011-12-09 09:30:00,0.3623435,0.379531,0.361406,0.3761975,196256831.99999997
2011-12-12 09:30:00,0.364583,0.3649475,0.3541665,0.363854,214822287.99999997
2011-12-13 09:30:00,0.370781,0.375156,0.34701,0.351562,231576992.00000003
2011-12-14 09:30:00,0.3473435,0.348437,0.3292705,0.335208,410935128.0
2011-12-15 09:30:00,0.344687,0.3447915,0.330937,0.332604,307611568.0
2011-12-16 09:30:00,0.3380725,0.3510415,0.335833,0.3367705,280941208.0
2011-12-19 09:30:00,0.341354,0.3435415,0.3248955,0.3274475,200718919.99999997
2011-12-20 09:30:00,0.3429685,0.3575935,0.3429685,0.35651,268849223.99999994
2011-12-21 09:30:00,0.350417,0.350417,0.3291665,0.3416665,343710480.0
2011-12-22 09:30:00,0.3430205,0.3505205,0.342083,0.3499995,201598663.99999997
2011-12-23 09:30:00,0.351979,0.359114,0.3499475,0.359062,110938855.99999999
2011-12-27 09:30:00,0.357708,0.3656245,0.3562495,0.3618225,139776712.0
2011-12-28 09:30:00,0.360937,0.362239,0.3467705,0.350208,200640391.99999997
2011-12-29 09:30:00,0.3511975,0.3578645,0.348229,0.357031,136389064.0
2011-12-30 09:30:00,0.3549475,0.359562,0.353906,0.3541145,115608688.0
2012-01-03 09:30:00,0.374062,0.3798955,0.3717705,0.3742705,202967432.0
2012-01-04 09:30:00,0.3724995,0.3805725,0.367708,0.3787495,119723248.00000001
2012-01-05 09:30:00,0.3768225,0.3893225,0.3723955,0.3880725,139597960.0
2012-01-06 09:30:00,0.389114,0.3949475,0.3843225,0.392083,207511496.0
2012-01-09 09:30:00,0.395312,0.395937,0.3848955,0.3888015,154810520.0
2012-01-10 09:30:00,0.401354,0.404479,0.394062,0.3967705,157856792.00000003
2012-01-11 09:30:00,0.3967705,0.402083,0.3925,0.399531,138671560.00000003
2012-01-12 09:30:00,0.402708,0.4057285,0.3935935,0.4042705,154690327.99999994
2012-01-13 09:30:00,0.3980205,0.40014,0.389531,0.399635,155151511.99999997
2012-01-17 09:30:00,0.410833,0.415778,0.4062495,0.410364,129585919.99999997
2012-01-18 09:30:00,0.413333,0.427083,0.410989,0.426666,213925264.00000003
2012-01-19 09:30:00,0.432708,0.4373435,0.430781,0.435208,228289375.99999997
2012-01-20 09:30:00,0.4293745,0.4336455,0.4285935,0.433281,80195791.99999999
2012-01-23 09:30:00,0.4331765,0.4426035,0.426041,0.4332285,137656071.99999997
2012-01-24 09:30:00,0.427708,0.434531,0.425364,0.430833,96036960.00000001
2012-01-25 09:30:00,0.4444265,0.4505205,0.434531,0.447291,203114119.99999997
2012-01-26 09:30:00,0.4530205,0.4554685,0.4363015,0.4425515,187271416.0
2012-01-27 09:30:00,0.4399995,0.448854,0.4392705,0.4469265,168827688.0
2012-01-30 09:30:00,0.4355205,0.4494785,0.4303955,0.447656,169182312.0
2012-01-31 09:30:00,0.454062,0.4567185,0.440911,0.4492185,198433535.99999997
2012-02-01 09:30:00,0.4569265,0.46526,0.4526035,0.46026,176083568.0
2012-02-02 09:30:00,0.4647915,0.469166,0.4592705,0.4649995,144900239.99999997
2012-02-03 09:30:00,0.477864,0.4851555,0.475364,0.483489,155162839.99999997
2012-02-06 09:30:00,0.4780205,0.4830725,0.474687,0.4830205,130885184.0
2012-02-07 09:30:00,0.4817705,0.488437,0.475208,0.4851035,130187647.99999999
2012-02-08 09:30:00,0.485833,0.4931765,0.480588,0.4931765,155070487.99999997
2012-02-09 09:30:00,0.498541,0.5057285,0.490156,0.504114,152798360.0
2012-02-10 09:30:00,0.493437,0.4974995,0.4882285,0.493333,194803391.99999997
2012-02-13 09:30:00,0.5043745,0.508906,0.4979685,0.506635,159569048.0
2012-02-14 09:30:00,0.5037495,0.511041,0.4986455,0.511041,173903400.0
2012-02-15 09:30:00,0.518385,0.526718,0.4979685,0.499635,383963704.0
2012-02-16 09:30:00,0.5011455,0.5226035,0.4970305,0.5205205,252330296.00000003
2012-02-17 09:30:00,0.520989,0.522239,0.5093745,0.516093,161963488.0
2012-02-21 09:30:00,0.5180725,0.527083,0.5106245,0.520468,164479456.0
2012-02-22 09:30:00,0.517291,0.5218225,0.511093,0.513593,125754744.00000001
2012-02-23 09:30:00,0.515364,0.5249475,0.507812,0.523333,210447183.99999997
2012-02-24 09:30:00,0.527708,0.53151,0.524916,0.528437,134593280.0
2012-02-27 09:30:00,0.5193745,0.536041,0.5132805,0.530989,185076855.99999997
2012-02-28 09:30:00,0.532083,0.5468745,0.5304685,0.5468745,192064704.00000003
2012-02-29 09:30:00,0.548541,0.5536455,0.534687,0.539687,267251976.00000003
2012-03-01 09:30:00,0.545989,0.554114,0.5411975,0.552812,234784552.00000003
2012-03-02 09:30:00,0.550937,0.556666,0.5461455,0.5511455,166281183.99999997
2012-03-05 09:30:00,0.5505725,0.552343,0.528854,0.533958,244470959.99999997
2012-03-06 09:30:00,0.518958,0.5218745,0.5101035,0.5186455,216301272.0
2012-03-07 09:30:00,0.525833,0.5338535,0.523541,0.530416,187357815.99999997
2012-03-08 09:30:00,0.5394265,0.552083,0.536458,0.547239,125036664.0
2012-03-09 09:30:00,0.550468,0.557239,0.549166,0.5538535,154929751.99999997
2012-03-12 09:30:00,0.5531765,0.556718,0.546718,0.554739,151632912.0
2012-03-13 09:30:00,0.5644785,0.586093,0.5607805,0.585989,191903223.99999997
2012-03-14 09:30:00,0.5877075,0.5986975,0.581458,0.5925515,243064176.00000003
2012-03-15 09:30:00,0.5974475,0.6007805,0.5886975,0.5970825,197592575.99999997
2012-03-16 09:30:00,0.5999995,0.6001035,0.5918225,0.5957805,138287751.99999997
2012-03-19 09:30:00,0.5987495,0.61276,0.5945305,0.6087495,192070079.99999997
2012-03-20 09:30:00,0.5994265,0.61401,0.594489,0.6120825,184512952.00000003
2012-03-21 09:30:00,0.6126555,0.622187,0.609635,0.6118745,156661592.0
2012-03-22 09:30:00,0.600963,0.6124475,0.6006245,0.6081765,213373456.00000003
2012-03-23 09:30:00,0.6105725,0.6109885,0.5968745,0.607343,157481432.0
2012-03-26 09:30:00,0.618645,0.639062,0.617968,0.639062,158633624.0
2012-03-27 09:30:00,0.639739,0.6495825,0.6394785,0.64151,181042543.99999997
2012-03-28 09:30:00,0.6427075,0.6500515,0.6227075,0.63401,192008831.99999997
2012-03-29 09:30:00,0.6250515,0.633796,0.613385,0.6274995,172586088.00000003
2012-03-30 09:30:00,0.635416,0.636145,0.6157025,0.6231245,126366840.00000001
2012-04-02 09:30:00,0.6214055,0.6449995,0.618218,0.6421345,125471352.00000001
2012-04-03 09:30:00,0.6449475,0.650885,0.6311975,0.642187,167496928.0
2012-04-04 09:30:00,0.627135,0.628541,0.6049475,0.615989,205176584.0
2012-04-05 09:30:00,0.6126035,0.628778,0.611041,0.627239,154727768.00000003
2012-04-09 09:30:00,0.603385,0.6206245,0.6005725,0.612812,144391631.99999997
2012-04-10 09:30:00,0.611666,0.619166,0.5776035,0.5832285,293894112.0
2012-04-11 09:30:00,0.5993745,0.603385,0.587343,0.591666,169756392.0
2012-04-12 09:30:00,0.5951555,0.6139525,0.592968,0.61151,178980656.00000003
2012-04-13 09:30:00,0.605364,0.605885,0.5833855,0.583869,183315248.00000003
2012-04-16 09:30:00,0.593593,0.5939055,0.5593745,0.565468,200651719.99999997
2012-04-17 09:30:00,0.5724995,0.604213,0.5693745,0.5988015,189372663.99999997
2012-04-18 09:30:00,0.593437,0.604739,0.5889525,0.5944265,129096319.99999997
2012-04-19 09:30:00,0.5881765,0.6093745,0.567968,0.575208,200266184.00000003
2012-04-20 09:30:00,0.583541,0.5913535,0.5670305,0.56901,171021480.0
2012-04-23 09:30:00,0.5543745,0.55651,0.5388015,0.554687,140853639.99999997
2012-04-24 09:30:00,0.5511975,0.5576555,0.5380725,0.5448955,130577791.99999999
2012-04-25 09:30:00,0.5787495,0.58927,0.5761455,0.5881765,153017816.0
2012-04-26 09:30:00,0.587343,0.60276,0.585937,0.5986975,142897288.0
2012-04-27 09:30:00,0.606041,0.61526,0.596718,0.6089575,104922728.0
2012-04-30 09:30:00,0.603541,0.6074475,0.5949995,0.5963015,96432288.00000001
2012-05-01 09:30:00,0.59302,0.619218,0.592239,0.599687,105346088.00000001
2012-05-02 09:30:00,0.5899995,0.605832,0.586614,0.603645,77864711.99999999
2012-05-03 09:30:00,0.6057285,0.6069265,0.5807285,0.584895,100745760.00000001
2012-05-04 09:30:00,0.5689055,0.571614,0.541666,0.5419785,182407088.0
2012-05-07 09:30:00,0.531666,0.5506765,0.531093,0.54276,211287183.99999997
2012-05-08 09:30:00,0.5323435,0.542291,0.5106765,0.5367705,276675152.0
2012-05-09 09:30:00,0.518489,0.5405725,0.51151,0.5338015,269998536.0
2012-05-10 09:30:00,0.539114,0.539583,0.5224995,0.528333,203065544.00000003
2012-05-11 09:30:00,0.5219785,0.5451035,0.5217705,0.527812,96172608.0
2012-05-14 09:30:00,0.5151035,0.5257285,0.5111455,0.5132285,164816128.0
2012-05-15 09:30:00,0.519062,0.5302075,0.505833,0.5087495,151389839.99999997
2012-05-16 09:30:00,0.514166,0.5183325,0.4951035,0.497708,149007888.0
2012-05-17 09:30:00,0.498541,0.500729,0.4668745,0.467083,261175360.0
2012-05-18 09:30:00,0.471458,0.474583,0.447187,0.448333,281915320.0
2012-05-21 09:30:00,0.450937,0.487186,0.4494785,0.486041,206839880.0
2012-05-22 09:30:00,0.489687,0.4961455,0.4735415,0.4842705,193248480.0
2012-05-23 09:30:00,0.472291,0.4907285,0.459687,0.4869785,161944864.0
2012-05-24 09:30:00,0.489583,0.4907285,0.466666,0.4782285,154892600.00000003
2012-05-25 09:30:00,0.479062,0.481354,0.4713535,0.4755205,62542424.0
2012-05-29 09:30:00,0.489062,0.500415,0.4807285,0.493212,141755848.00000003
2012-05-30 09:30:00,0.480208,0.486458,0.472188,0.4812495,124687320.00000001
2012-05-31 09:30:00,0.4795825,0.4831245,0.464062,0.4743745,166128736.00000003
2012-06-01 09:30:00,0.449791,0.4579165,0.436666,0.437083,224392351.99999997
2012-06-04 09:30:00,0.440937,0.448958,0.429062,0.446458,229017344.0
2012-06-05 09:30:00,0.4423955,0.4549995,0.4417705,0.4526035,196480224.0
2012-06-06 09:30:00,0.4631245,0.484583,0.461458,0.483541,171955464.0
2012-06-07 09:30:00,0.4980205,0.498541,0.476459,0.4781245,171975528.0
2012-06-08 09:30:00,0.4751035,0.493541,0.4706275,0.492187,126561144.00000001
2012-06-11 09:30:00,0.5023955,0.5037485,0.465937,0.4686455,181998416.0
2012-06-12 09:30:00,0.4724995,0.4842705,0.464062,0.483437,135363296.00000003
2012-06-13 09:30:00,0.479687,0.4905205,0.4686455,0.473958,97045920.0
2012-06-14 09:30:00,0.473437,0.4843745,0.465937,0.47927,131444191.99999999
2012-06-15 09:30:00,0.4826035,0.4986455,0.482291,0.496979,169231848.0
2012-06-18 09:30:00,0.4914575,0.514265,0.488437,0.509791,177244208.0
2012-06-19 09:30:00,0.5183325,0.532916,0.5176035,0.526562,162810400.00000003
2012-06-20 09:30:00,0.5294785,0.5344685,0.5157285,0.528437,194697408.00000003
2012-06-21 09:30:00,0.5263535,0.528437,0.4867705,0.4888535,156374360.0
2012-06-22 09:30:00,0.492812,0.5057285,0.489484,0.504062,140334375.99999997
2012-06-25 09:30:00,0.4911265,0.491666,0.470312,0.474156,134266688.00000003
2012-06-26 09:30:00,0.478958,0.487395,0.472708,0.4833745,136812904.0
2012-06-27 09:30:00,0.4888535,0.498541,0.487395,0.492187,117295984.0
2012-06-28 09:30:00,0.480833,0.482083,0.460416,0.4744785,209812432.0
2012-06-29 09:30:00,0.5031245,0.520833,0.498437,0.520833,246808368.00000003
2012-07-02 09:30:00,0.522395,0.526041,0.513542,0.5249995,125708280.0
2012-07-03 09:30:00,0.525937,0.5383325,0.523541,0.5374995,93013624.0
2012-07-05 09:30:00,0.537083,0.547291,0.528333,0.5393745,118569040.00000001
2012-07-06 09:30:00,0.532187,0.5331245,0.50801,0.5181245,145363728.00000003
2012-07-09 09:30:00,0.5174995,0.522812,0.508854,0.516354,96127872.00000001
2012-07-10 09:30:00,0.5248955,0.5286455,0.495312,0.5005205,172725000.0
2012-07-11 09:30:00,0.499583,0.503332,0.4806245,0.4936455,221182008.00000006
2012-07-12 09:30:00,0.481562,0.4848955,0.465729,0.4793745,215593072.00000003
2012-07-13 09:30:00,0.4830205,0.503958,0.482083,0.500208,141120328.00000003
2012-07-16 09:30:00,0.4974995,0.5038535,0.4906255,0.496458,108976999.99999997
2012-07-17 09:30:00,0.5055205,0.509166,0.4829215,0.5040935,174123432.00000003
2012-07-18 09:30:00,0.500937,0.529166,0.500833,0.524583,187672504.0
2012-07-19 09:30:00,0.535833,0.5468745,0.532812,0.541666,216245207.99999994
2012-07-20 09:30:00,0.5420825,0.5420825,0.519791,0.520833,165052288.0
2012-07-23 09:30:00,0.490208,0.5070825,0.4787495,0.501562,221783639.99999997
2012-07-24 09:30:00,0.5043745,0.5063535,0.480312,0.4901035,252185143.99999997
2012-07-25 09:30:00,0.4788535,0.4893745,0.471041,0.479166,196668288.0
2012-07-26 09:30:00,0.500729,0.507292,0.4898965,0.497916,231313952.0
2012-07-27 09:30:00,0.509583,0.5367705,0.505208,0.5356245,271327943.99999994
2012-07-30 09:30:00,0.538437,0.545208,0.5276035,0.5323955,183238736.0
2012-07-31 09:30:00,0.5356245,0.5416765,0.531041,0.532708,132845791.99999999
2012-08-01 09:30:00,0.5437495,0.544061,0.5218745,0.5274995,151026000.00000003
2012-08-02 09:30:00,0.5151035,0.537812,0.510541,0.5219785,166049344.0
2012-08-03 09:30:00,0.5474995,0.562916,0.54177,0.551666,195181920.0
2012-08-06 09:30:00,0.5607285,0.571562,0.55708,0.564062,127727927.99999999
2012-08-07 09:30:00,0.5724995,0.5852075,0.569166,0.5780205,140594920.0
2012-08-08 09:30:00,0.5737495,0.5813535,0.5711455,0.5770825,86013584.0
2012-08-09 09:30:00,0.577291,0.584895,0.5742705,0.5819785,77611656.0
2012-08-10 09:30:00,0.577187,0.5843745,0.572187,0.5843745,93410872.0
2012-08-13 09:30:00,0.5839575,0.587916,0.5744785,0.587916,72046344.0
2012-08-14 09:30:00,0.5945825,0.5981245,0.5838535,0.5887495,110182472.0
2012-08-15 09:30:00,0.587291,0.5956245,0.5868745,0.592916,72020136.0
2012-08-16 09:30:00,0.6001035,0.618541,0.5976245,0.614166,139153767.99999997
2012-08-17 09:30:00,0.6182285,0.6226035,0.61427,0.6226035,113672175.99999999
2012-08-20 09:30:00,0.6214575,0.625416,0.6139575,0.6249995,92065527.99999999
2012-08-21 09:30:00,0.631041,0.6377765,0.610416,0.617812,218270808.0
2012-08-22 09:30:00,0.6131245,0.629062,0.608541,0.6244785,114178960.0
2012-08-23 09:30:00,0.6174995,0.6227075,0.605208,0.6106245,109697960.0
2012-08-24 09:30:00,0.605416,0.6258325,0.602812,0.6214575,104230375.99999999
2012-08-27 09:30:00,0.6295825,0.63177,0.6202075,0.6244785,75585096.0
2012-08-28 09:30:00,0.6224995,0.6293745,0.6164575,0.6243745,87711728.0
2012-08-29 09:30:00,0.6251035,0.629166,0.616562,0.624583,73872264.00000001
2012-08-30 09:30:00,0.6162495,0.6168745,0.602513,0.60552,124654487.99999999
2012-08-31 09:30:00,0.6187495,0.6252075,0.5992715,0.618437,168808392.0
2012-09-04 09:30:00,0.614687,0.622395,0.5973955,0.6158325,149680080.0
2012-09-05 09:30:00,0.6144785,0.6224995,0.608645,0.6130205,100897343.99999999
2012-09-06 09:30:00,0.6248955,0.654791,0.624583,0.653541,154743512.0
2012-09-07 09:30:00,0.6502075,0.654895,0.646145,0.6507285,109670504.00000001
2012-09-10 09:30:00,0.64677,0.65052,0.625312,0.62677,150706703.99999997
2012-09-11 09:30:00,0.6264575,0.6339575,0.6206245,0.624062,140383912.0
2012-09-12 09:30:00,0.6301035,0.634062,0.6176035,0.6294785,153992983.99999997
2012-09-13 09:30:00,0.631145,0.662812,0.628541,0.654593,233706184.00000003
2012-09-14 09:30:00,0.6624995,0.679166,0.661041,0.6713535,286520728.0
2012-09-17 09:30:00,0.673541,0.673541,0.665624,0.6726035,152414167.99999997
2012-09-18 09:30:00,0.6674995,0.675311,0.6674995,0.6738535,100847616.0
2012-09-19 09:30:00,0.6745825,0.683437,0.668541,0.6783325,137612296.0
2012-09-20 09:30:00,0.668437,0.67802,0.6632285,0.67677,144942768.0
2012-09-21 09:30:00,0.686666,0.68802,0.6749995,0.67677,145051728.0
2012-09-24 09:30:00,0.659791,0.6683325,0.6557285,0.66427,140108680.00000003
2012-09-25 09:30:00,0.670312,0.6744785,0.635937,0.6376035,153438487.99999997
2012-09-26 09:30:00,0.6339575,0.635295,0.611666,0.620833,245677680.00000003
2012-09-27 09:30:00,0.62552,0.6512495,0.6227075,0.647187,183283183.99999997
2012-09-28 09:30:00,0.640208,0.6463535,0.629166,0.631666,158109080.0
2012-10-01 09:30:00,0.6406245,0.6517705,0.6220825,0.6289575,156503672.0
2012-10-02 09:30:00,0.636666,0.6420825,0.6189575,0.63302,165774112.00000003
2012-10-03 09:30:00,0.6387495,0.648645,0.631041,0.64501,160138816.0
2012-10-04 09:30:00,0.6494785,0.6576035,0.6426035,0.6524995,152357912.0
2012-10-05 09:30:00,0.6620825,0.6645825,0.6368745,0.6412495,116542287.99999999
2012-10-08 09:30:00,0.6307285,0.6344785,0.619687,0.62427,104945575.99999999
2012-10-09 09:30:00,0.618645,0.61927,0.5899995,0.592187,182542256.00000003
2012-10-10 09:30:00,0.594166,0.5987495,0.582291,0.5849995,155892151.99999997
2012-10-11 09:30:00,0.599166,0.5994785,0.5787495,0.579791,142508104.00000003
2012-10-12 09:30:00,0.580416,0.5888535,0.575833,0.579687,109347176.0
2012-10-15 09:30:00,0.5857285,0.5938535,0.575208,0.5912495,116691952.0
2012-10-16 09:30:00,0.5944785,0.6187495,0.5938535,0.6169785,142883751.99999997
2012-10-17 09:30:00,0.607291,0.6213535,0.604792,0.6151035,133475936.00000001
2012-10-18 09:30:00,0.609687,0.61552,0.5874995,0.594062,173855303.99999997
2012-10-19 09:30:00,0.5920825,0.59302,0.5494785,0.5511455,285399064.0
2012-10-22 09:30:00,0.5499995,0.5642705,0.547083,0.559791,211203759.99999997
2012-10-23 09:30:00,0.546666,0.558333,0.5388535,0.5432285,282177400.0
2012-10-24 09:30:00,0.5532285,0.555919,0.535833,0.537812,207079784.0
2012-10-25 09:30:00,0.5495825,0.5518745,0.5332285,0.537812,233976039.99999997
2012-10-26 09:30:00,0.538541,0.5493745,0.5256245,0.543437,192288864.0
2012-10-31 09:30:00,0.5411455,0.543541,0.527083,0.532916,148296336.0
2012-11-01 09:30:00,0.5426035,0.5586455,0.538437,0.5555205,183864656.0
2012-11-02 09:30:00,0.5630205,0.5638535,0.535208,0.535208,183654223.99999997
2012-11-05 09:30:00,0.5382285,0.5512495,0.5343745,0.548333,150479280.0
2012-11-06 09:30:00,0.5507285,0.5623955,0.5449995,0.551666,182984240.00000003
2012-11-07 09:30:00,0.5339575,0.535416,0.505312,0.512083,384186816.0
2012-11-08 09:30:00,0.5156245,0.5198955,0.4881245,0.4881245,310583152.0000001
2012-11-09 09:30:00,0.4888535,0.5098955,0.487916,0.493437,436755792.0
2012-11-12 09:30:00,0.502812,0.5042705,0.489687,0.494166,164822271.99999997
2012-11-13 09:30:00,0.4826035,0.4976035,0.478958,0.483437,345733976.0
2012-11-14 09:30:00,0.490312,0.492083,0.464166,0.4661455,295205759.99999994
2012-11-15 09:30:00,0.467187,0.472187,0.456562,0.461979,310677520.00000006
2012-11-16 09:30:00,0.4624995,0.471458,0.4456245,0.467187,372804368.0
2012-11-19 09:30:00,0.482812,0.502031,0.4824995,0.500833,346283576.0
2012-11-20 09:30:00,0.500729,0.503437,0.4869785,0.500937,219131832.00000003
2012-11-21 09:30:00,0.502291,0.506666,0.4967705,0.5044785,160756480.0
2012-11-23 09:30:00,0.5136455,0.5276035,0.512291,0.5276035,129317312.00000001
2012-11-26 09:30:00,0.523958,0.5348955,0.5187495,0.5343745,196939679.99999997
2012-11-27 09:30:00,0.533333,0.539583,0.5262495,0.528333,359914144.00000006
2012-11-28 09:30:00,0.5210305,0.543541,0.5113535,0.5424995,281281816.0
2012-11-29 09:30:00,0.551041,0.55776,0.544062,0.5518755,249586040.00000003
2012-11-30 09:30:00,0.552083,0.553541,0.5444785,0.549895,228476000.0
2012-12-03 09:30:00,0.5623955,0.5636455,0.5455205,0.547187,337126799.99999994
2012-12-04 09:30:00,0.5473955,0.548437,0.5343745,0.5436455,336772656.00000006
2012-12-05 09:30:00,0.542916,0.5430205,0.5180725,0.5268745,436833839.99999994
2012-12-06 09:30:00,0.522083,0.541239,0.517708,0.536562,306249136.00000006
2012-12-07 09:30:00,0.545416,0.546769,0.522187,0.5273955,240786672.00000003
2012-12-10 09:30:00,0.523437,0.540208,0.5231245,0.532083,210759664.0
2012-12-11 09:30:00,0.544062,0.5618745,0.5418745,0.5526035,345450584.0
2012-12-12 09:30:00,0.5612495,0.5614575,0.544791,0.5488535,301324136.0
2012-12-13 09:30:00,0.5462495,0.5576035,0.5292705,0.536458,338858160.0
2012-12-14 09:30:00,0.5262495,0.53052,0.5156245,0.5212495,274210832.0
2012-12-17 09:30:00,0.522083,0.5420825,0.5201975,0.541562,193749407.99999997
2012-12-18 09:30:00,0.549895,0.569062,0.5455205,0.566666,457060968.0
2012-12-19 09:30:00,0.5712495,0.5718745,0.5581245,0.558541,361798536.00000006
2012-12-20 09:30:00,0.562083,0.562916,0.5507285,0.558958,291575232.00000006
2012-12-21 09:30:00,0.5332285,0.543437,0.526041,0.541562,336754320.0
2012-12-24 09:30:00,0.5387495,0.5396765,0.5344785,0.5369785,52532591.99999999
2012-12-26 09:30:00,0.5386455,0.5407285,0.518958,0.5242705,159005624.0
2012-12-27 09:30:00,0.5251035,0.527291,0.5019775,0.5213535,308372080.00000006
2012-12-28 09:30:00,0.5106245,0.5218745,0.5062495,0.5062495,164561727.99999997
2012-12-31 09:30:00,0.5038535,0.5418745,0.501666,0.5392705,423625952.00000006
2013-01-02 09:30:00,0.5781245,0.590416,0.5720935,0.589583,354713536.0
2013-01-03 09:30:00,0.5894785,0.593437,0.575312,0.581041,311613232.0
2013-01-04 09:30:00,0.581458,0.581458,0.571041,0.575312,152219000.0
2013-01-07 09:30:00,0.570312,0.5781245,0.5652075,0.575937,183320912.0
2013-01-08 09:30:00,0.575208,0.579583,0.5631245,0.5726035,175172712.0
2013-01-09 09:30:00,0.5744785,0.5830205,0.5732285,0.578437,154111352.0
2013-01-10 09:30:00,0.5898965,0.5917075,0.572916,0.588645,235743592.0
2013-01-11 09:30:00,0.58802,0.5919785,0.584687,0.5908325,106056392.0
2013-01-14 09:30:00,0.581458,0.5881245,0.575834,0.5832285,147584496.00000003
2013-01-15 09:30:00,0.575208,0.577187,0.567083,0.574583,216908183.99999997
2013-01-16 09:30:00,0.577916,0.5874995,0.574269,0.581041,152490199.99999997
2013-01-17 09:30:00,0.5888535,0.596666,0.585833,0.5899995,231510368.00000006
2013-01-18 09:30:00,0.5842715,0.5877075,0.5780205,0.586666,206175944.0
2013-01-22 09:30:00,0.5882285,0.5897975,0.577187,0.589072,252876247.99999997
2013-01-23 09:30:00,0.598541,0.604687,0.596041,0.598645,225078656.0
2013-01-24 09:30:00,0.575208,0.5912495,0.572187,0.574791,246478032.00000003
2013-01-25 09:30:00,0.5807285,0.588541,0.5770825,0.583333,170497032.00000003
2013-01-28 09:30:00,0.584062,0.593333,0.581666,0.5874995,249672632.00000003
2013-01-29 09:30:00,0.5851025,0.591416,0.573593,0.5874995,214188688.0
2013-01-30 09:30:00,0.5913535,0.5958325,0.5798955,0.58427,159230744.0
2013-01-31 09:30:00,0.583333,0.592395,0.578437,0.5805205,203841128.0
2013-02-01 09:30:00,0.592291,0.603541,0.5852075,0.5995825,286064920.00000006
2013-02-04 09:30:00,0.5894785,0.5951035,0.5687495,0.569062,274899632.0
2013-02-05 09:30:00,0.5761455,0.5993745,0.5726025,0.594062,280290808.00000006
2013-02-06 09:30:00,0.58802,0.5963755,0.5832285,0.588541,251167544.0
2013-02-07 09:30:00,0.590312,0.5919785,0.5707285,0.5899995,218869656.00000003
2013-02-08 09:30:00,0.599468,0.61177,0.5981245,0.607916,203932519.99999997
2013-02-11 09:30:00,0.6092705,0.609984,0.6026035,0.6077075,111060200.0
2013-02-12 09:30:00,0.606666,0.609791,0.5993745,0.6006245,129669824.0
2013-02-13 09:30:00,0.606041,0.614166,0.601892,0.6076035,186826360.0
2013-02-14 09:30:00,0.59927,0.6095825,0.5980215,0.6063535,136996936.0
2013-02-15 09:30:00,0.607187,0.611145,0.5964575,0.6011455,118596400.00000001
2013-02-19 09:30:00,0.605416,0.614895,0.6044785,0.61427,127386840.00000001
2013-02-20 09:30:00,0.614166,0.6145825,0.5862495,0.5862495,164415136.0
2013-02-21 09:30:00,0.5798955,0.5812495,0.560937,0.567187,265861608.0
2013-02-22 09:30:00,0.5769785,0.58427,0.570833,0.5838535,132369920.0
2013-02-25 09:30:00,0.5957285,0.601562,0.5611455,0.562083,241084368.0
2013-02-26 09:30:00,0.56552,0.572161,0.5537495,0.5688535,168547847.99999997
2013-02-27 09:30:00,0.5695825,0.59677,0.5668745,0.586145,171673415.99999997
2013-02-28 09:30:00,0.586145,0.59927,0.583541,0.5839575,163772607.99999997
2013-03-01 09:30:00,0.5767705,0.5927075,0.5681245,0.5899995,123219000.00000001
2013-03-04 09:30:00,0.584166,0.597916,0.5819785,0.5976035,151148400.0
2013-03-05 09:30:00,0.6092055,0.626562,0.608541,0.6238535,228333536.0
2013-03-06 09:30:00,0.6302075,0.6307285,0.617291,0.619895,207887912.0
2013-03-07 09:30:00,0.621666,0.6274995,0.618437,0.625312,111087944.0
2013-03-08 09:30:00,0.631041,0.6335255,0.6194785,0.626041,169727208.0
2013-03-11 09:30:00,0.6248955,0.632708,0.6187495,0.6324995,123944280.0
2013-03-12 09:30:00,0.6268745,0.630937,0.6164575,0.624791,178101680.00000003
2013-03-13 09:30:00,0.6270825,0.6301035,0.6164575,0.622812,160982272.0
2013-03-14 09:30:00,0.6294785,0.63302,0.6250285,0.629166,154336184.0
2013-03-15 09:30:00,0.6302075,0.631665,0.619062,0.6232285,159894872.0
2013-03-18 09:30:00,0.6069785,0.6269785,0.6026035,0.6189575,214738959.99999997
2013-03-19 09:30:00,0.6248955,0.6286455,0.5994785,0.6164575,287719960.0
2013-03-20 09:30:00,0.629062,0.632812,0.620416,0.6282285,153840344.0
2013-03-21 09:30:00,0.6124995,0.6164575,0.6033325,0.6081245,214895439.9999999
2013-03-22 09:30:00,0.6149995,0.6264575,0.6131245,0.6248955,142909576.0
2013-03-25 09:30:00,0.631041,0.6349995,0.6094785,0.618541,228930944.00000003
2013-03-26 09:30:00,0.6258325,0.6288535,0.6213535,0.62802,124086936.0
2013-03-27 09:30:00,0.616145,0.632187,0.6130205,0.6313535,191804727.99999997
2013-03-28 09:30:00,0.630937,0.6374995,0.626562,0.6349995,266786472.00000003
2013-04-01 09:30:00,0.6369785,0.638541,0.6174995,0.6227075,249688664.00000003
2013-04-02 09:30:00,0.630937,0.6431245,0.629895,0.63677,337918224.0
2013-04-03 09:30:00,0.6381245,0.6406245,0.6151035,0.619895,177334159.99999997
2013-04-04 09:30:00,0.61927,0.624687,0.6102075,0.6202075,190046296.0
2013-04-05 09:30:00,0.590937,0.607395,0.586562,0.6049995,338279184.00000006
2013-04-08 09:30:00,0.60552,0.614687,0.6001035,0.61427,223611192.0
2013-04-09 09:30:00,0.6193745,0.6339575,0.6106245,0.6263535,332747176.0
2013-04-10 09:30:00,0.632916,0.6658325,0.632187,0.66302,182494640.0
2013-04-11 09:30:00,0.658541,0.6669785,0.6562495,0.661874,167550688.0
2013-04-12 09:30:00,0.6576035,0.662395,0.6459365,0.661145,218653368.0
2013-04-15 09:30:00,0.652916,0.65677,0.619791,0.620937,204063560.0
2013-04-16 09:30:00,0.6332285,0.648541,0.6287495,0.6468745,193733568.00000003
2013-04-17 09:30:00,0.6294785,0.629895,0.5976035,0.60902,315715416.0
2013-04-18 09:30:00,0.6141555,0.614166,0.5756245,0.582708,254523896.0
2013-04-19 09:30:00,0.587395,0.611041,0.584063,0.6068745,183249776.0
2013-04-22 09:30:00,0.613541,0.632291,0.6069785,0.62552,161224480.0
2013-04-23 09:30:00,0.6369785,0.6503115,0.6268745,0.643958,273783920.0
2013-04-24 09:30:00,0.6389575,0.649791,0.634687,0.642395,224425375.99999997
2013-04-25 09:30:00,0.648645,0.660416,0.6474995,0.652812,192655008.0
2013-04-26 09:30:00,0.6487495,0.6527075,0.6388535,0.647291,91875255.99999999
2013-04-29 09:30:00,0.652812,0.672187,0.652812,0.6644785,137699656.0
2013-04-30 09:30:00,0.6674995,0.679687,0.6598955,0.6790825,124053336.00000001
2013-05-01 09:30:00,0.679062,0.682916,0.6658325,0.670416,128710688.00000001
2013-05-02 09:30:00,0.67302,0.6993745,0.671458,0.694687,97676352.0
2013-05-03 09:30:00,0.7152075,0.725937,0.714062,0.7189575,134001440.0
2013-05-06 09:30:00,0.7231245,0.7313535,0.721562,0.7282285,97000320.00000001
2013-05-07 09:30:00,0.731666,0.7332285,0.7189575,0.7264575,104343176.00000001
2013-05-08 09:30:00,0.724687,0.7389075,0.72226,0.737812,85298480.0
2013-05-09 09:30:00,0.732395,0.7489575,0.729895,0.7352075,110933672.0
2013-05-10 09:30:00,0.738437,0.748437,0.735091,0.7477075,127123512.0
2013-05-13 09:30:00,0.7440615,0.755624,0.741666,0.750624,133456543.99999999
2013-05-14 09:30:00,0.75052,0.768645,0.7503115,0.761666,134028128.0
2013-05-15 09:30:00,0.7582285,0.768645,0.7519785,0.767291,131372480.0
2013-05-16 09:30:00,0.7688535,0.7798845,0.7627075,0.7644785,155401303.99999997
2013-05-17 09:30:00,0.775416,0.786874,0.7684365,0.786041,150061200.0
2013-05-20 09:30:00,0.779895,0.7900565,0.773124,0.782499,151375440.0
2013-05-21 09:30:00,0.781989,0.793541,0.7732285,0.785416,160907488.0
2013-05-22 09:30:00,0.787916,0.8064575,0.752395,0.766249,317313624.0
2013-05-23 09:30:00,0.74427,0.766249,0.7395825,0.757916,145896624.0
2013-05-24 09:30:00,0.743749,0.75802,0.7374995,0.757499,67747744.00000001
2013-05-28 09:30:00,0.7839575,0.7927075,0.765624,0.773124,161961279.99999997
2013-05-29 09:30:00,0.763541,0.769791,0.748437,0.7614575,159659383.99999997
2013-05-30 09:30:00,0.761666,0.7839575,0.761666,0.7738535,86188400.0
2013-05-31 09:30:00,0.76427,0.782166,0.7502075,0.75177,123432888.00000001
2013-06-03 09:30:00,0.7534365,0.7565615,0.7270825,0.756145,222874871.99999997
2013-06-04 09:30:00,0.760416,0.769791,0.7352075,0.744791,138548008.0
2013-06-05 09:30:00,0.7369785,0.745416,0.7137495,0.716249,190555768.00000003
2013-06-06 09:30:00,0.7182285,0.7256245,0.697916,0.7249995,190974616.0
2013-06-07 09:30:00,0.73552,0.7576035,0.729166,0.7553115,233088136.0
2013-06-10 09:30:00,0.7601035,0.7664575,0.7515615,0.755624,135400735.99999997
2013-06-11 09:30:00,0.7332285,0.7538535,0.726145,0.7337495,222259607.99999997
2013-06-12 09:30:00,0.747187,0.747291,0.704895,0.7083325,223691064.0
2013-06-13 09:30:00,0.7052075,0.73927,0.6994785,0.7337495,151970736.00000003
2013-06-14 09:30:00,0.734791,0.737312,0.7170825,0.7208325,124385399.99999999
2013-06-17 09:30:00,0.7374995,0.753645,0.729895,0.7408325,158845016.0
2013-06-18 09:30:00,0.744166,0.763645,0.7438535,0.7583325,101602176.00000003
2013-06-19 09:30:00,0.7594785,0.762213,0.7314575,0.7344785,175783080.0
2013-06-20 09:30:00,0.708645,0.716145,0.6745825,0.680312,241419312.00000003
2013-06-21 09:30:00,0.6808325,0.68677,0.6538535,0.6707285,237031623.99999997
2013-06-24 09:30:00,0.6544785,0.666144,0.6339575,0.649999,221551992.0
2013-06-25 09:30:00,0.669166,0.6727075,0.653438,0.6638535,132430687.99999999
2013-06-26 09:30:00,0.681666,0.686041,0.6748015,0.6819785,119978415.99999999
2013-06-27 09:30:00,0.6926035,0.7037495,0.6895825,0.6895825,113750896.0
2013-06-28 09:30:00,0.684166,0.706145,0.679791,0.6914575,156205112.0
2013-07-01 09:30:00,0.7082285,0.723437,0.7044785,0.7062495,104015528.00000001
2013-07-02 09:30:00,0.7058325,0.7202335,0.6962495,0.706562,124372151.99999999
2013-07-03 09:30:00,0.699791,0.7257285,0.69802,0.716145,53960880.0
2013-07-05 09:30:00,0.727916,0.732812,0.711041,0.7319785,114442479.99999999
2013-07-08 09:30:00,0.743541,0.7443745,0.726562,0.7343745,88348215.99999999
2013-07-09 09:30:00,0.7444785,0.7524995,0.734687,0.7478115,84315152.0
2013-07-10 09:30:00,0.7451035,0.7639575,0.7451035,0.760416,101259168.00000003
2013-07-11 09:30:00,0.7846865,0.8078115,0.783541,0.8078115,153895928.0
2013-07-12 09:30:00,0.80802,0.81802,0.8013535,0.816249,83606096.0
2013-07-15 09:30:00,0.8188535,0.823541,0.8121865,0.8226035,91935544.0
2013-07-16 09:30:00,0.8240615,0.826041,0.8127075,0.819374,85406864.0
2013-07-17 09:30:00,0.8263535,0.83052,0.8182285,0.8252075,79236552.0
2013-07-18 09:30:00,0.8247905,0.8308325,0.8151035,0.819166,101260127.99999999
2013-07-19 09:30:00,0.797916,0.7982285,0.786145,0.79427,108623624.00000001
2013-07-22 09:30:00,0.8027075,0.8057285,0.79302,0.799999,86386255.99999999
2013-07-23 09:30:00,0.8046865,0.8046865,0.7809105,0.7821865,86486672.00000001
2013-07-24 09:30:00,0.805416,0.8063535,0.784792,0.7895845,106296488.0
2013-07-25 09:30:00,0.801249,0.8076035,0.788749,0.8038535,81727663.99999999
2013-07-26 09:30:00,0.7952075,0.8178115,0.791666,0.8171865,77853672.0
2013-07-29 09:30:00,0.81302,0.823124,0.806501,0.8134365,72412968.0
2013-07-30 09:30:00,0.822395,0.836197,0.8170825,0.82552,121397304.0
2013-07-31 09:30:00,0.8307285,0.8444785,0.8258325,0.8307285,110595847.99999999
2013-08-01 09:30:00,0.8476035,0.859374,0.844895,0.8560405,78026471.99999999
2013-08-02 09:30:00,0.856666,0.870624,0.8506345,0.8703115,97218624.0
2013-08-05 09:30:00,0.8672905,0.8738535,0.8639575,0.8721865,79614600.0
2013-08-06 09:30:00,0.8683325,0.8708325,0.8458325,0.856666,93900952.00000001
2013-08-07 09:30:00,0.848645,0.8560405,0.83302,0.85177,121283736.0
2013-08-08 09:30:00,0.8659365,0.869895,0.847499,0.863124,130963711.99999999
2013-08-09 09:30:00,0.86052,0.8688535,0.8463535,0.8538535,98532096.0
2013-08-12 09:30:00,0.843645,0.8639575,0.843541,0.859166,69276160.0
2013-08-13 09:30:00,0.8627075,0.8798295,0.8444785,0.8734365,154502744.0
2013-08-14 09:30:00,0.872916,0.8766555,0.860416,0.863749,95052759.99999999
2013-08-15 09:30:00,0.8353115,0.83552,0.8132285,0.8204155,133203776.0
2013-08-16 09:30:00,0.820624,0.8314575,0.814801,0.817499,70202751.99999997
2013-08-19 09:30:00,0.8204155,0.839791,0.814166,0.81427,90162424.00000001
2013-08-20 09:30:00,0.819895,0.836666,0.817291,0.825416,88772248.0
2013-08-21 09:30:00,0.8182285,0.838645,0.8082285,0.8171865,159682615.99999997
2013-08-22 09:30:00,0.82677,0.842276,0.826041,0.84052,71256351.99999999
2013-08-23 09:30:00,0.8590615,0.860624,0.849374,0.8582285,77119271.99999999
2013-08-26 09:30:00,0.859373,0.878124,0.853548,0.8589575,75654120.0
2013-08-27 09:30:00,0.828645,0.8407285,0.80052,0.804895,200629351.99999997
2013-08-28 09:30:00,0.804374,0.825624,0.8034365,0.8153115,102368928.0
2013-08-29 09:30:00,0.8149995,0.8445825,0.8115615,0.8321865,129669439.99999999
2013-08-30 09:30:00,0.8345825,0.8351035,0.8078115,0.8166655,121996247.99999997
2013-09-03 09:30:00,0.8364575,0.8476035,0.8196865,0.8301035,85797872.0
2013-09-04 09:30:00,0.83802,0.86052,0.83177,0.8571865,83099984.0
2013-09-05 09:30:00,0.8584365,0.8682285,0.857395,0.8609365,48513840.00000001
2013-09-06 09:30:00,0.869374,0.877499,0.8351035,0.8640615,122122776.0
2013-09-09 09:30:00,0.87427,0.898645,0.87427,0.8944785,95095384.0
2013-09-10 09:30:00,0.9102075,0.911249,0.89802,0.90802,151973327.99999997
2013-09-11 09:30:00,0.8901035,0.9038535,0.886042,0.9034365,106569704.00000001
2013-09-12 09:30:00,0.90302,0.9088915,0.8950775,0.899374,67013920.0
2013-09-13 09:30:00,0.903749,0.9053115,0.8878115,0.902291,80860879.99999999
2013-09-16 09:30:00,0.924478,0.92479,0.888749,0.8946865,133277216.0
2013-09-17 09:30:00,0.899791,0.915849,0.899791,0.9126035,66987904.00000002
2013-09-18 09:30:00,0.9164575,0.950728,0.911145,0.946145,127811927.99999997
2013-09-19 09:30:00,0.953645,0.958853,0.947377,0.951978,71486752.00000001
2013-09-20 09:30:00,0.95927,0.961666,0.94052,0.9415615,109110248.00000001
2013-09-23 09:30:00,0.9547905,0.957072,0.922916,0.936249,134898464.0
2013-09-24 09:30:00,0.9427075,0.951353,0.9270825,0.9364575,82052239.99999999
2013-09-25 09:30:00,0.9378115,0.9421865,0.921145,0.927603,108719336.00000001
2013-09-26 09:30:00,0.938541,0.9546865,0.936874,0.948853,89164312.0
2013-09-27 09:30:00,0.933124,0.9495825,0.9278115,0.944374,73213032.0
2013-09-30 09:30:00,0.915416,0.9447905,0.906145,0.9384365,123439799.99999999
2013-10-01 09:30:00,0.93802,0.9678115,0.9370825,0.9665605,88459960.0
2013-10-02 09:30:00,0.9459365,0.9691655,0.9440615,0.9647905,86662736.00000001
2013-10-03 09:30:00,0.961353,0.9672905,0.9159365,0.931249,162090207.99999997
2013-10-04 09:30:00,0.9307285,0.9590615,0.9291655,0.9552075,92158743.99999999
2013-10-07 09:30:00,0.9309365,0.9535405,0.92927,0.9315615,99589536.0
2013-10-08 09:30:00,0.931249,0.933567,0.87677,0.8788535,235115656.0
2013-10-09 09:30:00,0.883645,0.884895,0.8478115,0.869166,218714616.0
2013-10-10 09:30:00,0.8969785,0.930103,0.8964575,0.924374,144721968.0
2013-10-11 09:30:00,0.917395,0.9479155,0.916978,0.9452075,130148575.99999999
2013-10-14 09:30:00,0.9284365,0.965624,0.9260405,0.9647905,140953480.0
2013-10-15 09:30:00,0.9629155,0.9776035,0.9510405,0.954478,162080608.00000003
2013-10-16 09:30:00,0.9672905,0.9885405,0.9657285,0.987082,129551263.99999999
2013-10-17 09:30:00,0.97302,1.004895,0.971353,1.0030195,167038239.99999997
2013-10-18 09:30:00,1.0309365,1.0537385,1.0228115,1.052603,135168224.00000003
2013-10-21 09:30:00,1.058645,1.0673935,1.0495835,1.058645,99511776.0
2013-10-22 09:30:00,1.0703115,1.081447,1.04427,1.0622905,158056472.0
2013-10-23 09:30:00,1.0485405,1.054478,1.0295825,1.0452075,161255104.0
2013-10-24 09:30:00,1.0459365,1.064999,1.041874,1.058228,108798632.00000001
2013-10-25 09:30:00,1.0885405,1.0953115,1.0659365,1.079374,140488359.99999997
2013-10-28 09:30:00,1.0809365,1.086353,1.0673845,1.0815615,84070736.0
2013-10-29 09:30:00,1.091978,1.095207,1.0729155,1.0867695,84214159.99999999
2013-10-30 09:30:00,1.0985405,1.103332,1.068853,1.0833325,199197600.00000003
2013-10-31 09:30:00,1.0760405,1.096249,1.0645825,1.076353,141908584.0
2013-11-01 09:30:00,1.085728,1.090624,1.061249,1.0758325,163144384.0
2013-11-04 09:30:00,1.087499,1.087499,1.0702085,1.0810405,91855768.0
2013-11-05 09:30:00,1.068853,1.092706,1.059895,1.085624,132423200.0
2013-11-06 09:30:00,1.098228,1.099582,1.0739575,1.083749,163907104.0
2013-11-07 09:30:00,1.084374,1.0890615,1.02052,1.023645,232938183.99999997
2013-11-08 09:30:00,1.034374,1.065103,1.025728,1.0640615,118094416.0
2013-11-11 09:30:00,1.057395,1.068124,1.0487595,1.0589575,63643928.00000001
2013-11-12 09:30:00,1.0496865,1.068853,1.0479155,1.0641655,108881960.0
2013-11-13 09:30:00,1.0439575,1.1026365,1.043228,1.1022905,126662904.00000001
2013-11-14 09:30:00,1.0934365,1.115207,1.0873945,1.110832,118865392.0
2013-11-15 09:30:00,1.114582,1.11953,1.105832,1.1185405,89219416.0
2013-11-18 09:30:00,1.1179155,1.1253115,1.08052,1.087603,143982760.0
2013-11-19 09:30:00,1.0846865,1.099999,1.071874,1.076874,102194303.99999999
2013-11-20 09:30:00,1.086249,1.0978105,1.059895,1.069374,125901816.0
2013-11-21 09:30:00,1.081978,1.104478,1.079999,1.102082,87511376.0
2013-11-22 09:30:00,1.1079155,1.1205195,1.104899,1.119478,87087344.0
2013-11-25 09:30:00,1.130624,1.135207,1.1191655,1.126874,92726008.0
2013-11-26 09:30:00,1.128957,1.1534365,1.120832,1.1455195,106969543.99999999
2013-11-27 09:30:00,1.1521865,1.1698945,1.1492695,1.1684365,137923048.0
2013-11-29 09:30:00,1.182499,1.194582,1.179582,1.187603,91621048.00000001
2013-12-02 09:30:00,1.194374,1.199478,1.174582,1.180207,166079776.00000006
2013-12-03 09:30:00,1.176978,1.1860405,1.1631605,1.1767695,134698016.00000003
2013-12-04 09:30:00,1.161978,1.191457,1.1505195,1.1797905,134007776.00000001
2013-12-05 09:30:00,1.1836445,1.1865615,1.166199,1.1761445,126884087.99999999
2013-12-06 09:30:00,1.204478,1.208228,1.183749,1.2004155,142603144.0
2013-12-09 09:30:00,1.214582,1.2229155,1.2090615,1.2147905,113263312.00000001
2013-12-10 09:30:00,1.2086445,1.219478,1.205832,1.212603,93602200.0
2013-12-11 09:30:00,1.211874,1.217603,1.1610405,1.1672905,149007023.99999997
2013-12-12 09:30:00,1.167707,1.175832,1.1541655,1.1578115,107346728.0
2013-12-13 09:30:00,1.173124,1.1748945,1.146249,1.1522905,81221648.00000001
2013-12-16 09:30:00,1.168931,1.191249,1.166978,1.172082,75097800.00000001
2013-12-17 09:30:00,1.172082,1.179582,1.1578115,1.1646865,73030152.0
2013-12-18 09:30:00,1.167707,1.2078115,1.1171865,1.2048945,161845120.0
2013-12-19 09:30:00,1.198228,1.1990615,1.178749,1.1940615,117346864.00000001
2013-12-20 09:30:00,1.199999,1.2385405,1.198957,1.229999,113792560.0
2013-12-23 09:30:00,1.2605195,1.2697905,1.250207,1.2697905,112507888.00000001
2013-12-24 09:30:00,1.2698945,1.2736145,1.2637485,1.271561,38005087.99999999
2013-12-26 09:30:00,1.277603,1.2868735,1.2709375,1.283957,55881840.0
2013-12-27 09:30:00,1.288332,1.2906235,1.269582,1.274582,73978920.0
2013-12-30 09:30:00,1.2679155,1.273436,1.257811,1.2679155,53079791.99999999
2013-12-31 09:30:00,1.275311,1.292811,1.273957,1.292811,64179904.0
2014-01-02 09:30:00,1.275103,1.2760405,1.251457,1.262603,99337440.0
2014-01-03 09:30:00,1.2623945,1.265936,1.234374,1.235103,97586304.0
2014-01-06 09:30:00,1.2361445,1.239999,1.207707,1.221978,125937623.99999999
2014-01-07 09:30:00,1.2378115,1.2604155,1.2315615,1.2536445,92356695.99999999
2014-01-08 09:30:00,1.2555195,1.2736435,1.247499,1.2630195,93395608.0
2014-01-09 09:30:00,1.276353,1.277707,1.237749,1.2499985,105630920.00000001
2014-01-10 09:30:00,1.260207,1.2667655,1.232082,1.2624985,119985520.0
2014-01-13 09:30:00,1.2573945,1.2704155,1.1921865,1.206353,173580360.0
2014-01-14 09:30:00,1.2190615,1.2779155,1.218749,1.2754155,138226215.99999997
2014-01-15 09:30:00,1.2905195,1.3141655,1.2874985,1.305207,120645528.00000001
2014-01-16 09:30:00,1.303436,1.312811,1.2969975,1.3079155,70723263.99999999
2014-01-17 09:30:00,1.2955195,1.3062485,1.2755195,1.284686,84615152.0
2014-01-21 09:30:00,1.3091655,1.3156235,1.281457,1.313436,88148920.0
2014-01-22 09:30:00,1.3236445,1.333332,1.3124985,1.3256235,78890856.0
2014-01-23 09:30:00,1.3118735,1.3124985,1.283332,1.309686,129315968.0
2014-01-24 09:30:00,1.290207,1.297082,1.231874,1.232082,148986000.0
2014-01-27 09:30:00,1.2335405,1.239374,1.170832,1.196249,178170464.0
2014-01-28 09:30:00,1.177707,1.198957,1.1729155,1.195832,109748888.0
2014-01-29 09:30:00,1.1641655,1.190207,1.149582,1.158124,137379256.0
2014-01-30 09:30:00,1.1997905,1.232707,1.195624,1.2191655,116572096.0
2014-01-31 09:30:00,1.179582,1.228124,1.176249,1.210624,84583759.99999999
2014-02-03 09:30:00,1.203957,1.2212365,1.118124,1.1304155,184000264.0
2014-02-04 09:30:00,1.144374,1.165207,1.134374,1.152499,90769864.0
2014-02-05 09:30:00,1.140624,1.155207,1.1041655,1.141874,108593096.0
2014-02-06 09:30:00,1.1535405,1.190624,1.1516655,1.185624,74303640.0
2014-02-07 09:30:00,1.206457,1.2523905,1.196249,1.2485405,112106895.99999999
2014-02-10 09:30:00,1.2491655,1.2731235,1.246457,1.271457,83373824.0
2014-02-11 09:30:00,1.2787485,1.3223405,1.2756235,1.3149985,117576255.99999999
2014-02-12 09:30:00,1.3229155,1.3312485,1.310832,1.3212485,108608552.00000001
2014-02-13 09:30:00,1.2929155,1.355207,1.2924985,1.355207,106736791.99999999
2014-02-14 09:30:00,1.353332,1.3691655,1.338957,1.3591655,95000248.0
2014-02-18 09:30:00,1.3660405,1.387705,1.3566655,1.3804155,69449392.00000001
2014-02-19 09:30:00,1.3722905,1.381457,1.3429155,1.350207,136573240.00000003
2014-02-20 09:30:00,1.353332,1.3779155,1.337082,1.3697905,102781584.0
2014-02-21 09:30:00,1.382707,1.388857,1.3599985,1.362707,83985631.99999999
2014-02-24 09:30:00,1.3710405,1.4049985,1.366663,1.3866655,99602880.0
2014-02-25 09:30:00,1.3922905,1.4004155,1.3685405,1.3816655,93065224.0
2014-02-26 09:30:00,1.3937485,1.405207,1.3616655,1.377082,82936784.0
2014-02-27 09:30:00,1.3785405,1.4085405,1.3721755,1.4041655,88141959.99999999
2014-02-28 09:30:00,1.4043735,1.4287485,1.3631235,1.397082,137151496.0
2014-03-03 09:30:00,1.3591655,1.3791655,1.3318735,1.366457,158872904.0
2014-03-04 09:30:00,1.412707,1.428332,1.409582,1.421457,109035320.0
2014-03-05 09:30:00,1.4281235,1.43979,1.4187485,1.4331235,77086680.00000001
2014-03-06 09:30:00,1.441665,1.445415,1.4131255,1.427707,92815912.0
2014-03-07 09:30:00,1.4431235,1.44604,1.3862485,1.4072905,132577279.99999999
2014-03-10 09:30:00,1.4049985,1.4131235,1.3837485,1.410207,75620472.0
2014-03-11 09:30:00,1.421457,1.431665,1.3804155,1.392707,119913136.0
2014-03-12 09:30:00,1.3743735,1.4104155,1.358332,1.408332,109820312.0
2014-03-13 09:30:00,1.423957,1.4256235,1.329582,1.3485405,188413960.00000003
2014-03-14 09:30:00,1.333957,1.352707,1.319186,1.320832,107324647.99999999
2014-03-17 09:30:00,1.3454155,1.375832,1.343957,1.3560405,116959504.0
2014-03-18 09:30:00,1.360207,1.408957,1.3593735,1.4047905,113096128.0
2014-03-19 09:30:00,1.4060405,1.4099985,1.3541655,1.3816655,136444984.00000003
2014-03-20 09:30:00,1.3687485,1.405207,1.3599985,1.3924985,87638432.0
2014-03-21 09:30:00,1.4154155,1.4187465,1.335207,1.341457,198453407.99999997
2014-03-24 09:30:00,1.3581235,1.360603,1.2710405,1.307707,266301431.99999997
2014-03-25 09:30:00,1.3287485,1.352707,1.287707,1.3197905,172669032.0
2014-03-26 09:30:00,1.340207,1.3481235,1.2685405,1.269582,201491671.99999997
2014-03-27 09:30:00,1.264582,1.280832,1.2266655,1.247082,202093640.0
2014-03-28 09:30:00,1.2593735,1.295832,1.2447905,1.255207,166440016.00000003
2014-03-31 09:30:00,1.2837485,1.306457,1.279582,1.280207,162442000.0
2014-04-01 09:30:00,1.300832,1.3512485,1.2993735,1.349582,178278080.0
2014-04-02 09:30:00,1.3668735,1.370205,1.3412485,1.360207,163224832.0
2014-04-03 09:30:00,1.3643735,1.3699985,1.3041655,1.3281235,159841880.00000003
2014-04-04 09:30:00,1.3516655,1.3574985,1.210832,1.222707,371012768.0
2014-04-07 09:30:00,1.198332,1.2310405,1.1610405,1.1860405,312846120.0
2014-04-08 09:30:00,1.1904155,1.223332,1.1772905,1.2191655,243369648.0
2014-04-09 09:30:00,1.232082,1.2833635,1.222707,1.2816655,222171912.00000003
2014-04-10 09:30:00,1.2841655,1.2843735,1.152499,1.163332,322673743.99999994
2014-04-11 09:30:00,1.131457,1.175624,1.114582,1.122707,211903888.0
2014-04-14 09:30:00,1.1504155,1.165624,1.116457,1.1479155,281631496.0
2014-04-15 09:30:00,1.1591655,1.1785405,1.087082,1.159374,562499696.0
2014-04-16 09:30:00,1.1891655,1.204999,1.160832,1.204374,251584952.0
2014-04-17 09:30:00,1.192499,1.2235405,1.1822905,1.204999,176792047.99999997
2014-04-21 09:30:00,1.214582,1.232499,1.197353,1.2322905,144445535.99999997
2014-04-22 09:30:00,1.243957,1.270832,1.2391675,1.2624985,150392544.0
2014-04-23 09:30:00,1.2616655,1.262707,1.226457,1.228124,131365183.99999999
2014-04-24 09:30:00,1.2897905,1.2899985,1.223749,1.2643735,250802936.0
2014-04-25 09:30:00,1.2410405,1.2453865,1.194478,1.203332,244817232.0
2014-04-28 09:30:00,1.219374,1.2410385,1.158124,1.216249,482083296.00000006
2014-04-29 09:30:00,1.225832,1.250207,1.208226,1.243124,243996000.0
2014-04-30 09:30:00,1.227707,1.25708,1.2166675,1.2541655,184125351.99999997
2014-05-01 09:30:00,1.2597905,1.285832,1.2499985,1.2654155,143791528.0
2014-05-02 09:30:00,1.276457,1.2843735,1.2489155,1.2591655,151983744.0
2014-05-05 09:30:00,1.2354155,1.2779155,1.226249,1.277082,115877680.0
2014-05-06 09:30:00,1.271457,1.273332,1.226374,1.227707,161645344.00000003
2014-05-07 09:30:00,1.237082,1.2388635,1.173749,1.2166655,261916720.0
2014-05-08 09:30:00,1.204582,1.257082,1.195832,1.212499,219215255.99999997
2014-05-09 09:30:00,1.211249,1.2291655,1.1872905,1.2266655,156476312.0
2014-05-12 09:30:00,1.248957,1.2881235,1.2453155,1.286457,127736520.00000001
2014-05-13 09:30:00,1.2910405,1.3043735,1.282082,1.2891655,117730768.0
2014-05-14 09:30:00,1.2785405,1.2929155,1.260832,1.2699985,98700143.99999999
2014-05-15 09:30:00,1.2685405,1.2754155,1.215832,1.240624,201531992.00000003
2014-05-16 09:30:00,1.243332,1.2662485,1.2191655,1.2637485,142950424.0
2014-05-19 09:30:00,1.2524985,1.2960405,1.246509,1.290832,120595080.0
2014-05-20 09:30:00,1.2891655,1.3024985,1.2604155,1.2766655,162343599.99999997
2014-05-21 09:30:00,1.2824985,1.3143735,1.280832,1.312707,123787464.00000001
2014-05-22 09:30:00,1.3162485,1.340832,1.310961,1.328957,126532296.00000001
2014-05-23 09:30:00,1.334582,1.3593735,1.3256215,1.3587485,95169400.00000001
2014-05-27 09:30:00,1.377707,1.410207,1.3735405,1.4097905,118806352.0
2014-05-28 09:30:00,1.4085405,1.414582,1.393332,1.396457,118454944.0
2014-05-29 09:30:00,1.412082,1.42479,1.403255,1.42479,87486176.00000001
2014-05-30 09:30:00,1.42479,1.430832,1.4016655,1.423561,113392431.99999999
2014-06-02 09:30:00,1.429165,1.4299775,1.3924985,1.4199985,101344416.00000001
2014-06-03 09:30:00,1.4054155,1.424582,1.4004155,1.417915,95316472.00000001
2014-06-04 09:30:00,1.4066655,1.4399985,1.400211,1.432915,105455000.0
2014-06-05 09:30:00,1.4374985,1.477707,1.422707,1.470207,176141120.0
2014-06-06 09:30:00,1.4874985,1.495415,1.47729,1.493957,79220087.99999999
2014-06-09 09:30:00,1.497082,1.5024985,1.4793735,1.4912485,124172135.99999999
2014-06-10 09:30:00,1.4868735,1.50104,1.48229,1.49979,72835896.0
2014-06-11 09:30:00,1.482915,1.5043735,1.47979,1.4974985,97071264.0
2014-06-12 09:30:00,1.48854,1.493332,1.441665,1.458332,121229207.99999999
2014-06-13 09:30:00,1.477082,1.48104,1.451457,1.468332,72018264.0
2014-06-16 09:30:00,1.4637485,1.486457,1.4529175,1.4737485,89977000.0
2014-06-17 09:30:00,1.471457,1.4881235,1.4633525,1.475832,95672872.0
2014-06-18 09:30:00,1.4818735,1.507082,1.454582,1.502707,114806704.00000001
2014-06-19 09:30:00,1.5081235,1.510832,1.478082,1.4968735,105960439.99999997
2014-06-20 09:30:00,1.500207,1.507915,1.491665,1.50229,56599064.0
2014-06-23 09:30:00,1.5018735,1.505415,1.4912485,1.503957,69406432.0
2014-06-24 09:30:00,1.503957,1.5413775,1.4868755,1.49979,160266352.0
2014-06-25 09:30:00,1.4887485,1.5352045,1.48854,1.527082,84557071.99999999
2014-06-26 09:30:00,1.5312485,1.5312485,1.49479,1.5312485,87581168.00000001
2014-06-27 09:30:00,1.525207,1.550832,1.5243735,1.546457,73857240.0
2014-06-30 09:30:00,1.549165,1.5699985,1.545415,1.557915,54487295.99999999
2014-07-01 09:30:00,1.57354,1.6218735,1.5724985,1.6102065,66137919.99999999
2014-07-02 09:30:00,1.61229,1.62479,1.607915,1.6164565,82024208.00000001
2014-07-03 09:30:00,1.6327065,1.6474985,1.6200775,1.6474985,64634512.0
2014-07-07 09:30:00,1.6414565,1.6483315,1.6239565,1.631665,88054456.00000001
2014-07-08 09:30:00,1.6239565,1.6268735,1.553957,1.57479,151900464.0
2014-07-09 09:30:00,1.5864565,1.61354,1.572915,1.610415,137145543.99999997
2014-07-10 09:30:00,1.548332,1.612915,1.541457,1.5952065,123242712.0
2014-07-11 09:30:00,1.6045815,1.6237485,1.59104,1.622915,121737000.00000001
2014-07-14 09:30:00,1.64479,1.6639565,1.63729,1.6539565,107122712.0
2014-07-15 09:30:00,1.6608315,1.6678235,1.6006235,1.636665,148588368.0
2014-07-16 09:30:00,1.671665,1.6764565,1.6502065,1.6552065,106874935.99999999
2014-07-17 09:30:00,1.6412485,1.659438,1.57354,1.589165,161376832.00000003
2014-07-18 09:30:00,1.6162485,1.6668735,1.6083315,1.6643735,116995840.00000001
2014-07-21 09:30:00,1.6527065,1.6662485,1.635665,1.6583315,94932808.0
2014-07-22 09:30:00,1.6824985,1.6974985,1.6762485,1.6912485,107510216.0
2014-07-23 09:30:00,1.706665,1.7281025,1.6987485,1.722915,102501168.0
2014-07-24 09:30:00,1.7314565,1.73729,1.7093735,1.7168735,87762512.0
2014-07-25 09:30:00,1.6920815,1.7033315,1.669886,1.6958315,92886855.99999999
2014-07-28 09:30:00,1.700415,1.710415,1.6587065,1.697915,91996647.99999999
2014-07-29 09:30:00,1.70854,1.71979,1.68479,1.6893735,79263576.0
2014-07-30 09:30:00,1.716665,1.7264565,1.689165,1.7095815,107740423.99999999
2014-07-31 09:30:00,1.666665,1.6745815,1.5974985,1.605415,139148247.99999997
2014-08-01 09:30:00,1.595415,1.6212485,1.555209,1.5868735,172621608.0
2014-08-04 09:30:00,1.5974985,1.6381235,1.579582,1.6193735,144238656.0
2014-08-05 09:30:00,1.60104,1.61354,1.5599985,1.581457,167541520.0
2014-08-06 09:30:00,1.552082,1.6070815,1.5481235,1.5787485,119451808.00000001
2014-08-07 09:30:00,1.599165,1.609165,1.5466465,1.56354,153850616.00000003
2014-08-08 09:30:00,1.571665,1.6020815,1.550415,1.5968735,124483944.0
2014-08-11 09:30:00,1.6145815,1.640186,1.61229,1.6258315,74396903.99999999
2014-08-12 09:30:00,1.6202065,1.6357815,1.5983315,1.6220815,90945640.0
2014-08-13 09:30:00,1.6439565,1.67604,1.640415,1.67479,81534224.0
2014-08-14 09:30:00,1.680415,1.7012485,1.67479,1.7006235,103087776.00000001
2014-08-15 09:30:00,1.7274985,1.7370815,1.6764565,1.7237485,156133879.99999997
2014-08-18 09:30:00,1.750415,1.76979,1.74479,1.765415,79416888.0
2014-08-19 09:30:00,1.7777065,1.797498,1.7745815,1.7958315,78871847.99999999
2014-08-20 09:30:00,1.78979,1.8052065,1.785623,1.7958315,70759792.0
2014-08-21 09:30:00,1.79854,1.80729,1.7889565,1.80604,67937488.0
2014-08-22 09:30:00,1.806665,1.8270815,1.795567,1.813123,76880808.0
2014-08-25 09:30:00,1.839998,1.848123,1.819998,1.8333315,68034064.0
2014-08-26 09:30:00,1.8408315,1.844373,1.82604,1.8395815,41755480.0
2014-08-27 09:30:00,1.8408315,1.845623,1.827498,1.83979,36715616.00000001
2014-08-28 09:30:00,1.8214565,1.839165,1.814165,1.83229,64904271.99999999
2014-08-29 09:30:00,1.84604,1.853748,1.825417,1.853748,52278480.0
2014-09-02 09:30:00,1.867915,1.870623,1.846665,1.869165,64305232.00000001
2014-09-03 09:30:00,1.8827065,1.8839565,1.826248,1.8370815,82692224.00000001
2014-09-04 09:30:00,1.849373,1.8770815,1.81729,1.831248,82125151.99999999
2014-09-05 09:30:00,1.839998,1.861248,1.81104,1.8595815,83262656.0
2014-09-08 09:30:00,1.859165,1.882915,1.843125,1.8689565,70908688.0
2014-09-09 09:30:00,1.868748,1.8902065,1.811873,1.82354,129409712.00000001
2014-09-10 09:30:00,1.829998,1.869165,1.814165,1.8658315,72424200.0
2014-09-11 09:30:00,1.842915,1.865415,1.821665,1.864373,119317072.00000001
2014-09-12 09:30:00,1.8583315,1.8593125,1.816873,1.834998,113753727.99999999
2014-09-15 09:30:00,1.839998,1.8410295,1.764373,1.77979,128630143.99999999
2014-09-16 09:30:00,1.76104,1.8370815,1.7552065,1.827915,126935496.0
2014-09-17 09:30:00,1.82604,1.860415,1.803748,1.836873,113555200.0
2014-09-18 09:30:00,1.852498,1.8770815,1.846667,1.8764565,79586424.00000001
2014-09-19 09:30:00,1.901873,1.901873,1.8507275,1.87229,110217080.0
2014-09-22 09:30:00,1.8595815,1.8595815,1.7970815,1.8214565,108280520.0
2014-09-23 09:30:00,1.798748,1.830415,1.794165,1.805623,100804992.0
2014-09-24 09:30:00,1.80979,1.865623,1.793123,1.864165,116590192.00000001
2014-09-25 09:30:00,1.84479,1.85229,1.744165,1.7458315,212998431.99999997
2014-09-26 09:30:00,1.763748,1.810415,1.75479,1.801665,148275455.99999997
2014-09-29 09:30:00,1.7474985,1.8089565,1.7445815,1.795623,114600544.0
2014-09-30 09:30:00,1.810415,1.8299775,1.777023,1.80229,154228376.0
2014-10-01 09:30:00,1.788123,1.791665,1.699165,1.71604,213570976.0
2014-10-02 09:30:00,1.714165,1.73104,1.650015,1.7152065,218190503.99999997
2014-10-03 09:30:00,1.7449985,1.7870815,1.7274985,1.766873,153757880.0
2014-10-06 09:30:00,1.780415,1.794998,1.73854,1.75479,147372240.00000003
2014-10-07 09:30:00,1.7293735,1.7443735,1.679165,1.6806235,163649104.0
2014-10-08 09:30:00,1.6839565,1.793123,1.6524985,1.7777065,213222544.0
2014-10-09 09:30:00,1.7708315,1.7833315,1.6820815,1.689165,223024440.00000003
2014-10-10 09:30:00,1.6595815,1.6893735,1.562707,1.562707,296573960.0
2014-10-13 09:30:00,1.5562485,1.591186,1.486665,1.489582,273734431.99999994
2014-10-14 09:30:00,1.520207,1.547707,1.477915,1.49229,371203568.00000006
2014-10-15 09:30:00,1.422915,1.480205,1.3593735,1.460415,485336304.0
2014-10-16 09:30:00,1.3691655,1.471457,1.367707,1.437707,336210576.0
2014-10-17 09:30:00,1.491457,1.5318735,1.46604,1.493957,264454920.0
2014-10-20 09:30:00,1.48854,1.56104,1.4816675,1.558332,154930616.0
2014-10-21 09:30:00,1.6143735,1.6802065,1.604165,1.6802065,211858720.0
2014-10-22 09:30:00,1.69604,1.70229,1.6508315,1.654165,188175015.99999997
2014-10-23 09:30:00,1.704165,1.75604,1.6952065,1.72979,170120808.0
2014-10-24 09:30:00,1.7370815,1.773748,1.7187485,1.7695815,170731272.0
2014-10-27 09:30:00,1.7602065,1.783748,1.738361,1.776248,138359560.0
2014-10-28 09:30:00,1.797915,1.855623,1.795019,1.855623,159685544.0
2014-10-29 09:30:00,1.8364565,1.850623,1.79479,1.8333315,179561408.00000003
2014-10-30 09:30:00,1.8089565,1.8577065,1.796873,1.84479,161986384.0
2014-10-31 09:30:00,1.9377065,1.9404145,1.9027065,1.9208315,176465216.0
2014-11-03 09:30:00,1.930623,1.9538815,1.9233315,1.940623,141369304.0
2014-11-04 09:30:00,1.9189565,1.9341645,1.8795815,1.919998,138649720.0
2014-11-05 09:30:00,1.9554145,1.957498,1.8995815,1.9197895,138745624.0
2014-11-06 09:30:00,1.916873,1.938748,1.894473,1.936248,97271808.0
2014-11-07 09:30:00,1.9479145,1.949998,1.902498,1.9314565,110811416.0
2014-11-10 09:30:00,1.9341645,1.959998,1.9191645,1.951248,103372992.0
2014-11-11 09:30:00,1.9541645,1.969998,1.9379145,1.9697895,105616999.99999997
2014-11-12 09:30:00,1.9466645,1.986871,1.9466645,1.980623,96199440.0
2014-11-13 09:30:00,1.9914565,2.0285395,1.978748,2.0060395,182166800.0
2014-11-14 09:30:00,2.004998,2.0245815,1.984998,2.0245815,114815872.0
2014-11-17 09:30:00,2.0102065,2.0241625,1.978123,2.005623,141353080.0
2014-11-18 09:30:00,2.011873,2.059373,2.0116645,2.050623,111819848.00000001
2014-11-19 09:30:00,2.0447895,2.0447895,1.9958315,2.0245815,148809168.0
2014-11-20 09:30:00,1.9977065,2.055623,1.9927065,2.0514565,99554496.0
2014-11-21 09:30:00,2.105831,2.110831,2.0433315,2.066248,152948312.0
2014-11-24 09:30:00,2.079998,2.11375,2.0741645,2.1129145,126207144.0
2014-11-25 09:30:00,2.1204145,2.139373,2.104373,2.1197895,151535040.0
2014-11-26 09:30:00,2.1266645,2.1654145,2.1197915,2.163123,105632264.00000001
2014-11-28 09:30:00,2.180623,2.2066645,2.175208,2.1954145,72573384.0
2014-12-01 09:30:00,2.175206,2.1858105,2.092498,2.114373,156187304.0
2014-12-02 09:30:00,2.1247895,2.153123,2.1097895,2.137081,129891248.0
2014-12-03 09:30:00,2.1522895,2.1622895,2.113956,2.156456,131943296.0
2014-12-04 09:30:00,2.146873,2.175831,2.123977,2.149998,154038200.0
2014-12-05 09:30:00,2.162706,2.1710395,2.1372895,2.151456,113630752.0
2014-12-08 09:30:00,2.133748,2.1622895,2.071248,2.104998,169283880.0
2014-12-09 09:30:00,2.0302065,2.1285395,2.008748,2.1254145,170686200.0
2014-12-10 09:30:00,2.1129145,2.128331,2.013123,2.022498,134529344.0
2014-12-11 09:30:00,2.0416645,2.124998,2.0402065,2.0541645,136034392.0
2014-12-12 09:30:00,1.9939565,2.063748,1.985623,1.986144,153787976.0
2014-12-15 09:30:00,2.0158315,2.037973,1.906873,1.9266645,235950808.0
2014-12-16 09:30:00,1.8883315,1.9727065,1.8302065,1.83104,212858032.0
2014-12-17 09:30:00,1.8345815,1.9466645,1.828123,1.929373,182725712.0
2014-12-18 09:30:00,2.0141645,2.0708335,1.997917,2.0708315,186745960.0
2014-12-19 09:30:00,2.0770815,2.122498,2.062477,2.093956,154831256.0
2014-12-22 09:30:00,2.0871855,2.114581,2.0835395,2.1129145,110457703.99999999
2014-12-23 09:30:00,2.136248,2.136456,2.082498,2.092706,115921983.99999999
2014-12-24 09:30:00,2.099373,2.118956,2.0932685,2.097081,43980615.99999999
2014-12-26 09:30:00,2.112498,2.152498,2.1122895,2.139581,86089184.0
2014-12-29 09:30:00,2.133748,2.1516645,2.1291645,2.139998,62327048.0
2014-12-30 09:30:00,2.118956,2.1341625,2.086227,2.095831,123860952.0
2014-12-31 09:30:00,2.104373,2.130206,2.0210395,2.0302065,117090448.00000001
2015-01-02 09:30:00,2.059373,2.0860395,1.982498,2.0135395,122228088.0
2015-01-05 09:30:00,1.984373,1.9916645,1.906248,1.9229145,127018104.00000001
2015-01-06 09:30:00,1.9297895,1.9410375,1.8202065,1.846665,168643512.0
2015-01-07 09:30:00,1.881873,1.929998,1.869165,1.9177065,137466184.0
2015-01-08 09:30:00,1.9670815,2.0385395,1.9604145,2.0270815,144938064.0
2015-01-09 09:30:00,2.0460395,2.0483315,1.9522895,1.9860395,181421360.0
2015-01-12 09:30:00,1.999373,2.0045815,1.909165,1.924998,165252304.0
2015-01-13 09:30:00,1.979373,2.041248,1.8770815,1.9233315,199707840.0
2015-01-14 09:30:00,1.86229,1.919373,1.840415,1.893748,216150024.0
2015-01-15 09:30:00,1.915415,1.9260395,1.810623,1.81854,196011744.00000003
2015-01-16 09:30:00,1.8095815,1.8878295,1.800623,1.8833315,141798424.0
2015-01-20 09:30:00,1.914998,1.9389565,1.8508525,1.924998,141894136.0
2015-01-21 09:30:00,1.907498,1.9808315,1.8883335,1.954477,133532047.99999999
2015-01-22 09:30:00,1.9791645,2.068748,1.9266645,2.0633315,162657040.0
2015-01-23 09:30:00,2.0633315,2.095623,2.0445815,2.0770815,142358344.0
2015-01-26 09:30:00,2.0708315,2.0812395,2.0379145,2.072498,100806191.99999999
2015-01-27 09:30:00,1.9739565,1.9752065,1.8883315,1.9120815,223987320.0
2015-01-28 09:30:00,1.9997895,2.006248,1.877915,1.879165,188929144.0
2015-01-29 09:30:00,1.8727065,1.942902,1.824998,1.9335395,176558336.0
2015-01-30 09:30:00,1.926873,1.971873,1.880415,1.889165,218220408.0
2015-02-02 09:30:00,1.899373,1.9416645,1.8121025,1.938748,198844176.0
2015-02-03 09:30:00,1.954998,1.9964565,1.9203815,1.9916645,182330815.99999997
2015-02-04 09:30:00,1.9666645,2.0266645,1.9545815,1.9864565,124631400.0
2015-02-05 09:30:00,2.000623,2.041873,1.9883315,2.0391645,100326816.00000001
2015-02-06 09:30:00,2.0479145,2.0614565,1.979792,2.0020815,123527928.0
2015-02-09 09:30:00,1.978123,2.0095815,1.9677065,1.979998,95793544.0
2015-02-10 09:30:00,2.0164565,2.0822895,2.0054145,2.0747895,119254000.00000001
2015-02-11 09:30:00,2.0822895,2.110831,2.0695815,2.098123,121853304.0
2015-02-12 09:30:00,2.135831,2.1722895,2.1285395,2.171456,153098696.00000003
2015-02-13 09:30:00,2.188748,2.2267125,2.177081,2.226248,120898440.0
2015-02-17 09:30:00,2.225831,2.2360395,2.2097895,2.2322895,82725872.00000001
2015-02-18 09:30:00,2.2247895,2.244581,2.214581,2.241873,70479664.0
2015-02-19 09:30:00,2.236456,2.278956,2.2354145,2.2756225,75589656.0
2015-02-20 09:30:00,2.270206,2.323956,2.2487165,2.3193725,90773944.0
2015-02-23 09:30:00,2.3179145,2.3287475,2.301456,2.3285395,78973367.99999999
2015-02-24 09:30:00,2.318331,2.340204,2.2972895,2.333331,104602999.99999999
2015-02-25 09:30:00,2.3210395,2.3485395,2.2993725,2.314581,112550944.00000001
2015-02-26 09:30:00,2.3212475,2.3527975,2.302081,2.3497895,116337136.0
2015-02-27 09:30:00,2.347081,2.3512475,2.30746,2.3187475,88788904.0
2015-03-02 09:30:00,2.3312475,2.3831225,2.330206,2.3812475,89046664.0
2015-03-03 09:30:00,2.3604145,2.3668725,2.3028645,2.347081,128388896.0
2015-03-04 09:30:00,2.3247895,2.3343415,2.2818725,2.3210395,116638911.99999999
2015-03-05 09:30:00,2.3387475,2.3531225,2.304227,2.3312475,92344888.0
2015-03-06 09:30:00,2.324581,2.3372475,2.235156,2.2510395,149726591.99999997
2015-03-09 09:30:00,2.267081,2.2887475,2.2385395,2.272706,113269407.99999999
2015-03-10 09:30:00,2.222706,2.223956,2.145831,2.146873,191965480.0
2015-03-11 09:30:00,2.152706,2.162706,2.106248,2.1091645,223153176.00000003
2015-03-12 09:30:00,2.103123,2.1572895,2.099373,2.149581,122388599.99999999
2015-03-13 09:30:00,2.143956,2.1693705,2.0816645,2.121873,198116543.99999997
2015-03-16 09:30:00,2.1454145,2.2041645,2.1383335,2.203123,114957904.0
2015-03-17 09:30:00,2.1841645,2.223954,2.1697895,2.2154145,97360992.0
2015-03-18 09:30:00,2.196456,2.3087475,2.161456,2.2791645,167824096.0
2015-03-19 09:30:00,2.287081,2.3072895,2.2760395,2.290206,111385304.0
2015-03-20 09:30:00,2.3447895,2.3672895,2.332706,2.337706,104813720.00000001
2015-03-23 09:30:00,2.33031,2.348956,2.3179145,2.3181225,99236064.0
2015-03-24 09:30:00,2.317706,2.350831,2.293331,2.294581,92982520.0
2015-03-25 09:30:00,2.306456,2.3101145,2.134373,2.134373,175884168.0
2015-03-26 09:30:00,2.0841645,2.150623,2.062623,2.116873,196557984.0
2015-03-27 09:30:00,2.112706,2.154581,2.103956,2.1372895,98543712.0
2015-03-30 09:30:00,2.1804145,2.218331,2.178956,2.2141645,151214352.0
2015-03-31 09:30:00,2.193956,2.208123,2.141448,2.145623,124508088.0
2015-04-01 09:30:00,2.142706,2.142706,2.0677065,2.109373,175875864.0
2015-04-02 09:30:00,2.1135395,2.133331,2.092706,2.1129145,110576647.99999999
2015-04-06 09:30:00,2.0747895,2.182079,2.0661415,2.163748,150946944.0
2015-04-07 09:30:00,2.1610395,2.208331,2.1535395,2.153748,114689919.99999999
2015-04-08 09:30:00,2.1554145,2.2135395,2.154581,2.204998,169141320.0
2015-04-09 09:30:00,2.2029145,2.247706,2.178956,2.2460395,110927768.0
2015-04-10 09:30:00,2.245623,2.2737475,2.228956,2.2729145,113384031.99999999
2015-04-13 09:30:00,2.278956,2.3129145,2.248123,2.2560395,115200640.00000001
2015-04-14 09:30:00,2.2510395,2.2679205,2.1985395,2.2366645,168974088.0
2015-04-15 09:30:00,2.255831,2.2924975,2.245831,2.2762475,95357560.0
2015-04-16 09:30:00,2.260831,2.2804145,2.250206,2.268331,90888328.0
2015-04-17 09:30:00,2.203748,2.2222605,2.133748,2.1622895,186428200.0
2015-04-20 09:30:00,2.195623,2.2706225,2.192081,2.258956,142194856.00000003
2015-04-21 09:30:00,2.2991645,2.3099975,2.2804145,2.2879145,127387368.0
2015-04-22 09:30:00,2.3056225,2.336456,2.2618725,2.3249975,121915656.0
2015-04-23 09:30:00,2.3029145,2.3829145,2.3006225,2.3529145,131002975.99999999
2015-04-24 09:30:00,2.425414,2.4568725,2.414977,2.4449975,142416135.99999997
2015-04-27 09:30:00,2.4749975,2.4881225,2.4131225,2.4293725,161157904.00000003
2015-04-28 09:30:00,2.434164,2.447914,2.3531225,2.4135395,171751992.0
2015-04-29 09:30:00,2.3731225,2.415412,2.3293725,2.3674975,193951584.0
2015-04-30 09:30:00,2.3281225,2.3572895,2.2210395,2.2562475,308170288.0
2015-05-01 09:30:00,2.282081,2.349581,2.2812475,2.3474975,190011928.0
2015-05-04 09:30:00,2.3668725,2.4006225,2.3531225,2.355831,131970223.99999999
2015-05-05 09:30:00,2.3293725,2.3422895,2.2385395,2.2441645,280692904.0
2015-05-06 09:30:00,2.2535395,2.2729145,2.150206,2.196248,213398704.0
2015-05-07 09:30:00,2.193956,2.2524975,2.188331,2.233956,168619128.0
2015-05-08 09:30:00,2.303331,2.3322895,2.2929145,2.315831,178377536.0
2015-05-11 09:30:00,2.3222895,2.336662,2.285831,2.2904145,139028008.0
2015-05-12 09:30:00,2.249373,2.293956,2.198123,2.260831,190334872.0
2015-05-13 09:30:00,2.290206,2.3241645,2.2631225,2.2724975,132500288.00000001
2015-05-14 09:30:00,2.3293725,2.3779145,2.3033395,2.3731225,176831168.0
2015-05-15 09:30:00,2.3918725,2.4004145,2.3549975,2.3729145,146505360.0
2015-05-18 09:30:00,2.3612475,2.416914,2.3554145,2.402081,110587496.0
2015-05-19 09:30:00,2.411456,2.421664,2.383956,2.395206,98578608.0
2015-05-20 09:30:00,2.4006225,2.442289,2.3618725,2.3991645,111263864.00000001
2015-05-21 09:30:00,2.3874975,2.446039,2.3766645,2.4368725,92224024.0
2015-05-22 09:30:00,2.428539,2.4556225,2.4237475,2.430206,79817976.00000001
2015-05-26 09:30:00,2.4129145,2.422914,2.317081,2.3460395,140457160.0
2015-05-27 09:30:00,2.366456,2.4662475,2.3518725,2.458956,134288000.0
2015-05-28 09:30:00,2.443956,2.4612475,2.4193725,2.440831,90645351.99999999
2015-05-29 09:30:00,2.436664,2.447289,2.3816645,2.399581,106059656.00000001
2015-06-01 09:30:00,2.437289,2.441456,2.363331,2.4206225,137157784.0
2015-06-02 09:30:00,2.395206,2.4343725,2.3597915,2.3985395,131461040.0
2015-06-03 09:30:00,2.432706,2.4474975,2.4029145,2.419581,117066544.0
2015-06-04 09:30:00,2.3799975,2.4253245,2.3429145,2.3668725,185704888.0
2015-06-05 09:30:00,2.356456,2.3731225,2.3056225,2.348956,138590632.0
2015-06-08 09:30:00,2.3443725,2.3499975,2.262706,2.277081,144421584.0
2015-06-09 09:30:00,2.2604145,2.289581,2.213956,2.265831,152998712.00000003
2015-06-10 09:30:00,2.2879145,2.3774975,2.280831,2.3556225,154767752.00000003
2015-06-11 09:30:00,2.380831,2.4006225,2.3556225,2.3685395,117081856.0
2015-06-12 09:30:00,2.3297895,2.3447895,2.300652,2.308331,120896136.0
2015-06-15 09:30:00,2.2579145,2.2860395,2.218331,2.276456,200884136.0
2015-06-16 09:30:00,2.2662475,2.3231225,2.264581,2.3112475,101267375.99999999
2015-06-17 09:30:00,2.323956,2.3535395,2.286456,2.3306225,168388728.0
2015-06-18 09:30:00,2.350206,2.444164,2.3487475,2.429164,162628240.0
2015-06-19 09:30:00,2.436039,2.4424975,2.392081,2.392081,84628976.0
2015-06-22 09:30:00,2.449789,2.471456,2.433539,2.449789,131717023.99999999
2015-06-23 09:30:00,2.458331,2.4624975,2.424789,2.455831,114906592.00000001
2015-06-24 09:30:00,2.446456,2.4774975,2.4158725,2.4181225,84901520.0
2015-06-25 09:30:00,2.445206,2.4526765,2.3910395,2.4022895,85203104.00000001
2015-06-26 09:30:00,2.400206,2.417706,2.328331,2.357706,131902592.0
2015-06-29 09:30:00,2.274581,2.3166645,2.186477,2.1910395,273743168.0
2015-06-30 09:30:00,2.2366645,2.2510395,2.191456,2.2160395,176794592.0
2015-07-01 09:30:00,2.2760395,2.2904145,2.233331,2.261456,141624328.0
2015-07-02 09:30:00,2.2818725,2.2890915,2.245206,2.2699975,105524744.0
2015-07-06 09:30:00,2.223123,2.2885375,2.208331,2.250831,131808272.00000001
2015-07-07 09:30:00,2.2572895,2.2729145,2.1335395,2.2622895,250328984.0
2015-07-08 09:30:00,2.2172895,2.225831,2.135831,2.148956,184882120.0
2015-07-09 09:30:00,2.235623,2.2379125,2.142706,2.142706,125260439.99999999
2015-07-10 09:30:00,2.224998,2.2666645,2.205831,2.2422895,123259752.0
2015-07-13 09:30:00,2.298956,2.365831,2.2985395,2.3568725,104859703.99999999
2015-07-14 09:30:00,2.370206,2.4251475,2.366456,2.4041645,102199440.0
2015-07-15 09:30:00,2.417914,2.441664,2.393331,2.4156225,119141776.0
2015-07-16 09:30:00,2.473956,2.516664,2.459164,2.5099975,139678840.0
2015-07-17 09:30:00,2.576039,2.6249975,2.5643725,2.624789,143328136.0
2015-07-20 09:30:00,2.646664,2.682914,2.6195805,2.654164,95889640.0
2015-07-21 09:30:00,2.6583305,2.668893,2.6258305,2.6468725,87410240.0
2015-07-22 09:30:00,2.527914,2.5968725,2.5274975,2.5599975,108387032.0
2015-07-23 09:30:00,2.5674975,2.5912475,2.510414,2.5293725,96783743.99999999
2015-07-24 09:30:00,2.568956,2.574789,2.445414,2.4574975,106471687.99999999
2015-07-27 09:30:00,2.4137475,2.4455185,2.3791645,2.3943725,120623736.00000001
2015-07-28 09:30:00,2.428539,2.471039,2.3693725,2.4574975,155597816.0
2015-07-29 09:30:00,2.4718725,2.5006225,2.444164,2.4849975,121737144.0
2015-07-30 09:30:00,2.467289,2.531664,2.422914,2.519581,137044600.0
2015-07-31 09:30:00,2.542706,2.5468725,2.494581,2.5118725,109037576.0
2015-08-03 09:30:00,2.513331,2.532456,2.4374975,2.4887475,147736271.99999997
2015-08-04 09:30:00,2.481664,2.4962475,2.4412495,2.472706,141349624.0
2015-08-05 09:30:00,2.5137475,2.5787475,2.5056225,2.5306225,127410792.0
2015-08-06 09:30:00,2.5356225,2.546664,2.3743725,2.4091645,175293768.0
2015-08-07 09:30:00,2.3906225,2.4160395,2.3391645,2.399581,160174672.00000003
2015-08-10 09:30:00,2.444789,2.496664,2.444789,2.4806225,133803968.0
2015-08-11 09:30:00,2.4406225,2.470206,2.3454145,2.3860395,173291544.00000003
2015-08-12 09:30:00,2.3379145,2.4243725,2.260206,2.407081,224346367.99999997
2015-08-13 09:30:00,2.416664,2.451039,2.3824975,2.3962475,140660104.00000003
2015-08-14 09:30:00,2.380206,2.4187475,2.367081,2.4091645,145980480.0
2015-08-17 09:30:00,2.3906225,2.470206,2.3729145,2.468331,125355240.0
2015-08-18 09:30:00,2.4543725,2.464581,2.4212475,2.428956,109000232.0
2015-08-19 09:30:00,2.4062475,2.446664,2.340831,2.383331,235518087.99999997
2015-08-20 09:30:00,2.3166645,2.3388685,2.1835395,2.187081,300019496.0
2015-08-21 09:30:00,2.093748,2.146873,1.914998,1.914998,380292184.0
2015-08-24 09:30:00,1.56354,1.9058315,1.360478,1.6881235,392719208.0
2015-08-25 09:30:00,1.8645815,1.89854,1.6583315,1.6658315,289666511.99999994
2015-08-26 09:30:00,1.808123,1.9202065,1.7014565,1.906248,285020440.0
2015-08-27 09:30:00,1.9958315,2.059373,1.9235395,2.0552065,485954688.0
2015-08-28 09:30:00,2.022498,2.074998,2.0091645,2.0535395,214095808.0
2015-08-31 09:30:00,2.0197895,2.053123,1.962498,1.9772895,206870504.0
2015-09-01 09:30:00,1.828748,1.919373,1.76729,1.797915,313862471.99999994
2015-09-02 09:30:00,1.889165,1.9441645,1.826894,1.9441645,180279248.0
2015-09-03 09:30:00,1.9679145,2.0058315,1.8983315,1.9120815,223225895.99999997
2015-09-04 09:30:00,1.835415,1.8840625,1.814373,1.848123,279644288.00000006
2015-09-08 09:30:00,1.9529145,2.009373,1.9297895,2.004998,225350767.99999997
2015-09-09 09:30:00,2.073748,2.0747895,1.9191645,1.9352065,281285367.99999994
2015-09-10 09:30:00,1.9272895,2.0360395,1.920448,1.9970815,247163952.0
2015-09-11 09:30:00,1.9704145,2.029373,1.953123,2.029373,189718072.0
2015-09-14 09:30:00,2.0520815,2.0527065,1.9891645,2.011248,176665376.0
2015-09-15 09:30:00,2.026248,2.101873,2.00415,2.0814565,152652920.0
2015-09-16 09:30:00,2.085623,2.123956,2.062498,2.116248,140414680.00000003
2015-09-17 09:30:00,2.113956,2.215623,2.093748,2.122081,242360208.0
2015-09-18 09:30:00,2.0247895,2.104581,2.020148,2.0322895,272342144.00000006
2015-09-21 09:30:00,2.0633315,2.0991645,1.9947895,2.0495815,200311976.00000003
2015-09-22 09:30:00,1.9547895,1.9770815,1.901665,1.9591645,283797064.0
2015-09-23 09:30:00,1.9729145,1.9883315,1.931248,1.9622895,223760808.0
2015-09-24 09:30:00,1.904373,1.9620815,1.854165,1.9395815,293835648.0
2015-09-25 09:30:00,2.0054145,2.008123,1.85479,1.892498,283822360.0
2015-09-28 09:30:00,1.866248,1.8695815,1.7127085,1.7293735,360056568.00000006
2015-09-29 09:30:00,1.7418735,1.79479,1.6649985,1.7037485,365752679.99999994
2015-09-30 09:30:00,1.7745815,1.824998,1.754165,1.8164565,333866008.00000006
2015-10-01 09:30:00,1.827915,1.843123,1.7558315,1.841873,219266472.00000003
2015-10-02 09:30:00,1.767915,1.9397895,1.749998,1.937498,317406168.0
2015-10-05 09:30:00,1.9827065,2.0383315,1.9700605,2.0258315,208152736.00000003
2015-10-06 09:30:00,2.0110395,2.028748,1.9464565,1.996873,230120240.0
2015-10-07 09:30:00,2.032498,2.043123,1.9533315,2.0289565,253109576.0
2015-10-08 09:30:00,2.0072895,2.0645815,1.948123,2.053748,291874752.0
2015-10-09 09:30:00,2.0564565,2.093748,2.040148,2.078748,175223112.0
2015-10-12 09:30:00,2.094581,2.1085395,2.0714565,2.096248,152538056.0
2015-10-13 09:30:00,2.0604145,2.124456,2.049998,2.0552065,212964208.0
2015-10-14 09:30:00,2.0558315,2.086873,2.019998,2.0464565,183333104.0
2015-10-15 09:30:00,2.0685395,2.146873,2.060623,2.146456,214570528.0
2015-10-16 09:30:00,2.160623,2.177081,2.129227,2.173123,132641504.0
2015-10-19 09:30:00,2.163123,2.215623,2.1510395,2.212081,163621504.0
2015-10-20 09:30:00,2.198748,2.2135395,2.154581,2.1754145,145253904.0
2015-10-21 09:30:00,2.209581,2.2158645,2.1341645,2.1404145,176494160.0
2015-10-22 09:30:00,2.193956,2.272706,2.175623,2.2672895,259751727.99999997
2015-10-23 09:30:00,2.450206,2.4856225,2.4135395,2.455831,204059432.0
2015-10-26 09:30:00,2.452706,2.476664,2.4249975,2.4631225,119888560.00000001
2015-10-27 09:30:00,2.4431225,2.487935,2.441039,2.479164,104463463.99999999
2015-10-28 09:30:00,2.490414,2.538331,2.428906,2.536664,208959759.99999997
2015-10-29 09:30:00,2.5037475,2.539581,2.496456,2.527289,99828048.0
2015-10-30 09:30:00,2.5306225,2.5437475,2.4924975,2.492706,120071735.99999999
2015-11-02 09:30:00,2.5112475,2.586039,2.497289,2.577706,110602664.0
2015-11-03 09:30:00,2.5618725,2.631987,2.5499975,2.602289,123623496.0
2015-11-04 09:30:00,2.6281225,2.635414,2.572289,2.6033305,145832160.0
2015-11-05 09:30:00,2.6112475,2.630414,2.542914,2.580414,142252072.00000003
2015-11-06 09:30:00,2.569581,2.597289,2.5185515,2.5889555,136249912.0
2015-11-09 09:30:00,2.558956,2.569331,2.4579165,2.5056225,151317168.00000003
2015-11-10 09:30:00,2.4656225,2.4931225,2.4437475,2.487914,98719392.0
2015-11-11 09:30:00,2.5068725,2.542706,2.4644765,2.4768725,100831152.00000001
2015-11-12 09:30:00,2.4449975,2.482289,2.399581,2.4049975,137927848.0
2015-11-13 09:30:00,2.3747895,2.3817685,2.259581,2.2635395,197695728.0
2015-11-16 09:30:00,2.2560395,2.361456,2.240248,2.3579145,185545336.0
2015-11-17 09:30:00,2.3722895,2.415831,2.3468725,2.3660395,221416103.99999997
2015-11-18 09:30:00,2.392706,2.508331,2.386352,2.501664,196278768.00000003
2015-11-19 09:30:00,2.505831,2.540439,2.4924975,2.505414,103960752.00000001
2015-11-20 09:30:00,2.540414,2.5624975,2.5341495,2.555206,101996736.00000001
2015-11-23 09:30:00,2.558331,2.5874975,2.502289,2.534581,112879024.0
2015-11-24 09:30:00,2.485414,2.5456225,2.446456,2.526664,132494719.99999999
2015-11-25 09:30:00,2.536456,2.548331,2.5187475,2.532289,55979519.99999998
2015-11-27 09:30:00,2.550414,2.5599975,2.5187475,2.541456,27242376.0
2015-11-30 09:30:00,2.5668725,2.5672265,2.500414,2.525414,93274648.00000001
2015-12-01 09:30:00,2.5537475,2.600414,2.5456225,2.600414,117043024.00000001
2015-12-02 09:30:00,2.605414,2.640414,2.539789,2.5531225,122093736.0
2015-12-03 09:30:00,2.573331,2.584789,2.378331,2.422914,225912416.00000003
2015-12-04 09:30:00,2.443539,2.604164,2.429164,2.5893725,173290008.0
2015-12-07 09:30:00,2.5970805,2.6018305,2.519789,2.557706,138451288.0
2015-12-08 09:30:00,2.476664,2.581487,2.473539,2.557914,162598048.00000003
2015-12-09 09:30:00,2.521664,2.5649975,2.395206,2.4387475,289734624.0
2015-12-10 09:30:00,2.456456,2.521664,2.4349975,2.473331,162925888.0
2015-12-11 09:30:00,2.387706,2.4068725,2.298331,2.3037475,294872496.0
2015-12-14 09:30:00,2.3137475,2.3574975,2.2141645,2.3554145,232342935.99999997
2015-12-15 09:30:00,2.415831,2.4581225,2.3887475,2.3954145,191557864.0
2015-12-16 09:30:00,2.446039,2.516039,2.3729145,2.5012475,196512192.0
2015-12-17 09:30:00,2.534581,2.536664,2.393956,2.397081,189514119.99999997
2015-12-18 09:30:00,2.3712475,2.3881225,2.2604145,2.2654145,204955112.0
2015-12-21 09:30:00,2.321456,2.3329145,2.270531,2.332706,128057264.0
2015-12-22 09:30:00,2.3691645,2.3872895,2.3318725,2.3768725,134046272.0
2015-12-23 09:30:00,2.4141645,2.4349975,2.4010395,2.4312475,109893752.0
2015-12-24 09:30:00,2.429164,2.4487475,2.4249975,2.4262475,48518111.99999999
2015-12-28 09:30:00,2.4091645,2.4256225,2.3581225,2.4256225,102674064.00000001
2015-12-29 09:30:00,2.467706,2.554581,2.462706,2.5362475,145304351.99999997
2015-12-30 09:30:00,2.531664,2.534789,2.469581,2.471456,89593624.00000001
2015-12-31 09:30:00,2.444581,2.457706,2.377081,2.3797895,175907928.0
2016-01-04 09:30:00,2.221248,2.234373,2.1403105,2.234373,265866312.0
2016-01-05 09:30:00,2.2604145,2.2693725,2.1841645,2.214373,132325423.99999999
2016-01-06 09:30:00,2.103748,2.1885395,2.100831,2.154998,243788208.0
2016-01-07 09:30:00,2.0145815,2.093748,1.9470815,1.949998,340349424.0
2016-01-08 09:30:00,1.9922895,2.0285395,1.8952065,1.9039565,331818952.0
2016-01-11 09:30:00,1.9435395,1.9589565,1.831248,1.920623,336176736.0
2016-01-12 09:30:00,1.9722895,2.015204,1.904165,1.9854145,317519400.0
2016-01-13 09:30:00,2.009373,2.0233315,1.7708315,1.7777065,413398535.99999994
2016-01-14 09:30:00,1.8002065,1.940621,1.7145815,1.8927065,363416615.99999994
2016-01-15 09:30:00,1.7037485,1.7770815,1.6443735,1.7187485,564715615.9999999
2016-01-19 09:30:00,1.78604,1.794248,1.6668735,1.72604,259228144.0
2016-01-20 09:30:00,1.6449985,1.766248,1.532082,1.710415,554700119.9999999
2016-01-21 09:30:00,1.7318735,1.791873,1.6637485,1.716665,338114640.0
2016-01-22 09:30:00,1.8177065,1.867498,1.80229,1.8645815,286880728.0
2016-01-25 09:30:00,1.847915,1.876873,1.7770815,1.780623,277083440.00000006
2016-01-26 09:30:00,1.804165,1.853121,1.757915,1.8314565,243037584.0
2016-01-27 09:30:00,1.798123,1.82104,1.6708315,1.6952065,358315936.00000006
2016-01-28 09:30:00,1.77479,1.779165,1.67729,1.7620815,315573048.0
2016-01-29 09:30:00,1.76604,1.876873,1.7614585,1.876873,257717632.0
2016-02-01 09:30:00,1.846248,1.911248,1.82604,1.887498,228239408.0
2016-02-02 09:30:00,1.865248,1.865248,1.750415,1.7677065,256868751.99999997
2016-02-03 09:30:00,1.80104,1.8014565,1.6487485,1.7427065,471304352.0
2016-02-04 09:30:00,1.725415,1.78229,1.6802065,1.7395815,284035911.99999994
2016-02-05 09:30:00,1.722915,1.7246025,1.5412485,1.5606235,429778935.99999994
2016-02-08 09:30:00,1.47354,1.507915,1.4029155,1.4893735,514965584.0
2016-02-09 09:30:00,1.427915,1.541436,1.4212485,1.472082,459494424.0
2016-02-10 09:30:00,1.52604,1.581665,1.48729,1.489582,375528415.99999994
2016-02-11 09:30:00,1.433332,1.518957,1.420415,1.48604,477077848.0
2016-02-12 09:30:00,1.5324985,1.555832,1.492082,1.5493735,316429512.0
2016-02-16 09:30:00,1.6212485,1.6524985,1.59104,1.6524985,299313752.0
2016-02-17 09:30:00,1.6943735,1.775623,1.679165,1.766665,365230152.00000006
2016-02-18 09:30:00,1.785415,1.78604,1.70104,1.706665,257898256.0
2016-02-19 09:30:00,1.68729,1.738746,1.6712485,1.7243735,238936407.99999997
2016-02-22 09:30:00,1.7712275,1.811873,1.766248,1.8058315,248266760.00000003
2016-02-23 09:30:00,1.7739565,1.7893105,1.714165,1.7158315,267827064.0
2016-02-24 09:30:00,1.6577065,1.772917,1.6258315,1.766873,350560615.99999994
2016-02-25 09:30:00,1.77854,1.8177065,1.7302065,1.815623,259600719.99999997
2016-02-26 09:30:00,1.8570815,1.8614565,1.7991855,1.8114565,248575640.00000003
2016-02-29 09:30:00,1.80729,1.8477065,1.76354,1.76354,229966304.00000003
2016-03-01 09:30:00,1.811873,1.9327065,1.797498,1.9322895,311136880.00000006
2016-03-02 09:30:00,1.924998,1.9364355,1.88979,1.934373,193971168.0
2016-03-03 09:30:00,1.929373,1.9310395,1.8827065,1.9235395,206596519.99999997
2016-03-04 09:30:00,1.9308315,1.9637855,1.888123,1.926873,237845416.0
2016-03-07 09:30:00,1.896873,1.930623,1.849373,1.89104,189124984.0
2016-03-08 09:30:00,1.8508315,1.90104,1.833748,1.84104,212565520.0
2016-03-09 09:30:00,1.8658315,1.87954,1.8333315,1.876248,208342912.0
2016-03-10 09:30:00,1.906248,1.9345815,1.79729,1.869165,343455072.00000006
2016-03-11 09:30:00,1.9295815,1.968123,1.913123,1.9660395,169658759.99999997
2016-03-14 09:30:00,1.946248,1.9920815,1.9439565,1.977498,157165303.99999997
2016-03-15 09:30:00,1.957498,1.9816645,1.9377065,1.976248,193118976.0
2016-03-16 09:30:00,1.958748,2.0435395,1.958748,2.0266645,176457920.0
2016-03-17 09:30:00,2.011248,2.0389565,1.9877085,2.0208315,127505544.0
2016-03-18 09:30:00,2.037498,2.0495815,2.0022895,2.032498,147536592.0
2016-03-21 09:30:00,2.023748,2.0635395,2.0197895,2.0566645,136009192.00000003
2016-03-22 09:30:00,2.0233315,2.090623,2.0214565,2.074998,127215768.00000001
2016-03-23 09:30:00,2.0639565,2.0685395,2.0114565,2.025623,154456904.0
2016-03-24 09:30:00,1.9927065,2.028748,1.9854145,2.024998,127023528.0
2016-03-28 09:30:00,2.0454145,2.0458315,2.0079145,2.0177065,129386431.99999999
2016-03-29 09:30:00,2.0066645,2.118748,1.996873,2.1141645,179793968.0
2016-03-30 09:30:00,2.152706,2.185623,2.132081,2.145831,209887119.99999997
2016-03-31 09:30:00,2.1410395,2.164998,2.126456,2.133331,118522096.0
2016-04-01 09:30:00,2.100831,2.206873,2.088956,2.204373,163021647.99999997
2016-04-04 09:30:00,2.2010395,2.208331,2.163981,2.177081,136630600.0
2016-04-05 09:30:00,2.1272895,2.152498,2.107498,2.1185395,146842224.0
2016-04-06 09:30:00,2.124998,2.2216625,2.1229145,2.219998,182089135.99999997
2016-04-07 09:30:00,2.1822895,2.193123,2.096456,2.1241645,252224072.0
2016-04-08 09:30:00,2.162706,2.177706,2.097081,2.1191645,166244512.0
2016-04-11 09:30:00,2.1466645,2.178123,2.0947895,2.096456,137059048.0
2016-04-12 09:30:00,2.1004145,2.159998,2.061248,2.1454145,182422879.99999997
2016-04-13 09:30:00,2.197706,2.2397895,2.188956,2.2291645,162184864.0
2016-04-14 09:30:00,2.2297895,2.255206,2.213123,2.230623,111241976.0
2016-04-15 09:30:00,2.223331,2.2391645,2.1966665,2.2135395,83091680.00000001
2016-04-18 09:30:00,2.195206,2.250831,2.190831,2.246248,101461872.00000001
2016-04-19 09:30:00,2.2687475,2.270831,2.171873,2.207498,158584568.0
2016-04-20 09:30:00,2.204581,2.242706,2.1841665,2.2129145,107769320.0
2016-04-21 09:30:00,2.2116645,2.2366645,2.1835395,2.2135395,133474880.0
2016-04-22 09:30:00,2.1285395,2.1572895,2.0620815,2.113331,201322952.0
2016-04-25 09:30:00,2.090206,2.1129145,2.081873,2.1116645,96951168.0
2016-04-26 09:30:00,2.123956,2.136873,2.0629145,2.0827065,109314919.99999999
2016-04-27 09:30:00,2.0195815,2.045623,1.9804145,2.0327065,183005888.0
2016-04-28 09:30:00,2.039373,2.074373,1.9466645,1.960623,160769680.0
2016-04-29 09:30:00,1.9539565,1.969998,1.8812085,1.929373,191263336.00000003
2016-05-02 09:30:00,1.9414565,1.989373,1.9177065,1.9804145,118016992.0
2016-05-03 09:30:00,1.9389565,1.964998,1.909998,1.9277065,145960944.0
2016-05-04 09:30:00,1.89229,1.911873,1.8745815,1.8895815,155144263.99999997
2016-05-05 09:30:00,1.907498,1.9216645,1.8752085,1.88854,143976184.00000003
2016-05-06 09:30:00,1.8583315,1.917498,1.853123,1.9158315,156851336.0
2016-05-09 09:30:00,1.9177065,1.9589565,1.914998,1.9327065,118539231.99999999
2016-05-10 09:30:00,1.9533315,2.014998,1.9433315,2.013748,116479552.0
2016-05-11 09:30:00,2.0039565,2.0216645,1.9558315,1.958748,127064424.0
2016-05-12 09:30:00,1.9741645,1.9777065,1.8908315,1.931248,184742824.0
2016-05-13 09:30:00,1.929998,1.9616625,1.8989565,1.907915,155964872.00000003
2016-05-16 09:30:00,1.915623,2.002498,1.91354,1.9814565,117291376.0
2016-05-17 09:30:00,1.9791645,1.993123,1.8914565,1.905415,187226968.0
2016-05-18 09:30:00,1.89479,1.958123,1.881665,1.9270815,237970023.99999997
2016-05-19 09:30:00,1.90354,1.919498,1.8552065,1.896665,254096264.0
2016-05-20 09:30:00,1.9197895,1.982498,1.9164565,1.959998,125352456.0
2016-05-23 09:30:00,1.964998,1.9870815,1.9464565,1.9504145,86926159.99999999
2016-05-24 09:30:00,1.9839565,2.0760375,1.982498,2.0697895,150003120.00000003
2016-05-25 09:30:00,2.0935395,2.1322875,2.081873,2.114373,141769336.0
2016-05-26 09:30:00,2.121456,2.1397895,2.104581,2.132081,95272839.99999999
2016-05-27 09:30:00,2.135623,2.165831,2.1354145,2.1641645,107140568.0
2016-05-31 09:30:00,2.1760395,2.1872895,2.1447895,2.177081,112949968.00000001
2016-06-01 09:30:00,2.1572895,2.191873,2.151456,2.1779145,100536624.0
2016-06-02 09:30:00,2.163123,2.191456,2.1291645,2.190206,104659879.99999999
2016-06-03 09:30:00,2.177706,2.1816855,2.1179145,2.160206,155528216.0
2016-06-06 09:30:00,2.169998,2.200623,2.160831,2.183331,85998079.99999999
2016-06-07 09:30:00,2.1904145,2.193748,2.163748,2.1679145,77107943.99999999
2016-06-08 09:30:00,2.1797895,2.191248,2.1541645,2.177498,82260656.0
2016-06-09 09:30:00,2.151456,2.174373,2.138956,2.1679145,99727728.0
2016-06-10 09:30:00,2.109581,2.1204145,2.071477,2.094998,161757760.0
2016-06-13 09:30:00,2.0597895,2.0927835,2.0333315,2.041248,119051296.0
2016-06-14 09:30:00,2.0245815,2.0622895,1.9958315,2.0422895,141730936.0
2016-06-15 09:30:00,2.055623,2.0622895,2.0127065,2.0239565,106376792.0
2016-06-16 09:30:00,1.9941645,2.0464565,1.9538065,2.0385395,164363008.0
2016-06-17 09:30:00,2.0302065,2.0302065,1.9552065,1.968748,167019616.0
2016-06-20 09:30:00,2.039373,2.0652065,2.001248,2.0041645,139243048.0
2016-06-21 09:30:00,2.0164565,2.036873,2.0023315,2.0241645,86412176.0
2016-06-22 09:30:00,2.029998,2.0635395,2.0052065,2.0110395,103296767.99999999
2016-06-23 09:30:00,2.0577065,2.0966645,2.0322895,2.095831,128558720.0
2016-06-24 09:30:00,1.874998,1.965623,1.824998,1.839165,325502864.0
2016-06-27 09:30:00,1.79729,1.79979,1.704165,1.7320815,237510519.99999997
2016-06-28 09:30:00,1.78479,1.843123,1.783123,1.840623,199467792.0
2016-06-29 09:30:00,1.885623,1.9497895,1.8820815,1.936248,208462527.99999997
2016-06-30 09:30:00,1.9479145,2.0089565,1.9291645,2.0066645,165809344.0
2016-07-01 09:30:00,2.003123,2.0585395,2.0008315,2.0341645,131426144.0
2016-07-05 09:30:00,2.0079145,2.0116645,1.9658315,1.998123,130939951.99999997
2016-07-06 09:30:00,1.9708315,2.0496065,1.9514565,2.0452065,173476632.0
2016-07-07 09:30:00,2.054373,2.0791645,2.0364565,2.0645815,126232151.99999999
2016-07-08 09:30:00,2.095206,2.164998,2.089581,2.159998,150041424.00000003
2016-07-11 09:30:00,2.184581,2.2220105,2.182498,2.196873,142648744.0
2016-07-12 09:30:00,2.237706,2.2491645,2.22275,2.231456,115789984.0
2016-07-13 09:30:00,2.249581,2.250831,2.214373,2.215831,126414168.00000001
2016-07-14 09:30:00,2.2597895,2.2729145,2.243956,2.260831,109904168.00000001
2016-07-15 09:30:00,2.2754145,2.2793725,2.234373,2.248123,85417136.0
2016-07-18 09:30:00,2.2541645,2.305831,2.2522895,2.2929145,83860016.0
2016-07-19 09:30:00,2.270831,2.2899975,2.256977,2.2691645,78665832.0
2016-07-20 09:30:00,2.303956,2.3608725,2.2972895,2.3468725,90725080.0
2016-07-21 09:30:00,2.353956,2.3662475,2.3129145,2.3329145,112807024.00000001
2016-07-22 09:30:00,2.338331,2.3687475,2.315406,2.3599975,86804816.0
2016-07-25 09:30:00,2.3547895,2.3622895,2.3374975,2.362081,76241832.0
2016-07-26 09:30:00,2.3597895,2.3949975,2.333331,2.3699975,136353784.00000003
2016-07-27 09:30:00,2.4281225,2.4368705,2.387706,2.4162475,130565071.99999999
2016-07-28 09:30:00,2.429581,2.451664,2.4066645,2.4424975,87119408.0
2016-07-29 09:30:00,2.4599975,2.4787475,2.4362475,2.458539,102631631.99999999
2016-08-01 09:30:00,2.464581,2.516039,2.455414,2.497081,105314600.00000001
2016-08-02 09:30:00,2.486456,2.493539,2.3931225,2.440831,161108032.0
2016-08-03 09:30:00,2.435414,2.465206,2.430708,2.463956,85334863.99999999
2016-08-04 09:30:00,2.463331,2.4931225,2.445206,2.486039,84027488.00000001
2016-08-05 09:30:00,2.5262475,2.573956,2.5156245,2.557914,123478008.0
2016-08-08 09:30:00,2.562289,2.563706,2.5243725,2.549789,75900552.0
2016-08-09 09:30:00,2.554164,2.5901475,2.5499975,2.566664,79817688.0
2016-08-10 09:30:00,2.568539,2.5724975,2.526041,2.5468725,87717872.0
2016-08-11 09:30:00,2.570831,2.595814,2.5568725,2.579789,68648608.0
2016-08-12 09:30:00,2.564581,2.5845805,2.557081,2.5845805,68276848.0
2016-08-15 09:30:00,2.5937475,2.634268,2.5912475,2.6170805,57252824.0
2016-08-16 09:30:00,2.6018725,2.604164,2.5722495,2.575831,62597576.0
2016-08-17 09:30:00,2.575831,2.589789,2.532914,2.587914,89838232.0
2016-08-18 09:30:00,2.579789,2.600414,2.566664,2.590414,56753575.99999999
2016-08-19 09:30:00,2.5762475,2.603539,2.5545765,2.5868725,73616616.0
2016-08-22 09:30:00,2.574581,2.606039,2.5612475,2.5893725,73243128.0
2016-08-23 09:30:00,2.6208305,2.6358305,2.602916,2.604789,62654312.0
2016-08-24 09:30:00,2.601039,2.612289,2.5302265,2.554581,71197792.0
2016-08-25 09:30:00,2.5343725,2.565831,2.5256225,2.5424975,58447112.0
2016-08-26 09:30:00,2.545831,2.6033305,2.508331,2.554789,107312312.00000003
2016-08-29 09:30:00,2.5562475,2.584891,2.554789,2.5618725,49834799.99999999
2016-08-30 09:30:00,2.5524975,2.573956,2.512914,2.5387475,65751184.0
2016-08-31 09:30:00,2.527706,2.5391205,2.498956,2.532081,71616544.0
2016-09-01 09:30:00,2.5337475,2.5587475,2.4962475,2.543331,85953200.0
2016-09-02 09:30:00,2.588539,2.6039555,2.5459975,2.5731225,90737224.0
2016-09-06 09:30:00,2.588539,2.622914,2.570831,2.6208305,65986912.0
2016-09-07 09:30:00,2.6289555,2.640414,2.5977055,2.6256225,58073960.0
2016-09-08 09:30:00,2.604164,2.6056225,2.5606225,2.5806225,70064608.0
2016-09-09 09:30:00,2.517706,2.533331,2.3849975,2.3849975,160917136.0
2016-09-12 09:30:00,2.3491645,2.523787,2.3447895,2.507289,130652624.0
2016-09-13 09:30:00,2.4737475,2.4974975,2.410206,2.4481225,125307288.0
2016-09-14 09:30:00,2.4543725,2.520831,2.4518725,2.479581,111529544.0
2016-09-15 09:30:00,2.483331,2.6068725,2.4812475,2.5945805,132397807.99999999
2016-09-16 09:30:00,2.5881225,2.6004035,2.554164,2.591664,81525392.0
2016-09-19 09:30:00,2.6114555,2.636139,2.543956,2.557706,91671784.0
2016-09-20 09:30:00,2.583331,2.604164,2.5599975,2.5718725,75781512.0
2016-09-21 09:30:00,2.604164,2.658539,2.560206,2.646664,138598936.0
2016-09-22 09:30:00,2.6962475,2.7199535,2.686664,2.708539,78100584.0
2016-09-23 09:30:00,2.6999975,2.7014555,2.6474975,2.659789,73064519.99999999
2016-09-26 09:30:00,2.6139555,2.6233305,2.580831,2.5937475,81881215.99999999
2016-09-27 09:30:00,2.5908305,2.6720805,2.580831,2.667289,82898576.0
2016-09-28 09:30:00,2.6768725,2.686664,2.641268,2.6818725,75696503.99999999
2016-09-29 09:30:00,2.670414,2.683539,2.589789,2.6249975,114832816.0
2016-09-30 09:30:00,2.649164,2.7056055,2.636039,2.6789555,79987800.0
2016-10-03 09:30:00,2.669789,2.6808305,2.638539,2.672914,81760352.0
2016-10-04 09:30:00,2.6918725,2.7114555,2.6286205,2.6577055,112205680.0
2016-10-05 09:30:00,2.6818725,2.7114555,2.6780325,2.685414,68856736.0
2016-10-06 09:30:00,2.675414,2.698539,2.6431225,2.6812475,74529384.0
2016-10-07 09:30:00,2.689789,2.699789,2.625414,2.6637475,90563416.0
2016-10-10 09:30:00,2.7031225,2.7327055,2.701664,2.7114555,59889367.99999999
2016-10-11 09:30:00,2.7058305,2.709164,2.563539,2.5993725,129645056.0
2016-10-12 09:30:00,2.6020805,2.6181015,2.5674975,2.5939555,82055024.0
2016-10-13 09:30:00,2.539789,2.5845805,2.4931225,2.563539,104428040.00000001
2016-10-14 09:30:00,2.5981225,2.631664,2.567081,2.5693725,81812576.0
2016-10-17 09:30:00,2.5687475,2.582041,2.5413955,2.551664,55862448.00000001
2016-10-18 09:30:00,2.6406225,2.654789,2.6145805,2.6170805,76969128.0
2016-10-19 09:30:00,2.612289,2.628539,2.6039555,2.6181225,47054152.00000001
2016-10-20 09:30:00,2.606039,2.625414,2.562914,2.6070805,69950560.0
2016-10-21 09:30:00,2.6127055,2.6414555,2.5881225,2.635414,58630616.0
2016-10-24 09:30:00,2.6887475,2.7368725,2.686664,2.7314555,68648080.0
2016-10-25 09:30:00,2.7339555,2.737914,2.6935035,2.704164,59712200.0
2016-10-26 09:30:00,2.6520805,2.695035,2.6270805,2.652289,95308504.0
2016-10-27 09:30:00,2.684789,2.6912475,2.6033305,2.6152055,103042320.0
2016-10-28 09:30:00,2.590414,2.6320805,2.541664,2.5699975,142957384.0
2016-10-31 09:30:00,2.5949975,2.5949975,2.554164,2.555414,56904392.00000001
2016-11-01 09:30:00,2.5718725,2.5718725,2.4337475,2.502914,101924400.0
2016-11-02 09:30:00,2.494581,2.511456,2.421039,2.437706,81764959.99999999
2016-11-03 09:30:00,2.427706,2.4506225,2.3585395,2.3674975,87012464.0
2016-11-04 09:30:00,2.3456225,2.3972895,2.3287475,2.3406225,84923888.0
2016-11-07 09:30:00,2.453956,2.5162475,2.4443725,2.508331,100963584.0
2016-11-08 09:30:00,2.4999975,2.5912475,2.483331,2.5574975,110588648.0
2016-11-09 09:30:00,2.4668725,2.604789,2.459789,2.5933305,183294896.0
2016-11-10 09:30:00,2.624789,2.6396035,2.363956,2.4699975,247966752.0
2016-11-11 09:30:00,2.4318725,2.485831,2.408331,2.467914,113563360.00000001
2016-11-14 09:30:00,2.4724975,2.477914,2.3574975,2.384581,177551120.00000003
2016-11-15 09:30:00,2.4449975,2.517706,2.4381225,2.4949975,105572264.0
2016-11-16 09:30:00,2.457289,2.5435285,2.457289,2.5356225,86338928.0
2016-11-17 09:30:00,2.533956,2.5943725,2.5181225,2.5943725,75536136.00000001
2016-11-18 09:30:00,2.599164,2.6161225,2.557289,2.565206,63055880.00000001
2016-11-21 09:30:00,2.581456,2.650414,2.580414,2.642289,83626064.00000001
2016-11-22 09:30:00,2.6743725,2.6874975,2.6474975,2.666039,76682424.0
2016-11-23 09:30:00,2.640414,2.6493725,2.5999975,2.6339555,73825944.0
2016-11-25 09:30:00,2.6464555,2.6633305,2.6356225,2.6593725,38280128.0
2016-11-28 09:30:00,2.647289,2.6791305,2.6337475,2.6445805,71467984.0
2016-11-29 09:30:00,2.6468725,2.706664,2.6274975,2.6699975,74580167.99999999
2016-11-30 09:30:00,2.675414,2.6818725,2.5693725,2.583539,151295136.0
2016-12-01 09:30:00,2.570414,2.5706225,2.426456,2.441664,186383704.0
2016-12-02 09:30:00,2.443956,2.4824975,2.422289,2.451456,102985775.99999999
2016-12-05 09:30:00,2.491039,2.5392245,2.456685,2.5081225,89944168.0
2016-12-06 09:30:00,2.5274975,2.5406225,2.496664,2.5262475,69252736.0
2016-12-07 09:30:00,2.511456,2.6324975,2.489581,2.6199975,148867872.0
2016-12-08 09:30:00,2.626664,2.657289,2.6114555,2.636039,113013856.0
2016-12-09 09:30:00,2.6658305,2.702289,2.6658305,2.6977055,102673152.00000001
2016-12-12 09:30:00,2.6608305,2.6783305,2.6294765,2.6602055,95152648.0
2016-12-13 09:30:00,2.689164,2.806872,2.685414,2.764164,169196472.0
2016-12-14 09:30:00,2.7695805,2.7995785,2.720435,2.7439555,142377544.0
2016-12-15 09:30:00,2.7514555,2.806247,2.736685,2.760622,106426424.0
2016-12-16 09:30:00,2.773539,2.7914345,2.7118725,2.7270805,114752848.0
2016-12-19 09:30:00,2.738539,2.810414,2.7262475,2.760414,83572784.0
2016-12-20 09:30:00,2.7820805,2.807289,2.7770805,2.793747,62786168.0
2016-12-21 09:30:00,2.794789,2.800414,2.7665595,2.7839555,48288576.0
2016-12-22 09:30:00,2.7852055,2.7889555,2.7299975,2.759789,65522320.0
2016-12-23 09:30:00,2.748539,2.7695805,2.7395805,2.7683305,32251136.0
2016-12-27 09:30:00,2.7833305,2.85687,2.780414,2.808747,75645528.0
2016-12-28 09:30:00,2.8258305,2.834789,2.7377055,2.7437475,91338808.00000001
2016-12-29 09:30:00,2.742289,2.7595805,2.7058305,2.730414,85728080.0
2016-12-30 09:30:00,2.746039,2.747685,2.6249975,2.6506225,105386456.00000001
2017-01-03 09:30:00,2.7002055,2.7477055,2.6743725,2.714789,97646304.0
2017-01-04 09:30:00,2.727289,2.776247,2.723791,2.761039,66515776.00000001
2017-01-05 09:30:00,2.758747,2.813539,2.756247,2.809997,61373479.99999999
2017-01-06 09:30:00,2.8152055,2.9033305,2.7938515,2.881247,95800599.99999999
2017-01-09 09:30:00,2.8883305,2.924997,2.882497,2.910414,66172384.0
2017-01-10 09:30:00,2.909164,2.9545805,2.8939555,2.9270805,66334431.99999998
2017-01-11 09:30:00,2.9291635,2.9516635,2.886247,2.9495805,94104663.99999999
2017-01-12 09:30:00,2.9204135,2.9433305,2.855414,2.9345805,80518448.0
2017-01-13 09:30:00,2.9441635,2.982497,2.9433345,2.9683305,58613672.00000001
2017-01-17 09:30:00,2.9416635,2.9583305,2.914997,2.9404135,55530384.0
2017-01-18 09:30:00,2.9541635,2.966251,2.9304135,2.9604135,49329648.0
2017-01-19 09:30:00,2.968747,3.0014635,2.9358305,2.952497,59731352.0
2017-01-20 09:30:00,2.9916635,3.0145805,2.949997,2.9716635,56846671.99999999
2017-01-23 09:30:00,2.962497,2.9916635,2.923747,2.9783305,55250304.0
2017-01-24 09:30:00,2.9945805,3.0533305,2.9820845,3.0404135,51690504.0
2017-01-25 09:30:00,3.0954135,3.133747,3.088747,3.1291635,56148440.0
2017-01-26 09:30:00,3.14333,3.16083,3.1254135,3.14208,50854968.0
2017-01-27 09:30:00,3.15833,3.1676595,3.12833,3.15708,33248840.0
2017-01-30 09:30:00,3.123747,3.1254135,3.032497,3.0854135,75044448.0
2017-01-31 09:30:00,3.053747,3.0683305,3.0120805,3.0683305,59615191.99999999
2017-02-01 09:30:00,3.12833,3.1466635,3.0866635,3.1266635,72510672.0
2017-02-02 09:30:00,3.11083,3.1479135,3.084997,3.118747,57894800.0
2017-02-03 09:30:00,3.131247,3.156247,3.1216635,3.14583,48191064.0
2017-02-06 09:30:00,3.1304135,3.1591635,3.12208,3.157497,41707312.0
2017-02-07 09:30:00,3.1741635,3.21208,3.169297,3.189997,46634776.0
2017-02-08 09:30:00,3.178747,3.2204135,3.161047,3.2079135,36967352.0
2017-02-09 09:30:00,3.2166635,3.2635385,3.2116635,3.241247,51524688.00000001
2017-02-10 09:30:00,3.2637465,3.2874965,3.24708,3.27333,47872048.0
2017-02-13 09:30:00,3.3041635,3.3429135,3.2991635,3.33083,42988528.0
2017-02-14 09:30:00,3.3329135,3.36333,3.3016635,3.36208,62663192.0
2017-02-15 09:30:00,3.3579135,3.426663,3.3499965,3.4199965,73564656.0
2017-02-16 09:30:00,3.42833,3.448559,3.3924885,3.41708,63951104.0
2017-02-17 09:30:00,3.4029135,3.4624965,3.40083,3.4599965,51607535.99999999
2017-02-21 09:30:00,3.484163,3.5199925,3.4762465,3.5149965,66728968.0
2017-02-22 09:30:00,3.504163,3.5242425,3.48583,3.515413,43056400.0
2017-02-23 09:30:00,3.53083,3.5312465,3.434163,3.4774965,62676080.0
2017-02-24 09:30:00,3.4274965,3.4962465,3.4249965,3.4962465,50731943.99999999
2017-02-27 09:30:00,3.477913,3.5087465,3.458805,3.506663,52437912.0
2017-02-28 09:30:00,3.50708,3.510413,3.4474965,3.479163,41904976.0
2017-03-01 09:30:00,3.5399965,3.6083295,3.52333,3.591663,63255079.99999999
2017-03-02 09:30:00,3.5899965,3.5899965,3.52333,3.5349965,42918832.0
2017-03-03 09:30:00,3.526663,3.55833,3.49958,3.55333,34646888.0
2017-03-06 09:30:00,3.5149965,3.54833,3.487913,3.5287465,38775296.0
2017-03-07 09:30:00,3.5062465,3.55833,3.4946215,3.5112465,35429720.0
2017-03-08 09:30:00,3.5199965,3.56333,3.507913,3.529163,38651288.0
2017-03-09 09:30:00,3.52833,3.55283,3.48208,3.5399965,44172544.0
2017-03-10 09:30:00,3.585413,3.5983295,3.5379965,3.5787465,51456816.0
2017-03-13 09:30:00,3.575413,3.602913,3.57208,3.5995795,33883160.0
2017-03-14 09:30:00,3.5749965,3.580413,3.5299965,3.572913,53021424.0
2017-03-15 09:30:00,3.5974965,3.6633295,3.560413,3.635413,63813944.0
2017-03-16 09:30:00,3.660413,3.660413,3.6070795,3.6333295,38876384.0
2017-03-17 09:30:00,3.641663,3.6562465,3.6224965,3.6245795,35321264.0
2017-03-20 09:30:00,3.6245795,3.6612465,3.6083295,3.635413,36706784.0
2017-03-21 09:30:00,3.6758295,3.6874965,3.4649965,3.47333,93569080.0
2017-03-22 09:30:00,3.475413,3.5512465,3.459163,3.541663,71373688.0
2017-03-23 09:30:00,3.5287465,3.556663,3.496663,3.51333,59063624.0
2017-03-24 09:30:00,3.546663,3.587913,3.4949965,3.5324965,51686615.99999999
2017-03-27 09:30:00,3.460413,3.56958,3.43458,3.5512465,75259320.0
2017-03-28 09:30:00,3.55083,3.6487465,3.5287465,3.617913,84000008.0
2017-03-29 09:30:00,3.6212465,3.6708295,3.612913,3.6658295,48043680.0
2017-03-30 09:30:00,3.6645795,3.6962465,3.6524965,3.684163,52926696.0
2017-03-31 09:30:00,3.667913,3.7049965,3.6558295,3.675413,54146232.0
2017-04-03 09:30:00,3.6862465,3.711663,3.6090795,3.6674965,64521495.99999999
2017-04-04 09:30:00,3.635413,3.6870795,3.632913,3.684163,32424056.0
2017-04-05 09:30:00,3.7020795,3.7658295,3.6204005,3.6420795,73360680.0
2017-04-06 09:30:00,3.6545795,3.675413,3.6187465,3.6449965,61650176.0
2017-04-07 09:30:00,3.6424965,3.6737465,3.6012465,3.6408295,41575816.0
2017-04-10 09:30:00,3.6533295,3.6887465,3.6137465,3.6449965,48377592.0
2017-04-11 09:30:00,3.6308295,3.649163,3.517913,3.599163,85346816.0
2017-04-12 09:30:00,3.5949965,3.6024965,3.54083,3.551663,68094280.0
2017-04-13 09:30:00,3.5374965,3.5987465,3.5074965,3.50958,61370216.0
2017-04-17 09:30:00,3.539163,3.5974965,3.5351925,3.592913,36333152.0
2017-04-18 09:30:00,3.55958,3.6116215,3.552913,3.5824965,50754383.99999999
2017-04-19 09:30:00,3.6237465,3.659163,3.5799965,3.5949965,57567728.0
2017-04-20 09:30:00,3.6387465,3.7083295,3.6220795,3.6820795,82492928.0
2017-04-21 09:30:00,3.694163,3.6987465,3.6550465,3.680413,54025848.0
2017-04-24 09:30:00,3.8020795,3.824996,3.7858295,3.814163,60072080.0
2017-04-25 09:30:00,3.8520795,3.9179125,3.843271,3.898746,63668840.00000001
2017-04-26 09:30:00,3.902496,3.9304085,3.8733295,3.881663,87659072.0
2017-04-27 09:30:00,3.9108295,3.949996,3.901246,3.9495795,57675704.0
2017-04-28 09:30:00,3.997496,4.0020795,3.9520795,3.9720795,68500024.0
2017-05-01 09:30:00,4.008746,4.092496,4.00375,4.0720795,64634176.00000001
2017-05-02 09:30:00,4.092079,4.102079,4.060821,4.096246,60412904.0
2017-05-03 09:30:00,4.071246,4.0717045,4.0229125,4.0558295,73587312.0
2017-05-04 09:30:00,4.0579125,4.0766625,4.0183295,4.059996,72606720.0
2017-05-05 09:30:00,4.0891625,4.1041625,4.0454125,4.1041625,54506471.99999999
2017-05-08 09:30:00,4.1104125,4.1304125,4.0854125,4.128746,61266728.0
2017-05-09 09:30:00,4.148329,4.201246,4.1393625,4.1741625,75717000.0
2017-05-10 09:30:00,4.178746,4.184579,4.1366625,4.180829,56192744.0
2017-05-11 09:30:00,4.147079,4.1727875,4.088746,4.170829,62434016.0
2017-05-12 09:30:00,4.176246,4.2004125,4.1654125,4.1979125,58538168.0
2017-05-15 09:30:00,4.202079,4.2441625,4.191246,4.237079,69339784.0
2017-05-16 09:30:00,4.267079,4.290829,4.2329125,4.2904125,77066832.0
2017-05-17 09:30:00,4.189579,4.2116625,3.9603085,3.9658295,140236960.0
2017-05-18 09:30:00,3.959996,4.1054125,3.9431,4.066246,120384840.0
2017-05-19 09:30:00,4.105829,4.168329,4.102496,4.1154125,72845952.0
2017-05-22 09:30:00,4.1441625,4.227079,4.139579,4.222079,65355304.0
2017-05-23 09:30:00,4.2566625,4.258329,4.200829,4.232496,68859328.0
2017-05-24 09:30:00,4.2679125,4.295829,4.234579,4.290829,65513176.0
2017-05-25 09:30:00,4.3379125,4.431779,4.310829,4.4037455,87503120.0
2017-05-26 09:30:00,4.4004125,4.427079,4.3837455,4.4224955,54855816.0
2017-05-30 09:30:00,4.4116625,4.447912,4.407079,4.431662,55193520.0
2017-05-31 09:30:00,4.472079,4.481662,4.3587455,4.4262455,96902688.0
2017-06-01 09:30:00,4.4524955,4.482912,4.3979125,4.479162,74091720.0
2017-06-02 09:30:00,4.523329,4.635366,4.5037455,4.6320785,83244704.0
2017-06-05 09:30:00,4.6283285,4.6524955,4.6087455,4.6283285,51478416.0
2017-06-06 09:30:00,4.611662,4.656662,4.5524955,4.575829,77734728.0
2017-06-07 09:30:00,4.6083285,4.6374955,4.548329,4.6258285,81409904.0
2017-06-08 09:30:00,4.6545785,4.661662,4.565412,4.6383285,92562856.0
2017-06-09 09:30:00,4.6549955,4.6720785,4.110829,4.3029125,233139064.0
2017-06-12 09:30:00,4.183329,4.2441625,4.059742,4.224996,166449568.0
2017-06-13 09:30:00,4.290829,4.340829,4.226454,4.3237455,126492048.00000001
2017-06-14 09:30:00,4.374579,4.374579,4.163746,4.265829,139012744.0
2017-06-15 09:30:00,4.1354125,4.222496,4.0575045,4.208329,141159184.0
2017-06-16 09:30:00,4.199996,4.2029125,4.107079,4.1579125,93857608.0
2017-06-19 09:30:00,4.2737455,4.3732705,4.254579,4.3591625,110945504.00000001
2017-06-20 09:30:00,4.3487455,4.3641625,4.254579,4.2604125,85938536.0
2017-06-21 09:30:00,4.2866625,4.388329,4.2779125,4.3841625,83588672.0
2017-06-22 09:30:00,4.4037455,4.4274955,4.345829,4.3791625,68445712.0
2017-06-23 09:30:00,4.3637455,4.445854,4.328329,4.428329,68785648.0
2017-06-26 09:30:00,4.5012455,4.527912,4.3387455,4.369579,105682280.0
2017-06-27 09:30:00,4.3187455,4.332908,4.1291625,4.1291625,144087744.0
2017-06-28 09:30:00,4.172496,4.3159205,4.1016625,4.3024955,120862824.0
2017-06-29 09:30:00,4.249579,4.2524955,3.9583295,4.083329,231563888.0
2017-06-30 09:30:00,4.118746,4.1504125,4.0454125,4.0691625,98615160.0
2017-07-03 09:30:00,4.1416625,4.154579,3.9483295,3.9583295,81683888.0
2017-07-05 09:30:00,3.988746,4.103746,3.9520795,4.071246,114034672.00000001
2017-07-06 09:30:00,3.9770795,4.028746,3.9179125,3.963746,106325264.0
2017-07-07 09:30:00,4.0029125,4.120829,3.999996,4.082496,89623576.0
2017-07-10 09:30:00,4.0979125,4.1979085,4.0650835,4.1679125,92113552.0
2017-07-11 09:30:00,4.149579,4.2177125,4.1029125,4.202079,108571711.99999999
2017-07-12 09:30:00,4.3074955,4.3649955,4.2841625,4.3516625,105306704.00000001
2017-07-13 09:30:00,4.3687455,4.411175,4.342079,4.3804125,91476760.0
2017-07-14 09:30:00,4.432079,4.499162,4.397079,4.483329,84636344.0
2017-07-17 09:30:00,4.497912,4.536662,4.4637455,4.485829,100663872.0
2017-07-18 09:30:00,4.476662,4.579579,4.4374955,4.5749955,84181784.0
2017-07-19 09:30:00,4.6145785,4.6770785,4.6112455,4.6587455,104234192.0
2017-07-20 09:30:00,4.692912,4.7024955,4.6120785,4.6762455,108461672.0
2017-07-21 09:30:00,4.6183285,4.6695785,4.5970785,4.669162,86916944.0
2017-07-24 09:30:00,4.667912,4.7420785,4.650412,4.7299955,88733248.0
2017-07-25 09:30:00,4.6862455,4.7295785,4.657912,4.6983285,94180360.0
2017-07-26 09:30:00,4.7283285,4.749162,4.7083285,4.740412,60608144.00000001
2017-07-27 09:30:00,4.8358285,4.847912,4.485829,4.6558285,188958136.0
2017-07-28 09:30:00,4.5737455,4.6620745,4.544579,4.6408285,70023088.0
2017-07-31 09:30:00,4.6787455,4.696662,4.549579,4.580412,88715512.0
2017-08-01 09:30:00,4.6262455,4.6299955,4.5687455,4.610412,61157311.99999999
2017-08-02 09:30:00,4.6974955,4.7020785,4.518329,4.644162,110367272.0
2017-08-03 09:30:00,4.661662,4.6633285,4.567083,4.5958285,72640920.0
2017-08-04 09:30:00,4.622912,4.6487455,4.560829,4.6137455,71489536.0
2017-08-07 09:30:00,4.6408285,4.702912,4.6208285,4.695412,54838080.0
2017-08-08 09:30:00,4.6745785,4.791662,4.637916,4.677912,103885608.0
2017-08-09 09:30:00,4.563329,4.665412,4.530829,4.6595785,99081360.0
2017-08-10 09:30:00,4.5812455,4.5895785,4.3462455,4.357079,163383232.0
2017-08-11 09:30:00,4.378329,4.4862455,4.3474455,4.456662,105271928.0
2017-08-14 09:30:00,4.560412,4.6499955,4.559162,4.6299955,95487880.0
2017-08-15 09:30:00,4.6558285,4.665216,4.600412,4.6383285,72298440.0
2017-08-16 09:30:00,4.6708285,4.7270785,4.6162455,4.6624955,99053448.0
2017-08-17 09:30:00,4.6058285,4.6283285,4.3749955,4.375829,158582096.0
2017-08-18 09:30:00,4.3824955,4.454579,4.3124955,4.3604125,129852464.0
2017-08-21 09:30:00,4.3679125,4.393325,4.2666625,4.3524955,86480624.0
2017-08-22 09:30:00,4.4166625,4.559579,4.414579,4.5462455,94264600.0
2017-08-23 09:30:00,4.471662,4.526662,4.465829,4.495412,84076760.0
2017-08-24 09:30:00,4.528329,4.545829,4.3791625,4.457912,97179840.0
2017-08-25 09:30:00,4.503329,4.5412455,4.4112455,4.427912,92621224.0
2017-08-28 09:30:00,4.466662,4.499162,4.425412,4.466662,66241528.0
2017-08-29 09:30:00,4.3504125,4.541662,4.3399955,4.521662,85122152.0
2017-08-30 09:30:00,4.529579,4.6999955,4.521662,4.6783285,106248871.99999999
2017-08-31 09:30:00,4.7162455,4.8283285,4.7087455,4.811245,106176368.0
2017-09-01 09:30:00,4.847912,4.866362,4.7708285,4.807912,71002312.0
2017-09-05 09:30:00,4.7620785,4.7947995,4.569579,4.679162,130177664.0
2017-09-06 09:30:00,4.717016,4.751245,4.6187455,4.7195785,85556912.0
2017-09-07 09:30:00,4.7470785,4.787495,4.6999955,4.7487455,73970448.0
2017-09-08 09:30:00,4.7308285,4.739162,4.614583,4.631662,82646792.0
2017-09-11 09:30:00,4.7362455,4.8095785,4.7345785,4.779162,85280216.0
2017-09-12 09:30:00,4.824995,4.840245,4.752912,4.8195785,73417848.0
2017-09-13 09:30:00,4.791662,4.8408285,4.772495,4.8395785,51604176.0
2017-09-14 09:30:00,4.786245,4.825412,4.7458285,4.757912,73576368.0
2017-09-15 09:30:00,4.752912,4.8545785,4.7283285,4.796245,79264392.0
2017-09-18 09:30:00,4.8170785,4.8633285,4.7395785,4.7845785,91510744.0
2017-09-19 09:30:00,4.8070785,4.8274075,4.757912,4.804995,56942191.99999999
2017-09-20 09:30:00,4.802495,4.816662,4.652483,4.764995,107306000.0
2017-09-21 09:30:00,4.7508285,4.752495,4.6249955,4.6733285,84889544.0
2017-09-22 09:30:00,4.6270785,4.680412,4.6149955,4.661662,62166512.0
2017-09-25 09:30:00,4.6045785,4.6116205,4.4437455,4.515412,135521528.0
2017-09-26 09:30:00,4.580829,4.6058285,4.4987455,4.5462455,95089960.0
2017-09-27 09:30:00,4.6187455,4.719162,4.583329,4.6695785,111347864.00000001
2017-09-28 09:30:00,4.6358285,4.6749955,4.601662,4.661662,64535920.0
2017-09-29 09:30:00,4.6899955,4.770412,4.6524955,4.760412,88248112.0
2017-10-02 09:30:00,4.784995,4.8320785,4.7099955,4.773745,92206504.0
2017-10-03 09:30:00,4.791662,4.8200575,4.760412,4.803745,62737304.0
2017-10-04 09:30:00,4.7758285,4.846245,4.762912,4.816245,90154480.0
2017-10-05 09:30:00,4.872495,4.9630035,4.8520785,4.954995,94291504.0
2017-10-06 09:30:00,4.9083285,4.974995,4.906245,4.9729115,85961096.0
2017-10-09 09:30:00,4.9958285,5.0108285,4.9404115,4.9604115,68852392.0
2017-10-10 09:30:00,5.007495,5.023745,4.9045785,4.9708285,71758120.0
2017-10-11 09:30:00,4.9645785,5.0166615,4.943916,5.0141615,59789120.0
2017-10-12 09:30:00,4.9929115,5.0449785,4.969166,4.9870785,66180687.99999999
2017-10-13 09:30:00,5.0445785,5.059995,5.0270785,5.0429115,48874776.0
2017-10-16 09:30:00,5.0808285,5.097495,5.0470825,5.094995,57080312.0
2017-10-17 09:30:00,5.088745,5.114578,5.064995,5.1129115,60190568.0
2017-10-18 09:30:00,5.127078,5.1279115,5.072116,5.093328,57899480.0
2017-10-19 09:30:00,5.0058285,5.037495,4.929995,5.0370785,80680904.0
2017-10-20 09:30:00,5.097495,5.109578,5.0586115,5.073745,66554680.00000001
2017-10-23 09:30:00,5.105828,5.107078,4.9554115,4.9791615,61457263.99999999
2017-10-24 09:30:00,5.0029115,5.0320785,4.9462075,5.0045785,58872728.00000001
2017-10-25 09:30:00,4.9708285,5.0201825,4.8320785,4.943745,89191336.0
2017-10-26 09:30:00,4.9366615,4.969666,4.8908285,4.897912,72767352.0
2017-10-27 09:30:00,5.130828,5.349578,5.1179115,5.3199945,147817704.0
2017-10-30 09:30:00,5.3066615,5.4198445,5.2949945,5.3579115,96555816.0
2017-10-31 09:30:00,5.405828,5.4397445,5.3629115,5.414578,60196976.0
2017-11-01 09:30:00,5.4824945,5.4899945,5.3479115,5.4074945,83063144.0
2017-11-02 09:30:00,5.3912445,5.3987445,5.2687445,5.3799945,91781224.0
2017-11-03 09:30:00,5.437078,5.536161,5.382078,5.5299945,86699048.0
2017-11-06 09:30:00,5.520411,5.594986,5.5137445,5.5862445,76096896.0
2017-11-07 09:30:00,5.5737445,5.620411,5.5399945,5.595411,93322216.0
2017-11-08 09:30:00,5.5899945,5.668911,5.569161,5.665411,68864392.0
2017-11-09 09:30:00,5.5274945,5.583328,5.402078,5.574578,163194160.0
2017-11-10 09:30:00,5.537078,5.5858275,5.505828,5.572911,66437128.00000001
2017-11-13 09:30:00,5.514161,5.614161,5.5096195,5.5895775,75144600.0
2017-11-14 09:30:00,5.533328,5.551661,5.451661,5.533328,91000000.0
2017-11-15 09:30:00,5.4624945,5.497907,5.3649945,5.452078,80668688.0
2017-11-16 09:30:00,5.537911,5.69624,5.5351695,5.6562445,80854088.0
2017-11-17 09:30:00,5.6620775,5.6733275,5.577911,5.592911,69352048.0
2017-11-20 09:30:00,5.601661,5.6208275,5.556661,5.579161,50058840.0
2017-11-21 09:30:00,5.6570775,5.766661,5.6512445,5.754994,70743352.0
2017-11-22 09:30:00,5.775411,5.7960565,5.742911,5.777911,60117319.99999999
2017-11-24 09:30:00,5.799994,5.847494,5.789161,5.842911,39912224.0
2017-11-27 09:30:00,5.835411,5.8758275,5.794994,5.8333275,66837952.00000001
2017-11-28 09:30:00,5.872911,5.8895775,5.7795735,5.876244,70305400.0
2017-11-29 09:30:00,5.861661,5.861661,5.4899945,5.574161,208287808.0
2017-11-30 09:30:00,5.644161,5.743286,5.6020775,5.7124945,118779856.00000001
2017-12-01 09:30:00,5.6020775,5.717911,5.387078,5.6362445,170295168.0
2017-12-04 09:30:00,5.746661,5.7595775,5.424578,5.441661,165444568.0
2017-12-05 09:30:00,5.432078,5.6370775,5.3729115,5.449578,115480240.0
2017-12-06 09:30:00,5.3891615,5.547911,5.3691615,5.521661,94759120.0
2017-12-07 09:30:00,5.5249945,5.6249945,5.5037445,5.5762445,76156320.0
2017-12-08 09:30:00,5.6999945,5.7408275,5.6249945,5.6499945,88401016.0
2017-12-11 09:30:00,5.6587445,5.786661,5.6562445,5.7795775,71567344.0
2017-12-12 09:30:00,5.771244,5.809161,5.721661,5.757911,73376568.0
2017-12-13 09:30:00,5.8233275,5.844994,5.7658275,5.786661,83342768.0
2017-12-14 09:30:00,5.820411,5.8620775,5.756244,5.7783275,71247352.0
2017-12-15 09:30:00,5.8458275,5.9920775,5.814161,5.966244,111669104.0
2017-12-18 09:30:00,6.083744,6.137077,6.0583275,6.119577,81080888.0
2017-12-19 09:30:00,6.0866605,6.106244,5.963744,6.019994,98867040.0
2017-12-20 09:30:00,6.077494,6.079994,5.9204105,5.994994,71150416.0
2017-12-21 09:30:00,6.016244,6.071244,5.9716605,5.9920775,66518320.0
2017-12-22 09:30:00,5.9666605,5.978744,5.9216605,5.9720775,42491128.0
2017-12-26 09:30:00,5.876661,5.896661,5.807911,5.875411,48866352.0
2017-12-27 09:30:00,5.8758275,5.922494,5.8583275,5.875411,45197968.0
2017-12-28 09:30:00,5.927494,5.9329105,5.874061,5.891244,46730416.0
2017-12-29 09:30:00,5.9133275,5.9133275,5.7758275,5.779994,68558080.0
2018-01-02 09:30:00,5.8708275,6.0891605,5.828744,6.0766605,91736416.0
2018-01-03 09:30:00,6.101244,6.2774935,6.1004105,6.254577,85223144.0
2018-01-04 09:30:00,6.3279105,6.3504105,6.2689605,6.2912435,70025368.0
2018-01-05 09:30:00,6.3791605,6.4949935,6.3462435,6.4812435,82380752.0
2018-01-08 09:30:00,6.48041,6.56666,6.47416,6.553327,72252120.0
2018-01-09 09:30:00,6.5933265,6.61541,6.4999935,6.558327,104170472.0
2018-01-10 09:30:00,6.467077,6.51416,6.383898,6.51166,95852704.0
2018-01-11 09:30:00,6.544577,6.6420765,6.513952,6.6420765,74838960.0
2018-01-12 09:30:00,6.6195765,6.808743,6.6008265,6.78291,89561536.0
2018-01-16 09:30:00,6.919993,7.0279095,6.6699935,6.73041,165020632.0
2018-01-17 09:30:00,6.819993,6.9770765,6.72791,6.942493,82624568.0
2018-01-18 09:30:00,6.9120765,6.9954095,6.86291,6.9491595,94393504.0
2018-01-19 09:30:00,7.008743,7.0458265,6.91041,7.0158265,84949136.0
2018-01-22 09:30:00,6.9991595,7.234993,6.981243,7.234993,103863143.99999999
2018-01-23 09:30:00,7.304576,7.4362425,7.293326,7.418326,129344000.0
2018-01-24 09:30:00,7.4587425,7.510826,7.1438595,7.2679095,209073424.0
2018-01-25 09:30:00,7.419576,7.4249925,7.1906135,7.2587425,133301744.00000001
2018-01-26 09:30:00,7.3749925,7.582909,7.3366595,7.582909,106438183.99999999
2018-01-29 09:30:00,7.537909,7.589159,7.4337425,7.4824925,132348392.00000001
2018-01-30 09:30:00,7.2741595,7.3895345,7.178326,7.2912425,132507440.0
2018-01-31 09:30:00,7.4187425,7.46073,7.249993,7.3812425,110997416.0
2018-02-01 09:30:00,7.2179095,7.4249925,7.119993,7.1966595,127968192.00000001
2018-02-02 09:30:00,7.116243,7.159368,6.7462435,6.7570765,190185184.0
2018-02-05 09:30:00,6.57291,6.90166,5.9420775,5.9770775,230627576.0
2018-02-06 09:30:00,5.7008275,6.458327,5.6262445,6.43791,239382976.0
2018-02-07 09:30:00,6.3774935,6.58291,6.183327,6.183327,176112032.0
2018-02-08 09:30:00,6.247077,6.255827,5.4166615,5.417078,216405312.0
2018-02-09 09:30:00,5.6333275,5.797911,5.049995,5.6720775,320345720.0
2018-02-12 09:30:00,5.8658275,6.099577,5.717911,5.9895775,175056360.0
2018-02-13 09:30:00,5.8845775,6.108327,5.8486485,6.062494,108055088.0
2018-02-14 09:30:00,5.9716605,6.4424935,5.9654105,6.4174935,168114984.0
2018-02-15 09:30:00,6.5833265,6.76166,6.3824935,6.75291,190375216.0
2018-02-16 09:30:00,6.7037435,6.8945765,6.639581,6.6774935,170554200.0
2018-02-20 09:30:00,6.6008265,6.884993,6.5945765,6.7108265,145870656.0
2018-02-21 09:30:00,6.8070765,7.008743,6.6458265,6.65041,177477848.0
2018-02-22 09:30:00,6.7470765,6.84791,6.6006185,6.65166,166602832.0
2018-02-23 09:30:00,6.802493,7.052493,6.7308265,7.0479095,142768360.0
2018-02-26 09:30:00,7.158743,7.3341595,7.143118,7.330826,133950704.0
2018-02-27 09:30:00,7.3437425,7.3829095,7.0591595,7.0683265,173308728.0
2018-02-28 09:30:00,7.186243,7.2562425,6.9191595,6.926243,153015320.0
2018-03-01 09:30:00,6.9416595,7.0341595,6.403327,6.59291,251916056.00000003
2018-03-02 09:30:00,6.3616605,6.8058265,6.282498,6.77416,193400040.0
2018-03-05 09:30:00,6.6787435,7.0466595,6.5983265,6.9866595,148882056.0
2018-03-06 09:30:00,7.090826,7.153743,6.949997,7.074993,142061848.0
2018-03-07 09:30:00,6.9204095,7.145826,6.88416,7.1279095,133764487.99999999
2018-03-08 09:30:00,7.207493,7.2591595,7.129576,7.2341595,115168143.99999999
2018-03-09 09:30:00,7.398326,7.655409,7.365826,7.655409,147347280.0
2018-03-12 09:30:00,7.729159,7.840409,7.6808255,7.769992,132680096.00000001
2018-03-13 09:30:00,7.887909,7.9383255,7.410655,7.487909,182292920.0
2018-03-14 09:30:00,7.5824925,7.605409,7.3666845,7.4624925,133621688.0
2018-03-15 09:30:00,7.4849925,7.575409,7.3599925,7.429159,110896928.0
2018-03-16 09:30:00,7.471659,7.528284,7.3666595,7.3799925,78268824.0
2018-03-19 09:30:00,7.187076,7.187076,6.7112435,6.9166595,194231112.0
2018-03-20 09:30:00,6.9183265,7.016618,6.84041,6.967493,92192824.0
2018-03-21 09:30:00,6.9166595,7.108326,6.7810305,6.86666,132498055.99999999
2018-03-22 09:30:00,6.5999935,6.733285,6.341706,6.3649935,205880576.0
2018-03-23 09:30:00,6.3416605,6.424577,5.8508275,5.8508275,217597464.0
2018-03-26 09:30:00,6.208327,6.5349935,5.932494,6.50916,183503168.0
2018-03-27 09:30:00,6.6620765,6.6620765,5.715411,5.884994,273615200.0
2018-03-28 09:30:00,5.7820775,5.9508275,5.541661,5.6820775,242289648.0
2018-03-29 09:30:00,5.7683275,6.1541605,5.605411,5.9966605,197074344.0
2018-04-02 09:30:00,5.854994,5.937494,5.282078,5.464161,244953456.0
2018-04-03 09:30:00,5.6145775,5.716661,5.349578,5.6474945,221804951.99999997
2018-04-04 09:30:00,5.3179115,5.9658275,5.3000365,5.9145775,216729792.0
2018-04-05 09:30:00,6.090827,6.114577,5.881661,6.007494,183356168.0
2018-04-06 09:30:00,5.820411,5.992494,5.475828,5.559161,232291432.0
2018-04-09 09:30:00,5.7058275,6.0108275,5.647911,5.670411,175892544.0
2018-04-10 09:30:00,5.9354105,6.106244,5.8183275,6.044994,195600720.0
2018-04-11 09:30:00,5.9416605,6.1404105,5.9254105,5.9433275,143440888.0
2018-04-12 09:30:00,6.062494,6.218744,6.041244,6.1516605,142766584.0
2018-04-13 09:30:00,6.2504105,6.2766605,5.9858275,6.0604105,142484584.0
2018-04-16 09:30:00,6.1841605,6.2662435,6.074144,6.1941605,118298272.0
2018-04-17 09:30:00,6.3801935,6.63821,6.3479105,6.59041,124147200.00000001
2018-04-18 09:30:00,6.6001935,6.7062435,6.50416,6.6362435,118089592.00000001
2018-04-19 09:30:00,6.54041,6.5824935,6.385206,6.455827,129018248.0
2018-04-20 09:30:00,6.4062435,6.4166105,6.0791605,6.146244,140813152.0
2018-04-23 09:30:00,6.2316605,6.3049935,5.999994,6.0979105,123333672.0
2018-04-24 09:30:00,6.178327,6.212073,5.5899945,5.709161,213020560.0
2018-04-25 09:30:00,5.736661,5.799994,5.4949945,5.731661,210817144.00000003
2018-04-26 09:30:00,5.9495775,6.1460105,5.892494,6.087077,141994456.0
2018-04-27 09:30:00,6.353327,6.3604105,5.9966605,6.101244,164859472.0
2018-04-30 09:30:00,6.142077,6.2541605,5.9220775,5.971244,161124232.0
2018-05-01 09:30:00,5.9191605,6.173327,5.880411,6.1654105,116977360.0
