datetime,open,high,low,close,volume
2026-01-21 10:40:00,52.5,52.59,52.49,52.53,39487.0
2026-01-21 10:41:00,52.53,52.64,52.52,52.63,40147.0
2026-01-21 10:42:00,52.635,52.66,52.62,52.64,26729.0
2026-01-21 10:43:00,52.64,52.66,52.555,52.58,28279.0
2026-01-21 10:44:00,52.58,52.63,52.56,52.62,30431.0
2026-01-21 10:45:00,52.62,52.71,52.62,52.7,35825.0
2026-01-21 10:46:00,52.7,52.745,52.69,52.7,38184.0
2026-01-21 10:47:00,52.7,52.72,52.69,52.72,22417.0
2026-01-21 10:48:00,52.73,52.76,52.7,52.71,25839.0
2026-01-21 10:49:00,52.71,52.75,52.695,52.72,18481.0
2026-01-21 10:50:00,52.72,52.77,52.71,52.75,35368.0
2026-01-21 10:51:00,52.75,52.81,52.73,52.78,42720.0
2026-01-21 10:52:00,52.78,52.78,52.68,52.69,29830.0
2026-01-21 10:53:00,52.69,52.81,52.68,52.81,13836.0
2026-01-21 10:54:00,52.81,52.82,52.79,52.81,15619.0
2026-01-21 10:55:00,52.81,52.82,52.73,52.74,20169.0
2026-01-21 10:56:00,52.73,52.74,52.67,52.69,32886.0
2026-01-21 10:57:00,52.695,52.74,52.67,52.74,11682.0
2026-01-21 10:58:00,52.74,52.76,52.74,52.76,12991.0
2026-01-21 10:59:00,52.76,52.77,52.71,52.72,15020.0
2026-01-21 11:00:00,52.71,52.755,52.7,52.71,18483.0
2026-01-21 11:01:00,52.71,52.76,52.695,52.75,23332.0
2026-01-21 11:02:00,52.74,52.745,52.68,52.695,18450.0
2026-01-21 11:03:00,52.7,52.71,52.68,52.7,17544.0
2026-01-21 11:04:00,52.7,52.7,52.67,52.67,26770.0
2026-01-21 11:05:00,52.66,52.67,52.57,52.67,33590.0
2026-01-21 11:06:00,52.67,52.761,52.67,52.74,36949.0
2026-01-21 11:07:00,52.74,52.74,52.63,52.65,6874.0
2026-01-21 11:08:00,52.66,52.67,52.62,52.63,12386.0
2026-01-21 11:09:00,52.62,52.64,52.6,52.63,25519.0
2026-01-21 11:10:00,52.64,52.7,52.58,52.7,19846.0
2026-01-21 11:11:00,52.7,52.77,52.7,52.77,26923.0
2026-01-21 11:12:00,52.77,52.85,52.77,52.84,160287.0
2026-01-21 11:13:00,52.83,52.84,52.76,52.78,29826.0
2026-01-21 11:14:00,52.77,52.78,52.62,52.63,29685.0
2026-01-21 11:15:00,52.63,52.69,52.6,52.65,15096.0
2026-01-21 11:16:00,52.65,52.73,52.65,52.72,8162.0
2026-01-21 11:17:00,52.72,52.72,52.645,52.7,6077.0
2026-01-21 11:18:00,52.7,52.7,52.63,52.7,7087.0
2026-01-21 11:19:00,52.69,52.7,52.6,52.62,57764.0
2026-01-21 11:20:00,52.62,52.65,52.58,52.61,109739.0
2026-01-21 11:21:00,52.61,52.66,52.6,52.6,6419.0
2026-01-21 11:22:00,52.6,52.63,52.57,52.6,14131.0
2026-01-21 11:23:00,52.6,52.64,52.59,52.605,10504.0
2026-01-21 11:24:00,52.59,52.69,52.59,52.65,21594.0
2026-01-21 11:25:00,52.65,52.65,52.59,52.62,9766.0
2026-01-21 11:26:00,52.62,52.67,52.59,52.6,14460.0
2026-01-21 11:27:00,52.6,52.6,52.55,52.58,21159.0
2026-01-21 11:28:00,52.59,52.755,52.59,52.71,37578.0
2026-01-21 11:29:00,52.7,52.7,52.62,52.66,5993.0
2026-01-21 11:30:00,52.64,52.65,52.54,52.54,21675.0
2026-01-21 11:31:00,52.54,52.565,52.5,52.53,13940.0
2026-01-21 11:32:00,52.53,52.53,52.39,52.5,69545.0
2026-01-21 11:33:00,52.49,52.5,52.39,52.4,11630.0
2026-01-21 11:34:00,52.39,52.41,52.36,52.4,15177.0
2026-01-21 11:35:00,52.4,52.41,52.37,52.375,36209.0
2026-01-21 11:36:00,52.36,52.37,52.21,52.215,18633.0
2026-01-21 11:37:00,52.21,52.21,52.045,52.05,29989.0
2026-01-21 11:38:00,52.06,52.06,51.97,52.03,42658.0
2026-01-21 11:39:00,52.03,52.06,51.9,51.91,31984.0
2026-01-21 11:40:00,51.91,51.93,51.85,51.9,75734.0
2026-01-21 11:41:00,51.89,51.95,51.83,51.85,27697.0
2026-01-21 11:42:00,51.84,51.97,51.74,51.93,65394.0
2026-01-21 11:43:00,51.94,51.96,51.79,51.81,43896.0
2026-01-21 11:44:00,51.79,51.83,51.63,51.65,105301.0
2026-01-21 11:45:00,51.63,51.67,51.585,51.62,50189.0
2026-01-21 11:46:00,51.61,51.65,51.54,51.61,34813.0
2026-01-21 11:47:00,51.59,51.63,51.51,51.58,28258.0
2026-01-21 11:48:00,51.57,51.73,51.57,51.67,43964.0
2026-01-21 11:49:00,51.69,51.755,51.67,51.69,92044.0
2026-01-21 11:50:00,51.69,51.74,51.61,51.61,28427.0
2026-01-21 11:51:00,51.6,51.66,51.44,51.45,68642.0
2026-01-21 11:52:00,51.45,51.5,51.41,51.47,35010.0
2026-01-21 11:53:00,51.46,51.53,51.41,51.52,14781.0
2026-01-21 11:54:00,51.52,51.55,51.47,51.49,18802.0
2026-01-21 11:55:00,51.49,51.52,51.36,51.36,24247.0
2026-01-21 11:56:00,51.36,51.39,51.3,51.36,31810.0
2026-01-21 11:57:00,51.36,51.39,51.31,51.33,18836.0
2026-01-21 11:58:00,51.32,51.34,51.25,51.29,22436.0
2026-01-21 11:59:00,51.28,51.31,51.23,51.29,18329.0
2026-01-21 12:00:00,51.29,51.41,51.26,51.4,49732.0
2026-01-21 12:01:00,51.38,51.48,51.38,51.45,41242.0
2026-01-21 12:02:00,51.45,51.46,51.35,51.36,14152.0
2026-01-21 12:03:00,51.39,51.43,51.34,51.35,16392.0
2026-01-21 12:04:00,51.35,51.36,51.24,51.25,16664.0
2026-01-21 12:05:00,51.24,51.29,51.14,51.14,62030.0
2026-01-21 12:06:00,51.13,51.24,51.13,51.22,33982.0
2026-01-21 12:07:00,51.24,51.27,51.21,51.21,20780.0
2026-01-21 12:08:00,51.2,51.21,51.06,51.14,46841.0
2026-01-21 12:09:00,51.17,51.19,51.13,51.14,16497.0
2026-01-21 12:10:00,51.12,51.21,51.09,51.12,14995.0
2026-01-21 12:11:00,51.1,51.11,51.0,51.06,24134.0
2026-01-21 12:12:00,51.09,51.11,50.91,50.91,83986.0
2026-01-21 12:13:00,50.9,50.92,50.825,50.85,56340.0
2026-01-21 12:14:00,50.85,50.85,50.77,50.83,59740.0
2026-01-21 12:15:00,50.835,50.92,50.77,50.77,41307.0
2026-01-21 12:16:00,50.78,50.94,50.78,50.9,22792.0
2026-01-21 12:17:00,50.935,51.07,50.9,51.04,23059.0
2026-01-21 12:18:00,51.03,51.06,51.0,51.06,24908.0
2026-01-21 12:19:00,51.06,51.18,51.04,51.06,26726.0
2026-01-21 12:20:00,51.06,51.09,50.97,51.07,53811.0
2026-01-21 12:21:00,51.09,51.1,50.99,51.03,38222.0
2026-01-21 12:22:00,51.01,51.06,50.97,51.02,7617.0
2026-01-21 12:23:00,51.05,51.21,51.05,51.19,34206.0
2026-01-21 12:24:00,51.2,51.23,51.15,51.22,25372.0
2026-01-21 12:25:00,51.215,51.29,51.2,51.24,16604.0
2026-01-21 12:26:00,51.22,51.22,51.06,51.09,19984.0
2026-01-21 12:27:00,51.09,51.14,51.06,51.14,21931.0
2026-01-21 12:28:00,51.14,51.16,51.07,51.07,17075.0
2026-01-21 12:29:00,51.09,51.2,51.09,51.15,8311.0
2026-01-21 12:30:00,51.14,51.14,51.01,51.03,25345.0
2026-01-21 12:31:00,51.04,51.11,51.04,51.05,6933.0
2026-01-21 12:32:00,51.05,51.06,50.97,51.02,15266.0
2026-01-21 12:33:00,51.0,51.09,50.97,51.06,8611.0
2026-01-21 12:34:00,51.07,51.09,51.01,51.08,3017.0
2026-01-21 12:35:00,51.08,51.15,51.07,51.11,39876.0
2026-01-21 12:36:00,51.1,51.195,51.07,51.1,23045.0
2026-01-21 12:37:00,51.12,51.12,50.94,51.0,30868.0
2026-01-21 12:38:00,51.01,51.11,50.99,51.05,14111.0
2026-01-21 12:39:00,51.03,51.18,51.03,51.12,12388.0
2026-01-21 12:40:00,51.12,51.21,51.12,51.17,9431.0
2026-01-21 12:41:00,51.185,51.2,51.06,51.12,64463.0
2026-01-21 12:42:00,51.12,51.15,51.05,51.07,6925.0
2026-01-21 12:43:00,51.08,51.13,51.07,51.09,2048.0
2026-01-21 12:44:00,51.07,51.07,51.01,51.01,13167.0
2026-01-21 12:45:00,51.0,51.015,50.96,50.97,34166.0
2026-01-21 12:46:00,50.95,51.07,50.93,51.06,16191.0
2026-01-21 12:47:00,51.08,51.1,51.02,51.04,12457.0
2026-01-21 12:48:00,51.04,51.14,51.03,51.05,27828.0
2026-01-21 12:49:00,51.05,51.13,50.99,51.12,6841.0
2026-01-21 12:50:00,51.11,51.14,51.04,51.04,38614.0
2026-01-21 12:51:00,51.04,51.14,51.03,51.14,15204.0
2026-01-21 12:52:00,51.15,51.24,51.14,51.24,14699.0
2026-01-21 12:53:00,51.25,51.295,51.24,51.26,26857.0
2026-01-21 12:54:00,51.29,51.37,51.28,51.34,28043.0
2026-01-21 12:55:00,51.35,51.35,51.25,51.29,22658.0
2026-01-21 12:56:00,51.29,51.33,51.26,51.27,16957.0
2026-01-21 12:57:00,51.27,51.4,51.26,51.4,25244.0
2026-01-21 12:58:00,51.39,51.47,51.39,51.45,10362.0
2026-01-21 12:59:00,51.45,51.46,51.36,51.38,22618.0
2026-01-21 13:00:00,51.37,51.41,51.2,51.2,30426.0
2026-01-21 13:01:00,51.209,51.209,51.119,51.119,9289.0
2026-01-21 13:02:00,51.11,51.12,50.91,50.91,56236.0
2026-01-21 13:03:00,50.9,50.94,50.82,50.87,25712.0
2026-01-21 13:04:00,50.88,50.91,50.82,50.88,15700.0
2026-01-21 13:05:00,50.92,51.01,50.9,50.94,18719.0
2026-01-21 13:06:00,50.94,51.05,50.94,51.04,38187.0
2026-01-21 13:07:00,51.03,51.07,50.94,50.94,28378.0
2026-01-21 13:08:00,50.94,51.05,50.92,51.0,12610.0
2026-01-21 13:09:00,51.0,51.07,50.99,51.05,24867.0
2026-01-21 13:10:00,51.04,51.25,51.04,51.22,56927.0
2026-01-21 13:11:00,51.23,51.28,51.2,51.26,20164.0
2026-01-21 13:12:00,51.26,51.39,51.26,51.39,18069.0
2026-01-21 13:13:00,51.38,51.4,51.29,51.29,7336.0
2026-01-21 13:14:00,51.29,51.33,51.25,51.29,18402.0
2026-01-21 13:15:00,51.31,51.31,51.23,51.24,34528.0
2026-01-21 13:16:00,51.23,51.3,51.21,51.3,22395.0
2026-01-21 13:17:00,51.3,51.33,51.25,51.25,4371.0
2026-01-21 13:18:00,51.24,51.27,51.19,51.23,15163.0
2026-01-21 13:19:00,51.21,51.24,51.17,51.18,6068.0
2026-01-21 13:20:00,51.16,51.16,51.05,51.12,3742.0
2026-01-21 13:21:00,51.14,51.21,51.13,51.15,3855.0
2026-01-21 13:22:00,51.15,51.21,51.13,51.14,10945.0
2026-01-21 13:23:00,51.13,51.15,51.05,51.05,13553.0
2026-01-21 13:24:00,51.07,51.09,51.01,51.05,12716.0
2026-01-21 13:25:00,51.06,51.11,51.03,51.085,9749.0
2026-01-21 13:26:00,51.085,51.17,51.06,51.13,5158.0
2026-01-21 13:27:00,51.11,51.25,51.11,51.23,6392.0
2026-01-21 13:28:00,51.22,51.27,51.22,51.26,3216.0
2026-01-21 13:29:00,51.27,51.35,51.24,51.31,14416.0
2026-01-21 13:30:00,51.32,51.35,51.26,51.33,9003.0
2026-01-21 13:31:00,51.33,51.35,51.31,51.32,8536.0
2026-01-21 13:32:00,51.32,51.39,51.31,51.39,8973.0
2026-01-21 13:33:00,51.4,51.42,51.35,51.39,9874.0
2026-01-21 13:34:00,51.4,51.42,51.35,51.38,6055.0
2026-01-21 13:35:00,51.38,51.44,51.33,51.34,5151.0
2026-01-21 13:36:00,51.31,51.37,51.31,51.31,11189.0
2026-01-21 13:37:00,51.3,51.3,51.17,51.17,13660.0
2026-01-21 13:38:00,51.16,51.22,51.145,51.21,11634.0
2026-01-21 13:39:00,51.21,51.31,51.21,51.3,8709.0
2026-01-21 13:40:00,51.305,51.31,51.21,51.21,4057.0
2026-01-21 13:41:00,51.21,51.34,51.21,51.3,6579.0
2026-01-21 13:42:00,51.3,51.31,51.21,51.23,14886.0
2026-01-21 13:43:00,51.24,51.24,51.19,51.195,8257.0
2026-01-21 13:44:00,51.21,51.27,51.21,51.22,1284.0
2026-01-21 13:45:00,51.22,51.22,51.13,51.14,16839.0
2026-01-21 13:46:00,51.14,51.23,51.14,51.23,63621.0
2026-01-21 13:47:00,51.25,51.4,51.24,51.4,25420.0
2026-01-21 13:48:00,51.38,51.47,51.38,51.43,39586.0
2026-01-21 13:49:00,51.43,51.53,51.42,51.52,42288.0
2026-01-21 13:50:00,51.53,51.601,51.5,51.51,24136.0
2026-01-21 13:51:00,51.53,51.66,51.51,51.63,13491.0
2026-01-21 13:52:00,51.64,51.66,51.58,51.6,41401.0
2026-01-21 13:53:00,51.6,51.66,51.58,51.61,8365.0
2026-01-21 13:54:00,51.59,51.64,51.58,51.61,6720.0
2026-01-21 13:55:00,51.61,51.61,51.5,51.53,7482.0
2026-01-21 13:56:00,51.52,51.52,51.45,51.47,3560.0
2026-01-21 13:57:00,51.45,51.47,51.44,51.47,3003.0
2026-01-21 13:58:00,51.48,51.605,51.47,51.58,20538.0
2026-01-21 13:59:00,51.58,51.63,51.58,51.6,13653.0
2026-01-21 14:00:00,51.6,51.61,51.56,51.58,12588.0
2026-01-21 14:01:00,51.59,51.67,51.57,51.67,10359.0
2026-01-21 14:02:00,51.66,51.66,51.57,51.58,7501.0
2026-01-21 14:03:00,51.59,51.59,51.49,51.5,7391.0
2026-01-21 14:04:00,51.51,51.51,51.45,51.47,7651.0
2026-01-21 14:05:00,51.48,51.49,51.35,51.35,10113.0
2026-01-21 14:06:00,51.35,51.39,51.3,51.39,7584.0
2026-01-21 14:07:00,51.41,51.43,51.36,51.38,4041.0
2026-01-21 14:08:00,51.39,51.42,51.35,51.38,6213.0
2026-01-21 14:09:00,51.35,51.41,51.34,51.37,2409.0
2026-01-21 14:10:00,51.39,51.5,51.35,51.36,29038.0
2026-01-21 14:11:00,51.37,51.38,51.32,51.38,1542.0
2026-01-21 14:12:00,51.35,51.4,51.34,51.39,3586.0
2026-01-21 14:13:00,51.36,51.42,51.36,51.38,2985.0
2026-01-21 14:14:00,51.39,51.46,51.35,51.35,16114.0
2026-01-21 14:15:00,51.35,51.36,51.31,51.35,4966.0
2026-01-21 14:16:00,51.34,51.44,51.31,51.4,23978.0
2026-01-21 14:17:00,51.4,51.4,51.35,51.39,5083.0
2026-01-21 14:18:00,51.39,51.41,51.35,51.37,6404.0
2026-01-21 14:19:00,51.38,51.47,51.38,51.4,8756.0
2026-01-21 14:20:00,51.42,51.44,51.385,51.43,3399.0
2026-01-21 14:21:00,51.44,51.44,51.35,51.35,7464.0
2026-01-21 14:22:00,51.35,51.48,51.33,51.46,7309.0
2026-01-21 14:23:00,51.465,51.5,51.44,51.48,7431.0
2026-01-21 14:24:00,51.48,51.56,51.48,51.55,4408.0
2026-01-21 14:25:00,51.54,51.54,51.45,51.46,11350.0
2026-01-21 14:26:00,51.48,51.52,51.44,51.44,14206.0
2026-01-21 14:27:00,51.43,52.23,51.4,52.09,306724.0
2026-01-21 14:28:00,52.1,52.36,52.05,52.33,124703.0
2026-01-21 14:29:00,52.35,52.64,52.34,52.48,124367.0
2026-01-21 14:30:00,52.48,52.78,52.47,52.77,139684.0
2026-01-21 14:31:00,52.78,52.83,52.55,52.58,94161.0
2026-01-21 14:32:00,52.58,52.73,52.58,52.65,45690.0
2026-01-21 14:33:00,52.64,52.65,52.42,52.5,70775.0
2026-01-21 14:34:00,52.52,52.74,52.5,52.71,52163.0
2026-01-21 14:35:00,52.72,52.79,52.67,52.73,20159.0
2026-01-21 14:36:00,52.75,52.83,52.72,52.78,42946.0
2026-01-21 14:37:00,52.81,52.94,52.75,52.93,78684.0
2026-01-21 14:38:00,52.94,53.0,52.88,52.99,71569.0
2026-01-21 14:39:00,52.98,53.02,52.92,52.94,88216.0
2026-01-21 14:40:00,52.96,52.99,52.85,52.99,25382.0
2026-01-21 14:41:00,53.0,53.07,52.94,53.01,55554.0
2026-01-21 14:42:00,53.03,53.23,53.02,53.23,81215.0
2026-01-21 14:43:00,53.23,53.32,53.21,53.26,82710.0
2026-01-21 14:44:00,53.27,53.27,53.14,53.24,40867.0
2026-01-21 14:45:00,53.24,53.42,53.24,53.42,100850.0
2026-01-21 14:46:00,53.43,53.46,53.38,53.41,68945.0
2026-01-21 14:47:00,53.4,53.58,53.4,53.56,96078.0
2026-01-21 14:48:00,53.57,53.62,53.5,53.55,129621.0
2026-01-21 14:49:00,53.54,53.59,53.435,53.59,414980.0
2026-01-21 14:50:00,53.6,53.76,53.57,53.59,131171.0
2026-01-21 14:51:00,53.59,53.59,53.33,53.35,38590.0
2026-01-21 14:52:00,53.35,53.54,53.3,53.48,31140.0
2026-01-21 14:53:00,53.48,53.54,53.44,53.5,42946.0
2026-01-21 14:54:00,53.5,53.61,53.48,53.54,40824.0
2026-01-21 14:55:00,53.57,53.59,53.5,53.57,35194.0
2026-01-21 14:56:00,53.58,53.69,53.56,53.63,123598.0
2026-01-21 14:57:00,53.64,53.71,53.61,53.67,39799.0
2026-01-21 14:58:00,53.66,53.72,53.61,53.68,29065.0
2026-01-21 14:59:00,53.69,53.73,53.68,53.72,15021.0
2026-01-21 15:00:00,53.73,53.8,53.6,53.61,338611.0
2026-01-21 15:01:00,53.6,53.61,53.45,53.51,38850.0
2026-01-21 15:02:00,53.51,53.57,53.49,53.565,31053.0
2026-01-21 15:03:00,53.58,53.64,53.55,53.59,21545.0
2026-01-21 15:04:00,53.6,53.61,53.52,53.55,19752.0
2026-01-21 15:05:00,53.57,53.58,53.5,53.5,21171.0
2026-01-21 15:06:00,53.51,53.55,53.47,53.48,286207.0
2026-01-21 15:07:00,53.5,53.54,53.42,53.42,12260.0
2026-01-21 15:08:00,53.42,53.54,53.34,53.54,64190.0
2026-01-21 15:09:00,53.54,53.54,53.46,53.47,19019.0
2026-01-21 15:10:00,53.48,53.54,53.441,53.45,27607.0
2026-01-21 15:11:00,53.47,53.48,53.4,53.42,14424.0
2026-01-21 15:12:00,53.4,53.53,53.38,53.52,19799.0
2026-01-21 15:13:00,53.49,53.52,53.43,53.47,27620.0
2026-01-21 15:14:00,53.47,53.48,53.42,53.42,11765.0
2026-01-21 15:15:00,53.43,53.45,53.3,53.31,78467.0
2026-01-21 15:16:00,53.32,53.35,53.27,53.29,39301.0
2026-01-21 15:17:00,53.29,53.34,53.24,53.3,42728.0
2026-01-21 15:18:00,53.3,53.31,53.19,53.19,13947.0
2026-01-21 15:19:00,53.18,53.19,53.13,53.16,68017.0
2026-01-21 15:20:00,53.16,53.27,53.14,53.14,72589.0
2026-01-21 15:21:00,53.16,53.2,53.09,53.1,39073.0
2026-01-21 15:22:00,53.1,53.15,53.07,53.15,32754.0
2026-01-21 15:23:00,53.16,53.16,53.04,53.09,28050.0
2026-01-21 15:24:00,53.09,53.2,53.08,53.14,32810.0
2026-01-21 15:25:00,53.13,53.14,53.05,53.06,13320.0
2026-01-21 15:26:00,53.05,53.08,53.03,53.04,9448.0
2026-01-21 15:27:00,53.03,53.06,52.99,53.01,27399.0
2026-01-21 15:28:00,52.99,52.99,52.881,52.89,30441.0
2026-01-21 15:29:00,52.89,52.89,52.81,52.815,10950.0
2026-01-21 15:30:00,52.805,52.81,52.67,52.69,32133.0
2026-01-21 15:31:00,52.68,52.72,52.59,52.72,40931.0
2026-01-21 15:32:00,52.7,52.74,52.66,52.68,26540.0
2026-01-21 15:33:00,52.7,52.93,52.7,52.92,83974.0
2026-01-21 15:34:00,52.9,52.93,52.86,52.89,25486.0
2026-01-21 15:35:00,52.89,52.985,52.87,52.91,31401.0
2026-01-21 15:36:00,52.9,52.98,52.9,52.93,17187.0
2026-01-21 15:37:00,52.93,52.98,52.9,52.92,18789.0
2026-01-21 15:38:00,52.93,52.94,52.9,52.92,12231.0
2026-01-21 15:39:00,52.92,52.99,52.87,52.88,23121.0
2026-01-21 15:40:00,52.88,52.95,52.88,52.94,11759.0
2026-01-21 15:41:00,52.93,52.93,52.765,52.765,27577.0
2026-01-21 15:42:00,52.77,52.85,52.77,52.82,16004.0
2026-01-21 15:43:00,52.82,52.84,52.78,52.8,13660.0
2026-01-21 15:44:00,52.8,52.81,52.77,52.8,13916.0
2026-01-21 15:45:00,52.8,52.84,52.77,52.77,19610.0
2026-01-21 15:46:00,52.77,52.82,52.73,52.82,21349.0
2026-01-21 15:47:00,52.82,52.83,52.77,52.82,8097.0
2026-01-21 15:48:00,52.83,52.85,52.77,52.82,11059.0
2026-01-21 15:49:00,52.82,52.84,52.8,52.8,17861.0
2026-01-21 15:50:00,52.76,52.79,52.58,52.69,38450.0
2026-01-21 15:51:00,52.7,52.7,52.57,52.62,22651.0
2026-01-21 15:52:00,52.62,52.75,52.62,52.67,23414.0
2026-01-21 15:53:00,52.67,52.78,52.66,52.71,15812.0
2026-01-21 15:54:00,52.71,52.8,52.71,52.72,57515.0
2026-01-21 15:55:00,52.68,52.75,52.68,52.7,70201.0
2026-01-21 15:56:00,52.7,52.7,52.64,52.69,23672.0
2026-01-21 15:57:00,52.68,52.71,52.65,52.67,40817.0
2026-01-21 15:58:00,52.66,52.765,52.66,52.74,30834.0
2026-01-21 15:59:00,52.73,52.8,52.66,52.72,136845.0
2026-01-22 09:30:00,54.32,54.33,53.99,54.03,157822.0
2026-01-22 09:31:00,54.03,54.16,53.98,54.0,174136.0
2026-01-22 09:32:00,54.0,54.09,53.93,54.07,75883.0
2026-01-22 09:33:00,54.075,54.12,53.96,53.99,91497.0
2026-01-22 09:34:00,54.0,54.045,53.94,53.94,60277.0
2026-01-22 09:35:00,53.93,54.0,53.74,53.83,114218.0
2026-01-22 09:36:00,53.84,53.88,53.76,53.77,38604.0
2026-01-22 09:37:00,53.79,54.0,53.75,53.99,46116.0
2026-01-22 09:38:00,53.99,54.02,53.9,53.93,33534.0
2026-01-22 09:39:00,53.94,54.1,53.92,53.97,52950.0
2026-01-22 09:40:00,53.99,54.08,53.98,54.03,64773.0
2026-01-22 09:41:00,54.03,54.08,53.89,53.94,49580.0
2026-01-22 09:42:00,53.94,53.98,53.83,53.84,53981.0
2026-01-22 09:43:00,53.84,53.89,53.59,53.8,145232.0
2026-01-22 09:44:00,53.82,53.86,53.77,53.8,66137.0
2026-01-22 09:45:00,53.82,53.87,53.77,53.77,73432.0
2026-01-22 09:46:00,53.77,53.77,53.57,53.59,91846.0
2026-01-22 09:47:00,53.58,53.65,53.5,53.54,69822.0
2026-01-22 09:48:00,53.54,53.54,53.35,53.38,65023.0
2026-01-22 09:49:00,53.37,53.41,53.26,53.36,64984.0
2026-01-22 09:50:00,53.359,53.41,53.25,53.36,61199.0
2026-01-22 09:51:00,53.35,53.59,53.35,53.535,32444.0
2026-01-22 09:52:00,53.53,53.69,53.49,53.62,67917.0
2026-01-22 09:53:00,53.63,53.66,53.54,53.64,43646.0
2026-01-22 09:54:00,53.63,53.68,53.61,53.67,18893.0
2026-01-22 09:55:00,53.66,53.7,53.42,53.46,53092.0
2026-01-22 09:56:00,53.46,53.48,53.36,53.42,34593.0
2026-01-22 09:57:00,53.41,53.45,53.34,53.36,25996.0
2026-01-22 09:58:00,53.35,53.39,53.29,53.36,46544.0
2026-01-22 09:59:00,53.36,53.46,53.32,53.41,30103.0
2026-01-22 10:00:00,53.41,53.44,53.17,53.27,186479.0
2026-01-22 10:01:00,53.28,53.32,53.21,53.27,19649.0
2026-01-22 10:02:00,53.27,53.3,53.19,53.21,33702.0
2026-01-22 10:03:00,53.21,53.27,53.17,53.26,30924.0
2026-01-22 10:04:00,53.28,53.31,53.2,53.28,30490.0
2026-01-22 10:05:00,53.27,53.34,53.24,53.24,27351.0
2026-01-22 10:06:00,53.25,53.28,53.16,53.27,49965.0
2026-01-22 10:07:00,53.25,53.29,53.16,53.19,29520.0
2026-01-22 10:08:00,53.19,53.32,53.17,53.31,24362.0
2026-01-22 10:09:00,53.3,53.3,53.19,53.225,21690.0
2026-01-22 10:10:00,53.24,53.37,53.22,53.26,63298.0
2026-01-22 10:11:00,53.3,53.35,53.22,53.25,21898.0
2026-01-22 10:12:00,53.25,53.3,53.21,53.29,26437.0
2026-01-22 10:13:00,53.29,53.35,53.26,53.35,10923.0
2026-01-22 10:14:00,53.36,53.4,53.21,53.25,28812.0
2026-01-22 10:15:00,53.24,53.435,53.23,53.39,20866.0
2026-01-22 10:16:00,53.4,53.47,53.36,53.39,44311.0
2026-01-22 10:17:00,53.39,53.39,53.15,53.19,65582.0
2026-01-22 10:18:00,53.19,53.33,53.18,53.29,13306.0
2026-01-22 10:19:00,53.3,53.34,53.26,53.32,24250.0
2026-01-22 10:20:00,53.32,53.47,53.27,53.43,24608.0
2026-01-22 10:21:00,53.449,53.51,53.425,53.5,22977.0
2026-01-22 10:22:00,53.5,53.57,53.44,53.55,57504.0
2026-01-22 10:23:00,53.55,53.6,53.49,53.49,29431.0
2026-01-22 10:24:00,53.52,53.52,53.22,53.23,114443.0
2026-01-22 10:25:00,53.22,53.31,53.19,53.3,52526.0
2026-01-22 10:26:00,53.3,53.46,53.29,53.46,30136.0
2026-01-22 10:27:00,53.45,53.5,53.4,53.46,22079.0
2026-01-22 10:28:00,53.47,53.54,53.46,53.51,28356.0
2026-01-22 10:29:00,53.5,53.52,53.48,53.49,9692.0
2026-01-22 10:30:00,53.495,53.54,53.37,53.54,20501.0
2026-01-22 10:31:00,53.53,53.53,53.39,53.415,10133.0
2026-01-22 10:32:00,53.42,53.53,53.42,53.53,22828.0
2026-01-22 10:33:00,53.52,53.59,53.48,53.59,12299.0
2026-01-22 10:34:00,53.59,53.68,53.58,53.68,26436.0
2026-01-22 10:35:00,53.68,53.73,53.66,53.7,20302.0
2026-01-22 10:36:00,53.7,53.74,53.68,53.69,16070.0
2026-01-22 10:37:00,53.68,53.68,53.62,53.66,7469.0
2026-01-22 10:38:00,53.66,53.72,53.65,53.71,27613.0
2026-01-22 10:39:00,53.71,53.76,53.71,53.74,21735.0
2026-01-22 10:40:00,53.74,53.74,53.64,53.68,6484.0
2026-01-22 10:41:00,53.69,53.71,53.67,53.71,16086.0
2026-01-22 10:42:00,53.71,53.79,53.7,53.789,24417.0
2026-01-22 10:43:00,53.77,53.82,53.75,53.81,12718.0
2026-01-22 10:44:00,53.8,53.82,53.79,53.82,7989.0
2026-01-22 10:45:00,53.81,53.85,53.79,53.85,8596.0
2026-01-22 10:46:00,53.85,53.88,53.8,53.84,15684.0
2026-01-22 10:47:00,53.84,53.89,53.84,53.87,15635.0
2026-01-22 10:48:00,53.87,53.87,53.8,53.84,45690.0
2026-01-22 10:49:00,53.83,53.84,53.77,53.77,12361.0
2026-01-22 10:50:00,53.76,53.76,53.6,53.68,38835.0
2026-01-22 10:51:00,53.69,53.69,53.62,53.68,10162.0
2026-01-22 10:52:00,53.68,53.73,53.68,53.72,6985.0
2026-01-22 10:53:00,53.72,53.76,53.69,53.69,7683.0
2026-01-22 10:54:00,53.68,53.72,53.63,53.64,9115.0
2026-01-22 10:55:00,53.63,53.66,53.58,53.62,18446.0
2026-01-22 10:56:00,53.62,53.63,53.58,53.6,3560.0
2026-01-22 10:57:00,53.6,53.61,53.59,53.61,6033.0
2026-01-22 10:58:00,53.6,53.63,53.55,53.62,12327.0
2026-01-22 10:59:00,53.63,53.68,53.56,53.57,8456.0
2026-01-22 11:00:00,53.58,53.72,53.57,53.71,9743.0
2026-01-22 11:01:00,53.72,53.72,53.65,53.65,4429.0
2026-01-22 11:02:00,53.64,53.67,53.58,53.67,10250.0
2026-01-22 11:03:00,53.68,53.68,53.63,53.66,6255.0
2026-01-22 11:04:00,53.67,53.71,53.63,53.7,7761.0
2026-01-22 11:05:00,53.69,53.72,53.68,53.71,5206.0
2026-01-22 11:06:00,53.71,53.79,53.71,53.79,13004.0
2026-01-22 11:07:00,53.79,53.79,53.66,53.69,11287.0
2026-01-22 11:08:00,53.69,53.755,53.67,53.755,12930.0
2026-01-22 11:09:00,53.75,53.79,53.75,53.77,8109.0
2026-01-22 11:10:00,53.78,53.8,53.76,53.77,10865.0
2026-01-22 11:11:00,53.76,53.82,53.7,53.82,7684.0
2026-01-22 11:12:00,53.83,53.87,53.83,53.84,8248.0
2026-01-22 11:13:00,53.84,53.86,53.79,53.85,14346.0
2026-01-22 11:14:00,53.85,53.9,53.84,53.87,30726.0
2026-01-22 11:15:00,53.86,53.93,53.86,53.93,26572.0
2026-01-22 11:16:00,53.92,53.92,53.89,53.92,10214.0
2026-01-22 11:17:00,53.92,53.92,53.79,53.8,39702.0
2026-01-22 11:18:00,53.8,53.86,53.8,53.85,6788.0
2026-01-22 11:19:00,53.86,53.89,53.85,53.87,4535.0
2026-01-22 11:20:00,53.87,53.95,53.86,53.95,19804.0
2026-01-22 11:21:00,53.96,53.98,53.95,53.96,21128.0
2026-01-22 11:22:00,53.96,53.99,53.94,53.99,14135.0
2026-01-22 11:23:00,53.99,54.01,53.95,53.96,62704.0
2026-01-22 11:24:00,53.97,53.98,53.96,53.97,5386.0
2026-01-22 11:25:00,53.98,54.04,53.94,54.02,16147.0
2026-01-22 11:26:00,53.99,54.01,53.98,54.01,1917.0
2026-01-22 11:27:00,54.01,54.03,54.0,54.03,4713.0
2026-01-22 11:28:00,54.03,54.05,54.03,54.03,20003.0
2026-01-22 11:29:00,54.03,54.03,53.96,53.98,5824.0
2026-01-22 11:30:00,53.98,53.99,53.95,53.96,8729.0
2026-01-22 11:31:00,53.96,54.03,53.96,54.02,8002.0
2026-01-22 11:32:00,54.03,54.03,53.985,53.985,5773.0
2026-01-22 11:33:00,53.98,54.0,53.92,53.95,4673.0
2026-01-22 11:34:00,53.98,54.0,53.97,53.97,8503.0
2026-01-22 11:35:00,53.97,53.97,53.91,53.94,3384.0
2026-01-22 11:36:00,53.93,53.98,53.93,53.97,2046.0
2026-01-22 11:37:00,53.97,54.0,53.96,54.0,6939.0
2026-01-22 11:38:00,54.0,54.0,53.96,53.99,6690.0
2026-01-22 11:39:00,53.99,54.0,53.97,53.99,5571.0
2026-01-22 11:40:00,53.98,54.05,53.97,54.05,12751.0
2026-01-22 11:41:00,54.04,54.08,54.02,54.02,8320.0
2026-01-22 11:42:00,54.03,54.03,54.01,54.03,2265.0
2026-01-22 11:43:00,54.03,54.03,54.0,54.01,3105.0
2026-01-22 11:44:00,54.02,54.03,54.01,54.02,6275.0
2026-01-22 11:45:00,54.03,54.09,54.03,54.07,15377.0
2026-01-22 11:46:00,54.08,54.09,54.06,54.06,5592.0
2026-01-22 11:47:00,54.05,54.08,54.03,54.05,8051.0
2026-01-22 11:48:00,54.06,54.1,54.06,54.06,6971.0
2026-01-22 11:49:00,54.06,54.1,54.06,54.07,10973.0
2026-01-22 11:50:00,54.06,54.07,54.05,54.07,1401.0
2026-01-22 11:51:00,54.07,54.08,54.06,54.07,2885.0
2026-01-22 11:52:00,54.08,54.15,54.08,54.1,15698.0
2026-01-22 11:53:00,54.11,54.12,54.08,54.11,2368.0
2026-01-22 11:54:00,54.1,54.11,54.07,54.09,3094.0
2026-01-22 11:55:00,54.09,54.09,53.99,53.99,15401.0
2026-01-22 11:56:00,53.98,54.01,53.94,53.94,10782.0
2026-01-22 11:57:00,53.94,54.01,53.93,54.0,4047.0
2026-01-22 11:58:00,54.0,54.0,53.96,53.96,4559.0
2026-01-22 11:59:00,53.96,53.98,53.955,53.955,4555.0
2026-01-22 12:00:00,53.95,53.95,53.87,53.89,32375.0
2026-01-22 12:01:00,53.86,54.0,53.86,54.0,9423.0
2026-01-22 12:02:00,54.0,54.02,53.97,53.97,4804.0
2026-01-22 12:03:00,53.99,54.02,53.98,53.99,4705.0
2026-01-22 12:04:00,54.01,54.02,53.99,54.02,7018.0
2026-01-22 12:05:00,54.02,54.02,53.96,53.99,7099.0
2026-01-22 12:06:00,53.99,54.02,53.99,54.01,2742.0
2026-01-22 12:07:00,54.02,54.03,54.0,54.0,1428.0
2026-01-22 12:08:00,54.01,54.1,53.99,54.08,27168.0
2026-01-22 12:09:00,54.08,54.085,54.01,54.03,4426.0
2026-01-22 12:10:00,54.04,54.05,54.01,54.04,4501.0
2026-01-22 12:11:00,54.03,54.1,54.03,54.06,2553.0
2026-01-22 12:12:00,54.05,54.05,53.99,54.0,6201.0
2026-01-22 12:13:00,54.01,54.06,53.99,54.06,7566.0
2026-01-22 12:14:00,54.06,54.07,54.04,54.07,2684.0
2026-01-22 12:15:00,54.08,54.09,54.02,54.02,2557.0
2026-01-22 12:16:00,54.03,54.04,54.01,54.01,3092.0
2026-01-22 12:17:00,54.0,54.01,53.92,53.93,13116.0
2026-01-22 12:18:00,53.94,53.98,53.94,53.975,6573.0
2026-01-22 12:19:00,53.98,53.99,53.97,53.99,2362.0
2026-01-22 12:20:00,53.99,53.99,53.95,53.97,9588.0
2026-01-22 12:21:00,53.97,53.97,53.91,53.93,4283.0
2026-01-22 12:22:00,53.94,53.94,53.88,53.9,8694.0
2026-01-22 12:23:00,53.9,53.96,53.9,53.95,3190.0
2026-01-22 12:24:00,53.96,53.99,53.96,53.99,3369.0
2026-01-22 12:25:00,54.0,54.0,53.97,53.99,8418.0
2026-01-22 12:26:00,53.97,54.0,53.96,53.98,4696.0
2026-01-22 12:27:00,53.98,53.98,53.93,53.93,5351.0
2026-01-22 12:28:00,53.93,53.96,53.92,53.96,2133.0
2026-01-22 12:29:00,53.97,54.02,53.97,54.02,7949.0
2026-01-22 12:30:00,54.03,54.1,54.03,54.08,12856.0
2026-01-22 12:31:00,54.09,54.1,54.04,54.04,9217.0
2026-01-22 12:32:00,54.07,54.17,54.07,54.16,35699.0
2026-01-22 12:33:00,54.16,54.19,54.16,54.17,18572.0
2026-01-22 12:34:00,54.17,54.19,54.15,54.18,3439.0
2026-01-22 12:35:00,54.17,54.17,54.15,54.16,6342.0
2026-01-22 12:36:00,54.16,54.16,54.1,54.16,9567.0
2026-01-22 12:37:00,54.15,54.16,54.12,54.13,4521.0
2026-01-22 12:38:00,54.12,54.13,54.1,54.12,1818.0
2026-01-22 12:39:00,54.13,54.13,54.08,54.09,2608.0
2026-01-22 12:40:00,54.11,54.19,54.11,54.19,11847.0
2026-01-22 12:41:00,54.19,54.205,54.17,54.17,17772.0
2026-01-22 12:42:00,54.18,54.18,54.17,54.18,1335.0
2026-01-22 12:43:00,54.19,54.19,54.13,54.13,5742.0
2026-01-22 12:44:00,54.13,54.15,54.13,54.15,2622.0
2026-01-22 12:45:00,54.15,54.17,54.15,54.17,2481.0
2026-01-22 12:46:00,54.17,54.18,54.17,54.18,8807.0
2026-01-22 12:47:00,54.18,54.205,54.17,54.2,6148.0
2026-01-22 12:48:00,54.19,54.2,54.17,54.17,1347.0
2026-01-22 12:49:00,54.16,54.2,54.16,54.2,4862.0
2026-01-22 12:50:00,54.2,54.25,54.2,54.2,10746.0
2026-01-22 12:51:00,54.2,54.24,54.18,54.23,7006.0
2026-01-22 12:52:00,54.24,54.25,54.21,54.22,10377.0
2026-01-22 12:53:00,54.22,54.22,54.2,54.2,1548.0
2026-01-22 12:54:00,54.2,54.22,54.2,54.22,1689.0
2026-01-22 12:55:00,54.21,54.21,54.17,54.17,2684.0
2026-01-22 12:56:00,54.18,54.2,54.17,54.18,3181.0
2026-01-22 12:57:00,54.205,54.24,54.2,54.24,7852.0
2026-01-22 12:58:00,54.25,54.27,54.25,54.25,11623.0
2026-01-22 12:59:00,54.24,54.24,54.215,54.22,9461.0
2026-01-22 13:00:00,54.22,54.24,54.2,54.22,2920.0
2026-01-22 13:01:00,54.22,54.245,54.22,54.235,6090.0
2026-01-22 13:02:00,54.23,54.25,54.22,54.24,10987.0
2026-01-22 13:03:00,54.235,54.26,54.1,54.18,86808.0
2026-01-22 13:04:00,54.17,54.24,54.17,54.24,6317.0
2026-01-22 13:05:00,54.24,54.26,54.221,54.255,111987.0
2026-01-22 13:06:00,54.26,54.26,54.23,54.24,12132.0
2026-01-22 13:07:00,54.24,54.255,54.22,54.241,11167.0
2026-01-22 13:08:00,54.24,54.27,54.23,54.26,3194.0
2026-01-22 13:09:00,54.25,54.25,54.21,54.24,1765.0
2026-01-22 13:10:00,54.23,54.24,54.21,54.21,7081.0
2026-01-22 13:11:00,54.2,54.2,54.145,54.16,9486.0
2026-01-22 13:12:00,54.16,54.18,54.16,54.165,11166.0
2026-01-22 13:13:00,54.17,54.18,54.14,54.17,6266.0
2026-01-22 13:14:00,54.16,54.16,54.09,54.12,13343.0
2026-01-22 13:15:00,54.12,54.15,54.1,54.14,7365.0
2026-01-22 13:16:00,54.14,54.14,54.09,54.09,6429.0
2026-01-22 13:17:00,54.09,54.11,54.05,54.11,13124.0
2026-01-22 13:18:00,54.11,54.11,54.09,54.1,2693.0
2026-01-22 13:19:00,54.1,54.135,54.1,54.12,4233.0
2026-01-22 13:20:00,54.11,54.15,54.09,54.14,11485.0
2026-01-22 13:21:00,54.14,54.155,54.13,54.13,18415.0
2026-01-22 13:22:00,54.13,54.18,54.12,54.18,9030.0
2026-01-22 13:23:00,54.18,54.19,54.16,54.17,8276.0
2026-01-22 13:24:00,54.17,54.18,54.17,54.18,1836.0
2026-01-22 13:25:00,54.18,54.19,54.16,54.17,3665.0
2026-01-22 13:26:00,54.16,54.16,54.13,54.14,5420.0
2026-01-22 13:27:00,54.14,54.17,54.14,54.16,4489.0
2026-01-22 13:28:00,54.18,54.18,54.175,54.175,2101.0
2026-01-22 13:29:00,54.18,54.18,54.14,54.14,3280.0
2026-01-22 13:30:00,54.13,54.16,54.12,54.13,2537.0
2026-01-22 13:31:00,54.14,54.14,54.12,54.13,2473.0
2026-01-22 13:32:00,54.12,54.18,54.12,54.17,5475.0
2026-01-22 13:33:00,54.17,54.195,54.17,54.17,13411.0
2026-01-22 13:34:00,54.17,54.19,54.17,54.17,4998.0
2026-01-22 13:35:00,54.15,54.185,54.135,54.17,2129.0
2026-01-22 13:36:00,54.17,54.185,54.13,54.13,8028.0
2026-01-22 13:37:00,54.14,54.18,54.14,54.17,4215.0
2026-01-22 13:38:00,54.17,54.17,54.14,54.15,1485.0
2026-01-22 13:39:00,54.15,54.18,54.15,54.18,2517.0
2026-01-22 13:40:00,54.18,54.19,54.16,54.17,3116.0
2026-01-22 13:41:00,54.17,54.18,54.16,54.17,789.0
2026-01-22 13:42:00,54.17,54.18,54.16,54.18,2653.0
2026-01-22 13:43:00,54.185,54.2,54.15,54.15,4659.0
2026-01-22 13:44:00,54.145,54.15,54.09,54.11,3753.0
2026-01-22 13:45:00,54.11,54.15,54.11,54.15,3715.0
2026-01-22 13:46:00,54.15,54.15,54.12,54.12,1414.0
2026-01-22 13:47:00,54.12,54.17,54.115,54.17,1115.0
2026-01-22 13:48:00,54.16,54.17,54.16,54.16,2153.0
2026-01-22 13:49:00,54.17,54.2,54.15,54.15,19465.0
2026-01-22 13:50:00,54.15,54.16,54.13,54.13,2322.0
2026-01-22 13:51:00,54.14,54.14,54.12,54.12,2327.0
2026-01-22 13:52:00,54.12,54.14,54.1,54.1,2770.0
2026-01-22 13:53:00,54.1,54.1,54.06,54.07,4983.0
2026-01-22 13:54:00,54.07,54.09,54.055,54.06,4162.0
2026-01-22 13:55:00,54.06,54.065,54.035,54.04,4927.0
2026-01-22 13:56:00,54.04,54.07,54.04,54.05,4215.0
2026-01-22 13:57:00,54.05,54.05,53.96,54.0,23086.0
2026-01-22 13:58:00,54.0,54.01,53.94,53.96,5763.0
2026-01-22 13:59:00,53.96,54.005,53.96,53.99,3317.0
2026-01-22 14:00:00,53.98,54.07,53.98,54.04,6685.0
2026-01-22 14:01:00,54.03,54.03,53.98,53.985,5138.0
2026-01-22 14:02:00,53.99,54.055,53.98,54.055,3175.0
2026-01-22 14:03:00,54.06,54.1,54.05,54.1,8196.0
2026-01-22 14:04:00,54.1,54.13,54.095,54.115,6729.0
2026-01-22 14:05:00,54.11,54.15,54.11,54.11,50907.0
2026-01-22 14:06:00,54.14,54.16,54.135,54.135,32446.0
2026-01-22 14:07:00,54.14,54.14,54.1,54.1,9568.0
2026-01-22 14:08:00,54.11,54.11,54.08,54.08,5644.0
2026-01-22 14:09:00,54.08,54.14,54.08,54.13,3240.0
2026-01-22 14:10:00,54.13,54.13,54.09,54.11,10534.0
2026-01-22 14:11:00,54.12,54.16,54.12,54.16,2515.0
2026-01-22 14:12:00,54.16,54.19,54.16,54.19,8381.0
2026-01-22 14:13:00,54.19,54.21,54.19,54.19,87624.0
2026-01-22 14:14:00,54.2,54.2,54.16,54.16,12798.0
2026-01-22 14:15:00,54.15,54.16,54.11,54.14,5341.0
2026-01-22 14:16:00,54.14,54.14,54.105,54.13,5040.0
2026-01-22 14:17:00,54.13,54.15,54.13,54.15,471.0
2026-01-22 14:18:00,54.15,54.18,54.15,54.17,1935.0
2026-01-22 14:19:00,54.16,54.17,54.14,54.17,2480.0
2026-01-22 14:20:00,54.18,54.19,54.15,54.15,6086.0
2026-01-22 14:21:00,54.15,54.19,54.15,54.19,3678.0
2026-01-22 14:22:00,54.19,54.19,54.17,54.175,934.0
2026-01-22 14:23:00,54.175,54.2,54.175,54.2,1942.0
2026-01-22 14:24:00,54.21,54.22,54.2,54.21,10744.0
2026-01-22 14:25:00,54.21,54.22,54.21,54.21,1908.0
2026-01-22 14:26:00,54.21,54.21,54.19,54.2,2365.0
2026-01-22 14:27:00,54.2,54.225,54.18,54.21,5361.0
2026-01-22 14:28:00,54.22,54.23,54.21,54.23,9079.0
2026-01-22 14:29:00,54.22,54.22,54.2,54.2,2525.0
2026-01-22 14:30:00,54.2,54.22,54.2,54.21,1305.0
2026-01-22 14:31:00,54.18,54.2,54.15,54.15,4572.0
2026-01-22 14:32:00,54.15,54.16,54.15,54.15,1775.0
2026-01-22 14:33:00,54.16,54.17,54.14,54.14,4931.0
2026-01-22 14:34:00,54.14,54.16,54.135,54.14,5651.0
2026-01-22 14:35:00,54.14,54.16,54.13,54.135,828.0
2026-01-22 14:36:00,54.13,54.13,54.09,54.1,5718.0
2026-01-22 14:37:00,54.09,54.1,54.07,54.1,6046.0
2026-01-22 14:38:00,54.11,54.11,54.045,54.05,11066.0
2026-01-22 14:39:00,54.05,54.05,54.01,54.03,7124.0
2026-01-22 14:40:00,54.03,54.08,54.03,54.07,4575.0
2026-01-22 14:41:00,54.05,54.065,54.04,54.05,1730.0
2026-01-22 14:42:00,54.04,54.04,53.975,54.01,10683.0
2026-01-22 14:43:00,54.0,54.04,54.0,54.01,1892.0
2026-01-22 14:44:00,54.0,54.02,53.98,54.0,1635.0
2026-01-22 14:45:00,53.99,53.99,53.93,53.93,4431.0
2026-01-22 14:46:00,53.93,53.96,53.92,53.96,3021.0
2026-01-22 14:47:00,53.96,53.99,53.95,53.97,1918.0
2026-01-22 14:48:00,53.96,53.96,53.93,53.93,3700.0
2026-01-22 14:49:00,53.93,53.95,53.92,53.94,1637.0
2026-01-22 14:50:00,53.94,53.97,53.94,53.97,2190.0
2026-01-22 14:51:00,53.955,54.02,53.955,54.015,21656.0
2026-01-22 14:52:00,54.01,54.01,53.96,53.98,3314.0
2026-01-22 14:53:00,53.97,53.97,53.94,53.94,7014.0
2026-01-22 14:54:00,53.95,53.96,53.92,53.92,7056.0
2026-01-22 14:55:00,53.92,53.95,53.91,53.94,5221.0
2026-01-22 14:56:00,53.95,53.95,53.81,53.84,15175.0
2026-01-22 14:57:00,53.83,53.86,53.81,53.85,5979.0
2026-01-22 14:58:00,53.84,53.84,53.8,53.8,7211.0
2026-01-22 14:59:00,53.8,53.81,53.75,53.78,12482.0
2026-01-22 15:00:00,53.77,53.795,53.73,53.77,7874.0
2026-01-22 15:01:00,53.77,53.81,53.74,53.74,4866.0
2026-01-22 15:02:00,53.75,53.83,53.75,53.83,10243.0
2026-01-22 15:03:00,53.84,53.85,53.81,53.83,8530.0
2026-01-22 15:04:00,53.84,53.84,53.81,53.82,1769.0
2026-01-22 15:05:00,53.81,53.83,53.79,53.81,3425.0
2026-01-22 15:06:00,53.83,53.85,53.77,53.77,4731.0
2026-01-22 15:07:00,53.77,53.8,53.745,53.78,108329.0
2026-01-22 15:08:00,53.78,53.8,53.77,53.77,3392.0
2026-01-22 15:09:00,53.77,53.77,53.75,53.75,6854.0
2026-01-22 15:10:00,53.76,53.78,53.76,53.77,2487.0
2026-01-22 15:11:00,53.77,53.81,53.77,53.77,11061.0
2026-01-22 15:12:00,53.78,53.82,53.78,53.79,2718.0
2026-01-22 15:13:00,53.79,53.79,53.76,53.775,5220.0
2026-01-22 15:14:00,53.79,53.83,53.79,53.83,5794.0
2026-01-22 15:15:00,53.83,53.92,53.83,53.9,16985.0
2026-01-22 15:16:00,53.89,53.9,53.85,53.87,6180.0
2026-01-22 15:17:00,53.88,53.89,53.83,53.83,8607.0
2026-01-22 15:18:00,53.83,53.84,53.81,53.84,12715.0
2026-01-22 15:19:00,53.84,53.86,53.835,53.86,5670.0
2026-01-22 15:20:00,53.86,53.9,53.86,53.88,5531.0
2026-01-22 15:21:00,53.88,53.89,53.85,53.86,2531.0
2026-01-22 15:22:00,53.86,53.86,53.82,53.84,2334.0
2026-01-22 15:23:00,53.85,53.85,53.83,53.84,974.0
2026-01-22 15:24:00,53.83,53.84,53.78,53.79,8955.0
2026-01-22 15:25:00,53.78,53.78,53.71,53.72,13559.0
2026-01-22 15:26:00,53.71,53.71,53.631,53.69,18821.0
2026-01-22 15:27:00,53.68,53.69,53.64,53.67,6544.0
2026-01-22 15:28:00,53.66,53.68,53.64,53.65,18632.0
2026-01-22 15:29:00,53.64,53.64,53.59,53.59,22897.0
2026-01-22 15:30:00,53.58,53.61,53.54,53.6,11980.0
2026-01-22 15:31:00,53.59,53.62,53.5,53.54,15101.0
2026-01-22 15:32:00,53.53,53.63,53.53,53.6,13284.0
2026-01-22 15:33:00,53.61,53.61,53.565,53.58,15343.0
2026-01-22 15:34:00,53.57,53.57,53.525,53.54,15905.0
2026-01-22 15:35:00,53.54,53.54,53.48,53.52,40238.0
2026-01-22 15:36:00,53.51,53.52,53.45,53.47,10031.0
2026-01-22 15:37:00,53.46,53.505,53.45,53.5,6942.0
2026-01-22 15:38:00,53.49,53.54,53.46,53.53,26365.0
2026-01-22 15:39:00,53.52,53.53,53.49,53.5,17118.0
2026-01-22 15:40:00,53.5,53.52,53.48,53.48,58440.0
2026-01-22 15:41:00,53.48,53.53,53.475,53.53,6998.0
2026-01-22 15:42:00,53.52,53.58,53.51,53.52,8924.0
2026-01-22 15:43:00,53.53,53.62,53.53,53.61,32464.0
2026-01-22 15:44:00,53.62,53.66,53.61,53.62,12727.0
2026-01-22 15:45:00,53.63,53.69,53.629,53.69,32218.0
2026-01-22 15:46:00,53.68,53.69,53.63,53.66,20489.0
2026-01-22 15:47:00,53.66,53.68,53.66,53.675,16784.0
2026-01-22 15:48:00,53.68,53.69,53.68,53.69,8849.0
2026-01-22 15:49:00,53.69,53.74,53.69,53.74,8031.0
2026-01-22 15:50:00,53.75,53.81,53.75,53.75,35632.0
2026-01-22 15:51:00,53.75,53.83,53.73,53.81,18655.0
2026-01-22 15:52:00,53.81,53.83,53.77,53.81,43470.0
2026-01-22 15:53:00,53.82,53.835,53.8,53.83,19900.0
2026-01-22 15:54:00,53.83,53.86,53.78,53.82,36941.0
2026-01-22 15:55:00,53.82,53.91,53.82,53.83,31259.0
2026-01-22 15:56:00,53.82,53.88,53.82,53.86,29741.0
2026-01-22 15:57:00,53.86,53.87,53.84,53.86,26132.0
2026-01-22 15:58:00,53.86,53.865,53.83,53.83,14302.0
2026-01-22 15:59:00,53.835,53.92,53.835,53.91,89126.0
2026-01-23 09:30:00,53.59,53.83,53.52,53.68,265850.0
2026-01-23 09:31:00,53.68,53.88,53.68,53.87,64538.0
2026-01-23 09:32:00,53.84,53.85,53.48,53.54,105622.0
2026-01-23 09:33:00,53.54,53.63,53.47,53.58,34705.0
2026-01-23 09:34:00,53.58,53.61,53.47,53.49,50996.0
2026-01-23 09:35:00,53.5,53.57,53.46,53.46,117347.0
2026-01-23 09:36:00,53.48,53.685,53.42,53.62,61292.0
2026-01-23 09:37:00,53.63,53.645,53.33,53.36,54922.0
2026-01-23 09:38:00,53.37,53.49,53.37,53.41,38604.0
2026-01-23 09:39:00,53.4,53.44,53.36,53.4,20860.0
2026-01-23 09:40:00,53.41,53.56,53.33,53.56,177444.0
2026-01-23 09:41:00,53.56,53.665,53.56,53.66,34590.0
2026-01-23 09:42:00,53.655,53.79,53.655,53.67,40796.0
2026-01-23 09:43:00,53.7,53.72,53.58,53.67,20062.0
2026-01-23 09:44:00,53.67,53.69,53.56,53.64,23865.0
2026-01-23 09:45:00,53.68,53.77,53.62,53.72,70952.0
2026-01-23 09:46:00,53.73,53.77,53.54,53.55,51039.0
2026-01-23 09:47:00,53.545,53.555,53.43,53.47,33216.0
2026-01-23 09:48:00,53.48,53.55,53.46,53.5,17040.0
2026-01-23 09:49:00,53.5,53.52,53.43,53.5,13533.0
2026-01-23 09:50:00,53.5,53.58,53.49,53.52,32330.0
2026-01-23 09:51:00,53.53,53.73,53.52,53.71,27212.0
2026-01-23 09:52:00,53.72,53.73,53.63,53.66,11889.0
2026-01-23 09:53:00,53.65,53.72,53.64,53.71,10643.0
2026-01-23 09:54:00,53.72,53.75,53.67,53.7,16485.0
2026-01-23 09:55:00,53.7,53.76,53.7,53.75,12902.0
2026-01-23 09:56:00,53.75,53.91,53.75,53.8,72357.0
2026-01-23 09:57:00,53.81,53.85,53.68,53.84,25384.0
2026-01-23 09:58:00,53.85,53.91,53.85,53.88,17398.0
2026-01-23 09:59:00,53.9,53.96,53.87,53.96,16602.0
2026-01-23 10:00:00,53.97,54.1,53.97,54.04,49415.0
2026-01-23 10:01:00,54.045,54.085,53.99,54.085,28616.0
2026-01-23 10:02:00,54.08,54.18,54.07,54.145,48362.0
2026-01-23 10:03:00,54.15,54.2,54.15,54.19,37596.0
2026-01-23 10:04:00,54.2,54.29,54.2,54.24,61273.0
2026-01-23 10:05:00,54.25,54.25,54.16,54.24,47569.0
2026-01-23 10:06:00,54.24,54.26,54.15,54.24,42210.0
2026-01-23 10:07:00,54.24,54.25,54.12,54.18,36843.0
2026-01-23 10:08:00,54.19,54.2,54.15,54.2,35123.0
2026-01-23 10:09:00,54.19,54.23,54.15,54.211,27915.0
2026-01-23 10:10:00,54.2,54.24,54.16,54.22,14592.0
2026-01-23 10:11:00,54.22,54.25,54.19,54.19,8162.0
2026-01-23 10:12:00,54.185,54.23,54.16,54.17,8276.0
2026-01-23 10:13:00,54.16,54.18,54.04,54.09,33025.0
2026-01-23 10:14:00,54.07,54.11,54.04,54.101,21397.0
2026-01-23 10:15:00,54.11,54.23,54.11,54.21,25390.0
2026-01-23 10:16:00,54.19,54.22,54.11,54.125,8425.0
2026-01-23 10:17:00,54.13,54.15,54.03,54.15,34002.0
2026-01-23 10:18:00,54.16,54.19,54.09,54.09,11508.0
2026-01-23 10:19:00,54.1,54.12,54.06,54.065,8311.0
2026-01-23 10:20:00,54.07,54.31,54.02,54.26,106700.0
2026-01-23 10:21:00,54.27,54.35,54.25,54.3,38718.0
2026-01-23 10:22:00,54.32,54.51,54.32,54.49,156675.0
2026-01-23 10:23:00,54.48,54.52,54.45,54.48,30925.0
2026-01-23 10:24:00,54.48,54.51,54.45,54.46,20022.0
2026-01-23 10:25:00,54.46,54.57,54.46,54.53,66337.0
2026-01-23 10:26:00,54.52,54.525,54.47,54.48,21555.0
2026-01-23 10:27:00,54.48,54.48,54.39,54.47,11770.0
2026-01-23 10:28:00,54.48,54.48,54.43,54.45,7547.0
2026-01-23 10:29:00,54.465,54.48,54.45,54.47,8386.0
2026-01-23 10:30:00,54.46,54.55,54.46,54.53,28299.0
2026-01-23 10:31:00,54.515,54.55,54.5,54.54,10436.0
2026-01-23 10:32:00,54.54,54.56,54.5,54.5,33480.0
2026-01-23 10:33:00,54.52,54.54,54.47,54.54,20856.0
2026-01-23 10:34:00,54.54,54.63,54.54,54.62,47654.0
2026-01-23 10:35:00,54.62,54.685,54.61,54.64,58913.0
2026-01-23 10:36:00,54.64,54.665,54.63,54.64,17056.0
2026-01-23 10:37:00,54.64,54.685,54.6,54.669,39115.0
2026-01-23 10:38:00,54.66,54.66,54.61,54.65,26518.0
2026-01-23 10:39:00,54.64,54.67,54.61,54.66,15329.0
2026-01-23 10:40:00,54.66,54.68,54.59,54.61,20275.0
2026-01-23 10:41:00,54.6,54.66,54.6,54.64,7008.0
2026-01-23 10:42:00,54.63,54.69,54.63,54.67,11418.0
2026-01-23 10:43:00,54.675,54.7,54.65,54.65,24043.0
2026-01-23 10:44:00,54.655,54.69,54.64,54.66,18692.0
2026-01-23 10:45:00,54.67,54.67,54.61,54.65,4100.0
2026-01-23 10:46:00,54.65,54.69,54.65,54.68,16964.0
2026-01-23 10:47:00,54.68,54.72,54.67,54.72,42300.0
2026-01-23 10:48:00,54.72,54.81,54.72,54.8,46849.0
2026-01-23 10:49:00,54.81,54.88,54.79,54.86,26873.0
2026-01-23 10:50:00,54.86,54.875,54.795,54.81,28142.0
2026-01-23 10:51:00,54.81,54.84,54.78,54.84,8470.0
2026-01-23 10:52:00,54.83,54.89,54.81,54.86,42730.0
2026-01-23 10:53:00,54.87,54.91,54.87,54.87,15332.0
2026-01-23 10:54:00,54.865,54.92,54.865,54.9,11602.0
2026-01-23 10:55:00,54.91,54.93,54.875,54.88,11607.0
2026-01-23 10:56:00,54.88,54.94,54.88,54.92,22487.0
2026-01-23 10:57:00,54.93,54.93,54.92,54.93,7676.0
2026-01-23 10:58:00,54.93,54.93,54.87,54.92,17477.0
2026-01-23 10:59:00,54.92,54.96,54.92,54.95,15609.0
2026-01-23 11:00:00,54.96,55.01,54.955,54.99,180138.0
2026-01-23 11:01:00,55.0,55.035,54.98,55.0,27914.0
2026-01-23 11:02:00,55.01,55.02,54.99,55.0,27760.0
2026-01-23 11:03:00,55.0,55.06,55.0,55.06,34452.0
2026-01-23 11:04:00,55.06,55.07,55.035,55.04,35714.0
2026-01-23 11:05:00,55.05,55.06,54.93,54.94,35936.0
2026-01-23 11:06:00,54.95,54.95,54.885,54.925,39223.0
2026-01-23 11:07:00,54.925,54.93,54.82,54.83,63186.0
2026-01-23 11:08:00,54.835,54.905,54.82,54.9,16517.0
2026-01-23 11:09:00,54.9,54.96,54.9,54.955,22893.0
2026-01-23 11:10:00,54.95,54.98,54.95,54.97,12727.0
2026-01-23 11:11:00,54.96,54.985,54.96,54.975,27536.0
2026-01-23 11:12:00,54.97,54.97,54.88,54.91,45952.0
2026-01-23 11:13:00,54.92,54.97,54.91,54.93,5971.0
2026-01-23 11:14:00,54.93,54.95,54.92,54.93,13253.0
2026-01-23 11:15:00,54.94,54.94,54.9,54.91,4992.0
2026-01-23 11:16:00,54.91,54.91,54.86,54.87,7462.0
2026-01-23 11:17:00,54.87,54.91,54.86,54.88,9129.0
2026-01-23 11:18:00,54.88,54.96,54.87,54.96,32743.0
2026-01-23 11:19:00,54.96,54.96,54.935,54.95,9475.0
2026-01-23 11:20:00,54.94,54.94,54.88,54.88,10970.0
2026-01-23 11:21:00,54.89,54.905,54.87,54.89,8357.0
2026-01-23 11:22:00,54.87,54.87,54.84,54.86,8010.0
2026-01-23 11:23:00,54.855,54.87,54.84,54.855,5619.0
2026-01-23 11:24:00,54.85,54.895,54.835,54.89,13860.0
2026-01-23 11:25:00,54.88,54.9,54.86,54.88,13944.0
2026-01-23 11:26:00,54.89,54.9,54.835,54.85,7588.0
2026-01-23 11:27:00,54.85,54.85,54.76,54.76,33813.0
2026-01-23 11:28:00,54.77,54.77,54.67,54.7,10069.0
2026-01-23 11:29:00,54.705,54.775,54.695,54.74,5781.0
2026-01-23 11:30:00,54.73,54.8,54.7,54.7,9372.0
2026-01-23 11:31:00,54.69,54.69,54.65,54.66,17915.0
2026-01-23 11:32:00,54.65,54.65,54.58,54.58,9829.0
2026-01-23 11:33:00,54.57,54.6,54.55,54.58,9135.0
2026-01-23 11:34:00,54.58,54.63,54.57,54.6,15598.0
2026-01-23 11:35:00,54.6,54.7,54.55,54.67,16048.0
2026-01-23 11:36:00,54.67,54.74,54.67,54.725,11690.0
2026-01-23 11:37:00,54.73,54.85,54.72,54.85,32395.0
2026-01-23 11:38:00,54.87,54.91,54.86,54.905,27467.0
2026-01-23 11:39:00,54.91,54.92,54.89,54.89,12865.0
2026-01-23 11:40:00,54.89,54.9,54.87,54.875,5752.0
2026-01-23 11:41:00,54.87,54.92,54.84,54.9,15549.0
2026-01-23 11:42:00,54.91,54.94,54.87,54.87,24508.0
2026-01-23 11:43:00,54.89,54.89,54.78,54.85,38023.0
2026-01-23 11:44:00,54.85,54.9,54.85,54.87,1863.0
2026-01-23 11:45:00,54.84,54.84,54.76,54.76,4229.0
2026-01-23 11:46:00,54.77,54.87,54.76,54.855,11418.0
2026-01-23 11:47:00,54.86,54.91,54.86,54.879,8844.0
2026-01-23 11:48:00,54.879,54.91,54.879,54.9,10002.0
2026-01-23 11:49:00,54.89,54.95,54.89,54.92,35190.0
2026-01-23 11:50:00,54.92,54.94,54.91,54.91,10948.0
2026-01-23 11:51:00,54.9,54.93,54.86,54.87,35291.0
2026-01-23 11:52:00,54.875,54.89,54.84,54.84,13283.0
2026-01-23 11:53:00,54.84,54.84,54.77,54.78,7015.0
2026-01-23 11:54:00,54.78,54.83,54.77,54.82,15465.0
2026-01-23 11:55:00,54.83,54.83,54.76,54.81,31813.0
2026-01-23 11:56:00,54.82,54.83,54.81,54.83,4134.0
2026-01-23 11:57:00,54.82,54.82,54.78,54.78,7776.0
2026-01-23 11:58:00,54.77,54.795,54.71,54.72,30291.0
2026-01-23 11:59:00,54.72,54.73,54.7,54.72,18494.0
2026-01-23 12:00:00,54.72,54.72,54.58,54.615,18632.0
2026-01-23 12:01:00,54.62,54.64,54.6,54.61,5018.0
2026-01-23 12:02:00,54.61,54.67,54.6,54.65,4005.0
2026-01-23 12:03:00,54.66,54.72,54.66,54.7,9250.0
2026-01-23 12:04:00,54.7,54.79,54.7,54.75,8822.0
2026-01-23 12:05:00,54.75,54.76,54.65,54.68,16247.0
2026-01-23 12:06:00,54.66,54.69,54.65,54.68,5927.0
2026-01-23 12:07:00,54.66,54.76,54.66,54.69,9179.0
2026-01-23 12:08:00,54.69,54.71,54.68,54.69,1804.0
2026-01-23 12:09:00,54.69,54.72,54.68,54.68,5780.0
2026-01-23 12:10:00,54.67,54.69,54.64,54.66,2073.0
2026-01-23 12:11:00,54.67,54.72,54.67,54.69,807.0
2026-01-23 12:12:00,54.71,54.76,54.69,54.74,3625.0
2026-01-23 12:13:00,54.74,54.77,54.735,54.76,3607.0
2026-01-23 12:14:00,54.77,54.82,54.76,54.82,9473.0
2026-01-23 12:15:00,54.82,54.84,54.8,54.805,15129.0
2026-01-23 12:16:00,54.8,54.8,54.71,54.73,15396.0
2026-01-23 12:17:00,54.74,54.75,54.72,54.73,2418.0
2026-01-23 12:18:00,54.72,54.76,54.69,54.76,13512.0
2026-01-23 12:19:00,54.73,54.75,54.73,54.74,5284.0
2026-01-23 12:20:00,54.735,54.75,54.685,54.685,11612.0
2026-01-23 12:21:00,54.68,54.7,54.68,54.69,4591.0
2026-01-23 12:22:00,54.69,54.73,54.68,54.7,2074.0
2026-01-23 12:23:00,54.7,54.73,54.7,54.73,5941.0
2026-01-23 12:24:00,54.71,54.71,54.67,54.67,2657.0
2026-01-23 12:25:00,54.67,54.7,54.67,54.69,4422.0
2026-01-23 12:26:00,54.69,54.73,54.67,54.73,4751.0
2026-01-23 12:27:00,54.74,54.75,54.73,54.74,4142.0
2026-01-23 12:28:00,54.74,54.75,54.72,54.75,9045.0
2026-01-23 12:29:00,54.76,54.82,54.76,54.78,12302.0
2026-01-23 12:30:00,54.78,54.79,54.68,54.74,9239.0
2026-01-23 12:31:00,54.74,54.77,54.71,54.75,4335.0
2026-01-23 12:32:00,54.765,54.765,54.69,54.695,11454.0
2026-01-23 12:33:00,54.69,54.69,54.64,54.68,14990.0
2026-01-23 12:34:00,54.69,54.69,54.63,54.655,5008.0
2026-01-23 12:35:00,54.65,54.71,54.65,54.68,8548.0
2026-01-23 12:36:00,54.675,54.72,54.675,54.71,6343.0
2026-01-23 12:37:00,54.69,54.7,54.675,54.7,7614.0
2026-01-23 12:38:00,54.7,54.7,54.65,54.65,12309.0
2026-01-23 12:39:00,54.64,54.65,54.6,54.64,1946.0
2026-01-23 12:40:00,54.63,54.63,54.49,54.53,26047.0
2026-01-23 12:41:00,54.53,54.55,54.5,54.535,7791.0
2026-01-23 12:42:00,54.52,54.52,54.39,54.39,25170.0
2026-01-23 12:43:00,54.38,54.39,54.31,54.36,18996.0
2026-01-23 12:44:00,54.35,54.39,54.32,54.35,14276.0
2026-01-23 12:45:00,54.35,54.43,54.33,54.41,17157.0
2026-01-23 12:46:00,54.4,54.4,54.22,54.26,54333.0
2026-01-23 12:47:00,54.26,54.37,54.235,54.37,17619.0
2026-01-23 12:48:00,54.37,54.42,54.33,54.35,15361.0
2026-01-23 12:49:00,54.35,54.37,54.33,54.35,6122.0
2026-01-23 12:50:00,54.36,54.37,54.26,54.26,9805.0
2026-01-23 12:51:00,54.27,54.27,54.17,54.21,29598.0
2026-01-23 12:52:00,54.2,54.2,54.12,54.13,34251.0
2026-01-23 12:53:00,54.12,54.21,54.12,54.13,17243.0
2026-01-23 12:54:00,54.13,54.17,54.08,54.14,16177.0
2026-01-23 12:55:00,54.14,54.26,54.14,54.25,10087.0
2026-01-23 12:56:00,54.25,54.27,54.14,54.17,29552.0
2026-01-23 12:57:00,54.17,54.18,54.13,54.13,5099.0
2026-01-23 12:58:00,54.13,54.16,54.11,54.12,6171.0
2026-01-23 12:59:00,54.12,54.145,54.07,54.13,18854.0
2026-01-23 13:00:00,54.12,54.2,54.11,54.15,24425.0
2026-01-23 13:01:00,54.15,54.21,54.14,54.16,15209.0
2026-01-23 13:02:00,54.17,54.19,54.15,54.17,12410.0
2026-01-23 13:03:00,54.16,54.32,54.16,54.3,22269.0
2026-01-23 13:04:00,54.3,54.3,54.27,54.3,9515.0
2026-01-23 13:05:00,54.3,54.3,54.21,54.21,5780.0
2026-01-23 13:06:00,54.22,54.3,54.2,54.3,6187.0
2026-01-23 13:07:00,54.29,54.36,54.26,54.34,16403.0
2026-01-23 13:08:00,54.34,54.455,54.34,54.455,19195.0
2026-01-23 13:09:00,54.45,54.48,54.43,54.47,4067.0
2026-01-23 13:10:00,54.48,54.54,54.42,54.46,19703.0
2026-01-23 13:11:00,54.46,54.5,54.43,54.43,6550.0
2026-01-23 13:12:00,54.47,54.48,54.4,54.4,19277.0
2026-01-23 13:13:00,54.4,54.42,54.35,54.39,5058.0
2026-01-23 13:14:00,54.38,54.39,54.34,54.36,6115.0
2026-01-23 13:15:00,54.36,54.41,54.35,54.39,6014.0
2026-01-23 13:16:00,54.38,54.45,54.35,54.45,5436.0
2026-01-23 13:17:00,54.45,54.48,54.45,54.46,1513.0
2026-01-23 13:18:00,54.47,54.53,54.47,54.53,3059.0
2026-01-23 13:19:00,54.51,54.56,54.48,54.49,9203.0
2026-01-23 13:20:00,54.49,54.5,54.38,54.46,8595.0
2026-01-23 13:21:00,54.47,54.53,54.459,54.48,4322.0
2026-01-23 13:22:00,54.47,54.495,54.46,54.49,3227.0
2026-01-23 13:23:00,54.48,54.52,54.48,54.51,2473.0
2026-01-23 13:24:00,54.5,54.5,54.47,54.5,8235.0
2026-01-23 13:25:00,54.5,54.57,54.5,54.52,7752.0
2026-01-23 13:26:00,54.52,54.53,54.5,54.53,5042.0
2026-01-23 13:27:00,54.55,54.57,54.53,54.54,7064.0
2026-01-23 13:28:00,54.55,54.57,54.53,54.53,2866.0
2026-01-23 13:29:00,54.53,54.53,54.5,54.5,2085.0
2026-01-23 13:30:00,54.51,54.55,54.51,54.54,1459.0
2026-01-23 13:31:00,54.54,54.56,54.53,54.55,7424.0
2026-01-23 13:32:00,54.55,54.57,54.54,54.54,3475.0
2026-01-23 13:33:00,54.54,54.54,54.44,54.44,17544.0
2026-01-23 13:34:00,54.42,54.43,54.33,54.38,17800.0
2026-01-23 13:35:00,54.38,54.44,54.37,54.44,3336.0
2026-01-23 13:36:00,54.45,54.45,54.39,54.39,12352.0
2026-01-23 13:37:00,54.39,54.42,54.36,54.42,8313.0
2026-01-23 13:38:00,54.42,54.49,54.42,54.49,5401.0
2026-01-23 13:39:00,54.5,54.54,54.5,54.52,16129.0
2026-01-23 13:40:00,54.51,54.53,54.42,54.42,8149.0
2026-01-23 13:41:00,54.43,54.44,54.41,54.43,9617.0
2026-01-23 13:42:00,54.43,54.46,54.4,54.42,870.0
2026-01-23 13:43:00,54.42,54.43,54.36,54.365,7808.0
2026-01-23 13:44:00,54.365,54.39,54.365,54.37,954.0
2026-01-23 13:45:00,54.37,54.37,54.27,54.325,30803.0
2026-01-23 13:46:00,54.34,54.36,54.33,54.34,1014.0
2026-01-23 13:47:00,54.36,54.38,54.34,54.37,1637.0
2026-01-23 13:48:00,54.37,54.4,54.34,54.34,5586.0
2026-01-23 13:49:00,54.33,54.36,54.33,54.36,938.0
2026-01-23 13:50:00,54.365,54.43,54.32,54.32,10007.0
2026-01-23 13:51:00,54.33,54.35,54.29,54.3,7608.0
2026-01-23 13:52:00,54.31,54.345,54.31,54.33,1446.0
2026-01-23 13:53:00,54.33,54.35,54.31,54.32,999.0
2026-01-23 13:54:00,54.32,54.36,54.32,54.34,1732.0
2026-01-23 13:55:00,54.34,54.37,54.32,54.37,2113.0
2026-01-23 13:56:00,54.37,54.42,54.37,54.38,3825.0
2026-01-23 13:57:00,54.38,54.39,54.35,54.37,1090.0
2026-01-23 13:58:00,54.36,54.37,54.33,54.35,2918.0
2026-01-23 13:59:00,54.34,54.355,54.34,54.34,762.0
2026-01-23 14:00:00,54.34,54.43,54.34,54.39,3048.0
2026-01-23 14:01:00,54.39,54.39,54.35,54.36,2512.0
2026-01-23 14:02:00,54.36,54.4,54.36,54.36,5510.0
2026-01-23 14:03:00,54.38,54.48,54.38,54.48,5570.0
2026-01-23 14:04:00,54.46,54.5,54.46,54.48,4945.0
2026-01-23 14:05:00,54.48,54.5,54.47,54.49,2046.0
2026-01-23 14:06:00,54.5,54.54,54.49,54.525,12461.0
2026-01-23 14:07:00,54.52,54.56,54.5,54.51,18220.0
2026-01-23 14:08:00,54.52,54.6,54.5,54.58,4388.0
2026-01-23 14:09:00,54.59,54.59,54.54,54.57,1069.0
2026-01-23 14:10:00,54.57,54.57,54.515,54.515,5459.0
2026-01-23 14:11:00,54.52,54.52,54.47,54.5,3597.0
2026-01-23 14:12:00,54.52,54.56,54.51,54.52,5056.0
2026-01-23 14:13:00,54.52,54.52,54.455,54.455,3420.0
2026-01-23 14:14:00,54.45,54.49,54.44,54.475,7351.0
2026-01-23 14:15:00,54.46,54.48,54.46,54.47,2334.0
2026-01-23 14:16:00,54.48,54.51,54.47,54.5,1186.0
2026-01-23 14:17:00,54.5,54.51,54.47,54.48,916.0
2026-01-23 14:18:00,54.47,54.53,54.47,54.53,2459.0
2026-01-23 14:19:00,54.53,54.55,54.51,54.52,2513.0
2026-01-23 14:20:00,54.52,54.56,54.52,54.56,4901.0
2026-01-23 14:21:00,54.56,54.63,54.56,54.63,20413.0
2026-01-23 14:22:00,54.63,54.63,54.58,54.59,2415.0
2026-01-23 14:23:00,54.6,54.6,54.58,54.6,3251.0
2026-01-23 14:24:00,54.605,54.61,54.58,54.61,1015.0
2026-01-23 14:25:00,54.61,54.62,54.58,54.6,12032.0
2026-01-23 14:26:00,54.61,54.63,54.59,54.59,3434.0
2026-01-23 14:27:00,54.59,54.61,54.59,54.6,3506.0
2026-01-23 14:28:00,54.6,54.605,54.52,54.52,10229.0
2026-01-23 14:29:00,54.52,54.52,54.46,54.46,2628.0
2026-01-23 14:30:00,54.45,54.5,54.42,54.5,3758.0
2026-01-23 14:31:00,54.49,54.51,54.48,54.5,5035.0
2026-01-23 14:32:00,54.51,54.53,54.495,54.52,887.0
2026-01-23 14:33:00,54.515,54.53,54.5,54.5,1691.0
2026-01-23 14:34:00,54.51,54.51,54.44,54.45,5324.0
2026-01-23 14:35:00,54.47,54.5,54.45,54.5,984.0
2026-01-23 14:36:00,54.51,54.51,54.42,54.42,9248.0
2026-01-23 14:37:00,54.42,54.45,54.4,54.43,4544.0
2026-01-23 14:38:00,54.4,54.41,54.35,54.39,3578.0
2026-01-23 14:39:00,54.38,54.4,54.35,54.38,2433.0
2026-01-23 14:40:00,54.38,54.4,54.36,54.38,1869.0
2026-01-23 14:41:00,54.39,54.39,54.3,54.33,8069.0
2026-01-23 14:42:00,54.33,54.4,54.32,54.4,2618.0
2026-01-23 14:43:00,54.39,54.44,54.39,54.43,1562.0
2026-01-23 14:44:00,54.43,54.48,54.43,54.45,4387.0
2026-01-23 14:45:00,54.46,54.47,54.43,54.43,980.0
2026-01-23 14:46:00,54.44,54.49,54.44,54.47,2973.0
2026-01-23 14:47:00,54.47,54.47,54.44,54.44,397.0
2026-01-23 14:48:00,54.42,54.42,54.39,54.41,2669.0
2026-01-23 14:49:00,54.41,54.42,54.39,54.39,42.0
2026-01-23 14:50:00,54.38,54.43,54.37,54.42,1022.0
2026-01-23 14:51:00,54.42,54.49,54.42,54.47,1092.0
2026-01-23 14:52:00,54.48,54.48,54.44,54.47,7897.0
2026-01-23 14:53:00,54.46,54.465,54.43,54.43,1112.0
2026-01-23 14:54:00,54.44,54.45,54.41,54.42,1956.0
2026-01-23 14:55:00,54.431,54.45,54.43,54.44,1460.0
2026-01-23 14:56:00,54.44,54.47,54.44,54.445,3751.0
2026-01-23 14:57:00,54.44,54.48,54.425,54.45,1522.0
2026-01-23 14:58:00,54.455,54.51,54.455,54.47,3931.0
2026-01-23 14:59:00,54.46,54.48,54.46,54.47,1883.0
2026-01-23 15:00:00,54.47,54.49,54.4,54.44,9621.0
2026-01-23 15:01:00,54.45,54.48,54.44,54.45,6154.0
2026-01-23 15:02:00,54.46,54.46,54.44,54.45,1209.0
2026-01-23 15:03:00,54.46,54.46,54.38,54.38,462.0
2026-01-23 15:04:00,54.39,54.4,54.38,54.38,2192.0
2026-01-23 15:05:00,54.38,54.41,54.38,54.38,2854.0
2026-01-23 15:06:00,54.38,54.38,54.32,54.32,9935.0
2026-01-23 15:07:00,54.33,54.37,54.3,54.33,3869.0
2026-01-23 15:08:00,54.33,54.33,54.22,54.255,42665.0
2026-01-23 15:09:00,54.255,54.28,54.23,54.23,5070.0
2026-01-23 15:10:00,54.22,54.23,54.2,54.22,70078.0
2026-01-23 15:11:00,54.215,54.22,54.12,54.22,19607.0
2026-01-23 15:12:00,54.21,54.27,54.2,54.27,6534.0
2026-01-23 15:13:00,54.27,54.32,54.27,54.31,8241.0
2026-01-23 15:14:00,54.32,54.35,54.31,54.33,12405.0
2026-01-23 15:15:00,54.33,54.37,54.32,54.36,6413.0
2026-01-23 15:16:00,54.36,54.4,54.36,54.39,9637.0
2026-01-23 15:17:00,54.39,54.39,54.35,54.38,1176.0
2026-01-23 15:18:00,54.38,54.44,54.38,54.43,7769.0
2026-01-23 15:19:00,54.43,54.43,54.4,54.4,13350.0
2026-01-23 15:20:00,54.39,54.41,54.38,54.39,3197.0
2026-01-23 15:21:00,54.36,54.37,54.31,54.33,9756.0
2026-01-23 15:22:00,54.34,54.35,54.315,54.32,3042.0
2026-01-23 15:23:00,54.32,54.32,54.3,54.32,4789.0
2026-01-23 15:24:00,54.32,54.36,54.3,54.3,4107.0
2026-01-23 15:25:00,54.29,54.29,54.245,54.245,9311.0
2026-01-23 15:26:00,54.25,54.26,54.24,54.26,8010.0
2026-01-23 15:27:00,54.27,54.32,54.27,54.32,2477.0
2026-01-23 15:28:00,54.3,54.3,54.28,54.28,784.0
2026-01-23 15:29:00,54.28,54.28,54.23,54.23,8746.0
2026-01-23 15:30:00,54.23,54.24,54.19,54.21,9141.0
2026-01-23 15:31:00,54.2,54.2,54.16,54.16,4759.0
2026-01-23 15:32:00,54.16,54.21,54.15,54.18,1335.0
2026-01-23 15:33:00,54.17,54.21,54.16,54.2,7366.0
2026-01-23 15:34:00,54.2,54.24,54.19,54.23,4095.0
2026-01-23 15:35:00,54.22,54.25,54.19,54.21,25357.0
2026-01-23 15:36:00,54.21,54.225,54.2,54.2,4507.0
2026-01-23 15:37:00,54.2,54.2,54.16,54.19,5145.0
2026-01-23 15:38:00,54.19,54.24,54.19,54.23,2546.0
2026-01-23 15:39:00,54.22,54.24,54.2,54.23,2231.0
2026-01-23 15:40:00,54.23,54.34,54.23,54.34,10463.0
2026-01-23 15:41:00,54.34,54.35,54.3,54.32,8294.0
2026-01-23 15:42:00,54.32,54.33,54.29,54.32,7780.0
2026-01-23 15:43:00,54.33,54.35,54.305,54.32,17157.0
2026-01-23 15:44:00,54.32,54.37,54.32,54.37,1085.0
2026-01-23 15:45:00,54.37,54.39,54.36,54.36,10068.0
2026-01-23 15:46:00,54.365,54.39,54.35,54.38,11017.0
2026-01-23 15:47:00,54.38,54.4,54.36,54.36,14953.0
2026-01-23 15:48:00,54.37,54.4,54.36,54.4,2106.0
2026-01-23 15:49:00,54.4,54.42,54.39,54.41,14647.0
2026-01-23 15:50:00,54.38,54.41,54.32,54.39,23513.0
2026-01-23 15:51:00,54.39,54.4,54.29,54.29,162014.0
2026-01-23 15:52:00,54.29,54.31,54.26,54.27,6116.0
2026-01-23 15:53:00,54.28,54.37,54.28,54.37,11526.0
2026-01-23 15:54:00,54.37,54.39,54.33,54.39,28979.0
2026-01-23 15:55:00,54.38,54.39,54.32,54.39,17668.0
2026-01-23 15:56:00,54.39,54.39,54.35,54.37,18632.0
2026-01-23 15:57:00,54.36,54.445,54.36,54.43,33136.0
2026-01-23 15:58:00,54.44,54.485,54.44,54.48,20298.0
2026-01-23 15:59:00,54.49,54.5,54.36,54.4,67086.0
2026-01-26 09:30:00,54.475,54.55,54.21,54.3,133122.0
2026-01-26 09:31:00,54.28,54.56,54.28,54.53,35359.0
2026-01-26 09:32:00,54.53,54.6,54.46,54.54,90830.0
2026-01-26 09:33:00,54.53,54.62,54.39,54.57,33369.0
2026-01-26 09:34:00,54.58,54.65,54.56,54.62,28296.0
2026-01-26 09:35:00,54.62,54.71,54.61,54.71,38493.0
2026-01-26 09:36:00,54.7,54.79,54.685,54.78,35800.0
2026-01-26 09:37:00,54.78,54.78,54.65,54.71,24398.0
2026-01-26 09:38:00,54.72,54.77,54.67,54.71,21106.0
2026-01-26 09:39:00,54.72,54.76,54.69,54.76,19376.0
2026-01-26 09:40:00,54.76,54.78,54.62,54.78,36961.0
2026-01-26 09:41:00,54.79,54.97,54.79,54.92,50494.0
2026-01-26 09:42:00,54.92,54.93,54.65,54.78,82997.0
2026-01-26 09:43:00,54.79,54.85,54.76,54.83,15923.0
2026-01-26 09:44:00,54.83,54.93,54.82,54.915,40250.0
2026-01-26 09:45:00,54.92,55.01,54.92,54.97,133979.0
2026-01-26 09:46:00,54.98,55.01,54.96,54.99,31895.0
2026-01-26 09:47:00,54.99,54.99,54.89,54.945,22392.0
2026-01-26 09:48:00,54.95,54.95,54.86,54.92,11367.0
2026-01-26 09:49:00,54.92,54.93,54.83,54.84,10236.0
2026-01-26 09:50:00,54.85,54.92,54.84,54.87,14806.0
2026-01-26 09:51:00,54.86,54.94,54.83,54.89,32540.0
2026-01-26 09:52:00,54.89,54.95,54.89,54.95,12161.0
2026-01-26 09:53:00,54.95,55.045,54.9,55.04,63560.0
2026-01-26 09:54:00,55.04,55.04,54.94,54.94,18780.0
2026-01-26 09:55:00,54.95,55.02,54.95,54.97,9161.0
2026-01-26 09:56:00,54.97,55.04,54.95,55.02,20916.0
2026-01-26 09:57:00,55.02,55.115,55.02,55.11,48768.0
2026-01-26 09:58:00,55.11,55.14,55.05,55.08,29360.0
2026-01-26 09:59:00,55.08,55.1,55.0,55.04,55035.0
2026-01-26 10:00:00,55.02,55.07,55.01,55.05,11247.0
2026-01-26 10:01:00,55.06,55.07,54.97,54.97,19705.0
2026-01-26 10:02:00,54.97,55.07,54.97,55.07,23721.0
2026-01-26 10:03:00,55.06,55.07,55.01,55.01,13572.0
2026-01-26 10:04:00,55.01,55.06,55.0,55.05,19380.0
2026-01-26 10:05:00,55.05,55.07,55.03,55.04,11672.0
2026-01-26 10:06:00,55.05,55.1,55.025,55.03,23571.0
2026-01-26 10:07:00,55.04,55.055,55.01,55.035,12939.0
2026-01-26 10:08:00,55.04,55.05,55.02,55.02,13859.0
2026-01-26 10:09:00,55.015,55.015,54.94,54.94,18433.0
2026-01-26 10:10:00,54.95,54.975,54.84,54.91,19910.0
2026-01-26 10:11:00,54.91,54.98,54.89,54.91,22234.0
2026-01-26 10:12:00,54.91,54.91,54.81,54.89,15376.0
2026-01-26 10:13:00,54.89,55.03,54.89,55.01,23852.0
2026-01-26 10:14:00,55.005,55.06,54.99,55.04,9335.0
2026-01-26 10:15:00,55.05,55.06,55.01,55.01,28202.0
2026-01-26 10:16:00,55.01,55.06,54.98,55.04,7551.0
2026-01-26 10:17:00,55.05,55.16,55.04,55.15,63782.0
2026-01-26 10:18:00,55.15,55.18,55.14,55.15,35193.0
2026-01-26 10:19:00,55.15,55.25,55.14,55.25,48285.0
2026-01-26 10:20:00,55.25,55.31,55.25,55.3,45268.0
2026-01-26 10:21:00,55.29,55.33,55.29,55.32,15088.0
2026-01-26 10:22:00,55.32,55.32,55.27,55.295,12478.0
2026-01-26 10:23:00,55.3,55.315,55.28,55.31,14596.0
2026-01-26 10:24:00,55.31,55.31,55.27,55.3,8388.0
2026-01-26 10:25:00,55.3,55.3,55.21,55.225,11688.0
2026-01-26 10:26:00,55.235,55.235,55.15,55.19,17728.0
2026-01-26 10:27:00,55.185,55.19,55.09,55.165,12898.0
2026-01-26 10:28:00,55.18,55.18,55.05,55.06,9394.0
2026-01-26 10:29:00,55.08,55.1,55.069,55.08,6474.0
2026-01-26 10:30:00,55.09,55.13,55.05,55.12,57089.0
2026-01-26 10:31:00,55.12,55.125,55.05,55.06,3047.0
2026-01-26 10:32:00,55.06,55.15,55.06,55.15,11754.0
2026-01-26 10:33:00,55.16,55.22,55.16,55.16,18401.0
2026-01-26 10:34:00,55.17,55.19,55.16,55.18,2544.0
2026-01-26 10:35:00,55.17,55.17,55.12,55.16,45626.0
2026-01-26 10:36:00,55.17,55.28,55.17,55.27,31585.0
2026-01-26 10:37:00,55.28,55.28,55.24,55.26,11366.0
2026-01-26 10:38:00,55.25,55.285,55.24,55.25,8669.0
2026-01-26 10:39:00,55.25,55.25,55.19,55.19,8796.0
2026-01-26 10:40:00,55.2,55.21,55.12,55.13,10667.0
2026-01-26 10:41:00,55.13,55.16,55.09,55.1,4718.0
2026-01-26 10:42:00,55.09,55.13,55.03,55.11,17240.0
2026-01-26 10:43:00,55.11,55.13,55.03,55.04,25007.0
2026-01-26 10:44:00,55.03,55.07,55.01,55.05,6008.0
2026-01-26 10:45:00,55.05,55.16,55.05,55.15,16066.0
2026-01-26 10:46:00,55.15,55.23,55.145,55.23,37425.0
2026-01-26 10:47:00,55.23,55.25,55.2,55.24,10682.0
2026-01-26 10:48:00,55.23,55.25,55.21,55.24,6152.0
2026-01-26 10:49:00,55.24,55.25,55.205,55.25,5395.0
2026-01-26 10:50:00,55.26,55.29,55.24,55.26,16247.0
2026-01-26 10:51:00,55.26,55.34,55.255,55.31,54986.0
2026-01-26 10:52:00,55.31,55.38,55.27,55.37,24428.0
2026-01-26 10:53:00,55.375,55.39,55.36,55.37,13994.0
2026-01-26 10:54:00,55.37,55.38,55.34,55.35,9720.0
2026-01-26 10:55:00,55.345,55.41,55.34,55.38,30433.0
2026-01-26 10:56:00,55.38,55.39,55.375,55.38,5889.0
2026-01-26 10:57:00,55.37,55.37,55.3,55.325,22731.0
2026-01-26 10:58:00,55.32,55.32,55.27,55.3,9113.0
2026-01-26 10:59:00,55.29,55.31,55.275,55.31,13640.0
2026-01-26 11:00:00,55.31,55.395,55.22,55.37,69221.0
2026-01-26 11:01:00,55.36,55.36,55.31,55.34,24489.0
2026-01-26 11:02:00,55.33,55.35,55.31,55.34,1785.0
2026-01-26 11:03:00,55.34,55.35,55.31,55.32,9804.0
2026-01-26 11:04:00,55.31,55.33,55.29,55.33,2710.0
2026-01-26 11:05:00,55.33,55.34,55.31,55.32,6239.0
2026-01-26 11:06:00,55.32,55.35,55.31,55.341,12916.0
2026-01-26 11:07:00,55.34,55.34,55.26,55.28,29808.0
2026-01-26 11:08:00,55.3,55.37,55.28,55.37,19866.0
2026-01-26 11:09:00,55.36,55.37,55.35,55.36,3302.0
2026-01-26 11:10:00,55.365,55.39,55.35,55.35,15197.0
2026-01-26 11:11:00,55.34,55.35,55.31,55.35,5495.0
2026-01-26 11:12:00,55.36,55.37,55.35,55.36,6342.0
2026-01-26 11:13:00,55.35,55.37,55.33,55.36,4525.0
2026-01-26 11:14:00,55.36,55.36,55.34,55.34,5290.0
2026-01-26 11:15:00,55.335,55.35,55.32,55.34,2778.0
2026-01-26 11:16:00,55.31,55.31,55.26,55.27,8875.0
2026-01-26 11:17:00,55.27,55.28,55.25,55.26,6079.0
2026-01-26 11:18:00,55.27,55.33,55.23,55.23,12834.0
2026-01-26 11:19:00,55.22,55.23,55.18,55.21,15961.0
2026-01-26 11:20:00,55.205,55.22,55.13,55.13,16657.0
2026-01-26 11:21:00,55.13,55.29,55.13,55.28,13855.0
2026-01-26 11:22:00,55.29,55.381,55.27,55.37,63451.0
2026-01-26 11:23:00,55.37,55.38,55.345,55.37,4584.0
2026-01-26 11:24:00,55.36,55.37,55.34,55.37,5099.0
2026-01-26 11:25:00,55.37,55.41,55.35,55.36,46283.0
2026-01-26 11:26:00,55.35,55.385,55.34,55.37,11475.0
2026-01-26 11:27:00,55.37,55.435,55.36,55.43,30722.0
2026-01-26 11:28:00,55.43,55.475,55.41,55.44,30292.0
2026-01-26 11:29:00,55.44,55.46,55.44,55.46,4520.0
2026-01-26 11:30:00,55.46,55.51,55.46,55.49,160094.0
2026-01-26 11:31:00,55.48,55.56,55.48,55.55,28935.0
2026-01-26 11:32:00,55.56,55.59,55.5,55.53,29042.0
2026-01-26 11:33:00,55.525,55.55,55.5,55.51,6162.0
2026-01-26 11:34:00,55.5,55.5,55.45,55.45,9812.0
2026-01-26 11:35:00,55.44,55.47,55.41,55.445,5142.0
2026-01-26 11:36:00,55.44,55.46,55.425,55.46,1836.0
2026-01-26 11:37:00,55.465,55.53,55.435,55.52,8573.0
2026-01-26 11:38:00,55.52,55.54,55.48,55.5,7485.0
2026-01-26 11:39:00,55.49,55.51,55.46,55.47,4907.0
2026-01-26 11:40:00,55.465,55.49,55.44,55.44,6491.0
2026-01-26 11:41:00,55.45,55.47,55.44,55.45,1411.0
2026-01-26 11:42:00,55.45,55.455,55.41,55.415,4373.0
2026-01-26 11:43:00,55.42,55.44,55.4,55.43,4752.0
2026-01-26 11:44:00,55.43,55.43,55.41,55.42,2242.0
2026-01-26 11:45:00,55.415,55.42,55.38,55.42,5185.0
2026-01-26 11:46:00,55.43,55.48,55.42,55.48,5637.0
2026-01-26 11:47:00,55.46,55.46,55.37,55.39,5163.0
2026-01-26 11:48:00,55.38,55.38,55.35,55.36,3160.0
2026-01-26 11:49:00,55.365,55.39,55.36,55.39,6057.0
2026-01-26 11:50:00,55.38,55.41,55.38,55.4,4088.0
2026-01-26 11:51:00,55.39,55.47,55.385,55.47,8885.0
2026-01-26 11:52:00,55.45,55.465,55.43,55.43,9227.0
2026-01-26 11:53:00,55.445,55.45,55.43,55.43,11011.0
2026-01-26 11:54:00,55.43,55.44,55.43,55.44,999.0
2026-01-26 11:55:00,55.44,55.44,55.42,55.43,4009.0
2026-01-26 11:56:00,55.42,55.46,55.42,55.46,7717.0
2026-01-26 11:57:00,55.46,55.47,55.46,55.46,459.0
2026-01-26 11:58:00,55.46,55.49,55.455,55.48,7100.0
2026-01-26 11:59:00,55.46,55.465,55.44,55.46,1843.0
2026-01-26 12:00:00,55.46,55.475,55.45,55.47,2071.0
2026-01-26 12:01:00,55.48,55.535,55.48,55.53,15924.0
2026-01-26 12:02:00,55.52,55.55,55.52,55.55,7790.0
2026-01-26 12:03:00,55.55,55.58,55.54,55.54,20342.0
2026-01-26 12:04:00,55.55,55.63,55.55,55.59,32848.0
2026-01-26 12:05:00,55.59,55.59,55.56,55.57,4364.0
2026-01-26 12:06:00,55.575,55.6,55.575,55.6,1447.0
2026-01-26 12:07:00,55.595,55.6,55.58,55.59,6122.0
2026-01-26 12:08:00,55.59,55.595,55.56,55.57,2182.0
2026-01-26 12:09:00,55.57,55.57,55.51,55.52,5326.0
2026-01-26 12:10:00,55.52,55.53,55.48,55.49,8655.0
2026-01-26 12:11:00,55.48,55.51,55.48,55.49,5507.0
2026-01-26 12:12:00,55.49,55.52,55.49,55.52,416.0
2026-01-26 12:13:00,55.52,55.53,55.51,55.52,2708.0
2026-01-26 12:14:00,55.51,55.52,55.5,55.515,3216.0
2026-01-26 12:15:00,55.52,55.52,55.48,55.48,5744.0
2026-01-26 12:16:00,55.49,55.49,55.48,55.49,3563.0
2026-01-26 12:17:00,55.49,55.54,55.48,55.54,3865.0
2026-01-26 12:18:00,55.535,55.545,55.51,55.51,5634.0
2026-01-26 12:19:00,55.5,55.515,55.49,55.51,2981.0
2026-01-26 12:20:00,55.52,55.53,55.51,55.53,2183.0
2026-01-26 12:21:00,55.54,55.54,55.53,55.54,6674.0
2026-01-26 12:22:00,55.53,55.545,55.52,55.54,3714.0
2026-01-26 12:23:00,55.54,55.59,55.54,55.59,15775.0
2026-01-26 12:24:00,55.59,55.59,55.565,55.57,4939.0
2026-01-26 12:25:00,55.57,55.59,55.57,55.59,2563.0
2026-01-26 12:26:00,55.58,55.59,55.58,55.58,1863.0
2026-01-26 12:27:00,55.575,55.575,55.56,55.56,3227.0
2026-01-26 12:28:00,55.55,55.55,55.54,55.54,6485.0
2026-01-26 12:29:00,55.55,55.55,55.5,55.5,9872.0
2026-01-26 12:30:00,55.5,55.51,55.465,55.47,9512.0
2026-01-26 12:31:00,55.47,55.48,55.45,55.47,3483.0
2026-01-26 12:32:00,55.47,55.49,55.46,55.49,1887.0
2026-01-26 12:33:00,55.49,55.49,55.435,55.44,1544.0
2026-01-26 12:34:00,55.43,55.475,55.42,55.47,1128.0
2026-01-26 12:35:00,55.48,55.49,55.46,55.46,4124.0
2026-01-26 12:36:00,55.45,55.5,55.45,55.48,23970.0
2026-01-26 12:37:00,55.48,55.525,55.48,55.515,14660.0
2026-01-26 12:38:00,55.51,55.51,55.48,55.5,1613.0
2026-01-26 12:39:00,55.5,55.51,55.5,55.5,2833.0
2026-01-26 12:40:00,55.485,55.51,55.475,55.51,1445.0
2026-01-26 12:41:00,55.51,55.51,55.49,55.49,4445.0
2026-01-26 12:42:00,55.49,55.5,55.47,55.49,2239.0
2026-01-26 12:43:00,55.48,55.5,55.48,55.49,265.0
2026-01-26 12:44:00,55.49,55.49,55.465,55.485,1567.0
2026-01-26 12:45:00,55.48,55.48,55.42,55.42,11431.0
2026-01-26 12:46:00,55.42,55.44,55.39,55.44,10924.0
2026-01-26 12:47:00,55.43,55.45,55.39,55.39,6487.0
2026-01-26 12:48:00,55.38,55.38,55.37,55.38,7121.0
2026-01-26 12:49:00,55.36,55.39,55.35,55.37,20410.0
2026-01-26 12:50:00,55.37,55.37,55.32,55.37,14429.0
2026-01-26 12:51:00,55.37,55.44,55.37,55.41,10717.0
2026-01-26 12:52:00,55.41,55.41,55.37,55.39,3764.0
2026-01-26 12:53:00,55.39,55.41,55.39,55.39,1403.0
2026-01-26 12:54:00,55.39,55.395,55.375,55.39,2962.0
2026-01-26 12:55:00,55.39,55.39,55.34,55.35,5895.0
2026-01-26 12:56:00,55.35,55.4,55.35,55.39,7341.0
2026-01-26 12:57:00,55.39,55.41,55.38,55.41,2824.0
2026-01-26 12:58:00,55.41,55.415,55.4,55.405,5228.0
2026-01-26 12:59:00,55.4,55.4,55.37,55.37,4211.0
2026-01-26 13:00:00,55.37,55.37,55.3,55.34,14287.0
2026-01-26 13:01:00,55.345,55.39,55.345,55.39,8231.0
2026-01-26 13:02:00,55.385,55.405,55.375,55.405,1702.0
2026-01-26 13:03:00,55.38,55.39,55.37,55.38,5742.0
2026-01-26 13:04:00,55.39,55.405,55.37,55.37,11663.0
2026-01-26 13:05:00,55.36,55.36,55.31,55.31,16188.0
2026-01-26 13:06:00,55.32,55.36,55.31,55.34,1612.0
2026-01-26 13:07:00,55.34,55.36,55.33,55.36,4079.0
2026-01-26 13:08:00,55.36,55.36,55.33,55.33,1794.0
2026-01-26 13:09:00,55.32,55.32,55.265,55.28,8516.0
2026-01-26 13:10:00,55.3,55.32,55.29,55.32,1717.0
2026-01-26 13:11:00,55.31,55.31,55.28,55.3,1362.0
2026-01-26 13:12:00,55.29,55.345,55.29,55.34,9206.0
2026-01-26 13:13:00,55.34,55.35,55.33,55.33,5067.0
2026-01-26 13:14:00,55.31,55.315,55.3,55.31,1019.0
2026-01-26 13:15:00,55.31,55.32,55.28,55.305,16843.0
2026-01-26 13:16:00,55.3,55.31,55.29,55.31,3324.0
2026-01-26 13:17:00,55.32,55.37,55.32,55.37,4011.0
2026-01-26 13:18:00,55.37,55.43,55.365,55.41,15008.0
2026-01-26 13:19:00,55.42,55.44,55.42,55.42,4059.0
2026-01-26 13:20:00,55.43,55.44,55.42,55.43,665.0
2026-01-26 13:21:00,55.44,55.46,55.44,55.46,1006.0
2026-01-26 13:22:00,55.47,55.47,55.46,55.47,2691.0
2026-01-26 13:23:00,55.47,55.489,55.46,55.47,1227.0
2026-01-26 13:24:00,55.47,55.51,55.47,55.49,16165.0
2026-01-26 13:25:00,55.49,55.49,55.48,55.48,2591.0
2026-01-26 13:26:00,55.47,55.48,55.46,55.46,593.0
2026-01-26 13:27:00,55.46,55.46,55.44,55.46,2301.0
2026-01-26 13:28:00,55.46,55.49,55.46,55.49,1531.0
2026-01-26 13:29:00,55.49,55.51,55.48,55.48,3911.0
2026-01-26 13:30:00,55.47,55.56,55.47,55.55,25107.0
2026-01-26 13:31:00,55.55,55.59,55.55,55.59,10437.0
2026-01-26 13:32:00,55.59,55.625,55.58,55.59,44597.0
2026-01-26 13:33:00,55.59,55.6,55.57,55.58,5071.0
2026-01-26 13:34:00,55.56,55.58,55.56,55.58,2044.0
2026-01-26 13:35:00,55.57,55.57,55.535,55.535,825.0
2026-01-26 13:36:00,55.54,55.54,55.5,55.5,11315.0
2026-01-26 13:37:00,55.5,55.51,55.49,55.49,6848.0
2026-01-26 13:38:00,55.5,55.525,55.5,55.51,2102.0
2026-01-26 13:39:00,55.5,55.5,55.44,55.46,14377.0
2026-01-26 13:40:00,55.45,55.45,55.4,55.4,11253.0
2026-01-26 13:41:00,55.39,55.45,55.38,55.45,1460.0
2026-01-26 13:42:00,55.44,55.44,55.42,55.43,2723.0
2026-01-26 13:43:00,55.42,55.44,55.41,55.42,1759.0
2026-01-26 13:44:00,55.42,55.42,55.39,55.41,21621.0
2026-01-26 13:45:00,55.4,55.4,55.365,55.38,5789.0
2026-01-26 13:46:00,55.375,55.4,55.365,55.38,2223.0
2026-01-26 13:47:00,55.38,55.38,55.345,55.37,8459.0
2026-01-26 13:48:00,55.36,55.37,55.35,55.35,1873.0
2026-01-26 13:49:00,55.35,55.41,55.35,55.4,8028.0
2026-01-26 13:50:00,55.39,55.45,55.385,55.45,4719.0
2026-01-26 13:51:00,55.44,55.44,55.41,55.41,2332.0
2026-01-26 13:52:00,55.42,55.425,55.41,55.421,3085.0
2026-01-26 13:53:00,55.43,55.43,55.41,55.43,758.0
2026-01-26 13:54:00,55.43,55.44,55.43,55.44,654.0
2026-01-26 13:55:00,55.45,55.45,55.41,55.42,5255.0
2026-01-26 13:56:00,55.42,55.435,55.4,55.41,2565.0
2026-01-26 13:57:00,55.42,55.42,55.41,55.42,1566.0
2026-01-26 13:58:00,55.41,55.44,55.41,55.44,1738.0
2026-01-26 13:59:00,55.44,55.44,55.43,55.43,1109.0
2026-01-26 14:00:00,55.42,55.44,55.41,55.42,1878.0
2026-01-26 14:01:00,55.43,55.48,55.43,55.43,8360.0
2026-01-26 14:02:00,55.44,55.44,55.4,55.41,10366.0
2026-01-26 14:03:00,55.41,55.42,55.395,55.41,1800.0
2026-01-26 14:04:00,55.4,55.41,55.39,55.405,1627.0
2026-01-26 14:05:00,55.4,55.43,55.4,55.43,952.0
2026-01-26 14:06:00,55.44,55.45,55.44,55.44,14472.0
2026-01-26 14:07:00,55.44,55.47,55.44,55.47,4517.0
2026-01-26 14:08:00,55.47,55.49,55.46,55.47,6153.0
2026-01-26 14:09:00,55.46,55.47,55.45,55.47,577.0
2026-01-26 14:10:00,55.48,55.5,55.47,55.49,24588.0
2026-01-26 14:11:00,55.49,55.51,55.48,55.5,4357.0
2026-01-26 14:12:00,55.5,55.5,55.49,55.5,786.0
2026-01-26 14:13:00,55.5,55.51,55.49,55.49,1023.0
2026-01-26 14:14:00,55.5,55.5,55.48,55.49,5784.0
2026-01-26 14:15:00,55.49,55.51,55.49,55.5,5438.0
2026-01-26 14:16:00,55.5,55.5,55.46,55.5,5183.0
2026-01-26 14:17:00,55.5,55.5,55.49,55.49,2398.0
2026-01-26 14:18:00,55.48,55.48,55.45,55.45,3105.0
2026-01-26 14:19:00,55.45,55.48,55.45,55.48,1746.0
2026-01-26 14:20:00,55.46,55.475,55.44,55.44,2911.0
2026-01-26 14:21:00,55.43,55.43,55.38,55.38,3294.0
2026-01-26 14:22:00,55.38,55.4,55.37,55.39,2791.0
2026-01-26 14:23:00,55.39,55.4,55.36,55.36,12882.0
2026-01-26 14:24:00,55.36,55.38,55.35,55.37,2299.0
2026-01-26 14:25:00,55.36,55.38,55.35,55.38,6129.0
2026-01-26 14:26:00,55.38,55.41,55.38,55.4,2625.0
2026-01-26 14:27:00,55.41,55.41,55.38,55.38,3078.0
2026-01-26 14:28:00,55.38,55.41,55.38,55.41,612.0
2026-01-26 14:29:00,55.41,55.44,55.41,55.44,2709.0
2026-01-26 14:30:00,55.43,55.44,55.43,55.44,4540.0
2026-01-26 14:31:00,55.44,55.45,55.42,55.42,6405.0
2026-01-26 14:32:00,55.42,55.42,55.38,55.39,12683.0
2026-01-26 14:33:00,55.4,55.4,55.39,55.4,2952.0
2026-01-26 14:34:00,55.4,55.43,55.4,55.42,2236.0
2026-01-26 14:35:00,55.4,55.42,55.39,55.42,3811.0
2026-01-26 14:36:00,55.43,55.43,55.39,55.39,14598.0
2026-01-26 14:37:00,55.4,55.44,55.4,55.43,5292.0
2026-01-26 14:38:00,55.42,55.455,55.41,55.45,9908.0
2026-01-26 14:39:00,55.44,55.45,55.44,55.445,3978.0
2026-01-26 14:40:00,55.45,55.465,55.445,55.445,10310.0
2026-01-26 14:41:00,55.44,55.45,55.44,55.44,5835.0
2026-01-26 14:42:00,55.44,55.5,55.44,55.48,27246.0
2026-01-26 14:43:00,55.47,55.49,55.46,55.49,6166.0
2026-01-26 14:44:00,55.49,55.495,55.47,55.47,4080.0
2026-01-26 14:45:00,55.46,55.47,55.43,55.44,10877.0
2026-01-26 14:46:00,55.42,55.43,55.42,55.42,2396.0
2026-01-26 14:47:00,55.425,55.425,55.38,55.39,5843.0
2026-01-26 14:48:00,55.39,55.39,55.36,55.37,1670.0
2026-01-26 14:49:00,55.38,55.38,55.37,55.38,5999.0
2026-01-26 14:50:00,55.39,55.39,55.37,55.39,6834.0
2026-01-26 14:51:00,55.39,55.41,55.38,55.38,4194.0
2026-01-26 14:52:00,55.38,55.385,55.375,55.385,5906.0
2026-01-26 14:53:00,55.37,55.37,55.355,55.36,9773.0
2026-01-26 14:54:00,55.35,55.35,55.325,55.325,8163.0
2026-01-26 14:55:00,55.32,55.33,55.3,55.32,7726.0
2026-01-26 14:56:00,55.33,55.37,55.33,55.35,953.0
2026-01-26 14:57:00,55.35,55.35,55.32,55.32,2086.0
2026-01-26 14:58:00,55.32,55.325,55.32,55.32,669.0
2026-01-26 14:59:00,55.32,55.33,55.3,55.32,15719.0
2026-01-26 15:00:00,55.31,55.31,55.26,55.305,8786.0
2026-01-26 15:01:00,55.31,55.34,55.305,55.32,7469.0
2026-01-26 15:02:00,55.32,55.34,55.31,55.325,5535.0
2026-01-26 15:03:00,55.31,55.33,55.3,55.33,3534.0
2026-01-26 15:04:00,55.325,55.35,55.31,55.35,8270.0
2026-01-26 15:05:00,55.36,55.36,55.35,55.36,812.0
2026-01-26 15:06:00,55.36,55.36,55.34,55.34,1118.0
2026-01-26 15:07:00,55.34,55.345,55.34,55.34,1493.0
2026-01-26 15:08:00,55.34,55.35,55.33,55.35,10054.0
2026-01-26 15:09:00,55.35,55.37,55.35,55.36,2579.0
2026-01-26 15:10:00,55.36,55.36,55.33,55.34,14700.0
2026-01-26 15:11:00,55.34,55.36,55.33,55.33,4165.0
2026-01-26 15:12:00,55.33,55.335,55.3,55.3,2035.0
2026-01-26 15:13:00,55.31,55.33,55.305,55.305,1782.0
2026-01-26 15:14:00,55.305,55.32,55.305,55.32,636.0
2026-01-26 15:15:00,55.32,55.32,55.25,55.29,9752.0
2026-01-26 15:16:00,55.29,55.29,55.26,55.26,4243.0
2026-01-26 15:17:00,55.26,55.27,55.255,55.27,1584.0
2026-01-26 15:18:00,55.265,55.28,55.235,55.27,3011.0
2026-01-26 15:19:00,55.26,55.27,55.26,55.26,406.0
2026-01-26 15:20:00,55.27,55.3,55.26,55.27,44888.0
2026-01-26 15:21:00,55.26,55.27,55.24,55.27,25370.0
2026-01-26 15:22:00,55.26,55.305,55.26,55.29,5223.0
2026-01-26 15:23:00,55.28,55.32,55.28,55.32,2826.0
2026-01-26 15:24:00,55.31,55.31,55.3,55.3,1848.0
2026-01-26 15:25:00,55.29,55.29,55.27,55.28,2011.0
2026-01-26 15:26:00,55.28,55.3,55.28,55.29,2684.0
2026-01-26 15:27:00,55.29,55.32,55.28,55.32,5918.0
2026-01-26 15:28:00,55.31,55.33,55.31,55.32,962.0
2026-01-26 15:29:00,55.325,55.33,55.32,55.32,7533.0
2026-01-26 15:30:00,55.31,55.355,55.3,55.355,8365.0
2026-01-26 15:31:00,55.355,55.37,55.35,55.35,5980.0
2026-01-26 15:32:00,55.34,55.35,55.34,55.34,2834.0
2026-01-26 15:33:00,55.34,55.36,55.33,55.345,2080.0
2026-01-26 15:34:00,55.34,55.34,55.34,55.34,4481.0
2026-01-26 15:35:00,55.34,55.35,55.34,55.34,2895.0
2026-01-26 15:36:00,55.33,55.365,55.33,55.34,7024.0
2026-01-26 15:37:00,55.35,55.41,55.35,55.37,18591.0
2026-01-26 15:38:00,55.37,55.37,55.35,55.355,3921.0
2026-01-26 15:39:00,55.35,55.35,55.34,55.34,4287.0
2026-01-26 15:40:00,55.34,55.36,55.335,55.35,5542.0
2026-01-26 15:41:00,55.34,55.34,55.33,55.33,533.0
2026-01-26 15:42:00,55.33,55.34,55.32,55.33,4403.0
2026-01-26 15:43:00,55.32,55.33,55.31,55.325,3498.0
2026-01-26 15:44:00,55.33,55.36,55.32,55.35,5349.0
2026-01-26 15:45:00,55.34,55.38,55.33,55.38,2292.0
2026-01-26 15:46:00,55.38,55.39,55.37,55.37,4368.0
2026-01-26 15:47:00,55.37,55.37,55.35,55.355,3202.0
2026-01-26 15:48:00,55.36,55.36,55.335,55.35,6724.0
2026-01-26 15:49:00,55.34,55.35,55.33,55.35,4771.0
2026-01-26 15:50:00,55.34,55.35,55.23,55.23,51641.0
2026-01-26 15:51:00,55.24,55.245,55.19,55.22,33582.0
2026-01-26 15:52:00,55.21,55.24,55.2,55.22,12748.0
2026-01-26 15:53:00,55.23,55.23,55.22,55.22,5993.0
2026-01-26 15:54:00,55.21,55.22,55.12,55.18,62583.0
2026-01-26 15:55:00,55.19,55.19,55.1,55.12,35240.0
2026-01-26 15:56:00,55.11,55.11,55.07,55.09,15519.0
2026-01-26 15:57:00,55.09,55.12,55.06,55.11,25073.0
2026-01-26 15:58:00,55.1,55.11,55.08,55.1,20920.0
2026-01-26 15:59:00,55.09,55.16,55.07,55.08,77852.0
2026-01-27 09:30:00,55.98,56.01,55.81,55.97,81122.0
2026-01-27 09:31:00,55.97,56.125,55.96,56.06,107125.0
2026-01-27 09:32:00,56.07,56.16,56.04,56.05,48039.0
2026-01-27 09:33:00,56.05,56.07,55.92,55.93,31891.0
2026-01-27 09:34:00,55.93,55.94,55.81,55.83,41892.0
2026-01-27 09:35:00,55.84,55.9,55.75,55.78,43309.0
2026-01-27 09:36:00,55.77,55.77,55.635,55.68,40718.0
2026-01-27 09:37:00,55.67,55.68,55.569,55.569,40071.0
2026-01-27 09:38:00,55.58,55.655,55.56,55.635,27075.0
2026-01-27 09:39:00,55.63,55.675,55.6,55.64,24683.0
2026-01-27 09:40:00,55.64,55.82,55.64,55.77,41528.0
2026-01-27 09:41:00,55.78,55.87,55.761,55.87,48294.0
2026-01-27 09:42:00,55.875,55.97,55.83,55.83,29484.0
2026-01-27 09:43:00,55.85,55.85,55.75,55.8,21626.0
2026-01-27 09:44:00,55.8,55.83,55.74,55.82,18081.0
2026-01-27 09:45:00,55.83,55.92,55.82,55.92,20736.0
2026-01-27 09:46:00,55.925,55.945,55.87,55.94,12572.0
2026-01-27 09:47:00,55.95,55.97,55.87,55.92,23407.0
2026-01-27 09:48:00,55.93,55.96,55.909,55.92,22202.0
2026-01-27 09:49:00,55.92,56.0,55.92,55.97,12535.0
2026-01-27 09:50:00,55.97,56.06,55.97,56.04,37325.0
2026-01-27 09:51:00,56.04,56.14,56.04,56.04,40363.0
2026-01-27 09:52:00,56.055,56.14,56.055,56.13,24022.0
2026-01-27 09:53:00,56.13,56.28,56.12,56.27,97553.0
2026-01-27 09:54:00,56.26,56.33,56.21,56.325,74135.0
2026-01-27 09:55:00,56.32,56.43,56.32,56.39,94200.0
2026-01-27 09:56:00,56.39,56.44,56.35,56.41,32711.0
2026-01-27 09:57:00,56.42,56.42,56.36,56.38,29374.0
2026-01-27 09:58:00,56.39,56.42,56.38,56.39,19967.0
2026-01-27 09:59:00,56.39,56.44,56.39,56.41,37936.0
2026-01-27 10:00:00,56.42,56.46,56.34,56.38,56954.0
2026-01-27 10:01:00,56.39,56.46,56.37,56.41,46051.0
2026-01-27 10:02:00,56.405,56.47,56.38,56.45,29418.0
2026-01-27 10:03:00,56.44,56.47,56.4,56.44,27825.0
2026-01-27 10:04:00,56.44,56.48,56.43,56.44,39738.0
2026-01-27 10:05:00,56.44,56.44,56.24,56.24,76862.0
2026-01-27 10:06:00,56.24,56.29,56.22,56.28,23472.0
2026-01-27 10:07:00,56.29,56.34,56.27,56.34,10192.0
2026-01-27 10:08:00,56.34,56.4,56.34,56.39,8358.0
2026-01-27 10:09:00,56.38,56.5,56.38,56.5,45842.0
2026-01-27 10:10:00,56.49,56.53,56.49,56.52,151967.0
2026-01-27 10:11:00,56.52,56.52,56.46,56.47,31395.0
2026-01-27 10:12:00,56.47,56.5,56.44,56.461,31851.0
2026-01-27 10:13:00,56.47,56.48,56.41,56.455,32987.0
2026-01-27 10:14:00,56.46,56.465,56.41,56.46,23739.0
2026-01-27 10:15:00,56.46,56.5,56.42,56.46,20283.0
2026-01-27 10:16:00,56.47,56.47,56.43,56.45,15582.0
2026-01-27 10:17:00,56.44,56.5,56.435,56.5,13284.0
2026-01-27 10:18:00,56.5,56.52,56.47,56.5,24028.0
2026-01-27 10:19:00,56.5,56.5,56.45,56.49,16374.0
2026-01-27 10:20:00,56.48,56.54,56.48,56.53,47738.0
2026-01-27 10:21:00,56.53,56.535,56.48,56.48,19388.0
2026-01-27 10:22:00,56.47,56.47,56.41,56.41,17395.0
2026-01-27 10:23:00,56.4,56.44,56.37,56.43,12149.0
2026-01-27 10:24:00,56.41,56.44,56.41,56.44,8959.0
2026-01-27 10:25:00,56.44,56.44,56.33,56.365,23236.0
2026-01-27 10:26:00,56.36,56.41,56.36,56.38,7960.0
2026-01-27 10:27:00,56.38,56.4,56.37,56.37,26834.0
2026-01-27 10:28:00,56.37,56.4,56.37,56.39,15242.0
2026-01-27 10:29:00,56.38,56.4,56.35,56.35,11968.0
2026-01-27 10:30:00,56.35,56.43,56.33,56.42,22034.0
2026-01-27 10:31:00,56.41,56.44,56.39,56.435,12538.0
2026-01-27 10:32:00,56.44,56.48,56.44,56.46,9243.0
2026-01-27 10:33:00,56.47,56.48,56.46,56.465,5131.0
2026-01-27 10:34:00,56.48,56.555,56.47,56.55,54510.0
2026-01-27 10:35:00,56.54,56.575,56.54,56.54,25590.0
2026-01-27 10:36:00,56.54,56.6,56.54,56.58,57087.0
2026-01-27 10:37:00,56.59,56.6,56.57,56.58,17924.0
2026-01-27 10:38:00,56.59,56.65,56.58,56.65,32606.0
2026-01-27 10:39:00,56.64,56.65,56.59,56.59,55279.0
2026-01-27 10:40:00,56.59,56.63,56.57,56.6,21096.0
2026-01-27 10:41:00,56.61,56.63,56.575,56.63,15193.0
2026-01-27 10:42:00,56.62,56.64,56.62,56.629,16503.0
2026-01-27 10:43:00,56.62,56.62,56.59,56.61,19361.0
2026-01-27 10:44:00,56.62,56.68,56.62,56.65,44934.0
2026-01-27 10:45:00,56.65,56.69,56.645,56.685,19872.0
2026-01-27 10:46:00,56.69,56.69,56.66,56.69,29982.0
2026-01-27 10:47:00,56.68,56.68,56.6,56.625,11172.0
2026-01-27 10:48:00,56.63,56.66,56.62,56.66,17988.0
2026-01-27 10:49:00,56.64,56.655,56.64,56.65,7771.0
2026-01-27 10:50:00,56.64,56.64,56.56,56.56,24893.0
2026-01-27 10:51:00,56.56,56.565,56.53,56.56,13226.0
2026-01-27 10:52:00,56.56,56.56,56.485,56.49,15134.0
2026-01-27 10:53:00,56.5,56.539,56.495,56.53,6653.0
2026-01-27 10:54:00,56.53,56.54,56.51,56.53,12510.0
2026-01-27 10:55:00,56.53,56.535,56.5,56.52,7184.0
2026-01-27 10:56:00,56.52,56.55,56.52,56.54,10570.0
2026-01-27 10:57:00,56.55,56.57,56.5,56.53,11105.0
2026-01-27 10:58:00,56.54,56.57,56.54,56.54,5814.0
2026-01-27 10:59:00,56.54,56.57,56.54,56.57,10173.0
2026-01-27 11:00:00,56.57,56.635,56.57,56.63,28232.0
2026-01-27 11:01:00,56.62,56.62,56.58,56.595,10289.0
2026-01-27 11:02:00,56.595,56.6,56.54,56.54,17841.0
2026-01-27 11:03:00,56.54,56.59,56.54,56.58,14731.0
2026-01-27 11:04:00,56.58,56.62,56.58,56.62,16306.0
2026-01-27 11:05:00,56.615,56.64,56.605,56.63,12653.0
2026-01-27 11:06:00,56.63,56.675,56.63,56.655,20307.0
2026-01-27 11:07:00,56.66,56.69,56.65,56.68,24926.0
2026-01-27 11:08:00,56.68,56.69,56.669,56.68,8658.0
2026-01-27 11:09:00,56.67,56.675,56.64,56.65,28954.0
2026-01-27 11:10:00,56.64,56.7,56.64,56.689,11206.0
2026-01-27 11:11:00,56.68,56.695,56.68,56.69,6673.0
2026-01-27 11:12:00,56.69,56.7,56.66,56.67,25711.0
2026-01-27 11:13:00,56.66,56.68,56.65,56.68,10607.0
2026-01-27 11:14:00,56.69,56.7,56.69,56.7,6083.0
2026-01-27 11:15:00,56.69,56.7,56.67,56.68,7985.0
2026-01-27 11:16:00,56.69,56.72,56.69,56.72,49680.0
2026-01-27 11:17:00,56.71,56.719,56.695,56.71,27993.0
2026-01-27 11:18:00,56.71,56.72,56.69,56.72,10133.0
2026-01-27 11:19:00,56.73,56.745,56.71,56.71,14677.0
2026-01-27 11:20:00,56.71,56.74,56.71,56.73,13529.0
2026-01-27 11:21:00,56.73,56.73,56.705,56.71,19914.0
2026-01-27 11:22:00,56.71,56.72,56.68,56.69,11138.0
2026-01-27 11:23:00,56.69,56.72,56.685,56.71,11872.0
2026-01-27 11:24:00,56.71,56.72,56.69,56.71,1987.0
2026-01-27 11:25:00,56.71,56.72,56.685,56.705,25287.0
2026-01-27 11:26:00,56.7,56.71,56.67,56.685,5749.0
2026-01-27 11:27:00,56.68,56.68,56.66,56.67,10376.0
2026-01-27 11:28:00,56.67,56.675,56.65,56.66,14380.0
2026-01-27 11:29:00,56.66,56.66,56.635,56.64,12474.0
2026-01-27 11:30:00,56.65,56.67,56.62,56.67,15108.0
2026-01-27 11:31:00,56.66,56.705,56.66,56.7,46425.0
2026-01-27 11:32:00,56.69,56.7,56.65,56.685,10546.0
2026-01-27 11:33:00,56.68,56.69,56.68,56.68,11270.0
2026-01-27 11:34:00,56.68,56.68,56.66,56.66,4486.0
2026-01-27 11:35:00,56.66,56.66,56.63,56.65,14623.0
2026-01-27 11:36:00,56.655,56.659,56.63,56.64,10569.0
2026-01-27 11:37:00,56.66,56.68,56.66,56.675,14724.0
2026-01-27 11:38:00,56.67,56.67,56.64,56.64,9211.0
2026-01-27 11:39:00,56.65,56.665,56.65,56.66,7549.0
2026-01-27 11:40:00,56.66,56.68,56.66,56.68,8333.0
2026-01-27 11:41:00,56.67,56.68,56.66,56.67,4892.0
2026-01-27 11:42:00,56.66,56.66,56.65,56.66,4247.0
2026-01-27 11:43:00,56.67,56.675,56.65,56.675,3496.0
2026-01-27 11:44:00,56.68,56.695,56.65,56.65,5498.0
2026-01-27 11:45:00,56.65,56.65,56.615,56.62,19714.0
2026-01-27 11:46:00,56.61,56.61,56.575,56.58,8020.0
2026-01-27 11:47:00,56.57,56.61,56.56,56.61,2433.0
2026-01-27 11:48:00,56.61,56.625,56.6,56.605,11714.0
2026-01-27 11:49:00,56.61,56.67,56.61,56.66,10130.0
2026-01-27 11:50:00,56.66,56.67,56.65,56.67,7718.0
2026-01-27 11:51:00,56.67,56.67,56.62,56.62,14642.0
2026-01-27 11:52:00,56.61,56.65,56.58,56.641,18548.0
2026-01-27 11:53:00,56.65,56.655,56.635,56.65,12295.0
2026-01-27 11:54:00,56.65,56.65,56.64,56.64,5494.0
2026-01-27 11:55:00,56.64,56.655,56.63,56.655,11933.0
2026-01-27 11:56:00,56.65,56.66,56.65,56.65,6255.0
2026-01-27 11:57:00,56.65,56.66,56.645,56.66,8849.0
2026-01-27 11:58:00,56.66,56.665,56.63,56.635,6253.0
2026-01-27 11:59:00,56.63,56.63,56.58,56.58,7548.0
2026-01-27 12:00:00,56.58,56.59,56.565,56.565,21172.0
2026-01-27 12:01:00,56.57,56.6,56.56,56.6,17749.0
2026-01-27 12:02:00,56.59,56.59,56.56,56.56,8156.0
2026-01-27 12:03:00,56.56,56.57,56.55,56.55,9951.0
2026-01-27 12:04:00,56.56,56.59,56.56,56.56,14502.0
2026-01-27 12:05:00,56.56,56.56,56.53,56.54,4395.0
2026-01-27 12:06:00,56.54,56.55,56.53,56.53,18030.0
2026-01-27 12:07:00,56.53,56.54,56.53,56.531,2690.0
2026-01-27 12:08:00,56.54,56.545,56.51,56.52,6978.0
2026-01-27 12:09:00,56.52,56.59,56.52,56.56,36937.0
2026-01-27 12:10:00,56.555,56.555,56.54,56.54,20030.0
2026-01-27 12:11:00,56.54,56.54,56.52,56.52,8087.0
2026-01-27 12:12:00,56.51,56.51,56.48,56.51,25332.0
2026-01-27 12:13:00,56.52,56.56,56.505,56.55,19447.0
2026-01-27 12:14:00,56.55,56.55,56.52,56.52,2608.0
2026-01-27 12:15:00,56.52,56.52,56.495,56.52,12557.0
2026-01-27 12:16:00,56.52,56.52,56.46,56.46,14635.0
2026-01-27 12:17:00,56.46,56.47,56.45,56.47,9267.0
2026-01-27 12:18:00,56.465,56.465,56.44,56.45,14946.0
2026-01-27 12:19:00,56.44,56.47,56.4,56.47,25358.0
2026-01-27 12:20:00,56.47,56.47,56.42,56.43,6888.0
2026-01-27 12:21:00,56.42,56.5,56.42,56.48,18717.0
2026-01-27 12:22:00,56.48,56.51,56.48,56.5,6825.0
2026-01-27 12:23:00,56.5,56.5,56.47,56.48,10168.0
2026-01-27 12:24:00,56.47,56.49,56.47,56.48,2278.0
2026-01-27 12:25:00,56.49,56.585,56.49,56.585,9898.0
2026-01-27 12:26:00,56.58,56.63,56.58,56.59,12900.0
2026-01-27 12:27:00,56.585,56.585,56.57,56.57,7417.0
2026-01-27 12:28:00,56.57,56.63,56.57,56.63,9746.0
2026-01-27 12:29:00,56.63,56.63,56.59,56.61,5391.0
2026-01-27 12:30:00,56.61,56.63,56.6,56.6,4937.0
2026-01-27 12:31:00,56.6,56.605,56.58,56.59,6640.0
2026-01-27 12:32:00,56.6,56.62,56.595,56.61,7221.0
2026-01-27 12:33:00,56.62,56.62,56.61,56.61,4066.0
2026-01-27 12:34:00,56.61,56.61,56.59,56.6,6436.0
2026-01-27 12:35:00,56.595,56.61,56.58,56.58,20228.0
2026-01-27 12:36:00,56.57,56.57,56.541,56.555,6443.0
2026-01-27 12:37:00,56.55,56.55,56.54,56.54,9918.0
2026-01-27 12:38:00,56.535,56.55,56.52,56.54,19014.0
2026-01-27 12:39:00,56.54,56.58,56.54,56.56,17272.0
2026-01-27 12:40:00,56.57,56.575,56.56,56.56,4034.0
2026-01-27 12:41:00,56.56,56.64,56.56,56.64,26837.0
2026-01-27 12:42:00,56.65,56.65,56.59,56.59,20935.0
2026-01-27 12:43:00,56.595,56.595,56.56,56.56,30309.0
2026-01-27 12:44:00,56.55,56.56,56.54,56.56,6968.0
2026-01-27 12:45:00,56.56,56.56,56.54,56.54,15991.0
2026-01-27 12:46:00,56.53,56.54,56.525,56.54,9399.0
2026-01-27 12:47:00,56.54,56.545,56.53,56.54,9025.0
2026-01-27 12:48:00,56.545,56.565,56.54,56.55,2433.0
2026-01-27 12:49:00,56.55,56.56,56.55,56.56,3936.0
2026-01-27 12:50:00,56.54,56.545,56.52,56.535,14109.0
2026-01-27 12:51:00,56.535,56.55,56.535,56.54,6615.0
2026-01-27 12:52:00,56.54,56.55,56.54,56.545,16533.0
2026-01-27 12:53:00,56.55,56.55,56.52,56.52,6935.0
2026-01-27 12:54:00,56.51,56.51,56.475,56.48,10753.0
2026-01-27 12:55:00,56.49,56.49,56.465,56.47,12976.0
2026-01-27 12:56:00,56.48,56.49,56.47,56.48,8531.0
2026-01-27 12:57:00,56.47,56.49,56.47,56.48,9800.0
2026-01-27 12:58:00,56.49,56.49,56.46,56.46,2746.0
2026-01-27 12:59:00,56.45,56.47,56.45,56.46,8312.0
2026-01-27 13:00:00,56.47,56.47,56.43,56.43,10943.0
2026-01-27 13:01:00,56.43,56.43,56.385,56.41,5937.0
2026-01-27 13:02:00,56.4,56.41,56.32,56.4,41103.0
2026-01-27 13:03:00,56.41,56.43,56.39,56.39,8188.0
2026-01-27 13:04:00,56.39,56.42,56.39,56.415,48934.0
2026-01-27 13:05:00,56.41,56.41,56.37,56.38,19497.0
2026-01-27 13:06:00,56.38,56.4,56.38,56.38,10080.0
2026-01-27 13:07:00,56.38,56.42,56.38,56.39,19958.0
2026-01-27 13:08:00,56.39,56.46,56.39,56.45,5814.0
2026-01-27 13:09:00,56.45,56.45,56.44,56.44,4709.0
2026-01-27 13:10:00,56.45,56.47,56.4,56.4,13290.0
2026-01-27 13:11:00,56.4,56.44,56.4,56.44,4325.0
2026-01-27 13:12:00,56.43,56.48,56.43,56.48,9044.0
2026-01-27 13:13:00,56.49,56.53,56.49,56.49,20531.0
2026-01-27 13:14:00,56.49,56.51,56.49,56.51,6793.0
2026-01-27 13:15:00,56.51,56.545,56.51,56.53,10829.0
2026-01-27 13:16:00,56.53,56.55,56.53,56.53,5982.0
2026-01-27 13:17:00,56.54,56.56,56.54,56.54,8743.0
2026-01-27 13:18:00,56.53,56.56,56.53,56.56,8754.0
2026-01-27 13:19:00,56.56,56.56,56.55,56.55,4095.0
2026-01-27 13:20:00,56.55,56.59,56.55,56.565,8328.0
2026-01-27 13:21:00,56.57,56.57,56.56,56.57,6050.0
2026-01-27 13:22:00,56.57,56.575,56.56,56.565,5679.0
2026-01-27 13:23:00,56.565,56.59,56.56,56.59,10152.0
2026-01-27 13:24:00,56.6,56.62,56.6,56.61,14315.0
2026-01-27 13:25:00,56.62,56.625,56.585,56.585,15906.0
2026-01-27 13:26:00,56.59,56.59,56.525,56.53,9320.0
2026-01-27 13:27:00,56.54,56.57,56.54,56.565,5337.0
2026-01-27 13:28:00,56.56,56.57,56.555,56.555,6609.0
2026-01-27 13:29:00,56.555,56.575,56.555,56.56,7369.0
2026-01-27 13:30:00,56.57,56.595,56.57,56.595,6751.0
2026-01-27 13:31:00,56.59,56.615,56.59,56.61,8118.0
2026-01-27 13:32:00,56.615,56.63,56.61,56.62,10875.0
2026-01-27 13:33:00,56.62,56.66,56.62,56.65,14782.0
2026-01-27 13:34:00,56.65,56.655,56.635,56.64,5447.0
2026-01-27 13:35:00,56.65,56.65,56.6,56.62,17171.0
2026-01-27 13:36:00,56.62,56.64,56.62,56.64,12560.0
2026-01-27 13:37:00,56.635,56.635,56.63,56.63,652.0
2026-01-27 13:38:00,56.625,56.63,56.6,56.6,6357.0
2026-01-27 13:39:00,56.61,56.625,56.61,56.62,3892.0
2026-01-27 13:40:00,56.61,56.62,56.61,56.62,1872.0
2026-01-27 13:41:00,56.615,56.625,56.61,56.61,5229.0
2026-01-27 13:42:00,56.615,56.62,56.59,56.595,10747.0
2026-01-27 13:43:00,56.59,56.615,56.59,56.605,1495.0
2026-01-27 13:44:00,56.6,56.6,56.595,56.6,2829.0
2026-01-27 13:45:00,56.6,56.61,56.59,56.61,6335.0
2026-01-27 13:46:00,56.62,56.63,56.62,56.63,6925.0
2026-01-27 13:47:00,56.63,56.64,56.63,56.63,7228.0
2026-01-27 13:48:00,56.62,56.63,56.62,56.63,4230.0
2026-01-27 13:49:00,56.635,56.65,56.635,56.64,4333.0
2026-01-27 13:50:00,56.65,56.65,56.63,56.635,4067.0
2026-01-27 13:51:00,56.64,56.65,56.64,56.64,5594.0
2026-01-27 13:52:00,56.63,56.63,56.61,56.63,5392.0
2026-01-27 13:53:00,56.64,56.65,56.615,56.63,12769.0
2026-01-27 13:54:00,56.63,56.64,56.63,56.64,5187.0
2026-01-27 13:55:00,56.65,56.65,56.63,56.65,10003.0
2026-01-27 13:56:00,56.65,56.68,56.65,56.675,21737.0
2026-01-27 13:57:00,56.68,56.69,56.665,56.68,17655.0
2026-01-27 13:58:00,56.68,56.69,56.675,56.68,10712.0
2026-01-27 13:59:00,56.67,56.67,56.66,56.66,5741.0
2026-01-27 14:00:00,56.65,56.65,56.61,56.61,8793.0
2026-01-27 14:01:00,56.61,56.63,56.605,56.63,3030.0
2026-01-27 14:02:00,56.62,56.63,56.62,56.63,6107.0
2026-01-27 14:03:00,56.62,56.62,56.58,56.58,19764.0
2026-01-27 14:04:00,56.57,56.59,56.57,56.58,7592.0
2026-01-27 14:05:00,56.585,56.59,56.58,56.59,12495.0
2026-01-27 14:06:00,56.6,56.6,56.57,56.57,1826.0
2026-01-27 14:07:00,56.57,56.59,56.57,56.58,7637.0
2026-01-27 14:08:00,56.57,56.57,56.57,56.57,315.0
2026-01-27 14:09:00,56.57,56.59,56.555,56.585,11692.0
2026-01-27 14:10:00,56.57,56.58,56.57,56.57,1715.0
2026-01-27 14:11:00,56.565,56.58,56.565,56.57,6625.0
2026-01-27 14:12:00,56.575,56.575,56.55,56.56,3977.0
2026-01-27 14:13:00,56.58,56.62,56.58,56.62,6475.0
2026-01-27 14:14:00,56.62,56.65,56.615,56.63,1914.0
2026-01-27 14:15:00,56.62,56.64,56.62,56.64,3845.0
2026-01-27 14:16:00,56.64,56.64,56.62,56.63,329.0
2026-01-27 14:17:00,56.63,56.66,56.63,56.65,13819.0
2026-01-27 14:18:00,56.65,56.65,56.64,56.64,3100.0
2026-01-27 14:19:00,56.63,56.66,56.63,56.65,3507.0
2026-01-27 14:20:00,56.65,56.66,56.65,56.65,4308.0
2026-01-27 14:21:00,56.65,56.65,56.65,56.65,798.0
2026-01-27 14:22:00,56.66,56.665,56.66,56.66,2832.0
2026-01-27 14:23:00,56.66,56.66,56.61,56.62,8257.0
2026-01-27 14:24:00,56.635,56.65,56.63,56.65,5925.0
2026-01-27 14:25:00,56.66,56.66,56.64,56.64,6883.0
2026-01-27 14:26:00,56.65,56.66,56.64,56.645,5326.0
2026-01-27 14:27:00,56.64,56.675,56.64,56.675,1343.0
2026-01-27 14:28:00,56.67,56.67,56.665,56.665,3667.0
2026-01-27 14:29:00,56.665,56.665,56.655,56.66,174.0
2026-01-27 14:30:00,56.67,56.705,56.66,56.66,52578.0
2026-01-27 14:31:00,56.655,56.67,56.65,56.65,4731.0
2026-01-27 14:32:00,56.65,56.675,56.65,56.665,8397.0
2026-01-27 14:33:00,56.66,56.66,56.64,56.64,8420.0
2026-01-27 14:34:00,56.64,56.645,56.63,56.63,905.0
2026-01-27 14:35:00,56.63,56.64,56.63,56.64,3370.0
2026-01-27 14:36:00,56.635,56.645,56.62,56.635,4080.0
2026-01-27 14:37:00,56.635,56.635,56.63,56.63,4789.0
2026-01-27 14:38:00,56.64,56.64,56.63,56.63,4486.0
2026-01-27 14:39:00,56.62,56.625,56.62,56.625,2397.0
2026-01-27 14:40:00,56.625,56.625,56.59,56.59,19021.0
2026-01-27 14:41:00,56.585,56.605,56.58,56.6,4190.0
2026-01-27 14:42:00,56.6,56.6,56.595,56.6,1764.0
2026-01-27 14:43:00,56.6,56.63,56.6,56.625,4415.0
2026-01-27 14:44:00,56.63,56.63,56.62,56.62,2065.0
2026-01-27 14:45:00,56.625,56.625,56.59,56.605,8020.0
2026-01-27 14:46:00,56.605,56.615,56.59,56.59,7386.0
2026-01-27 14:47:00,56.58,56.605,56.58,56.605,11111.0
2026-01-27 14:48:00,56.605,56.61,56.59,56.61,6255.0
2026-01-27 14:49:00,56.62,56.635,56.62,56.635,5722.0
2026-01-27 14:50:00,56.635,56.655,56.635,56.64,9316.0
2026-01-27 14:51:00,56.64,56.66,56.63,56.66,7853.0
2026-01-27 14:52:00,56.66,56.705,56.66,56.7,24082.0
2026-01-27 14:53:00,56.7,56.7,56.69,56.69,8285.0
2026-01-27 14:54:00,56.69,56.69,56.68,56.69,9322.0
2026-01-27 14:55:00,56.69,56.695,56.68,56.68,9898.0
2026-01-27 14:56:00,56.685,56.685,56.65,56.66,10292.0
2026-01-27 14:57:00,56.665,56.67,56.66,56.67,2645.0
2026-01-27 14:58:00,56.65,56.67,56.65,56.67,7859.0
2026-01-27 14:59:00,56.68,56.685,56.67,56.67,3761.0
2026-01-27 15:00:00,56.66,56.675,56.64,56.67,6320.0
2026-01-27 15:01:00,56.675,56.68,56.67,56.68,16536.0
2026-01-27 15:02:00,56.67,56.68,56.67,56.675,3926.0
2026-01-27 15:03:00,56.68,56.685,56.675,56.68,4018.0
2026-01-27 15:04:00,56.675,56.675,56.66,56.66,794.0
2026-01-27 15:05:00,56.66,56.665,56.65,56.65,4058.0
2026-01-27 15:06:00,56.65,56.655,56.63,56.63,6715.0
2026-01-27 15:07:00,56.63,56.63,56.625,56.63,7272.0
2026-01-27 15:08:00,56.625,56.65,56.61,56.65,7300.0
2026-01-27 15:09:00,56.645,56.67,56.645,56.67,7485.0
2026-01-27 15:10:00,56.68,56.685,56.675,56.68,4480.0
2026-01-27 15:11:00,56.69,56.7,56.69,56.695,11430.0
2026-01-27 15:12:00,56.69,56.74,56.69,56.735,22591.0
2026-01-27 15:13:00,56.73,56.78,56.73,56.77,47553.0
2026-01-27 15:14:00,56.77,56.79,56.76,56.77,11113.0
2026-01-27 15:15:00,56.77,56.77,56.75,56.75,7595.0
2026-01-27 15:16:00,56.75,56.775,56.75,56.77,11635.0
2026-01-27 15:17:00,56.78,56.8,56.78,56.795,20723.0
2026-01-27 15:18:00,56.795,56.795,56.78,56.78,4443.0
2026-01-27 15:19:00,56.78,56.79,56.78,56.78,6548.0
2026-01-27 15:20:00,56.78,56.795,56.78,56.79,17672.0
2026-01-27 15:21:00,56.78,56.78,56.77,56.77,1622.0
2026-01-27 15:22:00,56.78,56.78,56.75,56.755,2732.0
2026-01-27 15:23:00,56.76,56.76,56.74,56.74,14902.0
2026-01-27 15:24:00,56.74,56.745,56.725,56.725,16629.0
2026-01-27 15:25:00,56.72,56.72,56.7,56.705,6758.0
2026-01-27 15:26:00,56.7,56.715,56.69,56.71,8919.0
2026-01-27 15:27:00,56.71,56.71,56.69,56.69,13231.0
2026-01-27 15:28:00,56.69,56.695,56.68,56.68,14422.0
2026-01-27 15:29:00,56.68,56.695,56.68,56.695,10255.0
2026-01-27 15:30:00,56.69,56.69,56.62,56.645,25777.0
2026-01-27 15:31:00,56.65,56.67,56.65,56.655,12736.0
2026-01-27 15:32:00,56.65,56.66,56.64,56.66,4499.0
2026-01-27 15:33:00,56.66,56.66,56.64,56.645,3196.0
2026-01-27 15:34:00,56.65,56.68,56.65,56.68,4924.0
2026-01-27 15:35:00,56.68,56.68,56.67,56.67,6677.0
2026-01-27 15:36:00,56.67,56.67,56.66,56.67,1859.0
2026-01-27 15:37:00,56.66,56.66,56.65,56.65,10992.0
2026-01-27 15:38:00,56.65,56.665,56.65,56.66,3649.0
2026-01-27 15:39:00,56.665,56.7,56.665,56.7,21789.0
2026-01-27 15:40:00,56.69,56.69,56.675,56.675,5493.0
2026-01-27 15:41:00,56.671,56.68,56.67,56.67,4564.0
2026-01-27 15:42:00,56.67,56.67,56.65,56.66,8260.0
2026-01-27 15:43:00,56.65,56.65,56.63,56.63,31682.0
2026-01-27 15:44:00,56.63,56.66,56.63,56.66,10572.0
2026-01-27 15:45:00,56.66,56.66,56.62,56.62,11291.0
2026-01-27 15:46:00,56.62,56.63,56.6,56.62,18165.0
2026-01-27 15:47:00,56.63,56.66,56.62,56.64,14661.0
2026-01-27 15:48:00,56.64,56.66,56.64,56.65,11640.0
2026-01-27 15:49:00,56.64,56.71,56.635,56.7,27511.0
2026-01-27 15:50:00,56.7,56.7,56.6,56.62,53156.0
2026-01-27 15:51:00,56.63,56.63,56.57,56.575,28035.0
2026-01-27 15:52:00,56.58,56.605,56.56,56.57,25997.0
2026-01-27 15:53:00,56.58,56.6,56.57,56.6,14449.0
2026-01-27 15:54:00,56.6,56.6,56.55,56.56,31131.0
2026-01-27 15:55:00,56.565,56.57,56.52,56.56,31250.0
2026-01-27 15:56:00,56.57,56.57,56.525,56.57,11830.0
2026-01-27 15:57:00,56.575,56.58,56.56,56.57,29004.0
2026-01-27 15:58:00,56.57,56.57,56.545,56.55,20378.0
2026-01-27 15:59:00,56.55,56.57,56.5,56.55,72954.0
2026-01-28 09:30:00,57.7,57.8,57.57,57.7,162240.0
2026-01-28 09:31:00,57.7,57.78,57.66,57.77,46914.0
2026-01-28 09:32:00,57.755,57.9,57.73,57.89,74903.0
2026-01-28 09:33:00,57.9,57.93,57.74,57.77,30118.0
2026-01-28 09:34:00,57.77,57.77,57.61,57.69,37369.0
2026-01-28 09:35:00,57.68,57.73,57.59,57.6,35220.0
2026-01-28 09:36:00,57.59,57.59,57.46,57.52,57937.0
2026-01-28 09:37:00,57.52,57.59,57.48,57.51,25482.0
2026-01-28 09:38:00,57.52,57.67,57.51,57.62,23549.0
2026-01-28 09:39:00,57.62,57.69,57.595,57.66,29794.0
2026-01-28 09:40:00,57.66,57.81,57.66,57.78,83362.0
2026-01-28 09:41:00,57.77,57.84,57.76,57.84,21821.0
2026-01-28 09:42:00,57.83,57.93,57.82,57.88,22394.0
2026-01-28 09:43:00,57.86,57.9,57.82,57.875,29721.0
2026-01-28 09:44:00,57.88,57.97,57.829,57.93,51652.0
2026-01-28 09:45:00,57.93,58.01,57.92,57.96,92819.0
2026-01-28 09:46:00,57.97,57.98,57.8,57.81,198596.0
2026-01-28 09:47:00,57.81,57.81,57.62,57.63,43981.0
2026-01-28 09:48:00,57.62,57.66,57.58,57.62,19229.0
2026-01-28 09:49:00,57.61,57.71,57.61,57.7,19846.0
2026-01-28 09:50:00,57.7,57.85,57.7,57.8,42943.0
2026-01-28 09:51:00,57.8,57.87,57.76,57.86,13872.0
2026-01-28 09:52:00,57.87,57.9,57.84,57.9,8353.0
2026-01-28 09:53:00,57.91,57.93,57.82,57.83,22114.0
2026-01-28 09:54:00,57.83,57.95,57.8,57.95,20149.0
2026-01-28 09:55:00,57.95,57.955,57.88,57.94,22527.0
2026-01-28 09:56:00,57.93,57.93,57.89,57.9,15300.0
2026-01-28 09:57:00,57.89,57.9,57.85,57.89,18739.0
2026-01-28 09:58:00,57.88,57.9,57.81,57.86,11412.0
2026-01-28 09:59:00,57.85,57.85,57.7,57.71,17124.0
2026-01-28 10:00:00,57.71,57.77,57.69,57.72,13600.0
2026-01-28 10:01:00,57.72,57.74,57.68,57.69,17757.0
2026-01-28 10:02:00,57.69,57.79,57.62,57.74,23766.0
2026-01-28 10:03:00,57.72,57.78,57.7,57.71,10912.0
2026-01-28 10:04:00,57.72,57.76,57.72,57.72,13301.0
2026-01-28 10:05:00,57.73,57.74,57.68,57.68,14558.0
2026-01-28 10:06:00,57.69,57.77,57.66,57.69,9694.0
2026-01-28 10:07:00,57.69,57.72,57.66,57.72,18556.0
2026-01-28 10:08:00,57.72,57.77,57.675,57.68,22719.0
2026-01-28 10:09:00,57.67,57.69,57.58,57.64,20605.0
2026-01-28 10:10:00,57.65,57.65,57.53,57.55,15929.0
2026-01-28 10:11:00,57.55,57.61,57.54,57.59,8660.0
2026-01-28 10:12:00,57.58,57.58,57.465,57.49,47466.0
2026-01-28 10:13:00,57.49,57.57,57.49,57.51,39037.0
2026-01-28 10:14:00,57.51,57.53,57.475,57.475,11486.0
2026-01-28 10:15:00,57.47,57.65,57.43,57.6,48842.0
2026-01-28 10:16:00,57.6,57.71,57.59,57.67,24928.0
2026-01-28 10:17:00,57.66,57.66,57.555,57.58,25804.0
2026-01-28 10:18:00,57.58,57.58,57.53,57.56,16240.0
2026-01-28 10:19:00,57.55,57.61,57.54,57.61,14853.0
2026-01-28 10:20:00,57.63,57.66,57.61,57.66,12344.0
2026-01-28 10:21:00,57.65,57.67,57.64,57.65,10901.0
2026-01-28 10:22:00,57.66,57.66,57.59,57.63,12878.0
2026-01-28 10:23:00,57.63,57.68,57.55,57.59,13552.0
2026-01-28 10:24:00,57.59,57.69,57.59,57.61,9968.0
2026-01-28 10:25:00,57.6,57.62,57.52,57.53,15736.0
2026-01-28 10:26:00,57.53,57.56,57.5,57.52,6630.0
2026-01-28 10:27:00,57.51,57.52,57.48,57.5,22989.0
2026-01-28 10:28:00,57.5,57.55,57.5,57.5,14735.0
2026-01-28 10:29:00,57.51,57.54,57.5,57.51,32619.0
2026-01-28 10:30:00,57.52,57.6,57.52,57.54,49778.0
2026-01-28 10:31:00,57.54,57.57,57.475,57.485,37976.0
2026-01-28 10:32:00,57.48,57.48,57.43,57.455,18102.0
2026-01-28 10:33:00,57.45,57.495,57.41,57.49,26657.0
2026-01-28 10:34:00,57.5,57.51,57.345,57.35,35075.0
2026-01-28 10:35:00,57.35,57.38,57.32,57.36,15659.0
2026-01-28 10:36:00,57.36,57.5,57.36,57.49,12909.0
2026-01-28 10:37:00,57.48,57.51,57.46,57.49,14033.0
2026-01-28 10:38:00,57.49,57.54,57.49,57.53,21013.0
2026-01-28 10:39:00,57.54,57.55,57.52,57.52,14314.0
2026-01-28 10:40:00,57.53,57.54,57.48,57.48,15176.0
2026-01-28 10:41:00,57.48,57.48,57.359,57.36,14339.0
2026-01-28 10:42:00,57.36,57.37,57.32,57.33,19707.0
2026-01-28 10:43:00,57.32,57.36,57.29,57.34,52234.0
2026-01-28 10:44:00,57.33,57.345,57.25,57.28,10347.0
2026-01-28 10:45:00,57.27,57.31,57.24,57.28,18306.0
2026-01-28 10:46:00,57.29,57.31,57.25,57.27,7971.0
2026-01-28 10:47:00,57.275,57.275,57.16,57.165,19578.0
2026-01-28 10:48:00,57.17,57.25,57.17,57.25,22548.0
2026-01-28 10:49:00,57.26,57.31,57.25,57.29,5519.0
2026-01-28 10:50:00,57.3,57.31,57.25,57.26,9339.0
2026-01-28 10:51:00,57.24,57.26,57.22,57.23,3173.0
2026-01-28 10:52:00,57.23,57.29,57.23,57.25,9264.0
2026-01-28 10:53:00,57.23,57.26,57.23,57.24,9529.0
2026-01-28 10:54:00,57.25,57.3,57.23,57.23,11567.0
2026-01-28 10:55:00,57.24,57.26,57.19,57.23,11234.0
2026-01-28 10:56:00,57.23,57.23,57.18,57.21,6870.0
2026-01-28 10:57:00,57.21,57.21,57.13,57.18,12593.0
2026-01-28 10:58:00,57.19,57.195,57.115,57.14,13031.0
2026-01-28 10:59:00,57.13,57.17,57.12,57.13,19631.0
2026-01-28 11:00:00,57.14,57.22,57.14,57.21,18027.0
2026-01-28 11:01:00,57.22,57.24,57.21,57.24,13867.0
2026-01-28 11:02:00,57.23,57.27,57.21,57.24,24165.0
2026-01-28 11:03:00,57.23,57.24,57.18,57.219,26511.0
2026-01-28 11:04:00,57.22,57.27,57.22,57.25,9271.0
2026-01-28 11:05:00,57.25,57.25,57.21,57.22,15769.0
2026-01-28 11:06:00,57.21,57.3,57.21,57.29,8740.0
2026-01-28 11:07:00,57.28,57.34,57.275,57.29,9520.0
2026-01-28 11:08:00,57.29,57.31,57.28,57.29,5955.0
2026-01-28 11:09:00,57.29,57.29,57.245,57.28,10115.0
2026-01-28 11:10:00,57.295,57.299,57.265,57.285,9936.0
2026-01-28 11:11:00,57.29,57.36,57.29,57.36,16416.0
2026-01-28 11:12:00,57.35,57.36,57.28,57.28,18611.0
2026-01-28 11:13:00,57.28,57.29,57.22,57.23,5155.0
2026-01-28 11:14:00,57.23,57.29,57.22,57.26,83198.0
2026-01-28 11:15:00,57.26,57.28,57.26,57.26,7543.0
2026-01-28 11:16:00,57.25,57.25,57.19,57.2,18597.0
2026-01-28 11:17:00,57.21,57.22,57.2,57.22,15435.0
2026-01-28 11:18:00,57.23,57.23,57.22,57.22,12827.0
2026-01-28 11:19:00,57.24,57.24,57.185,57.185,11006.0
2026-01-28 11:20:00,57.19,57.21,57.17,57.19,4149.0
2026-01-28 11:21:00,57.18,57.18,57.12,57.12,13885.0
2026-01-28 11:22:00,57.11,57.13,57.09,57.09,17231.0
2026-01-28 11:23:00,57.09,57.09,57.05,57.09,30298.0
2026-01-28 11:24:00,57.09,57.17,57.08,57.17,9727.0
2026-01-28 11:25:00,57.17,57.17,57.13,57.135,9107.0
2026-01-28 11:26:00,57.13,57.18,57.13,57.15,17917.0
2026-01-28 11:27:00,57.16,57.22,57.15,57.22,8903.0
2026-01-28 11:28:00,57.22,57.23,57.19,57.21,8231.0
2026-01-28 11:29:00,57.22,57.265,57.21,57.26,18219.0
2026-01-28 11:30:00,57.26,57.26,57.13,57.14,25239.0
2026-01-28 11:31:00,57.14,57.15,57.04,57.04,20947.0
2026-01-28 11:32:00,57.04,57.1,57.04,57.085,9500.0
2026-01-28 11:33:00,57.08,57.15,57.08,57.09,9604.0
2026-01-28 11:34:00,57.085,57.09,57.04,57.055,8548.0
2026-01-28 11:35:00,57.06,57.08,57.05,57.05,8103.0
2026-01-28 11:36:00,57.05,57.055,57.0,57.05,28183.0
2026-01-28 11:37:00,57.05,57.095,57.05,57.09,14971.0
2026-01-28 11:38:00,57.09,57.09,57.05,57.05,10397.0
2026-01-28 11:39:00,57.05,57.08,57.04,57.069,18862.0
2026-01-28 11:40:00,57.06,57.06,56.99,57.0,27485.0
2026-01-28 11:41:00,57.01,57.03,56.97,56.98,10494.0
2026-01-28 11:42:00,56.98,56.99,56.88,56.89,23298.0
2026-01-28 11:43:00,56.9,56.96,56.9,56.92,8167.0
2026-01-28 11:44:00,56.91,56.92,56.86,56.87,10876.0
2026-01-28 11:45:00,56.87,56.92,56.86,56.89,19258.0
2026-01-28 11:46:00,56.9,56.92,56.88,56.92,8772.0
2026-01-28 11:47:00,56.92,56.95,56.88,56.89,45961.0
2026-01-28 11:48:00,56.89,56.89,56.875,56.89,3189.0
2026-01-28 11:49:00,56.9,56.935,56.89,56.91,10923.0
2026-01-28 11:50:00,56.91,56.93,56.9,56.92,16560.0
2026-01-28 11:51:00,56.92,56.92,56.78,56.79,38039.0
2026-01-28 11:52:00,56.8,56.84,56.8,56.8,5930.0
2026-01-28 11:53:00,56.8,56.81,56.76,56.785,15575.0
2026-01-28 11:54:00,56.79,56.79,56.74,56.79,11567.0
2026-01-28 11:55:00,56.79,56.84,56.79,56.82,12360.0
2026-01-28 11:56:00,56.82,56.86,56.81,56.84,25376.0
2026-01-28 11:57:00,56.83,56.885,56.82,56.88,14020.0
2026-01-28 11:58:00,56.88,56.92,56.86,56.88,11202.0
2026-01-28 11:59:00,56.88,56.885,56.84,56.84,2789.0
2026-01-28 12:00:00,56.84,56.875,56.83,56.87,13954.0
2026-01-28 12:01:00,56.88,56.93,56.865,56.865,9582.0
2026-01-28 12:02:00,56.869,56.95,56.869,56.95,7629.0
2026-01-28 12:03:00,56.95,56.98,56.94,56.96,24404.0
2026-01-28 12:04:00,56.97,57.01,56.94,56.94,10592.0
2026-01-28 12:05:00,56.94,56.965,56.92,56.93,19820.0
2026-01-28 12:06:00,56.92,56.94,56.85,56.94,18420.0
2026-01-28 12:07:00,56.95,56.97,56.94,56.94,7464.0
2026-01-28 12:08:00,56.95,56.99,56.95,56.95,11996.0
2026-01-28 12:09:00,56.95,56.96,56.92,56.95,5571.0
2026-01-28 12:10:00,56.95,56.99,56.94,56.97,19140.0
2026-01-28 12:11:00,56.97,57.04,56.97,57.03,14297.0
2026-01-28 12:12:00,57.03,57.05,57.01,57.05,6957.0
2026-01-28 12:13:00,57.05,57.08,57.045,57.05,18086.0
2026-01-28 12:14:00,57.06,57.065,57.03,57.06,7442.0
2026-01-28 12:15:00,57.07,57.07,57.01,57.02,24851.0
2026-01-28 12:16:00,57.03,57.05,57.01,57.04,8416.0
2026-01-28 12:17:00,57.04,57.06,57.01,57.05,35113.0
2026-01-28 12:18:00,57.05,57.1,57.05,57.1,10809.0
2026-01-28 12:19:00,57.1,57.12,57.09,57.12,34606.0
2026-01-28 12:20:00,57.13,57.14,57.1,57.105,23235.0
2026-01-28 12:21:00,57.11,57.12,57.06,57.06,10428.0
2026-01-28 12:22:00,57.05,57.05,56.97,56.98,30519.0
2026-01-28 12:23:00,56.98,56.98,56.89,56.91,9670.0
2026-01-28 12:24:00,56.92,56.92,56.88,56.9,8207.0
2026-01-28 12:25:00,56.9,56.905,56.855,56.88,14516.0
2026-01-28 12:26:00,56.88,56.9,56.86,56.86,15582.0
2026-01-28 12:27:00,56.86,56.87,56.85,56.85,8451.0
2026-01-28 12:28:00,56.84,56.88,56.83,56.88,6640.0
2026-01-28 12:29:00,56.89,56.91,56.89,56.91,7406.0
2026-01-28 12:30:00,56.9,56.9,56.87,56.87,2833.0
2026-01-28 12:31:00,56.875,56.88,56.84,56.85,19415.0
2026-01-28 12:32:00,56.86,56.89,56.86,56.88,9765.0
2026-01-28 12:33:00,56.87,56.87,56.81,56.82,16215.0
2026-01-28 12:34:00,56.82,56.83,56.8,56.81,10003.0
2026-01-28 12:35:00,56.82,56.86,56.82,56.85,11677.0
2026-01-28 12:36:00,56.84,56.86,56.84,56.85,6914.0
2026-01-28 12:37:00,56.85,56.9,56.85,56.9,8707.0
2026-01-28 12:38:00,56.9,56.9,56.85,56.855,7099.0
2026-01-28 12:39:00,56.86,56.895,56.86,56.89,8582.0
2026-01-28 12:40:00,56.88,56.92,56.85,56.9,58665.0
2026-01-28 12:41:00,56.89,56.9,56.87,56.9,3345.0
2026-01-28 12:42:00,56.9,56.91,56.9,56.9,3939.0
2026-01-28 12:43:00,56.93,56.97,56.92,56.95,19450.0
2026-01-28 12:44:00,56.955,56.97,56.93,56.93,2882.0
2026-01-28 12:45:00,56.93,56.93,56.89,56.89,14183.0
2026-01-28 12:46:00,56.9,56.91,56.86,56.91,8710.0
2026-01-28 12:47:00,56.91,56.98,56.91,56.98,7834.0
2026-01-28 12:48:00,56.98,56.98,56.915,56.935,6477.0
2026-01-28 12:49:00,56.93,56.96,56.93,56.94,12180.0
2026-01-28 12:50:00,56.97,56.99,56.96,56.97,4233.0
2026-01-28 12:51:00,56.98,57.0,56.98,56.985,8920.0
2026-01-28 12:52:00,56.985,56.99,56.97,56.99,5990.0
2026-01-28 12:53:00,57.0,57.09,57.0,57.09,8532.0
2026-01-28 12:54:00,57.095,57.145,57.09,57.13,12064.0
2026-01-28 12:55:00,57.135,57.14,57.11,57.12,17556.0
2026-01-28 12:56:00,57.11,57.12,57.04,57.05,7352.0
2026-01-28 12:57:00,57.06,57.09,57.04,57.08,8591.0
2026-01-28 12:58:00,57.08,57.08,57.06,57.06,7995.0
2026-01-28 12:59:00,57.06,57.06,56.995,56.995,17558.0
2026-01-28 13:00:00,56.99,57.0,56.94,56.99,14660.0
2026-01-28 13:01:00,56.99,57.0,56.88,56.885,9917.0
2026-01-28 13:02:00,56.89,56.94,56.88,56.91,7502.0
2026-01-28 13:03:00,56.95,56.97,56.941,56.96,5231.0
2026-01-28 13:04:00,56.98,57.05,56.98,57.05,8394.0
2026-01-28 13:05:00,57.05,57.09,57.05,57.09,11067.0
2026-01-28 13:06:00,57.08,57.09,57.07,57.07,5056.0
2026-01-28 13:07:00,57.07,57.07,57.04,57.07,13762.0
2026-01-28 13:08:00,57.06,57.07,57.05,57.06,3066.0
2026-01-28 13:09:00,57.06,57.06,57.05,57.055,4791.0
2026-01-28 13:10:00,57.05,57.05,57.0,57.0,9870.0
2026-01-28 13:11:00,57.01,57.01,56.97,56.99,8488.0
2026-01-28 13:12:00,56.99,57.05,56.99,57.05,4517.0
2026-01-28 13:13:00,57.05,57.09,57.05,57.09,8958.0
2026-01-28 13:14:00,57.1,57.11,57.1,57.11,10718.0
2026-01-28 13:15:00,57.11,57.12,57.105,57.12,4576.0
2026-01-28 13:16:00,57.12,57.17,57.12,57.155,14984.0
2026-01-28 13:17:00,57.15,57.16,57.14,57.15,6145.0
2026-01-28 13:18:00,57.145,57.155,57.14,57.14,3498.0
2026-01-28 13:19:00,57.13,57.135,57.11,57.13,6641.0
2026-01-28 13:20:00,57.135,57.18,57.13,57.16,24883.0
2026-01-28 13:21:00,57.17,57.18,57.16,57.16,9328.0
2026-01-28 13:22:00,57.15,57.17,57.13,57.13,10214.0
2026-01-28 13:23:00,57.14,57.15,57.14,57.14,10094.0
2026-01-28 13:24:00,57.14,57.15,57.13,57.135,10209.0
2026-01-28 13:25:00,57.13,57.13,57.07,57.08,11409.0
2026-01-28 13:26:00,57.08,57.12,57.08,57.12,8289.0
2026-01-28 13:27:00,57.12,57.15,57.12,57.15,9425.0
2026-01-28 13:28:00,57.15,57.15,57.13,57.13,6526.0
2026-01-28 13:29:00,57.13,57.14,57.13,57.14,3409.0
2026-01-28 13:30:00,57.13,57.16,57.13,57.15,1208.0
2026-01-28 13:31:00,57.15,57.16,57.12,57.12,7841.0
2026-01-28 13:32:00,57.12,57.12,57.07,57.09,17259.0
2026-01-28 13:33:00,57.08,57.11,57.08,57.1,6967.0
2026-01-28 13:34:00,57.1,57.1,57.08,57.08,7739.0
2026-01-28 13:35:00,57.07,57.11,57.05,57.1,12873.0
2026-01-28 13:36:00,57.1,57.12,57.09,57.1,3543.0
2026-01-28 13:37:00,57.1,57.14,57.09,57.09,3252.0
2026-01-28 13:38:00,57.09,57.09,57.05,57.05,5129.0
2026-01-28 13:39:00,57.05,57.06,57.04,57.04,6461.0
2026-01-28 13:40:00,57.03,57.07,57.03,57.07,15565.0
2026-01-28 13:41:00,57.08,57.14,57.08,57.12,13947.0
2026-01-28 13:42:00,57.12,57.12,57.11,57.11,3594.0
2026-01-28 13:43:00,57.09,57.1,57.08,57.1,2279.0
2026-01-28 13:44:00,57.1,57.12,57.1,57.1,1865.0
2026-01-28 13:45:00,57.1,57.11,57.07,57.07,6224.0
2026-01-28 13:46:00,57.08,57.085,57.05,57.06,6265.0
2026-01-28 13:47:00,57.06,57.09,57.06,57.07,4738.0
2026-01-28 13:48:00,57.07,57.11,57.05,57.11,9631.0
2026-01-28 13:49:00,57.11,57.13,57.1,57.1,5420.0
2026-01-28 13:50:00,57.09,57.2,57.08,57.19,21997.0
2026-01-28 13:51:00,57.2,57.22,57.17,57.19,14311.0
2026-01-28 13:52:00,57.17,57.18,57.16,57.16,9775.0
2026-01-28 13:53:00,57.16,57.17,57.14,57.145,12200.0
2026-01-28 13:54:00,57.15,57.21,57.15,57.19,9936.0
2026-01-28 13:55:00,57.18,57.205,57.17,57.205,10854.0
2026-01-28 13:56:00,57.2,57.235,57.19,57.23,13855.0
2026-01-28 13:57:00,57.22,57.24,57.22,57.22,9231.0
2026-01-28 13:58:00,57.23,57.24,57.215,57.23,4286.0
2026-01-28 13:59:00,57.23,57.235,57.16,57.18,12353.0
2026-01-28 14:00:00,57.15,57.35,57.09,57.26,63794.0
2026-01-28 14:01:00,57.27,57.28,57.05,57.06,10227.0
2026-01-28 14:02:00,57.06,57.06,56.84,56.92,56752.0
2026-01-28 14:03:00,56.89,57.0,56.89,56.95,41834.0
2026-01-28 14:04:00,56.96,57.12,56.95,57.08,24756.0
2026-01-28 14:05:00,57.07,57.1,56.94,56.95,29493.0
2026-01-28 14:06:00,56.96,57.04,56.95,57.0,10822.0
2026-01-28 14:07:00,57.0,57.03,56.98,57.0,6553.0
2026-01-28 14:08:00,57.015,57.11,57.0,57.07,14071.0
2026-01-28 14:09:00,57.07,57.1,57.04,57.05,10939.0
2026-01-28 14:10:00,57.04,57.07,57.0,57.06,44003.0
2026-01-28 14:11:00,57.07,57.11,57.01,57.11,11362.0
2026-01-28 14:12:00,57.12,57.15,57.12,57.12,7865.0
2026-01-28 14:13:00,57.11,57.11,56.995,57.0,21929.0
2026-01-28 14:14:00,57.01,57.06,56.98,57.02,27402.0
2026-01-28 14:15:00,57.01,57.02,56.95,56.99,28518.0
2026-01-28 14:16:00,56.99,57.0,56.96,57.0,15081.0
2026-01-28 14:17:00,56.99,57.01,56.96,56.97,14567.0
2026-01-28 14:18:00,56.98,56.98,56.92,56.96,10237.0
2026-01-28 14:19:00,56.96,57.07,56.96,57.04,12376.0
2026-01-28 14:20:00,57.055,57.06,56.99,57.0,15368.0
2026-01-28 14:21:00,57.0,57.01,56.93,56.93,11764.0
2026-01-28 14:22:00,56.92,57.02,56.92,57.0,8792.0
2026-01-28 14:23:00,57.01,57.1,57.01,57.1,12255.0
2026-01-28 14:24:00,57.1,57.17,57.09,57.15,14919.0
2026-01-28 14:25:00,57.15,57.155,57.125,57.14,22048.0
2026-01-28 14:26:00,57.135,57.19,57.135,57.15,7712.0
2026-01-28 14:27:00,57.15,57.15,57.11,57.13,10387.0
2026-01-28 14:28:00,57.12,57.16,57.11,57.15,11185.0
2026-01-28 14:29:00,57.15,57.16,56.85,56.86,76991.0
2026-01-28 14:30:00,56.86,57.13,56.81,57.13,104728.0
2026-01-28 14:31:00,57.13,57.2,56.93,56.94,91267.0
2026-01-28 14:32:00,56.95,57.09,56.82,57.09,53896.0
2026-01-28 14:33:00,57.09,57.16,56.97,57.06,46857.0
2026-01-28 14:34:00,57.06,57.11,56.97,57.06,68308.0
2026-01-28 14:35:00,57.06,57.18,57.06,57.08,39161.0
2026-01-28 14:36:00,57.1,57.19,57.07,57.15,29952.0
2026-01-28 14:37:00,57.16,57.23,57.14,57.14,79854.0
2026-01-28 14:38:00,57.13,57.18,57.06,57.1,33255.0
2026-01-28 14:39:00,57.11,57.12,57.02,57.02,13082.0
2026-01-28 14:40:00,57.02,57.05,56.91,57.02,28808.0
2026-01-28 14:41:00,57.03,57.09,56.9,57.08,42085.0
2026-01-28 14:42:00,57.08,57.14,57.06,57.1,27114.0
2026-01-28 14:43:00,57.1,57.13,57.01,57.02,27060.0
2026-01-28 14:44:00,57.02,57.1,57.01,57.04,20818.0
2026-01-28 14:45:00,57.04,57.16,57.02,57.15,23831.0
2026-01-28 14:46:00,57.16,57.22,57.08,57.15,17903.0
2026-01-28 14:47:00,57.15,57.24,57.15,57.19,22022.0
2026-01-28 14:48:00,57.21,57.35,57.21,57.34,41308.0
2026-01-28 14:49:00,57.35,57.36,57.27,57.28,9480.0
2026-01-28 14:50:00,57.28,57.34,57.28,57.3,20932.0
2026-01-28 14:51:00,57.3,57.33,57.25,57.33,18773.0
2026-01-28 14:52:00,57.33,57.44,57.33,57.38,49863.0
2026-01-28 14:53:00,57.38,57.38,57.31,57.32,30287.0
2026-01-28 14:54:00,57.32,57.42,57.3,57.39,23926.0
2026-01-28 14:55:00,57.39,57.39,57.31,57.325,13822.0
2026-01-28 14:56:00,57.32,57.32,57.25,57.26,16264.0
2026-01-28 14:57:00,57.26,57.28,57.2,57.28,12519.0
2026-01-28 14:58:00,57.28,57.35,57.275,57.31,4269.0
2026-01-28 14:59:00,57.31,57.32,57.11,57.12,17900.0
2026-01-28 15:00:00,57.1,57.23,57.08,57.23,23978.0
2026-01-28 15:01:00,57.23,57.32,57.23,57.28,13731.0
2026-01-28 15:02:00,57.29,57.33,57.27,57.28,5679.0
2026-01-28 15:03:00,57.29,57.31,57.25,57.25,8301.0
2026-01-28 15:04:00,57.24,57.3,57.215,57.26,8006.0
2026-01-28 15:05:00,57.27,57.29,57.27,57.29,15330.0
2026-01-28 15:06:00,57.3,57.33,57.29,57.31,16005.0
2026-01-28 15:07:00,57.31,57.37,57.3,57.31,18339.0
2026-01-28 15:08:00,57.31,57.32,57.26,57.27,12472.0
2026-01-28 15:09:00,57.27,57.39,57.27,57.38,13451.0
2026-01-28 15:10:00,57.39,57.42,57.38,57.42,34070.0
2026-01-28 15:11:00,57.43,57.45,57.39,57.39,16406.0
2026-01-28 15:12:00,57.395,57.42,57.38,57.39,12649.0
2026-01-28 15:13:00,57.4,57.4,57.37,57.39,8994.0
2026-01-28 15:14:00,57.39,57.41,57.35,57.36,24183.0
2026-01-28 15:15:00,57.355,57.355,57.29,57.35,4149.0
2026-01-28 15:16:00,57.34,57.35,57.3,57.31,14810.0
2026-01-28 15:17:00,57.31,57.375,57.28,57.35,11771.0
2026-01-28 15:18:00,57.36,57.36,57.33,57.35,3447.0
2026-01-28 15:19:00,57.37,57.385,57.35,57.36,45553.0
2026-01-28 15:20:00,57.371,57.4,57.31,57.315,34716.0
2026-01-28 15:21:00,57.315,57.37,57.315,57.37,2991.0
2026-01-28 15:22:00,57.37,57.43,57.36,57.41,17486.0
2026-01-28 15:23:00,57.41,57.41,57.38,57.38,2862.0
2026-01-28 15:24:00,57.39,57.44,57.39,57.39,6122.0
2026-01-28 15:25:00,57.39,57.39,57.27,57.27,15109.0
2026-01-28 15:26:00,57.28,57.3,57.23,57.24,10455.0
2026-01-28 15:27:00,57.24,57.28,57.24,57.27,8418.0
2026-01-28 15:28:00,57.27,57.28,57.25,57.25,4990.0
2026-01-28 15:29:00,57.24,57.24,57.2,57.22,8570.0
2026-01-28 15:30:00,57.21,57.25,57.205,57.22,21081.0
2026-01-28 15:31:00,57.21,57.21,57.13,57.15,5057.0
2026-01-28 15:32:00,57.16,57.175,57.14,57.17,8649.0
2026-01-28 15:33:00,57.17,57.17,57.13,57.13,16623.0
2026-01-28 15:34:00,57.14,57.15,57.08,57.08,12763.0
2026-01-28 15:35:00,57.07,57.18,57.055,57.18,16579.0
2026-01-28 15:36:00,57.17,57.2,57.17,57.17,4206.0
2026-01-28 15:37:00,57.18,57.22,57.15,57.161,4410.0
2026-01-28 15:38:00,57.15,57.15,57.115,57.12,7505.0
2026-01-28 15:39:00,57.13,57.205,57.12,57.205,7448.0
2026-01-28 15:40:00,57.2,57.21,57.19,57.2,7582.0
2026-01-28 15:41:00,57.2,57.2,57.14,57.15,7379.0
2026-01-28 15:42:00,57.15,57.15,57.1,57.13,7719.0
2026-01-28 15:43:00,57.14,57.14,57.09,57.1,11736.0
2026-01-28 15:44:00,57.11,57.11,57.08,57.09,4708.0
2026-01-28 15:45:00,57.095,57.14,57.09,57.11,4982.0
2026-01-28 15:46:00,57.11,57.115,57.07,57.08,7546.0
2026-01-28 15:47:00,57.07,57.14,57.06,57.131,8266.0
2026-01-28 15:48:00,57.14,57.17,57.14,57.15,6383.0
2026-01-28 15:49:00,57.14,57.18,57.07,57.07,48131.0
2026-01-28 15:50:00,57.07,57.19,56.94,57.19,81763.0
2026-01-28 15:51:00,57.19,57.2,57.16,57.2,8901.0
2026-01-28 15:52:00,57.2,57.22,57.16,57.21,9589.0
2026-01-28 15:53:00,57.21,57.28,57.2,57.27,67457.0
2026-01-28 15:54:00,57.27,57.29,57.19,57.19,64168.0
2026-01-28 15:55:00,57.2,57.24,57.12,57.24,17674.0
2026-01-28 15:56:00,57.235,57.24,57.2,57.2,10765.0
2026-01-28 15:57:00,57.2,57.25,57.2,57.23,12177.0
2026-01-28 15:58:00,57.22,57.23,57.19,57.23,11252.0
2026-01-28 15:59:00,57.23,57.25,56.97,57.04,96396.0
2026-01-29 09:30:00,56.94,57.17,56.88,57.0,121804.0
2026-01-29 09:31:00,57.0,57.21,56.8,56.86,61452.0
2026-01-29 09:32:00,56.86,56.98,56.85,56.92,51098.0
2026-01-29 09:33:00,56.92,56.92,56.76,56.8,31754.0
2026-01-29 09:34:00,56.8,56.84,56.62,56.72,86365.0
2026-01-29 09:35:00,56.72,56.73,56.45,56.48,100338.0
2026-01-29 09:36:00,56.49,56.51,56.215,56.26,80183.0
2026-01-29 09:37:00,56.27,56.33,56.1,56.28,55762.0
2026-01-29 09:38:00,56.28,56.39,56.18,56.25,45600.0
2026-01-29 09:39:00,56.25,56.36,56.22,56.27,74090.0
2026-01-29 09:40:00,56.27,56.32,56.15,56.255,114513.0
2026-01-29 09:41:00,56.25,56.26,56.06,56.12,85457.0
2026-01-29 09:42:00,56.11,56.12,55.9,55.99,117924.0
2026-01-29 09:43:00,56.0,56.14,55.79,55.83,99221.0
2026-01-29 09:44:00,55.82,55.9,55.74,55.76,36989.0
2026-01-29 09:45:00,55.76,55.77,55.61,55.77,45885.0
2026-01-29 09:46:00,55.75,55.75,55.5,55.62,72076.0
2026-01-29 09:47:00,55.61,55.925,55.54,55.91,48557.0
2026-01-29 09:48:00,55.9,56.12,55.9,56.12,40475.0
2026-01-29 09:49:00,56.12,56.13,55.97,56.0,44010.0
2026-01-29 09:50:00,55.98,56.0,55.78,55.92,35169.0
2026-01-29 09:51:00,55.92,55.94,55.67,55.73,40929.0
2026-01-29 09:52:00,55.73,55.74,55.6,55.66,35306.0
2026-01-29 09:53:00,55.66,55.66,55.5,55.505,75550.0
2026-01-29 09:54:00,55.51,55.73,55.46,55.7,144557.0
2026-01-29 09:55:00,55.7,55.76,55.63,55.76,35758.0
2026-01-29 09:56:00,55.76,55.76,55.63,55.66,34907.0
2026-01-29 09:57:00,55.65,55.7,55.45,55.49,52064.0
2026-01-29 09:58:00,55.5,55.52,55.325,55.33,65259.0
2026-01-29 09:59:00,55.33,55.35,55.16,55.19,100824.0
2026-01-29 10:00:00,55.18,55.21,54.75,54.84,179565.0
2026-01-29 10:01:00,54.84,54.93,54.68,54.7,86878.0
2026-01-29 10:02:00,54.71,54.8,54.66,54.69,69754.0
2026-01-29 10:03:00,54.69,54.79,54.51,54.55,70272.0
2026-01-29 10:04:00,54.56,54.76,54.48,54.76,74869.0
2026-01-29 10:05:00,54.75,54.93,54.72,54.78,63257.0
2026-01-29 10:06:00,54.76,54.83,54.68,54.78,48989.0
2026-01-29 10:07:00,54.79,54.83,54.7,54.75,32659.0
2026-01-29 10:08:00,54.77,54.92,54.76,54.79,41614.0
2026-01-29 10:09:00,54.79,54.81,54.63,54.67,30396.0
2026-01-29 10:10:00,54.68,54.75,54.54,54.75,50015.0
2026-01-29 10:11:00,54.74,54.94,54.7,54.94,78095.0
2026-01-29 10:12:00,54.945,54.945,54.68,54.71,41803.0
2026-01-29 10:13:00,54.71,54.75,54.51,54.53,57923.0
2026-01-29 10:14:00,54.52,54.52,54.26,54.27,110359.0
2026-01-29 10:15:00,54.29,54.47,54.27,54.45,44483.0
2026-01-29 10:16:00,54.41,54.49,54.29,54.43,39592.0
2026-01-29 10:17:00,54.43,54.53,54.32,54.43,39039.0
2026-01-29 10:18:00,54.43,54.65,54.39,54.56,61988.0
2026-01-29 10:19:00,54.56,54.68,54.49,54.52,28809.0
2026-01-29 10:20:00,54.52,54.83,54.43,54.82,54014.0
2026-01-29 10:21:00,54.83,54.88,54.75,54.78,31052.0
2026-01-29 10:22:00,54.79,54.82,54.69,54.8,26290.0
2026-01-29 10:23:00,54.79,54.9,54.73,54.74,36495.0
2026-01-29 10:24:00,54.74,54.83,54.61,54.73,36738.0
2026-01-29 10:25:00,54.73,54.83,54.67,54.8,21175.0
2026-01-29 10:26:00,54.83,54.92,54.7,54.74,46065.0
2026-01-29 10:27:00,54.75,54.76,54.53,54.53,32487.0
2026-01-29 10:28:00,54.54,54.54,54.38,54.4,43456.0
2026-01-29 10:29:00,54.38,54.43,54.3,54.36,14809.0
2026-01-29 10:30:00,54.35,54.46,54.24,54.35,335439.0
2026-01-29 10:31:00,54.35,54.47,54.19,54.22,69781.0
2026-01-29 10:32:00,54.23,54.26,54.13,54.13,37607.0
2026-01-29 10:33:00,54.12,54.15,54.04,54.1,38636.0
2026-01-29 10:34:00,54.11,54.19,54.07,54.13,34279.0
2026-01-29 10:35:00,54.13,54.17,53.99,54.11,108034.0
2026-01-29 10:36:00,54.11,54.14,53.885,53.94,49173.0
2026-01-29 10:37:00,53.95,54.09,53.94,54.01,20954.0
2026-01-29 10:38:00,54.0,54.0,53.85,53.93,24219.0
2026-01-29 10:39:00,53.96,53.97,53.86,53.86,24637.0
2026-01-29 10:40:00,53.87,53.87,53.67,53.71,91542.0
2026-01-29 10:41:00,53.7,53.84,53.67,53.72,23722.0
2026-01-29 10:42:00,53.72,53.75,53.61,53.66,47558.0
2026-01-29 10:43:00,53.66,53.66,53.56,53.58,37788.0
2026-01-29 10:44:00,53.58,53.65,53.545,53.62,38935.0
2026-01-29 10:45:00,53.62,53.68,53.57,53.68,32928.0
2026-01-29 10:46:00,53.68,53.72,53.59,53.63,49222.0
2026-01-29 10:47:00,53.64,53.74,53.55,53.74,103508.0
2026-01-29 10:48:00,53.74,53.75,53.59,53.6,61425.0
2026-01-29 10:49:00,53.61,53.61,53.44,53.48,124146.0
2026-01-29 10:50:00,53.49,53.49,53.29,53.31,83759.0
2026-01-29 10:51:00,53.31,53.35,53.2,53.21,36288.0
2026-01-29 10:52:00,53.22,53.26,53.19,53.21,36492.0
2026-01-29 10:53:00,53.205,53.25,53.16,53.19,50350.0
2026-01-29 10:54:00,53.18,53.18,53.09,53.105,55287.0
2026-01-29 10:55:00,53.11,53.3,53.06,53.3,27042.0
2026-01-29 10:56:00,53.31,53.525,53.31,53.5,84558.0
2026-01-29 10:57:00,53.51,53.6,53.46,53.5,45371.0
2026-01-29 10:58:00,53.51,53.52,53.35,53.35,32813.0
2026-01-29 10:59:00,53.34,53.41,53.3,53.32,31436.0
2026-01-29 11:00:00,53.32,53.44,53.22,53.44,54754.0
2026-01-29 11:01:00,53.45,53.45,53.29,53.34,21955.0
2026-01-29 11:02:00,53.36,53.36,53.19,53.27,48482.0
2026-01-29 11:03:00,53.27,53.32,53.19,53.28,27853.0
2026-01-29 11:04:00,53.28,53.45,53.2,53.2,26700.0
2026-01-29 11:05:00,53.21,53.36,53.16,53.315,37794.0
2026-01-29 11:06:00,53.315,53.315,53.21,53.26,23211.0
2026-01-29 11:07:00,53.26,53.26,53.09,53.1,68492.0
2026-01-29 11:08:00,53.1,53.29,53.08,53.2,34492.0
2026-01-29 11:09:00,53.2,53.33,53.16,53.3,17486.0
2026-01-29 11:10:00,53.3,53.4,53.18,53.38,39411.0
2026-01-29 11:11:00,53.38,53.57,53.38,53.57,45570.0
2026-01-29 11:12:00,53.58,53.65,53.52,53.62,35276.0
2026-01-29 11:13:00,53.62,53.78,53.6,53.78,64259.0
2026-01-29 11:14:00,53.77,53.92,53.77,53.9,56618.0
2026-01-29 11:15:00,53.9,53.97,53.85,53.88,55660.0
2026-01-29 11:16:00,53.88,53.97,53.85,53.97,25332.0
2026-01-29 11:17:00,53.96,54.02,53.83,53.92,67635.0
2026-01-29 11:18:00,53.92,53.97,53.84,53.93,28248.0
2026-01-29 11:19:00,53.95,54.06,53.93,54.021,28237.0
2026-01-29 11:20:00,54.03,54.21,54.03,54.15,53315.0
2026-01-29 11:21:00,54.16,54.19,54.11,54.18,31603.0
2026-01-29 11:22:00,54.19,54.21,53.9,53.92,44127.0
2026-01-29 11:23:00,53.9,54.06,53.88,53.98,22777.0
2026-01-29 11:24:00,53.98,54.11,53.96,54.03,32607.0
2026-01-29 11:25:00,54.02,54.18,54.02,54.12,22924.0
2026-01-29 11:26:00,54.13,54.15,54.05,54.1,33906.0
2026-01-29 11:27:00,54.11,54.15,54.04,54.08,24391.0
2026-01-29 11:28:00,54.09,54.1,53.86,53.92,30011.0
2026-01-29 11:29:00,53.91,54.15,53.91,54.04,39328.0
2026-01-29 11:30:00,54.03,54.2,54.01,54.1,25856.0
2026-01-29 11:31:00,54.09,54.101,54.0,54.03,14912.0
2026-01-29 11:32:00,54.01,54.06,53.98,54.045,17553.0
2026-01-29 11:33:00,54.04,54.15,54.04,54.07,21299.0
2026-01-29 11:34:00,54.07,54.11,54.0,54.0,17171.0
2026-01-29 11:35:00,54.0,54.01,53.93,53.96,16588.0
2026-01-29 11:36:00,53.965,54.15,53.965,53.98,15764.0
2026-01-29 11:37:00,53.98,54.13,53.95,54.01,24449.0
2026-01-29 11:38:00,54.01,54.11,53.99,54.06,9101.0
2026-01-29 11:39:00,54.07,54.2,54.03,54.12,17228.0
2026-01-29 11:40:00,54.11,54.25,54.07,54.2,30647.0
2026-01-29 11:41:00,54.19,54.25,54.14,54.17,90360.0
2026-01-29 11:42:00,54.17,54.25,54.17,54.25,22764.0
2026-01-29 11:43:00,54.25,54.33,54.22,54.24,383138.0
2026-01-29 11:44:00,54.25,54.33,54.15,54.19,32937.0
2026-01-29 11:45:00,54.2,54.26,54.15,54.15,71689.0
2026-01-29 11:46:00,54.17,54.3,54.17,54.26,16597.0
2026-01-29 11:47:00,54.28,54.38,54.25,54.36,58233.0
2026-01-29 11:48:00,54.36,54.38,54.27,54.28,39155.0
2026-01-29 11:49:00,54.27,54.31,54.19,54.26,65623.0
2026-01-29 11:50:00,54.26,54.32,54.22,54.27,9116.0
2026-01-29 11:51:00,54.27,54.31,54.2,54.22,12897.0
2026-01-29 11:52:00,54.22,54.27,54.16,54.18,126624.0
2026-01-29 11:53:00,54.18,54.23,54.12,54.18,18386.0
2026-01-29 11:54:00,54.19,54.23,54.16,54.16,6394.0
2026-01-29 11:55:00,54.16,54.24,54.16,54.16,7401.0
2026-01-29 11:56:00,54.15,54.2,54.1,54.19,41754.0
2026-01-29 11:57:00,54.19,54.2,54.08,54.11,9253.0
2026-01-29 11:58:00,54.11,54.115,54.04,54.09,11813.0
2026-01-29 11:59:00,54.12,54.24,54.08,54.19,10179.0
2026-01-29 12:00:00,54.2,54.35,54.19,54.33,40963.0
2026-01-29 12:01:00,54.33,54.42,54.33,54.36,20772.0
2026-01-29 12:02:00,54.38,54.46,54.37,54.45,10746.0
2026-01-29 12:03:00,54.46,54.53,54.43,54.47,39677.0
2026-01-29 12:04:00,54.47,54.49,54.42,54.43,11010.0
2026-01-29 12:05:00,54.41,54.5,54.36,54.38,84626.0
2026-01-29 12:06:00,54.37,54.44,54.36,54.39,9959.0
2026-01-29 12:07:00,54.38,54.5,54.38,54.49,27336.0
2026-01-29 12:08:00,54.48,54.51,54.37,54.44,17853.0
2026-01-29 12:09:00,54.44,54.49,54.41,54.46,9088.0
2026-01-29 12:10:00,54.46,54.5,54.45,54.46,15381.0
2026-01-29 12:11:00,54.46,54.535,54.45,54.52,13763.0
2026-01-29 12:12:00,54.53,54.67,54.5,54.64,121684.0
2026-01-29 12:13:00,54.64,54.77,54.64,54.76,27313.0
2026-01-29 12:14:00,54.77,54.84,54.76,54.79,33154.0
2026-01-29 12:15:00,54.79,54.88,54.79,54.86,9430.0
2026-01-29 12:16:00,54.85,54.86,54.75,54.77,31808.0
2026-01-29 12:17:00,54.78,54.81,54.74,54.78,10350.0
2026-01-29 12:18:00,54.78,54.82,54.73,54.8,19890.0
2026-01-29 12:19:00,54.81,54.85,54.8,54.84,15459.0
2026-01-29 12:20:00,54.85,54.91,54.83,54.89,33336.0
2026-01-29 12:21:00,54.9,54.94,54.89,54.91,14181.0
2026-01-29 12:22:00,54.92,54.93,54.87,54.9,18374.0
2026-01-29 12:23:00,54.91,55.05,54.87,55.05,147303.0
2026-01-29 12:24:00,55.05,55.12,55.03,55.07,26233.0
2026-01-29 12:25:00,55.08,55.1,55.02,55.03,58623.0
2026-01-29 12:26:00,55.05,55.05,54.9,54.93,36688.0
2026-01-29 12:27:00,54.92,55.02,54.92,55.02,32357.0
2026-01-29 12:28:00,55.04,55.08,55.03,55.08,23498.0
2026-01-29 12:29:00,55.09,55.11,55.04,55.04,7674.0
2026-01-29 12:30:00,55.03,55.14,55.02,55.06,26248.0
2026-01-29 12:31:00,55.07,55.12,55.04,55.12,17381.0
2026-01-29 12:32:00,55.13,55.15,55.06,55.1,13135.0
2026-01-29 12:33:00,55.1,55.12,55.0,55.0,12997.0
2026-01-29 12:34:00,55.02,55.12,55.02,55.12,10409.0
2026-01-29 12:35:00,55.11,55.15,55.1,55.11,57440.0
2026-01-29 12:36:00,55.12,55.19,55.1,55.19,18437.0
2026-01-29 12:37:00,55.2,55.28,55.2,55.23,62309.0
2026-01-29 12:38:00,55.23,55.29,55.21,55.22,21398.0
2026-01-29 12:39:00,55.21,55.235,55.139,55.14,8664.0
2026-01-29 12:40:00,55.14,55.14,55.04,55.05,18428.0
2026-01-29 12:41:00,55.05,55.11,55.0,55.04,10325.0
2026-01-29 12:42:00,55.04,55.06,54.93,54.93,25475.0
2026-01-29 12:43:00,54.94,54.97,54.88,54.94,20721.0
2026-01-29 12:44:00,54.97,55.05,54.97,55.02,34634.0
2026-01-29 12:45:00,55.02,55.02,54.87,54.87,14966.0
2026-01-29 12:46:00,54.86,54.87,54.82,54.82,12107.0
2026-01-29 12:47:00,54.82,54.83,54.73,54.73,55958.0
2026-01-29 12:48:00,54.72,54.79,54.72,54.77,6271.0
2026-01-29 12:49:00,54.75,54.92,54.75,54.88,24087.0
2026-01-29 12:50:00,54.87,54.89,54.77,54.82,16664.0
2026-01-29 12:51:00,54.81,54.82,54.7,54.7,7142.0
2026-01-29 12:52:00,54.72,54.72,54.56,54.6,19652.0
2026-01-29 12:53:00,54.58,54.6,54.5,54.53,41070.0
2026-01-29 12:54:00,54.53,54.55,54.48,54.5,37311.0
2026-01-29 12:55:00,54.51,54.62,54.48,54.55,18279.0
2026-01-29 12:56:00,54.55,54.63,54.51,54.61,21244.0
2026-01-29 12:57:00,54.61,54.63,54.519,54.55,9557.0
2026-01-29 12:58:00,54.55,54.59,54.47,54.54,9080.0
2026-01-29 12:59:00,54.54,54.54,54.46,54.52,7803.0
2026-01-29 13:00:00,54.52,54.68,54.52,54.63,33365.0
2026-01-29 13:01:00,54.61,54.62,54.53,54.62,18239.0
2026-01-29 13:02:00,54.63,54.69,54.6,54.69,7362.0
2026-01-29 13:03:00,54.7,54.91,54.68,54.82,26620.0
2026-01-29 13:04:00,54.82,54.86,54.81,54.83,5061.0
2026-01-29 13:05:00,54.85,55.01,54.85,55.0,18309.0
2026-01-29 13:06:00,55.0,55.09,54.99,55.04,14683.0
2026-01-29 13:07:00,55.05,55.05,54.94,54.94,13585.0
2026-01-29 13:08:00,54.92,54.95,54.88,54.89,13529.0
2026-01-29 13:09:00,54.89,54.98,54.81,54.97,30143.0
2026-01-29 13:10:00,54.97,55.03,54.97,55.02,13356.0
2026-01-29 13:11:00,55.01,55.08,55.01,55.08,60777.0
2026-01-29 13:12:00,55.08,55.12,55.05,55.07,28153.0
2026-01-29 13:13:00,55.08,55.14,55.07,55.1,13140.0
2026-01-29 13:14:00,55.11,55.18,55.09,55.13,13598.0
2026-01-29 13:15:00,55.13,55.13,55.1,55.11,11177.0
2026-01-29 13:16:00,55.11,55.15,55.03,55.05,21849.0
2026-01-29 13:17:00,55.04,55.05,54.99,55.01,10595.0
2026-01-29 13:18:00,55.02,55.03,54.98,55.01,18449.0
2026-01-29 13:19:00,55.0,55.01,54.92,54.96,18268.0
2026-01-29 13:20:00,54.98,55.03,54.93,54.98,9482.0
2026-01-29 13:21:00,54.98,54.98,54.88,54.95,9052.0
2026-01-29 13:22:00,54.95,55.04,54.93,54.98,14576.0
2026-01-29 13:23:00,54.99,55.03,54.97,54.99,11819.0
2026-01-29 13:24:00,55.0,55.02,54.96,55.02,9669.0
2026-01-29 13:25:00,55.02,55.05,54.99,55.01,14654.0
2026-01-29 13:26:00,55.03,55.05,54.97,54.99,9965.0
2026-01-29 13:27:00,55.02,55.04,54.99,54.99,19220.0
2026-01-29 13:28:00,54.99,55.08,54.97,55.07,13441.0
2026-01-29 13:29:00,55.08,55.13,55.07,55.09,9032.0
2026-01-29 13:30:00,55.08,55.09,54.92,54.96,38231.0
2026-01-29 13:31:00,54.94,55.05,54.93,54.99,31206.0
2026-01-29 13:32:00,55.0,55.07,55.0,55.01,1560.0
2026-01-29 13:33:00,55.0,55.02,54.95,54.97,10504.0
2026-01-29 13:34:00,54.97,55.06,54.97,55.06,10091.0
2026-01-29 13:35:00,55.07,55.1,55.04,55.08,12095.0
2026-01-29 13:36:00,55.09,55.1,55.06,55.1,9461.0
2026-01-29 13:37:00,55.11,55.19,55.11,55.19,16532.0
2026-01-29 13:38:00,55.18,55.23,55.15,55.18,31008.0
2026-01-29 13:39:00,55.19,55.24,55.19,55.24,6480.0
2026-01-29 13:40:00,55.24,55.365,55.24,55.28,51629.0
2026-01-29 13:41:00,55.28,55.3,55.22,55.24,8769.0
2026-01-29 13:42:00,55.25,55.28,55.17,55.22,12381.0
2026-01-29 13:43:00,55.22,55.27,55.19,55.27,39106.0
2026-01-29 13:44:00,55.26,55.26,55.2,55.23,14708.0
2026-01-29 13:45:00,55.23,55.24,55.15,55.15,7696.0
2026-01-29 13:46:00,55.15,55.18,55.09,55.16,7681.0
2026-01-29 13:47:00,55.16,55.21,55.16,55.175,10810.0
2026-01-29 13:48:00,55.17,55.23,55.14,55.14,11223.0
2026-01-29 13:49:00,55.17,55.24,55.17,55.24,2142.0
2026-01-29 13:50:00,55.24,55.3,55.23,55.23,23087.0
2026-01-29 13:51:00,55.24,55.26,55.22,55.26,7000.0
2026-01-29 13:52:00,55.27,55.29,55.17,55.18,14868.0
2026-01-29 13:53:00,55.18,55.19,55.145,55.19,7382.0
2026-01-29 13:54:00,55.17,55.2,55.15,55.16,40532.0
2026-01-29 13:55:00,55.17,55.22,55.11,55.2,19367.0
2026-01-29 13:56:00,55.2,55.2,55.14,55.14,4534.0
2026-01-29 13:57:00,55.15,55.15,55.09,55.09,35556.0
2026-01-29 13:58:00,55.11,55.15,55.08,55.08,3866.0
2026-01-29 13:59:00,55.09,55.11,55.02,55.03,10388.0
2026-01-29 14:00:00,55.02,55.06,55.0,55.0,21648.0
2026-01-29 14:01:00,55.03,55.05,54.92,55.04,19882.0
2026-01-29 14:02:00,55.01,55.12,55.0,55.1,18026.0
2026-01-29 14:03:00,55.1,55.13,55.04,55.04,8669.0
2026-01-29 14:04:00,55.04,55.06,55.02,55.06,13721.0
2026-01-29 14:05:00,55.06,55.2,55.06,55.2,14309.0
2026-01-29 14:06:00,55.21,55.29,55.2,55.24,17449.0
2026-01-29 14:07:00,55.24,55.29,55.24,55.29,16792.0
2026-01-29 14:08:00,55.29,55.3,55.18,55.2,22228.0
2026-01-29 14:09:00,55.23,55.23,55.21,55.21,6498.0
2026-01-29 14:10:00,55.21,55.23,55.18,55.21,18446.0
2026-01-29 14:11:00,55.2,55.28,55.18,55.27,9474.0
2026-01-29 14:12:00,55.26,55.32,55.25,55.28,6371.0
2026-01-29 14:13:00,55.28,55.31,55.27,55.28,11304.0
2026-01-29 14:14:00,55.28,55.31,55.27,55.29,10142.0
2026-01-29 14:15:00,55.28,55.32,55.24,55.25,9887.0
2026-01-29 14:16:00,55.24,55.3,55.23,55.3,7074.0
2026-01-29 14:17:00,55.3,55.34,55.29,55.33,19240.0
2026-01-29 14:18:00,55.34,55.42,55.33,55.36,40510.0
2026-01-29 14:19:00,55.36,55.37,55.26,55.31,4961.0
2026-01-29 14:20:00,55.31,55.32,55.26,55.27,6043.0
2026-01-29 14:21:00,55.28,55.32,55.27,55.31,9901.0
2026-01-29 14:22:00,55.32,55.33,55.31,55.33,3328.0
2026-01-29 14:23:00,55.34,55.34,55.28,55.32,9354.0
2026-01-29 14:24:00,55.32,55.33,55.31,55.33,9611.0
2026-01-29 14:25:00,55.34,55.35,55.3,55.32,10362.0
2026-01-29 14:26:00,55.32,55.33,55.3,55.32,16452.0
2026-01-29 14:27:00,55.31,55.31,55.28,55.3,12185.0
2026-01-29 14:28:00,55.3,55.31,55.28,55.31,9965.0
2026-01-29 14:29:00,55.3,55.32,55.29,55.3,10952.0
2026-01-29 14:30:00,55.295,55.34,55.11,55.11,57537.0
2026-01-29 14:31:00,55.1,55.26,55.08,55.22,16875.0
2026-01-29 14:32:00,55.23,55.245,55.16,55.17,27586.0
2026-01-29 14:33:00,55.17,55.18,55.13,55.14,11406.0
2026-01-29 14:34:00,55.14,55.14,55.08,55.08,19699.0
2026-01-29 14:35:00,55.08,55.19,55.08,55.15,14136.0
2026-01-29 14:36:00,55.15,55.15,55.09,55.14,5620.0
2026-01-29 14:37:00,55.11,55.14,55.09,55.14,5760.0
2026-01-29 14:38:00,55.14,55.14,55.08,55.11,7314.0
2026-01-29 14:39:00,55.12,55.2,55.095,55.11,11503.0
2026-01-29 14:40:00,55.13,55.15,55.11,55.14,10067.0
2026-01-29 14:41:00,55.15,55.2,55.13,55.13,7172.0
2026-01-29 14:42:00,55.14,55.17,55.13,55.16,4810.0
2026-01-29 14:43:00,55.15,55.15,55.11,55.12,9828.0
2026-01-29 14:44:00,55.129,55.15,55.12,55.15,6647.0
2026-01-29 14:45:00,55.16,55.2,55.13,55.135,9363.0
2026-01-29 14:46:00,55.15,55.15,55.1,55.12,5284.0
2026-01-29 14:47:00,55.12,55.14,55.07,55.07,17921.0
2026-01-29 14:48:00,55.075,55.079,55.05,55.07,3426.0
2026-01-29 14:49:00,55.07,55.09,55.0,55.02,13987.0
2026-01-29 14:50:00,55.05,55.1,55.04,55.1,6548.0
2026-01-29 14:51:00,55.1,55.14,55.1,55.13,3812.0
2026-01-29 14:52:00,55.12,55.16,55.1,55.11,9237.0
2026-01-29 14:53:00,55.12,55.14,55.11,55.13,7761.0
2026-01-29 14:54:00,55.13,55.2,55.13,55.19,14538.0
2026-01-29 14:55:00,55.2,55.24,55.19,55.19,7925.0
2026-01-29 14:56:00,55.19,55.19,55.14,55.15,12814.0
2026-01-29 14:57:00,55.16,55.2,55.16,55.19,9216.0
2026-01-29 14:58:00,55.2,55.24,55.19,55.19,20179.0
2026-01-29 14:59:00,55.185,55.21,55.09,55.1,16901.0
2026-01-29 15:00:00,55.1,55.11,55.06,55.11,16669.0
2026-01-29 15:01:00,55.1,55.2,55.1,55.17,8875.0
2026-01-29 15:02:00,55.17,55.2,55.14,55.14,2982.0
2026-01-29 15:03:00,55.14,55.17,55.13,55.17,3793.0
2026-01-29 15:04:00,55.18,55.2,55.13,55.13,5128.0
2026-01-29 15:05:00,55.12,55.16,55.1,55.16,6485.0
2026-01-29 15:06:00,55.16,55.25,55.16,55.22,27896.0
2026-01-29 15:07:00,55.22,55.24,55.22,55.24,5787.0
2026-01-29 15:08:00,55.25,55.29,55.25,55.27,9330.0
2026-01-29 15:09:00,55.26,55.29,55.25,55.27,4533.0
2026-01-29 15:10:00,55.29,55.3,55.26,55.265,12849.0
2026-01-29 15:11:00,55.27,55.27,55.22,55.23,4755.0
2026-01-29 15:12:00,55.23,55.27,55.23,55.25,8713.0
2026-01-29 15:13:00,55.26,55.28,55.24,55.26,7147.0
2026-01-29 15:14:00,55.25,55.26,55.23,55.23,9561.0
2026-01-29 15:15:00,55.22,55.27,55.219,55.27,22089.0
2026-01-29 15:16:00,55.27,55.28,55.269,55.27,3105.0
2026-01-29 15:17:00,55.28,55.28,55.215,55.215,3644.0
2026-01-29 15:18:00,55.21,55.28,55.2,55.27,45373.0
2026-01-29 15:19:00,55.27,55.27,55.25,55.26,6700.0
2026-01-29 15:20:00,55.27,55.27,55.2,55.23,9639.0
2026-01-29 15:21:00,55.23,55.24,55.2,55.2,7394.0
2026-01-29 15:22:00,55.2,55.28,55.2,55.24,20457.0
2026-01-29 15:23:00,55.23,55.25,55.22,55.24,17641.0
2026-01-29 15:24:00,55.24,55.26,55.24,55.26,8916.0
2026-01-29 15:25:00,55.26,55.29,55.25,55.26,95444.0
2026-01-29 15:26:00,55.27,55.275,55.23,55.24,6632.0
2026-01-29 15:27:00,55.25,55.265,55.21,55.21,25314.0
2026-01-29 15:28:00,55.21,55.21,55.17,55.17,3271.0
2026-01-29 15:29:00,55.17,55.19,55.115,55.12,13547.0
2026-01-29 15:30:00,55.12,55.16,55.1,55.111,10429.0
2026-01-29 15:31:00,55.11,55.15,55.1,55.1,10935.0
2026-01-29 15:32:00,55.125,55.13,55.09,55.105,4183.0
2026-01-29 15:33:00,55.11,55.17,55.11,55.16,17911.0
2026-01-29 15:34:00,55.16,55.26,55.16,55.26,14504.0
2026-01-29 15:35:00,55.26,55.28,55.235,55.27,5628.0
2026-01-29 15:36:00,55.28,55.31,55.26,55.3,46108.0
2026-01-29 15:37:00,55.305,55.38,55.29,55.38,23432.0
2026-01-29 15:38:00,55.38,55.45,55.37,55.44,20766.0
2026-01-29 15:39:00,55.44,55.55,55.44,55.49,41325.0
2026-01-29 15:40:00,55.49,55.54,55.44,55.49,14337.0
2026-01-29 15:41:00,55.49,55.5,55.45,55.45,18422.0
2026-01-29 15:42:00,55.46,55.56,55.46,55.54,11550.0
2026-01-29 15:43:00,55.55,55.59,55.51,55.57,70621.0
2026-01-29 15:44:00,55.56,55.59,55.56,55.57,107983.0
2026-01-29 15:45:00,55.56,55.57,55.51,55.53,196646.0
2026-01-29 15:46:00,55.53,55.58,55.52,55.56,11084.0
2026-01-29 15:47:00,55.56,55.58,55.55,55.57,5076.0
2026-01-29 15:48:00,55.55,55.58,55.541,55.55,9112.0
2026-01-29 15:49:00,55.56,55.59,55.55,55.57,12505.0
2026-01-29 15:50:00,55.58,55.81,55.58,55.8,105659.0
2026-01-29 15:51:00,55.81,55.84,55.77,55.8,78809.0
2026-01-29 15:52:00,55.8,55.87,55.77,55.87,33101.0
2026-01-29 15:53:00,55.88,55.925,55.88,55.89,41662.0
2026-01-29 15:54:00,55.89,55.99,55.86,55.97,79634.0
2026-01-29 15:55:00,55.97,56.09,55.93,56.06,133764.0
2026-01-29 15:56:00,56.07,56.08,56.03,56.08,35652.0
2026-01-29 15:57:00,56.09,56.16,56.08,56.16,24559.0
2026-01-29 15:58:00,56.17,56.2,56.145,56.16,48843.0
2026-01-29 15:59:00,56.17,56.18,56.01,56.03,76246.0
2026-01-30 09:30:00,55.02,55.55,54.95,55.43,99897.0
2026-01-30 09:31:00,55.42,55.42,55.0,55.02,62423.0
2026-01-30 09:32:00,55.02,55.2,54.9,55.05,35749.0
2026-01-30 09:33:00,55.06,55.32,54.95,55.32,35676.0
2026-01-30 09:34:00,55.34,55.47,55.31,55.39,26515.0
2026-01-30 09:35:00,55.39,55.45,55.25,55.43,26571.0
2026-01-30 09:36:00,55.41,55.45,55.3,55.35,24885.0
2026-01-30 09:37:00,55.34,55.36,55.05,55.2,37014.0
2026-01-30 09:38:00,55.2,55.43,55.19,55.29,23256.0
2026-01-30 09:39:00,55.32,55.59,55.32,55.57,27798.0
2026-01-30 09:40:00,55.55,55.709,55.5,55.63,46415.0
2026-01-30 09:41:00,55.62,55.66,55.52,55.55,33518.0
2026-01-30 09:42:00,55.55,55.61,55.45,55.49,26273.0
2026-01-30 09:43:00,55.45,55.45,55.32,55.37,22219.0
2026-01-30 09:44:00,55.37,55.4,55.27,55.28,14983.0
2026-01-30 09:45:00,55.28,55.32,55.19,55.19,32444.0
2026-01-30 09:46:00,55.2,55.23,55.07,55.16,30815.0
2026-01-30 09:47:00,55.18,55.38,55.12,55.3,36502.0
2026-01-30 09:48:00,55.28,55.31,55.18,55.22,37984.0
2026-01-30 09:49:00,55.23,55.44,55.2,55.43,56984.0
2026-01-30 09:50:00,55.42,55.64,55.35,55.46,67695.0
2026-01-30 09:51:00,55.5,55.62,55.47,55.53,17033.0
2026-01-30 09:52:00,55.53,55.57,55.38,55.38,68075.0
2026-01-30 09:53:00,55.37,55.4,55.249,55.369,22722.0
2026-01-30 09:54:00,55.37,55.37,55.19,55.3,54126.0
2026-01-30 09:55:00,55.3,55.43,55.26,55.33,26421.0
2026-01-30 09:56:00,55.33,55.5,55.23,55.39,21816.0
2026-01-30 09:57:00,55.39,55.41,55.27,55.27,15248.0
2026-01-30 09:58:00,55.27,55.32,55.08,55.09,43260.0
2026-01-30 09:59:00,55.09,55.09,54.86,54.99,49114.0
2026-01-30 10:00:00,54.98,55.14,54.96,55.03,27496.0
2026-01-30 10:01:00,55.0,55.17,54.95,55.15,23253.0
2026-01-30 10:02:00,55.18,55.27,54.94,54.96,35606.0
2026-01-30 10:03:00,54.94,55.09,54.9,55.01,13420.0
2026-01-30 10:04:00,55.02,55.02,54.88,54.89,31434.0
2026-01-30 10:05:00,54.91,55.17,54.9,55.12,36334.0
2026-01-30 10:06:00,55.17,55.43,55.155,55.43,69923.0
2026-01-30 10:07:00,55.42,55.48,55.32,55.44,33347.0
2026-01-30 10:08:00,55.44,55.45,55.25,55.31,29036.0
2026-01-30 10:09:00,55.32,55.37,55.26,55.36,8110.0
2026-01-30 10:10:00,55.37,55.4,55.27,55.31,33517.0
2026-01-30 10:11:00,55.33,55.53,55.19,55.53,193653.0
2026-01-30 10:12:00,55.54,55.61,55.47,55.47,88213.0
2026-01-30 10:13:00,55.47,55.53,55.42,55.47,15280.0
2026-01-30 10:14:00,55.48,55.48,55.31,55.42,162656.0
2026-01-30 10:15:00,55.43,55.5,55.38,55.41,9622.0
2026-01-30 10:16:00,55.45,55.57,55.45,55.51,8622.0
2026-01-30 10:17:00,55.54,55.57,55.41,55.53,8422.0
2026-01-30 10:18:00,55.49,55.55,55.45,55.48,10805.0
2026-01-30 10:19:00,55.47,55.51,55.35,55.39,10459.0
2026-01-30 10:20:00,55.37,55.52,55.32,55.46,6571.0
2026-01-30 10:21:00,55.48,55.48,55.27,55.32,21075.0
2026-01-30 10:22:00,55.31,55.34,55.24,55.29,5628.0
2026-01-30 10:23:00,55.29,55.3,55.13,55.24,16764.0
2026-01-30 10:24:00,55.25,55.27,55.16,55.19,7079.0
2026-01-30 10:25:00,55.2,55.2,55.12,55.17,11779.0
2026-01-30 10:26:00,55.15,55.15,54.94,54.99,59892.0
2026-01-30 10:27:00,54.98,55.13,54.95,55.08,27207.0
2026-01-30 10:28:00,55.08,55.08,54.91,54.92,13190.0
2026-01-30 10:29:00,54.91,54.95,54.75,54.77,50371.0
2026-01-30 10:30:00,54.77,54.77,54.63,54.69,40237.0
2026-01-30 10:31:00,54.68,54.86,54.66,54.76,28041.0
2026-01-30 10:32:00,54.77,54.81,54.71,54.76,28604.0
2026-01-30 10:33:00,54.77,54.84,54.68,54.74,68294.0
2026-01-30 10:34:00,54.74,54.86,54.73,54.84,28890.0
2026-01-30 10:35:00,54.85,55.33,54.85,55.33,75216.0
2026-01-30 10:36:00,55.34,55.38,55.03,55.03,36809.0
2026-01-30 10:37:00,55.06,55.15,55.04,55.14,21259.0
2026-01-30 10:38:00,55.17,55.31,55.09,55.31,34497.0
2026-01-30 10:39:00,55.31,55.32,55.27,55.32,10263.0
2026-01-30 10:40:00,55.32,55.4,55.28,55.34,27713.0
2026-01-30 10:41:00,55.35,55.43,55.33,55.395,35613.0
2026-01-30 10:42:00,55.42,55.5,55.42,55.45,39174.0
2026-01-30 10:43:00,55.44,55.47,55.34,55.38,13945.0
2026-01-30 10:44:00,55.38,55.52,55.38,55.39,24487.0
2026-01-30 10:45:00,55.41,55.44,55.35,55.43,11480.0
2026-01-30 10:46:00,55.44,55.59,55.42,55.59,47806.0
2026-01-30 10:47:00,55.59,55.67,55.54,55.56,20621.0
2026-01-30 10:48:00,55.56,55.63,55.54,55.6,20546.0
2026-01-30 10:49:00,55.59,55.59,55.48,55.5,4922.0
2026-01-30 10:50:00,55.49,55.53,55.38,55.45,55526.0
2026-01-30 10:51:00,55.46,55.52,55.37,55.37,10589.0
2026-01-30 10:52:00,55.4,55.42,55.31,55.37,6099.0
2026-01-30 10:53:00,55.36,55.36,55.13,55.16,22842.0
2026-01-30 10:54:00,55.16,55.22,55.075,55.21,13925.0
2026-01-30 10:55:00,55.21,55.27,55.13,55.13,12727.0
2026-01-30 10:56:00,55.18,55.18,55.05,55.07,12225.0
2026-01-30 10:57:00,55.06,55.09,54.97,55.09,20198.0
2026-01-30 10:58:00,55.1,55.19,55.09,55.09,11562.0
2026-01-30 10:59:00,55.09,55.16,55.06,55.08,11893.0
2026-01-30 11:00:00,55.08,55.13,55.02,55.07,9352.0
2026-01-30 11:01:00,55.07,55.09,55.0,55.04,23143.0
2026-01-30 11:02:00,55.04,55.14,55.01,55.08,13146.0
2026-01-30 11:03:00,55.09,55.11,55.05,55.06,7734.0
2026-01-30 11:04:00,55.1,55.11,55.0,55.04,47721.0
2026-01-30 11:05:00,55.04,55.1,54.96,54.96,65705.0
2026-01-30 11:06:00,54.97,55.22,54.97,55.22,20430.0
2026-01-30 11:07:00,55.23,55.24,55.11,55.12,9147.0
2026-01-30 11:08:00,55.13,55.13,55.04,55.09,19916.0
2026-01-30 11:09:00,55.1,55.13,54.97,54.98,12317.0
2026-01-30 11:10:00,54.99,55.05,54.91,54.97,17175.0
2026-01-30 11:11:00,54.98,55.02,54.95,54.99,15622.0
2026-01-30 11:12:00,54.99,55.13,54.97,55.08,24061.0
2026-01-30 11:13:00,55.1,55.1,54.96,54.98,9472.0
2026-01-30 11:14:00,54.98,55.09,54.97,55.02,2634.0
2026-01-30 11:15:00,55.02,55.02,54.87,54.93,16817.0
2026-01-30 11:16:00,54.92,54.96,54.84,54.87,9611.0
2026-01-30 11:17:00,54.87,54.9,54.82,54.82,8799.0
2026-01-30 11:18:00,54.81,54.81,54.68,54.79,108642.0
2026-01-30 11:19:00,54.8,54.81,54.71,54.73,15678.0
2026-01-30 11:20:00,54.73,54.76,54.67,54.72,17568.0
2026-01-30 11:21:00,54.73,54.74,54.52,54.54,49962.0
2026-01-30 11:22:00,54.56,54.64,54.51,54.62,11496.0
2026-01-30 11:23:00,54.63,54.69,54.56,54.59,9405.0
2026-01-30 11:24:00,54.57,54.61,54.54,54.58,6708.0
2026-01-30 11:25:00,54.57,54.73,54.51,54.72,21050.0
2026-01-30 11:26:00,54.71,54.78,54.6,54.61,40011.0
2026-01-30 11:27:00,54.62,54.77,54.62,54.76,6024.0
2026-01-30 11:28:00,54.74,54.79,54.72,54.79,10055.0
2026-01-30 11:29:00,54.79,54.93,54.78,54.79,44411.0
2026-01-30 11:30:00,54.79,54.87,54.74,54.85,7663.0
2026-01-30 11:31:00,54.88,54.93,54.84,54.88,13450.0
2026-01-30 11:32:00,54.88,54.92,54.71,54.89,47674.0
2026-01-30 11:33:00,54.9,54.99,54.75,54.76,27478.0
2026-01-30 11:34:00,54.77,54.86,54.72,54.72,17599.0
2026-01-30 11:35:00,54.74,54.89,54.71,54.87,12361.0
2026-01-30 11:36:00,54.86,54.88,54.75,54.77,11081.0
2026-01-30 11:37:00,54.79,55.0,54.79,55.0,125695.0
2026-01-30 11:38:00,55.0,55.04,54.97,55.02,69345.0
2026-01-30 11:39:00,55.02,55.03,54.87,54.87,20274.0
2026-01-30 11:40:00,54.85,55.06,54.85,55.04,18508.0
2026-01-30 11:41:00,55.05,55.07,54.95,54.99,3364.0
2026-01-30 11:42:00,54.99,55.03,54.9,54.99,7575.0
2026-01-30 11:43:00,54.99,55.1,54.98,55.08,13042.0
2026-01-30 11:44:00,55.09,55.18,55.05,55.05,15873.0
2026-01-30 11:45:00,55.03,55.04,54.91,54.94,16696.0
2026-01-30 11:46:00,54.91,54.99,54.85,54.99,21555.0
2026-01-30 11:47:00,54.99,55.01,54.88,54.88,3805.0
2026-01-30 11:48:00,54.85,54.95,54.79,54.88,6000.0
2026-01-30 11:49:00,54.87,54.89,54.76,54.77,10189.0
2026-01-30 11:50:00,54.78,54.78,54.66,54.7,21991.0
2026-01-30 11:51:00,54.71,54.77,54.64,54.66,18206.0
2026-01-30 11:52:00,54.65,54.7,54.6,54.65,131451.0
2026-01-30 11:53:00,54.69,54.85,54.69,54.72,12996.0
2026-01-30 11:54:00,54.72,54.8,54.68,54.79,3704.0
2026-01-30 11:55:00,54.77,54.77,54.7,54.74,12363.0
2026-01-30 11:56:00,54.74,54.77,54.62,54.65,8476.0
2026-01-30 11:57:00,54.64,54.68,54.58,54.59,18197.0
2026-01-30 11:58:00,54.58,54.59,54.495,54.58,36347.0
2026-01-30 11:59:00,54.55,54.55,54.46,54.52,21324.0
2026-01-30 12:00:00,54.52,54.54,54.45,54.47,19238.0
2026-01-30 12:01:00,54.46,54.56,54.42,54.5,20351.0
2026-01-30 12:02:00,54.5,54.53,54.32,54.38,39518.0
2026-01-30 12:03:00,54.39,54.41,54.3,54.31,24698.0
2026-01-30 12:04:00,54.33,54.34,54.26,54.26,15432.0
2026-01-30 12:05:00,54.27,54.29,54.2,54.27,16300.0
2026-01-30 12:06:00,54.28,54.28,54.16,54.16,20609.0
2026-01-30 12:07:00,54.17,54.17,54.11,54.13,62278.0
2026-01-30 12:08:00,54.13,54.17,54.08,54.105,14048.0
2026-01-30 12:09:00,54.1,54.22,54.09,54.16,26996.0
2026-01-30 12:10:00,54.15,54.29,54.12,54.26,19207.0
2026-01-30 12:11:00,54.25,54.31,54.19,54.22,19669.0
2026-01-30 12:12:00,54.2,54.26,54.15,54.21,4826.0
2026-01-30 12:13:00,54.2,54.22,54.169,54.19,8440.0
2026-01-30 12:14:00,54.18,54.3,54.17,54.18,40494.0
2026-01-30 12:15:00,54.18,54.2,54.13,54.2,4926.0
2026-01-30 12:16:00,54.22,54.24,54.12,54.13,23120.0
2026-01-30 12:17:00,54.12,54.22,54.1,54.2,11280.0
2026-01-30 12:18:00,54.2,54.21,54.14,54.2,6686.0
2026-01-30 12:19:00,54.22,54.26,54.18,54.23,7919.0
2026-01-30 12:20:00,54.24,54.33,54.24,54.28,12881.0
2026-01-30 12:21:00,54.26,54.42,54.21,54.405,30746.0
2026-01-30 12:22:00,54.41,54.57,54.41,54.54,32299.0
2026-01-30 12:23:00,54.54,54.62,54.5,54.53,13314.0
2026-01-30 12:24:00,54.54,54.59,54.49,54.49,7129.0
2026-01-30 12:25:00,54.47,54.61,54.45,54.57,24083.0
2026-01-30 12:26:00,54.58,54.73,54.58,54.72,37812.0
2026-01-30 12:27:00,54.73,54.73,54.53,54.65,9063.0
2026-01-30 12:28:00,54.65,54.68,54.63,54.67,24495.0
2026-01-30 12:29:00,54.68,54.69,54.66,54.69,2343.0
2026-01-30 12:30:00,54.68,54.74,54.6,54.71,28551.0
2026-01-30 12:31:00,54.74,54.77,54.65,54.71,37563.0
2026-01-30 12:32:00,54.71,54.74,54.68,54.72,5064.0
2026-01-30 12:33:00,54.72,54.76,54.45,54.45,11569.0
2026-01-30 12:34:00,54.44,54.47,54.38,54.4,7894.0
2026-01-30 12:35:00,54.41,54.41,54.18,54.26,33763.0
2026-01-30 12:36:00,54.28,54.42,54.26,54.42,14768.0
2026-01-30 12:37:00,54.41,54.49,54.41,54.43,9511.0
2026-01-30 12:38:00,54.43,54.56,54.43,54.52,3107.0
2026-01-30 12:39:00,54.51,54.51,54.39,54.39,5080.0
2026-01-30 12:40:00,54.38,54.44,54.35,54.37,6107.0
2026-01-30 12:41:00,54.37,54.4,54.28,54.35,2934.0
2026-01-30 12:42:00,54.345,54.36,54.3,54.31,1955.0
2026-01-30 12:43:00,54.31,54.35,54.22,54.32,8538.0
2026-01-30 12:44:00,54.33,54.43,54.31,54.43,9700.0
2026-01-30 12:45:00,54.43,54.55,54.38,54.55,5456.0
2026-01-30 12:46:00,54.56,54.63,54.52,54.54,4173.0
2026-01-30 12:47:00,54.53,54.54,54.39,54.39,7065.0
2026-01-30 12:48:00,54.41,54.5,54.39,54.42,1837.0
2026-01-30 12:49:00,54.39,54.42,54.29,54.41,11522.0
2026-01-30 12:50:00,54.41,54.46,54.37,54.37,1462.0
2026-01-30 12:51:00,54.35,54.47,54.32,54.44,2672.0
2026-01-30 12:52:00,54.46,54.48,54.25,54.25,10269.0
2026-01-30 12:53:00,54.24,54.32,54.23,54.23,9033.0
2026-01-30 12:54:00,54.24,54.3,54.205,54.23,3153.0
2026-01-30 12:55:00,54.23,54.3,54.23,54.27,11499.0
2026-01-30 12:56:00,54.26,54.39,54.24,54.25,7693.0
2026-01-30 12:57:00,54.26,54.31,54.22,54.29,4519.0
2026-01-30 12:58:00,54.3,54.3,54.12,54.12,12046.0
2026-01-30 12:59:00,54.12,54.12,54.03,54.04,43522.0
2026-01-30 13:00:00,54.03,54.04,53.95,53.99,72421.0
2026-01-30 13:01:00,53.99,54.09,53.955,54.05,8256.0
2026-01-30 13:02:00,54.04,54.12,54.03,54.1,17784.0
2026-01-30 13:03:00,54.1,54.12,54.04,54.08,7502.0
2026-01-30 13:04:00,54.06,54.085,54.02,54.06,8910.0
2026-01-30 13:05:00,54.06,54.17,54.05,54.15,23055.0
2026-01-30 13:06:00,54.17,54.25,54.1,54.1,7152.0
2026-01-30 13:07:00,54.1,54.13,54.07,54.11,3933.0
2026-01-30 13:08:00,54.11,54.18,54.1,54.15,5567.0
2026-01-30 13:09:00,54.15,54.15,54.02,54.07,9973.0
2026-01-30 13:10:00,54.08,54.09,53.97,54.02,12570.0
2026-01-30 13:11:00,54.01,54.04,53.96,53.96,11783.0
2026-01-30 13:12:00,53.95,54.03,53.92,54.03,20495.0
2026-01-30 13:13:00,54.04,54.05,53.97,53.98,6771.0
2026-01-30 13:14:00,53.98,54.02,53.95,53.99,5404.0
2026-01-30 13:15:00,53.98,54.02,53.83,53.845,55772.0
2026-01-30 13:16:00,53.84,53.85,53.76,53.79,16831.0
2026-01-30 13:17:00,53.79,53.86,53.72,53.83,18506.0
2026-01-30 13:18:00,53.82,53.825,53.68,53.68,27052.0
2026-01-30 13:19:00,53.685,53.7,53.62,53.64,9422.0
2026-01-30 13:20:00,53.64,53.7,53.5,53.51,33403.0
2026-01-30 13:21:00,53.51,53.52,53.4,53.48,56473.0
2026-01-30 13:22:00,53.5,53.5,53.34,53.36,31480.0
2026-01-30 13:23:00,53.335,53.58,53.32,53.5,14985.0
2026-01-30 13:24:00,53.51,53.69,53.48,53.64,32023.0
2026-01-30 13:25:00,53.64,53.79,53.64,53.77,17216.0
2026-01-30 13:26:00,53.75,53.84,53.72,53.84,14325.0
2026-01-30 13:27:00,53.84,53.94,53.81,53.93,17718.0
2026-01-30 13:28:00,53.93,53.96,53.79,53.82,12386.0
2026-01-30 13:29:00,53.82,53.99,53.82,53.97,15105.0
2026-01-30 13:30:00,53.96,54.045,53.82,53.86,34680.0
2026-01-30 13:31:00,53.88,53.92,53.8,53.81,8160.0
2026-01-30 13:32:00,53.82,53.82,53.69,53.72,8968.0
2026-01-30 13:33:00,53.72,53.74,53.62,53.63,2200.0
2026-01-30 13:34:00,53.65,53.66,53.52,53.539,15774.0
2026-01-30 13:35:00,53.55,53.6,53.52,53.54,7745.0
2026-01-30 13:36:00,53.545,53.73,53.53,53.68,11793.0
2026-01-30 13:37:00,53.7,53.77,53.67,53.71,7019.0
2026-01-30 13:38:00,53.73,53.77,53.6,53.6,11833.0
2026-01-30 13:39:00,53.6,53.66,53.58,53.66,1959.0
2026-01-30 13:40:00,53.65,53.71,53.63,53.68,2740.0
2026-01-30 13:41:00,53.68,53.76,53.65,53.67,6811.0
2026-01-30 13:42:00,53.67,53.7,53.64,53.66,4463.0
2026-01-30 13:43:00,53.69,53.7,53.59,53.69,8059.0
2026-01-30 13:44:00,53.7,53.75,53.65,53.68,10516.0
2026-01-30 13:45:00,53.67,53.899,53.67,53.81,9923.0
2026-01-30 13:46:00,53.82,53.86,53.79,53.81,5425.0
2026-01-30 13:47:00,53.82,53.92,53.82,53.9,4635.0
2026-01-30 13:48:00,53.92,54.01,53.91,53.96,28290.0
2026-01-30 13:49:00,53.97,54.02,53.94,54.02,9135.0
2026-01-30 13:50:00,54.03,54.19,54.02,54.18,20209.0
2026-01-30 13:51:00,54.18,54.23,54.15,54.19,12117.0
2026-01-30 13:52:00,54.18,54.21,54.09,54.13,17489.0
2026-01-30 13:53:00,54.16,54.23,53.98,54.23,29631.0
2026-01-30 13:54:00,54.24,54.3,54.19,54.28,13184.0
2026-01-30 13:55:00,54.29,54.37,54.22,54.24,35854.0
2026-01-30 13:56:00,54.25,54.39,54.24,54.3,17257.0
2026-01-30 13:57:00,54.29,54.38,54.29,54.37,8516.0
2026-01-30 13:58:00,54.38,54.53,54.305,54.52,25381.0
2026-01-30 13:59:00,54.53,54.611,54.42,54.42,19024.0
2026-01-30 14:00:00,54.43,54.52,54.4,54.48,11258.0
2026-01-30 14:01:00,54.5,54.53,54.42,54.42,7437.0
2026-01-30 14:02:00,54.41,54.55,54.38,54.39,11938.0
2026-01-30 14:03:00,54.38,54.49,54.36,54.46,5230.0
2026-01-30 14:04:00,54.46,54.58,54.46,54.49,3971.0
2026-01-30 14:05:00,54.49,54.6,54.47,54.585,12055.0
2026-01-30 14:06:00,54.6,54.67,54.6,54.6,83359.0
2026-01-30 14:07:00,54.64,54.64,54.52,54.58,8246.0
2026-01-30 14:08:00,54.55,54.59,54.5,54.58,9060.0
2026-01-30 14:09:00,54.565,54.58,54.47,54.53,5153.0
2026-01-30 14:10:00,54.54,54.56,54.5,54.53,18768.0
2026-01-30 14:11:00,54.54,54.55,54.46,54.46,6605.0
2026-01-30 14:12:00,54.5,54.56,54.42,54.43,18161.0
2026-01-30 14:13:00,54.45,54.45,54.33,54.37,26569.0
2026-01-30 14:14:00,54.39,54.47,54.34,54.46,8335.0
2026-01-30 14:15:00,54.42,54.49,54.42,54.44,2516.0
2026-01-30 14:16:00,54.41,54.44,54.36,54.39,2385.0
2026-01-30 14:17:00,54.4,54.4,54.31,54.34,10139.0
2026-01-30 14:18:00,54.385,54.47,54.34,54.34,6599.0
2026-01-30 14:19:00,54.37,54.45,54.35,54.39,10411.0
2026-01-30 14:20:00,54.38,54.5,54.38,54.47,9197.0
2026-01-30 14:21:00,54.48,54.54,54.47,54.54,5666.0
2026-01-30 14:22:00,54.52,54.52,54.39,54.4,10768.0
2026-01-30 14:23:00,54.39,54.45,54.39,54.43,3682.0
2026-01-30 14:24:00,54.43,54.49,54.41,54.43,1935.0
2026-01-30 14:25:00,54.45,54.5,54.43,54.43,8789.0
2026-01-30 14:26:00,54.45,54.54,54.42,54.53,6874.0
2026-01-30 14:27:00,54.53,54.53,54.435,54.48,5011.0
2026-01-30 14:28:00,54.48,54.54,54.48,54.54,3038.0
2026-01-30 14:29:00,54.54,54.56,54.25,54.26,40466.0
2026-01-30 14:30:00,54.24,54.37,54.09,54.11,71445.0
2026-01-30 14:31:00,54.1,54.28,54.0,54.21,36731.0
2026-01-30 14:32:00,54.21,54.28,54.15,54.26,10686.0
2026-01-30 14:33:00,54.26,54.34,54.21,54.34,14105.0
2026-01-30 14:34:00,54.339,54.4,54.33,54.34,18457.0
2026-01-30 14:35:00,54.33,54.39,54.22,54.27,11520.0
2026-01-30 14:36:00,54.26,54.32,54.24,54.24,3407.0
2026-01-30 14:37:00,54.25,54.3,54.24,54.24,2131.0
2026-01-30 14:38:00,54.24,54.285,54.2,54.24,6196.0
2026-01-30 14:39:00,54.23,54.27,54.2,54.24,4717.0
2026-01-30 14:40:00,54.24,54.28,54.17,54.18,14604.0
2026-01-30 14:41:00,54.19,54.28,54.17,54.23,7920.0
2026-01-30 14:42:00,54.2,54.3,54.2,54.29,8109.0
2026-01-30 14:43:00,54.25,54.25,54.17,54.23,4051.0
2026-01-30 14:44:00,54.24,54.26,54.11,54.12,9433.0
2026-01-30 14:45:00,54.12,54.125,54.03,54.03,14412.0
2026-01-30 14:46:00,54.02,54.13,54.01,54.05,16170.0
2026-01-30 14:47:00,54.05,54.1,54.0,54.04,23071.0
2026-01-30 14:48:00,54.04,54.07,53.93,53.95,126947.0
2026-01-30 14:49:00,53.94,53.99,53.92,53.93,3744.0
2026-01-30 14:50:00,53.96,54.04,53.93,54.02,7852.0
2026-01-30 14:51:00,54.03,54.04,53.99,53.99,3754.0
2026-01-30 14:52:00,54.01,54.12,54.01,54.11,5010.0
2026-01-30 14:53:00,54.12,54.285,54.1,54.19,24353.0
2026-01-30 14:54:00,54.19,54.22,54.19,54.2,11540.0
2026-01-30 14:55:00,54.23,54.3,54.21,54.23,12885.0
2026-01-30 14:56:00,54.23,54.25,54.17,54.22,5980.0
2026-01-30 14:57:00,54.23,54.23,54.07,54.07,8139.0
2026-01-30 14:58:00,54.07,54.1,53.99,53.99,59854.0
2026-01-30 14:59:00,53.99,53.99,53.86,53.88,67166.0
2026-01-30 15:00:00,53.89,53.96,53.87,53.94,15257.0
2026-01-30 15:01:00,53.95,54.04,53.92,54.01,5314.0
2026-01-30 15:02:00,54.01,54.01,53.93,53.95,2933.0
2026-01-30 15:03:00,53.96,53.96,53.88,53.9,7133.0
2026-01-30 15:04:00,53.92,53.92,53.86,53.88,639.0
2026-01-30 15:05:00,53.89,53.91,53.8,53.81,9448.0
2026-01-30 15:06:00,53.81,53.81,53.69,53.7,21361.0
2026-01-30 15:07:00,53.68,53.72,53.63,53.71,4387.0
2026-01-30 15:08:00,53.69,53.8,53.63,53.77,8092.0
2026-01-30 15:09:00,53.75,53.79,53.73,53.76,4219.0
2026-01-30 15:10:00,53.77,53.79,53.73,53.76,1408.0
2026-01-30 15:11:00,53.77,53.8,53.73,53.74,5882.0
2026-01-30 15:12:00,53.75,53.76,53.67,53.7,4540.0
2026-01-30 15:13:00,53.69,53.71,53.66,53.7,4260.0
2026-01-30 15:14:00,53.69,53.7,53.6,53.63,3948.0
2026-01-30 15:15:00,53.61,53.61,53.5,53.51,22513.0
2026-01-30 15:16:00,53.51,53.58,53.51,53.58,14504.0
2026-01-30 15:17:00,53.57,53.57,53.49,53.53,41434.0
2026-01-30 15:18:00,53.53,53.6,53.52,53.54,8577.0
2026-01-30 15:19:00,53.56,53.56,53.49,53.49,20312.0
2026-01-30 15:20:00,53.48,53.5,53.42,53.44,20839.0
2026-01-30 15:21:00,53.46,53.48,53.38,53.38,10062.0
2026-01-30 15:22:00,53.37,53.39,53.33,53.38,11061.0
2026-01-30 15:23:00,53.38,53.43,53.35,53.41,7035.0
2026-01-30 15:24:00,53.43,53.49,53.43,53.46,7321.0
2026-01-30 15:25:00,53.46,53.57,53.46,53.51,65380.0
2026-01-30 15:26:00,53.51,53.58,53.44,53.44,11778.0
2026-01-30 15:27:00,53.42,53.46,53.4,53.44,8936.0
2026-01-30 15:28:00,53.42,53.44,53.33,53.4,11777.0
2026-01-30 15:29:00,53.4,53.52,53.39,53.48,8900.0
2026-01-30 15:30:00,53.47,53.66,53.46,53.63,20393.0
2026-01-30 15:31:00,53.63,53.68,53.59,53.65,15433.0
2026-01-30 15:32:00,53.65,53.7,53.54,53.57,6137.0
2026-01-30 15:33:00,53.58,53.72,53.57,53.71,5687.0
2026-01-30 15:34:00,53.701,53.74,53.65,53.66,6003.0
2026-01-30 15:35:00,53.68,53.79,53.65,53.78,8959.0
2026-01-30 15:36:00,53.77,53.81,53.74,53.74,11418.0
2026-01-30 15:37:00,53.75,53.78,53.51,53.52,11521.0
2026-01-30 15:38:00,53.52,53.6,53.52,53.6,5428.0
2026-01-30 15:39:00,53.61,53.68,53.6,53.64,5918.0
2026-01-30 15:40:00,53.64,53.66,53.6,53.61,8001.0
2026-01-30 15:41:00,53.62,53.775,53.61,53.76,11218.0
2026-01-30 15:42:00,53.77,53.78,53.71,53.73,10633.0
2026-01-30 15:43:00,53.72,53.78,53.68,53.73,5908.0
2026-01-30 15:44:00,53.75,53.86,53.75,53.83,21890.0
2026-01-30 15:45:00,53.83,53.96,53.82,53.96,41857.0
2026-01-30 15:46:00,53.95,54.02,53.94,53.98,66287.0
2026-01-30 15:47:00,53.98,54.13,53.97,54.11,7869.0
2026-01-30 15:48:00,54.12,54.2,54.12,54.15,19863.0
2026-01-30 15:49:00,54.15,54.25,54.15,54.25,10052.0
2026-01-30 15:50:00,54.28,54.34,54.12,54.12,32335.0
2026-01-30 15:51:00,54.13,54.22,54.12,54.14,7721.0
2026-01-30 15:52:00,54.13,54.13,54.01,54.09,20379.0
2026-01-30 15:53:00,54.09,54.09,53.79,53.82,28471.0
2026-01-30 15:54:00,53.83,53.88,53.77,53.88,71983.0
2026-01-30 15:55:00,53.88,53.96,53.67,53.96,66112.0
2026-01-30 15:56:00,53.97,53.99,53.84,53.95,27286.0
2026-01-30 15:57:00,53.96,53.96,53.88,53.9,25049.0
2026-01-30 15:58:00,53.9,53.925,53.85,53.92,27351.0
2026-01-30 15:59:00,53.92,54.06,53.86,53.97,134873.0
2026-02-02 09:30:00,53.16,53.74,53.16,53.64,239764.0
2026-02-02 09:31:00,53.67,53.73,53.43,53.73,105708.0
2026-02-02 09:32:00,53.73,53.95,53.72,53.76,116935.0
2026-02-02 09:33:00,53.77,53.8,53.61,53.65,65325.0
2026-02-02 09:34:00,53.67,53.77,53.56,53.77,56968.0
2026-02-02 09:35:00,53.79,53.98,53.66,53.97,126300.0
2026-02-02 09:36:00,53.98,54.23,53.97,54.17,97596.0
2026-02-02 09:37:00,54.17,54.29,54.16,54.25,51179.0
2026-02-02 09:38:00,54.26,54.27,54.13,54.16,47380.0
2026-02-02 09:39:00,54.16,54.21,54.09,54.14,38801.0
2026-02-02 09:40:00,54.15,54.22,54.06,54.22,38959.0
2026-02-02 09:41:00,54.22,54.24,54.09,54.15,41412.0
2026-02-02 09:42:00,54.15,54.33,54.15,54.22,41434.0
2026-02-02 09:43:00,54.22,54.3,54.14,54.25,37823.0
2026-02-02 09:44:00,54.26,54.35,54.19,54.27,44555.0
2026-02-02 09:45:00,54.3,54.3,54.14,54.24,24078.0
2026-02-02 09:46:00,54.245,54.39,54.21,54.39,35326.0
2026-02-02 09:47:00,54.37,54.39,54.24,54.26,36609.0
2026-02-02 09:48:00,54.27,54.4,54.21,54.38,38892.0
2026-02-02 09:49:00,54.39,54.48,54.3,54.43,21874.0
2026-02-02 09:50:00,54.44,54.75,54.43,54.75,87092.0
2026-02-02 09:51:00,54.75,54.77,54.65,54.67,36519.0
2026-02-02 09:52:00,54.66,54.7,54.57,54.63,34827.0
2026-02-02 09:53:00,54.62,54.68,54.54,54.66,15936.0
2026-02-02 09:54:00,54.65,54.67,54.55,54.63,22037.0
2026-02-02 09:55:00,54.63,54.68,54.59,54.63,28913.0
2026-02-02 09:56:00,54.61,54.66,54.54,54.57,22044.0
2026-02-02 09:57:00,54.56,54.61,54.51,54.53,22901.0
2026-02-02 09:58:00,54.53,54.53,54.34,54.35,49151.0
2026-02-02 09:59:00,54.34,54.47,54.34,54.46,37197.0
2026-02-02 10:00:00,54.46,54.61,54.37,54.42,82315.0
2026-02-02 10:01:00,54.45,54.5,54.38,54.5,44041.0
2026-02-02 10:02:00,54.49,54.705,54.47,54.62,80411.0
2026-02-02 10:03:00,54.61,54.75,54.6,54.67,62346.0
2026-02-02 10:04:00,54.68,54.75,54.68,54.75,20382.0
2026-02-02 10:05:00,54.75,54.89,54.72,54.87,64302.0
2026-02-02 10:06:00,54.86,54.94,54.86,54.92,53468.0
2026-02-02 10:07:00,54.92,54.98,54.92,54.96,20372.0
2026-02-02 10:08:00,54.95,54.96,54.91,54.93,32069.0
2026-02-02 10:09:00,54.94,55.0,54.93,54.97,44994.0
2026-02-02 10:10:00,54.97,54.97,54.88,54.96,24745.0
2026-02-02 10:11:00,54.96,55.07,54.94,55.07,103898.0
2026-02-02 10:12:00,55.07,55.14,55.01,55.13,27573.0
2026-02-02 10:13:00,55.12,55.19,55.12,55.18,41242.0
2026-02-02 10:14:00,55.18,55.26,55.17,55.24,36334.0
2026-02-02 10:15:00,55.24,55.25,55.14,55.17,57315.0
2026-02-02 10:16:00,55.17,55.21,55.14,55.21,37370.0
2026-02-02 10:17:00,55.21,55.295,55.2,55.295,23982.0
2026-02-02 10:18:00,55.3,55.3,55.24,55.27,22030.0
2026-02-02 10:19:00,55.27,55.42,55.27,55.42,58447.0
2026-02-02 10:20:00,55.43,55.47,55.35,55.35,20867.0
2026-02-02 10:21:00,55.35,55.41,55.34,55.36,15679.0
2026-02-02 10:22:00,55.36,55.43,55.35,55.38,14327.0
2026-02-02 10:23:00,55.37,55.42,55.36,55.42,19550.0
2026-02-02 10:24:00,55.42,55.42,55.315,55.355,22375.0
2026-02-02 10:25:00,55.36,55.41,55.36,55.38,19181.0
2026-02-02 10:26:00,55.38,55.42,55.32,55.4,31344.0
2026-02-02 10:27:00,55.39,55.39,55.21,55.26,45055.0
2026-02-02 10:28:00,55.27,55.27,55.19,55.215,24210.0
2026-02-02 10:29:00,55.215,55.28,55.17,55.19,16236.0
2026-02-02 10:30:00,55.195,55.23,55.095,55.095,23528.0
2026-02-02 10:31:00,55.105,55.23,55.1,55.23,24182.0
2026-02-02 10:32:00,55.22,55.31,55.19,55.23,18330.0
2026-02-02 10:33:00,55.24,55.24,55.18,55.22,11465.0
2026-02-02 10:34:00,55.22,55.24,55.17,55.24,8180.0
2026-02-02 10:35:00,55.25,55.26,55.2,55.23,15943.0
2026-02-02 10:36:00,55.23,55.24,55.19,55.21,10412.0
2026-02-02 10:37:00,55.22,55.33,55.215,55.33,12431.0
2026-02-02 10:38:00,55.33,55.39,55.31,55.38,10929.0
2026-02-02 10:39:00,55.38,55.44,55.38,55.42,21834.0
2026-02-02 10:40:00,55.42,55.43,55.37,55.38,9186.0
2026-02-02 10:41:00,55.37,55.37,55.25,55.28,24303.0
2026-02-02 10:42:00,55.29,55.29,55.22,55.24,17353.0
2026-02-02 10:43:00,55.24,55.24,55.18,55.23,26514.0
2026-02-02 10:44:00,55.22,55.25,55.2,55.24,8053.0
2026-02-02 10:45:00,55.24,55.24,55.16,55.18,13113.0
2026-02-02 10:46:00,55.18,55.195,55.15,55.17,6279.0
2026-02-02 10:47:00,55.18,55.181,55.12,55.14,16540.0
2026-02-02 10:48:00,55.14,55.18,55.13,55.13,10675.0
2026-02-02 10:49:00,55.12,55.14,55.06,55.06,20413.0
2026-02-02 10:50:00,55.055,55.17,55.02,55.14,23665.0
2026-02-02 10:51:00,55.145,55.2,55.13,55.19,13521.0
2026-02-02 10:52:00,55.18,55.18,55.09,55.15,16041.0
2026-02-02 10:53:00,55.14,55.22,55.14,55.16,30353.0
2026-02-02 10:54:00,55.16,55.2,55.13,55.13,9263.0
2026-02-02 10:55:00,55.12,55.14,55.06,55.08,13080.0
2026-02-02 10:56:00,55.06,55.06,54.94,54.95,41490.0
2026-02-02 10:57:00,54.94,54.97,54.88,54.93,26175.0
2026-02-02 10:58:00,54.93,54.96,54.88,54.9,16349.0
2026-02-02 10:59:00,54.91,55.03,54.89,55.03,15084.0
2026-02-02 11:00:00,55.02,55.04,54.94,54.94,11138.0
2026-02-02 11:01:00,54.93,55.0,54.87,54.97,11860.0
2026-02-02 11:02:00,54.97,54.98,54.91,54.91,8993.0
2026-02-02 11:03:00,54.9,54.985,54.9,54.95,9043.0
2026-02-02 11:04:00,54.95,54.96,54.88,54.89,13991.0
2026-02-02 11:05:00,54.91,54.92,54.81,54.84,16025.0
2026-02-02 11:06:00,54.845,54.94,54.79,54.93,19340.0
2026-02-02 11:07:00,54.95,54.97,54.9,54.91,14565.0
2026-02-02 11:08:00,54.91,54.99,54.9,54.98,6472.0
2026-02-02 11:09:00,54.995,55.08,54.99,55.07,53437.0
2026-02-02 11:10:00,55.07,55.1,55.04,55.09,21147.0
2026-02-02 11:11:00,55.09,55.12,55.05,55.05,9109.0
2026-02-02 11:12:00,55.07,55.1,55.04,55.09,4502.0
2026-02-02 11:13:00,55.08,55.1,55.04,55.09,17389.0
2026-02-02 11:14:00,55.1,55.12,55.08,55.11,6568.0
2026-02-02 11:15:00,55.12,55.12,55.08,55.09,5145.0
2026-02-02 11:16:00,55.12,55.18,55.09,55.12,22747.0
2026-02-02 11:17:00,55.12,55.13,55.1,55.12,9341.0
2026-02-02 11:18:00,55.12,55.26,55.12,55.26,29855.0
2026-02-02 11:19:00,55.26,55.27,55.22,55.24,9620.0
2026-02-02 11:20:00,55.23,55.26,55.22,55.23,6644.0
2026-02-02 11:21:00,55.24,55.27,55.23,55.265,14038.0
2026-02-02 11:22:00,55.27,55.285,55.24,55.28,17188.0
2026-02-02 11:23:00,55.27,55.37,55.25,55.37,28775.0
2026-02-02 11:24:00,55.38,55.38,55.28,55.28,15469.0
2026-02-02 11:25:00,55.28,55.28,55.25,55.26,4691.0
2026-02-02 11:26:00,55.25,55.27,55.24,55.27,17235.0
2026-02-02 11:27:00,55.27,55.27,55.21,55.23,11108.0
2026-02-02 11:28:00,55.23,55.29,55.21,55.28,7903.0
2026-02-02 11:29:00,55.28,55.36,55.28,55.355,19939.0
2026-02-02 11:30:00,55.35,55.35,55.31,55.335,11363.0
2026-02-02 11:31:00,55.33,55.351,55.28,55.28,8662.0
2026-02-02 11:32:00,55.29,55.31,55.27,55.31,7232.0
2026-02-02 11:33:00,55.33,55.33,55.29,55.29,3619.0
2026-02-02 11:34:00,55.295,55.355,55.295,55.355,132405.0
2026-02-02 11:35:00,55.36,55.39,55.33,55.38,20241.0
2026-02-02 11:36:00,55.36,55.36,55.325,55.355,9112.0
2026-02-02 11:37:00,55.345,55.35,55.32,55.35,17187.0
2026-02-02 11:38:00,55.36,55.37,55.32,55.33,5080.0
2026-02-02 11:39:00,55.33,55.33,55.28,55.28,12816.0
2026-02-02 11:40:00,55.29,55.29,55.16,55.16,12280.0
2026-02-02 11:41:00,55.16,55.2,55.14,55.18,5708.0
2026-02-02 11:42:00,55.17,55.22,55.16,55.2,6729.0
2026-02-02 11:43:00,55.2,55.26,55.2,55.26,3526.0
2026-02-02 11:44:00,55.24,55.24,55.19,55.195,1563.0
2026-02-02 11:45:00,55.19,55.19,55.12,55.12,6636.0
2026-02-02 11:46:00,55.13,55.13,55.09,55.1,6833.0
2026-02-02 11:47:00,55.1,55.13,55.04,55.04,11332.0
2026-02-02 11:48:00,55.03,55.08,55.0,55.08,11498.0
2026-02-02 11:49:00,55.08,55.13,55.06,55.13,17399.0
2026-02-02 11:50:00,55.13,55.14,55.09,55.1,2706.0
2026-02-02 11:51:00,55.115,55.15,55.11,55.15,4768.0
2026-02-02 11:52:00,55.16,55.21,55.15,55.19,13227.0
2026-02-02 11:53:00,55.2,55.24,55.19,55.211,21405.0
2026-02-02 11:54:00,55.22,55.27,55.21,55.26,7386.0
2026-02-02 11:55:00,55.27,55.29,55.26,55.29,1767.0
2026-02-02 11:56:00,55.29,55.31,55.27,55.29,9001.0
2026-02-02 11:57:00,55.3,55.35,55.3,55.33,14510.0
2026-02-02 11:58:00,55.34,55.36,55.325,55.35,15637.0
2026-02-02 11:59:00,55.35,55.41,55.35,55.36,37447.0
2026-02-02 12:00:00,55.36,55.45,55.34,55.43,27816.0
2026-02-02 12:01:00,55.43,55.515,55.43,55.5,74602.0
2026-02-02 12:02:00,55.49,55.51,55.48,55.5,24105.0
2026-02-02 12:03:00,55.5,55.51,55.47,55.49,21231.0
2026-02-02 12:04:00,55.5,55.52,55.49,55.52,32144.0
2026-02-02 12:05:00,55.52,55.52,55.49,55.5,7144.0
2026-02-02 12:06:00,55.49,55.49,55.46,55.47,4125.0
2026-02-02 12:07:00,55.46,55.47,55.43,55.44,27017.0
2026-02-02 12:08:00,55.44,55.455,55.43,55.45,5484.0
2026-02-02 12:09:00,55.45,55.51,55.45,55.51,9785.0
2026-02-02 12:10:00,55.52,55.54,55.52,55.53,7234.0
2026-02-02 12:11:00,55.53,55.54,55.53,55.535,2367.0
2026-02-02 12:12:00,55.54,55.54,55.485,55.485,13393.0
2026-02-02 12:13:00,55.49,55.49,55.48,55.485,3523.0
2026-02-02 12:14:00,55.48,55.48,55.42,55.43,11514.0
2026-02-02 12:15:00,55.43,55.48,55.41,55.415,8288.0
2026-02-02 12:16:00,55.41,55.43,55.4,55.405,7496.0
2026-02-02 12:17:00,55.4,55.45,55.39,55.43,4820.0
2026-02-02 12:18:00,55.43,55.48,55.43,55.46,5966.0
2026-02-02 12:19:00,55.46,55.53,55.45,55.52,43763.0
2026-02-02 12:20:00,55.52,55.52,55.46,55.48,3839.0
2026-02-02 12:21:00,55.48,55.48,55.4,55.44,26657.0
2026-02-02 12:22:00,55.45,55.45,55.41,55.44,5827.0
2026-02-02 12:23:00,55.44,55.48,55.44,55.48,4339.0
2026-02-02 12:24:00,55.49,55.49,55.47,55.47,4656.0
2026-02-02 12:25:00,55.48,55.49,55.47,55.49,4139.0
2026-02-02 12:26:00,55.5,55.5,55.45,55.45,6948.0
2026-02-02 12:27:00,55.45,55.47,55.43,55.46,5559.0
2026-02-02 12:28:00,55.465,55.49,55.46,55.49,5781.0
2026-02-02 12:29:00,55.49,55.5,55.47,55.5,3566.0
2026-02-02 12:30:00,55.5,55.5,55.47,55.47,7546.0
2026-02-02 12:31:00,55.47,55.53,55.47,55.52,9903.0
2026-02-02 12:32:00,55.53,55.56,55.53,55.55,16693.0
2026-02-02 12:33:00,55.55,55.56,55.51,55.55,8145.0
2026-02-02 12:34:00,55.54,55.56,55.53,55.55,9293.0
2026-02-02 12:35:00,55.55,55.6,55.52,55.52,101873.0
2026-02-02 12:36:00,55.53,55.53,55.5,55.5,7501.0
2026-02-02 12:37:00,55.5,55.53,55.48,55.53,2577.0
2026-02-02 12:38:00,55.52,55.52,55.49,55.51,2234.0
2026-02-02 12:39:00,55.51,55.52,55.5,55.52,2775.0
2026-02-02 12:40:00,55.52,55.53,55.47,55.47,967.0
2026-02-02 12:41:00,55.47,55.49,55.44,55.44,7537.0
2026-02-02 12:42:00,55.44,55.44,55.41,55.425,7090.0
2026-02-02 12:43:00,55.42,55.45,55.42,55.45,3174.0
2026-02-02 12:44:00,55.45,55.49,55.45,55.48,2167.0
2026-02-02 12:45:00,55.48,55.48,55.46,55.46,4156.0
2026-02-02 12:46:00,55.47,55.48,55.46,55.48,2151.0
2026-02-02 12:47:00,55.485,55.485,55.46,55.47,2165.0
2026-02-02 12:48:00,55.47,55.49,55.47,55.48,5105.0
2026-02-02 12:49:00,55.48,55.51,55.48,55.49,3359.0
2026-02-02 12:50:00,55.5,55.5,55.47,55.47,2399.0
2026-02-02 12:51:00,55.465,55.49,55.46,55.49,6939.0
2026-02-02 12:52:00,55.48,55.53,55.48,55.53,5368.0
2026-02-02 12:53:00,55.535,55.58,55.535,55.58,5544.0
2026-02-02 12:54:00,55.58,55.6,55.58,55.6,2863.0
2026-02-02 12:55:00,55.59,55.63,55.59,55.62,9369.0
2026-02-02 12:56:00,55.63,55.65,55.61,55.61,22263.0
2026-02-02 12:57:00,55.61,55.62,55.59,55.59,4743.0
2026-02-02 12:58:00,55.59,55.6,55.59,55.6,1905.0
2026-02-02 12:59:00,55.58,55.58,55.54,55.55,4101.0
2026-02-02 13:00:00,55.56,55.58,55.56,55.56,679.0
2026-02-02 13:01:00,55.56,55.61,55.56,55.61,2420.0
2026-02-02 13:02:00,55.6,55.61,55.6,55.61,4838.0
2026-02-02 13:03:00,55.61,55.62,55.6,55.62,2056.0
2026-02-02 13:04:00,55.62,55.62,55.61,55.62,2920.0
2026-02-02 13:05:00,55.61,55.62,55.599,55.62,2694.0
2026-02-02 13:06:00,55.61,55.615,55.6,55.6,2695.0
2026-02-02 13:07:00,55.59,55.6,55.59,55.6,43.0
2026-02-02 13:08:00,55.6,55.61,55.595,55.6,875.0
2026-02-02 13:09:00,55.6,55.615,55.58,55.61,5211.0
2026-02-02 13:10:00,55.61,55.615,55.61,55.61,2662.0
2026-02-02 13:11:00,55.61,55.61,55.595,55.61,3716.0
2026-02-02 13:12:00,55.6,55.62,55.6,55.62,2475.0
2026-02-02 13:13:00,55.62,55.63,55.61,55.61,2496.0
2026-02-02 13:14:00,55.6,55.6,55.55,55.56,8411.0
2026-02-02 13:15:00,55.565,55.58,55.56,55.56,1229.0
2026-02-02 13:16:00,55.56,55.565,55.54,55.565,5162.0
2026-02-02 13:17:00,55.56,55.56,55.54,55.56,3186.0
2026-02-02 13:18:00,55.55,55.55,55.5,55.5,11680.0
2026-02-02 13:19:00,55.49,55.49,55.47,55.49,10958.0
2026-02-02 13:20:00,55.48,55.48,55.45,55.45,6198.0
2026-02-02 13:21:00,55.45,55.465,55.43,55.43,6503.0
2026-02-02 13:22:00,55.431,55.431,55.4,55.4,13165.0
2026-02-02 13:23:00,55.41,55.49,55.41,55.49,1765.0
2026-02-02 13:24:00,55.495,55.51,55.49,55.51,7341.0
2026-02-02 13:25:00,55.51,55.53,55.51,55.53,6364.0
2026-02-02 13:26:00,55.53,55.55,55.51,55.52,1608.0
2026-02-02 13:27:00,55.51,55.52,55.51,55.52,1599.0
2026-02-02 13:28:00,55.52,55.52,55.47,55.47,2726.0
2026-02-02 13:29:00,55.47,55.49,55.47,55.49,4979.0
2026-02-02 13:30:00,55.48,55.5,55.48,55.5,2543.0
2026-02-02 13:31:00,55.5,55.5,55.49,55.49,2614.0
2026-02-02 13:32:00,55.49,55.51,55.48,55.48,17275.0
2026-02-02 13:33:00,55.48,55.49,55.48,55.48,2009.0
2026-02-02 13:34:00,55.49,55.5,55.485,55.49,4817.0
2026-02-02 13:35:00,55.5,55.56,55.495,55.56,27140.0
2026-02-02 13:36:00,55.551,55.551,55.53,55.54,3387.0
2026-02-02 13:37:00,55.54,55.54,55.49,55.49,8156.0
2026-02-02 13:38:00,55.5,55.5,55.47,55.49,3545.0
2026-02-02 13:39:00,55.48,55.485,55.47,55.48,1160.0
2026-02-02 13:40:00,55.48,55.5,55.46,55.5,8108.0
2026-02-02 13:41:00,55.51,55.55,55.51,55.55,4128.0
2026-02-02 13:42:00,55.55,55.58,55.55,55.58,1292.0
2026-02-02 13:43:00,55.59,55.605,55.58,55.585,13263.0
2026-02-02 13:44:00,55.58,55.595,55.57,55.57,3013.0
2026-02-02 13:45:00,55.57,55.59,55.57,55.57,1080.0
2026-02-02 13:46:00,55.565,55.58,55.565,55.57,609.0
2026-02-02 13:47:00,55.58,55.58,55.57,55.58,1746.0
2026-02-02 13:48:00,55.58,55.63,55.58,55.62,9842.0
2026-02-02 13:49:00,55.62,55.63,55.6,55.6,2052.0
2026-02-02 13:50:00,55.61,55.61,55.56,55.57,2283.0
2026-02-02 13:51:00,55.57,55.58,55.57,55.57,2440.0
2026-02-02 13:52:00,55.575,55.59,55.57,55.58,649.0
2026-02-02 13:53:00,55.58,55.6,55.58,55.6,2261.0
2026-02-02 13:54:00,55.61,55.61,55.6,55.6,1675.0
2026-02-02 13:55:00,55.59,55.6,55.585,55.59,624.0
2026-02-02 13:56:00,55.6,55.63,55.6,55.63,5394.0
2026-02-02 13:57:00,55.63,55.66,55.625,55.66,14890.0
2026-02-02 13:58:00,55.66,55.71,55.66,55.7,30859.0
2026-02-02 13:59:00,55.7,55.7,55.665,55.67,5282.0
2026-02-02 14:00:00,55.66,55.66,55.6,55.63,3862.0
2026-02-02 14:01:00,55.65,55.68,55.64,55.64,12754.0
2026-02-02 14:02:00,55.65,55.65,55.6,55.6,1951.0
2026-02-02 14:03:00,55.6,55.63,55.6,55.62,3251.0
2026-02-02 14:04:00,55.63,55.68,55.63,55.67,4685.0
2026-02-02 14:05:00,55.66,55.675,55.65,55.66,2779.0
2026-02-02 14:06:00,55.66,55.66,55.63,55.64,8511.0
2026-02-02 14:07:00,55.64,55.66,55.64,55.66,1562.0
2026-02-02 14:08:00,55.65,55.65,55.64,55.645,5402.0
2026-02-02 14:09:00,55.64,55.655,55.63,55.65,8887.0
2026-02-02 14:10:00,55.655,55.66,55.645,55.66,7723.0
2026-02-02 14:11:00,55.65,55.65,55.64,55.64,215.0
2026-02-02 14:12:00,55.64,55.64,55.62,55.62,4450.0
2026-02-02 14:13:00,55.64,55.65,55.635,55.64,3518.0
2026-02-02 14:14:00,55.63,55.63,55.61,55.61,1721.0
2026-02-02 14:15:00,55.6,55.63,55.59,55.63,4503.0
2026-02-02 14:16:00,55.63,55.63,55.61,55.61,7858.0
2026-02-02 14:17:00,55.6,55.6,55.59,55.6,12144.0
2026-02-02 14:18:00,55.6,55.62,55.6,55.62,535.0
2026-02-02 14:19:00,55.62,55.62,55.61,55.611,779.0
2026-02-02 14:20:00,55.61,55.62,55.6,55.61,4153.0
2026-02-02 14:21:00,55.61,55.641,55.61,55.64,4743.0
2026-02-02 14:22:00,55.64,55.64,55.61,55.62,3122.0
2026-02-02 14:23:00,55.62,55.65,55.62,55.64,1850.0
2026-02-02 14:24:00,55.63,55.63,55.62,55.62,34.0
2026-02-02 14:25:00,55.61,55.61,55.6,55.6,935.0
2026-02-02 14:26:00,55.58,55.59,55.565,55.59,3435.0
2026-02-02 14:27:00,55.59,55.59,55.565,55.565,5172.0
2026-02-02 14:28:00,55.56,55.56,55.53,55.55,8811.0
2026-02-02 14:29:00,55.54,55.57,55.54,55.55,3386.0
2026-02-02 14:30:00,55.54,55.54,55.49,55.49,17300.0
2026-02-02 14:31:00,55.49,55.5,55.47,55.47,1692.0
2026-02-02 14:32:00,55.47,55.48,55.45,55.48,2183.0
2026-02-02 14:33:00,55.46,55.49,55.46,55.49,4903.0
2026-02-02 14:34:00,55.48,55.48,55.46,55.48,2690.0
2026-02-02 14:35:00,55.48,55.48,55.43,55.43,1321.0
2026-02-02 14:36:00,55.42,55.43,55.4,55.43,3498.0
2026-02-02 14:37:00,55.43,55.45,55.43,55.44,1367.0
2026-02-02 14:38:00,55.43,55.46,55.425,55.46,2667.0
2026-02-02 14:39:00,55.46,55.47,55.41,55.41,3667.0
2026-02-02 14:40:00,55.41,55.41,55.37,55.4,6086.0
2026-02-02 14:41:00,55.4,55.4,55.39,55.4,1271.0
2026-02-02 14:42:00,55.39,55.41,55.38,55.39,5723.0
2026-02-02 14:43:00,55.39,55.39,55.37,55.39,434.0
2026-02-02 14:44:00,55.4,55.45,55.4,55.45,7548.0
2026-02-02 14:45:00,55.44,55.46,55.43,55.44,2784.0
2026-02-02 14:46:00,55.43,55.45,55.43,55.43,7963.0
2026-02-02 14:47:00,55.41,55.41,55.36,55.36,7654.0
2026-02-02 14:48:00,55.36,55.38,55.36,55.37,2711.0
2026-02-02 14:49:00,55.36,55.36,55.34,55.34,3083.0
2026-02-02 14:50:00,55.35,55.35,55.31,55.31,5360.0
2026-02-02 14:51:00,55.315,55.325,55.295,55.31,5177.0
2026-02-02 14:52:00,55.31,55.35,55.3,55.31,3003.0
2026-02-02 14:53:00,55.3,55.305,55.29,55.29,3406.0
2026-02-02 14:54:00,55.3,55.33,55.28,55.33,3000.0
2026-02-02 14:55:00,55.33,55.37,55.32,55.37,2579.0
2026-02-02 14:56:00,55.37,55.37,55.31,55.31,418.0
2026-02-02 14:57:00,55.31,55.39,55.3,55.39,8439.0
2026-02-02 14:58:00,55.39,55.47,55.39,55.45,9723.0
2026-02-02 14:59:00,55.455,55.47,55.04,55.06,84170.0
2026-02-02 15:00:00,55.06,55.2,54.91,55.17,136142.0
2026-02-02 15:01:00,55.17,55.26,55.1,55.24,93958.0
2026-02-02 15:02:00,55.25,55.26,55.2,55.25,9193.0
2026-02-02 15:03:00,55.255,55.28,55.23,55.24,2478.0
2026-02-02 15:04:00,55.23,55.25,55.17,55.24,14315.0
2026-02-02 15:05:00,55.22,55.31,55.22,55.31,2925.0
2026-02-02 15:06:00,55.31,55.37,55.305,55.365,6491.0
2026-02-02 15:07:00,55.35,55.35,55.3,55.31,14789.0
2026-02-02 15:08:00,55.31,55.385,55.28,55.38,12631.0
2026-02-02 15:09:00,55.38,55.38,55.34,55.355,7498.0
2026-02-02 15:10:00,55.37,55.39,55.36,55.38,6214.0
2026-02-02 15:11:00,55.39,55.4,55.36,55.37,2953.0
2026-02-02 15:12:00,55.38,55.38,55.32,55.32,7887.0
2026-02-02 15:13:00,55.325,55.34,55.23,55.25,5987.0
2026-02-02 15:14:00,55.26,55.26,55.23,55.24,3283.0
2026-02-02 15:15:00,55.22,55.27,55.21,55.25,1711.0
2026-02-02 15:16:00,55.24,55.24,55.21,55.22,5475.0
2026-02-02 15:17:00,55.22,55.23,55.16,55.23,6389.0
2026-02-02 15:18:00,55.24,55.35,55.24,55.31,10105.0
2026-02-02 15:19:00,55.31,55.33,55.28,55.28,2739.0
2026-02-02 15:20:00,55.28,55.32,55.27,55.32,4375.0
2026-02-02 15:21:00,55.31,55.325,55.29,55.29,4023.0
2026-02-02 15:22:00,55.29,55.39,55.285,55.36,7272.0
2026-02-02 15:23:00,55.36,55.36,55.33,55.36,2535.0
2026-02-02 15:24:00,55.35,55.36,55.34,55.34,901.0
2026-02-02 15:25:00,55.34,55.34,55.285,55.285,3002.0
2026-02-02 15:26:00,55.28,55.3,55.27,55.28,1083.0
2026-02-02 15:27:00,55.28,55.3,55.27,55.29,5008.0
2026-02-02 15:28:00,55.285,55.285,55.22,55.23,642.0
2026-02-02 15:29:00,55.22,55.22,55.16,55.19,23183.0
2026-02-02 15:30:00,55.17,55.19,55.15,55.16,6605.0
2026-02-02 15:31:00,55.17,55.2,55.145,55.17,7568.0
2026-02-02 15:32:00,55.17,55.17,55.12,55.125,2009.0
2026-02-02 15:33:00,55.13,55.2,55.12,55.16,5130.0
2026-02-02 15:34:00,55.16,55.17,55.145,55.15,1714.0
2026-02-02 15:35:00,55.15,55.16,55.11,55.13,6450.0
2026-02-02 15:36:00,55.13,55.16,55.12,55.13,2132.0
2026-02-02 15:37:00,55.13,55.13,55.07,55.1,17883.0
2026-02-02 15:38:00,55.08,55.15,55.08,55.15,5073.0
2026-02-02 15:39:00,55.16,55.19,55.11,55.11,6261.0
2026-02-02 15:40:00,55.09,55.1,55.07,55.08,10610.0
2026-02-02 15:41:00,55.079,55.13,55.05,55.11,20611.0
2026-02-02 15:42:00,55.12,55.15,55.08,55.08,5054.0
2026-02-02 15:43:00,55.07,55.09,55.05,55.09,1586.0
2026-02-02 15:44:00,55.1,55.125,55.09,55.09,5648.0
2026-02-02 15:45:00,55.08,55.12,55.06,55.12,5823.0
2026-02-02 15:46:00,55.13,55.17,55.13,55.16,3248.0
2026-02-02 15:47:00,55.17,55.17,55.11,55.11,4578.0
2026-02-02 15:48:00,55.11,55.12,55.065,55.065,4435.0
2026-02-02 15:49:00,55.065,55.09,55.065,55.08,6856.0
2026-02-02 15:50:00,55.08,55.08,54.98,55.01,39880.0
2026-02-02 15:51:00,55.01,55.03,54.97,55.02,5441.0
2026-02-02 15:52:00,55.03,55.055,55.02,55.04,10496.0
2026-02-02 15:53:00,55.04,55.16,55.04,55.13,21272.0
2026-02-02 15:54:00,55.13,55.139,55.06,55.07,13544.0
2026-02-02 15:55:00,55.07,55.14,55.07,55.12,42973.0
2026-02-02 15:56:00,55.11,55.14,55.08,55.135,5042.0
2026-02-02 15:57:00,55.14,55.14,55.11,55.14,20504.0
2026-02-02 15:58:00,55.15,55.15,55.1,55.12,12829.0
2026-02-02 15:59:00,55.12,55.14,55.05,55.12,99110.0
2026-02-03 09:30:00,55.64,55.75,55.47,55.7,134817.0
2026-02-03 09:31:00,55.68,55.72,55.34,55.365,57967.0
2026-02-03 09:32:00,55.36,55.44,55.3,55.31,67331.0
2026-02-03 09:33:00,55.32,55.34,55.17,55.17,41968.0
2026-02-03 09:34:00,55.17,55.28,55.04,55.27,54854.0
2026-02-03 09:35:00,55.26,55.38,55.17,55.24,55557.0
2026-02-03 09:36:00,55.21,55.25,55.12,55.215,24853.0
2026-02-03 09:37:00,55.21,55.22,55.0,55.07,78999.0
2026-02-03 09:38:00,55.04,55.07,54.88,55.0,96132.0
2026-02-03 09:39:00,55.01,55.01,54.86,54.92,29064.0
2026-02-03 09:40:00,54.92,55.03,54.92,54.93,44654.0
2026-02-03 09:41:00,54.91,54.92,54.75,54.83,174554.0
2026-02-03 09:42:00,54.82,54.88,54.71,54.81,57225.0
2026-02-03 09:43:00,54.8,54.8,54.31,54.45,173492.0
2026-02-03 09:44:00,54.45,54.54,54.4,54.49,62270.0
2026-02-03 09:45:00,54.49,54.62,54.42,54.54,39565.0
2026-02-03 09:46:00,54.54,54.675,54.5,54.64,53693.0
2026-02-03 09:47:00,54.65,54.855,54.61,54.78,150522.0
2026-02-03 09:48:00,54.78,54.85,54.74,54.82,29474.0
2026-02-03 09:49:00,54.81,54.85,54.66,54.79,70979.0
2026-02-03 09:50:00,54.76,54.76,54.59,54.6,28787.0
2026-02-03 09:51:00,54.59,54.59,54.45,54.5,29685.0
2026-02-03 09:52:00,54.51,54.66,54.46,54.65,19481.0
2026-02-03 09:53:00,54.65,54.65,54.52,54.59,37855.0
2026-02-03 09:54:00,54.6,54.62,54.28,54.28,101742.0
2026-02-03 09:55:00,54.29,54.31,54.14,54.15,74530.0
2026-02-03 09:56:00,54.17,54.17,53.99,53.99,70693.0
2026-02-03 09:57:00,54.0,54.03,53.84,53.86,52321.0
2026-02-03 09:58:00,53.85,53.86,53.75,53.83,35531.0
2026-02-03 09:59:00,53.83,53.83,53.66,53.7,35705.0
2026-02-03 10:00:00,53.71,53.8,53.49,53.57,89652.0
2026-02-03 10:01:00,53.59,53.6,53.45,53.46,27581.0
2026-02-03 10:02:00,53.47,53.52,53.34,53.34,60413.0
2026-02-03 10:03:00,53.33,53.7,53.3,53.69,66290.0
2026-02-03 10:04:00,53.67,53.8,53.59,53.59,42274.0
2026-02-03 10:05:00,53.58,53.74,53.57,53.64,33134.0
2026-02-03 10:06:00,53.64,53.64,53.39,53.42,57279.0
2026-02-03 10:07:00,53.42,53.42,53.21,53.24,63736.0
2026-02-03 10:08:00,53.25,53.42,53.19,53.395,62482.0
2026-02-03 10:09:00,53.41,53.54,53.33,53.54,39291.0
2026-02-03 10:10:00,53.54,53.58,53.46,53.47,57029.0
2026-02-03 10:11:00,53.48,53.5,53.31,53.36,37241.0
2026-02-03 10:12:00,53.36,53.36,53.22,53.22,45094.0
2026-02-03 10:13:00,53.21,53.29,53.1,53.15,76711.0
2026-02-03 10:14:00,53.14,53.25,53.08,53.22,41699.0
2026-02-03 10:15:00,53.22,53.26,53.16,53.22,19289.0
2026-02-03 10:16:00,53.23,53.47,53.18,53.4,46168.0
2026-02-03 10:17:00,53.39,53.39,53.23,53.34,36670.0
2026-02-03 10:18:00,53.33,53.37,53.27,53.28,56789.0
2026-02-03 10:19:00,53.27,53.38,53.22,53.36,40422.0
2026-02-03 10:20:00,53.36,53.51,53.33,53.51,66319.0
2026-02-03 10:21:00,53.519,53.545,53.36,53.36,57410.0
2026-02-03 10:22:00,53.35,53.35,53.17,53.17,62203.0
2026-02-03 10:23:00,53.16,53.23,52.98,53.04,139910.0
2026-02-03 10:24:00,53.03,53.03,52.74,52.75,115329.0
2026-02-03 10:25:00,52.74,53.01,52.7,53.01,37980.0
2026-02-03 10:26:00,53.01,53.27,53.01,53.21,69973.0
2026-02-03 10:27:00,53.2,53.3,53.11,53.26,37151.0
2026-02-03 10:28:00,53.27,53.27,53.19,53.26,40449.0
2026-02-03 10:29:00,53.27,53.3,53.12,53.18,24140.0
2026-02-03 10:30:00,53.17,53.25,53.08,53.09,53917.0
2026-02-03 10:31:00,53.1,53.16,53.02,53.05,35978.0
2026-02-03 10:32:00,53.06,53.28,53.0,53.26,52874.0
2026-02-03 10:33:00,53.25,53.27,53.03,53.03,44498.0
2026-02-03 10:34:00,53.03,53.04,52.88,52.89,77995.0
2026-02-03 10:35:00,52.89,52.9,52.78,52.81,73536.0
2026-02-03 10:36:00,52.81,52.96,52.77,52.87,33739.0
2026-02-03 10:37:00,52.88,53.07,52.88,53.04,47455.0
2026-02-03 10:38:00,53.05,53.15,53.0,53.15,26667.0
2026-02-03 10:39:00,53.15,53.18,53.08,53.18,34761.0
2026-02-03 10:40:00,53.17,53.26,53.11,53.2,47875.0
2026-02-03 10:41:00,53.19,53.2,53.06,53.08,44241.0
2026-02-03 10:42:00,53.09,53.19,53.07,53.16,13746.0
2026-02-03 10:43:00,53.15,53.18,53.08,53.12,39698.0
2026-02-03 10:44:00,53.11,53.17,53.04,53.04,34547.0
2026-02-03 10:45:00,53.03,53.04,52.87,52.94,51519.0
2026-02-03 10:46:00,52.96,53.03,52.95,53.03,22465.0
2026-02-03 10:47:00,53.04,53.325,53.04,53.3,85026.0
2026-02-03 10:48:00,53.29,53.39,53.25,53.39,32182.0
2026-02-03 10:49:00,53.391,53.47,53.34,53.47,41178.0
2026-02-03 10:50:00,53.46,53.62,53.46,53.62,49128.0
2026-02-03 10:51:00,53.62,53.63,53.53,53.53,31514.0
2026-02-03 10:52:00,53.535,53.535,53.29,53.32,80630.0
2026-02-03 10:53:00,53.3,53.34,53.2,53.27,52639.0
2026-02-03 10:54:00,53.27,53.47,53.27,53.47,40014.0
2026-02-03 10:55:00,53.46,53.58,53.46,53.58,30541.0
2026-02-03 10:56:00,53.57,53.68,53.55,53.66,14879.0
2026-02-03 10:57:00,53.65,53.699,53.6,53.621,26142.0
2026-02-03 10:58:00,53.63,53.71,53.555,53.571,39675.0
2026-02-03 10:59:00,53.59,53.64,53.55,53.63,19320.0
2026-02-03 11:00:00,53.63,53.63,53.53,53.54,34299.0
2026-02-03 11:01:00,53.53,53.57,53.5,53.54,19307.0
2026-02-03 11:02:00,53.52,53.55,53.44,53.45,29457.0
2026-02-03 11:03:00,53.44,53.45,53.36,53.39,25134.0
2026-02-03 11:04:00,53.39,53.42,53.31,53.33,15865.0
2026-02-03 11:05:00,53.33,53.43,53.27,53.4,27109.0
2026-02-03 11:06:00,53.39,53.39,53.28,53.29,15033.0
2026-02-03 11:07:00,53.28,53.33,53.24,53.32,18528.0
2026-02-03 11:08:00,53.33,53.36,53.27,53.34,13248.0
2026-02-03 11:09:00,53.33,53.35,53.2,53.22,28790.0
2026-02-03 11:10:00,53.21,53.22,53.1,53.13,45967.0
2026-02-03 11:11:00,53.14,53.22,53.12,53.2,29383.0
2026-02-03 11:12:00,53.2,53.33,53.18,53.32,19914.0
2026-02-03 11:13:00,53.32,53.43,53.29,53.38,35274.0
2026-02-03 11:14:00,53.39,53.39,53.2,53.21,16286.0
2026-02-03 11:15:00,53.21,53.27,53.2,53.22,35108.0
2026-02-03 11:16:00,53.22,53.34,53.2,53.23,16404.0
2026-02-03 11:17:00,53.23,53.34,53.18,53.18,19013.0
2026-02-03 11:18:00,53.2,53.26,53.18,53.18,17948.0
2026-02-03 11:19:00,53.19,53.21,53.14,53.18,26468.0
2026-02-03 11:20:00,53.19,53.24,53.17,53.2,19939.0
2026-02-03 11:21:00,53.2,53.23,53.13,53.145,32874.0
2026-02-03 11:22:00,53.13,53.15,52.95,52.95,61213.0
2026-02-03 11:23:00,52.95,52.95,52.84,52.92,31222.0
2026-02-03 11:24:00,52.93,52.93,52.88,52.9,27859.0
2026-02-03 11:25:00,52.9,53.04,52.85,53.03,30975.0
2026-02-03 11:26:00,53.02,53.11,53.0,53.01,24260.0
2026-02-03 11:27:00,53.01,53.06,52.98,53.03,28867.0
2026-02-03 11:28:00,53.04,53.05,52.93,52.95,24663.0
2026-02-03 11:29:00,52.94,52.94,52.85,52.85,16630.0
2026-02-03 11:30:00,52.86,52.93,52.85,52.85,26096.0
2026-02-03 11:31:00,52.83,52.93,52.83,52.86,32087.0
2026-02-03 11:32:00,52.86,52.9,52.85,52.9,16300.0
2026-02-03 11:33:00,52.905,52.91,52.745,52.86,84228.0
2026-02-03 11:34:00,52.87,52.98,52.86,52.97,29305.0
2026-02-03 11:35:00,52.98,53.09,52.95,53.01,26542.0
2026-02-03 11:36:00,53.0,53.05,52.96,52.96,44392.0
2026-02-03 11:37:00,52.96,52.98,52.89,52.95,23634.0
2026-02-03 11:38:00,52.95,52.98,52.9,52.91,15189.0
2026-02-03 11:39:00,52.91,52.93,52.84,52.93,12005.0
2026-02-03 11:40:00,52.93,53.04,52.92,53.04,27016.0
2026-02-03 11:41:00,53.03,53.04,52.88,52.93,33587.0
2026-02-03 11:42:00,52.93,52.96,52.9,52.93,20136.0
2026-02-03 11:43:00,52.925,52.99,52.89,52.9,20606.0
2026-02-03 11:44:00,52.9,52.93,52.87,52.91,27740.0
2026-02-03 11:45:00,52.9,52.95,52.87,52.91,25364.0
2026-02-03 11:46:00,52.91,52.95,52.79,52.83,29588.0
2026-02-03 11:47:00,52.84,53.03,52.8,53.03,21707.0
2026-02-03 11:48:00,53.03,53.04,52.93,52.94,13392.0
2026-02-03 11:49:00,52.97,53.02,52.93,52.95,23592.0
2026-02-03 11:50:00,52.9,52.91,52.77,52.77,29464.0
2026-02-03 11:51:00,52.78,52.78,52.67,52.69,92374.0
2026-02-03 11:52:00,52.72,52.88,52.7,52.88,25361.0
2026-02-03 11:53:00,52.88,52.94,52.85,52.93,14265.0
2026-02-03 11:54:00,52.94,52.96,52.87,52.88,24451.0
2026-02-03 11:55:00,52.9,52.95,52.88,52.95,15543.0
2026-02-03 11:56:00,52.96,52.98,52.91,52.98,26132.0
2026-02-03 11:57:00,52.98,53.01,52.94,53.0,21579.0
2026-02-03 11:58:00,52.98,52.98,52.87,52.87,20264.0
2026-02-03 11:59:00,52.88,52.88,52.8,52.825,22234.0
2026-02-03 12:00:00,52.81,52.84,52.75,52.81,35904.0
2026-02-03 12:01:00,52.81,52.85,52.76,52.76,15802.0
2026-02-03 12:02:00,52.77,52.81,52.735,52.78,14127.0
2026-02-03 12:03:00,52.79,52.81,52.76,52.8,9580.0
2026-02-03 12:04:00,52.8,52.82,52.77,52.81,12532.0
2026-02-03 12:05:00,52.81,52.81,52.7,52.71,36742.0
2026-02-03 12:06:00,52.71,52.8,52.69,52.8,17391.0
2026-02-03 12:07:00,52.81,52.82,52.74,52.74,18326.0
2026-02-03 12:08:00,52.73,52.8,52.72,52.8,9648.0
2026-02-03 12:09:00,52.81,52.85,52.79,52.84,10020.0
2026-02-03 12:10:00,52.84,52.88,52.82,52.86,18077.0
2026-02-03 12:11:00,52.85,52.85,52.75,52.75,17469.0
2026-02-03 12:12:00,52.75,52.75,52.26,52.27,288563.0
2026-02-03 12:13:00,52.26,52.43,52.25,52.4,49563.0
2026-02-03 12:14:00,52.4,52.46,52.28,52.36,89806.0
2026-02-03 12:15:00,52.36,52.45,52.32,52.35,37716.0
2026-02-03 12:16:00,52.33,52.41,52.32,52.37,23085.0
2026-02-03 12:17:00,52.37,52.43,52.37,52.42,8786.0
2026-02-03 12:18:00,52.43,52.58,52.41,52.56,20247.0
2026-02-03 12:19:00,52.58,52.58,52.39,52.39,21582.0
2026-02-03 12:20:00,52.385,52.41,52.309,52.309,10671.0
2026-02-03 12:21:00,52.3,52.52,52.29,52.51,33015.0
2026-02-03 12:22:00,52.5,52.5,52.42,52.48,10959.0
2026-02-03 12:23:00,52.48,52.6,52.48,52.58,9411.0
2026-02-03 12:24:00,52.57,52.6,52.54,52.56,12204.0
2026-02-03 12:25:00,52.57,52.65,52.57,52.65,11183.0
2026-02-03 12:26:00,52.65,52.65,52.539,52.54,5293.0
2026-02-03 12:27:00,52.53,52.57,52.47,52.47,16215.0
2026-02-03 12:28:00,52.47,52.47,52.41,52.42,8831.0
2026-02-03 12:29:00,52.43,52.43,52.34,52.34,11252.0
2026-02-03 12:30:00,52.33,52.37,52.22,52.24,37888.0
2026-02-03 12:31:00,52.26,52.31,52.23,52.24,15578.0
2026-02-03 12:32:00,52.26,52.28,52.2,52.25,25843.0
2026-02-03 12:33:00,52.25,52.28,52.18,52.24,37033.0
2026-02-03 12:34:00,52.23,52.26,52.1,52.11,30050.0
2026-02-03 12:35:00,52.11,52.18,52.11,52.15,12312.0
2026-02-03 12:36:00,52.15,52.16,52.0,52.04,65396.0
2026-02-03 12:37:00,52.05,52.1,52.02,52.04,15386.0
2026-02-03 12:38:00,52.05,52.08,52.01,52.03,19460.0
2026-02-03 12:39:00,52.04,52.09,52.01,52.07,25730.0
2026-02-03 12:40:00,52.06,52.06,51.95,51.96,101749.0
2026-02-03 12:41:00,51.955,51.96,51.9,51.96,21865.0
2026-02-03 12:42:00,51.96,52.03,51.92,51.92,16120.0
2026-02-03 12:43:00,51.91,51.945,51.89,51.92,25352.0
2026-02-03 12:44:00,51.93,52.0,51.91,51.965,16629.0
2026-02-03 12:45:00,51.95,52.04,51.94,52.04,145327.0
2026-02-03 12:46:00,52.04,52.15,52.01,52.08,16197.0
2026-02-03 12:47:00,52.08,52.19,52.07,52.13,12751.0
2026-02-03 12:48:00,52.16,52.24,52.13,52.21,15200.0
2026-02-03 12:49:00,52.23,52.25,52.15,52.18,10261.0
2026-02-03 12:50:00,52.17,52.29,52.145,52.29,20059.0
2026-02-03 12:51:00,52.29,52.41,52.27,52.33,23322.0
2026-02-03 12:52:00,52.32,52.32,52.13,52.13,17618.0
2026-02-03 12:53:00,52.12,52.18,52.07,52.17,7652.0
2026-02-03 12:54:00,52.17,52.22,52.16,52.22,14877.0
2026-02-03 12:55:00,52.24,52.25,52.16,52.17,23593.0
2026-02-03 12:56:00,52.17,52.26,52.145,52.26,91749.0
2026-02-03 12:57:00,52.25,52.28,52.17,52.18,31363.0
2026-02-03 12:58:00,52.17,52.26,52.16,52.24,10467.0
2026-02-03 12:59:00,52.23,52.24,52.12,52.15,14957.0
2026-02-03 13:00:00,52.15,52.19,52.12,52.15,21072.0
2026-02-03 13:01:00,52.15,52.25,52.13,52.14,22271.0
2026-02-03 13:02:00,52.16,52.18,52.09,52.11,23956.0
2026-02-03 13:03:00,52.12,52.13,52.08,52.08,5444.0
2026-02-03 13:04:00,52.08,52.09,52.04,52.05,10024.0
2026-02-03 13:05:00,52.05,52.08,52.02,52.06,16406.0
2026-02-03 13:06:00,52.06,52.16,52.06,52.11,22418.0
2026-02-03 13:07:00,52.115,52.34,52.1,52.28,46868.0
2026-02-03 13:08:00,52.27,52.38,52.27,52.35,20925.0
2026-02-03 13:09:00,52.36,52.38,52.21,52.21,42810.0
2026-02-03 13:10:00,52.21,52.21,52.12,52.13,15352.0
2026-02-03 13:11:00,52.11,52.14,52.06,52.1,14711.0
2026-02-03 13:12:00,52.12,52.13,52.0,52.01,16880.0
2026-02-03 13:13:00,52.02,52.02,51.81,51.81,87549.0
2026-02-03 13:14:00,51.81,51.82,51.77,51.81,42342.0
2026-02-03 13:15:00,51.81,51.92,51.81,51.92,28074.0
2026-02-03 13:16:00,51.925,51.955,51.88,51.93,47480.0
2026-02-03 13:17:00,51.96,51.96,51.86,51.88,21394.0
2026-02-03 13:18:00,51.9,52.0,51.9,51.99,13777.0
2026-02-03 13:19:00,51.99,52.02,51.96,52.02,15621.0
2026-02-03 13:20:00,52.01,52.01,51.86,51.88,12436.0
2026-02-03 13:21:00,51.89,51.94,51.88,51.94,12057.0
2026-02-03 13:22:00,51.94,52.01,51.93,51.95,10101.0
2026-02-03 13:23:00,51.93,51.94,51.89,51.9,8655.0
2026-02-03 13:24:00,51.89,51.89,51.83,51.86,8965.0
2026-02-03 13:25:00,51.82,51.84,51.73,51.77,53886.0
2026-02-03 13:26:00,51.78,51.78,51.73,51.77,15914.0
2026-02-03 13:27:00,51.77,51.77,51.69,51.74,33449.0
2026-02-03 13:28:00,51.75,51.82,51.75,51.77,22463.0
2026-02-03 13:29:00,51.76,51.81,51.68,51.81,40060.0
2026-02-03 13:30:00,51.8,51.8,51.63,51.66,88357.0
2026-02-03 13:31:00,51.67,51.72,51.65,51.71,17598.0
2026-02-03 13:32:00,51.71,51.78,51.65,51.66,8946.0
2026-02-03 13:33:00,51.64,51.66,51.58,51.66,30106.0
2026-02-03 13:34:00,51.65,51.67,51.61,51.65,8976.0
2026-02-03 13:35:00,51.65,51.68,51.59,51.62,10085.0
2026-02-03 13:36:00,51.63,51.66,51.55,51.55,39899.0
2026-02-03 13:37:00,51.55,51.64,51.54,51.63,11956.0
2026-02-03 13:38:00,51.63,51.71,51.62,51.67,16598.0
2026-02-03 13:39:00,51.675,51.73,51.64,51.73,18569.0
2026-02-03 13:40:00,51.72,51.72,51.61,51.61,19769.0
2026-02-03 13:41:00,51.62,51.69,51.59,51.64,21324.0
2026-02-03 13:42:00,51.64,51.64,51.49,51.5,114352.0
2026-02-03 13:43:00,51.5,51.56,51.5,51.54,10999.0
2026-02-03 13:44:00,51.55,51.58,51.54,51.54,16269.0
2026-02-03 13:45:00,51.535,51.535,51.47,51.47,20169.0
2026-02-03 13:46:00,51.47,51.51,51.45,51.49,17109.0
2026-02-03 13:47:00,51.49,51.569,51.485,51.55,21462.0
2026-02-03 13:48:00,51.55,51.55,51.42,51.43,17017.0
2026-02-03 13:49:00,51.43,51.52,51.43,51.51,10068.0
2026-02-03 13:50:00,51.5,51.5,51.43,51.45,8485.0
2026-02-03 13:51:00,51.45,51.46,51.4,51.45,17130.0
2026-02-03 13:52:00,51.46,51.46,51.41,51.435,8671.0
2026-02-03 13:53:00,51.45,51.48,51.395,51.395,30540.0
2026-02-03 13:54:00,51.4,51.41,51.38,51.39,6111.0
2026-02-03 13:55:00,51.39,51.52,51.39,51.5,21050.0
2026-02-03 13:56:00,51.505,51.51,51.43,51.46,13537.0
2026-02-03 13:57:00,51.45,51.45,51.345,51.35,23416.0
2026-02-03 13:58:00,51.36,51.43,51.36,51.43,11589.0
2026-02-03 13:59:00,51.43,51.43,51.26,51.26,39902.0
2026-02-03 14:00:00,51.25,51.335,51.15,51.29,112844.0
2026-02-03 14:01:00,51.27,51.27,51.23,51.23,18217.0
2026-02-03 14:02:00,51.23,51.27,51.18,51.18,21096.0
2026-02-03 14:03:00,51.17,51.18,51.11,51.12,20203.0
2026-02-03 14:04:00,51.12,51.16,51.12,51.16,13163.0
2026-02-03 14:05:00,51.16,51.25,51.11,51.22,21683.0
2026-02-03 14:06:00,51.215,51.23,51.13,51.16,12113.0
2026-02-03 14:07:00,51.17,51.18,51.09,51.11,26465.0
2026-02-03 14:08:00,51.1,51.12,51.08,51.1,17286.0
2026-02-03 14:09:00,51.1,51.16,51.1,51.16,10062.0
2026-02-03 14:10:00,51.14,51.25,51.13,51.24,12658.0
2026-02-03 14:11:00,51.25,51.4,51.25,51.4,29526.0
2026-02-03 14:12:00,51.4,51.58,51.4,51.575,53097.0
2026-02-03 14:13:00,51.575,51.65,51.53,51.62,62533.0
2026-02-03 14:14:00,51.63,51.76,51.63,51.75,39436.0
2026-02-03 14:15:00,51.74,51.8,51.71,51.78,51163.0
2026-02-03 14:16:00,51.77,51.82,51.69,51.76,39003.0
2026-02-03 14:17:00,51.75,51.76,51.67,51.68,58344.0
2026-02-03 14:18:00,51.68,51.82,51.67,51.82,25937.0
2026-02-03 14:19:00,51.82,51.89,51.795,51.83,22260.0
2026-02-03 14:20:00,51.82,51.91,51.82,51.87,17214.0
2026-02-03 14:21:00,51.87,51.97,51.87,51.96,59965.0
2026-02-03 14:22:00,51.96,51.97,51.84,51.86,22137.0
2026-02-03 14:23:00,51.85,51.9,51.84,51.89,13611.0
2026-02-03 14:24:00,51.88,51.93,51.729,51.74,24730.0
2026-02-03 14:25:00,51.75,51.79,51.49,51.49,94077.0
2026-02-03 14:26:00,51.5,51.58,51.46,51.57,59457.0
2026-02-03 14:27:00,51.57,51.7,51.52,51.68,54504.0
2026-02-03 14:28:00,51.69,51.71,51.63,51.71,23519.0
2026-02-03 14:29:00,51.72,51.74,51.52,51.56,55941.0
2026-02-03 14:30:00,51.57,51.74,51.42,51.44,112792.0
2026-02-03 14:31:00,51.43,51.49,51.38,51.48,33565.0
2026-02-03 14:32:00,51.47,51.63,51.47,51.48,57505.0
2026-02-03 14:33:00,51.5,51.64,51.5,51.56,16869.0
2026-02-03 14:34:00,51.56,51.56,51.4,51.41,39480.0
2026-02-03 14:35:00,51.41,51.52,51.39,51.5,64525.0
2026-02-03 14:36:00,51.53,51.56,51.46,51.49,17680.0
2026-02-03 14:37:00,51.48,51.57,51.41,51.57,16200.0
2026-02-03 14:38:00,51.58,51.62,51.5,51.55,46138.0
2026-02-03 14:39:00,51.56,51.57,51.5,51.51,18805.0
2026-02-03 14:40:00,51.5,51.53,51.41,51.51,30469.0
2026-02-03 14:41:00,51.51,51.565,51.5,51.55,19448.0
2026-02-03 14:42:00,51.54,51.59,51.51,51.53,20089.0
2026-02-03 14:43:00,51.52,51.53,51.37,51.4,34076.0
2026-02-03 14:44:00,51.42,51.43,51.37,51.41,11452.0
2026-02-03 14:45:00,51.42,51.43,51.32,51.37,21098.0
2026-02-03 14:46:00,51.37,51.38,51.26,51.28,21226.0
2026-02-03 14:47:00,51.28,51.35,51.28,51.31,29213.0
2026-02-03 14:48:00,51.31,51.34,51.29,51.33,11222.0
2026-02-03 14:49:00,51.35,51.4,51.28,51.29,38714.0
2026-02-03 14:50:00,51.28,51.38,51.27,51.35,50873.0
2026-02-03 14:51:00,51.35,51.37,51.2,51.26,89971.0
2026-02-03 14:52:00,51.27,51.32,51.22,51.25,28480.0
2026-02-03 14:53:00,51.24,51.48,51.18,51.34,94483.0
2026-02-03 14:54:00,51.35,51.45,51.31,51.45,23302.0
2026-02-03 14:55:00,51.46,51.54,51.44,51.53,28278.0
2026-02-03 14:56:00,51.53,51.69,51.53,51.68,75094.0
2026-02-03 14:57:00,51.66,51.68,51.6,51.66,15314.0
2026-02-03 14:58:00,51.65,51.74,51.65,51.72,44902.0
2026-02-03 14:59:00,51.72,51.78,51.69,51.7,30002.0
2026-02-03 15:00:00,51.7,51.76,51.66,51.71,68626.0
2026-02-03 15:01:00,51.7,51.73,51.56,51.56,29329.0
2026-02-03 15:02:00,51.56,51.59,51.5,51.51,35363.0
2026-02-03 15:03:00,51.53,51.55,51.5,51.54,15802.0
2026-02-03 15:04:00,51.56,51.57,51.52,51.52,19896.0
2026-02-03 15:05:00,51.51,51.6,51.5,51.57,12172.0
2026-02-03 15:06:00,51.56,51.62,51.55,51.59,18893.0
2026-02-03 15:07:00,51.6,51.65,51.6,51.61,30072.0
2026-02-03 15:08:00,51.6,51.6,51.5,51.52,27695.0
2026-02-03 15:09:00,51.53,51.54,51.48,51.52,20195.0
2026-02-03 15:10:00,51.53,51.6,51.53,51.58,14834.0
2026-02-03 15:11:00,51.58,51.58,51.53,51.57,9566.0
2026-02-03 15:12:00,51.58,51.58,51.42,51.42,37826.0
2026-02-03 15:13:00,51.43,51.52,51.4,51.52,23748.0
2026-02-03 15:14:00,51.51,51.66,51.5,51.66,17907.0
2026-02-03 15:15:00,51.64,51.64,51.5,51.52,23801.0
2026-02-03 15:16:00,51.52,51.62,51.52,51.61,23841.0
2026-02-03 15:17:00,51.61,51.67,51.6,51.64,35424.0
2026-02-03 15:18:00,51.66,51.79,51.65,51.79,16396.0
2026-02-03 15:19:00,51.79,51.82,51.72,51.72,35712.0
2026-02-03 15:20:00,51.7,51.71,51.56,51.57,79428.0
2026-02-03 15:21:00,51.57,51.62,51.56,51.62,36505.0
2026-02-03 15:22:00,51.62,51.62,51.55,51.61,10262.0
2026-02-03 15:23:00,51.62,51.73,51.59,51.73,10509.0
2026-02-03 15:24:00,51.73,51.77,51.7,51.77,14294.0
2026-02-03 15:25:00,51.78,51.81,51.77,51.79,38473.0
2026-02-03 15:26:00,51.79,51.81,51.77,51.81,12488.0
2026-02-03 15:27:00,51.81,51.85,51.79,51.85,75545.0
2026-02-03 15:28:00,51.85,51.87,51.78,51.78,45619.0
2026-02-03 15:29:00,51.78,51.83,51.77,51.8,9579.0
2026-02-03 15:30:00,51.795,51.96,51.795,51.96,42657.0
2026-02-03 15:31:00,51.96,52.02,51.94,52.02,49411.0
2026-02-03 15:32:00,52.03,52.14,52.02,52.06,32704.0
2026-02-03 15:33:00,52.07,52.13,52.07,52.13,15837.0
2026-02-03 15:34:00,52.13,52.22,52.13,52.21,24495.0
2026-02-03 15:35:00,52.22,52.24,52.18,52.23,15074.0
2026-02-03 15:36:00,52.24,52.27,52.17,52.25,34157.0
2026-02-03 15:37:00,52.25,52.25,52.17,52.171,9351.0
2026-02-03 15:38:00,52.18,52.37,52.18,52.37,29666.0
2026-02-03 15:39:00,52.37,52.37,52.31,52.36,13442.0
2026-02-03 15:40:00,52.36,52.36,52.26,52.26,18944.0
2026-02-03 15:41:00,52.25,52.26,52.09,52.09,54303.0
2026-02-03 15:42:00,52.1,52.2,52.07,52.16,19908.0
2026-02-03 15:43:00,52.16,52.16,52.12,52.14,20403.0
2026-02-03 15:44:00,52.15,52.21,52.15,52.18,18903.0
2026-02-03 15:45:00,52.18,52.22,52.15,52.2,14301.0
2026-02-03 15:46:00,52.21,52.29,52.21,52.28,18207.0
2026-02-03 15:47:00,52.29,52.33,52.23,52.26,12207.0
2026-02-03 15:48:00,52.26,52.28,52.195,52.195,8838.0
2026-02-03 15:49:00,52.205,52.3,52.205,52.3,28759.0
2026-02-03 15:50:00,52.3,52.44,52.3,52.37,57422.0
2026-02-03 15:51:00,52.37,52.38,52.26,52.28,11918.0
2026-02-03 15:52:00,52.28,52.29,52.22,52.285,90401.0
2026-02-03 15:53:00,52.29,52.37,52.26,52.28,50632.0
2026-02-03 15:54:00,52.29,52.42,52.27,52.385,59173.0
2026-02-03 15:55:00,52.385,52.5,52.35,52.46,60073.0
2026-02-03 15:56:00,52.47,52.47,52.4,52.45,19202.0
2026-02-03 15:57:00,52.46,52.51,52.44,52.46,36678.0
2026-02-03 15:58:00,52.46,52.545,52.45,52.54,24607.0
2026-02-03 15:59:00,52.55,52.6,52.51,52.51,86519.0
2026-02-04 09:30:00,52.15,52.15,51.66,51.69,115339.0
2026-02-04 09:31:00,51.67,51.67,51.34,51.43,87979.0
2026-02-04 09:32:00,51.4,51.43,51.19,51.42,65551.0
2026-02-04 09:33:00,51.42,51.62,51.315,51.41,39510.0
2026-02-04 09:34:00,51.385,51.64,51.32,51.53,23873.0
2026-02-04 09:35:00,51.53,51.92,51.395,51.88,62616.0
2026-02-04 09:36:00,51.89,52.13,51.83,51.84,39816.0
2026-02-04 09:37:00,51.82,51.98,51.62,51.7,37373.0
2026-02-04 09:38:00,51.72,52.02,51.71,51.85,47219.0
2026-02-04 09:39:00,51.86,51.96,51.79,51.95,27579.0
2026-02-04 09:40:00,51.95,51.95,51.66,51.66,38639.0
2026-02-04 09:41:00,51.65,52.04,51.6,51.86,51853.0
2026-02-04 09:42:00,51.83,52.08,51.75,52.08,33688.0
2026-02-04 09:43:00,52.075,52.15,51.88,51.9,30791.0
2026-02-04 09:44:00,51.91,51.93,51.83,51.83,26351.0
2026-02-04 09:45:00,51.82,51.88,51.58,51.66,48249.0
2026-02-04 09:46:00,51.64,51.77,51.61,51.705,37985.0
2026-02-04 09:47:00,51.72,51.89,51.66,51.66,26229.0
2026-02-04 09:48:00,51.68,52.06,51.68,51.99,43206.0
2026-02-04 09:49:00,51.99,52.04,51.78,51.9,38671.0
2026-02-04 09:50:00,51.89,51.97,51.58,51.59,99151.0
2026-02-04 09:51:00,51.59,51.71,51.52,51.57,33080.0
2026-02-04 09:52:00,51.57,51.58,51.42,51.47,49487.0
2026-02-04 09:53:00,51.48,51.48,51.28,51.28,57756.0
2026-02-04 09:54:00,51.29,51.64,51.27,51.64,55166.0
2026-02-04 09:55:00,51.64,51.68,51.46,51.48,28750.0
2026-02-04 09:56:00,51.49,51.49,51.29,51.34,40368.0
2026-02-04 09:57:00,51.33,51.34,51.16,51.18,43094.0
2026-02-04 09:58:00,51.17,51.2,50.955,50.96,125566.0
2026-02-04 09:59:00,50.96,51.06,50.91,50.97,40226.0
2026-02-04 10:00:00,50.94,50.94,50.67,50.7,128362.0
2026-02-04 10:01:00,50.71,50.72,50.579,50.59,50388.0
2026-02-04 10:02:00,50.61,50.615,50.43,50.59,99506.0
2026-02-04 10:03:00,50.59,50.83,50.57,50.75,58248.0
2026-02-04 10:04:00,50.749,50.77,50.6,50.7,47224.0
2026-02-04 10:05:00,50.69,50.97,50.69,50.83,57236.0
2026-02-04 10:06:00,50.82,50.87,50.73,50.74,30115.0
2026-02-04 10:07:00,50.73,51.12,50.73,51.03,105023.0
2026-02-04 10:08:00,51.03,51.16,50.98,51.1,49354.0
2026-02-04 10:09:00,51.1,51.31,51.07,51.25,51748.0
2026-02-04 10:10:00,51.25,51.32,51.03,51.11,57308.0
2026-02-04 10:11:00,51.11,51.37,51.03,51.22,59883.0
2026-02-04 10:12:00,51.26,51.36,51.02,51.05,53143.0
2026-02-04 10:13:00,51.04,51.32,50.995,51.19,48190.0
2026-02-04 10:14:00,51.18,51.2,50.97,51.13,74201.0
2026-02-04 10:15:00,51.13,51.22,51.07,51.16,28785.0
2026-02-04 10:16:00,51.16,51.2,51.02,51.08,22557.0
2026-02-04 10:17:00,51.07,51.08,50.95,51.02,34689.0
2026-02-04 10:18:00,51.02,51.17,50.89,51.04,35862.0
2026-02-04 10:19:00,51.06,51.07,50.91,50.95,39119.0
2026-02-04 10:20:00,50.98,51.23,50.94,51.07,42865.0
2026-02-04 10:21:00,51.04,51.265,50.99,51.25,43688.0
2026-02-04 10:22:00,51.26,51.29,51.01,51.01,27923.0
2026-02-04 10:23:00,51.01,51.46,50.96,51.38,97942.0
2026-02-04 10:24:00,51.39,51.49,51.36,51.41,27591.0
2026-02-04 10:25:00,51.38,51.59,51.34,51.56,44788.0
2026-02-04 10:26:00,51.55,51.66,51.31,51.32,42396.0
2026-02-04 10:27:00,51.33,51.47,51.23,51.23,28796.0
2026-02-04 10:28:00,51.25,51.31,51.17,51.2,16328.0
2026-02-04 10:29:00,51.19,51.34,51.17,51.28,19591.0
2026-02-04 10:30:00,51.3,51.37,51.09,51.12,31131.0
2026-02-04 10:31:00,51.13,51.14,50.97,51.06,47756.0
2026-02-04 10:32:00,51.05,51.16,51.01,51.05,50434.0
2026-02-04 10:33:00,51.05,51.07,50.91,50.94,20312.0
2026-02-04 10:34:00,50.92,50.92,50.78,50.84,51686.0
2026-02-04 10:35:00,50.84,50.88,50.7,50.73,48328.0
2026-02-04 10:36:00,50.72,50.77,50.6,50.75,33878.0
2026-02-04 10:37:00,50.75,50.75,50.57,50.62,22054.0
2026-02-04 10:38:00,50.61,51.19,50.51,51.17,192004.0
2026-02-04 10:39:00,51.15,51.34,51.0,51.0,62612.0
2026-02-04 10:40:00,51.01,51.28,50.89,51.23,46526.0
2026-02-04 10:41:00,51.24,51.43,51.15,51.2,68019.0
2026-02-04 10:42:00,51.21,51.29,51.11,51.11,31513.0
2026-02-04 10:43:00,51.11,51.12,50.9,51.02,50849.0
2026-02-04 10:44:00,51.04,51.17,50.985,51.07,23899.0
2026-02-04 10:45:00,51.04,51.13,50.97,50.97,28966.0
2026-02-04 10:46:00,50.97,50.97,50.73,50.9,35513.0
2026-02-04 10:47:00,50.93,51.01,50.8,50.8,25347.0
2026-02-04 10:48:00,50.8,50.89,50.75,50.84,30446.0
2026-02-04 10:49:00,50.84,50.86,50.72,50.785,13542.0
2026-02-04 10:50:00,50.78,50.9,50.71,50.75,32885.0
2026-02-04 10:51:00,50.72,50.82,50.69,50.75,20578.0
2026-02-04 10:52:00,50.78,50.9,50.77,50.87,57452.0
2026-02-04 10:53:00,50.84,50.99,50.71,50.72,27440.0
2026-02-04 10:54:00,50.72,50.87,50.71,50.87,9697.0
2026-02-04 10:55:00,50.86,50.96,50.84,50.88,40877.0
2026-02-04 10:56:00,50.86,50.9,50.64,50.65,35462.0
2026-02-04 10:57:00,50.63,50.71,50.61,50.61,20335.0
2026-02-04 10:58:00,50.6,50.86,50.585,50.86,47143.0
2026-02-04 10:59:00,50.87,50.88,50.64,50.69,28232.0
2026-02-04 11:00:00,50.71,50.81,50.59,50.6,65296.0
2026-02-04 11:01:00,50.6,50.6,50.485,50.485,81171.0
2026-02-04 11:02:00,50.49,50.49,50.26,50.27,87824.0
2026-02-04 11:03:00,50.27,50.33,50.24,50.3,48711.0
2026-02-04 11:04:00,50.29,50.33,50.2,50.21,59713.0
2026-02-04 11:05:00,50.225,50.26,50.175,50.18,60041.0
2026-02-04 11:06:00,50.18,50.43,50.18,50.32,46666.0
2026-02-04 11:07:00,50.31,50.35,50.185,50.185,48868.0
2026-02-04 11:08:00,50.19,50.29,50.17,50.17,30726.0
2026-02-04 11:09:00,50.2,50.2,50.09,50.17,43213.0
2026-02-04 11:10:00,50.16,50.22,50.1,50.22,30496.0
2026-02-04 11:11:00,50.2,50.29,50.15,50.25,22893.0
2026-02-04 11:12:00,50.255,50.6,50.23,50.58,37464.0
2026-02-04 11:13:00,50.58,50.64,50.49,50.54,27030.0
2026-02-04 11:14:00,50.54,50.57,50.45,50.45,54471.0
2026-02-04 11:15:00,50.46,50.58,50.46,50.55,26220.0
2026-02-04 11:16:00,50.53,50.54,50.25,50.28,23363.0
2026-02-04 11:17:00,50.29,50.32,50.16,50.22,31020.0
2026-02-04 11:18:00,50.22,50.26,50.16,50.2,24161.0
2026-02-04 11:19:00,50.21,50.23,50.03,50.09,52468.0
2026-02-04 11:20:00,50.09,50.25,50.08,50.21,50295.0
2026-02-04 11:21:00,50.22,50.26,50.07,50.08,23863.0
2026-02-04 11:22:00,50.08,50.16,50.06,50.16,13420.0
2026-02-04 11:23:00,50.16,50.35,50.11,50.31,36407.0
2026-02-04 11:24:00,50.33,50.47,50.3,50.44,18713.0
2026-02-04 11:25:00,50.46,50.5,50.37,50.41,22122.0
2026-02-04 11:26:00,50.4,50.61,50.39,50.58,31890.0
2026-02-04 11:27:00,50.56,50.61,50.555,50.59,12543.0
2026-02-04 11:28:00,50.59,50.6,50.45,50.5,14563.0
2026-02-04 11:29:00,50.51,50.61,50.51,50.57,23648.0
2026-02-04 11:30:00,50.58,50.6,50.35,50.38,24285.0
2026-02-04 11:31:00,50.38,50.44,50.36,50.38,10072.0
2026-02-04 11:32:00,50.37,50.46,50.36,50.39,21560.0
2026-02-04 11:33:00,50.38,50.41,50.21,50.21,20833.0
2026-02-04 11:34:00,50.21,50.24,50.155,50.17,16121.0
2026-02-04 11:35:00,50.17,50.26,50.125,50.23,21094.0
2026-02-04 11:36:00,50.25,50.25,50.1,50.11,49435.0
2026-02-04 11:37:00,50.12,50.17,50.06,50.09,19460.0
2026-02-04 11:38:00,50.09,50.24,50.025,50.05,34495.0
2026-02-04 11:39:00,50.06,50.13,50.0,50.01,77686.0
2026-02-04 11:40:00,50.01,50.03,49.81,49.81,213994.0
2026-02-04 11:41:00,49.809,49.85,49.78,49.79,30287.0
2026-02-04 11:42:00,49.78,49.845,49.77,49.77,26687.0
2026-02-04 11:43:00,49.77,49.779,49.67,49.68,53126.0
2026-02-04 11:44:00,49.69,49.7,49.61,49.64,20928.0
2026-02-04 11:45:00,49.63,49.64,49.59,49.61,29366.0
2026-02-04 11:46:00,49.62,49.66,49.54,49.549,24609.0
2026-02-04 11:47:00,49.56,49.58,49.52,49.57,17768.0
2026-02-04 11:48:00,49.57,49.625,49.465,49.475,54535.0
2026-02-04 11:49:00,49.47,49.49,49.41,49.47,33549.0
2026-02-04 11:50:00,49.48,49.58,49.42,49.44,36360.0
2026-02-04 11:51:00,49.44,49.48,49.33,49.45,41565.0
2026-02-04 11:52:00,49.46,49.62,49.44,49.59,44488.0
2026-02-04 11:53:00,49.61,49.61,49.49,49.54,16675.0
2026-02-04 11:54:00,49.55,49.65,49.49,49.65,28949.0
2026-02-04 11:55:00,49.665,49.89,49.65,49.78,36401.0
2026-02-04 11:56:00,49.77,49.84,49.7,49.81,20661.0
2026-02-04 11:57:00,49.82,49.94,49.82,49.93,42135.0
2026-02-04 11:58:00,49.93,49.96,49.87,49.92,23360.0
2026-02-04 11:59:00,49.92,50.03,49.92,49.99,33458.0
2026-02-04 12:00:00,49.98,50.01,49.86,49.89,26035.0
2026-02-04 12:01:00,49.93,49.995,49.88,49.995,25531.0
2026-02-04 12:02:00,49.99,50.02,49.92,49.96,15053.0
2026-02-04 12:03:00,49.965,50.12,49.94,50.01,21265.0
2026-02-04 12:04:00,50.02,50.09,49.99,50.05,13954.0
2026-02-04 12:05:00,50.05,50.095,49.99,50.0,22641.0
2026-02-04 12:06:00,49.99,50.0,49.89,49.94,36783.0
2026-02-04 12:07:00,49.93,49.98,49.825,49.87,22392.0
2026-02-04 12:08:00,49.87,49.98,49.87,49.92,20047.0
2026-02-04 12:09:00,49.93,50.01,49.87,49.87,22359.0
2026-02-04 12:10:00,49.88,49.9,49.725,49.75,36066.0
2026-02-04 12:11:00,49.73,49.81,49.67,49.79,17863.0
2026-02-04 12:12:00,49.81,49.87,49.77,49.87,14216.0
2026-02-04 12:13:00,49.85,49.98,49.84,49.95,19675.0
2026-02-04 12:14:00,49.94,50.01,49.94,49.94,22130.0
2026-02-04 12:15:00,49.96,50.005,49.88,49.93,22386.0
2026-02-04 12:16:00,49.91,49.92,49.73,49.73,19754.0
2026-02-04 12:17:00,49.74,49.79,49.7,49.7,12368.0
2026-02-04 12:18:00,49.71,49.77,49.69,49.69,9718.0
2026-02-04 12:19:00,49.69,49.74,49.64,49.64,11448.0
2026-02-04 12:20:00,49.65,49.7,49.585,49.7,20343.0
2026-02-04 12:21:00,49.68,49.77,49.65,49.74,8228.0
2026-02-04 12:22:00,49.73,49.73,49.56,49.56,16828.0
2026-02-04 12:23:00,49.57,49.635,49.54,49.59,7897.0
2026-02-04 12:24:00,49.6,49.67,49.58,49.61,7922.0
2026-02-04 12:25:00,49.61,49.66,49.55,49.62,5998.0
2026-02-04 12:26:00,49.61,49.62,49.48,49.49,45538.0
2026-02-04 12:27:00,49.49,49.49,49.06,49.25,387613.0
2026-02-04 12:28:00,49.25,49.35,49.1,49.12,53535.0
2026-02-04 12:29:00,49.13,49.15,49.0,49.075,115512.0
2026-02-04 12:30:00,49.075,49.1,48.95,49.02,67976.0
2026-02-04 12:31:00,49.01,49.36,48.98,49.29,103729.0
2026-02-04 12:32:00,49.28,49.43,49.05,49.08,44100.0
2026-02-04 12:33:00,49.08,49.2,49.05,49.13,20818.0
2026-02-04 12:34:00,49.16,49.16,48.97,49.05,45726.0
2026-02-04 12:35:00,49.04,49.04,48.89,48.89,55344.0
2026-02-04 12:36:00,48.89,48.93,48.81,48.82,44422.0
2026-02-04 12:37:00,48.83,48.84,48.73,48.73,39760.0
2026-02-04 12:38:00,48.73,48.73,48.66,48.68,42712.0
2026-02-04 12:39:00,48.68,48.73,48.63,48.64,16660.0
2026-02-04 12:40:00,48.63,48.65,48.53,48.65,45376.0
2026-02-04 12:41:00,48.65,48.81,48.64,48.81,35724.0
2026-02-04 12:42:00,48.78,48.81,48.61,48.66,40003.0
2026-02-04 12:43:00,48.65,48.7,48.59,48.64,12886.0
2026-02-04 12:44:00,48.63,48.86,48.61,48.84,41529.0
2026-02-04 12:45:00,48.83,48.9,48.69,48.7,34526.0
2026-02-04 12:46:00,48.7,48.77,48.64,48.77,32967.0
2026-02-04 12:47:00,48.76,48.76,48.66,48.66,12582.0
2026-02-04 12:48:00,48.65,48.69,48.55,48.55,39935.0
2026-02-04 12:49:00,48.56,48.59,48.52,48.59,30651.0
2026-02-04 12:50:00,48.595,48.595,48.43,48.5,104372.0
2026-02-04 12:51:00,48.49,48.64,48.49,48.59,38795.0
2026-02-04 12:52:00,48.595,48.77,48.57,48.71,21271.0
2026-02-04 12:53:00,48.73,48.79,48.67,48.7,27663.0
2026-02-04 12:54:00,48.7,48.84,48.7,48.8,42223.0
2026-02-04 12:55:00,48.81,48.98,48.81,48.98,42632.0
2026-02-04 12:56:00,48.99,48.99,48.84,48.855,37775.0
2026-02-04 12:57:00,48.85,48.97,48.82,48.96,16866.0
2026-02-04 12:58:00,48.96,49.041,48.95,48.99,29567.0
2026-02-04 12:59:00,48.97,49.0,48.9,48.99,23488.0
2026-02-04 13:00:00,48.99,49.07,48.83,48.86,75468.0
2026-02-04 13:01:00,48.86,48.92,48.77,48.79,22235.0
2026-02-04 13:02:00,48.78,48.84,48.73,48.76,17572.0
2026-02-04 13:03:00,48.75,48.84,48.71,48.77,19477.0
2026-02-04 13:04:00,48.8,48.92,48.78,48.92,23132.0
2026-02-04 13:05:00,48.909,49.04,48.9,49.03,46890.0
2026-02-04 13:06:00,49.04,49.12,48.99,49.09,34760.0
2026-02-04 13:07:00,49.08,49.12,49.06,49.08,21103.0
2026-02-04 13:08:00,49.09,49.15,49.0,49.06,49671.0
2026-02-04 13:09:00,49.04,49.04,48.67,48.68,56751.0
2026-02-04 13:10:00,48.67,48.82,48.66,48.76,23409.0
2026-02-04 13:11:00,48.76,48.82,48.73,48.77,25579.0
2026-02-04 13:12:00,48.76,48.78,48.69,48.74,28761.0
2026-02-04 13:13:00,48.74,48.9,48.71,48.879,25397.0
2026-02-04 13:14:00,48.85,48.92,48.83,48.85,12279.0
2026-02-04 13:15:00,48.84,48.95,48.82,48.84,32276.0
2026-02-04 13:16:00,48.83,48.83,48.76,48.76,12442.0
2026-02-04 13:17:00,48.755,48.83,48.755,48.77,11166.0
2026-02-04 13:18:00,48.78,48.84,48.77,48.77,21207.0
2026-02-04 13:19:00,48.76,48.78,48.7,48.73,19631.0
2026-02-04 13:20:00,48.73,48.81,48.73,48.75,10920.0
2026-02-04 13:21:00,48.75,48.82,48.7,48.82,14958.0
2026-02-04 13:22:00,48.81,48.94,48.78,48.94,22660.0
2026-02-04 13:23:00,48.95,49.02,48.92,49.0,34237.0
2026-02-04 13:24:00,49.01,49.06,48.99,49.06,13610.0
2026-02-04 13:25:00,49.07,49.26,49.07,49.25,31030.0
2026-02-04 13:26:00,49.26,49.35,49.23,49.35,26918.0
2026-02-04 13:27:00,49.34,49.42,49.33,49.35,41817.0
2026-02-04 13:28:00,49.35,49.42,49.34,49.39,34174.0
2026-02-04 13:29:00,49.38,49.47,49.37,49.41,33094.0
2026-02-04 13:30:00,49.41,49.41,49.12,49.19,50088.0
2026-02-04 13:31:00,49.17,49.26,49.15,49.19,24559.0
2026-02-04 13:32:00,49.19,49.19,48.92,48.94,44058.0
2026-02-04 13:33:00,48.92,48.96,48.87,48.92,13447.0
2026-02-04 13:34:00,48.92,49.01,48.87,49.0,23363.0
2026-02-04 13:35:00,49.0,49.18,48.98,49.01,16939.0
2026-02-04 13:36:00,49.0,49.08,48.94,49.08,14219.0
2026-02-04 13:37:00,49.1,49.11,49.05,49.09,14121.0
2026-02-04 13:38:00,49.08,49.1,49.0,49.055,19599.0
2026-02-04 13:39:00,49.06,49.12,48.96,49.11,13522.0
2026-02-04 13:40:00,49.1,49.14,49.04,49.08,16532.0
2026-02-04 13:41:00,49.09,49.12,49.03,49.08,98634.0
2026-02-04 13:42:00,49.11,49.39,49.09,49.35,71062.0
2026-02-04 13:43:00,49.35,49.35,49.17,49.19,32803.0
2026-02-04 13:44:00,49.18,49.21,49.08,49.09,18206.0
2026-02-04 13:45:00,49.08,49.08,48.98,48.99,52801.0
2026-02-04 13:46:00,48.97,49.09,48.97,49.06,14714.0
2026-02-04 13:47:00,49.08,49.09,48.98,48.98,11132.0
2026-02-04 13:48:00,48.98,49.03,48.94,49.03,14512.0
2026-02-04 13:49:00,49.04,49.12,48.94,48.94,20913.0
2026-02-04 13:50:00,48.94,48.94,48.78,48.78,30823.0
2026-02-04 13:51:00,48.78,48.82,48.75,48.77,10911.0
2026-02-04 13:52:00,48.795,48.98,48.77,48.98,8502.0
2026-02-04 13:53:00,48.98,49.08,48.95,49.08,28273.0
2026-02-04 13:54:00,49.08,49.22,49.07,49.18,19803.0
2026-02-04 13:55:00,49.18,49.32,49.18,49.29,16161.0
2026-02-04 13:56:00,49.3,49.41,49.3,49.39,21238.0
2026-02-04 13:57:00,49.37,49.49,49.37,49.48,21282.0
2026-02-04 13:58:00,49.49,49.52,49.39,49.44,23283.0
2026-02-04 13:59:00,49.44,49.44,49.22,49.3,36233.0
2026-02-04 14:00:00,49.31,49.34,49.22,49.22,41998.0
2026-02-04 14:01:00,49.23,49.31,49.19,49.21,18852.0
2026-02-04 14:02:00,49.22,49.38,49.22,49.36,11533.0
2026-02-04 14:03:00,49.37,49.4,49.33,49.33,10345.0
2026-02-04 14:04:00,49.35,49.35,49.13,49.14,154327.0
2026-02-04 14:05:00,49.13,49.13,48.94,49.07,97123.0
2026-02-04 14:06:00,49.05,49.11,49.01,49.03,31103.0
2026-02-04 14:07:00,49.02,49.04,48.95,48.95,24802.0
2026-02-04 14:08:00,48.97,49.12,48.95,49.11,28183.0
2026-02-04 14:09:00,49.12,49.24,49.1,49.19,36842.0
2026-02-04 14:10:00,49.2,49.25,49.16,49.2,16645.0
2026-02-04 14:11:00,49.19,49.265,49.17,49.23,15659.0
2026-02-04 14:12:00,49.24,49.28,49.21,49.24,15614.0
2026-02-04 14:13:00,49.23,49.3,49.21,49.26,11310.0
2026-02-04 14:14:00,49.25,49.25,49.14,49.19,19543.0
2026-02-04 14:15:00,49.18,49.28,49.17,49.24,12193.0
2026-02-04 14:16:00,49.23,49.28,49.2,49.22,15613.0
2026-02-04 14:17:00,49.21,49.25,49.19,49.24,16665.0
2026-02-04 14:18:00,49.24,49.42,49.24,49.41,56932.0
2026-02-04 14:19:00,49.43,49.48,49.3,49.31,20821.0
2026-02-04 14:20:00,49.3,49.43,49.3,49.36,19318.0
2026-02-04 14:21:00,49.37,49.37,49.12,49.125,29222.0
2026-02-04 14:22:00,49.13,49.18,49.09,49.18,55370.0
2026-02-04 14:23:00,49.16,49.24,49.13,49.17,18993.0
2026-02-04 14:24:00,49.19,49.39,49.19,49.33,13783.0
2026-02-04 14:25:00,49.33,49.435,49.33,49.38,32356.0
2026-02-04 14:26:00,49.37,49.39,49.26,49.37,23146.0
2026-02-04 14:27:00,49.36,49.45,49.36,49.44,25565.0
2026-02-04 14:28:00,49.45,49.48,49.39,49.47,16433.0
2026-02-04 14:29:00,49.47,49.56,49.46,49.53,52886.0
2026-02-04 14:30:00,49.52,49.73,49.52,49.63,63815.0
2026-02-04 14:31:00,49.64,49.74,49.64,49.7,17789.0
2026-02-04 14:32:00,49.73,49.76,49.67,49.75,20681.0
2026-02-04 14:33:00,49.75,49.76,49.68,49.74,22077.0
2026-02-04 14:34:00,49.77,49.8,49.74,49.789,27584.0
2026-02-04 14:35:00,49.79,49.855,49.67,49.711,28428.0
2026-02-04 14:36:00,49.73,49.74,49.63,49.67,18773.0
2026-02-04 14:37:00,49.67,49.77,49.64,49.75,16868.0
2026-02-04 14:38:00,49.76,49.77,49.69,49.71,13453.0
2026-02-04 14:39:00,49.72,49.77,49.71,49.72,7007.0
2026-02-04 14:40:00,49.72,49.82,49.7,49.81,22107.0
2026-02-04 14:41:00,49.81,49.92,49.8,49.89,33815.0
2026-02-04 14:42:00,49.91,50.0,49.9,49.941,31678.0
2026-02-04 14:43:00,49.95,50.05,49.95,50.01,27916.0
2026-02-04 14:44:00,50.03,50.03,49.89,49.89,24279.0
2026-02-04 14:45:00,49.921,49.95,49.85,49.9,12557.0
2026-02-04 14:46:00,49.91,50.22,49.91,50.16,62587.0
2026-02-04 14:47:00,50.16,50.16,50.02,50.04,32008.0
2026-02-04 14:48:00,50.04,50.45,50.0,50.37,192267.0
2026-02-04 14:49:00,50.4,50.4,50.16,50.17,61294.0
2026-02-04 14:50:00,50.19,50.21,50.095,50.14,27153.0
2026-02-04 14:51:00,50.16,50.34,50.13,50.24,38290.0
2026-02-04 14:52:00,50.24,50.39,50.22,50.38,20673.0
2026-02-04 14:53:00,50.39,50.45,50.38,50.41,30022.0
2026-02-04 14:54:00,50.4,50.405,50.25,50.25,32872.0
2026-02-04 14:55:00,50.24,50.32,50.18,50.315,33134.0
2026-02-04 14:56:00,50.32,50.38,50.29,50.38,14026.0
2026-02-04 14:57:00,50.39,50.48,50.39,50.44,23960.0
2026-02-04 14:58:00,50.45,50.48,50.431,50.46,11710.0
2026-02-04 14:59:00,50.46,50.47,50.375,50.44,26191.0
2026-02-04 15:00:00,50.43,50.51,50.28,50.28,84186.0
2026-02-04 15:01:00,50.28,50.3,50.18,50.18,21084.0
2026-02-04 15:02:00,50.2,50.22,50.1,50.12,21937.0
2026-02-04 15:03:00,50.13,50.25,50.13,50.25,12745.0
2026-02-04 15:04:00,50.26,50.27,50.16,50.18,13070.0
2026-02-04 15:05:00,50.16,50.22,50.15,50.17,22116.0
2026-02-04 15:06:00,50.17,50.23,50.17,50.22,12274.0
2026-02-04 15:07:00,50.23,50.23,50.16,50.16,10045.0
2026-02-04 15:08:00,50.18,50.24,50.17,50.19,21116.0
2026-02-04 15:09:00,50.21,50.3,50.21,50.3,11694.0
2026-02-04 15:10:00,50.3,50.34,50.21,50.22,12830.0
2026-02-04 15:11:00,50.21,50.21,50.0,50.02,30206.0
2026-02-04 15:12:00,50.02,50.02,49.92,49.98,23001.0
2026-02-04 15:13:00,49.99,49.99,49.9,49.98,18043.0
2026-02-04 15:14:00,49.99,50.06,49.98,50.06,12263.0
2026-02-04 15:15:00,50.06,50.13,50.04,50.13,13673.0
2026-02-04 15:16:00,50.13,50.14,49.95,50.01,13313.0
2026-02-04 15:17:00,50.02,50.07,50.0,50.05,7384.0
2026-02-04 15:18:00,50.07,50.11,50.03,50.04,16332.0
2026-02-04 15:19:00,50.04,50.11,50.04,50.09,12296.0
2026-02-04 15:20:00,50.08,50.1,50.0,50.0,10851.0
2026-02-04 15:21:00,50.0,50.12,49.97,50.08,9503.0
2026-02-04 15:22:00,50.09,50.18,50.08,50.13,17541.0
2026-02-04 15:23:00,50.15,50.23,50.13,50.215,19669.0
2026-02-04 15:24:00,50.22,50.26,50.19,50.21,16896.0
2026-02-04 15:25:00,50.22,50.23,50.1,50.16,20535.0
2026-02-04 15:26:00,50.15,50.22,50.15,50.22,24416.0
2026-02-04 15:27:00,50.21,50.33,50.21,50.25,29361.0
2026-02-04 15:28:00,50.26,50.27,50.2,50.25,18156.0
2026-02-04 15:29:00,50.25,50.26,50.11,50.15,11686.0
2026-02-04 15:30:00,50.14,50.18,50.09,50.12,32584.0
2026-02-04 15:31:00,50.1,50.17,50.07,50.07,18575.0
2026-02-04 15:32:00,50.08,50.08,50.02,50.08,24216.0
2026-02-04 15:33:00,50.12,50.21,50.12,50.19,13356.0
2026-02-04 15:34:00,50.2,50.25,50.17,50.17,9200.0
2026-02-04 15:35:00,50.16,50.2,50.11,50.11,14077.0
2026-02-04 15:36:00,50.11,50.21,50.09,50.19,10163.0
2026-02-04 15:37:00,50.2,50.29,50.18,50.29,10562.0
2026-02-04 15:38:00,50.3,50.32,50.25,50.31,15806.0
2026-02-04 15:39:00,50.3,50.31,50.239,50.29,9367.0
2026-02-04 15:40:00,50.31,50.36,50.29,50.36,16797.0
2026-02-04 15:41:00,50.35,50.35,50.259,50.259,12263.0
2026-02-04 15:42:00,50.25,50.32,50.24,50.3,15381.0
2026-02-04 15:43:00,50.3,50.38,50.27,50.27,19050.0
2026-02-04 15:44:00,50.27,50.27,50.17,50.19,11984.0
2026-02-04 15:45:00,50.18,50.19,50.14,50.15,16948.0
2026-02-04 15:46:00,50.15,50.17,50.07,50.17,13068.0
2026-02-04 15:47:00,50.18,50.32,50.18,50.29,21729.0
2026-02-04 15:48:00,50.28,50.31,50.24,50.31,17591.0
2026-02-04 15:49:00,50.3,50.3,50.26,50.27,15338.0
2026-02-04 15:50:00,50.27,50.34,50.09,50.09,127897.0
2026-02-04 15:51:00,50.09,50.11,49.98,50.0,52312.0
2026-02-04 15:52:00,50.01,50.04,49.94,50.03,33319.0
2026-02-04 15:53:00,50.04,50.07,49.94,49.96,43183.0
2026-02-04 15:54:00,49.95,49.98,49.77,49.81,86149.0
2026-02-04 15:55:00,49.79,49.865,49.72,49.78,86001.0
2026-02-04 15:56:00,49.78,49.78,49.645,49.71,57067.0
2026-02-04 15:57:00,49.71,49.76,49.68,49.74,52959.0
2026-02-04 15:58:00,49.745,49.785,49.7,49.78,47062.0
2026-02-04 15:59:00,49.78,49.84,49.71,49.75,205200.0
2026-02-05 09:30:00,48.39,48.395,47.93,48.05,209850.0
2026-02-05 09:31:00,48.04,48.24,47.86,47.86,92556.0
2026-02-05 09:32:00,47.86,48.34,47.7,48.1,117109.0
2026-02-05 09:33:00,48.09,48.34,47.98,48.01,66092.0
2026-02-05 09:34:00,48.03,48.65,47.97,48.65,77726.0
2026-02-05 09:35:00,48.65,48.84,48.49,48.55,198515.0
2026-02-05 09:36:00,48.56,48.64,48.43,48.45,43093.0
2026-02-05 09:37:00,48.5,48.89,48.31,48.87,93339.0
2026-02-05 09:38:00,48.86,49.12,48.86,49.06,73439.0
2026-02-05 09:39:00,49.08,49.19,49.03,49.18,98799.0
2026-02-05 09:40:00,49.19,49.28,48.99,49.28,92270.0
2026-02-05 09:41:00,49.29,49.34,48.9,48.93,64238.0
2026-02-05 09:42:00,48.91,49.2,48.83,49.03,47251.0
2026-02-05 09:43:00,49.01,49.28,48.98,49.2,50397.0
2026-02-05 09:44:00,49.23,49.38,49.18,49.25,52355.0
2026-02-05 09:45:00,49.25,49.33,49.11,49.24,64903.0
2026-02-05 09:46:00,49.26,49.36,49.1,49.27,64227.0
2026-02-05 09:47:00,49.26,49.4,49.19,49.21,41985.0
2026-02-05 09:48:00,49.2,49.38,49.04,49.04,49887.0
2026-02-05 09:49:00,49.04,49.33,49.02,49.32,64997.0
2026-02-05 09:50:00,49.31,49.52,49.21,49.36,66071.0
2026-02-05 09:51:00,49.37,49.42,49.02,49.08,61213.0
2026-02-05 09:52:00,49.09,49.2,48.96,49.1,41038.0
2026-02-05 09:53:00,49.1,49.31,49.02,49.02,33098.0
2026-02-05 09:54:00,49.03,49.14,48.83,48.95,51396.0
2026-02-05 09:55:00,48.95,49.02,48.69,48.81,59383.0
2026-02-05 09:56:00,48.75,48.75,48.59,48.62,43007.0
2026-02-05 09:57:00,48.61,48.71,48.5,48.58,117283.0
2026-02-05 09:58:00,48.57,48.63,48.46,48.46,38542.0
2026-02-05 09:59:00,48.46,48.47,48.33,48.41,51207.0
2026-02-05 10:00:00,48.4,48.6,48.1,48.11,205794.0
2026-02-05 10:01:00,48.13,48.14,47.92,47.99,93025.0
2026-02-05 10:02:00,47.98,48.18,47.9,48.07,71627.0
2026-02-05 10:03:00,48.06,48.1,47.88,47.94,42585.0
2026-02-05 10:04:00,47.95,48.08,47.87,48.01,51876.0
2026-02-05 10:05:00,48.02,48.05,47.83,47.87,58495.0
2026-02-05 10:06:00,47.86,48.0,47.79,47.8,48877.0
2026-02-05 10:07:00,47.79,47.84,47.72,47.75,52207.0
2026-02-05 10:08:00,47.74,47.82,47.63,47.72,109288.0
2026-02-05 10:09:00,47.73,47.94,47.69,47.839,44900.0
2026-02-05 10:10:00,47.81,47.97,47.64,47.66,85809.0
2026-02-05 10:11:00,47.65,47.67,47.49,47.5,160122.0
2026-02-05 10:12:00,47.5,47.54,47.38,47.39,55489.0
2026-02-05 10:13:00,47.39,47.41,47.31,47.34,62186.0
2026-02-05 10:14:00,47.34,47.34,47.135,47.14,122250.0
2026-02-05 10:15:00,47.13,47.31,47.1,47.29,90253.0
2026-02-05 10:16:00,47.29,47.66,47.28,47.5,85385.0
2026-02-05 10:17:00,47.5,47.71,47.43,47.53,55492.0
2026-02-05 10:18:00,47.54,47.64,47.46,47.49,41647.0
2026-02-05 10:19:00,47.489,47.64,47.41,47.62,46363.0
2026-02-05 10:20:00,47.61,47.64,47.48,47.5,81911.0
2026-02-05 10:21:00,47.51,47.59,47.38,47.51,45493.0
2026-02-05 10:22:00,47.5,47.745,47.37,47.39,65187.0
2026-02-05 10:23:00,47.4,47.49,47.27,47.34,55445.0
2026-02-05 10:24:00,47.3,47.47,47.28,47.41,36394.0
2026-02-05 10:25:00,47.41,47.76,47.39,47.46,64017.0
2026-02-05 10:26:00,47.45,47.46,47.21,47.21,55184.0
2026-02-05 10:27:00,47.22,47.29,47.14,47.19,35360.0
2026-02-05 10:28:00,47.2,47.54,47.2,47.29,34282.0
2026-02-05 10:29:00,47.3,47.31,47.2,47.25,17275.0
2026-02-05 10:30:00,47.25,47.54,47.24,47.45,42917.0
2026-02-05 10:31:00,47.45,47.47,47.22,47.22,40577.0
2026-02-05 10:32:00,47.22,47.25,47.13,47.15,24369.0
2026-02-05 10:33:00,47.18,47.29,47.11,47.21,35026.0
2026-02-05 10:34:00,47.19,47.32,47.125,47.19,38937.0
2026-02-05 10:35:00,47.195,47.35,47.18,47.2,66835.0
2026-02-05 10:36:00,47.21,47.31,47.19,47.27,18411.0
2026-02-05 10:37:00,47.28,47.45,47.23,47.42,31027.0
2026-02-05 10:38:00,47.41,47.61,47.36,47.6,41237.0
2026-02-05 10:39:00,47.605,47.8,47.59,47.785,67012.0
2026-02-05 10:40:00,47.77,47.78,47.52,47.7,79493.0
2026-02-05 10:41:00,47.69,47.71,47.58,47.71,36008.0
2026-02-05 10:42:00,47.71,47.98,47.7,47.91,66088.0
2026-02-05 10:43:00,47.91,47.96,47.74,47.78,41666.0
2026-02-05 10:44:00,47.81,47.97,47.81,47.82,32887.0
2026-02-05 10:45:00,47.83,47.93,47.5,47.5,31600.0
2026-02-05 10:46:00,47.5,47.54,47.33,47.37,47390.0
2026-02-05 10:47:00,47.39,47.48,47.36,47.36,38524.0
2026-02-05 10:48:00,47.35,47.4,47.25,47.26,40840.0
2026-02-05 10:49:00,47.26,47.32,47.22,47.32,29943.0
2026-02-05 10:50:00,47.32,47.5,47.31,47.39,63487.0
2026-02-05 10:51:00,47.37,47.61,47.34,47.53,31128.0
2026-02-05 10:52:00,47.52,47.53,47.37,47.409,39433.0
2026-02-05 10:53:00,47.41,47.71,47.39,47.46,36075.0
2026-02-05 10:54:00,47.49,47.62,47.38,47.38,35812.0
2026-02-05 10:55:00,47.37,47.48,47.37,47.47,19624.0
2026-02-05 10:56:00,47.47,47.6,47.41,47.44,22843.0
2026-02-05 10:57:00,47.43,47.43,47.22,47.24,35425.0
2026-02-05 10:58:00,47.22,47.54,47.2,47.42,48464.0
2026-02-05 10:59:00,47.41,47.57,47.37,47.57,68031.0
2026-02-05 11:00:00,47.59,47.65,47.5,47.6,42147.0
2026-02-05 11:01:00,47.61,47.69,47.58,47.62,18757.0
2026-02-05 11:02:00,47.63,47.68,47.5,47.59,47686.0
2026-02-05 11:03:00,47.57,47.57,47.38,47.39,32167.0
2026-02-05 11:04:00,47.4,47.46,47.3,47.31,26145.0
2026-02-05 11:05:00,47.3,47.37,47.29,47.33,20485.0
2026-02-05 11:06:00,47.31,47.43,47.25,47.299,49860.0
2026-02-05 11:07:00,47.29,47.37,47.21,47.21,33469.0
2026-02-05 11:08:00,47.22,47.26,47.16,47.16,41099.0
2026-02-05 11:09:00,47.16,47.27,47.14,47.15,35304.0
2026-02-05 11:10:00,47.15,47.45,47.13,47.29,47138.0
2026-02-05 11:11:00,47.29,47.345,47.21,47.22,21302.0
2026-02-05 11:12:00,47.225,47.31,47.21,47.285,43439.0
2026-02-05 11:13:00,47.29,47.3,47.16,47.21,13812.0
2026-02-05 11:14:00,47.21,47.24,47.06,47.11,102536.0
2026-02-05 11:15:00,47.1,47.595,47.1,47.56,62437.0
2026-02-05 11:16:00,47.55,47.71,47.53,47.71,36498.0
2026-02-05 11:17:00,47.71,47.82,47.68,47.74,25738.0
2026-02-05 11:18:00,47.76,47.855,47.71,47.78,39309.0
2026-02-05 11:19:00,47.8,47.895,47.78,47.84,39991.0
2026-02-05 11:20:00,47.84,48.02,47.83,47.87,48320.0
2026-02-05 11:21:00,47.86,47.97,47.84,47.95,24247.0
2026-02-05 11:22:00,47.94,48.2,47.94,48.15,42458.0
2026-02-05 11:23:00,48.17,48.21,47.88,47.88,20421.0
2026-02-05 11:24:00,47.89,48.16,47.88,48.16,28968.0
2026-02-05 11:25:00,48.16,48.25,48.06,48.06,45816.0
2026-02-05 11:26:00,48.06,48.19,48.05,48.15,22892.0
2026-02-05 11:27:00,48.16,48.34,48.15,48.275,37960.0
2026-02-05 11:28:00,48.29,48.44,48.29,48.43,23432.0
2026-02-05 11:29:00,48.419,48.47,48.38,48.46,38948.0
2026-02-05 11:30:00,48.47,48.62,48.46,48.54,86854.0
2026-02-05 11:31:00,48.56,48.58,48.41,48.45,21553.0
2026-02-05 11:32:00,48.48,48.58,48.4,48.42,18827.0
2026-02-05 11:33:00,48.445,48.65,48.4,48.65,40233.0
2026-02-05 11:34:00,48.64,48.71,48.58,48.67,36228.0
2026-02-05 11:35:00,48.67,48.68,48.53,48.58,8313.0
2026-02-05 11:36:00,48.58,48.7,48.5,48.52,26353.0
2026-02-05 11:37:00,48.51,48.62,48.5,48.55,13675.0
2026-02-05 11:38:00,48.55,48.7,48.49,48.66,20460.0
2026-02-05 11:39:00,48.68,48.69,48.51,48.54,7288.0
2026-02-05 11:40:00,48.54,48.67,48.45,48.49,11531.0
2026-02-05 11:41:00,48.47,48.47,48.35,48.45,30588.0
2026-02-05 11:42:00,48.46,48.61,48.46,48.55,60206.0
2026-02-05 11:43:00,48.56,48.67,48.49,48.49,41550.0
2026-02-05 11:44:00,48.48,48.57,48.43,48.48,10930.0
2026-02-05 11:45:00,48.44,48.46,48.31,48.315,16630.0
2026-02-05 11:46:00,48.31,48.32,48.21,48.26,35877.0
2026-02-05 11:47:00,48.27,48.28,48.17,48.19,15676.0
2026-02-05 11:48:00,48.2,48.27,48.18,48.22,6269.0
2026-02-05 11:49:00,48.2,48.46,48.17,48.46,28874.0
2026-02-05 11:50:00,48.47,48.63,48.46,48.59,56998.0
2026-02-05 11:51:00,48.59,48.75,48.55,48.62,57453.0
2026-02-05 11:52:00,48.6,48.76,48.6,48.71,25623.0
2026-02-05 11:53:00,48.73,48.77,48.68,48.72,27352.0
2026-02-05 11:54:00,48.74,48.82,48.7,48.77,22663.0
2026-02-05 11:55:00,48.77,48.91,48.77,48.85,33155.0
2026-02-05 11:56:00,48.86,48.86,48.53,48.69,74546.0
2026-02-05 11:57:00,48.69,48.73,48.64,48.69,15790.0
2026-02-05 11:58:00,48.7,48.73,48.6,48.64,8653.0
2026-02-05 11:59:00,48.63,48.751,48.58,48.74,5270.0
2026-02-05 12:00:00,48.78,48.78,48.47,48.51,46772.0
2026-02-05 12:01:00,48.51,48.56,48.49,48.53,7844.0
2026-02-05 12:02:00,48.52,48.59,48.51,48.52,14549.0
2026-02-05 12:03:00,48.51,48.54,48.37,48.4,14274.0
2026-02-05 12:04:00,48.37,48.37,48.24,48.35,21571.0
2026-02-05 12:05:00,48.35,48.43,48.31,48.41,8096.0
2026-02-05 12:06:00,48.38,48.53,48.36,48.36,27608.0
2026-02-05 12:07:00,48.35,48.47,48.299,48.45,27484.0
2026-02-05 12:08:00,48.45,48.45,48.37,48.39,4197.0
2026-02-05 12:09:00,48.39,48.4,48.31,48.36,6730.0
2026-02-05 12:10:00,48.35,48.4,48.26,48.26,11305.0
2026-02-05 12:11:00,48.26,48.47,48.26,48.27,19228.0
2026-02-05 12:12:00,48.28,48.28,48.19,48.26,14539.0
2026-02-05 12:13:00,48.29,48.38,48.29,48.32,17638.0
2026-02-05 12:14:00,48.35,48.46,48.33,48.43,11334.0
2026-02-05 12:15:00,48.41,48.43,48.305,48.36,4962.0
2026-02-05 12:16:00,48.37,48.44,48.33,48.4,10084.0
2026-02-05 12:17:00,48.38,48.4,48.29,48.32,15537.0
2026-02-05 12:18:00,48.37,48.42,48.31,48.42,7316.0
2026-02-05 12:19:00,48.41,48.41,48.3,48.32,21555.0
2026-02-05 12:20:00,48.3,48.36,48.13,48.14,25478.0
2026-02-05 12:21:00,48.18,48.22,48.13,48.21,4889.0
2026-02-05 12:22:00,48.21,48.39,48.21,48.36,27501.0
2026-02-05 12:23:00,48.34,48.54,48.32,48.54,32360.0
2026-02-05 12:24:00,48.55,48.73,48.54,48.73,39888.0
2026-02-05 12:25:00,48.75,48.85,48.75,48.835,17545.0
2026-02-05 12:26:00,48.86,48.945,48.86,48.89,71186.0
2026-02-05 12:27:00,48.88,48.94,48.83,48.9,24149.0
2026-02-05 12:28:00,48.91,48.96,48.84,48.89,16814.0
2026-02-05 12:29:00,48.87,48.88,48.75,48.81,42090.0
2026-02-05 12:30:00,48.81,48.92,48.8,48.83,17761.0
2026-02-05 12:31:00,48.83,48.84,48.65,48.65,18078.0
2026-02-05 12:32:00,48.64,48.82,48.64,48.8,9134.0
2026-02-05 12:33:00,48.81,48.81,48.64,48.68,9323.0
2026-02-05 12:34:00,48.72,48.72,48.6,48.62,8006.0
2026-02-05 12:35:00,48.61,48.7,48.56,48.7,6521.0
2026-02-05 12:36:00,48.705,48.82,48.705,48.79,7918.0
2026-02-05 12:37:00,48.79,48.83,48.69,48.76,9569.0
2026-02-05 12:38:00,48.8,48.84,48.73,48.82,5157.0
2026-02-05 12:39:00,48.82,48.82,48.75,48.775,1780.0
2026-02-05 12:40:00,48.73,49.01,48.73,48.99,56659.0
2026-02-05 12:41:00,49.02,49.04,48.86,48.91,18079.0
2026-02-05 12:42:00,48.92,48.93,48.84,48.85,6364.0
2026-02-05 12:43:00,48.86,48.91,48.77,48.89,13537.0
2026-02-05 12:44:00,48.86,48.87,48.75,48.87,14927.0
2026-02-05 12:45:00,48.9,49.01,48.84,49.01,8420.0
2026-02-05 12:46:00,49.02,49.085,48.981,49.085,6200.0
2026-02-05 12:47:00,49.09,49.1,48.88,48.91,22638.0
2026-02-05 12:48:00,48.95,48.95,48.64,48.64,17324.0
2026-02-05 12:49:00,48.63,48.71,48.59,48.64,11417.0
2026-02-05 12:50:00,48.62,48.63,48.48,48.6,22666.0
2026-02-05 12:51:00,48.6,48.79,48.59,48.62,31171.0
2026-02-05 12:52:00,48.69,48.76,48.6,48.62,14040.0
2026-02-05 12:53:00,48.63,48.75,48.63,48.7,17409.0
2026-02-05 12:54:00,48.71,48.74,48.57,48.59,8933.0
2026-02-05 12:55:00,48.57,48.58,48.49,48.56,19105.0
2026-02-05 12:56:00,48.59,48.6,48.5,48.6,17480.0
2026-02-05 12:57:00,48.6,48.6,48.51,48.52,4342.0
2026-02-05 12:58:00,48.52,48.52,48.4,48.46,41155.0
2026-02-05 12:59:00,48.46,48.52,48.44,48.48,20425.0
2026-02-05 13:00:00,48.51,48.64,48.46,48.59,15963.0
2026-02-05 13:01:00,48.625,48.75,48.585,48.75,27502.0
2026-02-05 13:02:00,48.76,48.77,48.7,48.74,8494.0
2026-02-05 13:03:00,48.74,48.74,48.64,48.65,58467.0
2026-02-05 13:04:00,48.68,48.69,48.55,48.57,8245.0
2026-02-05 13:05:00,48.56,48.56,48.46,48.47,5527.0
2026-02-05 13:06:00,48.45,48.47,48.41,48.45,2314.0
2026-02-05 13:07:00,48.46,48.51,48.39,48.41,11542.0
2026-02-05 13:08:00,48.41,48.48,48.38,48.38,4981.0
2026-02-05 13:09:00,48.37,48.42,48.33,48.38,9464.0
2026-02-05 13:10:00,48.36,48.41,48.27,48.27,13214.0
2026-02-05 13:11:00,48.27,48.4,48.26,48.4,29422.0
2026-02-05 13:12:00,48.42,48.54,48.39,48.53,14950.0
2026-02-05 13:13:00,48.52,48.52,48.4,48.4,5783.0
2026-02-05 13:14:00,48.4,48.47,48.39,48.41,6870.0
2026-02-05 13:15:00,48.4,48.44,48.37,48.4,1103.0
2026-02-05 13:16:00,48.41,48.48,48.31,48.31,10690.0
2026-02-05 13:17:00,48.31,48.39,48.3,48.33,3870.0
2026-02-05 13:18:00,48.35,48.35,48.28,48.32,88285.0
2026-02-05 13:19:00,48.33,48.42,48.32,48.32,10576.0
2026-02-05 13:20:00,48.35,48.36,48.2,48.2,9357.0
2026-02-05 13:21:00,48.25,48.28,48.18,48.24,24426.0
2026-02-05 13:22:00,48.24,48.24,48.12,48.15,16250.0
2026-02-05 13:23:00,48.14,48.14,48.04,48.11,18782.0
2026-02-05 13:24:00,48.12,48.19,48.09,48.14,8478.0
2026-02-05 13:25:00,48.14,48.16,48.08,48.095,7273.0
2026-02-05 13:26:00,48.1,48.26,48.09,48.22,11572.0
2026-02-05 13:27:00,48.231,48.3,48.16,48.18,61119.0
2026-02-05 13:28:00,48.2,48.24,48.13,48.15,6247.0
2026-02-05 13:29:00,48.15,48.17,48.12,48.16,3438.0
2026-02-05 13:30:00,48.17,48.3,48.17,48.25,22738.0
2026-02-05 13:31:00,48.25,48.41,48.25,48.34,12054.0
2026-02-05 13:32:00,48.33,48.35,48.24,48.24,12349.0
2026-02-05 13:33:00,48.23,48.31,48.18,48.18,12689.0
2026-02-05 13:34:00,48.18,48.26,48.15,48.26,22465.0
2026-02-05 13:35:00,48.25,48.25,48.16,48.17,2111.0
2026-02-05 13:36:00,48.17,48.19,48.14,48.15,2861.0
2026-02-05 13:37:00,48.14,48.24,48.13,48.18,7136.0
2026-02-05 13:38:00,48.18,48.19,48.095,48.095,17668.0
2026-02-05 13:39:00,48.1,48.1,48.05,48.07,16778.0
2026-02-05 13:40:00,48.07,48.07,47.99,48.01,25988.0
2026-02-05 13:41:00,48.0,48.08,47.93,48.07,11951.0
2026-02-05 13:42:00,48.05,48.09,48.02,48.089,17556.0
2026-02-05 13:43:00,48.09,48.15,48.0,48.06,20143.0
2026-02-05 13:44:00,48.05,48.13,48.02,48.06,13510.0
2026-02-05 13:45:00,48.05,48.12,48.04,48.06,2532.0
2026-02-05 13:46:00,48.06,48.06,47.955,47.96,7025.0
2026-02-05 13:47:00,47.95,47.99,47.91,47.92,3496.0
2026-02-05 13:48:00,47.93,47.94,47.885,47.91,12460.0
2026-02-05 13:49:00,47.92,47.96,47.9,47.94,7933.0
2026-02-05 13:50:00,47.92,47.92,47.84,47.84,5784.0
2026-02-05 13:51:00,47.83,47.9,47.8,47.9,12170.0
2026-02-05 13:52:00,47.88,47.89,47.82,47.82,1556.0
2026-02-05 13:53:00,47.81,47.83,47.76,47.83,11768.0
2026-02-05 13:54:00,47.81,47.87,47.81,47.85,1504.0
2026-02-05 13:55:00,47.83,47.83,47.76,47.78,4797.0
2026-02-05 13:56:00,47.76,47.85,47.76,47.84,6727.0
2026-02-05 13:57:00,47.84,47.96,47.84,47.9,20935.0
2026-02-05 13:58:00,47.93,47.96,47.88,47.92,13692.0
2026-02-05 13:59:00,47.94,48.05,47.94,47.98,13147.0
2026-02-05 14:00:00,47.97,48.03,47.91,48.03,13734.0
2026-02-05 14:01:00,48.02,48.03,47.9,47.92,10195.0
2026-02-05 14:02:00,47.94,48.01,47.94,48.01,7409.0
2026-02-05 14:03:00,48.02,48.17,48.02,48.15,6912.0
2026-02-05 14:04:00,48.18,48.23,48.14,48.14,13902.0
2026-02-05 14:05:00,48.13,48.205,48.11,48.18,11951.0
2026-02-05 14:06:00,48.18,48.31,48.17,48.25,22301.0
2026-02-05 14:07:00,48.27,48.33,48.18,48.18,6035.0
2026-02-05 14:08:00,48.16,48.24,48.14,48.22,12036.0
2026-02-05 14:09:00,48.2,48.29,48.2,48.29,7845.0
2026-02-05 14:10:00,48.3,48.41,48.29,48.39,16230.0
2026-02-05 14:11:00,48.4,48.5,48.39,48.5,29868.0
2026-02-05 14:12:00,48.51,48.615,48.45,48.59,32613.0
2026-02-05 14:13:00,48.62,48.66,48.59,48.6,10419.0
2026-02-05 14:14:00,48.61,48.64,48.57,48.59,3961.0
2026-02-05 14:15:00,48.58,48.61,48.53,48.58,12381.0
2026-02-05 14:16:00,48.58,48.699,48.58,48.65,18022.0
2026-02-05 14:17:00,48.69,48.71,48.63,48.71,11880.0
2026-02-05 14:18:00,48.72,48.76,48.7,48.73,16020.0
2026-02-05 14:19:00,48.74,48.76,48.72,48.73,7532.0
2026-02-05 14:20:00,48.74,48.75,48.68,48.72,23618.0
2026-02-05 14:21:00,48.73,48.79,48.68,48.68,17232.0
2026-02-05 14:22:00,48.68,48.72,48.66,48.72,6017.0
2026-02-05 14:23:00,48.73,48.8,48.7,48.72,60530.0
2026-02-05 14:24:00,48.73,48.74,48.68,48.68,8016.0
2026-02-05 14:25:00,48.67,48.67,48.46,48.46,29534.0
2026-02-05 14:26:00,48.47,48.51,48.43,48.44,9183.0
2026-02-05 14:27:00,48.44,48.48,48.38,48.39,16613.0
2026-02-05 14:28:00,48.38,48.44,48.37,48.39,5886.0
2026-02-05 14:29:00,48.45,48.45,48.33,48.36,9652.0
2026-02-05 14:30:00,48.35,48.35,48.16,48.18,37901.0
2026-02-05 14:31:00,48.18,48.21,48.11,48.14,15340.0
2026-02-05 14:32:00,48.12,48.12,47.91,47.92,41336.0
2026-02-05 14:33:00,47.9,48.02,47.88,47.94,31184.0
2026-02-05 14:34:00,47.93,48.11,47.93,48.1,9763.0
2026-02-05 14:35:00,48.11,48.14,48.04,48.12,6026.0
2026-02-05 14:36:00,48.11,48.17,48.0,48.03,28732.0
2026-02-05 14:37:00,48.03,48.12,48.0,48.075,18833.0
2026-02-05 14:38:00,48.07,48.22,48.05,48.15,12601.0
2026-02-05 14:39:00,48.14,48.16,48.07,48.08,76057.0
2026-02-05 14:40:00,48.07,48.09,47.99,47.995,13655.0
2026-02-05 14:41:00,47.98,48.03,47.92,48.03,17280.0
2026-02-05 14:42:00,48.03,48.06,47.94,47.94,11987.0
2026-02-05 14:43:00,47.95,48.07,47.935,48.06,7526.0
2026-02-05 14:44:00,48.07,48.07,47.969,47.969,7696.0
2026-02-05 14:45:00,47.96,48.06,47.96,47.97,11241.0
2026-02-05 14:46:00,47.96,48.01,47.9,47.9,10935.0
2026-02-05 14:47:00,47.91,47.94,47.87,47.9,5222.0
2026-02-05 14:48:00,47.9,47.98,47.89,47.92,11680.0
2026-02-05 14:49:00,47.91,47.95,47.91,47.94,1799.0
2026-02-05 14:50:00,47.96,47.97,47.85,47.9,8267.0
2026-02-05 14:51:00,47.88,47.94,47.87,47.87,2947.0
2026-02-05 14:52:00,47.885,47.9,47.82,47.835,16543.0
2026-02-05 14:53:00,47.85,47.89,47.84,47.845,12388.0
2026-02-05 14:54:00,47.87,48.02,47.821,47.89,26245.0
2026-02-05 14:55:00,47.9,47.99,47.88,47.96,33370.0
2026-02-05 14:56:00,47.93,47.99,47.88,47.89,5791.0
2026-02-05 14:57:00,47.89,47.95,47.88,47.91,2733.0
2026-02-05 14:58:00,47.92,47.98,47.9,47.98,7698.0
2026-02-05 14:59:00,48.0,48.07,48.0,48.05,15972.0
2026-02-05 15:00:00,48.03,48.03,47.94,47.98,10421.0
2026-02-05 15:01:00,47.99,48.14,47.98,48.14,18514.0
2026-02-05 15:02:00,48.15,48.2,48.11,48.17,16130.0
2026-02-05 15:03:00,48.16,48.16,48.11,48.155,8107.0
2026-02-05 15:04:00,48.15,48.2,48.15,48.17,9751.0
2026-02-05 15:05:00,48.17,48.22,48.14,48.155,7801.0
2026-02-05 15:06:00,48.15,48.3,48.12,48.279,12128.0
2026-02-05 15:07:00,48.28,48.46,48.28,48.46,36475.0
2026-02-05 15:08:00,48.46,48.49,48.44,48.46,13457.0
2026-02-05 15:09:00,48.47,48.56,48.46,48.53,29291.0
2026-02-05 15:10:00,48.52,48.59,48.47,48.59,11586.0
2026-02-05 15:11:00,48.6,48.61,48.45,48.45,11278.0
2026-02-05 15:12:00,48.47,48.48,48.34,48.34,17363.0
2026-02-05 15:13:00,48.34,48.36,48.25,48.31,15840.0
2026-02-05 15:14:00,48.32,48.33,48.26,48.26,24044.0
2026-02-05 15:15:00,48.25,48.25,48.0,48.03,17592.0
2026-02-05 15:16:00,48.02,48.09,48.01,48.02,30846.0
2026-02-05 15:17:00,48.01,48.07,47.97,48.02,20396.0
2026-02-05 15:18:00,48.01,48.09,48.01,48.08,11691.0
2026-02-05 15:19:00,48.08,48.08,47.93,47.94,9663.0
2026-02-05 15:20:00,47.94,47.97,47.87,47.87,14991.0
2026-02-05 15:21:00,47.86,47.87,47.78,47.785,18703.0
2026-02-05 15:22:00,47.77,47.88,47.7,47.71,17330.0
2026-02-05 15:23:00,47.71,47.75,47.64,47.67,18381.0
2026-02-05 15:24:00,47.69,47.76,47.67,47.71,35217.0
2026-02-05 15:25:00,47.7,47.72,47.6,47.62,8368.0
2026-02-05 15:26:00,47.61,47.66,47.61,47.649,9679.0
2026-02-05 15:27:00,47.65,47.7,47.62,47.66,8743.0
2026-02-05 15:28:00,47.66,47.7,47.63,47.64,30346.0
2026-02-05 15:29:00,47.64,47.66,47.56,47.6,29502.0
2026-02-05 15:30:00,47.6,47.715,47.56,47.7,29563.0
2026-02-05 15:31:00,47.68,47.68,47.53,47.56,34919.0
2026-02-05 15:32:00,47.55,47.56,47.5,47.55,37101.0
2026-02-05 15:33:00,47.55,47.63,47.54,47.63,14652.0
2026-02-05 15:34:00,47.65,47.69,47.54,47.54,9600.0
2026-02-05 15:35:00,47.55,47.57,47.49,47.55,40647.0
2026-02-05 15:36:00,47.54,47.59,47.51,47.56,7153.0
2026-02-05 15:37:00,47.57,47.65,47.57,47.6,6343.0
2026-02-05 15:38:00,47.59,47.6,47.55,47.56,11167.0
2026-02-05 15:39:00,47.57,47.65,47.57,47.62,5547.0
2026-02-05 15:40:00,47.64,47.83,47.61,47.74,81088.0
2026-02-05 15:41:00,47.74,47.76,47.68,47.68,22043.0
2026-02-05 15:42:00,47.7,47.71,47.64,47.66,7920.0
2026-02-05 15:43:00,47.66,47.66,47.47,47.47,30418.0
2026-02-05 15:44:00,47.47,47.48,47.4,47.47,43315.0
2026-02-05 15:45:00,47.46,47.495,47.385,47.44,20610.0
2026-02-05 15:46:00,47.44,47.48,47.4,47.4,7402.0
2026-02-05 15:47:00,47.4,47.405,47.35,47.39,15251.0
2026-02-05 15:48:00,47.38,47.42,47.36,47.39,12497.0
2026-02-05 15:49:00,47.38,47.46,47.36,47.45,33959.0
2026-02-05 15:50:00,47.47,47.57,47.38,47.385,68681.0
2026-02-05 15:51:00,47.375,47.375,47.25,47.32,23628.0
2026-02-05 15:52:00,47.32,47.32,47.2,47.23,47396.0
2026-02-05 15:53:00,47.26,47.37,47.23,47.37,29273.0
2026-02-05 15:54:00,47.36,47.51,47.33,47.51,92066.0
2026-02-05 15:55:00,47.505,47.6,47.47,47.59,53396.0
2026-02-05 15:56:00,47.6,47.67,47.575,47.65,27421.0
2026-02-05 15:57:00,47.65,47.76,47.64,47.73,26181.0
2026-02-05 15:58:00,47.73,47.75,47.66,47.68,25899.0
2026-02-05 15:59:00,47.68,47.74,47.6,47.63,128850.0
2026-02-06 09:30:00,48.34,48.39,48.105,48.22,183752.0
2026-02-06 09:31:00,48.225,48.42,48.13,48.31,81982.0
2026-02-06 09:32:00,48.31,48.75,48.0,48.75,149149.0
2026-02-06 09:33:00,48.76,48.96,48.76,48.96,106757.0
2026-02-06 09:34:00,48.96,49.06,48.82,48.9,61044.0
2026-02-06 09:35:00,48.91,48.97,48.79,48.89,48454.0
2026-02-06 09:36:00,48.9,48.92,48.68,48.91,78656.0
2026-02-06 09:37:00,48.9,49.0,48.815,48.99,74342.0
2026-02-06 09:38:00,49.0,49.24,48.99,49.19,72910.0
2026-02-06 09:39:00,49.2,49.27,49.15,49.21,60250.0
2026-02-06 09:40:00,49.22,49.3,49.02,49.25,69426.0
2026-02-06 09:41:00,49.26,49.28,48.85,48.87,74829.0
2026-02-06 09:42:00,48.9,48.99,48.84,48.91,33837.0
2026-02-06 09:43:00,48.93,49.13,48.92,49.11,46029.0
2026-02-06 09:44:00,49.12,49.3,49.07,49.29,47120.0
2026-02-06 09:45:00,49.3,49.38,49.27,49.31,77179.0
2026-02-06 09:46:00,49.32,49.41,49.13,49.26,74381.0
2026-02-06 09:47:00,49.26,49.4,49.18,49.35,35243.0
2026-02-06 09:48:00,49.37,49.42,49.29,49.39,25037.0
2026-02-06 09:49:00,49.39,49.42,49.15,49.32,109307.0
2026-02-06 09:50:00,49.36,49.4,49.25,49.35,21331.0
2026-02-06 09:51:00,49.38,49.6,49.36,49.58,134186.0
2026-02-06 09:52:00,49.58,49.62,49.48,49.6,39684.0
2026-02-06 09:53:00,49.59,49.6,49.31,49.31,43435.0
2026-02-06 09:54:00,49.33,49.38,49.19,49.19,45418.0
2026-02-06 09:55:00,49.2,49.2,48.96,49.07,83757.0
2026-02-06 09:56:00,49.04,49.04,48.89,48.9,49882.0
2026-02-06 09:57:00,48.9,49.1,48.87,49.1,42430.0
2026-02-06 09:58:00,49.1,49.115,48.84,48.96,27764.0
2026-02-06 09:59:00,48.97,48.97,48.86,48.88,19130.0
2026-02-06 10:00:00,48.92,48.93,48.73,48.81,52440.0
2026-02-06 10:01:00,48.81,48.83,48.59,48.67,102827.0
2026-02-06 10:02:00,48.67,48.75,48.59,48.66,66936.0
2026-02-06 10:03:00,48.65,48.73,48.53,48.53,26920.0
2026-02-06 10:04:00,48.55,48.59,48.47,48.55,29224.0
2026-02-06 10:05:00,48.57,48.84,48.54,48.62,55561.0
2026-02-06 10:06:00,48.63,48.63,48.35,48.36,38983.0
2026-02-06 10:07:00,48.38,48.54,48.33,48.53,34896.0
2026-02-06 10:08:00,48.5,48.53,48.4,48.51,30967.0
2026-02-06 10:09:00,48.54,48.62,48.47,48.49,23742.0
2026-02-06 10:10:00,48.5,48.77,48.5,48.75,39140.0
2026-02-06 10:11:00,48.76,48.96,48.74,48.84,43596.0
2026-02-06 10:12:00,48.83,48.85,48.52,48.56,93908.0
2026-02-06 10:13:00,48.55,48.59,48.36,48.44,49243.0
2026-02-06 10:14:00,48.44,48.53,48.37,48.4,34747.0
2026-02-06 10:15:00,48.39,48.51,48.35,48.42,66132.0
2026-02-06 10:16:00,48.42,48.63,48.24,48.62,84265.0
2026-02-06 10:17:00,48.63,48.781,48.55,48.63,56451.0
2026-02-06 10:18:00,48.62,48.87,48.52,48.83,50381.0
2026-02-06 10:19:00,48.85,48.92,48.73,48.85,77269.0
2026-02-06 10:20:00,48.85,48.92,48.81,48.82,40342.0
2026-02-06 10:21:00,48.82,49.13,48.8,49.05,82520.0
2026-02-06 10:22:00,49.02,49.155,49.02,49.11,31032.0
2026-02-06 10:23:00,49.115,49.16,48.62,48.65,73819.0
2026-02-06 10:24:00,48.68,48.84,48.61,48.78,25442.0
2026-02-06 10:25:00,48.79,49.08,48.725,49.06,38567.0
2026-02-06 10:26:00,49.06,49.18,49.02,49.17,25830.0
2026-02-06 10:27:00,49.17,49.18,48.98,49.06,28695.0
2026-02-06 10:28:00,49.03,49.23,49.03,49.13,39779.0
2026-02-06 10:29:00,49.08,49.17,49.04,49.16,35048.0
2026-02-06 10:30:00,49.16,49.17,49.01,49.07,90338.0
2026-02-06 10:31:00,49.06,49.07,48.91,49.01,39293.0
2026-02-06 10:32:00,49.0,49.1,48.93,49.09,60714.0
2026-02-06 10:33:00,49.08,49.25,49.04,49.23,162943.0
2026-02-06 10:34:00,49.23,49.32,49.22,49.28,36320.0
2026-02-06 10:35:00,49.27,49.32,49.19,49.31,27405.0
2026-02-06 10:36:00,49.3,49.3,49.15,49.19,19767.0
2026-02-06 10:37:00,49.2,49.25,49.18,49.24,24916.0
2026-02-06 10:38:00,49.22,49.26,49.19,49.24,13175.0
2026-02-06 10:39:00,49.24,49.27,49.2,49.2,22220.0
2026-02-06 10:40:00,49.23,49.28,49.18,49.25,26655.0
2026-02-06 10:41:00,49.25,49.29,49.23,49.24,18731.0
2026-02-06 10:42:00,49.24,49.39,49.2,49.34,73636.0
2026-02-06 10:43:00,49.34,49.4,49.25,49.31,44757.0
2026-02-06 10:44:00,49.3,49.35,49.25,49.27,17880.0
2026-02-06 10:45:00,49.3,49.36,49.27,49.34,18177.0
2026-02-06 10:46:00,49.33,49.46,49.32,49.46,55222.0
2026-02-06 10:47:00,49.45,49.49,49.42,49.48,21973.0
2026-02-06 10:48:00,49.48,49.48,49.235,49.235,38350.0
2026-02-06 10:49:00,49.25,49.31,49.19,49.21,72586.0
2026-02-06 10:50:00,49.21,49.21,48.92,48.92,74482.0
2026-02-06 10:51:00,48.92,49.04,48.91,48.95,45475.0
2026-02-06 10:52:00,48.94,49.0,48.84,48.84,29744.0
2026-02-06 10:53:00,48.85,48.86,48.81,48.81,16198.0
2026-02-06 10:54:00,48.8,48.83,48.68,48.74,42060.0
2026-02-06 10:55:00,48.75,48.97,48.7,48.97,18057.0
2026-02-06 10:56:00,48.971,49.06,48.91,49.0,22629.0
2026-02-06 10:57:00,49.0,49.06,48.96,49.03,15291.0
2026-02-06 10:58:00,49.02,49.11,48.97,48.99,22261.0
2026-02-06 10:59:00,49.01,49.14,48.95,49.11,22557.0
2026-02-06 11:00:00,49.12,49.13,49.04,49.1,18599.0
2026-02-06 11:01:00,49.08,49.23,49.06,49.23,20731.0
2026-02-06 11:02:00,49.225,49.34,49.18,49.3,26557.0
2026-02-06 11:03:00,49.31,49.43,49.31,49.43,31610.0
2026-02-06 11:04:00,49.41,49.48,49.38,49.48,25524.0
2026-02-06 11:05:00,49.48,49.53,49.43,49.45,76355.0
2026-02-06 11:06:00,49.46,49.56,49.41,49.56,46886.0
2026-02-06 11:07:00,49.57,49.68,49.57,49.63,56704.0
2026-02-06 11:08:00,49.63,49.65,49.51,49.54,21006.0
2026-02-06 11:09:00,49.55,49.61,49.54,49.59,26780.0
2026-02-06 11:10:00,49.6,49.67,49.59,49.67,12076.0
2026-02-06 11:11:00,49.66,49.7,49.58,49.7,29164.0
2026-02-06 11:12:00,49.709,49.71,49.66,49.67,10827.0
2026-02-06 11:13:00,49.66,49.72,49.64,49.72,19201.0
2026-02-06 11:14:00,49.72,49.74,49.69,49.73,30927.0
2026-02-06 11:15:00,49.73,49.77,49.71,49.71,30168.0
2026-02-06 11:16:00,49.725,49.73,49.59,49.6,18158.0
2026-02-06 11:17:00,49.62,49.63,49.57,49.63,8817.0
2026-02-06 11:18:00,49.59,49.66,49.59,49.65,4589.0
2026-02-06 11:19:00,49.67,49.67,49.64,49.66,4892.0
2026-02-06 11:20:00,49.67,49.76,49.65,49.71,45107.0
2026-02-06 11:21:00,49.71,49.89,49.71,49.89,37332.0
2026-02-06 11:22:00,49.89,49.92,49.78,49.79,39774.0
2026-02-06 11:23:00,49.81,49.85,49.8,49.8,7874.0
2026-02-06 11:24:00,49.8,49.8,49.76,49.79,11767.0
2026-02-06 11:25:00,49.78,49.78,49.68,49.7,36121.0
2026-02-06 11:26:00,49.68,49.75,49.67,49.7,18132.0
2026-02-06 11:27:00,49.7,49.7,49.6,49.62,23153.0
2026-02-06 11:28:00,49.62,49.68,49.6,49.66,8479.0
2026-02-06 11:29:00,49.69,49.75,49.67,49.75,15748.0
2026-02-06 11:30:00,49.75,49.85,49.74,49.82,40504.0
2026-02-06 11:31:00,49.81,49.81,49.76,49.78,10735.0
2026-02-06 11:32:00,49.81,49.87,49.81,49.84,8430.0
2026-02-06 11:33:00,49.82,49.87,49.801,49.87,9669.0
2026-02-06 11:34:00,49.87,49.93,49.87,49.93,15327.0
2026-02-06 11:35:00,49.94,50.0,49.92,49.97,33995.0
2026-02-06 11:36:00,49.965,49.965,49.9,49.95,23067.0
2026-02-06 11:37:00,49.94,49.94,49.87,49.88,16778.0
2026-02-06 11:38:00,49.9,49.96,49.89,49.92,25401.0
2026-02-06 11:39:00,49.91,49.95,49.9,49.92,3994.0
2026-02-06 11:40:00,49.91,49.98,49.89,49.97,148499.0
2026-02-06 11:41:00,49.97,50.005,49.96,50.001,40052.0
2026-02-06 11:42:00,50.0,50.01,49.92,49.95,16031.0
2026-02-06 11:43:00,49.95,49.98,49.89,49.89,8299.0
2026-02-06 11:44:00,49.89,49.89,49.77,49.87,24150.0
2026-02-06 11:45:00,49.86,49.93,49.85,49.87,26662.0
2026-02-06 11:46:00,49.86,49.89,49.81,49.89,31988.0
2026-02-06 11:47:00,49.89,49.89,49.82,49.83,4604.0
2026-02-06 11:48:00,49.83,49.88,49.83,49.85,48795.0
2026-02-06 11:49:00,49.85,49.89,49.85,49.88,2263.0
2026-02-06 11:50:00,49.9,49.93,49.88,49.92,12080.0
2026-02-06 11:51:00,49.925,49.95,49.89,49.89,3572.0
2026-02-06 11:52:00,49.89,49.93,49.88,49.88,30089.0
2026-02-06 11:53:00,49.88,49.955,49.88,49.94,9371.0
2026-02-06 11:54:00,49.92,49.93,49.87,49.9,25863.0
2026-02-06 11:55:00,49.89,49.89,49.79,49.83,13651.0
2026-02-06 11:56:00,49.81,49.83,49.73,49.76,13243.0
2026-02-06 11:57:00,49.76,49.77,49.68,49.685,14071.0
2026-02-06 11:58:00,49.69,49.69,49.6,49.65,22349.0
2026-02-06 11:59:00,49.66,49.73,49.66,49.725,8479.0
2026-02-06 12:00:00,49.74,49.74,49.65,49.65,16207.0
2026-02-06 12:01:00,49.65,49.75,49.65,49.75,7472.0
2026-02-06 12:02:00,49.77,49.78,49.72,49.74,17761.0
2026-02-06 12:03:00,49.75,49.81,49.715,49.81,6633.0
2026-02-06 12:04:00,49.81,49.88,49.8,49.88,38817.0
2026-02-06 12:05:00,49.88,49.94,49.88,49.92,23506.0
2026-02-06 12:06:00,49.92,49.95,49.9,49.92,9370.0
2026-02-06 12:07:00,49.92,50.0,49.91,49.98,25210.0
2026-02-06 12:08:00,50.0,50.02,49.96,49.979,63381.0
2026-02-06 12:09:00,49.97,50.0,49.96,50.0,13025.0
2026-02-06 12:10:00,50.0,50.03,50.0,50.02,16125.0
2026-02-06 12:11:00,50.029,50.04,50.01,50.01,10279.0
2026-02-06 12:12:00,50.02,50.02,49.88,49.91,52978.0
2026-02-06 12:13:00,49.9,49.98,49.86,49.98,17262.0
2026-02-06 12:14:00,49.98,50.01,49.95,49.975,8430.0
2026-02-06 12:15:00,49.96,49.98,49.91,49.91,17051.0
2026-02-06 12:16:00,49.92,49.93,49.89,49.905,7071.0
2026-02-06 12:17:00,49.93,49.99,49.87,49.98,9041.0
2026-02-06 12:18:00,49.99,50.01,49.96,50.01,4529.0
2026-02-06 12:19:00,50.02,50.09,49.99,50.0,26720.0
2026-02-06 12:20:00,50.0,50.0,49.97,49.97,11123.0
2026-02-06 12:21:00,49.975,50.0,49.94,49.945,7942.0
2026-02-06 12:22:00,49.93,49.97,49.91,49.97,11768.0
2026-02-06 12:23:00,49.97,49.99,49.95,49.95,16300.0
2026-02-06 12:24:00,49.96,49.97,49.96,49.97,454.0
2026-02-06 12:25:00,49.98,50.02,49.98,50.0,19962.0
2026-02-06 12:26:00,50.0,50.035,49.97,50.035,7865.0
2026-02-06 12:27:00,50.04,50.12,50.03,50.12,13699.0
2026-02-06 12:28:00,50.11,50.14,50.07,50.09,4930.0
2026-02-06 12:29:00,50.1,50.15,50.1,50.12,3871.0
2026-02-06 12:30:00,50.15,50.16,50.14,50.16,7259.0
2026-02-06 12:31:00,50.165,50.22,50.155,50.2,39805.0
2026-02-06 12:32:00,50.19,50.285,50.19,50.28,17528.0
2026-02-06 12:33:00,50.27,50.27,50.22,50.26,28180.0
2026-02-06 12:34:00,50.26,50.27,50.215,50.23,2752.0
2026-02-06 12:35:00,50.22,50.22,50.08,50.08,13444.0
2026-02-06 12:36:00,50.07,50.11,50.03,50.04,18456.0
2026-02-06 12:37:00,50.05,50.065,49.99,50.011,21121.0
2026-02-06 12:38:00,50.03,50.03,49.97,49.97,4067.0
2026-02-06 12:39:00,49.96,50.01,49.94,49.98,8123.0
2026-02-06 12:40:00,50.0,50.06,49.99,50.02,7051.0
2026-02-06 12:41:00,50.04,50.13,50.04,50.13,9594.0
2026-02-06 12:42:00,50.13,50.13,50.11,50.115,9903.0
2026-02-06 12:43:00,50.1,50.14,50.055,50.13,10426.0
2026-02-06 12:44:00,50.13,50.13,50.11,50.13,22723.0
2026-02-06 12:45:00,50.14,50.2,50.14,50.18,9002.0
2026-02-06 12:46:00,50.17,50.21,50.17,50.19,8868.0
2026-02-06 12:47:00,50.19,50.21,50.18,50.18,11969.0
2026-02-06 12:48:00,50.19,50.21,50.19,50.21,3474.0
2026-02-06 12:49:00,50.23,50.24,50.18,50.2,71051.0
2026-02-06 12:50:00,50.23,50.23,50.2,50.22,13766.0
2026-02-06 12:51:00,50.18,50.3,50.15,50.3,33157.0
2026-02-06 12:52:00,50.295,50.34,50.26,50.26,22375.0
2026-02-06 12:53:00,50.28,50.28,50.24,50.255,12392.0
2026-02-06 12:54:00,50.27,50.28,50.21,50.22,13677.0
2026-02-06 12:55:00,50.22,50.245,50.2,50.2,6648.0
2026-02-06 12:56:00,50.21,50.27,50.21,50.27,3942.0
2026-02-06 12:57:00,50.26,50.29,50.26,50.26,2022.0
2026-02-06 12:58:00,50.27,50.3,50.27,50.28,28792.0
2026-02-06 12:59:00,50.29,50.29,50.255,50.255,765.0
2026-02-06 13:00:00,50.26,50.36,50.26,50.33,17400.0
2026-02-06 13:01:00,50.32,50.325,50.3,50.32,11437.0
2026-02-06 13:02:00,50.32,50.37,50.32,50.33,11901.0
2026-02-06 13:03:00,50.33,50.385,50.33,50.37,6304.0
2026-02-06 13:04:00,50.38,50.43,50.38,50.42,7232.0
2026-02-06 13:05:00,50.41,50.42,50.39,50.41,27704.0
2026-02-06 13:06:00,50.42,50.43,50.4,50.41,9610.0
2026-02-06 13:07:00,50.39,50.39,50.35,50.36,10856.0
2026-02-06 13:08:00,50.37,50.37,50.28,50.28,153335.0
2026-02-06 13:09:00,50.27,50.3,50.26,50.3,3438.0
2026-02-06 13:10:00,50.31,50.33,50.28,50.28,5874.0
2026-02-06 13:11:00,50.275,50.28,50.27,50.275,15739.0
2026-02-06 13:12:00,50.3,50.37,50.3,50.34,13330.0
2026-02-06 13:13:00,50.34,50.34,50.28,50.28,1582.0
2026-02-06 13:14:00,50.28,50.3,50.28,50.29,6320.0
2026-02-06 13:15:00,50.3,50.3,50.23,50.23,17247.0
2026-02-06 13:16:00,50.24,50.25,50.18,50.25,23126.0
2026-02-06 13:17:00,50.25,50.3,50.245,50.3,7230.0
2026-02-06 13:18:00,50.3,50.33,50.3,50.31,6078.0
2026-02-06 13:19:00,50.311,50.35,50.31,50.35,3218.0
2026-02-06 13:20:00,50.34,50.34,50.31,50.34,2973.0
2026-02-06 13:21:00,50.35,50.4,50.32,50.32,56005.0
2026-02-06 13:22:00,50.32,50.33,50.31,50.32,16574.0
2026-02-06 13:23:00,50.32,50.33,50.28,50.3,19500.0
2026-02-06 13:24:00,50.295,50.3,50.265,50.265,3466.0
2026-02-06 13:25:00,50.26,50.27,50.22,50.23,36039.0
2026-02-06 13:26:00,50.22,50.25,50.22,50.23,7287.0
2026-02-06 13:27:00,50.21,50.23,50.2,50.2,2968.0
2026-02-06 13:28:00,50.21,50.21,50.16,50.18,15107.0
2026-02-06 13:29:00,50.179,50.25,50.17,50.24,10405.0
2026-02-06 13:30:00,50.25,50.28,50.23,50.24,15192.0
2026-02-06 13:31:00,50.25,50.275,50.229,50.275,10277.0
2026-02-06 13:32:00,50.27,50.28,50.26,50.28,2089.0
2026-02-06 13:33:00,50.265,50.28,50.245,50.25,47713.0
2026-02-06 13:34:00,50.26,50.26,50.2,50.21,14618.0
2026-02-06 13:35:00,50.21,50.26,50.21,50.26,1091.0
2026-02-06 13:36:00,50.26,50.26,50.24,50.24,326.0
2026-02-06 13:37:00,50.25,50.27,50.22,50.23,13696.0
2026-02-06 13:38:00,50.23,50.31,50.23,50.31,3823.0
2026-02-06 13:39:00,50.29,50.3,50.285,50.29,10620.0
2026-02-06 13:40:00,50.281,50.33,50.28,50.33,3248.0
2026-02-06 13:41:00,50.33,50.33,50.27,50.28,5432.0
2026-02-06 13:42:00,50.28,50.3,50.28,50.3,13059.0
2026-02-06 13:43:00,50.31,50.33,50.3,50.3,3024.0
2026-02-06 13:44:00,50.3,50.3,50.265,50.299,146.0
2026-02-06 13:45:00,50.28,50.34,50.28,50.32,31951.0
2026-02-06 13:46:00,50.28,50.3,50.28,50.3,826.0
2026-02-06 13:47:00,50.32,50.33,50.32,50.33,1002.0
2026-02-06 13:48:00,50.33,50.34,50.33,50.33,1478.0
2026-02-06 13:49:00,50.31,50.33,50.31,50.32,1394.0
2026-02-06 13:50:00,50.33,50.36,50.33,50.33,6222.0
2026-02-06 13:51:00,50.33,50.33,50.3,50.3,463.0
2026-02-06 13:52:00,50.29,50.32,50.27,50.32,2683.0
2026-02-06 13:53:00,50.32,50.32,50.29,50.3,1032.0
2026-02-06 13:54:00,50.29,50.31,50.28,50.29,1528.0
2026-02-06 13:55:00,50.29,50.3,50.29,50.3,1918.0
2026-02-06 13:56:00,50.28,50.29,50.27,50.27,15257.0
2026-02-06 13:57:00,50.27,50.28,50.25,50.28,2241.0
2026-02-06 13:58:00,50.28,50.28,50.23,50.23,4114.0
2026-02-06 13:59:00,50.23,50.23,50.21,50.215,6381.0
2026-02-06 14:00:00,50.22,50.26,50.2,50.2,5796.0
2026-02-06 14:01:00,50.2,50.25,50.2,50.25,6543.0
2026-02-06 14:02:00,50.26,50.29,50.26,50.285,11621.0
2026-02-06 14:03:00,50.27,50.28,50.27,50.275,1060.0
2026-02-06 14:04:00,50.27,50.29,50.27,50.28,11682.0
2026-02-06 14:05:00,50.29,50.31,50.24,50.25,28876.0
2026-02-06 14:06:00,50.25,50.26,50.23,50.26,4165.0
2026-02-06 14:07:00,50.25,50.27,50.25,50.26,34881.0
2026-02-06 14:08:00,50.27,50.29,50.25,50.26,11360.0
2026-02-06 14:09:00,50.26,50.26,50.22,50.255,4040.0
2026-02-06 14:10:00,50.25,50.27,50.25,50.26,11943.0
2026-02-06 14:11:00,50.25,50.27,50.25,50.27,2592.0
2026-02-06 14:12:00,50.25,50.25,50.18,50.18,5522.0
2026-02-06 14:13:00,50.17,50.2,50.17,50.2,12757.0
2026-02-06 14:14:00,50.19,50.19,50.16,50.16,2012.0
2026-02-06 14:15:00,50.18,50.2,50.17,50.185,6234.0
2026-02-06 14:16:00,50.18,50.18,50.13,50.13,16773.0
2026-02-06 14:17:00,50.13,50.15,50.1,50.1,3463.0
2026-02-06 14:18:00,50.149,50.17,50.13,50.14,4761.0
2026-02-06 14:19:00,50.14,50.17,50.12,50.16,8473.0
2026-02-06 14:20:00,50.16,50.2,50.16,50.16,3937.0
2026-02-06 14:21:00,50.16,50.16,50.16,50.16,830.0
2026-02-06 14:22:00,50.17,50.27,50.17,50.27,12186.0
2026-02-06 14:23:00,50.27,50.32,50.26,50.3,19312.0
2026-02-06 14:24:00,50.31,50.31,50.285,50.305,6781.0
2026-02-06 14:25:00,50.31,50.32,50.295,50.31,1976.0
2026-02-06 14:26:00,50.31,50.32,50.3,50.31,4344.0
2026-02-06 14:27:00,50.32,50.32,50.27,50.28,6513.0
2026-02-06 14:28:00,50.28,50.305,50.28,50.295,1470.0
2026-02-06 14:29:00,50.3,50.34,50.3,50.33,6392.0
2026-02-06 14:30:00,50.32,50.35,50.27,50.32,152392.0
2026-02-06 14:31:00,50.32,50.33,50.305,50.31,3588.0
2026-02-06 14:32:00,50.31,50.33,50.31,50.33,4075.0
2026-02-06 14:33:00,50.33,50.35,50.31,50.31,4624.0
2026-02-06 14:34:00,50.3,50.3,50.275,50.275,4228.0
2026-02-06 14:35:00,50.27,50.29,50.27,50.27,2331.0
2026-02-06 14:36:00,50.28,50.29,50.27,50.28,2548.0
2026-02-06 14:37:00,50.28,50.28,50.245,50.27,33500.0
2026-02-06 14:38:00,50.27,50.31,50.26,50.29,10709.0
2026-02-06 14:39:00,50.28,50.28,50.27,50.27,3978.0
2026-02-06 14:40:00,50.26,50.26,50.23,50.23,19611.0
2026-02-06 14:41:00,50.23,50.23,50.185,50.19,8983.0
2026-02-06 14:42:00,50.19,50.2,50.16,50.19,52137.0
2026-02-06 14:43:00,50.19,50.2,50.18,50.18,14051.0
2026-02-06 14:44:00,50.18,50.18,50.16,50.17,7051.0
2026-02-06 14:45:00,50.16,50.22,50.16,50.22,4410.0
2026-02-06 14:46:00,50.2,50.26,50.2,50.25,4871.0
2026-02-06 14:47:00,50.245,50.28,50.24,50.28,9180.0
2026-02-06 14:48:00,50.28,50.325,50.26,50.32,10855.0
2026-02-06 14:49:00,50.33,50.33,50.29,50.3,9562.0
2026-02-06 14:50:00,50.29,50.3,50.24,50.29,19486.0
2026-02-06 14:51:00,50.29,50.29,50.28,50.29,1118.0
2026-02-06 14:52:00,50.28,50.29,50.27,50.29,2952.0
2026-02-06 14:53:00,50.29,50.29,50.26,50.26,5976.0
2026-02-06 14:54:00,50.27,50.275,50.245,50.255,1558.0
2026-02-06 14:55:00,50.26,50.26,50.2,50.2,9209.0
2026-02-06 14:56:00,50.2,50.2,50.189,50.2,6898.0
2026-02-06 14:57:00,50.189,50.225,50.15,50.16,10254.0
2026-02-06 14:58:00,50.15,50.17,50.14,50.16,8334.0
2026-02-06 14:59:00,50.16,50.16,50.13,50.13,4929.0
2026-02-06 15:00:00,50.12,50.12,50.05,50.09,45988.0
2026-02-06 15:01:00,50.1,50.145,50.09,50.14,9002.0
2026-02-06 15:02:00,50.15,50.18,50.145,50.18,9802.0
2026-02-06 15:03:00,50.18,50.22,50.18,50.21,6483.0
2026-02-06 15:04:00,50.215,50.22,50.21,50.22,7999.0
2026-02-06 15:05:00,50.21,50.305,50.21,50.3,27072.0
2026-02-06 15:06:00,50.31,50.31,50.28,50.28,151521.0
2026-02-06 15:07:00,50.28,50.3,50.275,50.28,5916.0
2026-02-06 15:08:00,50.27,50.29,50.27,50.28,17817.0
2026-02-06 15:09:00,50.29,50.33,50.29,50.295,9696.0
2026-02-06 15:10:00,50.27,50.29,50.27,50.29,1605.0
2026-02-06 15:11:00,50.29,50.31,50.26,50.27,1430.0
2026-02-06 15:12:00,50.27,50.29,50.265,50.265,2411.0
2026-02-06 15:13:00,50.28,50.29,50.27,50.29,4976.0
2026-02-06 15:14:00,50.29,50.3,50.289,50.289,1467.0
2026-02-06 15:15:00,50.29,50.32,50.29,50.315,7000.0
2026-02-06 15:16:00,50.32,50.33,50.3,50.3,6417.0
2026-02-06 15:17:00,50.3,50.32,50.3,50.31,5425.0
2026-02-06 15:18:00,50.31,50.405,50.31,50.405,30959.0
2026-02-06 15:19:00,50.4,50.4,50.36,50.39,7816.0
2026-02-06 15:20:00,50.4,50.45,50.4,50.42,19791.0
2026-02-06 15:21:00,50.42,50.42,50.37,50.38,10301.0
2026-02-06 15:22:00,50.38,50.41,50.38,50.41,8506.0
2026-02-06 15:23:00,50.4,50.445,50.4,50.425,7109.0
2026-02-06 15:24:00,50.43,50.435,50.41,50.41,2158.0
2026-02-06 15:25:00,50.41,50.42,50.39,50.39,5229.0
2026-02-06 15:26:00,50.38,50.4,50.37,50.4,6739.0
2026-02-06 15:27:00,50.39,50.41,50.39,50.41,1469.0
2026-02-06 15:28:00,50.42,50.43,50.4,50.4,10565.0
2026-02-06 15:29:00,50.39,50.39,50.36,50.36,1549.0
2026-02-06 15:30:00,50.35,50.355,50.315,50.34,13581.0
2026-02-06 15:31:00,50.38,50.4,50.375,50.38,1018.0
2026-02-06 15:32:00,50.36,50.385,50.35,50.37,1231.0
2026-02-06 15:33:00,50.37,50.37,50.34,50.345,3463.0
2026-02-06 15:34:00,50.34,50.36,50.34,50.34,4521.0
2026-02-06 15:35:00,50.33,50.34,50.32,50.34,5300.0
2026-02-06 15:36:00,50.34,50.34,50.311,50.325,2214.0
2026-02-06 15:37:00,50.325,50.36,50.325,50.36,20821.0
2026-02-06 15:38:00,50.36,50.41,50.36,50.41,7318.0
2026-02-06 15:39:00,50.415,50.42,50.395,50.395,1051.0
2026-02-06 15:40:00,50.42,50.485,50.42,50.46,26572.0
2026-02-06 15:41:00,50.465,50.49,50.46,50.485,10092.0
2026-02-06 15:42:00,50.49,50.595,50.49,50.55,101661.0
2026-02-06 15:43:00,50.555,50.555,50.52,50.53,13249.0
2026-02-06 15:44:00,50.535,50.59,50.535,50.59,14070.0
2026-02-06 15:45:00,50.59,50.64,50.58,50.625,17387.0
2026-02-06 15:46:00,50.62,50.69,50.611,50.67,14611.0
2026-02-06 15:47:00,50.67,50.69,50.66,50.69,9873.0
2026-02-06 15:48:00,50.69,50.705,50.64,50.64,19462.0
2026-02-06 15:49:00,50.64,50.68,50.625,50.68,18740.0
2026-02-06 15:50:00,50.68,50.83,50.65,50.83,93065.0
2026-02-06 15:51:00,50.83,50.99,50.82,50.97,75289.0
2026-02-06 15:52:00,50.97,51.005,50.9,50.91,120665.0
2026-02-06 15:53:00,50.92,50.97,50.87,50.96,58555.0
2026-02-06 15:54:00,50.95,50.96,50.88,50.89,84296.0
2026-02-06 15:55:00,50.91,50.91,50.75,50.78,105451.0
2026-02-06 15:56:00,50.78,50.81,50.76,50.775,18224.0
2026-02-06 15:57:00,50.77,50.83,50.735,50.81,43486.0
2026-02-06 15:58:00,50.8,50.82,50.76,50.76,69780.0
2026-02-06 15:59:00,50.76,50.82,50.575,50.58,265393.0
