Date,Adj Close,Close,High,Low,Open,Volume
2010-02-11,9616730.0,12316800.0,13000000.0,12209600.0,12875200.0,0
2010-02-12,9536775.0,12214400.0,12692800.0,12152000.0,12683200.0,0
2010-02-16,9198231.0,11780800.0,12148800.0,11744000.0,11948800.0,0
2010-02-17,9057064.0,11600000.0,11798400.0,11566400.0,11624000.0,0
2010-02-18,8839696.0,11321600.0,11640000.0,11288000.0,11585600.0,0
2010-02-19,8863428.0,11352000.0,11516800.0,11200000.0,11424000.0,0
2010-02-22,8918397.0,11422400.0,11548800.0,11220800.0,11228800.0,0
2010-02-23,9276931.0,11881600.0,12006400.0,11444800.0,11446400.0,0
2010-02-24,8987104.0,11510400.0,11729600.0,11369600.0,11676800.0,0
2010-02-25,8924644.0,11430400.0,12096000.0,11430400.0,11873600.0,0
2010-02-26,8875924.0,11368000.0,11630400.0,11329600.0,11520000.0,0
2010-03-01,8484909.0,10867200.0,11243200.0,10832000.0,11235200.0,0
2010-03-02,8419946.0,10784000.0,10849600.0,10588800.0,10768000.0,0
2010-03-03,8419946.0,10784000.0,10865600.0,10600000.0,10745600.0,0
2010-03-04,8315009.0,10649600.0,10873600.0,10611200.0,10724800.0,0
2010-03-05,7946481.0,10177600.0,10454400.0,10124800.0,10384000.0,0
2010-03-08,7881521.0,10094400.0,10129600.0,10032000.0,10110400.0,0
2010-03-09,7745351.5,9920000.0,10182400.0,9760000.0,10182400.0,1
2010-03-10,7559214.0,9681600.0,9849600.0,9617600.0,9832000.0,0
2010-03-11,7485508.0,9587200.0,9792000.0,9580800.0,9740800.0,0
2010-03-12,7474263.5,9572800.0,9662400.0,9465600.0,9465600.0,0
2010-03-15,7519236.5,9630400.0,9822400.0,9564800.0,9638400.0,0
2010-03-16,7374323.5,9444800.0,9624000.0,9411200.0,9545600.0,0
2010-03-17,7339344.0,9400000.0,9440000.0,9243200.0,9412800.0,0
2010-03-18,7251898.5,9288000.0,9408000.0,9249600.0,9345600.0,0
2010-03-19,7383070.0,9456000.0,9537600.0,9180800.0,9456000.0,1
2010-03-22,7175695.0,9190400.0,9584000.0,9073600.0,9544000.0,1
2010-03-23,7033279.5,9008000.0,9252800.0,8976000.0,9142400.0,1
2010-03-24,7108233.5,9104000.0,9182400.0,9041600.0,9052800.0,1
2010-03-25,7166949.5,9179200.0,9190400.0,8800000.0,8908800.0,1
2010-03-26,7123226.5,9123200.0,9275200.0,8948800.0,9057600.0,1
2010-03-29,7030779.5,9004800.0,9070400.0,8924800.0,8998400.0,0
2010-03-30,6962072.5,8916800.0,9072000.0,8840000.0,8926400.0,0
2010-03-31,7038276.0,9014400.0,9083200.0,8888000.0,9012800.0,1
2010-04-01,7053268.0,9033600.0,9236800.0,8755200.0,8931200.0,1
2010-04-05,6858384.5,8784000.0,9043200.0,8728000.0,8990400.0,1
2010-04-06,6803417.5,8713600.0,8888000.0,8635200.0,8851200.0,1
2010-04-07,6838396.5,8758400.0,8907200.0,8656000.0,8776000.0,1
2010-04-08,6814660.0,8728000.0,8971200.0,8678400.0,8849600.0,0
2010-04-09,6685987.0,8563200.0,8763200.0,8548800.0,8696000.0,0
2010-04-12,6664750.0,8536000.0,8585600.0,8470400.0,8539200.0,0
2010-04-13,6559814.0,8401600.0,8611200.0,8390400.0,8564800.0,1
2010-04-14,6331201.0,8108800.0,8304000.0,8104000.0,8272000.0,1
2010-04-15,6253746.5,8009600.0,8108800.0,7979200.0,8108800.0,1
2010-04-16,6451128.5,8262400.0,8432000.0,8001600.0,8084800.0,2
2010-04-19,6478613.0,8297600.0,8593600.0,8230400.0,8374400.0,2
2010-04-20,6391164.5,8185600.0,8326400.0,8113600.0,8160000.0,1
2010-04-21,6263741.5,8022400.0,8164800.0,7955200.0,8008000.0,1
2010-04-22,6166299.5,7897600.0,8387200.0,7873600.0,8260800.0,2
2010-04-23,6091345.0,7801600.0,7977600.0,7777600.0,7905600.0,1
2010-04-26,6132570.0,7854400.0,7884800.0,7732800.0,7780800.0,1
2010-04-27,6508595.5,8336000.0,8404800.0,7840000.0,7936000.0,2
2010-04-28,6498600.0,8323200.0,8516800.0,8200000.0,8200000.0,3
2010-04-29,6162552.5,7892800.0,8208000.0,7849600.0,8208000.0,2
2010-04-30,6527332.5,8360000.0,8376000.0,7867200.0,7905600.0,2
2010-05-03,6249999.0,8004800.0,8262400.0,7888000.0,8257600.0,1
2010-05-04,6815910.5,8729600.0,8886400.0,8300800.0,8304000.0,3
2010-05-05,6907106.0,8846400.0,9144000.0,8688000.0,8971200.0,3
2010-05-06,7610433.5,9747200.0,12065600.0,7608000.0,9028800.0,5
2010-05-07,8108884.5,10385600.0,11048000.0,9598400.0,9968000.0,5
2010-05-10,6930840.0,8876800.0,9164800.0,8840000.0,9107200.0,4
2010-05-11,6923347.0,8867200.0,9168000.0,8513600.0,9102400.0,3
2010-05-12,6546072.0,8384000.0,8771200.0,8352000.0,8744000.0,2
2010-05-13,6849640.0,8772800.0,8819200.0,8286400.0,8483200.0,2
2010-05-14,7240654.0,9273600.0,9577600.0,8968000.0,8972800.0,3
2010-05-17,7185687.5,9203200.0,9777600.0,9083200.0,9206400.0,2
2010-05-18,7465519.0,9561600.0,9678400.0,8902400.0,8960000.0,2
2010-05-19,7644162.5,9790400.0,10107200.0,9444800.0,9667200.0,4
2010-05-20,8391215.0,10747200.0,10937600.0,10289600.0,10332800.0,4
2010-05-21,8298771.0,10628800.0,11515200.0,10278400.0,11395200.0,5
2010-05-24,8240055.5,10553600.0,10649600.0,10185600.0,10550400.0,3
2010-05-25,8303766.5,10635200.0,11651200.0,10568000.0,11347200.0,5
2010-05-26,8549870.0,10950400.0,11017600.0,10003200.0,10456000.0,3
2010-05-27,7589194.5,9720000.0,10305600.0,9720000.0,10201600.0,3
2010-05-28,7729112.5,9899200.0,10144000.0,9654400.0,9694400.0,3
2010-06-01,7951477.5,10184000.0,10198400.0,9475200.0,9988800.0,2
2010-06-02,7386818.5,9460800.0,10195200.0,9422400.0,9992000.0,2
2010-06-03,7165699.5,9177600.0,9534400.0,9128000.0,9371200.0,3
2010-06-04,7885268.5,10099200.0,10200000.0,9403200.0,9753600.0,5
2010-06-07,8320006.5,10656000.0,10680000.0,9873600.0,9939200.0,3
2010-06-08,8359984.0,10707200.0,11148800.0,10518400.0,10590400.0,5
2010-06-09,8583597.0,10993600.0,11076800.0,10206400.0,10512000.0,4
2010-06-10,7832798.5,10032000.0,10672000.0,10011200.0,10571200.0,4
2010-06-11,7626672.0,9768000.0,10350400.0,9734400.0,10340800.0,4
2010-06-14,7645412.5,9792000.0,9808000.0,9288000.0,9489600.0,2
2010-06-15,7022035.5,8993600.0,9638400.0,8945600.0,9619200.0,3
2010-06-16,6910854.0,8851200.0,9094400.0,8736000.0,9046400.0,3
2010-06-17,6823405.5,8739200.0,9009600.0,8704000.0,8729600.0,2
2010-06-18,6819658.5,8734400.0,8825600.0,8568000.0,8715200.0,1
2010-06-21,6997052.5,8961600.0,9120000.0,8387200.0,8425600.0,4
2010-06-22,7166949.5,9179200.0,9232000.0,8673600.0,8868800.0,4
2010-06-23,7253147.5,9289600.0,9515200.0,9062400.0,9150400.0,3
2010-06-24,7621677.0,9761600.0,9800000.0,9340800.0,9419200.0,3
2010-06-25,7614181.5,9752000.0,9968000.0,9528000.0,9638400.0,2
2010-06-28,7701627.0,9864000.0,10064000.0,9600000.0,9752000.0,2
2010-06-29,8553616.0,10955200.0,11214400.0,10294400.0,10323200.0,5
2010-06-30,8973366.0,11492800.0,11576000.0,10784000.0,11115200.0,4
2010-07-01,9058315.0,11601600.0,12265600.0,11318400.0,11417600.0,6
2010-07-02,9133268.0,11697600.0,12020800.0,11427200.0,11553600.0,3
2010-07-06,9048318.0,11588800.0,11881600.0,10963200.0,11198400.0,4
2010-07-07,8192583.0,10492800.0,11504000.0,10454400.0,11478400.0,3
2010-07-08,8070156.0,10336000.0,10686400.0,10184000.0,10244800.0,3
2010-07-09,7814060.5,10008000.0,10712000.0,10008000.0,10334400.0,2
2010-07-12,7746600.0,9921600.0,10132800.0,9753600.0,10036800.0,2
2010-07-13,7480511.5,9580800.0,9894400.0,9438400.0,9670400.0,2
2010-07-14,7333100.0,9392000.0,9609600.0,9251200.0,9507200.0,2
2010-07-15,7294373.0,9342400.0,9745600.0,9289600.0,9465600.0,2
2010-07-16,7881521.0,10094400.0,10176000.0,9440000.0,9489600.0,4
2010-07-19,7721616.5,9889600.0,10308800.0,9824000.0,10052800.0,4
2010-07-20,7426793.5,9512000.0,10452800.0,9512000.0,10366400.0,3
2010-07-21,7730359.5,9900800.0,9964800.0,9216000.0,9228800.0,3
2010-07-22,7205676.5,9228800.0,9516800.0,9035200.0,9513600.0,2
2010-07-23,7018288.5,8988800.0,9403200.0,8969600.0,9345600.0,3
2010-07-26,6858384.5,8784000.0,9080000.0,8760000.0,8960000.0,1
2010-07-27,6839645.5,8760000.0,8897600.0,8620800.0,8641600.0,2
2010-07-28,6993304.5,8956800.0,9081600.0,8692800.0,8812800.0,1
2010-07-29,7171947.0,9185600.0,9452800.0,8787200.0,8843200.0,3
2010-07-30,7118228.5,9116800.0,9577600.0,8960000.0,9412800.0,4
2010-08-02,6733459.0,8624000.0,8891200.0,8547200.0,8796800.0,3
2010-08-03,6814660.0,8728000.0,8841600.0,8619200.0,8644800.0,2
2010-08-04,6616029.5,8473600.0,8708800.0,8433600.0,8598400.0,1
2010-08-05,6641015.0,8505600.0,8680000.0,8478400.0,8585600.0,1
2010-08-06,6670996.0,8544000.0,8937600.0,8489600.0,8806400.0,2
2010-08-09,6705975.5,8588800.0,8588800.0,8320000.0,8428800.0,1
2010-08-10,6685987.0,8563200.0,8800000.0,8460800.0,8590400.0,2
2010-08-11,7243152.5,9276800.0,9395200.0,9019200.0,9033600.0,2
2010-08-12,7423044.5,9507200.0,9880000.0,9401600.0,9820800.0,3
2010-08-13,7591694.0,9723200.0,9723200.0,9507200.0,9625600.0,1
2010-08-16,7546721.5,9665600.0,9993600.0,9468800.0,9875200.0,2
2010-08-17,7243152.5,9276800.0,9510400.0,9040000.0,9470400.0,2
2010-08-18,7158204.0,9168000.0,9449600.0,9016000.0,9356800.0,1
2010-08-19,7471766.5,9569600.0,9782400.0,9248000.0,9344000.0,3
2010-08-20,7479261.0,9579200.0,9800000.0,9507200.0,9633600.0,2
2010-08-23,7687887.5,9846400.0,9849600.0,9297600.0,9358400.0,2
2010-08-24,8115131.0,10393600.0,10512000.0,10083200.0,10163200.0,3
2010-08-25,7896512.5,10113600.0,10656000.0,9961600.0,10603200.0,3
2010-08-26,8170096.0,10464000.0,10480000.0,9920000.0,9984000.0,3
2010-08-27,7836546.0,10036800.0,10878400.0,10012800.0,10235200.0,4
2010-08-30,8083898.5,10353600.0,10392000.0,9953600.0,10222400.0,2
2010-08-31,8166350.5,10459200.0,10686400.0,10232000.0,10560000.0,3
2010-09-01,7471766.5,9569600.0,10051200.0,9454400.0,10041600.0,3
2010-09-02,7230661.0,9260800.0,9576000.0,9220800.0,9520000.0,2
2010-09-03,6858384.5,8784000.0,9046400.0,8752000.0,8947200.0,3
2010-09-07,6983308.5,8944000.0,8990400.0,8761600.0,8876800.0,1
2010-09-08,6737207.0,8628800.0,8870400.0,8512000.0,8870400.0,2
2010-09-09,6657255.5,8526400.0,8579200.0,8376000.0,8400000.0,2
2010-09-10,6596041.0,8448000.0,8620800.0,8400000.0,8497600.0,2
2010-09-13,6294973.0,8062400.0,8238400.0,8011200.0,8238400.0,2
2010-09-14,6227512.0,7976000.0,8150400.0,7843200.0,8102400.0,2
2010-09-15,6108835.0,7824000.0,8092800.0,7790400.0,8035200.0,2
2010-09-16,6027633.0,7720000.0,7916800.0,7704000.0,7857600.0,2
2010-09-17,5957675.5,7630400.0,7752000.0,7572800.0,7580800.0,2
2010-09-20,5654108.0,7241600.0,7579200.0,7195200.0,7560000.0,4
2010-09-21,5681590.0,7276800.0,7340800.0,7096000.0,7232000.0,3
2010-09-22,5690334.5,7288000.0,7416000.0,7158400.0,7344000.0,3
2010-09-23,5704078.0,7305600.0,7468800.0,7092800.0,7452800.0,4
2010-09-24,5378022.5,6888000.0,7096000.0,6857600.0,7072000.0,4
2010-09-27,5444232.0,6972800.0,6988800.0,6824000.0,6852800.0,3
2010-09-28,5422996.0,6945600.0,7310400.0,6910400.0,6924800.0,4
2010-09-29,5465470.5,7000000.0,7092800.0,6916800.0,7016000.0,3
2010-09-30,5546672.0,7104000.0,7243200.0,6779200.0,6904000.0,7
2010-10-01,5557915.5,7118400.0,7236800.0,6912000.0,6936000.0,3
2010-10-04,5760294.0,7377600.0,7481600.0,7120000.0,7193600.0,4
2010-10-05,5330552.0,6827200.0,7123200.0,6785600.0,7123200.0,6
2010-10-06,5446731.0,6976000.0,7124800.0,6808000.0,6852800.0,5
2010-10-07,5413002.0,6932800.0,7086400.0,6860800.0,6860800.0,3
2010-10-08,5280581.5,6763200.0,7059200.0,6729600.0,6907200.0,5
2010-10-11,5289326.5,6774400.0,6835200.0,6672000.0,6766400.0,3
2010-10-12,5161902.5,6611200.0,6972800.0,6590400.0,6812800.0,6
2010-10-13,5048221.0,6465600.0,6561600.0,6377600.0,6497600.0,5
2010-10-14,5079451.0,6505600.0,6600000.0,6427200.0,6459200.0,5
2010-10-15,4753398.0,6088000.0,6424000.0,6088000.0,6267200.0,6
2010-10-18,4759644.0,6096000.0,6145600.0,6020800.0,6080000.0,4
2010-10-19,4937036.5,6323200.0,6462400.0,6188800.0,6328000.0,8
2010-10-20,4837097.5,6195200.0,6308800.0,6051200.0,6272000.0,6
2010-10-21,4802118.5,6150400.0,6323200.0,5993600.0,6073600.0,6
2010-10-22,4700929.0,6020800.0,6171200.0,6008000.0,6140800.0,4
2010-10-25,4637216.5,5939200.0,5948800.0,5819200.0,5948800.0,3
2010-10-26,4598490.5,5889600.0,6092800.0,5848000.0,6032000.0,4
2010-10-27,4552268.5,5830400.0,6012800.0,5819200.0,5971200.0,4
2010-10-28,4524784.5,5795200.0,5945600.0,5752000.0,5763200.0,4
2010-10-29,4553517.5,5832000.0,5840000.0,5737600.0,5808000.0,3
2010-11-01,4541025.0,5816000.0,5902400.0,5648000.0,5774400.0,5
2010-11-02,4402358.5,5638400.0,5700800.0,5588800.0,5681600.0,5
2010-11-03,4337398.0,5555200.0,5764800.0,5553600.0,5612800.0,5
2010-11-04,4178742.0,5352000.0,5403200.0,5289600.0,5372800.0,5
2010-11-05,4176244.25,5348800.0,5396800.0,5310400.0,5340800.0,3
2010-11-08,4161253.0,5329600.0,5412800.0,5307200.0,5376000.0,2
2010-11-09,4233708.5,5422400.0,5484800.0,5241600.0,5268800.0,3
2010-11-10,4163750.5,5332800.0,5518400.0,5318400.0,5392000.0,3
2010-11-11,4236208.0,5425600.0,5643200.0,5404800.0,5580800.0,5
2010-11-12,4448582.0,5697600.0,5819200.0,5452800.0,5521600.0,5
2010-11-15,4492303.5,5753600.0,5768000.0,5580800.0,5614400.0,3
2010-11-16,4720917.0,6046400.0,6113600.0,5788800.0,5884800.0,6
2010-11-17,4677193.5,5990400.0,6080000.0,5897600.0,6033600.0,4
2010-11-18,4454826.5,5705600.0,5801600.0,5584000.0,5792000.0,5
2010-11-19,4441085.0,5688000.0,5795200.0,5649600.0,5732800.0,3
2010-11-22,4334899.0,5552000.0,5780800.0,5552000.0,5755200.0,4
2010-11-23,4531032.5,5803200.0,5905600.0,5691200.0,5715200.0,5
2010-11-24,4257445.0,5452800.0,5638400.0,5417600.0,5638400.0,4
2010-11-26,4347392.0,5568000.0,5588800.0,5454400.0,5563200.0,2
2010-11-29,4348640.0,5569600.0,5774400.0,5529600.0,5584000.0,4
2010-11-30,4516040.5,5784000.0,5846400.0,5680000.0,5752000.0,4
2010-12-01,4241205.0,5432000.0,5524800.0,5324800.0,5524800.0,4
2010-12-02,4098790.5,5249600.0,5401600.0,5224000.0,5385600.0,4
2010-12-03,4063812.0,5204800.0,5313600.0,5187200.0,5312000.0,4
2010-12-06,4068808.0,5211200.0,5257600.0,5184000.0,5204800.0,2
2010-12-07,4066310.0,5208000.0,5219200.0,5024000.0,5027200.0,3
2010-12-08,4008843.75,5134400.0,5259200.0,5123200.0,5166400.0,3
2010-12-09,4000098.75,5123200.0,5172800.0,5040000.0,5052800.0,2
2010-12-10,3921396.0,5022400.0,5137600.0,5008000.0,5083200.0,2
2010-12-13,3962622.25,5075200.0,5081600.0,4955200.0,4960000.0,2
2010-12-14,3947630.5,5056000.0,5096000.0,4987200.0,5043200.0,2
2010-12-15,3990105.25,5110400.0,5152000.0,4966400.0,5060800.0,4
2010-12-16,3902658.5,4998400.0,5139200.0,4974400.0,5104000.0,3
2010-12-17,3891414.75,4984000.0,5011200.0,4939200.0,4982400.0,1
2010-12-20,3881420.0,4971200.0,5078400.0,4915200.0,4963200.0,2
2010-12-21,3812712.0,4883200.0,4948800.0,4883200.0,4918400.0,2
2010-12-22,3811462.75,4881600.0,4910400.0,4864000.0,4888000.0,1
2010-12-23,3841444.75,4920000.0,4955200.0,4892800.0,4915200.0,1
2010-12-27,3833948.75,4910400.0,5062400.0,4891200.0,4961600.0,2
2010-12-28,3853937.75,4936000.0,4960000.0,4870400.0,4888000.0,1
2010-12-29,3831451.5,4907200.0,4916800.0,4876800.0,4897600.0,1
2010-12-30,3857685.25,4940800.0,4966400.0,4900800.0,4900800.0,1
2010-12-31,3895162.25,4988800.0,5052800.0,4947200.0,4960000.0,1
2011-01-03,3717769.25,4761600.0,4849600.0,4660800.0,4843200.0,3
2011-01-04,3722766.25,4768000.0,4852800.0,4699200.0,4707200.0,3
2011-01-05,3631571.25,4651200.0,4819200.0,4651200.0,4814400.0,3
2011-01-06,3595342.25,4604800.0,4664000.0,4601600.0,4638400.0,3
2011-01-07,3599090.25,4609600.0,4747200.0,4579200.0,4587200.0,4
2011-01-10,3560362.75,4560000.0,4676800.0,4539200.0,4648000.0,3
2011-01-11,3551618.75,4548800.0,4590400.0,4496000.0,4505600.0,2
2011-01-12,3475414.5,4451200.0,4534400.0,4444800.0,4475200.0,2
2011-01-13,3464170.5,4436800.0,4476800.0,4406400.0,4443200.0,3
2011-01-14,3387966.75,4339200.0,4464000.0,4336000.0,4441600.0,3
2011-01-18,3357985.25,4300800.0,4456000.0,4288000.0,4443200.0,3
2011-01-19,3469167.75,4443200.0,4489600.0,4286400.0,4286400.0,4
2011-01-20,3546621.25,4542400.0,4643200.0,4486400.0,4508800.0,6
2011-01-21,3629072.0,4648000.0,4657600.0,4452800.0,4473600.0,4
2011-01-24,3480412.0,4457600.0,4651200.0,4457600.0,4627200.0,5
2011-01-25,3465420.0,4438400.0,4548800.0,4435200.0,4524800.0,4
2011-01-26,3407955.25,4364800.0,4452800.0,4331200.0,4416000.0,4
2011-01-27,3345492.25,4284800.0,4345600.0,4251200.0,4321600.0,4
2011-01-28,3596592.0,4606400.0,4664000.0,4278400.0,4291200.0,9
2011-01-31,3547871.0,4544000.0,4705600.0,4507200.0,4595200.0,11
2011-02-01,3345492.25,4284800.0,4456000.0,4257600.0,4444800.0,7
2011-02-02,3359234.5,4302400.0,4329600.0,4254400.0,4315200.0,6
2011-02-03,3346742.25,4286400.0,4435200.0,4262400.0,4331200.0,7
2011-02-04,3286777.75,4209600.0,4318400.0,4200000.0,4288000.0,7
2011-02-07,3240555.5,4150400.0,4198400.0,4081600.0,4180800.0,5
2011-02-08,3165600.5,4054400.0,4168000.0,4054400.0,4147200.0,5
2011-02-09,3188086.5,4083200.0,4128000.0,4051200.0,4094400.0,5
2011-02-10,3173096.25,4064000.0,4184000.0,4054400.0,4168000.0,6
2011-02-11,3110633.5,3984000.0,4120000.0,3974400.0,4105600.0,5
2011-02-14,3085648.5,3952000.0,3992000.0,3939200.0,3985600.0,2
2011-02-15,3099390.25,3969600.0,4022400.0,3958400.0,3980800.0,4
2011-02-16,3038177.25,3891200.0,3939200.0,3860800.0,3939200.0,4
2011-02-17,3038177.25,3891200.0,3953600.0,3872000.0,3952000.0,3
2011-02-18,3055665.75,3913600.0,3964800.0,3875200.0,3892800.0,5
2011-02-22,3326753.5,4260800.0,4272000.0,4038400.0,4067200.0,11
2011-02-23,3405457.0,4361600.0,4456000.0,4214400.0,4264000.0,10
2011-02-24,3350489.25,4291200.0,4456000.0,4249600.0,4337600.0,8
2011-02-25,3209324.0,4110400.0,4224000.0,4096000.0,4216000.0,6
2011-02-28,3194332.5,4091200.0,4156800.0,4025600.0,4067200.0,12
2011-03-01,3344242.75,4283200.0,4315200.0,4032000.0,4032000.0,13
2011-03-02,3291774.5,4216000.0,4299200.0,4132800.0,4294400.0,13
2011-03-03,3099390.25,3969600.0,4096000.0,3947200.0,4096000.0,5
2011-03-04,3144362.75,4027200.0,4107200.0,3958400.0,3977600.0,6
2011-03-07,3270537.0,4188800.0,4297600.0,3969600.0,3977600.0,7
2011-03-08,3233059.5,4140800.0,4283200.0,4084800.0,4209600.0,6
2011-03-09,3299270.0,4225600.0,4291200.0,4171200.0,4190400.0,9
2011-03-10,3450429.25,4419200.0,4473600.0,4340800.0,4372800.0,9
2011-03-11,3391714.75,4344000.0,4502400.0,4299200.0,4502400.0,6
2011-03-14,3424194.75,4385600.0,4480000.0,4315200.0,4412800.0,6
2011-03-15,3564111.5,4564800.0,4811200.0,4492800.0,4777600.0,10
2011-03-16,3818958.0,4891200.0,4992000.0,4608000.0,4681600.0,14
2011-03-17,3720267.25,4764800.0,4769600.0,4603200.0,4662400.0,8
2011-03-18,3741504.75,4792000.0,4803200.0,4596800.0,4596800.0,5
2011-03-21,3534129.25,4526400.0,4598400.0,4448000.0,4572800.0,8
2011-03-22,3547871.0,4544000.0,4572800.0,4494400.0,4504000.0,5
2011-03-23,3487907.25,4467200.0,4681600.0,4428800.0,4592000.0,8
2011-03-24,3300519.25,4227200.0,4438400.0,4200000.0,4372800.0,7
2011-03-25,3280531.75,4201600.0,4212800.0,4112000.0,4185600.0,5
2011-03-28,3330501.25,4265600.0,4272000.0,4139200.0,4144000.0,3
2011-03-29,3238057.25,4147200.0,4332800.0,4144000.0,4296000.0,7
2011-03-30,3185587.75,4080000.0,4139200.0,4062400.0,4078400.0,4
2011-03-31,3173096.25,4064000.0,4121600.0,4051200.0,4100800.0,4
2011-04-01,3169348.25,4059200.0,4092800.0,3963200.0,3996800.0,5
2011-04-04,3198081.0,4096000.0,4148800.0,4011200.0,4020800.0,4
2011-04-05,3221817.0,4126400.0,4153600.0,4049600.0,4121600.0,4
2011-04-06,3205576.5,4105600.0,4169600.0,3998400.0,4036800.0,6
2011-04-07,3205576.5,4105600.0,4195200.0,4025600.0,4104000.0,7
2011-04-08,3254297.75,4168000.0,4227200.0,4038400.0,4054400.0,4
2011-04-11,3283030.0,4204800.0,4249600.0,4088000.0,4120000.0,5
2011-04-12,3346742.25,4286400.0,4339200.0,4232000.0,4267200.0,7
2011-04-13,3266789.25,4184000.0,4283200.0,4148800.0,4206400.0,7
2011-04-14,3283030.0,4204800.0,4320000.0,4188800.0,4272000.0,8
2011-04-15,3304267.25,4232000.0,4310400.0,4179200.0,4249600.0,6
2011-04-18,3367978.75,4313600.0,4524800.0,4312000.0,4345600.0,6
2011-04-19,3306766.0,4235200.0,4348800.0,4235200.0,4283200.0,4
2011-04-20,3081900.5,3947200.0,4025600.0,3936000.0,4009600.0,10
2011-04-21,3009444.25,3854400.0,3889600.0,3825600.0,3830400.0,6
2011-04-25,2985708.75,3824000.0,3865600.0,3817600.0,3844800.0,3
2011-04-26,2935738.25,3760000.0,3817600.0,3720000.0,3790400.0,4
2011-04-27,2875774.5,3683200.0,3788800.0,3668800.0,3736000.0,5
2011-04-28,2893264.0,3705600.0,3744000.0,3680000.0,3715200.0,4
2011-04-29,2890765.25,3702400.0,3724800.0,3668800.0,3712000.0,2
2011-05-02,2909504.5,3726400.0,3753600.0,3656000.0,3676800.0,4
2011-05-03,2948231.0,3776000.0,3848000.0,3721600.0,3731200.0,6
2011-05-04,2965720.5,3798400.0,3891200.0,3744000.0,3774400.0,6
2011-05-05,3009444.25,3854400.0,3894400.0,3723200.0,3852800.0,7
2011-05-06,2981960.5,3819200.0,3851200.0,3673600.0,3739200.0,7
2011-05-09,2949480.25,3777600.0,3843200.0,3731200.0,3804800.0,4
2011-05-10,2874525.25,3681600.0,3761600.0,3667200.0,3742400.0,4
2011-05-11,2935738.25,3760000.0,3836800.0,3660800.0,3694400.0,5
2011-05-12,2884518.75,3694400.0,3859200.0,3680000.0,3800000.0,5
2011-05-13,2981960.5,3819200.0,3827200.0,3700800.0,3718400.0,6
2011-05-16,3138117.0,4019200.0,4046400.0,3840000.0,3872000.0,7
2011-05-17,3111882.25,3985600.0,4104000.0,3982400.0,4084800.0,8
2011-05-18,3033179.75,3884800.0,4012800.0,3862400.0,3996800.0,3
2011-05-19,3005696.25,3849600.0,3920000.0,3827200.0,3841600.0,4
2011-05-20,3071907.0,3934400.0,3953600.0,3852800.0,3862400.0,5
2011-05-23,3209324.0,4110400.0,4168000.0,4065600.0,4102400.0,9
2011-05-24,3269288.5,4187200.0,4190400.0,4080000.0,4080000.0,5
2011-05-25,3233059.5,4140800.0,4212800.0,4083200.0,4212800.0,3
2011-05-26,3171846.5,4062400.0,4174400.0,4028800.0,4174400.0,3
2011-05-27,3124375.25,4001600.0,4052800.0,3990400.0,4044800.0,3
2011-05-31,2978212.5,3814400.0,3952000.0,3812800.0,3883200.0,6
2011-06-01,3168098.75,4057600.0,4064000.0,3808000.0,3827200.0,7
2011-06-02,3144362.75,4027200.0,4097600.0,3985600.0,4032000.0,5
2011-06-03,3284279.25,4206400.0,4227200.0,4076800.0,4163200.0,6
2011-06-06,3365480.0,4310400.0,4316800.0,4169600.0,4233600.0,5
2011-06-07,3384219.75,4334400.0,4342400.0,4227200.0,4276800.0,4
2011-06-08,3457925.75,4428800.0,4467200.0,4340800.0,4363200.0,6
2011-06-09,3440435.25,4406400.0,4467200.0,4339200.0,4425600.0,3
2011-06-10,3599090.25,4609600.0,4619200.0,4441600.0,4464000.0,5
2011-06-13,3600338.75,4611200.0,4656000.0,4536000.0,4592000.0,5
2011-06-14,3464170.5,4436800.0,4504000.0,4395200.0,4497600.0,4
2011-06-15,3652808.0,4678400.0,4702400.0,4473600.0,4553600.0,8
2011-06-16,3701528.75,4740800.0,4854400.0,4628800.0,4675200.0,6
2011-06-17,3731511.25,4779200.0,4816000.0,4587200.0,4612800.0,6
2011-06-20,3674045.75,4705600.0,4820800.0,4660800.0,4820800.0,5
2011-06-21,3435438.0,4400000.0,4710400.0,4385600.0,4646400.0,10
2011-06-22,3506646.0,4491200.0,4497600.0,4377600.0,4448000.0,4
2011-06-23,3411702.75,4369600.0,4684800.0,4363200.0,4635200.0,13
2011-06-24,3591595.25,4600000.0,4620800.0,4416000.0,4436800.0,6
2011-06-27,3419198.25,4379200.0,4608000.0,4307200.0,4587200.0,7
2011-06-28,3265540.75,4182400.0,4364800.0,4176000.0,4342400.0,5
2011-06-29,3223066.0,4128000.0,4217600.0,4107200.0,4144000.0,6
2011-06-30,3100639.75,3971200.0,4091200.0,3956800.0,4083200.0,5
2011-07-01,2954477.0,3784000.0,3992000.0,3771200.0,3952000.0,9
2011-07-05,2913251.75,3731200.0,3798400.0,3716800.0,3772800.0,6
2011-07-06,2882020.25,3691200.0,3779200.0,3673600.0,3740800.0,7
2011-07-07,2762092.25,3537600.0,3624000.0,3508800.0,3604800.0,7
2011-07-08,2787077.25,3569600.0,3686400.0,3566400.0,3630400.0,10
2011-07-11,2933240.0,3756800.0,3796800.0,3625600.0,3680000.0,8
2011-07-12,3003197.75,3846400.0,3857600.0,3737600.0,3758400.0,7
2011-07-13,2965720.5,3798400.0,3840000.0,3680000.0,3760000.0,8
2011-07-14,3066909.5,3928000.0,3971200.0,3716800.0,3764800.0,11
2011-07-15,2943233.25,3769600.0,3884800.0,3768000.0,3793600.0,8
2011-07-18,2995702.5,3836800.0,3942400.0,3782400.0,3832000.0,7
2011-07-19,2785828.5,3568000.0,3720000.0,3560000.0,3718400.0,8
2011-07-20,2823305.5,3616000.0,3633600.0,3508800.0,3508800.0,5
2011-07-21,2760843.0,3536000.0,3659200.0,3480000.0,3601600.0,7
2011-07-22,2678392.75,3430400.0,3553600.0,3417600.0,3547200.0,6
2011-07-25,2693383.75,3449600.0,3534400.0,3398400.0,3518400.0,6
2011-07-26,2673395.75,3424000.0,3478400.0,3392000.0,3460800.0,5
2011-07-27,2878272.0,3686400.0,3715200.0,3488000.0,3494400.0,12
2011-07-28,2867029.75,3672000.0,3728000.0,3531200.0,3689600.0,11
2011-07-29,2893264.0,3705600.0,3812800.0,3592000.0,3760000.0,14
2011-08-01,2931990.75,3755200.0,3891200.0,3548800.0,3571200.0,13
2011-08-02,3153108.0,4038400.0,4049600.0,3760000.0,3809600.0,11
2011-08-03,3068159.0,3929600.0,4238400.0,3908800.0,4025600.0,14
2011-08-04,3485408.25,4464000.0,4465600.0,4075200.0,4100800.0,17
2011-08-05,3554116.75,4552000.0,4932800.0,4262400.0,4315200.0,34
2011-08-08,4197481.5,5376000.0,5376000.0,4739200.0,4966400.0,34
2011-08-09,3596592.0,4606400.0,5588800.0,4592000.0,5145600.0,36
2011-08-10,4000098.75,5123200.0,5169600.0,4704000.0,4908800.0,16
2011-08-11,3492904.0,4473600.0,5008000.0,4300800.0,4948800.0,16
2011-08-12,3400460.0,4355200.0,4526400.0,4273600.0,4377600.0,11
2011-08-15,3251799.0,4164800.0,4364800.0,4164800.0,4302400.0,8
2011-08-16,3336747.25,4273600.0,4432000.0,4169600.0,4272000.0,14
2011-08-17,3394213.25,4347200.0,4473600.0,4144000.0,4254400.0,12
2011-08-18,3882669.25,4972800.0,5096000.0,4696000.0,4696000.0,31
2011-08-19,4096291.5,5246400.0,5265600.0,4771200.0,5136000.0,27
2011-08-22,4065060.5,5206400.0,5246400.0,4870400.0,4876800.0,19
2011-08-23,3560362.75,4560000.0,5152000.0,4556800.0,5081600.0,17
2011-08-24,3471666.75,4446400.0,4700800.0,4417600.0,4587200.0,10
2011-08-25,3637817.0,4659200.0,4710400.0,4392000.0,4462400.0,14
2011-08-26,3369228.0,4315200.0,4846400.0,4264000.0,4708800.0,19
2011-08-29,3084398.5,3950400.0,4187200.0,3939200.0,4187200.0,13
2011-08-30,3028182.5,3878400.0,4057600.0,3801600.0,4000000.0,15
2011-08-31,3011942.5,3857600.0,3948800.0,3708800.0,3801600.0,17
2011-09-01,3091894.75,3960000.0,3977600.0,3729600.0,3819200.0,14
2011-09-02,3303018.25,4230400.0,4296000.0,4113600.0,4164800.0,18
2011-09-06,3303018.25,4230400.0,4558400.0,4211200.0,4531200.0,19
2011-09-07,3050669.75,3907200.0,4083200.0,3905600.0,4048000.0,10
2011-09-08,3093144.25,3961600.0,4000000.0,3796800.0,3969600.0,12
2011-09-09,3295522.25,4220800.0,4292800.0,3996800.0,4046400.0,13
2011-09-12,3168098.75,4057600.0,4369600.0,4054400.0,4364800.0,19
2011-09-13,3045672.5,3900800.0,4072000.0,3873600.0,4014400.0,10
2011-09-14,2918249.0,3737600.0,3952000.0,3600000.0,3841600.0,14
2011-09-15,2783330.25,3564800.0,3726400.0,3547200.0,3604800.0,12
2011-09-16,2709624.25,3470400.0,3563200.0,3456000.0,3540800.0,12
2011-09-19,2702128.5,3460800.0,3680000.0,3408000.0,3595200.0,19
2011-09-20,2737107.25,3505600.0,3531200.0,3328000.0,3412800.0,15
2011-09-21,2880771.0,3689600.0,3691200.0,3400000.0,3459200.0,18
2011-09-22,3159354.0,4046400.0,4211200.0,3873600.0,3980800.0,34
2011-09-23,3058164.75,3916800.0,4161600.0,3865600.0,4147200.0,17
2011-09-26,2954477.0,3784000.0,4123200.0,3763200.0,3851200.0,16
2011-09-27,2867029.75,3672000.0,3740800.0,3491200.0,3593600.0,24
2011-09-28,2994452.75,3835200.0,3852800.0,3544000.0,3616000.0,19
2011-09-29,3090645.25,3958400.0,4156800.0,3638400.0,3649600.0,30
2011-09-30,3328002.5,4262400.0,4275200.0,4020800.0,4121600.0,27
2011-10-03,3594093.25,4603200.0,4603200.0,4182400.0,4382400.0,29
2011-10-04,3366729.5,4312000.0,4876800.0,4284800.0,4744000.0,32
2011-10-05,3113131.5,3987200.0,4444800.0,3947200.0,4344000.0,27
2011-10-06,2955726.0,3785600.0,4051200.0,3784000.0,3996800.0,19
2011-10-07,3013192.0,3859200.0,3932800.0,3736000.0,3784000.0,22
2011-10-10,2705876.0,3465600.0,3680000.0,3464000.0,3665600.0,17
2011-10-11,2652158.5,3396800.0,3504000.0,3364800.0,3489600.0,12
2011-10-12,2602188.75,3332800.0,3347200.0,3227200.0,3291200.0,22
2011-10-13,2533479.75,3244800.0,3366400.0,3232000.0,3360000.0,18
2011-10-14,2391065.0,3062400.0,3177600.0,3062400.0,3124800.0,21
2011-10-17,2502248.5,3204800.0,3252800.0,3078400.0,3108800.0,26
2011-10-18,2406056.25,3081600.0,3308800.0,3033600.0,3222400.0,29
2011-10-19,2549719.75,3265600.0,3289600.0,3105600.0,3132800.0,19
2011-10-20,2578452.25,3302400.0,3448000.0,3256000.0,3270400.0,23
2011-10-21,2488506.5,3187200.0,3276800.0,3120000.0,3203200.0,18
2011-10-24,2334848.5,2990400.0,3158400.0,2961600.0,3153600.0,22
2011-10-25,2467270.0,3160000.0,3179200.0,3012800.0,3019200.0,28
2011-10-26,2472266.75,3166400.0,3347200.0,3088000.0,3107200.0,29
2011-10-27,2272386.5,2910400.0,3044800.0,2854400.0,2948800.0,30
2011-10-28,2261143.25,2896000.0,2964800.0,2884800.0,2963200.0,15
2011-10-31,2374825.0,3041600.0,3044800.0,2940800.0,2976000.0,14
2011-11-01,2559713.75,3278400.0,3326400.0,3195200.0,3264000.0,34
2011-11-02,2494752.5,3195200.0,3286400.0,3153600.0,3174400.0,19
2011-11-03,2338596.75,2995200.0,3227200.0,2984000.0,3120000.0,19
2011-11-04,2376074.25,3043200.0,3131200.0,3003200.0,3044800.0,18
2011-11-07,2323605.5,2976000.0,3139200.0,2969600.0,3051200.0,22
2011-11-08,2242404.5,2872000.0,3012800.0,2859200.0,2916800.0,20
2011-11-09,2473515.75,3168000.0,3200000.0,3028800.0,3041600.0,23
2011-11-10,2484759.5,3182400.0,3273600.0,3072000.0,3076800.0,21
2011-11-11,2343594.0,3001600.0,3107200.0,2969600.0,3097600.0,15
2011-11-14,2386067.75,3056000.0,3088000.0,2976000.0,3028800.0,12
2011-11-15,2308614.75,2956800.0,3091200.0,2916800.0,3080000.0,14
2011-11-16,2418548.75,3097600.0,3115200.0,2952000.0,3017600.0,16
2011-11-17,2585948.0,3312000.0,3372800.0,3118400.0,3120000.0,26
2011-11-18,2649659.75,3393600.0,3409600.0,3304000.0,3308800.0,24
2011-11-21,2798320.5,3584000.0,3686400.0,3513600.0,3523200.0,23
2011-11-22,2773336.0,3552000.0,3675200.0,3520000.0,3617600.0,21
2011-11-23,2960722.75,3792000.0,3796800.0,3617600.0,3632000.0,21
2011-11-25,3029431.75,3880000.0,3880000.0,3708800.0,3836800.0,11
2011-11-28,2710873.25,3472000.0,3596800.0,3460800.0,3595200.0,12
2011-11-29,2764591.0,3540800.0,3568000.0,3403200.0,3492800.0,13
2011-11-30,2466020.0,3158400.0,3284800.0,3137600.0,3251200.0,14
2011-12-01,2406056.25,3081600.0,3150400.0,3056000.0,3145600.0,8
2011-12-02,2424795.25,3105600.0,3112000.0,2992000.0,2996800.0,8
2011-12-05,2347341.0,3006400.0,3057600.0,2944000.0,2966400.0,12
2011-12-06,2364830.75,3028800.0,3059200.0,2971200.0,2992000.0,9
2011-12-07,2366080.25,3030400.0,3144000.0,2987200.0,3057600.0,14
2011-12-08,2482260.5,3179200.0,3196800.0,3016000.0,3081600.0,12
2011-12-09,2364830.75,3028800.0,3161600.0,3000000.0,3153600.0,10
2011-12-12,2438536.5,3123200.0,3203200.0,3120000.0,3123200.0,12
2011-12-13,2523485.75,3232000.0,3270400.0,3032000.0,3065600.0,14
2011-12-14,2639666.0,3380800.0,3436800.0,3262400.0,3272000.0,17
2011-12-15,2663402.0,3411200.0,3425600.0,3286400.0,3291200.0,10
2011-12-16,2627172.75,3364800.0,3376000.0,3219200.0,3355200.0,12
2011-12-19,2695881.75,3452800.0,3483200.0,3297600.0,3326400.0,13
2011-12-20,2461023.0,3152000.0,3292800.0,3139200.0,3292800.0,18
2011-12-21,2559713.75,3278400.0,3390400.0,3198400.0,3198400.0,15
2011-12-22,2499750.25,3201600.0,3275200.0,3196800.0,3259200.0,8
2011-12-23,2433539.25,3116800.0,3201600.0,3115200.0,3180800.0,6
2011-12-27,2414800.5,3092800.0,3139200.0,3060800.0,3132800.0,8
2011-12-28,2492254.5,3192000.0,3219200.0,3086400.0,3096000.0,8
2011-12-29,2441034.75,3126400.0,3208000.0,3120000.0,3180800.0,6
2011-12-30,2459774.0,3150400.0,3150400.0,3104000.0,3145600.0,5
2012-01-03,2322356.75,2974400.0,2995200.0,2921600.0,2971200.0,11
2012-01-04,2291125.25,2934400.0,3020800.0,2921600.0,2990400.0,10
2012-01-05,2232410.25,2859200.0,2982400.0,2856000.0,2952000.0,11
2012-01-06,2209924.0,2830400.0,2889600.0,2814400.0,2854400.0,11
2012-01-09,2229911.5,2856000.0,2886400.0,2806400.0,2809600.0,7
2012-01-10,2183689.5,2796800.0,2819200.0,2742400.0,2764800.0,16
2012-01-11,2169947.75,2779200.0,2828800.0,2760000.0,2800000.0,12
2012-01-12,2139965.75,2740800.0,2820800.0,2736000.0,2761600.0,13
2012-01-13,2163701.75,2771200.0,2843200.0,2771200.0,2785600.0,15
2012-01-17,2111232.75,2704000.0,2729600.0,2662400.0,2700800.0,13
2012-01-18,2025034.375,2593600.0,2696000.0,2590400.0,2686400.0,15
2012-01-19,1983809.0,2540800.0,2568000.0,2528000.0,2555200.0,19
2012-01-20,1991305.5,2550400.0,2579200.0,2548800.0,2576000.0,7
2012-01-23,1991305.5,2550400.0,2593600.0,2496000.0,2550400.0,10
2012-01-24,2001298.75,2563200.0,2598400.0,2542400.0,2585600.0,9
2012-01-25,1926344.25,2467200.0,2542400.0,2448000.0,2488000.0,16
2012-01-26,1946331.75,2492800.0,2524800.0,2420800.0,2433600.0,18
2012-01-27,1928842.625,2470400.0,2510400.0,2457600.0,2510400.0,15
2012-01-30,1923845.0,2464000.0,2560000.0,2452800.0,2526400.0,13
2012-01-31,1915101.0,2452800.0,2499200.0,2412800.0,2427200.0,9
2012-02-01,1870127.875,2395200.0,2436800.0,2366400.0,2411200.0,15
2012-02-02,1851389.0,2371200.0,2398400.0,2347200.0,2368000.0,11
2012-02-03,1776434.0,2275200.0,2316800.0,2265600.0,2302400.0,14
2012-02-06,1777683.375,2276800.0,2316800.0,2275200.0,2296000.0,7
2012-02-07,1765190.5,2260800.0,2312000.0,2251200.0,2281600.0,8
2012-02-08,1741455.125,2230400.0,2286400.0,2228800.0,2260800.0,10
2012-02-09,1701479.0,2179200.0,2243200.0,2171200.0,2204800.0,13
2012-02-10,1736457.5,2224000.0,2246400.0,2206400.0,2227200.0,13
2012-02-13,1687737.375,2161600.0,2204800.0,2153600.0,2174400.0,9
2012-02-14,1675244.625,2145600.0,2200000.0,2144000.0,2182400.0,12
2012-02-15,1712722.375,2193600.0,2200000.0,2080000.0,2113600.0,28
2012-02-16,1639016.625,2099200.0,2204800.0,2092800.0,2190400.0,21
2012-02-17,1655256.5,2120000.0,2145600.0,2094400.0,2096000.0,9
2012-02-21,1640265.875,2100800.0,2140800.0,2073600.0,2113600.0,14
2012-02-22,1661503.125,2128000.0,2139200.0,2096000.0,2115200.0,9
2012-02-23,1630271.75,2088000.0,2152000.0,2078400.0,2124800.0,12
2012-02-24,1612782.125,2065600.0,2083200.0,2054400.0,2068800.0,10
2012-02-27,1607785.0,2059200.0,2126400.0,2036800.0,2104000.0,13
2012-02-28,1559064.5,1996800.0,2059200.0,1995200.0,2051200.0,14
2012-02-29,1579052.25,2022400.0,2040000.0,1969600.0,1988800.0,19
2012-03-01,1539076.375,1971200.0,2016000.0,1968000.0,1995200.0,11
2012-03-02,1544073.125,1977600.0,1996800.0,1958400.0,1977600.0,11
2012-03-05,1590295.75,2036800.0,2056000.0,1974400.0,1985600.0,15
2012-03-06,1637767.25,2097600.0,2129600.0,2084800.0,2099200.0,21
2012-03-07,1601538.875,2051200.0,2078400.0,2035200.0,2070400.0,12
2012-03-08,1547821.25,1982400.0,2025600.0,1966400.0,2012800.0,14
2012-03-09,1530331.75,1960000.0,1977600.0,1948800.0,1974400.0,10
2012-03-12,1527832.875,1956800.0,1984000.0,1948800.0,1960000.0,7
2012-03-13,1440385.5,1844800.0,1932800.0,1844800.0,1923200.0,20
2012-03-14,1424145.375,1824000.0,1859200.0,1806400.0,1840000.0,16
2012-03-15,1414151.25,1811200.0,1836800.0,1798400.0,1809600.0,16
2012-03-16,1416650.125,1814400.0,1825600.0,1801600.0,1803200.0,11
2012-03-19,1385418.75,1774400.0,1819200.0,1763200.0,1806400.0,13
2012-03-20,1377923.0,1764800.0,1816000.0,1760000.0,1800000.0,15
2012-03-21,1377923.0,1764800.0,1771200.0,1736000.0,1763200.0,20
2012-03-22,1386668.0,1776000.0,1798400.0,1763200.0,1798400.0,20
2012-03-23,1387917.25,1777600.0,1808000.0,1768000.0,1769600.0,11
2012-03-26,1314211.25,1683200.0,1745600.0,1683200.0,1744000.0,18
2012-03-27,1309214.25,1676800.0,1681600.0,1656000.0,1678400.0,11
2012-03-28,1324205.25,1696000.0,1724800.0,1656000.0,1675200.0,14
2012-03-29,1340445.5,1716800.0,1752000.0,1697600.0,1723200.0,13
2012-03-30,1347940.875,1726400.0,1745600.0,1691200.0,1692800.0,8
2012-04-02,1305466.75,1672000.0,1740800.0,1665600.0,1731200.0,10
2012-04-03,1306715.75,1673600.0,1700800.0,1649600.0,1667200.0,13
2012-04-04,1360433.625,1742400.0,1769600.0,1707200.0,1713600.0,16
2012-04-05,1334199.5,1708800.0,1755200.0,1705600.0,1752000.0,13
2012-04-09,1365430.5,1748800.0,1780800.0,1728000.0,1774400.0,18
2012-04-10,1429142.25,1830400.0,1848000.0,1731200.0,1750400.0,26
2012-04-11,1410403.25,1806400.0,1819200.0,1768000.0,1782400.0,16
2012-04-12,1360433.625,1742400.0,1800000.0,1736000.0,1793600.0,16
2012-04-13,1422896.25,1822400.0,1824000.0,1760000.0,1763200.0,17
2012-04-16,1466620.0,1878400.0,1899200.0,1790400.0,1792000.0,21
2012-04-17,1380421.5,1768000.0,1867200.0,1752000.0,1856000.0,19
2012-04-18,1390415.75,1780800.0,1796800.0,1748800.0,1785600.0,15
2012-04-19,1434139.625,1836800.0,1860800.0,1736000.0,1798400.0,26
2012-04-20,1451629.0,1859200.0,1864000.0,1787200.0,1812800.0,18
2012-04-23,1486608.0,1904000.0,1958400.0,1899200.0,1908800.0,20
2012-04-24,1512842.125,1937600.0,1961600.0,1894400.0,1915200.0,16
2012-04-25,1391665.125,1782400.0,1825600.0,1780800.0,1819200.0,20
2012-04-26,1366679.75,1750400.0,1790400.0,1739200.0,1782400.0,20
2012-04-27,1344193.375,1721600.0,1756800.0,1704000.0,1731200.0,16
2012-04-30,1370427.75,1755200.0,1760000.0,1724800.0,1737600.0,10
2012-05-01,1364181.375,1747200.0,1769600.0,1689600.0,1761600.0,17
2012-05-02,1354187.375,1734400.0,1785600.0,1729600.0,1777600.0,13
2012-05-03,1394163.5,1785600.0,1801600.0,1724800.0,1728000.0,17
2012-05-04,1499100.625,1920000.0,1920000.0,1830400.0,1836800.0,26
2012-05-07,1495352.5,1915200.0,1958400.0,1888000.0,1955200.0,20
2012-05-08,1512842.125,1937600.0,2030400.0,1918400.0,1953600.0,34
2012-05-09,1520337.625,1947200.0,2027200.0,1923200.0,2004800.0,35
2012-05-10,1536577.625,1968000.0,1988800.0,1926400.0,1928000.0,4
2012-05-11,1536890.375,1968400.0,1992000.0,1904800.0,1987600.0,46
2012-05-14,1579677.0,2023200.0,2031200.0,1976000.0,2014800.0,60
2012-05-15,1594668.25,2042400.0,2052400.0,1956000.0,2002400.0,65
2012-05-16,1628397.5,2085600.0,2095600.0,2002800.0,2019200.0,43
2012-05-17,1731460.75,2217600.0,2217600.0,2072000.0,2084800.0,68
2012-05-18,1793611.25,2297200.0,2307200.0,2178400.0,2195200.0,76
2012-05-21,1648073.375,2110800.0,2297600.0,2103200.0,2290400.0,59
2012-05-22,1654319.625,2118800.0,2162000.0,2066000.0,2094000.0,50
2012-05-23,1642764.125,2104000.0,2225200.0,2088800.0,2169600.0,74
2012-05-24,1673058.5,2142800.0,2192000.0,2089200.0,2094000.0,69
2012-05-25,1683052.375,2155600.0,2172400.0,2127600.0,2142000.0,40
2012-05-29,1617778.875,2072000.0,2131600.0,2041200.0,2092800.0,40
2012-05-30,1657130.625,2122400.0,2161200.0,2101600.0,2128400.0,42
2012-05-31,1679929.75,2151600.0,2198800.0,2115600.0,2132000.0,58
2012-06-01,1815785.625,2325600.0,2325600.0,2228000.0,2264800.0,61
2012-06-04,1772998.375,2270800.0,2364400.0,2258800.0,2302800.0,66
2012-06-05,1749887.25,2241200.0,2296400.0,2228400.0,2293200.0,39
2012-06-06,1628397.5,2085600.0,2196800.0,2082000.0,2189200.0,51
2012-06-07,1647761.125,2110400.0,2116000.0,2020400.0,2022400.0,47
2012-06-08,1599040.5,2048000.0,2141600.0,2042000.0,2123600.0,37
2012-06-11,1674307.5,2144400.0,2156400.0,2000000.0,2003600.0,45
2012-06-12,1620277.75,2075200.0,2165600.0,2072400.0,2124800.0,52
2012-06-13,1654319.625,2118800.0,2139200.0,2045200.0,2094000.0,44
2012-06-14,1633394.625,2092000.0,2151200.0,2069200.0,2118800.0,55
2012-06-15,1569995.625,2010800.0,2078000.0,2007200.0,2077600.0,37
2012-06-18,1530643.875,1960400.0,2049600.0,1944400.0,2038000.0,36
2012-06-19,1481610.75,1897600.0,1933200.0,1873200.0,1929600.0,33
2012-06-20,1476613.875,1891200.0,1934000.0,1868800.0,1887200.0,41
2012-06-21,1586860.375,2032400.0,2040000.0,1891200.0,1900000.0,44
2012-06-22,1537514.625,1969200.0,2028800.0,1961200.0,2014000.0,30
2012-06-25,1627148.875,2084000.0,2099200.0,2015600.0,2016800.0,66
2012-06-26,1595292.5,2043200.0,2090000.0,2025600.0,2062400.0,33
2012-06-27,1566872.25,2006800.0,2026400.0,1979600.0,2018400.0,23
2012-06-28,1615905.25,2069600.0,2135200.0,2047200.0,2052400.0,48
2012-06-29,1465370.625,1876800.0,1970400.0,1876800.0,1952800.0,46
2012-07-02,1450692.0,1858000.0,1902400.0,1857200.0,1869200.0,31
2012-07-03,1416337.625,1814000.0,1866000.0,1814000.0,1858400.0,15
2012-07-05,1413214.5,1810000.0,1846800.0,1782800.0,1818800.0,38
2012-07-06,1465370.625,1876800.0,1915200.0,1830000.0,1833600.0,47
2012-07-09,1473178.625,1886800.0,1914400.0,1864400.0,1884800.0,30
2012-07-10,1514091.25,1939200.0,1963200.0,1842000.0,1855200.0,47
2012-07-11,1540950.25,1973600.0,2021600.0,1933600.0,1949600.0,52
2012-07-12,1584986.5,2030000.0,2082800.0,2005600.0,2020400.0,61
2012-07-13,1513779.0,1938800.0,2016400.0,1924000.0,2012800.0,35
2012-07-16,1525647.0,1954000.0,1975600.0,1924400.0,1950800.0,29
2012-07-17,1501286.5,1922800.0,2006000.0,1903600.0,1917600.0,37
2012-07-18,1439136.0,1843200.0,1936000.0,1827200.0,1936000.0,49
2012-07-19,1392289.625,1783200.0,1815200.0,1765600.0,1806800.0,46
2012-07-20,1444758.0,1850400.0,1855200.0,1782800.0,1784400.0,44
2012-07-23,1499100.625,1920000.0,2002400.0,1901600.0,1960800.0,49
2012-07-24,1534079.5,1964800.0,2000800.0,1903200.0,1912800.0,46
2012-07-25,1565310.5,2004800.0,2040400.0,1967600.0,2010800.0,40
2012-07-26,1505659.125,1928400.0,1962800.0,1888800.0,1917600.0,38
2012-07-27,1393850.75,1785200.0,1900400.0,1778400.0,1883600.0,44
2012-07-30,1401034.125,1794400.0,1809600.0,1751200.0,1773600.0,52
2012-07-31,1402283.5,1796000.0,1798000.0,1762000.0,1784400.0,37
2012-08-01,1410091.375,1806000.0,1831200.0,1754800.0,1755600.0,40
2012-08-02,1426643.875,1827200.0,1868000.0,1774400.0,1853600.0,62
2012-08-03,1345442.25,1723200.0,1758400.0,1700000.0,1740000.0,64
2012-08-06,1315148.5,1684400.0,1707600.0,1661600.0,1698800.0,40
2012-08-07,1282043.25,1642000.0,1670400.0,1621200.0,1661600.0,44
2012-08-08,1284229.125,1644800.0,1662000.0,1633200.0,1654800.0,42
2012-08-09,1273610.625,1631200.0,1653200.0,1622400.0,1644400.0,29
2012-08-10,1268613.75,1624800.0,1658000.0,1624800.0,1646000.0,29
2012-08-13,1259868.75,1613600.0,1652000.0,1613600.0,1625600.0,23
2012-08-14,1258619.625,1612000.0,1625200.0,1586000.0,1596800.0,33
2012-08-15,1249250.125,1600000.0,1616400.0,1592400.0,1615200.0,25
2012-08-16,1204277.25,1542400.0,1587200.0,1530800.0,1582400.0,46
2012-08-17,1188037.125,1521600.0,1542400.0,1521200.0,1532800.0,34
2012-08-20,1182415.375,1514400.0,1542000.0,1514000.0,1524800.0,29
2012-08-21,1197718.75,1534000.0,1550800.0,1484000.0,1500800.0,44
2012-08-22,1183040.125,1515200.0,1554800.0,1504800.0,1543600.0,37
2012-08-23,1209274.375,1548800.0,1561600.0,1520000.0,1533600.0,31
2012-08-24,1189286.625,1523200.0,1568800.0,1510400.0,1561600.0,27
2012-08-27,1183040.125,1515200.0,1524000.0,1496400.0,1500400.0,25
2012-08-28,1182103.25,1514000.0,1533200.0,1502400.0,1518400.0,27
2012-08-29,1182103.25,1514000.0,1532400.0,1502000.0,1512000.0,21
2012-08-30,1218019.125,1560000.0,1566400.0,1531600.0,1533200.0,27
2012-08-31,1194595.625,1530000.0,1574400.0,1508000.0,1523600.0,54
2012-09-04,1195532.5,1531200.0,1577200.0,1515200.0,1535200.0,38
2012-09-05,1200529.625,1537600.0,1549600.0,1514800.0,1535600.0,33
2012-09-06,1121202.25,1436000.0,1510400.0,1434000.0,1510000.0,56
2012-09-07,1124949.875,1440800.0,1452800.0,1433200.0,1443200.0,29
2012-09-10,1166799.625,1494400.0,1498400.0,1442800.0,1452000.0,32
2012-09-11,1172421.25,1501600.0,1510000.0,1478000.0,1496000.0,33
2012-09-12,1161490.5,1487600.0,1516400.0,1478000.0,1487600.0,41
2012-09-13,1115580.5,1428800.0,1490400.0,1410000.0,1485200.0,64
2012-09-14,1085286.25,1390000.0,1414000.0,1374800.0,1411200.0,53
2012-09-17,1084349.5,1388800.0,1403200.0,1387200.0,1388000.0,44
2012-09-18,1081850.875,1385600.0,1400400.0,1383200.0,1400400.0,38
2012-09-19,1074667.875,1376400.0,1397200.0,1366000.0,1385200.0,41
2012-09-20,1077790.375,1380400.0,1407600.0,1377600.0,1398000.0,42
2012-09-21,1077478.375,1380000.0,1383600.0,1357200.0,1360800.0,33
2012-09-24,1098091.0,1406400.0,1422000.0,1396400.0,1414800.0,47
2012-09-25,1141502.5,1462000.0,1464800.0,1383600.0,1392400.0,50
2012-09-26,1169610.75,1498000.0,1520800.0,1466400.0,1469200.0,72
2012-09-27,1120890.125,1435600.0,1495200.0,1426000.0,1487600.0,52
2012-09-28,1148685.625,1471200.0,1474800.0,1437600.0,1450800.0,54
2012-10-01,1152745.625,1476400.0,1492000.0,1423200.0,1449600.0,41
2012-10-02,1143376.25,1464400.0,1499600.0,1444800.0,1458800.0,58
2012-10-03,1123075.875,1438400.0,1470800.0,1430000.0,1452000.0,53
2012-10-04,1110271.25,1422000.0,1443200.0,1410800.0,1429200.0,35
2012-10-05,1127760.875,1444400.0,1455200.0,1394400.0,1401600.0,44
2012-10-08,1158054.875,1483200.0,1494000.0,1460800.0,1470800.0,40
2012-10-09,1214583.625,1555600.0,1565200.0,1495600.0,1495600.0,55
2012-10-10,1232073.0,1578000.0,1586400.0,1544000.0,1556400.0,41
2012-10-11,1245502.375,1595200.0,1596000.0,1540000.0,1542800.0,37
2012-10-12,1246127.25,1596000.0,1604800.0,1567600.0,1593200.0,35
2012-10-15,1219268.25,1561600.0,1606400.0,1553600.0,1576000.0,34
2012-10-16,1163988.875,1490800.0,1554000.0,1488400.0,1553200.0,40
2012-10-17,1168674.0,1496800.0,1522800.0,1482400.0,1517600.0,48
2012-10-18,1207400.25,1546400.0,1564800.0,1496000.0,1512400.0,68
2012-10-19,1295472.375,1659200.0,1664800.0,1550800.0,1553200.0,97
2012-10-22,1275484.375,1633600.0,1672000.0,1620000.0,1663200.0,56
2012-10-23,1312337.375,1680800.0,1694800.0,1637600.0,1672800.0,78
2012-10-24,1327328.25,1700000.0,1704800.0,1643600.0,1650800.0,40
2012-10-25,1323893.25,1695600.0,1712000.0,1653200.0,1662000.0,47
2012-10-26,1311712.875,1680000.0,1736800.0,1661200.0,1697200.0,53
2012-10-31,1336697.875,1712000.0,1730800.0,1680000.0,1685600.0,29
2012-11-01,1279232.625,1638400.0,1694400.0,1629200.0,1682800.0,39
2012-11-02,1322644.125,1694000.0,1695600.0,1614000.0,1617200.0,30
2012-11-05,1293910.75,1657200.0,1700400.0,1647600.0,1690400.0,35
2012-11-06,1285791.0,1646800.0,1667200.0,1614400.0,1650000.0,46
2012-11-07,1376361.75,1762800.0,1784400.0,1695200.0,1698400.0,74
2012-11-08,1442571.625,1847600.0,1847600.0,1737200.0,1750800.0,59
2012-11-09,1424145.375,1824000.0,1847600.0,1764800.0,1844400.0,74
2012-11-12,1423833.125,1823600.0,1839600.0,1786000.0,1791200.0,31
2012-11-13,1453815.375,1862000.0,1879200.0,1810400.0,1869600.0,68
2012-11-14,1505346.625,1928000.0,1936400.0,1830000.0,1836400.0,54
2012-11-15,1521587.0,1948800.0,1968800.0,1904800.0,1926000.0,73
2012-11-16,1504409.5,1926800.0,2015200.0,1906000.0,1942400.0,70
2012-11-19,1392914.25,1784000.0,1860400.0,1780800.0,1860000.0,47
2012-11-20,1392602.125,1783600.0,1834000.0,1775600.0,1784400.0,38
2012-11-21,1382920.125,1771200.0,1798400.0,1764400.0,1778000.0,25
2012-11-23,1320145.375,1690800.0,1743200.0,1690000.0,1737600.0,32
2012-11-26,1302655.875,1668400.0,1718800.0,1666800.0,1700400.0,37
2012-11-27,1316085.125,1685600.0,1693200.0,1652000.0,1672800.0,46
2012-11-28,1283604.875,1644000.0,1740400.0,1638400.0,1711200.0,69
2012-11-29,1259868.75,1613600.0,1637200.0,1595600.0,1617200.0,58
2012-11-30,1263928.875,1618800.0,1634400.0,1607600.0,1612800.0,40
2012-12-03,1271112.25,1628000.0,1631600.0,1578400.0,1582800.0,53
2012-12-04,1277983.125,1636800.0,1664400.0,1622800.0,1626400.0,55
2012-12-05,1316709.625,1686400.0,1713600.0,1640000.0,1640400.0,59
2012-12-06,1292974.0,1656000.0,1716000.0,1641200.0,1701200.0,43
2012-12-07,1314523.375,1683600.0,1700400.0,1624000.0,1628800.0,35
2012-12-10,1302031.25,1667600.0,1697600.0,1642800.0,1697200.0,28
2012-12-11,1251748.875,1603200.0,1638000.0,1575200.0,1634000.0,63
2012-12-12,1261118.0,1615200.0,1626400.0,1577200.0,1578800.0,61
2012-12-13,1288914.375,1650800.0,1672400.0,1589200.0,1622000.0,47
2012-12-14,1325454.625,1697600.0,1715200.0,1669200.0,1682400.0,36
2012-12-17,1272361.5,1629600.0,1700800.0,1629200.0,1694000.0,37
2012-12-18,1213958.875,1554800.0,1620000.0,1548400.0,1603200.0,70
2012-12-19,1231448.5,1577200.0,1578000.0,1541200.0,1544000.0,52
2012-12-20,1230511.5,1576000.0,1600000.0,1564400.0,1568400.0,54
2012-12-21,1268925.875,1625200.0,1669200.0,1620000.0,1648800.0,44
2012-12-24,1278920.0,1638000.0,1646000.0,1630400.0,1638800.0,10
2012-12-26,1309838.875,1677600.0,1694400.0,1627600.0,1634800.0,21
2012-12-27,1315460.625,1684800.0,1748400.0,1667200.0,1674800.0,59
2012-12-28,1353562.75,1733600.0,1735200.0,1683200.0,1720000.0,33
2012-12-31,1266427.5,1622000.0,1748400.0,1612800.0,1741600.0,50
2013-01-02,1145874.75,1467600.0,1521600.0,1467600.0,1504800.0,68
2013-01-03,1163052.0,1489600.0,1504000.0,1459600.0,1469200.0,54
2013-01-04,1174607.625,1504400.0,1516000.0,1489200.0,1489200.0,34
2013-01-07,1172421.25,1501600.0,1531200.0,1497200.0,1519600.0,31
2013-01-08,1178980.0,1510000.0,1536400.0,1493600.0,1505600.0,32
2013-01-09,1168361.5,1496400.0,1509600.0,1483200.0,1506000.0,28
2013-01-10,1147124.25,1469200.0,1510800.0,1462000.0,1466000.0,30
2013-01-11,1142439.25,1463200.0,1480000.0,1460800.0,1470000.0,22
2013-01-14,1157118.125,1482000.0,1500800.0,1471200.0,1486000.0,28
2013-01-15,1173982.75,1503600.0,1523200.0,1498000.0,1503600.0,31
2013-01-16,1159928.875,1485600.0,1505600.0,1471200.0,1496000.0,26
2013-01-17,1142751.5,1463600.0,1475200.0,1447600.0,1467600.0,43
2013-01-18,1151184.375,1474400.0,1494000.0,1470000.0,1478800.0,40
2013-01-22,1144625.625,1466000.0,1496400.0,1464400.0,1470000.0,34
2013-01-23,1124949.875,1440800.0,1448800.0,1427200.0,1441600.0,34
2013-01-24,1170235.25,1498800.0,1506000.0,1460400.0,1497600.0,42
2013-01-25,1153057.75,1476800.0,1493200.0,1463600.0,1485600.0,34
2013-01-28,1146812.0,1468800.0,1481200.0,1451600.0,1474400.0,36
2013-01-29,1145250.125,1466800.0,1500400.0,1456400.0,1472000.0,59
2013-01-30,1149310.625,1472000.0,1484400.0,1444400.0,1458800.0,52
2013-01-31,1158679.75,1484000.0,1488400.0,1453200.0,1474000.0,41
2013-02-01,1118391.125,1432400.0,1471200.0,1424800.0,1452000.0,53
2013-02-04,1176793.875,1507200.0,1507600.0,1444800.0,1458000.0,43
2013-02-05,1125262.125,1441200.0,1497600.0,1426800.0,1487600.0,41
2013-02-06,1135568.25,1454400.0,1466800.0,1435200.0,1454400.0,44
2013-02-07,1132445.625,1450400.0,1498000.0,1445600.0,1448000.0,39
2013-02-08,1097778.5,1406000.0,1431200.0,1396400.0,1426800.0,47
2013-02-11,1097778.5,1406000.0,1418400.0,1401200.0,1402800.0,23
2013-02-12,1110583.75,1422400.0,1425600.0,1401200.0,1410000.0,26
2013-02-13,1098091.0,1406400.0,1419600.0,1390400.0,1408800.0,28
2013-02-14,1099964.875,1408800.0,1428000.0,1401600.0,1424400.0,23
2013-02-15,1109022.0,1420400.0,1431600.0,1398000.0,1407600.0,26
2013-02-19,1084349.5,1388800.0,1412400.0,1388000.0,1410000.0,30
2013-02-20,1132758.125,1450800.0,1452800.0,1388400.0,1389200.0,42
2013-02-21,1171484.375,1500400.0,1515600.0,1464400.0,1469600.0,55
2013-02-22,1136505.75,1455600.0,1491200.0,1454800.0,1474000.0,34
2013-02-25,1178667.875,1509600.0,1512800.0,1411200.0,1424000.0,53
2013-02-26,1164926.0,1492000.0,1532000.0,1482400.0,1501200.0,71
2013-02-27,1128385.5,1445200.0,1497200.0,1417600.0,1491600.0,55
2013-02-28,1134319.5,1452800.0,1454400.0,1413600.0,1446000.0,35
2013-03-01,1119016.125,1433200.0,1490800.0,1429200.0,1469600.0,49
2013-03-04,1104025.0,1414000.0,1456000.0,1414000.0,1449200.0,43
2013-03-05,1056865.625,1353600.0,1392000.0,1348800.0,1390800.0,54
2013-03-06,1064985.875,1364000.0,1369200.0,1340000.0,1341600.0,35
2013-03-07,1056241.125,1352800.0,1366800.0,1346800.0,1360400.0,25
2013-03-08,1052181.125,1347600.0,1364000.0,1333600.0,1338800.0,26
2013-03-11,1043436.5625,1336400.0,1365600.0,1335600.0,1352000.0,23
2013-03-12,1056241.125,1352800.0,1369600.0,1339600.0,1347600.0,31
2013-03-13,1059052.0,1356400.0,1370400.0,1340800.0,1346000.0,42
2013-03-14,1048433.75,1342800.0,1351200.0,1334000.0,1342800.0,26
2013-03-15,1056865.625,1353600.0,1364000.0,1338000.0,1339200.0,31
2013-03-18,1064673.875,1363600.0,1400000.0,1346400.0,1390000.0,46
2013-03-19,1068109.0,1368000.0,1406400.0,1342400.0,1351200.0,63
2013-03-20,1048120.875,1342400.0,1360400.0,1332400.0,1341200.0,39
2013-03-21,1081850.875,1385600.0,1396400.0,1367600.0,1376000.0,41
2013-03-22,1052181.125,1347600.0,1374800.0,1344000.0,1370000.0,47
2013-03-25,1062799.75,1361200.0,1380400.0,1325600.0,1334000.0,55
2013-03-26,1045622.5,1339200.0,1354400.0,1338400.0,1346000.0,32
2013-03-27,1040313.25,1332400.0,1371600.0,1331600.0,1364800.0,44
2013-03-28,1033754.6875,1324000.0,1343600.0,1320000.0,1334000.0,33
2013-04-01,1054367.375,1350400.0,1360800.0,1317600.0,1320800.0,48
2013-04-02,1029382.1875,1318400.0,1334800.0,1306000.0,1332800.0,64
2013-04-03,1054992.0,1351200.0,1364000.0,1311200.0,1314800.0,45
2013-04-04,1055304.5,1351600.0,1375200.0,1344000.0,1356000.0,31
2013-04-05,1082787.375,1386800.0,1426400.0,1381200.0,1418000.0,54
2013-04-08,1065610.625,1364800.0,1397200.0,1364000.0,1385600.0,39
2013-04-09,1044061.0625,1337200.0,1372800.0,1321200.0,1352400.0,66
2013-04-10,983160.0625,1259200.0,1325200.0,1254000.0,1324000.0,89
2013-04-11,982847.5625,1258800.0,1272800.0,1252400.0,1269200.0,53
2013-04-12,985033.9375,1261600.0,1292000.0,1260800.0,1269600.0,48
2013-04-15,1044998.0,1338400.0,1341600.0,1271200.0,1280000.0,85
2013-04-16,1001273.875,1282400.0,1322800.0,1280400.0,1313200.0,47
2013-04-17,1060925.75,1358800.0,1381600.0,1316800.0,1318800.0,91
2013-04-18,1105899.0,1416400.0,1433200.0,1347600.0,1348000.0,92
2013-04-19,1057490.375,1354400.0,1414000.0,1348800.0,1406400.0,61
2013-04-22,1027508.25,1316000.0,1357600.0,1301200.0,1341200.0,54
2013-04-23,998151.0625,1278400.0,1314000.0,1264400.0,1292400.0,89
2013-04-24,999400.125,1280000.0,1296400.0,1266000.0,1288000.0,57
2013-04-25,982847.5625,1258800.0,1270000.0,1245200.0,1268000.0,53
2013-04-26,991904.5,1270400.0,1286800.0,1260000.0,1269200.0,45
2013-04-29,964733.875,1235600.0,1259200.0,1221200.0,1259200.0,57
2013-04-30,943496.25,1208400.0,1244800.0,1208000.0,1231600.0,49
2013-05-01,955364.3125,1223600.0,1232400.0,1202800.0,1209200.0,43
2013-05-02,921009.9375,1179600.0,1222400.0,1171600.0,1220000.0,53
2013-05-03,888529.1875,1138000.0,1147600.0,1126400.0,1145600.0,51
2013-05-06,878223.0625,1124800.0,1134000.0,1118800.0,1132000.0,34
2013-05-07,880096.9375,1127200.0,1138000.0,1116000.0,1119600.0,53
2013-05-08,865730.375,1108800.0,1133200.0,1106400.0,1128800.0,38
2013-05-09,868541.3125,1112400.0,1120400.0,1092000.0,1114800.0,41
2013-05-10,853238.0,1092800.0,1112800.0,1092000.0,1107600.0,37
2013-05-13,850115.0,1088800.0,1102400.0,1081600.0,1098800.0,37
2013-05-14,837934.6875,1073200.0,1088800.0,1062400.0,1088800.0,40
2013-05-15,832625.3125,1066400.0,1086800.0,1063200.0,1078800.0,31
2013-05-16,835436.25,1070000.0,1071200.0,1047600.0,1061200.0,51
2013-05-17,810451.125,1038000.0,1062800.0,1036800.0,1054800.0,49
2013-05-20,815760.4375,1044800.0,1055200.0,1033200.0,1046400.0,42
2013-05-21,811075.8125,1038800.0,1055200.0,1028400.0,1044400.0,42
2013-05-22,832313.0625,1066000.0,1082800.0,1010800.0,1034800.0,143
2013-05-23,838559.25,1074000.0,1101200.0,1064000.0,1094800.0,94
2013-05-24,839808.625,1075600.0,1104800.0,1075600.0,1095600.0,63
2013-05-28,822943.625,1054000.0,1064400.0,1026000.0,1038000.0,71
2013-05-29,835436.25,1070000.0,1087200.0,1058400.0,1066800.0,82
2013-05-30,822006.6875,1052800.0,1069600.0,1038400.0,1069600.0,60
2013-05-31,846991.6875,1084800.0,1084800.0,1040800.0,1065600.0,56
2013-06-03,839183.9375,1074800.0,1117600.0,1074800.0,1080400.0,141
2013-06-04,852925.6875,1092400.0,1105200.0,1056400.0,1069600.0,107
2013-06-05,885406.1875,1134000.0,1137200.0,1090400.0,1102000.0,126
2013-06-06,873538.3125,1118800.0,1162800.0,1118000.0,1130400.0,116
2013-06-07,837622.3125,1072800.0,1112400.0,1068800.0,1104000.0,94
2013-06-10,836373.0625,1071200.0,1077600.0,1056000.0,1064800.0,74
2013-06-11,861358.0625,1103200.0,1113200.0,1074400.0,1103200.0,104
2013-06-12,890715.5,1140800.0,1145600.0,1082000.0,1083600.0,115
2013-06-13,857610.3125,1098400.0,1155200.0,1090400.0,1145600.0,74
2013-06-14,873226.0,1118400.0,1124000.0,1094000.0,1097600.0,70
2013-06-17,849490.1875,1088000.0,1104800.0,1067600.0,1091200.0,97
2013-06-18,828565.3125,1061200.0,1083200.0,1054000.0,1082400.0,77
2013-06-19,855736.625,1096000.0,1098800.0,1056400.0,1059200.0,133
2013-06-20,918511.4375,1176400.0,1184000.0,1122400.0,1133600.0,138
2013-06-21,929130.0625,1190000.0,1221200.0,1164400.0,1174400.0,114
2013-06-24,957238.125,1226000.0,1256800.0,1199600.0,1220800.0,164
2013-06-25,938499.3125,1202000.0,1222400.0,1185200.0,1192400.0,61
2013-06-26,912889.625,1169200.0,1182000.0,1161600.0,1170400.0,67
2013-06-27,899772.5625,1152400.0,1155600.0,1131600.0,1150400.0,85
2013-06-28,898835.5625,1151200.0,1172000.0,1128000.0,1165600.0,113
2013-07-01,880409.125,1127600.0,1130400.0,1099600.0,1124400.0,84
2013-07-02,880721.625,1128000.0,1144000.0,1105600.0,1129600.0,95
2013-07-03,868228.75,1112000.0,1140800.0,1096000.0,1138000.0,41
2013-07-05,849177.8125,1087600.0,1120000.0,1085200.0,1094000.0,86
2013-07-08,846054.9375,1083600.0,1095200.0,1069200.0,1069200.0,53
2013-07-09,830751.5625,1064000.0,1083200.0,1056800.0,1068800.0,74
2013-07-10,816072.625,1045200.0,1067600.0,1040800.0,1067600.0,73
2013-07-11,767039.75,982400.0,1014000.0,980400.0,1011200.0,80
2013-07-12,757670.25,970400.0,988400.0,968000.0,980800.0,54
2013-07-15,752048.625,963200.0,974800.0,961600.0,967200.0,33
2013-07-16,754859.75,966800.0,974400.0,958800.0,961200.0,32
2013-07-17,749862.375,960400.0,968000.0,953200.0,958800.0,33
2013-07-18,754234.8125,966000.0,971600.0,952800.0,960800.0,43
2013-07-19,777658.375,996000.0,1004800.0,990800.0,990800.0,54
2013-07-22,771412.125,988000.0,996800.0,981200.0,986000.0,30
2013-07-23,788277.0,1009600.0,1012000.0,982000.0,982400.0,48
2013-07-24,780469.125,999600.0,1006800.0,978800.0,980000.0,51
2013-07-25,765478.25,980400.0,1001600.0,977600.0,985600.0,66
2013-07-26,753610.25,965200.0,997200.0,965200.0,992000.0,48
2013-07-29,756421.0625,968800.0,978400.0,958400.0,970400.0,41
2013-07-30,746114.6875,955600.0,965600.0,943200.0,960400.0,70
2013-07-31,742367.125,950800.0,955200.0,933600.0,950400.0,68
2013-08-01,718943.625,920800.0,933600.0,916800.0,930000.0,51
2013-08-02,706451.0625,904800.0,926400.0,904800.0,920400.0,41
2013-08-05,705514.0625,903600.0,911200.0,901200.0,909200.0,29
2013-08-06,718006.625,919600.0,930000.0,904400.0,906400.0,40
2013-08-07,720192.75,922400.0,944000.0,919600.0,925600.0,51
2013-08-08,710198.75,909600.0,928400.0,904400.0,908800.0,43
2013-08-09,718943.625,920800.0,929200.0,905600.0,912800.0,36
2013-08-12,715195.8125,916000.0,932800.0,910400.0,932800.0,31
2013-08-13,702391.125,899600.0,931200.0,893600.0,911600.0,61
2013-08-14,710511.125,910000.0,913600.0,897200.0,901600.0,66
2013-08-15,745802.4375,955200.0,963200.0,939600.0,939600.0,78
2013-08-16,747676.25,957600.0,962400.0,942800.0,955600.0,43
2013-08-19,751111.75,962000.0,962400.0,932800.0,956800.0,66
2013-08-20,740805.375,948800.0,959200.0,936400.0,957200.0,55
2013-08-21,748613.1875,958800.0,969200.0,934000.0,958000.0,90
2013-08-22,727376.125,931600.0,948400.0,929200.0,946800.0,35
2013-08-23,712697.5,912800.0,922000.0,908800.0,910400.0,38
2013-08-26,711760.25,911600.0,916400.0,890000.0,911200.0,59
2013-08-27,754859.75,966800.0,972800.0,930000.0,942800.0,115
2013-08-28,745490.125,954800.0,968800.0,942800.0,968800.0,71
2013-08-29,730499.0625,935600.0,960000.0,920400.0,955200.0,72
2013-08-30,743616.1875,952400.0,962800.0,932800.0,933200.0,77
2013-09-03,731435.9375,936800.0,949600.0,916400.0,928400.0,72
2013-09-04,707075.625,905600.0,935200.0,902400.0,928800.0,65
2013-09-05,704577.25,902400.0,905600.0,894800.0,904400.0,27
2013-09-06,700517.0625,897200.0,929200.0,884800.0,893600.0,83
2013-09-09,676156.8125,866000.0,888400.0,862800.0,888400.0,48
2013-09-10,666787.3125,854000.0,863600.0,850800.0,851200.0,47
2013-09-11,670847.375,859200.0,874800.0,858000.0,871200.0,53
2013-09-12,673033.5625,862000.0,866400.0,853600.0,860000.0,24
2013-09-13,670847.375,859200.0,872800.0,856800.0,858400.0,24
2013-09-16,676469.0,866400.0,872000.0,837200.0,838800.0,49
2013-09-17,662414.9375,848400.0,861600.0,845600.0,861600.0,33
2013-09-18,638679.25,818000.0,850400.0,812800.0,845600.0,91
2013-09-19,634306.875,812400.0,816400.0,806400.0,811600.0,49
2013-09-20,640553.125,820400.0,822000.0,804000.0,806400.0,54
2013-09-23,644300.9375,825200.0,837200.0,807600.0,810000.0,59
2013-09-24,644300.9375,825200.0,833600.0,812000.0,820800.0,51
2013-09-25,650234.75,832800.0,838800.0,820400.0,824800.0,60
2013-09-26,635243.9375,813600.0,824800.0,808800.0,824400.0,56
2013-09-27,637117.6875,816000.0,832400.0,813600.0,826800.0,53
2013-09-30,644925.5625,826000.0,850400.0,817200.0,843600.0,68
2013-10-01,623688.125,798800.0,824400.0,797200.0,824400.0,67
2013-10-02,623688.125,798800.0,816800.0,795600.0,814400.0,64
2013-10-03,645550.25,826800.0,839600.0,796800.0,802800.0,97
2013-10-04,628997.625,805600.0,829200.0,802400.0,827600.0,56
2013-10-07,644300.9375,825200.0,827200.0,807200.0,826800.0,74
2013-10-08,680529.0,871600.0,873600.0,824400.0,826000.0,137
2013-10-09,688337.0,881600.0,902400.0,865600.0,867600.0,154
2013-10-10,644613.0625,825600.0,853200.0,819600.0,853200.0,131
2013-10-11,629622.0625,806400.0,831600.0,804000.0,830800.0,79
2013-10-14,615568.0625,788400.0,822800.0,788400.0,821200.0,72
2013-10-15,623063.625,798000.0,800800.0,779600.0,790000.0,82
2013-10-16,601514.0625,770400.0,788800.0,769600.0,785600.0,91
2013-10-17,591832.375,758000.0,782800.0,756800.0,780800.0,58
2013-10-18,563099.625,721200.0,743200.0,720000.0,736400.0,73
2013-10-21,559664.25,716800.0,722400.0,710400.0,716000.0,52
2013-10-22,556853.3125,713200.0,726000.0,700800.0,708800.0,92
2013-10-23,566534.9375,725600.0,736000.0,718800.0,724000.0,58
2013-10-24,559039.5,716000.0,727600.0,711200.0,725200.0,47
2013-10-25,547796.25,701600.0,710400.0,690800.0,696400.0,51
2013-10-28,546859.3125,700400.0,709600.0,697200.0,700000.0,46
2013-10-29,544360.875,697200.0,705600.0,691200.0,694400.0,41
2013-10-30,546234.75,699600.0,708000.0,686000.0,688800.0,73
2013-10-31,548733.3125,702800.0,710800.0,690400.0,703200.0,78
2013-11-01,549045.5,703200.0,713200.0,694000.0,697200.0,52
2013-11-04,546547.0,700000.0,707600.0,695600.0,695600.0,30
2013-11-05,544048.5,696800.0,714000.0,692400.0,707200.0,52
2013-11-06,544985.5625,698000.0,704800.0,687600.0,688800.0,43
2013-11-07,575592.1875,737200.0,738800.0,694400.0,697200.0,99
2013-11-08,552481.0,707600.0,734800.0,707200.0,729600.0,78
2013-11-11,554667.125,710400.0,717200.0,704400.0,711600.0,35
2013-11-12,552168.75,707200.0,718000.0,704000.0,716400.0,47
2013-11-13,530931.4375,680000.0,721600.0,680000.0,721600.0,74
2013-11-14,528120.5625,676400.0,690800.0,673600.0,686800.0,56
2013-11-15,524060.4375,671200.0,680000.0,671200.0,673600.0,41
2013-11-18,539051.5625,690400.0,694400.0,668000.0,672000.0,49
2013-11-19,543736.125,696400.0,700000.0,682000.0,691200.0,81
2013-11-20,547796.25,701600.0,708000.0,683600.0,691200.0,65
2013-11-21,531243.5625,680400.0,694800.0,678400.0,694000.0,59
2013-11-22,522499.0,669200.0,678400.0,668800.0,676000.0,41
2013-11-25,519063.53125,664800.0,669600.0,660000.0,661600.0,36
2013-11-26,510943.5,654400.0,668000.0,649200.0,664000.0,50
2013-11-27,499700.0625,640000.0,651600.0,639600.0,650000.0,47
2013-11-29,492204.65625,630400.0,634400.0,626000.0,633200.0,29
2013-12-02,495640.09375,634800.0,636800.0,623600.0,626800.0,56
2013-12-03,495640.09375,634800.0,643200.0,630800.0,636000.0,64
2013-12-04,494703.09375,633600.0,649600.0,627600.0,643600.0,63
2013-12-05,496577.09375,636000.0,641200.0,630400.0,632000.0,58
2013-12-06,485958.375,622400.0,631600.0,618400.0,620800.0,50
2013-12-09,480649.03125,615600.0,618000.0,610800.0,615600.0,26
2013-12-10,480961.25,616000.0,619600.0,612800.0,618000.0,29
2013-12-11,499700.0625,640000.0,642400.0,614000.0,616800.0,66
2013-12-12,502823.25,644000.0,646000.0,634400.0,639600.0,48
2013-12-13,505321.8125,647200.0,650800.0,634800.0,635200.0,35
2013-12-16,496577.09375,636000.0,638800.0,625200.0,637200.0,44
2013-12-17,499075.53125,639200.0,644000.0,632400.0,635600.0,39
2013-12-18,481898.1875,617200.0,665200.0,616000.0,639200.0,101
2013-12-19,486270.59375,622800.0,630800.0,620800.0,621600.0,39
2013-12-20,471592.03125,604000.0,620400.0,600000.0,620400.0,57
2013-12-23,456913.34375,585200.0,594800.0,585200.0,589200.0,52
2013-12-24,455664.0,583600.0,587600.0,583200.0,584400.0,20
2013-12-26,451916.3125,578800.0,584400.0,577200.0,581600.0,21
2013-12-27,455039.53125,582800.0,584800.0,575200.0,576000.0,46
2013-12-30,456601.0,584800.0,590000.0,582800.0,585200.0,25
2013-12-31,448168.65625,574000.0,582800.0,574000.0,581600.0,33
2014-01-02,458474.90625,587200.0,592000.0,581200.0,581200.0,58
2014-01-03,468468.84375,600000.0,600400.0,585600.0,586800.0,39
2014-01-06,473465.875,606400.0,613200.0,597600.0,600000.0,35
2014-01-07,460348.84375,589600.0,601600.0,587200.0,598000.0,53
2014-01-08,456913.34375,585200.0,593200.0,581200.0,590400.0,59
2014-01-09,462535.0,592400.0,598000.0,579200.0,579200.0,58
2014-01-10,457225.6875,585600.0,600800.0,584000.0,588000.0,46
2014-01-13,477525.8125,611600.0,618800.0,582400.0,589200.0,60
2014-01-14,450979.28125,577600.0,605600.0,575600.0,605600.0,93
2014-01-15,439423.71875,562800.0,571200.0,559200.0,570000.0,72
2014-01-16,438486.875,561600.0,566400.0,560000.0,564400.0,46
2014-01-17,446919.3125,572400.0,576000.0,562400.0,566800.0,50
2014-01-21,436300.71875,558800.0,573200.0,558000.0,561200.0,54
2014-01-22,432552.9375,554000.0,559600.0,550800.0,555200.0,49
2014-01-23,437862.25,560800.0,571600.0,559200.0,559200.0,76
2014-01-24,463784.15625,594000.0,594000.0,566000.0,566400.0,252
2014-01-27,476354.8125,610100.0,623500.0,589900.0,592800.0,288
2014-01-28,476979.40625,610900.0,622700.0,609500.0,619200.0,147
2014-01-29,492985.40625,631400.0,634600.0,613900.0,626700.0,217
2014-01-30,466673.0,597700.0,609800.0,589700.0,607400.0,162
2014-01-31,469249.65625,601000.0,617500.0,592300.0,615900.0,183
2014-02-03,501573.9375,642400.0,646900.0,596000.0,604000.0,366
2014-02-04,489081.53125,626400.0,638200.0,620500.0,632200.0,169
2014-02-05,494312.75,633100.0,653900.0,626100.0,634000.0,219
2014-02-06,475027.4375,608400.0,627600.0,606500.0,627200.0,141
2014-02-07,449652.03125,575900.0,603500.0,574800.0,598200.0,355
2014-02-10,441844.1875,565900.0,577500.0,565400.0,576900.0,175
2014-02-11,426853.21875,546700.0,564200.0,543400.0,563000.0,278
2014-02-12,424432.75,543600.0,548400.0,539800.0,543300.0,365
2014-02-13,414751.125,531200.0,555400.0,530200.0,555300.0,455
2014-02-14,412408.75,528200.0,536500.0,524500.0,532300.0,279
2014-02-18,406552.9375,520700.0,529300.0,517500.0,525500.0,301
2014-02-19,414438.75,530800.0,534200.0,519700.0,523500.0,534
2014-02-20,408661.0625,523400.0,536800.0,520500.0,529900.0,458
2014-02-21,411003.34375,526400.0,527500.0,516500.0,518800.0,291
2014-02-24,403039.375,516200.0,523700.0,510000.0,522800.0,469
2014-02-25,405147.5625,518900.0,523800.0,511800.0,515300.0,591
2014-02-26,406162.5,520200.0,526400.0,509800.0,514100.0,659
2014-02-27,398276.59375,510100.0,522200.0,508700.0,520100.0,416
2014-02-28,399447.78125,511600.0,525300.0,501300.0,510400.0,808
2014-03-03,408114.46875,522700.0,536600.0,519000.0,526600.0,730
2014-03-04,392811.09375,503100.0,507300.0,500000.0,506000.0,530
2014-03-05,389219.5,498500.0,503600.0,496200.0,500400.0,406
2014-03-06,390468.84375,500100.0,505400.0,494300.0,495500.0,511
2014-03-07,396168.53125,507400.0,514900.0,493800.0,495200.0,607
2014-03-10,395153.53125,506100.0,515900.0,505200.0,508300.0,368
2014-03-11,400150.46875,512500.0,516900.0,498500.0,502400.0,595
2014-03-12,395543.84375,506600.0,525200.0,506000.0,519400.0,432
2014-03-13,412564.90625,528400.0,535000.0,500600.0,500900.0,696
2014-03-14,420997.34375,539200.0,539600.0,526400.0,533700.0,471
2014-03-17,409597.90625,524600.0,529100.0,516300.0,528900.0,296
2014-03-18,394606.96875,505400.0,523200.0,504100.0,522900.0,461
2014-03-19,401165.5,513800.0,523800.0,501000.0,505100.0,472
2014-03-20,397808.21875,509500.0,521700.0,505000.0,518600.0,328
2014-03-21,412330.6875,528100.0,530700.0,500100.0,501400.0,518
2014-03-24,422636.96875,541300.0,555900.0,521200.0,522000.0,335
2014-03-25,418811.15625,536400.0,549800.0,522900.0,533300.0,618
2014-03-26,435051.5,557200.0,557300.0,524900.0,528200.0,647
2014-03-27,442468.8125,566700.0,575700.0,551900.0,559500.0,670
2014-03-28,439423.71875,562800.0,567800.0,544500.0,561300.0,660
2014-03-31,430288.65625,551100.0,551900.0,539800.0,550100.0,546
2014-04-01,407489.78125,521900.0,543400.0,521200.0,542900.0,643
2014-04-02,404288.65625,517800.0,525100.0,513900.0,515600.0,460
2014-04-03,413892.28125,530100.0,539000.0,514000.0,516400.0,318
2014-04-04,447700.1875,573400.0,576700.0,518200.0,520300.0,763
2014-04-07,459333.71875,588300.0,600700.0,567600.0,583100.0,663
2014-04-08,447075.53125,572600.0,593200.0,570400.0,587000.0,499
2014-04-09,424042.53125,543100.0,570800.0,542200.0,566100.0,563
2014-04-10,463081.5,593100.0,598000.0,542100.0,542400.0,848
2014-04-11,479790.1875,614500.0,618400.0,586500.0,609300.0,1079
2014-04-14,468156.625,599600.0,617100.0,590000.0,598700.0,927
2014-04-15,463862.28125,594100.0,631600.0,583700.0,593600.0,1142
2014-04-16,445591.96875,570700.0,593000.0,570300.0,579900.0,464
2014-04-17,444733.125,569600.0,580900.0,561400.0,575700.0,514
2014-04-21,435129.53125,557300.0,573600.0,557100.0,565500.0,400
2014-04-22,424354.65625,543500.0,554100.0,539900.0,551000.0,394
2014-04-23,435676.03125,558000.0,558800.0,543400.0,543400.0,547
2014-04-24,423183.53125,542000.0,560300.0,530300.0,530300.0,685
2014-04-25,443327.65625,567800.0,571800.0,549800.0,551800.0,723
2014-04-28,438721.03125,561900.0,589300.0,550000.0,560300.0,1227
2014-04-29,428649.03125,549000.0,565500.0,546100.0,556900.0,646
2014-04-30,424901.25,544200.0,560700.0,543200.0,555900.0,666
2014-05-01,421153.5,539400.0,546100.0,530700.0,541800.0,594
2014-05-02,423495.84375,542400.0,546400.0,531200.0,534500.0,548
2014-05-05,417171.53125,534300.0,556100.0,534000.0,552200.0,424
2014-05-06,432943.28125,554500.0,555400.0,535700.0,536600.0,508
2014-05-07,437003.375,559700.0,579100.0,549500.0,550600.0,767
2014-05-08,438408.71875,561500.0,569300.0,541100.0,565000.0,676
2014-05-09,433177.5,554800.0,573500.0,553800.0,562600.0,561
2014-05-12,412018.34375,527700.0,546400.0,527100.0,544900.0,483
2014-05-13,411081.5,526500.0,529600.0,520500.0,525800.0,352
2014-05-14,417405.75,534600.0,538200.0,525200.0,530900.0,322
2014-05-15,426931.21875,546800.0,557200.0,532200.0,535000.0,577
2014-05-16,418889.28125,536500.0,556500.0,535400.0,545600.0,326
2014-05-19,409910.3125,525000.0,544000.0,522800.0,540800.0,284
2014-05-20,414438.75,530800.0,537200.0,520200.0,526000.0,390
2014-05-21,402805.125,515900.0,528700.0,515000.0,527900.0,380
2014-05-22,397417.6875,509000.0,516200.0,504500.0,514200.0,263
2014-05-23,388438.75,497500.0,510600.0,497400.0,507400.0,236
2014-05-27,373447.75,478300.0,492100.0,478300.0,490800.0,296
2014-05-28,377273.6875,483200.0,484500.0,477500.0,479800.0,285
2014-05-29,370246.625,474200.0,481000.0,473900.0,478100.0,245
2014-05-30,370012.3125,473900.0,481300.0,471700.0,473700.0,293
2014-06-02,370949.21875,475100.0,484200.0,471900.0,472100.0,186
2014-06-03,371417.75,475700.0,481600.0,473500.0,480000.0,175
2014-06-04,367279.59375,470400.0,481500.0,468300.0,479600.0,279
2014-06-05,358066.34375,458600.0,474000.0,456100.0,469400.0,397
2014-06-06,351898.1875,450700.0,456200.0,450700.0,453400.0,252
2014-06-09,352835.125,451900.0,455400.0,448300.0,450200.0,204
2014-06-10,351117.40625,449700.0,454400.0,448700.0,453000.0,158
2014-06-11,351195.5625,449800.0,455100.0,447800.0,453900.0,283
2014-06-12,360330.6875,461500.0,466600.0,451000.0,452400.0,396
2014-06-13,357441.75,457800.0,463700.0,454300.0,455700.0,323
2014-06-16,356426.75,456500.0,462900.0,452500.0,459800.0,327
2014-06-17,355724.0625,455600.0,459800.0,452100.0,457100.0,323
2014-06-18,349477.75,447600.0,462100.0,446200.0,454300.0,390
2014-06-19,350336.625,448700.0,454900.0,445200.0,446300.0,244
2014-06-20,349399.6875,447500.0,450900.0,446000.0,448400.0,187
2014-06-23,348853.09375,446800.0,450800.0,446700.0,447900.0,191
2014-06-24,350492.8125,448900.0,452100.0,435900.0,447100.0,518
2014-06-25,343153.46875,439500.0,451500.0,437400.0,451500.0,436
2014-06-26,342763.0625,439000.0,449100.0,438700.0,439000.0,350
2014-06-27,338078.40625,433000.0,441100.0,433000.0,441100.0,211
2014-06-30,336594.875,431100.0,434300.0,427600.0,433600.0,187
2014-07-01,325117.375,416400.0,426900.0,413300.0,426900.0,291
2014-07-02,323790.03125,414700.0,417100.0,412800.0,415800.0,186
2014-07-03,317778.0625,407000.0,413900.0,407000.0,410600.0,139
2014-07-07,320588.875,410600.0,412600.0,406600.0,408400.0,238
2014-07-08,331754.03125,424900.0,430200.0,411900.0,412600.0,468
2014-07-09,324570.875,415700.0,425500.0,414400.0,421600.0,379
2014-07-10,327615.875,419600.0,433100.0,414600.0,431400.0,376
2014-07-11,321525.8125,411800.0,420200.0,411600.0,416800.0,260
2014-07-14,315279.5,403800.0,408100.0,401400.0,406200.0,290
2014-07-15,318714.96875,408200.0,416900.0,400500.0,402100.0,323
2014-07-16,314889.15625,403300.0,404700.0,398200.0,399600.0,247
2014-07-17,327537.78125,419500.0,423200.0,402300.0,406500.0,362
2014-07-18,312000.25,399600.0,414400.0,398800.0,412300.0,492
2014-07-21,313093.34375,401000.0,406300.0,399000.0,402000.0,394
2014-07-22,306691.0,392800.0,396400.0,391400.0,395000.0,373
2014-07-23,301069.3125,385600.0,391200.0,384300.0,389200.0,382
2014-07-24,301928.15625,386700.0,388600.0,382300.0,383400.0,241
2014-07-25,305676.0,391500.0,397300.0,389800.0,392500.0,262
2014-07-28,305207.5,390900.0,400000.0,388000.0,390300.0,237
2014-07-29,306769.0,392900.0,394000.0,385800.0,388800.0,294
2014-07-30,303099.40625,388200.0,393000.0,384200.0,386600.0,317
2014-07-31,321525.8125,411800.0,413500.0,396100.0,397700.0,468
2014-08-01,325117.375,416400.0,424500.0,407600.0,414500.0,518
2014-08-04,318402.65625,407800.0,418300.0,402900.0,413200.0,559
2014-08-05,325585.90625,417000.0,422800.0,409200.0,412600.0,524
2014-08-06,326210.5,417800.0,426100.0,410400.0,425000.0,478
2014-08-07,329567.78125,422100.0,426500.0,410000.0,412700.0,339
2014-08-08,322384.625,412900.0,425400.0,411400.0,419700.0,365
2014-08-11,316372.65625,405200.0,408800.0,401700.0,408200.0,324
2014-08-12,316997.21875,406000.0,412100.0,402900.0,406600.0,301
2014-08-13,306847.0625,393000.0,401700.0,392600.0,400900.0,469
2014-08-14,302084.34375,386900.0,393100.0,386800.0,391800.0,332
2014-08-15,297789.96875,381400.0,392300.0,378700.0,380700.0,600
2014-08-18,290841.0625,372500.0,376900.0,371500.0,375600.0,229
2014-08-19,285609.8125,365800.0,370400.0,365600.0,369600.0,273
2014-08-20,285687.875,365900.0,367900.0,363900.0,367200.0,255
2014-08-21,284360.59375,364200.0,367300.0,363600.0,365300.0,179
2014-08-22,282955.1875,362400.0,365900.0,360100.0,363800.0,361
2014-08-25,279910.1875,358500.0,360900.0,355300.0,357100.0,201
2014-08-26,278738.9375,357000.0,359600.0,356000.0,356700.0,151
2014-08-27,278738.9375,357000.0,359300.0,355800.0,357300.0,178
2014-08-28,279832.125,358400.0,361800.0,357100.0,360300.0,172
2014-08-29,276474.75,354100.0,359800.0,354100.0,355900.0,153
2014-09-02,274132.34375,351100.0,355500.0,350900.0,351800.0,230
2014-09-03,278817.0625,357100.0,359200.0,348300.0,348300.0,255
2014-09-04,279676.0,358200.0,360900.0,349300.0,354500.0,393
2014-09-05,275303.59375,352600.0,362000.0,352200.0,356600.0,327
2014-09-08,273741.9375,350600.0,355600.0,348200.0,352800.0,286
2014-09-09,280534.75,359300.0,361400.0,346800.0,351100.0,385
2014-09-10,273663.90625,350500.0,361100.0,350300.0,358300.0,417
2014-09-11,274210.40625,351200.0,359100.0,350900.0,355000.0,323
2014-09-12,278426.65625,356600.0,360000.0,352100.0,352500.0,302
2014-09-15,286624.875,367100.0,370200.0,355500.0,355600.0,442
2014-09-16,279207.46875,357600.0,372400.0,355500.0,371000.0,425
2014-09-17,277802.03125,355800.0,362200.0,350800.0,357500.0,341
2014-09-18,271633.84375,347900.0,353600.0,347800.0,352600.0,232
2014-09-19,272180.4375,348600.0,352500.0,343400.0,343500.0,305
2014-09-22,279519.75,358000.0,362500.0,350800.0,351300.0,388
2014-09-23,281783.96875,360900.0,363100.0,356200.0,362300.0,378
2014-09-24,273195.4375,349900.0,363600.0,349000.0,360200.0,502
2014-09-25,289904.09375,371300.0,371700.0,351600.0,352600.0,701
2014-09-26,280456.71875,359200.0,369600.0,357600.0,368000.0,429
2014-09-29,281549.8125,360600.0,370800.0,358000.0,370300.0,447
2014-09-30,280378.59375,359100.0,364400.0,353800.0,357500.0,483
2014-10-01,293964.1875,376500.0,379900.0,361400.0,362400.0,693
2014-10-02,294198.46875,376800.0,390800.0,373200.0,377100.0,733
2014-10-03,285375.625,365500.0,373900.0,360800.0,369700.0,550
2014-10-06,286937.15625,367500.0,371100.0,359300.0,362500.0,488
2014-10-07,299195.4375,383200.0,383500.0,369700.0,372800.0,551
2014-10-08,281862.0625,361000.0,389500.0,357500.0,382600.0,778
2014-10-09,295369.65625,378300.0,379900.0,359600.0,362000.0,800
2014-10-10,317465.6875,406600.0,406700.0,378400.0,385000.0,910
2014-10-13,331988.21875,425200.0,426700.0,399400.0,408800.0,740
2014-10-14,332300.625,425600.0,429100.0,409000.0,417100.0,937
2014-10-15,338703.03125,433800.0,463000.0,428400.0,445000.0,967
2014-10-16,345027.3125,441900.0,461500.0,430800.0,460900.0,740
2014-10-17,331597.78125,424700.0,432200.0,411800.0,424600.0,1072
2014-10-20,316684.96875,405600.0,427000.0,404300.0,424800.0,548
2014-10-21,291621.875,373500.0,393300.0,373400.0,390400.0,867
2014-10-22,296306.65625,379500.0,379900.0,368400.0,370200.0,564
2014-10-23,282330.59375,361600.0,369600.0,355700.0,368000.0,777
2014-10-24,275850.125,353300.0,364000.0,352400.0,359800.0,502
2014-10-27,274991.21875,352200.0,359400.0,350400.0,355100.0,399
2014-10-28,262811.0625,336600.0,348100.0,336200.0,347900.0,434
2014-10-29,265621.78125,340200.0,347200.0,337100.0,339900.0,500
2014-10-30,263669.90625,337700.0,346900.0,335600.0,344800.0,489
2014-10-31,252973.15625,324000.0,327300.0,320500.0,321300.0,465
2014-11-03,250552.734375,320900.0,323600.0,318500.0,322400.0,373
2014-11-04,253129.296875,324200.0,330800.0,321800.0,324400.0,405
2014-11-05,252895.15625,323900.0,327600.0,317800.0,318100.0,404
2014-11-06,250708.984375,321100.0,328400.0,320900.0,324500.0,460
2014-11-07,251411.625,322000.0,326900.0,318800.0,319300.0,293
2014-11-10,248678.875,318500.0,324000.0,317300.0,321600.0,387
2014-11-11,246258.484375,315400.0,320900.0,315400.0,318400.0,284
2014-11-12,245009.234375,313800.0,319400.0,312800.0,319400.0,370
2014-11-13,241964.171875,309900.0,314200.0,306300.0,312100.0,658
2014-11-14,239621.796875,306900.0,313100.0,306900.0,310200.0,390
2014-11-17,241886.125,309800.0,314000.0,307000.0,309200.0,293
2014-11-18,236342.53125,302700.0,308800.0,301500.0,308800.0,425
2014-11-19,239387.625,306600.0,310800.0,303600.0,303600.0,475
2014-11-20,236264.53125,302600.0,311400.0,301900.0,310600.0,377
2014-11-21,234780.984375,300700.0,303600.0,293700.0,294600.0,360
2014-11-24,229081.28125,293400.0,299100.0,293400.0,298300.0,436
2014-11-25,228222.40625,292300.0,294600.0,289900.0,292300.0,331
2014-11-26,223693.875,286500.0,292300.0,286100.0,291500.0,470
2014-11-28,220492.703125,282400.0,284800.0,280700.0,284200.0,261
2014-12-01,228144.3125,292200.0,295300.0,283400.0,284800.0,415
2014-12-02,225333.5625,288600.0,293200.0,287200.0,291400.0,319
2014-12-03,224084.328125,287000.0,292500.0,286000.0,287500.0,284
2014-12-04,224630.828125,287700.0,291100.0,284200.0,288000.0,401
2014-12-05,224396.625,287400.0,289300.0,284800.0,286200.0,266
2014-12-08,229471.609375,293900.0,298000.0,285900.0,289700.0,467
2014-12-09,226817.0,290500.0,306900.0,290200.0,304000.0,666
2014-12-10,237826.046875,304600.0,306000.0,290200.0,292300.0,476
2014-12-11,234390.578125,300200.0,302000.0,289200.0,301900.0,700
2014-12-12,241964.171875,309900.0,309900.0,298500.0,308900.0,564
2014-12-15,249459.75,319500.0,322200.0,301600.0,305200.0,925
2014-12-16,261561.859375,335000.0,335000.0,311500.0,325700.0,933
2014-12-17,247976.125,317600.0,335600.0,313700.0,334200.0,913
2014-12-18,229315.484375,293700.0,305600.0,293400.0,302900.0,819
2014-12-19,226426.609375,290000.0,294700.0,286200.0,292300.0,428
2014-12-22,224708.890625,287800.0,291600.0,287300.0,291100.0,308
2014-12-23,226895.078125,290600.0,291700.0,284000.0,284400.0,243
2014-12-24,226348.515625,289900.0,290000.0,286500.0,289100.0,91
2014-12-26,221585.765625,283800.0,287500.0,281800.0,287300.0,150
2014-12-29,221741.9375,284000.0,285100.0,282100.0,284600.0,185
2014-12-30,225958.15625,289400.0,290700.0,284400.0,286500.0,227
2014-12-31,232985.203125,298400.0,299700.0,284700.0,288400.0,317
2015-01-02,234468.59375,300300.0,305400.0,290200.0,294200.0,426
2015-01-05,246024.234375,315100.0,316800.0,304000.0,305100.0,375
2015-01-06,255081.328125,326700.0,331100.0,311300.0,313000.0,553
2015-01-07,245633.859375,314600.0,322800.0,312100.0,320500.0,297
2015-01-08,231267.5,296200.0,307300.0,294500.0,306000.0,463
2015-01-09,235796.015625,302000.0,307100.0,293200.0,293700.0,473
2015-01-12,243213.421875,311500.0,314000.0,299600.0,300100.0,450
2015-01-13,243369.609375,311700.0,319300.0,292800.0,302500.0,755
2015-01-14,247507.6875,317000.0,325200.0,312300.0,321300.0,652
2015-01-15,257189.421875,329400.0,330500.0,311000.0,312800.0,624
2015-01-16,248132.34375,317800.0,332400.0,316400.0,330800.0,504
2015-01-20,242120.328125,310100.0,322600.0,307600.0,311700.0,359
2015-01-21,238294.5,305200.0,316100.0,301100.0,312800.0,518
2015-01-22,225255.453125,288500.0,309900.0,287500.0,301800.0,651
2015-01-23,223928.109375,286800.0,290900.0,284000.0,288400.0,407
2015-01-26,224396.625,287400.0,291800.0,285900.0,287400.0,301
2015-01-27,241729.96875,309600.0,312500.0,300400.0,300700.0,547
2015-01-28,245555.75,314500.0,314700.0,294000.0,294900.0,601
2015-01-29,238606.8125,305600.0,323600.0,303900.0,315300.0,590
2015-01-30,244228.453125,312800.0,313800.0,299300.0,306300.0,503
2015-02-02,237904.078125,304700.0,325200.0,303600.0,310700.0,449
2015-02-03,230720.9375,295500.0,307100.0,295100.0,301600.0,495
2015-02-04,231501.703125,296500.0,301400.0,290700.0,299400.0,464
2015-02-05,225723.953125,289100.0,296400.0,288200.0,294300.0,309
2015-02-06,229627.859375,294100.0,297100.0,285500.0,287200.0,432
2015-02-09,231892.078125,297000.0,298800.0,292700.0,297400.0,286
2015-02-10,220805.015625,282800.0,293300.0,281800.0,291800.0,398
2015-02-11,218462.59375,279800.0,283600.0,277900.0,282100.0,535
2015-02-12,210889.0625,270100.0,275600.0,269800.0,274600.0,519
2015-02-13,205345.515625,263000.0,269200.0,262900.0,268000.0,477
2015-02-17,204798.953125,262300.0,265000.0,261800.0,263200.0,220
2015-02-18,204096.296875,261400.0,264400.0,260900.0,263400.0,215
2015-02-19,200973.125,257400.0,262000.0,256800.0,261800.0,376
2015-02-20,196991.140625,252300.0,260200.0,251700.0,258100.0,285
2015-02-23,196210.40625,251300.0,254200.0,251200.0,252500.0,236
2015-02-24,195741.921875,250700.0,254400.0,249900.0,252300.0,294
2015-02-25,197303.484375,252700.0,254300.0,249100.0,252100.0,298
2015-02-26,194258.421875,248800.0,254000.0,248500.0,251900.0,315
2015-02-27,196756.96875,252000.0,253300.0,248700.0,249200.0,233
2015-03-02,191447.578125,245200.0,250700.0,245000.0,250700.0,295
2015-03-03,194102.21875,248600.0,253300.0,246800.0,247400.0,262
2015-03-04,196210.40625,251300.0,255600.0,250100.0,251100.0,272
2015-03-05,195429.578125,250300.0,253300.0,248100.0,249500.0,275
2015-03-06,202300.46875,259100.0,260600.0,249800.0,251200.0,350
2015-03-09,200426.578125,256700.0,260400.0,254600.0,257300.0,305
2015-03-10,211357.5625,270700.0,270700.0,261800.0,262000.0,572
2015-03-11,215183.34375,275600.0,275700.0,268600.0,269500.0,354
2015-03-12,210732.875,269900.0,276500.0,269000.0,276100.0,421
2015-03-13,213465.609375,273400.0,278400.0,267500.0,270700.0,563
2015-03-16,205345.515625,263000.0,271200.0,262500.0,270300.0,366
2015-03-17,204252.421875,261600.0,266700.0,260400.0,265100.0,243
2015-03-18,197928.09375,253500.0,267700.0,250300.0,263800.0,548
2015-03-19,197225.421875,252600.0,254200.0,250700.0,253000.0,427
2015-03-20,192931.125,247100.0,247800.0,244100.0,246500.0,530
2015-03-23,194570.71875,249200.0,249300.0,246100.0,248100.0,358
2015-03-24,196600.765625,251800.0,252000.0,245800.0,249200.0,278
2015-03-25,210264.484375,269300.0,269500.0,250200.0,250700.0,499
2015-03-26,212450.625,272100.0,278500.0,267400.0,275700.0,596
2015-03-27,209795.984375,268700.0,273300.0,266700.0,271900.0,274
2015-03-30,202378.578125,259200.0,263600.0,258800.0,263600.0,290
2015-03-31,208937.09375,267600.0,267800.0,260100.0,261600.0,294
2015-04-01,212138.328125,271700.0,277000.0,267600.0,267700.0,450
2015-04-02,211669.8125,271100.0,273900.0,268800.0,271100.0,306
2015-04-06,206750.921875,264800.0,277400.0,262400.0,276100.0,355
2015-04-07,207687.890625,266000.0,266000.0,259200.0,265200.0,322
2015-04-08,202768.953125,259700.0,265800.0,258500.0,265700.0,475
2015-04-09,198943.109375,254800.0,262700.0,254500.0,259700.0,326
2015-04-10,196444.625,251600.0,256700.0,251500.0,255100.0,261
2015-04-13,198006.171875,253600.0,254300.0,247300.0,251000.0,506
2015-04-14,199723.890625,255800.0,259900.0,252100.0,253800.0,390
2015-04-15,195976.125,251000.0,254600.0,249300.0,253500.0,393
2015-04-16,196678.828125,251900.0,254000.0,250600.0,252800.0,314
2015-04-17,205657.859375,263400.0,266900.0,257100.0,259200.0,549
2015-04-20,196600.765625,251800.0,260000.0,250500.0,259800.0,360
2015-04-21,194024.171875,248500.0,249500.0,246300.0,247500.0,475
2015-04-22,191057.203125,244700.0,251400.0,243400.0,246700.0,617
2015-04-23,188792.953125,241800.0,247100.0,238500.0,247000.0,736
2015-04-24,181219.375,232100.0,235300.0,231000.0,234300.0,759
2015-04-27,182390.5625,233600.0,235100.0,228000.0,229300.0,455
2015-04-28,183561.71875,235100.0,240900.0,231900.0,233200.0,595
2015-04-29,186919.0625,239400.0,243300.0,234900.0,239000.0,816
2015-04-30,195819.984375,250800.0,254400.0,240600.0,243500.0,798
2015-05-01,187934.0625,240700.0,247900.0,240400.0,247600.0,675
2015-05-04,187153.296875,239700.0,240000.0,235200.0,238400.0,586
2015-05-05,196054.21875,251100.0,251600.0,241100.0,242500.0,725
2015-05-06,200192.359375,256400.0,261500.0,247900.0,250200.0,770
2015-05-07,196522.671875,251700.0,257100.0,249700.0,256600.0,473
2015-05-08,189417.5625,242600.0,245300.0,240800.0,243900.0,578
2015-05-11,191525.65625,245300.0,245700.0,240600.0,242100.0,477
2015-05-12,194258.421875,248800.0,255200.0,244900.0,249800.0,664
2015-05-13,192931.125,247100.0,248200.0,241500.0,245400.0,505
2015-05-14,184498.65625,236300.0,243800.0,235600.0,241000.0,714
2015-05-15,184186.359375,235900.0,237900.0,233400.0,234100.0,360
2015-05-18,182156.328125,233300.0,237800.0,231700.0,237300.0,322
2015-05-19,182702.84375,234000.0,235000.0,231200.0,232400.0,381
2015-05-20,182234.421875,233400.0,237100.0,229300.0,233500.0,384
2015-05-21,179189.359375,229500.0,235700.0,228800.0,234700.0,316
2015-05-22,179892.0,230400.0,230900.0,228000.0,230700.0,337
2015-05-26,186216.375,238500.0,241000.0,231000.0,231900.0,798
2015-05-27,177003.15625,226700.0,237700.0,226100.0,236300.0,981
2015-05-28,178174.375,228200.0,230400.0,226500.0,228200.0,448
2015-05-29,181375.5,232300.0,233900.0,227800.0,229000.0,856
2015-06-01,179735.90625,230200.0,235800.0,228100.0,228700.0,696
2015-06-02,181453.625,232400.0,235900.0,228800.0,232800.0,687
2015-06-03,179892.0,230400.0,231800.0,227500.0,228900.0,627
2015-06-04,183717.890625,235300.0,237500.0,229700.0,234000.0,692
2015-06-05,184967.09375,236900.0,241400.0,234500.0,236400.0,508
2015-06-08,190744.921875,244300.0,245600.0,236900.0,237500.0,429
2015-06-09,191603.734375,245400.0,251000.0,242900.0,246000.0,462
2015-06-10,183952.078125,235600.0,243900.0,233300.0,243100.0,389
2015-06-11,182937.09375,234300.0,235700.0,231200.0,232900.0,443
2015-06-12,187387.578125,240000.0,241100.0,236700.0,238100.0,445
2015-06-15,190042.203125,243400.0,249600.0,242600.0,245500.0,1027
2015-06-16,187387.578125,240000.0,244800.0,238600.0,244700.0,471
2015-06-17,185591.78125,237700.0,242200.0,235500.0,238600.0,556
2015-06-18,178018.171875,228000.0,235600.0,226300.0,235500.0,977
2015-06-19,180516.6875,231200.0,231200.0,226600.0,227000.0,494
2015-06-22,176378.515625,225900.0,227300.0,223600.0,225600.0,441
2015-06-23,175675.828125,225000.0,227900.0,224500.0,224900.0,413
2015-06-24,178408.5625,228500.0,228700.0,223100.0,225800.0,426
2015-06-25,179579.71875,230000.0,231000.0,225200.0,225900.0,550
2015-06-26,182858.984375,234200.0,237000.0,228600.0,230000.0,909
2015-06-29,195741.921875,250700.0,251400.0,238300.0,242400.0,953
2015-06-30,193555.734375,247900.0,250800.0,243900.0,245400.0,869
2015-07-01,189495.640625,242700.0,246000.0,239600.0,241100.0,598
2015-07-02,188949.109375,242000.0,244500.0,239900.0,240400.0,555
2015-07-06,190276.453125,243700.0,248400.0,239900.0,247300.0,689
2015-07-07,188949.109375,242000.0,256700.0,241500.0,243000.0,1036
2015-07-08,199099.234375,255000.0,256200.0,246500.0,247600.0,895
2015-07-09,199489.640625,255500.0,255500.0,243900.0,244500.0,759
2015-07-10,190276.453125,243700.0,247900.0,240700.0,245100.0,683
2015-07-13,180204.359375,230800.0,237200.0,230100.0,237100.0,759
2015-07-14,176612.765625,226200.0,230100.0,224300.0,230000.0,453
2015-07-15,176066.25,225500.0,227400.0,222800.0,224900.0,592
2015-07-16,168726.875,216100.0,221200.0,215800.0,219900.0,816
2015-07-17,161309.453125,206600.0,211600.0,206400.0,210800.0,795
2015-07-20,159435.546875,204200.0,206900.0,201900.0,205300.0,836
2015-07-21,159904.078125,204800.0,206300.0,203000.0,204000.0,599
2015-07-22,164901.046875,211200.0,214100.0,208500.0,214100.0,646
2015-07-23,166931.09375,213800.0,215400.0,208800.0,210700.0,505
2015-07-24,171850.015625,220100.0,221000.0,210000.0,210400.0,685
2015-07-27,175988.140625,225400.0,226800.0,221000.0,224100.0,832
2015-07-28,171381.53125,219500.0,227900.0,218300.0,222300.0,1003
2015-07-29,169273.421875,216800.0,220800.0,215700.0,218300.0,550
2015-07-30,167165.296875,214100.0,222400.0,213000.0,218700.0,720
2015-07-31,167711.84375,214800.0,216200.0,211700.0,212100.0,537
2015-08-03,169039.203125,216500.0,221100.0,212900.0,214700.0,556
2015-08-04,170366.515625,218200.0,220700.0,216000.0,217100.0,608
2015-08-05,166384.53125,213100.0,215100.0,208700.0,214300.0,1017
2015-08-06,174114.28125,223000.0,226000.0,211600.0,212600.0,763
2015-08-07,175129.265625,224300.0,229600.0,222500.0,225000.0,713
2015-08-10,168883.03125,216300.0,219600.0,214800.0,219600.0,440
2015-08-11,175285.4375,224500.0,228300.0,217300.0,219800.0,548
2015-08-12,173645.8125,222400.0,236400.0,221000.0,229300.0,771
2015-08-13,174582.75,223600.0,224900.0,218500.0,221600.0,556
2015-08-14,173567.703125,222300.0,226400.0,221500.0,225100.0,696
2015-08-17,169429.578125,217000.0,225600.0,216700.0,223900.0,577
2015-08-18,171771.90625,220000.0,221000.0,217100.0,217800.0,408
2015-08-19,175051.171875,224200.0,228300.0,218700.0,222200.0,781
2015-08-20,189964.140625,243300.0,243300.0,228600.0,230700.0,922
2015-08-21,214090.296875,274200.0,274200.0,247400.0,253800.0,1908
2015-08-24,239777.96875,307100.0,450000.0,274200.0,357900.0,2464
2015-08-25,242823.109375,311000.0,311700.0,267400.0,273300.0,1535
2015-08-26,205970.140625,263800.0,302700.0,261700.0,283300.0,1781
2015-08-27,190198.375,243600.0,261600.0,243100.0,251600.0,1520
2015-08-28,190510.6875,244000.0,248900.0,241000.0,247400.0,1182
2015-08-31,197537.734375,253000.0,254500.0,243800.0,247800.0,1024
2015-09-01,215886.09375,276500.0,279400.0,260100.0,271600.0,1601
2015-09-02,198084.265625,253700.0,271100.0,253100.0,261400.0,1266
2015-09-03,200895.0625,257300.0,259000.0,245000.0,250000.0,1023
2015-09-04,207531.71875,265800.0,270400.0,261000.0,267100.0,1167
2015-09-08,190042.203125,243400.0,254000.0,242600.0,250800.0,1157
2015-09-09,196678.828125,251900.0,253600.0,234700.0,234800.0,1302
2015-09-10,190432.59375,243900.0,253400.0,238500.0,252600.0,1422
2015-09-11,186919.0625,239400.0,248900.0,239400.0,246900.0,920
2015-09-14,188792.953125,241800.0,244300.0,236600.0,236600.0,545
2015-09-15,181844.03125,232900.0,242400.0,230800.0,239500.0,944
2015-09-16,179111.296875,229400.0,235300.0,228400.0,233000.0,1031
2015-09-17,178486.640625,228600.0,231800.0,218500.0,229800.0,1253
2015-09-18,185982.15625,238200.0,239700.0,230500.0,239200.0,984
2015-09-21,184576.734375,236400.0,242700.0,230400.0,234700.0,1059
2015-09-22,192618.78125,246700.0,253300.0,244700.0,247400.0,767
2015-09-23,192774.90625,246900.0,250200.0,243000.0,245100.0,693
2015-09-24,194102.21875,248600.0,259800.0,246300.0,253500.0,1001
2015-09-25,199411.5625,255400.0,259900.0,240200.0,240600.0,1036
2015-09-28,216822.984375,277700.0,279300.0,258200.0,258700.0,1156
2015-09-29,219399.625,281000.0,287500.0,266600.0,275200.0,1392
2015-09-30,205111.265625,262700.0,272800.0,261200.0,269400.0,1264
2015-10-01,202222.359375,259000.0,271100.0,258500.0,260500.0,941
2015-10-02,191135.296875,244800.0,271500.0,244800.0,269400.0,1239
2015-10-05,182937.09375,234300.0,241000.0,232400.0,240000.0,1153
2015-10-06,185201.34375,237200.0,243100.0,233700.0,236000.0,930
2015-10-07,182390.5625,233600.0,242500.0,231800.0,233200.0,1139
2015-10-08,180126.265625,230700.0,242800.0,229400.0,236300.0,1184
2015-10-09,177549.6875,227400.0,232100.0,226100.0,230000.0,756
2015-10-12,176456.59375,226000.0,228600.0,224500.0,226400.0,604
2015-10-13,179892.0,230400.0,230800.0,222800.0,229600.0,966
2015-10-14,180516.6875,231200.0,234100.0,226700.0,230100.0,754
2015-10-15,171693.84375,219900.0,229600.0,219800.0,228500.0,1264
2015-10-16,169195.34375,216700.0,221500.0,216600.0,218300.0,612
2015-10-19,166462.625,213200.0,219300.0,212800.0,218000.0,501
2015-10-20,169117.25,216600.0,218700.0,213100.0,214500.0,493
2015-10-21,171928.09375,220200.0,220800.0,212600.0,213100.0,632
2015-10-22,161699.828125,207100.0,216500.0,206600.0,214500.0,998
2015-10-23,148192.34375,189800.0,193700.0,187100.0,190400.0,1213
2015-10-26,147801.921875,189300.0,192300.0,188200.0,190300.0,556
2015-10-27,146630.765625,187800.0,190900.0,187300.0,190800.0,490
2015-10-28,143351.5,183600.0,191800.0,183600.0,187100.0,753
2015-10-29,144054.171875,184500.0,186500.0,183400.0,186000.0,493
2015-10-30,145615.75,186500.0,186800.0,183100.0,184100.0,457
2015-11-02,140931.03125,180500.0,186500.0,179800.0,185400.0,576
2015-11-03,139369.46875,178500.0,182400.0,176600.0,181500.0,581
2015-11-04,139213.328125,178300.0,180600.0,176300.0,176700.0,525
2015-11-05,140540.65625,180000.0,182700.0,176700.0,177700.0,568
2015-11-06,140150.28125,179500.0,184300.0,178900.0,181000.0,549
2015-11-09,144522.640625,185100.0,188500.0,180900.0,181500.0,619
2015-11-10,145849.953125,186800.0,189900.0,186200.0,188600.0,512
2015-11-11,146240.375,187300.0,188300.0,182400.0,184900.0,523
2015-11-12,150690.859375,193000.0,193200.0,186900.0,190000.0,708
2015-11-13,159357.484375,204100.0,204500.0,194600.0,195200.0,1001
2015-11-16,152720.859375,195600.0,206200.0,195200.0,204800.0,842
2015-11-17,152408.53125,195200.0,196500.0,190800.0,194300.0,614
2015-11-18,143273.390625,183500.0,193300.0,183200.0,192600.0,691
2015-11-19,143351.5,183600.0,184500.0,180900.0,183500.0,595
2015-11-20,140306.421875,179700.0,181300.0,179300.0,180800.0,463
2015-11-23,141477.59375,181200.0,183400.0,177500.0,179400.0,436
2015-11-24,141711.8125,181500.0,187500.0,180400.0,184900.0,584
2015-11-25,141555.703125,181300.0,182400.0,180200.0,180800.0,226
2015-11-27,140618.734375,180100.0,182200.0,179300.0,180000.0,168
2015-11-30,141867.984375,181700.0,183500.0,178800.0,179000.0,362
2015-12-01,137651.796875,176300.0,180300.0,176300.0,179600.0,501
2015-12-02,140150.28125,179500.0,180400.0,173600.0,176000.0,500
2015-12-03,147333.484375,188700.0,191800.0,177200.0,178000.0,960
2015-12-04,137027.140625,175500.0,188100.0,174500.0,187000.0,1075
2015-12-07,138822.96875,177800.0,180300.0,174800.0,175100.0,579
2015-12-08,138588.71875,177500.0,183500.0,176000.0,183200.0,787
2015-12-09,144991.109375,185700.0,189000.0,177100.0,180200.0,928
2015-12-10,143039.15625,183200.0,186100.0,179600.0,184500.0,462
2015-12-11,152798.953125,195700.0,196200.0,188200.0,189500.0,921
2015-12-14,149519.625,191500.0,203400.0,191300.0,195300.0,1017
2015-12-15,146864.96875,188100.0,188700.0,183000.0,186300.0,657
2015-12-16,140384.484375,179800.0,189900.0,178700.0,184100.0,802
2015-12-17,144834.96875,185500.0,187500.0,177200.0,177200.0,710
2015-12-18,154594.734375,198000.0,198000.0,188100.0,189300.0,723
2015-12-21,149597.71875,191600.0,197100.0,191600.0,192800.0,443
2015-12-22,146943.0625,188200.0,191800.0,187200.0,188800.0,376
2015-12-23,143585.703125,183900.0,186100.0,183500.0,185200.0,378
2015-12-24,143429.546875,183700.0,184200.0,182500.0,184000.0,148
2015-12-28,143741.890625,184100.0,189200.0,184100.0,185200.0,351
2015-12-29,137261.375,175800.0,181400.0,174400.0,181000.0,514
2015-12-30,140852.953125,180400.0,180400.0,175900.0,176100.0,411
2015-12-31,145615.75,186500.0,187200.0,181200.0,182300.0,562
2016-01-04,154750.90625,198200.0,205800.0,198200.0,199700.0,918
2016-01-05,156312.484375,200200.0,202700.0,195200.0,195700.0,607
2016-01-06,160684.8125,205800.0,210500.0,202400.0,210500.0,636
2016-01-07,175675.828125,225000.0,225200.0,211100.0,218900.0,1259
2016-01-08,179735.90625,230200.0,231300.0,215800.0,220200.0,1124
2016-01-11,178486.640625,228600.0,239100.0,223600.0,225500.0,1028
2016-01-12,171693.84375,219900.0,230100.0,216900.0,221800.0,1035
2016-01-13,189886.078125,243200.0,244300.0,216300.0,217700.0,1203
2016-01-14,177627.78125,227500.0,252200.0,221200.0,240500.0,1717
2016-01-15,194180.375,248700.0,257500.0,241600.0,250200.0,1498
2016-01-19,193321.515625,247600.0,256100.0,237600.0,238900.0,1485
2016-01-20,194883.0625,249600.0,275300.0,241700.0,259100.0,2087
2016-01-21,194102.21875,248600.0,256600.0,237800.0,246500.0,1535
2016-01-22,177393.53125,227200.0,236400.0,227100.0,234000.0,1344
2016-01-25,185279.421875,237300.0,238100.0,225900.0,229800.0,985
2016-01-26,180360.53125,231000.0,240600.0,228000.0,234500.0,780
2016-01-27,193868.0625,248300.0,251200.0,232100.0,235000.0,1244
2016-01-28,185904.046875,238100.0,250600.0,235600.0,236300.0,1230
2016-01-29,173958.140625,222800.0,238300.0,222600.0,237500.0,1068
2016-02-01,172786.9375,221300.0,228600.0,218400.0,226100.0,764
2016-02-02,183483.640625,235000.0,237400.0,223900.0,223900.0,922
2016-02-03,186372.53125,238700.0,251000.0,230500.0,230500.0,1810
2016-02-04,186450.609375,238800.0,247300.0,233200.0,240800.0,1252
2016-02-05,205813.984375,263600.0,266600.0,241200.0,241300.0,1478
2016-02-08,215339.515625,275800.0,290300.0,272500.0,278400.0,2019
2016-02-09,217525.75,278600.0,288200.0,265900.0,286900.0,1772
2016-02-10,214871.03125,275200.0,275900.0,258000.0,268300.0,1583
2016-02-11,215261.453125,275700.0,288000.0,269800.0,285900.0,1581
2016-02-12,206048.203125,263900.0,274900.0,263100.0,267000.0,986
2016-02-16,192696.859375,246800.0,257000.0,246700.0,251900.0,947
2016-02-17,179189.359375,229500.0,242600.0,228300.0,240400.0,1136
2016-02-18,185123.3125,237100.0,238100.0,227100.0,227400.0,960
2016-02-19,183327.5,234800.0,242300.0,233000.0,240100.0,736
2016-02-22,174582.75,223600.0,229100.0,222900.0,228100.0,704
2016-02-23,183015.171875,234400.0,235000.0,225700.0,227700.0,757
2016-02-24,177862.03125,227800.0,247200.0,227000.0,242700.0,1260
2016-02-25,172865.015625,221400.0,232700.0,221400.0,226800.0,802
2016-02-26,173411.546875,222100.0,223600.0,216000.0,216800.0,791
2016-02-29,178174.375,228200.0,228200.0,217700.0,222900.0,670
2016-03-01,160919.03125,206100.0,223700.0,206100.0,221600.0,1183
2016-03-02,160762.90625,205900.0,210700.0,205800.0,207000.0,676
2016-03-03,161699.828125,207100.0,211400.0,206300.0,206600.0,688
2016-03-04,161543.6875,206900.0,210800.0,202800.0,206300.0,900
2016-03-07,164432.578125,210600.0,215000.0,206300.0,209900.0,910
2016-03-08,168492.609375,215800.0,216900.0,209400.0,215400.0,1123
2016-03-09,165369.53125,211800.0,217000.0,211500.0,213500.0,718
2016-03-10,165916.03125,212500.0,220900.0,205400.0,208400.0,1175
2016-03-11,157405.515625,201600.0,207800.0,201500.0,205900.0,881
2016-03-14,156546.671875,200500.0,203900.0,199000.0,203300.0,704
2016-03-15,156624.796875,200600.0,204500.0,200000.0,202800.0,638
2016-03-16,152408.53125,195200.0,202200.0,193700.0,202200.0,1003
2016-03-17,152877.015625,195800.0,199200.0,194300.0,197300.0,612
2016-03-18,151861.984375,194500.0,197900.0,193200.0,194500.0,757
2016-03-21,150300.4375,192500.0,196100.0,191900.0,196000.0,588
2016-03-22,148973.09375,190800.0,195700.0,189400.0,195400.0,652
2016-03-23,152564.671875,195400.0,196700.0,191400.0,191500.0,694
2016-03-24,152330.484375,195100.0,199300.0,195000.0,198900.0,614
2016-03-28,153111.25,196100.0,197100.0,193600.0,193700.0,395
2016-03-29,145771.921875,186700.0,198100.0,186200.0,197200.0,749
2016-03-30,143585.703125,183900.0,185100.0,180400.0,183400.0,1076
2016-03-31,144366.46875,184900.0,185500.0,182200.0,184300.0,547
2016-04-01,139525.640625,178700.0,188800.0,178600.0,187900.0,744
2016-04-04,141321.453125,181000.0,182100.0,178400.0,179400.0,582
2016-04-05,145147.296875,185900.0,186800.0,183000.0,185100.0,689
2016-04-06,138120.25,176900.0,185600.0,176800.0,185600.0,880
2016-04-07,144210.3125,184700.0,186700.0,179100.0,179800.0,870
2016-04-08,144522.640625,185100.0,186900.0,179800.0,181100.0,967
2016-04-11,146006.109375,187000.0,187000.0,179800.0,182500.0,832
2016-04-12,142258.390625,182200.0,190000.0,181200.0,186800.0,1247
2016-04-13,136870.96875,175300.0,178800.0,174500.0,178100.0,879
2016-04-14,136870.96875,175300.0,176700.0,173300.0,175200.0,637
2016-04-15,137885.953125,176600.0,177900.0,174500.0,176000.0,564
2016-04-18,135699.828125,173800.0,178400.0,173500.0,178000.0,502
2016-04-19,138198.328125,177000.0,179600.0,172500.0,172800.0,672
2016-04-20,137807.90625,176500.0,178700.0,174000.0,177000.0,589
2016-04-21,137807.90625,176500.0,178800.0,174500.0,176600.0,671
2016-04-22,143976.109375,184400.0,188500.0,180900.0,183000.0,884
2016-04-25,144054.171875,184500.0,187100.0,184400.0,186300.0,423
2016-04-26,145615.75,186500.0,188800.0,182300.0,183500.0,473
2016-04-27,149519.625,191500.0,196100.0,190300.0,192800.0,1004
2016-04-28,154828.984375,198300.0,199600.0,187500.0,190900.0,784
2016-04-29,157327.453125,201500.0,206400.0,197300.0,199000.0,1194
2016-05-02,153033.15625,196000.0,202600.0,195100.0,200300.0,630
2016-05-03,157249.40625,201400.0,203000.0,197500.0,200400.0,829
2016-05-04,160216.34375,205200.0,206800.0,202900.0,204900.0,713
2016-05-05,160450.609375,205500.0,206700.0,201800.0,203000.0,599
2016-05-06,157873.984375,202200.0,209100.0,202200.0,208600.0,754
2016-05-09,156702.84375,200700.0,202500.0,197700.0,202200.0,648
2016-05-10,150066.203125,192200.0,199400.0,192000.0,198300.0,550
2016-05-11,154126.25,197400.0,197700.0,191300.0,193000.0,561
2016-05-12,156234.390625,200100.0,204200.0,195300.0,195600.0,944
2016-05-13,157873.984375,202200.0,203400.0,197000.0,200500.0,882
2016-05-16,152096.203125,194800.0,201900.0,192500.0,201500.0,595
2016-05-17,157795.96875,202100.0,203600.0,193500.0,195000.0,934
2016-05-18,156000.125,199800.0,204500.0,196600.0,203300.0,1056
2016-05-19,158498.609375,203000.0,207300.0,200700.0,202300.0,981
2016-05-20,153267.4375,196300.0,200800.0,193800.0,200300.0,991
2016-05-23,154048.171875,197300.0,197500.0,193500.0,195700.0,377
2016-05-24,144600.71875,185200.0,193900.0,184500.0,193800.0,788
2016-05-25,141477.59375,181200.0,184000.0,179500.0,183000.0,656
2016-05-26,140228.359375,179600.0,181900.0,178900.0,180600.0,464
2016-05-27,137964.109375,176700.0,179300.0,176700.0,179300.0,423
2016-05-31,137183.328125,175700.0,178400.0,174900.0,176000.0,526
2016-06-01,137261.375,175800.0,177800.0,174500.0,177400.0,525
2016-06-02,136402.484375,174700.0,179500.0,174600.0,176900.0,440
2016-06-03,138198.328125,177000.0,180300.0,175400.0,175800.0,712
2016-06-06,136714.828125,175100.0,176900.0,173600.0,176000.0,359
2016-06-07,137651.796875,176300.0,176700.0,174300.0,174600.0,305
2016-06-08,137261.375,175800.0,177500.0,174500.0,175500.0,430
2016-06-09,137651.796875,176300.0,178700.0,175800.0,177700.0,543
2016-06-10,142180.296875,182100.0,184200.0,180200.0,180900.0,768
2016-06-13,145928.03125,186900.0,187600.0,182400.0,185600.0,821
2016-06-14,145849.953125,186800.0,191000.0,185000.0,188300.0,880
2016-06-15,147099.234375,188400.0,189500.0,184600.0,185400.0,704
2016-06-16,146006.109375,187000.0,195000.0,186300.0,191500.0,933
2016-06-17,150846.984375,193200.0,194700.0,187700.0,187700.0,683
2016-06-20,148270.4375,189900.0,190200.0,183900.0,186400.0,861
2016-06-21,146943.0625,188200.0,190100.0,186900.0,188900.0,460
2016-06-22,147645.78125,189100.0,189800.0,184400.0,187700.0,649
2016-06-23,141633.734375,181400.0,187300.0,181200.0,184500.0,633
2016-06-24,158889.03125,203500.0,204700.0,192500.0,201700.0,2228
2016-06-27,168180.28125,215400.0,218500.0,207800.0,207900.0,1717
2016-06-28,157483.59375,201700.0,208900.0,201500.0,208700.0,1229
2016-06-29,149207.3125,191100.0,197200.0,189800.0,196900.0,1208
2016-06-30,144132.21875,184600.0,192000.0,184200.0,190100.0,886
2016-07-01,141867.984375,181700.0,184800.0,179500.0,184600.0,700
2016-07-05,144444.546875,185000.0,187800.0,183700.0,184500.0,908
2016-07-06,140931.03125,180500.0,189300.0,180100.0,187700.0,1023
2016-07-07,139603.734375,178800.0,181300.0,177500.0,179900.0,633
2016-07-08,133123.234375,170500.0,176800.0,170200.0,176200.0,944
2016-07-11,130858.9453125,167600.0,168800.0,165700.0,168800.0,648
2016-07-12,128828.9375,165000.0,165700.0,163600.0,164600.0,607
2016-07-13,129765.8828125,166200.0,166300.0,163600.0,164000.0,542
2016-07-14,127111.2421875,162800.0,164100.0,161800.0,163000.0,516
2016-07-15,127891.9921875,163800.0,164700.0,161400.0,161800.0,395
2016-07-18,125237.3515625,160400.0,163400.0,159500.0,163400.0,554
2016-07-19,126564.6484375,162100.0,162900.0,160600.0,162000.0,380
2016-07-20,122192.3203125,156500.0,160100.0,155500.0,159600.0,580
2016-07-21,122895.0078125,157400.0,158800.0,155200.0,156100.0,458
2016-07-22,121489.59375,155600.0,158600.0,155000.0,157100.0,357
2016-07-25,121333.4140625,155400.0,157000.0,155300.0,156100.0,300
2016-07-26,121021.1171875,155000.0,157300.0,153200.0,155700.0,427
2016-07-27,118522.6328125,151800.0,153600.0,150500.0,151100.0,547
2016-07-28,117273.3828125,150200.0,152400.0,149600.0,151000.0,459
2016-07-29,116492.6015625,149200.0,150600.0,148000.0,149000.0,549
2016-08-01,114696.796875,146900.0,149400.0,145600.0,148900.0,580
2016-08-02,117273.3828125,150200.0,152900.0,147100.0,147500.0,802
2016-08-03,116024.1171875,148600.0,150800.0,148600.0,150800.0,398
2016-08-04,115165.25,147500.0,149900.0,146900.0,148700.0,379
2016-08-05,111729.828125,143100.0,145600.0,142100.0,145100.0,445
2016-08-08,112120.234375,143600.0,145000.0,142700.0,143200.0,301
2016-08-09,111261.3359375,142500.0,143600.0,141200.0,143300.0,632
2016-08-10,112120.234375,143600.0,144800.0,142300.0,142500.0,329
2016-08-11,110792.8828125,141900.0,143100.0,140800.0,142300.0,279
2016-08-12,110480.609375,141500.0,143000.0,141500.0,142600.0,301
2016-08-15,109153.25,139800.0,141100.0,138800.0,140900.0,386
2016-08-16,110792.8828125,141900.0,142100.0,140500.0,140600.0,345
2016-08-17,110324.40625,141300.0,144300.0,141100.0,142000.0,522
2016-08-18,110246.3515625,141200.0,142400.0,140600.0,141700.0,291
2016-08-19,110324.40625,141300.0,143100.0,140300.0,141900.0,530
2016-08-22,110168.2734375,141100.0,142700.0,140200.0,142000.0,400
2016-08-23,109465.5625,140200.0,140400.0,138600.0,139400.0,370
2016-08-24,111729.828125,143100.0,144400.0,140000.0,140600.0,515
2016-08-25,112120.234375,143600.0,144600.0,142300.0,144200.0,519
2016-08-26,111651.734375,143000.0,145600.0,140200.0,143400.0,1044
2016-08-29,111183.28125,142400.0,143000.0,141200.0,142900.0,405
2016-08-30,112198.3125,143700.0,145200.0,141800.0,143100.0,589
2016-08-31,112588.6953125,144200.0,146100.0,143800.0,144500.0,545
2016-09-01,111807.890625,143200.0,146200.0,142600.0,144000.0,697
2016-09-02,110714.8046875,141800.0,143300.0,140100.0,141000.0,554
2016-09-06,108606.703125,139100.0,142000.0,139100.0,141000.0,615
2016-09-07,108450.546875,138900.0,140400.0,138100.0,138700.0,371
2016-09-08,110324.40625,141300.0,142400.0,139900.0,139900.0,433
2016-09-09,118600.703125,151900.0,151900.0,143900.0,144900.0,1303
2016-09-12,112276.3671875,143800.0,154600.0,143100.0,154600.0,1503
2016-09-13,115243.3515625,147600.0,149600.0,144600.0,146000.0,1459
2016-09-14,113525.609375,145400.0,147300.0,143000.0,147300.0,890
2016-09-15,108372.4375,138800.0,145400.0,138100.0,145200.0,1021
2016-09-16,108606.703125,139100.0,141000.0,138500.0,139100.0,698
2016-09-19,109777.8828125,140600.0,141500.0,136500.0,138000.0,632
2016-09-20,109231.296875,139900.0,140700.0,138200.0,139200.0,439
2016-09-21,106030.125,135800.0,140600.0,135200.0,138200.0,1085
2016-09-22,103531.6171875,132600.0,133800.0,132100.0,133400.0,627
2016-09-23,105483.5859375,135100.0,135600.0,133100.0,133300.0,549
2016-09-26,108138.234375,138500.0,139100.0,136900.0,137600.0,673
2016-09-27,104937.0390625,134400.0,139200.0,134200.0,138700.0,563
2016-09-28,104312.390625,133600.0,135800.0,133500.0,133900.0,490
2016-09-29,106576.6796875,136500.0,138300.0,133600.0,134500.0,945
2016-09-30,104390.484375,133700.0,136000.0,132300.0,135600.0,652
2016-10-03,104624.7265625,134000.0,135700.0,133600.0,134200.0,622
2016-10-04,105171.25,134700.0,136200.0,132000.0,133000.0,799
2016-10-05,104000.078125,133200.0,133700.0,132000.0,133700.0,502
2016-10-06,104234.3125,133500.0,135400.0,132600.0,133900.0,539
2016-10-07,104858.96875,134300.0,136300.0,132500.0,133200.0,620
2016-10-10,102828.9296875,131700.0,132400.0,130900.0,132400.0,460
2016-10-11,107201.2890625,137300.0,139200.0,132100.0,132400.0,801
2016-10-12,107513.6015625,137700.0,139100.0,136300.0,137300.0,642
2016-10-13,108606.703125,139100.0,143000.0,138100.0,140700.0,913
2016-10-14,108450.546875,138900.0,139100.0,135500.0,137200.0,605
2016-10-17,109309.3828125,140000.0,140500.0,138300.0,139100.0,572
2016-10-18,106264.375,136100.0,136400.0,134200.0,134900.0,639
2016-10-19,106498.6015625,136400.0,137000.0,135600.0,136400.0,423
2016-10-20,106732.8046875,136700.0,139100.0,135800.0,136900.0,485
2016-10-21,105639.734375,135300.0,137700.0,134900.0,136500.0,415
2016-10-24,101813.90625,130400.0,132600.0,130100.0,132500.0,764
2016-10-25,102828.9296875,131700.0,132200.0,130000.0,130100.0,489
2016-10-26,104702.7890625,134100.0,135400.0,132000.0,134300.0,574
2016-10-27,106186.2734375,136000.0,136600.0,132200.0,132300.0,575
2016-10-28,108138.234375,138500.0,139800.0,135200.0,137300.0,959
2016-10-31,108606.703125,139100.0,139200.0,137100.0,137100.0,425
2016-11-01,110949.03125,142100.0,145800.0,138300.0,138400.0,875
2016-11-02,113603.6953125,145500.0,146600.0,141500.0,142300.0,982
2016-11-03,116961.0625,149800.0,150400.0,144900.0,146400.0,824
2016-11-04,118288.3828125,151500.0,152300.0,147900.0,151000.0,889
2016-11-07,109699.8125,140500.0,144800.0,140200.0,144100.0,997
2016-11-08,107747.828125,138000.0,142100.0,136000.0,141200.0,740
2016-11-09,106108.1875,135900.0,143200.0,135300.0,142900.0,2194
2016-11-10,111339.4375,142600.0,148000.0,133400.0,134000.0,2622
2016-11-11,111027.125,142200.0,145900.0,141400.0,144700.0,1218
2016-11-14,114462.546875,146600.0,148900.0,141800.0,142200.0,1054
2016-11-15,109777.8828125,140600.0,143900.0,139100.0,143400.0,1112
2016-11-16,107747.828125,138000.0,142600.0,137800.0,142500.0,612
2016-11-17,105483.5859375,135100.0,139100.0,135000.0,138200.0,759
2016-11-18,106654.75,136600.0,137000.0,133900.0,134800.0,470
2016-11-21,103375.4609375,132400.0,135900.0,132000.0,135900.0,695
2016-11-22,102360.453125,131100.0,132100.0,130200.0,131000.0,466
2016-11-23,103531.6171875,132600.0,134400.0,132000.0,132400.0,627
2016-11-25,102672.7578125,131500.0,132700.0,131300.0,132300.0,231
2016-11-28,103297.390625,132300.0,132700.0,130500.0,132000.0,536
2016-11-29,102204.28125,130900.0,133100.0,129100.0,132000.0,871
2016-11-30,106030.125,135800.0,135800.0,130300.0,130500.0,774
2016-12-01,111261.3359375,142500.0,143400.0,135800.0,135800.0,908
2016-12-02,110792.8828125,141900.0,143700.0,140200.0,142500.0,665
2016-12-05,108060.1796875,138400.0,141700.0,136900.0,139600.0,564
2016-12-06,107513.6015625,137700.0,139300.0,136900.0,137500.0,301
2016-12-07,103297.390625,132300.0,139700.0,131900.0,138500.0,904
2016-12-08,102828.9296875,131700.0,133000.0,130700.0,132200.0,1025
2016-12-09,100564.65625,128800.0,130300.0,128500.0,130300.0,887
2016-12-12,101735.8125,130300.0,132000.0,129600.0,130300.0,713
2016-12-13,97831.90625,125300.0,129200.0,123300.0,129100.0,1399
2016-12-14,98456.5390625,126100.0,127300.0,123700.0,125000.0,1393
2016-12-15,97831.90625,125300.0,126600.0,123400.0,125700.0,1080
2016-12-16,99081.1640625,126900.0,127700.0,124100.0,124900.0,748
2016-12-19,97909.9921875,125400.0,127200.0,123100.0,126600.0,627
2016-12-20,96738.828125,123900.0,124700.0,123300.0,124500.0,397
2016-12-21,97051.109375,124300.0,125200.0,123700.0,123900.0,347
2016-12-22,97988.0625,125500.0,126800.0,124200.0,124200.0,441
2016-12-23,97597.671875,125000.0,126400.0,125000.0,126000.0,310
2016-12-27,96270.3515625,123300.0,124600.0,121000.0,124500.0,661
2016-12-28,98456.5390625,126100.0,126300.0,122100.0,122500.0,831
2016-12-29,98925.015625,126700.0,127800.0,125300.0,126200.0,566
2016-12-30,101735.8125,130300.0,131600.0,126000.0,126100.0,1196
2017-01-03,99237.3203125,127100.0,129200.0,125500.0,127800.0,860
2017-01-04,97519.6171875,124900.0,126600.0,124200.0,126600.0,827
2017-01-05,96036.1015625,123000.0,125200.0,122600.0,125100.0,589
2017-01-06,93381.4609375,119600.0,123400.0,118600.0,122400.0,888
2017-01-09,92522.5859375,118500.0,119600.0,117800.0,119300.0,663
2017-01-10,91897.9765625,117700.0,119100.0,116600.0,118500.0,773
2017-01-11,91273.359375,116900.0,119400.0,116700.0,117500.0,732
2017-01-12,91566.140625,117275.0,120525.0,117075.0,118000.0,1715
2017-01-13,90590.1640625,116025.0,117075.0,115500.0,117075.0,1291
2017-01-17,91449.03125,117125.0,118125.0,116450.0,117100.0,1405
2017-01-18,90922.015625,116450.0,117525.0,116100.0,116650.0,995
2017-01-19,91000.078125,116550.0,117325.0,114725.0,116025.0,1129
2017-01-20,90394.96875,115775.0,116750.0,114175.0,115150.0,1533
2017-01-23,90277.8515625,115625.0,117750.0,115075.0,116150.0,1092
2017-01-24,88403.984375,113225.0,115450.0,112700.0,114875.0,981
2017-01-25,85710.296875,109775.0,111400.0,109750.0,111225.0,1181
2017-01-26,85456.5234375,109450.0,110050.0,108800.0,109400.0,1004
2017-01-27,84968.5390625,108825.0,109925.0,108550.0,108850.0,702
2017-01-30,86940.015625,111350.0,113200.0,109950.0,110025.0,1015
2017-01-31,87467.03125,112025.0,114025.0,112025.0,112525.0,1130
2017-02-01,85671.234375,109725.0,111300.0,109125.0,109800.0,998
2017-02-02,85944.53125,110075.0,111300.0,109125.0,110350.0,943
2017-02-03,85222.296875,109150.0,110075.0,108800.0,109675.0,805
2017-02-06,84909.984375,108750.0,110000.0,108700.0,109825.0,648
2017-02-07,83973.0625,107550.0,108375.0,106900.0,108150.0,894
2017-02-08,83582.6484375,107050.0,108625.0,106625.0,108000.0,847
2017-02-09,82645.7265625,105850.0,106900.0,105175.0,106675.0,1110
2017-02-10,81845.390625,104825.0,105725.0,104375.0,105275.0,1030
2017-02-13,80440.015625,103025.0,103975.0,102650.0,103875.0,952
2017-02-14,79620.1875,101975.0,103900.0,101975.0,102950.0,1190
2017-02-15,78253.8203125,100225.0,102400.0,100075.0,102175.0,1142
2017-02-16,78312.3984375,100300.0,101100.0,99450.0,100050.0,1229
2017-02-17,77336.3984375,99050.0,100800.0,99025.0,100750.0,1276
2017-02-21,76165.2421875,97550.0,98625.0,97350.0,98500.0,911
2017-02-22,76067.6328125,97425.0,98325.0,97275.0,97875.0,712
2017-02-23,76946.0078125,98550.0,99750.0,97050.0,97050.0,1079
2017-02-24,76516.578125,98000.0,99975.0,98000.0,99775.0,1093
2017-02-27,76223.796875,97625.0,99050.0,97625.0,98525.0,675
2017-02-28,76867.9375,98450.0,99350.0,97575.0,97725.0,863
2017-03-01,74388.9609375,95275.0,97200.0,94775.0,96725.0,1662
2017-03-02,75521.0859375,96725.0,97050.0,95300.0,95350.0,783
2017-03-03,75111.1875,96200.0,97725.0,96125.0,97025.0,641
2017-03-06,75579.6484375,96800.0,98000.0,96375.0,97225.0,711
2017-03-07,76009.078125,97350.0,97850.0,96075.0,97475.0,702
2017-03-08,75599.1640625,96825.0,97450.0,95925.0,97275.0,936
2017-03-09,75423.4921875,96600.0,98175.0,96200.0,96900.0,820
2017-03-10,74506.0546875,95425.0,96675.0,94950.0,95325.0,936
2017-03-13,74076.6640625,94875.0,95675.0,94875.0,95525.0,587
2017-03-14,74681.75,95650.0,96775.0,95475.0,95550.0,626
2017-03-15,73315.3828125,93900.0,95950.0,93225.0,95075.0,1264
2017-03-16,73412.9765625,94025.0,94700.0,93350.0,93350.0,875
2017-03-17,73627.6875,94300.0,94325.0,93425.0,93825.0,616
2017-03-20,73334.890625,93925.0,94650.0,93300.0,94250.0,644
2017-03-21,76633.71875,98150.0,98375.0,92600.0,92875.0,2101
2017-03-22,75150.21875,96250.0,98550.0,95950.0,98075.0,1940
2017-03-23,75696.7578125,96950.0,97450.0,95825.0,96600.0,1108
2017-03-24,75228.2890625,96350.0,97500.0,94925.0,96075.0,1313
2017-03-27,74876.9609375,95900.0,99100.0,95425.0,98475.0,1218
2017-03-28,73471.53125,94100.0,96550.0,93300.0,96075.0,975
2017-03-29,72515.0703125,92875.0,94250.0,92775.0,93975.0,751
2017-03-30,72144.2109375,92400.0,93250.0,92100.0,92925.0,703
2017-03-31,72319.8828125,92625.0,93125.0,91850.0,92800.0,640
2017-04-03,72437.0,92775.0,94325.0,91725.0,92400.0,1191
2017-04-04,72105.15625,92350.0,93650.0,92300.0,93625.0,665
2017-04-05,72983.5703125,93475.0,94000.0,90350.0,91975.0,1823
2017-04-06,72866.4375,93325.0,94075.0,92625.0,93200.0,1156
2017-04-07,72983.5703125,93475.0,94500.0,92650.0,93500.0,1065
2017-04-10,72905.46875,93375.0,94150.0,92250.0,93250.0,903
2017-04-11,73803.375,94525.0,96625.0,93275.0,93725.0,1365
2017-04-12,74759.8125,95750.0,96075.0,94450.0,94650.0,989
2017-04-13,75657.7265625,96900.0,96950.0,94525.0,96150.0,1120
2017-04-17,73803.375,94525.0,96225.0,94500.0,96150.0,755
2017-04-18,74096.171875,94900.0,95675.0,94150.0,95525.0,854
2017-04-19,73783.8359375,94500.0,94925.0,92825.0,93800.0,1022
2017-04-20,72027.0859375,92250.0,93825.0,91550.0,93400.0,1368
2017-04-21,72007.5703125,92225.0,92925.0,91825.0,91950.0,783
2017-04-24,69430.9765625,88925.0,89650.0,88675.0,89225.0,1141
2017-04-25,67928.0,87000.0,88300.0,86525.0,88100.0,1218
2017-04-26,68181.734375,87325.0,87500.0,86300.0,86950.0,916
2017-04-27,67010.5625,85825.0,86925.0,85825.0,86700.0,806
2017-04-28,66639.6875,85350.0,85775.0,84675.0,84850.0,815
2017-05-01,64941.49609375,83175.0,84625.0,82775.0,84575.0,1002
2017-05-02,64570.6328125,82700.0,83400.0,82575.0,82800.0,780
2017-05-03,65195.25390625,83500.0,84150.0,83200.0,83225.0,1007
2017-05-04,65097.65234375,83375.0,84250.0,83050.0,83450.0,973
2017-05-05,64414.46875,82500.0,83700.0,82500.0,82775.0,628
2017-05-08,63985.02734375,81950.0,82875.0,81950.0,82400.0,476
2017-05-09,63321.375,81100.0,81775.0,80550.0,81600.0,1278
2017-05-10,63223.7890625,80975.0,81825.0,80875.0,81000.0,733
2017-05-11,63379.92578125,81175.0,82725.0,81100.0,81625.0,907
2017-05-12,62930.97265625,80600.0,81250.0,80575.0,81050.0,682
2017-05-15,62364.9375,79875.0,80725.0,79750.0,80575.0,603
2017-05-16,61603.66015625,78900.0,79950.0,78875.0,79300.0,744
2017-05-17,66268.828125,84875.0,84925.0,80300.0,80750.0,2811
2017-05-18,64551.109375,82675.0,85300.0,81850.0,84925.0,2159
2017-05-19,63750.80859375,81650.0,81950.0,80600.0,81900.0,1211
2017-05-22,62130.69140625,79575.0,81200.0,79475.0,81150.0,865
2017-05-23,61974.53125,79375.0,79950.0,78875.0,78875.0,819
2017-05-24,61115.67578125,78275.0,79325.0,78175.0,78650.0,710
2017-05-25,59573.625,76300.0,77925.0,75700.0,77350.0,1354
2017-05-26,59261.31640625,75900.0,76575.0,75800.0,76225.0,623
2017-05-30,59124.66796875,75725.0,76150.0,75450.0,76025.0,583
2017-05-31,59222.265625,75850.0,76950.0,74925.0,74975.0,1204
2017-06-01,58461.01171875,74875.0,76275.0,74850.0,75325.0,957
2017-06-02,56489.5390625,72350.0,74500.0,72325.0,74150.0,1678
2017-06-05,56528.578125,72400.0,72725.0,72025.0,72375.0,594
2017-06-06,57211.7734375,73275.0,73600.0,71975.0,72600.0,1119
2017-06-07,56548.08984375,72425.0,73675.0,72250.0,72675.0,1017
2017-06-08,56352.90625,72175.0,73375.0,71850.0,71900.0,1200
2017-06-09,60510.55859375,77500.0,80425.0,71700.0,71925.0,5265
2017-06-12,61545.0859375,78825.0,81800.0,78475.0,79500.0,5889
2017-06-13,60100.64453125,76975.0,78775.0,76650.0,77500.0,2702
2017-06-14,60861.91015625,77950.0,79850.0,76050.0,76075.0,3829
2017-06-15,61701.265625,79025.0,81800.0,78775.0,80400.0,3693
2017-06-16,62443.0,79975.0,80950.0,79200.0,79200.0,1757
2017-06-19,59436.984375,76125.0,78125.0,75875.0,77825.0,2125
2017-06-20,60783.82421875,77850.0,77950.0,76050.0,76350.0,1803
2017-06-21,59046.6015625,75625.0,77500.0,75500.0,77400.0,1924
2017-06-22,59066.1328125,75650.0,76250.0,74825.0,75300.0,1524
2017-06-23,58421.98046875,74825.0,76550.0,74525.0,75950.0,1230
2017-06-26,59202.76953125,75825.0,76325.0,73150.0,73550.0,1857
2017-06-27,62384.44140625,79900.0,79975.0,76450.0,76750.0,2929
2017-06-28,59807.8671875,76600.0,80500.0,76350.0,79125.0,2750
2017-06-29,62852.90625,80500.0,82750.0,77525.0,77550.0,4432
2017-06-30,63009.078125,80700.0,81225.0,79225.0,79900.0,2631
2017-07-03,64765.83203125,82950.0,83175.0,79075.0,79375.0,1950
2017-07-05,62970.01953125,80650.0,83100.0,79925.0,82325.0,2387
2017-07-06,64590.1484375,82725.0,83625.0,81425.0,82450.0,3340
2017-07-07,62638.18359375,80225.0,81975.0,79450.0,81975.0,2230
2017-07-10,61349.90234375,78575.0,80600.0,78000.0,79950.0,1430
2017-07-11,60861.91015625,77950.0,79800.0,77600.0,78950.0,1627
2017-07-12,58675.734375,75150.0,76400.0,74875.0,75900.0,2232
2017-07-13,58304.86328125,74675.0,75300.0,74125.0,74900.0,2154
2017-07-14,56938.48828125,72925.0,74375.0,72625.0,73775.0,2336
2017-07-17,56860.40625,72825.0,73225.0,72050.0,72725.0,1525
2017-07-18,55747.7890625,71400.0,73650.0,71325.0,72975.0,1906
2017-07-19,54732.78125,70100.0,70825.0,69800.0,70750.0,1666
2017-07-20,54498.55078125,69800.0,70800.0,69425.0,69625.0,2051
2017-07-21,54557.09765625,69875.0,71025.0,69875.0,70575.0,1558
2017-07-24,53873.9140625,69000.0,70225.0,68825.0,69975.0,1435
2017-07-25,54244.79296875,69475.0,70050.0,69025.0,69625.0,1267
2017-07-26,53756.80078125,68850.0,69300.0,68725.0,69000.0,1331
2017-07-27,54693.74609375,70050.0,72500.0,67300.0,67475.0,5522
2017-07-28,54908.4609375,70325.0,71750.0,69975.0,71325.0,3015
2017-07-31,55650.20703125,71275.0,71700.0,69475.0,69750.0,2076
2017-08-01,55259.80078125,70775.0,71425.0,70450.0,70550.0,1593
2017-08-02,54830.37890625,70225.0,72175.0,69350.0,69425.0,3531
2017-08-03,55435.484375,71000.0,71400.0,69950.0,69950.0,2563
2017-08-04,55181.734375,70675.0,71500.0,70150.0,70650.0,2123
2017-08-07,54166.70703125,69375.0,70550.0,69300.0,70250.0,1491
2017-08-08,54439.9921875,69725.0,70275.0,68000.0,69700.0,2679
2017-08-09,54596.14453125,69925.0,71875.0,69875.0,71425.0,2681
2017-08-10,58148.69921875,74475.0,74675.0,71025.0,71175.0,4834
2017-08-11,56840.890625,72800.0,74675.0,72300.0,74150.0,3721
2017-08-14,54654.69140625,70000.0,71125.0,69625.0,71125.0,2422
2017-08-15,54518.06640625,69825.0,70400.0,69425.0,69575.0,2002
2017-08-16,54264.296875,69500.0,70175.0,68475.0,69325.0,2432
2017-08-17,57582.625,73750.0,73750.0,70000.0,70300.0,4422
2017-08-18,57758.30859375,73975.0,74825.0,72400.0,73650.0,4360
2017-08-21,57933.97265625,74200.0,75600.0,73450.0,73925.0,2836
2017-08-22,55337.88671875,70875.0,73075.0,70600.0,73050.0,2400
2017-08-23,55923.46875,71625.0,72100.0,71125.0,71925.0,1990
2017-08-24,56430.98828125,72275.0,73450.0,70875.0,71125.0,3032
2017-08-25,56782.3359375,72725.0,73000.0,70900.0,71450.0,2411
2017-08-28,56313.86328125,72125.0,72750.0,71525.0,72075.0,1694
2017-08-29,55572.11328125,71175.0,74100.0,70850.0,73875.0,2707
2017-08-30,53678.71875,68750.0,71175.0,68375.0,71075.0,3435
2017-08-31,52136.67578125,66775.0,68250.0,66525.0,68125.0,2761
2017-09-01,52136.67578125,66775.0,67325.0,66000.0,66250.0,2158
2017-09-05,53542.09375,68575.0,70100.0,66975.0,67425.0,4867
2017-09-06,53112.65625,68025.0,69475.0,67500.0,67975.0,2675
2017-09-07,52741.79296875,67550.0,68275.0,67000.0,67575.0,2695
2017-09-08,54049.59765625,69225.0,69475.0,67700.0,67800.0,2103
2017-09-11,52331.8828125,67025.0,67700.0,66550.0,67700.0,2418
2017-09-12,51863.41015625,66425.0,67375.0,66150.0,66350.0,2053
2017-09-13,51687.73046875,66200.0,67100.0,66125.0,66750.0,1621
2017-09-14,52566.12109375,67325.0,67450.0,66350.0,66875.0,1689
2017-09-15,52078.12109375,66700.0,67700.0,65900.0,67400.0,2070
2017-09-18,52253.79296875,66925.0,67525.0,65800.0,66425.0,2125
2017-09-19,51980.5234375,66575.0,67250.0,66300.0,66575.0,1205
2017-09-20,52448.99609375,67175.0,68725.0,66425.0,66700.0,2996
2017-09-21,53444.49609375,68450.0,69150.0,67350.0,67350.0,2806
2017-09-22,53600.64453125,68650.0,69325.0,68350.0,69150.0,1908
2017-09-25,55259.80078125,70775.0,71850.0,69375.0,69500.0,4205
2017-09-26,54888.94140625,70300.0,71025.0,69325.0,69725.0,2709
2017-09-27,53385.9375,68375.0,69700.0,67600.0,69200.0,3139
2017-09-28,53503.04296875,68525.0,69350.0,68250.0,68875.0,1850
2017-09-29,52331.8828125,67025.0,68600.0,66875.0,68050.0,2353
2017-10-02,52175.71875,66825.0,67750.0,66025.0,66700.0,2115
2017-10-03,51863.41015625,66425.0,67000.0,66175.0,66600.0,1662
2017-10-04,51707.23828125,66225.0,66975.0,65800.0,66800.0,2051
2017-10-05,50223.765625,64325.0,65750.0,64225.0,65525.0,2797
2017-10-06,50028.578125,64075.0,64950.0,64050.0,64925.0,2581
2017-10-09,50165.2109375,64250.0,64500.0,63575.0,63775.0,1507
2017-10-10,50067.61328125,64125.0,65000.0,63425.0,63600.0,1717
2017-10-11,49618.66015625,63550.0,64475.0,63525.0,64200.0,1427
2017-10-12,49930.97265625,63950.0,64125.0,63175.0,63825.0,1532
2017-10-13,49364.90625,63225.0,63400.0,62950.0,63125.0,1494
2017-10-16,48857.39453125,62575.0,63150.0,62500.0,62725.0,1400
2017-10-17,48701.24609375,62375.0,62900.0,62300.0,62650.0,1344
2017-10-18,48837.8828125,62550.0,62825.0,62100.0,62100.0,1637
2017-10-19,49403.94140625,63275.0,64575.0,63225.0,63600.0,2074
2017-10-20,49013.5546875,62775.0,62975.0,62300.0,62475.0,1394
2017-10-23,49970.015625,64000.0,64250.0,62350.0,62375.0,2529
2017-10-24,49696.7421875,63650.0,64375.0,63250.0,63650.0,1860
2017-10-25,50301.84375,64425.0,65800.0,63425.0,64050.0,3252
2017-10-26,50750.80078125,65000.0,65075.0,64050.0,64475.0,2069
2017-10-27,46358.90234375,59375.0,62050.0,59000.0,61875.0,5566
2017-10-30,46027.07421875,58950.0,59675.0,58250.0,59575.0,3501
2017-10-31,45539.08203125,58325.0,58900.0,58050.0,58425.0,2024
2017-11-01,45597.640625,58400.0,59025.0,57500.0,57600.0,2404
2017-11-02,45851.390625,58725.0,59900.0,58500.0,58575.0,2294
2017-11-03,44543.59375,57050.0,58675.0,57000.0,58000.0,2370
2017-11-06,44094.62890625,56475.0,57225.0,56400.0,57150.0,1557
2017-11-07,44036.078125,56400.0,56950.0,56150.0,56600.0,2373
2017-11-08,43470.0078125,55675.0,56675.0,55650.0,56425.0,1789
2017-11-09,44192.2265625,56600.0,58275.0,56475.0,57050.0,4587
2017-11-10,44172.71875,56575.0,57275.0,56450.0,56975.0,1784
2017-11-13,44016.5625,56375.0,57225.0,56150.0,57200.0,1651
2017-11-14,44485.015625,56975.0,57800.0,56800.0,57000.0,2632
2017-11-15,45168.20703125,57850.0,58700.0,57350.0,57750.0,2867
2017-11-16,43411.453125,55600.0,56925.0,55200.0,56900.0,3081
2017-11-17,43938.4765625,56275.0,56400.0,55450.0,55575.0,2059
2017-11-20,44036.078125,56400.0,56625.0,55975.0,56125.0,1036
2017-11-21,42611.1484375,54575.0,55650.0,54500.0,55600.0,2184
2017-11-22,42454.9921875,54375.0,54725.0,54225.0,54425.0,1054
2017-11-24,41986.53125,53775.0,54300.0,53750.0,54200.0,746
2017-11-27,42045.0703125,53850.0,54225.0,53475.0,53875.0,1433
2017-11-28,41732.7734375,53450.0,54375.0,53375.0,53500.0,2616
2017-11-29,43899.4453125,56225.0,56975.0,53625.0,53625.0,5438
2017-11-30,42845.3828125,54875.0,55925.0,54550.0,55550.0,3526
2017-12-01,43372.4140625,55550.0,57925.0,54775.0,55875.0,5360
2017-12-04,44894.9296875,57500.0,57625.0,54325.0,54500.0,4092
2017-12-05,44797.33984375,57375.0,58150.0,55400.0,57575.0,3761
2017-12-06,44231.265625,56650.0,58225.0,56350.0,58025.0,2816
2017-12-07,43762.79296875,56050.0,56800.0,55575.0,56625.0,2562
2017-12-08,43216.25390625,55350.0,55575.0,54400.0,54800.0,2014
2017-12-11,42181.71875,54025.0,55275.0,53975.0,55275.0,1933
2017-12-12,42376.9140625,54275.0,54600.0,53775.0,54125.0,1809
2017-12-13,42142.6796875,53975.0,54200.0,53425.0,53625.0,1847
2017-12-14,42240.28515625,54100.0,54250.0,53300.0,53700.0,1810
2017-12-15,40834.8671875,52300.0,53725.0,52050.0,53450.0,2711
2017-12-18,39780.82421875,50950.0,51500.0,50800.0,51275.0,2126
2017-12-19,40444.48046875,51800.0,52250.0,51075.0,51225.0,2654
2017-12-20,40620.15625,52025.0,52625.0,51275.0,51300.0,2051
2017-12-21,40639.671875,52050.0,52200.0,51350.0,51825.0,1520
2017-12-22,40776.3125,52225.0,52625.0,52150.0,52250.0,1619
2017-12-26,41421.37890625,52975.0,53550.0,52800.0,52975.0,1153
2017-12-27,41421.37890625,52975.0,53150.0,52550.0,53000.0,1059
2017-12-28,41323.640625,52850.0,53000.0,52475.0,52500.0,868
2017-12-29,42046.91015625,53775.0,53875.0,52675.0,52675.0,1863
2018-01-02,39896.6640625,51025.0,53400.0,50950.0,53025.0,2717
2018-01-03,38723.8125,49525.0,50850.0,49400.0,50850.0,2606
2018-01-04,38528.33984375,49275.0,49450.0,48800.0,48975.0,1808
2018-01-05,37375.01953125,47800.0,48850.0,47675.0,48575.0,2720
2018-01-08,36944.98046875,47250.0,47825.0,47150.0,47775.0,1370
2018-01-09,36925.4375,47225.0,47650.0,46800.0,46950.0,2237
2018-01-10,37199.1015625,47575.0,48475.0,47525.0,47875.0,2614
2018-01-11,36436.74609375,46600.0,47525.0,46600.0,47300.0,1964
2018-01-12,35674.39453125,45625.0,46875.0,45425.0,46750.0,2170
2018-01-16,35948.05078125,45975.0,46375.0,43975.0,44675.0,4346
2018-01-17,34814.29296875,44525.0,46000.0,44275.0,45400.0,3276
2018-01-18,34775.1875,44475.0,45025.0,44175.0,44700.0,2776
2018-01-19,34462.4453125,44075.0,44725.0,43875.0,44100.0,2261
2018-01-22,33367.765625,42675.0,44250.0,42675.0,44100.0,2320
2018-01-23,32546.76953125,41625.0,42325.0,41500.0,42275.0,2441
2018-01-24,33172.28515625,42425.0,43125.0,41075.0,41400.0,4987
2018-01-25,33230.93359375,42500.0,42900.0,41525.0,41575.0,3561
2018-01-26,31764.869140625,40625.0,42050.0,40600.0,41775.0,3285
2018-01-29,32194.91796875,41175.0,41400.0,40550.0,40825.0,3334
2018-01-30,32937.71484375,42125.0,42800.0,41625.0,42300.0,4591
2018-01-31,32605.41015625,41700.0,42450.0,41200.0,41475.0,3741
2018-02-01,33406.86328125,42725.0,43125.0,41425.0,42600.0,3605
2018-02-02,35381.17578125,45250.0,45350.0,42950.0,43225.0,6662
2018-02-05,39486.16796875,50500.0,50700.0,44325.0,46525.0,11642
2018-02-06,36436.74609375,46600.0,53475.0,46425.0,52775.0,11705
2018-02-07,37805.078125,48350.0,48425.0,45575.0,47050.0,6136
2018-02-08,42555.1484375,54425.0,54550.0,47900.0,47950.0,10847
2018-02-09,40522.1953125,51825.0,58150.0,50575.0,52250.0,14134
2018-02-12,38274.21875,48950.0,51425.0,47975.0,50250.0,9880
2018-02-13,37785.53125,48325.0,50075.0,47975.0,49875.0,4152
2018-02-14,35557.1015625,45475.0,49200.0,45350.0,49100.0,6739
2018-02-15,33758.7265625,43175.0,45800.0,43125.0,44375.0,6133
2018-02-16,34051.93359375,43550.0,43875.0,42250.0,43500.0,6737
2018-02-20,33973.73828125,43450.0,44175.0,42300.0,44125.0,5700
2018-02-21,34247.4140625,43800.0,43800.0,41500.0,42825.0,6140
2018-02-22,34188.7734375,43725.0,44125.0,42525.0,43175.0,6797
2018-02-23,32175.3671875,41150.0,43300.0,41150.0,42775.0,5841
2018-02-26,30924.314453125,39550.0,40650.0,39525.0,40550.0,4722
2018-02-27,32058.0859375,41000.0,41000.0,39275.0,39500.0,7224
2018-02-28,32664.056640625,41775.0,41800.0,39850.0,40275.0,6539
2018-03-01,34227.86328125,43775.0,44925.0,41125.0,41675.0,11716
2018-03-02,33328.671875,42625.0,45850.0,42400.0,45325.0,8692
2018-03-05,32273.095703125,41275.0,43700.0,40875.0,43225.0,5877
2018-03-06,31843.056640625,40725.0,41500.0,40275.0,40675.0,5892
2018-03-07,31608.48046875,40425.0,41850.0,40300.0,41625.0,6102
2018-03-08,31119.783203125,39800.0,40425.0,39675.0,39975.0,4301
2018-03-09,29360.513671875,37550.0,39125.0,37525.0,38950.0,4745
2018-03-12,28930.458984375,37000.0,37400.0,36600.0,37150.0,4816
2018-03-13,29986.03515625,38350.0,38675.0,36600.0,37150.0,8403
2018-03-14,30044.671875,38425.0,38900.0,37700.0,37775.0,6715
2018-03-15,30161.95703125,38575.0,38950.0,37850.0,38300.0,4784
2018-03-16,30376.974609375,38850.0,38925.0,38075.0,38375.0,3693
2018-03-19,32292.65234375,41300.0,42350.0,39950.0,39950.0,9407
2018-03-20,32058.0859375,41000.0,41725.0,40675.0,41300.0,5138
2018-03-21,32479.248046875,41450.0,41950.0,40075.0,41225.0,5782
2018-03-22,34869.15625,44500.0,44625.0,42275.0,43050.0,11013
2018-03-23,37631.265625,48025.0,48100.0,44275.0,44600.0,10318
2018-03-26,33439.1328125,42675.0,47475.0,42500.0,45175.0,10549
2018-03-27,36690.9765625,46825.0,47900.0,41725.0,41750.0,10440
2018-03-28,37925.1015625,48400.0,49525.0,46200.0,47575.0,14041
2018-03-29,35907.3984375,45825.0,49050.0,44375.0,47625.0,9968
2018-04-02,38904.58203125,49650.0,51150.0,46150.0,46750.0,11862
2018-04-03,37690.0390625,48100.0,50800.0,47475.0,48450.0,10437
2018-04-04,35907.3984375,45825.0,51075.0,45400.0,50925.0,10431
2018-04-05,35358.88671875,45125.0,46100.0,44275.0,44500.0,6833
2018-04-06,37983.87890625,48475.0,49100.0,45250.0,46525.0,10437
2018-04-09,37239.484375,47525.0,47700.0,44575.0,47175.0,8372
2018-04-10,34849.56640625,44475.0,46275.0,43900.0,45275.0,9303
2018-04-11,35319.72265625,45075.0,45250.0,43700.0,45150.0,6509
2018-04-12,34144.3515625,43575.0,44375.0,43050.0,44275.0,6300
2018-04-13,34594.90625,44150.0,44750.0,42675.0,42875.0,7630
2018-04-16,33850.5,43200.0,44100.0,42700.0,43325.0,5071
2018-04-17,31695.671875,40450.0,42150.0,40125.0,41925.0,6110
2018-04-18,31519.365234375,40225.0,41000.0,39775.0,40375.0,4611
2018-04-19,32302.939453125,41225.0,41700.0,40525.0,40775.0,6182
2018-04-20,33830.921875,43175.0,43675.0,41525.0,41600.0,6704
2018-04-23,34163.9453125,43600.0,44300.0,42150.0,42675.0,5386
2018-04-24,36299.19140625,46325.0,47250.0,42775.0,43000.0,10208
2018-04-25,36162.0625,46150.0,48125.0,45625.0,46175.0,9769
2018-04-26,33968.046875,43350.0,44925.0,42850.0,44450.0,7332
2018-04-27,33870.09375,43225.0,44000.0,41425.0,41475.0,7579
2018-04-30,34594.90625,44150.0,44525.0,42150.0,42950.0,5808
2018-05-01,33478.3125,42725.0,44850.0,42650.0,44500.0,5766
2018-05-02,34026.80859375,43425.0,43575.0,42075.0,42475.0,6519
2018-05-03,34065.9921875,43475.0,45550.0,43000.0,44075.0,10137
2018-05-04,32146.236328125,41025.0,44150.0,40700.0,44025.0,8497
2018-05-07,31362.6484375,40025.0,40550.0,39600.0,40500.0,5453
2018-05-08,31480.189453125,40175.0,41000.0,39875.0,40300.0,5883
2018-05-09,30402.76953125,38800.0,40350.0,38750.0,39875.0,5178
2018-05-10,29501.65625,37650.0,38550.0,37550.0,38450.0,6830
2018-05-11,29580.013671875,37750.0,38250.0,37500.0,37825.0,6002
2018-05-14,29423.302734375,37550.0,37750.0,36850.0,37500.0,6652
2018-05-15,30402.76953125,38800.0,39400.0,38400.0,38475.0,7286
2018-05-16,29815.08984375,38050.0,38725.0,37775.0,38700.0,4350
2018-05-17,30187.291015625,38525.0,39100.0,37650.0,38475.0,6015
2018-05-18,30637.84765625,39100.0,39300.0,38575.0,38925.0,4680
2018-05-21,30128.51953125,38450.0,38975.0,37700.0,38200.0,6112
2018-05-22,30265.65234375,38625.0,38825.0,37750.0,37950.0,6069
2018-05-23,29501.65625,37650.0,39525.0,37650.0,39500.0,11526
2018-05-24,29560.4296875,37725.0,38850.0,37500.0,37700.0,5015
2018-05-25,29482.072265625,37625.0,37950.0,37200.0,37725.0,4382
2018-05-29,29854.275390625,38100.0,38775.0,37475.0,38125.0,6929
2018-05-30,29207.818359375,37275.0,37950.0,37100.0,37700.0,4257
2018-05-31,29286.17578125,37375.0,37675.0,36650.0,37350.0,5664
2018-06-01,27914.919921875,35625.0,36875.0,35550.0,36825.0,5650
2018-06-04,27190.107421875,34700.0,35400.0,34650.0,35350.0,4719
2018-06-05,26955.033203125,34400.0,34825.0,34200.0,34475.0,5406
2018-06-06,26445.712890625,33750.0,34775.0,33750.0,34275.0,6010
2018-06-07,27072.572265625,34550.0,35100.0,33750.0,33775.0,8934
2018-06-08,27092.158203125,34575.0,35350.0,34450.0,35150.0,4252
2018-06-11,26896.26953125,34325.0,34725.0,34075.0,34725.0,4329
2018-06-12,26484.88671875,33800.0,34300.0,33700.0,34175.0,6100
2018-06-13,26524.068359375,33850.0,34025.0,33075.0,33650.0,8914
2018-06-14,25701.314453125,32800.0,33425.0,32650.0,33400.0,8714
2018-06-15,25955.97265625,33125.0,33625.0,32950.0,33175.0,7571
2018-06-18,26014.744140625,33200.0,34100.0,33125.0,33750.0,5731
2018-06-19,26249.81640625,33500.0,34775.0,33500.0,34475.0,6428
2018-06-20,25681.943359375,32675.0,33025.0,32275.0,32975.0,5707
2018-06-21,26369.67578125,33550.0,33750.0,32375.0,32450.0,6384
2018-06-22,26625.12109375,33875.0,34150.0,33175.0,33225.0,4393
2018-06-25,28334.6328125,36050.0,37000.0,34575.0,34675.0,13135
2018-06-26,28039.88671875,35675.0,36100.0,35025.0,35700.0,6162
2018-06-27,29140.263671875,37075.0,37175.0,34725.0,35200.0,10494
2018-06-28,28413.232421875,36150.0,37500.0,35775.0,37275.0,8890
2018-06-29,28275.685546875,35975.0,36025.0,35100.0,35625.0,6053
2018-07-02,27627.24609375,35150.0,37175.0,35150.0,36925.0,5997
2018-07-03,28609.724609375,36400.0,36475.0,34775.0,34825.0,4074
2018-07-05,27548.6484375,35050.0,36275.0,34975.0,35700.0,6730
2018-07-06,26330.380859375,33500.0,35050.0,33375.0,34875.0,6697
2018-07-09,25564.046875,32525.0,33325.0,32525.0,32950.0,4941
2018-07-10,25524.748046875,32475.0,32825.0,32250.0,32450.0,4763
2018-07-11,25937.390625,33000.0,33325.0,32625.0,33250.0,7319
2018-07-12,24620.869140625,31325.0,32625.0,31300.0,32525.0,7113
2018-07-13,24542.271484375,31225.0,31575.0,31075.0,31300.0,4760
2018-07-16,24738.767578125,31475.0,31625.0,31050.0,31225.0,3772
2018-07-17,24247.52734375,30850.0,32425.0,30675.0,32425.0,6893
2018-07-18,24404.724609375,31050.0,31350.0,30775.0,30900.0,3334
2018-07-19,24797.712890625,31550.0,31650.0,31100.0,31425.0,5138
2018-07-20,24837.013671875,31600.0,31700.0,30950.0,31275.0,4468
2018-07-23,24601.22265625,31300.0,32250.0,31250.0,31825.0,3807
2018-07-24,24286.830078125,30900.0,31300.0,29975.0,30325.0,7836
2018-07-25,23265.056640625,29600.0,30900.0,29550.0,30875.0,7289
2018-07-26,24286.830078125,30900.0,31075.0,30550.0,30825.0,5510
2018-07-27,25308.603515625,32200.0,32750.0,30350.0,30400.0,8916
2018-07-30,26389.330078125,33575.0,34050.0,32175.0,32200.0,9763
2018-07-31,25898.091796875,32950.0,33775.0,32450.0,33250.0,7571
2018-08-01,25524.748046875,32475.0,33025.0,32175.0,32625.0,7278
2018-08-02,24502.9765625,31175.0,33225.0,31050.0,33175.0,7719
2018-08-03,24286.830078125,30900.0,31425.0,30875.0,31000.0,4529
2018-08-06,23834.884765625,30325.0,31075.0,30325.0,30975.0,4539
2018-08-07,23599.095703125,30025.0,30300.0,29850.0,30100.0,4488
2018-08-08,23559.794921875,29975.0,30400.0,29750.0,30150.0,4355
2018-08-09,23579.44140625,30000.0,30125.0,29650.0,30000.0,4727
2018-08-10,24109.98046875,30675.0,31025.0,30325.0,30575.0,6993
2018-08-13,24188.58203125,30775.0,30825.0,29950.0,30550.0,7110
2018-08-14,23775.943359375,30250.0,30950.0,30100.0,30450.0,4827
2018-08-15,24601.22265625,31300.0,31875.0,30650.0,30900.0,9910
2018-08-16,24424.376953125,31075.0,31225.0,30425.0,30650.0,4625
2018-08-17,24385.076171875,31025.0,31850.0,30800.0,31300.0,5367
2018-08-20,24444.021484375,31100.0,31500.0,30800.0,30825.0,4176
2018-08-21,24188.58203125,30775.0,30900.0,30225.0,30850.0,4601
2018-08-22,23913.486328125,30425.0,31100.0,30325.0,31000.0,4004
2018-08-23,24031.38671875,30575.0,30725.0,29950.0,30575.0,5495
2018-08-24,23363.296875,29725.0,30300.0,29675.0,30300.0,5231
2018-08-27,22675.564453125,28850.0,29425.0,28850.0,29275.0,5830
2018-08-28,22577.31640625,28725.0,28900.0,28500.0,28625.0,4416
2018-08-29,21771.6875,27700.0,28600.0,27675.0,28575.0,8649
2018-08-30,21909.236328125,27875.0,28175.0,27400.0,27900.0,7878
2018-08-31,21830.6328125,27775.0,28075.0,27550.0,27975.0,5467
2018-09-04,22125.376953125,28150.0,28600.0,27900.0,28050.0,5849
2018-09-05,23009.611328125,29275.0,29525.0,28300.0,28325.0,9419
2018-09-06,23599.095703125,30025.0,30625.0,29100.0,29200.0,11345
2018-09-07,23834.884765625,30325.0,30750.0,29625.0,30700.0,7964
2018-09-10,23638.390625,30075.0,30600.0,29825.0,29900.0,4979
2018-09-11,23107.853515625,29400.0,30700.0,29250.0,30500.0,5411
2018-09-12,23323.998046875,29675.0,30425.0,29475.0,29550.0,7646
2018-09-13,22636.263671875,28800.0,29175.0,28575.0,29150.0,5667
2018-09-14,22793.458984375,29000.0,29350.0,28550.0,28700.0,4592
2018-09-17,23795.587890625,30275.0,30350.0,29100.0,29175.0,6215
2018-09-18,23186.455078125,29500.0,30225.0,29075.0,30175.0,8984
2018-09-19,23265.056640625,29600.0,30175.0,29300.0,29500.0,6530
2018-09-20,22498.72265625,28625.0,29225.0,28500.0,29000.0,7989
2018-09-21,22891.708984375,29125.0,29225.0,28275.0,28375.0,6335
2018-09-24,22695.2109375,28875.0,30100.0,28825.0,29750.0,5800
2018-09-25,22596.96875,28750.0,29200.0,28675.0,28925.0,3911
2018-09-26,22591.04296875,28575.0,28700.0,27750.0,28550.0,8134
2018-09-27,21998.095703125,27825.0,28250.0,27525.0,28150.0,7081
2018-09-28,22017.86328125,27850.0,28225.0,27650.0,28075.0,7688
2018-10-01,21899.275390625,27700.0,27900.0,27075.0,27350.0,7326
2018-10-02,22017.86328125,27850.0,28075.0,27250.0,27800.0,5660
2018-10-03,21998.095703125,27825.0,27925.0,27325.0,27500.0,6917
2018-10-04,23223.5078125,29375.0,30000.0,28100.0,28100.0,13724
2018-10-05,24112.921875,30500.0,31325.0,29125.0,29425.0,15703
2018-10-08,24527.9765625,31025.0,32125.0,30250.0,30900.0,13956
2018-10-09,24350.09765625,30800.0,31225.0,30050.0,31025.0,10152
2018-10-10,27532.2109375,34825.0,34975.0,31275.0,31325.0,23227
2018-10-11,28540.208984375,36100.0,37250.0,33825.0,35225.0,38094
2018-10-12,26168.447265625,33100.0,35325.0,32800.0,33350.0,35887
2018-10-15,27176.443359375,34375.0,34725.0,33325.0,33500.0,15825
2018-10-16,24883.744140625,31475.0,33475.0,31100.0,33300.0,16990
2018-10-17,24765.154296875,31325.0,32300.0,30825.0,30850.0,17395
2018-10-18,26445.150390625,33450.0,33900.0,31675.0,31725.0,18762
2018-10-19,26603.26953125,33650.0,34000.0,31875.0,32825.0,15805
2018-10-22,26168.447265625,33100.0,33900.0,32325.0,33050.0,14417
2018-10-23,26445.150390625,33450.0,36050.0,33000.0,34925.0,20002
2018-10-24,30101.62109375,38075.0,38250.0,33450.0,33600.0,21122
2018-10-25,27057.859375,34225.0,36850.0,33500.0,36325.0,18728
2018-10-26,29034.33203125,36725.0,38300.0,34850.0,37675.0,22789
2018-10-29,30734.08984375,38875.0,41175.0,34725.0,35225.0,25929
2018-10-30,29409.857421875,37200.0,40000.0,37125.0,39400.0,30835
2018-10-31,27433.390625,34700.0,35475.0,33625.0,35475.0,25068
2018-11-01,26227.740234375,33175.0,35225.0,33125.0,34400.0,15416
2018-11-02,27453.150390625,34725.0,35450.0,32950.0,33550.0,23777
2018-11-05,27710.091796875,35050.0,36225.0,34675.0,34675.0,11861
2018-11-06,27077.623046875,34250.0,35225.0,33675.0,35100.0,10904
2018-11-07,24587.26953125,31100.0,33300.0,31075.0,33075.0,18071
2018-11-08,25041.861328125,31675.0,32150.0,31225.0,31525.0,11777
2018-11-09,26287.033203125,33250.0,34050.0,32350.0,32600.0,16584
2018-11-12,28658.802734375,36250.0,36425.0,33800.0,34000.0,17767
2018-11-13,28619.265625,36200.0,36550.0,34275.0,35825.0,17068
2018-11-14,29330.796875,37100.0,37700.0,34825.0,35175.0,17097
2018-11-15,27789.1484375,35150.0,38275.0,34850.0,37375.0,18638
2018-11-16,28085.619140625,35525.0,36625.0,35025.0,36200.0,16836
2018-11-19,30852.677734375,39025.0,39350.0,35925.0,36125.0,17981
2018-11-20,32473.380859375,41075.0,42625.0,39525.0,41675.0,22697
2018-11-21,31781.619140625,40200.0,40425.0,39000.0,39500.0,11363
2018-11-23,32512.912109375,41125.0,41225.0,39875.0,41200.0,5773
2018-11-26,30259.740234375,38275.0,39925.0,38200.0,39375.0,10344
2018-11-27,29923.740234375,37850.0,39475.0,37575.0,38850.0,8201
2018-11-28,27117.15625,34300.0,37700.0,34250.0,37050.0,12885
2018-11-29,27374.08984375,34625.0,35400.0,33900.0,34700.0,10406
2018-11-30,26741.623046875,33825.0,35000.0,33775.0,34475.0,8321
2018-12-03,25417.38671875,32150.0,32850.0,31500.0,31600.0,10822
2018-12-04,28243.740234375,35725.0,35900.0,32350.0,32650.0,20412
2018-12-06,27710.091796875,35050.0,38400.0,35050.0,37900.0,22842
2018-12-07,30496.9140625,38575.0,38875.0,34925.0,35550.0,20396
2018-12-10,29528.44140625,37350.0,39975.0,36850.0,38750.0,19766
2018-12-11,29231.974609375,36975.0,37950.0,35500.0,35550.0,14539
2018-12-12,28461.150390625,36000.0,36050.0,34275.0,35350.0,14266
2018-12-13,28441.388671875,35975.0,36700.0,34875.0,35375.0,13653
2018-12-14,30536.4375,38625.0,38900.0,36850.0,37250.0,16046
2018-12-17,32671.02734375,41325.0,42175.0,38225.0,39125.0,20615
2018-12-18,32018.79296875,40500.0,41600.0,39300.0,40300.0,16709
2018-12-19,34370.7890625,43475.0,44425.0,38775.0,40725.0,25217
2018-12-20,35774.0859375,45250.0,47025.0,42450.0,43875.0,30105
2018-12-21,39331.73046875,49750.0,50375.0,43850.0,44800.0,30294
2018-12-24,42197.6171875,53375.0,53425.0,48875.0,50775.0,18068
2018-12-26,34438.109375,43350.0,52500.0,43250.0,51400.0,28013
2018-12-27,33921.734375,42700.0,47825.0,42675.0,44950.0,18906
2018-12-28,34021.03515625,42825.0,43900.0,40650.0,42000.0,22643
2018-12-31,33286.19921875,41900.0,43075.0,41175.0,41550.0,15337
2019-01-02,32769.82421875,41250.0,44575.0,40575.0,44475.0,17901
2019-01-03,36007.08984375,45325.0,45600.0,42600.0,43100.0,23647
2019-01-04,31280.296875,39375.0,43625.0,38825.0,43200.0,24928
2019-01-07,30287.265625,38125.0,39575.0,37500.0,39175.0,12661
2019-01-08,29433.26171875,37050.0,38750.0,36650.0,37050.0,17966
2019-01-09,28777.873046875,36225.0,37125.0,35675.0,36675.0,18703
2019-01-10,28479.962890625,35850.0,37625.0,35825.0,37050.0,17150
2019-01-11,28797.7265625,36250.0,36900.0,36150.0,36500.0,9581
2019-01-14,29612.013671875,37275.0,37725.0,36775.0,37250.0,10344
2019-01-15,27884.1484375,35100.0,36825.0,34925.0,36800.0,16027
2019-01-16,27844.421875,35050.0,35150.0,34175.0,34925.0,12122
2019-01-17,27228.748046875,34275.0,35650.0,33825.0,35450.0,12651
2019-01-18,26454.185546875,33300.0,34200.0,32825.0,33550.0,15910
2019-01-22,27983.443359375,35225.0,36025.0,33975.0,34025.0,14900
2019-01-23,27923.861328125,35150.0,36375.0,34275.0,34725.0,14261
2019-01-24,27407.498046875,34500.0,35250.0,34375.0,34875.0,9600
2019-01-25,26414.46484375,33250.0,34050.0,32975.0,33675.0,11597
2019-01-28,27407.498046875,34500.0,35325.0,34500.0,34575.0,13100
2019-01-29,28201.91015625,35500.0,35875.0,34425.0,34475.0,9459
2019-01-30,26056.982421875,32800.0,34650.0,32425.0,34275.0,14498
2019-01-31,24885.208984375,31325.0,32350.0,30875.0,32250.0,14705
2019-02-01,25242.697265625,31775.0,32000.0,31100.0,31800.0,10842
2019-02-04,24329.11328125,30625.0,31825.0,30600.0,31700.0,7660
2019-02-05,23673.720703125,29800.0,30500.0,29675.0,30475.0,9642
2019-02-06,23852.46484375,30025.0,30450.0,29600.0,29775.0,9436
2019-02-07,24825.623046875,31250.0,31950.0,30625.0,30875.0,17880
2019-02-08,24686.603515625,31075.0,32200.0,31075.0,32125.0,13192
2019-02-11,24766.05078125,31175.0,31425.0,30525.0,30775.0,7015
2019-02-12,23693.580078125,29825.0,30675.0,29675.0,30525.0,11323
2019-02-13,23673.720703125,29800.0,29850.0,29150.0,29425.0,8961
2019-02-14,23554.552734375,29650.0,30400.0,29350.0,30125.0,12100
2019-02-15,23296.37109375,29325.0,29725.0,29000.0,29000.0,8711
2019-02-19,23157.345703125,29150.0,29600.0,28875.0,29575.0,5136
2019-02-20,23157.345703125,29150.0,29650.0,28750.0,29100.0,8530
2019-02-21,23435.390625,29500.0,29975.0,29175.0,29425.0,11007
2019-02-22,22919.01953125,28850.0,29350.0,28775.0,29300.0,8833
2019-02-25,22660.833984375,28525.0,28600.0,27975.0,28175.0,8827
2019-02-26,22601.251953125,28450.0,28900.0,28175.0,28800.0,7843
2019-02-27,22680.697265625,28550.0,29425.0,28425.0,28850.0,8773
2019-02-28,22839.58203125,28750.0,28975.0,28425.0,28800.0,6364
2019-03-01,22343.064453125,28125.0,28750.0,28025.0,28125.0,9245
2019-03-04,22343.064453125,28125.0,29075.0,27475.0,27675.0,16324
2019-03-05,22303.341796875,28075.0,28525.0,27825.0,28100.0,10667
2019-03-06,22660.833984375,28525.0,28700.0,28000.0,28025.0,13182
2019-03-07,23554.552734375,29650.0,29950.0,28750.0,28800.0,16902
2019-03-08,23633.998046875,29750.0,30750.0,29725.0,30650.0,17008
2019-03-11,22184.177734375,27925.0,29450.0,27875.0,29425.0,18193
2019-03-12,21806.833984375,27450.0,27925.0,27250.0,27700.0,11574
2019-03-13,21369.8984375,26900.0,27175.0,26425.0,27050.0,12178
2019-03-14,21429.486328125,26975.0,27050.0,26725.0,26825.0,7786
2019-03-15,20932.970703125,26350.0,26775.0,26025.0,26675.0,12339
2019-03-18,20714.5,26075.0,26475.0,25850.0,26300.0,7509
2019-03-19,20535.76171875,25850.0,26175.0,25400.0,25800.0,11910
2019-03-20,20274.85546875,25450.0,26125.0,25000.0,25775.0,17193
2019-03-21,19338.78515625,24275.0,25725.0,24175.0,25725.0,17877
2019-03-22,20633.34765625,25900.0,25975.0,24425.0,24600.0,23386
2019-03-25,20732.9296875,26025.0,26600.0,25775.0,26225.0,26005
2019-03-26,20454.099609375,25675.0,26075.0,24975.0,25450.0,15887
2019-03-27,20852.4296875,26175.0,26750.0,25400.0,25575.0,21056
2019-03-28,20713.015625,26000.0,26500.0,25725.0,26025.0,13209
2019-03-29,20254.939453125,25425.0,25900.0,25375.0,25475.0,12927
2019-04-01,19478.201171875,24450.0,24975.0,24350.0,24675.0,13927
2019-04-02,19239.201171875,24150.0,24550.0,24100.0,24375.0,8782
2019-04-03,18920.5390625,23750.0,24000.0,23300.0,23750.0,12519
2019-04-04,18960.376953125,23800.0,24225.0,23500.0,23775.0,9014
2019-04-05,18661.630859375,23425.0,23675.0,23400.0,23575.0,6194
2019-04-08,18522.212890625,23250.0,23850.0,23200.0,23575.0,8370
2019-04-09,18721.380859375,23500.0,23675.0,23275.0,23500.0,9065
2019-04-10,18422.634765625,23125.0,23500.0,23125.0,23425.0,7025
2019-04-11,18581.966796875,23325.0,23450.0,23025.0,23075.0,5840
2019-04-12,18323.052734375,23000.0,23300.0,22975.0,23000.0,6768
2019-04-15,18342.966796875,23025.0,23475.0,22925.0,23050.0,6192
2019-04-16,18143.8046875,22775.0,23000.0,22625.0,22775.0,6162
2019-04-17,17964.55859375,22550.0,22775.0,22275.0,22375.0,7112
2019-04-18,17924.724609375,22500.0,22900.0,22450.0,22475.0,5524
2019-04-22,17765.392578125,22300.0,22825.0,22275.0,22775.0,4501
2019-04-23,17088.236328125,21450.0,22225.0,21375.0,22125.0,8713
2019-04-24,17247.56640625,21650.0,21700.0,21325.0,21400.0,6651
2019-04-25,17088.236328125,21450.0,21775.0,21150.0,21175.0,9739
2019-04-26,17028.48828125,21375.0,22075.0,21350.0,21525.0,7489
2019-04-29,16928.904296875,21250.0,21475.0,21150.0,21350.0,5507
2019-04-30,17327.234375,21750.0,22200.0,21625.0,21750.0,8038
2019-05-01,17526.3984375,22000.0,22025.0,21125.0,21300.0,10995
2019-05-02,17725.560546875,22250.0,22700.0,21650.0,22000.0,13331
2019-05-03,16889.0703125,21200.0,21850.0,21150.0,21725.0,9152
2019-05-06,17187.8203125,21575.0,22650.0,21500.0,22525.0,14417
2019-05-07,18203.552734375,22850.0,23450.0,22025.0,22300.0,22953
2019-05-08,18342.966796875,23025.0,23325.0,22500.0,23050.0,16229
2019-05-09,18641.7109375,23400.0,24425.0,23175.0,23800.0,21793
2019-05-10,18621.798828125,23375.0,24875.0,23000.0,23700.0,23244
2019-05-13,20553.68359375,25800.0,26000.0,24775.0,25125.0,27461
2019-05-14,19876.52734375,24950.0,25675.0,24475.0,25375.0,19387
2019-05-15,19059.951171875,23925.0,25475.0,23700.0,25450.0,19304
2019-05-16,18482.384765625,23200.0,23975.0,22725.0,23875.0,14721
2019-05-17,19059.951171875,23925.0,23975.0,22950.0,23875.0,19831
2019-05-20,20015.9453125,25125.0,25375.0,24625.0,24900.0,17064
2019-05-21,19438.3671875,24400.0,24725.0,24125.0,24475.0,11813
2019-05-22,19657.447265625,24675.0,24800.0,24250.0,24800.0,11007
2019-05-23,20553.68359375,25800.0,26300.0,25500.0,25525.0,17398
2019-05-24,20673.1796875,25950.0,25968.75,25150.0,25381.25,24703
2019-05-28,20872.3515625,26200.0,26200.0,25231.25,25656.25,21163
2019-05-29,21380.20703125,26837.5,27256.25,26412.5,26662.5,28918
2019-05-30,21116.3203125,26506.25,26968.75,26287.5,26625.0,18206
2019-05-31,22127.078125,27775.0,27818.75,27187.5,27450.0,23288
2019-06-03,23546.119140625,29556.25,30050.0,27806.25,28018.75,33086
2019-06-04,21649.083984375,27175.0,28987.5,27118.75,28668.75,24734
2019-06-05,21156.15234375,26556.25,27412.5,26356.25,26387.5,22670
2019-06-06,20663.22265625,25937.5,26787.5,25750.0,26456.25,20544
2019-06-07,19488.16015625,24462.5,25631.25,24125.0,25550.0,24393
2019-06-10,18806.0234375,23606.25,23968.75,22900.0,23950.0,21039
2019-06-11,18711.41796875,23487.5,23750.0,22725.0,22868.75,22612
2019-06-12,19040.0390625,23900.0,24037.5,23562.5,23706.25,17539
2019-06-13,18716.400390625,23493.75,23768.75,23331.25,23631.25,17136
2019-06-14,18980.2890625,23825.0,24087.5,23637.5,23893.75,14086
2019-06-17,18621.798828125,23375.0,23737.5,23187.5,23681.25,14011
2019-06-18,17835.099609375,22387.5,22743.75,21875.0,22562.5,26618
2019-06-19,17621.001953125,22118.75,22681.25,21975.0,22262.5,17804
2019-06-20,17152.96875,21531.25,22018.75,21200.0,21212.5,19866
2019-06-21,17212.712890625,21606.25,21762.5,21218.75,21618.75,18232
2019-06-24,17237.61328125,21637.5,21662.5,21437.5,21518.75,10016
2019-06-25,18107.109375,22568.75,22681.25,21493.75,21525.0,32525
2019-06-26,17876.4453125,22281.25,22381.25,21712.5,22118.75,19654
2019-06-27,17685.900390625,22043.75,22212.5,21875.0,22043.75,16961
2019-06-28,17625.7265625,21968.75,22193.75,21806.25,21875.0,15813
2019-07-01,16918.69140625,21087.5,21381.25,20618.75,20706.25,21716
2019-07-02,16718.11328125,20837.5,21281.25,20831.25,21112.5,14457
2019-07-03,16352.0634765625,20381.25,20750.0,20375.0,20693.75,12470
2019-07-05,16447.333984375,20500.0,21031.25,20393.75,20787.5,20570
2019-07-08,16803.359375,20943.75,21187.5,20881.25,20900.0,15840
2019-07-09,16537.591796875,20612.5,21293.75,20550.0,21243.75,13707
2019-07-10,16056.2138671875,20012.5,20368.75,19843.75,20262.5,22839
2019-07-11,16096.3251953125,20062.5,20262.5,19787.5,19925.0,18279
2019-07-12,15830.5595703125,19731.25,20068.75,19725.0,20012.5,12359
2019-07-15,15685.1396484375,19550.0,19762.5,19531.25,19587.5,10397
2019-07-16,15925.8359375,19850.0,20031.25,19568.75,19631.25,13979
2019-07-17,16156.501953125,20137.5,20143.75,19750.0,19837.5,16537
2019-07-18,16096.3251953125,20062.5,20637.5,19975.0,20443.75,23852
2019-07-19,16477.419921875,20537.5,20600.0,19656.25,19662.5,21921
2019-07-22,16081.28125,20043.75,20393.75,19918.75,20381.25,19474
2019-07-23,15780.416015625,19668.75,20125.0,19662.5,19718.75,18087
2019-07-24,15444.447265625,19250.0,19893.75,19250.0,19887.5,19101
2019-07-25,15885.7236328125,19800.0,19912.5,19443.75,19443.75,23495
2019-07-26,15409.3466796875,19206.25,19456.25,19118.75,19437.5,18363
2019-07-29,15554.76953125,19387.5,19756.25,19237.5,19243.75,19225
2019-07-30,15760.3564453125,19643.75,19881.25,19425.0,19837.5,15124
2019-07-31,16417.25,20462.5,21018.75,19462.5,19500.0,36553
2019-08-01,16667.97265625,20775.0,21093.75,19243.75,20368.75,65494
2019-08-02,17440.193359375,21737.5,22087.5,21175.0,21250.0,51937
2019-08-05,19280.48828125,24031.25,24556.25,23068.75,23068.75,63370
2019-08-06,18458.125,23006.25,23900.0,22800.0,23362.5,41719
2019-08-07,18217.4296875,22706.25,24293.75,22556.25,23762.5,51662
2019-08-08,16998.923828125,21187.5,22550.0,21162.5,22325.0,30183
2019-08-09,17480.30859375,21787.5,22281.25,21275.0,21500.0,37486
2019-08-12,18077.025390625,22531.25,22837.5,21987.5,22187.5,36573
2019-08-13,16888.60546875,21050.0,22668.75,20593.75,22575.0,42666
2019-08-14,18418.0078125,22956.25,23062.5,21875.0,22075.0,51883
2019-08-15,18478.181640625,23031.25,23556.25,22643.75,22825.0,30695
2019-08-16,17605.66796875,21943.75,22462.5,21768.75,22462.5,22404
2019-08-19,16813.390625,20956.25,21231.25,20762.5,20993.75,18792
2019-08-20,17149.353515625,21375.0,21393.75,20837.5,21062.5,18198
2019-08-21,16703.072265625,20818.75,21043.75,20625.0,20812.5,18918
2019-08-22,16873.55859375,21031.25,21518.75,20568.75,20725.0,24707
2019-08-23,18418.0078125,22956.25,23206.25,20900.0,21468.75,53835
2019-08-26,17660.828125,22012.5,22662.5,21987.5,22262.5,27721
2019-08-27,17756.103515625,22131.25,22400.0,21431.25,21550.0,29713
2019-08-28,17600.65625,21937.5,22687.5,21806.25,22362.5,22446
2019-08-29,16778.2890625,20912.5,21356.25,20731.25,21100.0,25421
2019-08-30,16893.619140625,21056.25,21425.0,20575.0,20587.5,25833
2019-09-03,17385.037109375,21668.75,21906.25,21175.0,21493.75,25184
2019-09-04,16657.943359375,20762.5,21243.75,20706.25,21087.5,20838
2019-09-05,15740.30078125,19618.75,20118.75,19450.0,20087.5,31049
2019-09-06,15780.416015625,19668.75,19812.5,19512.5,19531.25,20041
2019-09-09,15890.732421875,19806.25,20112.5,19481.25,19500.0,18712
2019-09-10,16026.1259765625,19975.0,20525.0,19968.75,20131.25,24149
2019-09-11,15594.880859375,19437.5,20012.5,19400.0,19887.5,20307
2019-09-12,15389.29296875,19181.25,19275.0,18750.0,19075.0,24390
2019-09-13,15559.7802734375,19393.75,19481.25,19150.0,19262.5,16807
2019-09-16,15780.416015625,19668.75,19837.5,19550.0,19775.0,23637
2019-09-17,15564.794921875,19400.0,19787.5,19381.25,19668.75,17061
2019-09-18,15579.8359375,19418.75,20150.0,19393.75,19512.5,21468
2019-09-19,15514.650390625,19337.5,19443.75,18975.0,19318.75,18657
2019-09-20,15980.9921875,19918.75,20143.75,19200.0,19250.0,20224
2019-09-23,15991.0224609375,19931.25,20175.0,19750.0,19993.75,15789
2019-09-24,16622.841796875,20718.75,20981.25,19537.5,19662.5,37734
2019-09-25,16070.67578125,19918.75,21187.5,19756.25,20675.0,23692
2019-09-26,16247.1669921875,20137.5,20593.75,19956.25,20000.0,20103
2019-09-27,16837.1484375,20868.75,21318.75,20018.75,20056.25,32193
2019-09-30,16393.404296875,20318.75,20787.5,20212.5,20675.0,16416
2019-10-01,16786.724609375,20806.25,20918.75,19750.0,20100.0,30992
2019-10-02,17654.046875,21881.25,22243.75,21237.5,21237.5,34641
2019-10-03,17059.021484375,21143.75,22700.0,21137.5,21900.0,32862
2019-10-04,16337.93359375,20250.0,20912.5,20162.5,20868.75,22908
2019-10-07,16504.341796875,20456.25,20550.0,19962.5,20443.75,21771
2019-10-08,17240.556640625,21368.75,21406.25,20562.5,20831.25,34975
2019-10-09,16721.173828125,20725.0,21012.5,20443.75,20806.25,23209
2019-10-10,16348.0205078125,20262.5,20781.25,20018.75,20718.75,24303
2019-10-11,15737.869140625,19506.25,19606.25,19000.0,19581.25,39682
2019-10-14,15722.7421875,19487.5,19631.25,19306.25,19575.0,15892
2019-10-15,15132.7607421875,18756.25,19343.75,18618.75,19318.75,28692
2019-10-16,15238.6552734375,18887.5,19075.0,18756.25,18937.5,21315
2019-10-17,15127.71875,18750.0,18968.75,18475.0,18556.25,15444
2019-10-18,15556.3388671875,19281.25,19575.0,18725.0,18831.25,24616
2019-10-21,15152.931640625,18781.25,19168.75,18750.0,19012.5,13427
2019-10-22,15510.953125,19225.0,19250.0,18500.0,18593.75,18308
2019-10-23,15430.2734375,19125.0,19450.0,19118.75,19375.0,14076
2019-10-24,14986.5283203125,18575.0,18981.25,18550.0,18718.75,23225
2019-10-25,14648.673828125,18156.25,18881.25,18112.5,18862.5,22163
2019-10-28,14194.841796875,17593.75,17887.5,17531.25,17875.0,16159
2019-10-29,14527.65234375,18006.25,18025.0,17618.75,17687.5,17062
2019-10-30,14325.951171875,17756.25,18225.0,17668.75,17918.75,18652
2019-10-31,14315.865234375,17743.75,18050.0,17587.5,17618.75,21382
2019-11-01,13927.5849609375,17262.5,17600.0,17262.5,17512.5,18276
2019-11-04,13675.45703125,16950.0,17037.5,16831.25,16912.5,18833
2019-11-05,13665.3720703125,16937.5,17087.5,16825.0,16875.0,17041
2019-11-06,13746.0537109375,17037.5,17287.5,16975.0,16981.25,17663
2019-11-07,13614.9482421875,16875.0,17018.75,16537.5,16775.0,19125
2019-11-08,13448.541015625,16668.75,17100.0,16668.75,16975.0,14983
2019-11-11,13509.052734375,16743.75,16993.75,16725.0,16918.75,9713
2019-11-12,13393.072265625,16600.0,16781.25,16431.25,16700.0,16549
2019-11-13,13413.244140625,16625.0,16812.5,16543.75,16775.0,17266
2019-11-14,13418.28515625,16631.25,16937.5,16600.0,16781.25,15067
2019-11-15,13171.2001953125,16325.0,16500.0,16293.75,16350.0,15357
2019-11-18,13090.51953125,16225.0,16550.0,16156.25,16343.75,19688
2019-11-19,13050.1767578125,16175.0,16356.25,16056.25,16062.5,17837
2019-11-20,13287.1796875,16468.75,16825.0,16150.0,16293.75,26541
2019-11-21,13382.98828125,16587.5,16731.25,16481.25,16518.75,20692
2019-11-22,13347.6904296875,16543.75,16818.75,16425.0,16443.75,16481
2019-11-25,12873.6884765625,15956.25,16337.5,15950.0,16337.5,15472
2019-11-26,12808.134765625,15875.0,16006.25,15812.5,15943.75,12929
2019-11-27,12550.9638671875,15556.25,15812.5,15543.75,15768.75,14708
2019-11-29,12722.41015625,15768.75,15787.5,15593.75,15656.25,9817
2019-12-02,13135.90234375,16281.25,16512.5,15743.75,15756.25,28780
2019-12-03,13418.28515625,16631.25,17162.5,16612.5,16900.0,32668
2019-12-04,13216.583984375,16381.25,16456.25,16262.5,16375.0,18382
2019-12-05,13151.0302734375,16300.0,16537.5,16218.75,16218.75,15633
2019-12-06,12742.58203125,15793.75,15975.0,15737.5,15956.25,18370
2019-12-09,12898.900390625,15987.5,16006.25,15637.5,15862.5,13313
2019-12-10,12929.1552734375,16025.0,16143.75,15806.25,15968.75,16813
2019-12-11,12727.455078125,15775.0,16000.0,15737.5,15937.5,12629
2019-12-12,12445.0712890625,15425.0,15900.0,15250.0,15831.25,36426
2019-12-13,12329.087890625,15281.25,15556.25,15112.5,15462.5,29818
2019-12-16,11976.1103515625,14843.75,15000.0,14768.75,14993.75,16028
2019-12-17,11955.9404296875,14818.75,14875.0,14731.25,14775.0,13073
2019-12-18,11930.7275390625,14787.5,14812.5,14643.75,14768.75,12332
2019-12-19,11688.68359375,14487.5,14756.25,14481.25,14756.25,13441
2019-12-20,11562.6201171875,14331.25,14412.5,14250.0,14287.5,14908
2019-12-23,11466.810546875,14212.5,14250.0,14143.75,14175.0,9418
2019-12-24,11455.6669921875,14131.25,14225.0,14093.75,14112.5,5627
2019-12-26,11151.6669921875,13756.25,14068.75,13756.25,14062.5,11307
2019-12-27,11192.197265625,13806.25,13906.25,13606.25,13618.75,17743
2019-12-30,11410.0625,14075.0,14275.0,13800.0,13825.0,25318
2019-12-31,11344.1982421875,13993.75,14268.75,13968.75,14206.25,18533
2020-01-02,10791.935546875,13312.5,13731.25,13312.5,13650.0,25799
2020-01-03,11080.7333984375,13668.75,13837.5,13431.25,13831.25,29139
2020-01-06,10867.935546875,13406.25,14043.75,13406.25,13993.75,25101
2020-01-07,10873.0009765625,13412.5,13543.75,13300.0,13393.75,17691
2020-01-08,10629.80078125,13112.5,13487.5,12931.25,13425.0,29224
2020-01-09,10361.271484375,12781.25,13018.75,12712.5,12806.25,27716
2020-01-10,10447.4033203125,12887.5,12950.0,12631.25,12643.75,30932
2020-01-13,10082.6044921875,12437.5,12793.75,12437.5,12737.5,25107
2020-01-14,10204.2060546875,12587.5,12650.0,12400.0,12475.0,37181
2020-01-15,10199.1376953125,12581.25,12700.0,12400.0,12575.0,30865
2020-01-16,9910.33984375,12225.0,12475.0,12218.75,12400.0,25390
2020-01-17,9758.3408203125,12037.5,12250.0,12012.5,12068.75,22365
2020-01-21,9778.609375,12062.5,12156.25,11968.75,12150.0,19694
2020-01-22,9702.607421875,11968.75,12012.5,11756.25,11881.25,21796
2020-01-23,9611.408203125,11856.25,12156.25,11843.75,11993.75,28432
2020-01-24,9859.6728515625,12162.5,12325.0,11650.0,11700.0,39371
2020-01-27,10467.669921875,12912.5,13075.0,12718.75,12968.75,46922
2020-01-28,9986.33984375,12318.75,12743.75,12231.25,12650.0,33681
2020-01-29,9945.8056640625,12268.75,12425.0,12075.0,12112.5,30482
2020-01-30,9834.3408203125,12131.25,12618.75,12118.75,12500.0,48260
2020-01-31,10315.671875,12725.0,12843.75,11981.25,11981.25,58542
2020-02-03,9849.541015625,12150.0,12562.5,12050.0,12537.5,49271
2020-02-04,9175.677734375,11318.75,11768.75,11243.75,11650.0,56163
2020-02-05,9069.2783203125,11187.5,11400.0,10900.0,10900.0,44422
2020-02-06,8846.3486328125,10912.5,11237.5,10900.0,11118.75,27849
2020-02-07,8957.8125,11050.0,11150.0,10875.0,11056.25,35358
2020-02-10,8633.546875,10650.0,11175.0,10650.0,11168.75,30571
2020-02-11,8633.546875,10650.0,10737.5,10375.0,10481.25,39584
2020-02-12,8385.283203125,10343.75,10543.75,10325.0,10468.75,25595
2020-02-13,8420.748046875,10387.5,10600.0,10256.25,10568.75,33578
2020-02-14,8354.884765625,10306.25,10443.75,10268.75,10343.75,25823
2020-02-18,8334.6162109375,10281.25,10487.5,10225.0,10456.25,30925
2020-02-19,8101.55078125,9993.75,10143.75,9931.25,10106.25,25670
2020-02-20,8334.6162109375,10281.25,10637.5,10000.0,10056.25,49529
2020-02-21,8810.87890625,10868.75,10993.75,10381.25,10418.75,61292
2020-02-24,9834.3408203125,12131.25,12287.5,11725.0,12062.5,112160
2020-02-25,10624.7353515625,13106.25,13225.0,11706.25,11831.25,141867
2020-02-26,10472.7353515625,12918.75,13212.5,12225.0,12900.0,120406
2020-02-27,12038.328125,14850.0,14893.75,13306.25,13906.25,169664
2020-02-28,11855.9296875,14625.0,16500.0,14543.75,16331.25,201670
2020-03-02,10168.7392578125,12543.75,14812.5,12525.0,14193.75,121467
2020-03-03,11187.1318359375,13800.0,14106.25,12012.5,12456.25,138580
2020-03-04,9793.80859375,12081.25,13406.25,12068.75,13025.0,102389
2020-03-05,10660.203125,13150.0,13418.75,12375.0,13012.5,90529
2020-03-06,11192.197265625,13806.25,14793.75,13631.25,14481.25,128673
2020-03-09,13507.6513671875,16662.5,16893.75,15206.25,16718.75,104632
2020-03-10,11399.931640625,14062.5,16712.5,14062.5,14806.25,116631
2020-03-11,12808.455078125,15800.0,16350.0,14706.25,15031.25,95815
2020-03-12,16350.037109375,20168.75,20268.75,16937.5,18937.5,137302
2020-03-13,11714.0625,14450.0,19875.0,14375.0,16893.75,154005
2020-03-16,15549.5068359375,19181.25,19662.5,16350.0,18750.0,135212
2020-03-17,12707.1240234375,15675.0,19743.75,14831.25,17868.75,167090
2020-03-18,13649.517578125,16837.5,19375.0,16318.75,18287.5,136188
2020-03-19,13477.251953125,16625.0,18325.0,14887.5,17081.25,166209
2020-03-20,14855.3759765625,18325.0,18600.0,15156.25,15450.0,166549
2020-03-23,14936.4423828125,18425.0,20156.25,17250.0,18256.25,161576
2020-03-24,11572.1953125,14275.0,16056.25,14256.25,15600.0,174516
2020-03-25,11767.8193359375,14475.0,15018.75,12850.0,14018.75,168613
2020-03-26,9892.89453125,12168.75,14150.0,12006.25,14087.5,179134
2020-03-27,10848.140625,13343.75,13475.0,12400.0,13056.25,132630
2020-03-30,9674.40625,11900.0,13137.5,11818.75,12975.0,139439
2020-03-31,9887.8115234375,12162.5,12412.5,11300.0,11975.0,147727
2020-04-01,11153.0068359375,13718.75,14018.75,12712.5,13250.0,142936
2020-04-02,10492.4638671875,12906.25,14050.0,12881.25,13912.5,163036
2020-04-03,10904.033203125,13412.5,13887.5,12693.75,13025.0,126740
2020-04-06,8612.458984375,10593.75,12175.0,10343.75,11931.25,144559
2020-04-07,8587.0517578125,10562.5,10612.5,9575.0,9637.5,166134
2020-04-08,8043.3759765625,9893.75,10562.5,9781.25,10256.25,134014
2020-04-09,8002.7265625,9843.75,10112.5,9487.5,9637.5,159118
2020-04-13,7733.427734375,9512.5,10143.75,9456.25,9962.5,114197
2020-04-14,6722.29052734375,8268.75,9037.5,8200.0,8937.5,131333
2020-04-15,6945.8583984375,8543.75,8831.25,8343.75,8668.75,105140
2020-04-16,6569.857421875,8081.25,8531.25,7956.25,8268.75,143971
2020-04-17,6407.2626953125,7881.25,8225.0,7718.75,7768.75,114859
2020-04-20,6615.587890625,8137.5,8150.0,7793.75,8075.0,86157
2020-04-21,7342.1845703125,9031.25,9181.25,8318.75,8375.0,146575
2020-04-22,6681.64111328125,8218.75,8593.75,8056.25,8468.75,84050
2020-04-23,6732.45263671875,8281.25,8337.5,7825.0,8125.0,104801
2020-04-24,6402.181640625,7875.0,8400.0,7843.75,8231.25,96153
2020-04-27,6275.15380859375,7718.75,7812.5,7575.0,7631.25,73637
2020-04-28,6605.42529296875,8125.0,8162.5,7506.25,7512.5,104528
2020-04-29,5924.55859375,7287.5,7712.5,7156.25,7593.75,108957
2020-04-30,5883.90966796875,7237.5,7431.25,7162.5,7168.75,89451
2020-05-01,6412.3447265625,7887.5,7993.75,7493.75,7706.25,103522
2020-05-04,6183.6943359375,7606.25,8068.75,7581.25,8012.5,70241
2020-05-05,5975.36962890625,7350.0,7437.5,7087.5,7375.0,81538
2020-05-06,5863.5849609375,7212.5,7306.25,7006.25,7181.25,91895
2020-05-07,5634.9365234375,6931.25,7075.0,6843.75,6937.5,94721
2020-05-08,5406.28662109375,6650.0,6875.0,6631.25,6768.75,83798
2020-05-11,5269.0966796875,6481.25,6793.75,6375.0,6768.75,89125
2020-05-12,5584.125,6868.75,6875.0,6362.5,6418.75,105176
2020-05-13,5792.44970703125,7125.0,7375.0,6643.75,6825.0,175337
2020-05-14,5599.3681640625,6887.5,7462.5,6887.5,7256.25,127786
2020-05-15,5487.58349609375,6750.0,7218.75,6750.0,7175.0,119261
2020-05-18,5182.71826171875,6375.0,6556.25,6281.25,6487.5,93447
2020-05-19,5228.44775390625,6431.25,6437.5,6175.0,6362.5,92159
2020-05-20,4908.3388671875,6037.5,6200.0,6006.25,6200.0,91258
2020-05-21,5060.771484375,6225.0,6275.0,5981.25,6031.25,105987
2020-05-22,5015.04248046875,6168.75,6350.0,6150.0,6275.0,69979
2020-05-26,5040.44775390625,6200.0,6243.75,5856.25,5875.0,80486
2020-05-27,4969.3125,6112.5,6637.5,6106.25,6256.25,131899
2020-05-28,4994.71728515625,6143.75,6218.75,5862.5,6206.25,118955
2020-05-29,4791.4736328125,5893.75,6237.5,5850.0,6106.25,135543
2020-06-01,4725.419921875,5812.5,5975.0,5787.5,5950.0,63071
2020-06-02,4639.0400390625,5706.25,5968.75,5693.75,5793.75,86448
2020-06-03,4557.74365234375,5606.25,5718.75,5562.5,5656.25,77562
2020-06-04,4664.44677734375,5737.5,5837.5,5543.75,5650.0,84338
2020-06-05,4390.06689453125,5400.0,5693.75,5350.0,5668.75,117280
2020-06-08,4283.3642578125,5268.75,5512.5,5262.5,5412.5,71238
2020-06-09,4186.82275390625,5150.0,5343.75,5093.75,5331.25,89423
2020-06-10,4029.309326171875,4956.25,5081.25,4868.75,5043.75,118114
2020-06-11,4633.9599609375,5700.0,5712.5,5125.0,5206.25,189568
2020-06-12,4527.25634765625,5568.75,5875.0,5237.5,5331.25,211308
2020-06-15,4359.58056640625,5362.5,5881.25,5312.5,5812.5,145018
2020-06-16,4141.09375,5093.75,5343.75,4981.25,5018.75,152103
2020-06-17,4095.36328125,5037.5,5100.0,4918.75,4993.75,99174
2020-06-18,4059.796630859375,4993.75,5112.5,4981.25,5062.5,72259
2020-06-19,4064.876708984375,5000.0,5112.5,4825.0,4843.75,112185
2020-06-22,3922.606689453125,4825.0,5025.0,4812.5,5006.25,88704
2020-06-23,3820.984375,4700.0,4756.25,4562.5,4718.75,121056
2020-06-24,4044.552490234375,4975.0,5075.0,4668.75,4750.0,199872
2020-06-25,3932.7685546875,4837.5,5143.75,4825.0,4981.25,134489
2020-06-26,4217.310546875,5187.5,5218.75,4850.0,4862.5,158603
2020-06-29,4090.283203125,5031.25,5375.0,5018.75,5200.0,128589
2020-06-30,3841.309326171875,4725.0,5037.5,4687.5,5025.0,113478
2020-07-01,3704.118896484375,4556.25,4750.0,4493.75,4718.75,134571
2020-07-02,3627.90234375,4462.5,4487.5,4350.0,4425.0,122537
2020-07-06,3363.685791015625,4137.5,4293.75,4100.0,4293.75,142119
2020-07-07,3429.740234375,4218.75,4231.25,4012.5,4156.25,151924
2020-07-08,3292.550048828125,4050.0,4225.0,4050.0,4150.0,125769
2020-07-09,3211.2529296875,3950.0,4162.5,3912.5,3968.75,184147
2020-07-10,3140.1171875,3862.5,4081.25,3856.25,3956.25,132420
2020-07-13,3333.198974609375,4100.0,4143.75,3612.5,3737.5,269991
2020-07-14,3262.063720703125,4012.5,4381.25,3993.75,4218.75,334667
2020-07-15,3241.7392578125,3987.5,4150.0,3906.25,3956.25,168723
2020-07-16,3312.874755859375,4075.0,4231.25,4043.75,4125.0,156566
2020-07-17,3307.7939453125,4068.75,4168.75,4012.5,4043.75,114773
2020-07-20,3018.171142578125,3712.5,4087.5,3681.25,4025.0,158403
2020-07-21,3109.630859375,3825.0,3862.5,3643.75,3643.75,161275
2020-07-22,3074.06298828125,3781.25,3893.75,3743.75,3806.25,119008
2020-07-23,3317.955810546875,4081.25,4150.0,3775.0,3806.25,220467
2020-07-24,3414.496337890625,4200.0,4400.0,4131.25,4275.0,271052
2020-07-27,3226.49609375,3968.75,4156.25,3956.25,4118.75,131230
2020-07-28,3348.442626953125,4118.75,4137.5,3981.25,4012.5,111384
2020-07-29,3231.577392578125,3975.0,4075.0,3937.5,4050.0,102637
2020-07-30,3180.7666015625,3912.5,4131.25,3893.75,4081.25,169909
2020-07-31,3013.08984375,3706.25,3931.25,3700.0,3706.25,182106
2020-08-03,2896.224853515625,3562.5,3625.0,3525.0,3618.75,134528
2020-08-04,2855.575927734375,3512.5,3612.5,3512.5,3587.5,108742
2020-08-05,2840.332763671875,3493.75,3537.5,3475.0,3500.0,87859
2020-08-06,2723.46728515625,3350.0,3525.0,3337.5,3506.25,150306
2020-08-07,2814.927490234375,3462.5,3550.0,3343.75,3375.0,187796
2020-08-10,2855.575927734375,3512.5,3656.25,3450.0,3456.25,165835
2020-08-11,3018.171142578125,3712.5,3737.5,3506.25,3562.5,166501
2020-08-12,2784.440673828125,3425.0,3625.0,3387.5,3618.75,169947
2020-08-13,2769.197998046875,3406.25,3443.75,3318.75,3406.25,159062
2020-08-14,2784.440673828125,3425.0,3475.0,3375.0,3387.5,111889
2020-08-17,2682.818359375,3300.0,3362.5,3287.5,3350.0,85846
2020-08-18,2606.602783203125,3206.25,3315.0,3187.5,3261.25,185515
2020-08-19,2658.4296875,3270.0,3285.0,3167.5,3206.25,262116
2020-08-20,2546.6455078125,3132.5,3312.5,3115.0,3298.75,267351
2020-08-21,2493.802001953125,3067.5,3148.75,3052.5,3128.75,264829
2020-08-24,2446.03955078125,3008.75,3087.5,2932.5,2961.25,297816
2020-08-25,2389.131103515625,2938.75,3050.0,2937.5,3035.0,233814
2020-08-26,2235.6826171875,2750.0,2905.0,2745.0,2901.25,387394
2020-08-27,2258.039306640625,2777.5,2842.5,2696.25,2718.75,507615
2020-08-28,2220.439208984375,2731.25,2778.75,2715.0,2741.25,287270
2020-08-31,2169.6279296875,2668.75,2730.0,2615.0,2717.5,390970
2020-09-01,2056.82763671875,2530.0,2641.25,2527.5,2595.0,387730
2020-09-02,1997.8875732421875,2457.5,2607.5,2443.75,2446.25,626356
2020-09-03,2304.78515625,2835.0,2905.0,2558.75,2567.5,1382832
2020-09-04,2396.245361328125,2947.5,3292.5,2783.75,2878.75,1662614
2020-09-08,2736.677978515625,3366.25,3376.25,3108.75,3296.25,965803
2020-09-09,2499.8994140625,3075.0,3252.5,2990.0,3160.0,605925
2020-09-10,2643.18603515625,3251.25,3312.5,2927.5,2968.75,805107
2020-09-11,2699.078369140625,3320.0,3450.0,3150.0,3180.0,964651
2020-09-14,2560.872314453125,3150.0,3227.5,3071.25,3177.5,576442
2020-09-15,2449.08837890625,3012.5,3075.0,2965.0,3018.75,510386
2020-09-16,2569.00244140625,3160.0,3167.5,2971.25,2990.0,577282
2020-09-17,2684.851318359375,3302.5,3431.25,3233.75,3400.0,879757
2020-09-18,2792.570556640625,3435.0,3587.5,3241.25,3257.5,945849
2020-09-21,2754.970458984375,3388.75,3677.5,3386.25,3585.0,909666
2020-09-22,2603.5537109375,3202.5,3428.75,3180.0,3293.75,591027
2020-09-23,2845.414306640625,3500.0,3526.25,3207.5,3215.0,800870
2020-09-24,2801.716064453125,3446.25,3611.25,3313.75,3596.25,1027052
2020-09-25,2604.570068359375,3203.75,3487.5,3172.5,3427.5,744181
2020-09-28,2445.023681640625,3007.5,3123.75,3005.0,3027.5,588761
2020-09-29,2476.5263671875,3046.25,3065.0,2988.75,3022.5,409170
2020-09-30,2423.682861328125,2981.25,3048.75,2876.25,3040.0,662069
2020-10-01,2309.866455078125,2841.25,2917.5,2821.25,2856.25,558626
2020-10-02,2500.91552734375,3076.25,3107.5,2916.25,3027.5,882478
2020-10-05,2343.4013671875,2882.5,3015.0,2871.25,3012.5,371702
2020-10-06,2469.412841796875,3037.5,3065.0,2850.0,2908.75,689499
2020-10-07,2339.3369140625,2877.5,2966.25,2851.25,2947.5,408995
2020-10-08,2300.72021484375,2830.0,2865.0,2800.0,2803.75,305810
2020-10-09,2197.06640625,2702.5,2792.5,2698.75,2780.0,343889
2020-10-12,1993.8221435546875,2452.5,2595.0,2368.75,2563.75,689594
2020-10-13,1991.7894287109375,2450.0,2486.25,2387.5,2406.25,464068
2020-10-14,2041.584716796875,2511.25,2557.5,2405.0,2430.0,562226
2020-10-15,2085.28173828125,2565.0,2655.0,2546.25,2636.25,547510
2020-10-16,2117.80078125,2605.0,2613.75,2478.75,2517.5,392511
2020-10-19,2220.439208984375,2731.25,2760.0,2525.0,2552.5,581219
2020-10-20,2204.179443359375,2711.25,2756.25,2620.0,2706.25,594054
2020-10-21,2211.29296875,2720.0,2733.75,2630.0,2705.0,506086
2020-10-22,2210.276611328125,2718.75,2817.5,2668.75,2695.0,584590
2020-10-23,2195.033447265625,2700.0,2788.75,2698.75,2700.0,389883
2020-10-26,2294.623046875,2822.5,2931.25,2688.75,2770.0,676716
2020-10-27,2241.779296875,2757.5,2833.75,2733.75,2795.0,474227
2020-10-28,2504.980224609375,3081.25,3088.75,2875.0,2893.75,802102
2020-10-29,2373.888427734375,2920.0,3051.25,2813.75,3032.5,614706
2020-10-30,2543.5966796875,3128.75,3213.75,2955.0,2982.5,1016035
2020-11-02,2535.467041015625,3118.75,3222.5,2993.75,3056.25,684757
2020-11-03,2406.406982421875,2960.0,3087.5,2881.25,3052.5,696548
2020-11-04,2081.216552734375,2560.0,2723.75,2501.25,2668.75,960473
2020-11-05,1920.6546630859375,2362.5,2425.0,2333.75,2386.25,706246
2020-11-06,1913.5406494140625,2353.75,2470.0,2337.5,2381.25,722407
2020-11-09,2030.405517578125,2497.5,2508.75,2247.5,2286.25,925018
2020-11-10,2138.12548828125,2630.0,2706.25,2547.5,2585.0,1034930
2020-11-11,1995.8546142578125,2455.0,2573.75,2442.5,2563.75,532778
2020-11-12,2022.2762451171875,2487.5,2520.0,2396.25,2431.25,564468
2020-11-13,1970.4488525390625,2423.75,2503.75,2408.75,2446.25,419057
2020-11-16,1925.7352294921875,2368.75,2447.5,2358.75,2430.0,341597
2020-11-17,1940.9786376953125,2387.5,2406.25,2353.75,2361.25,317346
2020-11-18,1986.70849609375,2443.75,2443.75,2362.5,2403.75,351990
2020-11-19,1937.9298095703125,2383.75,2475.0,2376.25,2457.5,332208
2020-11-20,1978.5787353515625,2433.75,2435.0,2368.75,2387.5,279570
2020-11-23,1977.562744140625,2432.5,2492.5,2375.0,2407.5,311571
2020-11-24,1895.2490234375,2331.25,2453.75,2318.75,2405.0,362866
2020-11-25,1858.6649169921875,2286.25,2328.75,2272.5,2307.5,277269
2020-11-27,1808.8702392578125,2225.0,2250.0,2197.5,2242.5,187304
2020-11-30,1798.7080078125,2212.5,2320.0,2202.5,2217.5,430302
2020-12-01,1726.5562744140625,2123.75,2185.0,2087.5,2161.25,413717
2020-12-02,1719.4429931640625,2115.0,2190.0,2108.75,2150.0,316513
2020-12-03,1712.3297119140625,2106.25,2122.5,2073.75,2111.25,277110
2020-12-04,1690.9888916015625,2080.0,2121.25,2078.75,2107.5,246060
2020-12-07,1662.5347900390625,2045.0,2081.25,2038.75,2077.5,249346
2020-12-08,1646.2750244140625,2025.0,2092.5,2018.75,2055.0,272060
2020-12-09,1757.04296875,2161.25,2185.0,2023.75,2028.75,645486
2020-12-10,1737.7347412109375,2137.5,2233.75,2112.5,2210.0,506970
2020-12-11,1747.89697265625,2150.0,2223.75,2148.75,2172.5,433547
2020-12-14,1709.28076171875,2102.5,2126.25,2061.25,2125.0,338122
2020-12-15,1656.4373779296875,2037.5,2103.75,2037.5,2056.25,305902
2020-12-16,1628.9993896484375,2003.75,2050.0,1987.5,2028.75,318155
2020-12-17,1595.4642333984375,1962.5,1995.0,1958.75,1971.25,243999
2020-12-18,1610.70751953125,1981.25,2027.5,1946.25,1951.25,379437
2020-12-21,1620.86962890625,1993.75,2093.75,1981.25,2038.75,552857
2020-12-22,1606.642578125,1976.25,2032.5,1957.5,1975.0,369183
2020-12-23,1630.015869140625,2005.0,2008.75,1968.75,1976.25,260759
2020-12-24,1608.6751708984375,1978.75,2002.5,1970.0,2000.0,157865
2020-12-28,1559.896484375,1918.75,1963.75,1910.0,1927.5,310148
2020-12-29,1555.831787109375,1913.75,1932.5,1882.5,1895.0,391314
2020-12-30,1555.831787109375,1913.75,1926.25,1886.25,1892.5,225566
2020-12-31,1542.620849609375,1897.5,1936.25,1892.5,1915.0,286943
2021-01-04,1609.6910400390625,1980.0,2056.25,1872.5,1875.0,716122
2021-01-05,1570.05859375,1931.25,2000.0,1928.75,2000.0,404773
2021-01-06,1635.0966796875,2011.25,2041.25,1930.0,2020.0,822835
2021-01-07,1513.150390625,1861.25,1957.5,1848.75,1957.5,480905
2021-01-08,1457.25830078125,1792.5,1863.75,1786.25,1823.75,697530
2021-01-11,1520.263916015625,1870.0,1881.25,1822.5,1843.75,539513
2021-01-12,1526.361328125,1877.5,1927.5,1848.75,1868.75,446461
2021-01-13,1497.906982421875,1842.5,1885.0,1826.25,1875.0,335724
2021-01-14,1520.263916015625,1870.0,1878.75,1815.0,1832.5,283622
2021-01-15,1556.8480224609375,1915.0,1937.5,1856.25,1876.25,492682
2021-01-19,1487.7451171875,1830.0,1891.25,1821.25,1870.0,358135
2021-01-20,1385.106689453125,1703.75,1773.75,1687.5,1766.25,524582
2021-01-21,1349.5391845703125,1660.0,1703.75,1650.0,1683.75,372114
2021-01-22,1361.733642578125,1675.0,1687.5,1660.0,1678.75,296681
2021-01-25,1324.1337890625,1628.75,1738.75,1601.25,1622.5,811772
2021-01-26,1322.1011962890625,1626.25,1648.75,1610.0,1623.75,361330
2021-01-27,1429.820556640625,1758.75,1793.75,1661.25,1661.25,863249
2021-01-28,1407.4637451171875,1731.25,1753.75,1647.5,1743.75,657142
2021-01-29,1494.8585205078125,1838.75,1871.25,1741.25,1758.75,889578
2021-02-01,1383.0743408203125,1701.25,1815.0,1686.25,1778.75,672315
2021-02-02,1318.036376953125,1621.25,1657.5,1601.25,1655.0,464027
2021-02-03,1331.247314453125,1637.5,1640.0,1583.75,1588.75,425677
2021-02-04,1284.501220703125,1580.0,1638.75,1580.0,1616.25,376750
2021-02-05,1271.2901611328125,1563.75,1592.5,1550.0,1567.5,374802
2021-02-08,1245.884765625,1532.5,1565.0,1531.25,1540.0,353012
2021-02-09,1246.9010009765625,1533.75,1547.5,1517.5,1547.5,375858
2021-02-10,1255.0308837890625,1543.75,1590.0,1507.5,1513.75,756834
2021-02-11,1234.7064208984375,1518.75,1555.0,1513.75,1522.5,556934
2021-02-12,1215.398193359375,1495.0,1546.25,1491.25,1530.0,385786
2021-02-16,1223.528076171875,1505.0,1522.5,1470.0,1482.5,447960
2021-02-17,1241.820068359375,1527.5,1578.75,1523.75,1547.5,639890
2021-02-18,1258.0794677734375,1547.5,1603.75,1537.5,1578.75,700362
2021-02-19,1274.3389892578125,1567.5,1582.5,1526.25,1527.5,526438
2021-02-22,1373.9283447265625,1690.0,1692.5,1612.5,1631.25,824762
2021-02-23,1385.106689453125,1703.75,1870.0,1677.5,1776.25,1549617
2021-02-24,1350.5555419921875,1661.25,1792.5,1656.25,1750.0,926164
2021-02-25,1493.8424072265625,1837.5,1861.25,1663.75,1705.0,1519481
2021-02-26,1471.4853515625,1810.0,1870.0,1725.0,1782.5,1732058
2021-03-01,1340.3931884765625,1648.75,1747.5,1642.5,1722.5,765638
2021-03-02,1404.4149169921875,1727.5,1732.5,1637.5,1640.0,614727
2021-03-03,1526.361328125,1877.5,1880.0,1731.25,1747.5,1314785
2021-03-04,1601.5615234375,1970.0,2045.0,1826.25,1886.25,2590718
2021-03-05,1528.393798828125,1880.0,2097.5,1862.5,1917.5,2426704
2021-03-08,1658.4697265625,2040.0,2047.5,1855.0,1891.25,1477632
2021-03-09,1462.339599609375,1798.75,1897.5,1758.75,1887.5,1269245
2021-03-10,1473.51806640625,1812.5,1826.25,1716.25,1722.5,1063167
2021-03-11,1370.87939453125,1686.25,1743.75,1656.25,1727.5,895859
2021-03-12,1404.4149169921875,1727.5,1793.75,1726.25,1753.75,785867
2021-03-15,1359.701171875,1672.5,1751.25,1670.0,1723.75,499196
2021-03-16,1337.344482421875,1645.0,1668.75,1588.75,1636.25,743275
2021-03-17,1321.0849609375,1625.0,1721.25,1595.0,1693.75,957026
2021-03-18,1442.01513671875,1773.75,1781.25,1685.0,1701.25,810626
2021-03-19,1423.72314453125,1751.25,1815.0,1727.5,1777.5,956178
2021-03-22,1346.4906005859375,1656.25,1713.75,1621.25,1713.75,662738
2021-03-23,1364.7823486328125,1678.75,1691.25,1617.5,1640.0,811640
2021-03-24,1432.868896484375,1762.5,1766.25,1655.0,1655.0,753206
2021-03-25,1439.98291015625,1771.25,1840.0,1745.0,1796.25,1114960
2021-03-26,1374.9447021484375,1691.25,1801.25,1687.5,1776.25,868062
2021-03-29,1376.97705078125,1693.75,1750.0,1676.25,1701.25,751013
2021-03-30,1397.301513671875,1718.75,1765.0,1710.0,1726.25,520023
2021-03-31,1333.2796630859375,1640.0,1695.0,1613.75,1690.0,645236
2021-04-01,1264.1767578125,1555.0,1583.75,1553.75,1580.0,583808
2021-04-05,1189.992919921875,1463.75,1522.5,1451.25,1518.75,554821
2021-04-06,1193.0413818359375,1467.5,1476.25,1438.75,1467.5,447970
2021-04-07,1182.879150390625,1455.0,1485.0,1443.75,1471.25,440629
2021-04-08,1145.279296875,1408.75,1427.5,1407.5,1416.25,420758
2021-04-09,1124.9547119140625,1383.75,1436.25,1381.25,1427.5,589418
2021-04-12,1130.0360107421875,1390.0,1413.75,1383.75,1396.25,387774
2021-04-13,1089.386962890625,1340.0,1372.5,1335.0,1368.75,466623
2021-04-14,1129.0196533203125,1388.75,1398.75,1336.25,1337.5,541399
2021-04-15,1076.176025390625,1323.75,1353.75,1320.0,1351.25,605792
2021-04-16,1073.1278076171875,1320.0,1342.5,1317.5,1321.25,399960
2021-04-19,1103.614013671875,1357.5,1380.0,1325.0,1340.0,639063
2021-04-20,1126.9871826171875,1386.25,1411.25,1348.75,1363.75,575549
2021-04-21,1097.5167236328125,1350.0,1416.25,1347.5,1402.5,510230
2021-04-22,1137.1492919921875,1398.75,1413.75,1342.5,1355.0,864813
2021-04-23,1094.46826171875,1346.25,1391.25,1328.75,1390.0,486552
2021-04-26,1072.111328125,1318.75,1352.5,1316.25,1342.5,496975
2021-04-27,1086.33837890625,1336.25,1348.75,1313.75,1315.0,485086
2021-04-28,1098.533203125,1351.25,1358.75,1328.75,1340.0,365026
2021-04-29,1085.322509765625,1335.0,1376.25,1305.0,1310.0,534448
2021-04-30,1106.662841796875,1361.25,1373.75,1335.0,1366.25,431578
2021-05-03,1123.9384765625,1382.5,1390.0,1337.5,1347.5,363408
2021-05-04,1184.91162109375,1457.5,1507.5,1411.25,1416.25,1035810
2021-05-05,1197.106201171875,1472.5,1483.75,1418.75,1430.0,496106
2021-05-06,1170.6845703125,1440.0,1507.5,1437.5,1477.5,646254
2021-05-07,1141.2142333984375,1403.75,1418.75,1372.5,1401.25,606258
2021-05-10,1227.5927734375,1510.0,1512.5,1420.0,1421.25,542145
2021-05-11,1231.65771484375,1515.0,1605.0,1505.0,1595.0,1037047
2021-05-12,1327.1822509765625,1632.5,1646.25,1553.75,1587.5,1294955
2021-05-13,1297.7119140625,1596.25,1633.75,1548.75,1587.5,939587
2021-05-14,1212.349609375,1491.25,1555.0,1476.25,1546.25,699000
2021-05-17,1233.690185546875,1517.5,1557.5,1505.0,1515.0,551846
2021-05-18,1258.0794677734375,1547.5,1552.5,1486.25,1502.5,466590
2021-05-19,1254.0145263671875,1542.5,1633.75,1537.5,1627.5,890112
2021-05-20,1180.8468017578125,1452.5,1523.75,1440.0,1521.25,665770
2021-05-21,1200.155029296875,1476.25,1482.5,1425.0,1431.25,484174
2021-05-24,1139.181640625,1401.25,1450.0,1386.25,1445.0,458792
2021-05-25,1134.1005859375,1395.0,1412.5,1372.5,1381.25,440627
2021-05-26,1122.9222412109375,1381.25,1397.5,1375.0,1388.75,351830
2021-05-27,1136.133056640625,1397.5,1400.0,1376.25,1386.25,354521
2021-05-28,1124.9547119140625,1383.75,1387.5,1363.75,1381.25,359710
2021-06-01,1136.133056640625,1397.5,1415.0,1360.0,1367.5,473457
2021-06-02,1130.0360107421875,1390.0,1411.25,1378.75,1392.5,399905
2021-06-03,1165.603271484375,1433.75,1455.0,1410.0,1426.25,508244
2021-06-04,1104.6304931640625,1358.75,1410.0,1353.75,1408.75,629577
2021-06-07,1095.484375,1347.5,1375.0,1346.25,1367.5,412586
2021-06-08,1094.46826171875,1346.25,1366.25,1313.75,1325.0,523978
2021-06-09,1092.435791015625,1343.75,1346.25,1318.75,1327.5,334262
2021-06-10,1057.88427734375,1301.25,1346.25,1300.0,1340.0,777025
2021-06-11,1049.7542724609375,1291.25,1310.0,1291.25,1301.25,315215
2021-06-14,1020.2841796875,1255.0,1301.25,1255.0,1287.5,373570
2021-06-15,1039.5924072265625,1278.75,1287.5,1255.0,1257.5,452394
2021-06-16,1051.787109375,1293.75,1333.75,1261.25,1273.75,812466
2021-06-17,1011.1381225585938,1243.75,1306.25,1232.5,1305.0,822594
2021-06-18,1034.5111083984375,1272.5,1281.25,1248.75,1261.25,652547
2021-06-21,1016.2191772460938,1250.0,1296.25,1245.0,1271.25,488807
2021-06-22,987.7650756835938,1215.0,1255.0,1208.75,1251.25,591276
2021-06-23,985.7327880859375,1212.5,1221.25,1200.0,1213.75,417638
2021-06-24,967.440673828125,1190.0,1197.5,1173.75,1191.25,562975
2021-06-25,969.4733276367188,1192.5,1201.25,1181.25,1183.75,473511
2021-06-28,934.9217529296875,1150.0,1181.25,1148.75,1181.25,479222
2021-06-29,924.759521484375,1137.5,1161.25,1137.5,1152.5,413761
2021-06-30,928.824462890625,1142.5,1148.75,1136.25,1140.0,361911
2021-07-01,928.824462890625,1142.5,1160.0,1137.5,1147.5,374674
2021-07-02,896.3052978515625,1102.5,1126.25,1100.0,1123.75,452681
2021-07-06,886.1431884765625,1090.0,1122.5,1085.0,1096.25,752240
2021-07-07,879.029541015625,1081.25,1100.0,1065.0,1067.5,795751
2021-07-08,895.2890625,1101.25,1140.0,1092.5,1127.5,882074
2021-07-09,878.0133666992188,1080.0,1112.5,1076.25,1107.5,516157
2021-07-12,868.8673706054688,1068.75,1082.5,1063.75,1066.25,418965
2021-07-13,868.8673706054688,1068.75,1075.0,1040.0,1071.25,832274
2021-07-14,863.7863159179688,1062.5,1070.0,1040.0,1046.25,776626
2021-07-15,881.0621337890625,1083.75,1102.5,1061.25,1062.5,900884
2021-07-16,902.4027099609375,1110.0,1113.75,1067.5,1075.0,660944
2021-07-19,924.759521484375,1137.5,1162.5,1132.5,1143.75,1068910
2021-07-20,893.2567138671875,1098.75,1146.25,1083.75,1127.5,739705
2021-07-21,871.916259765625,1072.5,1103.75,1072.5,1102.5,455142
2021-07-22,853.6240844726562,1050.0,1071.25,1050.0,1071.25,494978
2021-07-23,825.170166015625,1015.0,1050.0,1011.25,1038.75,686675
2021-07-26,823.1375122070312,1012.5,1027.5,1008.75,1020.0,470524
2021-07-27,849.5592041015625,1045.0,1081.25,1013.75,1013.75,1006849
2021-07-28,839.3970947265625,1032.5,1055.0,1018.75,1036.25,836006
2021-07-29,834.316162109375,1026.25,1037.5,1017.5,1037.5,515245
2021-07-30,847.52685546875,1042.5,1062.5,1038.75,1061.25,640469
2021-08-02,847.52685546875,1042.5,1048.75,1023.75,1028.75,576138
2021-08-03,832.2835693359375,1023.75,1066.25,1023.75,1037.5,657346
2021-08-04,828.2186889648438,1018.75,1033.75,1011.25,1025.0,558566
2021-08-05,812.975341796875,1000.0,1018.75,998.75,1013.75,434928
2021-08-06,823.1375122070312,1012.5,1022.5,1002.5,1010.0,538201
2021-08-09,820.0888671875,1008.75,1018.75,1003.75,1008.75,532328
2021-08-10,832.2835693359375,1023.75,1033.75,1001.25,1003.75,625858
2021-08-11,835.3322143554688,1027.5,1040.0,1007.5,1012.5,626026
2021-08-12,826.1862182617188,1016.25,1045.0,1013.75,1032.5,457466
2021-08-13,818.0565185546875,1006.25,1018.75,1003.75,1015.0,367321
2021-08-16,817.0402221679688,1005.0,1048.75,1005.0,1016.25,734373
2021-08-17,839.3970947265625,1032.5,1052.5,1020.0,1027.5,1162784
2021-08-18,863.7863159179688,1062.5,1065.0,1023.75,1037.5,930999
2021-08-19,849.5592041015625,1045.0,1081.25,1031.25,1080.0,1053963
2021-08-20,823.1375122070312,1012.5,1040.0,1010.0,1037.5,721627
2021-08-23,786.5537109375,967.5,1005.0,962.5,1003.75,732145
2021-08-24,779.4401245117188,958.75,967.5,953.75,962.5,483904
2021-08-25,778.4240112304688,957.5,963.75,951.25,957.5,496667
2021-08-26,791.634765625,973.75,977.5,956.25,962.5,771065
2021-08-27,769.2779541015625,946.25,972.5,941.25,968.75,592823
2021-08-30,741.840087890625,912.5,940.0,910.0,940.0,645950
2021-08-31,743.87255859375,915.0,927.5,911.25,912.5,624342
2021-09-01,740.8238525390625,911.25,912.5,896.25,907.5,627782
2021-09-02,742.8563232421875,913.75,921.25,898.75,902.5,685212
2021-09-03,734.7265625,903.75,921.25,901.25,920.0,570295
2021-09-07,730.6616821289062,898.75,912.5,895.0,902.5,523952
2021-09-08,739.8076171875,910.0,926.25,901.25,902.5,700440
2021-09-09,746.9212036132812,918.75,921.25,900.0,908.75,727511
2021-09-10,765.2130737304688,941.25,942.5,900.0,906.25,778042
2021-09-13,766.2293090820312,942.5,957.5,918.75,922.5,1081866
2021-09-14,772.32666015625,950.0,957.5,923.75,930.0,896416
2021-09-15,754.03466796875,927.5,963.75,925.0,946.25,713430
2021-09-16,754.03466796875,927.5,953.75,922.5,937.5,664802
2021-09-17,780.4564208984375,960.0,967.5,930.0,930.0,929447
2021-09-20,828.2186889648438,1018.75,1056.25,991.25,1003.75,1277145
2021-09-21,826.1862182617188,1016.25,1025.0,992.5,1002.5,932269
2021-09-22,801.7969360351562,986.25,1016.25,973.75,1006.25,892691
2021-09-23,779.4401245117188,958.75,982.5,950.0,976.25,683782
2021-09-24,776.3914794921875,955.0,980.0,952.5,977.5,580513
2021-09-27,795.69970703125,978.75,998.75,972.5,981.25,651476
2021-09-28,862.7701416015625,1061.25,1066.25,1011.25,1017.5,1282712
2021-09-29,867.8512573242188,1067.5,1073.75,1031.25,1050.0,988428
2021-09-30,876.9970703125,1078.75,1082.5,1037.5,1053.75,1102799
2021-10-01,860.7378540039062,1058.75,1111.25,1048.75,1073.75,912870
2021-10-04,914.5972900390625,1125.0,1146.25,1070.0,1073.75,1093242
2021-10-05,876.9970703125,1078.75,1117.5,1057.5,1115.0,937071
2021-10-06,860.7378540039062,1058.75,1118.75,1056.25,1110.0,1166859
2021-10-07,836.3484497070312,1028.75,1036.25,1006.25,1030.0,832074
2021-10-08,850.575439453125,1046.25,1050.0,1017.5,1020.0,715582
2021-10-11,868.8673706054688,1068.75,1070.0,1027.5,1058.75,835242
2021-10-12,876.9970703125,1078.75,1086.25,1051.25,1056.25,847504
2021-10-13,856.6728515625,1053.75,1077.5,1047.5,1058.75,716126
2021-10-14,808.9105834960938,995.0,1027.5,993.75,1021.25,725419
2021-10-15,793.667236328125,976.25,995.0,976.25,985.0,499992
2021-10-18,769.2779541015625,946.25,992.5,946.25,987.5,595456
2021-10-19,754.03466796875,927.5,945.0,925.0,938.75,562785
2021-10-20,755.0507202148438,928.75,941.25,917.5,922.5,593636
2021-10-21,741.840087890625,912.5,938.75,911.25,935.0,534139
2021-10-22,760.1319580078125,935.0,948.75,913.75,922.5,744554
2021-10-25,736.759033203125,906.25,940.0,898.75,925.0,661824
2021-10-26,730.6616821289062,898.75,907.5,872.5,890.0,1045786
2021-10-27,724.5643310546875,891.25,897.5,868.75,895.0,907050
2021-10-28,701.1912231445312,862.5,883.75,860.0,878.75,790056
2021-10-29,690.012939453125,848.75,886.25,847.5,883.75,817806
2021-11-01,683.9155883789062,841.25,861.25,840.0,846.25,738097
2021-11-02,673.7533569335938,828.75,845.0,826.25,843.75,628822
2021-11-03,652.4127197265625,802.5,833.75,800.0,826.25,964349
2021-11-04,629.0397338867188,773.75,798.75,766.25,795.0,1189771
2021-11-05,627.0072631835938,771.25,778.75,756.25,761.25,1189386
2021-11-08,629.0397338867188,773.75,777.5,763.75,771.25,805918
2021-11-09,641.234375,788.75,797.5,765.0,767.5,1288020
2021-11-10,670.70458984375,825.0,836.25,788.75,806.25,1627902
2021-11-11,663.5911254882812,816.25,820.0,802.5,805.0,766002
2021-11-12,642.2506103515625,790.0,820.0,787.5,808.75,923637
2021-11-15,643.266845703125,791.25,807.5,781.25,785.0,1015658
2021-11-16,629.0397338867188,773.75,797.5,771.25,796.25,749792
2021-11-17,629.0397338867188,773.75,780.0,761.25,773.75,755726
2021-11-18,608.71533203125,748.75,775.0,746.25,761.25,1138758
2021-11-19,598.5531005859375,736.25,745.0,730.0,740.0,984478
2021-11-22,620.9100341796875,763.75,763.75,711.25,728.75,1264390
2021-11-23,629.0397338867188,773.75,800.0,757.5,770.0,1646844
2021-11-24,621.9261474609375,765.0,802.5,763.75,787.5,1152980
2021-11-26,656.4776611328125,807.5,817.5,772.5,781.25,1170100
2021-11-29,614.8126831054688,756.25,785.0,748.75,778.75,1169657
2021-11-30,641.234375,788.75,801.25,747.5,761.25,1543781
2021-12-01,675.7858276367188,831.25,832.5,748.75,762.5,1656606
2021-12-02,659.5263061523438,811.25,847.5,798.75,838.75,1980022
2021-12-03,693.0615234375,852.5,880.0,796.25,802.5,2050901
2021-12-06,676.802001953125,832.5,878.75,823.75,851.25,1403894
2021-12-07,614.8126831054688,756.25,790.0,753.75,788.75,1571655
2021-12-08,607.6990966796875,747.5,767.5,746.25,755.0,1344246
2021-12-09,633.1046142578125,778.75,781.25,743.75,755.0,1580057
2021-12-10,612.7802124023438,753.75,782.5,752.5,762.5,1551425
2021-12-13,640.2180786132812,787.5,790.0,753.75,753.75,1289205
2021-12-14,659.5263061523438,811.25,838.75,800.0,816.25,1465780
2021-12-15,615.828857421875,757.5,838.75,753.75,813.75,1930296
2021-12-16,660.54248046875,812.5,823.75,747.5,750.0,1826062
2021-12-17,670.70458984375,825.0,846.25,798.75,837.5,1646915
2021-12-20,691.029052734375,850.0,871.25,845.0,858.75,1523595
2021-12-21,644.282958984375,792.5,853.75,791.25,827.5,1281175
2021-12-22,621.9261474609375,765.0,800.0,762.5,795.0,1045811
2021-12-23,607.6990966796875,747.5,763.75,737.5,762.5,959705
2021-12-27,578.2288208007812,711.25,740.0,710.0,740.0,813840
2021-12-28,584.3260498046875,718.75,725.0,703.75,706.25,1000894
2021-12-29,585.34228515625,720.0,733.75,711.25,717.5,1008058
2021-12-30,590.4234008789062,726.25,730.0,708.75,721.25,609786
2021-12-31,603.6341552734375,742.5,742.5,722.5,730.0,746444
2022-01-03,583.3099975585938,717.5,745.0,717.5,733.75,1061733
2022-01-04,606.6829223632812,746.25,763.75,715.0,715.0,1511388
2022-01-05,663.5911254882812,816.25,816.25,748.75,755.0,1884943
2022-01-06,664.607421875,817.5,841.25,795.0,827.5,1697661
2022-01-07,684.9318237304688,842.5,855.0,805.0,817.5,1818413
2022-01-10,681.8831176757812,838.75,913.75,837.5,876.25,2175641
2022-01-11,653.4290161132812,803.75,861.25,802.5,847.5,1981070
2022-01-12,644.282958984375,792.5,808.75,776.25,787.5,1872105
2022-01-13,692.24853515625,851.5,859.5,781.0,785.5,2463012
2022-01-14,680.8668212890625,837.5,872.25,835.0,871.5,2530424
2022-01-18,729.6455078125,897.5,904.75,862.25,876.5,2285648
2022-01-19,755.0507202148438,928.75,931.0,869.0,887.75,2142972
2022-01-20,784.7244873046875,965.25,969.5,872.75,904.0,2490764
2022-01-21,849.3560180664062,1044.75,1047.75,961.25,983.25,3688784
2022-01-24,838.7874145507812,1031.75,1202.0,1025.0,1097.5,5002264
2022-01-25,895.89892578125,1102.0,1132.5,1051.0,1089.25,3724080
2022-01-26,897.321533203125,1103.75,1144.0,989.25,1027.25,4137808
2022-01-27,926.7918701171875,1140.0,1150.75,1043.75,1061.25,3241740
2022-01-28,839.8035278320312,1033.0,1172.5,1031.25,1121.25,3215804
2022-01-31,759.7255249023438,934.5,1035.5,928.75,1020.5,2649408
2022-02-01,743.466064453125,914.5,963.75,909.25,923.0,2300808
2022-02-02,725.7837524414062,892.75,924.0,880.5,882.5,3114968
2022-02-03,812.1624755859375,999.0,1008.5,940.0,964.0,3094864
2022-02-04,783.5050659179688,963.75,1013.75,933.25,995.75,3131544
2022-02-07,799.9677124023438,984.0,995.5,937.25,956.5,2208932
2022-02-08,773.9525756835938,952.0,1004.5,942.5,995.25,2746608
2022-02-09,724.767578125,891.5,928.0,890.75,915.0,2558792
2022-02-10,772.936279296875,950.75,965.25,893.0,943.75,4892468
2022-02-11,845.9008178710938,1040.5,1052.0,938.25,951.5,4719456
2022-02-14,843.868408203125,1038.0,1070.75,1007.0,1048.0,4409604
2022-02-15,781.4725952148438,961.25,999.75,959.0,990.0,3257272
2022-02-16,782.0823974609375,962.0,1005.0,953.25,978.75,3210900
2022-02-17,851.3884887695312,1047.25,1051.0,982.75,988.75,3125896
2022-02-18,879.8427124023438,1082.25,1105.0,1035.25,1038.75,4715736
2022-02-22,906.4675903320312,1115.0,1151.75,1059.25,1112.25,4512972
2022-02-23,975.7736206054688,1200.25,1204.75,1075.5,1084.25,4204740
2022-02-24,880.4523315429688,1083.0,1321.75,1074.75,1317.5,5934020
2022-02-25,836.7549438476562,1029.25,1110.0,1028.25,1072.5,3413828
2022-02-28,827.8123168945312,1018.25,1069.5,1005.0,1058.75,4508668
2022-03-01,866.8349609375,1066.25,1089.5,1009.5,1029.75,4522300
2022-03-02,824.7634887695312,1014.5,1079.25,1001.5,1053.0,3278888
2022-03-03,859.1117553710938,1056.75,1073.5,988.75,989.75,3580056
2022-03-04,896.5087280273438,1102.75,1125.0,1066.0,1079.5,3857536
2022-03-07,996.0979614257812,1225.25,1227.25,1091.5,1102.75,4043464
2022-03-08,1009.5122680664062,1241.75,1280.5,1130.0,1234.0,5300648
2022-03-09,901.5895385742188,1109.0,1175.75,1092.0,1145.0,3536828
2022-03-10,930.2470703125,1144.25,1190.0,1132.25,1149.25,3202840
2022-03-11,986.5457763671875,1213.5,1220.75,1109.75,1113.5,2969092
2022-03-14,1044.470458984375,1284.75,1293.75,1191.0,1230.5,3304364
2022-03-15,947.9292602539062,1166.0,1272.75,1155.0,1253.25,3607456
2022-03-16,841.0230712890625,1034.5,1161.5,1033.75,1122.5,4563808
2022-03-17,811.3494262695312,998.0,1064.75,997.5,1052.75,2937548
2022-03-18,761.9610595703125,937.25,1022.5,933.25,1012.25,3971724
2022-03-21,767.042236328125,943.5,979.5,924.5,942.75,4147072
2022-03-22,722.1253051757812,888.25,942.5,880.75,939.25,3432396
2022-03-23,752.6119384765625,925.75,926.25,882.5,910.0,4010948
2022-03-24,703.0204467773438,864.75,928.0,864.25,910.5,3301944
2022-03-25,704.2399291992188,866.25,898.5,857.25,865.5,3864572
2022-03-28,671.9241333007812,826.5,876.0,825.5,866.75,3197116
2022-03-29,637.575927734375,784.25,818.25,779.25,799.5,3530992
2022-03-30,656.8840942382812,808.0,819.5,785.0,795.75,3498752
2022-03-31,684.3220825195312,841.75,845.25,806.25,808.75,3417516
2022-04-01,686.5577392578125,844.5,867.5,832.0,837.75,3609204
2022-04-04,644.4862060546875,792.75,840.5,792.5,838.5,2318032
2022-04-05,686.3544311523438,844.25,852.5,797.25,801.75,3201616
2022-04-06,731.2714233398438,899.5,919.25,875.5,883.5,4899032
2022-04-07,726.3934936523438,893.5,935.25,876.5,907.75,4100540
2022-04-08,756.0670776367188,930.0,936.0,901.5,907.25,3449684
2022-04-11,809.7235107421875,996.0,1000.0,958.5,966.5,3374824
2022-04-12,820.9020385742188,1009.75,1022.75,937.75,954.25,4413968
2022-04-13,771.5137329101562,949.0,1013.75,939.25,1007.25,3171028
2022-04-14,823.9505615234375,1013.5,1015.5,943.0,947.75,3253840
2022-04-18,820.6986694335938,1009.5,1037.5,990.0,1023.25,3508836
2022-04-19,767.6520385742188,944.25,1026.5,938.5,1017.25,2987948
2022-04-20,801.59375,986.0,995.25,933.0,936.25,3576816
2022-04-21,849.5592041015625,1045.0,1054.5,927.5,950.5,4630692
2022-04-22,917.4426879882812,1128.5,1132.5,1033.0,1045.0,4940836
2022-04-25,881.6719360351562,1084.5,1159.25,1081.5,1146.0,5421316
2022-04-26,979.635498046875,1205.0,1210.25,1103.75,1105.5,5077216
2022-04-27,984.919677734375,1211.5,1232.0,1141.5,1206.5,5829940
2022-04-28,881.0621337890625,1083.75,1202.75,1061.25,1153.0,5723740
2022-04-29,996.5045166015625,1225.75,1235.25,1090.5,1126.0,5015468
2022-05-02,947.9292602539062,1166.0,1271.75,1165.0,1234.0,6428780
2022-05-03,945.6937866210938,1163.25,1194.75,1138.0,1167.5,4766172
2022-05-04,849.3560180664062,1044.75,1217.75,1038.25,1158.25,6580312
2022-05-05,974.55419921875,1198.75,1235.25,1087.0,1088.25,7009468
2022-05-06,1012.3576049804688,1245.25,1294.75,1179.25,1227.5,8025804
2022-05-09,1130.239013671875,1390.25,1409.75,1286.25,1316.75,6604632
2022-05-10,1090.4029541015625,1341.25,1400.5,1272.0,1289.0,7557852
2022-05-11,1187.5535888671875,1460.75,1473.0,1297.75,1373.0,6981532
2022-05-12,1194.2607421875,1469.0,1565.25,1402.25,1527.75,7027452
2022-05-13,1065.810791015625,1311.0,1427.75,1292.0,1402.75,5057648
2022-05-16,1098.533203125,1351.25,1370.0,1304.25,1331.25,4404012
2022-05-17,1015.2027587890625,1248.75,1324.75,1243.25,1271.75,4784056
2022-05-18,1162.7581787109375,1430.25,1448.0,1296.0,1305.0,5215416
2022-05-19,1184.0986328125,1456.5,1485.0,1383.5,1460.25,6404000
2022-05-20,1193.651123046875,1468.25,1596.5,1391.0,1401.0,6868708
2022-05-23,1134.303955078125,1395.25,1489.75,1390.0,1452.5,4436192
2022-05-24,1206.0489501953125,1483.5,1555.75,1461.5,1472.0,5539212
2022-05-25,1156.4576416015625,1422.5,1511.5,1388.75,1508.0,4375324
2022-05-26,1060.119873046875,1304.0,1438.0,1280.5,1433.25,3963396
2022-05-27,955.4493408203125,1175.25,1263.0,1174.25,1261.75,3916116
2022-05-31,961.5465698242188,1182.75,1230.25,1150.5,1175.5,4911328
2022-06-01,985.7327880859375,1212.5,1237.5,1134.75,1159.75,5011744
2022-06-02,904.4351196289062,1112.5,1242.5,1110.0,1225.25,4431472
2022-06-03,974.7575073242188,1199.0,1212.5,1153.25,1168.75,4994408
2022-06-06,964.3919677734375,1186.25,1205.5,1126.25,1145.25,3984216
2022-06-07,940.002685546875,1156.25,1239.25,1146.75,1226.5,3843756
2022-06-08,959.3109130859375,1180.0,1190.5,1134.5,1165.25,3043312
2022-06-09,1037.1533203125,1275.75,1277.75,1165.0,1201.0,4475016
2022-06-10,1148.734130859375,1413.0,1417.0,1334.0,1349.25,5553064
2022-06-13,1305.0286865234375,1605.25,1621.0,1506.5,1545.25,6229200
2022-06-14,1297.3055419921875,1595.75,1644.0,1550.75,1566.75,4823148
2022-06-15,1202.5938720703125,1479.25,1587.0,1409.5,1538.0,5680904
2022-06-16,1343.2386474609375,1652.25,1692.25,1585.75,1593.75,5204240
2022-06-17,1299.94775390625,1599.0,1676.0,1552.25,1644.5,4915264
2022-06-21,1202.796875,1479.5,1520.75,1437.5,1519.0,3276112
2022-06-22,1207.065185546875,1484.75,1528.5,1414.0,1519.75,4059560
2022-06-23,1155.4412841796875,1421.25,1491.0,1405.5,1445.0,4031316
2022-06-24,1036.74658203125,1275.25,1379.75,1275.0,1376.75,3468036
2022-06-27,1056.867919921875,1300.0,1316.0,1247.75,1254.5,3372432
2022-06-28,1153.8154296875,1419.25,1422.75,1258.5,1294.5,4694136
2022-06-29,1151.3765869140625,1416.25,1460.75,1392.75,1423.0,4475008
2022-06-30,1195.8868408203125,1471.0,1536.75,1415.5,1462.0,5637276
2022-07-01,1171.0911865234375,1440.5,1521.0,1434.25,1490.5,4207444
2022-07-05,1110.9306640625,1366.5,1523.5,1365.5,1499.5,4491676
2022-07-06,1090.4029541015625,1341.25,1386.25,1310.0,1361.5,3674336
2022-07-07,1021.91015625,1257.0,1328.5,1245.25,1328.5,3161456
2022-07-08,1017.0321655273438,1251.0,1304.75,1232.75,1292.75,4071456
2022-07-11,1082.0701904296875,1331.0,1342.25,1279.0,1282.75,3558416
2022-07-12,1113.369873046875,1369.5,1392.0,1286.25,1314.0,4128664
2022-07-13,1120.2802734375,1378.0,1459.0,1343.25,1451.25,5483800
2022-07-14,1108.288818359375,1363.25,1462.75,1351.0,1417.5,4586740
2022-07-15,1049.55126953125,1291.0,1344.0,1288.25,1319.0,3976528
2022-07-18,1074.9569091796875,1322.25,1337.75,1233.0,1252.0,4408460
2022-07-19,978.6192016601562,1203.75,1294.25,1196.5,1271.5,4049228
2022-07-20,930.0438842773438,1144.0,1205.0,1128.75,1195.5,4766424
2022-07-21,890.2081298828125,1095.0,1169.25,1094.5,1138.75,4779216
2022-07-22,936.547607421875,1152.0,1172.5,1082.25,1105.0,4856300
2022-07-25,951.791015625,1170.75,1196.0,1146.75,1152.5,3781684
2022-07-26,1008.4959716796875,1240.5,1251.25,1190.25,1193.0,3663640
2022-07-27,883.5009765625,1086.75,1190.0,1061.75,1182.25,5163596
2022-07-28,856.2664184570312,1053.25,1127.5,1046.75,1087.0,4502604
2022-07-29,809.5202026367188,995.75,1051.75,986.25,1036.75,4732772
2022-08-01,810.7398681640625,997.25,1023.5,964.0,1013.0,5015672
2022-08-02,818.666259765625,1007.0,1030.25,966.5,1020.25,5759928
2022-08-03,753.2216796875,926.5,991.0,916.5,990.0,4973152
2022-08-04,741.840087890625,912.5,943.5,909.5,924.75,4754776
2022-08-05,759.7255249023438,934.5,963.25,917.25,956.75,5466936
2022-08-08,767.2456665039062,943.75,957.0,894.0,926.25,4836804
2022-08-09,793.0574951171875,975.5,991.0,958.75,961.5,4435956
2022-08-10,728.2225952148438,895.75,930.5,892.0,907.25,4358428
2022-08-11,738.5882568359375,908.5,916.5,858.5,875.5,4939204
2022-08-12,696.923095703125,857.25,903.75,855.75,892.75,3620808
2022-08-15,679.8505859375,836.25,865.5,832.5,865.0,3557064
2022-08-16,684.7285766601562,842.25,866.25,826.25,844.25,4357188
2022-08-17,708.91455078125,872.0,887.75,849.0,867.0,5090932
2022-08-18,704.0366821289062,866.0,885.75,856.0,872.75,3609368
2022-08-19,745.092041015625,916.5,923.0,885.5,890.75,4293620
2022-08-22,803.6261596679688,988.5,996.5,952.25,954.75,4219628
2022-08-23,806.4715576171875,992.0,999.5,964.5,992.25,4155740
2022-08-24,799.5612182617188,983.5,1002.5,965.75,996.75,3216120
2022-08-25,758.0996704101562,932.5,977.25,932.0,967.0,3464412
2022-08-26,850.7786865234375,1046.5,1047.75,924.0,934.75,6655140
2022-08-29,876.3873901367188,1078.0,1089.75,1050.0,1077.0,5322840
2022-08-30,905.044921875,1113.25,1142.25,1054.0,1060.5,6238408
2022-08-31,922.5238647460938,1134.75,1135.5,1071.25,1081.0,5426308
2022-09-01,921.1012573242188,1133.0,1207.0,1129.0,1164.5,6678800
2022-09-02,959.9208374023438,1180.75,1201.0,1084.5,1100.25,7107096
2022-09-06,981.4645385742188,1207.25,1234.5,1165.25,1177.0,5886724
2022-09-07,923.133544921875,1135.5,1205.25,1122.25,1202.75,4884604
2022-09-08,908.2967529296875,1117.25,1175.0,1102.5,1159.5,6072296
2022-09-09,850.3721923828125,1046.0,1092.75,1039.25,1092.75,5438180
2022-09-12,819.27587890625,1007.75,1033.75,1004.25,1030.25,4783456
2022-09-13,954.43310546875,1174.0,1182.75,1083.0,1095.25,7228956
2022-09-14,931.6697387695312,1146.0,1181.25,1134.75,1159.75,5823460
2022-09-15,978.416015625,1203.5,1222.5,1140.5,1169.5,6650340
2022-09-16,998.3339233398438,1228.0,1272.25,1221.0,1246.75,7079368
2022-09-19,973.9444580078125,1198.0,1261.5,1195.75,1260.25,4849824
2022-09-20,997.5206298828125,1227.0,1255.75,1198.0,1229.25,4766140
2022-09-21,1052.396728515625,1294.5,1294.75,1160.25,1215.75,7228240
2022-09-22,1091.0130615234375,1342.0,1358.75,1301.0,1315.75,6076316
2022-09-23,1143.449951171875,1406.5,1457.75,1374.0,1378.25,6951228
2022-09-26,1157.880126953125,1424.25,1437.5,1346.5,1415.75,6526216
2022-09-27,1157.067138671875,1423.25,1461.0,1334.0,1371.0,6013168
2022-09-28,1091.0130615234375,1342.0,1448.5,1319.25,1424.25,5414920
2022-09-29,1181.8629150390625,1453.75,1500.5,1393.5,1399.0,6441620
2022-09-30,1246.2913818359375,1533.0,1533.75,1404.0,1470.75,6364628
2022-10-03,1157.880126953125,1424.25,1527.25,1396.0,1500.0,5052244
2022-10-04,1049.9576416015625,1291.5,1338.75,1279.0,1338.25,5518428
2022-10-05,1048.941650390625,1290.25,1380.75,1267.0,1343.0,5536968
2022-10-06,1076.5826416015625,1324.25,1328.75,1263.5,1307.0,5368284
2022-10-07,1200.5614013671875,1476.75,1495.5,1390.25,1392.5,6214216
2022-10-10,1238.3648681640625,1523.25,1565.75,1466.5,1472.5,5670232
2022-10-11,1284.501220703125,1580.0,1612.5,1499.75,1550.0,6293884
2022-10-12,1287.5499267578125,1583.75,1598.5,1536.75,1572.25,5144324
2022-10-13,1201.3743896484375,1477.75,1738.75,1449.75,1722.0,9026712
2022-10-14,1308.4840087890625,1609.5,1618.5,1426.25,1436.75,6790660
2022-10-17,1178.814453125,1450.0,1496.0,1432.5,1494.75,5615660
2022-10-18,1150.1571044921875,1414.75,1458.25,1321.75,1332.75,6607288
2022-10-19,1161.7418212890625,1429.0,1467.75,1380.25,1438.75,5785016
2022-10-20,1182.6759033203125,1454.75,1471.75,1362.5,1446.0,5846476
2022-10-21,1099.142822265625,1352.0,1490.75,1343.0,1471.5,6654412
2022-10-24,1061.745849609375,1306.0,1402.0,1292.5,1347.75,5843900
2022-10-25,998.1306762695312,1227.75,1293.5,1221.0,1293.5,4835340
2022-10-26,1063.3717041015625,1308.0,1314.0,1229.5,1301.25,6466312
2022-10-27,1121.9061279296875,1380.0,1387.5,1303.75,1325.0,5478464
2022-10-28,1019.8778686523438,1254.5,1392.25,1246.25,1390.75,5894564
2022-10-31,1054.8355712890625,1297.5,1323.5,1273.5,1284.5,4618724
2022-11-01,1087.1513671875,1337.25,1342.75,1240.0,1248.5,4752660
2022-11-02,1199.9517822265625,1476.0,1476.5,1292.5,1338.5,7705636
2022-11-03,1269.2578125,1561.25,1570.25,1496.5,1521.25,5577608
2022-11-04,1210.3170166015625,1488.75,1589.25,1437.75,1471.5,6925812
2022-11-07,1171.904052734375,1441.5,1508.25,1430.5,1471.0,3916028
2022-11-08,1146.295166015625,1410.0,1474.5,1355.25,1415.5,4982892
2022-11-09,1226.983154296875,1509.25,1513.5,1426.75,1439.75,4922032
2022-11-10,956.8720703125,1177.0,1327.75,1170.0,1290.75,7252696
2022-11-11,901.79296875,1109.25,1193.5,1100.5,1176.5,5596412
2022-11-14,925.165771484375,1138.0,1150.0,1094.5,1133.5,5073992
2022-11-15,887.5659790039062,1091.75,1132.25,1044.75,1057.0,7460240
2022-11-16,923.7432861328125,1136.25,1146.25,1110.5,1114.25,5197948
2022-11-17,930.6536254882812,1144.75,1193.75,1127.25,1191.75,5314072
2022-11-18,931.466552734375,1145.75,1175.75,1107.5,1108.75,4449128
2022-11-21,960.1237182617188,1181.0,1191.75,1148.75,1163.75,3922452
2022-11-22,921.1012573242188,1133.0,1200.0,1129.0,1172.75,3201348
2022-11-23,893.053466796875,1098.5,1134.25,1090.5,1131.75,3996692
2022-11-25,911.1421508789062,1120.75,1126.25,1109.25,1117.25,1491808
2022-11-28,951.791015625,1170.75,1181.5,1120.5,1145.25,3394352
2022-11-29,973.9444580078125,1198.0,1215.25,1163.0,1168.0,3754160
2022-11-30,841.0230712890625,1034.5,1205.75,1033.0,1194.75,6031996
2022-12-01,838.380859375,1031.25,1061.0,1011.75,1031.5,3732664
2022-12-02,849.3560180664062,1044.75,1088.25,1034.25,1085.75,4835984
2022-12-05,891.2242431640625,1096.25,1113.0,1053.5,1067.25,3837856
2022-12-06,946.7098999023438,1164.5,1182.25,1097.5,1099.5,4323328
2022-12-07,960.1237182617188,1181.0,1202.25,1155.0,1181.75,5289168
2022-12-08,926.7918701171875,1140.0,1191.25,1127.5,1164.25,4458776
2022-12-09,944.8806762695312,1162.25,1168.25,1119.0,1153.0,4945192
2022-12-12,909.9227294921875,1119.25,1173.75,1118.25,1160.25,3560496
2022-12-13,880.85888671875,1083.5,1116.0,987.0,989.0,7182212
2022-12-14,903.0123901367188,1110.75,1145.25,1052.5,1090.0,6285132
2022-12-15,991.4234008789062,1219.5,1235.0,1149.5,1158.0,5325876
2022-12-16,1021.096923828125,1256.0,1278.0,1209.5,1230.25,4727296
2022-12-19,1063.16845703125,1307.75,1327.25,1252.25,1254.0,4041028
2022-12-20,1067.639892578125,1313.25,1351.25,1287.5,1328.0,3907416
2022-12-21,1022.3165893554688,1257.5,1311.25,1237.5,1298.25,3752872
2022-12-22,1095.7249755859375,1343.75,1406.5,1295.75,1298.0,4599324
2022-12-23,1090.628662109375,1337.5,1397.0,1328.5,1368.5,4367988
2022-12-27,1137.719482421875,1395.25,1404.25,1346.5,1348.75,3660576
2022-12-28,1183.7906494140625,1451.75,1457.25,1366.25,1403.75,4204552
2022-12-29,1097.96728515625,1346.5,1418.5,1331.75,1406.0,3311864
2022-12-30,1101.025390625,1350.25,1411.5,1349.0,1391.5,3435280
2023-01-03,1124.2647705078125,1378.75,1414.25,1292.0,1314.75,3427468
2023-01-04,1109.179443359375,1360.25,1409.75,1332.75,1346.0,4712432
2023-01-05,1160.5511474609375,1423.25,1429.75,1384.5,1387.25,4053192
2023-01-06,1068.2047119140625,1310.0,1446.0,1288.25,1398.0,5119524
2023-01-09,1045.3726806640625,1282.0,1291.75,1213.25,1278.5,4145676
2023-01-10,1019.8907470703125,1250.75,1305.5,1249.25,1298.25,3882072
2023-01-11,967.4998168945312,1186.5,1247.0,1185.0,1236.0,3468504
2023-01-12,952.8222045898438,1168.5,1237.25,1155.75,1181.75,6435924
2023-01-13,933.8634643554688,1145.25,1206.0,1142.25,1201.25,3974484
2023-01-17,929.9901733398438,1140.5,1163.0,1123.0,1149.0,3384780
2023-01-18,965.053466796875,1183.5,1186.5,1101.25,1120.0,4911464
2023-01-19,995.2241821289062,1220.5,1236.25,1191.75,1206.5,4484904
2023-01-20,913.0701904296875,1119.75,1213.25,1116.75,1199.0,4341696
2023-01-23,852.9326171875,1046.0,1119.75,1031.5,1111.0,4821448
2023-01-24,858.8446655273438,1053.25,1070.5,1040.25,1065.0,3832608
2023-01-25,864.7564086914062,1060.5,1132.25,1053.75,1104.0,5441508
2023-01-26,815.2194213867188,999.75,1053.25,998.0,1022.75,4899540
2023-01-27,791.9799194335938,971.25,1015.25,950.0,1014.25,5048092
2023-01-30,839.8859252929688,1030.0,1033.0,989.25,1004.0,4807064
2023-01-31,802.3765258789062,984.0,1030.75,982.5,1029.25,3964236
2023-02-01,751.0049438476562,921.0,1007.0,895.75,986.25,7747832
2023-02-02,672.9281005859375,825.25,868.75,805.0,861.25,8653668
2023-02-03,706.7681274414062,866.75,880.0,818.0,876.75,8500320
2023-02-06,725.3190307617188,889.5,901.0,869.75,890.0,5101212
2023-02-07,680.4708862304688,834.5,901.0,824.5,891.0,7799436
2023-02-08,716.757080078125,879.0,885.0,837.75,845.75,5787380
2023-02-09,736.5311279296875,903.25,916.75,840.0,841.75,6190860
2023-02-10,751.616455078125,921.75,944.0,905.25,924.25,6376936
2023-02-13,715.5339965820312,877.5,920.5,872.5,909.0,4350812
2023-02-14,700.4486694335938,859.0,909.75,850.5,892.75,8257436
2023-02-15,684.5478515625,839.5,881.0,838.5,875.5,4850708
2023-02-16,723.6881713867188,887.5,889.5,846.25,879.75,6364144
2023-02-17,739.792724609375,907.25,934.5,900.75,908.25,6006872
2023-02-21,792.3876342773438,971.75,973.75,930.0,943.0,5021060
2023-02-22,791.77587890625,971.0,987.5,949.75,966.75,5649232
2023-02-23,771.5943603515625,946.25,988.75,933.25,935.0,5422028
2023-02-24,811.142333984375,994.75,1011.75,983.75,995.75,6220072
2023-02-27,793.6107177734375,973.25,979.5,947.25,961.5,4452324
2023-02-28,797.6878051757812,978.25,983.75,952.5,980.5,4363412
2023-03-01,816.8502807617188,1001.75,1012.0,974.5,981.25,5418444
2023-03-02,797.6878051757812,978.25,1032.5,969.5,1029.5,5034180
2023-03-03,748.7625122070312,918.25,966.0,915.5,960.75,4408480
2023-03-06,746.1123657226562,915.0,917.0,878.75,906.75,4675792
2023-03-07,773.8367309570312,949.0,955.0,906.5,915.25,6331552
2023-03-08,762.6246337890625,935.25,963.5,929.5,945.5,5304512
2023-03-09,804.2111206054688,986.25,993.25,907.0,931.5,6516728
2023-03-10,837.439697265625,1027.0,1038.5,968.75,984.25,10842384
2023-03-13,819.2964477539062,1004.75,1064.25,965.0,1047.5,10088412
2023-03-14,763.6439208984375,936.5,977.0,930.5,968.25,7020860
2023-03-15,752.8396606445312,923.25,975.75,919.0,961.75,8710532
2023-03-16,693.517578125,850.5,939.25,847.0,933.0,6957672
2023-03-17,703.0986328125,862.25,879.5,831.0,851.25,6605268
2023-03-20,696.5753784179688,854.25,887.75,851.5,868.75,4655900
2023-03-21,667.4238891601562,818.5,851.0,814.0,838.0,4210552
2023-03-22,694.583740234375,846.5,847.5,774.5,814.0,7187404
2023-03-23,670.5831298828125,817.25,840.0,780.5,815.75,7594720
2023-03-24,663.4033203125,808.5,839.75,807.75,821.25,5935720
2023-03-27,677.1473388671875,825.25,832.25,794.75,803.25,4385224
2023-03-28,688.2245483398438,838.75,858.0,830.5,830.5,4401256
2023-03-29,651.5054321289062,794.0,815.5,788.5,808.5,4805216
2023-03-30,633.4536743164062,772.0,785.25,767.0,775.5,4613668
2023-03-31,602.2732543945312,734.0,772.75,732.25,770.75,5593012
2023-04-03,606.3760375976562,739.0,758.25,737.5,748.75,4441924
2023-04-04,612.7352905273438,746.75,756.0,729.5,736.75,4498220
2023-04-05,632.6331787109375,771.0,783.75,754.25,755.5,4743816
2023-04-06,619.709716796875,755.25,793.75,752.0,783.5,4624152
2023-04-10,621.350830078125,757.25,790.0,756.75,777.25,3517568
2023-04-11,633.4536743164062,772.0,775.75,757.25,757.75,3527628
2023-04-12,650.0696411132812,792.25,796.5,753.5,758.0,5824552
2023-04-13,613.3505859375,747.5,781.75,743.75,780.5,4942576
2023-04-14,616.8380126953125,751.75,772.75,739.5,758.75,5664140
2023-04-17,616.017333984375,750.75,769.75,747.75,755.25,3868196
2023-04-18,615.8123168945312,750.5,759.25,732.5,735.5,3657644
2023-04-19,616.8380126953125,751.75,769.0,744.25,768.25,4077172
2023-04-20,632.017822265625,770.25,779.5,749.0,774.25,5667280
2023-04-21,630.3766479492188,768.25,786.75,762.5,773.5,4649812
2023-04-24,634.4794921875,773.25,789.5,760.25,770.25,4355652
2023-04-25,670.5831298828125,817.25,818.25,781.0,785.75,5243488
2023-04-26,659.505859375,803.75,807.25,778.75,790.5,5260796
2023-04-27,606.3760375976562,739.0,779.75,734.5,774.5,5679260
2023-04-28,594.068115234375,724.0,748.5,723.0,740.5,5532520
2023-05-01,595.9142456054688,726.25,733.75,717.0,727.0,3607908
2023-05-02,611.50439453125,745.25,757.5,725.0,727.25,5502348
2023-05-03,624.0176391601562,760.5,761.25,724.5,743.5,6105412
2023-05-04,631.4024047851562,769.5,777.25,754.75,763.25,5574884
2023-05-05,591.6065063476562,721.0,756.25,715.0,753.5,4472920
2023-05-08,587.5037231445312,716.0,732.0,713.75,724.75,3052220
2023-05-09,598.9912109375,730.0,732.25,721.75,727.75,2848116
2023-05-10,579.9137573242188,706.75,730.5,700.5,713.5,5554704
2023-05-11,575.1956787109375,701.0,714.25,697.0,704.0,4395468
2023-05-12,581.3497314453125,708.5,722.25,695.0,697.75,4059448
2023-05-15,572.3237915039062,697.5,716.0,696.0,705.75,3469860
2023-05-16,570.4776611328125,695.25,702.75,684.25,702.75,3988940
2023-05-17,549.9641723632812,670.25,696.5,666.5,689.0,4496976
2023-05-18,520.6300659179688,634.5,669.0,632.75,668.75,5854316
2023-05-19,524.3223876953125,639.0,644.75,629.0,633.25,4632768
2023-05-22,518.9888916015625,632.5,640.5,626.5,640.25,3196428
2023-05-23,538.886962890625,656.75,659.0,636.25,642.5,4457556
2023-05-24,547.0923461914062,666.75,679.75,659.75,668.75,5237636
2023-05-25,508.7323303222656,620.0,638.25,612.0,623.0,5959152
2023-05-26,469.9620056152344,572.75,615.0,568.0,614.5,6572940
2023-05-30,463.39764404296875,564.75,572.0,545.5,551.25,5525312
2023-05-31,473.03900146484375,576.5,582.0,563.0,573.0,5157368
2023-06-01,455.8077087402344,555.5,582.25,548.75,576.75,4708000
2023-06-02,445.9613342285156,543.5,556.0,537.75,547.25,4745508
2023-06-05,445.1407165527344,542.5,547.25,530.5,544.25,4960560
2023-06-06,445.5509948730469,543.0,552.0,538.5,545.5,3736132
2023-06-07,468.5260314941406,571.0,574.0,532.75,542.0,5633896
2023-06-08,452.3204650878906,551.25,571.5,548.0,570.25,4272080
2023-06-09,446.98699951171875,544.75,551.5,529.75,544.0,4737572
2023-06-12,424.4222106933594,517.25,541.5,516.5,537.0,4162816
2023-06-13,414.78094482421875,505.5,519.5,501.75,505.25,5653356
2023-06-14,405.7550354003906,494.5,517.5,493.5,505.5,6593188
2023-06-15,392.4212951660156,478.25,503.25,471.5,500.75,6684256
2023-06-16,399.80615234375,487.25,489.0,468.25,468.75,5104900
2023-06-20,401.4472351074219,489.25,501.5,483.75,493.5,4453452
2023-06-21,417.79290771484375,502.25,506.5,486.0,487.75,5002348
2023-06-22,403.8595275878906,485.5,510.5,485.25,508.75,4757784
2023-06-23,416.33721923828125,500.5,507.5,491.0,502.0,5032568
2023-06-26,432.7660827636719,520.25,521.0,491.25,502.75,4387884
2023-06-27,411.3461608886719,494.5,517.5,491.0,514.25,4737736
2023-06-28,408.64263916015625,491.25,502.25,483.5,501.75,5290088
2023-06-29,411.76202392578125,495.0,502.0,490.5,493.25,4559068
2023-06-30,393.2535400390625,472.75,481.75,468.25,480.25,4832580
2023-07-03,390.7580261230469,469.75,474.75,467.25,470.5,1696276
2023-07-05,390.7580261230469,469.75,476.0,463.25,476.0,3506028
2023-07-06,400.11627197265625,481.0,492.5,479.5,484.75,4195368
2023-07-07,404.4834289550781,486.25,487.25,469.75,482.5,3901896
2023-07-10,404.0675048828125,485.75,498.0,483.25,487.75,3850956
2023-07-11,398.45257568359375,479.0,493.25,477.25,484.5,3546824
2023-07-12,383.4794006347656,461.0,471.0,455.75,463.0,5316744
2023-07-13,364.7629699707031,438.5,452.0,435.25,449.75,4635896
2023-07-14,364.970947265625,438.75,442.0,425.75,437.0,4834096
2023-07-17,355.1967468261719,427.0,438.25,423.75,436.75,3431656
2023-07-18,346.4624328613281,416.5,435.75,411.75,429.25,4733296
2023-07-19,346.4624328613281,416.5,421.5,409.5,413.25,4794844
2023-07-20,371.20977783203125,446.25,450.0,422.5,427.5,5896832
2023-07-21,374.9530334472656,450.75,452.25,435.25,438.0,5313512
2023-07-24,373.0813903808594,448.5,455.75,443.75,447.5,3344628
2023-07-25,365.59478759765625,439.5,446.5,433.75,446.25,3348664
2023-07-26,369.338134765625,444.0,452.5,438.25,443.75,4885540
2023-07-27,372.87347412109375,448.25,453.0,419.5,425.25,6634616
2023-07-28,352.7012939453125,424.0,435.5,420.25,433.75,6250140
2023-07-31,351.66143798828125,422.75,428.0,419.5,423.25,3447784
2023-08-01,354.7808532714844,426.5,433.75,424.0,428.25,4246888
2023-08-02,378.07244873046875,454.5,459.25,438.5,438.75,7029852
2023-08-03,380.9838562011719,458.0,465.0,449.75,464.5,5601388
2023-08-04,386.18292236328125,464.25,466.25,442.25,450.75,6433044
2023-08-07,376.61669921875,452.75,466.75,452.5,458.0,4325984
2023-08-08,386.59881591796875,464.75,476.25,462.5,462.5,4794004
2023-08-09,399.2844543457031,480.0,483.25,463.25,463.75,5700880
2023-08-10,397.82867431640625,478.25,484.25,455.25,468.75,7100172
2023-08-11,405.7311706542969,487.75,493.75,481.0,489.0,5373132
2023-08-14,392.2137756347656,471.5,494.25,471.25,491.25,5337292
2023-08-15,404.6914367675781,486.5,489.5,472.5,475.75,4671800
2023-08-16,418.00091552734375,502.5,503.0,483.0,489.25,5471764
2023-08-17,432.1421813964844,519.5,521.5,496.0,497.25,5853648
2023-08-18,434.2218322753906,522.0,537.0,516.25,534.5,6577236
2023-08-21,413.2178039550781,496.75,518.0,494.0,515.75,5363764
2023-08-22,415.50537109375,499.5,502.25,486.25,486.75,4775908
2023-08-23,395.74908447265625,475.75,495.75,471.5,494.75,5294912
2023-08-24,422.3680419921875,507.75,508.0,462.5,463.0,6098644
2023-08-25,412.177978515625,495.5,518.75,488.25,504.0,8560912
2023-08-28,403.02777099609375,484.5,495.0,480.75,483.75,4426144
2023-08-29,377.2406005859375,453.5,487.0,451.75,485.75,5470616
2023-08-30,370.7937927246094,445.75,456.75,443.75,452.75,4774432
2023-08-31,368.2982482910156,442.75,446.5,436.25,446.5,4150988
2023-09-01,369.5460205078125,444.25,449.75,432.75,434.25,4537972
2023-09-05,368.5063171386719,443.0,450.75,438.5,447.5,3550896
2023-09-06,378.07244873046875,454.5,462.0,444.75,445.75,4842496
2023-09-07,387.0147399902344,465.25,476.0,462.5,472.0,4738668
2023-09-08,385.55902099609375,463.5,467.5,455.0,465.75,3959012
2023-09-11,372.04156494140625,447.25,459.75,445.5,452.25,3849316
2023-09-12,384.51922607421875,462.25,463.75,448.75,453.5,3827668
2023-09-13,380.5679931640625,457.5,466.25,451.25,462.0,4831100
2023-09-14,371.8336181640625,447.0,459.25,443.25,451.75,4881308
2023-09-15,391.3819580078125,470.5,473.5,450.5,452.0,4945300
2023-09-18,389.9261779785156,468.75,475.25,464.5,474.0,3554688
2023-09-19,392.837646484375,472.25,484.0,469.25,474.25,4287928
2023-09-20,409.63787841796875,484.0,484.5,458.75,460.5,4712956
2023-09-21,433.3359680175781,512.0,512.5,496.75,500.0,5696684
2023-09-22,433.1243591308594,511.75,513.25,495.25,504.5,5355428
2023-09-25,426.98828125,504.5,520.75,504.25,516.25,4596396
2023-09-26,446.4545593261719,527.5,532.0,513.75,516.0,4773460
2023-09-27,443.2806701660156,523.75,540.75,515.5,523.0,6124236
2023-09-28,433.3359680175781,512.0,533.0,502.25,529.0,5660976
2023-09-29,432.4896240234375,511.0,516.75,491.0,497.25,6512004
2023-10-02,422.1217041015625,498.75,513.0,492.5,510.25,5088156
2023-10-03,444.55023193359375,525.25,532.0,500.0,509.25,5473292
2023-10-04,426.77667236328125,504.25,523.75,500.0,521.5,5957664
2023-10-05,431.0084228515625,509.25,524.0,503.0,504.75,4812180
2023-10-06,409.63787841796875,484.0,526.25,479.0,522.5,7245880
2023-10-09,403.2901611328125,476.5,499.5,474.25,493.5,4558560
2023-10-10,396.94256591796875,469.0,477.5,458.25,475.5,4635412
2023-10-11,388.6905212402344,459.25,470.75,458.25,464.0,4737760
2023-10-12,393.3454895019531,464.75,473.5,451.0,457.75,5959600
2023-10-13,408.3683776855469,482.5,487.75,460.25,462.25,6339748
2023-10-16,394.4034118652344,466.0,478.0,462.0,477.0,4412612
2023-10-17,398.4236145019531,470.75,488.25,464.5,480.0,5526200
2023-10-18,414.92767333984375,490.25,495.0,472.25,481.0,5799804
2023-10-19,426.5650634765625,504.0,507.5,479.75,484.75,7961992
2023-10-20,446.03131103515625,527.0,528.0,504.25,506.75,6484864
2023-10-23,442.22271728515625,522.5,543.0,506.5,533.5,6426012
2023-10-24,429.7388916015625,507.75,522.5,504.25,514.75,5183556
2023-10-25,461.2657775878906,545.0,547.75,517.5,518.25,5990064
2023-10-26,488.56085205078125,577.25,583.5,547.25,551.5,7594776
2023-10-27,481.3669128417969,568.75,575.5,551.5,563.75,7367244
2023-10-30,466.1324157714844,550.75,564.0,543.75,557.0,5633796
2023-10-31,459.1498718261719,542.5,563.0,541.0,550.5,4687572
2023-11-01,435.2402648925781,514.25,539.5,512.0,539.0,6128848
2023-11-02,412.60015869140625,487.5,501.0,486.5,495.75,5158204
2023-11-03,398.2120361328125,470.5,483.5,465.25,482.75,5714536
2023-11-06,393.7686462402344,465.25,474.0,462.75,467.75,4081128
2023-11-07,382.97760009765625,452.5,466.0,448.75,461.25,5111616
2023-11-08,382.1312255859375,451.5,460.0,448.5,451.0,4712664
2023-11-09,391.65277099609375,462.75,464.5,445.25,449.75,6771760
2023-11-10,365.627197265625,432.0,458.5,431.0,456.25,6286256
2023-11-13,369.0126647949219,436.0,442.75,432.25,437.25,4228352
2023-11-14,345.73779296875,408.5,415.5,404.75,413.75,6150408
2023-11-15,344.8913879394531,407.5,411.75,400.5,402.0,5873028
2023-11-16,344.256591796875,406.75,414.75,406.25,410.5,5122412
2023-11-17,344.4682312011719,407.0,412.5,403.5,409.5,4428888
2023-11-20,332.1960144042969,392.5,407.25,390.0,407.25,4548816
2023-11-21,338.3321533203125,399.75,405.0,397.25,397.75,4377612
2023-11-22,334.5235290527344,395.25,398.5,385.75,393.75,4568364
2023-11-24,336.4278259277344,397.5,400.25,395.0,396.75,1988336
2023-11-27,337.0625915527344,398.25,401.25,392.25,399.0,3652748
2023-11-28,334.735107421875,395.5,402.25,393.75,401.0,4301564
2023-11-29,336.2162170410156,397.25,398.0,383.75,388.25,4604456
2023-11-30,338.9669189453125,400.5,409.75,395.25,396.75,5414796
2023-12-01,336.4278259277344,397.5,409.5,395.5,404.25,4946896
2023-12-04,345.9493408203125,408.75,420.0,407.75,409.25,5010672
2023-12-05,343.4102478027344,405.75,415.75,402.0,415.25,4548004
2023-12-06,349.54638671875,413.0,414.25,396.25,396.75,4329592
2023-12-07,335.369873046875,396.25,407.75,393.75,404.25,4478652
2023-12-08,331.3496398925781,391.5,402.5,390.0,401.75,5131384
2023-12-11,322.8860778808594,381.5,393.5,380.5,392.75,3959120
2023-12-12,315.268798828125,372.5,385.0,372.25,381.5,3964464
2023-12-13,303.4197998046875,358.5,372.25,356.75,370.25,5832948
2023-12-14,304.9009094238281,360.25,368.25,352.25,355.75,5253672
2023-12-15,301.5155029296875,356.25,359.75,351.75,358.25,4657500
2023-12-18,294.74462890625,348.25,355.0,346.0,354.0,3882944
2023-12-19,290.72442626953125,343.5,348.0,343.0,347.5,3307452
2023-12-20,303.7515869140625,351.5,351.75,333.25,338.75,5255116
2023-12-21,293.8137512207031,340.0,348.5,338.75,341.75,4735512
2023-12-22,292.3014831542969,338.25,343.25,334.5,337.0,3522512
2023-12-26,287.1165466308594,332.25,336.75,330.75,336.5,2327420
2023-12-27,285.6042785644531,330.5,334.0,329.75,332.0,3599104
2023-12-28,286.6844482421875,331.75,332.75,327.75,328.25,2501872
2023-12-29,290.57318115234375,336.25,341.0,331.25,332.25,4782888
2024-01-02,305.4798889160156,353.5,359.5,344.75,345.25,5075128
2024-01-03,315.20172119140625,364.75,366.25,358.0,360.75,5269900
2024-01-04,320.6026916503906,371.0,371.75,362.0,371.0,4509448
2024-01-05,319.738525390625,370.0,374.0,362.25,371.0,5839924
2024-01-08,300.07891845703125,347.25,367.25,346.5,366.75,4619584
2024-01-09,298.5666198730469,345.5,356.0,343.0,355.25,4429984
2024-01-10,292.5175476074219,338.5,347.25,336.0,344.75,3905648
2024-01-11,291.4373779296875,337.25,350.0,332.5,336.25,6202276
2024-01-12,291.00531005859375,336.75,340.5,332.75,334.75,4530920
2024-01-16,291.4373779296875,337.25,343.75,333.25,340.0,5353348
2024-01-17,296.40625,343.0,353.75,342.0,345.75,5654356
2024-01-18,284.092041015625,328.75,338.75,327.5,335.5,6503188
2024-01-19,267.45697021484375,309.5,325.25,309.25,324.0,6489116
2024-01-22,266.5928039550781,308.5,310.0,302.0,305.0,4553524
2024-01-23,263.3522033691406,304.75,311.25,304.5,307.25,3717964
2024-01-24,259.0313720703125,299.75,301.0,291.25,296.5,6939512
2024-01-25,258.5993957519531,299.25,304.5,293.5,295.0,5785252
2024-01-26,263.3522033691406,304.75,306.25,299.75,303.5,4522420
2024-01-29,255.5747833251953,295.75,305.5,295.25,304.0,3664364
2024-01-30,260.75970458984375,301.75,303.75,296.75,298.0,3813832
2024-01-31,276.09857177734375,319.5,320.0,307.0,311.5,7089064
2024-02-01,266.5928039550781,308.5,318.25,307.75,316.0,6455040
2024-02-02,253.1983184814453,293.0,307.0,290.75,305.0,7590612
2024-02-05,254.49459838867188,294.5,301.75,292.25,293.5,6225876
2024-02-06,256.222900390625,296.5,301.5,291.25,292.5,4929656
2024-02-07,248.6614990234375,287.75,293.75,285.75,291.0,4975468
2024-02-08,247.36529541015625,286.25,289.25,284.75,287.75,3199788
2024-02-09,240.2359619140625,278.0,286.0,276.5,284.25,4144340
2024-02-12,243.26055908203125,281.5,283.0,274.25,278.5,4120708
2024-02-13,254.92669677734375,295.0,301.25,289.5,297.25,6691260
2024-02-14,246.50111389160156,285.25,294.25,284.5,289.25,4850200
2024-02-15,244.77279663085938,283.25,289.75,282.5,284.5,3951288
2024-02-16,251.68606567382812,291.25,292.75,282.5,282.75,5586220
2024-02-20,257.5191345214844,298.0,305.75,292.5,295.75,5896380
2024-02-21,260.75970458984375,301.75,310.0,301.5,304.0,5679520
2024-02-22,238.07554626464844,275.5,285.0,273.5,283.25,6436968
2024-02-23,240.2359619140625,278.0,280.0,271.0,272.75,4837344
2024-02-26,240.8840789794922,278.75,279.25,274.75,276.75,3702576
2024-02-27,239.1558074951172,276.75,282.0,276.25,277.0,4140568
2024-02-28,243.0445098876953,281.25,283.5,278.75,281.0,4012484
2024-02-29,237.42747497558594,274.75,282.5,272.5,276.25,5096740
2024-03-01,226.62547302246094,262.25,273.25,260.75,273.25,6761764
2024-03-04,229.4340057373047,265.5,266.0,261.75,262.5,4068872
2024-03-05,241.7482452392578,279.75,284.25,271.25,271.25,6359156
2024-03-06,237.21145629882812,274.5,278.5,268.5,272.0,7672280
2024-03-07,227.0575714111328,262.75,271.25,260.25,268.5,6590816
2024-03-08,236.7793426513672,274.0,275.5,257.0,262.25,9022692
2024-03-11,239.58782958984375,277.25,281.0,275.0,277.0,5447056
2024-03-12,229.2179718017578,265.25,279.25,264.75,273.0,6324836
2024-03-13,235.05104064941406,272.0,273.75,267.25,267.5,4726212
2024-03-14,236.7793426513672,274.0,279.5,268.75,269.75,7494612
2024-03-15,245.42091369628906,284.0,286.5,278.75,280.0,6267592
2024-03-18,238.7236785888672,276.25,276.75,269.25,273.75,5718436
2024-03-19,236.99539184570312,274.25,284.25,273.5,280.25,5878152
2024-03-20,228.74900817871094,260.75,271.25,260.0,268.25,6683928
2024-03-21,225.89785766601562,257.5,257.75,251.25,252.25,5581220
2024-03-22,225.45924377441406,257.0,260.0,254.75,258.5,4094560
2024-03-25,227.87173461914062,259.75,263.5,257.0,261.75,3383136
2024-03-26,229.84559631347656,262.0,262.75,255.5,257.25,3532452
2024-03-27,228.09103393554688,260.0,265.5,257.0,257.5,4122496
2024-03-28,229.84559631347656,262.0,262.5,259.0,260.25,3004408
2024-04-01,228.3103790283203,260.25,263.75,255.75,260.5,4319456
2024-04-02,234.23194885253906,267.0,272.5,266.5,269.25,4541312
2024-04-03,232.9160614013672,265.5,271.25,262.0,271.25,4511304
2024-04-04,243.8819580078125,278.0,278.5,257.0,258.25,6195008
2024-04-05,235.54786682128906,268.5,277.25,263.25,275.5,7645468
2024-04-08,235.54786682128906,268.5,271.0,264.75,266.75,3626504
2024-04-09,232.69676208496094,265.25,274.25,263.5,264.25,5191524
2024-04-10,239.0569610595703,272.5,276.25,271.0,275.25,7154020
2024-04-11,228.09103393554688,260.0,273.75,258.25,269.5,6407184
2024-04-12,238.83763122558594,272.25,275.0,265.5,267.5,7043116
2024-04-15,250.90017700195312,286.0,287.75,265.25,265.5,8041672
2024-04-16,250.90017700195312,286.0,289.0,280.75,286.75,7289840
2024-04-17,260.1115417480469,296.5,298.75,282.25,282.25,6754464
2024-04-18,264.7171936035156,301.75,303.5,292.25,296.0,6906236
2024-04-19,281.604736328125,321.0,324.75,304.0,305.0,8796476
2024-04-22,273.48992919921875,311.75,323.25,306.25,315.25,6286748
2024-04-23,261.2081298828125,297.75,308.5,295.25,307.5,5566380
2024-04-24,259.0149230957031,295.25,300.0,288.25,291.75,5929000
2024-04-25,263.1820068359375,300.0,313.0,298.0,310.75,6699312
2024-04-26,250.68084716796875,285.75,294.75,282.75,293.25,5491560
2024-04-29,248.0490264892578,282.75,288.25,280.75,282.0,3907340
2024-04-30,262.08538818359375,298.75,299.0,283.25,286.25,5173264
2024-05-01,268.0069885253906,305.5,307.5,287.25,302.0,8435264
2024-05-02,258.35699462890625,294.5,308.0,292.25,297.75,5650068
2024-05-03,243.00469970703125,277.0,282.25,274.75,279.0,6184152
2024-05-06,234.6706085205078,267.5,275.0,267.5,273.5,3788384
2024-05-07,235.10926818847656,268.0,269.25,264.75,267.25,4122372
2024-05-08,235.54786682128906,268.5,273.0,265.75,272.75,4028448
2024-05-09,234.23194885253906,267.0,271.75,266.0,268.5,3888184
2024-05-10,232.69676208496094,265.25,268.25,261.25,264.5,3994584
2024-05-13,231.38084411621094,263.75,266.25,261.75,262.0,2760444
2024-05-14,226.77516174316406,258.5,265.0,257.75,264.5,5089216
2024-05-15,216.46717834472656,246.75,257.25,246.25,254.5,6223648
2024-05-16,218.00241088867188,248.5,249.0,244.25,247.5,4111464
2024-05-17,218.6603546142578,249.25,253.0,247.5,248.75,3520760
2024-05-20,214.0546875,244.0,249.25,243.0,249.0,3815760
2024-05-21,212.95809936523438,242.75,247.75,242.5,247.25,2383348
2024-05-22,213.39669799804688,243.25,247.25,241.25,242.5,3533856
2024-05-23,216.68650817871094,247.0,249.75,235.75,236.0,6326832
2024-05-24,210.54559326171875,240.0,245.75,238.0,244.5,4488848
2024-05-28,208.13308715820312,237.25,242.25,237.25,238.25,3868600
2024-05-29,212.5194549560547,242.25,244.25,239.75,244.25,4166120
2024-05-30,219.75697326660156,250.5,252.75,244.0,244.0,4520708
2024-05-31,219.75697326660156,250.5,265.25,249.25,250.5,6475404
2024-06-03,217.78309631347656,248.25,257.25,244.5,246.0,5362144
2024-06-04,216.24786376953125,246.5,252.0,244.5,249.0,5024584
2024-06-05,203.08876037597656,231.5,242.75,231.5,240.75,6097072
2024-06-06,203.74671936035156,232.25,234.0,230.25,231.0,3899340
2024-06-07,204.4046630859375,233.0,234.75,229.0,233.0,4813924
2024-06-10,202.2115020751953,230.5,235.5,229.75,235.0,3743656
2024-06-11,198.04444885253906,225.75,234.75,225.5,232.5,3991824
2024-06-12,190.36830139160156,217.0,221.25,213.5,220.25,7361124
2024-06-13,187.2978515625,213.5,216.75,211.25,212.25,4718972
2024-06-14,184.88534545898438,210.75,215.0,210.5,214.25,4498792
2024-06-17,178.3057861328125,203.25,212.25,200.5,210.5,5655244
2024-06-18,178.08645629882812,203.0,205.25,202.25,203.25,3353420
2024-06-20,182.4728240966797,208.0,210.25,201.0,201.75,6679220
2024-06-21,184.22738647460938,210.0,211.75,206.75,208.5,5039988
2024-06-24,190.5876007080078,217.25,217.25,209.25,211.75,5401480
2024-06-25,184.008056640625,209.75,215.75,209.25,214.5,4593312
2024-06-26,182.8901824951172,204.5,207.5,204.0,207.0,4388628
2024-06-27,181.77223205566406,203.25,206.25,201.25,205.0,4518920
2024-06-28,185.1259765625,207.0,207.5,196.5,202.5,6229376
2024-07-01,181.54867553710938,203.0,210.5,202.25,205.75,5603052
2024-07-02,176.18272399902344,197.0,205.25,196.75,205.25,4583768
2024-07-03,171.9346466064453,192.25,198.0,192.0,198.0,3112272
2024-07-05,166.56866455078125,186.25,192.0,186.0,191.5,4724408
2024-07-08,165.4507598876953,185.0,187.25,184.5,186.0,3199376
2024-07-09,165.2271728515625,184.75,186.75,182.25,183.75,3865592
2024-07-10,160.30838012695312,179.25,184.25,178.5,183.0,4338136
2024-07-11,170.59315490722656,190.75,192.5,178.75,179.25,7329392
2024-07-12,167.91015625,187.75,191.25,182.25,190.75,5974888
2024-07-15,166.79225158691406,186.5,189.0,181.0,186.25,6205448
2024-07-16,166.79225158691406,186.5,190.0,184.0,185.0,5207884
2024-07-17,181.32510375976562,202.75,203.0,195.0,195.75,7021176
2024-07-18,184.00807189941406,205.75,210.0,198.0,198.5,8367456
2024-07-19,189.15045166015625,211.5,213.5,203.25,206.75,7530860
2024-07-22,180.8779296875,202.25,208.5,201.0,204.0,7346144
2024-07-23,182.8901824951172,204.5,205.25,199.75,203.5,5137612
2024-07-24,202.56536865234375,226.5,228.0,213.0,213.5,8158012
2024-07-25,209.49642944335938,234.25,238.25,220.0,226.25,9951096
2024-07-26,203.45970153808594,227.5,232.5,223.0,228.0,7059576
2024-07-29,202.34181213378906,226.25,229.75,220.25,223.5,6081312
2024-07-30,210.83792114257812,235.75,240.75,222.5,223.5,8119168
2024-07-31,192.05702209472656,214.75,222.25,212.25,220.0,9773996
2024-08-01,206.14268493652344,230.5,235.75,208.75,214.0,11691856
2024-08-02,221.12271118164062,247.25,254.0,240.25,244.25,11471684
2024-08-05,241.24510192871094,269.75,289.75,258.25,287.5,15314836
2024-08-06,234.53762817382812,262.25,271.5,248.25,266.5,10877348
2024-08-07,242.13938903808594,270.75,271.5,245.5,249.75,10324380
2024-08-08,220.00479125976562,246.0,266.75,244.5,259.25,8952152
2024-08-09,216.8746337890625,242.5,250.75,240.0,248.75,6623968
2024-08-12,215.75672912597656,241.25,245.75,225.0,241.25,5128696
2024-08-13,199.88241577148438,223.5,234.5,223.0,234.25,6375460
2024-08-14,199.65879821777344,223.25,229.75,219.75,222.25,6356972
2024-08-15,184.67881774902344,206.5,215.25,206.0,214.75,6445940
2024-08-16,184.00807189941406,205.75,210.5,204.25,209.0,4833428
2024-08-19,177.3006134033203,198.25,208.5,198.0,206.0,5167436
2024-08-20,178.64208984375,199.75,201.5,196.0,199.25,5628868
2024-08-21,175.7355194091797,196.5,200.75,194.25,198.5,5185076
2024-08-22,184.23167419433594,206.0,207.5,193.25,194.0,7801676
2024-08-23,178.41851806640625,199.5,206.0,196.0,201.0,7452056
2024-08-26,184.00807189941406,205.75,208.25,199.25,200.5,5300188
2024-08-27,182.2194061279297,203.75,210.5,202.5,208.0,4513636
2024-08-28,188.7032928466797,211.0,215.5,203.75,204.75,6256956
2024-08-29,189.37405395507812,211.75,213.75,202.25,208.75,7909652
2024-08-30,183.3373260498047,205.0,212.75,204.0,206.75,6081716
2024-09-03,200.1060028076172,223.75,226.75,208.75,209.0,6674312
2024-09-04,201.44747924804688,225.25,229.75,219.75,228.25,8113300
2024-09-05,201.22389221191406,225.0,229.5,218.5,228.0,7247848
2024-09-06,217.32180786132812,243.0,244.25,225.0,226.5,9432920
2024-09-09,209.27284240722656,234.0,241.75,232.5,236.25,6760180
2024-09-10,203.90689086914062,228.0,237.75,227.0,231.5,6410852
2024-09-11,190.71554565429688,213.25,239.0,212.0,226.0,10655912
2024-09-12,185.1259765625,207.0,215.75,205.75,213.25,7212616
2024-09-13,182.6665802001953,204.25,208.5,202.75,208.0,5131296
2024-09-16,185.57315063476562,207.5,211.75,206.5,207.25,4696512
2024-09-17,185.1259765625,207.0,210.5,201.75,203.25,5454516
2024-09-18,187.80897521972656,210.0,210.75,200.25,205.75,8029252
2024-09-19,173.4997100830078,194.0,198.0,190.25,195.25,8902316
2024-09-20,175.06475830078125,195.75,200.5,194.0,195.5,5948552
2024-09-23,173.72329711914062,194.25,195.75,192.75,194.25,4117700
2024-09-24,171.04029846191406,191.25,197.5,190.0,192.5,5435220
2024-09-25,170.3334197998047,186.75,188.75,185.0,188.5,4966140
2024-09-26,166.9130859375,183.0,187.25,178.0,178.5,6425780
2024-09-27,169.8773956298828,186.25,187.75,182.0,182.25,5348304
2024-09-30,168.50924682617188,184.75,191.0,184.5,187.5,6270580
2024-10-01,176.0340118408203,193.0,197.25,185.0,185.5,8646944
2024-10-02,174.89390563964844,191.75,197.0,189.5,194.0,6120124
2024-10-03,175.8059844970703,192.75,195.75,189.0,194.75,6043440
2024-10-04,169.42135620117188,185.75,192.0,185.25,186.0,7359188
2024-10-07,175.1219482421875,192.0,193.5,186.75,188.25,4889672
2024-10-08,167.36912536621094,183.5,190.0,182.5,189.25,5556376
2024-10-09,163.49273681640625,179.25,185.0,178.5,183.75,5377868
2024-10-10,164.17681884765625,180.0,183.25,177.75,181.75,5315084
2024-10-11,163.49273681640625,179.25,183.0,178.25,182.25,4075100
2024-10-14,159.3883056640625,174.75,177.25,173.25,177.0,4557220
2024-10-15,166.0009765625,182.0,184.25,174.0,174.75,7321924
2024-10-16,165.7729949951172,181.75,185.75,181.0,181.75,4384900
2024-10-17,165.54495239257812,181.5,181.75,175.75,176.0,5221472
2024-10-18,162.5806427001953,178.25,179.75,177.25,179.0,4231272
2024-10-21,161.89657592773438,177.5,182.0,176.5,179.75,5346832
2024-10-22,161.21250915527344,176.75,181.25,175.25,180.5,4969380
2024-10-23,168.96530151367188,185.25,188.75,178.75,179.5,7554816
2024-10-24,165.08889770507812,181.0,184.0,180.0,181.0,5352760
2024-10-25,162.12460327148438,177.75,178.75,172.25,178.0,9008968
2024-10-28,162.12460327148438,177.75,178.0,174.25,174.5,5482468
2024-10-29,157.7921600341797,173.0,179.5,171.25,177.5,6662068
2024-10-30,160.98446655273438,176.5,177.25,172.5,173.5,6501968
2024-10-31,173.29774475097656,190.0,190.25,181.0,181.25,8501396
2024-11-01,169.6493682861328,186.0,189.0,182.25,188.5,8646200
2024-11-04,171.47354125976562,188.0,190.0,184.0,187.0,6692164
2024-11-05,164.86087036132812,180.75,186.25,180.0,186.25,6430704
2024-11-06,151.63552856445312,166.25,173.0,165.25,171.75,8845932
2024-11-07,144.5211944580078,158.4499969482422,163.5,157.60000610351562,163.4499969482422,8425860
2024-11-08,144.24755859375,158.14999389648438,159.75,157.4499969482422,159.1999969482422,7559100
2024-11-11,144.5211944580078,158.4499969482422,161.14999389648438,156.85000610351562,157.0500030517578,8666060
2024-11-12,145.2964630126953,159.3000030517578,162.25,157.75,158.60000610351562,7396920
2024-11-13,145.9805450439453,160.0500030517578,162.1999969482422,157.5,159.89999389648438,9273940
2024-11-14,149.0360565185547,163.39999389648438,164.35000610351562,159.60000610351562,160.5,8360580
2024-11-15,160.0267791748047,175.4499969482422,177.39999389648438,168.89999389648438,169.10000610351562,10371340
2024-11-18,156.69764709472656,171.8000030517578,175.3000030517578,169.5500030517578,173.8000030517578,6648440
2024-11-19,153.6421356201172,168.4499969482422,174.9499969482422,167.8000030517578,174.60000610351562,8651960
2024-11-20,153.77896118164062,168.60000610351562,175.35000610351562,168.4499969482422,168.75,10737820
2024-11-21,152.27398681640625,166.9499969482422,174.4499969482422,165.0,165.6999969482422,12374960
2024-11-22,151.77232360839844,166.39999389648438,169.39999389648438,165.6999969482422,167.75,6527800
2024-11-25,151.17945861816406,165.75,168.0,160.85000610351562,162.35000610351562,6506840
2024-11-26,148.76243591308594,163.10000610351562,165.14999389648438,162.3000030517578,164.3000030517578,4983380
2024-11-27,152.3651885986328,167.0500030517578,170.35000610351562,164.3000030517578,164.3000030517578,5682100
2024-11-29,148.5800018310547,162.89999389648438,167.35000610351562,162.3000030517578,166.6999969482422,3421780
2024-12-02,143.79150390625,157.64999389648438,162.14999389648438,156.75,161.8000030517578,6202120
2024-12-03,142.5145721435547,156.25,159.5,156.0500030517578,158.9499969482422,4946540
2024-12-04,137.31564331054688,150.5500030517578,153.89999389648438,150.39999389648438,153.25,7749340
2024-12-05,138.5469970703125,151.89999389648438,152.1999969482422,149.9499969482422,150.60000610351562,6549420
2024-12-06,134.9442138671875,147.9499969482422,151.64999389648438,147.8000030517578,151.5,7673900
2024-12-09,138.22776794433594,151.5500030517578,152.5,148.1999969482422,148.85000610351562,6830660
2024-12-10,139.73269653320312,153.1999969482422,154.39999389648438,149.0,150.5500030517578,6085380
2024-12-11,132.2079315185547,144.9499969482422,149.6999969482422,144.39999389648438,149.39999389648438,9712160
2024-12-12,134.85299682617188,147.85000610351562,148.25,145.85000610351562,146.89999389648438,7339740
2024-12-13,131.93429565429688,144.64999389648438,147.39999389648438,142.4499969482422,144.75,8046100
2024-12-16,126.32494354248047,138.5,142.6999969482422,137.6999969482422,142.64999389648438,8711540
2024-12-17,128.01231384277344,140.35000610351562,141.64999389648438,139.0500030517578,139.89999389648438,7085380
2024-12-18,141.8305206298828,155.5,156.8000030517578,139.5500030517578,140.9499969482422,16992140
2024-12-19,143.88272094726562,157.75,158.0500030517578,150.89999389648438,151.39999389648438,14122260
2024-12-20,140.23435974121094,153.75,162.5,148.1999969482422,161.4499969482422,16181980
2024-12-23,136.23809814453125,145.39999389648438,151.3000030517578,145.10000610351562,148.35000610351562,7316360
2024-12-24,130.8504180908203,139.64999389648438,144.5,139.64999389648438,144.0,4584520
2024-12-26,131.2252197265625,140.0500030517578,142.60000610351562,138.6999969482422,141.0,5621180
2024-12-27,136.56605529785156,145.75,149.5500030517578,142.6999969482422,143.0500030517578,10221440
2024-12-30,142.14112854003906,151.6999969482422,154.85000610351562,148.5,151.75,9885860
2024-12-31,145.88909912109375,155.6999969482422,156.5,150.0,150.6999969482422,9700940
2025-01-02,146.82608032226562,156.6999969482422,160.8000030517578,150.75,152.89999389648438,12196260
2025-01-03,139.79864501953125,149.1999969482422,154.75,148.1999969482422,154.0,9790320
2025-01-06,134.9731903076172,144.0500030517578,146.25,141.14999389648438,144.5,9559100
2025-01-07,142.28167724609375,151.85000610351562,153.4499969482422,143.0,143.3000030517578,12434400
2025-01-08,142.18798828125,151.75,156.0500030517578,150.39999389648438,152.0,12668320
2025-01-10,149.12168884277344,159.14999389648438,162.10000610351562,155.35000610351562,155.39999389648438,14137620
2025-01-13,150.62088012695312,160.75,166.39999389648438,160.39999389648438,164.89999389648438,9685600
2025-01-14,151.13621520996094,161.3000030517578,164.64999389648438,156.5500030517578,157.8000030517578,10532540
2025-01-15,140.9230499267578,150.39999389648438,155.3000030517578,149.1999969482422,153.8000030517578,13107900
2025-01-16,143.78085327148438,153.4499969482422,153.5500030517578,148.3000030517578,148.35000610351562,9035220
2025-01-17,136.75344848632812,145.9499969482422,148.5500030517578,144.4499969482422,144.9499969482422,11154500
2025-01-21,134.4578399658203,143.5,147.5,142.5,143.8000030517578,8584980
2025-01-22,129.3512420654297,138.0500030517578,139.9499969482422,136.14999389648438,139.75,9526980
2025-01-23,128.55479431152344,137.1999969482422,140.5,137.14999389648438,140.0500030517578,6938440
2025-01-24,130.8504180908203,139.64999389648438,140.89999389648438,136.5,137.14999389648438,6684980
2025-01-27,142.42222595214844,152.0,155.1999969482422,148.9499969482422,154.60000610351562,16994760
2025-01-28,136.0507049560547,145.1999969482422,154.1999969482422,144.1999969482422,151.10000610351562,10805520
2025-01-29,136.9408416748047,146.14999389648438,149.39999389648438,144.64999389648438,144.75,11526220
2025-01-30,135.16055297851562,144.25,148.39999389648438,141.8000030517578,143.75,9590200
2025-01-31,136.0038604736328,145.14999389648438,146.0500030517578,137.5500030517578,141.3000030517578,14643120
2025-02-03,139.23648071289062,148.60000610351562,154.60000610351562,146.39999389648438,152.5,17833660
2025-02-04,134.22357177734375,143.25,148.6999969482422,142.75,148.35000610351562,9443660
2025-02-05,132.5369873046875,141.4499969482422,146.5,141.3000030517578,145.5,7320820
2025-02-06,130.42877197265625,139.1999969482422,142.35000610351562,139.0500030517578,141.0500030517578,7532540
2025-02-07,135.5353546142578,144.64999389648438,145.3000030517578,137.4499969482422,139.0,12007940
2025-02-10,130.75672912597656,139.5500030517578,141.5500030517578,138.60000610351562,141.14999389648438,8818200
2025-02-11,131.6468505859375,140.5,142.25,139.0,142.14999389648438,8298760
2025-02-12,131.45945739746094,140.3000030517578,145.4499969482422,139.64999389648438,145.14999389648438,12786500
2025-02-13,125.88438415527344,134.35000610351562,139.6999969482422,134.14999389648438,139.10000610351562,12631720
2025-02-14,124.57260131835938,132.9499969482422,134.8000030517578,132.39999389648438,134.4499969482422,8149820
2025-02-18,123.72930908203125,132.0500030517578,134.5500030517578,131.5500030517578,131.8000030517578,6892020
2025-02-19,123.68245697021484,132.0,134.25,131.0500030517578,132.6999969482422,7446780
2025-02-20,125.36904907226562,133.8000030517578,137.25,132.39999389648438,132.75,10758900
2025-02-21,133.23974609375,142.1999969482422,142.5500030517578,133.10000610351562,133.14999389648438,14456060
2025-02-24,138.06524658203125,147.35000610351562,147.64999389648438,139.89999389648438,140.85000610351562,14006360
2025-02-25,143.3123779296875,152.9499969482422,156.35000610351562,147.9499969482422,148.0,14833580
2025-02-26,142.3753662109375,151.9499969482422,154.8000030517578,147.35000610351562,151.10000610351562,17710080
2025-02-27,154.22828674316406,164.60000610351562,164.89999389648438,148.0,148.89999389648438,20492780
2025-02-28,147.107177734375,157.0,168.3000030517578,156.5,165.14999389648438,19880060
2025-03-03,156.61758422851562,167.14999389648438,170.6999969482422,152.64999389648438,154.10000610351562,22767900
2025-03-04,158.39788818359375,169.0500030517578,176.9499969482422,160.8000030517578,170.4499969482422,24871640
2025-03-05,152.30746459960938,162.5500030517578,173.5500030517578,160.85000610351562,168.5500030517578,19655320
2025-03-06,164.7694091796875,175.85000610351562,177.9499969482422,165.89999389648438,170.64999389648438,19368860
2025-03-07,161.48995971679688,172.35000610351562,184.5,170.8000030517578,177.39999389648438,20646440
2025-03-10,179.76121520996094,191.85000610351562,196.8000030517578,180.64999389648438,181.1999969482422,17911020
2025-03-11,181.77574157714844,194.0,199.60000610351562,185.25,193.1999969482422,21106840
2025-03-12,175.63845825195312,187.4499969482422,193.85000610351562,182.4499969482422,184.8000030517578,20691540
2025-03-13,185.2425994873047,197.6999969482422,200.0,188.35000610351562,188.4499969482422,16604760
2025-03-14,172.07791137695312,183.64999389648438,191.89999389648438,182.5500030517578,191.14999389648438,18403500
2025-03-17,168.75160217285156,180.10000610351562,185.8000030517578,176.60000610351562,183.6999969482422,15124840
2025-03-18,177.2781982421875,189.1999969482422,191.8000030517578,183.89999389648438,183.89999389648438,13736700
2025-03-19,170.53187561035156,182.0,189.14999389648438,176.5500030517578,186.8000030517578,16553380
2025-03-20,172.17160034179688,183.75,187.35000610351562,177.85000610351562,186.60000610351562,14904100
2025-03-21,170.53187561035156,182.0,191.39999389648438,181.39999389648438,190.0500030517578,13698320
2025-03-24,159.89706420898438,170.64999389648438,174.5,169.4499969482422,173.75,13410540
2025-03-25,157.03924560546875,167.60000610351562,170.6999969482422,167.39999389648438,169.75,9796880
2025-03-26,165.6997528076172,174.3000030517578,175.89999389648438,165.5,166.35000610351562,16307280
2025-03-27,168.59925842285156,177.35000610351562,178.89999389648438,172.0,176.5,15522100
2025-03-28,182.05108642578125,191.5,192.64999389648438,178.85000610351562,179.64999389648438,17357760
2025-03-31,182.24119567871094,191.6999969482422,206.0,190.60000610351562,200.3000030517578,20047460
2025-04-01,177.96322631835938,187.1999969482422,197.39999389648438,186.10000610351562,193.85000610351562,21250840
2025-04-02,173.970458984375,183.0,195.4499969482422,179.14999389648438,195.10000610351562,25597740
2025-04-03,202.15750122070312,212.64999389648438,213.1999969482422,201.8000030517578,206.0,26980160
2025-04-04,239.3757781982422,251.8000030517578,251.9499969482422,227.5,230.8000030517578,45621840
2025-04-07,238.47265625,250.85000610351562,289.0,216.10000610351562,278.29998779296875,45279700
2025-04-08,251.7818603515625,264.8500061035156,275.79998779296875,216.8000030517578,225.5,42987740
2025-04-09,162.94284057617188,171.39999389648438,266.1499938964844,165.85000610351562,265.79998779296875,54654860
2025-04-10,181.62327575683594,191.0500030517578,205.89999389648438,180.8000030517578,183.0,47232500
2025-04-11,172.16421508789062,181.10000610351562,197.60000610351562,179.10000610351562,193.25,29853540
2025-04-14,168.5041961669922,177.25,183.0,168.3000030517578,168.89999389648438,22798880
2025-04-15,167.9813232421875,176.6999969482422,178.85000610351562,171.60000610351562,176.10000610351562,17659220
2025-04-16,183.19186401367188,192.6999969482422,200.1999969482422,183.0,187.1999969482422,21602400
2025-04-17,183.66717529296875,193.1999969482422,196.8000030517578,188.5,189.39999389648438,20267260
2025-04-21,197.2140655517578,207.4499969482422,214.39999389648438,199.85000610351562,201.0500030517578,14677340
2025-04-22,181.95599365234375,191.39999389648438,201.3000030517578,187.0,199.5,21852880
2025-04-23,169.9777069091797,178.8000030517578,180.64999389648438,167.14999389648438,173.85000610351562,27405040
2025-04-24,155.52772521972656,163.60000610351562,177.0,163.14999389648438,176.25,24455900
2025-04-25,150.44168090820312,158.25,165.8000030517578,157.6999969482422,164.10000610351562,21898940
2025-04-28,150.63182067871094,158.4499969482422,164.89999389648438,156.0500030517578,157.9499969482422,20488100
2025-04-29,147.7322998046875,155.39999389648438,161.39999389648438,154.5,160.8000030517578,18400320
2025-04-30,147.63723754882812,155.3000030517578,168.3000030517578,153.85000610351562,163.6999969482422,27368860
2025-05-01,142.64630126953125,150.0500030517578,150.4499969482422,144.14999389648438,147.9499969482422,27094140
2025-05-02,135.99168395996094,143.0500030517578,146.8000030517578,141.14999389648438,145.1999969482422,21943440
2025-05-05,138.5109100341797,145.6999969482422,147.25,142.9499969482422,146.75,15240580
2025-05-06,142.26602172851562,149.64999389648438,152.6999969482422,146.5,151.5,19211460
2025-05-07,140.6974334716797,148.0,154.14999389648438,145.75,149.1999969482422,23742840
2025-05-08,136.51454162597656,143.60000610351562,147.35000610351562,139.5500030517578,143.35000610351562,22583860
2025-05-09,136.89480590820312,144.0,145.64999389648438,140.89999389648438,142.10000610351562,15255340
2025-05-12,120.35334014892578,126.5999984741211,132.14999389648438,126.5,127.25,27343220
2025-05-13,114.83953094482422,120.80000305175781,126.1500015258789,119.44999694824219,125.5999984741211,23985740
2025-05-14,112.8431396484375,118.69999694824219,120.69999694824219,118.30000305175781,120.0,19373120
2025-05-15,112.41535186767578,118.25,121.1500015258789,116.5,120.19999694824219,22766680
2025-05-16,111.13196563720703,116.9000015258789,120.0,116.8499984741211,117.5,16879200
2025-05-19,110.94182586669922,116.69999694824219,121.94999694824219,116.30000305175781,121.8499984741211,24765780
2025-05-20,112.1301498413086,117.94999694824219,120.3499984741211,117.44999694824219,118.44999694824219,16974640
2025-05-21,116.7408447265625,122.80000305175781,124.0999984741211,116.0999984741211,120.6500015258789,30509600
2025-05-22,116.17044067382812,122.19999694824219,123.44999694824219,119.55000305175781,122.5,28093940
2025-05-23,119.59282684326172,125.80000305175781,128.4499969482422,124.0,128.0500030517578,33243940
2025-05-27,111.2270278930664,117.0,121.94999694824219,116.6500015258789,120.75,22006040
2025-05-28,112.74807739257812,118.5999984741211,118.94999694824219,115.4000015258789,116.3499984741211,16484940
2025-05-29,112.08262634277344,117.9000015258789,119.75,113.44999694824219,113.55000305175781,22330460
2025-05-30,112.79561614990234,118.6500015258789,123.5999984741211,117.5999984741211,118.44999694824219,25959760
2025-06-02,110.1812973022461,115.9000015258789,120.9000015258789,115.75,120.0,18383780
2025-06-03,107.6145248413086,113.19999694824219,116.3499984741211,112.30000305175781,115.75,16610880
2025-06-04,106.85399627685547,112.4000015258789,114.19999694824219,111.69999694824219,112.9000015258789,14752500
2025-06-05,109.27816772460938,114.94999694824219,116.30000305175781,109.69999694824219,111.5,28965460
2025-06-06,106.23606872558594,111.75,112.9000015258789,110.5,111.69999694824219,18940740
2025-06-09,105.85580444335938,111.3499984741211,112.3499984741211,110.25,111.6500015258789,14402980
2025-06-10,103.66929626464844,109.05000305175781,112.5,108.69999694824219,111.0999984741211,15235820
2025-06-11,104.85762023925781,110.30000305175781,111.69999694824219,107.5999984741211,108.3499984741211,21144160
2025-06-12,104.19214630126953,109.5999984741211,111.3499984741211,108.94999694824219,111.19999694824219,17800180
2025-06-13,108.18492126464844,113.80000305175781,114.5999984741211,110.8499984741211,113.44999694824219,30116300
2025-06-16,103.71682739257812,109.0999984741211,111.6500015258789,108.44999694824219,111.5999984741211,18301660
2025-06-17,106.80646514892578,112.3499984741211,113.0999984741211,109.75,110.75,17891240
2025-06-18,106.94906616210938,112.5,113.55000305175781,110.30000305175781,111.9000015258789,19887920
2025-06-20,108.51765441894531,114.1500015258789,115.30000305175781,109.80000305175781,110.5999984741211,19692980
2025-06-23,105.14281463623047,110.5999984741211,115.80000305175781,110.30000305175781,113.80000305175781,25653380
2025-06-24,100.34199523925781,105.55000305175781,107.80000305175781,105.0,107.4000015258789,16451180
2025-06-25,99.60577392578125,103.5,104.5999984741211,102.30000305175781,103.0,13692440
2025-06-26,96.91111755371094,100.69999694824219,103.4000015258789,100.44999694824219,102.30000305175781,13589540
2025-06-27,95.94874572753906,99.69999694824219,101.75,98.75,100.30000305175781,18066800
2025-06-30,94.16835021972656,97.8499984741211,99.30000305175781,97.25,98.0999984741211,11948680
2025-07-01,96.57428741455078,100.3499984741211,101.6500015258789,98.4000015258789,98.94999694824219,17809940
2025-07-02,94.60142517089844,98.30000305175781,100.94999694824219,98.25,100.8499984741211,15493180
2025-07-03,92.05113220214844,95.6500015258789,97.25,95.0999984741211,97.25,12419720
2025-07-07,94.1202392578125,97.80000305175781,99.05000305175781,96.6500015258789,97.05000305175781,17744180
2025-07-08,93.97587585449219,97.6500015258789,98.3499984741211,96.80000305175781,97.1500015258789,14744720
2025-07-09,92.05113220214844,95.6500015258789,97.3499984741211,94.94999694824219,96.6500015258789,16401480
2025-07-10,92.43608093261719,96.05000305175781,97.5,95.1500015258789,95.4000015258789,12744380
2025-07-11,93.20597839355469,96.8499984741211,98.0,96.05000305175781,97.4000015258789,15072060
2025-07-14,92.29171752929688,95.9000015258789,98.30000305175781,95.5,97.05000305175781,13871540
2025-07-15,92.05113220214844,95.6500015258789,95.69999694824219,93.55000305175781,93.9000015258789,17153880
2025-07-16,91.76241302490234,95.3499984741211,98.3499984741211,95.0999984741211,95.44999694824219,22175600
2025-07-17,89.5970687866211,93.0999984741211,95.5,92.9000015258789,95.0999984741211,16407060
2025-07-18,89.98201751708984,93.5,94.1500015258789,92.5,92.5999984741211,16246760
2025-07-21,88.63469696044922,92.0999984741211,93.1500015258789,91.19999694824219,93.1500015258789,15911720
2025-07-22,90.03014373779297,93.55000305175781,94.9000015258789,92.0999984741211,92.1500015258789,18302120
2025-07-23,88.87528991699219,92.3499984741211,94.5,92.3499984741211,93.0999984741211,17298860
2025-07-24,88.29786682128906,91.75,92.69999694824219,91.19999694824219,91.80000305175781,15184840
2025-07-25,87.81668090820312,91.25,92.30000305175781,90.6500015258789,92.0,13551100
2025-07-28,86.99866485595703,90.4000015258789,91.0999984741211,90.0,90.6500015258789,12938160
2025-07-29,87.43173217773438,90.8499984741211,91.30000305175781,88.5999984741211,89.25,18188820
2025-07-30,87.09490203857422,90.5,92.05000305175781,89.3499984741211,90.5,20937520
2025-07-31,88.63469696044922,92.0999984741211,92.5999984741211,87.44999694824219,87.5,25819980
2025-08-01,93.92776489257812,97.5999984741211,98.8499984741211,95.0999984741211,95.19999694824219,36714800
2025-08-04,88.77906036376953,92.25,95.05000305175781,92.1500015258789,94.94999694824219,23359080
2025-08-05,90.65567779541016,94.19999694824219,94.5,91.0999984741211,91.69999694824219,22758980
2025-08-06,87.2392578125,90.6500015258789,94.0999984741211,90.44999694824219,93.80000305175781,23645200
2025-08-07,86.37312316894531,89.75,91.80000305175781,87.8499984741211,88.69999694824219,24443500
2025-08-08,84.11154174804688,87.4000015258789,89.5,87.30000305175781,89.4000015258789,20717020
2025-08-11,84.97767639160156,88.30000305175781,88.8499984741211,86.44999694824219,87.4000015258789,16418600
2025-08-12,81.70560455322266,84.9000015258789,88.44999694824219,84.80000305175781,87.19999694824219,22596520
2025-08-13,81.60936737060547,84.80000305175781,85.44999694824219,83.55000305175781,83.80000305175781,18463340
2025-08-14,81.84996032714844,85.05000305175781,85.94999694824219,84.19999694824219,85.75,23794240
2025-08-15,83.10104370117188,86.3499984741211,87.0999984741211,85.25,85.25,21603460
2025-08-18,83.19727325439453,86.44999694824219,87.30000305175781,86.1500015258789,86.80000305175781,15083120
2025-08-19,86.61370849609375,90.0,90.5,86.69999694824219,86.80000305175781,23100220
2025-08-20,88.2016372680664,91.6500015258789,95.0,90.44999694824219,90.55000305175781,31209940
2025-08-21,89.45271301269531,92.94999694824219,94.0999984741211,91.4000015258789,92.5,21477000
2025-08-22,85.41075134277344,88.75,93.0999984741211,87.80000305175781,92.4000015258789,27113640
2025-08-25,86.228759765625,89.5999984741211,90.1500015258789,88.19999694824219,89.55000305175781,13476780
2025-08-26,85.17015075683594,88.5,90.4000015258789,88.4000015258789,89.9000015258789,12747240
2025-08-27,84.83332061767578,88.1500015258789,89.6500015258789,87.80000305175781,89.05000305175781,13012560
2025-08-28,83.29351806640625,86.55000305175781,88.75,86.1500015258789,87.94999694824219,16521680
2025-08-29,86.37312316894531,89.75,90.5999984741211,87.69999694824219,87.8499984741211,19268640
2025-09-02,88.53845977783203,92.0,94.94999694824219,91.9000015258789,94.05000305175781,23109080
2025-09-03,86.56559753417969,89.94999694824219,91.55000305175781,89.0999984741211,90.3499984741211,20334840
2025-09-04,84.15965270996094,87.44999694824219,90.44999694824219,87.3499984741211,89.6500015258789,16979720
2025-09-05,83.96717834472656,87.25,89.3499984741211,84.94999694824219,85.25,25967920
2025-09-08,82.76421356201172,86.0,86.55000305175781,85.0999984741211,86.25,15905560
2025-09-09,82.0905532836914,85.30000305175781,86.9000015258789,85.1500015258789,85.75,15150780
2025-09-10,82.04242706298828,85.25,86.25,83.9000015258789,83.94999694824219,19231860
2025-09-11,80.6469955444336,83.80000305175781,84.94999694824219,83.5,84.19999694824219,18179020
2025-09-12,79.68462371826172,82.80000305175781,83.94999694824219,82.30000305175781,83.5999984741211,15036720
2025-09-15,77.66362762451172,80.69999694824219,82.1500015258789,80.69999694824219,82.1500015258789,17396780
2025-09-16,77.90422058105469,80.94999694824219,81.30000305175781,80.30000305175781,80.4000015258789,13062160
2025-09-17,78.43353271484375,81.5,83.80000305175781,80.80000305175781,81.05000305175781,31903840
2025-09-18,76.3163070678711,79.30000305175781,80.3499984741211,78.1500015258789,79.5,25518220
2025-09-19,74.82462310791016,77.75,79.19999694824219,77.5,78.6500015258789,20087740
2025-09-22,73.57353210449219,76.44999694824219,78.19999694824219,76.19999694824219,78.19999694824219,17420300
2025-09-23,75.06521606445312,78.0,78.5,76.3499984741211,76.44999694824219,20372040
2025-09-24,75.91084289550781,77.6500015258789,78.75,76.19999694824219,76.3499984741211,20499600
2025-09-25,76.93732452392578,78.69999694824219,80.6500015258789,78.05000305175781,79.19999694824219,32496180
2025-09-26,76.00860595703125,77.75,79.80000305175781,77.69999694824219,78.5,20720120
2025-09-29,74.98211669921875,76.69999694824219,77.30000305175781,75.5,76.5999984741211,20127720
2025-09-30,74.44444274902344,76.1500015258789,77.80000305175781,76.05000305175781,76.94999694824219,21445240
2025-10-01,73.36907958984375,75.05000305175781,77.75,74.9000015258789,77.4000015258789,22497580
2025-10-02,72.5381088256836,74.19999694824219,75.25,73.69999694824219,73.75,20235900
2025-10-03,73.5645980834961,75.25,75.94999694824219,73.69999694824219,74.0,24836420
2025-10-06,71.90267181396484,73.55000305175781,74.25,72.94999694824219,73.3499984741211,20712160
2025-10-07,73.07579803466797,74.75,75.30000305175781,72.9000015258789,73.1500015258789,22724580
2025-10-08,70.58290100097656,72.19999694824219,74.55000305175781,72.0999984741211,74.44999694824219,21926420
2025-10-09,70.87619018554688,72.5,73.6500015258789,72.19999694824219,72.25,22504300
2025-10-10,78.35485076904297,80.1500015258789,80.3499984741211,71.75,72.4000015258789,58967620
2025-10-13,73.41795349121094,75.0999984741211,77.05000305175781,74.69999694824219,76.0,31876580
2025-10-14,74.83547973632812,76.55000305175781,79.55000305175781,74.8499984741211,77.5999984741211,38124800
2025-10-15,73.36907958984375,75.05000305175781,77.44999694824219,73.30000305175781,74.3499984741211,31972740
2025-10-16,74.15115356445312,75.8499984741211,77.55000305175781,72.75,74.0,36159020
2025-10-17,72.78250885009766,74.44999694824219,77.3499984741211,73.8499984741211,76.75,40094360
2025-10-20,70.04522705078125,71.6500015258789,73.3499984741211,71.25,73.3499984741211,20891760
2025-10-21,70.14299011230469,71.75,72.5,71.30000305175781,71.69999694824219,17699380
2025-10-22,72.29370880126953,73.94999694824219,75.9000015258789,71.80000305175781,72.0,34936080
2025-10-23,70.38739013671875,72.0,74.25,71.75,74.0999984741211,23555280
2025-10-24,68.23666381835938,69.80000305175781,70.55000305175781,69.3499984741211,70.25,27381080
2025-10-27,64.6195297241211,66.0999984741211,67.5,65.94999694824219,67.3499984741211,22024480
2025-10-28,63.15312576293945,64.5999984741211,65.80000305175781,64.05000305175781,65.44999694824219,23469180
2025-10-29,62.37104415893555,63.79999923706055,65.5,63.400001525878906,63.849998474121094,29582280
2025-10-30,65.25497436523438,66.75,66.75,64.5,64.9000015258789,35392720
2025-10-31,64.32625579833984,65.80000305175781,66.6500015258789,64.25,64.25,33844980
2025-11-03,63.49528503417969,64.94999694824219,65.6500015258789,63.75,64.0,23038440
2025-11-04,67.40569305419922,68.94999694824219,69.1500015258789,66.55000305175781,67.69999694824219,36453300
2025-11-05,66.03705596923828,67.55000305175781,69.6500015258789,66.5,69.19999694824219,27921060
2025-11-06,69.80082702636719,71.4000015258789,71.8499984741211,68.05000305175781,68.0999984741211,40973920
2025-11-07,70.53402709960938,72.1500015258789,76.05000305175781,72.0999984741211,72.69999694824219,45688640
2025-11-10,65.89041900634766,67.4000015258789,69.69999694824219,67.05000305175781,69.0,29860960
2025-11-11,66.42809295654297,67.94999694824219,69.30000305175781,67.5999984741211,68.30000305175781,23134440
2025-11-12,66.62361907958984,68.1500015258789,69.25,66.9000015258789,66.94999694824219,25965800
2025-11-13,70.77842712402344,72.4000015258789,73.0999984741211,69.1500015258789,69.3499984741211,34726220
2025-11-14,70.63179016113281,72.25,76.44999694824219,70.6500015258789,75.6500015258789,44800880
2025-11-17,72.5381088256836,74.19999694824219,75.5,71.0,73.25,39675820
2025-11-18,75.17764282226562,76.9000015258789,78.75,74.69999694824219,75.75,56840520
2025-11-19,73.90675354003906,75.5999984741211,77.5999984741211,73.0999984741211,76.6500015258789,39235980
2025-11-20,79.10759735107422,80.91999816894531,81.26000213623047,70.23999786376953,71.1500015258789,58191700
2025-11-21,77.43589782714844,79.20999908447266,83.0999984741211,76.37000274658203,80.29000091552734,97300400
2025-11-24,71.52140808105469,73.16000366210938,77.19999694824219,72.55999755859375,77.16000366210938,56920200
2025-11-25,70.23096466064453,71.83999633789062,76.0199966430664,71.33999633789062,73.79000091552734,56664100
2025-11-26,68.4028549194336,69.97000122070312,71.36000061035156,69.30999755859375,70.62000274658203,41525600
2025-11-28,66.87779998779297,68.41000366210938,69.69000244140625,68.37000274658203,69.44000244140625,14389800
2025-12-01,67.55233764648438,69.0999984741211,70.63999938964844,68.33999633789062,70.26000213623047,35882800
2025-12-02,65.98817443847656,67.5,68.98999786376953,66.91000366210938,68.3499984741211,37882000
2025-12-03,65.52870178222656,67.02999877929688,68.81999969482422,66.80999755859375,68.30000305175781,37473500
2025-12-04,65.75355529785156,67.26000213623047,68.3499984741211,66.61000061035156,66.62999725341797,33360100
2025-12-05,65.00079345703125,66.48999786376953,67.08000183105469,65.38999938964844,66.87000274658203,38973900
2025-12-08,65.43093872070312,66.93000030517578,67.75,65.47000122070312,66.0,33707700
2025-12-09,65.19631958007812,66.69000244140625,67.80999755859375,66.43000030517578,67.37000274658203,28086600
2025-12-10,64.44356536865234,65.91999816894531,68.0199966430664,65.4000015258789,67.12000274658203,58536100
2025-12-11,65.0790023803711,66.56999969482422,69.05000305175781,66.51000213623047,67.13999938964844,45512400
2025-12-12,68.92098236083984,70.5,71.20999908447266,67.30999755859375,67.79000091552734,55697900
2025-12-15,69.98656463623047,71.58999633789062,72.0,68.87999725341797,68.87999725341797,43859900
2025-12-16,69.57597351074219,71.16999816894531,72.87000274658203,70.55000305175781,72.41000366210938,48792800
2025-12-17,73.45706176757812,75.13999938964844,75.19000244140625,70.52999877929688,70.73999786376953,51019500
2025-12-18,70.30917358398438,71.91999816894531,72.7300033569336,70.4800033569336,71.68000030517578,59184500
2025-12-19,67.57189178466797,69.12000274658203,71.01000213623047,68.9800033569336,70.98999786376953,32157600
2025-12-22,66.6822738647461,68.20999908447266,68.69000244140625,67.37999725341797,67.48999786376953,25375600
2025-12-23,65.73399353027344,67.23999786376953,68.69999694824219,67.18000030517578,68.56999969482422,18866500
2025-12-24,65.22000122070312,65.22000122070312,65.94999694824219,65.12999725341797,65.86000061035156,10762000
2025-12-26,65.33000183105469,65.33000183105469,65.56999969482422,64.80999755859375,65.0999984741211,11011700
2025-12-29,66.30000305175781,66.30000305175781,66.97000122070312,65.69999694824219,66.54000091552734,19643900
2025-12-30,66.77999877929688,66.77999877929688,66.86000061035156,65.91000366210938,66.6500015258789,16168500
2025-12-31,68.5,68.5,68.58000183105469,66.66999816894531,66.77999877929688,19400200
2026-01-02,68.97000122070312,68.97000122070312,69.9800033569336,65.7300033569336,66.6500015258789,37902400
2026-01-05,67.36000061035156,67.36000061035156,67.77999877929688,66.4000015258789,66.93000030517578,32142800
2026-01-06,65.61000061035156,65.61000061035156,67.20999908447266,65.41000366210938,67.0,35013700
2026-01-07,65.41999816894531,65.41999816894531,65.91000366210938,64.20999908447266,65.76000213623047,35817500
2026-01-08,66.58999633789062,66.58999633789062,67.41999816894531,65.66000366210938,65.77999877929688,35295900
2026-01-09,64.66999816894531,64.66999816894531,67.12000274658203,64.2699966430664,66.37999725341797,42801200
2026-01-12,64.51000213623047,64.51000213623047,66.04000091552734,64.02999877929688,66.02999877929688,31377100
2026-01-13,64.8499984741211,64.8499984741211,65.62000274658203,63.849998474121094,64.54000091552734,40141900
2026-01-14,66.94000244140625,66.94000244140625,68.5,65.73999786376953,66.0999984741211,50152000
2026-01-15,66.26000213623047,66.26000213623047,66.55999755859375,64.4800033569336,64.69999694824219,41135500
2026-01-16,66.58000183105469,66.58000183105469,67.27999877929688,64.98999786376953,65.16000366210938,34516400
2026-01-20,70.7699966430664,70.7699966430664,71.0999984741211,68.54000091552734,69.9800033569336,48533000
2026-01-21,67.97000122070312,67.97000122070312,70.87000274658203,66.48999786376953,70.30999755859375,65272600
2026-01-22,66.47000122070312,66.47000122070312,67.45999908447266,65.93000030517578,65.95999908447266,42429200
2026-01-23,65.91000366210938,65.91000366210938,67.2300033569336,65.05999755859375,66.87999725341797,40892600
2026-01-26,65.06999969482422,65.06999969482422,66.1500015258789,64.41000366210938,65.81999969482422,33951800
2026-01-27,63.33000183105469,63.33000183105469,64.5199966430664,63.04999923706055,64.04000091552734,31578500
2026-01-28,62.790000915527344,62.790000915527344,63.15999984741211,61.720001220703125,62.060001373291016,45293900
2026-01-29,63.880001068115234,63.880001068115234,67.19999694824219,62.619998931884766,62.90999984741211,77620900
2026-01-30,66.26000213623047,66.26000213623047,67.05000305175781,64.31999969482422,65.11000061035156,81551000
2026-02-02,64.91000366210938,64.91000366210938,67.30000305175781,64.16000366210938,67.29000091552734,46862600
2026-02-03,67.95999908447266,67.95999908447266,69.66000366210938,64.13999938964844,64.29000091552734,56719700
2026-02-04,71.48999786376953,71.48999786376953,73.26000213623047,68.44000244140625,68.45999908447266,81393000
2026-02-05,74.58000183105469,74.58000183105469,75.41999816894531,71.87000274658203,73.5199966430664,79551300
2026-02-06,69.98999786376953,69.98999786376953,74.06999969482422,69.3499984741211,73.54000091552734,62250300
